item,idx,correct,outcome,fold,group,score
01111831-9107-43c4-bf0e-6b26e9b32a2b_1351-09,3,0,0,2,01111831-9107-43c4-bf0e-6b26e9b32a2b,1.1095592055556371
01ccf6b0-5e95-4b18-acd4-a8cc1fd31ddf_248-81,0,1,1,2,01ccf6b0-5e95-4b18-acd4-a8cc1fd31ddf,1.2368387693264704
01ccf6b0-5e95-4b18-acd4-a8cc1fd31ddf_849-71,1,0,0,2,01ccf6b0-5e95-4b18-acd4-a8cc1fd31ddf,1.5142481037973072
01d301c9-9dbf-4da2-9181-d66a6688f5e6_817-64,0,0,0,2,01d301c9-9dbf-4da2-9181-d66a6688f5e6,0.848130656210681
01db7c39-a512-4bac-b284-dff8c7360e80_385-35,0,1,1,3,01db7c39-a512-4bac-b284-dff8c7360e80,0.5088888920855532
01ef2c24-ab95-46c0-a76a-7ec2f66aa5df_978-48,2,0,0,0,01ef2c24-ab95-46c0-a76a-7ec2f66aa5df,-0.6529802937287704
01f9f9d6-2871-4913-99ea-8ffb7780fc8d_1491-41,1,1,1,4,01f9f9d6-2871-4913-99ea-8ffb7780fc8d,0.614272704546754
0235dafb-ec68-4177-8aff-e36d6c63742d_15-76,1,0,0,2,0235dafb-ec68-4177-8aff-e36d6c63742d,0.8056952138658084
02ca6897-bf08-4cfb-bbc7-7810dbf5cca2_2974-75,2,1,1,4,02ca6897-bf08-4cfb-bbc7-7810dbf5cca2,1.4303657500910036
031314bd-fa48-42ef-8341-bc5ca17f6a4a_1127-31,2,0,0,1,031314bd-fa48-42ef-8341-bc5ca17f6a4a,2.399676602688597
033520cd-e7e4-4649-b551-83bb451a4802_382-12,1,1,1,0,033520cd-e7e4-4649-b551-83bb451a4802,1.414268525321524
03ca4970-374e-4901-9895-81f262c0da5c_817-27,0,0,0,3,03ca4970-374e-4901-9895-81f262c0da5c,-0.034699506233460076
03d6e9bf-389a-4828-bf82-0ef6decf7671_900-77,3,1,1,2,03d6e9bf-389a-4828-bf82-0ef6decf7671,0.7511759796222248
03f5b0be-94ac-4d22-9c30-7bf0456ccf0e_1279-00,3,1,1,4,03f5b0be-94ac-4d22-9c30-7bf0456ccf0e,1.0071970726953312
03fb98b9-e732-4265-a2a3-9809183acaa7_1123-20,0,1,1,3,03fb98b9-e732-4265-a2a3-9809183acaa7,0.9953645922087231
044a7a23-9305-4971-82ac-aa1a3dc154be_214-77,0,0,0,1,044a7a23-9305-4971-82ac-aa1a3dc154be,0.10956866654282615
046855d7-41d7-4f41-a6a7-fce921ea8133_335-77,0,0,0,0,046855d7-41d7-4f41-a6a7-fce921ea8133,0.5546582348454345
0475a0b9-9445-4083-8c6a-42f0171ff3e4_1943-55,2,0,0,4,0475a0b9-9445-4083-8c6a-42f0171ff3e4,-0.30433917781402875
048d34c9-bf3f-4dd9-9da2-5f7da60ac2c8_955-97,3,0,0,1,048d34c9-bf3f-4dd9-9da2-5f7da60ac2c8,0.8272923737313704
04b2f7a8-1d95-43c2-8b3b-8053b22dda52_810-37,1,0,0,4,04b2f7a8-1d95-43c2-8b3b-8053b22dda52,0.04534671768306131
053ae0a6-937d-4bdc-8001-d3dfe7899811_1085-52,2,1,1,1,053ae0a6-937d-4bdc-8001-d3dfe7899811,1.1240892857932894
0548b16c-cc3f-475d-82a4-9a73109d4327_1779-11,0,1,1,4,0548b16c-cc3f-475d-82a4-9a73109d4327,0.9348517389827351
05d5d7cf-9fb9-4390-bcd3-dd626b948771_1543-50,1,0,0,2,05d5d7cf-9fb9-4390-bcd3-dd626b948771,0.6923455582394864
0619c3d0-aebe-4414-b977-f2027271b267_279-15,1,1,1,0,0619c3d0-aebe-4414-b977-f2027271b267,1.5683425683794043
0619c3d0-aebe-4414-b977-f2027271b267_566-56,1,0,0,0,0619c3d0-aebe-4414-b977-f2027271b267,0.5589406679628515
0655e194-9ddc-41c4-9708-7e6c7a256fa0_300-01,2,0,0,2,0655e194-9ddc-41c4-9708-7e6c7a256fa0,-0.614714868611908
0696265e-aba2-401b-9316-c380c30c901e_540-96,1,1,1,2,0696265e-aba2-401b-9316-c380c30c901e,0.2563126124049053
0696265e-aba2-401b-9316-c380c30c901e_878-07,2,1,1,2,0696265e-aba2-401b-9316-c380c30c901e,0.9619144552006762
069c1058-881d-49da-b45d-b9f7e08fe932_1164-27,3,1,1,1,069c1058-881d-49da-b45d-b9f7e08fe932,0.9309050618027481
069c1058-881d-49da-b45d-b9f7e08fe932_2408-86,0,1,1,1,069c1058-881d-49da-b45d-b9f7e08fe932,-0.003830111144371484
069c1058-881d-49da-b45d-b9f7e08fe932_475-96,1,1,1,1,069c1058-881d-49da-b45d-b9f7e08fe932,0.7042204746895651
06cf946b-4713-4ca2-addf-55ce95a26d98_1071-13,0,0,0,3,06cf946b-4713-4ca2-addf-55ce95a26d98,1.2007190185794607
06ee22fd-ecfc-4e34-9ed2-a330548abf71_519-15,0,0,0,3,06ee22fd-ecfc-4e34-9ed2-a330548abf71,1.3269140229184508
070776bf-f15a-4b6e-a906-d1ef9e132592_598-54,1,1,1,2,070776bf-f15a-4b6e-a906-d1ef9e132592,0.9041314608635409
072623e8-1889-4580-8175-ddc05a3dceb3_11-40,0,0,0,4,072623e8-1889-4580-8175-ddc05a3dceb3,0.01890527112501794
072623e8-1889-4580-8175-ddc05a3dceb3_89-78,1,0,0,4,072623e8-1889-4580-8175-ddc05a3dceb3,1.2538802556974424
07536df6-9813-42d9-93df-35835407d8ee_170-76,3,0,0,4,07536df6-9813-42d9-93df-35835407d8ee,0.7346410030296773
078634f1-0e81-455d-b771-3d35b65a2645_411-53,0,0,0,0,078634f1-0e81-455d-b771-3d35b65a2645,1.082808454279986
07ad0112-22da-4f0e-be4f-2debe7fec15c_608-22,2,1,1,2,07ad0112-22da-4f0e-be4f-2debe7fec15c,1.0350884415791881
083b7556-9dff-40e2-9fad-bef3f82dbf37_1003-31,2,1,1,2,083b7556-9dff-40e2-9fad-bef3f82dbf37,0.21807628322802253
083b7556-9dff-40e2-9fad-bef3f82dbf37_34-58,0,1,1,2,083b7556-9dff-40e2-9fad-bef3f82dbf37,0.6727338887993735
083b7556-9dff-40e2-9fad-bef3f82dbf37_51-98,3,0,0,2,083b7556-9dff-40e2-9fad-bef3f82dbf37,0.19390472375050538
083b7556-9dff-40e2-9fad-bef3f82dbf37_635-98,2,0,0,2,083b7556-9dff-40e2-9fad-bef3f82dbf37,0.1279494225990565
087e11d0-5984-4365-989d-7365294ddaec_1764-07,2,1,1,2,087e11d0-5984-4365-989d-7365294ddaec,0.5555106675415127
087e11d0-5984-4365-989d-7365294ddaec_3198-91,2,1,1,2,087e11d0-5984-4365-989d-7365294ddaec,0.9171570812540402
087e11d0-5984-4365-989d-7365294ddaec_5378-93,0,1,1,2,087e11d0-5984-4365-989d-7365294ddaec,1.1051048465986548
087e11d0-5984-4365-989d-7365294ddaec_7175-71,3,0,0,2,087e11d0-5984-4365-989d-7365294ddaec,1.067894091431641
087e11d0-5984-4365-989d-7365294ddaec_7351-39,1,0,0,2,087e11d0-5984-4365-989d-7365294ddaec,0.5984282305295576
088add57-cf62-4ddd-9908-7eb738b0ec22_2767-48,3,1,1,3,088add57-cf62-4ddd-9908-7eb738b0ec22,0.5428008569070253
08e65366-36a3-4146-bec6-043286cedf16_741-63,1,1,1,4,08e65366-36a3-4146-bec6-043286cedf16,0.5886766971168025
09690df3-0715-4875-8745-7e8830c761d0_2258-64,0,1,1,2,09690df3-0715-4875-8745-7e8830c761d0,1.2511998578161412
09690df3-0715-4875-8745-7e8830c761d0_341-62,3,1,1,2,09690df3-0715-4875-8745-7e8830c761d0,-0.386520457725986
09aa2849-b299-4e30-ab69-1213c6f96581_1101-28,3,0,0,0,09aa2849-b299-4e30-ab69-1213c6f96581,1.0286868128735063
09fe2f2d-7d90-4d7d-9dcd-baec4704f4cc_4409-86,1,1,1,1,09fe2f2d-7d90-4d7d-9dcd-baec4704f4cc,-0.1875407364921058
0a02a1ed-a327-4753-b270-e95298984b96_534-33,0,1,1,4,0a02a1ed-a327-4753-b270-e95298984b96,1.2379353370602733
0a4c05df-f522-4a33-862f-0d89824e7300_1283-75,3,1,1,2,0a4c05df-f522-4a33-862f-0d89824e7300,0.7611389946471323
0b38da1c-2b62-4c05-a68e-e8f2aafa47a8_1227-10,1,1,1,3,0b38da1c-2b62-4c05-a68e-e8f2aafa47a8,0.062333351665982084
0b530687-26d8-4c9d-9771-c758ecd2ecbf_14330-76,1,0,0,2,0b530687-26d8-4c9d-9771-c758ecd2ecbf,-0.5350855146404807
0b530687-26d8-4c9d-9771-c758ecd2ecbf_14604-13,3,0,0,2,0b530687-26d8-4c9d-9771-c758ecd2ecbf,-0.23000062072275118
0b530687-26d8-4c9d-9771-c758ecd2ecbf_16957-98,0,1,1,2,0b530687-26d8-4c9d-9771-c758ecd2ecbf,1.6460519766352932
0b530687-26d8-4c9d-9771-c758ecd2ecbf_3386-79,0,1,1,2,0b530687-26d8-4c9d-9771-c758ecd2ecbf,-0.22230869957579724
0ca15932-2ede-4802-8f8d-68555c68c0b8_525-50,3,1,1,0,0ca15932-2ede-4802-8f8d-68555c68c0b8,1.4920037923534877
0cd16e31-6045-45ea-b0d7-105116f9e6d1_1433-59,0,0,0,0,0cd16e31-6045-45ea-b0d7-105116f9e6d1,1.2065279389337191
0cd16e31-6045-45ea-b0d7-105116f9e6d1_646-65,0,0,0,0,0cd16e31-6045-45ea-b0d7-105116f9e6d1,1.9725282076331099
0d08f503-89df-4dd8-a238-4e1749d2fe22_5-63,1,0,0,4,0d08f503-89df-4dd8-a238-4e1749d2fe22,1.7047562444218252
0d572bb4-543a-4fa2-afce-876f854a559a_484-84,0,0,0,0,0d572bb4-543a-4fa2-afce-876f854a559a,0.9839925632685258
0d5f2917-e0bd-47cb-b887-1c14c69568f9_848-84,0,0,0,3,0d5f2917-e0bd-47cb-b887-1c14c69568f9,0.5978547527492071
0d6a065b-3fcd-4537-8148-bc55d2ee3055_19-05,3,1,1,4,0d6a065b-3fcd-4537-8148-bc55d2ee3055,0.5117000556515527
0dca9b08-f9c6-446f-8754-3c1312fa3274_101-78,3,1,1,3,0dca9b08-f9c6-446f-8754-3c1312fa3274,2.286238167161768
0e12d060-f93d-418a-a377-7f2467be9fed_363-39,3,1,1,4,0e12d060-f93d-418a-a377-7f2467be9fed,0.582029287015486
0ece1a2a-2da0-4b28-ac8c-bf9f04c0d17c_2285-27,0,0,0,4,0ece1a2a-2da0-4b28-ac8c-bf9f04c0d17c,-0.4405187040172953
0ece1a2a-2da0-4b28-ac8c-bf9f04c0d17c_335-84,2,1,1,4,0ece1a2a-2da0-4b28-ac8c-bf9f04c0d17c,-0.1754685162386762
0ece1a2a-2da0-4b28-ac8c-bf9f04c0d17c_713-12,1,0,0,4,0ece1a2a-2da0-4b28-ac8c-bf9f04c0d17c,0.36399835674621106
0f038f2a-7b3d-40ec-a22a-9f764bfbde74_4-93,1,0,0,4,0f038f2a-7b3d-40ec-a22a-9f764bfbde74,0.593942251510934
0f1024e6-ff80-46e2-aea8-3878f11bc1d7_201-92,2,1,1,3,0f1024e6-ff80-46e2-aea8-3878f11bc1d7,0.6071934677446167
0f3fa455-3622-4fb4-a3be-0c1a7fd697a7_1157-44,2,1,1,2,0f3fa455-3622-4fb4-a3be-0c1a7fd697a7,1.831434394281185
0f574f9b-00bc-479d-894b-9e7c999fe13a_302-98,0,0,0,1,0f574f9b-00bc-479d-894b-9e7c999fe13a,1.2540833270523455
0f574f9b-00bc-479d-894b-9e7c999fe13a_303-78,0,0,0,1,0f574f9b-00bc-479d-894b-9e7c999fe13a,2.2456357041047648
0f82d425-f8be-4e69-8c59-0a1a2e980b20_1108-13,1,1,1,4,0f82d425-f8be-4e69-8c59-0a1a2e980b20,2.0194583693930155
0f82d425-f8be-4e69-8c59-0a1a2e980b20_295-56,2,1,1,4,0f82d425-f8be-4e69-8c59-0a1a2e980b20,0.2436137971424437
0f82d425-f8be-4e69-8c59-0a1a2e980b20_518-50,1,0,0,4,0f82d425-f8be-4e69-8c59-0a1a2e980b20,0.7803919476999841
0f82d425-f8be-4e69-8c59-0a1a2e980b20_554-09,3,1,1,4,0f82d425-f8be-4e69-8c59-0a1a2e980b20,1.5637485925727894
10019839-9ded-439f-a573-5ccacd7d829d_650-42,3,1,1,0,10019839-9ded-439f-a573-5ccacd7d829d,0.0029835727960534353
102dc7b7-a8fb-419e-9a18-b679e7157d99_517-02,1,0,0,0,102dc7b7-a8fb-419e-9a18-b679e7157d99,0.49080490169077384
102dc7b7-a8fb-419e-9a18-b679e7157d99_754-92,0,0,0,0,102dc7b7-a8fb-419e-9a18-b679e7157d99,1.5695429609057672
1042ea39-9256-4593-a4c6-a0d0393da739_524-37,3,1,1,0,1042ea39-9256-4593-a4c6-a0d0393da739,0.5734473325658662
10a848ed-f258-4930-abdd-1fd60b788abc_125-95,3,0,0,2,10a848ed-f258-4930-abdd-1fd60b788abc,0.7157989403893097
10a848ed-f258-4930-abdd-1fd60b788abc_294-40,3,1,1,2,10a848ed-f258-4930-abdd-1fd60b788abc,1.2362187280309629
10a848ed-f258-4930-abdd-1fd60b788abc_345-05,3,0,0,2,10a848ed-f258-4930-abdd-1fd60b788abc,1.9162650830410255
10a848ed-f258-4930-abdd-1fd60b788abc_475-65,2,1,1,2,10a848ed-f258-4930-abdd-1fd60b788abc,1.6093797545057533
10a848ed-f258-4930-abdd-1fd60b788abc_489-09,1,1,1,2,10a848ed-f258-4930-abdd-1fd60b788abc,1.538986412179815
10a848ed-f258-4930-abdd-1fd60b788abc_549-51,3,1,1,2,10a848ed-f258-4930-abdd-1fd60b788abc,0.6622437038007127
10a848ed-f258-4930-abdd-1fd60b788abc_75-21,1,0,0,2,10a848ed-f258-4930-abdd-1fd60b788abc,-0.09861891633815789
10a848ed-f258-4930-abdd-1fd60b788abc_788-28,2,0,0,2,10a848ed-f258-4930-abdd-1fd60b788abc,0.2697593116268584
10c73f89-cc7d-4d43-b1df-b56703de1b24_711-97,3,1,1,4,10c73f89-cc7d-4d43-b1df-b56703de1b24,1.7367936178176158
110352df-c7a3-4fec-a707-42936d101c28_3-37,2,0,0,3,110352df-c7a3-4fec-a707-42936d101c28,1.0353817108477827
1106ee5c-8829-460f-8454-c4a8348f5400_10077-91,1,0,0,0,1106ee5c-8829-460f-8454-c4a8348f5400,1.1416897133940287
1106ee5c-8829-460f-8454-c4a8348f5400_1134-19,0,1,1,0,1106ee5c-8829-460f-8454-c4a8348f5400,0.245630955774349
110f9870-6b6c-4a20-a3c8-8c2e29c53bb7_1386-55,2,1,1,2,110f9870-6b6c-4a20-a3c8-8c2e29c53bb7,-0.5526023081058984
110f9870-6b6c-4a20-a3c8-8c2e29c53bb7_1388-88,0,1,1,2,110f9870-6b6c-4a20-a3c8-8c2e29c53bb7,-0.13388555204118235
11586867-f4d9-4341-9532-4de21a47585d_394-60,2,1,1,1,11586867-f4d9-4341-9532-4de21a47585d,0.07187621101757213
11663dd8-aa9d-429d-80e2-2807b341350e_224-01,0,0,0,2,11663dd8-aa9d-429d-80e2-2807b341350e,0.712361063241097
11e56f1e-baef-4fe8-ad0f-a7ec8788ea3a_836-51,2,0,0,4,11e56f1e-baef-4fe8-ad0f-a7ec8788ea3a,1.6553038940960323
11f247e0-179a-4b9d-8244-16fb918010a1_1002-90,0,1,1,3,11f247e0-179a-4b9d-8244-16fb918010a1,-0.32392882071904316
11f247e0-179a-4b9d-8244-16fb918010a1_1085-16,2,1,1,3,11f247e0-179a-4b9d-8244-16fb918010a1,0.8583910569993682
11f247e0-179a-4b9d-8244-16fb918010a1_1106-33,0,1,1,3,11f247e0-179a-4b9d-8244-16fb918010a1,1.1002078796638923
11f247e0-179a-4b9d-8244-16fb918010a1_1376-89,2,0,0,3,11f247e0-179a-4b9d-8244-16fb918010a1,-0.2739232046293907
11fb6f55-4bf0-4992-ad15-d30a51447ab3_745-24,0,0,0,1,11fb6f55-4bf0-4992-ad15-d30a51447ab3,0.8828513820499537
1246d6ec-5620-4f71-8b4b-d823775f58c2_29-81,0,1,1,2,1246d6ec-5620-4f71-8b4b-d823775f58c2,1.7480969733981804
1270f0e2-1bc0-4225-bf6e-3dd68c594c8b_1984-62,2,0,0,4,1270f0e2-1bc0-4225-bf6e-3dd68c594c8b,0.5659706801759301
1309c412-1d3b-449a-95d7-853616686f89_980-21,2,0,0,1,1309c412-1d3b-449a-95d7-853616686f89,1.655216998887105
1330508f-8168-4408-a4df-79f69fb87c83_1053-45,0,0,0,0,1330508f-8168-4408-a4df-79f69fb87c83,1.5154637659028412
13488a91-cef6-46f4-8007-9453d5d49925_44-43,1,0,0,1,13488a91-cef6-46f4-8007-9453d5d49925,0.662361347092091
134a4c63-583a-4e64-8cf9-002b6d26cdf1_375-78,1,0,0,2,134a4c63-583a-4e64-8cf9-002b6d26cdf1,0.36374274539127205
134a4c63-583a-4e64-8cf9-002b6d26cdf1_464-01,1,1,1,2,134a4c63-583a-4e64-8cf9-002b6d26cdf1,1.2049795231312979
134d9865-d9ee-47e5-a121-589a26c6b3ba_1573-53,1,1,1,3,134d9865-d9ee-47e5-a121-589a26c6b3ba,1.3002634294333626
134d9865-d9ee-47e5-a121-589a26c6b3ba_1586-50,2,0,0,3,134d9865-d9ee-47e5-a121-589a26c6b3ba,2.251724277933607
13a15553-2fdb-4d04-a7b4-2efc33538525_875-77,1,1,1,1,13a15553-2fdb-4d04-a7b4-2efc33538525,0.16186826316206893
13bbcf71-cc9d-40f9-b072-77841ea8b7a2_38-55,0,1,1,3,13bbcf71-cc9d-40f9-b072-77841ea8b7a2,1.1586909298194727
13d7173f-e8d1-4124-a66b-2ae648da9dbd_510-46,2,0,0,4,13d7173f-e8d1-4124-a66b-2ae648da9dbd,0.5360444513205946
146a4b4b-96a5-4d8f-a5b1-78dbb6ee5edf_4571-18,2,1,1,4,146a4b4b-96a5-4d8f-a5b1-78dbb6ee5edf,0.9885901454824033
146a4b4b-96a5-4d8f-a5b1-78dbb6ee5edf_9999-80,1,0,0,4,146a4b4b-96a5-4d8f-a5b1-78dbb6ee5edf,1.3649304602603012
14a3d52a-e66c-4a4c-8f71-d86f7199993c_10-64,0,1,1,0,14a3d52a-e66c-4a4c-8f71-d86f7199993c,2.998365767298233
14c123f4-06ab-4b51-aa26-95b0e3adf6eb_61-25,2,1,1,1,14c123f4-06ab-4b51-aa26-95b0e3adf6eb,1.737423866215518
14e96091-4011-4557-95b3-a195fb5c39d8_273-80,1,0,0,2,14e96091-4011-4557-95b3-a195fb5c39d8,0.1313527974972155
14e96091-4011-4557-95b3-a195fb5c39d8_919-08,1,0,0,2,14e96091-4011-4557-95b3-a195fb5c39d8,0.11356467145548677
15223229-8273-4f28-9bc0-1266e7c210d8_1078-65,1,0,0,3,15223229-8273-4f28-9bc0-1266e7c210d8,1.4166570344574285
153cd84b-0345-4590-90f6-f66c294db429_799-88,0,0,0,4,153cd84b-0345-4590-90f6-f66c294db429,0.3314595994737157
156823e7-0339-4f64-9c89-80044fc8b218_782-84,1,1,1,4,156823e7-0339-4f64-9c89-80044fc8b218,0.07224280180069753
15c5a595-c577-4b4b-b26a-639517f140c9_1-82,3,0,0,2,15c5a595-c577-4b4b-b26a-639517f140c9,0.4378778845516631
15f1a422-327d-4dab-b14d-7003544c5817_1292-11,2,0,0,2,15f1a422-327d-4dab-b14d-7003544c5817,0.10466935051536086
15f1a422-327d-4dab-b14d-7003544c5817_1304-02,0,0,0,2,15f1a422-327d-4dab-b14d-7003544c5817,1.4513641237335946
1626db26-0c74-43d6-a5c2-c1a8fa7b1429_2450-13,0,0,0,0,1626db26-0c74-43d6-a5c2-c1a8fa7b1429,1.0472122068605239
1626db26-0c74-43d6-a5c2-c1a8fa7b1429_730-63,2,1,1,0,1626db26-0c74-43d6-a5c2-c1a8fa7b1429,0.07526149621011169
168f91fd-53c2-4eee-9d2d-e25e1ad73438_99-46,2,0,0,3,168f91fd-53c2-4eee-9d2d-e25e1ad73438,-0.37160401337854787
170fb6c9-8550-4e82-bb9a-4ad574c0f0fa_7137-29,0,1,1,4,170fb6c9-8550-4e82-bb9a-4ad574c0f0fa,2.0605921643131517
17be1d0a-f213-4126-ab6e-08e5c8ee5b93_1056-33,1,1,1,0,17be1d0a-f213-4126-ab6e-08e5c8ee5b93,0.22299182538202178
17be1d0a-f213-4126-ab6e-08e5c8ee5b93_1922-28,1,1,1,0,17be1d0a-f213-4126-ab6e-08e5c8ee5b93,1.223435690082451
17be1d0a-f213-4126-ab6e-08e5c8ee5b93_1968-69,4,0,0,0,17be1d0a-f213-4126-ab6e-08e5c8ee5b93,2.653407625744252
17be1d0a-f213-4126-ab6e-08e5c8ee5b93_4479-70,1,1,1,0,17be1d0a-f213-4126-ab6e-08e5c8ee5b93,-0.28839534277216505
17be1d0a-f213-4126-ab6e-08e5c8ee5b93_4986-86,0,1,1,0,17be1d0a-f213-4126-ab6e-08e5c8ee5b93,1.3446209791672983
17be1d0a-f213-4126-ab6e-08e5c8ee5b93_70-40,2,1,1,0,17be1d0a-f213-4126-ab6e-08e5c8ee5b93,2.2585073504753423
17cd1d99-044c-4b1b-97b4-f3de34f8e55b_251-62,3,0,0,4,17cd1d99-044c-4b1b-97b4-f3de34f8e55b,-0.19721842797321165
17cd1d99-044c-4b1b-97b4-f3de34f8e55b_252-07,0,1,1,4,17cd1d99-044c-4b1b-97b4-f3de34f8e55b,1.4438209103892272
18189ea3-00fd-428a-bbae-7549ddd9a97e_803-15,2,1,1,0,18189ea3-00fd-428a-bbae-7549ddd9a97e,0.8914606900477366
182dffe9-d2bf-4a7d-b1d8-137470f0143d_1327-77,0,0,0,4,182dffe9-d2bf-4a7d-b1d8-137470f0143d,0.47099502621703815
182dffe9-d2bf-4a7d-b1d8-137470f0143d_1639-14,3,0,0,4,182dffe9-d2bf-4a7d-b1d8-137470f0143d,0.3753750814192778
182dffe9-d2bf-4a7d-b1d8-137470f0143d_1670-78,1,1,1,4,182dffe9-d2bf-4a7d-b1d8-137470f0143d,0.9132305069403097
182dffe9-d2bf-4a7d-b1d8-137470f0143d_1681-54,1,0,0,4,182dffe9-d2bf-4a7d-b1d8-137470f0143d,-0.05929674610699642
18a3840b-7463-43c4-9aa9-b1d8e486fa84_2172-38,3,1,1,2,18a3840b-7463-43c4-9aa9-b1d8e486fa84,1.6053273708900655
18ac02cb-20eb-4eed-b735-04aff3573422_38-16,2,1,1,3,18ac02cb-20eb-4eed-b735-04aff3573422,2.1880720915986123
19493340-9a5c-406c-9943-712a4a4a073c_634-74,1,1,1,1,19493340-9a5c-406c-9943-712a4a4a073c,1.3558651846472383
19f2ea20-5041-4be2-bdc9-714473f16236_1915-00,3,0,0,1,19f2ea20-5041-4be2-bdc9-714473f16236,1.55407142662129
19f2ea20-5041-4be2-bdc9-714473f16236_2706-11,1,1,1,1,19f2ea20-5041-4be2-bdc9-714473f16236,1.4892461672330557
19f2ea20-5041-4be2-bdc9-714473f16236_4520-57,2,0,0,1,19f2ea20-5041-4be2-bdc9-714473f16236,0.45576014499590145
19f2ea20-5041-4be2-bdc9-714473f16236_4524-38,0,0,0,1,19f2ea20-5041-4be2-bdc9-714473f16236,0.806737004192186
19f2ea20-5041-4be2-bdc9-714473f16236_4525-17,1,1,1,1,19f2ea20-5041-4be2-bdc9-714473f16236,0.7756283784643687
19f2ea20-5041-4be2-bdc9-714473f16236_5269-91,0,0,0,1,19f2ea20-5041-4be2-bdc9-714473f16236,1.2426640049439792
1a2a8e0b-747e-43e3-9618-fc3f55f662b6_0-00,0,1,1,1,1a2a8e0b-747e-43e3-9618-fc3f55f662b6,0.9020350153251833
1a50cd38-dda2-41d0-8a6f-294f17373d97_2805-73,3,1,1,0,1a50cd38-dda2-41d0-8a6f-294f17373d97,0.9942579506262903
1a50cd38-dda2-41d0-8a6f-294f17373d97_2829-22,3,0,0,0,1a50cd38-dda2-41d0-8a6f-294f17373d97,0.42083494052772186
1a50cd38-dda2-41d0-8a6f-294f17373d97_3680-47,1,1,1,0,1a50cd38-dda2-41d0-8a6f-294f17373d97,0.43444559993636234
1a7b9b5d-499a-454e-aaee-3758718fb5f2_817-59,1,1,1,3,1a7b9b5d-499a-454e-aaee-3758718fb5f2,1.2704398165538995
1a7e6155-3613-4f55-865c-00e196db0da0_3573-11,1,0,0,0,1a7e6155-3613-4f55-865c-00e196db0da0,0.3686074860279538
1a9a07d5-70ad-4e18-9740-66ea985a527b_945-60,1,0,0,3,1a9a07d5-70ad-4e18-9740-66ea985a527b,-0.40063238426898495
1aa426b2-4d83-4b56-9d3c-4616adc464c8_300-08,3,1,1,4,1aa426b2-4d83-4b56-9d3c-4616adc464c8,0.3252392548590557
1acd2d5c-b0d4-4ec5-a54c-6a9c84cb11f6_23-18,1,0,0,3,1acd2d5c-b0d4-4ec5-a54c-6a9c84cb11f6,0.6192267813798129
1acd2d5c-b0d4-4ec5-a54c-6a9c84cb11f6_273-21,3,1,1,3,1acd2d5c-b0d4-4ec5-a54c-6a9c84cb11f6,0.39404988860552725
1acd2d5c-b0d4-4ec5-a54c-6a9c84cb11f6_742-55,3,1,1,3,1acd2d5c-b0d4-4ec5-a54c-6a9c84cb11f6,1.107068916750441
1acd2d5c-b0d4-4ec5-a54c-6a9c84cb11f6_773-39,0,1,1,3,1acd2d5c-b0d4-4ec5-a54c-6a9c84cb11f6,0.9132238126490251
1acd2d5c-b0d4-4ec5-a54c-6a9c84cb11f6_776-54,3,1,1,3,1acd2d5c-b0d4-4ec5-a54c-6a9c84cb11f6,1.230829319809714
1b1acfa6-ee3b-483c-9c0a-245d70d7125f_3443-49,0,1,1,0,1b1acfa6-ee3b-483c-9c0a-245d70d7125f,0.4481547663143741
1b4b9493-2f3b-48e2-ba96-4feb9b9e98a1_408-70,1,1,1,0,1b4b9493-2f3b-48e2-ba96-4feb9b9e98a1,0.5115161866170999
1b6c9a8b-baec-44ac-ab24-f482d0c30117_216-86,0,0,0,1,1b6c9a8b-baec-44ac-ab24-f482d0c30117,0.7004533129627661
1b6c9a8b-baec-44ac-ab24-f482d0c30117_42-25,3,1,1,1,1b6c9a8b-baec-44ac-ab24-f482d0c30117,0.9736172091716695
1bfac46e-f957-4495-9583-dbd7fa683225_823-65,2,1,1,4,1bfac46e-f957-4495-9583-dbd7fa683225,0.9788156176272338
1bfe3bec-79fd-4b1b-8738-4d313f3f79b9_355-45,0,1,1,3,1bfe3bec-79fd-4b1b-8738-4d313f3f79b9,1.015036428357791
1bfe3bec-79fd-4b1b-8738-4d313f3f79b9_47-86,0,0,0,3,1bfe3bec-79fd-4b1b-8738-4d313f3f79b9,0.9633883197005264
1bfe3bec-79fd-4b1b-8738-4d313f3f79b9_548-41,3,1,1,3,1bfe3bec-79fd-4b1b-8738-4d313f3f79b9,1.9068149260615683
1c0ba820-4a30-47dd-852d-c30685c7051e_0-00,0,1,1,4,1c0ba820-4a30-47dd-852d-c30685c7051e,1.2578646242331502
1c0ba820-4a30-47dd-852d-c30685c7051e_36-98,3,0,0,4,1c0ba820-4a30-47dd-852d-c30685c7051e,0.8730077299018095
1c35e580-0eb1-485f-98d5-48f1f968e952_519-81,1,0,0,0,1c35e580-0eb1-485f-98d5-48f1f968e952,0.42000955801008777
1c983176-b07a-4a69-ae51-de7829de6b6a_1090-54,1,1,1,0,1c983176-b07a-4a69-ae51-de7829de6b6a,1.5750641131746033
1c983176-b07a-4a69-ae51-de7829de6b6a_1270-21,2,1,1,0,1c983176-b07a-4a69-ae51-de7829de6b6a,0.922463257142021
1c983176-b07a-4a69-ae51-de7829de6b6a_261-56,2,1,1,0,1c983176-b07a-4a69-ae51-de7829de6b6a,1.7236427159517151
1ce16a97-f614-4660-b21c-4205b33c8bab_1988-77,0,1,1,2,1ce16a97-f614-4660-b21c-4205b33c8bab,0.9677718714407673
1ceb6ff6-da6c-4bbe-b8f1-01a5b27026ce_294-88,2,1,1,4,1ceb6ff6-da6c-4bbe-b8f1-01a5b27026ce,0.5847718547262208
1de5ae42-ca61-4a76-a514-8b70c40553fc_1576-85,2,1,1,1,1de5ae42-ca61-4a76-a514-8b70c40553fc,0.3221680356880716
1e90b2b5-5483-4ecc-b8e0-fb0bf63ccac3_3303-65,0,1,1,0,1e90b2b5-5483-4ecc-b8e0-fb0bf63ccac3,0.2250414051486027
1e90b2b5-5483-4ecc-b8e0-fb0bf63ccac3_546-46,1,0,0,0,1e90b2b5-5483-4ecc-b8e0-fb0bf63ccac3,0.29913901559295386
1e96ede3-aa85-4162-a32f-c565e5194cab_995-46,2,1,1,0,1e96ede3-aa85-4162-a32f-c565e5194cab,1.5222401388013007
1e9da62e-72ae-48d2-8b6e-00a5283d213f_1077-48,3,0,0,3,1e9da62e-72ae-48d2-8b6e-00a5283d213f,0.3512154580305704
1e9da62e-72ae-48d2-8b6e-00a5283d213f_571-85,1,1,1,3,1e9da62e-72ae-48d2-8b6e-00a5283d213f,0.1036965867486892
1ea95f25-81f9-46b1-b7a1-c4ca58251c6f_1089-87,3,1,1,2,1ea95f25-81f9-46b1-b7a1-c4ca58251c6f,0.7098916397871193
1ea95f25-81f9-46b1-b7a1-c4ca58251c6f_1359-12,2,0,0,2,1ea95f25-81f9-46b1-b7a1-c4ca58251c6f,1.3404159141225584
1eee4aaf-a21c-4ae5-82cd-96fdccae6742_761-92,0,1,1,2,1eee4aaf-a21c-4ae5-82cd-96fdccae6742,0.797630281027996
1eee4aaf-a21c-4ae5-82cd-96fdccae6742_876-68,2,0,0,2,1eee4aaf-a21c-4ae5-82cd-96fdccae6742,0.5008213617166823
1eee4aaf-a21c-4ae5-82cd-96fdccae6742_917-84,3,1,1,2,1eee4aaf-a21c-4ae5-82cd-96fdccae6742,1.8304692057951197
1f216b72-21a2-4463-b5ae-13bffd779b4d_1694-44,2,0,0,3,1f216b72-21a2-4463-b5ae-13bffd779b4d,0.303462378688115
1f216b72-21a2-4463-b5ae-13bffd779b4d_40-21,3,0,0,3,1f216b72-21a2-4463-b5ae-13bffd779b4d,0.35761121174746036
1f4a4d13-f083-4464-8c03-5e09f55e3f63_1207-44,1,0,0,2,1f4a4d13-f083-4464-8c03-5e09f55e3f63,0.5680029140392568
1f4a4d13-f083-4464-8c03-5e09f55e3f63_125-54,3,0,0,2,1f4a4d13-f083-4464-8c03-5e09f55e3f63,1.0195624770082945
1f4a4d13-f083-4464-8c03-5e09f55e3f63_332-95,0,0,0,2,1f4a4d13-f083-4464-8c03-5e09f55e3f63,1.8725926541644873
1f4a4d13-f083-4464-8c03-5e09f55e3f63_764-04,1,0,0,2,1f4a4d13-f083-4464-8c03-5e09f55e3f63,1.117827199362132
1f4a4d13-f083-4464-8c03-5e09f55e3f63_781-81,3,0,0,2,1f4a4d13-f083-4464-8c03-5e09f55e3f63,0.7730600053202445
1f5ca4f1-6200-4a9a-86af-150824b51f67_717-00,3,0,0,2,1f5ca4f1-6200-4a9a-86af-150824b51f67,-0.16023611455916353
1f5ca4f1-6200-4a9a-86af-150824b51f67_821-58,3,0,0,2,1f5ca4f1-6200-4a9a-86af-150824b51f67,1.0282417024609625
1f61d972-e61b-4846-af3a-d09db9f111f8_1079-93,1,0,0,1,1f61d972-e61b-4846-af3a-d09db9f111f8,1.3421578719392502
1f61d972-e61b-4846-af3a-d09db9f111f8_17-26,1,0,0,1,1f61d972-e61b-4846-af3a-d09db9f111f8,0.27943423628819364
1f6eb61d-74fa-411e-979c-2e66e71f2b7d_345-36,0,0,0,0,1f6eb61d-74fa-411e-979c-2e66e71f2b7d,1.421656285750922
1f6eb61d-74fa-411e-979c-2e66e71f2b7d_501-62,1,1,1,0,1f6eb61d-74fa-411e-979c-2e66e71f2b7d,1.3145654926345567
1fe55d7f-85e4-4cb5-a536-7a2aa623630b_1246-18,1,1,1,1,1fe55d7f-85e4-4cb5-a536-7a2aa623630b,1.0670961169525655
201af2e0-72dd-466c-8280-8c3dc00a7981_1276-29,2,0,0,2,201af2e0-72dd-466c-8280-8c3dc00a7981,0.8126352945642237
201af2e0-72dd-466c-8280-8c3dc00a7981_602-53,1,1,1,2,201af2e0-72dd-466c-8280-8c3dc00a7981,1.2234675018529828
20525d50-586a-4792-bfdb-fd941ee64ea9_547-93,3,0,0,1,20525d50-586a-4792-bfdb-fd941ee64ea9,1.0522388692024947
20525d50-586a-4792-bfdb-fd941ee64ea9_89-29,1,1,1,1,20525d50-586a-4792-bfdb-fd941ee64ea9,0.47806467897549787
20c165c7-6d47-4264-8e62-9f1e643a4d03_2858-81,3,1,1,2,20c165c7-6d47-4264-8e62-9f1e643a4d03,0.7253832611815636
2131b8e4-79b5-48f7-b092-e4a13ed96749_1086-27,1,1,1,4,2131b8e4-79b5-48f7-b092-e4a13ed96749,1.1417468155978354
2131b8e4-79b5-48f7-b092-e4a13ed96749_2003-33,2,1,1,4,2131b8e4-79b5-48f7-b092-e4a13ed96749,1.949769624078403
2137f7a2-dce3-4d95-859d-ad2a50b0cd09_1373-29,3,1,1,1,2137f7a2-dce3-4d95-859d-ad2a50b0cd09,0.5295104134677402
2142bbd6-da88-4976-8668-8f21c27ed456_775-93,0,0,0,0,2142bbd6-da88-4976-8668-8f21c27ed456,-0.09818915594837674
21438820-16d7-4fcd-b0d0-5def201fc65e_1321-22,3,1,1,1,21438820-16d7-4fcd-b0d0-5def201fc65e,1.238036032360412
214b62df-2fb1-4b0e-af9d-42b0dd37defb_1128-08,2,1,1,3,214b62df-2fb1-4b0e-af9d-42b0dd37defb,0.34514405468794807
214b62df-2fb1-4b0e-af9d-42b0dd37defb_1307-44,0,1,1,3,214b62df-2fb1-4b0e-af9d-42b0dd37defb,1.7676574143009158
214b62df-2fb1-4b0e-af9d-42b0dd37defb_138-53,3,1,1,3,214b62df-2fb1-4b0e-af9d-42b0dd37defb,-0.264193047231597
214b62df-2fb1-4b0e-af9d-42b0dd37defb_1599-71,2,1,1,3,214b62df-2fb1-4b0e-af9d-42b0dd37defb,-0.264193047231597
214b62df-2fb1-4b0e-af9d-42b0dd37defb_1955-31,3,0,0,3,214b62df-2fb1-4b0e-af9d-42b0dd37defb,0.4582489144384132
214b62df-2fb1-4b0e-af9d-42b0dd37defb_2020-07,2,1,1,3,214b62df-2fb1-4b0e-af9d-42b0dd37defb,-0.1616243836271274
214b62df-2fb1-4b0e-af9d-42b0dd37defb_2040-30,0,1,1,3,214b62df-2fb1-4b0e-af9d-42b0dd37defb,0.46340200636955564
214b62df-2fb1-4b0e-af9d-42b0dd37defb_2076-23,1,1,1,3,214b62df-2fb1-4b0e-af9d-42b0dd37defb,0.2716493765108601
214b62df-2fb1-4b0e-af9d-42b0dd37defb_2181-76,1,1,1,3,214b62df-2fb1-4b0e-af9d-42b0dd37defb,1.1022943813489865
214b62df-2fb1-4b0e-af9d-42b0dd37defb_2189-63,0,1,1,3,214b62df-2fb1-4b0e-af9d-42b0dd37defb,0.21959935046159207
214b62df-2fb1-4b0e-af9d-42b0dd37defb_800-76,3,1,1,3,214b62df-2fb1-4b0e-af9d-42b0dd37defb,0.796824686862686
225a1ffe-3e7e-4ff8-a47e-2e80989077fe_94-47,0,1,1,1,225a1ffe-3e7e-4ff8-a47e-2e80989077fe,0.5623469218108001
22653c79-369f-4a0d-a663-33a1da378fe0_245-16,1,1,1,0,22653c79-369f-4a0d-a663-33a1da378fe0,0.43136685800145735
22653c79-369f-4a0d-a663-33a1da378fe0_292-96,1,1,1,0,22653c79-369f-4a0d-a663-33a1da378fe0,1.9045766449895956
22f68c6a-b8dd-44e6-b1fe-d4e619e72f59_662-18,2,0,0,0,22f68c6a-b8dd-44e6-b1fe-d4e619e72f59,0.0042822192120091085
235b49d2-b59c-4079-81cc-ad9c01dbd2df_22-56,1,0,0,3,235b49d2-b59c-4079-81cc-ad9c01dbd2df,1.2341450229244495
23ac2590-b25f-4718-8c9b-89d32eb992b2_641-98,1,0,0,4,23ac2590-b25f-4718-8c9b-89d32eb992b2,1.2432449484333077
23ac3708-df1d-4bb0-a4c7-b2a66855dccb_447-26,3,1,1,1,23ac3708-df1d-4bb0-a4c7-b2a66855dccb,1.1425633139002633
23ac3708-df1d-4bb0-a4c7-b2a66855dccb_950-08,3,1,1,1,23ac3708-df1d-4bb0-a4c7-b2a66855dccb,0.8650989946746914
23ad5ebf-6223-4938-8609-d5df7afcf599_267-76,4,1,1,4,23ad5ebf-6223-4938-8609-d5df7afcf599,0.5401176033310633
243e800d-fc75-473d-b944-a95844e13a78_1602-75,3,0,0,4,243e800d-fc75-473d-b944-a95844e13a78,0.039697737066232364
24c447b6-094f-49a6-9c20-ed594ab0da65_0-04,3,0,0,0,24c447b6-094f-49a6-9c20-ed594ab0da65,1.4468464421790888
24c447b6-094f-49a6-9c20-ed594ab0da65_947-73,2,1,1,0,24c447b6-094f-49a6-9c20-ed594ab0da65,1.3679659374126318
24e24f1f-af43-4ee5-86be-2a4d5cf772c5_194-62,0,1,1,4,24e24f1f-af43-4ee5-86be-2a4d5cf772c5,1.1170670611075915
24e24f1f-af43-4ee5-86be-2a4d5cf772c5_40-56,3,0,0,4,24e24f1f-af43-4ee5-86be-2a4d5cf772c5,0.13486030093776913
254029e5-fed4-40a7-bef1-12b9faff3202_1017-93,3,0,0,2,254029e5-fed4-40a7-bef1-12b9faff3202,1.3980283998547398
258a7d18-4e66-4e3a-9fa0-f8daf7315a6d_1387-30,1,1,1,2,258a7d18-4e66-4e3a-9fa0-f8daf7315a6d,0.39269233808288595
258a7d18-4e66-4e3a-9fa0-f8daf7315a6d_1892-58,0,1,1,2,258a7d18-4e66-4e3a-9fa0-f8daf7315a6d,1.0098398226190242
25ade38d-3e6b-4aa1-851d-7fbf791201c0_887-41,2,1,1,1,25ade38d-3e6b-4aa1-851d-7fbf791201c0,1.1909262530801972
25beabfc-48c0-4f81-b419-c47297aecf6f_203-09,3,1,1,0,25beabfc-48c0-4f81-b419-c47297aecf6f,0.15115767464529895
25f88143-835a-4ac9-9272-eada5dbb8440_162-66,2,0,0,2,25f88143-835a-4ac9-9272-eada5dbb8440,0.8697751695038691
26192bcd-7240-4d7b-8306-fa4eed0264f2_4935-17,1,0,0,4,26192bcd-7240-4d7b-8306-fa4eed0264f2,1.448212821985829
261edec2-f089-4a74-b25f-ddf32c92f90c_1105-51,3,1,1,4,261edec2-f089-4a74-b25f-ddf32c92f90c,1.255214881870216
261edec2-f089-4a74-b25f-ddf32c92f90c_801-93,0,1,1,4,261edec2-f089-4a74-b25f-ddf32c92f90c,0.39423895530747144
262fd2ec-8eba-44d9-8082-4d0574f7a515_1038-82,1,0,0,4,262fd2ec-8eba-44d9-8082-4d0574f7a515,1.8034285090703146
262fd2ec-8eba-44d9-8082-4d0574f7a515_1440-24,1,0,0,4,262fd2ec-8eba-44d9-8082-4d0574f7a515,0.803317245987031
262fd2ec-8eba-44d9-8082-4d0574f7a515_3000-11,2,0,0,4,262fd2ec-8eba-44d9-8082-4d0574f7a515,0.9190691432314071
262fd2ec-8eba-44d9-8082-4d0574f7a515_3060-97,0,1,1,4,262fd2ec-8eba-44d9-8082-4d0574f7a515,0.7759776488471357
2638b358-6b13-434c-bf03-a48bca96f287_636-40,0,1,1,2,2638b358-6b13-434c-bf03-a48bca96f287,1.1500499786523248
2680068d-b3ae-42d8-971f-e842c2d4fbb4_1248-72,2,0,0,4,2680068d-b3ae-42d8-971f-e842c2d4fbb4,0.9452721541016467
2680068d-b3ae-42d8-971f-e842c2d4fbb4_739-57,3,1,1,4,2680068d-b3ae-42d8-971f-e842c2d4fbb4,1.9104099528929814
268a17eb-3f11-45d4-a671-9e0d8a637363_2969-91,2,1,1,3,268a17eb-3f11-45d4-a671-9e0d8a637363,1.621867111403944
27f9cd4e-8b61-477c-9b63-ca3d437a0dff_250-50,2,1,1,2,27f9cd4e-8b61-477c-9b63-ca3d437a0dff,1.3955223425275782
27f9cd4e-8b61-477c-9b63-ca3d437a0dff_855-42,3,1,1,2,27f9cd4e-8b61-477c-9b63-ca3d437a0dff,-0.08036847258448132
283a15b5-59ae-4f04-9738-bf49c97496a8_102-60,0,0,0,4,283a15b5-59ae-4f04-9738-bf49c97496a8,0.7502585243603823
2859218c-84ee-4e85-833f-74255b355032_1032-03,1,1,1,0,2859218c-84ee-4e85-833f-74255b355032,1.1329615156758677
2859218c-84ee-4e85-833f-74255b355032_2390-60,2,0,0,0,2859218c-84ee-4e85-833f-74255b355032,0.2268812953494923
2859218c-84ee-4e85-833f-74255b355032_39-61,1,1,1,0,2859218c-84ee-4e85-833f-74255b355032,-0.07998619668085749
2859218c-84ee-4e85-833f-74255b355032_596-50,1,1,1,0,2859218c-84ee-4e85-833f-74255b355032,-0.851144727695701
2876b375-e848-412c-8a6f-0664cbab6a33_474-94,2,0,0,0,2876b375-e848-412c-8a6f-0664cbab6a33,0.5279323317016518
2876b375-e848-412c-8a6f-0664cbab6a33_574-54,3,1,1,0,2876b375-e848-412c-8a6f-0664cbab6a33,0.8420821264412415
287c98fa-f0a4-4944-b798-bcae618258d3_1087-69,1,0,0,1,287c98fa-f0a4-4944-b798-bcae618258d3,0.18377476393318526
2893d559-89cb-4125-a761-3ff8e68768a9_565-53,2,1,1,2,2893d559-89cb-4125-a761-3ff8e68768a9,0.9056655628926242
2893d559-89cb-4125-a761-3ff8e68768a9_638-82,2,1,1,2,2893d559-89cb-4125-a761-3ff8e68768a9,1.6282728246504996
2893d559-89cb-4125-a761-3ff8e68768a9_84-09,3,1,1,2,2893d559-89cb-4125-a761-3ff8e68768a9,1.0947473537279235
2893d559-89cb-4125-a761-3ff8e68768a9_88-42,1,1,1,2,2893d559-89cb-4125-a761-3ff8e68768a9,0.8620345583441738
28ff9118-e876-497c-9901-cb89a62509fc_432-66,3,1,1,2,28ff9118-e876-497c-9901-cb89a62509fc,1.1187018087020564
2911fa95-30ca-4524-8876-85a90f1fd221_19-38,2,0,0,3,2911fa95-30ca-4524-8876-85a90f1fd221,0.40058738088516654
294c8827-a667-49a5-9e7e-9c910001ce54_101-30,2,1,1,1,294c8827-a667-49a5-9e7e-9c910001ce54,1.8511529297754088
29e45749-f8d5-42c7-af09-7fbb3d6697e9_876-21,1,1,1,2,29e45749-f8d5-42c7-af09-7fbb3d6697e9,-0.008286572228130229
2a2ff7db-5460-4296-a8a7-946ba628226d_1549-08,2,0,0,4,2a2ff7db-5460-4296-a8a7-946ba628226d,1.6005141128730158
2a831288-6e91-4aba-9385-f22f666fab99_525-32,3,0,0,1,2a831288-6e91-4aba-9385-f22f666fab99,1.029606140793257
2a97736a-4fff-4753-84de-e6586a5603cc_185-44,0,0,0,1,2a97736a-4fff-4753-84de-e6586a5603cc,1.1865802092427271
2a97736a-4fff-4753-84de-e6586a5603cc_2707-05,3,1,1,1,2a97736a-4fff-4753-84de-e6586a5603cc,0.7527444355308359
2a97736a-4fff-4753-84de-e6586a5603cc_2711-38,2,1,1,1,2a97736a-4fff-4753-84de-e6586a5603cc,2.1270795014890913
2a97736a-4fff-4753-84de-e6586a5603cc_2712-24,0,0,0,1,2a97736a-4fff-4753-84de-e6586a5603cc,-0.3514355108240348
2a97736a-4fff-4753-84de-e6586a5603cc_297-35,3,1,1,1,2a97736a-4fff-4753-84de-e6586a5603cc,1.3224906772883946
2ac65951-49b0-4629-981e-edc34b8cdb0f_1091-69,1,1,1,3,2ac65951-49b0-4629-981e-edc34b8cdb0f,2.144884087037699
2ac65951-49b0-4629-981e-edc34b8cdb0f_1349-72,2,1,1,3,2ac65951-49b0-4629-981e-edc34b8cdb0f,1.5074832069219861
2ac8acbc-9ea4-4bed-bbc2-aa53cc5f098a_1105-87,0,0,0,2,2ac8acbc-9ea4-4bed-bbc2-aa53cc5f098a,1.5224125997527647
2b012751-2e50-4acb-b645-c864930e92c8_1119-28,0,0,0,4,2b012751-2e50-4acb-b645-c864930e92c8,1.951989540742249
2b012751-2e50-4acb-b645-c864930e92c8_822-56,0,0,0,4,2b012751-2e50-4acb-b645-c864930e92c8,1.4421713535213878
2b7ace86-149f-4354-b617-c8ebd08c5310_1416-39,2,1,1,2,2b7ace86-149f-4354-b617-c8ebd08c5310,1.5593250558629446
2b7ace86-149f-4354-b617-c8ebd08c5310_381-65,2,1,1,2,2b7ace86-149f-4354-b617-c8ebd08c5310,1.1229040837274071
2c5d38ed-012f-4732-9eb8-89beddb07641_447-87,3,1,1,0,2c5d38ed-012f-4732-9eb8-89beddb07641,0.13466767224529952
2c77de23-cd87-4a41-a83c-4bdc0170f45c_80-46,1,1,1,3,2c77de23-cd87-4a41-a83c-4bdc0170f45c,0.5791662355825429
2c9a2cb8-93fd-4932-bb76-60e80822b70b_782-07,1,1,1,0,2c9a2cb8-93fd-4932-bb76-60e80822b70b,1.7477235226881627
2cc2710e-aae0-41eb-9a70-deb9217bb7ea_3646-90,0,0,0,0,2cc2710e-aae0-41eb-9a70-deb9217bb7ea,0.9509756828049429
2cc2710e-aae0-41eb-9a70-deb9217bb7ea_3838-38,2,1,1,0,2cc2710e-aae0-41eb-9a70-deb9217bb7ea,1.3414017970219212
2cd9a214-b950-49b6-aa04-0cfd0f85fe5f_528-48,1,0,0,4,2cd9a214-b950-49b6-aa04-0cfd0f85fe5f,0.5485624517881844
2cddb76f-24d1-4863-bd91-9a5d1922a543_1368-59,2,0,0,4,2cddb76f-24d1-4863-bd91-9a5d1922a543,0.8742681211508185
2cddb76f-24d1-4863-bd91-9a5d1922a543_1681-29,3,1,1,4,2cddb76f-24d1-4863-bd91-9a5d1922a543,1.6208295742492416
2d01625b-b7c4-41aa-989b-2d0b392d8b54_113-94,0,1,1,3,2d01625b-b7c4-41aa-989b-2d0b392d8b54,1.8133794579393647
2d01625b-b7c4-41aa-989b-2d0b392d8b54_1323-22,3,0,0,3,2d01625b-b7c4-41aa-989b-2d0b392d8b54,0.06271856579155322
2d01625b-b7c4-41aa-989b-2d0b392d8b54_195-58,2,0,0,3,2d01625b-b7c4-41aa-989b-2d0b392d8b54,0.7331938657344474
2d01625b-b7c4-41aa-989b-2d0b392d8b54_328-63,3,1,1,3,2d01625b-b7c4-41aa-989b-2d0b392d8b54,1.3344213131878677
2d13c92e-f43f-40f2-b603-cb749e5fee70_2243-41,2,1,1,0,2d13c92e-f43f-40f2-b603-cb749e5fee70,1.1361517492862907
2d1baacd-d82b-4e0c-9d85-b420fb9bde91_345-02,2,1,1,4,2d1baacd-d82b-4e0c-9d85-b420fb9bde91,0.9671101334989944
2d1bf98e-a133-4f63-bc1d-91f718078a52_337-47,1,0,0,3,2d1bf98e-a133-4f63-bc1d-91f718078a52,0.3844827054738187
2d76e155-dcae-4fdb-be83-a37f09e699a8_46-48,3,0,0,2,2d76e155-dcae-4fdb-be83-a37f09e699a8,1.5219812585878654
2dbdd409-0be0-447c-8ae8-3f107fe9af80_1058-94,3,1,1,2,2dbdd409-0be0-447c-8ae8-3f107fe9af80,0.2725181984849545
2dbdd409-0be0-447c-8ae8-3f107fe9af80_1439-37,0,0,0,2,2dbdd409-0be0-447c-8ae8-3f107fe9af80,1.4178509984142813
2dbdd409-0be0-447c-8ae8-3f107fe9af80_1502-69,3,0,0,2,2dbdd409-0be0-447c-8ae8-3f107fe9af80,0.6433481058675572
2dbdd409-0be0-447c-8ae8-3f107fe9af80_1626-43,3,0,0,2,2dbdd409-0be0-447c-8ae8-3f107fe9af80,-0.2189180015238661
2dbdd409-0be0-447c-8ae8-3f107fe9af80_163-46,0,1,1,2,2dbdd409-0be0-447c-8ae8-3f107fe9af80,0.3907222188834272
2dbdd409-0be0-447c-8ae8-3f107fe9af80_164-34,2,1,1,2,2dbdd409-0be0-447c-8ae8-3f107fe9af80,0.6300229386065623
2dbdd409-0be0-447c-8ae8-3f107fe9af80_1653-80,0,1,1,2,2dbdd409-0be0-447c-8ae8-3f107fe9af80,0.6053792755717955
2dbdd409-0be0-447c-8ae8-3f107fe9af80_1697-32,2,0,0,2,2dbdd409-0be0-447c-8ae8-3f107fe9af80,1.1692146853567411
2dbdd409-0be0-447c-8ae8-3f107fe9af80_1764-16,1,1,1,2,2dbdd409-0be0-447c-8ae8-3f107fe9af80,1.177333981383281
2dbdd409-0be0-447c-8ae8-3f107fe9af80_1872-88,0,1,1,2,2dbdd409-0be0-447c-8ae8-3f107fe9af80,0.297096276031261
2dbdd409-0be0-447c-8ae8-3f107fe9af80_19-50,0,1,1,2,2dbdd409-0be0-447c-8ae8-3f107fe9af80,0.3848731764696829
2dbdd409-0be0-447c-8ae8-3f107fe9af80_989-72,0,0,0,2,2dbdd409-0be0-447c-8ae8-3f107fe9af80,0.43137886720463214
2dfec7b6-c8b0-4cd0-baf6-4a963aed1d6a_1092-32,0,1,1,1,2dfec7b6-c8b0-4cd0-baf6-4a963aed1d6a,2.1644792907322747
2dfec7b6-c8b0-4cd0-baf6-4a963aed1d6a_1906-66,0,1,1,1,2dfec7b6-c8b0-4cd0-baf6-4a963aed1d6a,0.9690542581928836
2dff68c2-6310-4763-8d39-05a1dbe40fda_501-39,3,1,1,2,2dff68c2-6310-4763-8d39-05a1dbe40fda,0.7296677674715271
2e04b2bb-e5d3-4f66-a16e-f7756e14e749_392-62,0,0,0,3,2e04b2bb-e5d3-4f66-a16e-f7756e14e749,0.1691086672765174
2eb4e516-9d71-4b68-847e-e1b0cb339b0a_684-96,0,0,0,4,2eb4e516-9d71-4b68-847e-e1b0cb339b0a,1.4161688061603983
2ebcbb25-b099-44fa-8e8d-94d574413db9_5599-48,1,0,0,3,2ebcbb25-b099-44fa-8e8d-94d574413db9,0.9133352944252138
2ec3c123-0a04-46d7-97d5-8b85b5e6d06f_1372-45,1,0,0,1,2ec3c123-0a04-46d7-97d5-8b85b5e6d06f,0.6526871725860863
2ec3c123-0a04-46d7-97d5-8b85b5e6d06f_249-67,1,1,1,1,2ec3c123-0a04-46d7-97d5-8b85b5e6d06f,0.5480982366515268
2ec3c123-0a04-46d7-97d5-8b85b5e6d06f_271-92,3,0,0,1,2ec3c123-0a04-46d7-97d5-8b85b5e6d06f,1.6054891901844262
2ec3c123-0a04-46d7-97d5-8b85b5e6d06f_432-01,3,0,0,1,2ec3c123-0a04-46d7-97d5-8b85b5e6d06f,-0.02541926207359957
2efc9b47-0a23-4247-89a6-db46dae6c998_328-94,3,1,1,4,2efc9b47-0a23-4247-89a6-db46dae6c998,0.6848646079480201
2efc9b47-0a23-4247-89a6-db46dae6c998_416-58,1,1,1,4,2efc9b47-0a23-4247-89a6-db46dae6c998,1.0305248582080342
3024e27a-237a-4b48-8ea9-b9b16181eaf1_310-08,2,1,1,0,3024e27a-237a-4b48-8ea9-b9b16181eaf1,0.6225204379639835
3024e27a-237a-4b48-8ea9-b9b16181eaf1_49-89,0,1,1,0,3024e27a-237a-4b48-8ea9-b9b16181eaf1,0.7276871451416267
307b1878-875f-4703-bfe9-32d11d20853f_32-44,1,1,1,3,307b1878-875f-4703-bfe9-32d11d20853f,1.1424784086194262
307b1878-875f-4703-bfe9-32d11d20853f_63-96,2,1,1,3,307b1878-875f-4703-bfe9-32d11d20853f,1.1916243209203807
307b1878-875f-4703-bfe9-32d11d20853f_94-03,0,1,1,3,307b1878-875f-4703-bfe9-32d11d20853f,0.4265101648835268
3091004e-8606-417e-8bc2-7922f951845f_1921-59,0,0,0,1,3091004e-8606-417e-8bc2-7922f951845f,-0.10551211016308315
3091004e-8606-417e-8bc2-7922f951845f_73-46,1,1,1,1,3091004e-8606-417e-8bc2-7922f951845f,0.450086089271041
31254977-d873-4b22-ba1a-aca3fe028ba8_233-94,1,1,1,1,31254977-d873-4b22-ba1a-aca3fe028ba8,2.106625319317069
313cc9d1-c87f-44ec-9900-3ee8d75389be_148-43,0,1,1,0,313cc9d1-c87f-44ec-9900-3ee8d75389be,1.115589044521068
3178c414-453e-44e9-b192-67dba2ccc982_1088-81,2,1,1,2,3178c414-453e-44e9-b192-67dba2ccc982,1.8157272585139739
3178c414-453e-44e9-b192-67dba2ccc982_565-83,2,1,1,2,3178c414-453e-44e9-b192-67dba2ccc982,2.015945789303255
31818126-5e0f-4b01-b532-1514587bceec_1514-30,1,0,0,0,31818126-5e0f-4b01-b532-1514587bceec,1.0937678178720711
31bb1175-5459-4812-bb9e-f9300e2733f1_3549-55,0,0,0,0,31bb1175-5459-4812-bb9e-f9300e2733f1,0.5425364301210891
31bb1175-5459-4812-bb9e-f9300e2733f1_3707-13,3,0,0,0,31bb1175-5459-4812-bb9e-f9300e2733f1,0.9870967174102518
324ec8a1-3bd1-46b6-9abb-a824e53c0879_1801-82,2,1,1,4,324ec8a1-3bd1-46b6-9abb-a824e53c0879,-0.12416516623581897
32c34069-0111-4d89-9e55-1c68f18705ad_8758-17,0,1,1,3,32c34069-0111-4d89-9e55-1c68f18705ad,0.3512898362921142
330c1e0d-b71a-452e-8b68-fdb96fa8a6ca_1228-35,2,1,1,1,330c1e0d-b71a-452e-8b68-fdb96fa8a6ca,1.1315219033970918
342cb558-ab3e-4b04-8169-a68bbf06a448_1575-74,2,0,0,1,342cb558-ab3e-4b04-8169-a68bbf06a448,0.8376984655889699
343f8d57-6331-40f3-823c-2aee4d5cc10f_1162-80,0,0,0,2,343f8d57-6331-40f3-823c-2aee4d5cc10f,0.6282290024774115
343f8d57-6331-40f3-823c-2aee4d5cc10f_686-43,2,1,1,2,343f8d57-6331-40f3-823c-2aee4d5cc10f,0.6474825117324918
3455a3f3-1657-46bb-ae42-52d16ec5ffaa_4842-46,0,0,0,1,3455a3f3-1657-46bb-ae42-52d16ec5ffaa,1.4078063865832677
3455a3f3-1657-46bb-ae42-52d16ec5ffaa_6236-63,0,1,1,1,3455a3f3-1657-46bb-ae42-52d16ec5ffaa,2.4098758812409917
3455a3f3-1657-46bb-ae42-52d16ec5ffaa_959-38,1,0,0,1,3455a3f3-1657-46bb-ae42-52d16ec5ffaa,0.18408040253478553
34590a11-c136-4423-bdc4-c6a45221e546_565-25,1,1,1,3,34590a11-c136-4423-bdc4-c6a45221e546,0.7602177890819195
348180aa-c90b-463a-8b3f-0743469a8b59_3591-71,3,0,0,1,348180aa-c90b-463a-8b3f-0743469a8b59,0.20465405813448534
348180aa-c90b-463a-8b3f-0743469a8b59_5526-16,0,1,1,1,348180aa-c90b-463a-8b3f-0743469a8b59,1.1435241254783983
348180aa-c90b-463a-8b3f-0743469a8b59_7126-75,2,0,0,1,348180aa-c90b-463a-8b3f-0743469a8b59,-0.05528391738341676
348180aa-c90b-463a-8b3f-0743469a8b59_7135-61,2,0,0,1,348180aa-c90b-463a-8b3f-0743469a8b59,0.20866801386993794
348f0f69-cd49-4c00-af91-f1765155e858_1084-90,0,0,0,0,348f0f69-cd49-4c00-af91-f1765155e858,-0.4980840155065417
348f0f69-cd49-4c00-af91-f1765155e858_1127-21,2,0,0,0,348f0f69-cd49-4c00-af91-f1765155e858,0.6918810543783658
356661f5-767b-495d-95c7-03dcc46f85c6_1826-46,1,0,0,4,356661f5-767b-495d-95c7-03dcc46f85c6,-0.5253662195360712
356661f5-767b-495d-95c7-03dcc46f85c6_1858-56,0,0,0,4,356661f5-767b-495d-95c7-03dcc46f85c6,-0.25648092438950787
356661f5-767b-495d-95c7-03dcc46f85c6_1860-68,1,0,0,4,356661f5-767b-495d-95c7-03dcc46f85c6,1.5167876110829561
356dd07e-8165-494c-9be8-b82d314bf88d_895-74,1,0,0,2,356dd07e-8165-494c-9be8-b82d314bf88d,0.14940605247666694
3588502f-e1c1-426c-81d6-6fac28e6c81a_531-41,0,1,1,1,3588502f-e1c1-426c-81d6-6fac28e6c81a,0.9831915611069892
358b4617-283d-48df-bfd8-523cbb525b5d_227-18,2,0,0,4,358b4617-283d-48df-bfd8-523cbb525b5d,0.08449354170496326
358e65ba-1ce0-46f6-a1b4-1c85569ef628_3143-38,0,0,0,3,358e65ba-1ce0-46f6-a1b4-1c85569ef628,1.0036969483045686
35ab724d-5dba-4094-927b-e7bc5ad8cf41_56-56,4,1,1,2,35ab724d-5dba-4094-927b-e7bc5ad8cf41,0.8238107657191593
35b1a8c7-80fd-402f-b240-768926b7bcee_285-73,1,1,1,0,35b1a8c7-80fd-402f-b240-768926b7bcee,0.3222195073580816
35b1a8c7-80fd-402f-b240-768926b7bcee_562-55,1,1,1,0,35b1a8c7-80fd-402f-b240-768926b7bcee,0.2859559252612227
35b37e37-6bb1-4131-be37-693e9b794a97_1345-02,3,1,1,0,35b37e37-6bb1-4131-be37-693e9b794a97,0.04803446195937755
35d92405-7ebf-4e54-8b9a-7cce8af30a79_63-09,2,1,1,4,35d92405-7ebf-4e54-8b9a-7cce8af30a79,1.0099916920900145
35e004f4-ad64-4835-9358-38a58b431252_2629-86,4,0,0,3,35e004f4-ad64-4835-9358-38a58b431252,1.520898447351873
3625b3d9-e323-4c05-a27a-aba79f01a5bd_18-58,0,0,0,2,3625b3d9-e323-4c05-a27a-aba79f01a5bd,0.29919127921562905
3639ab8f-880a-45bd-b8a9-6ef6bdaad4ff_355-03,0,1,1,0,3639ab8f-880a-45bd-b8a9-6ef6bdaad4ff,0.6983566708868381
366b71ad-3f35-4704-b6ef-e793c7e73ac6_1040-50,0,1,1,2,366b71ad-3f35-4704-b6ef-e793c7e73ac6,1.842884284970917
366b71ad-3f35-4704-b6ef-e793c7e73ac6_1178-68,2,1,1,2,366b71ad-3f35-4704-b6ef-e793c7e73ac6,0.14027292726713614
366b71ad-3f35-4704-b6ef-e793c7e73ac6_15-36,0,1,1,2,366b71ad-3f35-4704-b6ef-e793c7e73ac6,0.7458998720511476
366b71ad-3f35-4704-b6ef-e793c7e73ac6_41-78,0,0,0,2,366b71ad-3f35-4704-b6ef-e793c7e73ac6,0.7503729083443356
36baa5a9-16bf-4ad6-b011-4d7daae6b8f9_1264-03,0,0,0,1,36baa5a9-16bf-4ad6-b011-4d7daae6b8f9,0.7521132823309336
36baa5a9-16bf-4ad6-b011-4d7daae6b8f9_423-57,1,0,0,1,36baa5a9-16bf-4ad6-b011-4d7daae6b8f9,0.5624625898390405
36baa5a9-16bf-4ad6-b011-4d7daae6b8f9_641-91,2,0,0,1,36baa5a9-16bf-4ad6-b011-4d7daae6b8f9,0.34726172307014314
375ca7e7-1e3c-4159-9f7f-4691ef11f322_68-87,2,0,0,3,375ca7e7-1e3c-4159-9f7f-4691ef11f322,-0.615702288726027
375ca7e7-1e3c-4159-9f7f-4691ef11f322_70-62,2,0,0,3,375ca7e7-1e3c-4159-9f7f-4691ef11f322,0.678349941263207
3761fbb4-3e0e-4b15-a277-fec95edacf04_1783-59,2,0,0,3,3761fbb4-3e0e-4b15-a277-fec95edacf04,-0.13753057584110584
3761fbb4-3e0e-4b15-a277-fec95edacf04_2287-87,1,1,1,3,3761fbb4-3e0e-4b15-a277-fec95edacf04,0.5845273847741363
3761fbb4-3e0e-4b15-a277-fec95edacf04_2288-64,0,0,0,3,3761fbb4-3e0e-4b15-a277-fec95edacf04,-0.05659012940477126
3761fbb4-3e0e-4b15-a277-fec95edacf04_4702-37,3,1,1,3,3761fbb4-3e0e-4b15-a277-fec95edacf04,0.994390774060957
378af037-7200-4d75-8f83-ddc74e1cd2dc_3193-87,1,0,0,3,378af037-7200-4d75-8f83-ddc74e1cd2dc,0.9802904533693819
378af037-7200-4d75-8f83-ddc74e1cd2dc_3511-24,0,0,0,3,378af037-7200-4d75-8f83-ddc74e1cd2dc,0.8466161106294059
381c4c64-a697-42ab-90ab-a515740bf484_1318-72,0,0,0,2,381c4c64-a697-42ab-90ab-a515740bf484,1.1181331730991515
381c4c64-a697-42ab-90ab-a515740bf484_578-95,2,1,1,2,381c4c64-a697-42ab-90ab-a515740bf484,0.4878535229345633
38737402-19bd-4689-9e74-3af391b15feb_1017-05,3,1,1,1,38737402-19bd-4689-9e74-3af391b15feb,0.7405493605378635
38737402-19bd-4689-9e74-3af391b15feb_1338-80,0,1,1,1,38737402-19bd-4689-9e74-3af391b15feb,0.6940007083734334
38737402-19bd-4689-9e74-3af391b15feb_1424-12,1,0,0,1,38737402-19bd-4689-9e74-3af391b15feb,1.093303665245683
38737402-19bd-4689-9e74-3af391b15feb_650-15,1,1,1,1,38737402-19bd-4689-9e74-3af391b15feb,0.16333407697673064
38788778-0822-4c9c-b51e-5bce8a765a97_83-68,2,1,1,4,38788778-0822-4c9c-b51e-5bce8a765a97,0.5715897949575364
38788778-0822-4c9c-b51e-5bce8a765a97_91-28,0,0,0,4,38788778-0822-4c9c-b51e-5bce8a765a97,0.4732307009583381
38a66acf-33c8-4ed5-b814-7322087b2e21_2113-44,0,0,0,3,38a66acf-33c8-4ed5-b814-7322087b2e21,0.4309490067347195
38a66acf-33c8-4ed5-b814-7322087b2e21_4267-76,0,0,0,3,38a66acf-33c8-4ed5-b814-7322087b2e21,0.8370189307489875
38a66acf-33c8-4ed5-b814-7322087b2e21_835-53,2,1,1,3,38a66acf-33c8-4ed5-b814-7322087b2e21,0.6185154305573259
38a7b760-56f9-4565-8b70-f8dad5768ace_296-28,2,0,0,2,38a7b760-56f9-4565-8b70-f8dad5768ace,0.5041680885101354
38a8d256-8d63-4f28-8837-ebd80dcd10e7_227-55,2,1,1,1,38a8d256-8d63-4f28-8837-ebd80dcd10e7,1.9830981014289766
38b56399-3b1c-421d-8a80-1e5f54fcd667_0-84,3,0,0,0,38b56399-3b1c-421d-8a80-1e5f54fcd667,-0.3639274301257962
38b56399-3b1c-421d-8a80-1e5f54fcd667_806-77,3,1,1,0,38b56399-3b1c-421d-8a80-1e5f54fcd667,0.45335588892655077
38b6d0fe-e317-47a1-8fa3-87e7a4a21183_375-27,1,1,1,1,38b6d0fe-e317-47a1-8fa3-87e7a4a21183,1.654741902881869
38b6d0fe-e317-47a1-8fa3-87e7a4a21183_80-19,3,0,0,1,38b6d0fe-e317-47a1-8fa3-87e7a4a21183,0.0935055479729372
39208fca-0c54-48e9-b4f3-b4803bb67661_3315-32,2,1,1,0,39208fca-0c54-48e9-b4f3-b4803bb67661,0.7964415851013018
3925576b-6900-4112-8620-8739de771da9_2447-44,3,1,1,4,3925576b-6900-4112-8620-8739de771da9,-0.41377379679162507
39a53568-d759-4f19-ac19-bc4ba29b5c17_726-07,3,0,0,3,39a53568-d759-4f19-ac19-bc4ba29b5c17,0.6130595761212498
39af7641-e376-4a99-977f-4d7f746e14ba_79-79,0,0,0,2,39af7641-e376-4a99-977f-4d7f746e14ba,0.12162885340244411
39d0559a-d1e8-4fca-b7f4-db87bbbbde7e_857-69,2,0,0,0,39d0559a-d1e8-4fca-b7f4-db87bbbbde7e,1.2501537715439088
39d1462e-506c-482b-9c9e-a94cffd71563_2316-87,3,0,0,3,39d1462e-506c-482b-9c9e-a94cffd71563,1.3977457044665529
3a53bfdc-daf7-4bbc-bb9f-af449021d237_1629-28,1,0,0,4,3a53bfdc-daf7-4bbc-bb9f-af449021d237,0.32153308188261875
3a718f0f-a85e-4461-b5bc-94c5a8d300a8_648-56,3,0,0,3,3a718f0f-a85e-4461-b5bc-94c5a8d300a8,0.3587812087374167
3a839ee1-2391-43bb-a253-c2c45d753bac_271-43,1,1,1,2,3a839ee1-2391-43bb-a253-c2c45d753bac,1.309823463368658
3a9a814d-222f-4712-97b4-a71d9f8b5a4a_277-20,3,0,0,1,3a9a814d-222f-4712-97b4-a71d9f8b5a4a,1.2071865564586857
3a9a814d-222f-4712-97b4-a71d9f8b5a4a_288-34,2,0,0,1,3a9a814d-222f-4712-97b4-a71d9f8b5a4a,0.3176212934578786
3ab744ba-9969-452c-a825-38affebd4139_13-22,3,0,0,2,3ab744ba-9969-452c-a825-38affebd4139,0.1900968944594199
3ab744ba-9969-452c-a825-38affebd4139_319-13,0,0,0,2,3ab744ba-9969-452c-a825-38affebd4139,0.8217724620264149
3ae05e5a-f724-41e8-9000-90b7dd31379b_288-48,3,0,0,1,3ae05e5a-f724-41e8-9000-90b7dd31379b,0.10835842228775117
3b021bad-6945-4be2-a7db-44af3db1eae8_2667-18,0,0,0,4,3b021bad-6945-4be2-a7db-44af3db1eae8,0.9564341091623172
3b342c9c-eb30-4cc6-8ced-53c4fb7b3a8d_290-89,3,1,1,0,3b342c9c-eb30-4cc6-8ced-53c4fb7b3a8d,-0.3905900338707784
3b342c9c-eb30-4cc6-8ced-53c4fb7b3a8d_783-98,1,1,1,0,3b342c9c-eb30-4cc6-8ced-53c4fb7b3a8d,0.03808301946481607
3b3ecf0c-ee8d-4518-bf1c-3301ba44c743_226-48,1,1,1,0,3b3ecf0c-ee8d-4518-bf1c-3301ba44c743,1.605079069932351
3be8d10c-8e88-4f29-af13-6eab7b509ed8_7-19,1,0,0,2,3be8d10c-8e88-4f29-af13-6eab7b509ed8,1.27425124836789
3c54ff87-27c0-4ab8-b934-4f0289221bff_279-60,2,0,0,3,3c54ff87-27c0-4ab8-b934-4f0289221bff,1.0996298540110054
3c5841d6-8d79-4aa7-b020-bbb6ef114b42_402-54,4,1,1,3,3c5841d6-8d79-4aa7-b020-bbb6ef114b42,1.2775892266950055
3c9b7fa8-5588-46a7-aafa-0a1404bfbbd7_1020-57,0,1,1,1,3c9b7fa8-5588-46a7-aafa-0a1404bfbbd7,1.0396119394465406
3c9ce1b1-9eaa-4e3d-9ebb-91f9d904178e_1420-03,1,0,0,2,3c9ce1b1-9eaa-4e3d-9ebb-91f9d904178e,0.8228747298072678
3c9ce1b1-9eaa-4e3d-9ebb-91f9d904178e_2345-99,1,0,0,2,3c9ce1b1-9eaa-4e3d-9ebb-91f9d904178e,0.12637071977303993
3c9ce1b1-9eaa-4e3d-9ebb-91f9d904178e_2453-52,2,1,1,2,3c9ce1b1-9eaa-4e3d-9ebb-91f9d904178e,1.5836198624286781
3ce37765-7d70-4dd6-991c-a83286ba05b2_1423-56,0,1,1,0,3ce37765-7d70-4dd6-991c-a83286ba05b2,0.606206534690461
3ce37765-7d70-4dd6-991c-a83286ba05b2_1423-60,2,1,1,0,3ce37765-7d70-4dd6-991c-a83286ba05b2,0.31955165636407146
3d93c92c-8c12-4972-9f29-c8bef5c321ba_1742-89,1,0,0,1,3d93c92c-8c12-4972-9f29-c8bef5c321ba,1.695639786162457
3d93c92c-8c12-4972-9f29-c8bef5c321ba_832-45,3,1,1,1,3d93c92c-8c12-4972-9f29-c8bef5c321ba,1.0544643048121267
3d98a5d2-a34b-499e-98f2-9195f300394a_3004-17,1,0,0,2,3d98a5d2-a34b-499e-98f2-9195f300394a,1.2225923699294754
3dbe950d-163c-40a4-9590-494748e1dd39_1644-63,1,0,0,4,3dbe950d-163c-40a4-9590-494748e1dd39,0.8633797115985979
3dbe950d-163c-40a4-9590-494748e1dd39_6666-20,1,1,1,4,3dbe950d-163c-40a4-9590-494748e1dd39,0.0931882104464341
3dd00666-a34d-4b45-bb4c-7a4c2342e475_1264-75,3,0,0,1,3dd00666-a34d-4b45-bb4c-7a4c2342e475,1.7953410836451174
3dd08c84-ee0a-4fa6-a859-98fd969ec720_1276-65,1,0,0,0,3dd08c84-ee0a-4fa6-a859-98fd969ec720,0.35473549714671804
3dd08c84-ee0a-4fa6-a859-98fd969ec720_518-21,1,0,0,0,3dd08c84-ee0a-4fa6-a859-98fd969ec720,-0.192920196156678
3de48a49-665d-4c1b-9655-82532e108e6a_1393-69,0,1,1,1,3de48a49-665d-4c1b-9655-82532e108e6a,0.6148133069678197
3de48a49-665d-4c1b-9655-82532e108e6a_1395-29,3,0,0,1,3de48a49-665d-4c1b-9655-82532e108e6a,0.4689939140868551
3decc0f8-9806-40dd-83d5-26c495dd7830_2268-25,0,1,1,2,3decc0f8-9806-40dd-83d5-26c495dd7830,0.06300720912183899
3decc0f8-9806-40dd-83d5-26c495dd7830_5147-61,3,1,1,2,3decc0f8-9806-40dd-83d5-26c495dd7830,1.928456936115784
3df50de7-7ef7-4938-9cdb-fb2d07751084_666-85,2,0,0,2,3df50de7-7ef7-4938-9cdb-fb2d07751084,0.5688427897605937
3e418323-3ff7-4d03-9b60-275f1e20f5dc_315-49,1,1,1,3,3e418323-3ff7-4d03-9b60-275f1e20f5dc,1.8048702237635992
3e418323-3ff7-4d03-9b60-275f1e20f5dc_589-19,0,0,0,3,3e418323-3ff7-4d03-9b60-275f1e20f5dc,-0.08778970146505571
3ea1662a-6766-4bc9-8d42-9b48d4e8384c_132-89,2,0,0,1,3ea1662a-6766-4bc9-8d42-9b48d4e8384c,-0.6576239549662274
3efc152d-ea0e-4372-b552-7d5e1cf07259_14658-02,0,1,1,4,3efc152d-ea0e-4372-b552-7d5e1cf07259,1.3717454778868792
3efc152d-ea0e-4372-b552-7d5e1cf07259_6116-76,3,0,0,4,3efc152d-ea0e-4372-b552-7d5e1cf07259,0.37353693468714577
3efc152d-ea0e-4372-b552-7d5e1cf07259_6416-63,1,0,0,4,3efc152d-ea0e-4372-b552-7d5e1cf07259,1.4257085163357033
3f292ce2-fb0d-477e-b6b5-18c6ef38366e_2018-00,3,0,0,1,3f292ce2-fb0d-477e-b6b5-18c6ef38366e,0.5445765339001352
3f292ce2-fb0d-477e-b6b5-18c6ef38366e_889-07,0,1,1,1,3f292ce2-fb0d-477e-b6b5-18c6ef38366e,0.8251897591599897
3f712a5b-c1cf-4f2a-b0ab-ca0e2e4f0e3c_1166-83,1,1,1,2,3f712a5b-c1cf-4f2a-b0ab-ca0e2e4f0e3c,0.5634515775738385
3f712a5b-c1cf-4f2a-b0ab-ca0e2e4f0e3c_119-87,0,0,0,2,3f712a5b-c1cf-4f2a-b0ab-ca0e2e4f0e3c,0.8586119739155087
3f7f5927-02e7-42ea-a31a-edea41bc17f9_565-60,0,1,1,2,3f7f5927-02e7-42ea-a31a-edea41bc17f9,0.18869514107636087
3f8dbb4f-ad5e-4d54-bf95-3ddbe968a85d_27-63,2,0,0,1,3f8dbb4f-ad5e-4d54-bf95-3ddbe968a85d,0.48843195549074014
3fb410d6-e5aa-49d3-b184-75ec9651550f_2226-52,1,0,0,0,3fb410d6-e5aa-49d3-b184-75ec9651550f,-0.2710983651567749
3ffb9247-a141-4056-a644-dd3fbab708a4_364-69,3,1,1,4,3ffb9247-a141-4056-a644-dd3fbab708a4,1.2828090755424322
3ffeedef-3088-4e70-a21d-3578f07546a2_2438-39,0,1,1,3,3ffeedef-3088-4e70-a21d-3578f07546a2,1.7343742500127541
3ffeedef-3088-4e70-a21d-3578f07546a2_632-12,2,0,0,3,3ffeedef-3088-4e70-a21d-3578f07546a2,0.6518751209045635
3fffb452-1c17-43fa-b473-c9e19ac21433_2774-23,3,1,1,3,3fffb452-1c17-43fa-b473-c9e19ac21433,0.5341366773972152
4065f62a-faae-4926-aee8-1d5bf73661a3_2321-27,2,0,0,0,4065f62a-faae-4926-aee8-1d5bf73661a3,0.18353527032025574
4065f62a-faae-4926-aee8-1d5bf73661a3_382-42,2,1,1,0,4065f62a-faae-4926-aee8-1d5bf73661a3,1.4542833703236284
406f3614-0b99-4b3f-b3cb-a4590bad9e27_288-93,2,0,0,4,406f3614-0b99-4b3f-b3cb-a4590bad9e27,-0.2520177660513332
406f3614-0b99-4b3f-b3cb-a4590bad9e27_811-10,0,1,1,4,406f3614-0b99-4b3f-b3cb-a4590bad9e27,0.1270119247921775
407df63f-c7a8-4c18-aa0f-b8e6ae16a938_620-12,3,1,1,1,407df63f-c7a8-4c18-aa0f-b8e6ae16a938,1.784386278095172
408acdc8-c286-482b-91ba-3fcda24fedc3_1554-86,2,0,0,0,408acdc8-c286-482b-91ba-3fcda24fedc3,0.7591961865753785
40b33c95-3689-4ec8-8765-7e926f623b75_1593-37,0,0,0,1,40b33c95-3689-4ec8-8765-7e926f623b75,-0.5366023518232661
40b33c95-3689-4ec8-8765-7e926f623b75_530-94,3,0,0,1,40b33c95-3689-4ec8-8765-7e926f623b75,1.3374036936572822
40b33c95-3689-4ec8-8765-7e926f623b75_726-75,0,1,1,1,40b33c95-3689-4ec8-8765-7e926f623b75,1.6083011624363917
40f3258a-f7d8-4b05-8b6a-bd9f8d5b85fb_792-58,2,0,0,2,40f3258a-f7d8-4b05-8b6a-bd9f8d5b85fb,0.49652321664937404
41c32675-1cc9-47f2-82e5-5ef1eacb720b_92-49,3,1,1,2,41c32675-1cc9-47f2-82e5-5ef1eacb720b,0.2841885356553162
41ebc581-9f9a-44d5-9c73-8bf287c43856_3353-58,0,1,1,3,41ebc581-9f9a-44d5-9c73-8bf287c43856,2.0658211217089386
4209376c-04be-47f0-b905-835fedde4cd0_5602-77,3,1,1,2,4209376c-04be-47f0-b905-835fedde4cd0,1.289396595500954
421a0364-6ed6-4bd4-8db2-5de8e245c9bc_455-02,0,1,1,4,421a0364-6ed6-4bd4-8db2-5de8e245c9bc,-0.13319079517160892
421a0364-6ed6-4bd4-8db2-5de8e245c9bc_549-95,2,1,1,4,421a0364-6ed6-4bd4-8db2-5de8e245c9bc,0.7354304474237132
42263a6a-e984-4dd9-82db-a43d6e879c8f_528-58,1,1,1,0,42263a6a-e984-4dd9-82db-a43d6e879c8f,2.419681253189806
42263a6a-e984-4dd9-82db-a43d6e879c8f_828-54,4,1,1,0,42263a6a-e984-4dd9-82db-a43d6e879c8f,0.8545631083326666
426eb9d9-d4cf-4acc-9efb-979f61a5be91_785-24,0,1,1,2,426eb9d9-d4cf-4acc-9efb-979f61a5be91,2.379036509706542
428a80ce-ccc8-46e3-9cbb-419d224f148a_1420-33,0,1,1,2,428a80ce-ccc8-46e3-9cbb-419d224f148a,0.02621780298123677
428a80ce-ccc8-46e3-9cbb-419d224f148a_679-57,0,1,1,2,428a80ce-ccc8-46e3-9cbb-419d224f148a,1.5961410648395116
42c08776-8832-4d37-8844-3ce89e405c62_1474-11,1,1,1,0,42c08776-8832-4d37-8844-3ce89e405c62,1.2419129064067445
42d72164-8f4a-49e4-8b95-b3ad423ba65b_1273-76,1,1,1,0,42d72164-8f4a-49e4-8b95-b3ad423ba65b,0.9445482614027085
42d72164-8f4a-49e4-8b95-b3ad423ba65b_1368-26,1,1,1,0,42d72164-8f4a-49e4-8b95-b3ad423ba65b,0.4732004520324753
42d72164-8f4a-49e4-8b95-b3ad423ba65b_138-24,3,1,1,0,42d72164-8f4a-49e4-8b95-b3ad423ba65b,0.879695090614482
42d72164-8f4a-49e4-8b95-b3ad423ba65b_149-58,1,0,0,0,42d72164-8f4a-49e4-8b95-b3ad423ba65b,0.14980441406838363
42d72164-8f4a-49e4-8b95-b3ad423ba65b_1575-60,2,0,0,0,42d72164-8f4a-49e4-8b95-b3ad423ba65b,0.03785754758969584
42d72164-8f4a-49e4-8b95-b3ad423ba65b_81-84,0,0,0,0,42d72164-8f4a-49e4-8b95-b3ad423ba65b,0.0958817523062705
4335b0cc-e10c-45df-aad3-a1fa66b7a7a8_2029-73,1,0,0,4,4335b0cc-e10c-45df-aad3-a1fa66b7a7a8,2.2823418250336225
434a5651-9901-4b32-b782-d9a2bb52e805_711-02,1,0,0,3,434a5651-9901-4b32-b782-d9a2bb52e805,0.550477737634387
439cfa9c-ef6b-41ba-aa5d-2f40b195b374_1380-00,3,1,1,2,439cfa9c-ef6b-41ba-aa5d-2f40b195b374,0.44433826425080714
43d83207-9c41-46aa-90c9-e30a6194be11_354-50,0,0,0,0,43d83207-9c41-46aa-90c9-e30a6194be11,-0.2510769359784837
43da1507-f497-4393-85a0-08196c04e16b_2646-34,4,1,1,4,43da1507-f497-4393-85a0-08196c04e16b,1.404693622037506
44327c5e-9442-4334-b675-8019df3678af_2165-30,1,0,0,4,44327c5e-9442-4334-b675-8019df3678af,1.5652037753928463
444a032d-faef-447e-a5dd-c3c8386672b6_215-22,0,1,1,0,444a032d-faef-447e-a5dd-c3c8386672b6,0.1816213932078854
4469a684-b4f9-4b50-a26f-2943f477a420_980-96,3,1,1,1,4469a684-b4f9-4b50-a26f-2943f477a420,1.1966827369372794
449763d0-a924-40a4-8830-01e7028f9428_3059-66,0,1,1,1,449763d0-a924-40a4-8830-01e7028f9428,1.3697217246019184
449763d0-a924-40a4-8830-01e7028f9428_3694-63,0,1,1,1,449763d0-a924-40a4-8830-01e7028f9428,0.91745603584122
449e14cf-f05e-42ac-bb7e-0ba87617f95a_582-28,0,1,1,0,449e14cf-f05e-42ac-bb7e-0ba87617f95a,1.649933816533482
44a65997-a52f-4e79-b4bf-cc1d74e39bc2_143-93,3,1,1,3,44a65997-a52f-4e79-b4bf-cc1d74e39bc2,2.116685119101705
44c5117d-fb5c-4fcf-b648-d7eb76d5f95a_1424-15,0,1,1,2,44c5117d-fb5c-4fcf-b648-d7eb76d5f95a,1.2439311299019613
44c5117d-fb5c-4fcf-b648-d7eb76d5f95a_898-38,1,1,1,2,44c5117d-fb5c-4fcf-b648-d7eb76d5f95a,1.0127922329725914
45c274b8-54e6-4187-9fd9-73c0b0ada28d_109-66,1,1,1,4,45c274b8-54e6-4187-9fd9-73c0b0ada28d,1.108205374326603
45c274b8-54e6-4187-9fd9-73c0b0ada28d_1281-25,3,0,0,4,45c274b8-54e6-4187-9fd9-73c0b0ada28d,0.7552641367022424
45ed20a0-ba4b-41f2-9498-6084fc15d1e3_113-72,2,0,0,2,45ed20a0-ba4b-41f2-9498-6084fc15d1e3,0.45454119941943527
45f5f3df-072e-4869-b332-cfc3652092b2_997-48,0,0,0,3,45f5f3df-072e-4869-b332-cfc3652092b2,0.018171738954058325
4651e5c2-4371-4af2-8f05-cb8b0b1ec7fd_233-33,0,0,0,0,4651e5c2-4371-4af2-8f05-cb8b0b1ec7fd,0.42348325808432596
46c3b557-dbda-4868-a9c8-43741d5815e1_288-99,0,0,0,4,46c3b557-dbda-4868-a9c8-43741d5815e1,1.1538954320783548
470499d1-e015-4d45-a858-ca3e9566085e_2490-62,1,1,1,4,470499d1-e015-4d45-a858-ca3e9566085e,1.3353563403896027
470499d1-e015-4d45-a858-ca3e9566085e_2861-64,1,1,1,4,470499d1-e015-4d45-a858-ca3e9566085e,0.006035836648525805
470499d1-e015-4d45-a858-ca3e9566085e_961-34,3,0,0,4,470499d1-e015-4d45-a858-ca3e9566085e,0.2988813125584062
4756ab70-a3dc-4855-b015-70fd744ea8e8_82-91,1,1,1,3,4756ab70-a3dc-4855-b015-70fd744ea8e8,0.54410072693414
4767de01-96e1-4cf4-80f4-1c9d3acd26ed_650-13,1,0,0,0,4767de01-96e1-4cf4-80f4-1c9d3acd26ed,1.0120494185045241
4840195a-580a-44c9-b1de-4bbb792473b5_487-41,0,0,0,1,4840195a-580a-44c9-b1de-4bbb792473b5,0.17614317733814633
48acd7ed-cafc-494b-9e47-8dddcdf0fa75_819-59,0,1,1,4,48acd7ed-cafc-494b-9e47-8dddcdf0fa75,1.6354963027689662
48bd6bfb-1322-41b5-9641-20a647976ea8_10-49,3,0,0,4,48bd6bfb-1322-41b5-9641-20a647976ea8,0.8668436610945234
48bd6bfb-1322-41b5-9641-20a647976ea8_261-42,3,1,1,4,48bd6bfb-1322-41b5-9641-20a647976ea8,0.6786158085861138
48d7d009-425f-4d1a-a6a9-a4742bd0d9fe_2349-91,0,1,1,0,48d7d009-425f-4d1a-a6a9-a4742bd0d9fe,1.3344912656955064
48d7d009-425f-4d1a-a6a9-a4742bd0d9fe_2561-43,2,1,1,0,48d7d009-425f-4d1a-a6a9-a4742bd0d9fe,1.1748069100818879
48d7d009-425f-4d1a-a6a9-a4742bd0d9fe_30-60,0,1,1,0,48d7d009-425f-4d1a-a6a9-a4742bd0d9fe,-0.26591401221692545
490b4f30-9bb5-4bf2-966b-13d509b5709b_1247-51,2,1,1,1,490b4f30-9bb5-4bf2-966b-13d509b5709b,1.0996840748658954
4930cced-9b84-464e-88ce-3990188efed6_1781-50,1,1,1,3,4930cced-9b84-464e-88ce-3990188efed6,1.6406341641141313
493dbd4d-bfc7-4086-b4ee-f3d081c34697_864-22,3,0,0,3,493dbd4d-bfc7-4086-b4ee-f3d081c34697,1.9934087613860265
49925bc0-d1f2-4623-891f-147641b0e94f_1165-19,0,0,0,2,49925bc0-d1f2-4623-891f-147641b0e94f,0.07764794260489993
49b14463-2172-4b0e-ad13-fdf9383e9a77_284-00,1,0,0,4,49b14463-2172-4b0e-ad13-fdf9383e9a77,0.9627404696522133
49b14463-2172-4b0e-ad13-fdf9383e9a77_426-72,0,0,0,4,49b14463-2172-4b0e-ad13-fdf9383e9a77,0.8232201683207196
49f87e0a-cc34-447e-87ba-209e430aafb0_2852-27,2,0,0,2,49f87e0a-cc34-447e-87ba-209e430aafb0,0.4596650966134068
49f87e0a-cc34-447e-87ba-209e430aafb0_4558-50,0,1,1,2,49f87e0a-cc34-447e-87ba-209e430aafb0,1.4028096714233087
4ac57aee-4ac0-457e-b9de-9419056e4bbd_295-55,0,1,1,1,4ac57aee-4ac0-457e-b9de-9419056e4bbd,0.4009136014092707
4b5de875-cc82-494e-b768-8ac0ae3bb279_1405-68,2,0,0,3,4b5de875-cc82-494e-b768-8ac0ae3bb279,0.9606374516733898
4b5de875-cc82-494e-b768-8ac0ae3bb279_668-27,0,1,1,3,4b5de875-cc82-494e-b768-8ac0ae3bb279,0.4346690682309755
4b5de875-cc82-494e-b768-8ac0ae3bb279_930-87,0,1,1,3,4b5de875-cc82-494e-b768-8ac0ae3bb279,0.5252350489027677
4b5de875-cc82-494e-b768-8ac0ae3bb279_997-77,2,1,1,3,4b5de875-cc82-494e-b768-8ac0ae3bb279,1.0334172565984547
4bd37cff-a43b-4843-b0ff-06ecfe00017e_258-98,1,0,0,3,4bd37cff-a43b-4843-b0ff-06ecfe00017e,0.057812082826442346
4bd37cff-a43b-4843-b0ff-06ecfe00017e_270-00,0,0,0,3,4bd37cff-a43b-4843-b0ff-06ecfe00017e,1.0670091845654917
4bea2a96-1f1f-4149-8447-766553bbba22_1364-79,1,0,0,0,4bea2a96-1f1f-4149-8447-766553bbba22,-0.16931203083932167
4bea2a96-1f1f-4149-8447-766553bbba22_1922-01,0,1,1,0,4bea2a96-1f1f-4149-8447-766553bbba22,0.9115115481103255
4bf46557-3c5a-4a89-840d-158403590c9f_1472-48,0,1,1,3,4bf46557-3c5a-4a89-840d-158403590c9f,-0.09612954552888597
4bf46557-3c5a-4a89-840d-158403590c9f_3598-37,3,0,0,3,4bf46557-3c5a-4a89-840d-158403590c9f,-0.1216331747809214
4bf46557-3c5a-4a89-840d-158403590c9f_3687-37,1,0,0,3,4bf46557-3c5a-4a89-840d-158403590c9f,1.5029571987391284
4c53aaac-76f0-4874-ab1c-738286b9698e_727-03,1,0,0,2,4c53aaac-76f0-4874-ab1c-738286b9698e,0.6280582493778175
4c53aaac-76f0-4874-ab1c-738286b9698e_902-84,0,0,0,2,4c53aaac-76f0-4874-ab1c-738286b9698e,1.4645035087828762
4c642620-db0e-4096-9ece-2b2c6fdb47b0_3829-12,0,1,1,4,4c642620-db0e-4096-9ece-2b2c6fdb47b0,-0.3439079473915121
4c64e0d9-72f4-427f-995d-112ef1a2b7a1_210-26,1,1,1,0,4c64e0d9-72f4-427f-995d-112ef1a2b7a1,1.902207851507876
4c6f009a-f0ca-4557-8723-4111761e0a9a_879-68,3,0,0,2,4c6f009a-f0ca-4557-8723-4111761e0a9a,0.7275785794007399
4c70179a-f411-4f81-b44d-cfe34b8f9180_356-35,3,1,1,2,4c70179a-f411-4f81-b44d-cfe34b8f9180,1.21718209617264
4c70179a-f411-4f81-b44d-cfe34b8f9180_551-50,3,0,0,2,4c70179a-f411-4f81-b44d-cfe34b8f9180,0.1406873720782711
4c70179a-f411-4f81-b44d-cfe34b8f9180_800-64,3,0,0,2,4c70179a-f411-4f81-b44d-cfe34b8f9180,0.4788141591965398
4c9777fc-1997-4dc8-a2d2-ea59c50b32f4_573-78,0,1,1,1,4c9777fc-1997-4dc8-a2d2-ea59c50b32f4,2.001337865194543
4ca97ff8-bc2a-462b-b4c9-b1a878564bea_94-99,2,1,1,2,4ca97ff8-bc2a-462b-b4c9-b1a878564bea,1.2728430330541263
4cd086c9-e7d4-4cb9-bdfe-9e55830cf52e_3435-93,2,1,1,0,4cd086c9-e7d4-4cb9-bdfe-9e55830cf52e,1.7477235226881627
4d1b11b2-e53a-40a5-a3a5-2b2441c60e17_621-95,3,0,0,1,4d1b11b2-e53a-40a5-a3a5-2b2441c60e17,0.6240559371393253
4d24d57d-96ba-4ea1-9542-ee0520d20d3e_1879-56,1,1,1,1,4d24d57d-96ba-4ea1-9542-ee0520d20d3e,1.0757600561628846
4d45174a-6a77-48cd-a8f2-9b93e2d47f07_0-01,3,0,0,0,4d45174a-6a77-48cd-a8f2-9b93e2d47f07,-0.7169389677377408
4d45174a-6a77-48cd-a8f2-9b93e2d47f07_604-84,1,0,0,0,4d45174a-6a77-48cd-a8f2-9b93e2d47f07,0.8355058128583805
4d45174a-6a77-48cd-a8f2-9b93e2d47f07_653-18,2,0,0,0,4d45174a-6a77-48cd-a8f2-9b93e2d47f07,1.0779761640127363
4d63c029-fd1d-48f2-9f61-7246bb9ef6fc_2979-35,1,1,1,1,4d63c029-fd1d-48f2-9f61-7246bb9ef6fc,-0.058856282068924015
4d76c2c7-c6a2-46a6-bc94-0033c629f040_291-37,2,0,0,4,4d76c2c7-c6a2-46a6-bc94-0033c629f040,1.6385438152852076
4d89d233-dbcf-4ea2-a90f-9a2c3b42d1d5_442-41,1,1,1,4,4d89d233-dbcf-4ea2-a90f-9a2c3b42d1d5,-0.2923351284993545
4dc1caff-6353-4a05-9382-92031b25f783_279-42,0,0,0,3,4dc1caff-6353-4a05-9382-92031b25f783,0.9555574094379728
4de25e28-5a34-4fbe-bc83-200d513b4d9a_1123-59,2,1,1,2,4de25e28-5a34-4fbe-bc83-200d513b4d9a,1.231878982940435
4efdd63d-515c-401a-a5b0-e2c84cbee0e6_2722-42,3,1,1,1,4efdd63d-515c-401a-a5b0-e2c84cbee0e6,0.8877339440094703
4efdd63d-515c-401a-a5b0-e2c84cbee0e6_4175-60,1,1,1,1,4efdd63d-515c-401a-a5b0-e2c84cbee0e6,0.5812309957164776
4f549225-e82e-4294-9379-4891e47725c7_1121-97,3,1,1,0,4f549225-e82e-4294-9379-4891e47725c7,1.4920037923534877
4f549225-e82e-4294-9379-4891e47725c7_299-04,2,0,0,0,4f549225-e82e-4294-9379-4891e47725c7,0.7540194415101622
4f549225-e82e-4294-9379-4891e47725c7_982-80,3,0,0,0,4f549225-e82e-4294-9379-4891e47725c7,0.8891888757239372
4f80ac6f-b78f-441b-b80d-fa8dd10756c4_471-91,3,1,1,1,4f80ac6f-b78f-441b-b80d-fa8dd10756c4,0.016621897334453184
4fde0689-6bc3-49d4-8d54-bf4cfe0ad287_403-70,2,0,0,3,4fde0689-6bc3-49d4-8d54-bf4cfe0ad287,0.6372957799638821
4ff2e551-1ccb-44ce-8b68-09666397f681_554-17,2,1,1,4,4ff2e551-1ccb-44ce-8b68-09666397f681,1.8063806359920958
500be78a-0a13-44c5-8bc6-bafaa9b94354_17-35,0,0,0,0,500be78a-0a13-44c5-8bc6-bafaa9b94354,-1.3533855242379658
501d1e55-968d-4c10-9d29-e0f4bee907a0_654-33,1,1,1,3,501d1e55-968d-4c10-9d29-e0f4bee907a0,0.9337719903186337
502debb3-c5f1-4dba-b2d4-b191d40da77a_5606-91,2,1,1,4,502debb3-c5f1-4dba-b2d4-b191d40da77a,2.414345469816857
508cf068-6523-4368-a6b1-76ba538f1fc9_1359-08,1,1,1,1,508cf068-6523-4368-a6b1-76ba538f1fc9,1.4416372020504784
50c1df1c-e016-472a-b0ac-d297b0c82e87_3264-37,0,1,1,2,50c1df1c-e016-472a-b0ac-d297b0c82e87,0.7663584447431975
50f31d76-6f29-4f80-b654-9437a0113bf5_2211-90,0,0,0,4,50f31d76-6f29-4f80-b654-9437a0113bf5,-0.7234467111047229
51364391-163c-484c-8de5-122abb5898de_1080-80,3,1,1,1,51364391-163c-484c-8de5-122abb5898de,1.0734673782689301
51364391-163c-484c-8de5-122abb5898de_1357-07,1,0,0,1,51364391-163c-484c-8de5-122abb5898de,0.8080727137196415
51364391-163c-484c-8de5-122abb5898de_1359-23,3,0,0,1,51364391-163c-484c-8de5-122abb5898de,0.47773950512643903
513f572f-6d1c-4a8a-8b57-9c1d0aa363f7_1015-09,3,1,1,3,513f572f-6d1c-4a8a-8b57-9c1d0aa363f7,0.7098121088936729
513f572f-6d1c-4a8a-8b57-9c1d0aa363f7_843-40,3,1,1,3,513f572f-6d1c-4a8a-8b57-9c1d0aa363f7,0.6433403419525299
513f572f-6d1c-4a8a-8b57-9c1d0aa363f7_969-20,1,1,1,3,513f572f-6d1c-4a8a-8b57-9c1d0aa363f7,2.287559034678609
516ba1f4-5cfd-4dd7-b4b6-a4c0605d1281_1838-55,1,0,0,2,516ba1f4-5cfd-4dd7-b4b6-a4c0605d1281,0.18898265024472427
5181422f-0b2c-4a39-af52-b2ca683e5451_1147-87,0,1,1,1,5181422f-0b2c-4a39-af52-b2ca683e5451,1.2454977660105808
5185ad85-6751-481e-8b28-2d93d2e20770_961-05,0,0,0,3,5185ad85-6751-481e-8b28-2d93d2e20770,0.20414475611915917
5185ad85-6751-481e-8b28-2d93d2e20770_964-94,0,1,1,3,5185ad85-6751-481e-8b28-2d93d2e20770,0.9909194725752528
520374ca-09f9-4716-8176-dd289ea7baa9_540-00,2,1,1,0,520374ca-09f9-4716-8176-dd289ea7baa9,0.8743188832391646
520374ca-09f9-4716-8176-dd289ea7baa9_659-75,0,1,1,0,520374ca-09f9-4716-8176-dd289ea7baa9,0.34831731435485724
526675a3-acea-4d5b-b5c9-ccb1b89f6e58_421-44,3,0,0,1,526675a3-acea-4d5b-b5c9-ccb1b89f6e58,1.2231278109188428
52c312b2-b47d-498d-a368-20db6a8bc879_1510-20,2,0,0,0,52c312b2-b47d-498d-a368-20db6a8bc879,-0.007056760496120029
5300d3f7-0674-4e08-bf1d-47b8c38a2842_39-70,2,0,0,1,5300d3f7-0674-4e08-bf1d-47b8c38a2842,2.473044442849603
5315437a-2530-47e5-a0e4-4ac656c7cfa4_570-57,0,0,0,2,5315437a-2530-47e5-a0e4-4ac656c7cfa4,1.0957473633462025
5318b45a-f8be-4ab2-a807-564d734527fb_1369-45,1,1,1,3,5318b45a-f8be-4ab2-a807-564d734527fb,1.1527481335408487
53bab63b-b6fa-494c-9dc7-c3fe61f234de_999-56,0,1,1,0,53bab63b-b6fa-494c-9dc7-c3fe61f234de,0.7391239229490645
53e92e25-fe03-4311-9a17-c4f6a29ccad1_1365-15,3,0,0,0,53e92e25-fe03-4311-9a17-c4f6a29ccad1,-0.3818061724183408
53e92e25-fe03-4311-9a17-c4f6a29ccad1_3512-58,0,0,0,0,53e92e25-fe03-4311-9a17-c4f6a29ccad1,1.09948610232484
53e92e25-fe03-4311-9a17-c4f6a29ccad1_983-79,2,1,1,0,53e92e25-fe03-4311-9a17-c4f6a29ccad1,1.0489560691284474
54a421d2-763e-4751-a6b4-54e3d6c46cc1_1143-22,2,1,1,4,54a421d2-763e-4751-a6b4-54e3d6c46cc1,2.2974693744870676
54a421d2-763e-4751-a6b4-54e3d6c46cc1_1361-15,3,1,1,4,54a421d2-763e-4751-a6b4-54e3d6c46cc1,0.13565031513262116
54a421d2-763e-4751-a6b4-54e3d6c46cc1_1458-60,2,1,1,4,54a421d2-763e-4751-a6b4-54e3d6c46cc1,0.15225336962362435
54a421d2-763e-4751-a6b4-54e3d6c46cc1_1553-16,0,1,1,4,54a421d2-763e-4751-a6b4-54e3d6c46cc1,0.8429011092415415
54a421d2-763e-4751-a6b4-54e3d6c46cc1_242-12,0,0,0,4,54a421d2-763e-4751-a6b4-54e3d6c46cc1,0.8237073299828759
54a421d2-763e-4751-a6b4-54e3d6c46cc1_676-59,2,0,0,4,54a421d2-763e-4751-a6b4-54e3d6c46cc1,-0.11256106484367079
54a421d2-763e-4751-a6b4-54e3d6c46cc1_692-41,0,0,0,4,54a421d2-763e-4751-a6b4-54e3d6c46cc1,0.35029535276113366
54a421d2-763e-4751-a6b4-54e3d6c46cc1_715-92,2,1,1,4,54a421d2-763e-4751-a6b4-54e3d6c46cc1,1.302890301539343
54adfe07-dcc1-4c3f-90a2-ac93ea7ff6df_173-06,0,0,0,4,54adfe07-dcc1-4c3f-90a2-ac93ea7ff6df,0.9894940836028718
54adfe07-dcc1-4c3f-90a2-ac93ea7ff6df_76-91,3,0,0,4,54adfe07-dcc1-4c3f-90a2-ac93ea7ff6df,-0.22483584982602034
555ff1a5-c30b-434c-a251-b5105cdc1fb9_1647-31,2,1,1,2,555ff1a5-c30b-434c-a251-b5105cdc1fb9,-0.26163869179685073
55ef5db5-af7c-4ccd-9c7d-a4d415e195b7_753-73,2,1,1,3,55ef5db5-af7c-4ccd-9c7d-a4d415e195b7,1.1584182588931948
55ef5db5-af7c-4ccd-9c7d-a4d415e195b7_857-01,1,1,1,3,55ef5db5-af7c-4ccd-9c7d-a4d415e195b7,1.480120506376686
5605bd9a-d151-4d5b-b0f6-cfc28ae6937e_2980-56,3,0,0,2,5605bd9a-d151-4d5b-b0f6-cfc28ae6937e,0.9363810910701116
5605bd9a-d151-4d5b-b0f6-cfc28ae6937e_3534-55,3,1,1,2,5605bd9a-d151-4d5b-b0f6-cfc28ae6937e,1.2337268497056268
5605bd9a-d151-4d5b-b0f6-cfc28ae6937e_4053-60,0,0,0,2,5605bd9a-d151-4d5b-b0f6-cfc28ae6937e,0.5015632795416483
5605bd9a-d151-4d5b-b0f6-cfc28ae6937e_457-07,2,0,0,2,5605bd9a-d151-4d5b-b0f6-cfc28ae6937e,0.4701034531114505
5605bd9a-d151-4d5b-b0f6-cfc28ae6937e_709-52,2,1,1,2,5605bd9a-d151-4d5b-b0f6-cfc28ae6937e,-0.027225229946062246
5605bd9a-d151-4d5b-b0f6-cfc28ae6937e_999-27,2,1,1,2,5605bd9a-d151-4d5b-b0f6-cfc28ae6937e,0.012386699258612355
564c0350-9fbf-4659-b310-a929fa3c82e4_555-36,3,1,1,1,564c0350-9fbf-4659-b310-a929fa3c82e4,2.8732250108034547
56504e4e-a228-4b28-baa4-1ce2de03c2d4_1630-93,1,0,0,2,56504e4e-a228-4b28-baa4-1ce2de03c2d4,1.03871067495078
56c5fea0-73fb-4239-b740-1faf19e75e6f_1246-35,1,1,1,0,56c5fea0-73fb-4239-b740-1faf19e75e6f,0.9336182856184161
56da7a14-f3fe-4dd9-9acb-92917603f42c_469-73,0,0,0,3,56da7a14-f3fe-4dd9-9acb-92917603f42c,-0.5773949659068942
56da7a14-f3fe-4dd9-9acb-92917603f42c_521-16,3,0,0,3,56da7a14-f3fe-4dd9-9acb-92917603f42c,-0.1667631563785381
570fc280-231c-4a3e-99c2-12eefed1c122_925-58,1,0,0,0,570fc280-231c-4a3e-99c2-12eefed1c122,0.8060765767712996
57467033-41ad-48f8-bc45-26f0b92a1b48_681-96,2,1,1,3,57467033-41ad-48f8-bc45-26f0b92a1b48,1.1732400053615655
57ac6d7c-d317-4f85-aab1-d95ecaaacd5b_290-69,2,1,1,1,57ac6d7c-d317-4f85-aab1-d95ecaaacd5b,1.7847874506867958
57e88d87-257e-434d-953e-6025367e99fe_446-64,0,0,0,4,57e88d87-257e-434d-953e-6025367e99fe,-0.2792549727356004
57e88d87-257e-434d-953e-6025367e99fe_448-77,0,0,0,4,57e88d87-257e-434d-953e-6025367e99fe,0.20619574486572256
5826d5ed-1456-443f-b333-202bb216a31d_1637-74,0,0,0,3,5826d5ed-1456-443f-b333-202bb216a31d,0.8252840957733951
583dc873-0ccd-4d04-bb56-4d403ab28e85_218-71,1,1,1,0,583dc873-0ccd-4d04-bb56-4d403ab28e85,0.8680345633428574
584f625d-15b0-49e8-bfa6-718b9cf010e0_834-78,0,1,1,2,584f625d-15b0-49e8-bfa6-718b9cf010e0,0.9774422005166501
584fd34c-9bd5-44fd-8266-9d3161d8c790_3302-91,0,1,1,3,584fd34c-9bd5-44fd-8266-9d3161d8c790,0.7662704591377694
596760c3-b1d6-453c-916c-ecbc30ab1c5d_1349-91,2,1,1,1,596760c3-b1d6-453c-916c-ecbc30ab1c5d,1.6951335723317207
596760c3-b1d6-453c-916c-ecbc30ab1c5d_1392-89,1,1,1,1,596760c3-b1d6-453c-916c-ecbc30ab1c5d,0.22042061204671692
596760c3-b1d6-453c-916c-ecbc30ab1c5d_1448-53,0,0,0,1,596760c3-b1d6-453c-916c-ecbc30ab1c5d,0.635993367975108
59764b58-1523-48b3-88d2-9fc07880e597_1504-77,2,0,0,2,59764b58-1523-48b3-88d2-9fc07880e597,0.5996736310093775
59857657-5cb1-4268-9c8f-ab6cb3c3ad3b_5306-98,2,1,1,4,59857657-5cb1-4268-9c8f-ab6cb3c3ad3b,1.2430403394336897
59857657-5cb1-4268-9c8f-ab6cb3c3ad3b_5438-01,3,1,1,4,59857657-5cb1-4268-9c8f-ab6cb3c3ad3b,1.363927749809954
59857657-5cb1-4268-9c8f-ab6cb3c3ad3b_9450-00,1,1,1,4,59857657-5cb1-4268-9c8f-ab6cb3c3ad3b,1.7594139617856648
59857657-5cb1-4268-9c8f-ab6cb3c3ad3b_979-26,2,1,1,4,59857657-5cb1-4268-9c8f-ab6cb3c3ad3b,1.1914348977275648
59976b3b-2328-47f2-a7b3-6f982497ed65_622-81,3,1,1,4,59976b3b-2328-47f2-a7b3-6f982497ed65,0.8298412439465261
5a009b9f-fed2-45a8-8006-b59b655334d1_50-58,0,0,0,0,5a009b9f-fed2-45a8-8006-b59b655334d1,-0.3751323487054812
5a9ca82c-bb33-4f05-9e08-efd614269566_1201-43,0,0,0,1,5a9ca82c-bb33-4f05-9e08-efd614269566,1.1962868686620383
5aa01f1b-351d-428b-a1be-1f2edaff6a0c_693-84,2,1,1,0,5aa01f1b-351d-428b-a1be-1f2edaff6a0c,2.643776920083193
5aa8f84b-aea8-4e40-b710-82b93875e1ae_422-21,3,1,1,4,5aa8f84b-aea8-4e40-b710-82b93875e1ae,0.792365381366527
5ab334f2-ecc8-4a05-96f8-4320225379b2_1773-43,0,1,1,3,5ab334f2-ecc8-4a05-96f8-4320225379b2,1.02048947500795
5ab334f2-ecc8-4a05-96f8-4320225379b2_214-77,2,1,1,3,5ab334f2-ecc8-4a05-96f8-4320225379b2,0.8384402151187136
5ab334f2-ecc8-4a05-96f8-4320225379b2_70-12,1,1,1,3,5ab334f2-ecc8-4a05-96f8-4320225379b2,0.8734419848361104
5ab334f2-ecc8-4a05-96f8-4320225379b2_879-22,2,0,0,3,5ab334f2-ecc8-4a05-96f8-4320225379b2,1.1344430702109871
5ab334f2-ecc8-4a05-96f8-4320225379b2_905-78,1,0,0,3,5ab334f2-ecc8-4a05-96f8-4320225379b2,0.8523286532182335
5b0225e8-b81b-42fe-aa08-b0732b46c8bd_1082-56,0,1,1,0,5b0225e8-b81b-42fe-aa08-b0732b46c8bd,1.1046736735011287
5b0225e8-b81b-42fe-aa08-b0732b46c8bd_1130-00,3,1,1,0,5b0225e8-b81b-42fe-aa08-b0732b46c8bd,0.8539229272914288
5b0225e8-b81b-42fe-aa08-b0732b46c8bd_1130-47,0,0,0,0,5b0225e8-b81b-42fe-aa08-b0732b46c8bd,1.3658644346942048
5b0225e8-b81b-42fe-aa08-b0732b46c8bd_1131-66,1,1,1,0,5b0225e8-b81b-42fe-aa08-b0732b46c8bd,0.8686260897420524
5b0225e8-b81b-42fe-aa08-b0732b46c8bd_381-48,3,0,0,0,5b0225e8-b81b-42fe-aa08-b0732b46c8bd,-0.09620100860813996
5b0c9075-f81d-488c-9862-c9c3b9ca27b5_843-40,0,0,0,0,5b0c9075-f81d-488c-9862-c9c3b9ca27b5,-0.2233942415738328
5b329676-c4f5-49a7-9999-fa3884190b1e_91-50,3,0,0,3,5b329676-c4f5-49a7-9999-fa3884190b1e,0.03582439107237834
5c172db2-eca2-4f9a-8963-b2111123fef2_81-63,1,0,0,0,5c172db2-eca2-4f9a-8963-b2111123fef2,-0.2078074928177911
5c3be03c-07a5-4427-a2fe-449f16e8017b_787-88,0,0,0,3,5c3be03c-07a5-4427-a2fe-449f16e8017b,1.1985634616393728
5c9b85ea-24a9-4bfd-8ac2-4ca6f9090231_3247-42,1,0,0,3,5c9b85ea-24a9-4bfd-8ac2-4ca6f9090231,0.9364333774178062
5c9b85ea-24a9-4bfd-8ac2-4ca6f9090231_3510-00,2,0,0,3,5c9b85ea-24a9-4bfd-8ac2-4ca6f9090231,1.0345802164902158
5c9b85ea-24a9-4bfd-8ac2-4ca6f9090231_4576-22,3,1,1,3,5c9b85ea-24a9-4bfd-8ac2-4ca6f9090231,0.43003832706526146
5cab806a-3794-4578-94f2-33c3093151d1_391-05,0,0,0,2,5cab806a-3794-4578-94f2-33c3093151d1,-0.5520027007170341
5cab806a-3794-4578-94f2-33c3093151d1_433-69,1,0,0,2,5cab806a-3794-4578-94f2-33c3093151d1,0.5054610597901326
5cab806a-3794-4578-94f2-33c3093151d1_546-82,3,1,1,2,5cab806a-3794-4578-94f2-33c3093151d1,1.4262946307532645
5cee04cd-4adb-4a12-a476-1ba1db44865c_1289-65,1,1,1,0,5cee04cd-4adb-4a12-a476-1ba1db44865c,1.525956874846233
5cf98bc1-012f-482d-86ee-9337d8747dce_1374-50,2,0,0,1,5cf98bc1-012f-482d-86ee-9337d8747dce,0.7708496823690487
5cf98bc1-012f-482d-86ee-9337d8747dce_2305-61,2,0,0,1,5cf98bc1-012f-482d-86ee-9337d8747dce,0.45210157297245734
5cff48d5-d4e3-465f-8302-64cd493aba53_0-01,2,1,1,3,5cff48d5-d4e3-465f-8302-64cd493aba53,-0.6526290795407664
5cff48d5-d4e3-465f-8302-64cd493aba53_399-10,3,1,1,3,5cff48d5-d4e3-465f-8302-64cd493aba53,0.6225780012314186
5d00d9ae-e932-42d5-8eee-ed24f83c8661_0-06,1,1,1,2,5d00d9ae-e932-42d5-8eee-ed24f83c8661,1.91490928719899
5d090853-467e-4f95-9f9e-ac0582023111_504-40,0,0,0,0,5d090853-467e-4f95-9f9e-ac0582023111,0.40866016392945004
5d8dfcfe-93e4-465e-a548-44c1442ffa29_291-14,1,1,1,1,5d8dfcfe-93e4-465e-a548-44c1442ffa29,1.7771269712809634
5dac9d4b-1ac8-468b-a51b-8b7e0dbe554b_1086-76,2,1,1,1,5dac9d4b-1ac8-468b-a51b-8b7e0dbe554b,2.4279670564681046
5dde766e-e93a-4d48-b3c7-96774f24d39d_560-47,2,1,1,3,5dde766e-e93a-4d48-b3c7-96774f24d39d,2.402172687883416
5e193b30-3e79-4851-801b-dab99125cd44_2971-00,3,0,0,3,5e193b30-3e79-4851-801b-dab99125cd44,-0.10486900567817092
5e193b30-3e79-4851-801b-dab99125cd44_3348-61,0,1,1,3,5e193b30-3e79-4851-801b-dab99125cd44,-0.4624646920677643
5e7a6a04-70d3-4ce5-82ff-971ca6478328_1045-51,0,0,0,1,5e7a6a04-70d3-4ce5-82ff-971ca6478328,0.7377519009247717
5e7dbc32-08e0-4266-9bd3-27c412d1af7c_182-45,1,0,0,3,5e7dbc32-08e0-4266-9bd3-27c412d1af7c,2.3831911599479376
5e97e33c-b3ca-48b2-9e7e-069fe39199fb_1921-41,3,0,0,0,5e97e33c-b3ca-48b2-9e7e-069fe39199fb,-0.22090208500652975
5e97e33c-b3ca-48b2-9e7e-069fe39199fb_509-89,0,0,0,0,5e97e33c-b3ca-48b2-9e7e-069fe39199fb,0.03471755484828165
5ead8e7c-2600-44b1-afd6-b82cb5f7b9ce_119-97,3,1,1,0,5ead8e7c-2600-44b1-afd6-b82cb5f7b9ce,1.73082025785699
5ead8e7c-2600-44b1-afd6-b82cb5f7b9ce_195-55,0,1,1,0,5ead8e7c-2600-44b1-afd6-b82cb5f7b9ce,-0.006356808172203188
5ead8e7c-2600-44b1-afd6-b82cb5f7b9ce_3241-48,1,1,1,0,5ead8e7c-2600-44b1-afd6-b82cb5f7b9ce,1.472015918742469
5ead8e7c-2600-44b1-afd6-b82cb5f7b9ce_567-35,0,0,0,0,5ead8e7c-2600-44b1-afd6-b82cb5f7b9ce,0.7280335881620754
5ead8e7c-2600-44b1-afd6-b82cb5f7b9ce_568-30,1,0,0,0,5ead8e7c-2600-44b1-afd6-b82cb5f7b9ce,0.15542212930015586
5ed59c41-af9e-4368-a0ce-30d536d34895_1493-26,1,0,0,4,5ed59c41-af9e-4368-a0ce-30d536d34895,1.3190353821542917
5ed59c41-af9e-4368-a0ce-30d536d34895_1575-15,1,0,0,4,5ed59c41-af9e-4368-a0ce-30d536d34895,-0.012547282571516716
5ed59c41-af9e-4368-a0ce-30d536d34895_494-33,1,0,0,4,5ed59c41-af9e-4368-a0ce-30d536d34895,1.1221530668062574
5f0ed597-4f1e-4075-81dc-64a3c0bb81f3_3-80,3,1,1,0,5f0ed597-4f1e-4075-81dc-64a3c0bb81f3,0.8615102653706721
5f26c69f-6f1c-4041-a81f-3c4808e0a385_1353-30,0,1,1,1,5f26c69f-6f1c-4041-a81f-3c4808e0a385,0.30263345346147563
5f26c69f-6f1c-4041-a81f-3c4808e0a385_151-47,1,1,1,1,5f26c69f-6f1c-4041-a81f-3c4808e0a385,1.228373917669394
5f26c69f-6f1c-4041-a81f-3c4808e0a385_156-09,2,0,0,1,5f26c69f-6f1c-4041-a81f-3c4808e0a385,1.7575047170592015
5f2d9e8b-6e0b-4e36-9f5b-d26bbe0a7c7c_1129-51,0,0,0,2,5f2d9e8b-6e0b-4e36-9f5b-d26bbe0a7c7c,2.053861714912423
600e392c-4be6-4b8b-bef8-e789ce3d8915_2298-42,0,0,0,1,600e392c-4be6-4b8b-bef8-e789ce3d8915,0.604502409976537
600e392c-4be6-4b8b-bef8-e789ce3d8915_3230-09,2,0,0,1,600e392c-4be6-4b8b-bef8-e789ce3d8915,1.5235177051840687
600e392c-4be6-4b8b-bef8-e789ce3d8915_6486-35,0,1,1,1,600e392c-4be6-4b8b-bef8-e789ce3d8915,0.14096689864508405
600e392c-4be6-4b8b-bef8-e789ce3d8915_7199-73,0,0,0,1,600e392c-4be6-4b8b-bef8-e789ce3d8915,0.5537662337162035
60209262-ab8e-4214-a8dd-4764a9a4b26d_842-54,3,0,0,2,60209262-ab8e-4214-a8dd-4764a9a4b26d,1.515438440503443
606a91df-fc77-444e-988d-e0178c83c586_342-58,0,0,0,1,606a91df-fc77-444e-988d-e0178c83c586,0.3805745853810967
6070d9d1-9962-49f3-8ac7-4e29ca07e104_164-20,2,0,0,2,6070d9d1-9962-49f3-8ac7-4e29ca07e104,0.7498450366121101
6070d9d1-9962-49f3-8ac7-4e29ca07e104_284-21,1,1,1,2,6070d9d1-9962-49f3-8ac7-4e29ca07e104,-0.2815136804421383
608f2b9c-d004-42db-9f0c-e89b203dfb01_8-92,2,0,0,0,608f2b9c-d004-42db-9f0c-e89b203dfb01,2.2646791785645752
615c5cd1-1dab-4667-94ce-30bfe52e7cd4_821-72,3,0,0,4,615c5cd1-1dab-4667-94ce-30bfe52e7cd4,0.8417410150626408
615edb9e-bfc7-4080-afb3-d29e98ce2216_816-65,0,0,0,3,615edb9e-bfc7-4080-afb3-d29e98ce2216,1.4755074187669315
61da558c-b125-4e65-a8a6-28f0eae34c1a_156-26,0,1,1,2,61da558c-b125-4e65-a8a6-28f0eae34c1a,0.4311161967991881
620d3087-c6fb-4b08-bb6a-4dc4ede3b994_1607-58,0,1,1,0,620d3087-c6fb-4b08-bb6a-4dc4ede3b994,1.4913744015181085
620d3087-c6fb-4b08-bb6a-4dc4ede3b994_232-40,1,1,1,0,620d3087-c6fb-4b08-bb6a-4dc4ede3b994,0.1669129097696127
620d3087-c6fb-4b08-bb6a-4dc4ede3b994_2651-56,1,1,1,0,620d3087-c6fb-4b08-bb6a-4dc4ede3b994,0.4418263798955757
620d3087-c6fb-4b08-bb6a-4dc4ede3b994_432-70,2,0,0,0,620d3087-c6fb-4b08-bb6a-4dc4ede3b994,0.44369362788864253
62103d3d-d89d-4f54-a766-1beb22eb994b_179-41,1,0,0,1,62103d3d-d89d-4f54-a766-1beb22eb994b,0.06740756065175346
62103d3d-d89d-4f54-a766-1beb22eb994b_617-19,2,1,1,1,62103d3d-d89d-4f54-a766-1beb22eb994b,-0.35181346040751715
622ab8aa-21f8-4ad0-99c3-7f4876850df7_193-96,1,1,1,1,622ab8aa-21f8-4ad0-99c3-7f4876850df7,1.6985251771203165
6243586b-a8df-4c37-95f8-da7f4f5d57d6_513-82,3,1,1,3,6243586b-a8df-4c37-95f8-da7f4f5d57d6,0.22125782839421948
6243586b-a8df-4c37-95f8-da7f4f5d57d6_868-79,1,0,0,3,6243586b-a8df-4c37-95f8-da7f4f5d57d6,0.47325708204856864
624a6c0a-a4cb-4073-b501-48e4b6b679e4_1095-75,2,1,1,1,624a6c0a-a4cb-4073-b501-48e4b6b679e4,0.7442512981078269
624a6c0a-a4cb-4073-b501-48e4b6b679e4_1105-28,1,1,1,1,624a6c0a-a4cb-4073-b501-48e4b6b679e4,0.5375747535471478
624a6c0a-a4cb-4073-b501-48e4b6b679e4_1105-63,3,1,1,1,624a6c0a-a4cb-4073-b501-48e4b6b679e4,0.7652775837009902
62abef54-29ef-43ec-ba1d-43496d986e89_2257-41,0,1,1,0,62abef54-29ef-43ec-ba1d-43496d986e89,0.04103116245018312
62baa1d3-a742-4d3d-a978-537a7988e13e_1461-40,1,0,0,4,62baa1d3-a742-4d3d-a978-537a7988e13e,0.051537565648115846
62e3b74a-01ad-4824-aace-5cc12ebd2c47_228-93,2,0,0,3,62e3b74a-01ad-4824-aace-5cc12ebd2c47,0.19360174593743085
6306375a-1533-4f3c-843b-0cd51b4bf449_1-23,0,1,1,1,6306375a-1533-4f3c-843b-0cd51b4bf449,0.7320252039759503
6322a6f2-f271-4335-bf46-d428a5a58298_0-02,1,1,1,0,6322a6f2-f271-4335-bf46-d428a5a58298,-0.08392059853986233
635cb327-1636-4fbc-a9ca-5a7adfc34b2e_0-40,1,1,1,0,635cb327-1636-4fbc-a9ca-5a7adfc34b2e,1.3565732542928934
6395f964-0122-4f16-b036-337c28488504_1626-75,1,0,0,4,6395f964-0122-4f16-b036-337c28488504,0.2124919655651274
63d56e4c-e454-48c2-a8f2-5bc2c34622ca_1218-51,1,1,1,4,63d56e4c-e454-48c2-a8f2-5bc2c34622ca,0.9157547704208229
63d56e4c-e454-48c2-a8f2-5bc2c34622ca_172-69,1,1,1,4,63d56e4c-e454-48c2-a8f2-5bc2c34622ca,1.5498422665582998
63d56e4c-e454-48c2-a8f2-5bc2c34622ca_903-77,1,1,1,4,63d56e4c-e454-48c2-a8f2-5bc2c34622ca,0.8771175686502892
63e9e643-25c5-435d-b6f0-0aab1af76e68_28-98,1,0,0,3,63e9e643-25c5-435d-b6f0-0aab1af76e68,0.5135385146113085
64049385-6855-4eed-8b3c-ce3e8d704008_1157-10,0,0,0,2,64049385-6855-4eed-8b3c-ce3e8d704008,1.1062491057216348
64747fa7-c7b9-46fc-ac9d-ea9a514d91df_73-27,2,0,0,1,64747fa7-c7b9-46fc-ac9d-ea9a514d91df,1.4184809582652538
64792a03-b8ea-4fdc-96d8-1e1199b73658_1352-24,1,0,0,0,64792a03-b8ea-4fdc-96d8-1e1199b73658,0.9326044880639355
64ec6de1-0e86-49de-889c-4a0fdcba6658_808-22,3,1,1,4,64ec6de1-0e86-49de-889c-4a0fdcba6658,0.38073621592900575
652f0590-aab5-4de1-b578-238adb54fa0e_3914-88,2,0,0,3,652f0590-aab5-4de1-b578-238adb54fa0e,1.6925467029007784
65d6d7a3-11f7-4472-82b9-527ca04fe25b_1274-77,1,1,1,4,65d6d7a3-11f7-4472-82b9-527ca04fe25b,0.12231254767675792
65d6d7a3-11f7-4472-82b9-527ca04fe25b_633-02,0,1,1,4,65d6d7a3-11f7-4472-82b9-527ca04fe25b,2.1857862811117026
65f4949e-e8fe-4b77-972e-35d368ca546a_1165-75,0,1,1,2,65f4949e-e8fe-4b77-972e-35d368ca546a,0.10101766770314158
6639f53c-701d-4fe7-adcd-55d040ce8afe_0-03,1,1,1,1,6639f53c-701d-4fe7-adcd-55d040ce8afe,1.3789169089867859
668962c9-ecae-4b8f-bdc1-a6aeab093d88_1261-54,0,0,0,1,668962c9-ecae-4b8f-bdc1-a6aeab093d88,0.1793427959663969
668962c9-ecae-4b8f-bdc1-a6aeab093d88_1333-29,3,1,1,1,668962c9-ecae-4b8f-bdc1-a6aeab093d88,1.260398149288348
668962c9-ecae-4b8f-bdc1-a6aeab093d88_811-44,1,0,0,1,668962c9-ecae-4b8f-bdc1-a6aeab093d88,0.01886564725623896
66bf8281-f77c-4e37-b9a8-5f2aabf73ef9_943-34,3,0,0,3,66bf8281-f77c-4e37-b9a8-5f2aabf73ef9,1.2546527523473434
67a8114b-7f37-443d-8beb-64886095f935_184-82,3,0,0,0,67a8114b-7f37-443d-8beb-64886095f935,-0.2944607308405631
67a8114b-7f37-443d-8beb-64886095f935_636-28,0,0,0,0,67a8114b-7f37-443d-8beb-64886095f935,1.2847726276113791
67a8114b-7f37-443d-8beb-64886095f935_797-83,0,0,0,0,67a8114b-7f37-443d-8beb-64886095f935,1.0992969400448236
67b78a5b-ab72-4483-95c4-33e837013e93_2874-42,3,1,1,2,67b78a5b-ab72-4483-95c4-33e837013e93,-0.10795532123727192
67bc312a-3b49-4847-aa79-63ad7d3e4217_303-11,3,0,0,3,67bc312a-3b49-4847-aa79-63ad7d3e4217,0.1499527326113279
67bc312a-3b49-4847-aa79-63ad7d3e4217_537-95,0,0,0,3,67bc312a-3b49-4847-aa79-63ad7d3e4217,1.2576300559493563
67bc312a-3b49-4847-aa79-63ad7d3e4217_554-07,2,1,1,3,67bc312a-3b49-4847-aa79-63ad7d3e4217,0.754045405600807
68134357-62e5-4f0b-8300-2e661763aeb5_374-98,3,1,1,4,68134357-62e5-4f0b-8300-2e661763aeb5,0.2694513158790588
68134357-62e5-4f0b-8300-2e661763aeb5_389-26,2,1,1,4,68134357-62e5-4f0b-8300-2e661763aeb5,-0.18703594872807727
68150eb1-47cd-4617-953a-0afdf67b2adb_2839-25,2,1,1,4,68150eb1-47cd-4617-953a-0afdf67b2adb,1.762832371820609
68a03b86-201f-4935-9847-f2753905f298_1057-96,0,0,0,3,68a03b86-201f-4935-9847-f2753905f298,1.3621431984169112
69190e7c-457f-489d-9071-c2a9185e4853_144-34,3,1,1,3,69190e7c-457f-489d-9071-c2a9185e4853,1.2064727395124002
69366f34-43c0-4d11-bec4-3c1c945cbfd4_4408-78,3,1,1,2,69366f34-43c0-4d11-bec4-3c1c945cbfd4,1.7233864136489887
6956cb48-951c-4607-a42b-a66de2c186be_292-00,1,1,1,2,6956cb48-951c-4607-a42b-a66de2c186be,1.49705743766472
6956cb48-951c-4607-a42b-a66de2c186be_59-73,1,1,1,2,6956cb48-951c-4607-a42b-a66de2c186be,0.6029831165356152
695cefe9-04c0-42fb-80fc-d308b314b788_1-28,0,1,1,0,695cefe9-04c0-42fb-80fc-d308b314b788,0.6600557256186383
695cefe9-04c0-42fb-80fc-d308b314b788_303-92,1,1,1,0,695cefe9-04c0-42fb-80fc-d308b314b788,-0.5470424740754007
695cefe9-04c0-42fb-80fc-d308b314b788_330-48,0,1,1,0,695cefe9-04c0-42fb-80fc-d308b314b788,0.7149004139964532
695cefe9-04c0-42fb-80fc-d308b314b788_437-09,3,0,0,0,695cefe9-04c0-42fb-80fc-d308b314b788,0.9404213553468082
695cefe9-04c0-42fb-80fc-d308b314b788_443-90,1,0,0,0,695cefe9-04c0-42fb-80fc-d308b314b788,0.9153510234374767
695cefe9-04c0-42fb-80fc-d308b314b788_662-96,0,0,0,0,695cefe9-04c0-42fb-80fc-d308b314b788,-0.5384738676794572
695cefe9-04c0-42fb-80fc-d308b314b788_68-11,3,0,0,0,695cefe9-04c0-42fb-80fc-d308b314b788,0.5610397161126301
695cefe9-04c0-42fb-80fc-d308b314b788_789-70,2,1,1,0,695cefe9-04c0-42fb-80fc-d308b314b788,0.573420555636877
6989df0e-b8da-48a4-bc69-b01f6f8aef1a_378-59,1,0,0,1,6989df0e-b8da-48a4-bc69-b01f6f8aef1a,0.21242242386478427
699b47de-9fc5-4b98-ba35-ecf79886a8db_1850-50,1,0,0,3,699b47de-9fc5-4b98-ba35-ecf79886a8db,1.125420660502466
699b47de-9fc5-4b98-ba35-ecf79886a8db_782-75,2,0,0,3,699b47de-9fc5-4b98-ba35-ecf79886a8db,0.5902462899938132
69ae6e65-a60b-46b0-b256-9d1aeaf34b0a_3951-27,3,0,0,0,69ae6e65-a60b-46b0-b256-9d1aeaf34b0a,0.5747876011409141
69c7d261-18f8-4a1d-9f56-6b4e8eac4d23_601-00,1,1,1,4,69c7d261-18f8-4a1d-9f56-6b4e8eac4d23,0.9211133108229275
69f1101f-cb9e-4ad1-8fe6-ed840e5bcf9b_1263-46,1,1,1,1,69f1101f-cb9e-4ad1-8fe6-ed840e5bcf9b,0.5721938669465334
69f1101f-cb9e-4ad1-8fe6-ed840e5bcf9b_1350-51,3,0,0,1,69f1101f-cb9e-4ad1-8fe6-ed840e5bcf9b,0.42009582332493944
6a793116-6fc3-4706-9bbb-8ba2088ec8db_746-34,2,1,1,3,6a793116-6fc3-4706-9bbb-8ba2088ec8db,0.10120470587719987
6a847d75-e20f-409d-8b91-77ada97d8fb9_1499-90,2,1,1,4,6a847d75-e20f-409d-8b91-77ada97d8fb9,1.9662190014128824
6a847d75-e20f-409d-8b91-77ada97d8fb9_1545-09,3,0,0,4,6a847d75-e20f-409d-8b91-77ada97d8fb9,0.0946437500692654
6a847d75-e20f-409d-8b91-77ada97d8fb9_1582-87,0,0,0,4,6a847d75-e20f-409d-8b91-77ada97d8fb9,1.1539924771340289
6a847d75-e20f-409d-8b91-77ada97d8fb9_168-24,1,1,1,4,6a847d75-e20f-409d-8b91-77ada97d8fb9,-0.19429546726683977
6a847d75-e20f-409d-8b91-77ada97d8fb9_1826-29,1,1,1,4,6a847d75-e20f-409d-8b91-77ada97d8fb9,0.810683099060991
6aa13fb1-5440-424e-a021-06a2da215e63_165-83,0,0,0,4,6aa13fb1-5440-424e-a021-06a2da215e63,0.5775264584036548
6aa13fb1-5440-424e-a021-06a2da215e63_273-88,0,0,0,4,6aa13fb1-5440-424e-a021-06a2da215e63,1.043402538245127
6ac035af-4851-4afb-af6c-c00edb7bdbe6_768-70,1,0,0,3,6ac035af-4851-4afb-af6c-c00edb7bdbe6,-0.0909020027639511
6ac035af-4851-4afb-af6c-c00edb7bdbe6_801-00,3,0,0,3,6ac035af-4851-4afb-af6c-c00edb7bdbe6,0.050226697652662855
6af6234f-abfe-48ac-9dde-399f25d9cb43_931-51,1,1,1,2,6af6234f-abfe-48ac-9dde-399f25d9cb43,1.5084954206239438
6b6fde45-51e9-4c60-8305-27e45883ee7b_270-11,1,1,1,1,6b6fde45-51e9-4c60-8305-27e45883ee7b,2.8293193370158454
6b7e79ad-68c1-4637-a2d1-d7b8f92ac8a4_166-07,0,1,1,0,6b7e79ad-68c1-4637-a2d1-d7b8f92ac8a4,0.690315353236794
6b7fc6db-e979-43a0-b61f-7dced89d423d_168-56,3,0,0,2,6b7fc6db-e979-43a0-b61f-7dced89d423d,-0.32861997139168486
6b7fc6db-e979-43a0-b61f-7dced89d423d_229-56,0,1,1,2,6b7fc6db-e979-43a0-b61f-7dced89d423d,0.2581119909132896
6b7fc6db-e979-43a0-b61f-7dced89d423d_347-96,0,1,1,2,6b7fc6db-e979-43a0-b61f-7dced89d423d,0.7202753781530091
6ba5f052-a1cd-46ba-83f2-1be480387020_599-71,3,1,1,4,6ba5f052-a1cd-46ba-83f2-1be480387020,0.46900446027959086
6baa673a-0cc6-4da2-a481-877de0d2faa5_1148-60,3,1,1,2,6baa673a-0cc6-4da2-a481-877de0d2faa5,0.7066940839474751
6c0ca07f-6bb2-4db4-a0c3-5926726493fc_124-14,2,1,1,3,6c0ca07f-6bb2-4db4-a0c3-5926726493fc,0.5989112694016792
6c0ca07f-6bb2-4db4-a0c3-5926726493fc_1648-38,2,1,1,3,6c0ca07f-6bb2-4db4-a0c3-5926726493fc,1.1917476390652573
6c0ca07f-6bb2-4db4-a0c3-5926726493fc_272-36,3,0,0,3,6c0ca07f-6bb2-4db4-a0c3-5926726493fc,0.9413171707667167
6c1c5527-30a4-421f-bb78-906adffa7c46_357-45,2,1,1,1,6c1c5527-30a4-421f-bb78-906adffa7c46,0.7959277966190135
6cd8942a-866f-46ef-af6d-5d895723f439_1831-82,1,1,1,1,6cd8942a-866f-46ef-af6d-5d895723f439,1.1033326850035363
6d14a0fe-6fd1-4c6b-aaec-a7c38dcd7294_661-60,0,1,1,0,6d14a0fe-6fd1-4c6b-aaec-a7c38dcd7294,1.970568722291246
6e0c294c-d634-4804-8d41-cd6e9d79f0b9_1656-45,1,1,1,2,6e0c294c-d634-4804-8d41-cd6e9d79f0b9,0.7116216820641512
6e0c294c-d634-4804-8d41-cd6e9d79f0b9_384-20,0,0,0,2,6e0c294c-d634-4804-8d41-cd6e9d79f0b9,1.1557750776271078
6e330145-3fe9-44f7-8f84-801717da9ea2_766-46,1,0,0,4,6e330145-3fe9-44f7-8f84-801717da9ea2,0.023785153639199308
6e4baf27-2090-4a90-816b-a35a0aff0e56_1023-43,3,1,1,2,6e4baf27-2090-4a90-816b-a35a0aff0e56,-0.14305177728509166
6e4baf27-2090-4a90-816b-a35a0aff0e56_1099-34,0,1,1,2,6e4baf27-2090-4a90-816b-a35a0aff0e56,1.8897706653054447
6e68d2f9-6d37-4317-a3eb-9541321d558e_2271-24,2,1,1,0,6e68d2f9-6d37-4317-a3eb-9541321d558e,0.6625063492813048
6e68d2f9-6d37-4317-a3eb-9541321d558e_977-72,1,0,0,0,6e68d2f9-6d37-4317-a3eb-9541321d558e,-0.20779149204063452
6edb5c87-ae95-4185-807f-06d37124d2b7_659-31,0,0,0,3,6edb5c87-ae95-4185-807f-06d37124d2b7,0.20272497487068541
6ef5aab3-db5f-4fdb-9c39-b37bd497e7d8_638-66,3,1,1,2,6ef5aab3-db5f-4fdb-9c39-b37bd497e7d8,1.1793602361488087
6ef7f9c0-30eb-4280-acc1-55f22f6e2924_2998-83,1,0,0,1,6ef7f9c0-30eb-4280-acc1-55f22f6e2924,0.4108323627608428
6f27deaa-7133-4bbb-b9ed-5310d6d05a50_336-16,1,1,1,3,6f27deaa-7133-4bbb-b9ed-5310d6d05a50,1.2278407569235357
6f27deaa-7133-4bbb-b9ed-5310d6d05a50_549-73,4,1,1,3,6f27deaa-7133-4bbb-b9ed-5310d6d05a50,1.9275491166673537
6f37694e-26b8-4dc6-9942-567e1e912cda_452-75,3,0,0,0,6f37694e-26b8-4dc6-9942-567e1e912cda,1.370251390363761
6f7f3410-1e20-4eb2-b7b0-088c1500054b_299-75,1,1,1,4,6f7f3410-1e20-4eb2-b7b0-088c1500054b,0.530140975921191
6f93978d-a3d0-467d-b401-e23b3c92f3bf_5298-67,3,1,1,4,6f93978d-a3d0-467d-b401-e23b3c92f3bf,0.04158139521073734
6f93978d-a3d0-467d-b401-e23b3c92f3bf_5299-41,3,1,1,4,6f93978d-a3d0-467d-b401-e23b3c92f3bf,0.21644583638804082
6fc30ceb-ace8-49f8-8244-71f14c6d773c_936-70,1,0,0,3,6fc30ceb-ace8-49f8-8244-71f14c6d773c,1.251570043641659
6fd026d8-b68c-46bc-93de-ccfa08809a9d_603-53,2,0,0,2,6fd026d8-b68c-46bc-93de-ccfa08809a9d,0.6379789816306383
6fd90f8d-7a4d-425d-a812-3268db0b0342_1001-51,2,0,0,0,6fd90f8d-7a4d-425d-a812-3268db0b0342,0.8849572921443292
706de1df-babc-4e54-a310-1d9070140197_195-59,3,1,1,3,706de1df-babc-4e54-a310-1d9070140197,1.3097635421773612
70c8bd4f-bfe1-4fb5-82ad-7d763cc28935_732-98,0,1,1,2,70c8bd4f-bfe1-4fb5-82ad-7d763cc28935,0.2594526500065677
70c8bd4f-bfe1-4fb5-82ad-7d763cc28935_756-65,0,1,1,2,70c8bd4f-bfe1-4fb5-82ad-7d763cc28935,1.332246551725614
71024373-484f-4270-82a4-2251997f3a9f_44-61,1,1,1,3,71024373-484f-4270-82a4-2251997f3a9f,0.6176783714539866
71504f29-61c1-49e5-8617-d0e71144c077_652-01,2,1,1,2,71504f29-61c1-49e5-8617-d0e71144c077,1.353019224847025
7152d311-7801-487c-a6ed-a746e6abaa1f_286-31,0,1,1,0,7152d311-7801-487c-a6ed-a746e6abaa1f,0.06130143661656229
71d5f5dc-fff6-4352-b37c-a8e1ed3b39bd_541-68,1,1,1,4,71d5f5dc-fff6-4352-b37c-a8e1ed3b39bd,1.4331662825510074
720da14e-0ef5-4968-87e9-270fce0a9a18_73-28,2,0,0,3,720da14e-0ef5-4968-87e9-270fce0a9a18,-0.7112239725470466
721455cc-1e09-44a3-a579-d9e90db85227_1577-57,3,0,0,2,721455cc-1e09-44a3-a579-d9e90db85227,0.6870179338550597
7220ce3a-b740-44db-815d-222d914e2dfd_114-26,3,1,1,1,7220ce3a-b740-44db-815d-222d914e2dfd,1.170536118629171
7245d60b-1245-49ad-b025-b59da57dd8e8_664-70,2,0,0,0,7245d60b-1245-49ad-b025-b59da57dd8e8,-0.06204889631852484
72c81e60-8604-4897-8cd5-71df5244acaa_1172-93,3,0,0,0,72c81e60-8604-4897-8cd5-71df5244acaa,0.574770463296391
72c81e60-8604-4897-8cd5-71df5244acaa_246-30,0,0,0,0,72c81e60-8604-4897-8cd5-71df5244acaa,0.5729756255189522
72d6a00b-0554-41cd-a00d-0c1e64e400df_2501-79,3,1,1,4,72d6a00b-0554-41cd-a00d-0c1e64e400df,0.8179513379696872
73f94b03-b777-481d-b342-10c516f192a2_3-08,0,0,0,3,73f94b03-b777-481d-b342-10c516f192a2,1.2951808680025139
744c58f8-9a76-40d4-838f-8c7676fcb316_139-70,0,1,1,2,744c58f8-9a76-40d4-838f-8c7676fcb316,0.13370918950526378
744c58f8-9a76-40d4-838f-8c7676fcb316_140-01,3,1,1,2,744c58f8-9a76-40d4-838f-8c7676fcb316,0.4211806991451663
7474f654-b43a-463c-a1a1-f8c62cef1e64_1721-20,3,1,1,2,7474f654-b43a-463c-a1a1-f8c62cef1e64,0.8456016233414341
74d38b4a-6f22-43b3-b631-9234c05f27ab_270-80,3,0,0,1,74d38b4a-6f22-43b3-b631-9234c05f27ab,1.5011760345458331
750c5383-58f6-4063-8cc8-50691a68994d_562-01,0,1,1,2,750c5383-58f6-4063-8cc8-50691a68994d,1.0165144740123397
750c5383-58f6-4063-8cc8-50691a68994d_870-14,0,0,0,2,750c5383-58f6-4063-8cc8-50691a68994d,0.34250093634024137
75141dec-d6b3-4e2e-a144-5a126abf7dac_584-16,3,1,1,4,75141dec-d6b3-4e2e-a144-5a126abf7dac,0.5387365707044607
759c5c60-f1af-4476-94b2-e79a51fd44e3_668-31,2,0,0,3,759c5c60-f1af-4476-94b2-e79a51fd44e3,0.3023657020260966
75ee5afa-d891-4653-ac4c-d81db1a90af7_32-52,3,0,0,3,75ee5afa-d891-4653-ac4c-d81db1a90af7,1.1214695451582808
7627344d-503f-4a25-b418-10a6929d5a18_842-97,0,0,0,2,7627344d-503f-4a25-b418-10a6929d5a18,0.7134155946877929
7665b96d-1a30-435b-9679-e7defed426e6_99-13,2,0,0,1,7665b96d-1a30-435b-9679-e7defed426e6,0.24703404304476284
7696b38a-59d3-4b85-966f-3522f9792966_89-69,1,0,0,0,7696b38a-59d3-4b85-966f-3522f9792966,0.644913803680129
76f450c1-3542-4f8a-964c-66c857a23601_1422-15,0,0,0,1,76f450c1-3542-4f8a-964c-66c857a23601,0.6976570984793724
76f450c1-3542-4f8a-964c-66c857a23601_671-42,3,1,1,1,76f450c1-3542-4f8a-964c-66c857a23601,1.2671250093347106
77cdd8dd-402b-45d7-a16c-a16520c737e3_1834-33,1,1,1,4,77cdd8dd-402b-45d7-a16c-a16520c737e3,0.7892227962392924
77e28690-2ab1-414e-86ed-285ec1d15bd1_315-49,1,0,0,2,77e28690-2ab1-414e-86ed-285ec1d15bd1,0.9655236116092218
77e28690-2ab1-414e-86ed-285ec1d15bd1_705-46,2,1,1,2,77e28690-2ab1-414e-86ed-285ec1d15bd1,1.1724797677967251
7836e736-ef0a-40ed-9b77-b4c12a08b236_3090-06,3,1,1,3,7836e736-ef0a-40ed-9b77-b4c12a08b236,0.42188866108500456
786877d8-e353-4fae-b488-8d7443646882_1021-24,3,0,0,3,786877d8-e353-4fae-b488-8d7443646882,0.9231808413796105
786877d8-e353-4fae-b488-8d7443646882_1042-29,2,0,0,3,786877d8-e353-4fae-b488-8d7443646882,1.4933218560634682
786877d8-e353-4fae-b488-8d7443646882_224-14,2,1,1,3,786877d8-e353-4fae-b488-8d7443646882,0.8113035240253097
786877d8-e353-4fae-b488-8d7443646882_883-95,2,0,0,3,786877d8-e353-4fae-b488-8d7443646882,2.3028494028313267
786877d8-e353-4fae-b488-8d7443646882_952-74,3,1,1,3,786877d8-e353-4fae-b488-8d7443646882,0.8355737444881279
792d0000-7dcd-4e6c-a486-7befe397233d_917-53,2,1,1,2,792d0000-7dcd-4e6c-a486-7befe397233d,1.8222084657219215
79c62f24-488e-4a69-8220-3b20cb4bf72b_4957-40,1,0,0,1,79c62f24-488e-4a69-8220-3b20cb4bf72b,-0.410946734226729
79c62f24-488e-4a69-8220-3b20cb4bf72b_611-49,0,0,0,1,79c62f24-488e-4a69-8220-3b20cb4bf72b,0.7840038888629477
79c62f24-488e-4a69-8220-3b20cb4bf72b_722-05,0,0,0,1,79c62f24-488e-4a69-8220-3b20cb4bf72b,0.24356632078112472
7a33ca42-9a39-4d59-ba82-c9667c250f48_2200-51,1,0,0,1,7a33ca42-9a39-4d59-ba82-c9667c250f48,1.5371657441265667
7a3479a4-b903-4d20-bdc4-98d93ceb3c36_1392-00,3,1,1,0,7a3479a4-b903-4d20-bdc4-98d93ceb3c36,1.0533018951970812
7a680a9a-dd7b-467a-a724-a597f1be9f06_2545-71,3,1,1,0,7a680a9a-dd7b-467a-a724-a597f1be9f06,-0.34978183294742404
7a680a9a-dd7b-467a-a724-a597f1be9f06_2545-86,2,1,1,0,7a680a9a-dd7b-467a-a724-a597f1be9f06,0.14547502808055812
7a680a9a-dd7b-467a-a724-a597f1be9f06_2608-93,0,0,0,0,7a680a9a-dd7b-467a-a724-a597f1be9f06,1.1281311668079055
7a680a9a-dd7b-467a-a724-a597f1be9f06_3668-06,1,0,0,0,7a680a9a-dd7b-467a-a724-a597f1be9f06,0.5255650962257177
7ac6dc03-7c8d-4de8-99af-03268c780ea2_1031-44,1,0,0,4,7ac6dc03-7c8d-4de8-99af-03268c780ea2,0.26447382636174477
7acd59a8-ed64-4a99-a469-3d5529a4098a_270-66,2,1,1,1,7acd59a8-ed64-4a99-a469-3d5529a4098a,1.889363353741471
7b277350-9926-42ef-b5f7-3ee000f3350a_53-51,1,1,1,0,7b277350-9926-42ef-b5f7-3ee000f3350a,0.5297132251015
7b5fafdb-136a-4722-84a4-cffb213a224a_1092-90,3,1,1,4,7b5fafdb-136a-4722-84a4-cffb213a224a,1.8675900499108038
7b5fafdb-136a-4722-84a4-cffb213a224a_1908-63,2,0,0,4,7b5fafdb-136a-4722-84a4-cffb213a224a,0.6934274907656963
7b5fafdb-136a-4722-84a4-cffb213a224a_2353-21,3,0,0,4,7b5fafdb-136a-4722-84a4-cffb213a224a,0.29777466645393735
7c0c0057-3bbc-40ef-a91e-4d6e1a637642_1139-91,0,1,1,2,7c0c0057-3bbc-40ef-a91e-4d6e1a637642,-0.06109130465832746
7c1c5dca-5856-4997-8cda-9fa3bca10a3b_1061-91,2,0,0,0,7c1c5dca-5856-4997-8cda-9fa3bca10a3b,-0.3970098894488392
7c1c5dca-5856-4997-8cda-9fa3bca10a3b_1969-00,1,1,1,0,7c1c5dca-5856-4997-8cda-9fa3bca10a3b,0.7566470509792818
7c1c5dca-5856-4997-8cda-9fa3bca10a3b_1973-06,2,0,0,0,7c1c5dca-5856-4997-8cda-9fa3bca10a3b,1.8355809632759708
7c1c5dca-5856-4997-8cda-9fa3bca10a3b_2494-15,2,0,0,0,7c1c5dca-5856-4997-8cda-9fa3bca10a3b,0.07675794008261527
7c1c5dca-5856-4997-8cda-9fa3bca10a3b_37-44,2,1,1,0,7c1c5dca-5856-4997-8cda-9fa3bca10a3b,0.627178950471325
7c4f8ef4-c126-46b7-8fa9-1b2daf5b41de_2272-79,0,0,0,1,7c4f8ef4-c126-46b7-8fa9-1b2daf5b41de,0.1416217589371349
7c925095-c62a-4a7a-a2ca-118ca3f0176a_2-34,1,1,1,1,7c925095-c62a-4a7a-a2ca-118ca3f0176a,0.7040327447548271
7c969dc3-aea2-49d4-bd0e-48191b4e5a51_3982-40,0,1,1,3,7c969dc3-aea2-49d4-bd0e-48191b4e5a51,-0.09326246850585118
7c969dc3-aea2-49d4-bd0e-48191b4e5a51_6350-49,3,1,1,3,7c969dc3-aea2-49d4-bd0e-48191b4e5a51,0.41584391430336165
7cad84ff-4d08-4e18-8784-aaf4e9341264_333-06,1,1,1,0,7cad84ff-4d08-4e18-8784-aaf4e9341264,0.9021227834690149
7d444081-73d8-405d-9bcc-9620e5feefaf_729-22,0,0,0,4,7d444081-73d8-405d-9bcc-9620e5feefaf,0.9286734796319789
7ddc2c83-3cb0-4bb1-8e91-3ef60f88864d_1433-25,1,0,0,3,7ddc2c83-3cb0-4bb1-8e91-3ef60f88864d,0.3851430721926101
7e80931a-2067-419d-8f9e-2aff41dd330c_2937-25,2,0,0,4,7e80931a-2067-419d-8f9e-2aff41dd330c,1.0260425553441381
7f296d37-a819-408f-aa34-80b63a40f01e_28-00,3,1,1,1,7f296d37-a819-408f-aa34-80b63a40f01e,0.6832703104504765
7f5ed6e1-aca1-40d5-87c6-d156c5f02263_213-21,1,1,1,1,7f5ed6e1-aca1-40d5-87c6-d156c5f02263,2.353988962309934
7f5ed6e1-aca1-40d5-87c6-d156c5f02263_213-34,2,0,0,1,7f5ed6e1-aca1-40d5-87c6-d156c5f02263,1.4569878751408323
7f5ed6e1-aca1-40d5-87c6-d156c5f02263_220-16,1,0,0,1,7f5ed6e1-aca1-40d5-87c6-d156c5f02263,1.6806868735797675
7f5ed6e1-aca1-40d5-87c6-d156c5f02263_222-42,1,1,1,1,7f5ed6e1-aca1-40d5-87c6-d156c5f02263,1.4894112913921782
7fc72743-4b55-48de-b988-4c690bda912f_1613-32,3,0,0,0,7fc72743-4b55-48de-b988-4c690bda912f,0.9375680384232061
7ff0900d-1bca-4aa7-aedd-ab0fb0a12371_0-04,3,1,1,4,7ff0900d-1bca-4aa7-aedd-ab0fb0a12371,0.38927490819595945
803d0524-47c8-45fe-a5d1-c6a71e2cd54b_786-81,2,0,0,3,803d0524-47c8-45fe-a5d1-c6a71e2cd54b,0.6682574342207472
80c74a5b-81e0-4bc1-bc09-2f146351fe70_545-79,1,1,1,2,80c74a5b-81e0-4bc1-bc09-2f146351fe70,1.554978172062006
817170ad-1f3b-44b1-9772-fe914fa17f30_1178-10,0,0,0,4,817170ad-1f3b-44b1-9772-fe914fa17f30,1.3688390618492283
817170ad-1f3b-44b1-9772-fe914fa17f30_1211-20,0,1,1,4,817170ad-1f3b-44b1-9772-fe914fa17f30,1.0979262150305282
81fb9f8f-be18-4833-a899-4fbcef82a634_2169-64,3,1,1,1,81fb9f8f-be18-4833-a899-4fbcef82a634,0.9827439482481435
81fb9f8f-be18-4833-a899-4fbcef82a634_270-26,3,1,1,1,81fb9f8f-be18-4833-a899-4fbcef82a634,0.5803043984945913
81fff27c-97c0-483a-ad42-47fa947977a9_456-39,1,1,1,0,81fff27c-97c0-483a-ad42-47fa947977a9,-0.38648445754315053
820d4b9e-6fba-472f-aa45-25b27241d4af_366-20,1,1,1,4,820d4b9e-6fba-472f-aa45-25b27241d4af,1.4387222385155307
824e7896-904a-4ff5-b7ee-e21df21918c2_2003-17,1,1,1,4,824e7896-904a-4ff5-b7ee-e21df21918c2,0.9656330293541253
828ef13f-f52a-4a16-b206-4ec7e471f025_147-18,0,1,1,2,828ef13f-f52a-4a16-b206-4ec7e471f025,0.8138463250031218
828ef13f-f52a-4a16-b206-4ec7e471f025_238-90,3,0,0,2,828ef13f-f52a-4a16-b206-4ec7e471f025,-0.27359431920878174
828ef13f-f52a-4a16-b206-4ec7e471f025_274-71,3,1,1,2,828ef13f-f52a-4a16-b206-4ec7e471f025,0.5520754209968952
82e96128-1242-4e57-8a3e-9ea222df022c_2985-80,1,0,0,0,82e96128-1242-4e57-8a3e-9ea222df022c,0.5026070838786136
82e96128-1242-4e57-8a3e-9ea222df022c_2999-35,2,0,0,0,82e96128-1242-4e57-8a3e-9ea222df022c,0.8197454721925044
82e96128-1242-4e57-8a3e-9ea222df022c_3264-64,2,0,0,0,82e96128-1242-4e57-8a3e-9ea222df022c,0.7836182074525682
82e96128-1242-4e57-8a3e-9ea222df022c_3386-01,3,0,0,0,82e96128-1242-4e57-8a3e-9ea222df022c,0.2732053600651412
82e96128-1242-4e57-8a3e-9ea222df022c_3457-40,1,1,1,0,82e96128-1242-4e57-8a3e-9ea222df022c,0.990349096660569
830bd10c-4eb5-477d-9166-7d41ca86880a_963-23,1,1,1,3,830bd10c-4eb5-477d-9166-7d41ca86880a,1.9807598830878261
839c2689-76f1-4e8c-893d-93675663dd93_582-68,0,0,0,2,839c2689-76f1-4e8c-893d-93675663dd93,0.0054761860432119835
83f18213-f8f8-44fa-b9ce-104c6ddbcd57_1657-94,3,1,1,1,83f18213-f8f8-44fa-b9ce-104c6ddbcd57,-0.18221767352913454
8447cf7c-d919-449a-be90-cdd05910fd9b_29-57,3,1,1,0,8447cf7c-d919-449a-be90-cdd05910fd9b,1.5080532354886045
845cb298-d60b-4106-8213-d2aca821740a_14-13,3,1,1,4,845cb298-d60b-4106-8213-d2aca821740a,1.1567266362038375
8483fa90-f5dc-4d50-9561-244bfdf12ea3_659-48,1,0,0,3,8483fa90-f5dc-4d50-9561-244bfdf12ea3,0.42055770114923474
84ec85f6-c167-413c-829d-9c6915519c57_249-09,2,0,0,0,84ec85f6-c167-413c-829d-9c6915519c57,1.0480328308059228
84ec85f6-c167-413c-829d-9c6915519c57_3997-33,2,1,1,0,84ec85f6-c167-413c-829d-9c6915519c57,0.41645335498154945
84ec85f6-c167-413c-829d-9c6915519c57_919-33,1,1,1,0,84ec85f6-c167-413c-829d-9c6915519c57,0.9617119325963253
85020424-0ed9-4dcd-9a39-e5ab84ec6b6d_896-84,1,1,1,2,85020424-0ed9-4dcd-9a39-e5ab84ec6b6d,0.6609701276532796
85782c5f-a240-44d9-951c-27f0bb3f7f4c_375-79,1,0,0,1,85782c5f-a240-44d9-951c-27f0bb3f7f4c,0.003319238661205537
85b87948-4578-4912-95cb-addd19cfd31a_1580-85,3,1,1,4,85b87948-4578-4912-95cb-addd19cfd31a,0.5306314061574176
85b87948-4578-4912-95cb-addd19cfd31a_1581-49,3,0,0,4,85b87948-4578-4912-95cb-addd19cfd31a,-0.5830336183420891
85b87948-4578-4912-95cb-addd19cfd31a_3435-98,1,1,1,4,85b87948-4578-4912-95cb-addd19cfd31a,0.8253751942993706
860be163-394f-48bb-9068-37e1c383ff73_736-68,1,0,0,0,860be163-394f-48bb-9068-37e1c383ff73,0.171178054438349
860be163-394f-48bb-9068-37e1c383ff73_764-03,1,0,0,0,860be163-394f-48bb-9068-37e1c383ff73,1.4664162226041504
862f0fa5-2c3e-4a6c-ab93-c059637eee8c_49-84,2,1,1,0,862f0fa5-2c3e-4a6c-ab93-c059637eee8c,0.22394404614266783
8645cc8f-2a69-4a50-bf90-9faec8d80386_717-84,1,0,0,4,8645cc8f-2a69-4a50-bf90-9faec8d80386,0.25851700785720144
864618d9-cc17-4e90-8c64-7a1e4ba23d17_294-04,3,1,1,0,864618d9-cc17-4e90-8c64-7a1e4ba23d17,1.6850270897494215
865ff1fd-d17e-4642-b111-8f1a1da5a2d4_748-29,2,0,0,1,865ff1fd-d17e-4642-b111-8f1a1da5a2d4,0.4766666835852964
8672b38a-7682-4244-ad7a-a336c81c2d0e_1054-38,1,0,0,3,8672b38a-7682-4244-ad7a-a336c81c2d0e,1.064683520211018
8672b38a-7682-4244-ad7a-a336c81c2d0e_1056-99,2,1,1,3,8672b38a-7682-4244-ad7a-a336c81c2d0e,1.2795641507531117
8677afac-95b4-4ec1-aec5-39c90fd8374c_271-68,0,0,0,2,8677afac-95b4-4ec1-aec5-39c90fd8374c,0.4926104610220843
86fb4797-274f-4807-848a-8b1ddc5c29e8_728-96,0,0,0,2,86fb4797-274f-4807-848a-8b1ddc5c29e8,1.2981075983562118
86fb4797-274f-4807-848a-8b1ddc5c29e8_730-35,3,0,0,2,86fb4797-274f-4807-848a-8b1ddc5c29e8,1.8842558269691672
86fb4797-274f-4807-848a-8b1ddc5c29e8_769-33,2,0,0,2,86fb4797-274f-4807-848a-8b1ddc5c29e8,0.47242448660700687
86fb4797-274f-4807-848a-8b1ddc5c29e8_808-67,3,0,0,2,86fb4797-274f-4807-848a-8b1ddc5c29e8,0.6298963691979573
8774b5c6-83aa-43b0-8a51-00f173949944_3529-30,1,1,1,2,8774b5c6-83aa-43b0-8a51-00f173949944,1.281269389962606
8774b5c6-83aa-43b0-8a51-00f173949944_421-89,3,1,1,2,8774b5c6-83aa-43b0-8a51-00f173949944,0.808718780265073
878666b9-5f3d-476a-960f-3a5d02da7619_15170-34,2,0,0,1,878666b9-5f3d-476a-960f-3a5d02da7619,0.2748070780321581
878666b9-5f3d-476a-960f-3a5d02da7619_16974-50,3,0,0,1,878666b9-5f3d-476a-960f-3a5d02da7619,0.9709129693949012
878666b9-5f3d-476a-960f-3a5d02da7619_18455-07,1,1,1,1,878666b9-5f3d-476a-960f-3a5d02da7619,0.8088983459058625
878666b9-5f3d-476a-960f-3a5d02da7619_19280-23,1,1,1,1,878666b9-5f3d-476a-960f-3a5d02da7619,0.4330426711978492
878666b9-5f3d-476a-960f-3a5d02da7619_19281-22,2,1,1,1,878666b9-5f3d-476a-960f-3a5d02da7619,1.7342771035534497
878666b9-5f3d-476a-960f-3a5d02da7619_22412-01,0,1,1,1,878666b9-5f3d-476a-960f-3a5d02da7619,0.754405595577212
878666b9-5f3d-476a-960f-3a5d02da7619_6890-95,1,0,0,1,878666b9-5f3d-476a-960f-3a5d02da7619,1.1333511140628538
878666b9-5f3d-476a-960f-3a5d02da7619_7108-62,3,1,1,1,878666b9-5f3d-476a-960f-3a5d02da7619,1.1648896795690977
88193924-6780-4290-b8ba-85676e98387a_783-81,1,1,1,1,88193924-6780-4290-b8ba-85676e98387a,1.8592756717642593
88193924-6780-4290-b8ba-85676e98387a_791-58,2,0,0,1,88193924-6780-4290-b8ba-85676e98387a,0.7832532161854406
88faccde-dd5d-4af2-b769-8f0547c2c6a3_826-95,1,0,0,1,88faccde-dd5d-4af2-b769-8f0547c2c6a3,1.7156535825309513
891169d0-2846-47ce-9f3e-13ac1e6ff85a_10-93,0,1,1,0,891169d0-2846-47ce-9f3e-13ac1e6ff85a,0.5567651027257958
89d8c9c5-fa11-4674-b08f-007f81958555_1391-21,2,1,1,4,89d8c9c5-fa11-4674-b08f-007f81958555,1.5036417387903693
89d8c9c5-fa11-4674-b08f-007f81958555_1484-97,1,0,0,4,89d8c9c5-fa11-4674-b08f-007f81958555,-0.19726668373448608
89d8c9c5-fa11-4674-b08f-007f81958555_1642-22,0,0,0,4,89d8c9c5-fa11-4674-b08f-007f81958555,0.34563835966649203
89d8c9c5-fa11-4674-b08f-007f81958555_1665-43,0,0,0,4,89d8c9c5-fa11-4674-b08f-007f81958555,0.48952630285511844
89d8c9c5-fa11-4674-b08f-007f81958555_179-03,0,1,1,4,89d8c9c5-fa11-4674-b08f-007f81958555,0.9128346659404598
89d8c9c5-fa11-4674-b08f-007f81958555_2-14,1,1,1,4,89d8c9c5-fa11-4674-b08f-007f81958555,0.7202938894336115
89d8c9c5-fa11-4674-b08f-007f81958555_227-24,2,0,0,4,89d8c9c5-fa11-4674-b08f-007f81958555,0.6266779047740121
89d8c9c5-fa11-4674-b08f-007f81958555_240-15,1,0,0,4,89d8c9c5-fa11-4674-b08f-007f81958555,0.8944667251647251
89d8c9c5-fa11-4674-b08f-007f81958555_252-29,2,1,1,4,89d8c9c5-fa11-4674-b08f-007f81958555,0.5052479452162542
8a0de6d0-5d28-43f5-91e6-48f41eeb3752_1038-76,1,0,0,0,8a0de6d0-5d28-43f5-91e6-48f41eeb3752,0.28581672024239
8a0de6d0-5d28-43f5-91e6-48f41eeb3752_1074-03,2,0,0,0,8a0de6d0-5d28-43f5-91e6-48f41eeb3752,-0.3593962262470951
8a431195-083a-4e07-a99d-28c2591beaef_13-09,0,0,0,4,8a431195-083a-4e07-a99d-28c2591beaef,0.960248561794705
8b1d4210-a174-4617-8311-df4b32785d28_1114-53,0,1,1,3,8b1d4210-a174-4617-8311-df4b32785d28,0.5771514008849519
8b72b54f-f87c-4fdb-84dc-97e42ab111ac_824-00,0,0,0,2,8b72b54f-f87c-4fdb-84dc-97e42ab111ac,0.5679340253334073
8b82316c-c293-49a7-b401-a3cc026ab1d0_2095-46,0,0,0,2,8b82316c-c293-49a7-b401-a3cc026ab1d0,0.34394043092505444
8b82316c-c293-49a7-b401-a3cc026ab1d0_2988-29,2,1,1,2,8b82316c-c293-49a7-b401-a3cc026ab1d0,0.8524923880125039
8b82316c-c293-49a7-b401-a3cc026ab1d0_3206-95,0,0,0,2,8b82316c-c293-49a7-b401-a3cc026ab1d0,2.2582901348345867
8b82316c-c293-49a7-b401-a3cc026ab1d0_3445-90,1,1,1,2,8b82316c-c293-49a7-b401-a3cc026ab1d0,1.2392088818918812
8b82db7f-5c39-4850-8a70-97e2615d4faa_508-54,1,0,0,1,8b82db7f-5c39-4850-8a70-97e2615d4faa,0.9182117927451732
8b89d35d-5e19-4240-b45e-7a692cf962e3_392-22,1,0,0,0,8b89d35d-5e19-4240-b45e-7a692cf962e3,0.45519985098992666
8bb4369f-a6e0-45a3-9d2d-fd5d5c686ccc_246-04,2,1,1,4,8bb4369f-a6e0-45a3-9d2d-fd5d5c686ccc,1.7669537495686898
8bb4369f-a6e0-45a3-9d2d-fd5d5c686ccc_276-24,1,1,1,4,8bb4369f-a6e0-45a3-9d2d-fd5d5c686ccc,2.0141007064783665
8bb4369f-a6e0-45a3-9d2d-fd5d5c686ccc_315-76,1,1,1,4,8bb4369f-a6e0-45a3-9d2d-fd5d5c686ccc,1.9809715152745762
8bb4369f-a6e0-45a3-9d2d-fd5d5c686ccc_70-57,2,1,1,4,8bb4369f-a6e0-45a3-9d2d-fd5d5c686ccc,1.532508975812667
8be6e0c4-a80d-41a3-a1c5-5911ae236990_317-18,3,0,0,4,8be6e0c4-a80d-41a3-a1c5-5911ae236990,0.7878354737165152
8c075dc9-9c6a-43cf-8c6e-fb1af3624cf0_842-26,1,0,0,3,8c075dc9-9c6a-43cf-8c6e-fb1af3624cf0,1.3053151503667115
8c3c68c9-eeec-4f51-881f-3cc6340679ec_0-04,3,0,0,0,8c3c68c9-eeec-4f51-881f-3cc6340679ec,0.9742160222200087
8c3c68c9-eeec-4f51-881f-3cc6340679ec_1138-68,3,1,1,0,8c3c68c9-eeec-4f51-881f-3cc6340679ec,0.849327291085654
8caa3009-10ad-407b-b837-ec1a26759089_1828-86,2,1,1,2,8caa3009-10ad-407b-b837-ec1a26759089,0.6467616342395883
8cda2388-6f45-46d4-8ded-4ba2e23b309f_463-28,0,0,0,0,8cda2388-6f45-46d4-8ded-4ba2e23b309f,0.4867853538606779
8d3b84a9-e747-47c1-8f09-726fdde7986c_1371-62,0,1,1,4,8d3b84a9-e747-47c1-8f09-726fdde7986c,1.8858905123398375
8d4895eb-b2d1-43b8-90f1-e80fcc37797b_2448-11,3,1,1,3,8d4895eb-b2d1-43b8-90f1-e80fcc37797b,0.08942057860439201
8d4895eb-b2d1-43b8-90f1-e80fcc37797b_9565-47,2,0,0,3,8d4895eb-b2d1-43b8-90f1-e80fcc37797b,0.2009261897258765
8d4adc89-dcec-42ca-aebc-0d05cafa8f26_21-35,3,1,1,4,8d4adc89-dcec-42ca-aebc-0d05cafa8f26,0.0073640435000292825
8d50f526-624c-40bd-b696-7ad6ce5746ab_22-55,2,1,1,3,8d50f526-624c-40bd-b696-7ad6ce5746ab,0.4213871831107625
8d85aa58-438d-413c-b8b3-ae5417737c5c_1900-47,0,0,0,2,8d85aa58-438d-413c-b8b3-ae5417737c5c,0.8084775255783689
8d900b59-e95d-4c9b-9432-8f5096aac2db_503-05,3,1,1,1,8d900b59-e95d-4c9b-9432-8f5096aac2db,1.7577460653536734
8dd6490b-6291-4793-b05e-79250f87925f_101-76,1,1,1,4,8dd6490b-6291-4793-b05e-79250f87925f,0.534996854353688
8dd6490b-6291-4793-b05e-79250f87925f_1530-13,3,1,1,4,8dd6490b-6291-4793-b05e-79250f87925f,0.5311892458184542
8dd6490b-6291-4793-b05e-79250f87925f_1553-75,3,1,1,4,8dd6490b-6291-4793-b05e-79250f87925f,0.36688671455360145
8dd6490b-6291-4793-b05e-79250f87925f_396-12,0,0,0,4,8dd6490b-6291-4793-b05e-79250f87925f,0.1941642490381843
8dd6490b-6291-4793-b05e-79250f87925f_402-15,1,1,1,4,8dd6490b-6291-4793-b05e-79250f87925f,0.5382067165235289
8e2b02c8-9927-4039-8407-514c2709de95_1125-83,1,1,1,0,8e2b02c8-9927-4039-8407-514c2709de95,1.3038521030825816
8e605fdf-a4f1-4393-975a-f332ab6b5f79_167-81,1,0,0,0,8e605fdf-a4f1-4393-975a-f332ab6b5f79,0.6479704812022655
8e605fdf-a4f1-4393-975a-f332ab6b5f79_44-53,2,0,0,0,8e605fdf-a4f1-4393-975a-f332ab6b5f79,0.025291869844419335
8e748fd1-e30e-4bf6-a04f-5f570ca075ac_351-84,0,0,0,4,8e748fd1-e30e-4bf6-a04f-5f570ca075ac,0.7593249337809929
8ea5ddc3-ae53-4cff-b457-ba425c6bec97_5750-66,1,1,1,3,8ea5ddc3-ae53-4cff-b457-ba425c6bec97,0.6110138948877311
8ed40810-09cf-4061-953c-9fff6e6d6aeb_103-16,2,1,1,2,8ed40810-09cf-4061-953c-9fff6e6d6aeb,1.7927137112557026
8ed40810-09cf-4061-953c-9fff6e6d6aeb_122-51,1,1,1,2,8ed40810-09cf-4061-953c-9fff6e6d6aeb,1.7568410666157732
8ed40810-09cf-4061-953c-9fff6e6d6aeb_589-93,0,0,0,2,8ed40810-09cf-4061-953c-9fff6e6d6aeb,1.6027346551951094
8ee6764a-4ef2-4359-9cf1-03a5f4dbcc79_593-30,0,1,1,2,8ee6764a-4ef2-4359-9cf1-03a5f4dbcc79,0.4601005127868798
8f05300f-1200-4c18-937b-b8e23dc92505_261-93,3,1,1,1,8f05300f-1200-4c18-937b-b8e23dc92505,1.6501216872894882
8f0f8606-b696-4bb2-909d-703e4e076d80_641-77,2,1,1,3,8f0f8606-b696-4bb2-909d-703e4e076d80,1.8281751275477134
8f0f8606-b696-4bb2-909d-703e4e076d80_725-88,3,0,0,3,8f0f8606-b696-4bb2-909d-703e4e076d80,0.46507082914800724
8f4008a5-18c9-464b-9bce-1ffa824f238d_1620-01,2,1,1,1,8f4008a5-18c9-464b-9bce-1ffa824f238d,0.5342879394848326
8f4008a5-18c9-464b-9bce-1ffa824f238d_96-39,2,0,0,1,8f4008a5-18c9-464b-9bce-1ffa824f238d,0.890528830843307
8f47201d-0398-4442-af65-0dde73284c7f_1370-37,1,0,0,0,8f47201d-0398-4442-af65-0dde73284c7f,0.8515420163165928
8fafc02a-ef7a-46f4-ae97-b0c68c8bb207_14026-98,2,1,1,2,8fafc02a-ef7a-46f4-ae97-b0c68c8bb207,1.5539188867294007
8fafc02a-ef7a-46f4-ae97-b0c68c8bb207_16014-05,0,1,1,2,8fafc02a-ef7a-46f4-ae97-b0c68c8bb207,1.7816202172823374
8fafc02a-ef7a-46f4-ae97-b0c68c8bb207_7571-93,0,0,0,2,8fafc02a-ef7a-46f4-ae97-b0c68c8bb207,1.9791238764775756
8ff25fe1-3a42-4449-bd91-b3ac2adf9143_380-26,1,0,0,2,8ff25fe1-3a42-4449-bd91-b3ac2adf9143,1.5161592849543213
90398a2b-de6b-4232-9bea-149c48cb1326_334-80,0,1,1,0,90398a2b-de6b-4232-9bea-149c48cb1326,-0.10146354692658499
90398a2b-de6b-4232-9bea-149c48cb1326_984-97,1,1,1,0,90398a2b-de6b-4232-9bea-149c48cb1326,0.0519273789532364
906a5fbf-a335-4134-a23a-ece71a9683eb_1213-24,1,1,1,3,906a5fbf-a335-4134-a23a-ece71a9683eb,2.2195791859096445
9148ceed-6983-4303-a560-2cbde805ee85_493-46,2,0,0,3,9148ceed-6983-4303-a560-2cbde805ee85,0.5343640611076437
9148ceed-6983-4303-a560-2cbde805ee85_529-14,1,0,0,3,9148ceed-6983-4303-a560-2cbde805ee85,-0.2308603913214622
9155f5b9-6235-484f-990d-fbd3010a791e_1650-00,0,1,1,2,9155f5b9-6235-484f-990d-fbd3010a791e,0.9471456404993452
9155f5b9-6235-484f-990d-fbd3010a791e_2163-97,2,1,1,2,9155f5b9-6235-484f-990d-fbd3010a791e,1.2367537045825643
92153977-6016-4863-be78-c4af25a56a0f_1117-24,1,1,1,1,92153977-6016-4863-be78-c4af25a56a0f,1.197817162612645
92153977-6016-4863-be78-c4af25a56a0f_394-80,1,0,0,1,92153977-6016-4863-be78-c4af25a56a0f,1.1709668517018568
929a6fbb-3fda-45af-95bf-144d851761f4_1114-91,1,1,1,4,929a6fbb-3fda-45af-95bf-144d851761f4,0.45434864368223726
932dfe2f-0cf1-4b76-b41a-4ca03f6945e5_1575-94,1,0,0,0,932dfe2f-0cf1-4b76-b41a-4ca03f6945e5,0.969239293893212
933a8f93-2881-458d-93ec-8c072f2a1474_2356-83,2,0,0,1,933a8f93-2881-458d-93ec-8c072f2a1474,0.4346616983934337
935bc36b-27aa-4c83-89fd-221feca0030e_1080-82,0,1,1,0,935bc36b-27aa-4c83-89fd-221feca0030e,0.6868311930106863
937e5809-09d0-4c6b-8d9e-9329e0cf6218_148-21,3,1,1,0,937e5809-09d0-4c6b-8d9e-9329e0cf6218,1.9939576072248508
937e5809-09d0-4c6b-8d9e-9329e0cf6218_2515-56,1,1,1,0,937e5809-09d0-4c6b-8d9e-9329e0cf6218,0.13947178635253699
93a5f8cb-d7eb-4e5a-9913-77ef1487ce61_2462-55,1,1,1,4,93a5f8cb-d7eb-4e5a-9913-77ef1487ce61,0.160197151042474
93a5f8cb-d7eb-4e5a-9913-77ef1487ce61_3858-22,1,0,0,4,93a5f8cb-d7eb-4e5a-9913-77ef1487ce61,1.1342884357595229
93f78437-229d-4824-a8c1-68d9b17e754d_1063-13,0,1,1,2,93f78437-229d-4824-a8c1-68d9b17e754d,-0.047800041407697114
93f78437-229d-4824-a8c1-68d9b17e754d_1063-21,2,1,1,2,93f78437-229d-4824-a8c1-68d9b17e754d,0.21323536089675987
944aacb0-f596-460d-b5a6-9ae05df1d430_3528-77,0,1,1,1,944aacb0-f596-460d-b5a6-9ae05df1d430,1.2088365361050692
944aacb0-f596-460d-b5a6-9ae05df1d430_3858-37,3,0,0,1,944aacb0-f596-460d-b5a6-9ae05df1d430,-0.310215073076052
94734a4a-4fb2-4d45-a47f-9d3d0ad70071_1049-90,0,1,1,4,94734a4a-4fb2-4d45-a47f-9d3d0ad70071,2.222537514735128
948317e1-7426-4bfa-b25a-a476ee69797f_845-76,3,1,1,3,948317e1-7426-4bfa-b25a-a476ee69797f,0.8713209452744846
9490a06b-3fa1-47b6-b470-facb3d61ac57_1071-05,2,1,1,1,9490a06b-3fa1-47b6-b470-facb3d61ac57,0.3459356032766556
9490a06b-3fa1-47b6-b470-facb3d61ac57_153-78,1,1,1,1,9490a06b-3fa1-47b6-b470-facb3d61ac57,0.32374408664587784
9490a06b-3fa1-47b6-b470-facb3d61ac57_599-12,1,0,0,1,9490a06b-3fa1-47b6-b470-facb3d61ac57,0.3501434196865687
949b2e8a-83f9-4b89-b29b-9e8d81600dd8_2242-73,1,1,1,2,949b2e8a-83f9-4b89-b29b-9e8d81600dd8,1.3548561691988634
949b2e8a-83f9-4b89-b29b-9e8d81600dd8_2250-47,0,1,1,2,949b2e8a-83f9-4b89-b29b-9e8d81600dd8,0.6321163639400613
949b2e8a-83f9-4b89-b29b-9e8d81600dd8_2981-03,0,1,1,2,949b2e8a-83f9-4b89-b29b-9e8d81600dd8,0.28386959397520717
949b2e8a-83f9-4b89-b29b-9e8d81600dd8_3511-42,1,0,0,2,949b2e8a-83f9-4b89-b29b-9e8d81600dd8,0.8676470990010434
949c5a8f-7aa7-4566-a04c-531961cbcc16_1433-64,2,1,1,2,949c5a8f-7aa7-4566-a04c-531961cbcc16,0.5803403334332489
94d5eff8-0fac-4719-adf2-5c0208ab89f7_1110-52,3,0,0,3,94d5eff8-0fac-4719-adf2-5c0208ab89f7,0.8723731664617758
94d5eff8-0fac-4719-adf2-5c0208ab89f7_3271-35,3,0,0,3,94d5eff8-0fac-4719-adf2-5c0208ab89f7,1.1293216912628743
9520f703-8904-4123-bd7f-873b0b42074b_224-60,1,1,1,2,9520f703-8904-4123-bd7f-873b0b42074b,1.10858795247992
9520f703-8904-4123-bd7f-873b0b42074b_239-07,0,1,1,2,9520f703-8904-4123-bd7f-873b0b42074b,0.2616973031214487
9520f703-8904-4123-bd7f-873b0b42074b_989-29,1,0,0,2,9520f703-8904-4123-bd7f-873b0b42074b,0.3995500431666612
952d5295-06f4-4578-929b-4113e4ff9201_741-67,0,0,0,3,952d5295-06f4-4578-929b-4113e4ff9201,0.5504544284629345
952d5295-06f4-4578-929b-4113e4ff9201_769-29,1,1,1,3,952d5295-06f4-4578-929b-4113e4ff9201,0.4570718747879192
952d5295-06f4-4578-929b-4113e4ff9201_792-75,1,1,1,3,952d5295-06f4-4578-929b-4113e4ff9201,0.9714138090228379
952d5295-06f4-4578-929b-4113e4ff9201_808-38,0,1,1,3,952d5295-06f4-4578-929b-4113e4ff9201,1.1426661974147365
952f40df-b1d7-4562-afe4-2a4ff569e949_2108-64,0,0,0,1,952f40df-b1d7-4562-afe4-2a4ff569e949,0.8648087527087454
9531cee8-0f60-4a68-8243-397ab7670a75_270-43,1,0,0,0,9531cee8-0f60-4a68-8243-397ab7670a75,2.6815793741245844
959bc769-a40e-4f4b-ba45-5adf32b8f26e_201-77,1,1,1,4,959bc769-a40e-4f4b-ba45-5adf32b8f26e,1.1601485589694112
95abf338-cf33-43f4-a8d0-44d6ea691d0f_44-58,1,1,1,3,95abf338-cf33-43f4-a8d0-44d6ea691d0f,0.30200141404103165
95c0a226-5cb1-4380-af73-db2fcdbdbb76_174-41,2,1,1,2,95c0a226-5cb1-4380-af73-db2fcdbdbb76,0.04179783104343482
95f2caf6-c6f5-4471-9763-2957e248eb58_503-77,2,1,1,4,95f2caf6-c6f5-4471-9763-2957e248eb58,0.5979568078329915
95f2caf6-c6f5-4471-9763-2957e248eb58_588-89,4,1,1,4,95f2caf6-c6f5-4471-9763-2957e248eb58,0.592554876068625
9632b0a9-cf21-4773-b95b-83aae9a23d0a_17-58,1,1,1,0,9632b0a9-cf21-4773-b95b-83aae9a23d0a,0.36390676842687575
9632b0a9-cf21-4773-b95b-83aae9a23d0a_630-61,0,0,0,0,9632b0a9-cf21-4773-b95b-83aae9a23d0a,1.3979113394532185
963b09ff-1da2-4168-bed2-fe1d2531dd98_1393-91,2,1,1,1,963b09ff-1da2-4168-bed2-fe1d2531dd98,-0.1715791226454122
963c1ecc-d25e-4c0a-b447-9b26f3778efc_207-31,2,1,1,0,963c1ecc-d25e-4c0a-b447-9b26f3778efc,1.4613774360313867
968d25eb-ab49-4a12-8b53-c5d98b091353_1212-82,0,1,1,4,968d25eb-ab49-4a12-8b53-c5d98b091353,1.3005538676067139
969866a7-2393-4bca-851a-885ddd7f627d_2129-17,1,1,1,0,969866a7-2393-4bca-851a-885ddd7f627d,1.0894574407333497
969866a7-2393-4bca-851a-885ddd7f627d_2446-72,1,1,1,0,969866a7-2393-4bca-851a-885ddd7f627d,1.6491921947836077
969866a7-2393-4bca-851a-885ddd7f627d_2662-28,0,1,1,0,969866a7-2393-4bca-851a-885ddd7f627d,2.3803915647858664
972f2966-c368-4344-a9ca-5bd8a277f177_1110-10,0,1,1,4,972f2966-c368-4344-a9ca-5bd8a277f177,0.7860237474022234
972f2966-c368-4344-a9ca-5bd8a277f177_602-22,3,1,1,4,972f2966-c368-4344-a9ca-5bd8a277f177,-0.7161985513068709
97811639-7def-4034-8083-a82a59156234_468-38,2,0,0,3,97811639-7def-4034-8083-a82a59156234,1.1999836880726569
97ab9564-34c2-4272-97ec-8c4f2f76e117_1373-58,2,1,1,2,97ab9564-34c2-4272-97ec-8c4f2f76e117,1.895893259102883
97ba861b-605c-4942-8e15-95953a3032e1_583-02,1,0,0,1,97ba861b-605c-4942-8e15-95953a3032e1,1.093437723837445
97bd40e4-be39-403d-b9ae-f7eb006c51e2_914-45,3,1,1,0,97bd40e4-be39-403d-b9ae-f7eb006c51e2,0.6533787148022157
97d62297-ee2c-482f-aec2-4f73448c3a03_538-31,0,1,1,4,97d62297-ee2c-482f-aec2-4f73448c3a03,1.718931002809394
97eaf9ae-9b92-493d-a555-4fcdb7c039a1_1485-95,3,0,0,3,97eaf9ae-9b92-493d-a555-4fcdb7c039a1,0.5822676998389527
98334b78-967f-4980-ba86-56d34b4aaf2e_1109-83,2,1,1,2,98334b78-967f-4980-ba86-56d34b4aaf2e,0.24745498901051333
98439a73-2aa4-4071-bee3-00973a58a70d_291-10,3,1,1,1,98439a73-2aa4-4071-bee3-00973a58a70d,1.1828780603715592
9848e52e-e6f3-4190-9c42-f85cd9847e10_807-44,2,1,1,1,9848e52e-e6f3-4190-9c42-f85cd9847e10,2.1133074063232247
989f3c2c-edd2-4f30-9925-56771e2bf7cc_6090-07,0,0,0,3,989f3c2c-edd2-4f30-9925-56771e2bf7cc,0.7839289240752401
989f3c2c-edd2-4f30-9925-56771e2bf7cc_6720-40,0,1,1,3,989f3c2c-edd2-4f30-9925-56771e2bf7cc,-0.1359766559475255
98fcbc28-9542-4f3c-9a03-73af08fb989d_1063-08,3,1,1,2,98fcbc28-9542-4f3c-9a03-73af08fb989d,1.7112564641584032
98fcbc28-9542-4f3c-9a03-73af08fb989d_1376-40,0,1,1,2,98fcbc28-9542-4f3c-9a03-73af08fb989d,0.07289770041443511
98ff21ab-6151-4429-a6ff-39d3c6fa173b_1442-50,0,1,1,3,98ff21ab-6151-4429-a6ff-39d3c6fa173b,1.0755754034479252
992af5dc-64ff-4e24-b324-cc3df15be595_656-31,1,1,1,2,992af5dc-64ff-4e24-b324-cc3df15be595,2.0916074174666264
994616c8-63b0-47bd-a526-0680f4acff9e_109-35,0,0,0,1,994616c8-63b0-47bd-a526-0680f4acff9e,-0.13100048764499994
998d4e6e-f579-4872-b706-767c5f392825_2418-72,1,0,0,3,998d4e6e-f579-4872-b706-767c5f392825,-0.21691604413009347
998d4e6e-f579-4872-b706-767c5f392825_4715-59,3,1,1,3,998d4e6e-f579-4872-b706-767c5f392825,0.5224848143999339
998d4e6e-f579-4872-b706-767c5f392825_4762-05,0,1,1,3,998d4e6e-f579-4872-b706-767c5f392825,1.8394905933999193
998d4e6e-f579-4872-b706-767c5f392825_5068-97,0,0,0,3,998d4e6e-f579-4872-b706-767c5f392825,1.0087552897750058
998d4e6e-f579-4872-b706-767c5f392825_5282-59,1,1,1,3,998d4e6e-f579-4872-b706-767c5f392825,0.6579226906410447
998d4e6e-f579-4872-b706-767c5f392825_698-26,1,1,1,3,998d4e6e-f579-4872-b706-767c5f392825,1.632056849827425
99a89af1-a535-477c-88a8-c0830ba33486_1246-37,1,1,1,4,99a89af1-a535-477c-88a8-c0830ba33486,2.002981661658383
99f41d39-cc65-4aad-b186-23b66e282f19_1295-59,1,0,0,1,99f41d39-cc65-4aad-b186-23b66e282f19,0.9130081333434286
99f41d39-cc65-4aad-b186-23b66e282f19_141-65,2,0,0,1,99f41d39-cc65-4aad-b186-23b66e282f19,1.1638462756815124
99f41d39-cc65-4aad-b186-23b66e282f19_68-52,2,0,0,1,99f41d39-cc65-4aad-b186-23b66e282f19,0.4088257653848195
9a33e9f1-a740-4810-a624-62b0c9935741_115-86,1,1,1,3,9a33e9f1-a740-4810-a624-62b0c9935741,-0.13592266099309014
9a33e9f1-a740-4810-a624-62b0c9935741_1702-28,1,0,0,3,9a33e9f1-a740-4810-a624-62b0c9935741,0.49690224270752537
9a33e9f1-a740-4810-a624-62b0c9935741_1894-42,2,1,1,3,9a33e9f1-a740-4810-a624-62b0c9935741,1.0778115684744065
9a33e9f1-a740-4810-a624-62b0c9935741_2385-44,2,1,1,3,9a33e9f1-a740-4810-a624-62b0c9935741,1.7324505879665837
9a33e9f1-a740-4810-a624-62b0c9935741_2416-26,0,0,0,3,9a33e9f1-a740-4810-a624-62b0c9935741,-0.1928745330748527
9a33e9f1-a740-4810-a624-62b0c9935741_636-64,0,1,1,3,9a33e9f1-a740-4810-a624-62b0c9935741,0.9737329590530368
9a33e9f1-a740-4810-a624-62b0c9935741_831-69,1,1,1,3,9a33e9f1-a740-4810-a624-62b0c9935741,0.8933501798925401
9a622b20-b234-4237-a3aa-c76b350e82dd_477-13,1,0,0,3,9a622b20-b234-4237-a3aa-c76b350e82dd,-0.14636235217336568
9a732221-3adb-4903-b61d-9b8097965fbf_2751-77,0,1,1,4,9a732221-3adb-4903-b61d-9b8097965fbf,0.7269057084975667
9a732221-3adb-4903-b61d-9b8097965fbf_3781-26,1,1,1,4,9a732221-3adb-4903-b61d-9b8097965fbf,-0.27548000730584943
9b34e344-494d-4664-8180-a8ff2a692ab2_35-55,2,1,1,2,9b34e344-494d-4664-8180-a8ff2a692ab2,0.2777472169640811
9b8a4b28-b831-417b-83dd-deb7890908c0_1561-56,2,0,0,1,9b8a4b28-b831-417b-83dd-deb7890908c0,1.2312589344343914
9c07f3a2-5033-4f78-a377-a4cf5a7d7add_2010-42,1,0,0,3,9c07f3a2-5033-4f78-a377-a4cf5a7d7add,0.8347937500522951
9c07f3a2-5033-4f78-a377-a4cf5a7d7add_2093-33,0,1,1,3,9c07f3a2-5033-4f78-a377-a4cf5a7d7add,0.7858384631117639
9c15ab39-2b2b-4eb1-a93d-4dd3b9711fc6_321-25,0,1,1,0,9c15ab39-2b2b-4eb1-a93d-4dd3b9711fc6,-0.16377055524826556
9ced9631-9c8f-4a69-9984-e6b0763d11ba_278-77,3,1,1,4,9ced9631-9c8f-4a69-9984-e6b0763d11ba,0.24080311624289563
9d0c46d6-ea9a-43e6-8b8a-4b2972eb6ef4_551-12,3,0,0,3,9d0c46d6-ea9a-43e6-8b8a-4b2972eb6ef4,-0.36507508857763415
9d26362a-4411-4d8b-b114-03f4f89928d7_1156-78,1,0,0,3,9d26362a-4411-4d8b-b114-03f4f89928d7,1.1225436149420978
9d26362a-4411-4d8b-b114-03f4f89928d7_1588-24,0,1,1,3,9d26362a-4411-4d8b-b114-03f4f89928d7,0.7075732012594578
9d26362a-4411-4d8b-b114-03f4f89928d7_694-92,3,1,1,3,9d26362a-4411-4d8b-b114-03f4f89928d7,1.0987312498729567
9d2ec4ad-945f-4614-b41f-24260de662f6_1664-30,2,1,1,2,9d2ec4ad-945f-4614-b41f-24260de662f6,0.9093021119526317
9d965c16-0014-45e5-b37b-50a786971470_2004-75,2,1,1,0,9d965c16-0014-45e5-b37b-50a786971470,0.7330928535396897
9d965c16-0014-45e5-b37b-50a786971470_2476-67,1,0,0,0,9d965c16-0014-45e5-b37b-50a786971470,0.6530090955459609
9d965c16-0014-45e5-b37b-50a786971470_6156-96,0,1,1,0,9d965c16-0014-45e5-b37b-50a786971470,0.57332602957923
9d965c16-0014-45e5-b37b-50a786971470_8107-86,1,0,0,0,9d965c16-0014-45e5-b37b-50a786971470,0.27722870015076073
9dd29951-5080-4392-8bcd-2446e6af90fe_1166-46,3,0,0,1,9dd29951-5080-4392-8bcd-2446e6af90fe,-0.3349655598524517
9df7c322-0e66-491d-bcf8-f10038b1eccf_229-80,3,0,0,0,9df7c322-0e66-491d-bcf8-f10038b1eccf,1.4411294890407054
9e0594bd-15a5-4ae7-afa0-9283683ae1f2_1106-88,1,1,1,3,9e0594bd-15a5-4ae7-afa0-9283683ae1f2,0.9989672929442854
9e08a7b1-eb04-4d11-bb0b-f4cd42f0a819_3434-14,1,1,1,2,9e08a7b1-eb04-4d11-bb0b-f4cd42f0a819,0.051063806600121
9e579570-0541-49d6-bf0e-35483e949296_653-37,2,1,1,2,9e579570-0541-49d6-bf0e-35483e949296,0.8967733226886014
9e9c5b05-c7d4-450d-9850-e6ae83caa9a5_3282-52,3,0,0,2,9e9c5b05-c7d4-450d-9850-e6ae83caa9a5,1.5151833498209746
9e9c5b05-c7d4-450d-9850-e6ae83caa9a5_3297-13,1,1,1,2,9e9c5b05-c7d4-450d-9850-e6ae83caa9a5,0.8842174922131758
9f4e5f51-eac3-4070-9097-f6e18a7b90f9_1289-99,1,0,0,1,9f4e5f51-eac3-4070-9097-f6e18a7b90f9,0.07355904659372459
9f8d9232-a78e-4e14-9a0f-944a325efa19_133-97,1,1,1,0,9f8d9232-a78e-4e14-9a0f-944a325efa19,0.7758363364110124
9fb1ce25-8a99-45ed-a28c-1492192d4964_1100-54,2,1,1,1,9fb1ce25-8a99-45ed-a28c-1492192d4964,1.0814548675523847
9fb1ce25-8a99-45ed-a28c-1492192d4964_1946-35,0,1,1,1,9fb1ce25-8a99-45ed-a28c-1492192d4964,-0.3749999544404665
9fb1ce25-8a99-45ed-a28c-1492192d4964_1957-11,2,0,0,1,9fb1ce25-8a99-45ed-a28c-1492192d4964,0.8647093075239123
9fc3678b-86e2-44ab-adbc-9aeda78ceb60_957-19,0,1,1,3,9fc3678b-86e2-44ab-adbc-9aeda78ceb60,0.48316934374093035
9fc3678b-86e2-44ab-adbc-9aeda78ceb60_992-74,0,1,1,3,9fc3678b-86e2-44ab-adbc-9aeda78ceb60,0.8743788231720357
a055e4e8-cc07-47c1-a438-06f45c4f724c_2257-57,2,1,1,2,a055e4e8-cc07-47c1-a438-06f45c4f724c,1.963027390608837
a055e4e8-cc07-47c1-a438-06f45c4f724c_2341-22,1,1,1,2,a055e4e8-cc07-47c1-a438-06f45c4f724c,1.3814399904166252
a12f0a2e-e066-4b65-8603-6754bb73e196_30-04,3,1,1,4,a12f0a2e-e066-4b65-8603-6754bb73e196,0.7032696235953857
a13a145f-920a-44ec-8aef-b489c097f4a7_171-91,2,1,1,3,a13a145f-920a-44ec-8aef-b489c097f4a7,0.9485070917070118
a1b38e9d-7225-46ab-ab17-a61b261faa36_1920-36,2,1,1,2,a1b38e9d-7225-46ab-ab17-a61b261faa36,0.022562011756244837
a1e8d35f-2dad-495c-ac00-b056f710c706_1381-64,3,1,1,1,a1e8d35f-2dad-495c-ac00-b056f710c706,0.9967992042318043
a23540b7-3588-48ad-b84a-1b5935db856a_235-41,2,1,1,0,a23540b7-3588-48ad-b84a-1b5935db856a,1.3491842952638775
a267b011-b1db-4e3c-aa49-438e2afdd6dc_116-72,4,1,1,4,a267b011-b1db-4e3c-aa49-438e2afdd6dc,0.9384341164143275
a2c3a84e-ae75-4e72-8a52-64511ed67080_919-81,4,1,1,3,a2c3a84e-ae75-4e72-8a52-64511ed67080,1.4798666601954935
a2f25985-0589-42ca-af57-58930079dfb9_1082-02,3,1,1,4,a2f25985-0589-42ca-af57-58930079dfb9,0.8149867104297108
a2f25985-0589-42ca-af57-58930079dfb9_1096-32,0,1,1,4,a2f25985-0589-42ca-af57-58930079dfb9,0.8736780550157124
a2f25985-0589-42ca-af57-58930079dfb9_7290-57,3,1,1,4,a2f25985-0589-42ca-af57-58930079dfb9,1.8071894301242608
a32e3749-3ec6-4865-b5f2-067d05c04190_1229-02,0,1,1,3,a32e3749-3ec6-4865-b5f2-067d05c04190,1.3262656378258575
a32e3749-3ec6-4865-b5f2-067d05c04190_230-06,2,0,0,3,a32e3749-3ec6-4865-b5f2-067d05c04190,1.5080256058682286
a3c41b4b-6dc7-4e69-b04b-ca30b4f1c185_1014-12,2,0,0,0,a3c41b4b-6dc7-4e69-b04b-ca30b4f1c185,0.670837987329298
a3f1b2f3-0735-4c65-b66e-5c397f3126c7_276-64,0,0,0,4,a3f1b2f3-0735-4c65-b66e-5c397f3126c7,0.5165552269766767
a3f6b937-bb29-4cc4-9f4b-27080ddca7c7_437-97,2,0,0,1,a3f6b937-bb29-4cc4-9f4b-27080ddca7c7,0.3948447852073238
a4048b30-d9a8-4653-a2d6-d07422e3449e_739-24,1,1,1,0,a4048b30-d9a8-4653-a2d6-d07422e3449e,1.816492120279658
a40f2c59-c795-4893-9ec5-6a58632a2b49_635-34,4,0,0,0,a40f2c59-c795-4893-9ec5-6a58632a2b49,1.3536603684159498
a4375d98-e295-4e7d-a718-d8af066e3d57_1708-23,0,1,1,4,a4375d98-e295-4e7d-a718-d8af066e3d57,0.5822028453634327
a437e059-78be-4894-a7ab-dc27fa16d3f8_178-53,3,0,0,4,a437e059-78be-4894-a7ab-dc27fa16d3f8,-0.20674737195976367
a437e059-78be-4894-a7ab-dc27fa16d3f8_6770-46,3,0,0,4,a437e059-78be-4894-a7ab-dc27fa16d3f8,-0.3327473853597145
a437e059-78be-4894-a7ab-dc27fa16d3f8_6791-07,0,1,1,4,a437e059-78be-4894-a7ab-dc27fa16d3f8,0.2503288155808727
a437e059-78be-4894-a7ab-dc27fa16d3f8_7188-07,3,0,0,4,a437e059-78be-4894-a7ab-dc27fa16d3f8,0.35730362512006564
a437e059-78be-4894-a7ab-dc27fa16d3f8_9861-81,1,0,0,4,a437e059-78be-4894-a7ab-dc27fa16d3f8,1.2454047830437016
a448297b-ae62-4712-bc4f-849b39176558_2443-39,3,1,1,2,a448297b-ae62-4712-bc4f-849b39176558,0.6453831089982709
a448297b-ae62-4712-bc4f-849b39176558_2588-08,3,1,1,2,a448297b-ae62-4712-bc4f-849b39176558,1.0841188374841237
a448297b-ae62-4712-bc4f-849b39176558_3322-55,2,0,0,2,a448297b-ae62-4712-bc4f-849b39176558,0.7749451773369282
a454e4d7-7ead-41ea-bfcf-db8300ad34d9_72-86,3,0,0,3,a454e4d7-7ead-41ea-bfcf-db8300ad34d9,0.9992222725536373
a48f66dc-d07c-4ca9-aa3b-b08ea5802194_1914-01,0,1,1,2,a48f66dc-d07c-4ca9-aa3b-b08ea5802194,0.2965987215543118
a49bdcc8-8f23-445d-bae0-8d9e5c4d9c63_1749-02,2,0,0,1,a49bdcc8-8f23-445d-bae0-8d9e5c4d9c63,-0.20993439047544027
a4bbdddc-c222-4535-a616-57ccbc8f9b9e_1495-45,0,0,0,1,a4bbdddc-c222-4535-a616-57ccbc8f9b9e,0.6389180153130194
a4bbdddc-c222-4535-a616-57ccbc8f9b9e_4898-52,2,1,1,1,a4bbdddc-c222-4535-a616-57ccbc8f9b9e,0.10272498721345169
a4bbdddc-c222-4535-a616-57ccbc8f9b9e_5519-45,0,1,1,1,a4bbdddc-c222-4535-a616-57ccbc8f9b9e,1.177417774621669
a4bbdddc-c222-4535-a616-57ccbc8f9b9e_7343-01,1,0,0,1,a4bbdddc-c222-4535-a616-57ccbc8f9b9e,1.273836482716012
a4c1f23e-702e-49a1-9600-0538e4e2e7db_2889-59,0,0,0,0,a4c1f23e-702e-49a1-9600-0538e4e2e7db,0.2333075589523721
a5bd4711-275b-4bbf-96fe-37553e5d3e93_1416-31,2,1,1,1,a5bd4711-275b-4bbf-96fe-37553e5d3e93,0.8602969730837857
a5bd4711-275b-4bbf-96fe-37553e5d3e93_156-00,2,0,0,1,a5bd4711-275b-4bbf-96fe-37553e5d3e93,1.0328832522616895
a5bd4711-275b-4bbf-96fe-37553e5d3e93_1659-18,3,0,0,1,a5bd4711-275b-4bbf-96fe-37553e5d3e93,0.4129607216692821
a5bd4711-275b-4bbf-96fe-37553e5d3e93_1662-76,2,0,0,1,a5bd4711-275b-4bbf-96fe-37553e5d3e93,1.2579183453714717
a5bd4711-275b-4bbf-96fe-37553e5d3e93_297-73,3,0,0,1,a5bd4711-275b-4bbf-96fe-37553e5d3e93,-0.29650956890906555
a5bd4711-275b-4bbf-96fe-37553e5d3e93_480-52,3,0,0,1,a5bd4711-275b-4bbf-96fe-37553e5d3e93,0.3146382756501278
a5bd4711-275b-4bbf-96fe-37553e5d3e93_484-64,3,1,1,1,a5bd4711-275b-4bbf-96fe-37553e5d3e93,0.7747127315054316
a5bd4711-275b-4bbf-96fe-37553e5d3e93_499-12,1,0,0,1,a5bd4711-275b-4bbf-96fe-37553e5d3e93,0.5776948009314429
a5e74924-6083-4618-b830-f528c5199ed9_5985-35,1,0,0,4,a5e74924-6083-4618-b830-f528c5199ed9,1.9052593520391818
a6264c7d-d42a-4708-8fc2-b35ad0c5fe42_55-09,0,1,1,1,a6264c7d-d42a-4708-8fc2-b35ad0c5fe42,-0.2126059667562492
a6264c7d-d42a-4708-8fc2-b35ad0c5fe42_990-06,2,1,1,1,a6264c7d-d42a-4708-8fc2-b35ad0c5fe42,0.19751835047704103
a6ae81d6-f014-4902-bae6-b06373b31c55_153-41,2,0,0,3,a6ae81d6-f014-4902-bae6-b06373b31c55,0.34579267358272814
a7062d19-5af7-42fe-ad8c-2d7442ddbe48_514-59,2,0,0,2,a7062d19-5af7-42fe-ad8c-2d7442ddbe48,0.5951697451106759
a717f100-51ec-4316-92b8-282aeecc805b_724-56,2,0,0,1,a717f100-51ec-4316-92b8-282aeecc805b,1.548543862345747
a71f72c5-5225-4b12-aba3-01fa46f53427_914-96,2,1,1,4,a71f72c5-5225-4b12-aba3-01fa46f53427,1.002016169338654
a743a90e-f46c-4e55-a94d-a7f11c771207_51-51,1,0,0,3,a743a90e-f46c-4e55-a94d-a7f11c771207,0.1796080857067217
a7448853-2414-42b1-998c-0f56594e437a_155-55,3,1,1,3,a7448853-2414-42b1-998c-0f56594e437a,0.24508950563011167
a8197601-7474-4cb0-8d08-e8a8febcecfc_13-71,0,0,0,1,a8197601-7474-4cb0-8d08-e8a8febcecfc,-0.014464823519273917
a8197601-7474-4cb0-8d08-e8a8febcecfc_222-15,0,1,1,1,a8197601-7474-4cb0-8d08-e8a8febcecfc,1.5507688502153425
a8197601-7474-4cb0-8d08-e8a8febcecfc_854-68,3,1,1,1,a8197601-7474-4cb0-8d08-e8a8febcecfc,0.31133761887098976
a8197601-7474-4cb0-8d08-e8a8febcecfc_997-91,3,1,1,1,a8197601-7474-4cb0-8d08-e8a8febcecfc,0.9488708752841546
a84e378e-c9d5-4ace-8e42-e07b95784746_180-55,1,0,0,2,a84e378e-c9d5-4ace-8e42-e07b95784746,0.39854566858974905
a8983a14-da13-4e54-bc7a-b027b374c710_536-56,0,0,0,1,a8983a14-da13-4e54-bc7a-b027b374c710,0.9476080570442826
a95545b6-8b1e-4d77-a209-c1accf3b057b_17-67,0,1,1,2,a95545b6-8b1e-4d77-a209-c1accf3b057b,-0.23040277796345676
a95545b6-8b1e-4d77-a209-c1accf3b057b_34-20,4,1,1,2,a95545b6-8b1e-4d77-a209-c1accf3b057b,0.7656165929252488
a99c5790-b590-4c29-98b3-004bbf106ce7_312-10,2,1,1,0,a99c5790-b590-4c29-98b3-004bbf106ce7,1.026733533685189
a99c5790-b590-4c29-98b3-004bbf106ce7_315-27,0,0,0,0,a99c5790-b590-4c29-98b3-004bbf106ce7,1.4553866841169127
aa19d5c0-35b6-4ec2-9865-07f556c341de_34-98,2,1,1,4,aa19d5c0-35b6-4ec2-9865-07f556c341de,1.2285536908326606
aa19d5c0-35b6-4ec2-9865-07f556c341de_76-28,3,0,0,4,aa19d5c0-35b6-4ec2-9865-07f556c341de,1.3674642423560348
aa3237b2-4a62-4676-b81c-a9726003b420_1532-19,3,1,1,0,aa3237b2-4a62-4676-b81c-a9726003b420,1.0552660522881898
aabc5114-a6a1-459d-81ed-99370385a7e4_2460-69,3,0,0,4,aabc5114-a6a1-459d-81ed-99370385a7e4,0.21256569316083684
aad332b0-a437-4bd9-9147-f580bb58c3f5_3472-99,0,0,0,3,aad332b0-a437-4bd9-9147-f580bb58c3f5,0.49447007189697767
aae90bb1-c8b8-433c-98b6-2bc5f20af6ea_569-99,1,0,0,2,aae90bb1-c8b8-433c-98b6-2bc5f20af6ea,0.3987728340211998
ab6f68a2-e5ba-48ce-ac24-7fb3df0584f2_326-63,0,1,1,1,ab6f68a2-e5ba-48ce-ac24-7fb3df0584f2,1.5284092432941876
ab865129-78fa-47d4-8a50-ff8c5533246f_1028-44,0,0,0,3,ab865129-78fa-47d4-8a50-ff8c5533246f,-0.4674668434297775
ab865129-78fa-47d4-8a50-ff8c5533246f_318-49,1,0,0,3,ab865129-78fa-47d4-8a50-ff8c5533246f,-0.7449792234951067
abbc5555-7816-4288-8d4d-f42b0683fc44_774-93,2,1,1,0,abbc5555-7816-4288-8d4d-f42b0683fc44,1.5551038924855916
abca0171-5e73-426e-9ba1-49a6339b2ef5_1825-89,1,0,0,2,abca0171-5e73-426e-9ba1-49a6339b2ef5,0.8602155332198158
abca0171-5e73-426e-9ba1-49a6339b2ef5_885-53,1,0,0,2,abca0171-5e73-426e-9ba1-49a6339b2ef5,0.03032522587861708
abca0171-5e73-426e-9ba1-49a6339b2ef5_979-03,3,0,0,2,abca0171-5e73-426e-9ba1-49a6339b2ef5,-0.19225290438269638
ac582760-09b1-4a6e-be08-f19f9bf5dfcb_391-13,2,0,0,4,ac582760-09b1-4a6e-be08-f19f9bf5dfcb,0.338726279747942
ac8704d3-ab1c-4412-a10e-befb387063b2_270-04,3,1,1,4,ac8704d3-ab1c-4412-a10e-befb387063b2,-0.3866134011556426
ac8dba37-ce09-4dc5-b478-8194e41353c3_2812-63,0,1,1,3,ac8dba37-ce09-4dc5-b478-8194e41353c3,2.5433570238620904
ac8dba37-ce09-4dc5-b478-8194e41353c3_5240-05,2,0,0,3,ac8dba37-ce09-4dc5-b478-8194e41353c3,0.08161019719049833
ac8dba37-ce09-4dc5-b478-8194e41353c3_748-30,0,0,0,3,ac8dba37-ce09-4dc5-b478-8194e41353c3,0.6596502954458365
ac8dba37-ce09-4dc5-b478-8194e41353c3_9451-92,3,0,0,3,ac8dba37-ce09-4dc5-b478-8194e41353c3,-0.12134455444451797
aca9e131-8b44-4e59-8394-24a494c19801_183-42,2,0,0,1,aca9e131-8b44-4e59-8394-24a494c19801,-0.19042757370525498
acef7751-e40a-4fb7-91ea-3ba56ef46aed_103-55,3,0,0,2,acef7751-e40a-4fb7-91ea-3ba56ef46aed,0.5519801736207273
ad851441-1f15-467e-83d8-48c764e220a8_875-32,0,0,0,1,ad851441-1f15-467e-83d8-48c764e220a8,0.9459461422768591
ad851441-1f15-467e-83d8-48c764e220a8_975-45,3,0,0,1,ad851441-1f15-467e-83d8-48c764e220a8,1.048229957291
ada73c3a-765f-46de-afb5-d152d058d7e2_17044-72,1,1,1,4,ada73c3a-765f-46de-afb5-d152d058d7e2,1.1604662370509637
ada73c3a-765f-46de-afb5-d152d058d7e2_7766-82,1,1,1,4,ada73c3a-765f-46de-afb5-d152d058d7e2,0.27250475824534726
adb9100b-45da-449a-94b1-ae29e107e4c5_72-02,3,1,1,0,adb9100b-45da-449a-94b1-ae29e107e4c5,-0.19557423719970624
ade9b865-951f-4a27-b6cb-ce12cb613de8_887-25,0,0,0,0,ade9b865-951f-4a27-b6cb-ce12cb613de8,0.6755114218964073
adf11624-aca0-4bad-a35f-51b9f330ee74_2900-34,0,0,0,4,adf11624-aca0-4bad-a35f-51b9f330ee74,0.2936873694174944
adf65602-f5ee-456a-a098-db19a521ce38_500-23,0,0,0,3,adf65602-f5ee-456a-a098-db19a521ce38,0.9783392085600335
ae56fbda-009b-485c-9dfa-72ce89e847bf_668-09,2,1,1,1,ae56fbda-009b-485c-9dfa-72ce89e847bf,0.6875031676333501
ae56fbda-009b-485c-9dfa-72ce89e847bf_742-92,1,1,1,1,ae56fbda-009b-485c-9dfa-72ce89e847bf,1.1834067161174076
ae59dda2-8aa0-40e1-bd48-af368ea8e149_1550-40,2,0,0,0,ae59dda2-8aa0-40e1-bd48-af368ea8e149,1.1371487504661526
ae59dda2-8aa0-40e1-bd48-af368ea8e149_1585-64,3,0,0,0,ae59dda2-8aa0-40e1-bd48-af368ea8e149,0.5103232431207956
ae59dda2-8aa0-40e1-bd48-af368ea8e149_1586-25,3,0,0,0,ae59dda2-8aa0-40e1-bd48-af368ea8e149,0.814363846015258
ae85c74a-0963-469b-93f9-cdfe3f898e5f_1781-47,0,1,1,2,ae85c74a-0963-469b-93f9-cdfe3f898e5f,1.069309968441363
af06acee-b948-4950-a653-53d76b03a010_809-86,3,0,0,1,af06acee-b948-4950-a653-53d76b03a010,0.3373549353237957
af06acee-b948-4950-a653-53d76b03a010_920-06,3,1,1,1,af06acee-b948-4950-a653-53d76b03a010,1.183626122496104
af0cc15a-5452-42fb-92dd-a3f50136bf12_3147-74,0,0,0,1,af0cc15a-5452-42fb-92dd-a3f50136bf12,-0.39426868213070576
af215e0f-56c7-4356-9aad-a3a5fb7bbc4f_1332-04,1,1,1,1,af215e0f-56c7-4356-9aad-a3a5fb7bbc4f,0.1654189604588996
af215e0f-56c7-4356-9aad-a3a5fb7bbc4f_4328-60,2,1,1,1,af215e0f-56c7-4356-9aad-a3a5fb7bbc4f,0.8986260897372074
af215e0f-56c7-4356-9aad-a3a5fb7bbc4f_4362-30,2,1,1,1,af215e0f-56c7-4356-9aad-a3a5fb7bbc4f,1.2119285999711924
af215e0f-56c7-4356-9aad-a3a5fb7bbc4f_709-03,2,0,0,1,af215e0f-56c7-4356-9aad-a3a5fb7bbc4f,-0.03666607925463228
af400f98-3c57-46ad-acac-eaca6f940180_2315-10,0,1,1,0,af400f98-3c57-46ad-acac-eaca6f940180,1.666289934610374
af400f98-3c57-46ad-acac-eaca6f940180_3131-59,1,1,1,0,af400f98-3c57-46ad-acac-eaca6f940180,0.12943676003758542
af400f98-3c57-46ad-acac-eaca6f940180_3432-31,2,1,1,0,af400f98-3c57-46ad-acac-eaca6f940180,0.3760186146667852
af400f98-3c57-46ad-acac-eaca6f940180_508-42,3,0,0,0,af400f98-3c57-46ad-acac-eaca6f940180,0.7944407587553046
af43394e-d24c-40c2-b03a-f3cdff888370_762-90,2,0,0,0,af43394e-d24c-40c2-b03a-f3cdff888370,0.9302126965898707
af72c57c-b242-48b2-8d00-aea29f4e37ac_1063-17,2,1,1,4,af72c57c-b242-48b2-8d00-aea29f4e37ac,-0.26020724361766967
af862b37-12f1-4b55-a1ca-1c162c4f98a0_3380-57,1,1,1,1,af862b37-12f1-4b55-a1ca-1c162c4f98a0,0.6462318503704896
af862b37-12f1-4b55-a1ca-1c162c4f98a0_431-14,3,0,0,1,af862b37-12f1-4b55-a1ca-1c162c4f98a0,-1.0059108338592988
af8dda66-0025-4ee4-9888-b568b28986e6_3283-52,1,0,0,3,af8dda66-0025-4ee4-9888-b568b28986e6,1.0566557606262192
afd5c197-7b14-4e21-ac56-d23b6a5543d0_1256-20,3,0,0,4,afd5c197-7b14-4e21-ac56-d23b6a5543d0,0.3235234440306285
afd5c197-7b14-4e21-ac56-d23b6a5543d0_1411-24,0,0,0,4,afd5c197-7b14-4e21-ac56-d23b6a5543d0,1.6534820633568934
b08cc451-bab8-4ab1-a0a2-102582d9f778_398-19,3,0,0,2,b08cc451-bab8-4ab1-a0a2-102582d9f778,-0.31518614172403225
b0937ec3-7645-4f68-b9cd-549ff7c01819_2030-83,3,1,1,1,b0937ec3-7645-4f68-b9cd-549ff7c01819,0.10584396807052876
b0a30641-ad93-4d6a-92a9-f277c78f1aa5_112-83,1,0,0,2,b0a30641-ad93-4d6a-92a9-f277c78f1aa5,0.6804842186997038
b0a30641-ad93-4d6a-92a9-f277c78f1aa5_295-10,3,1,1,2,b0a30641-ad93-4d6a-92a9-f277c78f1aa5,0.8145013580949285
b0a30641-ad93-4d6a-92a9-f277c78f1aa5_473-69,1,0,0,2,b0a30641-ad93-4d6a-92a9-f277c78f1aa5,1.386991276022316
b1543ea3-e86b-4545-9195-f1bf83e02b41_4163-19,0,0,0,4,b1543ea3-e86b-4545-9195-f1bf83e02b41,0.6782373683816374
b2508929-e3e4-4583-b1db-41dc3bb0fd21_542-36,3,1,1,3,b2508929-e3e4-4583-b1db-41dc3bb0fd21,1.7478811685229678
b264c17e-145a-4dd0-90c4-397d0f5b8057_51-64,4,1,1,3,b264c17e-145a-4dd0-90c4-397d0f5b8057,1.0778578899862137
b2e6a3f7-aa49-42c5-990a-8ef89d2c9d33_987-28,2,0,0,2,b2e6a3f7-aa49-42c5-990a-8ef89d2c9d33,2.029282112969474
b2ebded2-4c94-473d-b9e4-8dd3556a3152_31-51,0,1,1,1,b2ebded2-4c94-473d-b9e4-8dd3556a3152,2.2134723052549035
b2f487cb-83b2-4e60-855d-1750938d0f1a_4050-16,3,0,0,0,b2f487cb-83b2-4e60-855d-1750938d0f1a,-0.6037492139882221
b390f179-78cb-4522-9abc-467e0597d4b7_597-75,1,0,0,4,b390f179-78cb-4522-9abc-467e0597d4b7,0.447612107665887
b3a0d595-d5b4-4e4b-9c52-337053871604_278-40,3,1,1,3,b3a0d595-d5b4-4e4b-9c52-337053871604,0.2774201029126273
b4068f40-69e9-4217-81ba-84e59c25f125_887-13,1,1,1,2,b4068f40-69e9-4217-81ba-84e59c25f125,0.22747891718050428
b449ae20-0dd5-468e-ad86-daac0180046d_22-83,2,0,0,1,b449ae20-0dd5-468e-ad86-daac0180046d,0.771674591517413
b4814b66-f564-48cb-a11f-3b0a1ee73704_24-49,3,0,0,0,b4814b66-f564-48cb-a11f-3b0a1ee73704,0.05711921168824308
b4814b66-f564-48cb-a11f-3b0a1ee73704_27-72,2,0,0,0,b4814b66-f564-48cb-a11f-3b0a1ee73704,0.5150704715061103
b4814b66-f564-48cb-a11f-3b0a1ee73704_42-69,0,0,0,0,b4814b66-f564-48cb-a11f-3b0a1ee73704,2.644489227578847
b4b27c5b-2b73-4083-a41c-a6a960475c1a_1618-99,3,0,0,0,b4b27c5b-2b73-4083-a41c-a6a960475c1a,0.11147743116957853
b513c72d-8b77-4bee-96b6-b5f57977a3eb_765-76,1,1,1,4,b513c72d-8b77-4bee-96b6-b5f57977a3eb,-0.044931397354951
b57a2268-9cac-491d-b737-ad8dc28b15fb_1546-09,3,0,0,1,b57a2268-9cac-491d-b737-ad8dc28b15fb,0.4361622816456068
b57a2268-9cac-491d-b737-ad8dc28b15fb_2224-77,2,0,0,1,b57a2268-9cac-491d-b737-ad8dc28b15fb,0.30064132111422337
b5c3c1e3-7ee7-4b4a-b938-4d008d5aa49b_521-60,3,1,1,4,b5c3c1e3-7ee7-4b4a-b938-4d008d5aa49b,0.7848118075432837
b5c3c1e3-7ee7-4b4a-b938-4d008d5aa49b_644-73,2,0,0,4,b5c3c1e3-7ee7-4b4a-b938-4d008d5aa49b,1.2366479839755642
b5c3c1e3-7ee7-4b4a-b938-4d008d5aa49b_757-55,3,1,1,4,b5c3c1e3-7ee7-4b4a-b938-4d008d5aa49b,1.1035279541558731
b5c5d054-4cc3-4e54-b283-6845ca022eb8_0-00,0,1,1,1,b5c5d054-4cc3-4e54-b283-6845ca022eb8,0.3475956475472368
b5d691f6-1618-467e-9fc9-d2ebd8eaafe4_488-95,3,0,0,3,b5d691f6-1618-467e-9fc9-d2ebd8eaafe4,0.03156525743085714
b5d691f6-1618-467e-9fc9-d2ebd8eaafe4_836-72,2,0,0,3,b5d691f6-1618-467e-9fc9-d2ebd8eaafe4,0.7660216541062785
b61b0b56-a852-47e2-ab09-9380d8465162_180-44,2,1,1,0,b61b0b56-a852-47e2-ab09-9380d8465162,0.1189771770274326
b6474db0-090c-40df-8d65-0a52dd0578cc_984-29,1,0,0,2,b6474db0-090c-40df-8d65-0a52dd0578cc,0.3659226462245453
b68e46bf-2cc5-4c6b-895a-1f8c6cad959a_2324-99,2,0,0,1,b68e46bf-2cc5-4c6b-895a-1f8c6cad959a,0.6576981983844374
b68f87f0-29be-4516-a34a-dda69dd84a56_274-36,2,0,0,1,b68f87f0-29be-4516-a34a-dda69dd84a56,1.5062579251836594
b68f87f0-29be-4516-a34a-dda69dd84a56_471-46,1,0,0,1,b68f87f0-29be-4516-a34a-dda69dd84a56,0.5588234467600037
b68f87f0-29be-4516-a34a-dda69dd84a56_524-12,1,1,1,1,b68f87f0-29be-4516-a34a-dda69dd84a56,2.9489342043999036
b68f87f0-29be-4516-a34a-dda69dd84a56_953-32,1,0,0,1,b68f87f0-29be-4516-a34a-dda69dd84a56,1.8665242408979459
b6ae365a-dd70-42c4-90d6-e0351778d991_277-06,0,1,1,4,b6ae365a-dd70-42c4-90d6-e0351778d991,-0.2770259665662165
b6ae365a-dd70-42c4-90d6-e0351778d991_416-05,1,1,1,4,b6ae365a-dd70-42c4-90d6-e0351778d991,-0.22588055805820528
b6bee905-eddf-4b41-bfe6-d57c9059fe61_1119-76,0,1,1,0,b6bee905-eddf-4b41-bfe6-d57c9059fe61,3.1348963494450035
b6bee905-eddf-4b41-bfe6-d57c9059fe61_1128-22,2,0,0,0,b6bee905-eddf-4b41-bfe6-d57c9059fe61,0.8559455051699296
b6d64c01-1462-4ebf-9eb5-44585cdd8ac4_2907-39,1,0,0,1,b6d64c01-1462-4ebf-9eb5-44585cdd8ac4,0.47774393797487824
b7022084-61ea-470f-b2cd-49be2ecaf3aa_18-42,1,0,0,1,b7022084-61ea-470f-b2cd-49be2ecaf3aa,1.651459552843458
b7022084-61ea-470f-b2cd-49be2ecaf3aa_688-07,0,1,1,1,b7022084-61ea-470f-b2cd-49be2ecaf3aa,1.3764206130687
b71166c2-c723-4f91-89b7-3a484e14079e_1586-58,3,1,1,0,b71166c2-c723-4f91-89b7-3a484e14079e,1.0476149068285778
b79c342b-db1e-407e-958a-e1585c6c3ddd_3-67,2,1,1,4,b79c342b-db1e-407e-958a-e1585c6c3ddd,1.8399533054618495
b7ae78cd-458a-4fbc-b9d8-212fe98a5095_270-04,1,1,1,3,b7ae78cd-458a-4fbc-b9d8-212fe98a5095,-0.2617544178721367
b8ba4ac1-4134-44aa-99db-25efaa058e98_277-37,3,1,1,2,b8ba4ac1-4134-44aa-99db-25efaa058e98,1.3613082457380068
b8ead1f7-ae4c-4c7c-8b2a-35599fc310c7_1079-80,4,1,1,1,b8ead1f7-ae4c-4c7c-8b2a-35599fc310c7,1.061722553112096
b925520a-853c-442e-8a39-6679cce1e9f4_1253-01,0,0,0,0,b925520a-853c-442e-8a39-6679cce1e9f4,1.558851430751334
b959f479-0508-4f1b-96a5-1b17e86af8ce_1110-67,3,0,0,4,b959f479-0508-4f1b-96a5-1b17e86af8ce,2.249743089147148
b99ceea4-7fa3-407c-9b9f-1347645d23f2_13-11,2,1,1,3,b99ceea4-7fa3-407c-9b9f-1347645d23f2,2.4454587666557677
b9b65293-fec8-494e-81e7-c4496aafba6f_1524-26,1,1,1,2,b9b65293-fec8-494e-81e7-c4496aafba6f,0.6232271843498014
b9b65293-fec8-494e-81e7-c4496aafba6f_2296-78,1,0,0,2,b9b65293-fec8-494e-81e7-c4496aafba6f,0.5493448068696667
b9bc5b47-ae9a-4220-84c7-ada93722c4fe_909-02,2,0,0,2,b9bc5b47-ae9a-4220-84c7-ada93722c4fe,0.13902579441764185
b9de7a2c-d02e-4d66-9556-381f0b7ca51a_3648-36,1,0,0,3,b9de7a2c-d02e-4d66-9556-381f0b7ca51a,1.354557983747542
b9de7a2c-d02e-4d66-9556-381f0b7ca51a_3795-42,2,1,1,3,b9de7a2c-d02e-4d66-9556-381f0b7ca51a,1.051225445931274
b9de7a2c-d02e-4d66-9556-381f0b7ca51a_3961-43,2,0,0,3,b9de7a2c-d02e-4d66-9556-381f0b7ca51a,1.0289172611812993
b9fd76c5-1f9b-4d82-b9ee-2e0615561765_364-29,3,1,1,0,b9fd76c5-1f9b-4d82-b9ee-2e0615561765,0.8736236313686363
ba078478-13a5-4e7f-8ee4-61620f84cb7a_2830-69,0,1,1,3,ba078478-13a5-4e7f-8ee4-61620f84cb7a,1.6017489197829884
ba078478-13a5-4e7f-8ee4-61620f84cb7a_3101-09,3,1,1,3,ba078478-13a5-4e7f-8ee4-61620f84cb7a,0.8927685508990792
ba1de596-15f4-45f3-bab3-dbf7283490be_5-13,1,0,0,4,ba1de596-15f4-45f3-bab3-dbf7283490be,1.1633806277449197
ba28e9d5-5a78-44c0-b985-2249dcc05956_17-90,3,0,0,4,ba28e9d5-5a78-44c0-b985-2249dcc05956,0.5061024334225317
ba28e9d5-5a78-44c0-b985-2249dcc05956_212-90,2,0,0,4,ba28e9d5-5a78-44c0-b985-2249dcc05956,0.3585874386521457
ba44d0ee-9aba-4d05-8d1b-1eac7346f479_1433-66,2,0,0,4,ba44d0ee-9aba-4d05-8d1b-1eac7346f479,0.4557358157136271
baaf6d24-7117-4b0b-acdf-a79765036d84_1340-93,0,1,1,3,baaf6d24-7117-4b0b-acdf-a79765036d84,1.9807598830878261
baaffbad-76a7-458a-8a54-7b593ab073f6_329-73,2,0,0,2,baaffbad-76a7-458a-8a54-7b593ab073f6,0.6313455397720105
baaffbad-76a7-458a-8a54-7b593ab073f6_979-89,0,1,1,2,baaffbad-76a7-458a-8a54-7b593ab073f6,-0.19705894945789515
bac30fe6-c597-4f1a-add1-d8d989205d98_1087-36,1,1,1,2,bac30fe6-c597-4f1a-add1-d8d989205d98,1.17318487116363
bae603bd-dc3d-46a4-90b7-9c1e2bcd3970_966-87,3,1,1,1,bae603bd-dc3d-46a4-90b7-9c1e2bcd3970,0.8562580212332678
baf15309-e865-4e9e-9efd-09097f1d5a43_341-69,3,0,0,4,baf15309-e865-4e9e-9efd-09097f1d5a43,0.5576425079361307
baf15309-e865-4e9e-9efd-09097f1d5a43_412-45,3,0,0,4,baf15309-e865-4e9e-9efd-09097f1d5a43,0.11086731136207262
bb04b03d-ae0d-416a-8c4c-b2325edec070_287-86,1,0,0,0,bb04b03d-ae0d-416a-8c4c-b2325edec070,0.7549239696396897
bb2297d3-91b7-4ec4-b39b-cc64694929db_0-03,2,1,1,0,bb2297d3-91b7-4ec4-b39b-cc64694929db,0.5938290315448675
bb2297d3-91b7-4ec4-b39b-cc64694929db_412-95,2,1,1,0,bb2297d3-91b7-4ec4-b39b-cc64694929db,1.649691179711878
bbd30b78-137a-4c75-a4e9-b51f62b3f04e_184-26,2,1,1,4,bbd30b78-137a-4c75-a4e9-b51f62b3f04e,0.2690371639076994
bc215572-bd4c-4457-bbc1-58cdd6398cc7_2751-16,1,1,1,3,bc215572-bd4c-4457-bbc1-58cdd6398cc7,-0.1043502066213875
bcfbfdd9-1f37-4edf-8ea0-114a92806d08_1826-13,0,1,1,2,bcfbfdd9-1f37-4edf-8ea0-114a92806d08,1.5008393539785463
bd31c2eb-4faa-467d-8c71-89a55b0a4be5_275-56,2,1,1,1,bd31c2eb-4faa-467d-8c71-89a55b0a4be5,0.6549167904994528
bd96484b-6f8c-492b-8969-cae99c868b4d_2411-56,2,0,0,1,bd96484b-6f8c-492b-8969-cae99c868b4d,1.9537750934582265
bd96484b-6f8c-492b-8969-cae99c868b4d_2855-28,0,1,1,1,bd96484b-6f8c-492b-8969-cae99c868b4d,0.0064585020225773615
bdb29a9e-d6d4-4918-9870-464abeae48d2_837-68,2,0,0,0,bdb29a9e-d6d4-4918-9870-464abeae48d2,0.7230464933261125
bdd32b96-5baf-4d67-9975-34cdce64b0cc_240-16,3,1,1,3,bdd32b96-5baf-4d67-9975-34cdce64b0cc,0.8259450004110385
bdeb0df9-2983-41bb-ba27-c431d9ef3163_1770-19,0,0,0,0,bdeb0df9-2983-41bb-ba27-c431d9ef3163,0.954672595838371
bdeb0df9-2983-41bb-ba27-c431d9ef3163_1772-82,2,1,1,0,bdeb0df9-2983-41bb-ba27-c431d9ef3163,0.8092763097767941
be1da89b-976b-4e71-a42a-7621b522db46_179-53,1,1,1,1,be1da89b-976b-4e71-a42a-7621b522db46,-0.29079164434866334
be462bcf-13ad-446a-8dfb-248cb2e3417a_379-26,3,1,1,2,be462bcf-13ad-446a-8dfb-248cb2e3417a,1.1648608577573063
be462bcf-13ad-446a-8dfb-248cb2e3417a_825-06,3,1,1,2,be462bcf-13ad-446a-8dfb-248cb2e3417a,1.4749605908481966
be7ede7a-c212-45ff-8601-e15dd2f7e531_1651-77,0,1,1,1,be7ede7a-c212-45ff-8601-e15dd2f7e531,0.28671244248682437
be7ede7a-c212-45ff-8601-e15dd2f7e531_928-33,0,1,1,1,be7ede7a-c212-45ff-8601-e15dd2f7e531,0.10639863256746729
be82ebf1-5feb-4c1b-a71a-f668e3a17726_27-55,1,1,1,1,be82ebf1-5feb-4c1b-a71a-f668e3a17726,0.5946276993287889
bebfd0fa-93bc-41a3-886d-e04a3675fc6d_293-94,3,1,1,0,bebfd0fa-93bc-41a3-886d-e04a3675fc6d,0.9312570651080794
bef6d752-a5f2-405f-bf3a-71e400bd8b06_1634-83,3,0,0,3,bef6d752-a5f2-405f-bf3a-71e400bd8b06,-0.052785320451130824
bf4a69c2-2c0b-4810-991b-3eb35e7dd2f3_1088-56,0,1,1,2,bf4a69c2-2c0b-4810-991b-3eb35e7dd2f3,0.10636175864914255
bf9354ab-541d-4c1c-aa3e-8a3bfd8fb51b_443-31,0,0,0,1,bf9354ab-541d-4c1c-aa3e-8a3bfd8fb51b,1.268919579685247
bff1d1da-957f-42ea-8c98-61eaca98b5f1_1049-58,3,1,1,0,bff1d1da-957f-42ea-8c98-61eaca98b5f1,-0.25714247352552344
c00a27da-98bb-4761-8093-45fd30a3f43f_1156-34,2,0,0,4,c00a27da-98bb-4761-8093-45fd30a3f43f,1.4105164885498258
c00d3596-99db-4ea7-9a65-57ab4319d640_329-17,1,0,0,1,c00d3596-99db-4ea7-9a65-57ab4319d640,0.9662333305184616
c00d3596-99db-4ea7-9a65-57ab4319d640_370-19,3,1,1,1,c00d3596-99db-4ea7-9a65-57ab4319d640,0.8910297750141412
c05389ca-2d74-4889-a8dd-a0f89d28a4b7_2763-64,3,1,1,3,c05389ca-2d74-4889-a8dd-a0f89d28a4b7,0.31567117267977385
c06532d8-f1cd-477f-b9f3-e8e980d73b2e_1339-60,1,1,1,2,c06532d8-f1cd-477f-b9f3-e8e980d73b2e,-0.37974837341705414
c0a19ccf-66ad-44b5-9b3d-2f20d49bc0a8_296-47,3,1,1,1,c0a19ccf-66ad-44b5-9b3d-2f20d49bc0a8,0.5692947519824008
c0eea386-412b-4127-a2d3-352322a0038c_1313-16,3,1,1,3,c0eea386-412b-4127-a2d3-352322a0038c,1.0908722278715473
c0eea386-412b-4127-a2d3-352322a0038c_719-09,0,1,1,3,c0eea386-412b-4127-a2d3-352322a0038c,0.4218143138867061
c0eea386-412b-4127-a2d3-352322a0038c_830-51,3,0,0,3,c0eea386-412b-4127-a2d3-352322a0038c,-0.06208744692254209
c1626bce-83ba-49da-921c-7b60243c19ea_7-12,0,0,0,3,c1626bce-83ba-49da-921c-7b60243c19ea,1.1415335403390314
c1626bce-83ba-49da-921c-7b60243c19ea_8-38,3,0,0,3,c1626bce-83ba-49da-921c-7b60243c19ea,0.22732104481942317
c1dc6626-34c8-4367-a80a-42a44057f47b_737-27,0,1,1,0,c1dc6626-34c8-4367-a80a-42a44057f47b,1.657680548406025
c1f4d37c-bfd8-4722-b1c4-767f8426ccfd_867-73,0,0,0,4,c1f4d37c-bfd8-4722-b1c4-767f8426ccfd,0.21337702219807309
c2071026-add0-4546-8374-b6d04ddd94b1_0-04,1,0,0,2,c2071026-add0-4546-8374-b6d04ddd94b1,1.1120848398938883
c20e2722-11e5-4181-960c-305cfcd7cfec_183-32,0,0,0,1,c20e2722-11e5-4181-960c-305cfcd7cfec,0.1337902483472504
c23eaef5-7441-42b4-9456-9f5a4a1bd615_11-29,3,1,1,1,c23eaef5-7441-42b4-9456-9f5a4a1bd615,0.46042527458251303
c25111f0-0c78-4bf8-a16d-57a6c25c2169_10881-80,0,0,0,4,c25111f0-0c78-4bf8-a16d-57a6c25c2169,-0.3498481709414085
c25111f0-0c78-4bf8-a16d-57a6c25c2169_3852-71,4,1,1,4,c25111f0-0c78-4bf8-a16d-57a6c25c2169,0.7068350758126098
c2d28dd4-4416-4300-bbbe-23911487776a_1418-50,2,1,1,4,c2d28dd4-4416-4300-bbbe-23911487776a,0.9443472261150614
c2d28dd4-4416-4300-bbbe-23911487776a_1894-07,2,1,1,4,c2d28dd4-4416-4300-bbbe-23911487776a,1.2760357416394
c2d28dd4-4416-4300-bbbe-23911487776a_2076-47,0,1,1,4,c2d28dd4-4416-4300-bbbe-23911487776a,0.5551088473667443
c2d28dd4-4416-4300-bbbe-23911487776a_3669-01,0,1,1,4,c2d28dd4-4416-4300-bbbe-23911487776a,0.8263314133149748
c2d28dd4-4416-4300-bbbe-23911487776a_426-99,1,1,1,4,c2d28dd4-4416-4300-bbbe-23911487776a,1.3699164464391447
c2d28dd4-4416-4300-bbbe-23911487776a_6637-37,1,0,0,4,c2d28dd4-4416-4300-bbbe-23911487776a,0.3712275092720465
c34effc7-6198-4c85-80c7-c8be85b77dd3_1105-03,3,0,0,0,c34effc7-6198-4c85-80c7-c8be85b77dd3,0.09525710832262524
c34effc7-6198-4c85-80c7-c8be85b77dd3_1620-55,3,1,1,0,c34effc7-6198-4c85-80c7-c8be85b77dd3,0.8900626092535333
c34effc7-6198-4c85-80c7-c8be85b77dd3_2128-22,3,0,0,0,c34effc7-6198-4c85-80c7-c8be85b77dd3,0.6097074321378053
c34effc7-6198-4c85-80c7-c8be85b77dd3_2648-25,0,0,0,0,c34effc7-6198-4c85-80c7-c8be85b77dd3,1.3409147131036523
c34effc7-6198-4c85-80c7-c8be85b77dd3_2681-98,2,1,1,0,c34effc7-6198-4c85-80c7-c8be85b77dd3,0.919217041363058
c34effc7-6198-4c85-80c7-c8be85b77dd3_2970-00,1,1,1,0,c34effc7-6198-4c85-80c7-c8be85b77dd3,1.3301780962556053
c34effc7-6198-4c85-80c7-c8be85b77dd3_2993-26,1,1,1,0,c34effc7-6198-4c85-80c7-c8be85b77dd3,1.8410069020336688
c34effc7-6198-4c85-80c7-c8be85b77dd3_4366-00,3,1,1,0,c34effc7-6198-4c85-80c7-c8be85b77dd3,1.2900474624705018
c34effc7-6198-4c85-80c7-c8be85b77dd3_5191-41,1,1,1,0,c34effc7-6198-4c85-80c7-c8be85b77dd3,1.0610596641640306
c34effc7-6198-4c85-80c7-c8be85b77dd3_5200-39,1,1,1,0,c34effc7-6198-4c85-80c7-c8be85b77dd3,1.5687967732589385
c34effc7-6198-4c85-80c7-c8be85b77dd3_5220-71,1,1,1,0,c34effc7-6198-4c85-80c7-c8be85b77dd3,1.0065546135746457
c34effc7-6198-4c85-80c7-c8be85b77dd3_5294-07,2,1,1,0,c34effc7-6198-4c85-80c7-c8be85b77dd3,0.9003735395387946
c34effc7-6198-4c85-80c7-c8be85b77dd3_5341-13,1,0,0,0,c34effc7-6198-4c85-80c7-c8be85b77dd3,1.1186740700609703
c34effc7-6198-4c85-80c7-c8be85b77dd3_694-72,2,1,1,0,c34effc7-6198-4c85-80c7-c8be85b77dd3,1.4617351986942158
c3acdda3-cd92-48c3-9052-45b57cb27e5a_1390-16,2,0,0,3,c3acdda3-cd92-48c3-9052-45b57cb27e5a,1.0725639421827433
c3acdda3-cd92-48c3-9052-45b57cb27e5a_1467-01,1,0,0,3,c3acdda3-cd92-48c3-9052-45b57cb27e5a,-0.2186599153493085
c4333895-ed19-42fe-9323-271a41bdfe4c_8-13,3,0,0,0,c4333895-ed19-42fe-9323-271a41bdfe4c,0.1007060828679609
c463128d-18cc-44ad-abf6-03ee87534919_120-41,3,0,0,4,c463128d-18cc-44ad-abf6-03ee87534919,0.4592774732190501
c495da06-2baf-4f62-958d-5ef2e6da08c4_28-94,0,1,1,3,c495da06-2baf-4f62-958d-5ef2e6da08c4,0.3804630093864114
c5270067-6c25-45f2-b63a-1a55b85020ad_568-80,1,1,1,3,c5270067-6c25-45f2-b63a-1a55b85020ad,0.2563044147894393
c5270067-6c25-45f2-b63a-1a55b85020ad_569-44,1,0,0,3,c5270067-6c25-45f2-b63a-1a55b85020ad,-0.42382248382276844
c586c267-9ac3-45d5-a9aa-6deab0b9608d_246-72,0,0,0,2,c586c267-9ac3-45d5-a9aa-6deab0b9608d,0.6662453024569193
c58e1887-0314-4cb3-a09d-5ba529d8eda0_6-27,1,1,1,1,c58e1887-0314-4cb3-a09d-5ba529d8eda0,0.9589110115099466
c5938442-90c1-413c-be06-186222d8274f_0-03,2,0,0,0,c5938442-90c1-413c-be06-186222d8274f,0.9071586336396962
c615d305-14fe-41cd-9099-caf420beb604_1090-50,3,0,0,0,c615d305-14fe-41cd-9099-caf420beb604,0.6051952057089469
c615d305-14fe-41cd-9099-caf420beb604_955-84,3,1,1,0,c615d305-14fe-41cd-9099-caf420beb604,0.9793034968737966
c6534c1f-765e-42e7-86f4-da210d5211c3_764-77,2,0,0,4,c6534c1f-765e-42e7-86f4-da210d5211c3,0.41132942475750633
c67cb1da-90ac-4da8-af17-4f8b77da9b9d_291-33,2,1,1,3,c67cb1da-90ac-4da8-af17-4f8b77da9b9d,1.7409999872434134
c6b1f7dc-3301-46e6-867a-312a5f8e7a0f_13-11,0,1,1,2,c6b1f7dc-3301-46e6-867a-312a5f8e7a0f,1.3539323144648587
c6b5d782-d267-410e-8566-f7fe5d4a78a9_2700-04,1,1,1,3,c6b5d782-d267-410e-8566-f7fe5d4a78a9,0.8543932099949012
c6b5d782-d267-410e-8566-f7fe5d4a78a9_98-99,0,0,0,3,c6b5d782-d267-410e-8566-f7fe5d4a78a9,1.6960553319987934
c79e05d5-eaf6-4323-a707-744020743037_763-82,2,0,0,4,c79e05d5-eaf6-4323-a707-744020743037,1.195701312549462
c7da3efd-4a18-458e-90fd-f757ed966a63_380-64,1,0,0,4,c7da3efd-4a18-458e-90fd-f757ed966a63,0.6242968647881626
c7da3efd-4a18-458e-90fd-f757ed966a63_8-87,2,1,1,4,c7da3efd-4a18-458e-90fd-f757ed966a63,1.5596969361609512
c7e8af35-608f-4d18-b752-2f3140f5fcc4_772-15,1,1,1,3,c7e8af35-608f-4d18-b752-2f3140f5fcc4,0.4801594270704008
c7f71299-a622-4a9a-b225-019335d6f2d2_607-47,3,1,1,1,c7f71299-a622-4a9a-b225-019335d6f2d2,0.6507941577697147
c7f71299-a622-4a9a-b225-019335d6f2d2_658-88,2,0,0,1,c7f71299-a622-4a9a-b225-019335d6f2d2,1.432899917281275
c824d4e5-298a-462b-a408-28a85a7364af_126-28,1,1,1,3,c824d4e5-298a-462b-a408-28a85a7364af,0.4740977734076679
c824d4e5-298a-462b-a408-28a85a7364af_683-96,0,1,1,3,c824d4e5-298a-462b-a408-28a85a7364af,2.2952720063900918
c85251fa-eb44-4903-b27f-9cdee26e0ed5_1618-20,2,1,1,4,c85251fa-eb44-4903-b27f-9cdee26e0ed5,1.6083574843051514
c85251fa-eb44-4903-b27f-9cdee26e0ed5_1632-58,0,1,1,4,c85251fa-eb44-4903-b27f-9cdee26e0ed5,1.536595303405699
c864505c-9d49-4da4-bf7e-254b4c348c03_191-07,1,1,1,0,c864505c-9d49-4da4-bf7e-254b4c348c03,1.9114905435847827
c864505c-9d49-4da4-bf7e-254b4c348c03_242-94,2,1,1,0,c864505c-9d49-4da4-bf7e-254b4c348c03,0.5756291431297638
c864505c-9d49-4da4-bf7e-254b4c348c03_540-20,3,0,0,0,c864505c-9d49-4da4-bf7e-254b4c348c03,0.07886980581031633
c8b61175-cfa4-44f9-a88b-76609ffa4ca3_3008-85,3,1,1,0,c8b61175-cfa4-44f9-a88b-76609ffa4ca3,0.4435801178250187
c8d51f6b-7329-4367-9b24-941fa79794d2_2516-44,1,1,1,4,c8d51f6b-7329-4367-9b24-941fa79794d2,0.590700195892186
c92cfd96-21ca-4b52-a56a-6345fbf57de0_233-46,2,0,0,2,c92cfd96-21ca-4b52-a56a-6345fbf57de0,-0.5940481379048681
c92cfd96-21ca-4b52-a56a-6345fbf57de0_2877-33,2,0,0,2,c92cfd96-21ca-4b52-a56a-6345fbf57de0,0.6498957326749559
c93e077c-9f51-449c-b130-8be107c8a7d5_152-99,1,0,0,0,c93e077c-9f51-449c-b130-8be107c8a7d5,0.35935281871642477
c93e077c-9f51-449c-b130-8be107c8a7d5_199-82,2,0,0,0,c93e077c-9f51-449c-b130-8be107c8a7d5,-0.012380411363092758
c9595c28-a46b-4571-9796-3802af307bf2_188-17,3,0,0,4,c9595c28-a46b-4571-9796-3802af307bf2,1.2261675479287582
c97a7ee8-1fd4-4092-8c47-ef93dea1c8aa_539-98,2,1,1,3,c97a7ee8-1fd4-4092-8c47-ef93dea1c8aa,2.095641793980466
ca03dcd8-9e87-4da5-9f9d-eac37ed6e9fd_320-42,3,0,0,2,ca03dcd8-9e87-4da5-9f9d-eac37ed6e9fd,1.0737569420702588
ca1773b8-ec8e-4f61-8e8f-7e4211830793_1043-00,1,0,0,4,ca1773b8-ec8e-4f61-8e8f-7e4211830793,0.9041690975639116
ca1773b8-ec8e-4f61-8e8f-7e4211830793_835-99,3,1,1,4,ca1773b8-ec8e-4f61-8e8f-7e4211830793,1.572022138231505
ca22ace6-2d0e-4e0b-98d4-60544e5af4d5_1194-22,3,0,0,0,ca22ace6-2d0e-4e0b-98d4-60544e5af4d5,-0.20516649632279726
ca22ace6-2d0e-4e0b-98d4-60544e5af4d5_139-96,3,0,0,0,ca22ace6-2d0e-4e0b-98d4-60544e5af4d5,0.38824499754591346
ca22ace6-2d0e-4e0b-98d4-60544e5af4d5_4682-68,1,0,0,0,ca22ace6-2d0e-4e0b-98d4-60544e5af4d5,1.3378596650857282
ca800ee3-fea2-4825-ba1d-8eaace908135_5734-95,2,0,0,1,ca800ee3-fea2-4825-ba1d-8eaace908135,-0.6063353079034182
ca800ee3-fea2-4825-ba1d-8eaace908135_6490-17,2,0,0,1,ca800ee3-fea2-4825-ba1d-8eaace908135,0.13210581540721855
caa17bb0-2b04-49b0-8ccc-38b2803a3b1f_26-31,1,0,0,1,caa17bb0-2b04-49b0-8ccc-38b2803a3b1f,0.01573989925009056
cab3c095-8054-4794-81c5-ef9dce1d1373_376-97,3,0,0,0,cab3c095-8054-4794-81c5-ef9dce1d1373,0.47697757990770207
cb0013d1-84a7-42c7-962a-3b00043365e5_1957-07,1,1,1,4,cb0013d1-84a7-42c7-962a-3b00043365e5,0.8647335215353076
cb1f1ddf-f4f6-4b0e-ab73-0285729ba790_40-06,1,1,1,3,cb1f1ddf-f4f6-4b0e-ab73-0285729ba790,0.7602904133565798
cb87d2ca-dc4f-4e1c-a13f-a8fe7dc952e9_11-49,1,0,0,2,cb87d2ca-dc4f-4e1c-a13f-a8fe7dc952e9,0.08831651814089536
cb87d2ca-dc4f-4e1c-a13f-a8fe7dc952e9_115-52,3,0,0,2,cb87d2ca-dc4f-4e1c-a13f-a8fe7dc952e9,1.217157253399378
cb87d2ca-dc4f-4e1c-a13f-a8fe7dc952e9_23-76,2,0,0,2,cb87d2ca-dc4f-4e1c-a13f-a8fe7dc952e9,1.1251624999073393
cb87d2ca-dc4f-4e1c-a13f-a8fe7dc952e9_98-75,2,0,0,2,cb87d2ca-dc4f-4e1c-a13f-a8fe7dc952e9,1.4639884866440813
cb8df5e7-af5c-4211-b779-0568f94c7ded_1890-31,3,0,0,4,cb8df5e7-af5c-4211-b779-0568f94c7ded,0.5477488259823657
cb8df5e7-af5c-4211-b779-0568f94c7ded_3375-73,1,0,0,4,cb8df5e7-af5c-4211-b779-0568f94c7ded,0.8791858470994351
cb8df5e7-af5c-4211-b779-0568f94c7ded_3449-61,0,1,1,4,cb8df5e7-af5c-4211-b779-0568f94c7ded,-0.2774289403029395
cb987dd4-f0ec-46ed-8bf0-3fee8c84fc90_2701-67,3,1,1,2,cb987dd4-f0ec-46ed-8bf0-3fee8c84fc90,0.987159123884602
cb9de2c6-ff1a-48e8-b170-047e9471b588_1100-53,1,1,1,3,cb9de2c6-ff1a-48e8-b170-047e9471b588,0.5548884180859275
cb9de2c6-ff1a-48e8-b170-047e9471b588_836-21,1,1,1,3,cb9de2c6-ff1a-48e8-b170-047e9471b588,1.7190617060101838
cb9de2c6-ff1a-48e8-b170-047e9471b588_884-63,1,1,1,3,cb9de2c6-ff1a-48e8-b170-047e9471b588,1.4776531427916468
cb9de2c6-ff1a-48e8-b170-047e9471b588_931-60,0,1,1,3,cb9de2c6-ff1a-48e8-b170-047e9471b588,1.7585718653895428
cbc5c4fe-ed66-4525-a3d8-d691064db66b_262-02,3,0,0,0,cbc5c4fe-ed66-4525-a3d8-d691064db66b,-0.20794158794352469
cbc5c4fe-ed66-4525-a3d8-d691064db66b_527-23,3,0,0,0,cbc5c4fe-ed66-4525-a3d8-d691064db66b,0.9162779561911898
cbc5c4fe-ed66-4525-a3d8-d691064db66b_545-69,1,1,1,0,cbc5c4fe-ed66-4525-a3d8-d691064db66b,0.6022077514198538
cbc5c4fe-ed66-4525-a3d8-d691064db66b_729-17,3,1,1,0,cbc5c4fe-ed66-4525-a3d8-d691064db66b,0.024871043369446788
cbfeb6c8-ec1f-4884-bcbf-14d7764c4a36_0-01,2,0,0,1,cbfeb6c8-ec1f-4884-bcbf-14d7764c4a36,-0.48459494886217824
cc82c3dc-caf7-4d64-9c84-b4701e205344_230-08,1,1,1,0,cc82c3dc-caf7-4d64-9c84-b4701e205344,0.8714897202278276
cc83fb01-1904-4917-8d11-2fe2c66a990c_5792-18,2,0,0,3,cc83fb01-1904-4917-8d11-2fe2c66a990c,0.41277691105476055
cce59bcd-0ebc-463e-bbb1-094186a6ed8d_1562-00,4,1,1,2,cce59bcd-0ebc-463e-bbb1-094186a6ed8d,1.2722527688715501
cce59bcd-0ebc-463e-bbb1-094186a6ed8d_36-05,1,1,1,2,cce59bcd-0ebc-463e-bbb1-094186a6ed8d,1.531105417027775
cd0c7d35-19cf-4ce2-9b40-0209547acde5_1364-91,1,0,0,4,cd0c7d35-19cf-4ce2-9b40-0209547acde5,1.2800058202551101
cd0c7d35-19cf-4ce2-9b40-0209547acde5_1365-10,2,1,1,4,cd0c7d35-19cf-4ce2-9b40-0209547acde5,1.519507888252293
cd0c7d35-19cf-4ce2-9b40-0209547acde5_1447-25,2,1,1,4,cd0c7d35-19cf-4ce2-9b40-0209547acde5,1.3064625777382832
cd0c7d35-19cf-4ce2-9b40-0209547acde5_284-45,3,1,1,4,cd0c7d35-19cf-4ce2-9b40-0209547acde5,0.38936055705351014
cd1d3c56-69ca-4602-944e-bb9fabb9710b_1637-32,3,0,0,3,cd1d3c56-69ca-4602-944e-bb9fabb9710b,0.23960352585464695
cd1d3c56-69ca-4602-944e-bb9fabb9710b_1865-43,0,1,1,3,cd1d3c56-69ca-4602-944e-bb9fabb9710b,0.45195999865040615
cdaee0ff-a9ab-4935-91a2-45042d55b39c_353-27,1,1,1,2,cdaee0ff-a9ab-4935-91a2-45042d55b39c,0.7867757247894505
cdfd99eb-88c6-4bc7-8f66-e0318216feab_820-48,2,0,0,2,cdfd99eb-88c6-4bc7-8f66-e0318216feab,0.12787504364469338
ce121331-6a77-44c0-9c0d-8d6b21f73b24_67-61,1,1,1,1,ce121331-6a77-44c0-9c0d-8d6b21f73b24,1.0587565347387036
ce19b572-7341-426a-8c2f-fe067344c98d_1914-35,0,0,0,0,ce19b572-7341-426a-8c2f-fe067344c98d,-0.34858745592406337
ce19b572-7341-426a-8c2f-fe067344c98d_1972-11,2,0,0,0,ce19b572-7341-426a-8c2f-fe067344c98d,0.5399723296715373
cea9a5cc-6682-474f-bae4-483ca722ec43_359-69,2,1,1,0,cea9a5cc-6682-474f-bae4-483ca722ec43,1.9476852547891306
cebb6331-2a18-454a-862b-3aa502267017_1587-77,2,0,0,4,cebb6331-2a18-454a-862b-3aa502267017,0.3377639565334558
cf3956a7-8cc6-4a99-8770-71a15c7e69c7_4456-62,1,1,1,4,cf3956a7-8cc6-4a99-8770-71a15c7e69c7,0.6286693626725253
cf3956a7-8cc6-4a99-8770-71a15c7e69c7_4824-79,2,1,1,4,cf3956a7-8cc6-4a99-8770-71a15c7e69c7,0.6392753950132413
cf3956a7-8cc6-4a99-8770-71a15c7e69c7_5040-48,2,1,1,4,cf3956a7-8cc6-4a99-8770-71a15c7e69c7,2.0846160795682342
cfa58f86-6a63-46fc-8510-6a8d517f933b_689-38,3,1,1,3,cfa58f86-6a63-46fc-8510-6a8d517f933b,1.8115022646084935
cfa595aa-c467-48fe-a86b-2e9b1a63ccab_1218-24,3,0,0,2,cfa595aa-c467-48fe-a86b-2e9b1a63ccab,0.7169188810662266
cfc42371-cd58-48df-8bc5-f2fb29a6091e_1191-27,2,1,1,2,cfc42371-cd58-48df-8bc5-f2fb29a6091e,0.693880569248871
cfc42371-cd58-48df-8bc5-f2fb29a6091e_1271-05,3,1,1,2,cfc42371-cd58-48df-8bc5-f2fb29a6091e,-0.22998343821872713
cfc42371-cd58-48df-8bc5-f2fb29a6091e_1273-98,0,1,1,2,cfc42371-cd58-48df-8bc5-f2fb29a6091e,0.4507466453431852
d013010f-fca0-4fc0-9545-500318a8e91f_511-08,3,1,1,1,d013010f-fca0-4fc0-9545-500318a8e91f,-0.3653199212678926
d0396c77-6ecc-4d9f-bda1-af051699d0cf_1049-41,2,0,0,0,d0396c77-6ecc-4d9f-bda1-af051699d0cf,1.102866359507766
d0396c77-6ecc-4d9f-bda1-af051699d0cf_3645-32,1,1,1,0,d0396c77-6ecc-4d9f-bda1-af051699d0cf,1.074971126554686
d0396c77-6ecc-4d9f-bda1-af051699d0cf_4546-97,2,1,1,0,d0396c77-6ecc-4d9f-bda1-af051699d0cf,0.9428550262712858
d08cd963-d98b-4c9b-ba9f-cf7763e4b94e_1184-89,3,1,1,0,d08cd963-d98b-4c9b-ba9f-cf7763e4b94e,-0.2496835558401178
d0925317-dc23-4cb4-a375-a7baddc06b27_901-57,1,1,1,4,d0925317-dc23-4cb4-a375-a7baddc06b27,0.7667456338406455
d0a861f7-3e5c-4836-9b43-29a0b3288165_1279-67,2,1,1,4,d0a861f7-3e5c-4836-9b43-29a0b3288165,0.4512573991540898
d0a861f7-3e5c-4836-9b43-29a0b3288165_550-69,3,0,0,4,d0a861f7-3e5c-4836-9b43-29a0b3288165,-0.18115904479022538
d0a861f7-3e5c-4836-9b43-29a0b3288165_829-52,0,0,0,4,d0a861f7-3e5c-4836-9b43-29a0b3288165,0.7074274600369912
d0aedb4e-82cc-406a-a395-3573049a49ee_4319-84,1,0,0,4,d0aedb4e-82cc-406a-a395-3573049a49ee,1.6924386886235512
d0aedb4e-82cc-406a-a395-3573049a49ee_596-85,2,1,1,4,d0aedb4e-82cc-406a-a395-3573049a49ee,-0.36349590385690944
d0c0065b-79d2-4e6f-9c0f-e212dd17a0ca_31-42,1,0,0,3,d0c0065b-79d2-4e6f-9c0f-e212dd17a0ca,0.9567758854690138
d10798c3-6b79-4c0d-aafd-8daad36c51db_44-79,1,1,1,2,d10798c3-6b79-4c0d-aafd-8daad36c51db,0.9720403887637372
d1952343-6eaf-4317-ae19-6b48b292ad24_877-17,2,0,0,3,d1952343-6eaf-4317-ae19-6b48b292ad24,1.1661317659325798
d1a27322-8acd-4297-9029-db45af8d7cc2_127-67,3,1,1,4,d1a27322-8acd-4297-9029-db45af8d7cc2,0.2844489396113987
d1a27322-8acd-4297-9029-db45af8d7cc2_164-10,1,0,0,4,d1a27322-8acd-4297-9029-db45af8d7cc2,-0.14133087893182372
d1a27322-8acd-4297-9029-db45af8d7cc2_34-04,0,1,1,4,d1a27322-8acd-4297-9029-db45af8d7cc2,-0.31105207085604936
d1c2a107-ba9a-4615-83e1-f609864b8541_35-35,1,1,1,4,d1c2a107-ba9a-4615-83e1-f609864b8541,0.7366047057509952
d1c7b7ec-506e-4c02-b008-8b5aaaf442d7_1891-93,1,1,1,1,d1c7b7ec-506e-4c02-b008-8b5aaaf442d7,1.615678368498558
d1c7b7ec-506e-4c02-b008-8b5aaaf442d7_847-39,3,0,0,1,d1c7b7ec-506e-4c02-b008-8b5aaaf442d7,0.04433548627540573
d27c5c7e-db9c-48f4-bea5-9970078d352e_1216-84,1,1,1,1,d27c5c7e-db9c-48f4-bea5-9970078d352e,-0.4873306495214702
d27c5c7e-db9c-48f4-bea5-9970078d352e_1570-49,3,0,0,1,d27c5c7e-db9c-48f4-bea5-9970078d352e,0.6836314511685837
d27c5c7e-db9c-48f4-bea5-9970078d352e_1635-43,2,1,1,1,d27c5c7e-db9c-48f4-bea5-9970078d352e,0.267182075778994
d27c5c7e-db9c-48f4-bea5-9970078d352e_87-62,3,0,0,1,d27c5c7e-db9c-48f4-bea5-9970078d352e,0.5897926222499066
d27c5c7e-db9c-48f4-bea5-9970078d352e_90-20,2,1,1,1,d27c5c7e-db9c-48f4-bea5-9970078d352e,0.24007005278339966
d2985e7b-6dc8-4c7e-9aef-40d633895aa0_1413-23,0,1,1,1,d2985e7b-6dc8-4c7e-9aef-40d633895aa0,0.5377299929500512
d2985e7b-6dc8-4c7e-9aef-40d633895aa0_448-20,1,1,1,1,d2985e7b-6dc8-4c7e-9aef-40d633895aa0,0.47614475479866814
d29b209e-cbc7-40a7-a0d6-acf803b86c78_4-53,3,0,0,0,d29b209e-cbc7-40a7-a0d6-acf803b86c78,-0.10036689498114049
d3279f4f-eea5-448f-a930-aafac6b668ac_1962-11,0,0,0,4,d3279f4f-eea5-448f-a930-aafac6b668ac,-0.0052679258004686424
d36cf2fd-8916-4b69-b7a2-e9743675fb38_3568-39,0,0,0,2,d36cf2fd-8916-4b69-b7a2-e9743675fb38,1.196225420165702
d36cf2fd-8916-4b69-b7a2-e9743675fb38_3851-77,0,1,1,2,d36cf2fd-8916-4b69-b7a2-e9743675fb38,1.522428468551089
d3980f7e-2ef1-4b2b-b73a-2a7db7465660_117-14,3,1,1,3,d3980f7e-2ef1-4b2b-b73a-2a7db7465660,0.4323301276603926
d3980f7e-2ef1-4b2b-b73a-2a7db7465660_452-63,0,0,0,3,d3980f7e-2ef1-4b2b-b73a-2a7db7465660,0.7231735161507735
d3a0899e-2093-454c-9f65-30087883193a_399-22,2,0,0,3,d3a0899e-2093-454c-9f65-30087883193a,0.5654132075538694
d3dafc0b-c623-4c4b-9a4a-ee56538e257c_519-43,0,0,0,2,d3dafc0b-c623-4c4b-9a4a-ee56538e257c,0.45549743359150496
d3de44fb-a6e8-4815-b28f-798de4bfd7eb_1337-08,1,1,1,1,d3de44fb-a6e8-4815-b28f-798de4bfd7eb,0.9865272551288939
d3f76c88-5996-4da0-8b8f-6c1b8f85a4d8_18062-30,1,1,1,1,d3f76c88-5996-4da0-8b8f-6c1b8f85a4d8,0.27700249612319716
d3f76c88-5996-4da0-8b8f-6c1b8f85a4d8_5099-68,0,1,1,1,d3f76c88-5996-4da0-8b8f-6c1b8f85a4d8,1.201728832016866
d3f76c88-5996-4da0-8b8f-6c1b8f85a4d8_9209-81,2,0,0,1,d3f76c88-5996-4da0-8b8f-6c1b8f85a4d8,-0.2912089108962328
d40be91b-85bb-4c47-ac18-52c4d044e3fc_13523-54,3,1,1,4,d40be91b-85bb-4c47-ac18-52c4d044e3fc,0.6926314081722196
d40be91b-85bb-4c47-ac18-52c4d044e3fc_2988-20,3,0,0,4,d40be91b-85bb-4c47-ac18-52c4d044e3fc,0.17088827615671587
d40be91b-85bb-4c47-ac18-52c4d044e3fc_5905-56,2,0,0,4,d40be91b-85bb-4c47-ac18-52c4d044e3fc,-0.16957332173302508
d521d31b-83aa-48ef-9ccf-eee9773c50dc_3808-98,2,0,0,0,d521d31b-83aa-48ef-9ccf-eee9773c50dc,0.9282139971113441
d551e6e5-50b5-4eab-88df-f213e6509ea0_1428-48,2,1,1,4,d551e6e5-50b5-4eab-88df-f213e6509ea0,0.6288030035081946
d55c3204-8dfe-44c4-8822-d748e6fe6d8a_600-02,1,1,1,0,d55c3204-8dfe-44c4-8822-d748e6fe6d8a,1.4588695372023048
d55c3204-8dfe-44c4-8822-d748e6fe6d8a_759-81,1,1,1,0,d55c3204-8dfe-44c4-8822-d748e6fe6d8a,1.84422309269583
d6491872-31a0-4015-b9e1-ae992406f849_51-07,0,1,1,3,d6491872-31a0-4015-b9e1-ae992406f849,2.513222927004665
d64fb34a-08fd-416c-ac6f-86a0813869a8_275-80,0,0,0,3,d64fb34a-08fd-416c-ac6f-86a0813869a8,0.11818889555049639
d64fb34a-08fd-416c-ac6f-86a0813869a8_290-32,1,1,1,3,d64fb34a-08fd-416c-ac6f-86a0813869a8,1.769207591913401
d64fb34a-08fd-416c-ac6f-86a0813869a8_437-60,3,1,1,3,d64fb34a-08fd-416c-ac6f-86a0813869a8,-0.08697455376215779
d64fb34a-08fd-416c-ac6f-86a0813869a8_466-80,3,0,0,3,d64fb34a-08fd-416c-ac6f-86a0813869a8,0.5462934203601268
d64fb34a-08fd-416c-ac6f-86a0813869a8_494-32,4,1,1,3,d64fb34a-08fd-416c-ac6f-86a0813869a8,-0.113956243863361
d64fb34a-08fd-416c-ac6f-86a0813869a8_512-82,3,0,0,3,d64fb34a-08fd-416c-ac6f-86a0813869a8,0.18476281357941415
d64fb34a-08fd-416c-ac6f-86a0813869a8_810-92,1,0,0,3,d64fb34a-08fd-416c-ac6f-86a0813869a8,0.6371646630737715
d66f42bb-822b-444a-bce0-ddd15b29bd1b_149-48,1,0,0,1,d66f42bb-822b-444a-bce0-ddd15b29bd1b,1.6004393112983253
d66f42bb-822b-444a-bce0-ddd15b29bd1b_7-30,2,0,0,1,d66f42bb-822b-444a-bce0-ddd15b29bd1b,0.957921165682506
d6e0bff0-9501-4750-b97f-95f134f6618b_781-93,1,1,1,2,d6e0bff0-9501-4750-b97f-95f134f6618b,1.1028672075181152
d6f9d174-2d42-49e7-83e4-daa9e8b0aa25_1070-43,1,0,0,4,d6f9d174-2d42-49e7-83e4-daa9e8b0aa25,-0.6159456834980713
d6f9d174-2d42-49e7-83e4-daa9e8b0aa25_1389-10,0,1,1,4,d6f9d174-2d42-49e7-83e4-daa9e8b0aa25,0.4380724483073024
d6f9d174-2d42-49e7-83e4-daa9e8b0aa25_211-63,2,0,0,4,d6f9d174-2d42-49e7-83e4-daa9e8b0aa25,0.34929413084256566
d6f9d174-2d42-49e7-83e4-daa9e8b0aa25_270-04,0,1,1,4,d6f9d174-2d42-49e7-83e4-daa9e8b0aa25,1.0216048340886301
d6f9d174-2d42-49e7-83e4-daa9e8b0aa25_432-24,1,0,0,4,d6f9d174-2d42-49e7-83e4-daa9e8b0aa25,-0.0624557742209062
d6f9d174-2d42-49e7-83e4-daa9e8b0aa25_64-13,2,1,1,4,d6f9d174-2d42-49e7-83e4-daa9e8b0aa25,1.495848342862263
d6f9d174-2d42-49e7-83e4-daa9e8b0aa25_831-84,1,1,1,4,d6f9d174-2d42-49e7-83e4-daa9e8b0aa25,1.1761505421661527
d70be6cb-867f-4657-9a87-5d44ab30527a_887-35,1,1,1,1,d70be6cb-867f-4657-9a87-5d44ab30527a,1.2694618982108212
d730a47a-013d-4cd3-b478-370f2fb0d918_1149-88,2,0,0,0,d730a47a-013d-4cd3-b478-370f2fb0d918,-0.06450968745569696
d7480d27-f607-4a5a-8c31-9d299f70a4b8_1934-95,2,0,0,0,d7480d27-f607-4a5a-8c31-9d299f70a4b8,0.9606939481611949
d7480d27-f607-4a5a-8c31-9d299f70a4b8_3616-43,0,0,0,0,d7480d27-f607-4a5a-8c31-9d299f70a4b8,-0.2631178107583585
d7480d27-f607-4a5a-8c31-9d299f70a4b8_406-05,0,0,0,0,d7480d27-f607-4a5a-8c31-9d299f70a4b8,-0.3285922467949409
d74c95ba-e072-44f8-bb2f-2631379af06d_1057-19,0,0,0,3,d74c95ba-e072-44f8-bb2f-2631379af06d,-0.1382850963148583
d752fc52-9592-4cb5-910b-d09bb39261fd_420-77,2,1,1,2,d752fc52-9592-4cb5-910b-d09bb39261fd,1.3950709901882241
d7d516f6-4ba0-4ea7-a18f-f943abc50ff8_869-60,1,1,1,2,d7d516f6-4ba0-4ea7-a18f-f943abc50ff8,2.109921481301477
d813a821-8cc1-4700-a7a4-d4e6edfed26e_449-05,3,1,1,1,d813a821-8cc1-4700-a7a4-d4e6edfed26e,0.9588525484841106
d813a821-8cc1-4700-a7a4-d4e6edfed26e_57-94,1,0,0,1,d813a821-8cc1-4700-a7a4-d4e6edfed26e,-0.38024813912820865
d8915c4c-6534-4b0a-b46a-02a03d8031da_0-20,2,0,0,1,d8915c4c-6534-4b0a-b46a-02a03d8031da,-0.31746230507452533
d8936caf-0142-4ceb-bacc-70313a19f169_142-89,3,1,1,3,d8936caf-0142-4ceb-bacc-70313a19f169,-0.19102405978520243
d8936caf-0142-4ceb-bacc-70313a19f169_660-34,2,1,1,3,d8936caf-0142-4ceb-bacc-70313a19f169,1.3910997035771866
d8936caf-0142-4ceb-bacc-70313a19f169_694-31,2,0,0,3,d8936caf-0142-4ceb-bacc-70313a19f169,-0.10961221000803012
d8936caf-0142-4ceb-bacc-70313a19f169_805-14,4,1,1,3,d8936caf-0142-4ceb-bacc-70313a19f169,0.9526105394094933
d8936caf-0142-4ceb-bacc-70313a19f169_888-66,2,1,1,3,d8936caf-0142-4ceb-bacc-70313a19f169,1.7414181641450417
d8c7bf34-0440-48b3-bf22-263d7c926074_109-23,3,0,0,0,d8c7bf34-0440-48b3-bf22-263d7c926074,2.1706544316678533
d9bc2b47-181e-4fea-b153-15272b1646e1_589-30,2,0,0,4,d9bc2b47-181e-4fea-b153-15272b1646e1,1.4125053693781835
daf5384b-ea5c-4cce-bb8a-540a360075bf_1127-92,2,1,1,3,daf5384b-ea5c-4cce-bb8a-540a360075bf,0.5398899437366258
daf5384b-ea5c-4cce-bb8a-540a360075bf_676-16,3,1,1,3,daf5384b-ea5c-4cce-bb8a-540a360075bf,0.5617784623140671
db00f224-0dba-4c50-975a-178e0e1033fe_290-41,0,0,0,3,db00f224-0dba-4c50-975a-178e0e1033fe,0.9848279108369937
db35b386-4c65-4c5e-a488-51b2aa5eb1fb_1982-83,2,0,0,4,db35b386-4c65-4c5e-a488-51b2aa5eb1fb,-0.07212623249816219
db35b386-4c65-4c5e-a488-51b2aa5eb1fb_481-32,1,1,1,4,db35b386-4c65-4c5e-a488-51b2aa5eb1fb,0.6242195728260733
db35b386-4c65-4c5e-a488-51b2aa5eb1fb_554-63,1,1,1,4,db35b386-4c65-4c5e-a488-51b2aa5eb1fb,0.499656801903402
db35b386-4c65-4c5e-a488-51b2aa5eb1fb_589-73,2,1,1,4,db35b386-4c65-4c5e-a488-51b2aa5eb1fb,0.46030817258865486
dbcca18b-4b62-4ba1-b799-a6a65231d084_2471-26,1,1,1,3,dbcca18b-4b62-4ba1-b799-a6a65231d084,-0.16380342592373398
dbcca18b-4b62-4ba1-b799-a6a65231d084_3794-64,0,0,0,3,dbcca18b-4b62-4ba1-b799-a6a65231d084,0.6083759990131286
dbcca18b-4b62-4ba1-b799-a6a65231d084_3795-07,3,0,0,3,dbcca18b-4b62-4ba1-b799-a6a65231d084,1.1911182072295172
dc16fb2a-7caf-41f4-b2a3-d2ff8cd38255_65-68,0,1,1,2,dc16fb2a-7caf-41f4-b2a3-d2ff8cd38255,1.4736635161823404
dc4d0940-b35c-4700-af77-5f13bb530ad8_1063-54,3,1,1,1,dc4d0940-b35c-4700-af77-5f13bb530ad8,2.1091309695620675
dca2e9e2-acde-49b7-8b0e-5a150e536769_3059-39,0,1,1,0,dca2e9e2-acde-49b7-8b0e-5a150e536769,1.0764167066473362
dced4894-d13a-4222-941b-5e4ecf1e3299_1046-91,3,0,0,0,dced4894-d13a-4222-941b-5e4ecf1e3299,0.17704950800770614
dced4894-d13a-4222-941b-5e4ecf1e3299_1473-25,3,1,1,0,dced4894-d13a-4222-941b-5e4ecf1e3299,-0.14223684465667108
dced4894-d13a-4222-941b-5e4ecf1e3299_629-13,1,1,1,0,dced4894-d13a-4222-941b-5e4ecf1e3299,1.024869943182431
dced4894-d13a-4222-941b-5e4ecf1e3299_663-36,3,1,1,0,dced4894-d13a-4222-941b-5e4ecf1e3299,-0.33257408614436934
dd0aa717-59d8-4d8a-9f11-21be827fb184_1260-03,1,0,0,0,dd0aa717-59d8-4d8a-9f11-21be827fb184,0.8342470145588288
dd0aa717-59d8-4d8a-9f11-21be827fb184_406-80,0,0,0,0,dd0aa717-59d8-4d8a-9f11-21be827fb184,0.6541926719054074
dd0aa717-59d8-4d8a-9f11-21be827fb184_600-81,1,0,0,0,dd0aa717-59d8-4d8a-9f11-21be827fb184,0.2650499513858553
dd508a2a-1ea7-43d2-805a-8080eeae9985_1035-99,3,1,1,1,dd508a2a-1ea7-43d2-805a-8080eeae9985,0.9841704365358617
dd508a2a-1ea7-43d2-805a-8080eeae9985_1133-08,0,0,0,1,dd508a2a-1ea7-43d2-805a-8080eeae9985,1.0499860307349922
dd508a2a-1ea7-43d2-805a-8080eeae9985_27-58,3,0,0,1,dd508a2a-1ea7-43d2-805a-8080eeae9985,-0.46898037436959783
dd508a2a-1ea7-43d2-805a-8080eeae9985_36-14,0,0,0,1,dd508a2a-1ea7-43d2-805a-8080eeae9985,0.8147698918711284
dd508a2a-1ea7-43d2-805a-8080eeae9985_856-81,2,0,0,1,dd508a2a-1ea7-43d2-805a-8080eeae9985,2.457323249834211
dd508a2a-1ea7-43d2-805a-8080eeae9985_886-44,3,0,0,1,dd508a2a-1ea7-43d2-805a-8080eeae9985,0.2629212697565948
dd5214e7-85bb-41b4-93e0-5ef34b8af687_1307-52,2,1,1,4,dd5214e7-85bb-41b4-93e0-5ef34b8af687,0.10865668123384098
dd82f801-fc96-4ced-b066-ad559da3faab_124-35,3,0,0,4,dd82f801-fc96-4ced-b066-ad559da3faab,0.7046997358453524
dd82f801-fc96-4ced-b066-ad559da3faab_1750-27,3,1,1,4,dd82f801-fc96-4ced-b066-ad559da3faab,1.0399112544648044
dd82f801-fc96-4ced-b066-ad559da3faab_1757-91,0,1,1,4,dd82f801-fc96-4ced-b066-ad559da3faab,0.33023927844180534
dd82f801-fc96-4ced-b066-ad559da3faab_1788-27,3,1,1,4,dd82f801-fc96-4ced-b066-ad559da3faab,0.4583550459882484
dd82f801-fc96-4ced-b066-ad559da3faab_284-37,1,0,0,4,dd82f801-fc96-4ced-b066-ad559da3faab,0.4696317997689552
dd82f801-fc96-4ced-b066-ad559da3faab_601-49,3,1,1,4,dd82f801-fc96-4ced-b066-ad559da3faab,-0.47668871587374606
dd82f801-fc96-4ced-b066-ad559da3faab_621-91,3,1,1,4,dd82f801-fc96-4ced-b066-ad559da3faab,0.42640011600788585
dd82f801-fc96-4ced-b066-ad559da3faab_818-04,2,0,0,4,dd82f801-fc96-4ced-b066-ad559da3faab,0.8718912012286326
dd82f801-fc96-4ced-b066-ad559da3faab_836-46,1,1,1,4,dd82f801-fc96-4ced-b066-ad559da3faab,0.38862203051006805
dd82f801-fc96-4ced-b066-ad559da3faab_905-66,2,0,0,4,dd82f801-fc96-4ced-b066-ad559da3faab,-0.16144399500129625
de37a11d-1dcd-4f5b-9054-155093b3a073_1154-49,1,1,1,4,de37a11d-1dcd-4f5b-9054-155093b3a073,0.30868531968309765
de37a11d-1dcd-4f5b-9054-155093b3a073_1242-75,2,1,1,4,de37a11d-1dcd-4f5b-9054-155093b3a073,1.456930530172786
de37a11d-1dcd-4f5b-9054-155093b3a073_6370-24,2,0,0,4,de37a11d-1dcd-4f5b-9054-155093b3a073,0.4860744373683661
de37a11d-1dcd-4f5b-9054-155093b3a073_7411-22,2,1,1,4,de37a11d-1dcd-4f5b-9054-155093b3a073,0.69698707255059
de37a11d-1dcd-4f5b-9054-155093b3a073_8700-46,3,1,1,4,de37a11d-1dcd-4f5b-9054-155093b3a073,0.5930727333486958
dedaa2ad-306d-47b3-a4c4-90b6b2c37e78_8149-03,1,1,1,3,dedaa2ad-306d-47b3-a4c4-90b6b2c37e78,0.8956047636314157
df0b81a6-826c-4e9b-8921-392304716c0e_525-16,2,0,0,2,df0b81a6-826c-4e9b-8921-392304716c0e,0.7944132518351432
df0b81a6-826c-4e9b-8921-392304716c0e_554-75,0,0,0,2,df0b81a6-826c-4e9b-8921-392304716c0e,1.2959120982802637
df1a31a9-6508-4d9d-b1c7-cffc7bcc5d29_41-87,1,0,0,0,df1a31a9-6508-4d9d-b1c7-cffc7bcc5d29,0.982106277831889
df630387-82c6-4c90-95e8-6ba558c907a2_202-79,2,0,0,1,df630387-82c6-4c90-95e8-6ba558c907a2,0.5623790531424213
dfd0bc0c-28fc-4302-9a75-77df6c53ab31_658-80,0,0,0,2,dfd0bc0c-28fc-4302-9a75-77df6c53ab31,0.05260434460223529
dfe44f90-17f9-43eb-adf4-da35f15002ed_1647-36,1,0,0,4,dfe44f90-17f9-43eb-adf4-da35f15002ed,0.44951993022798287
dfe44f90-17f9-43eb-adf4-da35f15002ed_825-32,1,1,1,4,dfe44f90-17f9-43eb-adf4-da35f15002ed,-0.12008184872835281
e00d8164-9996-48ed-8645-bb88ab30cc09_113-51,2,0,0,3,e00d8164-9996-48ed-8645-bb88ab30cc09,1.8992600636567818
e0d46807-4c3b-44a0-ac59-cb970c8d5a5a_6-18,1,0,0,4,e0d46807-4c3b-44a0-ac59-cb970c8d5a5a,1.1488027470337387
e14bb000-250b-4f3d-aec6-e72d4f29d123_1299-73,1,1,1,2,e14bb000-250b-4f3d-aec6-e72d4f29d123,0.6891196786609888
e14bb000-250b-4f3d-aec6-e72d4f29d123_367-23,3,0,0,2,e14bb000-250b-4f3d-aec6-e72d4f29d123,0.23728788318514815
e14bb000-250b-4f3d-aec6-e72d4f29d123_968-06,1,0,0,2,e14bb000-250b-4f3d-aec6-e72d4f29d123,0.4643807023641955
e14bb000-250b-4f3d-aec6-e72d4f29d123_97-24,2,1,1,2,e14bb000-250b-4f3d-aec6-e72d4f29d123,0.7636922341236267
e14bb000-250b-4f3d-aec6-e72d4f29d123_977-37,0,1,1,2,e14bb000-250b-4f3d-aec6-e72d4f29d123,1.8842716689715593
e18a43a4-1e7b-4478-bc7f-16cb55a8ac16_875-97,1,1,1,3,e18a43a4-1e7b-4478-bc7f-16cb55a8ac16,1.2062436650541677
e1b0b312-ce2d-41a0-be5a-70c807fcc5ef_2287-10,3,0,0,3,e1b0b312-ce2d-41a0-be5a-70c807fcc5ef,0.38350562472276195
e1b0b312-ce2d-41a0-be5a-70c807fcc5ef_2428-09,0,1,1,3,e1b0b312-ce2d-41a0-be5a-70c807fcc5ef,-0.32346832318631713
e21a6f09-3df0-4bfb-a23b-47a1866aadf1_511-16,1,0,0,1,e21a6f09-3df0-4bfb-a23b-47a1866aadf1,0.5143666860540232
e21a6f09-3df0-4bfb-a23b-47a1866aadf1_526-23,1,0,0,1,e21a6f09-3df0-4bfb-a23b-47a1866aadf1,0.8388454919349788
e21a6f09-3df0-4bfb-a23b-47a1866aadf1_540-06,1,1,1,1,e21a6f09-3df0-4bfb-a23b-47a1866aadf1,1.9495307886594315
e2a1583d-7460-4d02-ac29-6968f16812c3_338-61,0,0,0,2,e2a1583d-7460-4d02-ac29-6968f16812c3,0.7375428592877993
e2dd39cb-63e2-4ebb-b99a-ad7ff579b048_78-33,1,0,0,1,e2dd39cb-63e2-4ebb-b99a-ad7ff579b048,1.2517468683840087
e2e46fb1-9014-426b-9bd4-ea0b995feb31_1007-32,0,1,1,0,e2e46fb1-9014-426b-9bd4-ea0b995feb31,1.0481925839853314
e3283ef1-1659-4d5c-a09d-fd0f4df98aba_73-31,1,1,1,4,e3283ef1-1659-4d5c-a09d-fd0f4df98aba,1.271477029285513
e339898f-5e79-4723-89d7-44ba33b163de_500-86,1,0,0,3,e339898f-5e79-4723-89d7-44ba33b163de,1.0942586622983648
e3f37c38-bf24-481f-b1c6-8d472fab4290_1679-92,3,0,0,4,e3f37c38-bf24-481f-b1c6-8d472fab4290,0.3119905155053926
e3f37c38-bf24-481f-b1c6-8d472fab4290_3800-16,3,0,0,4,e3f37c38-bf24-481f-b1c6-8d472fab4290,0.7268369048473389
e3f37c38-bf24-481f-b1c6-8d472fab4290_5304-28,1,1,1,4,e3f37c38-bf24-481f-b1c6-8d472fab4290,0.03907864675546424
e402df54-0a64-424e-a7e6-3e68b18a761c_1045-12,1,1,1,2,e402df54-0a64-424e-a7e6-3e68b18a761c,0.5809369318669904
e402df54-0a64-424e-a7e6-3e68b18a761c_1064-59,3,1,1,2,e402df54-0a64-424e-a7e6-3e68b18a761c,1.5929962981099102
e402df54-0a64-424e-a7e6-3e68b18a761c_242-70,0,0,0,2,e402df54-0a64-424e-a7e6-3e68b18a761c,0.2660138111472372
e402df54-0a64-424e-a7e6-3e68b18a761c_62-43,2,0,0,2,e402df54-0a64-424e-a7e6-3e68b18a761c,-0.038883120844642516
e54d654b-86ca-4219-bbf4-68575fffa098_2992-60,3,1,1,2,e54d654b-86ca-4219-bbf4-68575fffa098,1.287156413213906
e55e4faf-dec5-40ee-b375-f0b049b9b280_285-98,4,0,0,1,e55e4faf-dec5-40ee-b375-f0b049b9b280,1.0211544279694718
e55e4faf-dec5-40ee-b375-f0b049b9b280_342-72,1,0,0,1,e55e4faf-dec5-40ee-b375-f0b049b9b280,0.04965787864952276
e579ef82-c68f-44dc-8b0f-7fe62e20974c_2509-16,0,1,1,1,e579ef82-c68f-44dc-8b0f-7fe62e20974c,2.119762047192271
e58207f1-84ec-424b-a997-ff64a57eb13b_1893-21,3,1,1,3,e58207f1-84ec-424b-a997-ff64a57eb13b,0.39879320817191655
e58207f1-84ec-424b-a997-ff64a57eb13b_3524-37,1,1,1,3,e58207f1-84ec-424b-a997-ff64a57eb13b,1.007413818745076
e5d2cc2c-0a36-4bad-bf50-bc9347e99eca_1120-59,1,0,0,0,e5d2cc2c-0a36-4bad-bf50-bc9347e99eca,0.6339392104817003
e5fea731-7b32-4857-a86b-587eda0ff334_979-09,0,0,0,4,e5fea731-7b32-4857-a86b-587eda0ff334,0.20221502096945576
e623faab-101a-41a6-83ac-8e22b4371aba_1053-43,2,1,1,3,e623faab-101a-41a6-83ac-8e22b4371aba,0.535851170708576
e623faab-101a-41a6-83ac-8e22b4371aba_1141-39,1,0,0,3,e623faab-101a-41a6-83ac-8e22b4371aba,0.3950723382917154
e623faab-101a-41a6-83ac-8e22b4371aba_357-75,2,1,1,3,e623faab-101a-41a6-83ac-8e22b4371aba,1.0035903451537938
e65cdb37-b00c-44b1-909f-068022d804cb_868-94,1,1,1,3,e65cdb37-b00c-44b1-909f-068022d804cb,0.7402299513999047
e6958f57-5769-46f6-be27-b879059ff2a4_927-40,3,1,1,2,e6958f57-5769-46f6-be27-b879059ff2a4,0.11838970674522176
e6b7692d-5e35-4524-8d2a-385475b95806_1667-07,1,0,0,1,e6b7692d-5e35-4524-8d2a-385475b95806,2.532819001499794
e6b7692d-5e35-4524-8d2a-385475b95806_3085-37,0,0,0,1,e6b7692d-5e35-4524-8d2a-385475b95806,0.8367818348322629
e6d852dd-2510-482f-ad25-3d731388ea44_0-00,3,0,0,2,e6d852dd-2510-482f-ad25-3d731388ea44,1.1286470047451795
e6d852dd-2510-482f-ad25-3d731388ea44_105-51,1,0,0,2,e6d852dd-2510-482f-ad25-3d731388ea44,1.4714544826654963
e6d852dd-2510-482f-ad25-3d731388ea44_141-52,1,0,0,2,e6d852dd-2510-482f-ad25-3d731388ea44,1.1686312722162724
e6e3919c-7c2e-491e-bde8-053715f0d851_1353-28,0,0,0,3,e6e3919c-7c2e-491e-bde8-053715f0d851,2.0623298271575514
e6e3919c-7c2e-491e-bde8-053715f0d851_466-43,0,0,0,3,e6e3919c-7c2e-491e-bde8-053715f0d851,0.44939988620746285
e6e3919c-7c2e-491e-bde8-053715f0d851_472-28,1,0,0,3,e6e3919c-7c2e-491e-bde8-053715f0d851,1.3921876679682412
e6f1accd-e18d-43ec-b854-e7633b15cbf7_1189-37,3,1,1,4,e6f1accd-e18d-43ec-b854-e7633b15cbf7,0.2126256708128571
e6f1accd-e18d-43ec-b854-e7633b15cbf7_1189-42,0,0,0,4,e6f1accd-e18d-43ec-b854-e7633b15cbf7,0.46146196332620804
e6fdec5a-21e1-43e8-b662-9376538394d5_3510-00,2,0,0,1,e6fdec5a-21e1-43e8-b662-9376538394d5,0.465851737558058
e70f4b34-432f-47dc-834f-5bc6bd67dc62_166-47,3,1,1,3,e70f4b34-432f-47dc-834f-5bc6bd67dc62,1.740507998974546
e70f4b34-432f-47dc-834f-5bc6bd67dc62_676-86,3,1,1,3,e70f4b34-432f-47dc-834f-5bc6bd67dc62,1.5342027598535906
e70f4b34-432f-47dc-834f-5bc6bd67dc62_78-75,1,0,0,3,e70f4b34-432f-47dc-834f-5bc6bd67dc62,0.33400665233465343
e7752106-8e0c-47b5-a639-e701e659718c_740-06,1,0,0,0,e7752106-8e0c-47b5-a639-e701e659718c,1.1225190574790322
e7eead9a-5f4e-47af-8f54-2dd3fd453a2d_49-96,2,0,0,4,e7eead9a-5f4e-47af-8f54-2dd3fd453a2d,-0.26224279536411066
e7eead9a-5f4e-47af-8f54-2dd3fd453a2d_55-37,3,1,1,4,e7eead9a-5f4e-47af-8f54-2dd3fd453a2d,2.0053845318886507
e87752b1-35a5-4cd7-9b95-a4b28129f9f3_932-40,1,1,1,4,e87752b1-35a5-4cd7-9b95-a4b28129f9f3,0.607870139798667
e8ed2917-9442-4237-b15e-cd0b6c839d38_167-12,2,1,1,3,e8ed2917-9442-4237-b15e-cd0b6c839d38,-0.5308063706910737
e9343bd2-cd48-4abe-902a-3d3f6a0b51d8_1795-21,2,0,0,2,e9343bd2-cd48-4abe-902a-3d3f6a0b51d8,0.8957678476563842
e9343bd2-cd48-4abe-902a-3d3f6a0b51d8_1810-91,1,1,1,2,e9343bd2-cd48-4abe-902a-3d3f6a0b51d8,0.8004409559661771
e9350702-f77c-4112-9f57-3ed08bc4b98a_0-04,2,0,0,2,e9350702-f77c-4112-9f57-3ed08bc4b98a,-0.2562567140319669
e93fdf27-c14c-4794-b4b7-20685b40156f_1304-45,0,1,1,0,e93fdf27-c14c-4794-b4b7-20685b40156f,1.9528236440159947
e93fdf27-c14c-4794-b4b7-20685b40156f_1313-69,1,1,1,0,e93fdf27-c14c-4794-b4b7-20685b40156f,-0.2682295101003809
e95dbd21-3017-48f5-8f36-46531f053ab1_339-47,3,1,1,3,e95dbd21-3017-48f5-8f36-46531f053ab1,1.2330446942262718
e95dbd21-3017-48f5-8f36-46531f053ab1_424-29,1,1,1,3,e95dbd21-3017-48f5-8f36-46531f053ab1,0.8961520181393141
e95dbd21-3017-48f5-8f36-46531f053ab1_547-92,1,1,1,3,e95dbd21-3017-48f5-8f36-46531f053ab1,1.5458298520549791
e95dbd21-3017-48f5-8f36-46531f053ab1_835-77,2,1,1,3,e95dbd21-3017-48f5-8f36-46531f053ab1,1.758297586832459
e9957d35-9c4d-44cc-b3b6-267dfa13841a_896-74,1,0,0,1,e9957d35-9c4d-44cc-b3b6-267dfa13841a,0.48262672198221046
e99a32fa-19c9-41e6-be66-37869bd26583_542-40,2,0,0,0,e99a32fa-19c9-41e6-be66-37869bd26583,1.1282293677835238
e9e0f26d-3005-436a-a70f-7d99977808c8_1359-76,2,1,1,4,e9e0f26d-3005-436a-a70f-7d99977808c8,1.9584004751906323
e9e0f26d-3005-436a-a70f-7d99977808c8_1362-45,3,1,1,4,e9e0f26d-3005-436a-a70f-7d99977808c8,1.14722308503515
e9e0f26d-3005-436a-a70f-7d99977808c8_1554-09,3,0,0,4,e9e0f26d-3005-436a-a70f-7d99977808c8,0.25349086369606555
e9e0f26d-3005-436a-a70f-7d99977808c8_1690-81,3,1,1,4,e9e0f26d-3005-436a-a70f-7d99977808c8,2.1939722051841084
e9ea573a-3972-48ea-b946-6cb069497bab_1785-52,1,0,0,4,e9ea573a-3972-48ea-b946-6cb069497bab,0.6179390915664986
ea1818bb-a882-4de4-9e31-993f4cb98aa1_1361-82,2,1,1,2,ea1818bb-a882-4de4-9e31-993f4cb98aa1,1.0359249782928102
ea1818bb-a882-4de4-9e31-993f4cb98aa1_1362-76,0,1,1,2,ea1818bb-a882-4de4-9e31-993f4cb98aa1,2.009015027363014
ea1818bb-a882-4de4-9e31-993f4cb98aa1_622-65,0,1,1,2,ea1818bb-a882-4de4-9e31-993f4cb98aa1,0.732508043160552
ea417823-8ca0-417c-8901-114fa4f2d47f_254-62,2,1,1,3,ea417823-8ca0-417c-8901-114fa4f2d47f,1.8883784001210444
ea417823-8ca0-417c-8901-114fa4f2d47f_258-70,2,1,1,3,ea417823-8ca0-417c-8901-114fa4f2d47f,1.7103473530348248
ea5bb387-a22a-4b49-8aa5-35cbf0d3563d_205-22,1,0,0,2,ea5bb387-a22a-4b49-8aa5-35cbf0d3563d,0.34123429001374617
ea5bb387-a22a-4b49-8aa5-35cbf0d3563d_32-89,0,1,1,2,ea5bb387-a22a-4b49-8aa5-35cbf0d3563d,2.0618971286019736
eaa560d5-6432-4030-a03a-b6ba512e621d_61-64,0,0,0,4,eaa560d5-6432-4030-a03a-b6ba512e621d,0.7283827050546487
eabf19d3-4e52-4aee-8f14-5118626a078f_778-52,3,1,1,1,eabf19d3-4e52-4aee-8f14-5118626a078f,0.46976442234662397
eb20bebd-41e5-4a02-aa7e-73d3da5bc97e_1106-81,0,1,1,2,eb20bebd-41e5-4a02-aa7e-73d3da5bc97e,-0.14142189831275354
eb20bebd-41e5-4a02-aa7e-73d3da5bc97e_1223-78,1,1,1,2,eb20bebd-41e5-4a02-aa7e-73d3da5bc97e,0.6573487635362463
eb20bebd-41e5-4a02-aa7e-73d3da5bc97e_1253-80,1,1,1,2,eb20bebd-41e5-4a02-aa7e-73d3da5bc97e,1.2988586534034188
eb20bebd-41e5-4a02-aa7e-73d3da5bc97e_1624-37,1,1,1,2,eb20bebd-41e5-4a02-aa7e-73d3da5bc97e,1.2517633302644813
eb20bebd-41e5-4a02-aa7e-73d3da5bc97e_275-45,2,1,1,2,eb20bebd-41e5-4a02-aa7e-73d3da5bc97e,0.31213093476835585
eb20bebd-41e5-4a02-aa7e-73d3da5bc97e_389-33,2,0,0,2,eb20bebd-41e5-4a02-aa7e-73d3da5bc97e,0.8721499737363352
eb20bebd-41e5-4a02-aa7e-73d3da5bc97e_68-58,0,0,0,2,eb20bebd-41e5-4a02-aa7e-73d3da5bc97e,0.26661641025367877
eb20bebd-41e5-4a02-aa7e-73d3da5bc97e_70-42,1,1,1,2,eb20bebd-41e5-4a02-aa7e-73d3da5bc97e,1.5858666647360782
eb2c9739-dba0-479c-81b7-9dda51c4ac20_1388-02,1,1,1,1,eb2c9739-dba0-479c-81b7-9dda51c4ac20,0.04182064096903204
eb2c9739-dba0-479c-81b7-9dda51c4ac20_1465-40,3,0,0,1,eb2c9739-dba0-479c-81b7-9dda51c4ac20,1.3970569809082238
eb2c9739-dba0-479c-81b7-9dda51c4ac20_148-23,0,1,1,1,eb2c9739-dba0-479c-81b7-9dda51c4ac20,1.312606303137198
eb2c9739-dba0-479c-81b7-9dda51c4ac20_1679-45,3,1,1,1,eb2c9739-dba0-479c-81b7-9dda51c4ac20,1.1279881180841291
eb2c9739-dba0-479c-81b7-9dda51c4ac20_249-20,0,1,1,1,eb2c9739-dba0-479c-81b7-9dda51c4ac20,2.346811987621776
eb2c9739-dba0-479c-81b7-9dda51c4ac20_275-35,3,0,0,1,eb2c9739-dba0-479c-81b7-9dda51c4ac20,-0.19359657663065932
eb575f9b-6a52-45fb-98d8-5e9dbdd8dd63_703-22,0,1,1,0,eb575f9b-6a52-45fb-98d8-5e9dbdd8dd63,1.7522152999244085
eb5cb2b0-59e6-45da-af1b-ba86c7ab0b54_1263-17,1,1,1,1,eb5cb2b0-59e6-45da-af1b-ba86c7ab0b54,1.6983743452824467
eb5cb2b0-59e6-45da-af1b-ba86c7ab0b54_705-79,3,0,0,1,eb5cb2b0-59e6-45da-af1b-ba86c7ab0b54,-0.007876241866976441
eb5cb2b0-59e6-45da-af1b-ba86c7ab0b54_824-48,0,0,0,1,eb5cb2b0-59e6-45da-af1b-ba86c7ab0b54,0.04867313699506526
eb5cb2b0-59e6-45da-af1b-ba86c7ab0b54_922-64,1,0,0,1,eb5cb2b0-59e6-45da-af1b-ba86c7ab0b54,1.3450316511048828
eb81442c-a322-49ea-b243-a39d2e288b9b_414-51,1,1,1,4,eb81442c-a322-49ea-b243-a39d2e288b9b,0.42371354809760553
eb81442c-a322-49ea-b243-a39d2e288b9b_838-90,3,1,1,4,eb81442c-a322-49ea-b243-a39d2e288b9b,1.0884820258468877
ec02ed27-b697-44b0-ae18-a9275205bfee_9-72,0,1,1,4,ec02ed27-b697-44b0-ae18-a9275205bfee,2.04024938035045
ec3556de-be79-4ad4-aa0f-eaca48abb5d5_547-69,0,1,1,2,ec3556de-be79-4ad4-aa0f-eaca48abb5d5,0.5681469073742031
ec75d692-c261-4df5-9939-b0edfaa309a5_1168-60,0,1,1,1,ec75d692-c261-4df5-9939-b0edfaa309a5,1.4980689050859375
ec85a806-d47f-4555-8c4c-20f59927e580_1424-09,0,0,0,0,ec85a806-d47f-4555-8c4c-20f59927e580,0.2914555613322427
ec85a806-d47f-4555-8c4c-20f59927e580_1435-56,0,1,1,0,ec85a806-d47f-4555-8c4c-20f59927e580,1.902622259040469
ec85a806-d47f-4555-8c4c-20f59927e580_3835-48,0,1,1,0,ec85a806-d47f-4555-8c4c-20f59927e580,0.7342111908713616
ec85a806-d47f-4555-8c4c-20f59927e580_909-71,3,1,1,0,ec85a806-d47f-4555-8c4c-20f59927e580,0.35157179023194085
ec86fee5-ee10-46c5-b835-07c8a8d9651e_362-34,2,1,1,0,ec86fee5-ee10-46c5-b835-07c8a8d9651e,0.6333316007194751
ecdc4071-1903-4024-a357-d0082720168e_107-60,1,1,1,0,ecdc4071-1903-4024-a357-d0082720168e,0.8155680490615502
ecdc4071-1903-4024-a357-d0082720168e_115-49,3,0,0,0,ecdc4071-1903-4024-a357-d0082720168e,0.5096426846601245
ecdc4071-1903-4024-a357-d0082720168e_125-53,2,0,0,0,ecdc4071-1903-4024-a357-d0082720168e,1.0202945009691136
ecdc4071-1903-4024-a357-d0082720168e_295-94,2,1,1,0,ecdc4071-1903-4024-a357-d0082720168e,0.9796696880879252
ecdc4071-1903-4024-a357-d0082720168e_3-20,1,0,0,0,ecdc4071-1903-4024-a357-d0082720168e,1.6072063324751302
ecdc4071-1903-4024-a357-d0082720168e_44-12,3,0,0,0,ecdc4071-1903-4024-a357-d0082720168e,0.3147174392793157
ecdc4071-1903-4024-a357-d0082720168e_454-42,1,0,0,0,ecdc4071-1903-4024-a357-d0082720168e,0.49722523604932123
ed027cb2-5b92-4de2-ab58-69d42325ef15_1281-72,0,1,1,3,ed027cb2-5b92-4de2-ab58-69d42325ef15,0.8543289117546029
ed027cb2-5b92-4de2-ab58-69d42325ef15_266-43,2,0,0,3,ed027cb2-5b92-4de2-ab58-69d42325ef15,1.116505483666306
ed027cb2-5b92-4de2-ab58-69d42325ef15_890-73,1,0,0,3,ed027cb2-5b92-4de2-ab58-69d42325ef15,1.2585169312571882
ed027cb2-5b92-4de2-ab58-69d42325ef15_965-69,0,1,1,3,ed027cb2-5b92-4de2-ab58-69d42325ef15,0.08612387711334257
ed31f134-b3f0-4f50-b8ae-d956b2f9ccfd_2025-02,2,0,0,4,ed31f134-b3f0-4f50-b8ae-d956b2f9ccfd,0.8959162177148445
ed792c47-5cb3-427c-a0e9-5dac33456e6a_1026-89,2,0,0,2,ed792c47-5cb3-427c-a0e9-5dac33456e6a,1.0796692341161178
ed792c47-5cb3-427c-a0e9-5dac33456e6a_3277-79,2,1,1,2,ed792c47-5cb3-427c-a0e9-5dac33456e6a,1.1378992611817795
ed792c47-5cb3-427c-a0e9-5dac33456e6a_3373-63,2,1,1,2,ed792c47-5cb3-427c-a0e9-5dac33456e6a,-0.11913978179606288
ed792c47-5cb3-427c-a0e9-5dac33456e6a_38-58,1,1,1,2,ed792c47-5cb3-427c-a0e9-5dac33456e6a,0.45150535884691156
ed792c47-5cb3-427c-a0e9-5dac33456e6a_662-64,1,1,1,2,ed792c47-5cb3-427c-a0e9-5dac33456e6a,-0.10904532681058199
ed792c47-5cb3-427c-a0e9-5dac33456e6a_968-42,1,0,0,2,ed792c47-5cb3-427c-a0e9-5dac33456e6a,-0.5251376207321914
edaf03e3-3021-4140-8434-dc9e744ae492_178-18,2,0,0,3,edaf03e3-3021-4140-8434-dc9e744ae492,0.01540302216849998
edd0cb68-87be-4cfe-9f2d-b0b64ea8d3e2_2291-45,1,1,1,4,edd0cb68-87be-4cfe-9f2d-b0b64ea8d3e2,0.45255463341709623
edd0cb68-87be-4cfe-9f2d-b0b64ea8d3e2_4865-28,2,1,1,4,edd0cb68-87be-4cfe-9f2d-b0b64ea8d3e2,2.887967294150293
ede3176b-2e12-4d2d-b9e2-40a2c4e93916_78-06,3,0,0,2,ede3176b-2e12-4d2d-b9e2-40a2c4e93916,0.4765120218565626
ee1eea29-aaad-41a4-b299-c72ed26c9da5_801-68,2,1,1,1,ee1eea29-aaad-41a4-b299-c72ed26c9da5,0.8155805382643557
ee3c00d5-9759-43b3-9116-3375227aadfd_15-30,3,0,0,0,ee3c00d5-9759-43b3-9116-3375227aadfd,-0.0449567454385682
ee708878-5d10-4bf3-bd8a-6d72d5cceca6_570-90,3,0,0,4,ee708878-5d10-4bf3-bd8a-6d72d5cceca6,0.6488041088601797
eea4b231-055e-4c4e-8f95-8dd043601da6_1144-34,3,1,1,3,eea4b231-055e-4c4e-8f95-8dd043601da6,0.7039654473676757
eefcde42-5ea1-4a85-9f34-72c3ceca50f6_817-78,0,1,1,1,eefcde42-5ea1-4a85-9f34-72c3ceca50f6,-0.05644473509934844
ef641454-94d5-4fe4-bf21-710144143967_723-67,3,1,1,0,ef641454-94d5-4fe4-bf21-710144143967,0.6259504028783258
ef641454-94d5-4fe4-bf21-710144143967_760-02,0,0,0,0,ef641454-94d5-4fe4-bf21-710144143967,1.6745476199155265
f0041c6c-06b2-4c3b-b8e6-934305b4226e_3757-69,3,0,0,1,f0041c6c-06b2-4c3b-b8e6-934305b4226e,0.9912129040642388
f0041c6c-06b2-4c3b-b8e6-934305b4226e_6185-52,4,1,1,1,f0041c6c-06b2-4c3b-b8e6-934305b4226e,0.5124573290183303
f0041c6c-06b2-4c3b-b8e6-934305b4226e_6269-35,0,1,1,1,f0041c6c-06b2-4c3b-b8e6-934305b4226e,1.933437320390589
f00ec54c-9ed4-4a23-9cd7-f8728cb9d6c7_1080-52,0,1,1,3,f00ec54c-9ed4-4a23-9cd7-f8728cb9d6c7,0.28508311610304227
f00ec54c-9ed4-4a23-9cd7-f8728cb9d6c7_1322-65,0,1,1,3,f00ec54c-9ed4-4a23-9cd7-f8728cb9d6c7,1.7185474602467024
f0b8d19e-28c0-4d11-bb2d-5c6576eb7dcb_138-10,0,0,0,3,f0b8d19e-28c0-4d11-bb2d-5c6576eb7dcb,-0.2860830786127926
f0b8d19e-28c0-4d11-bb2d-5c6576eb7dcb_67-04,1,1,1,3,f0b8d19e-28c0-4d11-bb2d-5c6576eb7dcb,0.35641350794938376
f1253f94-69c2-4f65-b8dc-e0f24c7677b4_1541-37,2,1,1,0,f1253f94-69c2-4f65-b8dc-e0f24c7677b4,0.28499948480533277
f17f0d96-4d93-4e4b-83c5-fddfbc581bb3_963-95,0,0,0,0,f17f0d96-4d93-4e4b-83c5-fddfbc581bb3,1.829854841375624
f1b5ae1e-742c-4802-9e61-ff8aae83e12e_459-05,3,0,0,4,f1b5ae1e-742c-4802-9e61-ff8aae83e12e,0.740704228760575
f1f8d17c-3d2a-4a2a-9482-0a8e385e77ae_365-24,0,0,0,3,f1f8d17c-3d2a-4a2a-9482-0a8e385e77ae,0.6860359367932676
f2017e02-2e5b-419c-8216-5a256a925c68_269-97,2,1,1,2,f2017e02-2e5b-419c-8216-5a256a925c68,0.6837691776629276
f22115b5-b9be-4e30-8576-7c1fcecec480_12-52,0,0,0,1,f22115b5-b9be-4e30-8576-7c1fcecec480,-0.33860452440526867
f22115b5-b9be-4e30-8576-7c1fcecec480_21-27,2,0,0,1,f22115b5-b9be-4e30-8576-7c1fcecec480,-0.1056247836304145
f2420e55-e559-40e1-9c96-863c6be763fd_1649-73,2,0,0,1,f2420e55-e559-40e1-9c96-863c6be763fd,1.105594297954868
f246429f-404e-4023-9b82-bfe6bf1e50cd_78-11,0,1,1,0,f246429f-404e-4023-9b82-bfe6bf1e50cd,0.08329054104740874
f26eb8a6-2ac4-4aa4-a500-1e738d8c8b13_1596-52,0,1,1,4,f26eb8a6-2ac4-4aa4-a500-1e738d8c8b13,1.236808676511603
f330e671-6ad4-49d4-8d59-e2493119ac43_8211-68,2,0,0,4,f330e671-6ad4-49d4-8d59-e2493119ac43,-0.0694365328317259
f330e671-6ad4-49d4-8d59-e2493119ac43_9479-43,3,1,1,4,f330e671-6ad4-49d4-8d59-e2493119ac43,1.5685033849238774
f374039b-7f08-4dc3-af64-4e9ff61db531_2262-81,2,0,0,1,f374039b-7f08-4dc3-af64-4e9ff61db531,0.29790337013928214
f374039b-7f08-4dc3-af64-4e9ff61db531_425-13,0,0,0,1,f374039b-7f08-4dc3-af64-4e9ff61db531,0.5944448147411998
f3c557d2-1170-4979-9a70-96d9b51fa987_228-25,2,1,1,0,f3c557d2-1170-4979-9a70-96d9b51fa987,0.38361890778545815
f3c557d2-1170-4979-9a70-96d9b51fa987_265-90,3,0,0,0,f3c557d2-1170-4979-9a70-96d9b51fa987,-0.10836114038292144
f488287d-ea74-4836-9ea4-e137ac6c8233_333-32,2,1,1,3,f488287d-ea74-4836-9ea4-e137ac6c8233,-0.10202708707255215
f51552ce-3d91-448c-8770-9800a6b5aa50_1666-29,3,0,0,2,f51552ce-3d91-448c-8770-9800a6b5aa50,0.44822911123348397
f543a47a-c081-481b-a415-cfe732ad74fe_1737-03,2,0,0,1,f543a47a-c081-481b-a415-cfe732ad74fe,-0.6607247610962331
f576f1bf-5433-488b-8833-8320f087e72b_48-29,0,0,0,3,f576f1bf-5433-488b-8833-8320f087e72b,-0.18878288772785567
f5778003-9aea-4ca0-9398-69299ba0331c_124-11,1,1,1,2,f5778003-9aea-4ca0-9398-69299ba0331c,0.5137764121413217
f58900c3-5747-447c-9fa2-04c608e7f40a_18-05,3,0,0,0,f58900c3-5747-447c-9fa2-04c608e7f40a,1.0901976145315095
f58900c3-5747-447c-9fa2-04c608e7f40a_18-07,2,1,1,0,f58900c3-5747-447c-9fa2-04c608e7f40a,0.5001541407848611
f5ac654b-8f39-427b-856f-4a9a2d4a3020_9-20,1,1,1,4,f5ac654b-8f39-427b-856f-4a9a2d4a3020,0.7899410739882735
f5accd2a-0799-4345-9e0d-eb8d87a677a4_1449-87,1,1,1,3,f5accd2a-0799-4345-9e0d-eb8d87a677a4,0.4150077268433663
f5bdefb3-f57c-4270-bf31-7939ecd45c86_1289-58,1,0,0,2,f5bdefb3-f57c-4270-bf31-7939ecd45c86,0.5220481241361146
f5bdefb3-f57c-4270-bf31-7939ecd45c86_1324-59,0,0,0,2,f5bdefb3-f57c-4270-bf31-7939ecd45c86,1.4866821865335689
f5bdefb3-f57c-4270-bf31-7939ecd45c86_1815-24,0,0,0,2,f5bdefb3-f57c-4270-bf31-7939ecd45c86,1.4028096714233087
f5bdefb3-f57c-4270-bf31-7939ecd45c86_2347-29,3,1,1,2,f5bdefb3-f57c-4270-bf31-7939ecd45c86,1.1167151738182175
f5bdefb3-f57c-4270-bf31-7939ecd45c86_788-76,2,0,0,2,f5bdefb3-f57c-4270-bf31-7939ecd45c86,0.3318417943876706
f62011c7-dd9b-4dd7-abbb-d4cb891c388e_1080-00,3,0,0,3,f62011c7-dd9b-4dd7-abbb-d4cb891c388e,-0.3750446797561051
f668b2c9-d376-411b-96e5-7d7379fae824_107-18,1,0,0,1,f668b2c9-d376-411b-96e5-7d7379fae824,0.9786557835842336
f668b2c9-d376-411b-96e5-7d7379fae824_151-21,3,0,0,1,f668b2c9-d376-411b-96e5-7d7379fae824,-0.5340438916698854
f6da4761-4774-4e05-bb2a-beca6db68f51_2233-75,2,0,0,2,f6da4761-4774-4e05-bb2a-beca6db68f51,0.8826317413933278
f6da4761-4774-4e05-bb2a-beca6db68f51_4196-85,0,0,0,2,f6da4761-4774-4e05-bb2a-beca6db68f51,1.4889083545877766
f7148e30-2ded-4d14-a8bb-f50813da26df_84-22,3,0,0,2,f7148e30-2ded-4d14-a8bb-f50813da26df,1.2095299668072086
f77f437c-4e60-43ef-a5e1-ce3881409455_1543-97,1,0,0,1,f77f437c-4e60-43ef-a5e1-ce3881409455,0.69795830338098
f7d99eca-11d5-4d45-8d60-695c3cb2f07c_431-32,0,1,1,0,f7d99eca-11d5-4d45-8d60-695c3cb2f07c,2.77874027708661
f8c9dee9-a82f-46e8-9cd5-9380e197ac25_28-43,1,0,0,4,f8c9dee9-a82f-46e8-9cd5-9380e197ac25,1.50354965389919
f965d286-b521-402f-9a0e-c73b49e9806e_1758-84,3,0,0,0,f965d286-b521-402f-9a0e-c73b49e9806e,1.1118761795759609
f965d286-b521-402f-9a0e-c73b49e9806e_32-71,2,1,1,0,f965d286-b521-402f-9a0e-c73b49e9806e,1.0714072736475067
f9a49dfd-e6f1-4827-9903-73a562ab32cd_444-64,3,0,0,3,f9a49dfd-e6f1-4827-9903-73a562ab32cd,2.288754022846571
f9c337af-fdf9-4737-b4c2-c5f68cd18d6a_553-83,2,1,1,2,f9c337af-fdf9-4737-b4c2-c5f68cd18d6a,0.29941491898287764
fa35a547-13b5-4355-873c-322c1860349a_1250-17,2,0,0,4,fa35a547-13b5-4355-873c-322c1860349a,0.48590452668982165
fa35a547-13b5-4355-873c-322c1860349a_128-66,0,0,0,4,fa35a547-13b5-4355-873c-322c1860349a,0.856640180185483
fa35a547-13b5-4355-873c-322c1860349a_166-55,0,0,0,4,fa35a547-13b5-4355-873c-322c1860349a,0.26872009823502374
fa53388f-58ab-41a8-9f0d-55407cae3973_757-23,1,1,1,1,fa53388f-58ab-41a8-9f0d-55407cae3973,1.454705351818468
fab481c0-842c-4536-9126-9dc375464685_728-84,3,1,1,0,fab481c0-842c-4536-9126-9dc375464685,0.03128726406304594
facdbd7a-da79-48bd-9bb0-c866f675699b_1484-63,0,1,1,4,facdbd7a-da79-48bd-9bb0-c866f675699b,0.07289350217805124
fb8a0650-986c-4c08-9d97-ac432cca424e_70-34,1,0,0,2,fb8a0650-986c-4c08-9d97-ac432cca424e,1.0584787996729352
fb92d350-9bf9-4b16-8a1f-7858de276226_1246-08,3,0,0,1,fb92d350-9bf9-4b16-8a1f-7858de276226,0.6378517387554721
fb92d350-9bf9-4b16-8a1f-7858de276226_2190-65,0,1,1,1,fb92d350-9bf9-4b16-8a1f-7858de276226,0.3230588573305324
fb92d350-9bf9-4b16-8a1f-7858de276226_2422-37,0,1,1,1,fb92d350-9bf9-4b16-8a1f-7858de276226,0.23692610247539259
fb92d350-9bf9-4b16-8a1f-7858de276226_2423-62,2,1,1,1,fb92d350-9bf9-4b16-8a1f-7858de276226,-0.16646995351524252
fb92d350-9bf9-4b16-8a1f-7858de276226_2438-10,0,0,0,1,fb92d350-9bf9-4b16-8a1f-7858de276226,1.022831028129725
fb92d350-9bf9-4b16-8a1f-7858de276226_32-25,3,1,1,1,fb92d350-9bf9-4b16-8a1f-7858de276226,1.9251667056868154
fb92d350-9bf9-4b16-8a1f-7858de276226_540-00,0,0,0,1,fb92d350-9bf9-4b16-8a1f-7858de276226,0.47067769462244935
fb92d350-9bf9-4b16-8a1f-7858de276226_561-78,2,1,1,1,fb92d350-9bf9-4b16-8a1f-7858de276226,1.0093014058345526
fb92d350-9bf9-4b16-8a1f-7858de276226_599-33,1,0,0,1,fb92d350-9bf9-4b16-8a1f-7858de276226,0.5066459812114614
fb92d350-9bf9-4b16-8a1f-7858de276226_603-23,1,1,1,1,fb92d350-9bf9-4b16-8a1f-7858de276226,2.2938571736526168
fb92d350-9bf9-4b16-8a1f-7858de276226_625-71,0,1,1,1,fb92d350-9bf9-4b16-8a1f-7858de276226,1.9642812130384935
fb92d350-9bf9-4b16-8a1f-7858de276226_688-12,1,0,0,1,fb92d350-9bf9-4b16-8a1f-7858de276226,0.9808886177581517
fb9fda68-f264-465d-9208-19876f5ef90f_63-03,1,0,0,3,fb9fda68-f264-465d-9208-19876f5ef90f,0.4284024750879598
fb9fda68-f264-465d-9208-19876f5ef90f_887-23,0,1,1,3,fb9fda68-f264-465d-9208-19876f5ef90f,0.1839480777031901
fbc425c4-def6-49a7-8b88-5d5d00b5524e_278-29,2,1,1,1,fbc425c4-def6-49a7-8b88-5d5d00b5524e,0.8224277525896497
fc0450d5-00cd-4d55-9a8e-68628c38ddd2_87-11,0,0,0,1,fc0450d5-00cd-4d55-9a8e-68628c38ddd2,0.41169933796784064
fc201765-9b2e-4bb3-8ca0-84bd1732fd40_335-09,2,1,1,0,fc201765-9b2e-4bb3-8ca0-84bd1732fd40,1.2865314890576505
fcb62109-9f54-42d7-9ecd-7a60817868dc_663-41,1,0,0,4,fcb62109-9f54-42d7-9ecd-7a60817868dc,1.0936093008845371
fcc14fe4-35e1-4854-b368-4541ae7bcf58_1063-13,1,0,0,3,fcc14fe4-35e1-4854-b368-4541ae7bcf58,1.982195446341686
fd2ae8b4-b683-4c4b-935c-78b4dadbdbf8_2447-28,0,1,1,3,fd2ae8b4-b683-4c4b-935c-78b4dadbdbf8,1.1816695229499354
fd2ae8b4-b683-4c4b-935c-78b4dadbdbf8_2975-44,2,0,0,3,fd2ae8b4-b683-4c4b-935c-78b4dadbdbf8,0.49855575134097463
fd2ae8b4-b683-4c4b-935c-78b4dadbdbf8_3041-68,0,1,1,3,fd2ae8b4-b683-4c4b-935c-78b4dadbdbf8,-0.0188584696994174
fd2ae8b4-b683-4c4b-935c-78b4dadbdbf8_3860-90,3,1,1,3,fd2ae8b4-b683-4c4b-935c-78b4dadbdbf8,0.9787324552322307
fd2ae8b4-b683-4c4b-935c-78b4dadbdbf8_4020-41,0,1,1,3,fd2ae8b4-b683-4c4b-935c-78b4dadbdbf8,0.48999962118332707
fd2ae8b4-b683-4c4b-935c-78b4dadbdbf8_4100-48,1,1,1,3,fd2ae8b4-b683-4c4b-935c-78b4dadbdbf8,1.1960299334835203
fd2ae8b4-b683-4c4b-935c-78b4dadbdbf8_4288-89,1,1,1,3,fd2ae8b4-b683-4c4b-935c-78b4dadbdbf8,0.15792753389683178
fd2ae8b4-b683-4c4b-935c-78b4dadbdbf8_565-30,0,0,0,3,fd2ae8b4-b683-4c4b-935c-78b4dadbdbf8,-0.31889008379794226
fd2ae8b4-b683-4c4b-935c-78b4dadbdbf8_966-80,2,1,1,3,fd2ae8b4-b683-4c4b-935c-78b4dadbdbf8,0.9808723928455427
fdbe0fbc-90a3-41b9-8898-a0c7ce3f966c_672-30,3,0,0,3,fdbe0fbc-90a3-41b9-8898-a0c7ce3f966c,1.5000052772761354
fdbe0fbc-90a3-41b9-8898-a0c7ce3f966c_696-68,0,0,0,3,fdbe0fbc-90a3-41b9-8898-a0c7ce3f966c,-0.48986630906296924
fdc39d01-44cb-431a-96a1-558ebf4c15ae_933-99,3,1,1,2,fdc39d01-44cb-431a-96a1-558ebf4c15ae,0.6339062082589526
fdfa65a5-9d90-4d27-8667-cd2c511614e3_513-55,3,1,1,1,fdfa65a5-9d90-4d27-8667-cd2c511614e3,1.4554669546946408
fdfa65a5-9d90-4d27-8667-cd2c511614e3_70-13,0,0,0,1,fdfa65a5-9d90-4d27-8667-cd2c511614e3,1.8965385685339269
fe0b10e2-7fbb-4abc-ab5f-87ffaef34b3f_111-04,2,0,0,1,fe0b10e2-7fbb-4abc-ab5f-87ffaef34b3f,1.6006410964552555
fe0d5ffc-686e-4846-bce0-1a18e513bf95_2543-03,2,0,0,3,fe0d5ffc-686e-4846-bce0-1a18e513bf95,0.12011963781905899
fe0d5ffc-686e-4846-bce0-1a18e513bf95_483-81,3,1,1,3,fe0d5ffc-686e-4846-bce0-1a18e513bf95,0.674589033081453
fe231042-6163-48cc-a1c4-1d1163b0a440_494-51,1,1,1,0,fe231042-6163-48cc-a1c4-1d1163b0a440,0.8385762795411069
fe827643-62c3-4cb9-b009-7ed43731c9bd_0-00,1,0,0,1,fe827643-62c3-4cb9-b009-7ed43731c9bd,0.24560238552405544
fe827643-62c3-4cb9-b009-7ed43731c9bd_273-13,2,1,1,1,fe827643-62c3-4cb9-b009-7ed43731c9bd,0.07160859268199471
fec2a5e2-615f-46b3-a320-b8741c2b6365_562-48,0,1,1,4,fec2a5e2-615f-46b3-a320-b8741c2b6365,0.4067418721983638
fec31c20-1910-4ab1-afc5-6aa3057a45f5_381-77,0,1,1,0,fec31c20-1910-4ab1-afc5-6aa3057a45f5,-0.17907087466335492
fec31c20-1910-4ab1-afc5-6aa3057a45f5_810-30,0,0,0,0,fec31c20-1910-4ab1-afc5-6aa3057a45f5,0.8427089000973886
fec31c20-1910-4ab1-afc5-6aa3057a45f5_825-86,0,0,0,0,fec31c20-1910-4ab1-afc5-6aa3057a45f5,0.5153985028807615
ff15140a-4747-4c45-b95f-ff2bd36ef178_1065-69,0,0,0,3,ff15140a-4747-4c45-b95f-ff2bd36ef178,0.2068234473189272
ff425cc6-7577-444b-b6f7-e250c22a1ed5_831-75,1,1,1,2,ff425cc6-7577-444b-b6f7-e250c22a1ed5,0.14518853228842477
ffa4f27f-4e66-4b8c-ba6a-9a94f3491eb6_1093-00,3,1,1,2,ffa4f27f-4e66-4b8c-ba6a-9a94f3491eb6,0.7235220328898337
fffbaeef-577f-45f0-baa9-f10cabf62dfb_278-37,1,1,1,3,fffbaeef-577f-45f0-baa9-f10cabf62dfb,1.650064849308911
