item,idx,correct,outcome,fold,group,score
01111831-9107-43c4-bf0e-6b26e9b32a2b_1351-09,2,1,1,2,01111831-9107-43c4-bf0e-6b26e9b32a2b_1351-09,0.8979173547613497
01ccf6b0-5e95-4b18-acd4-a8cc1fd31ddf_248-81,0,1,1,1,01ccf6b0-5e95-4b18-acd4-a8cc1fd31ddf_849-71,1.4854340123878476
01ccf6b0-5e95-4b18-acd4-a8cc1fd31ddf_849-71,1,0,0,1,01ccf6b0-5e95-4b18-acd4-a8cc1fd31ddf_849-71,1.9520119440822985
01d301c9-9dbf-4da2-9181-d66a6688f5e6_817-64,0,0,0,4,01d301c9-9dbf-4da2-9181-d66a6688f5e6_817-64,0.5233774766228434
01db7c39-a512-4bac-b284-dff8c7360e80_385-35,0,1,1,3,01db7c39-a512-4bac-b284-dff8c7360e80_385-35,0.2341268484174468
01ef2c24-ab95-46c0-a76a-7ec2f66aa5df_978-48,0,1,1,2,01ef2c24-ab95-46c0-a76a-7ec2f66aa5df_978-48,0.12444361340868926
01f9f9d6-2871-4913-99ea-8ffb7780fc8d_1491-41,1,1,1,1,01f9f9d6-2871-4913-99ea-8ffb7780fc8d_1491-41,1.27722162765854
0235dafb-ec68-4177-8aff-e36d6c63742d_15-76,3,1,1,0,0235dafb-ec68-4177-8aff-e36d6c63742d_15-76,1.542582587324416
02ca6897-bf08-4cfb-bbc7-7810dbf5cca2_2974-75,2,1,1,4,02ca6897-bf08-4cfb-bbc7-7810dbf5cca2_2974-75,0.9107487669298462
031314bd-fa48-42ef-8341-bc5ca17f6a4a_1127-31,2,0,0,3,031314bd-fa48-42ef-8341-bc5ca17f6a4a_1127-31,2.7207831002911025
033520cd-e7e4-4649-b551-83bb451a4802_382-12,1,1,1,2,033520cd-e7e4-4649-b551-83bb451a4802_382-12,0.6951356336370362
03ca4970-374e-4901-9895-81f262c0da5c_817-27,1,1,1,0,03ca4970-374e-4901-9895-81f262c0da5c_817-27,0.39694083561539495
03d6e9bf-389a-4828-bf82-0ef6decf7671_900-77,3,1,1,1,03d6e9bf-389a-4828-bf82-0ef6decf7671_900-77,1.5984216587497573
03f5b0be-94ac-4d22-9c30-7bf0456ccf0e_1279-00,3,1,1,4,03f5b0be-94ac-4d22-9c30-7bf0456ccf0e_1279-00,1.3301475513335173
03fb98b9-e732-4265-a2a3-9809183acaa7_1123-20,0,1,1,3,03fb98b9-e732-4265-a2a3-9809183acaa7_1123-20,0.1353143576205409
044a7a23-9305-4971-82ac-aa1a3dc154be_214-77,3,0,0,3,dd508a2a-1ea7-43d2-805a-8080eeae9985_1133-08,-0.26916421257880807
046855d7-41d7-4f41-a6a7-fce921ea8133_335-77,3,1,1,2,046855d7-41d7-4f41-a6a7-fce921ea8133_335-77,0.782651779155906
0475a0b9-9445-4083-8c6a-42f0171ff3e4_1943-55,3,0,0,1,0475a0b9-9445-4083-8c6a-42f0171ff3e4_1943-55,-0.5803534276273352
048d34c9-bf3f-4dd9-9da2-5f7da60ac2c8_955-97,3,0,0,0,048d34c9-bf3f-4dd9-9da2-5f7da60ac2c8_955-97,0.3055424883054183
04b2f7a8-1d95-43c2-8b3b-8053b22dda52_810-37,3,1,1,4,04b2f7a8-1d95-43c2-8b3b-8053b22dda52_810-37,0.5039839639736217
053ae0a6-937d-4bdc-8001-d3dfe7899811_1085-52,2,1,1,3,053ae0a6-937d-4bdc-8001-d3dfe7899811_1085-52,0.4326019883161447
0548b16c-cc3f-475d-82a4-9a73109d4327_1779-11,0,1,1,2,0548b16c-cc3f-475d-82a4-9a73109d4327_1779-11,0.9057325797717453
05d5d7cf-9fb9-4390-bcd3-dd626b948771_1543-50,0,0,0,0,05d5d7cf-9fb9-4390-bcd3-dd626b948771_1543-50,-0.019856757337016306
0619c3d0-aebe-4414-b977-f2027271b267_279-15,3,0,0,0,0619c3d0-aebe-4414-b977-f2027271b267_566-56,0.8554406119195375
0619c3d0-aebe-4414-b977-f2027271b267_566-56,4,1,1,0,0619c3d0-aebe-4414-b977-f2027271b267_566-56,0.17549675323346392
0655e194-9ddc-41c4-9708-7e6c7a256fa0_300-01,3,0,0,1,0655e194-9ddc-41c4-9708-7e6c7a256fa0_300-01,-0.647268440028007
0696265e-aba2-401b-9316-c380c30c901e_540-96,0,0,0,3,0696265e-aba2-401b-9316-c380c30c901e_878-07,-0.31984753287721035
0696265e-aba2-401b-9316-c380c30c901e_878-07,2,1,1,3,0696265e-aba2-401b-9316-c380c30c901e_878-07,0.972467832897314
069c1058-881d-49da-b45d-b9f7e08fe932_1164-27,3,1,1,3,069c1058-881d-49da-b45d-b9f7e08fe932_475-96,1.1919563728064537
069c1058-881d-49da-b45d-b9f7e08fe932_2408-86,0,1,1,3,069c1058-881d-49da-b45d-b9f7e08fe932_475-96,-0.018559651489467033
069c1058-881d-49da-b45d-b9f7e08fe932_475-96,1,1,1,3,069c1058-881d-49da-b45d-b9f7e08fe932_475-96,1.2454392912653873
06cf946b-4713-4ca2-addf-55ce95a26d98_1071-13,0,0,0,1,06cf946b-4713-4ca2-addf-55ce95a26d98_1071-13,0.9118988413685079
06ee22fd-ecfc-4e34-9ed2-a330548abf71_519-15,0,0,0,3,06ee22fd-ecfc-4e34-9ed2-a330548abf71_519-15,1.6540968660032112
070776bf-f15a-4b6e-a906-d1ef9e132592_598-54,1,1,1,1,070776bf-f15a-4b6e-a906-d1ef9e132592_598-54,0.5656388417729439
072623e8-1889-4580-8175-ddc05a3dceb3_11-40,1,0,0,4,072623e8-1889-4580-8175-ddc05a3dceb3_89-78,0.5793196684429893
072623e8-1889-4580-8175-ddc05a3dceb3_89-78,1,0,0,4,072623e8-1889-4580-8175-ddc05a3dceb3_89-78,1.535133797394347
07536df6-9813-42d9-93df-35835407d8ee_170-76,1,1,1,0,07536df6-9813-42d9-93df-35835407d8ee_170-76,0.46429384088216263
078634f1-0e81-455d-b771-3d35b65a2645_411-53,0,0,0,4,078634f1-0e81-455d-b771-3d35b65a2645_411-53,0.8938541890950562
07ad0112-22da-4f0e-be4f-2debe7fec15c_608-22,1,0,0,3,07ad0112-22da-4f0e-be4f-2debe7fec15c_608-22,1.1858752652040583
083b7556-9dff-40e2-9fad-bef3f82dbf37_1003-31,2,1,1,2,083b7556-9dff-40e2-9fad-bef3f82dbf37_635-98,0.38230161159972953
083b7556-9dff-40e2-9fad-bef3f82dbf37_34-58,0,1,1,2,083b7556-9dff-40e2-9fad-bef3f82dbf37_635-98,0.7415765469936555
083b7556-9dff-40e2-9fad-bef3f82dbf37_51-98,3,0,0,2,083b7556-9dff-40e2-9fad-bef3f82dbf37_635-98,1.2698103643564322
083b7556-9dff-40e2-9fad-bef3f82dbf37_635-98,1,0,0,2,083b7556-9dff-40e2-9fad-bef3f82dbf37_635-98,0.5814360403872483
087e11d0-5984-4365-989d-7365294ddaec_1764-07,2,1,1,3,087e11d0-5984-4365-989d-7365294ddaec_7175-71,0.4914802961989537
087e11d0-5984-4365-989d-7365294ddaec_3198-91,2,1,1,3,087e11d0-5984-4365-989d-7365294ddaec_7175-71,0.7822953210030279
087e11d0-5984-4365-989d-7365294ddaec_5378-93,0,1,1,3,087e11d0-5984-4365-989d-7365294ddaec_7175-71,1.766589644471442
087e11d0-5984-4365-989d-7365294ddaec_7175-71,3,0,0,3,087e11d0-5984-4365-989d-7365294ddaec_7175-71,0.06671765574452371
087e11d0-5984-4365-989d-7365294ddaec_7351-39,1,0,0,3,087e11d0-5984-4365-989d-7365294ddaec_7175-71,0.25532097039545776
088add57-cf62-4ddd-9908-7eb738b0ec22_2767-48,0,0,0,2,088add57-cf62-4ddd-9908-7eb738b0ec22_2767-48,0.9828988684192548
08e65366-36a3-4146-bec6-043286cedf16_741-63,1,1,1,1,08e65366-36a3-4146-bec6-043286cedf16_741-63,1.398307029303094
09690df3-0715-4875-8745-7e8830c761d0_2258-64,1,0,0,3,09690df3-0715-4875-8745-7e8830c761d0_341-62,0.68186611092662
09690df3-0715-4875-8745-7e8830c761d0_341-62,3,1,1,3,09690df3-0715-4875-8745-7e8830c761d0_341-62,0.26776594832193146
09aa2849-b299-4e30-ab69-1213c6f96581_1101-28,2,1,1,0,09aa2849-b299-4e30-ab69-1213c6f96581_1101-28,1.0382449571185592
09fe2f2d-7d90-4d7d-9dcd-baec4704f4cc_4409-86,0,0,0,4,09fe2f2d-7d90-4d7d-9dcd-baec4704f4cc_4409-86,0.2460156984153743
0a02a1ed-a327-4753-b270-e95298984b96_534-33,0,1,1,2,0a02a1ed-a327-4753-b270-e95298984b96_534-33,1.131333236652365
0a4c05df-f522-4a33-862f-0d89824e7300_1283-75,3,1,1,3,0a4c05df-f522-4a33-862f-0d89824e7300_1283-75,0.47975658293088164
0b38da1c-2b62-4c05-a68e-e8f2aafa47a8_1227-10,1,1,1,1,0b38da1c-2b62-4c05-a68e-e8f2aafa47a8_1227-10,0.5341374165204169
0b530687-26d8-4c9d-9771-c758ecd2ecbf_14330-76,1,0,0,0,0b530687-26d8-4c9d-9771-c758ecd2ecbf_3386-79,-0.2132317881797856
0b530687-26d8-4c9d-9771-c758ecd2ecbf_14604-13,0,1,1,0,0b530687-26d8-4c9d-9771-c758ecd2ecbf_3386-79,0.09908858915962959
0b530687-26d8-4c9d-9771-c758ecd2ecbf_16957-98,0,1,1,0,0b530687-26d8-4c9d-9771-c758ecd2ecbf_3386-79,1.1094398282415638
0b530687-26d8-4c9d-9771-c758ecd2ecbf_3386-79,0,1,1,0,0b530687-26d8-4c9d-9771-c758ecd2ecbf_3386-79,0.49292428748455475
0ca15932-2ede-4802-8f8d-68555c68c0b8_525-50,3,1,1,0,0ca15932-2ede-4802-8f8d-68555c68c0b8_525-50,1.5829912037661793
0cd16e31-6045-45ea-b0d7-105116f9e6d1_1433-59,0,0,0,4,0cd16e31-6045-45ea-b0d7-105116f9e6d1_1433-59,1.4571832040770887
0cd16e31-6045-45ea-b0d7-105116f9e6d1_646-65,0,0,0,4,0cd16e31-6045-45ea-b0d7-105116f9e6d1_1433-59,1.7038090295886104
0d08f503-89df-4dd8-a238-4e1749d2fe22_5-63,1,0,0,4,0d08f503-89df-4dd8-a238-4e1749d2fe22_5-63,2.1074512881735235
0d572bb4-543a-4fa2-afce-876f854a559a_484-84,0,0,0,3,0d572bb4-543a-4fa2-afce-876f854a559a_484-84,0.7885325116505066
0d5f2917-e0bd-47cb-b887-1c14c69568f9_848-84,1,0,0,2,0d5f2917-e0bd-47cb-b887-1c14c69568f9_848-84,0.2305695127653824
0d6a065b-3fcd-4537-8148-bc55d2ee3055_19-05,0,0,0,1,0d6a065b-3fcd-4537-8148-bc55d2ee3055_19-05,1.0290575175199408
0dca9b08-f9c6-446f-8754-3c1312fa3274_101-78,3,1,1,0,0dca9b08-f9c6-446f-8754-3c1312fa3274_101-78,1.6399084508744148
0e12d060-f93d-418a-a377-7f2467be9fed_363-39,3,1,1,4,0e12d060-f93d-418a-a377-7f2467be9fed_363-39,0.5404165550333961
0ece1a2a-2da0-4b28-ac8c-bf9f04c0d17c_2285-27,1,1,1,0,0ece1a2a-2da0-4b28-ac8c-bf9f04c0d17c_713-12,-0.7001020910020316
0ece1a2a-2da0-4b28-ac8c-bf9f04c0d17c_335-84,2,1,1,0,0ece1a2a-2da0-4b28-ac8c-bf9f04c0d17c_713-12,0.2625733121151974
0ece1a2a-2da0-4b28-ac8c-bf9f04c0d17c_713-12,1,0,0,0,0ece1a2a-2da0-4b28-ac8c-bf9f04c0d17c_713-12,-0.36714274473257413
0f038f2a-7b3d-40ec-a22a-9f764bfbde74_4-93,1,0,0,2,0f038f2a-7b3d-40ec-a22a-9f764bfbde74_4-93,0.8416140640238909
0f1024e6-ff80-46e2-aea8-3878f11bc1d7_201-92,2,1,1,0,0f1024e6-ff80-46e2-aea8-3878f11bc1d7_201-92,0.38542947828640006
0f3fa455-3622-4fb4-a3be-0c1a7fd697a7_1157-44,2,1,1,4,0f3fa455-3622-4fb4-a3be-0c1a7fd697a7_1157-44,1.89228607908086
0f574f9b-00bc-479d-894b-9e7c999fe13a_302-98,0,0,0,4,0f574f9b-00bc-479d-894b-9e7c999fe13a_303-78,0.883981872217023
0f574f9b-00bc-479d-894b-9e7c999fe13a_303-78,0,0,0,4,0f574f9b-00bc-479d-894b-9e7c999fe13a_303-78,2.4553781519811655
0f82d425-f8be-4e69-8c59-0a1a2e980b20_1108-13,1,1,1,0,0f82d425-f8be-4e69-8c59-0a1a2e980b20_518-50,1.4892961023052043
0f82d425-f8be-4e69-8c59-0a1a2e980b20_295-56,2,1,1,0,0f82d425-f8be-4e69-8c59-0a1a2e980b20_518-50,0.27190405543139384
0f82d425-f8be-4e69-8c59-0a1a2e980b20_518-50,4,1,1,0,0f82d425-f8be-4e69-8c59-0a1a2e980b20_518-50,0.2460244251196455
0f82d425-f8be-4e69-8c59-0a1a2e980b20_554-09,3,1,1,0,0f82d425-f8be-4e69-8c59-0a1a2e980b20_518-50,1.1189335106005296
10019839-9ded-439f-a573-5ccacd7d829d_650-42,3,1,1,3,10019839-9ded-439f-a573-5ccacd7d829d_650-42,0.6402156132507624
102dc7b7-a8fb-419e-9a18-b679e7157d99_517-02,1,0,0,1,102dc7b7-a8fb-419e-9a18-b679e7157d99_517-02,0.14828816732782135
102dc7b7-a8fb-419e-9a18-b679e7157d99_754-92,0,0,0,1,102dc7b7-a8fb-419e-9a18-b679e7157d99_517-02,0.4150496795048755
1042ea39-9256-4593-a4c6-a0d0393da739_524-37,3,1,1,0,1042ea39-9256-4593-a4c6-a0d0393da739_524-37,1.2574112124192847
10a848ed-f258-4930-abdd-1fd60b788abc_125-95,2,1,1,3,10a848ed-f258-4930-abdd-1fd60b788abc_294-40,0.521216558995665
10a848ed-f258-4930-abdd-1fd60b788abc_294-40,3,1,1,3,10a848ed-f258-4930-abdd-1fd60b788abc_294-40,1.2269740350524276
10a848ed-f258-4930-abdd-1fd60b788abc_345-05,2,1,1,3,10a848ed-f258-4930-abdd-1fd60b788abc_294-40,1.196635723581023
10a848ed-f258-4930-abdd-1fd60b788abc_475-65,2,1,1,3,10a848ed-f258-4930-abdd-1fd60b788abc_294-40,1.5955333525539268
10a848ed-f258-4930-abdd-1fd60b788abc_489-09,1,1,1,3,10a848ed-f258-4930-abdd-1fd60b788abc_294-40,1.3604047759553597
10a848ed-f258-4930-abdd-1fd60b788abc_549-51,3,1,1,3,10a848ed-f258-4930-abdd-1fd60b788abc_294-40,0.7121557033841197
10a848ed-f258-4930-abdd-1fd60b788abc_75-21,3,1,1,3,10a848ed-f258-4930-abdd-1fd60b788abc_294-40,-0.7075070242537659
10a848ed-f258-4930-abdd-1fd60b788abc_788-28,0,1,1,3,10a848ed-f258-4930-abdd-1fd60b788abc_294-40,0.44588095862612565
10c73f89-cc7d-4d43-b1df-b56703de1b24_711-97,3,1,1,4,10c73f89-cc7d-4d43-b1df-b56703de1b24_711-97,1.664090337852656
110352df-c7a3-4fec-a707-42936d101c28_3-37,2,0,0,3,110352df-c7a3-4fec-a707-42936d101c28_3-37,-0.036042114301045425
1106ee5c-8829-460f-8454-c4a8348f5400_10077-91,1,0,0,3,1106ee5c-8829-460f-8454-c4a8348f5400_10077-91,0.5481049702669731
1106ee5c-8829-460f-8454-c4a8348f5400_1134-19,0,1,1,3,1106ee5c-8829-460f-8454-c4a8348f5400_10077-91,0.38200668918911407
110f9870-6b6c-4a20-a3c8-8c2e29c53bb7_1386-55,3,0,0,1,110f9870-6b6c-4a20-a3c8-8c2e29c53bb7_1388-88,-0.08148999790549905
110f9870-6b6c-4a20-a3c8-8c2e29c53bb7_1388-88,0,1,1,1,110f9870-6b6c-4a20-a3c8-8c2e29c53bb7_1388-88,0.27523985343327495
11586867-f4d9-4341-9532-4de21a47585d_394-60,2,1,1,2,11586867-f4d9-4341-9532-4de21a47585d_394-60,0.9587430433060193
11663dd8-aa9d-429d-80e2-2807b341350e_224-01,1,1,1,1,11663dd8-aa9d-429d-80e2-2807b341350e_224-01,1.234074405494957
11e56f1e-baef-4fe8-ad0f-a7ec8788ea3a_836-51,2,0,0,0,11e56f1e-baef-4fe8-ad0f-a7ec8788ea3a_836-51,1.0078642028484999
11f247e0-179a-4b9d-8244-16fb918010a1_1002-90,0,1,1,1,11f247e0-179a-4b9d-8244-16fb918010a1_1002-90,0.21514705265910528
11f247e0-179a-4b9d-8244-16fb918010a1_1085-16,3,0,0,1,11f247e0-179a-4b9d-8244-16fb918010a1_1002-90,0.6141034987197835
11f247e0-179a-4b9d-8244-16fb918010a1_1106-33,0,1,1,1,11f247e0-179a-4b9d-8244-16fb918010a1_1002-90,1.1670644154145953
11f247e0-179a-4b9d-8244-16fb918010a1_1376-89,3,1,1,1,11f247e0-179a-4b9d-8244-16fb918010a1_1002-90,1.1966391605336895
11fb6f55-4bf0-4992-ad15-d30a51447ab3_745-24,1,1,1,4,11fb6f55-4bf0-4992-ad15-d30a51447ab3_745-24,2.15420037734428
1246d6ec-5620-4f71-8b4b-d823775f58c2_29-81,0,1,1,3,7ac6dc03-7c8d-4de8-99af-03268c780ea2_1031-44,1.089378408252532
1270f0e2-1bc0-4225-bf6e-3dd68c594c8b_1984-62,0,1,1,3,1270f0e2-1bc0-4225-bf6e-3dd68c594c8b_1984-62,0.7391188568019336
1309c412-1d3b-449a-95d7-853616686f89_980-21,2,0,0,2,1309c412-1d3b-449a-95d7-853616686f89_980-21,1.6595886323879583
1330508f-8168-4408-a4df-79f69fb87c83_1053-45,2,1,1,1,1330508f-8168-4408-a4df-79f69fb87c83_1053-45,0.5013644409139955
13488a91-cef6-46f4-8007-9453d5d49925_44-43,0,1,1,0,13488a91-cef6-46f4-8007-9453d5d49925_44-43,-0.026632145922023787
134a4c63-583a-4e64-8cf9-002b6d26cdf1_375-78,1,0,0,3,134a4c63-583a-4e64-8cf9-002b6d26cdf1_464-01,0.13436052180823665
134a4c63-583a-4e64-8cf9-002b6d26cdf1_464-01,1,1,1,3,134a4c63-583a-4e64-8cf9-002b6d26cdf1_464-01,0.8590871138831047
134d9865-d9ee-47e5-a121-589a26c6b3ba_1573-53,1,1,1,2,134d9865-d9ee-47e5-a121-589a26c6b3ba_1573-53,1.6754717698936163
134d9865-d9ee-47e5-a121-589a26c6b3ba_1586-50,2,0,0,2,134d9865-d9ee-47e5-a121-589a26c6b3ba_1573-53,2.045667996329064
13a15553-2fdb-4d04-a7b4-2efc33538525_875-77,1,1,1,4,13a15553-2fdb-4d04-a7b4-2efc33538525_875-77,1.1873558581539485
13bbcf71-cc9d-40f9-b072-77841ea8b7a2_38-55,0,1,1,3,13bbcf71-cc9d-40f9-b072-77841ea8b7a2_38-55,0.8807774805260269
13d7173f-e8d1-4124-a66b-2ae648da9dbd_510-46,3,0,0,2,13d7173f-e8d1-4124-a66b-2ae648da9dbd_510-46,0.8923986397244819
146a4b4b-96a5-4d8f-a5b1-78dbb6ee5edf_4571-18,2,1,1,1,146a4b4b-96a5-4d8f-a5b1-78dbb6ee5edf_4571-18,0.9547758048263078
146a4b4b-96a5-4d8f-a5b1-78dbb6ee5edf_9999-80,1,0,0,1,146a4b4b-96a5-4d8f-a5b1-78dbb6ee5edf_4571-18,0.17173018487634883
14a3d52a-e66c-4a4c-8f71-d86f7199993c_10-64,0,1,1,1,5ab334f2-ecc8-4a05-96f8-4320225379b2_214-77,2.4706997332877565
14c123f4-06ab-4b51-aa26-95b0e3adf6eb_61-25,2,1,1,1,14c123f4-06ab-4b51-aa26-95b0e3adf6eb_61-25,1.9580930229024578
14e96091-4011-4557-95b3-a195fb5c39d8_273-80,1,0,0,2,14e96091-4011-4557-95b3-a195fb5c39d8_919-08,0.05799051592815063
14e96091-4011-4557-95b3-a195fb5c39d8_919-08,1,0,0,2,14e96091-4011-4557-95b3-a195fb5c39d8_919-08,0.5987059249007753
15223229-8273-4f28-9bc0-1266e7c210d8_1078-65,2,0,0,0,15223229-8273-4f28-9bc0-1266e7c210d8_1078-65,0.45160829115011625
153cd84b-0345-4590-90f6-f66c294db429_799-88,2,0,0,4,153cd84b-0345-4590-90f6-f66c294db429_799-88,0.19779515598708386
156823e7-0339-4f64-9c89-80044fc8b218_782-84,1,1,1,3,156823e7-0339-4f64-9c89-80044fc8b218_782-84,0.523548431173946
15c5a595-c577-4b4b-b26a-639517f140c9_1-82,3,0,0,2,15c5a595-c577-4b4b-b26a-639517f140c9_1-82,0.5774967892417617
15f1a422-327d-4dab-b14d-7003544c5817_1292-11,2,0,0,4,15f1a422-327d-4dab-b14d-7003544c5817_1292-11,-0.1769467692742439
15f1a422-327d-4dab-b14d-7003544c5817_1304-02,0,0,0,4,15f1a422-327d-4dab-b14d-7003544c5817_1292-11,1.5452573231015676
1626db26-0c74-43d6-a5c2-c1a8fa7b1429_2450-13,0,0,0,3,1626db26-0c74-43d6-a5c2-c1a8fa7b1429_730-63,1.4490846093301581
1626db26-0c74-43d6-a5c2-c1a8fa7b1429_730-63,2,1,1,3,1626db26-0c74-43d6-a5c2-c1a8fa7b1429_730-63,0.4938264213750838
168f91fd-53c2-4eee-9d2d-e25e1ad73438_99-46,2,0,0,1,168f91fd-53c2-4eee-9d2d-e25e1ad73438_99-46,0.32257355070971827
170fb6c9-8550-4e82-bb9a-4ad574c0f0fa_7137-29,0,1,1,2,170fb6c9-8550-4e82-bb9a-4ad574c0f0fa_7137-29,2.178688387253588
17be1d0a-f213-4126-ab6e-08e5c8ee5b93_1056-33,1,1,1,0,17be1d0a-f213-4126-ab6e-08e5c8ee5b93_1922-28,0.5323955223605945
17be1d0a-f213-4126-ab6e-08e5c8ee5b93_1922-28,1,1,1,0,17be1d0a-f213-4126-ab6e-08e5c8ee5b93_1922-28,0.9126071934606306
17be1d0a-f213-4126-ab6e-08e5c8ee5b93_1968-69,1,0,0,0,17be1d0a-f213-4126-ab6e-08e5c8ee5b93_1922-28,2.3461138800421653
17be1d0a-f213-4126-ab6e-08e5c8ee5b93_4479-70,1,1,1,0,17be1d0a-f213-4126-ab6e-08e5c8ee5b93_1922-28,0.1308649168685101
17be1d0a-f213-4126-ab6e-08e5c8ee5b93_4986-86,0,1,1,0,17be1d0a-f213-4126-ab6e-08e5c8ee5b93_1922-28,0.8467734832899034
17be1d0a-f213-4126-ab6e-08e5c8ee5b93_70-40,2,1,1,0,17be1d0a-f213-4126-ab6e-08e5c8ee5b93_1922-28,1.3452161331769688
17cd1d99-044c-4b1b-97b4-f3de34f8e55b_251-62,1,1,1,4,17cd1d99-044c-4b1b-97b4-f3de34f8e55b_252-07,0.11231814509221927
17cd1d99-044c-4b1b-97b4-f3de34f8e55b_252-07,0,1,1,4,17cd1d99-044c-4b1b-97b4-f3de34f8e55b_252-07,1.6794809121011234
18189ea3-00fd-428a-bbae-7549ddd9a97e_803-15,0,0,0,3,18189ea3-00fd-428a-bbae-7549ddd9a97e_803-15,0.4803730909815249
182dffe9-d2bf-4a7d-b1d8-137470f0143d_1327-77,0,0,0,4,182dffe9-d2bf-4a7d-b1d8-137470f0143d_1670-78,0.06992773970255217
182dffe9-d2bf-4a7d-b1d8-137470f0143d_1639-14,3,0,0,4,182dffe9-d2bf-4a7d-b1d8-137470f0143d_1670-78,1.2092362053586694
182dffe9-d2bf-4a7d-b1d8-137470f0143d_1670-78,1,1,1,4,182dffe9-d2bf-4a7d-b1d8-137470f0143d_1670-78,0.45873204491672626
182dffe9-d2bf-4a7d-b1d8-137470f0143d_1681-54,1,0,0,4,182dffe9-d2bf-4a7d-b1d8-137470f0143d_1670-78,-0.5920936491492259
18a3840b-7463-43c4-9aa9-b1d8e486fa84_2172-38,3,1,1,4,18a3840b-7463-43c4-9aa9-b1d8e486fa84_2172-38,0.7443529314301558
18ac02cb-20eb-4eed-b735-04aff3573422_38-16,2,1,1,2,18ac02cb-20eb-4eed-b735-04aff3573422_38-16,1.798318810835073
19493340-9a5c-406c-9943-712a4a4a073c_634-74,2,0,0,1,19493340-9a5c-406c-9943-712a4a4a073c_634-74,1.1331561524805582
19f2ea20-5041-4be2-bdc9-714473f16236_1915-00,0,0,0,2,19f2ea20-5041-4be2-bdc9-714473f16236_5269-91,0.9804435993582032
19f2ea20-5041-4be2-bdc9-714473f16236_2706-11,1,1,1,2,19f2ea20-5041-4be2-bdc9-714473f16236_5269-91,1.0280939728622998
19f2ea20-5041-4be2-bdc9-714473f16236_4520-57,2,0,0,2,19f2ea20-5041-4be2-bdc9-714473f16236_5269-91,0.09254465914609344
19f2ea20-5041-4be2-bdc9-714473f16236_4524-38,1,1,1,2,19f2ea20-5041-4be2-bdc9-714473f16236_5269-91,1.2124756394393814
19f2ea20-5041-4be2-bdc9-714473f16236_4525-17,1,1,1,2,19f2ea20-5041-4be2-bdc9-714473f16236_5269-91,0.6487980121324846
19f2ea20-5041-4be2-bdc9-714473f16236_5269-91,0,0,0,2,19f2ea20-5041-4be2-bdc9-714473f16236_5269-91,0.11394591655877995
1a2a8e0b-747e-43e3-9618-fc3f55f662b6_0-00,0,1,1,0,1a2a8e0b-747e-43e3-9618-fc3f55f662b6_0-00,0.8930021546302589
1a50cd38-dda2-41d0-8a6f-294f17373d97_2805-73,3,1,1,1,1a50cd38-dda2-41d0-8a6f-294f17373d97_2805-73,0.4690853007403992
1a50cd38-dda2-41d0-8a6f-294f17373d97_2829-22,2,1,1,1,1a50cd38-dda2-41d0-8a6f-294f17373d97_2805-73,0.6381715982348417
1a50cd38-dda2-41d0-8a6f-294f17373d97_3680-47,3,0,0,1,1a50cd38-dda2-41d0-8a6f-294f17373d97_2805-73,0.40339032840898237
1a7b9b5d-499a-454e-aaee-3758718fb5f2_817-59,1,1,1,4,1a7b9b5d-499a-454e-aaee-3758718fb5f2_817-59,1.3051795085290476
1a7e6155-3613-4f55-865c-00e196db0da0_3573-11,3,1,1,3,1a7e6155-3613-4f55-865c-00e196db0da0_3573-11,0.6501344347477682
1a9a07d5-70ad-4e18-9740-66ea985a527b_945-60,1,0,0,2,1a9a07d5-70ad-4e18-9740-66ea985a527b_945-60,0.3608688523082306
1aa426b2-4d83-4b56-9d3c-4616adc464c8_300-08,3,1,1,1,1aa426b2-4d83-4b56-9d3c-4616adc464c8_300-08,0.407638999144887
1acd2d5c-b0d4-4ec5-a54c-6a9c84cb11f6_23-18,3,1,1,0,1acd2d5c-b0d4-4ec5-a54c-6a9c84cb11f6_23-18,1.2191720481714778
1acd2d5c-b0d4-4ec5-a54c-6a9c84cb11f6_273-21,3,1,1,0,1acd2d5c-b0d4-4ec5-a54c-6a9c84cb11f6_23-18,0.6458684464480791
1acd2d5c-b0d4-4ec5-a54c-6a9c84cb11f6_742-55,3,1,1,0,1acd2d5c-b0d4-4ec5-a54c-6a9c84cb11f6_23-18,0.841747322184593
1acd2d5c-b0d4-4ec5-a54c-6a9c84cb11f6_773-39,0,1,1,0,1acd2d5c-b0d4-4ec5-a54c-6a9c84cb11f6_23-18,1.3219497096906072
1acd2d5c-b0d4-4ec5-a54c-6a9c84cb11f6_776-54,0,0,0,0,1acd2d5c-b0d4-4ec5-a54c-6a9c84cb11f6_23-18,1.1167607181104229
1b1acfa6-ee3b-483c-9c0a-245d70d7125f_3443-49,0,1,1,0,1b1acfa6-ee3b-483c-9c0a-245d70d7125f_3443-49,1.3322401763044662
1b4b9493-2f3b-48e2-ba96-4feb9b9e98a1_408-70,1,1,1,3,1b4b9493-2f3b-48e2-ba96-4feb9b9e98a1_408-70,0.9786148511230761
1b6c9a8b-baec-44ac-ab24-f482d0c30117_216-86,3,1,1,4,1b6c9a8b-baec-44ac-ab24-f482d0c30117_42-25,0.3961153309064973
1b6c9a8b-baec-44ac-ab24-f482d0c30117_42-25,3,1,1,4,1b6c9a8b-baec-44ac-ab24-f482d0c30117_42-25,0.6648336694019301
1bfac46e-f957-4495-9583-dbd7fa683225_823-65,2,1,1,4,1bfac46e-f957-4495-9583-dbd7fa683225_823-65,1.0171855571346038
1bfe3bec-79fd-4b1b-8738-4d313f3f79b9_355-45,2,0,0,2,1bfe3bec-79fd-4b1b-8738-4d313f3f79b9_47-86,0.0727700637715063
1bfe3bec-79fd-4b1b-8738-4d313f3f79b9_47-86,0,0,0,2,1bfe3bec-79fd-4b1b-8738-4d313f3f79b9_47-86,0.9587198126816734
1bfe3bec-79fd-4b1b-8738-4d313f3f79b9_548-41,3,1,1,2,1bfe3bec-79fd-4b1b-8738-4d313f3f79b9_47-86,2.2818671277512035
1c0ba820-4a30-47dd-852d-c30685c7051e_0-00,0,1,1,3,1c0ba820-4a30-47dd-852d-c30685c7051e_36-98,1.1151679537411419
1c0ba820-4a30-47dd-852d-c30685c7051e_36-98,0,1,1,3,1c0ba820-4a30-47dd-852d-c30685c7051e_36-98,1.2011498883522889
1c35e580-0eb1-485f-98d5-48f1f968e952_519-81,0,0,0,2,1c35e580-0eb1-485f-98d5-48f1f968e952_519-81,-0.19637358887313439
1c983176-b07a-4a69-ae51-de7829de6b6a_1090-54,1,1,1,0,1c983176-b07a-4a69-ae51-de7829de6b6a_1090-54,1.12329239407656
1c983176-b07a-4a69-ae51-de7829de6b6a_1270-21,2,1,1,0,1c983176-b07a-4a69-ae51-de7829de6b6a_1090-54,0.5246477982140219
1c983176-b07a-4a69-ae51-de7829de6b6a_261-56,2,1,1,0,1c983176-b07a-4a69-ae51-de7829de6b6a_1090-54,2.0086056949948325
1ce16a97-f614-4660-b21c-4205b33c8bab_1988-77,0,1,1,1,1ce16a97-f614-4660-b21c-4205b33c8bab_1988-77,1.2761890371276505
1ceb6ff6-da6c-4bbe-b8f1-01a5b27026ce_294-88,2,1,1,0,1ceb6ff6-da6c-4bbe-b8f1-01a5b27026ce_294-88,0.986886696929834
1de5ae42-ca61-4a76-a514-8b70c40553fc_1576-85,2,1,1,4,1de5ae42-ca61-4a76-a514-8b70c40553fc_1576-85,0.008821622099494553
1e90b2b5-5483-4ecc-b8e0-fb0bf63ccac3_3303-65,0,1,1,4,1e90b2b5-5483-4ecc-b8e0-fb0bf63ccac3_546-46,0.46612495248955543
1e90b2b5-5483-4ecc-b8e0-fb0bf63ccac3_546-46,1,0,0,4,1e90b2b5-5483-4ecc-b8e0-fb0bf63ccac3_546-46,0.05447825069421697
1e96ede3-aa85-4162-a32f-c565e5194cab_995-46,2,1,1,3,1e96ede3-aa85-4162-a32f-c565e5194cab_995-46,1.7804666028256413
1e9da62e-72ae-48d2-8b6e-00a5283d213f_1077-48,1,0,0,0,1e9da62e-72ae-48d2-8b6e-00a5283d213f_1077-48,0.06917900300982227
1e9da62e-72ae-48d2-8b6e-00a5283d213f_571-85,1,1,1,0,1e9da62e-72ae-48d2-8b6e-00a5283d213f_1077-48,-0.054964774871819166
1ea95f25-81f9-46b1-b7a1-c4ca58251c6f_1089-87,0,0,0,2,1ea95f25-81f9-46b1-b7a1-c4ca58251c6f_1359-12,-0.14031418703220422
1ea95f25-81f9-46b1-b7a1-c4ca58251c6f_1359-12,2,0,0,2,1ea95f25-81f9-46b1-b7a1-c4ca58251c6f_1359-12,1.4015210220547711
1eee4aaf-a21c-4ae5-82cd-96fdccae6742_761-92,0,1,1,3,1eee4aaf-a21c-4ae5-82cd-96fdccae6742_761-92,1.5231381022513542
1eee4aaf-a21c-4ae5-82cd-96fdccae6742_876-68,3,0,0,3,1eee4aaf-a21c-4ae5-82cd-96fdccae6742_761-92,1.2894759364792672
1eee4aaf-a21c-4ae5-82cd-96fdccae6742_917-84,3,1,1,3,1eee4aaf-a21c-4ae5-82cd-96fdccae6742_761-92,1.2739061211449287
1f216b72-21a2-4463-b5ae-13bffd779b4d_1694-44,1,0,0,0,1f216b72-21a2-4463-b5ae-13bffd779b4d_40-21,0.00897684528664855
1f216b72-21a2-4463-b5ae-13bffd779b4d_40-21,3,0,0,0,1f216b72-21a2-4463-b5ae-13bffd779b4d_40-21,-0.0327098055166668
1f4a4d13-f083-4464-8c03-5e09f55e3f63_1207-44,1,0,0,1,1f4a4d13-f083-4464-8c03-5e09f55e3f63_764-04,0.2972484727230653
1f4a4d13-f083-4464-8c03-5e09f55e3f63_125-54,3,0,0,1,1f4a4d13-f083-4464-8c03-5e09f55e3f63_764-04,1.0229750048928208
1f4a4d13-f083-4464-8c03-5e09f55e3f63_332-95,3,0,0,1,1f4a4d13-f083-4464-8c03-5e09f55e3f63_764-04,1.3298588188596405
1f4a4d13-f083-4464-8c03-5e09f55e3f63_764-04,1,0,0,1,1f4a4d13-f083-4464-8c03-5e09f55e3f63_764-04,0.6952395433395877
1f4a4d13-f083-4464-8c03-5e09f55e3f63_781-81,3,0,0,1,1f4a4d13-f083-4464-8c03-5e09f55e3f63_764-04,0.17184202321417774
1f5ca4f1-6200-4a9a-86af-150824b51f67_717-00,3,0,0,2,1f5ca4f1-6200-4a9a-86af-150824b51f67_821-58,0.7675794900732757
1f5ca4f1-6200-4a9a-86af-150824b51f67_821-58,3,0,0,2,1f5ca4f1-6200-4a9a-86af-150824b51f67_821-58,0.5856642793834128
1f61d972-e61b-4846-af3a-d09db9f111f8_1079-93,3,1,1,0,1f61d972-e61b-4846-af3a-d09db9f111f8_17-26,2.0781551265399374
1f61d972-e61b-4846-af3a-d09db9f111f8_17-26,2,0,0,0,1f61d972-e61b-4846-af3a-d09db9f111f8_17-26,-0.07514926705280223
1f6eb61d-74fa-411e-979c-2e66e71f2b7d_345-36,1,1,1,2,1f6eb61d-74fa-411e-979c-2e66e71f2b7d_501-62,1.1113674744550441
1f6eb61d-74fa-411e-979c-2e66e71f2b7d_501-62,1,1,1,2,1f6eb61d-74fa-411e-979c-2e66e71f2b7d_501-62,1.2943007893521883
1fe55d7f-85e4-4cb5-a536-7a2aa623630b_1246-18,1,1,1,2,1fe55d7f-85e4-4cb5-a536-7a2aa623630b_1246-18,0.5852533428697431
201af2e0-72dd-466c-8280-8c3dc00a7981_1276-29,1,1,1,3,201af2e0-72dd-466c-8280-8c3dc00a7981_602-53,0.5827440186291033
201af2e0-72dd-466c-8280-8c3dc00a7981_602-53,1,1,1,3,201af2e0-72dd-466c-8280-8c3dc00a7981_602-53,0.7166034924641329
20525d50-586a-4792-bfdb-fd941ee64ea9_547-93,3,0,0,1,20525d50-586a-4792-bfdb-fd941ee64ea9_547-93,-0.0273929759439675
20525d50-586a-4792-bfdb-fd941ee64ea9_89-29,1,1,1,1,20525d50-586a-4792-bfdb-fd941ee64ea9_547-93,0.40690643051522657
20c165c7-6d47-4264-8e62-9f1e643a4d03_2858-81,3,1,1,1,20c165c7-6d47-4264-8e62-9f1e643a4d03_2858-81,0.8474107324957132
2131b8e4-79b5-48f7-b092-e4a13ed96749_1086-27,1,1,1,0,2131b8e4-79b5-48f7-b092-e4a13ed96749_1086-27,1.696406205040054
2131b8e4-79b5-48f7-b092-e4a13ed96749_2003-33,2,1,1,0,2131b8e4-79b5-48f7-b092-e4a13ed96749_1086-27,1.4726799797140644
2137f7a2-dce3-4d95-859d-ad2a50b0cd09_1373-29,3,1,1,0,2137f7a2-dce3-4d95-859d-ad2a50b0cd09_1373-29,0.26603808596697776
2142bbd6-da88-4976-8668-8f21c27ed456_775-93,1,1,1,2,2142bbd6-da88-4976-8668-8f21c27ed456_775-93,0.5975592033253339
21438820-16d7-4fcd-b0d0-5def201fc65e_1321-22,3,1,1,1,21438820-16d7-4fcd-b0d0-5def201fc65e_1321-22,1.2407914163916443
214b62df-2fb1-4b0e-af9d-42b0dd37defb_1128-08,1,0,0,0,c586c267-9ac3-45d5-a9aa-6deab0b9608d_246-72,0.7412875738270754
214b62df-2fb1-4b0e-af9d-42b0dd37defb_1307-44,0,1,1,0,c586c267-9ac3-45d5-a9aa-6deab0b9608d_246-72,1.2313932869056137
214b62df-2fb1-4b0e-af9d-42b0dd37defb_138-53,3,1,1,0,c586c267-9ac3-45d5-a9aa-6deab0b9608d_246-72,0.2344799152209971
214b62df-2fb1-4b0e-af9d-42b0dd37defb_1599-71,2,1,1,0,c586c267-9ac3-45d5-a9aa-6deab0b9608d_246-72,0.2344799152209971
214b62df-2fb1-4b0e-af9d-42b0dd37defb_1955-31,3,0,0,0,c586c267-9ac3-45d5-a9aa-6deab0b9608d_246-72,0.8840719630560665
214b62df-2fb1-4b0e-af9d-42b0dd37defb_2020-07,2,1,1,0,c586c267-9ac3-45d5-a9aa-6deab0b9608d_246-72,-0.03179756111495036
214b62df-2fb1-4b0e-af9d-42b0dd37defb_2040-30,0,1,1,0,c586c267-9ac3-45d5-a9aa-6deab0b9608d_246-72,0.3643870180948743
214b62df-2fb1-4b0e-af9d-42b0dd37defb_2076-23,2,0,0,0,c586c267-9ac3-45d5-a9aa-6deab0b9608d_246-72,0.5071090691033517
214b62df-2fb1-4b0e-af9d-42b0dd37defb_2181-76,1,1,1,0,c586c267-9ac3-45d5-a9aa-6deab0b9608d_246-72,1.0559480567077255
214b62df-2fb1-4b0e-af9d-42b0dd37defb_2189-63,0,1,1,0,c586c267-9ac3-45d5-a9aa-6deab0b9608d_246-72,0.6136046487947748
214b62df-2fb1-4b0e-af9d-42b0dd37defb_800-76,3,1,1,0,c586c267-9ac3-45d5-a9aa-6deab0b9608d_246-72,1.025337666749337
225a1ffe-3e7e-4ff8-a47e-2e80989077fe_94-47,0,1,1,3,225a1ffe-3e7e-4ff8-a47e-2e80989077fe_94-47,0.7908499298462461
22653c79-369f-4a0d-a663-33a1da378fe0_245-16,0,0,0,2,421a0364-6ed6-4bd4-8db2-5de8e245c9bc_549-95,0.2339295628001974
22653c79-369f-4a0d-a663-33a1da378fe0_292-96,1,1,1,2,421a0364-6ed6-4bd4-8db2-5de8e245c9bc_549-95,2.769831535423447
22f68c6a-b8dd-44e6-b1fe-d4e619e72f59_662-18,2,0,0,0,22f68c6a-b8dd-44e6-b1fe-d4e619e72f59_662-18,-0.17572533462975337
235b49d2-b59c-4079-81cc-ad9c01dbd2df_22-56,3,0,0,3,235b49d2-b59c-4079-81cc-ad9c01dbd2df_22-56,0.605227418324201
23ac2590-b25f-4718-8c9b-89d32eb992b2_641-98,1,0,0,2,23ac2590-b25f-4718-8c9b-89d32eb992b2_641-98,0.9246102603337687
23ac3708-df1d-4bb0-a4c7-b2a66855dccb_447-26,3,1,1,1,23ac3708-df1d-4bb0-a4c7-b2a66855dccb_447-26,0.6536397602954327
23ac3708-df1d-4bb0-a4c7-b2a66855dccb_950-08,3,1,1,1,23ac3708-df1d-4bb0-a4c7-b2a66855dccb_447-26,1.6354197888540225
23ad5ebf-6223-4938-8609-d5df7afcf599_267-76,4,1,1,1,23ad5ebf-6223-4938-8609-d5df7afcf599_267-76,0.9113149613184393
243e800d-fc75-473d-b944-a95844e13a78_1602-75,1,1,1,0,243e800d-fc75-473d-b944-a95844e13a78_1602-75,0.03254634113959076
24c447b6-094f-49a6-9c20-ed594ab0da65_0-04,3,0,0,2,24c447b6-094f-49a6-9c20-ed594ab0da65_0-04,1.2041879824149246
24c447b6-094f-49a6-9c20-ed594ab0da65_947-73,1,0,0,2,24c447b6-094f-49a6-9c20-ed594ab0da65_0-04,1.4589881170740808
24e24f1f-af43-4ee5-86be-2a4d5cf772c5_194-62,0,1,1,0,24e24f1f-af43-4ee5-86be-2a4d5cf772c5_194-62,1.8933734563991558
24e24f1f-af43-4ee5-86be-2a4d5cf772c5_40-56,3,0,0,0,24e24f1f-af43-4ee5-86be-2a4d5cf772c5_194-62,0.5278721284481431
254029e5-fed4-40a7-bef1-12b9faff3202_1017-93,3,0,0,4,254029e5-fed4-40a7-bef1-12b9faff3202_1017-93,0.9093149238445517
258a7d18-4e66-4e3a-9fa0-f8daf7315a6d_1387-30,1,1,1,4,6f27deaa-7133-4bbb-b9ed-5310d6d05a50_549-73,1.187796332048829
258a7d18-4e66-4e3a-9fa0-f8daf7315a6d_1892-58,0,1,1,4,6f27deaa-7133-4bbb-b9ed-5310d6d05a50_549-73,1.7957450623312137
25ade38d-3e6b-4aa1-851d-7fbf791201c0_887-41,2,1,1,3,25ade38d-3e6b-4aa1-851d-7fbf791201c0_887-41,1.348013497802799
25beabfc-48c0-4f81-b419-c47297aecf6f_203-09,3,1,1,2,25beabfc-48c0-4f81-b419-c47297aecf6f_203-09,-0.07941817330884016
25f88143-835a-4ac9-9272-eada5dbb8440_162-66,2,0,0,1,25f88143-835a-4ac9-9272-eada5dbb8440_162-66,1.0319612613943743
26192bcd-7240-4d7b-8306-fa4eed0264f2_4935-17,1,0,0,4,26192bcd-7240-4d7b-8306-fa4eed0264f2_4935-17,0.7384652080261702
261edec2-f089-4a74-b25f-ddf32c92f90c_1105-51,3,1,1,0,261edec2-f089-4a74-b25f-ddf32c92f90c_801-93,0.9656087139490852
261edec2-f089-4a74-b25f-ddf32c92f90c_801-93,0,1,1,0,261edec2-f089-4a74-b25f-ddf32c92f90c_801-93,-0.3533793676013841
262fd2ec-8eba-44d9-8082-4d0574f7a515_1038-82,1,0,0,4,262fd2ec-8eba-44d9-8082-4d0574f7a515_3060-97,1.785883762561007
262fd2ec-8eba-44d9-8082-4d0574f7a515_1440-24,1,0,0,4,262fd2ec-8eba-44d9-8082-4d0574f7a515_3060-97,0.5398776995637151
262fd2ec-8eba-44d9-8082-4d0574f7a515_3000-11,2,0,0,4,262fd2ec-8eba-44d9-8082-4d0574f7a515_3060-97,0.7736017334032983
262fd2ec-8eba-44d9-8082-4d0574f7a515_3060-97,0,1,1,4,262fd2ec-8eba-44d9-8082-4d0574f7a515_3060-97,0.43234214674666394
2638b358-6b13-434c-bf03-a48bca96f287_636-40,0,1,1,0,2638b358-6b13-434c-bf03-a48bca96f287_636-40,0.854599167384543
2680068d-b3ae-42d8-971f-e842c2d4fbb4_1248-72,0,0,0,1,2680068d-b3ae-42d8-971f-e842c2d4fbb4_1248-72,0.5842483950566117
2680068d-b3ae-42d8-971f-e842c2d4fbb4_739-57,0,0,0,1,2680068d-b3ae-42d8-971f-e842c2d4fbb4_1248-72,1.8926610110224564
268a17eb-3f11-45d4-a671-9e0d8a637363_2969-91,2,1,1,0,44c5117d-fb5c-4fcf-b648-d7eb76d5f95a_898-38,1.7179920274326808
27f9cd4e-8b61-477c-9b63-ca3d437a0dff_250-50,2,1,1,4,27f9cd4e-8b61-477c-9b63-ca3d437a0dff_250-50,2.1212386837381354
27f9cd4e-8b61-477c-9b63-ca3d437a0dff_855-42,0,0,0,4,27f9cd4e-8b61-477c-9b63-ca3d437a0dff_250-50,-0.11611251875337092
283a15b5-59ae-4f04-9738-bf49c97496a8_102-60,2,1,1,3,283a15b5-59ae-4f04-9738-bf49c97496a8_102-60,0.3559101665142632
2859218c-84ee-4e85-833f-74255b355032_1032-03,1,1,1,4,2859218c-84ee-4e85-833f-74255b355032_1032-03,1.6501351582049661
2859218c-84ee-4e85-833f-74255b355032_2390-60,2,0,0,4,2859218c-84ee-4e85-833f-74255b355032_1032-03,0.6612396210494533
2859218c-84ee-4e85-833f-74255b355032_39-61,1,1,1,4,2859218c-84ee-4e85-833f-74255b355032_1032-03,0.26678981539393587
2859218c-84ee-4e85-833f-74255b355032_596-50,0,0,0,4,2859218c-84ee-4e85-833f-74255b355032_1032-03,-0.5049046263718766
2876b375-e848-412c-8a6f-0664cbab6a33_474-94,3,0,0,3,2876b375-e848-412c-8a6f-0664cbab6a33_474-94,0.4973331489445576
2876b375-e848-412c-8a6f-0664cbab6a33_574-54,2,0,0,3,2876b375-e848-412c-8a6f-0664cbab6a33_474-94,1.1810475442451278
287c98fa-f0a4-4944-b798-bcae618258d3_1087-69,1,0,0,2,287c98fa-f0a4-4944-b798-bcae618258d3_1087-69,0.8401373354558994
2893d559-89cb-4125-a761-3ff8e68768a9_565-53,2,1,1,3,af400f98-3c57-46ad-acac-eaca6f940180_3432-31,0.7285265725272339
2893d559-89cb-4125-a761-3ff8e68768a9_638-82,2,1,1,3,af400f98-3c57-46ad-acac-eaca6f940180_3432-31,1.984239562577098
2893d559-89cb-4125-a761-3ff8e68768a9_84-09,3,1,1,3,af400f98-3c57-46ad-acac-eaca6f940180_3432-31,1.244816090576072
2893d559-89cb-4125-a761-3ff8e68768a9_88-42,2,0,0,3,af400f98-3c57-46ad-acac-eaca6f940180_3432-31,0.6491051617035779
28ff9118-e876-497c-9901-cb89a62509fc_432-66,3,1,1,1,28ff9118-e876-497c-9901-cb89a62509fc_432-66,1.374961663793968
2911fa95-30ca-4524-8876-85a90f1fd221_19-38,2,0,0,0,2911fa95-30ca-4524-8876-85a90f1fd221_19-38,0.3541885516240382
294c8827-a667-49a5-9e7e-9c910001ce54_101-30,2,1,1,4,294c8827-a667-49a5-9e7e-9c910001ce54_101-30,1.222929845702057
29e45749-f8d5-42c7-af09-7fbb3d6697e9_876-21,1,1,1,3,29e45749-f8d5-42c7-af09-7fbb3d6697e9_876-21,0.46237142174738977
2a2ff7db-5460-4296-a8a7-946ba628226d_1549-08,2,0,0,2,2a2ff7db-5460-4296-a8a7-946ba628226d_1549-08,1.4369956119103082
2a831288-6e91-4aba-9385-f22f666fab99_525-32,0,1,1,1,2a831288-6e91-4aba-9385-f22f666fab99_525-32,1.259377455068251
2a97736a-4fff-4753-84de-e6586a5603cc_185-44,2,0,0,0,2a97736a-4fff-4753-84de-e6586a5603cc_185-44,0.3026185374033812
2a97736a-4fff-4753-84de-e6586a5603cc_2707-05,3,1,1,0,2a97736a-4fff-4753-84de-e6586a5603cc_185-44,0.7038600742276748
2a97736a-4fff-4753-84de-e6586a5603cc_2711-38,2,1,1,0,2a97736a-4fff-4753-84de-e6586a5603cc_185-44,1.4097795382974745
2a97736a-4fff-4753-84de-e6586a5603cc_2712-24,2,0,0,0,2a97736a-4fff-4753-84de-e6586a5603cc_185-44,-0.8040885269085626
2a97736a-4fff-4753-84de-e6586a5603cc_297-35,3,1,1,0,2a97736a-4fff-4753-84de-e6586a5603cc_185-44,1.20840312143492
2ac65951-49b0-4629-981e-edc34b8cdb0f_1091-69,1,1,1,3,af400f98-3c57-46ad-acac-eaca6f940180_3432-31,2.8236941674540263
2ac65951-49b0-4629-981e-edc34b8cdb0f_1349-72,2,1,1,3,af400f98-3c57-46ad-acac-eaca6f940180_3432-31,2.0999843325777006
2ac8acbc-9ea4-4bed-bbc2-aa53cc5f098a_1105-87,3,1,1,4,2ac8acbc-9ea4-4bed-bbc2-aa53cc5f098a_1105-87,1.342744198960061
2b012751-2e50-4acb-b645-c864930e92c8_1119-28,0,0,0,2,2b012751-2e50-4acb-b645-c864930e92c8_1119-28,1.6070868500973505
2b012751-2e50-4acb-b645-c864930e92c8_822-56,0,0,0,2,2b012751-2e50-4acb-b645-c864930e92c8_1119-28,0.7962684140442948
2b7ace86-149f-4354-b617-c8ebd08c5310_1416-39,2,1,1,3,2b7ace86-149f-4354-b617-c8ebd08c5310_381-65,1.972000249368574
2b7ace86-149f-4354-b617-c8ebd08c5310_381-65,1,0,0,3,2b7ace86-149f-4354-b617-c8ebd08c5310_381-65,1.3475279963006777
2c5d38ed-012f-4732-9eb8-89beddb07641_447-87,3,1,1,0,2c5d38ed-012f-4732-9eb8-89beddb07641_447-87,0.37203161212834246
2c77de23-cd87-4a41-a83c-4bdc0170f45c_80-46,1,1,1,0,2c77de23-cd87-4a41-a83c-4bdc0170f45c_80-46,1.5703993762460224
2c9a2cb8-93fd-4932-bb76-60e80822b70b_782-07,1,1,1,2,2c9a2cb8-93fd-4932-bb76-60e80822b70b_782-07,1.7637776754712289
2cc2710e-aae0-41eb-9a70-deb9217bb7ea_3646-90,0,0,0,4,2cc2710e-aae0-41eb-9a70-deb9217bb7ea_3838-38,1.0440605718538283
2cc2710e-aae0-41eb-9a70-deb9217bb7ea_3838-38,2,1,1,4,2cc2710e-aae0-41eb-9a70-deb9217bb7ea_3838-38,1.4837126639703353
2cd9a214-b950-49b6-aa04-0cfd0f85fe5f_528-48,3,0,0,0,2cd9a214-b950-49b6-aa04-0cfd0f85fe5f_528-48,0.09216046151083201
2cddb76f-24d1-4863-bd91-9a5d1922a543_1368-59,2,0,0,1,2cddb76f-24d1-4863-bd91-9a5d1922a543_1368-59,0.2721173841812823
2cddb76f-24d1-4863-bd91-9a5d1922a543_1681-29,3,1,1,1,2cddb76f-24d1-4863-bd91-9a5d1922a543_1368-59,1.3592428611140768
2d01625b-b7c4-41aa-989b-2d0b392d8b54_113-94,0,1,1,4,2d01625b-b7c4-41aa-989b-2d0b392d8b54_1323-22,1.5088065746310582
2d01625b-b7c4-41aa-989b-2d0b392d8b54_1323-22,2,0,0,4,2d01625b-b7c4-41aa-989b-2d0b392d8b54_1323-22,0.06518406719317227
2d01625b-b7c4-41aa-989b-2d0b392d8b54_195-58,1,1,1,4,2d01625b-b7c4-41aa-989b-2d0b392d8b54_1323-22,1.3029311953145566
2d01625b-b7c4-41aa-989b-2d0b392d8b54_328-63,3,1,1,4,2d01625b-b7c4-41aa-989b-2d0b392d8b54_1323-22,1.3538585008041912
2d13c92e-f43f-40f2-b603-cb749e5fee70_2243-41,2,1,1,2,421a0364-6ed6-4bd4-8db2-5de8e245c9bc_549-95,1.8687269504479351
2d1baacd-d82b-4e0c-9d85-b420fb9bde91_345-02,2,1,1,4,2d1baacd-d82b-4e0c-9d85-b420fb9bde91_345-02,0.9672990461673692
2d1bf98e-a133-4f63-bc1d-91f718078a52_337-47,3,1,1,3,2d1bf98e-a133-4f63-bc1d-91f718078a52_337-47,-0.19326087472418818
2d76e155-dcae-4fdb-be83-a37f09e699a8_46-48,3,0,0,2,2d76e155-dcae-4fdb-be83-a37f09e699a8_46-48,0.7796731673314357
2dbdd409-0be0-447c-8ae8-3f107fe9af80_1058-94,3,1,1,1,eb20bebd-41e5-4a02-aa7e-73d3da5bc97e_1624-37,1.4398094940185018
2dbdd409-0be0-447c-8ae8-3f107fe9af80_1439-37,2,1,1,1,eb20bebd-41e5-4a02-aa7e-73d3da5bc97e_1624-37,0.8193687420246578
2dbdd409-0be0-447c-8ae8-3f107fe9af80_1502-69,2,1,1,1,eb20bebd-41e5-4a02-aa7e-73d3da5bc97e_1624-37,1.38639811713789
2dbdd409-0be0-447c-8ae8-3f107fe9af80_1626-43,2,1,1,1,eb20bebd-41e5-4a02-aa7e-73d3da5bc97e_1624-37,0.8274664108030929
2dbdd409-0be0-447c-8ae8-3f107fe9af80_163-46,0,1,1,1,eb20bebd-41e5-4a02-aa7e-73d3da5bc97e_1624-37,1.053199709916903
2dbdd409-0be0-447c-8ae8-3f107fe9af80_164-34,2,1,1,1,eb20bebd-41e5-4a02-aa7e-73d3da5bc97e_1624-37,1.0068965179134877
2dbdd409-0be0-447c-8ae8-3f107fe9af80_1653-80,0,1,1,1,eb20bebd-41e5-4a02-aa7e-73d3da5bc97e_1624-37,0.05870293481592115
2dbdd409-0be0-447c-8ae8-3f107fe9af80_1697-32,2,0,0,1,eb20bebd-41e5-4a02-aa7e-73d3da5bc97e_1624-37,1.8836737848867713
2dbdd409-0be0-447c-8ae8-3f107fe9af80_1764-16,1,1,1,1,eb20bebd-41e5-4a02-aa7e-73d3da5bc97e_1624-37,0.664041516151127
2dbdd409-0be0-447c-8ae8-3f107fe9af80_1872-88,0,1,1,1,eb20bebd-41e5-4a02-aa7e-73d3da5bc97e_1624-37,-0.08148242533969996
2dbdd409-0be0-447c-8ae8-3f107fe9af80_19-50,0,1,1,1,eb20bebd-41e5-4a02-aa7e-73d3da5bc97e_1624-37,1.1916861321484602
2dbdd409-0be0-447c-8ae8-3f107fe9af80_989-72,0,0,0,1,eb20bebd-41e5-4a02-aa7e-73d3da5bc97e_1624-37,1.0847934080283423
2dfec7b6-c8b0-4cd0-baf6-4a963aed1d6a_1092-32,0,1,1,1,2dfec7b6-c8b0-4cd0-baf6-4a963aed1d6a_1906-66,2.440325862674282
2dfec7b6-c8b0-4cd0-baf6-4a963aed1d6a_1906-66,0,1,1,1,2dfec7b6-c8b0-4cd0-baf6-4a963aed1d6a_1906-66,1.029564729876214
2dff68c2-6310-4763-8d39-05a1dbe40fda_501-39,3,1,1,1,2dff68c2-6310-4763-8d39-05a1dbe40fda_501-39,1.5430932309351466
2e04b2bb-e5d3-4f66-a16e-f7756e14e749_392-62,1,1,1,0,2e04b2bb-e5d3-4f66-a16e-f7756e14e749_392-62,0.7966792490313921
2eb4e516-9d71-4b68-847e-e1b0cb339b0a_684-96,2,1,1,4,2eb4e516-9d71-4b68-847e-e1b0cb339b0a_684-96,1.1582180470900965
2ebcbb25-b099-44fa-8e8d-94d574413db9_5599-48,0,0,0,3,2ebcbb25-b099-44fa-8e8d-94d574413db9_5599-48,0.2431088933125527
2ec3c123-0a04-46d7-97d5-8b85b5e6d06f_1372-45,3,1,1,0,2ec3c123-0a04-46d7-97d5-8b85b5e6d06f_249-67,1.5003235625617544
2ec3c123-0a04-46d7-97d5-8b85b5e6d06f_249-67,0,0,0,0,2ec3c123-0a04-46d7-97d5-8b85b5e6d06f_249-67,0.5224719102054403
2ec3c123-0a04-46d7-97d5-8b85b5e6d06f_271-92,0,0,0,0,2ec3c123-0a04-46d7-97d5-8b85b5e6d06f_249-67,0.60147798412358
2ec3c123-0a04-46d7-97d5-8b85b5e6d06f_432-01,3,0,0,0,2ec3c123-0a04-46d7-97d5-8b85b5e6d06f_249-67,0.29921269195379896
2efc9b47-0a23-4247-89a6-db46dae6c998_328-94,3,1,1,2,421a0364-6ed6-4bd4-8db2-5de8e245c9bc_549-95,1.453891628138408
2efc9b47-0a23-4247-89a6-db46dae6c998_416-58,1,1,1,2,421a0364-6ed6-4bd4-8db2-5de8e245c9bc_549-95,1.6036278457941209
3024e27a-237a-4b48-8ea9-b9b16181eaf1_310-08,2,1,1,4,3024e27a-237a-4b48-8ea9-b9b16181eaf1_49-89,0.3992257387819733
3024e27a-237a-4b48-8ea9-b9b16181eaf1_49-89,2,0,0,4,3024e27a-237a-4b48-8ea9-b9b16181eaf1_49-89,0.6186977529747888
307b1878-875f-4703-bfe9-32d11d20853f_32-44,1,1,1,3,307b1878-875f-4703-bfe9-32d11d20853f_32-44,1.2416177134807047
307b1878-875f-4703-bfe9-32d11d20853f_63-96,2,1,1,3,307b1878-875f-4703-bfe9-32d11d20853f_32-44,2.3553595774229183
307b1878-875f-4703-bfe9-32d11d20853f_94-03,0,1,1,3,307b1878-875f-4703-bfe9-32d11d20853f_32-44,0.819305690347204
3091004e-8606-417e-8bc2-7922f951845f_1921-59,0,0,0,3,3091004e-8606-417e-8bc2-7922f951845f_73-46,0.04255273102532131
3091004e-8606-417e-8bc2-7922f951845f_73-46,1,1,1,3,3091004e-8606-417e-8bc2-7922f951845f_73-46,1.0059209294354543
31254977-d873-4b22-ba1a-aca3fe028ba8_233-94,1,1,1,1,31254977-d873-4b22-ba1a-aca3fe028ba8_233-94,0.9839441318162827
313cc9d1-c87f-44ec-9900-3ee8d75389be_148-43,0,1,1,2,313cc9d1-c87f-44ec-9900-3ee8d75389be_148-43,0.35269717965430303
3178c414-453e-44e9-b192-67dba2ccc982_1088-81,2,1,1,4,3178c414-453e-44e9-b192-67dba2ccc982_565-83,1.1332852905736046
3178c414-453e-44e9-b192-67dba2ccc982_565-83,2,1,1,4,3178c414-453e-44e9-b192-67dba2ccc982_565-83,2.4500565530966205
31818126-5e0f-4b01-b532-1514587bceec_1514-30,1,0,0,0,31818126-5e0f-4b01-b532-1514587bceec_1514-30,0.9486876075760549
31bb1175-5459-4812-bb9e-f9300e2733f1_3549-55,1,0,0,1,31bb1175-5459-4812-bb9e-f9300e2733f1_3549-55,0.14821549103471376
31bb1175-5459-4812-bb9e-f9300e2733f1_3707-13,3,0,0,1,31bb1175-5459-4812-bb9e-f9300e2733f1_3549-55,0.6951930197071021
324ec8a1-3bd1-46b6-9abb-a824e53c0879_1801-82,2,1,1,4,324ec8a1-3bd1-46b6-9abb-a824e53c0879_1801-82,0.44044920470981497
32c34069-0111-4d89-9e55-1c68f18705ad_8758-17,0,1,1,3,32c34069-0111-4d89-9e55-1c68f18705ad_8758-17,0.10533040218207002
330c1e0d-b71a-452e-8b68-fdb96fa8a6ca_1228-35,2,1,1,2,330c1e0d-b71a-452e-8b68-fdb96fa8a6ca_1228-35,1.801166938008444
342cb558-ab3e-4b04-8169-a68bbf06a448_1575-74,1,0,0,4,342cb558-ab3e-4b04-8169-a68bbf06a448_1575-74,0.22412423844193685
343f8d57-6331-40f3-823c-2aee4d5cc10f_1162-80,0,0,0,4,343f8d57-6331-40f3-823c-2aee4d5cc10f_1162-80,0.015984461110974513
343f8d57-6331-40f3-823c-2aee4d5cc10f_686-43,2,1,1,4,343f8d57-6331-40f3-823c-2aee4d5cc10f_1162-80,-0.2087403944928241
3455a3f3-1657-46bb-ae42-52d16ec5ffaa_4842-46,2,1,1,0,3455a3f3-1657-46bb-ae42-52d16ec5ffaa_4842-46,1.6545555629309403
3455a3f3-1657-46bb-ae42-52d16ec5ffaa_6236-63,0,1,1,0,3455a3f3-1657-46bb-ae42-52d16ec5ffaa_4842-46,2.555826318673498
3455a3f3-1657-46bb-ae42-52d16ec5ffaa_959-38,2,1,1,0,3455a3f3-1657-46bb-ae42-52d16ec5ffaa_4842-46,-0.16641818237274486
34590a11-c136-4423-bdc4-c6a45221e546_565-25,1,1,1,1,34590a11-c136-4423-bdc4-c6a45221e546_565-25,1.1130444977380434
348180aa-c90b-463a-8b3f-0743469a8b59_3591-71,2,1,1,1,348180aa-c90b-463a-8b3f-0743469a8b59_7135-61,0.15432028140281795
348180aa-c90b-463a-8b3f-0743469a8b59_5526-16,0,1,1,1,348180aa-c90b-463a-8b3f-0743469a8b59_7135-61,2.382397582060884
348180aa-c90b-463a-8b3f-0743469a8b59_7126-75,3,0,0,1,348180aa-c90b-463a-8b3f-0743469a8b59_7135-61,0.06979713068315463
348180aa-c90b-463a-8b3f-0743469a8b59_7135-61,1,0,0,1,348180aa-c90b-463a-8b3f-0743469a8b59_7135-61,-0.218260528495398
348f0f69-cd49-4c00-af91-f1765155e858_1084-90,2,0,0,1,348f0f69-cd49-4c00-af91-f1765155e858_1127-21,0.15139779052704383
348f0f69-cd49-4c00-af91-f1765155e858_1127-21,1,0,0,1,348f0f69-cd49-4c00-af91-f1765155e858_1127-21,-0.18250785016472348
356661f5-767b-495d-95c7-03dcc46f85c6_1826-46,3,1,1,0,356661f5-767b-495d-95c7-03dcc46f85c6_1860-68,-0.29260344304490826
356661f5-767b-495d-95c7-03dcc46f85c6_1858-56,0,0,0,0,356661f5-767b-495d-95c7-03dcc46f85c6_1860-68,0.16179807115449352
356661f5-767b-495d-95c7-03dcc46f85c6_1860-68,0,1,1,0,356661f5-767b-495d-95c7-03dcc46f85c6_1860-68,1.4261467168384878
356dd07e-8165-494c-9be8-b82d314bf88d_895-74,1,0,0,0,356dd07e-8165-494c-9be8-b82d314bf88d_895-74,0.08969138354307948
3588502f-e1c1-426c-81d6-6fac28e6c81a_531-41,0,1,1,4,3588502f-e1c1-426c-81d6-6fac28e6c81a_531-41,1.4598312535148077
358b4617-283d-48df-bfd8-523cbb525b5d_227-18,0,0,0,3,358b4617-283d-48df-bfd8-523cbb525b5d_227-18,0.1264890717588052
358e65ba-1ce0-46f6-a1b4-1c85569ef628_3143-38,0,0,0,1,358e65ba-1ce0-46f6-a1b4-1c85569ef628_3143-38,1.0346440367586605
35ab724d-5dba-4094-927b-e7bc5ad8cf41_56-56,4,1,1,4,35ab724d-5dba-4094-927b-e7bc5ad8cf41_56-56,1.5501073582603317
35b1a8c7-80fd-402f-b240-768926b7bcee_285-73,1,1,1,2,35b1a8c7-80fd-402f-b240-768926b7bcee_562-55,1.395875968307013
35b1a8c7-80fd-402f-b240-768926b7bcee_562-55,1,1,1,2,35b1a8c7-80fd-402f-b240-768926b7bcee_562-55,0.5503096484913246
35b37e37-6bb1-4131-be37-693e9b794a97_1345-02,3,1,1,3,35b37e37-6bb1-4131-be37-693e9b794a97_1345-02,0.1614666393912072
35d92405-7ebf-4e54-8b9a-7cce8af30a79_63-09,2,1,1,2,35d92405-7ebf-4e54-8b9a-7cce8af30a79_63-09,0.5319933340631038
35e004f4-ad64-4835-9358-38a58b431252_2629-86,4,0,0,4,35e004f4-ad64-4835-9358-38a58b431252_2629-86,0.3428569181239596
3625b3d9-e323-4c05-a27a-aba79f01a5bd_18-58,2,0,0,3,3625b3d9-e323-4c05-a27a-aba79f01a5bd_18-58,-0.0958199041261214
3639ab8f-880a-45bd-b8a9-6ef6bdaad4ff_355-03,0,1,1,2,3639ab8f-880a-45bd-b8a9-6ef6bdaad4ff_355-03,0.7877029624598917
366b71ad-3f35-4704-b6ef-e793c7e73ac6_1040-50,0,1,1,2,366b71ad-3f35-4704-b6ef-e793c7e73ac6_1040-50,1.1071593413867826
366b71ad-3f35-4704-b6ef-e793c7e73ac6_1178-68,2,1,1,2,366b71ad-3f35-4704-b6ef-e793c7e73ac6_1040-50,0.7316004532970313
366b71ad-3f35-4704-b6ef-e793c7e73ac6_15-36,0,1,1,2,366b71ad-3f35-4704-b6ef-e793c7e73ac6_1040-50,0.30271832072105975
366b71ad-3f35-4704-b6ef-e793c7e73ac6_41-78,3,1,1,2,366b71ad-3f35-4704-b6ef-e793c7e73ac6_1040-50,-0.10473452440256126
36baa5a9-16bf-4ad6-b011-4d7daae6b8f9_1264-03,3,1,1,2,36baa5a9-16bf-4ad6-b011-4d7daae6b8f9_641-91,0.7661005036032758
36baa5a9-16bf-4ad6-b011-4d7daae6b8f9_423-57,1,0,0,2,36baa5a9-16bf-4ad6-b011-4d7daae6b8f9_641-91,0.19649959886882162
36baa5a9-16bf-4ad6-b011-4d7daae6b8f9_641-91,2,0,0,2,36baa5a9-16bf-4ad6-b011-4d7daae6b8f9_641-91,0.77419659428694
375ca7e7-1e3c-4159-9f7f-4691ef11f322_68-87,0,1,1,1,375ca7e7-1e3c-4159-9f7f-4691ef11f322_70-62,0.2128689432753892
375ca7e7-1e3c-4159-9f7f-4691ef11f322_70-62,2,0,0,1,375ca7e7-1e3c-4159-9f7f-4691ef11f322_70-62,0.6578952953453119
3761fbb4-3e0e-4b15-a277-fec95edacf04_1783-59,1,0,0,0,3761fbb4-3e0e-4b15-a277-fec95edacf04_4702-37,0.12039285452630155
3761fbb4-3e0e-4b15-a277-fec95edacf04_2287-87,1,1,1,0,3761fbb4-3e0e-4b15-a277-fec95edacf04_4702-37,2.6165452517966603
3761fbb4-3e0e-4b15-a277-fec95edacf04_2288-64,3,1,1,0,3761fbb4-3e0e-4b15-a277-fec95edacf04_4702-37,0.0039027275808714013
3761fbb4-3e0e-4b15-a277-fec95edacf04_4702-37,3,1,1,0,3761fbb4-3e0e-4b15-a277-fec95edacf04_4702-37,0.9408118258868883
378af037-7200-4d75-8f83-ddc74e1cd2dc_3193-87,4,1,1,0,378af037-7200-4d75-8f83-ddc74e1cd2dc_3193-87,1.3915518488832666
378af037-7200-4d75-8f83-ddc74e1cd2dc_3511-24,1,0,0,0,378af037-7200-4d75-8f83-ddc74e1cd2dc_3193-87,0.3529447422231011
381c4c64-a697-42ab-90ab-a515740bf484_1318-72,0,0,0,4,381c4c64-a697-42ab-90ab-a515740bf484_1318-72,1.8674208432619883
381c4c64-a697-42ab-90ab-a515740bf484_578-95,2,1,1,4,381c4c64-a697-42ab-90ab-a515740bf484_1318-72,1.091006152851775
38737402-19bd-4689-9e74-3af391b15feb_1017-05,3,1,1,3,38737402-19bd-4689-9e74-3af391b15feb_1017-05,0.903124376580329
38737402-19bd-4689-9e74-3af391b15feb_1338-80,0,1,1,3,38737402-19bd-4689-9e74-3af391b15feb_1017-05,1.181897745224594
38737402-19bd-4689-9e74-3af391b15feb_1424-12,1,0,0,3,38737402-19bd-4689-9e74-3af391b15feb_1017-05,1.0841741311525304
38737402-19bd-4689-9e74-3af391b15feb_650-15,3,0,0,3,38737402-19bd-4689-9e74-3af391b15feb_1017-05,0.5950828256325937
38788778-0822-4c9c-b51e-5bce8a765a97_83-68,2,1,1,0,38788778-0822-4c9c-b51e-5bce8a765a97_83-68,0.7149831775263413
38788778-0822-4c9c-b51e-5bce8a765a97_91-28,3,1,1,0,38788778-0822-4c9c-b51e-5bce8a765a97_83-68,0.011054295306136996
38a66acf-33c8-4ed5-b814-7322087b2e21_2113-44,0,0,0,4,38a66acf-33c8-4ed5-b814-7322087b2e21_835-53,0.7452973905478242
38a66acf-33c8-4ed5-b814-7322087b2e21_4267-76,0,0,0,4,38a66acf-33c8-4ed5-b814-7322087b2e21_835-53,0.8328797378224242
38a66acf-33c8-4ed5-b814-7322087b2e21_835-53,2,1,1,4,38a66acf-33c8-4ed5-b814-7322087b2e21_835-53,0.9078248755398555
38a7b760-56f9-4565-8b70-f8dad5768ace_296-28,3,0,0,1,38a7b760-56f9-4565-8b70-f8dad5768ace_296-28,0.7657717322636526
38a8d256-8d63-4f28-8837-ebd80dcd10e7_227-55,2,1,1,0,38a8d256-8d63-4f28-8837-ebd80dcd10e7_227-55,1.604920138156901
38b56399-3b1c-421d-8a80-1e5f54fcd667_0-84,0,1,1,4,38b56399-3b1c-421d-8a80-1e5f54fcd667_0-84,0.2645812358056021
38b56399-3b1c-421d-8a80-1e5f54fcd667_806-77,2,0,0,4,38b56399-3b1c-421d-8a80-1e5f54fcd667_0-84,-0.26960073269763507
38b6d0fe-e317-47a1-8fa3-87e7a4a21183_375-27,1,1,1,1,38b6d0fe-e317-47a1-8fa3-87e7a4a21183_375-27,1.235301889140813
38b6d0fe-e317-47a1-8fa3-87e7a4a21183_80-19,0,1,1,1,38b6d0fe-e317-47a1-8fa3-87e7a4a21183_375-27,0.9003958595832635
39208fca-0c54-48e9-b4f3-b4803bb67661_3315-32,2,1,1,4,39208fca-0c54-48e9-b4f3-b4803bb67661_3315-32,0.6066489001412196
3925576b-6900-4112-8620-8739de771da9_2447-44,3,1,1,3,3925576b-6900-4112-8620-8739de771da9_2447-44,1.0246199611800149
39a53568-d759-4f19-ac19-bc4ba29b5c17_726-07,3,0,0,2,39a53568-d759-4f19-ac19-bc4ba29b5c17_726-07,0.10073759856404707
39af7641-e376-4a99-977f-4d7f746e14ba_79-79,2,0,0,1,39af7641-e376-4a99-977f-4d7f746e14ba_79-79,-0.04167697827298067
39d0559a-d1e8-4fca-b7f4-db87bbbbde7e_857-69,2,0,0,0,39d0559a-d1e8-4fca-b7f4-db87bbbbde7e_857-69,0.9386216713662798
39d1462e-506c-482b-9c9e-a94cffd71563_2316-87,2,1,1,4,39d1462e-506c-482b-9c9e-a94cffd71563_2316-87,1.0136522887252015
3a53bfdc-daf7-4bbc-bb9f-af449021d237_1629-28,1,0,0,3,3a53bfdc-daf7-4bbc-bb9f-af449021d237_1629-28,-0.5085383696905061
3a718f0f-a85e-4461-b5bc-94c5a8d300a8_648-56,0,1,1,2,3a718f0f-a85e-4461-b5bc-94c5a8d300a8_648-56,-0.2432437554478295
3a839ee1-2391-43bb-a253-c2c45d753bac_271-43,1,1,1,1,3a839ee1-2391-43bb-a253-c2c45d753bac_271-43,0.339946613089418
3a9a814d-222f-4712-97b4-a71d9f8b5a4a_277-20,3,0,0,1,3a9a814d-222f-4712-97b4-a71d9f8b5a4a_288-34,0.7260000659567634
3a9a814d-222f-4712-97b4-a71d9f8b5a4a_288-34,1,1,1,1,3a9a814d-222f-4712-97b4-a71d9f8b5a4a_288-34,-0.20167495681202863
3ab744ba-9969-452c-a825-38affebd4139_13-22,0,1,1,2,3ab744ba-9969-452c-a825-38affebd4139_319-13,-0.17102464402087958
3ab744ba-9969-452c-a825-38affebd4139_319-13,3,1,1,2,3ab744ba-9969-452c-a825-38affebd4139_319-13,0.8650790329034264
3ae05e5a-f724-41e8-9000-90b7dd31379b_288-48,3,0,0,0,3ae05e5a-f724-41e8-9000-90b7dd31379b_288-48,0.6598237308764436
3b021bad-6945-4be2-a7db-44af3db1eae8_2667-18,0,0,0,4,3b021bad-6945-4be2-a7db-44af3db1eae8_2667-18,0.9524729906347416
3b342c9c-eb30-4cc6-8ced-53c4fb7b3a8d_290-89,3,1,1,1,3b342c9c-eb30-4cc6-8ced-53c4fb7b3a8d_290-89,0.3835891658084354
3b342c9c-eb30-4cc6-8ced-53c4fb7b3a8d_783-98,2,0,0,1,3b342c9c-eb30-4cc6-8ced-53c4fb7b3a8d_290-89,0.011147887390334343
3b3ecf0c-ee8d-4518-bf1c-3301ba44c743_226-48,1,1,1,3,3b3ecf0c-ee8d-4518-bf1c-3301ba44c743_226-48,1.3827734128589564
3be8d10c-8e88-4f29-af13-6eab7b509ed8_7-19,3,1,1,2,3be8d10c-8e88-4f29-af13-6eab7b509ed8_7-19,0.7096544187348486
3c54ff87-27c0-4ab8-b934-4f0289221bff_279-60,2,0,0,1,3c54ff87-27c0-4ab8-b934-4f0289221bff_279-60,1.1867793940894187
3c5841d6-8d79-4aa7-b020-bbb6ef114b42_402-54,4,1,1,0,3c5841d6-8d79-4aa7-b020-bbb6ef114b42_402-54,0.908290355779303
3c9b7fa8-5588-46a7-aafa-0a1404bfbbd7_1020-57,0,1,1,1,3c9b7fa8-5588-46a7-aafa-0a1404bfbbd7_1020-57,1.0934223953478488
3c9ce1b1-9eaa-4e3d-9ebb-91f9d904178e_1420-03,0,1,1,3,af400f98-3c57-46ad-acac-eaca6f940180_3432-31,0.1077549794664232
3c9ce1b1-9eaa-4e3d-9ebb-91f9d904178e_2345-99,0,0,0,3,af400f98-3c57-46ad-acac-eaca6f940180_3432-31,-0.091561138201262
3c9ce1b1-9eaa-4e3d-9ebb-91f9d904178e_2453-52,2,1,1,3,af400f98-3c57-46ad-acac-eaca6f940180_3432-31,2.111971209624885
3ce37765-7d70-4dd6-991c-a83286ba05b2_1423-56,0,1,1,2,3ce37765-7d70-4dd6-991c-a83286ba05b2_1423-56,0.8340751632298318
3ce37765-7d70-4dd6-991c-a83286ba05b2_1423-60,1,0,0,2,3ce37765-7d70-4dd6-991c-a83286ba05b2_1423-56,0.5957971080011712
3d93c92c-8c12-4972-9f29-c8bef5c321ba_1742-89,1,0,0,3,3d93c92c-8c12-4972-9f29-c8bef5c321ba_1742-89,1.755243554510532
3d93c92c-8c12-4972-9f29-c8bef5c321ba_832-45,3,1,1,3,3d93c92c-8c12-4972-9f29-c8bef5c321ba_1742-89,0.9107965781482232
3d98a5d2-a34b-499e-98f2-9195f300394a_3004-17,1,0,0,2,3d98a5d2-a34b-499e-98f2-9195f300394a_3004-17,1.607017297477507
3dbe950d-163c-40a4-9590-494748e1dd39_1644-63,1,0,0,1,3dbe950d-163c-40a4-9590-494748e1dd39_1644-63,0.7479569267269583
3dbe950d-163c-40a4-9590-494748e1dd39_6666-20,1,1,1,1,3dbe950d-163c-40a4-9590-494748e1dd39_1644-63,0.04152343718428697
3dd00666-a34d-4b45-bb4c-7a4c2342e475_1264-75,2,1,1,3,3dd00666-a34d-4b45-bb4c-7a4c2342e475_1264-75,1.9357963496396124
3dd08c84-ee0a-4fa6-a859-98fd969ec720_1276-65,1,0,0,0,3dd08c84-ee0a-4fa6-a859-98fd969ec720_1276-65,0.11578769502174957
3dd08c84-ee0a-4fa6-a859-98fd969ec720_518-21,0,1,1,0,3dd08c84-ee0a-4fa6-a859-98fd969ec720_1276-65,-0.43057788789389684
3de48a49-665d-4c1b-9655-82532e108e6a_1393-69,0,1,1,1,3de48a49-665d-4c1b-9655-82532e108e6a_1393-69,0.12821910873697395
3de48a49-665d-4c1b-9655-82532e108e6a_1395-29,3,0,0,1,3de48a49-665d-4c1b-9655-82532e108e6a_1393-69,1.1203245499324972
3decc0f8-9806-40dd-83d5-26c495dd7830_2268-25,3,0,0,2,3decc0f8-9806-40dd-83d5-26c495dd7830_5147-61,0.11613004177253172
3decc0f8-9806-40dd-83d5-26c495dd7830_5147-61,3,1,1,2,3decc0f8-9806-40dd-83d5-26c495dd7830_5147-61,2.1518867089250655
3df50de7-7ef7-4938-9cdb-fb2d07751084_666-85,2,0,0,3,3df50de7-7ef7-4938-9cdb-fb2d07751084_666-85,0.9321890534313237
3e418323-3ff7-4d03-9b60-275f1e20f5dc_315-49,1,1,1,3,3e418323-3ff7-4d03-9b60-275f1e20f5dc_589-19,2.1693352173728266
3e418323-3ff7-4d03-9b60-275f1e20f5dc_589-19,0,0,0,3,3e418323-3ff7-4d03-9b60-275f1e20f5dc_589-19,0.13929024438695903
3ea1662a-6766-4bc9-8d42-9b48d4e8384c_132-89,2,0,0,1,3ea1662a-6766-4bc9-8d42-9b48d4e8384c_132-89,-0.6333885004615623
3efc152d-ea0e-4372-b552-7d5e1cf07259_14658-02,0,1,1,1,3efc152d-ea0e-4372-b552-7d5e1cf07259_6116-76,0.17970339168522909
3efc152d-ea0e-4372-b552-7d5e1cf07259_6116-76,1,1,1,1,3efc152d-ea0e-4372-b552-7d5e1cf07259_6116-76,0.22509030220041293
3efc152d-ea0e-4372-b552-7d5e1cf07259_6416-63,1,0,0,1,3efc152d-ea0e-4372-b552-7d5e1cf07259_6116-76,0.5809144319566963
3f292ce2-fb0d-477e-b6b5-18c6ef38366e_2018-00,1,1,1,1,3f292ce2-fb0d-477e-b6b5-18c6ef38366e_2018-00,0.7285174074088643
3f292ce2-fb0d-477e-b6b5-18c6ef38366e_889-07,0,1,1,1,3f292ce2-fb0d-477e-b6b5-18c6ef38366e_2018-00,1.830886657217259
3f712a5b-c1cf-4f2a-b0ab-ca0e2e4f0e3c_1166-83,1,1,1,4,3f712a5b-c1cf-4f2a-b0ab-ca0e2e4f0e3c_1166-83,1.5839369778580474
3f712a5b-c1cf-4f2a-b0ab-ca0e2e4f0e3c_119-87,0,0,0,4,3f712a5b-c1cf-4f2a-b0ab-ca0e2e4f0e3c_1166-83,1.4299814074560873
3f7f5927-02e7-42ea-a31a-edea41bc17f9_565-60,0,1,1,0,3f7f5927-02e7-42ea-a31a-edea41bc17f9_565-60,0.6266094935121864
3f8dbb4f-ad5e-4d54-bf95-3ddbe968a85d_27-63,2,0,0,4,3f8dbb4f-ad5e-4d54-bf95-3ddbe968a85d_27-63,-0.40600534227412344
3fb410d6-e5aa-49d3-b184-75ec9651550f_2226-52,3,1,1,3,3fb410d6-e5aa-49d3-b184-75ec9651550f_2226-52,-0.2834396538687014
3ffb9247-a141-4056-a644-dd3fbab708a4_364-69,1,0,0,2,3ffb9247-a141-4056-a644-dd3fbab708a4_364-69,0.906249590982187
3ffeedef-3088-4e70-a21d-3578f07546a2_2438-39,0,1,1,3,3ffeedef-3088-4e70-a21d-3578f07546a2_2438-39,1.4364340674458511
3ffeedef-3088-4e70-a21d-3578f07546a2_632-12,1,0,0,3,3ffeedef-3088-4e70-a21d-3578f07546a2_2438-39,0.491277384996047
3fffb452-1c17-43fa-b473-c9e19ac21433_2774-23,3,1,1,1,3fffb452-1c17-43fa-b473-c9e19ac21433_2774-23,1.134367979644731
4065f62a-faae-4926-aee8-1d5bf73661a3_2321-27,2,0,0,3,4065f62a-faae-4926-aee8-1d5bf73661a3_382-42,1.280116735451404
4065f62a-faae-4926-aee8-1d5bf73661a3_382-42,2,1,1,3,4065f62a-faae-4926-aee8-1d5bf73661a3_382-42,1.7515889397727789
406f3614-0b99-4b3f-b3cb-a4590bad9e27_288-93,1,0,0,0,406f3614-0b99-4b3f-b3cb-a4590bad9e27_811-10,0.9326110629780149
406f3614-0b99-4b3f-b3cb-a4590bad9e27_811-10,0,1,1,0,406f3614-0b99-4b3f-b3cb-a4590bad9e27_811-10,0.4739978819491766
407df63f-c7a8-4c18-aa0f-b8e6ae16a938_620-12,3,1,1,0,407df63f-c7a8-4c18-aa0f-b8e6ae16a938_620-12,1.7052761337938724
408acdc8-c286-482b-91ba-3fcda24fedc3_1554-86,1,1,1,4,408acdc8-c286-482b-91ba-3fcda24fedc3_1554-86,1.4035362374160667
40b33c95-3689-4ec8-8765-7e926f623b75_1593-37,4,1,1,2,40b33c95-3689-4ec8-8765-7e926f623b75_1593-37,-0.35278268433145965
40b33c95-3689-4ec8-8765-7e926f623b75_530-94,2,0,0,2,40b33c95-3689-4ec8-8765-7e926f623b75_1593-37,0.7949615652707611
40b33c95-3689-4ec8-8765-7e926f623b75_726-75,0,1,1,2,40b33c95-3689-4ec8-8765-7e926f623b75_1593-37,1.9159403966387787
40f3258a-f7d8-4b05-8b6a-bd9f8d5b85fb_792-58,1,1,1,2,40f3258a-f7d8-4b05-8b6a-bd9f8d5b85fb_792-58,0.9382378490070162
41c32675-1cc9-47f2-82e5-5ef1eacb720b_92-49,3,1,1,3,41c32675-1cc9-47f2-82e5-5ef1eacb720b_92-49,-0.054078541877063735
41ebc581-9f9a-44d5-9c73-8bf287c43856_3353-58,0,1,1,1,41ebc581-9f9a-44d5-9c73-8bf287c43856_3353-58,1.172218500981803
4209376c-04be-47f0-b905-835fedde4cd0_5602-77,3,1,1,0,4209376c-04be-47f0-b905-835fedde4cd0_5602-77,1.0379880265527976
421a0364-6ed6-4bd4-8db2-5de8e245c9bc_455-02,0,1,1,2,421a0364-6ed6-4bd4-8db2-5de8e245c9bc_549-95,0.9064488179286592
421a0364-6ed6-4bd4-8db2-5de8e245c9bc_549-95,2,1,1,2,421a0364-6ed6-4bd4-8db2-5de8e245c9bc_549-95,1.315311464490379
42263a6a-e984-4dd9-82db-a43d6e879c8f_528-58,1,1,1,2,42263a6a-e984-4dd9-82db-a43d6e879c8f_828-54,0.8608497788228759
42263a6a-e984-4dd9-82db-a43d6e879c8f_828-54,4,1,1,2,42263a6a-e984-4dd9-82db-a43d6e879c8f_828-54,0.2905707261770496
426eb9d9-d4cf-4acc-9efb-979f61a5be91_785-24,0,1,1,4,426eb9d9-d4cf-4acc-9efb-979f61a5be91_785-24,1.6770151457162408
428a80ce-ccc8-46e3-9cbb-419d224f148a_1420-33,2,0,0,3,428a80ce-ccc8-46e3-9cbb-419d224f148a_679-57,0.25662626680273104
428a80ce-ccc8-46e3-9cbb-419d224f148a_679-57,0,1,1,3,428a80ce-ccc8-46e3-9cbb-419d224f148a_679-57,1.0757170300989738
42c08776-8832-4d37-8844-3ce89e405c62_1474-11,2,0,0,3,42c08776-8832-4d37-8844-3ce89e405c62_1474-11,1.4890047785474476
42d72164-8f4a-49e4-8b95-b3ad423ba65b_1273-76,1,1,1,3,42d72164-8f4a-49e4-8b95-b3ad423ba65b_81-84,0.9664557206236519
42d72164-8f4a-49e4-8b95-b3ad423ba65b_1368-26,1,1,1,3,42d72164-8f4a-49e4-8b95-b3ad423ba65b_81-84,0.5752333212821503
42d72164-8f4a-49e4-8b95-b3ad423ba65b_138-24,3,1,1,3,42d72164-8f4a-49e4-8b95-b3ad423ba65b_81-84,0.5657120521301098
42d72164-8f4a-49e4-8b95-b3ad423ba65b_149-58,2,0,0,3,42d72164-8f4a-49e4-8b95-b3ad423ba65b_81-84,0.537952668288723
42d72164-8f4a-49e4-8b95-b3ad423ba65b_1575-60,2,0,0,3,42d72164-8f4a-49e4-8b95-b3ad423ba65b_81-84,0.020416300260664322
42d72164-8f4a-49e4-8b95-b3ad423ba65b_81-84,2,1,1,3,42d72164-8f4a-49e4-8b95-b3ad423ba65b_81-84,0.07038576083926262
4335b0cc-e10c-45df-aad3-a1fa66b7a7a8_2029-73,1,0,0,2,4335b0cc-e10c-45df-aad3-a1fa66b7a7a8_2029-73,2.1911982041443743
434a5651-9901-4b32-b782-d9a2bb52e805_711-02,4,0,0,1,434a5651-9901-4b32-b782-d9a2bb52e805_711-02,0.2161904685797693
439cfa9c-ef6b-41ba-aa5d-2f40b195b374_1380-00,3,1,1,0,439cfa9c-ef6b-41ba-aa5d-2f40b195b374_1380-00,-0.1321550801295024
43d83207-9c41-46aa-90c9-e30a6194be11_354-50,1,1,1,4,43d83207-9c41-46aa-90c9-e30a6194be11_354-50,0.32756163088425905
43da1507-f497-4393-85a0-08196c04e16b_2646-34,4,1,1,4,43da1507-f497-4393-85a0-08196c04e16b_2646-34,0.7049636709995153
44327c5e-9442-4334-b675-8019df3678af_2165-30,1,0,0,0,44327c5e-9442-4334-b675-8019df3678af_2165-30,0.7330991743522945
444a032d-faef-447e-a5dd-c3c8386672b6_215-22,0,1,1,3,444a032d-faef-447e-a5dd-c3c8386672b6_215-22,0.5515804319420636
4469a684-b4f9-4b50-a26f-2943f477a420_980-96,3,1,1,2,4469a684-b4f9-4b50-a26f-2943f477a420_980-96,0.4578003665090322
449763d0-a924-40a4-8830-01e7028f9428_3059-66,0,1,1,3,449763d0-a924-40a4-8830-01e7028f9428_3059-66,0.5019200210988866
449763d0-a924-40a4-8830-01e7028f9428_3694-63,0,1,1,3,449763d0-a924-40a4-8830-01e7028f9428_3059-66,-0.23228405626073334
449e14cf-f05e-42ac-bb7e-0ba87617f95a_582-28,0,1,1,2,449e14cf-f05e-42ac-bb7e-0ba87617f95a_582-28,0.1551659864791355
44a65997-a52f-4e79-b4bf-cc1d74e39bc2_143-93,3,1,1,1,44a65997-a52f-4e79-b4bf-cc1d74e39bc2_143-93,1.839950570838693
44c5117d-fb5c-4fcf-b648-d7eb76d5f95a_1424-15,0,1,1,0,44c5117d-fb5c-4fcf-b648-d7eb76d5f95a_898-38,1.8739067595234213
44c5117d-fb5c-4fcf-b648-d7eb76d5f95a_898-38,1,1,1,0,44c5117d-fb5c-4fcf-b648-d7eb76d5f95a_898-38,0.5745686032325699
45c274b8-54e6-4187-9fd9-73c0b0ada28d_109-66,1,1,1,0,45c274b8-54e6-4187-9fd9-73c0b0ada28d_109-66,1.3721621519175211
45c274b8-54e6-4187-9fd9-73c0b0ada28d_1281-25,0,1,1,0,45c274b8-54e6-4187-9fd9-73c0b0ada28d_109-66,1.0194152416923035
45ed20a0-ba4b-41f2-9498-6084fc15d1e3_113-72,0,1,1,1,45ed20a0-ba4b-41f2-9498-6084fc15d1e3_113-72,0.5925167381664214
45f5f3df-072e-4869-b332-cfc3652092b2_997-48,3,1,1,3,45f5f3df-072e-4869-b332-cfc3652092b2_997-48,-0.07264028004016532
4651e5c2-4371-4af2-8f05-cb8b0b1ec7fd_233-33,0,0,0,4,4651e5c2-4371-4af2-8f05-cb8b0b1ec7fd_233-33,0.44396790598598423
46c3b557-dbda-4868-a9c8-43741d5815e1_288-99,0,0,0,3,46c3b557-dbda-4868-a9c8-43741d5815e1_288-99,1.0997879477139898
470499d1-e015-4d45-a858-ca3e9566085e_2490-62,1,1,1,1,470499d1-e015-4d45-a858-ca3e9566085e_2861-64,0.9916862692719077
470499d1-e015-4d45-a858-ca3e9566085e_2861-64,1,1,1,1,470499d1-e015-4d45-a858-ca3e9566085e_2861-64,-0.10298950526721251
470499d1-e015-4d45-a858-ca3e9566085e_961-34,1,0,0,1,470499d1-e015-4d45-a858-ca3e9566085e_2861-64,1.0497789675119866
4756ab70-a3dc-4855-b015-70fd744ea8e8_82-91,1,1,1,0,4756ab70-a3dc-4855-b015-70fd744ea8e8_82-91,0.7092228171849819
4767de01-96e1-4cf4-80f4-1c9d3acd26ed_650-13,1,0,0,1,4767de01-96e1-4cf4-80f4-1c9d3acd26ed_650-13,1.3997858300486754
4840195a-580a-44c9-b1de-4bbb792473b5_487-41,0,0,0,4,4840195a-580a-44c9-b1de-4bbb792473b5_487-41,0.6223079616365625
48acd7ed-cafc-494b-9e47-8dddcdf0fa75_819-59,0,1,1,4,48acd7ed-cafc-494b-9e47-8dddcdf0fa75_819-59,1.6459410838483781
48bd6bfb-1322-41b5-9641-20a647976ea8_10-49,0,0,0,1,48bd6bfb-1322-41b5-9641-20a647976ea8_10-49,1.4397568722412781
48bd6bfb-1322-41b5-9641-20a647976ea8_261-42,3,1,1,1,48bd6bfb-1322-41b5-9641-20a647976ea8_10-49,0.3353206784890581
48d7d009-425f-4d1a-a6a9-a4742bd0d9fe_2349-91,0,1,1,3,48d7d009-425f-4d1a-a6a9-a4742bd0d9fe_2349-91,0.8808444392166488
48d7d009-425f-4d1a-a6a9-a4742bd0d9fe_2561-43,2,1,1,3,48d7d009-425f-4d1a-a6a9-a4742bd0d9fe_2349-91,1.4842067316270622
48d7d009-425f-4d1a-a6a9-a4742bd0d9fe_30-60,0,1,1,3,48d7d009-425f-4d1a-a6a9-a4742bd0d9fe_2349-91,0.7394251816467554
490b4f30-9bb5-4bf2-966b-13d509b5709b_1247-51,2,1,1,2,490b4f30-9bb5-4bf2-966b-13d509b5709b_1247-51,1.0240397179940652
4930cced-9b84-464e-88ce-3990188efed6_1781-50,1,1,1,4,4930cced-9b84-464e-88ce-3990188efed6_1781-50,1.4452691684094185
493dbd4d-bfc7-4086-b4ee-f3d081c34697_864-22,3,0,0,0,493dbd4d-bfc7-4086-b4ee-f3d081c34697_864-22,1.1912747239309436
49925bc0-d1f2-4623-891f-147641b0e94f_1165-19,2,1,1,1,49925bc0-d1f2-4623-891f-147641b0e94f_1165-19,0.3267332746256604
49b14463-2172-4b0e-ad13-fdf9383e9a77_284-00,2,1,1,2,49b14463-2172-4b0e-ad13-fdf9383e9a77_426-72,0.6927133648030068
49b14463-2172-4b0e-ad13-fdf9383e9a77_426-72,1,1,1,2,49b14463-2172-4b0e-ad13-fdf9383e9a77_426-72,0.379420906895934
49f87e0a-cc34-447e-87ba-209e430aafb0_2852-27,2,0,0,0,49f87e0a-cc34-447e-87ba-209e430aafb0_4558-50,1.4573077126969474
49f87e0a-cc34-447e-87ba-209e430aafb0_4558-50,0,1,1,0,49f87e0a-cc34-447e-87ba-209e430aafb0_4558-50,1.4234825806392868
4ac57aee-4ac0-457e-b9de-9419056e4bbd_295-55,0,1,1,2,4ac57aee-4ac0-457e-b9de-9419056e4bbd_295-55,0.7488837149829703
4b5de875-cc82-494e-b768-8ac0ae3bb279_1405-68,2,0,0,2,4b5de875-cc82-494e-b768-8ac0ae3bb279_1405-68,0.5462814716435243
4b5de875-cc82-494e-b768-8ac0ae3bb279_668-27,3,0,0,2,4b5de875-cc82-494e-b768-8ac0ae3bb279_1405-68,-0.4420998400310481
4b5de875-cc82-494e-b768-8ac0ae3bb279_930-87,0,1,1,2,4b5de875-cc82-494e-b768-8ac0ae3bb279_1405-68,0.5441687681497136
4b5de875-cc82-494e-b768-8ac0ae3bb279_997-77,2,1,1,2,4b5de875-cc82-494e-b768-8ac0ae3bb279_1405-68,1.4619944479894524
4bd37cff-a43b-4843-b0ff-06ecfe00017e_258-98,1,0,0,2,4bd37cff-a43b-4843-b0ff-06ecfe00017e_270-00,0.5546112800310707
4bd37cff-a43b-4843-b0ff-06ecfe00017e_270-00,0,0,0,2,4bd37cff-a43b-4843-b0ff-06ecfe00017e_270-00,1.1900845084793792
4bea2a96-1f1f-4149-8447-766553bbba22_1364-79,3,1,1,0,4bea2a96-1f1f-4149-8447-766553bbba22_1922-01,0.680958293881722
4bea2a96-1f1f-4149-8447-766553bbba22_1922-01,0,1,1,0,4bea2a96-1f1f-4149-8447-766553bbba22_1922-01,1.0467171441685834
4bf46557-3c5a-4a89-840d-158403590c9f_1472-48,0,1,1,4,4bf46557-3c5a-4a89-840d-158403590c9f_3598-37,0.4713941608165899
4bf46557-3c5a-4a89-840d-158403590c9f_3598-37,0,1,1,4,4bf46557-3c5a-4a89-840d-158403590c9f_3598-37,0.6446334548509918
4bf46557-3c5a-4a89-840d-158403590c9f_3687-37,1,0,0,4,4bf46557-3c5a-4a89-840d-158403590c9f_3598-37,1.1613213032827012
4c53aaac-76f0-4874-ab1c-738286b9698e_727-03,1,0,0,1,4c53aaac-76f0-4874-ab1c-738286b9698e_902-84,0.2929419670701705
4c53aaac-76f0-4874-ab1c-738286b9698e_902-84,0,0,0,1,4c53aaac-76f0-4874-ab1c-738286b9698e_902-84,0.9766114705006903
4c642620-db0e-4096-9ece-2b2c6fdb47b0_3829-12,0,1,1,3,4c642620-db0e-4096-9ece-2b2c6fdb47b0_3829-12,-0.01967844287683862
4c64e0d9-72f4-427f-995d-112ef1a2b7a1_210-26,1,1,1,4,4c64e0d9-72f4-427f-995d-112ef1a2b7a1_210-26,2.339185914315306
4c6f009a-f0ca-4557-8723-4111761e0a9a_879-68,3,0,0,0,4c6f009a-f0ca-4557-8723-4111761e0a9a_879-68,0.6952981507504314
4c70179a-f411-4f81-b44d-cfe34b8f9180_356-35,3,1,1,4,4c70179a-f411-4f81-b44d-cfe34b8f9180_356-35,0.28340905072559686
4c70179a-f411-4f81-b44d-cfe34b8f9180_551-50,3,0,0,4,4c70179a-f411-4f81-b44d-cfe34b8f9180_356-35,-0.30898084317093155
4c70179a-f411-4f81-b44d-cfe34b8f9180_800-64,2,1,1,4,4c70179a-f411-4f81-b44d-cfe34b8f9180_356-35,1.4028983314790495
4c9777fc-1997-4dc8-a2d2-ea59c50b32f4_573-78,0,1,1,1,4c9777fc-1997-4dc8-a2d2-ea59c50b32f4_573-78,0.7427564446916499
4ca97ff8-bc2a-462b-b4c9-b1a878564bea_94-99,2,1,1,2,4ca97ff8-bc2a-462b-b4c9-b1a878564bea_94-99,0.8554763261522713
4cd086c9-e7d4-4cb9-bdfe-9e55830cf52e_3435-93,2,1,1,3,4cd086c9-e7d4-4cb9-bdfe-9e55830cf52e_3435-93,1.087607858855837
4d1b11b2-e53a-40a5-a3a5-2b2441c60e17_621-95,1,1,1,4,4d1b11b2-e53a-40a5-a3a5-2b2441c60e17_621-95,-0.18168962100101016
4d24d57d-96ba-4ea1-9542-ee0520d20d3e_1879-56,3,0,0,0,4d24d57d-96ba-4ea1-9542-ee0520d20d3e_1879-56,0.6875983727594503
4d45174a-6a77-48cd-a8f2-9b93e2d47f07_0-01,3,0,0,3,4d45174a-6a77-48cd-a8f2-9b93e2d47f07_0-01,-0.45467234777862986
4d45174a-6a77-48cd-a8f2-9b93e2d47f07_604-84,1,0,0,3,4d45174a-6a77-48cd-a8f2-9b93e2d47f07_0-01,0.8125441622194562
4d45174a-6a77-48cd-a8f2-9b93e2d47f07_653-18,2,0,0,3,4d45174a-6a77-48cd-a8f2-9b93e2d47f07_0-01,1.1072715653452796
4d63c029-fd1d-48f2-9f61-7246bb9ef6fc_2979-35,1,1,1,1,4d63c029-fd1d-48f2-9f61-7246bb9ef6fc_2979-35,0.6698113567570882
4d76c2c7-c6a2-46a6-bc94-0033c629f040_291-37,0,1,1,2,4d76c2c7-c6a2-46a6-bc94-0033c629f040_291-37,1.1818722672564297
4d89d233-dbcf-4ea2-a90f-9a2c3b42d1d5_442-41,1,1,1,3,4d89d233-dbcf-4ea2-a90f-9a2c3b42d1d5_442-41,-0.24764770554500415
4dc1caff-6353-4a05-9382-92031b25f783_279-42,0,0,0,4,4dc1caff-6353-4a05-9382-92031b25f783_279-42,-0.17638321369388077
4de25e28-5a34-4fbe-bc83-200d513b4d9a_1123-59,3,0,0,0,4de25e28-5a34-4fbe-bc83-200d513b4d9a_1123-59,1.4404510819990706
4efdd63d-515c-401a-a5b0-e2c84cbee0e6_2722-42,3,1,1,4,4efdd63d-515c-401a-a5b0-e2c84cbee0e6_4175-60,1.0185023865665563
4efdd63d-515c-401a-a5b0-e2c84cbee0e6_4175-60,1,1,1,4,4efdd63d-515c-401a-a5b0-e2c84cbee0e6_4175-60,-0.02038759442773075
4f549225-e82e-4294-9379-4891e47725c7_1121-97,3,1,1,0,4f549225-e82e-4294-9379-4891e47725c7_982-80,1.5291083291144734
4f549225-e82e-4294-9379-4891e47725c7_299-04,0,1,1,0,4f549225-e82e-4294-9379-4891e47725c7_982-80,1.1317454634121678
4f549225-e82e-4294-9379-4891e47725c7_982-80,1,0,0,0,4f549225-e82e-4294-9379-4891e47725c7_982-80,0.6601561084409964
4f80ac6f-b78f-441b-b80d-fa8dd10756c4_471-91,3,1,1,1,4f80ac6f-b78f-441b-b80d-fa8dd10756c4_471-91,0.13749120894438605
4fde0689-6bc3-49d4-8d54-bf4cfe0ad287_403-70,2,0,0,2,4fde0689-6bc3-49d4-8d54-bf4cfe0ad287_403-70,0.07919327908314444
4ff2e551-1ccb-44ce-8b68-09666397f681_554-17,2,1,1,3,4ff2e551-1ccb-44ce-8b68-09666397f681_554-17,1.4135626314549115
500be78a-0a13-44c5-8bc6-bafaa9b94354_17-35,3,1,1,4,500be78a-0a13-44c5-8bc6-bafaa9b94354_17-35,-0.3277881566718692
501d1e55-968d-4c10-9d29-e0f4bee907a0_654-33,1,1,1,0,501d1e55-968d-4c10-9d29-e0f4bee907a0_654-33,1.297971317996077
502debb3-c5f1-4dba-b2d4-b191d40da77a_5606-91,2,1,1,1,502debb3-c5f1-4dba-b2d4-b191d40da77a_5606-91,2.1604185534857105
508cf068-6523-4368-a6b1-76ba538f1fc9_1359-08,1,1,1,2,508cf068-6523-4368-a6b1-76ba538f1fc9_1359-08,0.8188830530900382
50c1df1c-e016-472a-b0ac-d297b0c82e87_3264-37,0,1,1,3,50c1df1c-e016-472a-b0ac-d297b0c82e87_3264-37,0.23146256621634853
50f31d76-6f29-4f80-b654-9437a0113bf5_2211-90,0,0,0,4,50f31d76-6f29-4f80-b654-9437a0113bf5_2211-90,0.04699846208334968
51364391-163c-484c-8de5-122abb5898de_1080-80,3,1,1,3,51364391-163c-484c-8de5-122abb5898de_1359-23,1.5115038234480795
51364391-163c-484c-8de5-122abb5898de_1357-07,1,0,0,3,51364391-163c-484c-8de5-122abb5898de_1359-23,1.2218987639093413
51364391-163c-484c-8de5-122abb5898de_1359-23,2,0,0,3,51364391-163c-484c-8de5-122abb5898de_1359-23,0.9982429232164638
513f572f-6d1c-4a8a-8b57-9c1d0aa363f7_1015-09,3,1,1,1,513f572f-6d1c-4a8a-8b57-9c1d0aa363f7_1015-09,0.770620569567906
513f572f-6d1c-4a8a-8b57-9c1d0aa363f7_843-40,3,1,1,1,513f572f-6d1c-4a8a-8b57-9c1d0aa363f7_1015-09,0.7653909927784703
513f572f-6d1c-4a8a-8b57-9c1d0aa363f7_969-20,1,1,1,1,513f572f-6d1c-4a8a-8b57-9c1d0aa363f7_1015-09,0.8796875442911374
516ba1f4-5cfd-4dd7-b4b6-a4c0605d1281_1838-55,0,1,1,3,516ba1f4-5cfd-4dd7-b4b6-a4c0605d1281_1838-55,-0.17260013324924284
5181422f-0b2c-4a39-af52-b2ca683e5451_1147-87,0,1,1,0,5181422f-0b2c-4a39-af52-b2ca683e5451_1147-87,0.4995651825335514
5185ad85-6751-481e-8b28-2d93d2e20770_961-05,0,0,0,4,5185ad85-6751-481e-8b28-2d93d2e20770_961-05,0.4191237924892808
5185ad85-6751-481e-8b28-2d93d2e20770_964-94,0,1,1,4,5185ad85-6751-481e-8b28-2d93d2e20770_961-05,0.9272492775201591
520374ca-09f9-4716-8176-dd289ea7baa9_540-00,2,1,1,4,520374ca-09f9-4716-8176-dd289ea7baa9_659-75,1.1535343459277718
520374ca-09f9-4716-8176-dd289ea7baa9_659-75,0,1,1,4,520374ca-09f9-4716-8176-dd289ea7baa9_659-75,0.6732491037073807
526675a3-acea-4d5b-b5c9-ccb1b89f6e58_421-44,3,0,0,1,526675a3-acea-4d5b-b5c9-ccb1b89f6e58_421-44,1.7255811169600694
52c312b2-b47d-498d-a368-20db6a8bc879_1510-20,3,1,1,2,52c312b2-b47d-498d-a368-20db6a8bc879_1510-20,0.802134488846638
5300d3f7-0674-4e08-bf1d-47b8c38a2842_39-70,2,0,0,3,5300d3f7-0674-4e08-bf1d-47b8c38a2842_39-70,2.0143487307579226
5315437a-2530-47e5-a0e4-4ac656c7cfa4_570-57,0,0,0,1,5315437a-2530-47e5-a0e4-4ac656c7cfa4_570-57,0.9053143385212168
5318b45a-f8be-4ab2-a807-564d734527fb_1369-45,1,1,1,0,5318b45a-f8be-4ab2-a807-564d734527fb_1369-45,1.2006678052943656
53bab63b-b6fa-494c-9dc7-c3fe61f234de_999-56,0,1,1,0,53bab63b-b6fa-494c-9dc7-c3fe61f234de_999-56,0.27804370929914857
53e92e25-fe03-4311-9a17-c4f6a29ccad1_1365-15,0,1,1,2,53e92e25-fe03-4311-9a17-c4f6a29ccad1_3512-58,0.1098245757743368
53e92e25-fe03-4311-9a17-c4f6a29ccad1_3512-58,0,0,0,2,53e92e25-fe03-4311-9a17-c4f6a29ccad1_3512-58,1.4482523027713032
53e92e25-fe03-4311-9a17-c4f6a29ccad1_983-79,1,0,0,2,53e92e25-fe03-4311-9a17-c4f6a29ccad1_3512-58,0.37567964123678
54a421d2-763e-4751-a6b4-54e3d6c46cc1_1143-22,2,1,1,1,54a421d2-763e-4751-a6b4-54e3d6c46cc1_1143-22,1.5090874930014337
54a421d2-763e-4751-a6b4-54e3d6c46cc1_1361-15,3,1,1,1,54a421d2-763e-4751-a6b4-54e3d6c46cc1_1143-22,0.5180611836843065
54a421d2-763e-4751-a6b4-54e3d6c46cc1_1458-60,2,1,1,1,54a421d2-763e-4751-a6b4-54e3d6c46cc1_1143-22,0.9031042667428657
54a421d2-763e-4751-a6b4-54e3d6c46cc1_1553-16,0,1,1,1,54a421d2-763e-4751-a6b4-54e3d6c46cc1_1143-22,0.9936260859276638
54a421d2-763e-4751-a6b4-54e3d6c46cc1_242-12,3,1,1,1,54a421d2-763e-4751-a6b4-54e3d6c46cc1_1143-22,0.8415090681095612
54a421d2-763e-4751-a6b4-54e3d6c46cc1_676-59,2,0,0,1,54a421d2-763e-4751-a6b4-54e3d6c46cc1_1143-22,0.3330509624684952
54a421d2-763e-4751-a6b4-54e3d6c46cc1_692-41,0,0,0,1,54a421d2-763e-4751-a6b4-54e3d6c46cc1_1143-22,0.27025762186466573
54a421d2-763e-4751-a6b4-54e3d6c46cc1_715-92,2,1,1,1,54a421d2-763e-4751-a6b4-54e3d6c46cc1_1143-22,1.0545102033176164
54adfe07-dcc1-4c3f-90a2-ac93ea7ff6df_173-06,4,0,0,2,54adfe07-dcc1-4c3f-90a2-ac93ea7ff6df_76-91,1.61658043189238
54adfe07-dcc1-4c3f-90a2-ac93ea7ff6df_76-91,3,0,0,2,54adfe07-dcc1-4c3f-90a2-ac93ea7ff6df_76-91,0.3673238945220674
555ff1a5-c30b-434c-a251-b5105cdc1fb9_1647-31,2,1,1,1,555ff1a5-c30b-434c-a251-b5105cdc1fb9_1647-31,-0.19363127811705194
55ef5db5-af7c-4ccd-9c7d-a4d415e195b7_753-73,2,1,1,2,55ef5db5-af7c-4ccd-9c7d-a4d415e195b7_857-01,1.103229962141043
55ef5db5-af7c-4ccd-9c7d-a4d415e195b7_857-01,1,1,1,2,55ef5db5-af7c-4ccd-9c7d-a4d415e195b7_857-01,0.8028973063801081
5605bd9a-d151-4d5b-b0f6-cfc28ae6937e_2980-56,3,0,0,3,5605bd9a-d151-4d5b-b0f6-cfc28ae6937e_4053-60,-0.38416080590570445
5605bd9a-d151-4d5b-b0f6-cfc28ae6937e_3534-55,3,1,1,3,5605bd9a-d151-4d5b-b0f6-cfc28ae6937e_4053-60,0.39246997552262397
5605bd9a-d151-4d5b-b0f6-cfc28ae6937e_4053-60,0,0,0,3,5605bd9a-d151-4d5b-b0f6-cfc28ae6937e_4053-60,0.7121580546112105
5605bd9a-d151-4d5b-b0f6-cfc28ae6937e_457-07,2,0,0,3,5605bd9a-d151-4d5b-b0f6-cfc28ae6937e_4053-60,0.3630977010721461
5605bd9a-d151-4d5b-b0f6-cfc28ae6937e_709-52,0,0,0,3,5605bd9a-d151-4d5b-b0f6-cfc28ae6937e_4053-60,0.441034847812954
5605bd9a-d151-4d5b-b0f6-cfc28ae6937e_999-27,2,1,1,3,5605bd9a-d151-4d5b-b0f6-cfc28ae6937e_4053-60,0.60055897076174
564c0350-9fbf-4659-b310-a929fa3c82e4_555-36,3,1,1,2,564c0350-9fbf-4659-b310-a929fa3c82e4_555-36,2.367428577476633
56504e4e-a228-4b28-baa4-1ce2de03c2d4_1630-93,1,0,0,3,56504e4e-a228-4b28-baa4-1ce2de03c2d4_1630-93,0.6562938043913851
56c5fea0-73fb-4239-b740-1faf19e75e6f_1246-35,1,1,1,4,56c5fea0-73fb-4239-b740-1faf19e75e6f_1246-35,0.8187072609598807
56da7a14-f3fe-4dd9-9acb-92917603f42c_469-73,2,1,1,1,56da7a14-f3fe-4dd9-9acb-92917603f42c_521-16,0.5037654238708951
56da7a14-f3fe-4dd9-9acb-92917603f42c_521-16,1,0,0,1,56da7a14-f3fe-4dd9-9acb-92917603f42c_521-16,0.23894155678982987
570fc280-231c-4a3e-99c2-12eefed1c122_925-58,1,0,0,4,570fc280-231c-4a3e-99c2-12eefed1c122_925-58,0.8477572910425786
57467033-41ad-48f8-bc45-26f0b92a1b48_681-96,2,1,1,0,57467033-41ad-48f8-bc45-26f0b92a1b48_681-96,1.01131905510815
57ac6d7c-d317-4f85-aab1-d95ecaaacd5b_290-69,2,1,1,1,57ac6d7c-d317-4f85-aab1-d95ecaaacd5b_290-69,0.9369643033947994
57e88d87-257e-434d-953e-6025367e99fe_446-64,2,1,1,0,57e88d87-257e-434d-953e-6025367e99fe_448-77,0.1890691521757255
57e88d87-257e-434d-953e-6025367e99fe_448-77,0,0,0,0,57e88d87-257e-434d-953e-6025367e99fe_448-77,0.6172089807799863
5826d5ed-1456-443f-b333-202bb216a31d_1637-74,0,0,0,2,5826d5ed-1456-443f-b333-202bb216a31d_1637-74,0.6902726289839229
583dc873-0ccd-4d04-bb56-4d403ab28e85_218-71,1,1,1,3,583dc873-0ccd-4d04-bb56-4d403ab28e85_218-71,0.5710423846143724
584f625d-15b0-49e8-bfa6-718b9cf010e0_834-78,0,1,1,4,584f625d-15b0-49e8-bfa6-718b9cf010e0_834-78,0.5365745213751132
584fd34c-9bd5-44fd-8266-9d3161d8c790_3302-91,0,1,1,0,584fd34c-9bd5-44fd-8266-9d3161d8c790_3302-91,1.333879982181593
596760c3-b1d6-453c-916c-ecbc30ab1c5d_1349-91,2,1,1,4,596760c3-b1d6-453c-916c-ecbc30ab1c5d_1349-91,0.6600197150002374
596760c3-b1d6-453c-916c-ecbc30ab1c5d_1392-89,1,1,1,4,596760c3-b1d6-453c-916c-ecbc30ab1c5d_1349-91,-0.5587200915550243
596760c3-b1d6-453c-916c-ecbc30ab1c5d_1448-53,0,0,0,4,596760c3-b1d6-453c-916c-ecbc30ab1c5d_1349-91,0.8390459875958189
59764b58-1523-48b3-88d2-9fc07880e597_1504-77,3,0,0,1,59764b58-1523-48b3-88d2-9fc07880e597_1504-77,0.9429157963383352
59857657-5cb1-4268-9c8f-ab6cb3c3ad3b_5306-98,2,1,1,0,59857657-5cb1-4268-9c8f-ab6cb3c3ad3b_9450-00,0.8658571335540239
59857657-5cb1-4268-9c8f-ab6cb3c3ad3b_5438-01,3,1,1,0,59857657-5cb1-4268-9c8f-ab6cb3c3ad3b_9450-00,0.9461055397157132
59857657-5cb1-4268-9c8f-ab6cb3c3ad3b_9450-00,1,1,1,0,59857657-5cb1-4268-9c8f-ab6cb3c3ad3b_9450-00,1.6363450280517293
59857657-5cb1-4268-9c8f-ab6cb3c3ad3b_979-26,2,1,1,0,59857657-5cb1-4268-9c8f-ab6cb3c3ad3b_9450-00,1.4405082850809836
59976b3b-2328-47f2-a7b3-6f982497ed65_622-81,3,1,1,2,59976b3b-2328-47f2-a7b3-6f982497ed65_622-81,0.5959435007805514
5a009b9f-fed2-45a8-8006-b59b655334d1_50-58,1,1,1,3,5a009b9f-fed2-45a8-8006-b59b655334d1_50-58,0.24081671164345186
5a9ca82c-bb33-4f05-9e08-efd614269566_1201-43,0,0,0,4,5a9ca82c-bb33-4f05-9e08-efd614269566_1201-43,0.8823326575236305
5aa01f1b-351d-428b-a1be-1f2edaff6a0c_693-84,2,1,1,0,5aa01f1b-351d-428b-a1be-1f2edaff6a0c_693-84,2.272868410282164
5aa8f84b-aea8-4e40-b710-82b93875e1ae_422-21,3,1,1,1,5aa8f84b-aea8-4e40-b710-82b93875e1ae_422-21,1.0205691790703633
5ab334f2-ecc8-4a05-96f8-4320225379b2_1773-43,0,1,1,1,5ab334f2-ecc8-4a05-96f8-4320225379b2_214-77,0.3474930235852658
5ab334f2-ecc8-4a05-96f8-4320225379b2_214-77,2,1,1,1,5ab334f2-ecc8-4a05-96f8-4320225379b2_214-77,1.1019722120852273
5ab334f2-ecc8-4a05-96f8-4320225379b2_70-12,1,1,1,1,5ab334f2-ecc8-4a05-96f8-4320225379b2_214-77,1.3838925273521168
5ab334f2-ecc8-4a05-96f8-4320225379b2_879-22,1,1,1,1,5ab334f2-ecc8-4a05-96f8-4320225379b2_214-77,1.6213895926547657
5ab334f2-ecc8-4a05-96f8-4320225379b2_905-78,3,1,1,1,5ab334f2-ecc8-4a05-96f8-4320225379b2_214-77,1.2293316294330932
5b0225e8-b81b-42fe-aa08-b0732b46c8bd_1082-56,2,0,0,4,5b0225e8-b81b-42fe-aa08-b0732b46c8bd_1131-66,0.6128284860717201
5b0225e8-b81b-42fe-aa08-b0732b46c8bd_1130-00,1,0,0,4,5b0225e8-b81b-42fe-aa08-b0732b46c8bd_1131-66,0.6668148615849514
5b0225e8-b81b-42fe-aa08-b0732b46c8bd_1130-47,0,0,0,4,5b0225e8-b81b-42fe-aa08-b0732b46c8bd_1131-66,0.8712532814323333
5b0225e8-b81b-42fe-aa08-b0732b46c8bd_1131-66,1,1,1,4,5b0225e8-b81b-42fe-aa08-b0732b46c8bd_1131-66,0.247423614479795
5b0225e8-b81b-42fe-aa08-b0732b46c8bd_381-48,3,0,0,4,5b0225e8-b81b-42fe-aa08-b0732b46c8bd_1131-66,0.029370864724662882
5b0c9075-f81d-488c-9862-c9c3b9ca27b5_843-40,2,0,0,2,5b0c9075-f81d-488c-9862-c9c3b9ca27b5_843-40,0.7913324072087078
5b329676-c4f5-49a7-9999-fa3884190b1e_91-50,1,1,1,3,5b329676-c4f5-49a7-9999-fa3884190b1e_91-50,0.1140534350953828
5c172db2-eca2-4f9a-8963-b2111123fef2_81-63,3,1,1,4,5c172db2-eca2-4f9a-8963-b2111123fef2_81-63,0.6658058940323608
5c3be03c-07a5-4427-a2fe-449f16e8017b_787-88,0,0,0,0,5c3be03c-07a5-4427-a2fe-449f16e8017b_787-88,0.3354487163891453
5c9b85ea-24a9-4bfd-8ac2-4ca6f9090231_3247-42,1,0,0,3,5c9b85ea-24a9-4bfd-8ac2-4ca6f9090231_4576-22,2.0124803010582566
5c9b85ea-24a9-4bfd-8ac2-4ca6f9090231_3510-00,1,1,1,3,5c9b85ea-24a9-4bfd-8ac2-4ca6f9090231_4576-22,1.3520455029590777
5c9b85ea-24a9-4bfd-8ac2-4ca6f9090231_4576-22,1,0,0,3,5c9b85ea-24a9-4bfd-8ac2-4ca6f9090231_4576-22,-0.16558603905296043
5cab806a-3794-4578-94f2-33c3093151d1_391-05,0,0,0,4,5cab806a-3794-4578-94f2-33c3093151d1_433-69,0.0016778601839042562
5cab806a-3794-4578-94f2-33c3093151d1_433-69,2,1,1,4,5cab806a-3794-4578-94f2-33c3093151d1_433-69,0.9967051084535612
5cab806a-3794-4578-94f2-33c3093151d1_546-82,3,1,1,4,5cab806a-3794-4578-94f2-33c3093151d1_433-69,1.743340354938308
5cee04cd-4adb-4a12-a476-1ba1db44865c_1289-65,1,1,1,1,5cee04cd-4adb-4a12-a476-1ba1db44865c_1289-65,1.3333537910768658
5cf98bc1-012f-482d-86ee-9337d8747dce_1374-50,2,0,0,1,5cf98bc1-012f-482d-86ee-9337d8747dce_1374-50,0.6925788255781973
5cf98bc1-012f-482d-86ee-9337d8747dce_2305-61,1,1,1,1,5cf98bc1-012f-482d-86ee-9337d8747dce_1374-50,0.3941282142360192
5cff48d5-d4e3-465f-8302-64cd493aba53_0-01,2,1,1,4,5cff48d5-d4e3-465f-8302-64cd493aba53_0-01,-0.6014291060944419
5cff48d5-d4e3-465f-8302-64cd493aba53_399-10,3,1,1,4,5cff48d5-d4e3-465f-8302-64cd493aba53_0-01,0.21962104792319193
5d00d9ae-e932-42d5-8eee-ed24f83c8661_0-06,1,1,1,2,5d00d9ae-e932-42d5-8eee-ed24f83c8661_0-06,1.3444989592656484
5d090853-467e-4f95-9f9e-ac0582023111_504-40,2,1,1,3,5d090853-467e-4f95-9f9e-ac0582023111_504-40,0.6889359206743111
5d8dfcfe-93e4-465e-a548-44c1442ffa29_291-14,1,1,1,4,5d8dfcfe-93e4-465e-a548-44c1442ffa29_291-14,1.0586258133906488
5dac9d4b-1ac8-468b-a51b-8b7e0dbe554b_1086-76,2,1,1,0,5dac9d4b-1ac8-468b-a51b-8b7e0dbe554b_1086-76,1.3717700904195107
5dde766e-e93a-4d48-b3c7-96774f24d39d_560-47,2,1,1,1,5dde766e-e93a-4d48-b3c7-96774f24d39d_560-47,0.9445978468869634
5e193b30-3e79-4851-801b-dab99125cd44_2971-00,0,0,0,1,5e193b30-3e79-4851-801b-dab99125cd44_3348-61,-0.1864743712109429
5e193b30-3e79-4851-801b-dab99125cd44_3348-61,1,0,0,1,5e193b30-3e79-4851-801b-dab99125cd44_3348-61,-0.07733227664760278
5e7a6a04-70d3-4ce5-82ff-971ca6478328_1045-51,2,1,1,2,5e7a6a04-70d3-4ce5-82ff-971ca6478328_1045-51,0.8229109858654557
5e7dbc32-08e0-4266-9bd3-27c412d1af7c_182-45,1,0,0,3,5e7dbc32-08e0-4266-9bd3-27c412d1af7c_182-45,0.9393768329953891
5e97e33c-b3ca-48b2-9e7e-069fe39199fb_1921-41,2,0,0,2,5e97e33c-b3ca-48b2-9e7e-069fe39199fb_509-89,-0.38732349002076494
5e97e33c-b3ca-48b2-9e7e-069fe39199fb_509-89,0,0,0,2,5e97e33c-b3ca-48b2-9e7e-069fe39199fb_509-89,-0.015033971622735898
5ead8e7c-2600-44b1-afd6-b82cb5f7b9ce_119-97,3,1,1,3,5ead8e7c-2600-44b1-afd6-b82cb5f7b9ce_195-55,0.584876114256206
5ead8e7c-2600-44b1-afd6-b82cb5f7b9ce_195-55,0,1,1,3,5ead8e7c-2600-44b1-afd6-b82cb5f7b9ce_195-55,0.7238251072724176
5ead8e7c-2600-44b1-afd6-b82cb5f7b9ce_3241-48,2,0,0,3,5ead8e7c-2600-44b1-afd6-b82cb5f7b9ce_195-55,1.3378915668297908
5ead8e7c-2600-44b1-afd6-b82cb5f7b9ce_567-35,1,1,1,3,5ead8e7c-2600-44b1-afd6-b82cb5f7b9ce_195-55,0.4760538719900904
5ead8e7c-2600-44b1-afd6-b82cb5f7b9ce_568-30,1,0,0,3,5ead8e7c-2600-44b1-afd6-b82cb5f7b9ce_195-55,0.06730613482617431
5ed59c41-af9e-4368-a0ce-30d536d34895_1493-26,1,0,0,0,5ed59c41-af9e-4368-a0ce-30d536d34895_1575-15,1.4138880676988608
5ed59c41-af9e-4368-a0ce-30d536d34895_1575-15,0,0,0,0,5ed59c41-af9e-4368-a0ce-30d536d34895_1575-15,-0.19484870497567974
5ed59c41-af9e-4368-a0ce-30d536d34895_494-33,1,0,0,0,5ed59c41-af9e-4368-a0ce-30d536d34895_1575-15,1.1920062310439858
5f0ed597-4f1e-4075-81dc-64a3c0bb81f3_3-80,3,1,1,4,5f0ed597-4f1e-4075-81dc-64a3c0bb81f3_3-80,0.7313147075835142
5f26c69f-6f1c-4041-a81f-3c4808e0a385_1353-30,0,1,1,1,5f26c69f-6f1c-4041-a81f-3c4808e0a385_151-47,0.36115286504910027
5f26c69f-6f1c-4041-a81f-3c4808e0a385_151-47,1,1,1,1,5f26c69f-6f1c-4041-a81f-3c4808e0a385_151-47,1.2972811158182898
5f26c69f-6f1c-4041-a81f-3c4808e0a385_156-09,2,0,0,1,5f26c69f-6f1c-4041-a81f-3c4808e0a385_151-47,2.2964016747279095
5f2d9e8b-6e0b-4e36-9f5b-d26bbe0a7c7c_1129-51,0,0,0,1,5f2d9e8b-6e0b-4e36-9f5b-d26bbe0a7c7c_1129-51,0.6396695292070722
600e392c-4be6-4b8b-bef8-e789ce3d8915_2298-42,1,0,0,2,600e392c-4be6-4b8b-bef8-e789ce3d8915_3230-09,-0.030807989328463847
600e392c-4be6-4b8b-bef8-e789ce3d8915_3230-09,1,1,1,2,600e392c-4be6-4b8b-bef8-e789ce3d8915_3230-09,0.7643911608949838
600e392c-4be6-4b8b-bef8-e789ce3d8915_6486-35,0,1,1,2,600e392c-4be6-4b8b-bef8-e789ce3d8915_3230-09,0.4191339764389981
600e392c-4be6-4b8b-bef8-e789ce3d8915_7199-73,1,1,1,2,600e392c-4be6-4b8b-bef8-e789ce3d8915_3230-09,0.46901572539075387
60209262-ab8e-4214-a8dd-4764a9a4b26d_842-54,3,0,0,3,60209262-ab8e-4214-a8dd-4764a9a4b26d_842-54,1.8209961912536217
606a91df-fc77-444e-988d-e0178c83c586_342-58,3,0,0,1,606a91df-fc77-444e-988d-e0178c83c586_342-58,0.21877401024726972
6070d9d1-9962-49f3-8ac7-4e29ca07e104_164-20,2,0,0,0,6070d9d1-9962-49f3-8ac7-4e29ca07e104_164-20,0.5829165679989972
6070d9d1-9962-49f3-8ac7-4e29ca07e104_284-21,1,1,1,0,6070d9d1-9962-49f3-8ac7-4e29ca07e104_164-20,0.03595671256166266
608f2b9c-d004-42db-9f0c-e89b203dfb01_8-92,0,1,1,0,608f2b9c-d004-42db-9f0c-e89b203dfb01_8-92,0.9908786553685545
615c5cd1-1dab-4667-94ce-30bfe52e7cd4_821-72,3,0,0,4,615c5cd1-1dab-4667-94ce-30bfe52e7cd4_821-72,1.14489909178618
615edb9e-bfc7-4080-afb3-d29e98ce2216_816-65,0,0,0,3,615edb9e-bfc7-4080-afb3-d29e98ce2216_816-65,1.4817612270028404
61da558c-b125-4e65-a8a6-28f0eae34c1a_156-26,0,1,1,2,61da558c-b125-4e65-a8a6-28f0eae34c1a_156-26,1.6599959076333932
620d3087-c6fb-4b08-bb6a-4dc4ede3b994_1607-58,0,1,1,3,620d3087-c6fb-4b08-bb6a-4dc4ede3b994_232-40,1.0013065501682952
620d3087-c6fb-4b08-bb6a-4dc4ede3b994_232-40,1,1,1,3,620d3087-c6fb-4b08-bb6a-4dc4ede3b994_232-40,-0.25963610347899735
620d3087-c6fb-4b08-bb6a-4dc4ede3b994_2651-56,1,1,1,3,620d3087-c6fb-4b08-bb6a-4dc4ede3b994_232-40,0.3710206900621118
620d3087-c6fb-4b08-bb6a-4dc4ede3b994_432-70,3,1,1,3,620d3087-c6fb-4b08-bb6a-4dc4ede3b994_232-40,0.9174346558087467
62103d3d-d89d-4f54-a766-1beb22eb994b_179-41,1,0,0,4,62103d3d-d89d-4f54-a766-1beb22eb994b_179-41,0.14684472330996834
62103d3d-d89d-4f54-a766-1beb22eb994b_617-19,1,0,0,4,62103d3d-d89d-4f54-a766-1beb22eb994b_179-41,-0.043633073882668905
622ab8aa-21f8-4ad0-99c3-7f4876850df7_193-96,1,1,1,1,622ab8aa-21f8-4ad0-99c3-7f4876850df7_193-96,2.3451054247004306
6243586b-a8df-4c37-95f8-da7f4f5d57d6_513-82,0,0,0,3,6243586b-a8df-4c37-95f8-da7f4f5d57d6_513-82,-0.3750476575202246
6243586b-a8df-4c37-95f8-da7f4f5d57d6_868-79,3,0,0,3,6243586b-a8df-4c37-95f8-da7f4f5d57d6_513-82,-0.6547640501537821
624a6c0a-a4cb-4073-b501-48e4b6b679e4_1095-75,3,0,0,3,624a6c0a-a4cb-4073-b501-48e4b6b679e4_1105-63,0.9659347204215958
624a6c0a-a4cb-4073-b501-48e4b6b679e4_1105-28,1,1,1,3,624a6c0a-a4cb-4073-b501-48e4b6b679e4_1105-63,0.574511829427004
624a6c0a-a4cb-4073-b501-48e4b6b679e4_1105-63,0,0,0,3,624a6c0a-a4cb-4073-b501-48e4b6b679e4_1105-63,1.0241547235956265
62abef54-29ef-43ec-ba1d-43496d986e89_2257-41,0,1,1,0,62abef54-29ef-43ec-ba1d-43496d986e89_2257-41,1.3324233586343905
62baa1d3-a742-4d3d-a978-537a7988e13e_1461-40,1,0,0,4,62baa1d3-a742-4d3d-a978-537a7988e13e_1461-40,-0.1938265203579277
62e3b74a-01ad-4824-aace-5cc12ebd2c47_228-93,2,0,0,3,62e3b74a-01ad-4824-aace-5cc12ebd2c47_228-93,-0.207550947495716
6306375a-1533-4f3c-843b-0cd51b4bf449_1-23,0,1,1,2,6306375a-1533-4f3c-843b-0cd51b4bf449_1-23,0.5787309480815437
6322a6f2-f271-4335-bf46-d428a5a58298_0-02,3,0,0,1,6322a6f2-f271-4335-bf46-d428a5a58298_0-02,-0.05626777308442765
635cb327-1636-4fbc-a9ca-5a7adfc34b2e_0-40,2,0,0,4,635cb327-1636-4fbc-a9ca-5a7adfc34b2e_0-40,0.408825967784161
6395f964-0122-4f16-b036-337c28488504_1626-75,1,0,0,3,6395f964-0122-4f16-b036-337c28488504_1626-75,-0.4598875686083166
63d56e4c-e454-48c2-a8f2-5bc2c34622ca_1218-51,1,1,1,0,63d56e4c-e454-48c2-a8f2-5bc2c34622ca_172-69,0.9952958188267047
63d56e4c-e454-48c2-a8f2-5bc2c34622ca_172-69,1,1,1,0,63d56e4c-e454-48c2-a8f2-5bc2c34622ca_172-69,0.41857171000148163
63d56e4c-e454-48c2-a8f2-5bc2c34622ca_903-77,1,1,1,0,63d56e4c-e454-48c2-a8f2-5bc2c34622ca_172-69,1.1657698676256905
63e9e643-25c5-435d-b6f0-0aab1af76e68_28-98,0,0,0,3,63e9e643-25c5-435d-b6f0-0aab1af76e68_28-98,0.8803953978528682
64049385-6855-4eed-8b3c-ce3e8d704008_1157-10,2,0,0,2,64049385-6855-4eed-8b3c-ce3e8d704008_1157-10,0.7732406071734856
64747fa7-c7b9-46fc-ac9d-ea9a514d91df_73-27,2,0,0,1,64747fa7-c7b9-46fc-ac9d-ea9a514d91df_73-27,1.0201497272605067
64792a03-b8ea-4fdc-96d8-1e1199b73658_1352-24,1,0,0,0,64792a03-b8ea-4fdc-96d8-1e1199b73658_1352-24,-0.06653539037868139
64ec6de1-0e86-49de-889c-4a0fdcba6658_808-22,3,1,1,4,64ec6de1-0e86-49de-889c-4a0fdcba6658_808-22,0.7393859560045084
652f0590-aab5-4de1-b578-238adb54fa0e_3914-88,3,0,0,3,652f0590-aab5-4de1-b578-238adb54fa0e_3914-88,1.4292783151714146
65d6d7a3-11f7-4472-82b9-527ca04fe25b_1274-77,1,1,1,1,65d6d7a3-11f7-4472-82b9-527ca04fe25b_633-02,0.21137954783097102
65d6d7a3-11f7-4472-82b9-527ca04fe25b_633-02,0,1,1,1,65d6d7a3-11f7-4472-82b9-527ca04fe25b_633-02,2.2993151189865095
65f4949e-e8fe-4b77-972e-35d368ca546a_1165-75,0,1,1,2,65f4949e-e8fe-4b77-972e-35d368ca546a_1165-75,0.020091753305777393
6639f53c-701d-4fe7-adcd-55d040ce8afe_0-03,1,1,1,1,6639f53c-701d-4fe7-adcd-55d040ce8afe_0-03,0.64845155439008
668962c9-ecae-4b8f-bdc1-a6aeab093d88_1261-54,0,0,0,4,668962c9-ecae-4b8f-bdc1-a6aeab093d88_1333-29,1.1298877636642586
668962c9-ecae-4b8f-bdc1-a6aeab093d88_1333-29,3,1,1,4,668962c9-ecae-4b8f-bdc1-a6aeab093d88_1333-29,0.9070555784178391
668962c9-ecae-4b8f-bdc1-a6aeab093d88_811-44,2,0,0,4,668962c9-ecae-4b8f-bdc1-a6aeab093d88_1333-29,-0.3535510467016705
66bf8281-f77c-4e37-b9a8-5f2aabf73ef9_943-34,3,0,0,0,66bf8281-f77c-4e37-b9a8-5f2aabf73ef9_943-34,1.1443084456459682
67a8114b-7f37-443d-8beb-64886095f935_184-82,3,0,0,4,67a8114b-7f37-443d-8beb-64886095f935_636-28,0.2262202452138471
67a8114b-7f37-443d-8beb-64886095f935_636-28,0,0,0,4,67a8114b-7f37-443d-8beb-64886095f935_636-28,1.6348778507600898
67a8114b-7f37-443d-8beb-64886095f935_797-83,0,0,0,4,67a8114b-7f37-443d-8beb-64886095f935_636-28,0.6643960907182533
67b78a5b-ab72-4483-95c4-33e837013e93_2874-42,3,1,1,4,67b78a5b-ab72-4483-95c4-33e837013e93_2874-42,0.9010798357944081
67bc312a-3b49-4847-aa79-63ad7d3e4217_303-11,1,0,0,3,67bc312a-3b49-4847-aa79-63ad7d3e4217_537-95,1.0482270193485534
67bc312a-3b49-4847-aa79-63ad7d3e4217_537-95,3,1,1,3,67bc312a-3b49-4847-aa79-63ad7d3e4217_537-95,0.7400451355513915
67bc312a-3b49-4847-aa79-63ad7d3e4217_554-07,2,1,1,3,67bc312a-3b49-4847-aa79-63ad7d3e4217_537-95,1.577762856243406
68134357-62e5-4f0b-8300-2e661763aeb5_374-98,1,0,0,4,68134357-62e5-4f0b-8300-2e661763aeb5_389-26,0.6853773446214304
68134357-62e5-4f0b-8300-2e661763aeb5_389-26,2,1,1,4,68134357-62e5-4f0b-8300-2e661763aeb5_389-26,-0.851217782374504
68150eb1-47cd-4617-953a-0afdf67b2adb_2839-25,2,1,1,1,68150eb1-47cd-4617-953a-0afdf67b2adb_2839-25,0.6634793476090912
68a03b86-201f-4935-9847-f2753905f298_1057-96,0,0,0,2,68a03b86-201f-4935-9847-f2753905f298_1057-96,0.600971857844927
69190e7c-457f-489d-9071-c2a9185e4853_144-34,3,1,1,3,69190e7c-457f-489d-9071-c2a9185e4853_144-34,0.3987500703066613
69366f34-43c0-4d11-bec4-3c1c945cbfd4_4408-78,3,1,1,4,69366f34-43c0-4d11-bec4-3c1c945cbfd4_4408-78,1.4516269903626364
6956cb48-951c-4607-a42b-a66de2c186be_292-00,1,1,1,2,6956cb48-951c-4607-a42b-a66de2c186be_292-00,1.8882627464464732
6956cb48-951c-4607-a42b-a66de2c186be_59-73,1,1,1,2,6956cb48-951c-4607-a42b-a66de2c186be_292-00,0.4667568838140119
695cefe9-04c0-42fb-80fc-d308b314b788_1-28,0,1,1,4,695cefe9-04c0-42fb-80fc-d308b314b788_303-92,1.1448340045216647
695cefe9-04c0-42fb-80fc-d308b314b788_303-92,1,1,1,4,695cefe9-04c0-42fb-80fc-d308b314b788_303-92,-0.1584522839303757
695cefe9-04c0-42fb-80fc-d308b314b788_330-48,0,1,1,4,695cefe9-04c0-42fb-80fc-d308b314b788_303-92,0.29789651487373203
695cefe9-04c0-42fb-80fc-d308b314b788_437-09,3,0,0,4,695cefe9-04c0-42fb-80fc-d308b314b788_303-92,1.3608645343874008
695cefe9-04c0-42fb-80fc-d308b314b788_443-90,1,0,0,4,695cefe9-04c0-42fb-80fc-d308b314b788_303-92,0.9272837788007293
695cefe9-04c0-42fb-80fc-d308b314b788_662-96,2,1,1,4,695cefe9-04c0-42fb-80fc-d308b314b788_303-92,-0.38203899768667515
695cefe9-04c0-42fb-80fc-d308b314b788_68-11,3,0,0,4,695cefe9-04c0-42fb-80fc-d308b314b788_303-92,0.7984081788568727
695cefe9-04c0-42fb-80fc-d308b314b788_789-70,2,1,1,4,695cefe9-04c0-42fb-80fc-d308b314b788_303-92,1.1504614434915776
6989df0e-b8da-48a4-bc69-b01f6f8aef1a_378-59,3,0,0,0,6989df0e-b8da-48a4-bc69-b01f6f8aef1a_378-59,-0.24365059509836162
699b47de-9fc5-4b98-ba35-ecf79886a8db_1850-50,2,0,0,3,699b47de-9fc5-4b98-ba35-ecf79886a8db_782-75,0.48635432916050036
699b47de-9fc5-4b98-ba35-ecf79886a8db_782-75,1,1,1,3,699b47de-9fc5-4b98-ba35-ecf79886a8db_782-75,0.18046924776774964
69ae6e65-a60b-46b0-b256-9d1aeaf34b0a_3951-27,1,0,0,4,69ae6e65-a60b-46b0-b256-9d1aeaf34b0a_3951-27,0.4037686548537276
69c7d261-18f8-4a1d-9f56-6b4e8eac4d23_601-00,1,1,1,3,69c7d261-18f8-4a1d-9f56-6b4e8eac4d23_601-00,0.2786152585464927
69f1101f-cb9e-4ad1-8fe6-ed840e5bcf9b_1263-46,1,1,1,2,69f1101f-cb9e-4ad1-8fe6-ed840e5bcf9b_1263-46,1.6308348169416962
69f1101f-cb9e-4ad1-8fe6-ed840e5bcf9b_1350-51,3,0,0,2,69f1101f-cb9e-4ad1-8fe6-ed840e5bcf9b_1263-46,0.4819219816785436
6a793116-6fc3-4706-9bbb-8ba2088ec8db_746-34,2,1,1,2,6a793116-6fc3-4706-9bbb-8ba2088ec8db_746-34,1.0841962701883965
6a847d75-e20f-409d-8b91-77ada97d8fb9_1499-90,3,0,0,2,6a847d75-e20f-409d-8b91-77ada97d8fb9_1826-29,0.8578128169783317
6a847d75-e20f-409d-8b91-77ada97d8fb9_1545-09,1,1,1,2,6a847d75-e20f-409d-8b91-77ada97d8fb9_1826-29,0.44749498572015245
6a847d75-e20f-409d-8b91-77ada97d8fb9_1582-87,0,0,0,2,6a847d75-e20f-409d-8b91-77ada97d8fb9_1826-29,1.3677209044062253
6a847d75-e20f-409d-8b91-77ada97d8fb9_168-24,1,1,1,2,6a847d75-e20f-409d-8b91-77ada97d8fb9_1826-29,0.44952058885674573
6a847d75-e20f-409d-8b91-77ada97d8fb9_1826-29,1,1,1,2,6a847d75-e20f-409d-8b91-77ada97d8fb9_1826-29,0.7543814282870911
6aa13fb1-5440-424e-a021-06a2da215e63_165-83,1,1,1,2,6aa13fb1-5440-424e-a021-06a2da215e63_273-88,0.8698001194679361
6aa13fb1-5440-424e-a021-06a2da215e63_273-88,0,0,0,2,6aa13fb1-5440-424e-a021-06a2da215e63_273-88,0.02575947875193796
6ac035af-4851-4afb-af6c-c00edb7bdbe6_768-70,3,1,1,4,6ac035af-4851-4afb-af6c-c00edb7bdbe6_801-00,0.6913744369451926
6ac035af-4851-4afb-af6c-c00edb7bdbe6_801-00,0,0,0,4,6ac035af-4851-4afb-af6c-c00edb7bdbe6_801-00,1.263524462005543
6af6234f-abfe-48ac-9dde-399f25d9cb43_931-51,1,1,1,1,6af6234f-abfe-48ac-9dde-399f25d9cb43_931-51,1.4358861030868189
6b6fde45-51e9-4c60-8305-27e45883ee7b_270-11,1,1,1,0,6b6fde45-51e9-4c60-8305-27e45883ee7b_270-11,2.6813836339348445
6b7e79ad-68c1-4637-a2d1-d7b8f92ac8a4_166-07,0,1,1,4,6b7e79ad-68c1-4637-a2d1-d7b8f92ac8a4_166-07,1.099764834903513
6b7fc6db-e979-43a0-b61f-7dced89d423d_168-56,1,1,1,2,6b7fc6db-e979-43a0-b61f-7dced89d423d_168-56,-0.5674012197138651
6b7fc6db-e979-43a0-b61f-7dced89d423d_229-56,0,1,1,2,6b7fc6db-e979-43a0-b61f-7dced89d423d_168-56,0.7034243288832158
6b7fc6db-e979-43a0-b61f-7dced89d423d_347-96,0,1,1,2,6b7fc6db-e979-43a0-b61f-7dced89d423d_168-56,0.4963371200898661
6ba5f052-a1cd-46ba-83f2-1be480387020_599-71,3,1,1,3,6ba5f052-a1cd-46ba-83f2-1be480387020_599-71,0.04424733949485016
6baa673a-0cc6-4da2-a481-877de0d2faa5_1148-60,3,1,1,2,6baa673a-0cc6-4da2-a481-877de0d2faa5_1148-60,0.602475752722206
6c0ca07f-6bb2-4db4-a0c3-5926726493fc_124-14,2,1,1,4,6c0ca07f-6bb2-4db4-a0c3-5926726493fc_1648-38,1.6796197427222332
6c0ca07f-6bb2-4db4-a0c3-5926726493fc_1648-38,2,1,1,4,6c0ca07f-6bb2-4db4-a0c3-5926726493fc_1648-38,0.4282762494333454
6c0ca07f-6bb2-4db4-a0c3-5926726493fc_272-36,3,0,0,4,6c0ca07f-6bb2-4db4-a0c3-5926726493fc_1648-38,1.160452065250345
6c1c5527-30a4-421f-bb78-906adffa7c46_357-45,2,1,1,1,6c1c5527-30a4-421f-bb78-906adffa7c46_357-45,0.9934251620755934
6cd8942a-866f-46ef-af6d-5d895723f439_1831-82,1,1,1,0,6cd8942a-866f-46ef-af6d-5d895723f439_1831-82,1.8391215949671884
6d14a0fe-6fd1-4c6b-aaec-a7c38dcd7294_661-60,0,1,1,4,6d14a0fe-6fd1-4c6b-aaec-a7c38dcd7294_661-60,0.9233443637763576
6e0c294c-d634-4804-8d41-cd6e9d79f0b9_1656-45,1,1,1,0,6e0c294c-d634-4804-8d41-cd6e9d79f0b9_1656-45,0.36854144579560844
6e0c294c-d634-4804-8d41-cd6e9d79f0b9_384-20,2,0,0,0,6e0c294c-d634-4804-8d41-cd6e9d79f0b9_1656-45,0.5530634974188904
6e330145-3fe9-44f7-8f84-801717da9ea2_766-46,3,0,0,3,6e330145-3fe9-44f7-8f84-801717da9ea2_766-46,-0.4059841650989888
6e4baf27-2090-4a90-816b-a35a0aff0e56_1023-43,3,1,1,3,6e4baf27-2090-4a90-816b-a35a0aff0e56_1099-34,-0.011413302415374638
6e4baf27-2090-4a90-816b-a35a0aff0e56_1099-34,0,1,1,3,6e4baf27-2090-4a90-816b-a35a0aff0e56_1099-34,1.9785050838556348
6e68d2f9-6d37-4317-a3eb-9541321d558e_2271-24,2,1,1,2,6e68d2f9-6d37-4317-a3eb-9541321d558e_977-72,0.5313331838611228
6e68d2f9-6d37-4317-a3eb-9541321d558e_977-72,2,1,1,2,6e68d2f9-6d37-4317-a3eb-9541321d558e_977-72,-0.1748533127806966
6edb5c87-ae95-4185-807f-06d37124d2b7_659-31,2,1,1,2,6edb5c87-ae95-4185-807f-06d37124d2b7_659-31,0.20240555365977553
6ef5aab3-db5f-4fdb-9c39-b37bd497e7d8_638-66,3,1,1,1,6ef5aab3-db5f-4fdb-9c39-b37bd497e7d8_638-66,0.6314143191215444
6ef7f9c0-30eb-4280-acc1-55f22f6e2924_2998-83,1,0,0,0,6ef7f9c0-30eb-4280-acc1-55f22f6e2924_2998-83,-0.1471900543964657
6f27deaa-7133-4bbb-b9ed-5310d6d05a50_336-16,1,1,1,4,6f27deaa-7133-4bbb-b9ed-5310d6d05a50_549-73,1.3648422372542095
6f27deaa-7133-4bbb-b9ed-5310d6d05a50_549-73,0,0,0,4,6f27deaa-7133-4bbb-b9ed-5310d6d05a50_549-73,2.0545440816800196
6f37694e-26b8-4dc6-9942-567e1e912cda_452-75,3,0,0,4,6f37694e-26b8-4dc6-9942-567e1e912cda_452-75,0.5614245464746586
6f7f3410-1e20-4eb2-b7b0-088c1500054b_299-75,1,1,1,3,6f7f3410-1e20-4eb2-b7b0-088c1500054b_299-75,0.12950569519695265
6f93978d-a3d0-467d-b401-e23b3c92f3bf_5298-67,3,1,1,0,6f93978d-a3d0-467d-b401-e23b3c92f3bf_5299-41,0.3543587442292999
6f93978d-a3d0-467d-b401-e23b3c92f3bf_5299-41,3,1,1,0,6f93978d-a3d0-467d-b401-e23b3c92f3bf_5299-41,0.19995094215195275
6fc30ceb-ace8-49f8-8244-71f14c6d773c_936-70,1,0,0,2,6fc30ceb-ace8-49f8-8244-71f14c6d773c_936-70,2.008646594048289
6fd026d8-b68c-46bc-93de-ccfa08809a9d_603-53,3,0,0,1,6fd026d8-b68c-46bc-93de-ccfa08809a9d_603-53,1.3971864147195954
6fd90f8d-7a4d-425d-a812-3268db0b0342_1001-51,2,0,0,0,6fd90f8d-7a4d-425d-a812-3268db0b0342_1001-51,1.221880293641406
706de1df-babc-4e54-a310-1d9070140197_195-59,3,1,1,0,706de1df-babc-4e54-a310-1d9070140197_195-59,1.4924189105266579
70c8bd4f-bfe1-4fb5-82ad-7d763cc28935_732-98,0,1,1,0,70c8bd4f-bfe1-4fb5-82ad-7d763cc28935_756-65,0.4714962070990114
70c8bd4f-bfe1-4fb5-82ad-7d763cc28935_756-65,0,1,1,0,70c8bd4f-bfe1-4fb5-82ad-7d763cc28935_756-65,1.1550182428044597
71024373-484f-4270-82a4-2251997f3a9f_44-61,1,1,1,1,71024373-484f-4270-82a4-2251997f3a9f_44-61,-0.30406014165092343
71504f29-61c1-49e5-8617-d0e71144c077_652-01,2,1,1,4,71504f29-61c1-49e5-8617-d0e71144c077_652-01,1.25231780847054
7152d311-7801-487c-a6ed-a746e6abaa1f_286-31,0,1,1,0,7152d311-7801-487c-a6ed-a746e6abaa1f_286-31,-0.3179932375003678
71d5f5dc-fff6-4352-b37c-a8e1ed3b39bd_541-68,3,0,0,4,71d5f5dc-fff6-4352-b37c-a8e1ed3b39bd_541-68,1.3550909401014586
720da14e-0ef5-4968-87e9-270fce0a9a18_73-28,1,1,1,3,720da14e-0ef5-4968-87e9-270fce0a9a18_73-28,-0.7209043737216132
721455cc-1e09-44a3-a579-d9e90db85227_1577-57,2,0,0,2,721455cc-1e09-44a3-a579-d9e90db85227_1577-57,0.5269539816572357
7220ce3a-b740-44db-815d-222d914e2dfd_114-26,3,1,1,1,7220ce3a-b740-44db-815d-222d914e2dfd_114-26,0.5965510709874378
7245d60b-1245-49ad-b025-b59da57dd8e8_664-70,1,1,1,0,7245d60b-1245-49ad-b025-b59da57dd8e8_664-70,0.498328864227628
72c81e60-8604-4897-8cd5-71df5244acaa_1172-93,1,0,0,0,72c81e60-8604-4897-8cd5-71df5244acaa_1172-93,0.7042621986569046
72c81e60-8604-4897-8cd5-71df5244acaa_246-30,1,0,0,0,72c81e60-8604-4897-8cd5-71df5244acaa_1172-93,0.1259182257197513
72d6a00b-0554-41cd-a00d-0c1e64e400df_2501-79,3,1,1,4,72d6a00b-0554-41cd-a00d-0c1e64e400df_2501-79,1.2024291913412162
73f94b03-b777-481d-b342-10c516f192a2_3-08,0,0,0,3,73f94b03-b777-481d-b342-10c516f192a2_3-08,1.0286922258183921
744c58f8-9a76-40d4-838f-8c7676fcb316_139-70,2,0,0,2,744c58f8-9a76-40d4-838f-8c7676fcb316_140-01,0.3336839672731964
744c58f8-9a76-40d4-838f-8c7676fcb316_140-01,3,1,1,2,744c58f8-9a76-40d4-838f-8c7676fcb316_140-01,1.160283389791815
7474f654-b43a-463c-a1a1-f8c62cef1e64_1721-20,3,1,1,2,7474f654-b43a-463c-a1a1-f8c62cef1e64_1721-20,1.1359617074035495
74d38b4a-6f22-43b3-b631-9234c05f27ab_270-80,3,0,0,1,74d38b4a-6f22-43b3-b631-9234c05f27ab_270-80,0.5744203747613443
750c5383-58f6-4063-8cc8-50691a68994d_562-01,1,0,0,2,750c5383-58f6-4063-8cc8-50691a68994d_562-01,1.3265249422220995
750c5383-58f6-4063-8cc8-50691a68994d_870-14,1,1,1,2,750c5383-58f6-4063-8cc8-50691a68994d_562-01,0.6598358379939548
75141dec-d6b3-4e2e-a144-5a126abf7dac_584-16,3,1,1,0,75141dec-d6b3-4e2e-a144-5a126abf7dac_584-16,0.08926628883049292
759c5c60-f1af-4476-94b2-e79a51fd44e3_668-31,1,0,0,3,759c5c60-f1af-4476-94b2-e79a51fd44e3_668-31,0.2702136684010994
75ee5afa-d891-4653-ac4c-d81db1a90af7_32-52,0,0,0,2,75ee5afa-d891-4653-ac4c-d81db1a90af7_32-52,0.9767366031370059
7627344d-503f-4a25-b418-10a6929d5a18_842-97,4,1,1,2,7627344d-503f-4a25-b418-10a6929d5a18_842-97,0.8183368620614466
7665b96d-1a30-435b-9679-e7defed426e6_99-13,2,0,0,1,7665b96d-1a30-435b-9679-e7defed426e6_99-13,0.4267052449451849
7696b38a-59d3-4b85-966f-3522f9792966_89-69,1,0,0,0,7696b38a-59d3-4b85-966f-3522f9792966_89-69,0.8139666734312647
76f450c1-3542-4f8a-964c-66c857a23601_1422-15,1,1,1,0,76f450c1-3542-4f8a-964c-66c857a23601_671-42,0.8876895269252683
76f450c1-3542-4f8a-964c-66c857a23601_671-42,3,1,1,0,76f450c1-3542-4f8a-964c-66c857a23601_671-42,1.0590823880254292
77cdd8dd-402b-45d7-a16c-a16520c737e3_1834-33,1,1,1,4,77cdd8dd-402b-45d7-a16c-a16520c737e3_1834-33,1.3057153072359085
77e28690-2ab1-414e-86ed-285ec1d15bd1_315-49,1,0,0,4,77e28690-2ab1-414e-86ed-285ec1d15bd1_315-49,0.9349289531178662
77e28690-2ab1-414e-86ed-285ec1d15bd1_705-46,2,1,1,4,77e28690-2ab1-414e-86ed-285ec1d15bd1_315-49,1.829320749477561
7836e736-ef0a-40ed-9b77-b4c12a08b236_3090-06,3,1,1,3,7836e736-ef0a-40ed-9b77-b4c12a08b236_3090-06,0.45150807370378954
786877d8-e353-4fae-b488-8d7443646882_1021-24,3,0,0,2,786877d8-e353-4fae-b488-8d7443646882_1042-29,0.4257698747934433
786877d8-e353-4fae-b488-8d7443646882_1042-29,2,0,0,2,786877d8-e353-4fae-b488-8d7443646882_1042-29,0.8575998440402466
786877d8-e353-4fae-b488-8d7443646882_224-14,2,1,1,2,786877d8-e353-4fae-b488-8d7443646882_1042-29,0.18364861843964597
786877d8-e353-4fae-b488-8d7443646882_883-95,2,0,0,2,786877d8-e353-4fae-b488-8d7443646882_1042-29,0.9743353568592541
786877d8-e353-4fae-b488-8d7443646882_952-74,3,1,1,2,786877d8-e353-4fae-b488-8d7443646882_1042-29,0.8504588247395248
792d0000-7dcd-4e6c-a486-7befe397233d_917-53,2,1,1,2,792d0000-7dcd-4e6c-a486-7befe397233d_917-53,1.5691668886013383
79c62f24-488e-4a69-8220-3b20cb4bf72b_4957-40,2,0,0,3,79c62f24-488e-4a69-8220-3b20cb4bf72b_4957-40,-0.3892146452199312
79c62f24-488e-4a69-8220-3b20cb4bf72b_611-49,0,0,0,3,79c62f24-488e-4a69-8220-3b20cb4bf72b_4957-40,0.9816675119784197
79c62f24-488e-4a69-8220-3b20cb4bf72b_722-05,1,0,0,3,79c62f24-488e-4a69-8220-3b20cb4bf72b_4957-40,-0.42293294945751647
7a33ca42-9a39-4d59-ba82-c9667c250f48_2200-51,1,0,0,1,7a33ca42-9a39-4d59-ba82-c9667c250f48_2200-51,1.6609176519081184
7a3479a4-b903-4d20-bdc4-98d93ceb3c36_1392-00,3,1,1,0,7a3479a4-b903-4d20-bdc4-98d93ceb3c36_1392-00,1.3723367813588911
7a680a9a-dd7b-467a-a724-a597f1be9f06_2545-71,0,0,0,2,7a680a9a-dd7b-467a-a724-a597f1be9f06_3668-06,0.4596267451529723
7a680a9a-dd7b-467a-a724-a597f1be9f06_2545-86,2,1,1,2,7a680a9a-dd7b-467a-a724-a597f1be9f06_3668-06,0.07293490857297402
7a680a9a-dd7b-467a-a724-a597f1be9f06_2608-93,3,0,0,2,7a680a9a-dd7b-467a-a724-a597f1be9f06_3668-06,0.21659899551371709
7a680a9a-dd7b-467a-a724-a597f1be9f06_3668-06,0,1,1,2,7a680a9a-dd7b-467a-a724-a597f1be9f06_3668-06,0.31241669061948785
7ac6dc03-7c8d-4de8-99af-03268c780ea2_1031-44,2,0,0,3,7ac6dc03-7c8d-4de8-99af-03268c780ea2_1031-44,0.30361083401893074
7acd59a8-ed64-4a99-a469-3d5529a4098a_270-66,1,0,0,4,7acd59a8-ed64-4a99-a469-3d5529a4098a_270-66,2.2713435560882935
7b277350-9926-42ef-b5f7-3ee000f3350a_53-51,1,1,1,3,7b277350-9926-42ef-b5f7-3ee000f3350a_53-51,0.007593513608079361
7b5fafdb-136a-4722-84a4-cffb213a224a_1092-90,3,1,1,4,7b5fafdb-136a-4722-84a4-cffb213a224a_1908-63,1.3575063083075838
7b5fafdb-136a-4722-84a4-cffb213a224a_1908-63,2,0,0,4,7b5fafdb-136a-4722-84a4-cffb213a224a_1908-63,1.3990231646687539
7b5fafdb-136a-4722-84a4-cffb213a224a_2353-21,1,0,0,4,7b5fafdb-136a-4722-84a4-cffb213a224a_1908-63,0.17433526006391675
7c0c0057-3bbc-40ef-a91e-4d6e1a637642_1139-91,1,0,0,0,7c0c0057-3bbc-40ef-a91e-4d6e1a637642_1139-91,0.06462551549374163
7c1c5dca-5856-4997-8cda-9fa3bca10a3b_1061-91,2,0,0,4,7c1c5dca-5856-4997-8cda-9fa3bca10a3b_1973-06,0.661370483034796
7c1c5dca-5856-4997-8cda-9fa3bca10a3b_1969-00,1,1,1,4,7c1c5dca-5856-4997-8cda-9fa3bca10a3b_1973-06,1.1682953211319433
7c1c5dca-5856-4997-8cda-9fa3bca10a3b_1973-06,2,0,0,4,7c1c5dca-5856-4997-8cda-9fa3bca10a3b_1973-06,1.7390291455588391
7c1c5dca-5856-4997-8cda-9fa3bca10a3b_2494-15,2,0,0,4,7c1c5dca-5856-4997-8cda-9fa3bca10a3b_1973-06,0.6854362958810358
7c1c5dca-5856-4997-8cda-9fa3bca10a3b_37-44,2,1,1,4,7c1c5dca-5856-4997-8cda-9fa3bca10a3b_1973-06,0.9018789302570815
7c4f8ef4-c126-46b7-8fa9-1b2daf5b41de_2272-79,2,0,0,1,7c4f8ef4-c126-46b7-8fa9-1b2daf5b41de_2272-79,0.10427273156076833
7c925095-c62a-4a7a-a2ca-118ca3f0176a_2-34,1,1,1,2,7c925095-c62a-4a7a-a2ca-118ca3f0176a_2-34,2.0184984912066257
7c969dc3-aea2-49d4-bd0e-48191b4e5a51_3982-40,0,1,1,3,7c969dc3-aea2-49d4-bd0e-48191b4e5a51_3982-40,-0.015094883005226434
7c969dc3-aea2-49d4-bd0e-48191b4e5a51_6350-49,3,1,1,3,7c969dc3-aea2-49d4-bd0e-48191b4e5a51_3982-40,1.1512102524092442
7cad84ff-4d08-4e18-8784-aaf4e9341264_333-06,1,1,1,3,7cad84ff-4d08-4e18-8784-aaf4e9341264_333-06,0.877772976990481
7d444081-73d8-405d-9bcc-9620e5feefaf_729-22,0,0,0,4,7d444081-73d8-405d-9bcc-9620e5feefaf_729-22,0.6172051196261341
7ddc2c83-3cb0-4bb1-8e91-3ef60f88864d_1433-25,1,0,0,3,7ddc2c83-3cb0-4bb1-8e91-3ef60f88864d_1433-25,0.2794088734691289
7e80931a-2067-419d-8f9e-2aff41dd330c_2937-25,2,0,0,2,7e80931a-2067-419d-8f9e-2aff41dd330c_2937-25,0.8535762678530565
7f296d37-a819-408f-aa34-80b63a40f01e_28-00,3,1,1,1,7f296d37-a819-408f-aa34-80b63a40f01e_28-00,0.5956771719610157
7f5ed6e1-aca1-40d5-87c6-d156c5f02263_213-21,1,1,1,4,7f5ed6e1-aca1-40d5-87c6-d156c5f02263_213-21,2.1065364703713905
7f5ed6e1-aca1-40d5-87c6-d156c5f02263_213-34,2,0,0,4,7f5ed6e1-aca1-40d5-87c6-d156c5f02263_213-21,1.986267671346325
7f5ed6e1-aca1-40d5-87c6-d156c5f02263_220-16,1,0,0,4,7f5ed6e1-aca1-40d5-87c6-d156c5f02263_213-21,1.6254112264028633
7f5ed6e1-aca1-40d5-87c6-d156c5f02263_222-42,1,1,1,4,7f5ed6e1-aca1-40d5-87c6-d156c5f02263_213-21,0.9843841384552796
7fc72743-4b55-48de-b988-4c690bda912f_1613-32,2,1,1,0,7fc72743-4b55-48de-b988-4c690bda912f_1613-32,2.2542433475698034
7ff0900d-1bca-4aa7-aedd-ab0fb0a12371_0-04,1,0,0,4,7ff0900d-1bca-4aa7-aedd-ab0fb0a12371_0-04,0.2476040824093788
803d0524-47c8-45fe-a5d1-c6a71e2cd54b_786-81,2,0,0,3,803d0524-47c8-45fe-a5d1-c6a71e2cd54b_786-81,0.6931887483154748
80c74a5b-81e0-4bc1-bc09-2f146351fe70_545-79,1,1,1,2,80c74a5b-81e0-4bc1-bc09-2f146351fe70_545-79,1.1465032111340445
817170ad-1f3b-44b1-9772-fe914fa17f30_1178-10,3,1,1,0,817170ad-1f3b-44b1-9772-fe914fa17f30_1178-10,0.7202048823057106
817170ad-1f3b-44b1-9772-fe914fa17f30_1211-20,0,1,1,0,817170ad-1f3b-44b1-9772-fe914fa17f30_1178-10,1.0810216051884542
81fb9f8f-be18-4833-a899-4fbcef82a634_2169-64,2,0,0,2,81fb9f8f-be18-4833-a899-4fbcef82a634_2169-64,1.03628482031223
81fb9f8f-be18-4833-a899-4fbcef82a634_270-26,3,1,1,2,81fb9f8f-be18-4833-a899-4fbcef82a634_2169-64,0.777126497602985
81fff27c-97c0-483a-ad42-47fa947977a9_456-39,0,0,0,1,81fff27c-97c0-483a-ad42-47fa947977a9_456-39,-0.6905894044114396
820d4b9e-6fba-472f-aa45-25b27241d4af_366-20,3,0,0,0,820d4b9e-6fba-472f-aa45-25b27241d4af_366-20,1.6818232380670097
824e7896-904a-4ff5-b7ee-e21df21918c2_2003-17,1,1,1,4,824e7896-904a-4ff5-b7ee-e21df21918c2_2003-17,0.17432397058910842
828ef13f-f52a-4a16-b206-4ec7e471f025_147-18,3,0,0,3,828ef13f-f52a-4a16-b206-4ec7e471f025_274-71,-0.030634922295762035
828ef13f-f52a-4a16-b206-4ec7e471f025_238-90,3,0,0,3,828ef13f-f52a-4a16-b206-4ec7e471f025_274-71,-0.4933238293507054
828ef13f-f52a-4a16-b206-4ec7e471f025_274-71,3,1,1,3,828ef13f-f52a-4a16-b206-4ec7e471f025_274-71,0.8352316883048656
82e96128-1242-4e57-8a3e-9ea222df022c_2985-80,1,0,0,2,82e96128-1242-4e57-8a3e-9ea222df022c_2985-80,0.48866821019890594
82e96128-1242-4e57-8a3e-9ea222df022c_2999-35,2,0,0,2,82e96128-1242-4e57-8a3e-9ea222df022c_2985-80,0.1959370418525792
82e96128-1242-4e57-8a3e-9ea222df022c_3264-64,3,0,0,2,82e96128-1242-4e57-8a3e-9ea222df022c_2985-80,0.15973120709607525
82e96128-1242-4e57-8a3e-9ea222df022c_3386-01,3,0,0,2,82e96128-1242-4e57-8a3e-9ea222df022c_2985-80,1.0437131144444014
82e96128-1242-4e57-8a3e-9ea222df022c_3457-40,1,1,1,2,82e96128-1242-4e57-8a3e-9ea222df022c_2985-80,0.41484606942482616
830bd10c-4eb5-477d-9166-7d41ca86880a_963-23,1,1,1,3,830bd10c-4eb5-477d-9166-7d41ca86880a_963-23,1.1928488669548465
839c2689-76f1-4e8c-893d-93675663dd93_582-68,1,0,0,2,839c2689-76f1-4e8c-893d-93675663dd93_582-68,-0.4175143523161562
83f18213-f8f8-44fa-b9ce-104c6ddbcd57_1657-94,3,1,1,1,83f18213-f8f8-44fa-b9ce-104c6ddbcd57_1657-94,-0.3583362421166103
8447cf7c-d919-449a-be90-cdd05910fd9b_29-57,3,1,1,0,8447cf7c-d919-449a-be90-cdd05910fd9b_29-57,1.564788875173631
845cb298-d60b-4106-8213-d2aca821740a_14-13,3,1,1,4,845cb298-d60b-4106-8213-d2aca821740a_14-13,1.8738725547639543
8483fa90-f5dc-4d50-9561-244bfdf12ea3_659-48,1,0,0,3,8483fa90-f5dc-4d50-9561-244bfdf12ea3_659-48,0.33830902466032975
84ec85f6-c167-413c-829d-9c6915519c57_249-09,2,0,0,3,84ec85f6-c167-413c-829d-9c6915519c57_919-33,1.8592078468044366
84ec85f6-c167-413c-829d-9c6915519c57_3997-33,2,1,1,3,84ec85f6-c167-413c-829d-9c6915519c57_919-33,0.5734819427658155
84ec85f6-c167-413c-829d-9c6915519c57_919-33,1,1,1,3,84ec85f6-c167-413c-829d-9c6915519c57_919-33,1.5057685470108504
85020424-0ed9-4dcd-9a39-e5ab84ec6b6d_896-84,1,1,1,2,85020424-0ed9-4dcd-9a39-e5ab84ec6b6d_896-84,0.9989358206741095
85782c5f-a240-44d9-951c-27f0bb3f7f4c_375-79,0,1,1,1,85782c5f-a240-44d9-951c-27f0bb3f7f4c_375-79,0.5067129476457806
85b87948-4578-4912-95cb-addd19cfd31a_1580-85,3,1,1,1,85b87948-4578-4912-95cb-addd19cfd31a_1580-85,0.8345280119443543
85b87948-4578-4912-95cb-addd19cfd31a_1581-49,3,0,0,1,85b87948-4578-4912-95cb-addd19cfd31a_1580-85,0.4366421059392376
85b87948-4578-4912-95cb-addd19cfd31a_3435-98,1,1,1,1,85b87948-4578-4912-95cb-addd19cfd31a_1580-85,0.5490265906688381
860be163-394f-48bb-9068-37e1c383ff73_736-68,1,0,0,0,860be163-394f-48bb-9068-37e1c383ff73_736-68,0.3989204385220866
860be163-394f-48bb-9068-37e1c383ff73_764-03,1,0,0,0,860be163-394f-48bb-9068-37e1c383ff73_736-68,0.29383846506593336
862f0fa5-2c3e-4a6c-ab93-c059637eee8c_49-84,2,1,1,0,862f0fa5-2c3e-4a6c-ab93-c059637eee8c_49-84,0.01532109111403801
8645cc8f-2a69-4a50-bf90-9faec8d80386_717-84,0,1,1,4,8645cc8f-2a69-4a50-bf90-9faec8d80386_717-84,0.4549185366573232
864618d9-cc17-4e90-8c64-7a1e4ba23d17_294-04,3,1,1,1,864618d9-cc17-4e90-8c64-7a1e4ba23d17_294-04,1.7624742838570981
865ff1fd-d17e-4642-b111-8f1a1da5a2d4_748-29,2,0,0,2,865ff1fd-d17e-4642-b111-8f1a1da5a2d4_748-29,0.7122417337270361
8672b38a-7682-4244-ad7a-a336c81c2d0e_1054-38,1,0,0,1,ed027cb2-5b92-4de2-ab58-69d42325ef15_266-43,1.820713611418112
8672b38a-7682-4244-ad7a-a336c81c2d0e_1056-99,2,1,1,1,ed027cb2-5b92-4de2-ab58-69d42325ef15_266-43,1.9526954467464177
8677afac-95b4-4ec1-aec5-39c90fd8374c_271-68,1,0,0,3,8677afac-95b4-4ec1-aec5-39c90fd8374c_271-68,-0.12141751470493367
86fb4797-274f-4807-848a-8b1ddc5c29e8_728-96,0,0,0,0,86fb4797-274f-4807-848a-8b1ddc5c29e8_769-33,1.256737438304015
86fb4797-274f-4807-848a-8b1ddc5c29e8_730-35,3,0,0,0,86fb4797-274f-4807-848a-8b1ddc5c29e8_769-33,1.6496013140371675
86fb4797-274f-4807-848a-8b1ddc5c29e8_769-33,1,1,1,0,86fb4797-274f-4807-848a-8b1ddc5c29e8_769-33,0.07433133553078886
86fb4797-274f-4807-848a-8b1ddc5c29e8_808-67,3,0,0,0,86fb4797-274f-4807-848a-8b1ddc5c29e8_769-33,0.7331039579149898
8774b5c6-83aa-43b0-8a51-00f173949944_3529-30,1,1,1,0,8774b5c6-83aa-43b0-8a51-00f173949944_3529-30,1.6917576431089185
8774b5c6-83aa-43b0-8a51-00f173949944_421-89,3,1,1,0,8774b5c6-83aa-43b0-8a51-00f173949944_3529-30,2.149698684960072
878666b9-5f3d-476a-960f-3a5d02da7619_15170-34,2,0,0,4,878666b9-5f3d-476a-960f-3a5d02da7619_6890-95,0.1746015214871417
878666b9-5f3d-476a-960f-3a5d02da7619_16974-50,3,0,0,4,878666b9-5f3d-476a-960f-3a5d02da7619_6890-95,1.5308463959595189
878666b9-5f3d-476a-960f-3a5d02da7619_18455-07,1,1,1,4,878666b9-5f3d-476a-960f-3a5d02da7619_6890-95,0.5531306928237356
878666b9-5f3d-476a-960f-3a5d02da7619_19280-23,1,1,1,4,878666b9-5f3d-476a-960f-3a5d02da7619_6890-95,0.44102010014862536
878666b9-5f3d-476a-960f-3a5d02da7619_19281-22,2,1,1,4,878666b9-5f3d-476a-960f-3a5d02da7619_6890-95,1.4523625058190124
878666b9-5f3d-476a-960f-3a5d02da7619_22412-01,0,1,1,4,878666b9-5f3d-476a-960f-3a5d02da7619_6890-95,0.9183572220607448
878666b9-5f3d-476a-960f-3a5d02da7619_6890-95,1,0,0,4,878666b9-5f3d-476a-960f-3a5d02da7619_6890-95,1.4265280549448605
878666b9-5f3d-476a-960f-3a5d02da7619_7108-62,3,1,1,4,878666b9-5f3d-476a-960f-3a5d02da7619_6890-95,0.2847153272049767
88193924-6780-4290-b8ba-85676e98387a_783-81,1,1,1,2,88193924-6780-4290-b8ba-85676e98387a_791-58,1.4326021391247843
88193924-6780-4290-b8ba-85676e98387a_791-58,4,1,1,2,88193924-6780-4290-b8ba-85676e98387a_791-58,1.2183801495565203
88faccde-dd5d-4af2-b769-8f0547c2c6a3_826-95,3,1,1,1,88faccde-dd5d-4af2-b769-8f0547c2c6a3_826-95,0.9528346158769916
891169d0-2846-47ce-9f3e-13ac1e6ff85a_10-93,2,0,0,1,891169d0-2846-47ce-9f3e-13ac1e6ff85a_10-93,-0.44499803999840704
89d8c9c5-fa11-4674-b08f-007f81958555_1391-21,2,1,1,4,89d8c9c5-fa11-4674-b08f-007f81958555_240-15,1.4750324632086502
89d8c9c5-fa11-4674-b08f-007f81958555_1484-97,2,1,1,4,89d8c9c5-fa11-4674-b08f-007f81958555_240-15,0.22172395632968156
89d8c9c5-fa11-4674-b08f-007f81958555_1642-22,1,0,0,4,89d8c9c5-fa11-4674-b08f-007f81958555_240-15,-0.2729115728301954
89d8c9c5-fa11-4674-b08f-007f81958555_1665-43,0,0,0,4,89d8c9c5-fa11-4674-b08f-007f81958555_240-15,0.3796609320111739
89d8c9c5-fa11-4674-b08f-007f81958555_179-03,0,1,1,4,89d8c9c5-fa11-4674-b08f-007f81958555_240-15,1.2096242652444484
89d8c9c5-fa11-4674-b08f-007f81958555_2-14,1,1,1,4,89d8c9c5-fa11-4674-b08f-007f81958555_240-15,1.2273744760608554
89d8c9c5-fa11-4674-b08f-007f81958555_227-24,2,0,0,4,89d8c9c5-fa11-4674-b08f-007f81958555_240-15,0.1883223990596028
89d8c9c5-fa11-4674-b08f-007f81958555_240-15,1,0,0,4,89d8c9c5-fa11-4674-b08f-007f81958555_240-15,0.9512574569757071
89d8c9c5-fa11-4674-b08f-007f81958555_252-29,2,1,1,4,89d8c9c5-fa11-4674-b08f-007f81958555_240-15,1.6378036297459926
8a0de6d0-5d28-43f5-91e6-48f41eeb3752_1038-76,0,0,0,3,8a0de6d0-5d28-43f5-91e6-48f41eeb3752_1074-03,0.06828307237320907
8a0de6d0-5d28-43f5-91e6-48f41eeb3752_1074-03,2,0,0,3,8a0de6d0-5d28-43f5-91e6-48f41eeb3752_1074-03,-0.25475149143509346
8a431195-083a-4e07-a99d-28c2591beaef_13-09,1,0,0,0,8a431195-083a-4e07-a99d-28c2591beaef_13-09,0.43334253120177113
8b1d4210-a174-4617-8311-df4b32785d28_1114-53,0,1,1,4,8b1d4210-a174-4617-8311-df4b32785d28_1114-53,0.6130590558940043
8b72b54f-f87c-4fdb-84dc-97e42ab111ac_824-00,1,0,0,3,8b72b54f-f87c-4fdb-84dc-97e42ab111ac_824-00,0.4503622517737542
8b82316c-c293-49a7-b401-a3cc026ab1d0_2095-46,3,0,0,1,8b82316c-c293-49a7-b401-a3cc026ab1d0_3445-90,0.4494776966108256
8b82316c-c293-49a7-b401-a3cc026ab1d0_2988-29,3,0,0,1,8b82316c-c293-49a7-b401-a3cc026ab1d0_3445-90,-0.2273283153107959
8b82316c-c293-49a7-b401-a3cc026ab1d0_3206-95,0,0,0,1,8b82316c-c293-49a7-b401-a3cc026ab1d0_3445-90,1.4226113910306355
8b82316c-c293-49a7-b401-a3cc026ab1d0_3445-90,1,1,1,1,8b82316c-c293-49a7-b401-a3cc026ab1d0_3445-90,0.5493131106419724
8b82db7f-5c39-4850-8a70-97e2615d4faa_508-54,1,0,0,2,8b82db7f-5c39-4850-8a70-97e2615d4faa_508-54,0.9115225963033304
8b89d35d-5e19-4240-b45e-7a692cf962e3_392-22,0,1,1,1,8b89d35d-5e19-4240-b45e-7a692cf962e3_392-22,0.12473995004037297
8bb4369f-a6e0-45a3-9d2d-fd5d5c686ccc_246-04,2,1,1,2,8bb4369f-a6e0-45a3-9d2d-fd5d5c686ccc_276-24,1.7093080062023605
8bb4369f-a6e0-45a3-9d2d-fd5d5c686ccc_276-24,1,1,1,2,8bb4369f-a6e0-45a3-9d2d-fd5d5c686ccc_276-24,2.179086540262811
8bb4369f-a6e0-45a3-9d2d-fd5d5c686ccc_315-76,1,1,1,2,8bb4369f-a6e0-45a3-9d2d-fd5d5c686ccc_276-24,2.0468574484579984
8bb4369f-a6e0-45a3-9d2d-fd5d5c686ccc_70-57,2,1,1,2,8bb4369f-a6e0-45a3-9d2d-fd5d5c686ccc_276-24,1.7414768718432985
8be6e0c4-a80d-41a3-a1c5-5911ae236990_317-18,3,0,0,0,8be6e0c4-a80d-41a3-a1c5-5911ae236990_317-18,0.8399201278395867
8c075dc9-9c6a-43cf-8c6e-fb1af3624cf0_842-26,1,0,0,4,8c075dc9-9c6a-43cf-8c6e-fb1af3624cf0_842-26,1.304093770199822
8c3c68c9-eeec-4f51-881f-3cc6340679ec_0-04,1,1,1,1,8c3c68c9-eeec-4f51-881f-3cc6340679ec_0-04,0.760374424104912
8c3c68c9-eeec-4f51-881f-3cc6340679ec_1138-68,1,0,0,1,8c3c68c9-eeec-4f51-881f-3cc6340679ec_0-04,1.5486425137891098
8caa3009-10ad-407b-b837-ec1a26759089_1828-86,2,1,1,3,8caa3009-10ad-407b-b837-ec1a26759089_1828-86,0.8495864591057376
8cda2388-6f45-46d4-8ded-4ba2e23b309f_463-28,1,0,0,2,8cda2388-6f45-46d4-8ded-4ba2e23b309f_463-28,0.318570753969339
8d3b84a9-e747-47c1-8f09-726fdde7986c_1371-62,0,1,1,1,8d3b84a9-e747-47c1-8f09-726fdde7986c_1371-62,2.4480165481310063
8d4895eb-b2d1-43b8-90f1-e80fcc37797b_2448-11,3,1,1,0,8d4895eb-b2d1-43b8-90f1-e80fcc37797b_9565-47,0.6262841367357748
8d4895eb-b2d1-43b8-90f1-e80fcc37797b_9565-47,1,0,0,0,8d4895eb-b2d1-43b8-90f1-e80fcc37797b_9565-47,-0.08955524062930453
8d4adc89-dcec-42ca-aebc-0d05cafa8f26_21-35,0,0,0,0,8d4adc89-dcec-42ca-aebc-0d05cafa8f26_21-35,0.7087786559744869
8d50f526-624c-40bd-b696-7ad6ce5746ab_22-55,2,1,1,4,8d50f526-624c-40bd-b696-7ad6ce5746ab_22-55,0.41608765924938584
8d85aa58-438d-413c-b8b3-ae5417737c5c_1900-47,0,0,0,3,8d85aa58-438d-413c-b8b3-ae5417737c5c_1900-47,0.8340191878459573
8d900b59-e95d-4c9b-9432-8f5096aac2db_503-05,3,1,1,2,8d900b59-e95d-4c9b-9432-8f5096aac2db_503-05,1.8224846558363335
8dd6490b-6291-4793-b05e-79250f87925f_101-76,1,1,1,4,8dd6490b-6291-4793-b05e-79250f87925f_1530-13,0.44954964988243074
8dd6490b-6291-4793-b05e-79250f87925f_1530-13,3,1,1,4,8dd6490b-6291-4793-b05e-79250f87925f_1530-13,0.512204835009765
8dd6490b-6291-4793-b05e-79250f87925f_1553-75,3,1,1,4,8dd6490b-6291-4793-b05e-79250f87925f_1530-13,0.1813453018018587
8dd6490b-6291-4793-b05e-79250f87925f_396-12,0,0,0,4,8dd6490b-6291-4793-b05e-79250f87925f_1530-13,0.11971039015245255
8dd6490b-6291-4793-b05e-79250f87925f_402-15,0,0,0,4,8dd6490b-6291-4793-b05e-79250f87925f_1530-13,0.12472273060308514
8e2b02c8-9927-4039-8407-514c2709de95_1125-83,1,1,1,1,8e2b02c8-9927-4039-8407-514c2709de95_1125-83,0.6636812158705732
8e605fdf-a4f1-4393-975a-f332ab6b5f79_167-81,1,0,0,0,8e605fdf-a4f1-4393-975a-f332ab6b5f79_44-53,0.6621833878514529
8e605fdf-a4f1-4393-975a-f332ab6b5f79_44-53,3,0,0,0,8e605fdf-a4f1-4393-975a-f332ab6b5f79_44-53,0.4139984723950909
8e748fd1-e30e-4bf6-a04f-5f570ca075ac_351-84,2,1,1,0,8e748fd1-e30e-4bf6-a04f-5f570ca075ac_351-84,0.6155438707803818
8ea5ddc3-ae53-4cff-b457-ba425c6bec97_5750-66,1,1,1,4,8ea5ddc3-ae53-4cff-b457-ba425c6bec97_5750-66,0.2674572636356807
8ed40810-09cf-4061-953c-9fff6e6d6aeb_103-16,2,1,1,2,8ed40810-09cf-4061-953c-9fff6e6d6aeb_122-51,1.9706988110013226
8ed40810-09cf-4061-953c-9fff6e6d6aeb_122-51,1,1,1,2,8ed40810-09cf-4061-953c-9fff6e6d6aeb_122-51,0.6934157887939354
8ed40810-09cf-4061-953c-9fff6e6d6aeb_589-93,0,0,0,2,8ed40810-09cf-4061-953c-9fff6e6d6aeb_122-51,2.071215804542167
8ee6764a-4ef2-4359-9cf1-03a5f4dbcc79_593-30,0,1,1,3,8ee6764a-4ef2-4359-9cf1-03a5f4dbcc79_593-30,0.09926934694663792
8f05300f-1200-4c18-937b-b8e23dc92505_261-93,3,1,1,2,8f05300f-1200-4c18-937b-b8e23dc92505_261-93,1.6904715827996446
8f0f8606-b696-4bb2-909d-703e4e076d80_641-77,2,1,1,0,8f0f8606-b696-4bb2-909d-703e4e076d80_641-77,2.141100956261893
8f0f8606-b696-4bb2-909d-703e4e076d80_725-88,2,0,0,0,8f0f8606-b696-4bb2-909d-703e4e076d80_641-77,-0.07496212488712817
8f4008a5-18c9-464b-9bce-1ffa824f238d_1620-01,0,0,0,4,8f4008a5-18c9-464b-9bce-1ffa824f238d_1620-01,-0.03702103295400416
8f4008a5-18c9-464b-9bce-1ffa824f238d_96-39,2,0,0,4,8f4008a5-18c9-464b-9bce-1ffa824f238d_1620-01,1.1675518825262476
8f47201d-0398-4442-af65-0dde73284c7f_1370-37,1,0,0,1,8f47201d-0398-4442-af65-0dde73284c7f_1370-37,1.2032716660962806
8fafc02a-ef7a-46f4-ae97-b0c68c8bb207_14026-98,2,1,1,2,8fafc02a-ef7a-46f4-ae97-b0c68c8bb207_14026-98,1.9256225473508213
8fafc02a-ef7a-46f4-ae97-b0c68c8bb207_16014-05,0,1,1,2,8fafc02a-ef7a-46f4-ae97-b0c68c8bb207_14026-98,1.2427142327312106
8fafc02a-ef7a-46f4-ae97-b0c68c8bb207_7571-93,0,0,0,2,8fafc02a-ef7a-46f4-ae97-b0c68c8bb207_14026-98,1.5769021622119617
8ff25fe1-3a42-4449-bd91-b3ac2adf9143_380-26,1,0,0,2,8ff25fe1-3a42-4449-bd91-b3ac2adf9143_380-26,2.280102905587933
90398a2b-de6b-4232-9bea-149c48cb1326_334-80,1,0,0,0,90398a2b-de6b-4232-9bea-149c48cb1326_334-80,0.40734512757475505
90398a2b-de6b-4232-9bea-149c48cb1326_984-97,1,1,1,0,90398a2b-de6b-4232-9bea-149c48cb1326_334-80,0.799972951914182
906a5fbf-a335-4134-a23a-ece71a9683eb_1213-24,1,1,1,0,906a5fbf-a335-4134-a23a-ece71a9683eb_1213-24,1.9086680792761417
9148ceed-6983-4303-a560-2cbde805ee85_493-46,2,0,0,4,9148ceed-6983-4303-a560-2cbde805ee85_529-14,0.1164046456040373
9148ceed-6983-4303-a560-2cbde805ee85_529-14,1,0,0,4,9148ceed-6983-4303-a560-2cbde805ee85_529-14,-0.35480370583081444
9155f5b9-6235-484f-990d-fbd3010a791e_1650-00,0,1,1,2,9155f5b9-6235-484f-990d-fbd3010a791e_1650-00,0.5930423860236269
9155f5b9-6235-484f-990d-fbd3010a791e_2163-97,2,1,1,2,9155f5b9-6235-484f-990d-fbd3010a791e_1650-00,1.34025759724706
92153977-6016-4863-be78-c4af25a56a0f_1117-24,1,1,1,0,92153977-6016-4863-be78-c4af25a56a0f_394-80,1.6592190128249524
92153977-6016-4863-be78-c4af25a56a0f_394-80,2,0,0,0,92153977-6016-4863-be78-c4af25a56a0f_394-80,-0.013942527277738703
929a6fbb-3fda-45af-95bf-144d851761f4_1114-91,1,1,1,3,929a6fbb-3fda-45af-95bf-144d851761f4_1114-91,1.5750598426969165
932dfe2f-0cf1-4b76-b41a-4ca03f6945e5_1575-94,3,1,1,0,932dfe2f-0cf1-4b76-b41a-4ca03f6945e5_1575-94,1.6787183480655137
933a8f93-2881-458d-93ec-8c072f2a1474_2356-83,2,0,0,1,933a8f93-2881-458d-93ec-8c072f2a1474_2356-83,0.6832221718226867
935bc36b-27aa-4c83-89fd-221feca0030e_1080-82,0,1,1,0,935bc36b-27aa-4c83-89fd-221feca0030e_1080-82,0.19154048399875512
937e5809-09d0-4c6b-8d9e-9329e0cf6218_148-21,3,1,1,1,937e5809-09d0-4c6b-8d9e-9329e0cf6218_148-21,2.299045155084693
937e5809-09d0-4c6b-8d9e-9329e0cf6218_2515-56,1,1,1,1,937e5809-09d0-4c6b-8d9e-9329e0cf6218_148-21,-0.46055297091938474
93a5f8cb-d7eb-4e5a-9913-77ef1487ce61_2462-55,1,1,1,3,93a5f8cb-d7eb-4e5a-9913-77ef1487ce61_3858-22,0.12264850913071657
93a5f8cb-d7eb-4e5a-9913-77ef1487ce61_3858-22,3,1,1,3,93a5f8cb-d7eb-4e5a-9913-77ef1487ce61_3858-22,1.2990985733899303
93f78437-229d-4824-a8c1-68d9b17e754d_1063-13,0,1,1,1,93f78437-229d-4824-a8c1-68d9b17e754d_1063-13,1.3958728822926434
93f78437-229d-4824-a8c1-68d9b17e754d_1063-21,2,1,1,1,93f78437-229d-4824-a8c1-68d9b17e754d_1063-13,0.43938884647482923
944aacb0-f596-460d-b5a6-9ae05df1d430_3528-77,0,1,1,0,944aacb0-f596-460d-b5a6-9ae05df1d430_3528-77,1.4104307308834367
944aacb0-f596-460d-b5a6-9ae05df1d430_3858-37,3,0,0,0,944aacb0-f596-460d-b5a6-9ae05df1d430_3528-77,0.4644465444176915
94734a4a-4fb2-4d45-a47f-9d3d0ad70071_1049-90,0,1,1,4,94734a4a-4fb2-4d45-a47f-9d3d0ad70071_1049-90,2.9673555883116545
948317e1-7426-4bfa-b25a-a476ee69797f_845-76,3,1,1,3,948317e1-7426-4bfa-b25a-a476ee69797f_845-76,1.816702586357067
9490a06b-3fa1-47b6-b470-facb3d61ac57_1071-05,2,1,1,0,9490a06b-3fa1-47b6-b470-facb3d61ac57_153-78,-0.40300252553809224
9490a06b-3fa1-47b6-b470-facb3d61ac57_153-78,1,1,1,0,9490a06b-3fa1-47b6-b470-facb3d61ac57_153-78,0.6380785981541579
9490a06b-3fa1-47b6-b470-facb3d61ac57_599-12,1,0,0,0,9490a06b-3fa1-47b6-b470-facb3d61ac57_153-78,0.8117413447032877
949b2e8a-83f9-4b89-b29b-9e8d81600dd8_2242-73,1,1,1,0,949b2e8a-83f9-4b89-b29b-9e8d81600dd8_2981-03,1.087227282603156
949b2e8a-83f9-4b89-b29b-9e8d81600dd8_2250-47,0,1,1,0,949b2e8a-83f9-4b89-b29b-9e8d81600dd8_2981-03,0.41729118348295513
949b2e8a-83f9-4b89-b29b-9e8d81600dd8_2981-03,0,1,1,0,949b2e8a-83f9-4b89-b29b-9e8d81600dd8_2981-03,0.007629516955733884
949b2e8a-83f9-4b89-b29b-9e8d81600dd8_3511-42,3,1,1,0,949b2e8a-83f9-4b89-b29b-9e8d81600dd8_2981-03,0.7753449222190651
949c5a8f-7aa7-4566-a04c-531961cbcc16_1433-64,2,1,1,2,949c5a8f-7aa7-4566-a04c-531961cbcc16_1433-64,0.8083797435708662
94d5eff8-0fac-4719-adf2-5c0208ab89f7_1110-52,1,0,0,3,94d5eff8-0fac-4719-adf2-5c0208ab89f7_1110-52,0.4421561710684785
94d5eff8-0fac-4719-adf2-5c0208ab89f7_3271-35,0,0,0,3,94d5eff8-0fac-4719-adf2-5c0208ab89f7_1110-52,-0.08419708447738938
9520f703-8904-4123-bd7f-873b0b42074b_224-60,1,1,1,4,9520f703-8904-4123-bd7f-873b0b42074b_989-29,1.070639853670757
9520f703-8904-4123-bd7f-873b0b42074b_239-07,0,1,1,4,9520f703-8904-4123-bd7f-873b0b42074b_989-29,0.8298980256533492
9520f703-8904-4123-bd7f-873b0b42074b_989-29,0,1,1,4,9520f703-8904-4123-bd7f-873b0b42074b_989-29,0.9637720200494222
952d5295-06f4-4578-929b-4113e4ff9201_741-67,2,0,0,3,952d5295-06f4-4578-929b-4113e4ff9201_741-67,0.24057976438011353
952d5295-06f4-4578-929b-4113e4ff9201_769-29,1,1,1,3,952d5295-06f4-4578-929b-4113e4ff9201_741-67,0.2862444137714306
952d5295-06f4-4578-929b-4113e4ff9201_792-75,1,1,1,3,952d5295-06f4-4578-929b-4113e4ff9201_741-67,1.4114413909099761
952d5295-06f4-4578-929b-4113e4ff9201_808-38,0,1,1,3,952d5295-06f4-4578-929b-4113e4ff9201_741-67,1.4422768093477882
952f40df-b1d7-4562-afe4-2a4ff569e949_2108-64,1,1,1,1,952f40df-b1d7-4562-afe4-2a4ff569e949_2108-64,-0.08072976333336568
9531cee8-0f60-4a68-8243-397ab7670a75_270-43,1,0,0,0,9531cee8-0f60-4a68-8243-397ab7670a75_270-43,1.6986125080580372
959bc769-a40e-4f4b-ba45-5adf32b8f26e_201-77,1,1,1,4,959bc769-a40e-4f4b-ba45-5adf32b8f26e_201-77,0.8595388971642319
95abf338-cf33-43f4-a8d0-44d6ea691d0f_44-58,1,1,1,3,95abf338-cf33-43f4-a8d0-44d6ea691d0f_44-58,1.3166095374128022
95c0a226-5cb1-4380-af73-db2fcdbdbb76_174-41,3,0,0,2,95c0a226-5cb1-4380-af73-db2fcdbdbb76_174-41,-0.3254296761850841
95f2caf6-c6f5-4471-9763-2957e248eb58_503-77,2,1,1,3,95f2caf6-c6f5-4471-9763-2957e248eb58_503-77,1.119657119929098
95f2caf6-c6f5-4471-9763-2957e248eb58_588-89,4,1,1,3,95f2caf6-c6f5-4471-9763-2957e248eb58_503-77,-0.2511127555503745
9632b0a9-cf21-4773-b95b-83aae9a23d0a_17-58,0,0,0,1,9632b0a9-cf21-4773-b95b-83aae9a23d0a_630-61,0.3466518709551154
9632b0a9-cf21-4773-b95b-83aae9a23d0a_630-61,0,0,0,1,9632b0a9-cf21-4773-b95b-83aae9a23d0a_630-61,0.4698054962799081
963b09ff-1da2-4168-bed2-fe1d2531dd98_1393-91,2,1,1,1,963b09ff-1da2-4168-bed2-fe1d2531dd98_1393-91,-0.027475601905298186
963c1ecc-d25e-4c0a-b447-9b26f3778efc_207-31,2,1,1,0,963c1ecc-d25e-4c0a-b447-9b26f3778efc_207-31,1.3736680495251736
968d25eb-ab49-4a12-8b53-c5d98b091353_1212-82,0,1,1,4,968d25eb-ab49-4a12-8b53-c5d98b091353_1212-82,1.7487269533941006
969866a7-2393-4bca-851a-885ddd7f627d_2129-17,1,1,1,1,969866a7-2393-4bca-851a-885ddd7f627d_2662-28,1.2195811092221824
969866a7-2393-4bca-851a-885ddd7f627d_2446-72,1,1,1,1,969866a7-2393-4bca-851a-885ddd7f627d_2662-28,1.5547531140778899
969866a7-2393-4bca-851a-885ddd7f627d_2662-28,0,1,1,1,969866a7-2393-4bca-851a-885ddd7f627d_2662-28,2.3604082023105644
972f2966-c368-4344-a9ca-5bd8a277f177_1110-10,0,1,1,3,972f2966-c368-4344-a9ca-5bd8a277f177_1110-10,0.1830083617857008
972f2966-c368-4344-a9ca-5bd8a277f177_602-22,0,0,0,3,972f2966-c368-4344-a9ca-5bd8a277f177_1110-10,0.05504771380028339
97811639-7def-4034-8083-a82a59156234_468-38,2,0,0,3,97811639-7def-4034-8083-a82a59156234_468-38,0.6158492229187529
97ab9564-34c2-4272-97ec-8c4f2f76e117_1373-58,2,1,1,2,97ab9564-34c2-4272-97ec-8c4f2f76e117_1373-58,2.325738034140045
97ba861b-605c-4942-8e15-95953a3032e1_583-02,1,0,0,1,97ba861b-605c-4942-8e15-95953a3032e1_583-02,0.7566662358436476
97bd40e4-be39-403d-b9ae-f7eb006c51e2_914-45,1,0,0,0,97bd40e4-be39-403d-b9ae-f7eb006c51e2_914-45,0.6790707595108145
97d62297-ee2c-482f-aec2-4f73448c3a03_538-31,0,1,1,4,97d62297-ee2c-482f-aec2-4f73448c3a03_538-31,0.7844993419847
97eaf9ae-9b92-493d-a555-4fcdb7c039a1_1485-95,3,0,0,3,97eaf9ae-9b92-493d-a555-4fcdb7c039a1_1485-95,1.1963381490539213
98334b78-967f-4980-ba86-56d34b4aaf2e_1109-83,2,1,1,2,98334b78-967f-4980-ba86-56d34b4aaf2e_1109-83,0.35214244570263054
98439a73-2aa4-4071-bee3-00973a58a70d_291-10,1,0,0,1,98439a73-2aa4-4071-bee3-00973a58a70d_291-10,1.1436490479203207
9848e52e-e6f3-4190-9c42-f85cd9847e10_807-44,2,1,1,4,9848e52e-e6f3-4190-9c42-f85cd9847e10_807-44,1.141573311777226
989f3c2c-edd2-4f30-9925-56771e2bf7cc_6090-07,1,0,0,1,989f3c2c-edd2-4f30-9925-56771e2bf7cc_6720-40,0.32674913677048756
989f3c2c-edd2-4f30-9925-56771e2bf7cc_6720-40,0,1,1,1,989f3c2c-edd2-4f30-9925-56771e2bf7cc_6720-40,-0.39376961045628045
98fcbc28-9542-4f3c-9a03-73af08fb989d_1063-08,3,1,1,3,98fcbc28-9542-4f3c-9a03-73af08fb989d_1063-08,2.0882136909683595
98fcbc28-9542-4f3c-9a03-73af08fb989d_1376-40,0,1,1,3,98fcbc28-9542-4f3c-9a03-73af08fb989d_1063-08,0.13919294158197193
98ff21ab-6151-4429-a6ff-39d3c6fa173b_1442-50,0,1,1,4,98ff21ab-6151-4429-a6ff-39d3c6fa173b_1442-50,0.004934542672002218
992af5dc-64ff-4e24-b324-cc3df15be595_656-31,1,1,1,3,992af5dc-64ff-4e24-b324-cc3df15be595_656-31,2.6974309011999464
994616c8-63b0-47bd-a526-0680f4acff9e_109-35,3,0,0,2,994616c8-63b0-47bd-a526-0680f4acff9e_109-35,-0.1505464994982808
998d4e6e-f579-4872-b706-767c5f392825_2418-72,0,1,1,1,998d4e6e-f579-4872-b706-767c5f392825_5282-59,-0.08110660223852473
998d4e6e-f579-4872-b706-767c5f392825_4715-59,3,1,1,1,998d4e6e-f579-4872-b706-767c5f392825_5282-59,0.789916922840068
998d4e6e-f579-4872-b706-767c5f392825_4762-05,0,1,1,1,998d4e6e-f579-4872-b706-767c5f392825_5282-59,1.5816791911661696
998d4e6e-f579-4872-b706-767c5f392825_5068-97,2,0,0,1,998d4e6e-f579-4872-b706-767c5f392825_5282-59,0.5701047247976667
998d4e6e-f579-4872-b706-767c5f392825_5282-59,1,1,1,1,998d4e6e-f579-4872-b706-767c5f392825_5282-59,0.8053290550063947
998d4e6e-f579-4872-b706-767c5f392825_698-26,1,1,1,1,998d4e6e-f579-4872-b706-767c5f392825_5282-59,1.9541423381933558
99a89af1-a535-477c-88a8-c0830ba33486_1246-37,1,1,1,1,99a89af1-a535-477c-88a8-c0830ba33486_1246-37,1.7500389101998783
99f41d39-cc65-4aad-b186-23b66e282f19_1295-59,1,0,0,0,99f41d39-cc65-4aad-b186-23b66e282f19_141-65,2.4132210269995786
99f41d39-cc65-4aad-b186-23b66e282f19_141-65,3,1,1,0,99f41d39-cc65-4aad-b186-23b66e282f19_141-65,1.1466882483386387
99f41d39-cc65-4aad-b186-23b66e282f19_68-52,0,1,1,0,99f41d39-cc65-4aad-b186-23b66e282f19_141-65,1.541152149645868
9a33e9f1-a740-4810-a624-62b0c9935741_115-86,1,1,1,2,9a33e9f1-a740-4810-a624-62b0c9935741_2416-26,0.3062391718004944
9a33e9f1-a740-4810-a624-62b0c9935741_1702-28,3,0,0,2,9a33e9f1-a740-4810-a624-62b0c9935741_2416-26,1.016705693641006
9a33e9f1-a740-4810-a624-62b0c9935741_1894-42,2,1,1,2,9a33e9f1-a740-4810-a624-62b0c9935741_2416-26,1.0500527032903455
9a33e9f1-a740-4810-a624-62b0c9935741_2385-44,2,1,1,2,9a33e9f1-a740-4810-a624-62b0c9935741_2416-26,1.645671032042979
9a33e9f1-a740-4810-a624-62b0c9935741_2416-26,1,1,1,2,9a33e9f1-a740-4810-a624-62b0c9935741_2416-26,0.24910541256412366
9a33e9f1-a740-4810-a624-62b0c9935741_636-64,0,1,1,2,9a33e9f1-a740-4810-a624-62b0c9935741_2416-26,0.7805848267083397
9a33e9f1-a740-4810-a624-62b0c9935741_831-69,1,1,1,2,9a33e9f1-a740-4810-a624-62b0c9935741_2416-26,1.0656766580297194
9a622b20-b234-4237-a3aa-c76b350e82dd_477-13,3,0,0,0,9a622b20-b234-4237-a3aa-c76b350e82dd_477-13,0.35580275207088796
9a732221-3adb-4903-b61d-9b8097965fbf_2751-77,2,0,0,0,9a732221-3adb-4903-b61d-9b8097965fbf_2751-77,0.18909798117770604
9a732221-3adb-4903-b61d-9b8097965fbf_3781-26,1,1,1,0,9a732221-3adb-4903-b61d-9b8097965fbf_2751-77,0.3986089678564091
9b34e344-494d-4664-8180-a8ff2a692ab2_35-55,1,0,0,4,9b34e344-494d-4664-8180-a8ff2a692ab2_35-55,1.0734450218459357
9b8a4b28-b831-417b-83dd-deb7890908c0_1561-56,0,1,1,3,9b8a4b28-b831-417b-83dd-deb7890908c0_1561-56,1.6791676294686158
9c07f3a2-5033-4f78-a377-a4cf5a7d7add_2010-42,1,0,0,4,9c07f3a2-5033-4f78-a377-a4cf5a7d7add_2093-33,1.7645861275554138
9c07f3a2-5033-4f78-a377-a4cf5a7d7add_2093-33,0,1,1,4,9c07f3a2-5033-4f78-a377-a4cf5a7d7add_2093-33,0.8905734050997896
9c15ab39-2b2b-4eb1-a93d-4dd3b9711fc6_321-25,0,1,1,2,9c15ab39-2b2b-4eb1-a93d-4dd3b9711fc6_321-25,0.18005677346995608
9ced9631-9c8f-4a69-9984-e6b0763d11ba_278-77,3,1,1,1,9ced9631-9c8f-4a69-9984-e6b0763d11ba_278-77,0.5701563045492317
9d0c46d6-ea9a-43e6-8b8a-4b2972eb6ef4_551-12,3,0,0,0,9d0c46d6-ea9a-43e6-8b8a-4b2972eb6ef4_551-12,0.5070563006050763
9d26362a-4411-4d8b-b114-03f4f89928d7_1156-78,3,1,1,3,e00d8164-9996-48ed-8645-bb88ab30cc09_113-51,1.4100901355195916
9d26362a-4411-4d8b-b114-03f4f89928d7_1588-24,0,1,1,3,e00d8164-9996-48ed-8645-bb88ab30cc09_113-51,1.111405459327124
9d26362a-4411-4d8b-b114-03f4f89928d7_694-92,1,0,0,3,e00d8164-9996-48ed-8645-bb88ab30cc09_113-51,0.3459538495670167
9d2ec4ad-945f-4614-b41f-24260de662f6_1664-30,2,1,1,4,9d2ec4ad-945f-4614-b41f-24260de662f6_1664-30,0.8741393837208156
9d965c16-0014-45e5-b37b-50a786971470_2004-75,2,1,1,2,9d965c16-0014-45e5-b37b-50a786971470_2004-75,0.5591268617370027
9d965c16-0014-45e5-b37b-50a786971470_2476-67,1,0,0,2,9d965c16-0014-45e5-b37b-50a786971470_2004-75,0.28574968415858426
9d965c16-0014-45e5-b37b-50a786971470_6156-96,2,0,0,2,9d965c16-0014-45e5-b37b-50a786971470_2004-75,0.7423602281470947
9d965c16-0014-45e5-b37b-50a786971470_8107-86,0,1,1,2,9d965c16-0014-45e5-b37b-50a786971470_2004-75,-0.25098635707202477
9dd29951-5080-4392-8bcd-2446e6af90fe_1166-46,3,0,0,3,9dd29951-5080-4392-8bcd-2446e6af90fe_1166-46,-0.07947525778664599
9df7c322-0e66-491d-bcf8-f10038b1eccf_229-80,2,1,1,2,9df7c322-0e66-491d-bcf8-f10038b1eccf_229-80,0.9711459752291582
9e0594bd-15a5-4ae7-afa0-9283683ae1f2_1106-88,1,1,1,0,9e0594bd-15a5-4ae7-afa0-9283683ae1f2_1106-88,1.520507185857443
9e08a7b1-eb04-4d11-bb0b-f4cd42f0a819_3434-14,2,0,0,4,9e08a7b1-eb04-4d11-bb0b-f4cd42f0a819_3434-14,-0.16956152080694187
9e579570-0541-49d6-bf0e-35483e949296_653-37,2,1,1,4,9e579570-0541-49d6-bf0e-35483e949296_653-37,1.1137473257948534
9e9c5b05-c7d4-450d-9850-e6ae83caa9a5_3282-52,0,1,1,2,9e9c5b05-c7d4-450d-9850-e6ae83caa9a5_3297-13,1.0481480818015703
9e9c5b05-c7d4-450d-9850-e6ae83caa9a5_3297-13,1,1,1,2,9e9c5b05-c7d4-450d-9850-e6ae83caa9a5_3297-13,1.0502790730459353
9f4e5f51-eac3-4070-9097-f6e18a7b90f9_1289-99,3,1,1,3,9f4e5f51-eac3-4070-9097-f6e18a7b90f9_1289-99,0.35452624024638557
9f8d9232-a78e-4e14-9a0f-944a325efa19_133-97,1,1,1,2,9f8d9232-a78e-4e14-9a0f-944a325efa19_133-97,0.9047160484164554
9fb1ce25-8a99-45ed-a28c-1492192d4964_1100-54,2,1,1,1,9fb1ce25-8a99-45ed-a28c-1492192d4964_1957-11,0.9363711298308715
9fb1ce25-8a99-45ed-a28c-1492192d4964_1946-35,2,0,0,1,9fb1ce25-8a99-45ed-a28c-1492192d4964_1957-11,-0.09464896919674293
9fb1ce25-8a99-45ed-a28c-1492192d4964_1957-11,2,0,0,1,9fb1ce25-8a99-45ed-a28c-1492192d4964_1957-11,0.6078747300359704
9fc3678b-86e2-44ab-adbc-9aeda78ceb60_957-19,3,0,0,2,9fc3678b-86e2-44ab-adbc-9aeda78ceb60_957-19,0.054861309743407416
9fc3678b-86e2-44ab-adbc-9aeda78ceb60_992-74,0,1,1,2,9fc3678b-86e2-44ab-adbc-9aeda78ceb60_957-19,1.2242578308832397
a055e4e8-cc07-47c1-a438-06f45c4f724c_2257-57,2,1,1,2,a055e4e8-cc07-47c1-a438-06f45c4f724c_2257-57,1.5136131982539132
a055e4e8-cc07-47c1-a438-06f45c4f724c_2341-22,1,1,1,2,a055e4e8-cc07-47c1-a438-06f45c4f724c_2257-57,1.1848000512721275
a12f0a2e-e066-4b65-8603-6754bb73e196_30-04,3,1,1,1,a12f0a2e-e066-4b65-8603-6754bb73e196_30-04,0.424706341887348
a13a145f-920a-44ec-8aef-b489c097f4a7_171-91,2,1,1,0,a13a145f-920a-44ec-8aef-b489c097f4a7_171-91,0.13002144026830975
a1b38e9d-7225-46ab-ab17-a61b261faa36_1920-36,2,1,1,4,a1b38e9d-7225-46ab-ab17-a61b261faa36_1920-36,-0.20791832189800097
a1e8d35f-2dad-495c-ac00-b056f710c706_1381-64,3,1,1,3,a1e8d35f-2dad-495c-ac00-b056f710c706_1381-64,0.7471677628610165
a23540b7-3588-48ad-b84a-1b5935db856a_235-41,1,0,0,2,a23540b7-3588-48ad-b84a-1b5935db856a_235-41,0.876937192274128
a267b011-b1db-4e3c-aa49-438e2afdd6dc_116-72,4,1,1,1,a267b011-b1db-4e3c-aa49-438e2afdd6dc_116-72,1.1025077725606225
a2c3a84e-ae75-4e72-8a52-64511ed67080_919-81,4,1,1,0,a2c3a84e-ae75-4e72-8a52-64511ed67080_919-81,1.2719639864893684
a2f25985-0589-42ca-af57-58930079dfb9_1082-02,3,1,1,2,a2f25985-0589-42ca-af57-58930079dfb9_1082-02,0.03604326666742175
a2f25985-0589-42ca-af57-58930079dfb9_1096-32,3,0,0,2,a2f25985-0589-42ca-af57-58930079dfb9_1082-02,1.2098955327492114
a2f25985-0589-42ca-af57-58930079dfb9_7290-57,3,1,1,2,a2f25985-0589-42ca-af57-58930079dfb9_1082-02,1.6045542684489251
a32e3749-3ec6-4865-b5f2-067d05c04190_1229-02,0,1,1,4,a32e3749-3ec6-4865-b5f2-067d05c04190_230-06,1.5726230627214193
a32e3749-3ec6-4865-b5f2-067d05c04190_230-06,2,0,0,4,a32e3749-3ec6-4865-b5f2-067d05c04190_230-06,0.7152396663451053
a3c41b4b-6dc7-4e69-b04b-ca30b4f1c185_1014-12,0,0,0,2,a3c41b4b-6dc7-4e69-b04b-ca30b4f1c185_1014-12,0.5149510706211013
a3f1b2f3-0735-4c65-b66e-5c397f3126c7_276-64,0,0,0,3,a3f1b2f3-0735-4c65-b66e-5c397f3126c7_276-64,1.0183150551076252
a3f6b937-bb29-4cc4-9f4b-27080ddca7c7_437-97,2,0,0,4,a3f6b937-bb29-4cc4-9f4b-27080ddca7c7_437-97,0.3451026269197912
a4048b30-d9a8-4653-a2d6-d07422e3449e_739-24,1,1,1,0,a4048b30-d9a8-4653-a2d6-d07422e3449e_739-24,0.865243076836073
a40f2c59-c795-4893-9ec5-6a58632a2b49_635-34,0,0,0,1,a40f2c59-c795-4893-9ec5-6a58632a2b49_635-34,0.059695927838090634
a4375d98-e295-4e7d-a718-d8af066e3d57_1708-23,0,1,1,0,a4375d98-e295-4e7d-a718-d8af066e3d57_1708-23,0.9506770054027052
a437e059-78be-4894-a7ab-dc27fa16d3f8_178-53,3,0,0,2,a437e059-78be-4894-a7ab-dc27fa16d3f8_6770-46,0.06068444112439009
a437e059-78be-4894-a7ab-dc27fa16d3f8_6770-46,1,1,1,2,a437e059-78be-4894-a7ab-dc27fa16d3f8_6770-46,-0.10080901047093516
a437e059-78be-4894-a7ab-dc27fa16d3f8_6791-07,2,0,0,2,a437e059-78be-4894-a7ab-dc27fa16d3f8_6770-46,0.31550211723133526
a437e059-78be-4894-a7ab-dc27fa16d3f8_7188-07,3,0,0,2,a437e059-78be-4894-a7ab-dc27fa16d3f8_6770-46,0.8170226935107787
a437e059-78be-4894-a7ab-dc27fa16d3f8_9861-81,1,0,0,2,a437e059-78be-4894-a7ab-dc27fa16d3f8_6770-46,0.8396343763725445
a448297b-ae62-4712-bc4f-849b39176558_2443-39,3,1,1,1,a448297b-ae62-4712-bc4f-849b39176558_2588-08,1.5588988463047235
a448297b-ae62-4712-bc4f-849b39176558_2588-08,3,1,1,1,a448297b-ae62-4712-bc4f-849b39176558_2588-08,1.5869306816550572
a448297b-ae62-4712-bc4f-849b39176558_3322-55,0,0,0,1,a448297b-ae62-4712-bc4f-849b39176558_2588-08,1.1164246348427678
a454e4d7-7ead-41ea-bfcf-db8300ad34d9_72-86,3,0,0,4,a454e4d7-7ead-41ea-bfcf-db8300ad34d9_72-86,0.9459231437065521
a48f66dc-d07c-4ca9-aa3b-b08ea5802194_1914-01,1,0,0,3,a48f66dc-d07c-4ca9-aa3b-b08ea5802194_1914-01,0.30692733288040874
a49bdcc8-8f23-445d-bae0-8d9e5c4d9c63_1749-02,2,0,0,2,a49bdcc8-8f23-445d-bae0-8d9e5c4d9c63_1749-02,0.32602484546270905
a4bbdddc-c222-4535-a616-57ccbc8f9b9e_1495-45,3,1,1,3,a4bbdddc-c222-4535-a616-57ccbc8f9b9e_1495-45,1.482041422880166
a4bbdddc-c222-4535-a616-57ccbc8f9b9e_4898-52,1,0,0,3,a4bbdddc-c222-4535-a616-57ccbc8f9b9e_1495-45,-0.4796964256975862
a4bbdddc-c222-4535-a616-57ccbc8f9b9e_5519-45,2,0,0,3,a4bbdddc-c222-4535-a616-57ccbc8f9b9e_1495-45,0.3666509769301014
a4bbdddc-c222-4535-a616-57ccbc8f9b9e_7343-01,1,0,0,3,a4bbdddc-c222-4535-a616-57ccbc8f9b9e_1495-45,1.9179918300247512
a4c1f23e-702e-49a1-9600-0538e4e2e7db_2889-59,1,1,1,1,a4c1f23e-702e-49a1-9600-0538e4e2e7db_2889-59,0.3237155516335839
a5bd4711-275b-4bbf-96fe-37553e5d3e93_1416-31,2,1,1,2,a5bd4711-275b-4bbf-96fe-37553e5d3e93_1662-76,0.48079779701696035
a5bd4711-275b-4bbf-96fe-37553e5d3e93_156-00,2,0,0,2,a5bd4711-275b-4bbf-96fe-37553e5d3e93_1662-76,0.9893508910643871
a5bd4711-275b-4bbf-96fe-37553e5d3e93_1659-18,1,1,1,2,a5bd4711-275b-4bbf-96fe-37553e5d3e93_1662-76,0.7278202019091822
a5bd4711-275b-4bbf-96fe-37553e5d3e93_1662-76,2,0,0,2,a5bd4711-275b-4bbf-96fe-37553e5d3e93_1662-76,0.8473313897086374
a5bd4711-275b-4bbf-96fe-37553e5d3e93_297-73,1,1,1,2,a5bd4711-275b-4bbf-96fe-37553e5d3e93_1662-76,-0.03862506258991627
a5bd4711-275b-4bbf-96fe-37553e5d3e93_480-52,0,0,0,2,a5bd4711-275b-4bbf-96fe-37553e5d3e93_1662-76,1.452079930632141
a5bd4711-275b-4bbf-96fe-37553e5d3e93_484-64,3,1,1,2,a5bd4711-275b-4bbf-96fe-37553e5d3e93_1662-76,1.1735571945115941
a5bd4711-275b-4bbf-96fe-37553e5d3e93_499-12,3,1,1,2,a5bd4711-275b-4bbf-96fe-37553e5d3e93_1662-76,1.0778814782147723
a5e74924-6083-4618-b830-f528c5199ed9_5985-35,1,0,0,0,a5e74924-6083-4618-b830-f528c5199ed9_5985-35,0.8888407841515571
a6264c7d-d42a-4708-8fc2-b35ad0c5fe42_55-09,3,0,0,2,a6264c7d-d42a-4708-8fc2-b35ad0c5fe42_55-09,-0.18323534835411115
a6264c7d-d42a-4708-8fc2-b35ad0c5fe42_990-06,1,0,0,2,a6264c7d-d42a-4708-8fc2-b35ad0c5fe42_55-09,0.3257425148037103
a6ae81d6-f014-4902-bae6-b06373b31c55_153-41,2,0,0,4,a6ae81d6-f014-4902-bae6-b06373b31c55_153-41,-0.1865626986065938
a7062d19-5af7-42fe-ad8c-2d7442ddbe48_514-59,2,0,0,3,a7062d19-5af7-42fe-ad8c-2d7442ddbe48_514-59,1.6843276390801798
a717f100-51ec-4316-92b8-282aeecc805b_724-56,4,0,0,2,a717f100-51ec-4316-92b8-282aeecc805b_724-56,1.0789475236396004
a71f72c5-5225-4b12-aba3-01fa46f53427_914-96,2,1,1,1,a71f72c5-5225-4b12-aba3-01fa46f53427_914-96,1.6471703149999988
a743a90e-f46c-4e55-a94d-a7f11c771207_51-51,1,0,0,0,a743a90e-f46c-4e55-a94d-a7f11c771207_51-51,-0.11713680750046884
a7448853-2414-42b1-998c-0f56594e437a_155-55,3,1,1,4,a7448853-2414-42b1-998c-0f56594e437a_155-55,0.27533819389767755
a8197601-7474-4cb0-8d08-e8a8febcecfc_13-71,2,1,1,3,a8197601-7474-4cb0-8d08-e8a8febcecfc_997-91,0.2423668866748374
a8197601-7474-4cb0-8d08-e8a8febcecfc_222-15,0,1,1,3,a8197601-7474-4cb0-8d08-e8a8febcecfc_997-91,1.5878093676761436
a8197601-7474-4cb0-8d08-e8a8febcecfc_854-68,3,1,1,3,a8197601-7474-4cb0-8d08-e8a8febcecfc_997-91,0.706465984482451
a8197601-7474-4cb0-8d08-e8a8febcecfc_997-91,3,1,1,3,a8197601-7474-4cb0-8d08-e8a8febcecfc_997-91,0.43959153274343366
a84e378e-c9d5-4ace-8e42-e07b95784746_180-55,0,1,1,3,a84e378e-c9d5-4ace-8e42-e07b95784746_180-55,-0.27781811146033375
a8983a14-da13-4e54-bc7a-b027b374c710_536-56,2,1,1,2,a8983a14-da13-4e54-bc7a-b027b374c710_536-56,0.6456002833777563
a95545b6-8b1e-4d77-a209-c1accf3b057b_17-67,3,0,0,3,a95545b6-8b1e-4d77-a209-c1accf3b057b_34-20,0.2873439206638504
a95545b6-8b1e-4d77-a209-c1accf3b057b_34-20,0,0,0,3,a95545b6-8b1e-4d77-a209-c1accf3b057b_34-20,0.6440692706838276
a99c5790-b590-4c29-98b3-004bbf106ce7_312-10,2,1,1,3,a99c5790-b590-4c29-98b3-004bbf106ce7_315-27,0.5653406452497858
a99c5790-b590-4c29-98b3-004bbf106ce7_315-27,0,0,0,3,a99c5790-b590-4c29-98b3-004bbf106ce7_315-27,0.7960022007712364
aa19d5c0-35b6-4ec2-9865-07f556c341de_34-98,2,1,1,4,aa19d5c0-35b6-4ec2-9865-07f556c341de_76-28,0.9000490584074474
aa19d5c0-35b6-4ec2-9865-07f556c341de_76-28,2,1,1,4,aa19d5c0-35b6-4ec2-9865-07f556c341de_76-28,1.6456868619154026
aa3237b2-4a62-4676-b81c-a9726003b420_1532-19,3,1,1,1,aa3237b2-4a62-4676-b81c-a9726003b420_1532-19,0.8929359902733205
aabc5114-a6a1-459d-81ed-99370385a7e4_2460-69,3,0,0,0,aabc5114-a6a1-459d-81ed-99370385a7e4_2460-69,-0.6696857144010042
aad332b0-a437-4bd9-9147-f580bb58c3f5_3472-99,1,1,1,4,aad332b0-a437-4bd9-9147-f580bb58c3f5_3472-99,0.868448290948511
aae90bb1-c8b8-433c-98b6-2bc5f20af6ea_569-99,1,0,0,3,aae90bb1-c8b8-433c-98b6-2bc5f20af6ea_569-99,-0.014431987957392423
ab6f68a2-e5ba-48ce-ac24-7fb3df0584f2_326-63,0,1,1,2,ab6f68a2-e5ba-48ce-ac24-7fb3df0584f2_326-63,0.8503243065011405
ab865129-78fa-47d4-8a50-ff8c5533246f_1028-44,2,0,0,0,ab865129-78fa-47d4-8a50-ff8c5533246f_318-49,-1.5179407333155994
ab865129-78fa-47d4-8a50-ff8c5533246f_318-49,0,0,0,0,ab865129-78fa-47d4-8a50-ff8c5533246f_318-49,-0.8611199703208549
abbc5555-7816-4288-8d4d-f42b0683fc44_774-93,2,1,1,3,3dd00666-a34d-4b45-bb4c-7a4c2342e475_1264-75,1.7580934693055588
abca0171-5e73-426e-9ba1-49a6339b2ef5_1825-89,0,1,1,4,abca0171-5e73-426e-9ba1-49a6339b2ef5_979-03,0.4467149639743835
abca0171-5e73-426e-9ba1-49a6339b2ef5_885-53,0,1,1,4,abca0171-5e73-426e-9ba1-49a6339b2ef5_979-03,-0.12307891965141571
abca0171-5e73-426e-9ba1-49a6339b2ef5_979-03,0,1,1,4,abca0171-5e73-426e-9ba1-49a6339b2ef5_979-03,-0.12699814099343465
ac582760-09b1-4a6e-be08-f19f9bf5dfcb_391-13,2,0,0,1,ac582760-09b1-4a6e-be08-f19f9bf5dfcb_391-13,1.2379889589615598
ac8704d3-ab1c-4412-a10e-befb387063b2_270-04,3,1,1,2,ac8704d3-ab1c-4412-a10e-befb387063b2_270-04,-0.25239007580454786
ac8dba37-ce09-4dc5-b478-8194e41353c3_2812-63,0,1,1,1,ac8dba37-ce09-4dc5-b478-8194e41353c3_9451-92,1.6977995210308874
ac8dba37-ce09-4dc5-b478-8194e41353c3_5240-05,2,0,0,1,ac8dba37-ce09-4dc5-b478-8194e41353c3_9451-92,0.0511453826215138
ac8dba37-ce09-4dc5-b478-8194e41353c3_748-30,0,0,0,1,ac8dba37-ce09-4dc5-b478-8194e41353c3_9451-92,0.3906803933126952
ac8dba37-ce09-4dc5-b478-8194e41353c3_9451-92,3,0,0,1,ac8dba37-ce09-4dc5-b478-8194e41353c3_9451-92,0.4121411508799351
aca9e131-8b44-4e59-8394-24a494c19801_183-42,0,1,1,0,aca9e131-8b44-4e59-8394-24a494c19801_183-42,-0.22426185887458594
acef7751-e40a-4fb7-91ea-3ba56ef46aed_103-55,3,0,0,4,acef7751-e40a-4fb7-91ea-3ba56ef46aed_103-55,1.1591425683174403
ad851441-1f15-467e-83d8-48c764e220a8_875-32,1,1,1,2,ad851441-1f15-467e-83d8-48c764e220a8_975-45,1.5225101068105937
ad851441-1f15-467e-83d8-48c764e220a8_975-45,3,0,0,2,ad851441-1f15-467e-83d8-48c764e220a8_975-45,1.971830038093171
ada73c3a-765f-46de-afb5-d152d058d7e2_17044-72,1,1,1,3,ada73c3a-765f-46de-afb5-d152d058d7e2_7766-82,0.7075818895608152
ada73c3a-765f-46de-afb5-d152d058d7e2_7766-82,1,1,1,3,ada73c3a-765f-46de-afb5-d152d058d7e2_7766-82,0.6353882159133353
adb9100b-45da-449a-94b1-ae29e107e4c5_72-02,3,1,1,4,adb9100b-45da-449a-94b1-ae29e107e4c5_72-02,0.2058412175550015
ade9b865-951f-4a27-b6cb-ce12cb613de8_887-25,3,0,0,2,ade9b865-951f-4a27-b6cb-ce12cb613de8_887-25,0.1584349956027602
adf11624-aca0-4bad-a35f-51b9f330ee74_2900-34,0,0,0,1,adf11624-aca0-4bad-a35f-51b9f330ee74_2900-34,0.22902147530771444
adf65602-f5ee-456a-a098-db19a521ce38_500-23,0,0,0,0,adf65602-f5ee-456a-a098-db19a521ce38_500-23,0.0068397161497231185
ae56fbda-009b-485c-9dfa-72ce89e847bf_668-09,2,1,1,4,ae56fbda-009b-485c-9dfa-72ce89e847bf_742-92,0.6237455811998882
ae56fbda-009b-485c-9dfa-72ce89e847bf_742-92,1,1,1,4,ae56fbda-009b-485c-9dfa-72ce89e847bf_742-92,1.4587881724481333
ae59dda2-8aa0-40e1-bd48-af368ea8e149_1550-40,2,0,0,2,ae59dda2-8aa0-40e1-bd48-af368ea8e149_1550-40,1.3054399336822846
ae59dda2-8aa0-40e1-bd48-af368ea8e149_1585-64,1,0,0,2,ae59dda2-8aa0-40e1-bd48-af368ea8e149_1550-40,0.4543243533254322
ae59dda2-8aa0-40e1-bd48-af368ea8e149_1586-25,3,0,0,2,ae59dda2-8aa0-40e1-bd48-af368ea8e149_1550-40,0.27628884105775176
ae85c74a-0963-469b-93f9-cdfe3f898e5f_1781-47,0,1,1,4,ae85c74a-0963-469b-93f9-cdfe3f898e5f_1781-47,2.0212453570212676
af06acee-b948-4950-a653-53d76b03a010_809-86,1,0,0,0,af06acee-b948-4950-a653-53d76b03a010_920-06,1.0852022421634522
af06acee-b948-4950-a653-53d76b03a010_920-06,3,1,1,0,af06acee-b948-4950-a653-53d76b03a010_920-06,1.553727171756067
af0cc15a-5452-42fb-92dd-a3f50136bf12_3147-74,2,1,1,3,af0cc15a-5452-42fb-92dd-a3f50136bf12_3147-74,-0.2271332280484002
af215e0f-56c7-4356-9aad-a3a5fb7bbc4f_1332-04,1,1,1,3,af215e0f-56c7-4356-9aad-a3a5fb7bbc4f_4362-30,-0.26011548553274766
af215e0f-56c7-4356-9aad-a3a5fb7bbc4f_4328-60,2,1,1,3,af215e0f-56c7-4356-9aad-a3a5fb7bbc4f_4362-30,1.230954111980471
af215e0f-56c7-4356-9aad-a3a5fb7bbc4f_4362-30,2,1,1,3,af215e0f-56c7-4356-9aad-a3a5fb7bbc4f_4362-30,1.5049227227686865
af215e0f-56c7-4356-9aad-a3a5fb7bbc4f_709-03,2,0,0,3,af215e0f-56c7-4356-9aad-a3a5fb7bbc4f_4362-30,0.654627828872415
af400f98-3c57-46ad-acac-eaca6f940180_2315-10,0,1,1,3,af400f98-3c57-46ad-acac-eaca6f940180_3432-31,2.2317614707224953
af400f98-3c57-46ad-acac-eaca6f940180_3131-59,1,1,1,3,af400f98-3c57-46ad-acac-eaca6f940180_3432-31,1.2197326073414951
af400f98-3c57-46ad-acac-eaca6f940180_3432-31,2,1,1,3,af400f98-3c57-46ad-acac-eaca6f940180_3432-31,1.3040405282826988
af400f98-3c57-46ad-acac-eaca6f940180_508-42,2,1,1,3,af400f98-3c57-46ad-acac-eaca6f940180_3432-31,0.7808972704831121
af43394e-d24c-40c2-b03a-f3cdff888370_762-90,2,0,0,2,af43394e-d24c-40c2-b03a-f3cdff888370_762-90,0.4971455552076627
af72c57c-b242-48b2-8d00-aea29f4e37ac_1063-17,2,1,1,1,af72c57c-b242-48b2-8d00-aea29f4e37ac_1063-17,0.24234431609280493
af862b37-12f1-4b55-a1ca-1c162c4f98a0_3380-57,1,1,1,4,af862b37-12f1-4b55-a1ca-1c162c4f98a0_431-14,-0.1437831926066222
af862b37-12f1-4b55-a1ca-1c162c4f98a0_431-14,3,0,0,4,af862b37-12f1-4b55-a1ca-1c162c4f98a0_431-14,-0.5679800141455429
af8dda66-0025-4ee4-9888-b568b28986e6_3283-52,3,1,1,0,af8dda66-0025-4ee4-9888-b568b28986e6_3283-52,0.7450621931146717
afd5c197-7b14-4e21-ac56-d23b6a5543d0_1256-20,2,0,0,2,afd5c197-7b14-4e21-ac56-d23b6a5543d0_1411-24,0.43551446096032853
afd5c197-7b14-4e21-ac56-d23b6a5543d0_1411-24,2,1,1,2,afd5c197-7b14-4e21-ac56-d23b6a5543d0_1411-24,0.925867537891929
b08cc451-bab8-4ab1-a0a2-102582d9f778_398-19,3,0,0,4,b08cc451-bab8-4ab1-a0a2-102582d9f778_398-19,0.12187263272281945
b0937ec3-7645-4f68-b9cd-549ff7c01819_2030-83,3,1,1,3,b0937ec3-7645-4f68-b9cd-549ff7c01819_2030-83,1.0748027763966561
b0a30641-ad93-4d6a-92a9-f277c78f1aa5_112-83,0,1,1,0,b0a30641-ad93-4d6a-92a9-f277c78f1aa5_295-10,0.9554168950706439
b0a30641-ad93-4d6a-92a9-f277c78f1aa5_295-10,3,1,1,0,b0a30641-ad93-4d6a-92a9-f277c78f1aa5_295-10,1.0267069793465393
b0a30641-ad93-4d6a-92a9-f277c78f1aa5_473-69,0,1,1,0,b0a30641-ad93-4d6a-92a9-f277c78f1aa5_295-10,0.24472640246946065
b1543ea3-e86b-4545-9195-f1bf83e02b41_4163-19,3,1,1,1,b1543ea3-e86b-4545-9195-f1bf83e02b41_4163-19,0.5001442217859429
b2508929-e3e4-4583-b1db-41dc3bb0fd21_542-36,3,1,1,0,b2508929-e3e4-4583-b1db-41dc3bb0fd21_542-36,1.2277108491436133
b264c17e-145a-4dd0-90c4-397d0f5b8057_51-64,0,0,0,0,b264c17e-145a-4dd0-90c4-397d0f5b8057_51-64,0.7908427328231613
b2e6a3f7-aa49-42c5-990a-8ef89d2c9d33_987-28,3,1,1,4,b2e6a3f7-aa49-42c5-990a-8ef89d2c9d33_987-28,1.6043593953867066
b2ebded2-4c94-473d-b9e4-8dd3556a3152_31-51,0,1,1,3,b2ebded2-4c94-473d-b9e4-8dd3556a3152_31-51,2.16103988741514
b2f487cb-83b2-4e60-855d-1750938d0f1a_4050-16,1,1,1,2,b2f487cb-83b2-4e60-855d-1750938d0f1a_4050-16,-0.12395011871973227
b390f179-78cb-4522-9abc-467e0597d4b7_597-75,3,1,1,1,b390f179-78cb-4522-9abc-467e0597d4b7_597-75,0.789070416987516
b3a0d595-d5b4-4e4b-9c52-337053871604_278-40,3,1,1,0,b3a0d595-d5b4-4e4b-9c52-337053871604_278-40,-0.00228423006043621
b4068f40-69e9-4217-81ba-84e59c25f125_887-13,1,1,1,4,b4068f40-69e9-4217-81ba-84e59c25f125_887-13,0.2868490683310454
b449ae20-0dd5-468e-ad86-daac0180046d_22-83,2,0,0,3,b449ae20-0dd5-468e-ad86-daac0180046d_22-83,0.8894141643125757
b4814b66-f564-48cb-a11f-3b0a1ee73704_24-49,3,0,0,1,b4814b66-f564-48cb-a11f-3b0a1ee73704_24-49,0.2562407512937297
b4814b66-f564-48cb-a11f-3b0a1ee73704_27-72,2,0,0,1,b4814b66-f564-48cb-a11f-3b0a1ee73704_24-49,0.4710162945367131
b4814b66-f564-48cb-a11f-3b0a1ee73704_42-69,0,0,0,1,b4814b66-f564-48cb-a11f-3b0a1ee73704_24-49,1.5315896352694989
b4b27c5b-2b73-4083-a41c-a6a960475c1a_1618-99,2,0,0,2,b4b27c5b-2b73-4083-a41c-a6a960475c1a_1618-99,0.5415499065815346
b513c72d-8b77-4bee-96b6-b5f57977a3eb_765-76,1,1,1,1,b513c72d-8b77-4bee-96b6-b5f57977a3eb_765-76,0.46835729432395934
b57a2268-9cac-491d-b737-ad8dc28b15fb_1546-09,3,0,0,3,b57a2268-9cac-491d-b737-ad8dc28b15fb_1546-09,1.3443252767875167
b57a2268-9cac-491d-b737-ad8dc28b15fb_2224-77,2,0,0,3,b57a2268-9cac-491d-b737-ad8dc28b15fb_1546-09,0.233406443431744
b5c3c1e3-7ee7-4b4a-b938-4d008d5aa49b_521-60,3,1,1,4,b5c3c1e3-7ee7-4b4a-b938-4d008d5aa49b_521-60,1.017657787042228
b5c3c1e3-7ee7-4b4a-b938-4d008d5aa49b_644-73,1,1,1,4,b5c3c1e3-7ee7-4b4a-b938-4d008d5aa49b_521-60,-0.20858254529753695
b5c3c1e3-7ee7-4b4a-b938-4d008d5aa49b_757-55,3,1,1,4,b5c3c1e3-7ee7-4b4a-b938-4d008d5aa49b_521-60,1.178190364208671
b5c5d054-4cc3-4e54-b283-6845ca022eb8_0-00,2,0,0,3,b5c5d054-4cc3-4e54-b283-6845ca022eb8_0-00,1.251330603928334
b5d691f6-1618-467e-9fc9-d2ebd8eaafe4_488-95,1,1,1,2,b5d691f6-1618-467e-9fc9-d2ebd8eaafe4_488-95,-0.0022953654043220695
b5d691f6-1618-467e-9fc9-d2ebd8eaafe4_836-72,1,1,1,2,b5d691f6-1618-467e-9fc9-d2ebd8eaafe4_488-95,0.5631140564315875
b61b0b56-a852-47e2-ab09-9380d8465162_180-44,2,1,1,4,b61b0b56-a852-47e2-ab09-9380d8465162_180-44,0.8976616849023067
b6474db0-090c-40df-8d65-0a52dd0578cc_984-29,3,0,0,0,b6474db0-090c-40df-8d65-0a52dd0578cc_984-29,0.44942124351633916
b68e46bf-2cc5-4c6b-895a-1f8c6cad959a_2324-99,1,1,1,1,b68e46bf-2cc5-4c6b-895a-1f8c6cad959a_2324-99,0.8397959412298561
b68f87f0-29be-4516-a34a-dda69dd84a56_274-36,3,1,1,4,b68f87f0-29be-4516-a34a-dda69dd84a56_274-36,0.33926786551084054
b68f87f0-29be-4516-a34a-dda69dd84a56_471-46,0,0,0,4,b68f87f0-29be-4516-a34a-dda69dd84a56_274-36,1.1816376056923126
b68f87f0-29be-4516-a34a-dda69dd84a56_524-12,1,1,1,4,b68f87f0-29be-4516-a34a-dda69dd84a56_274-36,2.646082018605497
b68f87f0-29be-4516-a34a-dda69dd84a56_953-32,1,0,0,4,b68f87f0-29be-4516-a34a-dda69dd84a56_274-36,1.7226864696014856
b6ae365a-dd70-42c4-90d6-e0351778d991_277-06,2,0,0,3,b6ae365a-dd70-42c4-90d6-e0351778d991_277-06,0.09836089994874175
b6ae365a-dd70-42c4-90d6-e0351778d991_416-05,2,0,0,3,b6ae365a-dd70-42c4-90d6-e0351778d991_277-06,0.1473305035134045
b6bee905-eddf-4b41-bfe6-d57c9059fe61_1119-76,0,1,1,2,b6bee905-eddf-4b41-bfe6-d57c9059fe61_1119-76,3.2771675645184732
b6bee905-eddf-4b41-bfe6-d57c9059fe61_1128-22,0,1,1,2,b6bee905-eddf-4b41-bfe6-d57c9059fe61_1119-76,0.6108784529567659
b6d64c01-1462-4ebf-9eb5-44585cdd8ac4_2907-39,1,0,0,2,b6d64c01-1462-4ebf-9eb5-44585cdd8ac4_2907-39,0.22718285587967646
b7022084-61ea-470f-b2cd-49be2ecaf3aa_18-42,1,0,0,0,b7022084-61ea-470f-b2cd-49be2ecaf3aa_18-42,1.2507197480403787
b7022084-61ea-470f-b2cd-49be2ecaf3aa_688-07,0,1,1,0,b7022084-61ea-470f-b2cd-49be2ecaf3aa_18-42,1.4251663830839436
b71166c2-c723-4f91-89b7-3a484e14079e_1586-58,3,1,1,1,b71166c2-c723-4f91-89b7-3a484e14079e_1586-58,0.809400754243242
b79c342b-db1e-407e-958a-e1585c6c3ddd_3-67,2,1,1,0,b79c342b-db1e-407e-958a-e1585c6c3ddd_3-67,1.089739783389978
b7ae78cd-458a-4fbc-b9d8-212fe98a5095_270-04,1,1,1,4,b7ae78cd-458a-4fbc-b9d8-212fe98a5095_270-04,-0.18952900340799061
b8ba4ac1-4134-44aa-99db-25efaa058e98_277-37,3,1,1,3,b8ba4ac1-4134-44aa-99db-25efaa058e98_277-37,1.355659600702525
b8ead1f7-ae4c-4c7c-8b2a-35599fc310c7_1079-80,4,1,1,2,b8ead1f7-ae4c-4c7c-8b2a-35599fc310c7_1079-80,1.0622390318064312
b925520a-853c-442e-8a39-6679cce1e9f4_1253-01,0,0,0,1,b925520a-853c-442e-8a39-6679cce1e9f4_1253-01,1.3714193713130183
b959f479-0508-4f1b-96a5-1b17e86af8ce_1110-67,3,0,0,0,b959f479-0508-4f1b-96a5-1b17e86af8ce_1110-67,1.2925570792169476
b99ceea4-7fa3-407c-9b9f-1347645d23f2_13-11,2,1,1,4,b99ceea4-7fa3-407c-9b9f-1347645d23f2_13-11,2.345152472752178
b9b65293-fec8-494e-81e7-c4496aafba6f_1524-26,1,1,1,0,b9b65293-fec8-494e-81e7-c4496aafba6f_1524-26,0.5640308985616054
b9b65293-fec8-494e-81e7-c4496aafba6f_2296-78,3,0,0,0,b9b65293-fec8-494e-81e7-c4496aafba6f_1524-26,0.30382995763188925
b9bc5b47-ae9a-4220-84c7-ada93722c4fe_909-02,2,0,0,3,b9bc5b47-ae9a-4220-84c7-ada93722c4fe_909-02,0.6419208786803601
b9de7a2c-d02e-4d66-9556-381f0b7ca51a_3648-36,2,0,0,3,b9de7a2c-d02e-4d66-9556-381f0b7ca51a_3795-42,1.0658865558765596
b9de7a2c-d02e-4d66-9556-381f0b7ca51a_3795-42,2,1,1,3,b9de7a2c-d02e-4d66-9556-381f0b7ca51a_3795-42,0.7683446975206303
b9de7a2c-d02e-4d66-9556-381f0b7ca51a_3961-43,3,1,1,3,b9de7a2c-d02e-4d66-9556-381f0b7ca51a_3795-42,0.7748041554243026
b9fd76c5-1f9b-4d82-b9ee-2e0615561765_364-29,3,1,1,2,b9fd76c5-1f9b-4d82-b9ee-2e0615561765_364-29,0.9175360086958126
ba078478-13a5-4e7f-8ee4-61620f84cb7a_2830-69,0,1,1,0,ba078478-13a5-4e7f-8ee4-61620f84cb7a_3101-09,1.4828967549960352
ba078478-13a5-4e7f-8ee4-61620f84cb7a_3101-09,3,1,1,0,ba078478-13a5-4e7f-8ee4-61620f84cb7a_3101-09,0.673529736540933
ba1de596-15f4-45f3-bab3-dbf7283490be_5-13,2,1,1,1,ba1de596-15f4-45f3-bab3-dbf7283490be_5-13,0.46095755371195035
ba28e9d5-5a78-44c0-b985-2249dcc05956_17-90,2,0,0,0,ba28e9d5-5a78-44c0-b985-2249dcc05956_212-90,0.6394987683549882
ba28e9d5-5a78-44c0-b985-2249dcc05956_212-90,2,0,0,0,ba28e9d5-5a78-44c0-b985-2249dcc05956_212-90,-0.2705398470321181
ba44d0ee-9aba-4d05-8d1b-1eac7346f479_1433-66,2,0,0,0,ba44d0ee-9aba-4d05-8d1b-1eac7346f479_1433-66,1.4134497363172747
baaf6d24-7117-4b0b-acdf-a79765036d84_1340-93,0,1,1,4,baaf6d24-7117-4b0b-acdf-a79765036d84_1340-93,1.595273606621082
baaffbad-76a7-458a-8a54-7b593ab073f6_329-73,2,0,0,3,baaffbad-76a7-458a-8a54-7b593ab073f6_329-73,-0.11420313563072959
baaffbad-76a7-458a-8a54-7b593ab073f6_979-89,2,0,0,3,baaffbad-76a7-458a-8a54-7b593ab073f6_329-73,-0.3295952708064269
bac30fe6-c597-4f1a-add1-d8d989205d98_1087-36,1,1,1,3,bac30fe6-c597-4f1a-add1-d8d989205d98_1087-36,1.3937862600628825
bae603bd-dc3d-46a4-90b7-9c1e2bcd3970_966-87,0,0,0,2,bae603bd-dc3d-46a4-90b7-9c1e2bcd3970_966-87,0.8380139000886273
baf15309-e865-4e9e-9efd-09097f1d5a43_341-69,3,0,0,1,baf15309-e865-4e9e-9efd-09097f1d5a43_341-69,0.46621976559817946
baf15309-e865-4e9e-9efd-09097f1d5a43_412-45,3,0,0,1,baf15309-e865-4e9e-9efd-09097f1d5a43_341-69,0.26323260416694727
bb04b03d-ae0d-416a-8c4c-b2325edec070_287-86,1,0,0,1,bb04b03d-ae0d-416a-8c4c-b2325edec070_287-86,0.7758811352963522
bb2297d3-91b7-4ec4-b39b-cc64694929db_0-03,1,0,0,4,bb2297d3-91b7-4ec4-b39b-cc64694929db_0-03,0.14898369428535463
bb2297d3-91b7-4ec4-b39b-cc64694929db_412-95,2,1,1,4,bb2297d3-91b7-4ec4-b39b-cc64694929db_0-03,1.901236659508327
bbd30b78-137a-4c75-a4e9-b51f62b3f04e_184-26,2,1,1,0,bbd30b78-137a-4c75-a4e9-b51f62b3f04e_184-26,0.753604147935846
bc215572-bd4c-4457-bbc1-58cdd6398cc7_2751-16,1,1,1,4,bc215572-bd4c-4457-bbc1-58cdd6398cc7_2751-16,0.8558310339564916
bcfbfdd9-1f37-4edf-8ea0-114a92806d08_1826-13,0,1,1,3,bcfbfdd9-1f37-4edf-8ea0-114a92806d08_1826-13,1.49361228151047
bd31c2eb-4faa-467d-8c71-89a55b0a4be5_275-56,2,1,1,2,bd31c2eb-4faa-467d-8c71-89a55b0a4be5_275-56,0.5552720222977667
bd96484b-6f8c-492b-8969-cae99c868b4d_2411-56,2,0,0,0,bd96484b-6f8c-492b-8969-cae99c868b4d_2855-28,1.604908004173934
bd96484b-6f8c-492b-8969-cae99c868b4d_2855-28,0,1,1,0,bd96484b-6f8c-492b-8969-cae99c868b4d_2855-28,0.83074993449523
bdb29a9e-d6d4-4918-9870-464abeae48d2_837-68,2,0,0,2,bdb29a9e-d6d4-4918-9870-464abeae48d2_837-68,0.007578934233858359
bdd32b96-5baf-4d67-9975-34cdce64b0cc_240-16,3,1,1,3,bdd32b96-5baf-4d67-9975-34cdce64b0cc_240-16,1.053695638911394
bdeb0df9-2983-41bb-ba27-c431d9ef3163_1770-19,3,0,0,0,bdeb0df9-2983-41bb-ba27-c431d9ef3163_1772-82,1.876870450366944
bdeb0df9-2983-41bb-ba27-c431d9ef3163_1772-82,2,1,1,0,bdeb0df9-2983-41bb-ba27-c431d9ef3163_1772-82,1.0507951555651633
be1da89b-976b-4e71-a42a-7621b522db46_179-53,0,0,0,1,be1da89b-976b-4e71-a42a-7621b522db46_179-53,-0.02625643432157454
be462bcf-13ad-446a-8dfb-248cb2e3417a_379-26,3,1,1,2,be462bcf-13ad-446a-8dfb-248cb2e3417a_379-26,0.29957867525804605
be462bcf-13ad-446a-8dfb-248cb2e3417a_825-06,3,1,1,2,be462bcf-13ad-446a-8dfb-248cb2e3417a_379-26,0.3777199789591337
be7ede7a-c212-45ff-8601-e15dd2f7e531_1651-77,0,1,1,1,be7ede7a-c212-45ff-8601-e15dd2f7e531_1651-77,0.2528439242904812
be7ede7a-c212-45ff-8601-e15dd2f7e531_928-33,0,1,1,1,be7ede7a-c212-45ff-8601-e15dd2f7e531_1651-77,1.4262556344182349
be82ebf1-5feb-4c1b-a71a-f668e3a17726_27-55,0,0,0,2,be82ebf1-5feb-4c1b-a71a-f668e3a17726_27-55,-0.0816943216372481
bebfd0fa-93bc-41a3-886d-e04a3675fc6d_293-94,2,0,0,1,bebfd0fa-93bc-41a3-886d-e04a3675fc6d_293-94,0.44671630085232983
bef6d752-a5f2-405f-bf3a-71e400bd8b06_1634-83,2,0,0,0,bef6d752-a5f2-405f-bf3a-71e400bd8b06_1634-83,-0.1156460610785306
bf4a69c2-2c0b-4810-991b-3eb35e7dd2f3_1088-56,0,1,1,4,bf4a69c2-2c0b-4810-991b-3eb35e7dd2f3_1088-56,0.7537898645509777
bf9354ab-541d-4c1c-aa3e-8a3bfd8fb51b_443-31,0,0,0,3,bf9354ab-541d-4c1c-aa3e-8a3bfd8fb51b_443-31,0.7885502373166446
bff1d1da-957f-42ea-8c98-61eaca98b5f1_1049-58,3,1,1,2,bff1d1da-957f-42ea-8c98-61eaca98b5f1_1049-58,0.5783711019226399
c00a27da-98bb-4761-8093-45fd30a3f43f_1156-34,2,0,0,1,c00a27da-98bb-4761-8093-45fd30a3f43f_1156-34,1.6098142772976207
c00d3596-99db-4ea7-9a65-57ab4319d640_329-17,3,1,1,4,c00d3596-99db-4ea7-9a65-57ab4319d640_370-19,1.0155641972741054
c00d3596-99db-4ea7-9a65-57ab4319d640_370-19,3,1,1,4,c00d3596-99db-4ea7-9a65-57ab4319d640_370-19,0.16274784537981657
c05389ca-2d74-4889-a8dd-a0f89d28a4b7_2763-64,0,0,0,0,c05389ca-2d74-4889-a8dd-a0f89d28a4b7_2763-64,0.7967322578003753
c06532d8-f1cd-477f-b9f3-e8e980d73b2e_1339-60,3,0,0,4,c06532d8-f1cd-477f-b9f3-e8e980d73b2e_1339-60,-0.00298548370699403
c0a19ccf-66ad-44b5-9b3d-2f20d49bc0a8_296-47,3,1,1,3,c0a19ccf-66ad-44b5-9b3d-2f20d49bc0a8_296-47,0.18505882150025044
c0eea386-412b-4127-a2d3-352322a0038c_1313-16,3,1,1,4,c0eea386-412b-4127-a2d3-352322a0038c_830-51,0.47849881560441254
c0eea386-412b-4127-a2d3-352322a0038c_719-09,2,0,0,4,c0eea386-412b-4127-a2d3-352322a0038c_830-51,-0.7983068172094314
c0eea386-412b-4127-a2d3-352322a0038c_830-51,0,1,1,4,c0eea386-412b-4127-a2d3-352322a0038c_830-51,0.3334003097167151
c1626bce-83ba-49da-921c-7b60243c19ea_7-12,0,0,0,4,c1626bce-83ba-49da-921c-7b60243c19ea_8-38,1.2162671927593633
c1626bce-83ba-49da-921c-7b60243c19ea_8-38,3,0,0,4,c1626bce-83ba-49da-921c-7b60243c19ea_8-38,0.11436620075952053
c1dc6626-34c8-4367-a80a-42a44057f47b_737-27,0,1,1,2,c1dc6626-34c8-4367-a80a-42a44057f47b_737-27,1.7012268171288762
c1f4d37c-bfd8-4722-b1c4-767f8426ccfd_867-73,2,1,1,0,c1f4d37c-bfd8-4722-b1c4-767f8426ccfd_867-73,0.5700568743504562
c2071026-add0-4546-8374-b6d04ddd94b1_0-04,1,0,0,4,c2071026-add0-4546-8374-b6d04ddd94b1_0-04,1.8277574309798963
c20e2722-11e5-4181-960c-305cfcd7cfec_183-32,0,0,0,4,c20e2722-11e5-4181-960c-305cfcd7cfec_183-32,0.7922744625570646
c23eaef5-7441-42b4-9456-9f5a4a1bd615_11-29,3,1,1,3,c23eaef5-7441-42b4-9456-9f5a4a1bd615_11-29,0.22394044163961624
c25111f0-0c78-4bf8-a16d-57a6c25c2169_10881-80,2,1,1,1,c25111f0-0c78-4bf8-a16d-57a6c25c2169_3852-71,0.3264217533418474
c25111f0-0c78-4bf8-a16d-57a6c25c2169_3852-71,4,1,1,1,c25111f0-0c78-4bf8-a16d-57a6c25c2169_3852-71,0.7913193591317678
c2d28dd4-4416-4300-bbbe-23911487776a_1418-50,2,1,1,4,c2d28dd4-4416-4300-bbbe-23911487776a_2076-47,0.16836614481528733
c2d28dd4-4416-4300-bbbe-23911487776a_1894-07,2,1,1,4,c2d28dd4-4416-4300-bbbe-23911487776a_2076-47,-0.06175028961605933
c2d28dd4-4416-4300-bbbe-23911487776a_2076-47,1,0,0,4,c2d28dd4-4416-4300-bbbe-23911487776a_2076-47,0.687001754764442
c2d28dd4-4416-4300-bbbe-23911487776a_3669-01,0,1,1,4,c2d28dd4-4416-4300-bbbe-23911487776a_2076-47,0.3217257437322918
c2d28dd4-4416-4300-bbbe-23911487776a_426-99,0,0,0,4,c2d28dd4-4416-4300-bbbe-23911487776a_2076-47,1.0217888186586421
c2d28dd4-4416-4300-bbbe-23911487776a_6637-37,0,0,0,4,c2d28dd4-4416-4300-bbbe-23911487776a_2076-47,0.4271144758222065
c34effc7-6198-4c85-80c7-c8be85b77dd3_1105-03,3,0,0,2,c34effc7-6198-4c85-80c7-c8be85b77dd3_5220-71,-0.4354340214536232
c34effc7-6198-4c85-80c7-c8be85b77dd3_1620-55,3,1,1,2,c34effc7-6198-4c85-80c7-c8be85b77dd3_5220-71,1.7082134104973083
c34effc7-6198-4c85-80c7-c8be85b77dd3_2128-22,1,0,0,2,c34effc7-6198-4c85-80c7-c8be85b77dd3_5220-71,1.763221005034823
c34effc7-6198-4c85-80c7-c8be85b77dd3_2648-25,0,0,0,2,c34effc7-6198-4c85-80c7-c8be85b77dd3_5220-71,1.6202942842999288
c34effc7-6198-4c85-80c7-c8be85b77dd3_2681-98,2,1,1,2,c34effc7-6198-4c85-80c7-c8be85b77dd3_5220-71,0.7403767332592825
c34effc7-6198-4c85-80c7-c8be85b77dd3_2970-00,1,1,1,2,c34effc7-6198-4c85-80c7-c8be85b77dd3_5220-71,1.6120639515221442
c34effc7-6198-4c85-80c7-c8be85b77dd3_2993-26,1,1,1,2,c34effc7-6198-4c85-80c7-c8be85b77dd3_5220-71,1.7369459010199266
c34effc7-6198-4c85-80c7-c8be85b77dd3_4366-00,3,1,1,2,c34effc7-6198-4c85-80c7-c8be85b77dd3_5220-71,1.7350306651792855
c34effc7-6198-4c85-80c7-c8be85b77dd3_5191-41,1,1,1,2,c34effc7-6198-4c85-80c7-c8be85b77dd3_5220-71,1.8270503608847695
c34effc7-6198-4c85-80c7-c8be85b77dd3_5200-39,1,1,1,2,c34effc7-6198-4c85-80c7-c8be85b77dd3_5220-71,0.9506687324467427
c34effc7-6198-4c85-80c7-c8be85b77dd3_5220-71,1,1,1,2,c34effc7-6198-4c85-80c7-c8be85b77dd3_5220-71,1.5245482350943784
c34effc7-6198-4c85-80c7-c8be85b77dd3_5294-07,2,1,1,2,c34effc7-6198-4c85-80c7-c8be85b77dd3_5220-71,1.3370934185031431
c34effc7-6198-4c85-80c7-c8be85b77dd3_5341-13,1,0,0,2,c34effc7-6198-4c85-80c7-c8be85b77dd3_5220-71,1.0189250240393055
c34effc7-6198-4c85-80c7-c8be85b77dd3_694-72,2,1,1,2,c34effc7-6198-4c85-80c7-c8be85b77dd3_5220-71,0.9319075638961865
c3acdda3-cd92-48c3-9052-45b57cb27e5a_1390-16,2,0,0,3,c3acdda3-cd92-48c3-9052-45b57cb27e5a_1390-16,0.7141188050580023
c3acdda3-cd92-48c3-9052-45b57cb27e5a_1467-01,2,1,1,3,c3acdda3-cd92-48c3-9052-45b57cb27e5a_1390-16,-0.14768688392341955
c4333895-ed19-42fe-9323-271a41bdfe4c_8-13,1,1,1,2,c4333895-ed19-42fe-9323-271a41bdfe4c_8-13,0.35166564434888903
c463128d-18cc-44ad-abf6-03ee87534919_120-41,1,1,1,1,c463128d-18cc-44ad-abf6-03ee87534919_120-41,0.027579105119828418
c495da06-2baf-4f62-958d-5ef2e6da08c4_28-94,2,0,0,0,c495da06-2baf-4f62-958d-5ef2e6da08c4_28-94,0.4442805040032658
c5270067-6c25-45f2-b63a-1a55b85020ad_568-80,1,1,1,3,c5270067-6c25-45f2-b63a-1a55b85020ad_569-44,0.7448650549711522
c5270067-6c25-45f2-b63a-1a55b85020ad_569-44,0,1,1,3,c5270067-6c25-45f2-b63a-1a55b85020ad_569-44,1.2734529017189302
c586c267-9ac3-45d5-a9aa-6deab0b9608d_246-72,3,1,1,0,c586c267-9ac3-45d5-a9aa-6deab0b9608d_246-72,0.6989008277772681
c58e1887-0314-4cb3-a09d-5ba529d8eda0_6-27,1,1,1,4,c58e1887-0314-4cb3-a09d-5ba529d8eda0_6-27,0.9685467022215581
c5938442-90c1-413c-be06-186222d8274f_0-03,1,1,1,3,c5938442-90c1-413c-be06-186222d8274f_0-03,0.5821480242691688
c615d305-14fe-41cd-9099-caf420beb604_1090-50,0,1,1,4,c615d305-14fe-41cd-9099-caf420beb604_955-84,0.8282926333886205
c615d305-14fe-41cd-9099-caf420beb604_955-84,3,1,1,4,c615d305-14fe-41cd-9099-caf420beb604_955-84,0.4662046173201291
c6534c1f-765e-42e7-86f4-da210d5211c3_764-77,0,1,1,2,c6534c1f-765e-42e7-86f4-da210d5211c3_764-77,0.2015076536926832
c67cb1da-90ac-4da8-af17-4f8b77da9b9d_291-33,2,1,1,1,c67cb1da-90ac-4da8-af17-4f8b77da9b9d_291-33,1.3942484365680488
c6b1f7dc-3301-46e6-867a-312a5f8e7a0f_13-11,0,1,1,0,c6b1f7dc-3301-46e6-867a-312a5f8e7a0f_13-11,2.207595307445308
c6b5d782-d267-410e-8566-f7fe5d4a78a9_2700-04,3,0,0,4,c6b5d782-d267-410e-8566-f7fe5d4a78a9_2700-04,1.5459540282553417
c6b5d782-d267-410e-8566-f7fe5d4a78a9_98-99,0,0,0,4,c6b5d782-d267-410e-8566-f7fe5d4a78a9_2700-04,1.6980915442924398
c79e05d5-eaf6-4323-a707-744020743037_763-82,2,0,0,2,c79e05d5-eaf6-4323-a707-744020743037_763-82,1.0411467981949931
c7da3efd-4a18-458e-90fd-f757ed966a63_380-64,2,1,1,1,c7da3efd-4a18-458e-90fd-f757ed966a63_8-87,0.5259276247416873
c7da3efd-4a18-458e-90fd-f757ed966a63_8-87,2,1,1,1,c7da3efd-4a18-458e-90fd-f757ed966a63_8-87,1.7260928105514488
c7e8af35-608f-4d18-b752-2f3140f5fcc4_772-15,1,1,1,3,c7e8af35-608f-4d18-b752-2f3140f5fcc4_772-15,0.2563175374155957
c7f71299-a622-4a9a-b225-019335d6f2d2_607-47,2,0,0,3,c7f71299-a622-4a9a-b225-019335d6f2d2_607-47,0.36794788324210326
c7f71299-a622-4a9a-b225-019335d6f2d2_658-88,3,1,1,3,c7f71299-a622-4a9a-b225-019335d6f2d2_607-47,1.4712307653632488
c824d4e5-298a-462b-a408-28a85a7364af_126-28,1,1,1,4,c824d4e5-298a-462b-a408-28a85a7364af_126-28,1.115584747499351
c824d4e5-298a-462b-a408-28a85a7364af_683-96,0,1,1,4,c824d4e5-298a-462b-a408-28a85a7364af_126-28,2.0624913280806623
c85251fa-eb44-4903-b27f-9cdee26e0ed5_1618-20,2,1,1,3,c85251fa-eb44-4903-b27f-9cdee26e0ed5_1632-58,2.518478378494553
c85251fa-eb44-4903-b27f-9cdee26e0ed5_1632-58,0,1,1,3,c85251fa-eb44-4903-b27f-9cdee26e0ed5_1632-58,0.9071782894060718
c864505c-9d49-4da4-bf7e-254b4c348c03_191-07,1,1,1,2,c864505c-9d49-4da4-bf7e-254b4c348c03_191-07,0.5021448351522042
c864505c-9d49-4da4-bf7e-254b4c348c03_242-94,2,1,1,2,c864505c-9d49-4da4-bf7e-254b4c348c03_191-07,0.2465578408373894
c864505c-9d49-4da4-bf7e-254b4c348c03_540-20,1,0,0,2,c864505c-9d49-4da4-bf7e-254b4c348c03_191-07,-0.02129440843148611
c8b61175-cfa4-44f9-a88b-76609ffa4ca3_3008-85,0,0,0,4,c8b61175-cfa4-44f9-a88b-76609ffa4ca3_3008-85,0.03052118724497621
c8d51f6b-7329-4367-9b24-941fa79794d2_2516-44,1,1,1,0,c8d51f6b-7329-4367-9b24-941fa79794d2_2516-44,0.05684831649872413
c92cfd96-21ca-4b52-a56a-6345fbf57de0_233-46,1,1,1,3,c92cfd96-21ca-4b52-a56a-6345fbf57de0_2877-33,0.5335380987649387
c92cfd96-21ca-4b52-a56a-6345fbf57de0_2877-33,2,0,0,3,c92cfd96-21ca-4b52-a56a-6345fbf57de0_2877-33,0.16718538615402556
c93e077c-9f51-449c-b130-8be107c8a7d5_152-99,0,1,1,4,c93e077c-9f51-449c-b130-8be107c8a7d5_152-99,0.5827037781741837
c93e077c-9f51-449c-b130-8be107c8a7d5_199-82,1,1,1,4,c93e077c-9f51-449c-b130-8be107c8a7d5_152-99,0.6972898977721091
c9595c28-a46b-4571-9796-3802af307bf2_188-17,3,0,0,1,c9595c28-a46b-4571-9796-3802af307bf2_188-17,1.1112575238253848
c97a7ee8-1fd4-4092-8c47-ef93dea1c8aa_539-98,2,1,1,0,c97a7ee8-1fd4-4092-8c47-ef93dea1c8aa_539-98,0.8415188878468745
ca03dcd8-9e87-4da5-9f9d-eac37ed6e9fd_320-42,3,0,0,4,ca03dcd8-9e87-4da5-9f9d-eac37ed6e9fd_320-42,1.295574329964436
ca1773b8-ec8e-4f61-8e8f-7e4211830793_1043-00,2,1,1,1,ca1773b8-ec8e-4f61-8e8f-7e4211830793_835-99,0.9242349301165713
ca1773b8-ec8e-4f61-8e8f-7e4211830793_835-99,3,1,1,1,ca1773b8-ec8e-4f61-8e8f-7e4211830793_835-99,1.4066693649409416
ca22ace6-2d0e-4e0b-98d4-60544e5af4d5_1194-22,1,0,0,1,ca22ace6-2d0e-4e0b-98d4-60544e5af4d5_4682-68,-0.23861254851398672
ca22ace6-2d0e-4e0b-98d4-60544e5af4d5_139-96,0,1,1,1,ca22ace6-2d0e-4e0b-98d4-60544e5af4d5_4682-68,0.6717845919044543
ca22ace6-2d0e-4e0b-98d4-60544e5af4d5_4682-68,1,0,0,1,ca22ace6-2d0e-4e0b-98d4-60544e5af4d5_4682-68,1.339432643616725
ca800ee3-fea2-4825-ba1d-8eaace908135_5734-95,3,1,1,2,ca800ee3-fea2-4825-ba1d-8eaace908135_5734-95,-0.8365665365274647
ca800ee3-fea2-4825-ba1d-8eaace908135_6490-17,3,0,0,2,ca800ee3-fea2-4825-ba1d-8eaace908135_5734-95,0.3887270603664237
caa17bb0-2b04-49b0-8ccc-38b2803a3b1f_26-31,2,0,0,3,caa17bb0-2b04-49b0-8ccc-38b2803a3b1f_26-31,0.3294643434545772
cab3c095-8054-4794-81c5-ef9dce1d1373_376-97,2,0,0,2,cab3c095-8054-4794-81c5-ef9dce1d1373_376-97,0.10393357568904094
cb0013d1-84a7-42c7-962a-3b00043365e5_1957-07,0,0,0,1,cb0013d1-84a7-42c7-962a-3b00043365e5_1957-07,0.2329222935003179
cb1f1ddf-f4f6-4b0e-ab73-0285729ba790_40-06,1,1,1,0,cb1f1ddf-f4f6-4b0e-ab73-0285729ba790_40-06,0.738243077327084
cb87d2ca-dc4f-4e1c-a13f-a8fe7dc952e9_11-49,3,1,1,3,d8936caf-0142-4ceb-bacc-70313a19f169_805-14,-0.07864443126595044
cb87d2ca-dc4f-4e1c-a13f-a8fe7dc952e9_115-52,3,0,0,3,d8936caf-0142-4ceb-bacc-70313a19f169_805-14,1.1817745406407274
cb87d2ca-dc4f-4e1c-a13f-a8fe7dc952e9_23-76,2,0,0,3,d8936caf-0142-4ceb-bacc-70313a19f169_805-14,1.1666483102109109
cb87d2ca-dc4f-4e1c-a13f-a8fe7dc952e9_98-75,2,0,0,3,d8936caf-0142-4ceb-bacc-70313a19f169_805-14,1.405758904951049
cb8df5e7-af5c-4211-b779-0568f94c7ded_1890-31,3,0,0,0,cb8df5e7-af5c-4211-b779-0568f94c7ded_3449-61,0.6777008112685414
cb8df5e7-af5c-4211-b779-0568f94c7ded_3375-73,0,1,1,0,cb8df5e7-af5c-4211-b779-0568f94c7ded_3449-61,0.9943311486152733
cb8df5e7-af5c-4211-b779-0568f94c7ded_3449-61,0,1,1,0,cb8df5e7-af5c-4211-b779-0568f94c7ded_3449-61,0.3480658990980996
cb987dd4-f0ec-46ed-8bf0-3fee8c84fc90_2701-67,3,1,1,4,cb987dd4-f0ec-46ed-8bf0-3fee8c84fc90_2701-67,0.8910102774495403
cb9de2c6-ff1a-48e8-b170-047e9471b588_1100-53,1,1,1,0,cb9de2c6-ff1a-48e8-b170-047e9471b588_931-60,1.2334737949458079
cb9de2c6-ff1a-48e8-b170-047e9471b588_836-21,1,1,1,0,cb9de2c6-ff1a-48e8-b170-047e9471b588_931-60,1.6282500449451378
cb9de2c6-ff1a-48e8-b170-047e9471b588_884-63,3,0,0,0,cb9de2c6-ff1a-48e8-b170-047e9471b588_931-60,0.3028434405769542
cb9de2c6-ff1a-48e8-b170-047e9471b588_931-60,0,1,1,0,cb9de2c6-ff1a-48e8-b170-047e9471b588_931-60,0.5463662360993027
cbc5c4fe-ed66-4525-a3d8-d691064db66b_262-02,3,0,0,1,cbc5c4fe-ed66-4525-a3d8-d691064db66b_729-17,0.000968820066499454
cbc5c4fe-ed66-4525-a3d8-d691064db66b_527-23,3,0,0,1,cbc5c4fe-ed66-4525-a3d8-d691064db66b_729-17,1.2360156455133147
cbc5c4fe-ed66-4525-a3d8-d691064db66b_545-69,1,1,1,1,cbc5c4fe-ed66-4525-a3d8-d691064db66b_729-17,0.9373828216463316
cbc5c4fe-ed66-4525-a3d8-d691064db66b_729-17,2,0,0,1,cbc5c4fe-ed66-4525-a3d8-d691064db66b_729-17,-0.3797353984478997
cbfeb6c8-ec1f-4884-bcbf-14d7764c4a36_0-01,0,1,1,3,cbfeb6c8-ec1f-4884-bcbf-14d7764c4a36_0-01,0.42684044852432934
cc82c3dc-caf7-4d64-9c84-b4701e205344_230-08,1,1,1,2,cc82c3dc-caf7-4d64-9c84-b4701e205344_230-08,0.36620176035279695
cc83fb01-1904-4917-8d11-2fe2c66a990c_5792-18,1,1,1,1,cc83fb01-1904-4917-8d11-2fe2c66a990c_5792-18,0.08908565382469313
cce59bcd-0ebc-463e-bbb1-094186a6ed8d_1562-00,4,1,1,4,cce59bcd-0ebc-463e-bbb1-094186a6ed8d_1562-00,1.0209352679905819
cce59bcd-0ebc-463e-bbb1-094186a6ed8d_36-05,1,1,1,4,cce59bcd-0ebc-463e-bbb1-094186a6ed8d_1562-00,0.7186617981834029
cd0c7d35-19cf-4ce2-9b40-0209547acde5_1364-91,1,0,0,1,cd0c7d35-19cf-4ce2-9b40-0209547acde5_1365-10,0.35922625212710657
cd0c7d35-19cf-4ce2-9b40-0209547acde5_1365-10,2,1,1,1,cd0c7d35-19cf-4ce2-9b40-0209547acde5_1365-10,1.7901251981889221
cd0c7d35-19cf-4ce2-9b40-0209547acde5_1447-25,2,1,1,1,cd0c7d35-19cf-4ce2-9b40-0209547acde5_1365-10,1.905469531482684
cd0c7d35-19cf-4ce2-9b40-0209547acde5_284-45,3,1,1,1,cd0c7d35-19cf-4ce2-9b40-0209547acde5_1365-10,0.9581265785025159
cd1d3c56-69ca-4602-944e-bb9fabb9710b_1637-32,3,0,0,0,cd1d3c56-69ca-4602-944e-bb9fabb9710b_1865-43,0.09953491846681373
cd1d3c56-69ca-4602-944e-bb9fabb9710b_1865-43,0,1,1,0,cd1d3c56-69ca-4602-944e-bb9fabb9710b_1865-43,0.3116972755807066
cdaee0ff-a9ab-4935-91a2-45042d55b39c_353-27,1,1,1,0,cdaee0ff-a9ab-4935-91a2-45042d55b39c_353-27,0.6969343410980642
cdfd99eb-88c6-4bc7-8f66-e0318216feab_820-48,0,0,0,4,cdfd99eb-88c6-4bc7-8f66-e0318216feab_820-48,-0.05187387324696191
ce121331-6a77-44c0-9c0d-8d6b21f73b24_67-61,1,1,1,3,ce121331-6a77-44c0-9c0d-8d6b21f73b24_67-61,1.0665638979861398
ce19b572-7341-426a-8c2f-fe067344c98d_1914-35,1,1,1,2,ce19b572-7341-426a-8c2f-fe067344c98d_1972-11,-0.271686672120961
ce19b572-7341-426a-8c2f-fe067344c98d_1972-11,2,0,0,2,ce19b572-7341-426a-8c2f-fe067344c98d_1972-11,-0.29273827932785035
cea9a5cc-6682-474f-bae4-483ca722ec43_359-69,2,1,1,2,cea9a5cc-6682-474f-bae4-483ca722ec43_359-69,0.42542798653893943
cebb6331-2a18-454a-862b-3aa502267017_1587-77,1,1,1,1,cebb6331-2a18-454a-862b-3aa502267017_1587-77,0.3195462999579868
cf3956a7-8cc6-4a99-8770-71a15c7e69c7_4456-62,1,1,1,1,cf3956a7-8cc6-4a99-8770-71a15c7e69c7_5040-48,0.5874982027116291
cf3956a7-8cc6-4a99-8770-71a15c7e69c7_4824-79,2,1,1,1,cf3956a7-8cc6-4a99-8770-71a15c7e69c7_5040-48,1.38101379960699
cf3956a7-8cc6-4a99-8770-71a15c7e69c7_5040-48,2,1,1,1,cf3956a7-8cc6-4a99-8770-71a15c7e69c7_5040-48,1.5243775750767627
cfa58f86-6a63-46fc-8510-6a8d517f933b_689-38,3,1,1,0,cfa58f86-6a63-46fc-8510-6a8d517f933b_689-38,1.8971794284087493
cfa595aa-c467-48fe-a86b-2e9b1a63ccab_1218-24,1,0,0,4,cfa595aa-c467-48fe-a86b-2e9b1a63ccab_1218-24,0.03630349098651742
cfc42371-cd58-48df-8bc5-f2fb29a6091e_1191-27,2,1,1,0,cfc42371-cd58-48df-8bc5-f2fb29a6091e_1273-98,0.9246127138456846
cfc42371-cd58-48df-8bc5-f2fb29a6091e_1271-05,3,1,1,0,cfc42371-cd58-48df-8bc5-f2fb29a6091e_1273-98,0.5124667731992028
cfc42371-cd58-48df-8bc5-f2fb29a6091e_1273-98,0,1,1,0,cfc42371-cd58-48df-8bc5-f2fb29a6091e_1273-98,0.5774117241359873
d013010f-fca0-4fc0-9545-500318a8e91f_511-08,0,0,0,3,d013010f-fca0-4fc0-9545-500318a8e91f_511-08,-0.366526375334175
d0396c77-6ecc-4d9f-bda1-af051699d0cf_1049-41,0,0,0,4,d0396c77-6ecc-4d9f-bda1-af051699d0cf_3645-32,0.7199315884869666
d0396c77-6ecc-4d9f-bda1-af051699d0cf_3645-32,1,1,1,4,d0396c77-6ecc-4d9f-bda1-af051699d0cf_3645-32,1.599107765430563
d0396c77-6ecc-4d9f-bda1-af051699d0cf_4546-97,2,1,1,4,d0396c77-6ecc-4d9f-bda1-af051699d0cf_3645-32,2.009685452839887
d08cd963-d98b-4c9b-ba9f-cf7763e4b94e_1184-89,3,1,1,2,d08cd963-d98b-4c9b-ba9f-cf7763e4b94e_1184-89,-0.10089671927180355
d0925317-dc23-4cb4-a375-a7baddc06b27_901-57,1,1,1,1,d0925317-dc23-4cb4-a375-a7baddc06b27_901-57,0.9481277766525886
d0a861f7-3e5c-4836-9b43-29a0b3288165_1279-67,2,1,1,2,d0a861f7-3e5c-4836-9b43-29a0b3288165_829-52,1.198700604931704
d0a861f7-3e5c-4836-9b43-29a0b3288165_550-69,2,1,1,2,d0a861f7-3e5c-4836-9b43-29a0b3288165_829-52,0.00909522910730165
d0a861f7-3e5c-4836-9b43-29a0b3288165_829-52,0,0,0,2,d0a861f7-3e5c-4836-9b43-29a0b3288165_829-52,1.265985756573352
d0aedb4e-82cc-406a-a395-3573049a49ee_4319-84,1,0,0,1,d0aedb4e-82cc-406a-a395-3573049a49ee_4319-84,0.5560814344690088
d0aedb4e-82cc-406a-a395-3573049a49ee_596-85,3,0,0,1,d0aedb4e-82cc-406a-a395-3573049a49ee_4319-84,0.5549167966436983
d0c0065b-79d2-4e6f-9c0f-e212dd17a0ca_31-42,1,0,0,3,d0c0065b-79d2-4e6f-9c0f-e212dd17a0ca_31-42,0.6536435667772642
d10798c3-6b79-4c0d-aafd-8daad36c51db_44-79,1,1,1,4,d10798c3-6b79-4c0d-aafd-8daad36c51db_44-79,0.5344090926115896
d1952343-6eaf-4317-ae19-6b48b292ad24_877-17,2,0,0,0,d1952343-6eaf-4317-ae19-6b48b292ad24_877-17,0.2712597564861161
d1a27322-8acd-4297-9029-db45af8d7cc2_127-67,3,1,1,1,d1a27322-8acd-4297-9029-db45af8d7cc2_164-10,0.628992774365863
d1a27322-8acd-4297-9029-db45af8d7cc2_164-10,2,0,0,1,d1a27322-8acd-4297-9029-db45af8d7cc2_164-10,-0.3109080722683024
d1a27322-8acd-4297-9029-db45af8d7cc2_34-04,2,0,0,1,d1a27322-8acd-4297-9029-db45af8d7cc2_164-10,0.3184265794080956
d1c2a107-ba9a-4615-83e1-f609864b8541_35-35,1,1,1,3,d1c2a107-ba9a-4615-83e1-f609864b8541_35-35,0.8606149217261752
d1c7b7ec-506e-4c02-b008-8b5aaaf442d7_1891-93,1,1,1,0,ba078478-13a5-4e7f-8ee4-61620f84cb7a_3101-09,0.9217635210065369
d1c7b7ec-506e-4c02-b008-8b5aaaf442d7_847-39,3,0,0,0,ba078478-13a5-4e7f-8ee4-61620f84cb7a_3101-09,-0.34314031833398984
d27c5c7e-db9c-48f4-bea5-9970078d352e_1216-84,1,1,1,1,d27c5c7e-db9c-48f4-bea5-9970078d352e_87-62,0.13418958440662676
d27c5c7e-db9c-48f4-bea5-9970078d352e_1570-49,3,0,0,1,d27c5c7e-db9c-48f4-bea5-9970078d352e_87-62,0.4957594978720452
d27c5c7e-db9c-48f4-bea5-9970078d352e_1635-43,2,1,1,1,d27c5c7e-db9c-48f4-bea5-9970078d352e_87-62,0.6841696314582577
d27c5c7e-db9c-48f4-bea5-9970078d352e_87-62,3,0,0,1,d27c5c7e-db9c-48f4-bea5-9970078d352e_87-62,0.820841750676242
d27c5c7e-db9c-48f4-bea5-9970078d352e_90-20,3,0,0,1,d27c5c7e-db9c-48f4-bea5-9970078d352e_87-62,0.44944672538665453
d2985e7b-6dc8-4c7e-9aef-40d633895aa0_1413-23,0,1,1,0,d2985e7b-6dc8-4c7e-9aef-40d633895aa0_1413-23,0.5056510805988084
d2985e7b-6dc8-4c7e-9aef-40d633895aa0_448-20,1,1,1,0,d2985e7b-6dc8-4c7e-9aef-40d633895aa0_1413-23,0.3664900026563611
d29b209e-cbc7-40a7-a0d6-acf803b86c78_4-53,0,0,0,3,d29b209e-cbc7-40a7-a0d6-acf803b86c78_4-53,0.2567912157870942
d3279f4f-eea5-448f-a930-aafac6b668ac_1962-11,2,0,0,2,d3279f4f-eea5-448f-a930-aafac6b668ac_1962-11,0.8292754031000151
d36cf2fd-8916-4b69-b7a2-e9743675fb38_3568-39,3,1,1,1,d36cf2fd-8916-4b69-b7a2-e9743675fb38_3568-39,0.6288515939472552
d36cf2fd-8916-4b69-b7a2-e9743675fb38_3851-77,0,1,1,1,d36cf2fd-8916-4b69-b7a2-e9743675fb38_3568-39,1.5304381843626487
d3980f7e-2ef1-4b2b-b73a-2a7db7465660_117-14,3,1,1,2,d3980f7e-2ef1-4b2b-b73a-2a7db7465660_117-14,0.10086581718048593
d3980f7e-2ef1-4b2b-b73a-2a7db7465660_452-63,0,0,0,2,d3980f7e-2ef1-4b2b-b73a-2a7db7465660_117-14,0.3185832323278983
d3a0899e-2093-454c-9f65-30087883193a_399-22,1,1,1,1,d3a0899e-2093-454c-9f65-30087883193a_399-22,0.7156369137243874
d3dafc0b-c623-4c4b-9a4a-ee56538e257c_519-43,0,0,0,0,d3dafc0b-c623-4c4b-9a4a-ee56538e257c_519-43,0.5679718951976334
d3de44fb-a6e8-4815-b28f-798de4bfd7eb_1337-08,1,1,1,4,d3de44fb-a6e8-4815-b28f-798de4bfd7eb_1337-08,1.9391063400412745
d3f76c88-5996-4da0-8b8f-6c1b8f85a4d8_18062-30,1,1,1,3,d3f76c88-5996-4da0-8b8f-6c1b8f85a4d8_5099-68,0.9438188617480063
d3f76c88-5996-4da0-8b8f-6c1b8f85a4d8_5099-68,0,1,1,3,d3f76c88-5996-4da0-8b8f-6c1b8f85a4d8_5099-68,0.8266464765775219
d3f76c88-5996-4da0-8b8f-6c1b8f85a4d8_9209-81,2,0,0,3,d3f76c88-5996-4da0-8b8f-6c1b8f85a4d8_5099-68,-0.18880169456444618
d40be91b-85bb-4c47-ac18-52c4d044e3fc_13523-54,3,1,1,4,d40be91b-85bb-4c47-ac18-52c4d044e3fc_13523-54,1.221892674697779
d40be91b-85bb-4c47-ac18-52c4d044e3fc_2988-20,3,0,0,4,d40be91b-85bb-4c47-ac18-52c4d044e3fc_13523-54,0.7768854518900019
d40be91b-85bb-4c47-ac18-52c4d044e3fc_5905-56,0,0,0,4,d40be91b-85bb-4c47-ac18-52c4d044e3fc_13523-54,-0.3803625176685077
d521d31b-83aa-48ef-9ccf-eee9773c50dc_3808-98,2,0,0,3,d521d31b-83aa-48ef-9ccf-eee9773c50dc_3808-98,0.1639490152420202
d551e6e5-50b5-4eab-88df-f213e6509ea0_1428-48,2,1,1,2,d551e6e5-50b5-4eab-88df-f213e6509ea0_1428-48,1.452627751249607
d55c3204-8dfe-44c4-8822-d748e6fe6d8a_600-02,1,1,1,1,d55c3204-8dfe-44c4-8822-d748e6fe6d8a_759-81,2.224769277066687
d55c3204-8dfe-44c4-8822-d748e6fe6d8a_759-81,1,1,1,1,d55c3204-8dfe-44c4-8822-d748e6fe6d8a_759-81,3.204372339537132
d6491872-31a0-4015-b9e1-ae992406f849_51-07,0,1,1,3,af400f98-3c57-46ad-acac-eaca6f940180_3432-31,2.4927068363736904
d64fb34a-08fd-416c-ac6f-86a0813869a8_275-80,1,0,0,4,d64fb34a-08fd-416c-ac6f-86a0813869a8_810-92,0.10765803091528325
d64fb34a-08fd-416c-ac6f-86a0813869a8_290-32,1,1,1,4,d64fb34a-08fd-416c-ac6f-86a0813869a8_810-92,0.716929312149341
d64fb34a-08fd-416c-ac6f-86a0813869a8_437-60,2,0,0,4,d64fb34a-08fd-416c-ac6f-86a0813869a8_810-92,-0.29883186012532437
d64fb34a-08fd-416c-ac6f-86a0813869a8_466-80,3,0,0,4,d64fb34a-08fd-416c-ac6f-86a0813869a8_810-92,0.5412793612781623
d64fb34a-08fd-416c-ac6f-86a0813869a8_494-32,0,0,0,4,d64fb34a-08fd-416c-ac6f-86a0813869a8_810-92,-0.30128867479387944
d64fb34a-08fd-416c-ac6f-86a0813869a8_512-82,3,0,0,4,d64fb34a-08fd-416c-ac6f-86a0813869a8_810-92,0.9224972340706241
d64fb34a-08fd-416c-ac6f-86a0813869a8_810-92,1,0,0,4,d64fb34a-08fd-416c-ac6f-86a0813869a8_810-92,0.21360966703543416
d66f42bb-822b-444a-bce0-ddd15b29bd1b_149-48,0,0,0,0,d66f42bb-822b-444a-bce0-ddd15b29bd1b_149-48,1.0651794935724426
d66f42bb-822b-444a-bce0-ddd15b29bd1b_7-30,2,0,0,0,d66f42bb-822b-444a-bce0-ddd15b29bd1b_149-48,0.8277296915936878
d6e0bff0-9501-4750-b97f-95f134f6618b_781-93,1,1,1,1,d6e0bff0-9501-4750-b97f-95f134f6618b_781-93,0.9944626539357022
d6f9d174-2d42-49e7-83e4-daa9e8b0aa25_1070-43,3,1,1,1,d6f9d174-2d42-49e7-83e4-daa9e8b0aa25_831-84,0.6994043469067408
d6f9d174-2d42-49e7-83e4-daa9e8b0aa25_1389-10,0,1,1,1,d6f9d174-2d42-49e7-83e4-daa9e8b0aa25_831-84,1.6938468927646493
d6f9d174-2d42-49e7-83e4-daa9e8b0aa25_211-63,0,1,1,1,d6f9d174-2d42-49e7-83e4-daa9e8b0aa25_831-84,1.0068992294308414
d6f9d174-2d42-49e7-83e4-daa9e8b0aa25_270-04,0,1,1,1,d6f9d174-2d42-49e7-83e4-daa9e8b0aa25_831-84,1.5086875323123083
d6f9d174-2d42-49e7-83e4-daa9e8b0aa25_432-24,3,1,1,1,d6f9d174-2d42-49e7-83e4-daa9e8b0aa25_831-84,0.1620538677009551
d6f9d174-2d42-49e7-83e4-daa9e8b0aa25_64-13,3,0,0,1,d6f9d174-2d42-49e7-83e4-daa9e8b0aa25_831-84,0.0038687650255091466
d6f9d174-2d42-49e7-83e4-daa9e8b0aa25_831-84,1,1,1,1,d6f9d174-2d42-49e7-83e4-daa9e8b0aa25_831-84,0.03268815230084754
d70be6cb-867f-4657-9a87-5d44ab30527a_887-35,1,1,1,0,d70be6cb-867f-4657-9a87-5d44ab30527a_887-35,1.1156230147265807
d730a47a-013d-4cd3-b478-370f2fb0d918_1149-88,0,1,1,4,d730a47a-013d-4cd3-b478-370f2fb0d918_1149-88,0.30407270700217803
d7480d27-f607-4a5a-8c31-9d299f70a4b8_1934-95,2,0,0,3,d7480d27-f607-4a5a-8c31-9d299f70a4b8_1934-95,1.0559617997358883
d7480d27-f607-4a5a-8c31-9d299f70a4b8_3616-43,2,1,1,3,d7480d27-f607-4a5a-8c31-9d299f70a4b8_1934-95,-0.3162147604593708
d7480d27-f607-4a5a-8c31-9d299f70a4b8_406-05,0,0,0,3,d7480d27-f607-4a5a-8c31-9d299f70a4b8_1934-95,0.0160425627760592
d74c95ba-e072-44f8-bb2f-2631379af06d_1057-19,0,0,0,3,d74c95ba-e072-44f8-bb2f-2631379af06d_1057-19,-0.06819199279405486
d752fc52-9592-4cb5-910b-d09bb39261fd_420-77,2,1,1,2,d752fc52-9592-4cb5-910b-d09bb39261fd_420-77,1.4752843889609384
d7d516f6-4ba0-4ea7-a18f-f943abc50ff8_869-60,1,1,1,1,d7d516f6-4ba0-4ea7-a18f-f943abc50ff8_869-60,1.6425378507833217
d813a821-8cc1-4700-a7a4-d4e6edfed26e_449-05,3,1,1,1,d813a821-8cc1-4700-a7a4-d4e6edfed26e_57-94,1.8446946823204196
d813a821-8cc1-4700-a7a4-d4e6edfed26e_57-94,0,0,0,1,d813a821-8cc1-4700-a7a4-d4e6edfed26e_57-94,0.36521672546849127
d8915c4c-6534-4b0a-b46a-02a03d8031da_0-20,2,0,0,0,d8915c4c-6534-4b0a-b46a-02a03d8031da_0-20,-0.2910273849315721
d8936caf-0142-4ceb-bacc-70313a19f169_142-89,3,1,1,3,d8936caf-0142-4ceb-bacc-70313a19f169_805-14,0.3940454813445957
d8936caf-0142-4ceb-bacc-70313a19f169_660-34,2,1,1,3,d8936caf-0142-4ceb-bacc-70313a19f169_805-14,1.8915348910319898
d8936caf-0142-4ceb-bacc-70313a19f169_694-31,3,0,0,3,d8936caf-0142-4ceb-bacc-70313a19f169_805-14,0.09529581801210463
d8936caf-0142-4ceb-bacc-70313a19f169_805-14,4,1,1,3,d8936caf-0142-4ceb-bacc-70313a19f169_805-14,0.8275663882256652
d8936caf-0142-4ceb-bacc-70313a19f169_888-66,2,1,1,3,d8936caf-0142-4ceb-bacc-70313a19f169_805-14,1.3684654507029974
d8c7bf34-0440-48b3-bf22-263d7c926074_109-23,3,0,0,4,d8c7bf34-0440-48b3-bf22-263d7c926074_109-23,1.3584068226212938
d9bc2b47-181e-4fea-b153-15272b1646e1_589-30,2,0,0,3,d9bc2b47-181e-4fea-b153-15272b1646e1_589-30,-0.11266075075929738
daf5384b-ea5c-4cce-bb8a-540a360075bf_1127-92,2,1,1,1,daf5384b-ea5c-4cce-bb8a-540a360075bf_676-16,1.236411842448219
daf5384b-ea5c-4cce-bb8a-540a360075bf_676-16,3,1,1,1,daf5384b-ea5c-4cce-bb8a-540a360075bf_676-16,0.43717315862460304
db00f224-0dba-4c50-975a-178e0e1033fe_290-41,0,0,0,2,db00f224-0dba-4c50-975a-178e0e1033fe_290-41,0.6523447180420954
db35b386-4c65-4c5e-a488-51b2aa5eb1fb_1982-83,2,0,0,4,db35b386-4c65-4c5e-a488-51b2aa5eb1fb_554-63,0.6768742736368734
db35b386-4c65-4c5e-a488-51b2aa5eb1fb_481-32,1,1,1,4,db35b386-4c65-4c5e-a488-51b2aa5eb1fb_554-63,1.5414524035698105
db35b386-4c65-4c5e-a488-51b2aa5eb1fb_554-63,1,1,1,4,db35b386-4c65-4c5e-a488-51b2aa5eb1fb_554-63,0.061796972940671546
db35b386-4c65-4c5e-a488-51b2aa5eb1fb_589-73,1,0,0,4,db35b386-4c65-4c5e-a488-51b2aa5eb1fb_554-63,-0.05430710355902302
dbcca18b-4b62-4ba1-b799-a6a65231d084_2471-26,1,1,1,2,dbcca18b-4b62-4ba1-b799-a6a65231d084_3795-07,0.06770723308510562
dbcca18b-4b62-4ba1-b799-a6a65231d084_3794-64,0,0,0,2,dbcca18b-4b62-4ba1-b799-a6a65231d084_3795-07,0.7307506619351156
dbcca18b-4b62-4ba1-b799-a6a65231d084_3795-07,3,0,0,2,dbcca18b-4b62-4ba1-b799-a6a65231d084_3795-07,0.5607436652977635
dc16fb2a-7caf-41f4-b2a3-d2ff8cd38255_65-68,0,1,1,1,dc16fb2a-7caf-41f4-b2a3-d2ff8cd38255_65-68,1.0342207725463648
dc4d0940-b35c-4700-af77-5f13bb530ad8_1063-54,3,1,1,0,dc4d0940-b35c-4700-af77-5f13bb530ad8_1063-54,1.961485424460839
dca2e9e2-acde-49b7-8b0e-5a150e536769_3059-39,0,1,1,4,dca2e9e2-acde-49b7-8b0e-5a150e536769_3059-39,0.49627124401042444
dced4894-d13a-4222-941b-5e4ecf1e3299_1046-91,3,0,0,1,dced4894-d13a-4222-941b-5e4ecf1e3299_629-13,-0.3262799006987225
dced4894-d13a-4222-941b-5e4ecf1e3299_1473-25,3,1,1,1,dced4894-d13a-4222-941b-5e4ecf1e3299_629-13,0.018067788568065568
dced4894-d13a-4222-941b-5e4ecf1e3299_629-13,1,1,1,1,dced4894-d13a-4222-941b-5e4ecf1e3299_629-13,1.1146523280933744
dced4894-d13a-4222-941b-5e4ecf1e3299_663-36,3,1,1,1,dced4894-d13a-4222-941b-5e4ecf1e3299_629-13,-0.6598431487055275
dd0aa717-59d8-4d8a-9f11-21be827fb184_1260-03,3,1,1,2,dd0aa717-59d8-4d8a-9f11-21be827fb184_406-80,1.2206750462705749
dd0aa717-59d8-4d8a-9f11-21be827fb184_406-80,0,0,0,2,dd0aa717-59d8-4d8a-9f11-21be827fb184_406-80,0.6641383438743396
dd0aa717-59d8-4d8a-9f11-21be827fb184_600-81,0,1,1,2,dd0aa717-59d8-4d8a-9f11-21be827fb184_406-80,0.3542236575928768
dd508a2a-1ea7-43d2-805a-8080eeae9985_1035-99,3,1,1,3,dd508a2a-1ea7-43d2-805a-8080eeae9985_1133-08,0.5851586205836032
dd508a2a-1ea7-43d2-805a-8080eeae9985_1133-08,0,0,0,3,dd508a2a-1ea7-43d2-805a-8080eeae9985_1133-08,0.49024106959200187
dd508a2a-1ea7-43d2-805a-8080eeae9985_27-58,2,1,1,3,dd508a2a-1ea7-43d2-805a-8080eeae9985_1133-08,-0.8319272245638802
dd508a2a-1ea7-43d2-805a-8080eeae9985_36-14,0,0,0,3,dd508a2a-1ea7-43d2-805a-8080eeae9985_1133-08,1.2858318688917783
dd508a2a-1ea7-43d2-805a-8080eeae9985_856-81,2,0,0,3,dd508a2a-1ea7-43d2-805a-8080eeae9985_1133-08,1.668988671040615
dd508a2a-1ea7-43d2-805a-8080eeae9985_886-44,1,1,1,3,dd508a2a-1ea7-43d2-805a-8080eeae9985_1133-08,0.11917033422144896
dd5214e7-85bb-41b4-93e0-5ef34b8af687_1307-52,3,0,0,3,dd5214e7-85bb-41b4-93e0-5ef34b8af687_1307-52,0.16117859379458754
dd82f801-fc96-4ced-b066-ad559da3faab_124-35,3,0,0,4,dd82f801-fc96-4ced-b066-ad559da3faab_284-37,0.9439377797089512
dd82f801-fc96-4ced-b066-ad559da3faab_1750-27,3,1,1,4,dd82f801-fc96-4ced-b066-ad559da3faab_284-37,0.9874076443544668
dd82f801-fc96-4ced-b066-ad559da3faab_1757-91,0,1,1,4,dd82f801-fc96-4ced-b066-ad559da3faab_284-37,0.7673067709552415
dd82f801-fc96-4ced-b066-ad559da3faab_1788-27,3,1,1,4,dd82f801-fc96-4ced-b066-ad559da3faab_284-37,0.7440140719605863
dd82f801-fc96-4ced-b066-ad559da3faab_284-37,1,0,0,4,dd82f801-fc96-4ced-b066-ad559da3faab_284-37,0.23418272122845418
dd82f801-fc96-4ced-b066-ad559da3faab_601-49,3,1,1,4,dd82f801-fc96-4ced-b066-ad559da3faab_284-37,-0.06106671221440951
dd82f801-fc96-4ced-b066-ad559da3faab_621-91,3,1,1,4,dd82f801-fc96-4ced-b066-ad559da3faab_284-37,0.3826869316538035
dd82f801-fc96-4ced-b066-ad559da3faab_818-04,2,0,0,4,dd82f801-fc96-4ced-b066-ad559da3faab_284-37,0.9699957244669717
dd82f801-fc96-4ced-b066-ad559da3faab_836-46,1,1,1,4,dd82f801-fc96-4ced-b066-ad559da3faab_284-37,0.5517508494067291
dd82f801-fc96-4ced-b066-ad559da3faab_905-66,2,0,0,4,dd82f801-fc96-4ced-b066-ad559da3faab_284-37,0.5568111210599587
de37a11d-1dcd-4f5b-9054-155093b3a073_1154-49,1,1,1,3,de37a11d-1dcd-4f5b-9054-155093b3a073_7411-22,0.3064113438922771
de37a11d-1dcd-4f5b-9054-155093b3a073_1242-75,2,1,1,3,de37a11d-1dcd-4f5b-9054-155093b3a073_7411-22,1.5137299383108365
de37a11d-1dcd-4f5b-9054-155093b3a073_6370-24,2,0,0,3,de37a11d-1dcd-4f5b-9054-155093b3a073_7411-22,-0.13531011735448173
de37a11d-1dcd-4f5b-9054-155093b3a073_7411-22,2,1,1,3,de37a11d-1dcd-4f5b-9054-155093b3a073_7411-22,1.5343630764438279
de37a11d-1dcd-4f5b-9054-155093b3a073_8700-46,3,1,1,3,de37a11d-1dcd-4f5b-9054-155093b3a073_7411-22,1.9226869256628387
dedaa2ad-306d-47b3-a4c4-90b6b2c37e78_8149-03,1,1,1,4,dedaa2ad-306d-47b3-a4c4-90b6b2c37e78_8149-03,0.1942857757952947
df0b81a6-826c-4e9b-8921-392304716c0e_525-16,2,0,0,1,df0b81a6-826c-4e9b-8921-392304716c0e_554-75,0.7811690772411561
df0b81a6-826c-4e9b-8921-392304716c0e_554-75,0,0,0,1,df0b81a6-826c-4e9b-8921-392304716c0e_554-75,0.953331946615936
df1a31a9-6508-4d9d-b1c7-cffc7bcc5d29_41-87,1,0,0,2,df1a31a9-6508-4d9d-b1c7-cffc7bcc5d29_41-87,0.5572516720160974
df630387-82c6-4c90-95e8-6ba558c907a2_202-79,0,1,1,0,df630387-82c6-4c90-95e8-6ba558c907a2_202-79,0.5924038008322592
dfd0bc0c-28fc-4302-9a75-77df6c53ab31_658-80,3,1,1,2,dfd0bc0c-28fc-4302-9a75-77df6c53ab31_658-80,0.4449417778697753
dfe44f90-17f9-43eb-adf4-da35f15002ed_1647-36,2,0,0,4,dfe44f90-17f9-43eb-adf4-da35f15002ed_825-32,0.8577876926400045
dfe44f90-17f9-43eb-adf4-da35f15002ed_825-32,2,0,0,4,dfe44f90-17f9-43eb-adf4-da35f15002ed_825-32,0.393130513609083
e00d8164-9996-48ed-8645-bb88ab30cc09_113-51,1,1,1,3,e00d8164-9996-48ed-8645-bb88ab30cc09_113-51,2.2286051966653826
e0d46807-4c3b-44a0-ac59-cb970c8d5a5a_6-18,0,1,1,3,e0d46807-4c3b-44a0-ac59-cb970c8d5a5a_6-18,0.20588288802786026
e14bb000-250b-4f3d-aec6-e72d4f29d123_1299-73,1,1,1,0,e14bb000-250b-4f3d-aec6-e72d4f29d123_97-24,0.7761205838373892
e14bb000-250b-4f3d-aec6-e72d4f29d123_367-23,3,0,0,0,e14bb000-250b-4f3d-aec6-e72d4f29d123_97-24,0.04255816098841847
e14bb000-250b-4f3d-aec6-e72d4f29d123_968-06,1,0,0,0,e14bb000-250b-4f3d-aec6-e72d4f29d123_97-24,0.2647936825823667
e14bb000-250b-4f3d-aec6-e72d4f29d123_97-24,2,1,1,0,e14bb000-250b-4f3d-aec6-e72d4f29d123_97-24,0.20164552675042868
e14bb000-250b-4f3d-aec6-e72d4f29d123_977-37,0,1,1,0,e14bb000-250b-4f3d-aec6-e72d4f29d123_97-24,1.9129247997569654
e18a43a4-1e7b-4478-bc7f-16cb55a8ac16_875-97,1,1,1,2,e18a43a4-1e7b-4478-bc7f-16cb55a8ac16_875-97,1.2205936638279562
e1b0b312-ce2d-41a0-be5a-70c807fcc5ef_2287-10,0,0,0,4,e1b0b312-ce2d-41a0-be5a-70c807fcc5ef_2287-10,0.5459060206169104
e1b0b312-ce2d-41a0-be5a-70c807fcc5ef_2428-09,0,1,1,4,e1b0b312-ce2d-41a0-be5a-70c807fcc5ef_2287-10,0.18225692227182733
e21a6f09-3df0-4bfb-a23b-47a1866aadf1_511-16,1,0,0,3,e21a6f09-3df0-4bfb-a23b-47a1866aadf1_511-16,0.5177341697264091
e21a6f09-3df0-4bfb-a23b-47a1866aadf1_526-23,1,0,0,3,e21a6f09-3df0-4bfb-a23b-47a1866aadf1_511-16,0.9961035982692803
e21a6f09-3df0-4bfb-a23b-47a1866aadf1_540-06,2,0,0,3,e21a6f09-3df0-4bfb-a23b-47a1866aadf1_511-16,1.4499762651416013
e2a1583d-7460-4d02-ac29-6968f16812c3_338-61,0,0,0,1,e2a1583d-7460-4d02-ac29-6968f16812c3_338-61,0.5365726935185104
e2dd39cb-63e2-4ebb-b99a-ad7ff579b048_78-33,1,0,0,0,e2dd39cb-63e2-4ebb-b99a-ad7ff579b048_78-33,2.0376974264379157
e2e46fb1-9014-426b-9bd4-ea0b995feb31_1007-32,0,1,1,4,e2e46fb1-9014-426b-9bd4-ea0b995feb31_1007-32,0.9250479481433227
e3283ef1-1659-4d5c-a09d-fd0f4df98aba_73-31,1,1,1,3,e3283ef1-1659-4d5c-a09d-fd0f4df98aba_73-31,1.6477471492777915
e339898f-5e79-4723-89d7-44ba33b163de_500-86,3,1,1,2,e339898f-5e79-4723-89d7-44ba33b163de_500-86,0.5547932516295333
e3f37c38-bf24-481f-b1c6-8d472fab4290_1679-92,2,0,0,1,e3f37c38-bf24-481f-b1c6-8d472fab4290_3800-16,0.33128666859246625
e3f37c38-bf24-481f-b1c6-8d472fab4290_3800-16,3,0,0,1,e3f37c38-bf24-481f-b1c6-8d472fab4290_3800-16,-0.09710358093625282
e3f37c38-bf24-481f-b1c6-8d472fab4290_5304-28,1,1,1,1,e3f37c38-bf24-481f-b1c6-8d472fab4290_3800-16,0.559653787212018
e402df54-0a64-424e-a7e6-3e68b18a761c_1045-12,1,1,1,2,e402df54-0a64-424e-a7e6-3e68b18a761c_242-70,1.3764288593180116
e402df54-0a64-424e-a7e6-3e68b18a761c_1064-59,1,0,0,2,e402df54-0a64-424e-a7e6-3e68b18a761c_242-70,1.1053258673186397
e402df54-0a64-424e-a7e6-3e68b18a761c_242-70,0,0,0,2,e402df54-0a64-424e-a7e6-3e68b18a761c_242-70,0.49311531549406906
e402df54-0a64-424e-a7e6-3e68b18a761c_62-43,3,1,1,2,e402df54-0a64-424e-a7e6-3e68b18a761c_242-70,0.6778003923199849
e54d654b-86ca-4219-bbf4-68575fffa098_2992-60,3,1,1,1,e54d654b-86ca-4219-bbf4-68575fffa098_2992-60,1.119182657188629
e55e4faf-dec5-40ee-b375-f0b049b9b280_285-98,4,0,0,0,e55e4faf-dec5-40ee-b375-f0b049b9b280_285-98,1.134938313775911
e55e4faf-dec5-40ee-b375-f0b049b9b280_342-72,1,0,0,0,e55e4faf-dec5-40ee-b375-f0b049b9b280_285-98,0.6529767926057239
e579ef82-c68f-44dc-8b0f-7fe62e20974c_2509-16,0,1,1,0,e579ef82-c68f-44dc-8b0f-7fe62e20974c_2509-16,2.0168872858345717
e58207f1-84ec-424b-a997-ff64a57eb13b_1893-21,1,0,0,2,e58207f1-84ec-424b-a997-ff64a57eb13b_1893-21,-0.025490064844548854
e58207f1-84ec-424b-a997-ff64a57eb13b_3524-37,1,1,1,2,e58207f1-84ec-424b-a997-ff64a57eb13b_1893-21,1.1837449188357816
e5d2cc2c-0a36-4bad-bf50-bc9347e99eca_1120-59,1,0,0,4,e5d2cc2c-0a36-4bad-bf50-bc9347e99eca_1120-59,0.7006163355974548
e5fea731-7b32-4857-a86b-587eda0ff334_979-09,0,0,0,3,e5fea731-7b32-4857-a86b-587eda0ff334_979-09,0.9322354001456061
e623faab-101a-41a6-83ac-8e22b4371aba_1053-43,2,1,1,1,e623faab-101a-41a6-83ac-8e22b4371aba_357-75,1.0748927660329686
e623faab-101a-41a6-83ac-8e22b4371aba_1141-39,0,1,1,1,e623faab-101a-41a6-83ac-8e22b4371aba_357-75,0.9776878642469058
e623faab-101a-41a6-83ac-8e22b4371aba_357-75,2,1,1,1,e623faab-101a-41a6-83ac-8e22b4371aba_357-75,1.4167660938765836
e65cdb37-b00c-44b1-909f-068022d804cb_868-94,1,1,1,2,e65cdb37-b00c-44b1-909f-068022d804cb_868-94,0.6995369276241603
e6958f57-5769-46f6-be27-b879059ff2a4_927-40,3,1,1,1,e6958f57-5769-46f6-be27-b879059ff2a4_927-40,0.39974969514891767
e6b7692d-5e35-4524-8d2a-385475b95806_1667-07,1,0,0,3,e6b7692d-5e35-4524-8d2a-385475b95806_3085-37,1.4368214091343645
e6b7692d-5e35-4524-8d2a-385475b95806_3085-37,0,0,0,3,e6b7692d-5e35-4524-8d2a-385475b95806_3085-37,1.2534572939675825
e6d852dd-2510-482f-ad25-3d731388ea44_0-00,1,0,0,0,e6d852dd-2510-482f-ad25-3d731388ea44_0-00,0.3771033288604002
e6d852dd-2510-482f-ad25-3d731388ea44_105-51,2,0,0,0,e6d852dd-2510-482f-ad25-3d731388ea44_0-00,0.630515309439132
e6d852dd-2510-482f-ad25-3d731388ea44_141-52,1,0,0,0,e6d852dd-2510-482f-ad25-3d731388ea44_0-00,0.6641641106438612
e6e3919c-7c2e-491e-bde8-053715f0d851_1353-28,0,0,0,2,e6e3919c-7c2e-491e-bde8-053715f0d851_472-28,0.8114969873561435
e6e3919c-7c2e-491e-bde8-053715f0d851_466-43,1,0,0,2,e6e3919c-7c2e-491e-bde8-053715f0d851_472-28,0.38436168856511443
e6e3919c-7c2e-491e-bde8-053715f0d851_472-28,3,1,1,2,e6e3919c-7c2e-491e-bde8-053715f0d851_472-28,1.8536126759112244
e6f1accd-e18d-43ec-b854-e7633b15cbf7_1189-37,1,0,0,2,e6f1accd-e18d-43ec-b854-e7633b15cbf7_1189-37,0.1189836279523897
e6f1accd-e18d-43ec-b854-e7633b15cbf7_1189-42,1,1,1,2,e6f1accd-e18d-43ec-b854-e7633b15cbf7_1189-37,0.8380979804552129
e6fdec5a-21e1-43e8-b662-9376538394d5_3510-00,2,0,0,0,e6fdec5a-21e1-43e8-b662-9376538394d5_3510-00,1.6522017361884456
e70f4b34-432f-47dc-834f-5bc6bd67dc62_166-47,3,1,1,1,e70f4b34-432f-47dc-834f-5bc6bd67dc62_166-47,1.8626942974908418
e70f4b34-432f-47dc-834f-5bc6bd67dc62_676-86,3,1,1,1,e70f4b34-432f-47dc-834f-5bc6bd67dc62_166-47,1.4162174914854149
e70f4b34-432f-47dc-834f-5bc6bd67dc62_78-75,0,1,1,1,e70f4b34-432f-47dc-834f-5bc6bd67dc62_166-47,1.2855386509908862
e7752106-8e0c-47b5-a639-e701e659718c_740-06,1,0,0,4,e7752106-8e0c-47b5-a639-e701e659718c_740-06,1.7293645637188226
e7eead9a-5f4e-47af-8f54-2dd3fd453a2d_49-96,2,0,0,1,e7eead9a-5f4e-47af-8f54-2dd3fd453a2d_49-96,0.16011144680796074
e7eead9a-5f4e-47af-8f54-2dd3fd453a2d_55-37,3,1,1,1,e7eead9a-5f4e-47af-8f54-2dd3fd453a2d_49-96,1.1763158547467378
e87752b1-35a5-4cd7-9b95-a4b28129f9f3_932-40,1,1,1,3,e87752b1-35a5-4cd7-9b95-a4b28129f9f3_932-40,1.6523275103083683
e8ed2917-9442-4237-b15e-cd0b6c839d38_167-12,2,1,1,2,e8ed2917-9442-4237-b15e-cd0b6c839d38_167-12,-0.1909493141552021
e9343bd2-cd48-4abe-902a-3d3f6a0b51d8_1795-21,3,0,0,3,e9343bd2-cd48-4abe-902a-3d3f6a0b51d8_1810-91,0.6136299665322016
e9343bd2-cd48-4abe-902a-3d3f6a0b51d8_1810-91,1,1,1,3,e9343bd2-cd48-4abe-902a-3d3f6a0b51d8_1810-91,1.120951103894306
e9350702-f77c-4112-9f57-3ed08bc4b98a_0-04,0,0,0,1,e9350702-f77c-4112-9f57-3ed08bc4b98a_0-04,0.027404828759044708
e93fdf27-c14c-4794-b4b7-20685b40156f_1304-45,0,1,1,0,e93fdf27-c14c-4794-b4b7-20685b40156f_1304-45,1.2855424730130895
e93fdf27-c14c-4794-b4b7-20685b40156f_1313-69,1,1,1,0,e93fdf27-c14c-4794-b4b7-20685b40156f_1304-45,0.1979174335277072
e95dbd21-3017-48f5-8f36-46531f053ab1_339-47,1,0,0,0,e95dbd21-3017-48f5-8f36-46531f053ab1_547-92,1.7434294955869443
e95dbd21-3017-48f5-8f36-46531f053ab1_424-29,1,1,1,0,e95dbd21-3017-48f5-8f36-46531f053ab1_547-92,0.8685208918140859
e95dbd21-3017-48f5-8f36-46531f053ab1_547-92,1,1,1,0,e95dbd21-3017-48f5-8f36-46531f053ab1_547-92,1.4720141445655854
e95dbd21-3017-48f5-8f36-46531f053ab1_835-77,2,1,1,0,e95dbd21-3017-48f5-8f36-46531f053ab1_547-92,0.7802398824222889
e9957d35-9c4d-44cc-b3b6-267dfa13841a_896-74,1,0,0,0,e9957d35-9c4d-44cc-b3b6-267dfa13841a_896-74,0.3017722446147528
e99a32fa-19c9-41e6-be66-37869bd26583_542-40,0,1,1,4,e99a32fa-19c9-41e6-be66-37869bd26583_542-40,1.5679193615673683
e9e0f26d-3005-436a-a70f-7d99977808c8_1359-76,2,1,1,1,e9e0f26d-3005-436a-a70f-7d99977808c8_1554-09,1.1753265907377195
e9e0f26d-3005-436a-a70f-7d99977808c8_1362-45,3,1,1,1,e9e0f26d-3005-436a-a70f-7d99977808c8_1554-09,1.5188440526542444
e9e0f26d-3005-436a-a70f-7d99977808c8_1554-09,3,0,0,1,e9e0f26d-3005-436a-a70f-7d99977808c8_1554-09,0.015030890050900858
e9e0f26d-3005-436a-a70f-7d99977808c8_1690-81,3,1,1,1,e9e0f26d-3005-436a-a70f-7d99977808c8_1554-09,2.217110363391943
e9ea573a-3972-48ea-b946-6cb069497bab_1785-52,1,0,0,3,e9ea573a-3972-48ea-b946-6cb069497bab_1785-52,1.6088775461060931
ea1818bb-a882-4de4-9e31-993f4cb98aa1_1361-82,2,1,1,0,e95dbd21-3017-48f5-8f36-46531f053ab1_547-92,0.05701804718967396
ea1818bb-a882-4de4-9e31-993f4cb98aa1_1362-76,0,1,1,0,e95dbd21-3017-48f5-8f36-46531f053ab1_547-92,1.489117746314256
ea1818bb-a882-4de4-9e31-993f4cb98aa1_622-65,0,1,1,0,e95dbd21-3017-48f5-8f36-46531f053ab1_547-92,0.9565529442592271
ea417823-8ca0-417c-8901-114fa4f2d47f_254-62,2,1,1,1,5ab334f2-ecc8-4a05-96f8-4320225379b2_214-77,1.8861557616575169
ea417823-8ca0-417c-8901-114fa4f2d47f_258-70,2,1,1,1,5ab334f2-ecc8-4a05-96f8-4320225379b2_214-77,1.3084924485811105
ea5bb387-a22a-4b49-8aa5-35cbf0d3563d_205-22,1,0,0,4,ea5bb387-a22a-4b49-8aa5-35cbf0d3563d_32-89,0.20196087612016145
ea5bb387-a22a-4b49-8aa5-35cbf0d3563d_32-89,0,1,1,4,ea5bb387-a22a-4b49-8aa5-35cbf0d3563d_32-89,1.7980599608497112
eaa560d5-6432-4030-a03a-b6ba512e621d_61-64,0,0,0,1,eaa560d5-6432-4030-a03a-b6ba512e621d_61-64,1.0750781860816352
eabf19d3-4e52-4aee-8f14-5118626a078f_778-52,3,1,1,1,eabf19d3-4e52-4aee-8f14-5118626a078f_778-52,0.8272352331887871
eb20bebd-41e5-4a02-aa7e-73d3da5bc97e_1106-81,0,1,1,1,eb20bebd-41e5-4a02-aa7e-73d3da5bc97e_1624-37,0.5372149679019593
eb20bebd-41e5-4a02-aa7e-73d3da5bc97e_1223-78,1,1,1,1,eb20bebd-41e5-4a02-aa7e-73d3da5bc97e_1624-37,1.1105794412598693
eb20bebd-41e5-4a02-aa7e-73d3da5bc97e_1253-80,1,1,1,1,eb20bebd-41e5-4a02-aa7e-73d3da5bc97e_1624-37,1.1016560855795465
eb20bebd-41e5-4a02-aa7e-73d3da5bc97e_1624-37,1,1,1,1,eb20bebd-41e5-4a02-aa7e-73d3da5bc97e_1624-37,1.7784399258294796
eb20bebd-41e5-4a02-aa7e-73d3da5bc97e_275-45,3,0,0,1,eb20bebd-41e5-4a02-aa7e-73d3da5bc97e_1624-37,0.6902547671458754
eb20bebd-41e5-4a02-aa7e-73d3da5bc97e_389-33,2,0,0,1,eb20bebd-41e5-4a02-aa7e-73d3da5bc97e_1624-37,1.239804536873349
eb20bebd-41e5-4a02-aa7e-73d3da5bc97e_68-58,2,0,0,1,eb20bebd-41e5-4a02-aa7e-73d3da5bc97e_1624-37,0.0568870314249581
eb20bebd-41e5-4a02-aa7e-73d3da5bc97e_70-42,1,1,1,1,eb20bebd-41e5-4a02-aa7e-73d3da5bc97e_1624-37,1.7439281592378004
eb2c9739-dba0-479c-81b7-9dda51c4ac20_1388-02,1,1,1,0,eb2c9739-dba0-479c-81b7-9dda51c4ac20_1465-40,0.22098976116223068
eb2c9739-dba0-479c-81b7-9dda51c4ac20_1465-40,3,0,0,0,eb2c9739-dba0-479c-81b7-9dda51c4ac20_1465-40,0.9260316457345437
eb2c9739-dba0-479c-81b7-9dda51c4ac20_148-23,0,1,1,0,eb2c9739-dba0-479c-81b7-9dda51c4ac20_1465-40,0.8307876136943215
eb2c9739-dba0-479c-81b7-9dda51c4ac20_1679-45,1,0,0,0,eb2c9739-dba0-479c-81b7-9dda51c4ac20_1465-40,0.8163823695965533
eb2c9739-dba0-479c-81b7-9dda51c4ac20_249-20,0,1,1,0,eb2c9739-dba0-479c-81b7-9dda51c4ac20_1465-40,1.9148760436565313
eb2c9739-dba0-479c-81b7-9dda51c4ac20_275-35,1,1,1,0,eb2c9739-dba0-479c-81b7-9dda51c4ac20_1465-40,-0.38865739716246406
eb575f9b-6a52-45fb-98d8-5e9dbdd8dd63_703-22,0,1,1,0,eb575f9b-6a52-45fb-98d8-5e9dbdd8dd63_703-22,1.3562182633912183
eb5cb2b0-59e6-45da-af1b-ba86c7ab0b54_1263-17,1,1,1,4,eb5cb2b0-59e6-45da-af1b-ba86c7ab0b54_824-48,1.662387075404804
eb5cb2b0-59e6-45da-af1b-ba86c7ab0b54_705-79,0,0,0,4,eb5cb2b0-59e6-45da-af1b-ba86c7ab0b54_824-48,0.17043705986021784
eb5cb2b0-59e6-45da-af1b-ba86c7ab0b54_824-48,3,0,0,4,eb5cb2b0-59e6-45da-af1b-ba86c7ab0b54_824-48,-0.04554681615180578
eb5cb2b0-59e6-45da-af1b-ba86c7ab0b54_922-64,1,0,0,4,eb5cb2b0-59e6-45da-af1b-ba86c7ab0b54_824-48,1.0585513810381797
eb81442c-a322-49ea-b243-a39d2e288b9b_414-51,1,1,1,1,eb81442c-a322-49ea-b243-a39d2e288b9b_414-51,0.9997885939903959
eb81442c-a322-49ea-b243-a39d2e288b9b_838-90,3,1,1,1,eb81442c-a322-49ea-b243-a39d2e288b9b_414-51,1.6616473193888084
ec02ed27-b697-44b0-ae18-a9275205bfee_9-72,0,1,1,4,ec02ed27-b697-44b0-ae18-a9275205bfee_9-72,1.3299346990457344
ec3556de-be79-4ad4-aa0f-eaca48abb5d5_547-69,0,1,1,3,ec3556de-be79-4ad4-aa0f-eaca48abb5d5_547-69,-0.29231368511175115
ec75d692-c261-4df5-9939-b0edfaa309a5_1168-60,0,1,1,4,56c5fea0-73fb-4239-b740-1faf19e75e6f_1246-35,1.1515882168903069
ec85a806-d47f-4555-8c4c-20f59927e580_1424-09,0,0,0,3,ec85a806-d47f-4555-8c4c-20f59927e580_1424-09,0.38083768212002167
ec85a806-d47f-4555-8c4c-20f59927e580_1435-56,0,1,1,3,ec85a806-d47f-4555-8c4c-20f59927e580_1424-09,1.7257096301181776
ec85a806-d47f-4555-8c4c-20f59927e580_3835-48,0,1,1,3,ec85a806-d47f-4555-8c4c-20f59927e580_1424-09,1.205081149925664
ec85a806-d47f-4555-8c4c-20f59927e580_909-71,3,1,1,3,ec85a806-d47f-4555-8c4c-20f59927e580_1424-09,-0.09521557705192452
ec86fee5-ee10-46c5-b835-07c8a8d9651e_362-34,1,0,0,2,ec86fee5-ee10-46c5-b835-07c8a8d9651e_362-34,0.5576946870791288
ecdc4071-1903-4024-a357-d0082720168e_107-60,1,1,1,2,ecdc4071-1903-4024-a357-d0082720168e_44-12,0.2343999391710574
ecdc4071-1903-4024-a357-d0082720168e_115-49,0,0,0,2,ecdc4071-1903-4024-a357-d0082720168e_44-12,0.12566349399168142
ecdc4071-1903-4024-a357-d0082720168e_125-53,2,0,0,2,ecdc4071-1903-4024-a357-d0082720168e_44-12,0.24957490158127094
ecdc4071-1903-4024-a357-d0082720168e_295-94,2,1,1,2,ecdc4071-1903-4024-a357-d0082720168e_44-12,0.8715430211281019
ecdc4071-1903-4024-a357-d0082720168e_3-20,1,0,0,2,ecdc4071-1903-4024-a357-d0082720168e_44-12,1.1646077909992685
ecdc4071-1903-4024-a357-d0082720168e_44-12,2,1,1,2,ecdc4071-1903-4024-a357-d0082720168e_44-12,0.4039955688698176
ecdc4071-1903-4024-a357-d0082720168e_454-42,1,0,0,2,ecdc4071-1903-4024-a357-d0082720168e_44-12,-0.8154432661506116
ed027cb2-5b92-4de2-ab58-69d42325ef15_1281-72,0,1,1,1,ed027cb2-5b92-4de2-ab58-69d42325ef15_266-43,1.448553101966904
ed027cb2-5b92-4de2-ab58-69d42325ef15_266-43,2,0,0,1,ed027cb2-5b92-4de2-ab58-69d42325ef15_266-43,1.0455126625927298
ed027cb2-5b92-4de2-ab58-69d42325ef15_890-73,1,0,0,1,ed027cb2-5b92-4de2-ab58-69d42325ef15_266-43,1.5821376893775223
ed027cb2-5b92-4de2-ab58-69d42325ef15_965-69,0,1,1,1,ed027cb2-5b92-4de2-ab58-69d42325ef15_266-43,0.751405847963641
ed31f134-b3f0-4f50-b8ae-d956b2f9ccfd_2025-02,2,0,0,1,ed31f134-b3f0-4f50-b8ae-d956b2f9ccfd_2025-02,0.2038524072083332
ed792c47-5cb3-427c-a0e9-5dac33456e6a_1026-89,3,1,1,4,ed792c47-5cb3-427c-a0e9-5dac33456e6a_38-58,0.569398251212637
ed792c47-5cb3-427c-a0e9-5dac33456e6a_3277-79,2,1,1,4,ed792c47-5cb3-427c-a0e9-5dac33456e6a_38-58,0.8593435514482093
ed792c47-5cb3-427c-a0e9-5dac33456e6a_3373-63,2,1,1,4,ed792c47-5cb3-427c-a0e9-5dac33456e6a_38-58,0.005011908502126516
ed792c47-5cb3-427c-a0e9-5dac33456e6a_38-58,1,1,1,4,ed792c47-5cb3-427c-a0e9-5dac33456e6a_38-58,0.143385861010644
ed792c47-5cb3-427c-a0e9-5dac33456e6a_662-64,1,1,1,4,ed792c47-5cb3-427c-a0e9-5dac33456e6a_38-58,-0.09681040162417665
ed792c47-5cb3-427c-a0e9-5dac33456e6a_968-42,3,1,1,4,ed792c47-5cb3-427c-a0e9-5dac33456e6a_38-58,-0.13150752226594253
edaf03e3-3021-4140-8434-dc9e744ae492_178-18,2,0,0,0,edaf03e3-3021-4140-8434-dc9e744ae492_178-18,0.7985866982806153
edd0cb68-87be-4cfe-9f2d-b0b64ea8d3e2_2291-45,1,1,1,0,edd0cb68-87be-4cfe-9f2d-b0b64ea8d3e2_4865-28,0.5999027061911373
edd0cb68-87be-4cfe-9f2d-b0b64ea8d3e2_4865-28,2,1,1,0,edd0cb68-87be-4cfe-9f2d-b0b64ea8d3e2_4865-28,2.735446810221223
ede3176b-2e12-4d2d-b9e2-40a2c4e93916_78-06,0,1,1,4,ede3176b-2e12-4d2d-b9e2-40a2c4e93916_78-06,0.16602146042417587
ee1eea29-aaad-41a4-b299-c72ed26c9da5_801-68,2,1,1,3,ee1eea29-aaad-41a4-b299-c72ed26c9da5_801-68,1.2876830806178707
ee3c00d5-9759-43b3-9116-3375227aadfd_15-30,1,1,1,2,ee3c00d5-9759-43b3-9116-3375227aadfd_15-30,0.7524826116049499
ee708878-5d10-4bf3-bd8a-6d72d5cceca6_570-90,3,0,0,1,ee708878-5d10-4bf3-bd8a-6d72d5cceca6_570-90,0.7781591799501404
eea4b231-055e-4c4e-8f95-8dd043601da6_1144-34,3,1,1,0,eea4b231-055e-4c4e-8f95-8dd043601da6_1144-34,0.7518752712560852
eefcde42-5ea1-4a85-9f34-72c3ceca50f6_817-78,0,1,1,4,eefcde42-5ea1-4a85-9f34-72c3ceca50f6_817-78,0.49598949979279494
ef641454-94d5-4fe4-bf21-710144143967_723-67,3,1,1,1,ef641454-94d5-4fe4-bf21-710144143967_723-67,1.2030592994049638
ef641454-94d5-4fe4-bf21-710144143967_760-02,3,1,1,1,ef641454-94d5-4fe4-bf21-710144143967_723-67,0.2741027248845762
f0041c6c-06b2-4c3b-b8e6-934305b4226e_3757-69,0,1,1,2,f0041c6c-06b2-4c3b-b8e6-934305b4226e_6269-35,0.217050388452529
f0041c6c-06b2-4c3b-b8e6-934305b4226e_6185-52,2,0,0,2,f0041c6c-06b2-4c3b-b8e6-934305b4226e_6269-35,1.082380565507794
f0041c6c-06b2-4c3b-b8e6-934305b4226e_6269-35,0,1,1,2,f0041c6c-06b2-4c3b-b8e6-934305b4226e_6269-35,2.517311656080383
f00ec54c-9ed4-4a23-9cd7-f8728cb9d6c7_1080-52,0,1,1,4,f00ec54c-9ed4-4a23-9cd7-f8728cb9d6c7_1322-65,0.8246535116041249
f00ec54c-9ed4-4a23-9cd7-f8728cb9d6c7_1322-65,0,1,1,4,f00ec54c-9ed4-4a23-9cd7-f8728cb9d6c7_1322-65,2.260015072063768
f0b8d19e-28c0-4d11-bb2d-5c6576eb7dcb_138-10,1,0,0,1,f0b8d19e-28c0-4d11-bb2d-5c6576eb7dcb_67-04,-0.13881771575970148
f0b8d19e-28c0-4d11-bb2d-5c6576eb7dcb_67-04,1,1,1,1,f0b8d19e-28c0-4d11-bb2d-5c6576eb7dcb_67-04,0.7510476946114866
f1253f94-69c2-4f65-b8dc-e0f24c7677b4_1541-37,2,1,1,2,f1253f94-69c2-4f65-b8dc-e0f24c7677b4_1541-37,0.6403940390926768
f17f0d96-4d93-4e4b-83c5-fddfbc581bb3_963-95,0,0,0,1,f17f0d96-4d93-4e4b-83c5-fddfbc581bb3_963-95,1.2350905751039656
f1b5ae1e-742c-4802-9e61-ff8aae83e12e_459-05,3,0,0,1,f1b5ae1e-742c-4802-9e61-ff8aae83e12e_459-05,0.45941497401216513
f1f8d17c-3d2a-4a2a-9482-0a8e385e77ae_365-24,0,0,0,0,f1f8d17c-3d2a-4a2a-9482-0a8e385e77ae_365-24,0.6100165725163436
f2017e02-2e5b-419c-8216-5a256a925c68_269-97,2,1,1,4,f2017e02-2e5b-419c-8216-5a256a925c68_269-97,0.9247579594527973
f22115b5-b9be-4e30-8576-7c1fcecec480_12-52,1,0,0,0,f22115b5-b9be-4e30-8576-7c1fcecec480_12-52,-0.3006200455789887
f22115b5-b9be-4e30-8576-7c1fcecec480_21-27,2,0,0,0,f22115b5-b9be-4e30-8576-7c1fcecec480_12-52,-0.19853687197804248
f2420e55-e559-40e1-9c96-863c6be763fd_1649-73,1,1,1,3,f2420e55-e559-40e1-9c96-863c6be763fd_1649-73,1.0530427280359038
f246429f-404e-4023-9b82-bfe6bf1e50cd_78-11,0,1,1,2,f246429f-404e-4023-9b82-bfe6bf1e50cd_78-11,0.20509037816299158
f26eb8a6-2ac4-4aa4-a500-1e738d8c8b13_1596-52,0,1,1,1,f26eb8a6-2ac4-4aa4-a500-1e738d8c8b13_1596-52,0.40920242176456
f330e671-6ad4-49d4-8d59-e2493119ac43_8211-68,3,1,1,0,f330e671-6ad4-49d4-8d59-e2493119ac43_9479-43,1.0372201183324146
f330e671-6ad4-49d4-8d59-e2493119ac43_9479-43,3,1,1,0,f330e671-6ad4-49d4-8d59-e2493119ac43_9479-43,1.0368405710520845
f374039b-7f08-4dc3-af64-4e9ff61db531_2262-81,2,0,0,2,421a0364-6ed6-4bd4-8db2-5de8e245c9bc_549-95,-0.10597032366325543
f374039b-7f08-4dc3-af64-4e9ff61db531_425-13,0,0,0,2,421a0364-6ed6-4bd4-8db2-5de8e245c9bc_549-95,1.5803062722383237
f3c557d2-1170-4979-9a70-96d9b51fa987_228-25,3,0,0,2,f3c557d2-1170-4979-9a70-96d9b51fa987_228-25,0.5726938025938533
f3c557d2-1170-4979-9a70-96d9b51fa987_265-90,3,0,0,2,f3c557d2-1170-4979-9a70-96d9b51fa987_228-25,0.2754334251509012
f488287d-ea74-4836-9ea4-e137ac6c8233_333-32,2,1,1,0,f488287d-ea74-4836-9ea4-e137ac6c8233_333-32,0.5491585304537372
f51552ce-3d91-448c-8770-9800a6b5aa50_1666-29,1,1,1,4,f51552ce-3d91-448c-8770-9800a6b5aa50_1666-29,0.9800801052861776
f543a47a-c081-481b-a415-cfe732ad74fe_1737-03,1,1,1,3,f543a47a-c081-481b-a415-cfe732ad74fe_1737-03,-0.18528816990419195
f576f1bf-5433-488b-8833-8320f087e72b_48-29,1,1,1,2,f576f1bf-5433-488b-8833-8320f087e72b_48-29,0.07260328871171517
f5778003-9aea-4ca0-9398-69299ba0331c_124-11,0,0,0,4,f5778003-9aea-4ca0-9398-69299ba0331c_124-11,-0.022080433339625172
f58900c3-5747-447c-9fa2-04c608e7f40a_18-05,3,0,0,2,f58900c3-5747-447c-9fa2-04c608e7f40a_18-07,0.6200292849833517
f58900c3-5747-447c-9fa2-04c608e7f40a_18-07,2,1,1,2,f58900c3-5747-447c-9fa2-04c608e7f40a_18-07,0.11089788707746218
f5ac654b-8f39-427b-856f-4a9a2d4a3020_9-20,0,0,0,0,f5ac654b-8f39-427b-856f-4a9a2d4a3020_9-20,0.553357167117841
f5accd2a-0799-4345-9e0d-eb8d87a677a4_1449-87,1,1,1,1,f5accd2a-0799-4345-9e0d-eb8d87a677a4_1449-87,0.309911561588442
f5bdefb3-f57c-4270-bf31-7939ecd45c86_1289-58,1,0,0,3,f5bdefb3-f57c-4270-bf31-7939ecd45c86_1815-24,0.3144790697528077
f5bdefb3-f57c-4270-bf31-7939ecd45c86_1324-59,1,0,0,3,f5bdefb3-f57c-4270-bf31-7939ecd45c86_1815-24,1.648139428276757
f5bdefb3-f57c-4270-bf31-7939ecd45c86_1815-24,0,0,0,3,f5bdefb3-f57c-4270-bf31-7939ecd45c86_1815-24,1.2661696731600791
f5bdefb3-f57c-4270-bf31-7939ecd45c86_2347-29,3,1,1,3,f5bdefb3-f57c-4270-bf31-7939ecd45c86_1815-24,1.8695672649651385
f5bdefb3-f57c-4270-bf31-7939ecd45c86_788-76,1,1,1,3,f5bdefb3-f57c-4270-bf31-7939ecd45c86_1815-24,0.3549440619585973
f62011c7-dd9b-4dd7-abbb-d4cb891c388e_1080-00,0,0,0,2,f62011c7-dd9b-4dd7-abbb-d4cb891c388e_1080-00,0.33516680596566895
f668b2c9-d376-411b-96e5-7d7379fae824_107-18,0,1,1,3,f668b2c9-d376-411b-96e5-7d7379fae824_107-18,1.4238563724200144
f668b2c9-d376-411b-96e5-7d7379fae824_151-21,1,1,1,3,f668b2c9-d376-411b-96e5-7d7379fae824_107-18,0.15843270587351155
f6da4761-4774-4e05-bb2a-beca6db68f51_2233-75,3,1,1,3,f6da4761-4774-4e05-bb2a-beca6db68f51_4196-85,0.9980250880386661
f6da4761-4774-4e05-bb2a-beca6db68f51_4196-85,0,0,0,3,f6da4761-4774-4e05-bb2a-beca6db68f51_4196-85,0.5693668615950831
f7148e30-2ded-4d14-a8bb-f50813da26df_84-22,3,0,0,3,f7148e30-2ded-4d14-a8bb-f50813da26df_84-22,0.1406108225228162
f77f437c-4e60-43ef-a5e1-ce3881409455_1543-97,1,0,0,2,f77f437c-4e60-43ef-a5e1-ce3881409455_1543-97,0.5216236988595209
f7d99eca-11d5-4d45-8d60-695c3cb2f07c_431-32,0,1,1,1,f7d99eca-11d5-4d45-8d60-695c3cb2f07c_431-32,2.6384163057586587
f8c9dee9-a82f-46e8-9cd5-9380e197ac25_28-43,1,0,0,0,f8c9dee9-a82f-46e8-9cd5-9380e197ac25_28-43,1.3570154356224542
f965d286-b521-402f-9a0e-c73b49e9806e_1758-84,3,0,0,2,f965d286-b521-402f-9a0e-c73b49e9806e_32-71,0.7567008684143328
f965d286-b521-402f-9a0e-c73b49e9806e_32-71,2,1,1,2,f965d286-b521-402f-9a0e-c73b49e9806e_32-71,1.113397536717799
f9a49dfd-e6f1-4827-9903-73a562ab32cd_444-64,3,0,0,4,f9a49dfd-e6f1-4827-9903-73a562ab32cd_444-64,1.7675256841883504
f9c337af-fdf9-4737-b4c2-c5f68cd18d6a_553-83,2,1,1,3,f9c337af-fdf9-4737-b4c2-c5f68cd18d6a_553-83,1.150140713549696
fa35a547-13b5-4355-873c-322c1860349a_1250-17,1,0,0,0,fa35a547-13b5-4355-873c-322c1860349a_128-66,0.07956930522616812
fa35a547-13b5-4355-873c-322c1860349a_128-66,0,0,0,0,fa35a547-13b5-4355-873c-322c1860349a_128-66,0.7326700657697405
fa35a547-13b5-4355-873c-322c1860349a_166-55,1,1,1,0,fa35a547-13b5-4355-873c-322c1860349a_128-66,0.87027259253514
fa53388f-58ab-41a8-9f0d-55407cae3973_757-23,1,1,1,2,fa53388f-58ab-41a8-9f0d-55407cae3973_757-23,1.401777488235287
fab481c0-842c-4536-9126-9dc375464685_728-84,3,1,1,1,fab481c0-842c-4536-9126-9dc375464685_728-84,0.8572369583201775
facdbd7a-da79-48bd-9bb0-c866f675699b_1484-63,2,0,0,0,facdbd7a-da79-48bd-9bb0-c866f675699b_1484-63,-0.10881502683906819
fb8a0650-986c-4c08-9d97-ac432cca424e_70-34,1,0,0,4,fb8a0650-986c-4c08-9d97-ac432cca424e_70-34,1.2269244206340262
fb92d350-9bf9-4b16-8a1f-7858de276226_1246-08,0,1,1,0,c586c267-9ac3-45d5-a9aa-6deab0b9608d_246-72,0.2954279626695211
fb92d350-9bf9-4b16-8a1f-7858de276226_2190-65,0,1,1,0,c586c267-9ac3-45d5-a9aa-6deab0b9608d_246-72,-0.05641851018819111
fb92d350-9bf9-4b16-8a1f-7858de276226_2422-37,0,1,1,0,c586c267-9ac3-45d5-a9aa-6deab0b9608d_246-72,0.458205102894075
fb92d350-9bf9-4b16-8a1f-7858de276226_2423-62,2,1,1,0,c586c267-9ac3-45d5-a9aa-6deab0b9608d_246-72,0.22771443175950168
fb92d350-9bf9-4b16-8a1f-7858de276226_2438-10,0,0,0,0,c586c267-9ac3-45d5-a9aa-6deab0b9608d_246-72,1.3220054388256721
fb92d350-9bf9-4b16-8a1f-7858de276226_32-25,3,1,1,0,c586c267-9ac3-45d5-a9aa-6deab0b9608d_246-72,1.2482861558036498
fb92d350-9bf9-4b16-8a1f-7858de276226_540-00,0,0,0,0,c586c267-9ac3-45d5-a9aa-6deab0b9608d_246-72,0.2858281803900342
fb92d350-9bf9-4b16-8a1f-7858de276226_561-78,2,1,1,0,c586c267-9ac3-45d5-a9aa-6deab0b9608d_246-72,0.7897612326485342
fb92d350-9bf9-4b16-8a1f-7858de276226_599-33,1,0,0,0,c586c267-9ac3-45d5-a9aa-6deab0b9608d_246-72,0.6677444632329328
fb92d350-9bf9-4b16-8a1f-7858de276226_603-23,1,1,1,0,c586c267-9ac3-45d5-a9aa-6deab0b9608d_246-72,1.65176267617978
fb92d350-9bf9-4b16-8a1f-7858de276226_625-71,0,1,1,0,c586c267-9ac3-45d5-a9aa-6deab0b9608d_246-72,1.3774550583537173
fb92d350-9bf9-4b16-8a1f-7858de276226_688-12,2,0,0,0,c586c267-9ac3-45d5-a9aa-6deab0b9608d_246-72,0.8284329877804684
fb9fda68-f264-465d-9208-19876f5ef90f_63-03,4,1,1,2,fb9fda68-f264-465d-9208-19876f5ef90f_63-03,0.3304836927877308
fb9fda68-f264-465d-9208-19876f5ef90f_887-23,0,1,1,2,fb9fda68-f264-465d-9208-19876f5ef90f_63-03,0.18841860711896308
fbc425c4-def6-49a7-8b88-5d5d00b5524e_278-29,2,1,1,3,fbc425c4-def6-49a7-8b88-5d5d00b5524e_278-29,0.4365417231885902
fc0450d5-00cd-4d55-9a8e-68628c38ddd2_87-11,0,0,0,2,fc0450d5-00cd-4d55-9a8e-68628c38ddd2_87-11,-0.35531267920628906
fc201765-9b2e-4bb3-8ca0-84bd1732fd40_335-09,2,1,1,1,fc201765-9b2e-4bb3-8ca0-84bd1732fd40_335-09,0.9565988520586377
fcb62109-9f54-42d7-9ecd-7a60817868dc_663-41,1,0,0,0,fcb62109-9f54-42d7-9ecd-7a60817868dc_663-41,0.8299196385396814
fcc14fe4-35e1-4854-b368-4541ae7bcf58_1063-13,1,0,0,4,fcc14fe4-35e1-4854-b368-4541ae7bcf58_1063-13,0.8823881401039544
fd2ae8b4-b683-4c4b-935c-78b4dadbdbf8_2447-28,0,1,1,0,c586c267-9ac3-45d5-a9aa-6deab0b9608d_246-72,1.1458106051147339
fd2ae8b4-b683-4c4b-935c-78b4dadbdbf8_2975-44,0,1,1,0,c586c267-9ac3-45d5-a9aa-6deab0b9608d_246-72,0.999366301791011
fd2ae8b4-b683-4c4b-935c-78b4dadbdbf8_3041-68,0,1,1,0,c586c267-9ac3-45d5-a9aa-6deab0b9608d_246-72,0.25049283345162654
fd2ae8b4-b683-4c4b-935c-78b4dadbdbf8_3860-90,3,1,1,0,c586c267-9ac3-45d5-a9aa-6deab0b9608d_246-72,1.3053182589986028
fd2ae8b4-b683-4c4b-935c-78b4dadbdbf8_4020-41,0,1,1,0,c586c267-9ac3-45d5-a9aa-6deab0b9608d_246-72,1.443667274225505
fd2ae8b4-b683-4c4b-935c-78b4dadbdbf8_4100-48,1,1,1,0,c586c267-9ac3-45d5-a9aa-6deab0b9608d_246-72,1.4442666253994862
fd2ae8b4-b683-4c4b-935c-78b4dadbdbf8_4288-89,1,1,1,0,c586c267-9ac3-45d5-a9aa-6deab0b9608d_246-72,0.36114331483296525
fd2ae8b4-b683-4c4b-935c-78b4dadbdbf8_565-30,0,0,0,0,c586c267-9ac3-45d5-a9aa-6deab0b9608d_246-72,0.35509962618987956
fd2ae8b4-b683-4c4b-935c-78b4dadbdbf8_966-80,2,1,1,0,c586c267-9ac3-45d5-a9aa-6deab0b9608d_246-72,0.6564342074157747
fdbe0fbc-90a3-41b9-8898-a0c7ce3f966c_672-30,0,0,0,1,fdbe0fbc-90a3-41b9-8898-a0c7ce3f966c_696-68,1.117084255411317
fdbe0fbc-90a3-41b9-8898-a0c7ce3f966c_696-68,0,0,0,1,fdbe0fbc-90a3-41b9-8898-a0c7ce3f966c_696-68,0.17251594448845853
fdc39d01-44cb-431a-96a1-558ebf4c15ae_933-99,3,1,1,3,fdc39d01-44cb-431a-96a1-558ebf4c15ae_933-99,0.8400238630741359
fdfa65a5-9d90-4d27-8667-cd2c511614e3_513-55,3,1,1,2,fdfa65a5-9d90-4d27-8667-cd2c511614e3_513-55,1.9815910877782223
fdfa65a5-9d90-4d27-8667-cd2c511614e3_70-13,0,0,0,2,fdfa65a5-9d90-4d27-8667-cd2c511614e3_513-55,2.9212119294853176
fe0b10e2-7fbb-4abc-ab5f-87ffaef34b3f_111-04,2,0,0,2,fe0b10e2-7fbb-4abc-ab5f-87ffaef34b3f_111-04,0.8106339393097644
fe0d5ffc-686e-4846-bce0-1a18e513bf95_2543-03,0,1,1,3,fe0d5ffc-686e-4846-bce0-1a18e513bf95_483-81,1.0605559673621447
fe0d5ffc-686e-4846-bce0-1a18e513bf95_483-81,3,1,1,3,fe0d5ffc-686e-4846-bce0-1a18e513bf95_483-81,0.5245402954168406
fe231042-6163-48cc-a1c4-1d1163b0a440_494-51,1,1,1,1,fe231042-6163-48cc-a1c4-1d1163b0a440_494-51,1.4337095385810972
fe827643-62c3-4cb9-b009-7ed43731c9bd_0-00,1,0,0,4,fe827643-62c3-4cb9-b009-7ed43731c9bd_273-13,0.26099329827041595
fe827643-62c3-4cb9-b009-7ed43731c9bd_273-13,2,1,1,4,fe827643-62c3-4cb9-b009-7ed43731c9bd_273-13,0.36357026520358504
fec2a5e2-615f-46b3-a320-b8741c2b6365_562-48,0,1,1,0,fec2a5e2-615f-46b3-a320-b8741c2b6365_562-48,1.2927664690257932
fec31c20-1910-4ab1-afc5-6aa3057a45f5_381-77,0,1,1,1,d55c3204-8dfe-44c4-8822-d748e6fe6d8a_759-81,0.6069875834680636
fec31c20-1910-4ab1-afc5-6aa3057a45f5_810-30,3,1,1,1,d55c3204-8dfe-44c4-8822-d748e6fe6d8a_759-81,1.2257855464236231
fec31c20-1910-4ab1-afc5-6aa3057a45f5_825-86,0,0,0,1,d55c3204-8dfe-44c4-8822-d748e6fe6d8a_759-81,0.37994734300695154
ff15140a-4747-4c45-b95f-ff2bd36ef178_1065-69,3,0,0,4,ff15140a-4747-4c45-b95f-ff2bd36ef178_1065-69,0.5502803022741065
ff425cc6-7577-444b-b6f7-e250c22a1ed5_831-75,0,0,0,3,ff425cc6-7577-444b-b6f7-e250c22a1ed5_831-75,-0.2853106904558489
ffa4f27f-4e66-4b8c-ba6a-9a94f3491eb6_1093-00,3,1,1,2,ffa4f27f-4e66-4b8c-ba6a-9a94f3491eb6_1093-00,0.861198384025188
fffbaeef-577f-45f0-baa9-f10cabf62dfb_278-37,1,1,1,2,fffbaeef-577f-45f0-baa9-f10cabf62dfb_278-37,0.6350647503963964
