item,idx,correct,outcome,fold,group,score
01111831-9107-43c4-bf0e-6b26e9b32a2b_1351-09,3,0,0,2,01111831-9107-43c4-bf0e-6b26e9b32a2b,0.8799077391271226
01ccf6b0-5e95-4b18-acd4-a8cc1fd31ddf_248-81,0,1,1,2,01ccf6b0-5e95-4b18-acd4-a8cc1fd31ddf,1.0207744275961472
01ccf6b0-5e95-4b18-acd4-a8cc1fd31ddf_849-71,1,0,0,2,01ccf6b0-5e95-4b18-acd4-a8cc1fd31ddf,1.073107559771204
01d301c9-9dbf-4da2-9181-d66a6688f5e6_817-64,0,0,0,2,01d301c9-9dbf-4da2-9181-d66a6688f5e6,0.6486233487899673
01db7c39-a512-4bac-b284-dff8c7360e80_385-35,0,1,1,3,01db7c39-a512-4bac-b284-dff8c7360e80,0.27046756191363186
01ef2c24-ab95-46c0-a76a-7ec2f66aa5df_978-48,2,0,0,0,01ef2c24-ab95-46c0-a76a-7ec2f66aa5df,-0.3654121699293065
01f9f9d6-2871-4913-99ea-8ffb7780fc8d_1491-41,1,1,1,4,01f9f9d6-2871-4913-99ea-8ffb7780fc8d,0.7043746040687249
0235dafb-ec68-4177-8aff-e36d6c63742d_15-76,1,0,0,2,0235dafb-ec68-4177-8aff-e36d6c63742d,0.49676372924955675
02ca6897-bf08-4cfb-bbc7-7810dbf5cca2_2974-75,2,1,1,4,02ca6897-bf08-4cfb-bbc7-7810dbf5cca2,1.2377203319441354
031314bd-fa48-42ef-8341-bc5ca17f6a4a_1127-31,2,0,0,1,031314bd-fa48-42ef-8341-bc5ca17f6a4a,2.156764888416415
033520cd-e7e4-4649-b551-83bb451a4802_382-12,1,1,1,0,033520cd-e7e4-4649-b551-83bb451a4802,1.2198895771666152
03ca4970-374e-4901-9895-81f262c0da5c_817-27,0,0,0,3,03ca4970-374e-4901-9895-81f262c0da5c,-0.03639556811133793
03d6e9bf-389a-4828-bf82-0ef6decf7671_900-77,3,1,1,2,03d6e9bf-389a-4828-bf82-0ef6decf7671,0.5673201074362553
03f5b0be-94ac-4d22-9c30-7bf0456ccf0e_1279-00,3,1,1,4,03f5b0be-94ac-4d22-9c30-7bf0456ccf0e,0.6580871133743296
03fb98b9-e732-4265-a2a3-9809183acaa7_1123-20,0,1,1,3,03fb98b9-e732-4265-a2a3-9809183acaa7,0.7059358856167549
044a7a23-9305-4971-82ac-aa1a3dc154be_214-77,0,0,0,1,044a7a23-9305-4971-82ac-aa1a3dc154be,-0.39051178064238884
046855d7-41d7-4f41-a6a7-fce921ea8133_335-77,0,0,0,0,046855d7-41d7-4f41-a6a7-fce921ea8133,0.14901479564158837
0475a0b9-9445-4083-8c6a-42f0171ff3e4_1943-55,2,0,0,4,0475a0b9-9445-4083-8c6a-42f0171ff3e4,-0.4271016235588299
048d34c9-bf3f-4dd9-9da2-5f7da60ac2c8_955-97,3,0,0,1,048d34c9-bf3f-4dd9-9da2-5f7da60ac2c8,0.7678728523583602
04b2f7a8-1d95-43c2-8b3b-8053b22dda52_810-37,1,0,0,4,04b2f7a8-1d95-43c2-8b3b-8053b22dda52,0.03925024068766575
053ae0a6-937d-4bdc-8001-d3dfe7899811_1085-52,2,1,1,1,053ae0a6-937d-4bdc-8001-d3dfe7899811,0.7662830572742141
0548b16c-cc3f-475d-82a4-9a73109d4327_1779-11,0,1,1,4,0548b16c-cc3f-475d-82a4-9a73109d4327,0.6243000983484701
05d5d7cf-9fb9-4390-bcd3-dd626b948771_1543-50,2,1,1,2,05d5d7cf-9fb9-4390-bcd3-dd626b948771,0.2447455420288645
0619c3d0-aebe-4414-b977-f2027271b267_279-15,1,1,1,0,0619c3d0-aebe-4414-b977-f2027271b267,1.2343567687025727
0619c3d0-aebe-4414-b977-f2027271b267_566-56,2,0,0,0,0619c3d0-aebe-4414-b977-f2027271b267,0.241486122962987
0655e194-9ddc-41c4-9708-7e6c7a256fa0_300-01,2,0,0,2,0655e194-9ddc-41c4-9708-7e6c7a256fa0,-0.47984013564532874
0696265e-aba2-401b-9316-c380c30c901e_540-96,1,1,1,2,0696265e-aba2-401b-9316-c380c30c901e,0.09598219571766203
0696265e-aba2-401b-9316-c380c30c901e_878-07,2,1,1,2,0696265e-aba2-401b-9316-c380c30c901e,0.7295854992410304
069c1058-881d-49da-b45d-b9f7e08fe932_1164-27,3,1,1,1,069c1058-881d-49da-b45d-b9f7e08fe932,0.7487317090165462
069c1058-881d-49da-b45d-b9f7e08fe932_2408-86,0,1,1,1,069c1058-881d-49da-b45d-b9f7e08fe932,0.24248183842109683
069c1058-881d-49da-b45d-b9f7e08fe932_475-96,1,1,1,1,069c1058-881d-49da-b45d-b9f7e08fe932,0.664841727770664
06cf946b-4713-4ca2-addf-55ce95a26d98_1071-13,0,0,0,3,06cf946b-4713-4ca2-addf-55ce95a26d98,0.8609435347538884
06ee22fd-ecfc-4e34-9ed2-a330548abf71_519-15,0,0,0,3,06ee22fd-ecfc-4e34-9ed2-a330548abf71,1.2120333385265285
070776bf-f15a-4b6e-a906-d1ef9e132592_598-54,1,1,1,2,070776bf-f15a-4b6e-a906-d1ef9e132592,0.7066367913130494
072623e8-1889-4580-8175-ddc05a3dceb3_11-40,0,0,0,4,072623e8-1889-4580-8175-ddc05a3dceb3,0.18452359594077444
072623e8-1889-4580-8175-ddc05a3dceb3_89-78,1,0,0,4,072623e8-1889-4580-8175-ddc05a3dceb3,0.842069872423947
07536df6-9813-42d9-93df-35835407d8ee_170-76,3,0,0,4,07536df6-9813-42d9-93df-35835407d8ee,0.4646077598382326
078634f1-0e81-455d-b771-3d35b65a2645_411-53,0,0,0,0,078634f1-0e81-455d-b771-3d35b65a2645,1.1556798569025588
07ad0112-22da-4f0e-be4f-2debe7fec15c_608-22,2,1,1,2,07ad0112-22da-4f0e-be4f-2debe7fec15c,0.7564293071905093
083b7556-9dff-40e2-9fad-bef3f82dbf37_1003-31,2,1,1,2,083b7556-9dff-40e2-9fad-bef3f82dbf37,0.18914736966813545
083b7556-9dff-40e2-9fad-bef3f82dbf37_34-58,0,1,1,2,083b7556-9dff-40e2-9fad-bef3f82dbf37,0.3121307489267768
083b7556-9dff-40e2-9fad-bef3f82dbf37_51-98,3,0,0,2,083b7556-9dff-40e2-9fad-bef3f82dbf37,0.083641100998396
083b7556-9dff-40e2-9fad-bef3f82dbf37_635-98,2,0,0,2,083b7556-9dff-40e2-9fad-bef3f82dbf37,-0.15786880009982562
087e11d0-5984-4365-989d-7365294ddaec_1764-07,2,1,1,2,087e11d0-5984-4365-989d-7365294ddaec,0.21763263473805666
087e11d0-5984-4365-989d-7365294ddaec_3198-91,2,1,1,2,087e11d0-5984-4365-989d-7365294ddaec,0.8370647837066152
087e11d0-5984-4365-989d-7365294ddaec_5378-93,0,1,1,2,087e11d0-5984-4365-989d-7365294ddaec,0.9691891680402878
087e11d0-5984-4365-989d-7365294ddaec_7175-71,3,0,0,2,087e11d0-5984-4365-989d-7365294ddaec,0.6538998633575337
087e11d0-5984-4365-989d-7365294ddaec_7351-39,1,0,0,2,087e11d0-5984-4365-989d-7365294ddaec,0.37769841430812584
088add57-cf62-4ddd-9908-7eb738b0ec22_2767-48,3,1,1,3,088add57-cf62-4ddd-9908-7eb738b0ec22,0.6216936560300191
08e65366-36a3-4146-bec6-043286cedf16_741-63,1,1,1,4,08e65366-36a3-4146-bec6-043286cedf16,0.3522291100496014
09690df3-0715-4875-8745-7e8830c761d0_2258-64,0,1,1,2,09690df3-0715-4875-8745-7e8830c761d0,1.0181071804644855
09690df3-0715-4875-8745-7e8830c761d0_341-62,3,1,1,2,09690df3-0715-4875-8745-7e8830c761d0,-0.4872340080965486
09aa2849-b299-4e30-ab69-1213c6f96581_1101-28,2,1,1,0,09aa2849-b299-4e30-ab69-1213c6f96581,0.7207181620770008
09fe2f2d-7d90-4d7d-9dcd-baec4704f4cc_4409-86,1,1,1,1,09fe2f2d-7d90-4d7d-9dcd-baec4704f4cc,0.04291351307136548
0a02a1ed-a327-4753-b270-e95298984b96_534-33,0,1,1,4,0a02a1ed-a327-4753-b270-e95298984b96,0.7121718370351438
0a4c05df-f522-4a33-862f-0d89824e7300_1283-75,3,1,1,2,0a4c05df-f522-4a33-862f-0d89824e7300,0.1611919668944521
0b38da1c-2b62-4c05-a68e-e8f2aafa47a8_1227-10,3,0,0,3,0b38da1c-2b62-4c05-a68e-e8f2aafa47a8,-0.2164945435150717
0b530687-26d8-4c9d-9771-c758ecd2ecbf_14330-76,1,0,0,2,0b530687-26d8-4c9d-9771-c758ecd2ecbf,-0.2851196480350182
0b530687-26d8-4c9d-9771-c758ecd2ecbf_14604-13,0,1,1,2,0b530687-26d8-4c9d-9771-c758ecd2ecbf,-0.5125830062017402
0b530687-26d8-4c9d-9771-c758ecd2ecbf_16957-98,0,1,1,2,0b530687-26d8-4c9d-9771-c758ecd2ecbf,1.3534398815337323
0b530687-26d8-4c9d-9771-c758ecd2ecbf_3386-79,0,1,1,2,0b530687-26d8-4c9d-9771-c758ecd2ecbf,-0.3505543510185703
0ca15932-2ede-4802-8f8d-68555c68c0b8_525-50,3,1,1,0,0ca15932-2ede-4802-8f8d-68555c68c0b8,1.3522188137180624
0cd16e31-6045-45ea-b0d7-105116f9e6d1_1433-59,0,0,0,0,0cd16e31-6045-45ea-b0d7-105116f9e6d1,0.9798682590649098
0cd16e31-6045-45ea-b0d7-105116f9e6d1_646-65,0,0,0,0,0cd16e31-6045-45ea-b0d7-105116f9e6d1,1.812396165180013
0d08f503-89df-4dd8-a238-4e1749d2fe22_5-63,1,0,0,4,0d08f503-89df-4dd8-a238-4e1749d2fe22,1.2353959704710091
0d572bb4-543a-4fa2-afce-876f854a559a_484-84,0,0,0,0,0d572bb4-543a-4fa2-afce-876f854a559a,0.9955365993286492
0d5f2917-e0bd-47cb-b887-1c14c69568f9_848-84,0,0,0,3,0d5f2917-e0bd-47cb-b887-1c14c69568f9,0.07108312322476418
0d6a065b-3fcd-4537-8148-bc55d2ee3055_19-05,3,1,1,4,0d6a065b-3fcd-4537-8148-bc55d2ee3055,0.3223946437639222
0dca9b08-f9c6-446f-8754-3c1312fa3274_101-78,3,1,1,3,0dca9b08-f9c6-446f-8754-3c1312fa3274,1.99896111373668
0e12d060-f93d-418a-a377-7f2467be9fed_363-39,3,1,1,4,0e12d060-f93d-418a-a377-7f2467be9fed,0.4851814572512935
0ece1a2a-2da0-4b28-ac8c-bf9f04c0d17c_2285-27,0,0,0,4,0ece1a2a-2da0-4b28-ac8c-bf9f04c0d17c,-0.9501815751468865
0ece1a2a-2da0-4b28-ac8c-bf9f04c0d17c_335-84,2,1,1,4,0ece1a2a-2da0-4b28-ac8c-bf9f04c0d17c,-0.3675281608785582
0ece1a2a-2da0-4b28-ac8c-bf9f04c0d17c_713-12,1,0,0,4,0ece1a2a-2da0-4b28-ac8c-bf9f04c0d17c,0.2781392201479101
0f038f2a-7b3d-40ec-a22a-9f764bfbde74_4-93,1,0,0,4,0f038f2a-7b3d-40ec-a22a-9f764bfbde74,0.1735812136191766
0f1024e6-ff80-46e2-aea8-3878f11bc1d7_201-92,2,1,1,3,0f1024e6-ff80-46e2-aea8-3878f11bc1d7,0.30422887854185865
0f3fa455-3622-4fb4-a3be-0c1a7fd697a7_1157-44,2,1,1,2,0f3fa455-3622-4fb4-a3be-0c1a7fd697a7,1.6310903468145463
0f574f9b-00bc-479d-894b-9e7c999fe13a_302-98,0,0,0,1,0f574f9b-00bc-479d-894b-9e7c999fe13a,0.7455939142414483
0f574f9b-00bc-479d-894b-9e7c999fe13a_303-78,0,0,0,1,0f574f9b-00bc-479d-894b-9e7c999fe13a,1.716354344098619
0f82d425-f8be-4e69-8c59-0a1a2e980b20_1108-13,1,1,1,4,0f82d425-f8be-4e69-8c59-0a1a2e980b20,1.384342617014781
0f82d425-f8be-4e69-8c59-0a1a2e980b20_295-56,2,1,1,4,0f82d425-f8be-4e69-8c59-0a1a2e980b20,0.02484985560834091
0f82d425-f8be-4e69-8c59-0a1a2e980b20_518-50,1,0,0,4,0f82d425-f8be-4e69-8c59-0a1a2e980b20,0.721947127022948
0f82d425-f8be-4e69-8c59-0a1a2e980b20_554-09,3,1,1,4,0f82d425-f8be-4e69-8c59-0a1a2e980b20,1.5180068185863413
10019839-9ded-439f-a573-5ccacd7d829d_650-42,3,1,1,0,10019839-9ded-439f-a573-5ccacd7d829d,-0.04687355459477871
102dc7b7-a8fb-419e-9a18-b679e7157d99_517-02,2,1,1,0,102dc7b7-a8fb-419e-9a18-b679e7157d99,0.5239609961915207
102dc7b7-a8fb-419e-9a18-b679e7157d99_754-92,0,0,0,0,102dc7b7-a8fb-419e-9a18-b679e7157d99,1.3113191252096037
1042ea39-9256-4593-a4c6-a0d0393da739_524-37,3,1,1,0,1042ea39-9256-4593-a4c6-a0d0393da739,0.42979032305619613
10a848ed-f258-4930-abdd-1fd60b788abc_125-95,2,1,1,2,10a848ed-f258-4930-abdd-1fd60b788abc,0.617301125363358
10a848ed-f258-4930-abdd-1fd60b788abc_294-40,3,1,1,2,10a848ed-f258-4930-abdd-1fd60b788abc,0.9502108727763545
10a848ed-f258-4930-abdd-1fd60b788abc_345-05,3,0,0,2,10a848ed-f258-4930-abdd-1fd60b788abc,1.3964247913230492
10a848ed-f258-4930-abdd-1fd60b788abc_475-65,2,1,1,2,10a848ed-f258-4930-abdd-1fd60b788abc,1.2948491333035774
10a848ed-f258-4930-abdd-1fd60b788abc_489-09,1,1,1,2,10a848ed-f258-4930-abdd-1fd60b788abc,1.1690862961499118
10a848ed-f258-4930-abdd-1fd60b788abc_549-51,3,1,1,2,10a848ed-f258-4930-abdd-1fd60b788abc,0.3684696666983713
10a848ed-f258-4930-abdd-1fd60b788abc_75-21,1,0,0,2,10a848ed-f258-4930-abdd-1fd60b788abc,-0.316414416452486
10a848ed-f258-4930-abdd-1fd60b788abc_788-28,2,0,0,2,10a848ed-f258-4930-abdd-1fd60b788abc,0.19253525543043143
10c73f89-cc7d-4d43-b1df-b56703de1b24_711-97,3,1,1,4,10c73f89-cc7d-4d43-b1df-b56703de1b24,1.3379387251105144
110352df-c7a3-4fec-a707-42936d101c28_3-37,2,0,0,3,110352df-c7a3-4fec-a707-42936d101c28,0.6453542203373973
1106ee5c-8829-460f-8454-c4a8348f5400_10077-91,1,0,0,0,1106ee5c-8829-460f-8454-c4a8348f5400,0.7671224677895166
1106ee5c-8829-460f-8454-c4a8348f5400_1134-19,0,1,1,0,1106ee5c-8829-460f-8454-c4a8348f5400,0.0727528052933718
110f9870-6b6c-4a20-a3c8-8c2e29c53bb7_1386-55,2,1,1,2,110f9870-6b6c-4a20-a3c8-8c2e29c53bb7,-0.4203812029018359
110f9870-6b6c-4a20-a3c8-8c2e29c53bb7_1388-88,0,1,1,2,110f9870-6b6c-4a20-a3c8-8c2e29c53bb7,-0.35163896319387933
11586867-f4d9-4341-9532-4de21a47585d_394-60,2,1,1,1,11586867-f4d9-4341-9532-4de21a47585d,0.05477338751757943
11663dd8-aa9d-429d-80e2-2807b341350e_224-01,0,0,0,2,11663dd8-aa9d-429d-80e2-2807b341350e,0.733034991751083
11e56f1e-baef-4fe8-ad0f-a7ec8788ea3a_836-51,2,0,0,4,11e56f1e-baef-4fe8-ad0f-a7ec8788ea3a,1.4162848490670419
11f247e0-179a-4b9d-8244-16fb918010a1_1002-90,0,1,1,3,11f247e0-179a-4b9d-8244-16fb918010a1,-0.20401321560316082
11f247e0-179a-4b9d-8244-16fb918010a1_1085-16,2,1,1,3,11f247e0-179a-4b9d-8244-16fb918010a1,0.37196559113749417
11f247e0-179a-4b9d-8244-16fb918010a1_1106-33,0,1,1,3,11f247e0-179a-4b9d-8244-16fb918010a1,0.8770359513494955
11f247e0-179a-4b9d-8244-16fb918010a1_1376-89,3,1,1,3,11f247e0-179a-4b9d-8244-16fb918010a1,-0.4413977675138409
11fb6f55-4bf0-4992-ad15-d30a51447ab3_745-24,0,0,0,1,11fb6f55-4bf0-4992-ad15-d30a51447ab3,0.721895726365986
1246d6ec-5620-4f71-8b4b-d823775f58c2_29-81,0,1,1,2,1246d6ec-5620-4f71-8b4b-d823775f58c2,1.660193789834767
1270f0e2-1bc0-4225-bf6e-3dd68c594c8b_1984-62,2,0,0,4,1270f0e2-1bc0-4225-bf6e-3dd68c594c8b,0.3928073855527749
1309c412-1d3b-449a-95d7-853616686f89_980-21,2,0,0,1,1309c412-1d3b-449a-95d7-853616686f89,1.4768463239835936
1330508f-8168-4408-a4df-79f69fb87c83_1053-45,0,0,0,0,1330508f-8168-4408-a4df-79f69fb87c83,1.0343103997886507
13488a91-cef6-46f4-8007-9453d5d49925_44-43,1,0,0,1,13488a91-cef6-46f4-8007-9453d5d49925,0.5080294741886813
134a4c63-583a-4e64-8cf9-002b6d26cdf1_375-78,1,0,0,2,134a4c63-583a-4e64-8cf9-002b6d26cdf1,-0.15167406149514823
134a4c63-583a-4e64-8cf9-002b6d26cdf1_464-01,1,1,1,2,134a4c63-583a-4e64-8cf9-002b6d26cdf1,0.9900775346972697
134d9865-d9ee-47e5-a121-589a26c6b3ba_1573-53,1,1,1,3,134d9865-d9ee-47e5-a121-589a26c6b3ba,0.8994134649593025
134d9865-d9ee-47e5-a121-589a26c6b3ba_1586-50,2,0,0,3,134d9865-d9ee-47e5-a121-589a26c6b3ba,1.9198937920854995
13a15553-2fdb-4d04-a7b4-2efc33538525_875-77,1,1,1,1,13a15553-2fdb-4d04-a7b4-2efc33538525,0.23394062100426027
13bbcf71-cc9d-40f9-b072-77841ea8b7a2_38-55,0,1,1,3,13bbcf71-cc9d-40f9-b072-77841ea8b7a2,0.9439713644121349
13d7173f-e8d1-4124-a66b-2ae648da9dbd_510-46,2,0,0,4,13d7173f-e8d1-4124-a66b-2ae648da9dbd,0.4308334641660945
146a4b4b-96a5-4d8f-a5b1-78dbb6ee5edf_4571-18,2,1,1,4,146a4b4b-96a5-4d8f-a5b1-78dbb6ee5edf,0.8301958943124002
146a4b4b-96a5-4d8f-a5b1-78dbb6ee5edf_9999-80,1,0,0,4,146a4b4b-96a5-4d8f-a5b1-78dbb6ee5edf,1.1829661854590567
14a3d52a-e66c-4a4c-8f71-d86f7199993c_10-64,0,1,1,0,14a3d52a-e66c-4a4c-8f71-d86f7199993c,2.64995025337388
14c123f4-06ab-4b51-aa26-95b0e3adf6eb_61-25,2,1,1,1,14c123f4-06ab-4b51-aa26-95b0e3adf6eb,1.5231763524312691
14e96091-4011-4557-95b3-a195fb5c39d8_273-80,1,0,0,2,14e96091-4011-4557-95b3-a195fb5c39d8,-0.037689995445301994
14e96091-4011-4557-95b3-a195fb5c39d8_919-08,2,0,0,2,14e96091-4011-4557-95b3-a195fb5c39d8,0.06815763372632228
15223229-8273-4f28-9bc0-1266e7c210d8_1078-65,1,0,0,3,15223229-8273-4f28-9bc0-1266e7c210d8,0.8543504098274434
153cd84b-0345-4590-90f6-f66c294db429_799-88,0,0,0,4,153cd84b-0345-4590-90f6-f66c294db429,0.16694276332105457
156823e7-0339-4f64-9c89-80044fc8b218_782-84,1,1,1,4,156823e7-0339-4f64-9c89-80044fc8b218,-0.24450869967705197
15c5a595-c577-4b4b-b26a-639517f140c9_1-82,3,0,0,2,15c5a595-c577-4b4b-b26a-639517f140c9,0.07390915894978839
15f1a422-327d-4dab-b14d-7003544c5817_1292-11,3,0,0,2,15f1a422-327d-4dab-b14d-7003544c5817,-0.3298660131966028
15f1a422-327d-4dab-b14d-7003544c5817_1304-02,0,0,0,2,15f1a422-327d-4dab-b14d-7003544c5817,1.1925444908768883
1626db26-0c74-43d6-a5c2-c1a8fa7b1429_2450-13,0,0,0,0,1626db26-0c74-43d6-a5c2-c1a8fa7b1429,0.7963348137977994
1626db26-0c74-43d6-a5c2-c1a8fa7b1429_730-63,2,1,1,0,1626db26-0c74-43d6-a5c2-c1a8fa7b1429,0.07028929136248718
168f91fd-53c2-4eee-9d2d-e25e1ad73438_99-46,3,1,1,3,168f91fd-53c2-4eee-9d2d-e25e1ad73438,-0.5569229860538009
170fb6c9-8550-4e82-bb9a-4ad574c0f0fa_7137-29,0,1,1,4,170fb6c9-8550-4e82-bb9a-4ad574c0f0fa,1.8819988369077425
17be1d0a-f213-4126-ab6e-08e5c8ee5b93_1056-33,1,1,1,0,17be1d0a-f213-4126-ab6e-08e5c8ee5b93,0.26722017497750994
17be1d0a-f213-4126-ab6e-08e5c8ee5b93_1922-28,1,1,1,0,17be1d0a-f213-4126-ab6e-08e5c8ee5b93,0.8720047896032258
17be1d0a-f213-4126-ab6e-08e5c8ee5b93_1968-69,4,0,0,0,17be1d0a-f213-4126-ab6e-08e5c8ee5b93,1.9377099174302241
17be1d0a-f213-4126-ab6e-08e5c8ee5b93_4479-70,1,1,1,0,17be1d0a-f213-4126-ab6e-08e5c8ee5b93,-0.20933050558576577
17be1d0a-f213-4126-ab6e-08e5c8ee5b93_4986-86,0,1,1,0,17be1d0a-f213-4126-ab6e-08e5c8ee5b93,1.0751767591903851
17be1d0a-f213-4126-ab6e-08e5c8ee5b93_70-40,2,1,1,0,17be1d0a-f213-4126-ab6e-08e5c8ee5b93,1.852467071223007
17cd1d99-044c-4b1b-97b4-f3de34f8e55b_251-62,2,0,0,4,17cd1d99-044c-4b1b-97b4-f3de34f8e55b,-0.32563328776359923
17cd1d99-044c-4b1b-97b4-f3de34f8e55b_252-07,0,1,1,4,17cd1d99-044c-4b1b-97b4-f3de34f8e55b,0.8578355523004182
18189ea3-00fd-428a-bbae-7549ddd9a97e_803-15,2,1,1,0,18189ea3-00fd-428a-bbae-7549ddd9a97e,0.591329718902157
182dffe9-d2bf-4a7d-b1d8-137470f0143d_1327-77,0,0,0,4,182dffe9-d2bf-4a7d-b1d8-137470f0143d,0.30777228592733713
182dffe9-d2bf-4a7d-b1d8-137470f0143d_1639-14,3,0,0,4,182dffe9-d2bf-4a7d-b1d8-137470f0143d,0.3899093254490102
182dffe9-d2bf-4a7d-b1d8-137470f0143d_1670-78,1,1,1,4,182dffe9-d2bf-4a7d-b1d8-137470f0143d,0.7354177276232821
182dffe9-d2bf-4a7d-b1d8-137470f0143d_1681-54,1,0,0,4,182dffe9-d2bf-4a7d-b1d8-137470f0143d,-0.3154170908439536
18a3840b-7463-43c4-9aa9-b1d8e486fa84_2172-38,3,1,1,2,18a3840b-7463-43c4-9aa9-b1d8e486fa84,1.3326328699858068
18ac02cb-20eb-4eed-b735-04aff3573422_38-16,2,1,1,3,18ac02cb-20eb-4eed-b735-04aff3573422,1.6092943092536949
19493340-9a5c-406c-9943-712a4a4a073c_634-74,1,1,1,1,19493340-9a5c-406c-9943-712a4a4a073c,1.3237934630922308
19f2ea20-5041-4be2-bdc9-714473f16236_1915-00,3,0,0,1,19f2ea20-5041-4be2-bdc9-714473f16236,1.1366571721760872
19f2ea20-5041-4be2-bdc9-714473f16236_2706-11,1,1,1,1,19f2ea20-5041-4be2-bdc9-714473f16236,1.4422527371631577
19f2ea20-5041-4be2-bdc9-714473f16236_4520-57,2,0,0,1,19f2ea20-5041-4be2-bdc9-714473f16236,0.570933611172012
19f2ea20-5041-4be2-bdc9-714473f16236_4524-38,1,1,1,1,19f2ea20-5041-4be2-bdc9-714473f16236,0.3388418112458468
19f2ea20-5041-4be2-bdc9-714473f16236_4525-17,1,1,1,1,19f2ea20-5041-4be2-bdc9-714473f16236,0.6220919816962578
19f2ea20-5041-4be2-bdc9-714473f16236_5269-91,0,0,0,1,19f2ea20-5041-4be2-bdc9-714473f16236,0.8275666398250796
1a2a8e0b-747e-43e3-9618-fc3f55f662b6_0-00,0,1,1,1,1a2a8e0b-747e-43e3-9618-fc3f55f662b6,0.7705820400731884
1a50cd38-dda2-41d0-8a6f-294f17373d97_2805-73,3,1,1,0,1a50cd38-dda2-41d0-8a6f-294f17373d97,0.7585282656161062
1a50cd38-dda2-41d0-8a6f-294f17373d97_2829-22,3,0,0,0,1a50cd38-dda2-41d0-8a6f-294f17373d97,0.028784284398551963
1a50cd38-dda2-41d0-8a6f-294f17373d97_3680-47,1,1,1,0,1a50cd38-dda2-41d0-8a6f-294f17373d97,0.17221776150355617
1a7b9b5d-499a-454e-aaee-3758718fb5f2_817-59,1,1,1,3,1a7b9b5d-499a-454e-aaee-3758718fb5f2,0.9612430465324225
1a7e6155-3613-4f55-865c-00e196db0da0_3573-11,3,1,1,0,1a7e6155-3613-4f55-865c-00e196db0da0,0.3096408197083599
1a9a07d5-70ad-4e18-9740-66ea985a527b_945-60,1,0,0,3,1a9a07d5-70ad-4e18-9740-66ea985a527b,-0.4438710400618991
1aa426b2-4d83-4b56-9d3c-4616adc464c8_300-08,3,1,1,4,1aa426b2-4d83-4b56-9d3c-4616adc464c8,0.20656550836988657
1acd2d5c-b0d4-4ec5-a54c-6a9c84cb11f6_23-18,1,0,0,3,1acd2d5c-b0d4-4ec5-a54c-6a9c84cb11f6,0.25755703826593435
1acd2d5c-b0d4-4ec5-a54c-6a9c84cb11f6_273-21,3,1,1,3,1acd2d5c-b0d4-4ec5-a54c-6a9c84cb11f6,0.08196780119904723
1acd2d5c-b0d4-4ec5-a54c-6a9c84cb11f6_742-55,3,1,1,3,1acd2d5c-b0d4-4ec5-a54c-6a9c84cb11f6,0.5514166359509681
1acd2d5c-b0d4-4ec5-a54c-6a9c84cb11f6_773-39,0,1,1,3,1acd2d5c-b0d4-4ec5-a54c-6a9c84cb11f6,0.7486906667545582
1acd2d5c-b0d4-4ec5-a54c-6a9c84cb11f6_776-54,3,1,1,3,1acd2d5c-b0d4-4ec5-a54c-6a9c84cb11f6,0.6967380103524013
1b1acfa6-ee3b-483c-9c0a-245d70d7125f_3443-49,0,1,1,0,1b1acfa6-ee3b-483c-9c0a-245d70d7125f,0.2443135738741571
1b4b9493-2f3b-48e2-ba96-4feb9b9e98a1_408-70,1,1,1,0,1b4b9493-2f3b-48e2-ba96-4feb9b9e98a1,0.465357647712083
1b6c9a8b-baec-44ac-ab24-f482d0c30117_216-86,0,0,0,1,1b6c9a8b-baec-44ac-ab24-f482d0c30117,0.5268788077682827
1b6c9a8b-baec-44ac-ab24-f482d0c30117_42-25,3,1,1,1,1b6c9a8b-baec-44ac-ab24-f482d0c30117,0.9195936748062923
1bfac46e-f957-4495-9583-dbd7fa683225_823-65,2,1,1,4,1bfac46e-f957-4495-9583-dbd7fa683225,0.8906266833503398
1bfe3bec-79fd-4b1b-8738-4d313f3f79b9_355-45,0,1,1,3,1bfe3bec-79fd-4b1b-8738-4d313f3f79b9,0.8299977280100678
1bfe3bec-79fd-4b1b-8738-4d313f3f79b9_47-86,0,0,0,3,1bfe3bec-79fd-4b1b-8738-4d313f3f79b9,1.0282297915496152
1bfe3bec-79fd-4b1b-8738-4d313f3f79b9_548-41,3,1,1,3,1bfe3bec-79fd-4b1b-8738-4d313f3f79b9,1.595488446292598
1c0ba820-4a30-47dd-852d-c30685c7051e_0-00,0,1,1,4,1c0ba820-4a30-47dd-852d-c30685c7051e,1.1386774610281356
1c0ba820-4a30-47dd-852d-c30685c7051e_36-98,3,0,0,4,1c0ba820-4a30-47dd-852d-c30685c7051e,0.688064902216263
1c35e580-0eb1-485f-98d5-48f1f968e952_519-81,1,0,0,0,1c35e580-0eb1-485f-98d5-48f1f968e952,0.3665060182128337
1c983176-b07a-4a69-ae51-de7829de6b6a_1090-54,1,1,1,0,1c983176-b07a-4a69-ae51-de7829de6b6a,1.4215149354047605
1c983176-b07a-4a69-ae51-de7829de6b6a_1270-21,2,1,1,0,1c983176-b07a-4a69-ae51-de7829de6b6a,0.3145987133625575
1c983176-b07a-4a69-ae51-de7829de6b6a_261-56,2,1,1,0,1c983176-b07a-4a69-ae51-de7829de6b6a,1.4477592030479065
1ce16a97-f614-4660-b21c-4205b33c8bab_1988-77,0,1,1,2,1ce16a97-f614-4660-b21c-4205b33c8bab,0.8499226818816141
1ceb6ff6-da6c-4bbe-b8f1-01a5b27026ce_294-88,2,1,1,4,1ceb6ff6-da6c-4bbe-b8f1-01a5b27026ce,0.7010455207905173
1de5ae42-ca61-4a76-a514-8b70c40553fc_1576-85,2,1,1,1,1de5ae42-ca61-4a76-a514-8b70c40553fc,0.5658725736013179
1e90b2b5-5483-4ecc-b8e0-fb0bf63ccac3_3303-65,0,1,1,0,1e90b2b5-5483-4ecc-b8e0-fb0bf63ccac3,0.18655071249574406
1e90b2b5-5483-4ecc-b8e0-fb0bf63ccac3_546-46,1,0,0,0,1e90b2b5-5483-4ecc-b8e0-fb0bf63ccac3,0.1563886553197522
1e96ede3-aa85-4162-a32f-c565e5194cab_995-46,2,1,1,0,1e96ede3-aa85-4162-a32f-c565e5194cab,1.0130826168502844
1e9da62e-72ae-48d2-8b6e-00a5283d213f_1077-48,3,0,0,3,1e9da62e-72ae-48d2-8b6e-00a5283d213f,0.08906130702472803
1e9da62e-72ae-48d2-8b6e-00a5283d213f_571-85,1,1,1,3,1e9da62e-72ae-48d2-8b6e-00a5283d213f,0.01870373197139119
1ea95f25-81f9-46b1-b7a1-c4ca58251c6f_1089-87,3,1,1,2,1ea95f25-81f9-46b1-b7a1-c4ca58251c6f,0.5909712248036076
1ea95f25-81f9-46b1-b7a1-c4ca58251c6f_1359-12,2,0,0,2,1ea95f25-81f9-46b1-b7a1-c4ca58251c6f,0.954345919745166
1eee4aaf-a21c-4ae5-82cd-96fdccae6742_761-92,0,1,1,2,1eee4aaf-a21c-4ae5-82cd-96fdccae6742,0.38556344011435933
1eee4aaf-a21c-4ae5-82cd-96fdccae6742_876-68,2,0,0,2,1eee4aaf-a21c-4ae5-82cd-96fdccae6742,0.23078988772546122
1eee4aaf-a21c-4ae5-82cd-96fdccae6742_917-84,3,1,1,2,1eee4aaf-a21c-4ae5-82cd-96fdccae6742,1.4126811916487543
1f216b72-21a2-4463-b5ae-13bffd779b4d_1694-44,2,0,0,3,1f216b72-21a2-4463-b5ae-13bffd779b4d,0.135256601342027
1f216b72-21a2-4463-b5ae-13bffd779b4d_40-21,3,0,0,3,1f216b72-21a2-4463-b5ae-13bffd779b4d,0.24600971784665848
1f4a4d13-f083-4464-8c03-5e09f55e3f63_1207-44,1,0,0,2,1f4a4d13-f083-4464-8c03-5e09f55e3f63,0.34976015496876683
1f4a4d13-f083-4464-8c03-5e09f55e3f63_125-54,3,0,0,2,1f4a4d13-f083-4464-8c03-5e09f55e3f63,0.5477179714720437
1f4a4d13-f083-4464-8c03-5e09f55e3f63_332-95,0,0,0,2,1f4a4d13-f083-4464-8c03-5e09f55e3f63,1.4947637807766019
1f4a4d13-f083-4464-8c03-5e09f55e3f63_764-04,1,0,0,2,1f4a4d13-f083-4464-8c03-5e09f55e3f63,0.7994188535837721
1f4a4d13-f083-4464-8c03-5e09f55e3f63_781-81,3,0,0,2,1f4a4d13-f083-4464-8c03-5e09f55e3f63,0.5831953791365949
1f5ca4f1-6200-4a9a-86af-150824b51f67_717-00,3,0,0,2,1f5ca4f1-6200-4a9a-86af-150824b51f67,-0.20752942406426966
1f5ca4f1-6200-4a9a-86af-150824b51f67_821-58,3,0,0,2,1f5ca4f1-6200-4a9a-86af-150824b51f67,0.686245415629247
1f61d972-e61b-4846-af3a-d09db9f111f8_1079-93,1,0,0,1,1f61d972-e61b-4846-af3a-d09db9f111f8,1.25244780828141
1f61d972-e61b-4846-af3a-d09db9f111f8_17-26,2,0,0,1,1f61d972-e61b-4846-af3a-d09db9f111f8,-0.024958281918405933
1f6eb61d-74fa-411e-979c-2e66e71f2b7d_345-36,0,0,0,0,1f6eb61d-74fa-411e-979c-2e66e71f2b7d,1.4098354441652479
1f6eb61d-74fa-411e-979c-2e66e71f2b7d_501-62,1,1,1,0,1f6eb61d-74fa-411e-979c-2e66e71f2b7d,1.1113569559053365
1fe55d7f-85e4-4cb5-a536-7a2aa623630b_1246-18,1,1,1,1,1fe55d7f-85e4-4cb5-a536-7a2aa623630b,0.7614209284520785
201af2e0-72dd-466c-8280-8c3dc00a7981_1276-29,2,0,0,2,201af2e0-72dd-466c-8280-8c3dc00a7981,0.6877585431763651
201af2e0-72dd-466c-8280-8c3dc00a7981_602-53,1,1,1,2,201af2e0-72dd-466c-8280-8c3dc00a7981,1.0733752436287327
20525d50-586a-4792-bfdb-fd941ee64ea9_547-93,3,0,0,1,20525d50-586a-4792-bfdb-fd941ee64ea9,0.2607286534450952
20525d50-586a-4792-bfdb-fd941ee64ea9_89-29,0,0,0,1,20525d50-586a-4792-bfdb-fd941ee64ea9,0.1582118176867966
20c165c7-6d47-4264-8e62-9f1e643a4d03_2858-81,3,1,1,2,20c165c7-6d47-4264-8e62-9f1e643a4d03,0.43209567735725035
2131b8e4-79b5-48f7-b092-e4a13ed96749_1086-27,1,1,1,4,2131b8e4-79b5-48f7-b092-e4a13ed96749,0.6717494486243478
2131b8e4-79b5-48f7-b092-e4a13ed96749_2003-33,2,1,1,4,2131b8e4-79b5-48f7-b092-e4a13ed96749,1.879445235640552
2137f7a2-dce3-4d95-859d-ad2a50b0cd09_1373-29,3,1,1,1,2137f7a2-dce3-4d95-859d-ad2a50b0cd09,0.31527806978545336
2142bbd6-da88-4976-8668-8f21c27ed456_775-93,0,0,0,0,2142bbd6-da88-4976-8668-8f21c27ed456,-0.04842383374366266
21438820-16d7-4fcd-b0d0-5def201fc65e_1321-22,3,1,1,1,21438820-16d7-4fcd-b0d0-5def201fc65e,0.971397531318211
214b62df-2fb1-4b0e-af9d-42b0dd37defb_1128-08,2,1,1,3,214b62df-2fb1-4b0e-af9d-42b0dd37defb,0.289565338771233
214b62df-2fb1-4b0e-af9d-42b0dd37defb_1307-44,0,1,1,3,214b62df-2fb1-4b0e-af9d-42b0dd37defb,1.2015593162792877
214b62df-2fb1-4b0e-af9d-42b0dd37defb_138-53,3,1,1,3,214b62df-2fb1-4b0e-af9d-42b0dd37defb,-0.1651146658485778
214b62df-2fb1-4b0e-af9d-42b0dd37defb_1599-71,2,1,1,3,214b62df-2fb1-4b0e-af9d-42b0dd37defb,-0.1651146658485778
214b62df-2fb1-4b0e-af9d-42b0dd37defb_1955-31,3,0,0,3,214b62df-2fb1-4b0e-af9d-42b0dd37defb,0.08822380700742294
214b62df-2fb1-4b0e-af9d-42b0dd37defb_2020-07,2,1,1,3,214b62df-2fb1-4b0e-af9d-42b0dd37defb,-0.24127312730834102
214b62df-2fb1-4b0e-af9d-42b0dd37defb_2040-30,0,1,1,3,214b62df-2fb1-4b0e-af9d-42b0dd37defb,-0.08807740854098595
214b62df-2fb1-4b0e-af9d-42b0dd37defb_2076-23,1,1,1,3,214b62df-2fb1-4b0e-af9d-42b0dd37defb,0.15113281625723585
214b62df-2fb1-4b0e-af9d-42b0dd37defb_2181-76,1,1,1,3,214b62df-2fb1-4b0e-af9d-42b0dd37defb,0.7412003050166592
214b62df-2fb1-4b0e-af9d-42b0dd37defb_2189-63,0,1,1,3,214b62df-2fb1-4b0e-af9d-42b0dd37defb,-0.12377180496683027
214b62df-2fb1-4b0e-af9d-42b0dd37defb_800-76,3,1,1,3,214b62df-2fb1-4b0e-af9d-42b0dd37defb,0.17547216338274862
225a1ffe-3e7e-4ff8-a47e-2e80989077fe_94-47,0,1,1,1,225a1ffe-3e7e-4ff8-a47e-2e80989077fe,0.2592410117400229
22653c79-369f-4a0d-a663-33a1da378fe0_245-16,1,1,1,0,22653c79-369f-4a0d-a663-33a1da378fe0,0.19751841816375348
22653c79-369f-4a0d-a663-33a1da378fe0_292-96,1,1,1,0,22653c79-369f-4a0d-a663-33a1da378fe0,1.5277018517715142
22f68c6a-b8dd-44e6-b1fe-d4e619e72f59_662-18,2,0,0,0,22f68c6a-b8dd-44e6-b1fe-d4e619e72f59,-0.35163629222789683
235b49d2-b59c-4079-81cc-ad9c01dbd2df_22-56,1,0,0,3,235b49d2-b59c-4079-81cc-ad9c01dbd2df,0.7587991720876447
23ac2590-b25f-4718-8c9b-89d32eb992b2_641-98,1,0,0,4,23ac2590-b25f-4718-8c9b-89d32eb992b2,1.0078839029188793
23ac3708-df1d-4bb0-a4c7-b2a66855dccb_447-26,3,1,1,1,23ac3708-df1d-4bb0-a4c7-b2a66855dccb,0.6917967627095292
23ac3708-df1d-4bb0-a4c7-b2a66855dccb_950-08,3,1,1,1,23ac3708-df1d-4bb0-a4c7-b2a66855dccb,0.7742310093417686
23ad5ebf-6223-4938-8609-d5df7afcf599_267-76,4,1,1,4,23ad5ebf-6223-4938-8609-d5df7afcf599,0.340067238468073
243e800d-fc75-473d-b944-a95844e13a78_1602-75,1,1,1,4,243e800d-fc75-473d-b944-a95844e13a78,0.12278511284204024
24c447b6-094f-49a6-9c20-ed594ab0da65_0-04,3,0,0,0,24c447b6-094f-49a6-9c20-ed594ab0da65,1.0523632700009014
24c447b6-094f-49a6-9c20-ed594ab0da65_947-73,1,0,0,0,24c447b6-094f-49a6-9c20-ed594ab0da65,1.078833819455264
24e24f1f-af43-4ee5-86be-2a4d5cf772c5_194-62,0,1,1,4,24e24f1f-af43-4ee5-86be-2a4d5cf772c5,1.1305094087106828
24e24f1f-af43-4ee5-86be-2a4d5cf772c5_40-56,1,1,1,4,24e24f1f-af43-4ee5-86be-2a4d5cf772c5,0.1394108923510609
254029e5-fed4-40a7-bef1-12b9faff3202_1017-93,3,0,0,2,254029e5-fed4-40a7-bef1-12b9faff3202,1.068580656296054
258a7d18-4e66-4e3a-9fa0-f8daf7315a6d_1387-30,1,1,1,2,258a7d18-4e66-4e3a-9fa0-f8daf7315a6d,0.29297059130132
258a7d18-4e66-4e3a-9fa0-f8daf7315a6d_1892-58,0,1,1,2,258a7d18-4e66-4e3a-9fa0-f8daf7315a6d,0.9004219577426114
25ade38d-3e6b-4aa1-851d-7fbf791201c0_887-41,2,1,1,1,25ade38d-3e6b-4aa1-851d-7fbf791201c0,1.1062167137564551
25beabfc-48c0-4f81-b419-c47297aecf6f_203-09,3,1,1,0,25beabfc-48c0-4f81-b419-c47297aecf6f,-0.001270129345464499
25f88143-835a-4ac9-9272-eada5dbb8440_162-66,2,0,0,2,25f88143-835a-4ac9-9272-eada5dbb8440,0.08509169939201605
26192bcd-7240-4d7b-8306-fa4eed0264f2_4935-17,1,0,0,4,26192bcd-7240-4d7b-8306-fa4eed0264f2,0.9307151495988357
261edec2-f089-4a74-b25f-ddf32c92f90c_1105-51,3,1,1,4,261edec2-f089-4a74-b25f-ddf32c92f90c,1.0373537035717924
261edec2-f089-4a74-b25f-ddf32c92f90c_801-93,0,1,1,4,261edec2-f089-4a74-b25f-ddf32c92f90c,-0.2586022666977216
262fd2ec-8eba-44d9-8082-4d0574f7a515_1038-82,1,0,0,4,262fd2ec-8eba-44d9-8082-4d0574f7a515,1.3872030482994249
262fd2ec-8eba-44d9-8082-4d0574f7a515_1440-24,1,0,0,4,262fd2ec-8eba-44d9-8082-4d0574f7a515,0.5946224478707711
262fd2ec-8eba-44d9-8082-4d0574f7a515_3000-11,2,0,0,4,262fd2ec-8eba-44d9-8082-4d0574f7a515,0.77472324041714
262fd2ec-8eba-44d9-8082-4d0574f7a515_3060-97,0,1,1,4,262fd2ec-8eba-44d9-8082-4d0574f7a515,0.36885851094882033
2638b358-6b13-434c-bf03-a48bca96f287_636-40,0,1,1,2,2638b358-6b13-434c-bf03-a48bca96f287,0.9357998812223192
2680068d-b3ae-42d8-971f-e842c2d4fbb4_1248-72,2,0,0,4,2680068d-b3ae-42d8-971f-e842c2d4fbb4,0.8502166270093972
2680068d-b3ae-42d8-971f-e842c2d4fbb4_739-57,3,1,1,4,2680068d-b3ae-42d8-971f-e842c2d4fbb4,1.5039567119510766
268a17eb-3f11-45d4-a671-9e0d8a637363_2969-91,2,1,1,3,268a17eb-3f11-45d4-a671-9e0d8a637363,1.5365748272592628
27f9cd4e-8b61-477c-9b63-ca3d437a0dff_250-50,2,1,1,2,27f9cd4e-8b61-477c-9b63-ca3d437a0dff,1.197850615788189
27f9cd4e-8b61-477c-9b63-ca3d437a0dff_855-42,3,1,1,2,27f9cd4e-8b61-477c-9b63-ca3d437a0dff,0.15459721196991166
283a15b5-59ae-4f04-9738-bf49c97496a8_102-60,0,0,0,4,283a15b5-59ae-4f04-9738-bf49c97496a8,0.636776027543853
2859218c-84ee-4e85-833f-74255b355032_1032-03,1,1,1,0,2859218c-84ee-4e85-833f-74255b355032,0.871925845698828
2859218c-84ee-4e85-833f-74255b355032_2390-60,2,0,0,0,2859218c-84ee-4e85-833f-74255b355032,0.3321675894292452
2859218c-84ee-4e85-833f-74255b355032_39-61,3,0,0,0,2859218c-84ee-4e85-833f-74255b355032,0.1421435508298069
2859218c-84ee-4e85-833f-74255b355032_596-50,1,1,1,0,2859218c-84ee-4e85-833f-74255b355032,-0.6701008039577482
2876b375-e848-412c-8a6f-0664cbab6a33_474-94,2,0,0,0,2876b375-e848-412c-8a6f-0664cbab6a33,-0.11908792171981958
2876b375-e848-412c-8a6f-0664cbab6a33_574-54,3,1,1,0,2876b375-e848-412c-8a6f-0664cbab6a33,0.6539345596449907
287c98fa-f0a4-4944-b798-bcae618258d3_1087-69,1,0,0,1,287c98fa-f0a4-4944-b798-bcae618258d3,0.33822083572066697
2893d559-89cb-4125-a761-3ff8e68768a9_565-53,2,1,1,2,2893d559-89cb-4125-a761-3ff8e68768a9,0.6894914296165897
2893d559-89cb-4125-a761-3ff8e68768a9_638-82,2,1,1,2,2893d559-89cb-4125-a761-3ff8e68768a9,1.4324573725332368
2893d559-89cb-4125-a761-3ff8e68768a9_84-09,3,1,1,2,2893d559-89cb-4125-a761-3ff8e68768a9,0.7569817106478482
2893d559-89cb-4125-a761-3ff8e68768a9_88-42,1,1,1,2,2893d559-89cb-4125-a761-3ff8e68768a9,0.5686355964896186
28ff9118-e876-497c-9901-cb89a62509fc_432-66,3,1,1,2,28ff9118-e876-497c-9901-cb89a62509fc,1.2235742461965493
2911fa95-30ca-4524-8876-85a90f1fd221_19-38,2,0,0,3,2911fa95-30ca-4524-8876-85a90f1fd221,-0.027851358651134195
294c8827-a667-49a5-9e7e-9c910001ce54_101-30,2,1,1,1,294c8827-a667-49a5-9e7e-9c910001ce54,1.5197109692929243
29e45749-f8d5-42c7-af09-7fbb3d6697e9_876-21,1,1,1,2,29e45749-f8d5-42c7-af09-7fbb3d6697e9,-0.08573593310924732
2a2ff7db-5460-4296-a8a7-946ba628226d_1549-08,2,0,0,4,2a2ff7db-5460-4296-a8a7-946ba628226d,1.416163312782981
2a831288-6e91-4aba-9385-f22f666fab99_525-32,3,0,0,1,2a831288-6e91-4aba-9385-f22f666fab99,0.34746664809762007
2a97736a-4fff-4753-84de-e6586a5603cc_185-44,0,0,0,1,2a97736a-4fff-4753-84de-e6586a5603cc,1.028118629968033
2a97736a-4fff-4753-84de-e6586a5603cc_2707-05,3,1,1,1,2a97736a-4fff-4753-84de-e6586a5603cc,0.5653292449406702
2a97736a-4fff-4753-84de-e6586a5603cc_2711-38,2,1,1,1,2a97736a-4fff-4753-84de-e6586a5603cc,1.3467892858836856
2a97736a-4fff-4753-84de-e6586a5603cc_2712-24,0,0,0,1,2a97736a-4fff-4753-84de-e6586a5603cc,-0.5863037801201307
2a97736a-4fff-4753-84de-e6586a5603cc_297-35,3,1,1,1,2a97736a-4fff-4753-84de-e6586a5603cc,0.9846384756337827
2ac65951-49b0-4629-981e-edc34b8cdb0f_1091-69,1,1,1,3,2ac65951-49b0-4629-981e-edc34b8cdb0f,1.7786405281389839
2ac65951-49b0-4629-981e-edc34b8cdb0f_1349-72,2,1,1,3,2ac65951-49b0-4629-981e-edc34b8cdb0f,1.2107132635664808
2ac8acbc-9ea4-4bed-bbc2-aa53cc5f098a_1105-87,0,0,0,2,2ac8acbc-9ea4-4bed-bbc2-aa53cc5f098a,1.2764208223742683
2b012751-2e50-4acb-b645-c864930e92c8_1119-28,0,0,0,4,2b012751-2e50-4acb-b645-c864930e92c8,1.6607694393537948
2b012751-2e50-4acb-b645-c864930e92c8_822-56,0,0,0,4,2b012751-2e50-4acb-b645-c864930e92c8,1.1247309246147974
2b7ace86-149f-4354-b617-c8ebd08c5310_1416-39,2,1,1,2,2b7ace86-149f-4354-b617-c8ebd08c5310,1.4660306843845015
2b7ace86-149f-4354-b617-c8ebd08c5310_381-65,2,1,1,2,2b7ace86-149f-4354-b617-c8ebd08c5310,0.9148949066669168
2c5d38ed-012f-4732-9eb8-89beddb07641_447-87,3,1,1,0,2c5d38ed-012f-4732-9eb8-89beddb07641,0.18779734672693882
2c77de23-cd87-4a41-a83c-4bdc0170f45c_80-46,2,0,0,3,2c77de23-cd87-4a41-a83c-4bdc0170f45c,0.21768227538711027
2c9a2cb8-93fd-4932-bb76-60e80822b70b_782-07,1,1,1,0,2c9a2cb8-93fd-4932-bb76-60e80822b70b,1.4743277886765678
2cc2710e-aae0-41eb-9a70-deb9217bb7ea_3646-90,0,0,0,0,2cc2710e-aae0-41eb-9a70-deb9217bb7ea,0.6091568531377621
2cc2710e-aae0-41eb-9a70-deb9217bb7ea_3838-38,2,1,1,0,2cc2710e-aae0-41eb-9a70-deb9217bb7ea,0.7584434571292454
2cd9a214-b950-49b6-aa04-0cfd0f85fe5f_528-48,1,0,0,4,2cd9a214-b950-49b6-aa04-0cfd0f85fe5f,0.319033090329715
2cddb76f-24d1-4863-bd91-9a5d1922a543_1368-59,2,0,0,4,2cddb76f-24d1-4863-bd91-9a5d1922a543,0.2369266042068427
2cddb76f-24d1-4863-bd91-9a5d1922a543_1681-29,3,1,1,4,2cddb76f-24d1-4863-bd91-9a5d1922a543,1.4188054914184187
2d01625b-b7c4-41aa-989b-2d0b392d8b54_113-94,0,1,1,3,2d01625b-b7c4-41aa-989b-2d0b392d8b54,1.3423980742214345
2d01625b-b7c4-41aa-989b-2d0b392d8b54_1323-22,3,0,0,3,2d01625b-b7c4-41aa-989b-2d0b392d8b54,0.0008431506679649203
2d01625b-b7c4-41aa-989b-2d0b392d8b54_195-58,2,0,0,3,2d01625b-b7c4-41aa-989b-2d0b392d8b54,0.4734607255291219
2d01625b-b7c4-41aa-989b-2d0b392d8b54_328-63,1,0,0,3,2d01625b-b7c4-41aa-989b-2d0b392d8b54,0.8010379465032605
2d13c92e-f43f-40f2-b603-cb749e5fee70_2243-41,2,1,1,0,2d13c92e-f43f-40f2-b603-cb749e5fee70,0.9877298673574365
2d1baacd-d82b-4e0c-9d85-b420fb9bde91_345-02,2,1,1,4,2d1baacd-d82b-4e0c-9d85-b420fb9bde91,0.9140084135288213
2d1bf98e-a133-4f63-bc1d-91f718078a52_337-47,1,0,0,3,2d1bf98e-a133-4f63-bc1d-91f718078a52,0.246227319899594
2d76e155-dcae-4fdb-be83-a37f09e699a8_46-48,3,0,0,2,2d76e155-dcae-4fdb-be83-a37f09e699a8,0.6541374455036917
2dbdd409-0be0-447c-8ae8-3f107fe9af80_1058-94,3,1,1,2,2dbdd409-0be0-447c-8ae8-3f107fe9af80,0.41367483140153954
2dbdd409-0be0-447c-8ae8-3f107fe9af80_1439-37,0,0,0,2,2dbdd409-0be0-447c-8ae8-3f107fe9af80,1.1982608814927187
2dbdd409-0be0-447c-8ae8-3f107fe9af80_1502-69,3,0,0,2,2dbdd409-0be0-447c-8ae8-3f107fe9af80,0.6572562089015119
2dbdd409-0be0-447c-8ae8-3f107fe9af80_1626-43,3,0,0,2,2dbdd409-0be0-447c-8ae8-3f107fe9af80,-0.2682028310717508
2dbdd409-0be0-447c-8ae8-3f107fe9af80_163-46,0,1,1,2,2dbdd409-0be0-447c-8ae8-3f107fe9af80,0.4202712888027393
2dbdd409-0be0-447c-8ae8-3f107fe9af80_164-34,2,1,1,2,2dbdd409-0be0-447c-8ae8-3f107fe9af80,0.04031091915917934
2dbdd409-0be0-447c-8ae8-3f107fe9af80_1653-80,0,1,1,2,2dbdd409-0be0-447c-8ae8-3f107fe9af80,0.6214548936288529
2dbdd409-0be0-447c-8ae8-3f107fe9af80_1697-32,2,0,0,2,2dbdd409-0be0-447c-8ae8-3f107fe9af80,0.8571269975286562
2dbdd409-0be0-447c-8ae8-3f107fe9af80_1764-16,1,1,1,2,2dbdd409-0be0-447c-8ae8-3f107fe9af80,0.4214203716747051
2dbdd409-0be0-447c-8ae8-3f107fe9af80_1872-88,0,1,1,2,2dbdd409-0be0-447c-8ae8-3f107fe9af80,0.33429333901522745
2dbdd409-0be0-447c-8ae8-3f107fe9af80_19-50,0,1,1,2,2dbdd409-0be0-447c-8ae8-3f107fe9af80,0.4095626246779715
2dbdd409-0be0-447c-8ae8-3f107fe9af80_989-72,0,0,0,2,2dbdd409-0be0-447c-8ae8-3f107fe9af80,0.2018046392098934
2dfec7b6-c8b0-4cd0-baf6-4a963aed1d6a_1092-32,0,1,1,1,2dfec7b6-c8b0-4cd0-baf6-4a963aed1d6a,1.8511660779496413
2dfec7b6-c8b0-4cd0-baf6-4a963aed1d6a_1906-66,0,1,1,1,2dfec7b6-c8b0-4cd0-baf6-4a963aed1d6a,0.8639285201133016
2dff68c2-6310-4763-8d39-05a1dbe40fda_501-39,3,1,1,2,2dff68c2-6310-4763-8d39-05a1dbe40fda,0.769320669373541
2e04b2bb-e5d3-4f66-a16e-f7756e14e749_392-62,1,1,1,3,2e04b2bb-e5d3-4f66-a16e-f7756e14e749,0.08035378698819728
2eb4e516-9d71-4b68-847e-e1b0cb339b0a_684-96,0,0,0,4,2eb4e516-9d71-4b68-847e-e1b0cb339b0a,0.7755558239843223
2ebcbb25-b099-44fa-8e8d-94d574413db9_5599-48,1,0,0,3,2ebcbb25-b099-44fa-8e8d-94d574413db9,0.3984511979101336
2ec3c123-0a04-46d7-97d5-8b85b5e6d06f_1372-45,1,0,0,1,2ec3c123-0a04-46d7-97d5-8b85b5e6d06f,0.5319107125468676
2ec3c123-0a04-46d7-97d5-8b85b5e6d06f_249-67,1,1,1,1,2ec3c123-0a04-46d7-97d5-8b85b5e6d06f,0.35073268461757257
2ec3c123-0a04-46d7-97d5-8b85b5e6d06f_271-92,3,0,0,1,2ec3c123-0a04-46d7-97d5-8b85b5e6d06f,1.3207673490406304
2ec3c123-0a04-46d7-97d5-8b85b5e6d06f_432-01,3,0,0,1,2ec3c123-0a04-46d7-97d5-8b85b5e6d06f,0.08217760280771225
2efc9b47-0a23-4247-89a6-db46dae6c998_328-94,3,1,1,4,2efc9b47-0a23-4247-89a6-db46dae6c998,0.40142599032126386
2efc9b47-0a23-4247-89a6-db46dae6c998_416-58,1,1,1,4,2efc9b47-0a23-4247-89a6-db46dae6c998,0.5799379771077016
3024e27a-237a-4b48-8ea9-b9b16181eaf1_310-08,2,1,1,0,3024e27a-237a-4b48-8ea9-b9b16181eaf1,0.4389302036177988
3024e27a-237a-4b48-8ea9-b9b16181eaf1_49-89,0,1,1,0,3024e27a-237a-4b48-8ea9-b9b16181eaf1,0.2721550227883337
307b1878-875f-4703-bfe9-32d11d20853f_32-44,1,1,1,3,307b1878-875f-4703-bfe9-32d11d20853f,1.144737847624672
307b1878-875f-4703-bfe9-32d11d20853f_63-96,2,1,1,3,307b1878-875f-4703-bfe9-32d11d20853f,1.189669117386165
307b1878-875f-4703-bfe9-32d11d20853f_94-03,0,1,1,3,307b1878-875f-4703-bfe9-32d11d20853f,0.5264116838034933
3091004e-8606-417e-8bc2-7922f951845f_1921-59,0,0,0,1,3091004e-8606-417e-8bc2-7922f951845f,-0.31061874441069753
3091004e-8606-417e-8bc2-7922f951845f_73-46,1,1,1,1,3091004e-8606-417e-8bc2-7922f951845f,0.12345311605762421
31254977-d873-4b22-ba1a-aca3fe028ba8_233-94,3,0,0,1,31254977-d873-4b22-ba1a-aca3fe028ba8,1.656895642056899
313cc9d1-c87f-44ec-9900-3ee8d75389be_148-43,0,1,1,0,313cc9d1-c87f-44ec-9900-3ee8d75389be,1.1444892912583602
3178c414-453e-44e9-b192-67dba2ccc982_1088-81,2,1,1,2,3178c414-453e-44e9-b192-67dba2ccc982,1.535286847577975
3178c414-453e-44e9-b192-67dba2ccc982_565-83,2,1,1,2,3178c414-453e-44e9-b192-67dba2ccc982,1.5184597780211955
31818126-5e0f-4b01-b532-1514587bceec_1514-30,1,0,0,0,31818126-5e0f-4b01-b532-1514587bceec,0.8194582183615079
31bb1175-5459-4812-bb9e-f9300e2733f1_3549-55,0,0,0,0,31bb1175-5459-4812-bb9e-f9300e2733f1,-0.0012045716472693924
31bb1175-5459-4812-bb9e-f9300e2733f1_3707-13,3,0,0,0,31bb1175-5459-4812-bb9e-f9300e2733f1,0.48437640845296626
324ec8a1-3bd1-46b6-9abb-a824e53c0879_1801-82,2,1,1,4,324ec8a1-3bd1-46b6-9abb-a824e53c0879,-0.05957535708600181
32c34069-0111-4d89-9e55-1c68f18705ad_8758-17,2,0,0,3,32c34069-0111-4d89-9e55-1c68f18705ad,0.05640202711308928
330c1e0d-b71a-452e-8b68-fdb96fa8a6ca_1228-35,2,1,1,1,330c1e0d-b71a-452e-8b68-fdb96fa8a6ca,0.8817829800588433
342cb558-ab3e-4b04-8169-a68bbf06a448_1575-74,2,0,0,1,342cb558-ab3e-4b04-8169-a68bbf06a448,0.39611922677453093
343f8d57-6331-40f3-823c-2aee4d5cc10f_1162-80,0,0,0,2,343f8d57-6331-40f3-823c-2aee4d5cc10f,0.3871411358525558
343f8d57-6331-40f3-823c-2aee4d5cc10f_686-43,2,1,1,2,343f8d57-6331-40f3-823c-2aee4d5cc10f,-0.05902754395091431
3455a3f3-1657-46bb-ae42-52d16ec5ffaa_4842-46,3,0,0,1,3455a3f3-1657-46bb-ae42-52d16ec5ffaa,1.164501314648709
3455a3f3-1657-46bb-ae42-52d16ec5ffaa_6236-63,0,1,1,1,3455a3f3-1657-46bb-ae42-52d16ec5ffaa,2.0675076268954378
3455a3f3-1657-46bb-ae42-52d16ec5ffaa_959-38,1,0,0,1,3455a3f3-1657-46bb-ae42-52d16ec5ffaa,-0.06622714721684653
34590a11-c136-4423-bdc4-c6a45221e546_565-25,1,1,1,3,34590a11-c136-4423-bdc4-c6a45221e546,0.4536349537183334
348180aa-c90b-463a-8b3f-0743469a8b59_3591-71,3,0,0,1,348180aa-c90b-463a-8b3f-0743469a8b59,0.0736558249853102
348180aa-c90b-463a-8b3f-0743469a8b59_5526-16,0,1,1,1,348180aa-c90b-463a-8b3f-0743469a8b59,1.0368318157248742
348180aa-c90b-463a-8b3f-0743469a8b59_7126-75,2,0,0,1,348180aa-c90b-463a-8b3f-0743469a8b59,-0.2206240196929975
348180aa-c90b-463a-8b3f-0743469a8b59_7135-61,0,1,1,1,348180aa-c90b-463a-8b3f-0743469a8b59,0.075607255131933
348f0f69-cd49-4c00-af91-f1765155e858_1084-90,2,0,0,0,348f0f69-cd49-4c00-af91-f1765155e858,-0.46731959770021436
348f0f69-cd49-4c00-af91-f1765155e858_1127-21,2,0,0,0,348f0f69-cd49-4c00-af91-f1765155e858,0.5392660282482981
356661f5-767b-495d-95c7-03dcc46f85c6_1826-46,1,0,0,4,356661f5-767b-495d-95c7-03dcc46f85c6,-0.5884049448491256
356661f5-767b-495d-95c7-03dcc46f85c6_1858-56,0,0,0,4,356661f5-767b-495d-95c7-03dcc46f85c6,-0.43710200094552965
356661f5-767b-495d-95c7-03dcc46f85c6_1860-68,1,0,0,4,356661f5-767b-495d-95c7-03dcc46f85c6,1.2331326789845647
356dd07e-8165-494c-9be8-b82d314bf88d_895-74,1,0,0,2,356dd07e-8165-494c-9be8-b82d314bf88d,-0.04383658265532209
3588502f-e1c1-426c-81d6-6fac28e6c81a_531-41,0,1,1,1,3588502f-e1c1-426c-81d6-6fac28e6c81a,0.9327826063840714
358b4617-283d-48df-bfd8-523cbb525b5d_227-18,0,0,0,4,358b4617-283d-48df-bfd8-523cbb525b5d,0.050407448147468614
358e65ba-1ce0-46f6-a1b4-1c85569ef628_3143-38,0,0,0,3,358e65ba-1ce0-46f6-a1b4-1c85569ef628,0.8747892956424564
35ab724d-5dba-4094-927b-e7bc5ad8cf41_56-56,4,1,1,2,35ab724d-5dba-4094-927b-e7bc5ad8cf41,0.6668924082139522
35b1a8c7-80fd-402f-b240-768926b7bcee_285-73,1,1,1,0,35b1a8c7-80fd-402f-b240-768926b7bcee,0.34056837809895324
35b1a8c7-80fd-402f-b240-768926b7bcee_562-55,1,1,1,0,35b1a8c7-80fd-402f-b240-768926b7bcee,0.1388721279104933
35b37e37-6bb1-4131-be37-693e9b794a97_1345-02,3,1,1,0,35b37e37-6bb1-4131-be37-693e9b794a97,-0.018546027003232657
35d92405-7ebf-4e54-8b9a-7cce8af30a79_63-09,2,1,1,4,35d92405-7ebf-4e54-8b9a-7cce8af30a79,0.5494289491206437
35e004f4-ad64-4835-9358-38a58b431252_2629-86,4,0,0,3,35e004f4-ad64-4835-9358-38a58b431252,1.2632717265325106
3625b3d9-e323-4c05-a27a-aba79f01a5bd_18-58,0,0,0,2,3625b3d9-e323-4c05-a27a-aba79f01a5bd,0.07462342030071295
3639ab8f-880a-45bd-b8a9-6ef6bdaad4ff_355-03,0,1,1,0,3639ab8f-880a-45bd-b8a9-6ef6bdaad4ff,0.033277071264617875
366b71ad-3f35-4704-b6ef-e793c7e73ac6_1040-50,0,1,1,2,366b71ad-3f35-4704-b6ef-e793c7e73ac6,1.3744028791873997
366b71ad-3f35-4704-b6ef-e793c7e73ac6_1178-68,2,1,1,2,366b71ad-3f35-4704-b6ef-e793c7e73ac6,-0.3049667910357744
366b71ad-3f35-4704-b6ef-e793c7e73ac6_15-36,0,1,1,2,366b71ad-3f35-4704-b6ef-e793c7e73ac6,0.8579862033393275
366b71ad-3f35-4704-b6ef-e793c7e73ac6_41-78,0,0,0,2,366b71ad-3f35-4704-b6ef-e793c7e73ac6,0.29523273426308455
36baa5a9-16bf-4ad6-b011-4d7daae6b8f9_1264-03,0,0,0,1,36baa5a9-16bf-4ad6-b011-4d7daae6b8f9,0.3632896763972687
36baa5a9-16bf-4ad6-b011-4d7daae6b8f9_423-57,1,0,0,1,36baa5a9-16bf-4ad6-b011-4d7daae6b8f9,0.3407667141652082
36baa5a9-16bf-4ad6-b011-4d7daae6b8f9_641-91,2,0,0,1,36baa5a9-16bf-4ad6-b011-4d7daae6b8f9,-0.05617664716970816
375ca7e7-1e3c-4159-9f7f-4691ef11f322_68-87,0,1,1,3,375ca7e7-1e3c-4159-9f7f-4691ef11f322,-0.3724213805436267
375ca7e7-1e3c-4159-9f7f-4691ef11f322_70-62,2,0,0,3,375ca7e7-1e3c-4159-9f7f-4691ef11f322,0.4789901001274315
3761fbb4-3e0e-4b15-a277-fec95edacf04_1783-59,2,0,0,3,3761fbb4-3e0e-4b15-a277-fec95edacf04,-0.19710493257474937
3761fbb4-3e0e-4b15-a277-fec95edacf04_2287-87,1,1,1,3,3761fbb4-3e0e-4b15-a277-fec95edacf04,0.20869875934160542
3761fbb4-3e0e-4b15-a277-fec95edacf04_2288-64,0,0,0,3,3761fbb4-3e0e-4b15-a277-fec95edacf04,-0.13955954770727502
3761fbb4-3e0e-4b15-a277-fec95edacf04_4702-37,3,1,1,3,3761fbb4-3e0e-4b15-a277-fec95edacf04,0.5556937714455489
378af037-7200-4d75-8f83-ddc74e1cd2dc_3193-87,1,0,0,3,378af037-7200-4d75-8f83-ddc74e1cd2dc,0.5767660344709099
378af037-7200-4d75-8f83-ddc74e1cd2dc_3511-24,0,0,0,3,378af037-7200-4d75-8f83-ddc74e1cd2dc,0.5809101188509102
381c4c64-a697-42ab-90ab-a515740bf484_1318-72,0,0,0,2,381c4c64-a697-42ab-90ab-a515740bf484,0.9360444476797227
381c4c64-a697-42ab-90ab-a515740bf484_578-95,2,1,1,2,381c4c64-a697-42ab-90ab-a515740bf484,0.2738986726501786
38737402-19bd-4689-9e74-3af391b15feb_1017-05,3,1,1,1,38737402-19bd-4689-9e74-3af391b15feb,0.3724986620106421
38737402-19bd-4689-9e74-3af391b15feb_1338-80,0,1,1,1,38737402-19bd-4689-9e74-3af391b15feb,0.1769426555908442
38737402-19bd-4689-9e74-3af391b15feb_1424-12,1,0,0,1,38737402-19bd-4689-9e74-3af391b15feb,0.9058395243990034
38737402-19bd-4689-9e74-3af391b15feb_650-15,1,1,1,1,38737402-19bd-4689-9e74-3af391b15feb,-0.02211857811732798
38788778-0822-4c9c-b51e-5bce8a765a97_83-68,2,1,1,4,38788778-0822-4c9c-b51e-5bce8a765a97,0.21555266862009798
38788778-0822-4c9c-b51e-5bce8a765a97_91-28,0,0,0,4,38788778-0822-4c9c-b51e-5bce8a765a97,0.15765972999785777
38a66acf-33c8-4ed5-b814-7322087b2e21_2113-44,2,1,1,3,38a66acf-33c8-4ed5-b814-7322087b2e21,0.48857979939385776
38a66acf-33c8-4ed5-b814-7322087b2e21_4267-76,0,0,0,3,38a66acf-33c8-4ed5-b814-7322087b2e21,0.5650009678659852
38a66acf-33c8-4ed5-b814-7322087b2e21_835-53,2,1,1,3,38a66acf-33c8-4ed5-b814-7322087b2e21,0.46605811408423203
38a7b760-56f9-4565-8b70-f8dad5768ace_296-28,2,0,0,2,38a7b760-56f9-4565-8b70-f8dad5768ace,0.09890140130091368
38a8d256-8d63-4f28-8837-ebd80dcd10e7_227-55,2,1,1,1,38a8d256-8d63-4f28-8837-ebd80dcd10e7,1.944166519553132
38b56399-3b1c-421d-8a80-1e5f54fcd667_0-84,3,0,0,0,38b56399-3b1c-421d-8a80-1e5f54fcd667,-0.48892832132866015
38b56399-3b1c-421d-8a80-1e5f54fcd667_806-77,3,1,1,0,38b56399-3b1c-421d-8a80-1e5f54fcd667,0.1407221981040866
38b6d0fe-e317-47a1-8fa3-87e7a4a21183_375-27,1,1,1,1,38b6d0fe-e317-47a1-8fa3-87e7a4a21183,0.9939714271882116
38b6d0fe-e317-47a1-8fa3-87e7a4a21183_80-19,3,0,0,1,38b6d0fe-e317-47a1-8fa3-87e7a4a21183,0.20509893835609494
39208fca-0c54-48e9-b4f3-b4803bb67661_3315-32,2,1,1,0,39208fca-0c54-48e9-b4f3-b4803bb67661,0.5187281676689633
3925576b-6900-4112-8620-8739de771da9_2447-44,3,1,1,4,3925576b-6900-4112-8620-8739de771da9,-0.39337624476108013
39a53568-d759-4f19-ac19-bc4ba29b5c17_726-07,3,0,0,3,39a53568-d759-4f19-ac19-bc4ba29b5c17,0.3023985729897892
39af7641-e376-4a99-977f-4d7f746e14ba_79-79,1,0,0,2,39af7641-e376-4a99-977f-4d7f746e14ba,-0.06378418653088025
39d0559a-d1e8-4fca-b7f4-db87bbbbde7e_857-69,2,0,0,0,39d0559a-d1e8-4fca-b7f4-db87bbbbde7e,1.013687307502713
39d1462e-506c-482b-9c9e-a94cffd71563_2316-87,3,0,0,3,39d1462e-506c-482b-9c9e-a94cffd71563,1.3462824994460183
3a53bfdc-daf7-4bbc-bb9f-af449021d237_1629-28,1,0,0,4,3a53bfdc-daf7-4bbc-bb9f-af449021d237,0.414586968652455
3a718f0f-a85e-4461-b5bc-94c5a8d300a8_648-56,3,0,0,3,3a718f0f-a85e-4461-b5bc-94c5a8d300a8,0.3067551138053586
3a839ee1-2391-43bb-a253-c2c45d753bac_271-43,1,1,1,2,3a839ee1-2391-43bb-a253-c2c45d753bac,1.1050632731381398
3a9a814d-222f-4712-97b4-a71d9f8b5a4a_277-20,3,0,0,1,3a9a814d-222f-4712-97b4-a71d9f8b5a4a,0.6934348119100144
3a9a814d-222f-4712-97b4-a71d9f8b5a4a_288-34,2,0,0,1,3a9a814d-222f-4712-97b4-a71d9f8b5a4a,0.05814367398592679
3ab744ba-9969-452c-a825-38affebd4139_13-22,3,0,0,2,3ab744ba-9969-452c-a825-38affebd4139,-0.004974876085583613
3ab744ba-9969-452c-a825-38affebd4139_319-13,0,0,0,2,3ab744ba-9969-452c-a825-38affebd4139,0.48093093314757235
3ae05e5a-f724-41e8-9000-90b7dd31379b_288-48,3,0,0,1,3ae05e5a-f724-41e8-9000-90b7dd31379b,0.20489686792815964
3b021bad-6945-4be2-a7db-44af3db1eae8_2667-18,0,0,0,4,3b021bad-6945-4be2-a7db-44af3db1eae8,0.5809367723966568
3b342c9c-eb30-4cc6-8ced-53c4fb7b3a8d_290-89,3,1,1,0,3b342c9c-eb30-4cc6-8ced-53c4fb7b3a8d,-0.26188350267912214
3b342c9c-eb30-4cc6-8ced-53c4fb7b3a8d_783-98,1,1,1,0,3b342c9c-eb30-4cc6-8ced-53c4fb7b3a8d,-0.06909286713964768
3b3ecf0c-ee8d-4518-bf1c-3301ba44c743_226-48,1,1,1,0,3b3ecf0c-ee8d-4518-bf1c-3301ba44c743,1.385444129048666
3be8d10c-8e88-4f29-af13-6eab7b509ed8_7-19,3,1,1,2,3be8d10c-8e88-4f29-af13-6eab7b509ed8,0.8373567945518734
3c54ff87-27c0-4ab8-b934-4f0289221bff_279-60,2,0,0,3,3c54ff87-27c0-4ab8-b934-4f0289221bff,0.9873974394041675
3c5841d6-8d79-4aa7-b020-bbb6ef114b42_402-54,4,1,1,3,3c5841d6-8d79-4aa7-b020-bbb6ef114b42,1.033653293816537
3c9b7fa8-5588-46a7-aafa-0a1404bfbbd7_1020-57,0,1,1,1,3c9b7fa8-5588-46a7-aafa-0a1404bfbbd7,0.6087417862932445
3c9ce1b1-9eaa-4e3d-9ebb-91f9d904178e_1420-03,0,1,1,2,3c9ce1b1-9eaa-4e3d-9ebb-91f9d904178e,0.6291977390138082
3c9ce1b1-9eaa-4e3d-9ebb-91f9d904178e_2345-99,1,0,0,2,3c9ce1b1-9eaa-4e3d-9ebb-91f9d904178e,-0.2193172106798299
3c9ce1b1-9eaa-4e3d-9ebb-91f9d904178e_2453-52,2,1,1,2,3c9ce1b1-9eaa-4e3d-9ebb-91f9d904178e,1.4770355753940088
3ce37765-7d70-4dd6-991c-a83286ba05b2_1423-56,0,1,1,0,3ce37765-7d70-4dd6-991c-a83286ba05b2,0.42586885959708465
3ce37765-7d70-4dd6-991c-a83286ba05b2_1423-60,2,1,1,0,3ce37765-7d70-4dd6-991c-a83286ba05b2,-0.014677962613286077
3d93c92c-8c12-4972-9f29-c8bef5c321ba_1742-89,1,0,0,1,3d93c92c-8c12-4972-9f29-c8bef5c321ba,1.4488283273994784
3d93c92c-8c12-4972-9f29-c8bef5c321ba_832-45,3,1,1,1,3d93c92c-8c12-4972-9f29-c8bef5c321ba,0.8143648614259915
3d98a5d2-a34b-499e-98f2-9195f300394a_3004-17,1,0,0,2,3d98a5d2-a34b-499e-98f2-9195f300394a,1.083576867040336
3dbe950d-163c-40a4-9590-494748e1dd39_1644-63,1,0,0,4,3dbe950d-163c-40a4-9590-494748e1dd39,0.8047040398913814
3dbe950d-163c-40a4-9590-494748e1dd39_6666-20,1,1,1,4,3dbe950d-163c-40a4-9590-494748e1dd39,0.2542024990624974
3dd00666-a34d-4b45-bb4c-7a4c2342e475_1264-75,3,0,0,1,3dd00666-a34d-4b45-bb4c-7a4c2342e475,1.5060526762476474
3dd08c84-ee0a-4fa6-a859-98fd969ec720_1276-65,1,0,0,0,3dd08c84-ee0a-4fa6-a859-98fd969ec720,0.31852582210897196
3dd08c84-ee0a-4fa6-a859-98fd969ec720_518-21,1,0,0,0,3dd08c84-ee0a-4fa6-a859-98fd969ec720,-0.306349212720581
3de48a49-665d-4c1b-9655-82532e108e6a_1393-69,0,1,1,1,3de48a49-665d-4c1b-9655-82532e108e6a,0.48557100752637095
3de48a49-665d-4c1b-9655-82532e108e6a_1395-29,3,0,0,1,3de48a49-665d-4c1b-9655-82532e108e6a,-0.2076342675510206
3decc0f8-9806-40dd-83d5-26c495dd7830_2268-25,0,1,1,2,3decc0f8-9806-40dd-83d5-26c495dd7830,0.11029118228946472
3decc0f8-9806-40dd-83d5-26c495dd7830_5147-61,3,1,1,2,3decc0f8-9806-40dd-83d5-26c495dd7830,1.5391230516637253
3df50de7-7ef7-4938-9cdb-fb2d07751084_666-85,2,0,0,2,3df50de7-7ef7-4938-9cdb-fb2d07751084,0.5437474259866699
3e418323-3ff7-4d03-9b60-275f1e20f5dc_315-49,1,1,1,3,3e418323-3ff7-4d03-9b60-275f1e20f5dc,1.6244857749825865
3e418323-3ff7-4d03-9b60-275f1e20f5dc_589-19,1,0,0,3,3e418323-3ff7-4d03-9b60-275f1e20f5dc,-0.21765968547445802
3ea1662a-6766-4bc9-8d42-9b48d4e8384c_132-89,3,0,0,1,3ea1662a-6766-4bc9-8d42-9b48d4e8384c,-0.6713798900231146
3efc152d-ea0e-4372-b552-7d5e1cf07259_14658-02,0,1,1,4,3efc152d-ea0e-4372-b552-7d5e1cf07259,1.0769801643890087
3efc152d-ea0e-4372-b552-7d5e1cf07259_6116-76,3,0,0,4,3efc152d-ea0e-4372-b552-7d5e1cf07259,0.21522252828007088
3efc152d-ea0e-4372-b552-7d5e1cf07259_6416-63,1,0,0,4,3efc152d-ea0e-4372-b552-7d5e1cf07259,1.1008836175185797
3f292ce2-fb0d-477e-b6b5-18c6ef38366e_2018-00,3,0,0,1,3f292ce2-fb0d-477e-b6b5-18c6ef38366e,0.30694201175732583
3f292ce2-fb0d-477e-b6b5-18c6ef38366e_889-07,0,1,1,1,3f292ce2-fb0d-477e-b6b5-18c6ef38366e,0.7232887500990568
3f712a5b-c1cf-4f2a-b0ab-ca0e2e4f0e3c_1166-83,1,1,1,2,3f712a5b-c1cf-4f2a-b0ab-ca0e2e4f0e3c,0.3155167537912846
3f712a5b-c1cf-4f2a-b0ab-ca0e2e4f0e3c_119-87,0,0,0,2,3f712a5b-c1cf-4f2a-b0ab-ca0e2e4f0e3c,0.6656295755113906
3f7f5927-02e7-42ea-a31a-edea41bc17f9_565-60,0,1,1,2,3f7f5927-02e7-42ea-a31a-edea41bc17f9,0.11029806295458183
3f8dbb4f-ad5e-4d54-bf95-3ddbe968a85d_27-63,2,0,0,1,3f8dbb4f-ad5e-4d54-bf95-3ddbe968a85d,0.33971626207847594
3fb410d6-e5aa-49d3-b184-75ec9651550f_2226-52,1,0,0,0,3fb410d6-e5aa-49d3-b184-75ec9651550f,-0.3197373631287864
3ffb9247-a141-4056-a644-dd3fbab708a4_364-69,3,1,1,4,3ffb9247-a141-4056-a644-dd3fbab708a4,1.0328400140489733
3ffeedef-3088-4e70-a21d-3578f07546a2_2438-39,0,1,1,3,3ffeedef-3088-4e70-a21d-3578f07546a2,1.1222175132135104
3ffeedef-3088-4e70-a21d-3578f07546a2_632-12,2,0,0,3,3ffeedef-3088-4e70-a21d-3578f07546a2,0.6268011421928515
3fffb452-1c17-43fa-b473-c9e19ac21433_2774-23,3,1,1,3,3fffb452-1c17-43fa-b473-c9e19ac21433,0.16927451747198907
4065f62a-faae-4926-aee8-1d5bf73661a3_2321-27,2,0,0,0,4065f62a-faae-4926-aee8-1d5bf73661a3,0.30447952777973664
4065f62a-faae-4926-aee8-1d5bf73661a3_382-42,2,1,1,0,4065f62a-faae-4926-aee8-1d5bf73661a3,1.3996197870355758
406f3614-0b99-4b3f-b3cb-a4590bad9e27_288-93,1,0,0,4,406f3614-0b99-4b3f-b3cb-a4590bad9e27,-0.48065369121699153
406f3614-0b99-4b3f-b3cb-a4590bad9e27_811-10,0,1,1,4,406f3614-0b99-4b3f-b3cb-a4590bad9e27,-0.11151687231304652
407df63f-c7a8-4c18-aa0f-b8e6ae16a938_620-12,3,1,1,1,407df63f-c7a8-4c18-aa0f-b8e6ae16a938,1.5396137340323077
408acdc8-c286-482b-91ba-3fcda24fedc3_1554-86,2,0,0,0,408acdc8-c286-482b-91ba-3fcda24fedc3,0.5047846687426157
40b33c95-3689-4ec8-8765-7e926f623b75_1593-37,4,1,1,1,40b33c95-3689-4ec8-8765-7e926f623b75,-0.6350006771810106
40b33c95-3689-4ec8-8765-7e926f623b75_530-94,2,0,0,1,40b33c95-3689-4ec8-8765-7e926f623b75,1.0658332837275228
40b33c95-3689-4ec8-8765-7e926f623b75_726-75,0,1,1,1,40b33c95-3689-4ec8-8765-7e926f623b75,1.3068210542506489
40f3258a-f7d8-4b05-8b6a-bd9f8d5b85fb_792-58,2,0,0,2,40f3258a-f7d8-4b05-8b6a-bd9f8d5b85fb,0.6126307050272979
41c32675-1cc9-47f2-82e5-5ef1eacb720b_92-49,3,1,1,2,41c32675-1cc9-47f2-82e5-5ef1eacb720b,-0.27688923705796864
41ebc581-9f9a-44d5-9c73-8bf287c43856_3353-58,0,1,1,3,41ebc581-9f9a-44d5-9c73-8bf287c43856,1.486662792233942
4209376c-04be-47f0-b905-835fedde4cd0_5602-77,3,1,1,2,4209376c-04be-47f0-b905-835fedde4cd0,1.0270154378551857
421a0364-6ed6-4bd4-8db2-5de8e245c9bc_455-02,0,1,1,4,421a0364-6ed6-4bd4-8db2-5de8e245c9bc,-0.496800652790977
421a0364-6ed6-4bd4-8db2-5de8e245c9bc_549-95,2,1,1,4,421a0364-6ed6-4bd4-8db2-5de8e245c9bc,0.5340861521437339
42263a6a-e984-4dd9-82db-a43d6e879c8f_528-58,1,1,1,0,42263a6a-e984-4dd9-82db-a43d6e879c8f,2.203893522982477
42263a6a-e984-4dd9-82db-a43d6e879c8f_828-54,4,1,1,0,42263a6a-e984-4dd9-82db-a43d6e879c8f,0.8852713868489911
426eb9d9-d4cf-4acc-9efb-979f61a5be91_785-24,0,1,1,2,426eb9d9-d4cf-4acc-9efb-979f61a5be91,1.7680595930795584
428a80ce-ccc8-46e3-9cbb-419d224f148a_1420-33,0,1,1,2,428a80ce-ccc8-46e3-9cbb-419d224f148a,-0.4636924952369899
428a80ce-ccc8-46e3-9cbb-419d224f148a_679-57,0,1,1,2,428a80ce-ccc8-46e3-9cbb-419d224f148a,1.0741953818514312
42c08776-8832-4d37-8844-3ce89e405c62_1474-11,1,1,1,0,42c08776-8832-4d37-8844-3ce89e405c62,0.8555419074185685
42d72164-8f4a-49e4-8b95-b3ad423ba65b_1273-76,1,1,1,0,42d72164-8f4a-49e4-8b95-b3ad423ba65b,0.6700088096598126
42d72164-8f4a-49e4-8b95-b3ad423ba65b_1368-26,1,1,1,0,42d72164-8f4a-49e4-8b95-b3ad423ba65b,0.14365090500892364
42d72164-8f4a-49e4-8b95-b3ad423ba65b_138-24,3,1,1,0,42d72164-8f4a-49e4-8b95-b3ad423ba65b,0.5243799168083921
42d72164-8f4a-49e4-8b95-b3ad423ba65b_149-58,1,0,0,0,42d72164-8f4a-49e4-8b95-b3ad423ba65b,0.2992523219177582
42d72164-8f4a-49e4-8b95-b3ad423ba65b_1575-60,2,0,0,0,42d72164-8f4a-49e4-8b95-b3ad423ba65b,-0.21558309867892028
42d72164-8f4a-49e4-8b95-b3ad423ba65b_81-84,0,0,0,0,42d72164-8f4a-49e4-8b95-b3ad423ba65b,-0.026673098360200487
4335b0cc-e10c-45df-aad3-a1fa66b7a7a8_2029-73,1,0,0,4,4335b0cc-e10c-45df-aad3-a1fa66b7a7a8,1.7471816780340421
434a5651-9901-4b32-b782-d9a2bb52e805_711-02,2,0,0,3,434a5651-9901-4b32-b782-d9a2bb52e805,0.12852060330155324
439cfa9c-ef6b-41ba-aa5d-2f40b195b374_1380-00,3,1,1,2,439cfa9c-ef6b-41ba-aa5d-2f40b195b374,0.3616386634222322
43d83207-9c41-46aa-90c9-e30a6194be11_354-50,0,0,0,0,43d83207-9c41-46aa-90c9-e30a6194be11,-0.19165765582187977
43da1507-f497-4393-85a0-08196c04e16b_2646-34,4,1,1,4,43da1507-f497-4393-85a0-08196c04e16b,1.0727064010533407
44327c5e-9442-4334-b675-8019df3678af_2165-30,1,0,0,4,44327c5e-9442-4334-b675-8019df3678af,1.5097305885328471
444a032d-faef-447e-a5dd-c3c8386672b6_215-22,0,1,1,0,444a032d-faef-447e-a5dd-c3c8386672b6,0.39591504664437527
4469a684-b4f9-4b50-a26f-2943f477a420_980-96,3,1,1,1,4469a684-b4f9-4b50-a26f-2943f477a420,0.8332441289357317
449763d0-a924-40a4-8830-01e7028f9428_3059-66,0,1,1,1,449763d0-a924-40a4-8830-01e7028f9428,0.50520006322499
449763d0-a924-40a4-8830-01e7028f9428_3694-63,0,1,1,1,449763d0-a924-40a4-8830-01e7028f9428,0.7556239042723065
449e14cf-f05e-42ac-bb7e-0ba87617f95a_582-28,0,1,1,0,449e14cf-f05e-42ac-bb7e-0ba87617f95a,1.2739293602103867
44a65997-a52f-4e79-b4bf-cc1d74e39bc2_143-93,3,1,1,3,44a65997-a52f-4e79-b4bf-cc1d74e39bc2,1.674704242148246
44c5117d-fb5c-4fcf-b648-d7eb76d5f95a_1424-15,0,1,1,2,44c5117d-fb5c-4fcf-b648-d7eb76d5f95a,1.0143283787830157
44c5117d-fb5c-4fcf-b648-d7eb76d5f95a_898-38,1,1,1,2,44c5117d-fb5c-4fcf-b648-d7eb76d5f95a,0.5384932009467494
45c274b8-54e6-4187-9fd9-73c0b0ada28d_109-66,1,1,1,4,45c274b8-54e6-4187-9fd9-73c0b0ada28d,0.7705849551714257
45c274b8-54e6-4187-9fd9-73c0b0ada28d_1281-25,0,1,1,4,45c274b8-54e6-4187-9fd9-73c0b0ada28d,0.5015669738656237
45ed20a0-ba4b-41f2-9498-6084fc15d1e3_113-72,2,0,0,2,45ed20a0-ba4b-41f2-9498-6084fc15d1e3,-0.2821421760391603
45f5f3df-072e-4869-b332-cfc3652092b2_997-48,3,1,1,3,45f5f3df-072e-4869-b332-cfc3652092b2,-0.15560364164959023
4651e5c2-4371-4af2-8f05-cb8b0b1ec7fd_233-33,0,0,0,0,4651e5c2-4371-4af2-8f05-cb8b0b1ec7fd,0.19204827361928944
46c3b557-dbda-4868-a9c8-43741d5815e1_288-99,0,0,0,4,46c3b557-dbda-4868-a9c8-43741d5815e1,0.9102599474143662
470499d1-e015-4d45-a858-ca3e9566085e_2490-62,1,1,1,4,470499d1-e015-4d45-a858-ca3e9566085e,1.0149856560207375
470499d1-e015-4d45-a858-ca3e9566085e_2861-64,1,1,1,4,470499d1-e015-4d45-a858-ca3e9566085e,0.013772350682444368
470499d1-e015-4d45-a858-ca3e9566085e_961-34,1,0,0,4,470499d1-e015-4d45-a858-ca3e9566085e,0.1643283492999747
4756ab70-a3dc-4855-b015-70fd744ea8e8_82-91,1,1,1,3,4756ab70-a3dc-4855-b015-70fd744ea8e8,0.33519664628037993
4767de01-96e1-4cf4-80f4-1c9d3acd26ed_650-13,1,0,0,0,4767de01-96e1-4cf4-80f4-1c9d3acd26ed,0.6521478561753912
4840195a-580a-44c9-b1de-4bbb792473b5_487-41,0,0,0,1,4840195a-580a-44c9-b1de-4bbb792473b5,-0.07499471863070978
48acd7ed-cafc-494b-9e47-8dddcdf0fa75_819-59,0,1,1,4,48acd7ed-cafc-494b-9e47-8dddcdf0fa75,1.236135602509872
48bd6bfb-1322-41b5-9641-20a647976ea8_10-49,3,0,0,4,48bd6bfb-1322-41b5-9641-20a647976ea8,0.48999973024038085
48bd6bfb-1322-41b5-9641-20a647976ea8_261-42,3,1,1,4,48bd6bfb-1322-41b5-9641-20a647976ea8,0.38327626224859473
48d7d009-425f-4d1a-a6a9-a4742bd0d9fe_2349-91,0,1,1,0,48d7d009-425f-4d1a-a6a9-a4742bd0d9fe,1.4178439875330842
48d7d009-425f-4d1a-a6a9-a4742bd0d9fe_2561-43,2,1,1,0,48d7d009-425f-4d1a-a6a9-a4742bd0d9fe,1.0231541696635582
48d7d009-425f-4d1a-a6a9-a4742bd0d9fe_30-60,2,0,0,0,48d7d009-425f-4d1a-a6a9-a4742bd0d9fe,-0.3686223200570915
490b4f30-9bb5-4bf2-966b-13d509b5709b_1247-51,2,1,1,1,490b4f30-9bb5-4bf2-966b-13d509b5709b,1.0773985963437893
4930cced-9b84-464e-88ce-3990188efed6_1781-50,1,1,1,3,4930cced-9b84-464e-88ce-3990188efed6,0.9964972732468652
493dbd4d-bfc7-4086-b4ee-f3d081c34697_864-22,3,0,0,3,493dbd4d-bfc7-4086-b4ee-f3d081c34697,1.4278123701567798
49925bc0-d1f2-4623-891f-147641b0e94f_1165-19,1,0,0,2,49925bc0-d1f2-4623-891f-147641b0e94f,0.10390361476744331
49b14463-2172-4b0e-ad13-fdf9383e9a77_284-00,1,0,0,4,49b14463-2172-4b0e-ad13-fdf9383e9a77,0.7011074306121043
49b14463-2172-4b0e-ad13-fdf9383e9a77_426-72,2,0,0,4,49b14463-2172-4b0e-ad13-fdf9383e9a77,0.34155897870438373
49f87e0a-cc34-447e-87ba-209e430aafb0_2852-27,2,0,0,2,49f87e0a-cc34-447e-87ba-209e430aafb0,0.18562671233068112
49f87e0a-cc34-447e-87ba-209e430aafb0_4558-50,0,1,1,2,49f87e0a-cc34-447e-87ba-209e430aafb0,1.10050652695834
4ac57aee-4ac0-457e-b9de-9419056e4bbd_295-55,0,1,1,1,4ac57aee-4ac0-457e-b9de-9419056e4bbd,0.27568075295757377
4b5de875-cc82-494e-b768-8ac0ae3bb279_1405-68,2,0,0,3,4b5de875-cc82-494e-b768-8ac0ae3bb279,0.04885154832533267
4b5de875-cc82-494e-b768-8ac0ae3bb279_668-27,0,1,1,3,4b5de875-cc82-494e-b768-8ac0ae3bb279,-0.03929956052840933
4b5de875-cc82-494e-b768-8ac0ae3bb279_930-87,0,1,1,3,4b5de875-cc82-494e-b768-8ac0ae3bb279,0.16214356902455984
4b5de875-cc82-494e-b768-8ac0ae3bb279_997-77,2,1,1,3,4b5de875-cc82-494e-b768-8ac0ae3bb279,0.7020218645450477
4bd37cff-a43b-4843-b0ff-06ecfe00017e_258-98,1,0,0,3,4bd37cff-a43b-4843-b0ff-06ecfe00017e,0.10895206352770004
4bd37cff-a43b-4843-b0ff-06ecfe00017e_270-00,0,0,0,3,4bd37cff-a43b-4843-b0ff-06ecfe00017e,0.724121457755505
4bea2a96-1f1f-4149-8447-766553bbba22_1364-79,1,0,0,0,4bea2a96-1f1f-4149-8447-766553bbba22,-0.1916724447531038
4bea2a96-1f1f-4149-8447-766553bbba22_1922-01,0,1,1,0,4bea2a96-1f1f-4149-8447-766553bbba22,0.45817806316269616
4bf46557-3c5a-4a89-840d-158403590c9f_1472-48,3,0,0,3,4bf46557-3c5a-4a89-840d-158403590c9f,-0.32093554388322576
4bf46557-3c5a-4a89-840d-158403590c9f_3598-37,3,0,0,3,4bf46557-3c5a-4a89-840d-158403590c9f,-0.14728919050627265
4bf46557-3c5a-4a89-840d-158403590c9f_3687-37,1,0,0,3,4bf46557-3c5a-4a89-840d-158403590c9f,1.1359596903656457
4c53aaac-76f0-4874-ab1c-738286b9698e_727-03,1,0,0,2,4c53aaac-76f0-4874-ab1c-738286b9698e,0.25823342844791425
4c53aaac-76f0-4874-ab1c-738286b9698e_902-84,0,0,0,2,4c53aaac-76f0-4874-ab1c-738286b9698e,1.0856979069542352
4c642620-db0e-4096-9ece-2b2c6fdb47b0_3829-12,0,1,1,4,4c642620-db0e-4096-9ece-2b2c6fdb47b0,-0.3556864008970142
4c64e0d9-72f4-427f-995d-112ef1a2b7a1_210-26,1,1,1,0,4c64e0d9-72f4-427f-995d-112ef1a2b7a1,1.3122581052705473
4c6f009a-f0ca-4557-8723-4111761e0a9a_879-68,3,0,0,2,4c6f009a-f0ca-4557-8723-4111761e0a9a,0.9307329924416123
4c70179a-f411-4f81-b44d-cfe34b8f9180_356-35,3,1,1,2,4c70179a-f411-4f81-b44d-cfe34b8f9180,0.9155319118127929
4c70179a-f411-4f81-b44d-cfe34b8f9180_551-50,3,0,0,2,4c70179a-f411-4f81-b44d-cfe34b8f9180,0.15232569621225206
4c70179a-f411-4f81-b44d-cfe34b8f9180_800-64,3,0,0,2,4c70179a-f411-4f81-b44d-cfe34b8f9180,0.1737342607318934
4c9777fc-1997-4dc8-a2d2-ea59c50b32f4_573-78,0,1,1,1,4c9777fc-1997-4dc8-a2d2-ea59c50b32f4,1.6187331430001215
4ca97ff8-bc2a-462b-b4c9-b1a878564bea_94-99,2,1,1,2,4ca97ff8-bc2a-462b-b4c9-b1a878564bea,0.8049452019254251
4cd086c9-e7d4-4cb9-bdfe-9e55830cf52e_3435-93,2,1,1,0,4cd086c9-e7d4-4cb9-bdfe-9e55830cf52e,1.4743277886765678
4d1b11b2-e53a-40a5-a3a5-2b2441c60e17_621-95,3,0,0,1,4d1b11b2-e53a-40a5-a3a5-2b2441c60e17,0.03399582264774548
4d24d57d-96ba-4ea1-9542-ee0520d20d3e_1879-56,1,1,1,1,4d24d57d-96ba-4ea1-9542-ee0520d20d3e,0.878655294675144
4d45174a-6a77-48cd-a8f2-9b93e2d47f07_0-01,3,0,0,0,4d45174a-6a77-48cd-a8f2-9b93e2d47f07,-0.8510548656169716
4d45174a-6a77-48cd-a8f2-9b93e2d47f07_604-84,1,0,0,0,4d45174a-6a77-48cd-a8f2-9b93e2d47f07,0.6890635313822243
4d45174a-6a77-48cd-a8f2-9b93e2d47f07_653-18,2,0,0,0,4d45174a-6a77-48cd-a8f2-9b93e2d47f07,0.9272306928532795
4d63c029-fd1d-48f2-9f61-7246bb9ef6fc_2979-35,0,0,0,1,4d63c029-fd1d-48f2-9f61-7246bb9ef6fc,0.09899393485121799
4d76c2c7-c6a2-46a6-bc94-0033c629f040_291-37,2,0,0,4,4d76c2c7-c6a2-46a6-bc94-0033c629f040,1.0816266263909617
4d89d233-dbcf-4ea2-a90f-9a2c3b42d1d5_442-41,1,1,1,4,4d89d233-dbcf-4ea2-a90f-9a2c3b42d1d5,-0.24913549121525172
4dc1caff-6353-4a05-9382-92031b25f783_279-42,0,0,0,3,4dc1caff-6353-4a05-9382-92031b25f783,0.8610272025620659
4de25e28-5a34-4fbe-bc83-200d513b4d9a_1123-59,2,1,1,2,4de25e28-5a34-4fbe-bc83-200d513b4d9a,0.95825598930496
4efdd63d-515c-401a-a5b0-e2c84cbee0e6_2722-42,3,1,1,1,4efdd63d-515c-401a-a5b0-e2c84cbee0e6,0.6603700124224803
4efdd63d-515c-401a-a5b0-e2c84cbee0e6_4175-60,1,1,1,1,4efdd63d-515c-401a-a5b0-e2c84cbee0e6,0.4748876231411755
4f549225-e82e-4294-9379-4891e47725c7_1121-97,3,1,1,0,4f549225-e82e-4294-9379-4891e47725c7,1.3522188137180624
4f549225-e82e-4294-9379-4891e47725c7_299-04,0,1,1,0,4f549225-e82e-4294-9379-4891e47725c7,0.9038416347466164
4f549225-e82e-4294-9379-4891e47725c7_982-80,1,0,0,0,4f549225-e82e-4294-9379-4891e47725c7,0.5388443621560136
4f80ac6f-b78f-441b-b80d-fa8dd10756c4_471-91,3,1,1,1,4f80ac6f-b78f-441b-b80d-fa8dd10756c4,-0.1815351236110586
4fde0689-6bc3-49d4-8d54-bf4cfe0ad287_403-70,2,0,0,3,4fde0689-6bc3-49d4-8d54-bf4cfe0ad287,0.3208000454681267
4ff2e551-1ccb-44ce-8b68-09666397f681_554-17,2,1,1,4,4ff2e551-1ccb-44ce-8b68-09666397f681,1.3001365098991569
500be78a-0a13-44c5-8bc6-bafaa9b94354_17-35,1,0,0,0,500be78a-0a13-44c5-8bc6-bafaa9b94354,-1.1303935943225691
501d1e55-968d-4c10-9d29-e0f4bee907a0_654-33,1,1,1,3,501d1e55-968d-4c10-9d29-e0f4bee907a0,0.688260761328359
502debb3-c5f1-4dba-b2d4-b191d40da77a_5606-91,2,1,1,4,502debb3-c5f1-4dba-b2d4-b191d40da77a,1.9720987846116347
508cf068-6523-4368-a6b1-76ba538f1fc9_1359-08,1,1,1,1,508cf068-6523-4368-a6b1-76ba538f1fc9,1.298794319464875
50c1df1c-e016-472a-b0ac-d297b0c82e87_3264-37,0,1,1,2,50c1df1c-e016-472a-b0ac-d297b0c82e87,0.47491342249500174
50f31d76-6f29-4f80-b654-9437a0113bf5_2211-90,0,0,0,4,50f31d76-6f29-4f80-b654-9437a0113bf5,-0.6486097066237339
51364391-163c-484c-8de5-122abb5898de_1080-80,3,1,1,1,51364391-163c-484c-8de5-122abb5898de,0.9292730252767663
51364391-163c-484c-8de5-122abb5898de_1357-07,0,0,0,1,51364391-163c-484c-8de5-122abb5898de,0.3162383870540473
51364391-163c-484c-8de5-122abb5898de_1359-23,3,0,0,1,51364391-163c-484c-8de5-122abb5898de,0.4385297991704006
513f572f-6d1c-4a8a-8b57-9c1d0aa363f7_1015-09,3,1,1,3,513f572f-6d1c-4a8a-8b57-9c1d0aa363f7,0.252744399634679
513f572f-6d1c-4a8a-8b57-9c1d0aa363f7_843-40,3,1,1,3,513f572f-6d1c-4a8a-8b57-9c1d0aa363f7,0.4266748881463909
513f572f-6d1c-4a8a-8b57-9c1d0aa363f7_969-20,1,1,1,3,513f572f-6d1c-4a8a-8b57-9c1d0aa363f7,1.9019656268059144
516ba1f4-5cfd-4dd7-b4b6-a4c0605d1281_1838-55,1,0,0,2,516ba1f4-5cfd-4dd7-b4b6-a4c0605d1281,0.18076914772291214
5181422f-0b2c-4a39-af52-b2ca683e5451_1147-87,0,1,1,1,5181422f-0b2c-4a39-af52-b2ca683e5451,1.2219216088353266
5185ad85-6751-481e-8b28-2d93d2e20770_961-05,0,0,0,3,5185ad85-6751-481e-8b28-2d93d2e20770,-0.014095950632216803
5185ad85-6751-481e-8b28-2d93d2e20770_964-94,0,1,1,3,5185ad85-6751-481e-8b28-2d93d2e20770,0.6111269700891028
520374ca-09f9-4716-8176-dd289ea7baa9_540-00,2,1,1,0,520374ca-09f9-4716-8176-dd289ea7baa9,0.35030907358396546
520374ca-09f9-4716-8176-dd289ea7baa9_659-75,0,1,1,0,520374ca-09f9-4716-8176-dd289ea7baa9,0.125341474667379
526675a3-acea-4d5b-b5c9-ccb1b89f6e58_421-44,3,0,0,1,526675a3-acea-4d5b-b5c9-ccb1b89f6e58,0.8977598126602768
52c312b2-b47d-498d-a368-20db6a8bc879_1510-20,3,1,1,0,52c312b2-b47d-498d-a368-20db6a8bc879,-0.21527371066850887
5300d3f7-0674-4e08-bf1d-47b8c38a2842_39-70,2,0,0,1,5300d3f7-0674-4e08-bf1d-47b8c38a2842,2.1326334261363638
5315437a-2530-47e5-a0e4-4ac656c7cfa4_570-57,0,0,0,2,5315437a-2530-47e5-a0e4-4ac656c7cfa4,0.831199473942527
5318b45a-f8be-4ab2-a807-564d734527fb_1369-45,1,1,1,3,5318b45a-f8be-4ab2-a807-564d734527fb,0.7023115762641398
53bab63b-b6fa-494c-9dc7-c3fe61f234de_999-56,0,1,1,0,53bab63b-b6fa-494c-9dc7-c3fe61f234de,0.6829601365254224
53e92e25-fe03-4311-9a17-c4f6a29ccad1_1365-15,3,0,0,0,53e92e25-fe03-4311-9a17-c4f6a29ccad1,-0.6669293437275494
53e92e25-fe03-4311-9a17-c4f6a29ccad1_3512-58,0,0,0,0,53e92e25-fe03-4311-9a17-c4f6a29ccad1,1.0315508899957155
53e92e25-fe03-4311-9a17-c4f6a29ccad1_983-79,2,1,1,0,53e92e25-fe03-4311-9a17-c4f6a29ccad1,0.8351144748834934
54a421d2-763e-4751-a6b4-54e3d6c46cc1_1143-22,2,1,1,4,54a421d2-763e-4751-a6b4-54e3d6c46cc1,1.7463875518249488
54a421d2-763e-4751-a6b4-54e3d6c46cc1_1361-15,3,1,1,4,54a421d2-763e-4751-a6b4-54e3d6c46cc1,-0.26300661942672426
54a421d2-763e-4751-a6b4-54e3d6c46cc1_1458-60,2,1,1,4,54a421d2-763e-4751-a6b4-54e3d6c46cc1,-0.18591089861162263
54a421d2-763e-4751-a6b4-54e3d6c46cc1_1553-16,0,1,1,4,54a421d2-763e-4751-a6b4-54e3d6c46cc1,0.320039287441709
54a421d2-763e-4751-a6b4-54e3d6c46cc1_242-12,0,0,0,4,54a421d2-763e-4751-a6b4-54e3d6c46cc1,0.9354867753554934
54a421d2-763e-4751-a6b4-54e3d6c46cc1_676-59,2,0,0,4,54a421d2-763e-4751-a6b4-54e3d6c46cc1,-0.18877380718556125
54a421d2-763e-4751-a6b4-54e3d6c46cc1_692-41,0,0,0,4,54a421d2-763e-4751-a6b4-54e3d6c46cc1,0.195602549882209
54a421d2-763e-4751-a6b4-54e3d6c46cc1_715-92,2,1,1,4,54a421d2-763e-4751-a6b4-54e3d6c46cc1,1.0156358002265546
54adfe07-dcc1-4c3f-90a2-ac93ea7ff6df_173-06,4,0,0,4,54adfe07-dcc1-4c3f-90a2-ac93ea7ff6df,0.833911067664634
54adfe07-dcc1-4c3f-90a2-ac93ea7ff6df_76-91,3,0,0,4,54adfe07-dcc1-4c3f-90a2-ac93ea7ff6df,-0.6819285783544249
555ff1a5-c30b-434c-a251-b5105cdc1fb9_1647-31,2,1,1,2,555ff1a5-c30b-434c-a251-b5105cdc1fb9,-0.30067721953116455
55ef5db5-af7c-4ccd-9c7d-a4d415e195b7_753-73,2,1,1,3,55ef5db5-af7c-4ccd-9c7d-a4d415e195b7,0.7565814482174026
55ef5db5-af7c-4ccd-9c7d-a4d415e195b7_857-01,1,1,1,3,55ef5db5-af7c-4ccd-9c7d-a4d415e195b7,0.8709242812814094
5605bd9a-d151-4d5b-b0f6-cfc28ae6937e_2980-56,3,0,0,2,5605bd9a-d151-4d5b-b0f6-cfc28ae6937e,0.5434749768918137
5605bd9a-d151-4d5b-b0f6-cfc28ae6937e_3534-55,3,1,1,2,5605bd9a-d151-4d5b-b0f6-cfc28ae6937e,1.100489270060565
5605bd9a-d151-4d5b-b0f6-cfc28ae6937e_4053-60,0,0,0,2,5605bd9a-d151-4d5b-b0f6-cfc28ae6937e,0.2679541643219174
5605bd9a-d151-4d5b-b0f6-cfc28ae6937e_457-07,2,0,0,2,5605bd9a-d151-4d5b-b0f6-cfc28ae6937e,0.016021879810611594
5605bd9a-d151-4d5b-b0f6-cfc28ae6937e_709-52,0,0,0,2,5605bd9a-d151-4d5b-b0f6-cfc28ae6937e,-0.5226820232625837
5605bd9a-d151-4d5b-b0f6-cfc28ae6937e_999-27,2,1,1,2,5605bd9a-d151-4d5b-b0f6-cfc28ae6937e,-0.1554015359938749
564c0350-9fbf-4659-b310-a929fa3c82e4_555-36,3,1,1,1,564c0350-9fbf-4659-b310-a929fa3c82e4,2.6323198459984303
56504e4e-a228-4b28-baa4-1ce2de03c2d4_1630-93,1,0,0,2,56504e4e-a228-4b28-baa4-1ce2de03c2d4,0.7204416893360481
56c5fea0-73fb-4239-b740-1faf19e75e6f_1246-35,1,1,1,0,56c5fea0-73fb-4239-b740-1faf19e75e6f,0.6159986239987868
56da7a14-f3fe-4dd9-9acb-92917603f42c_469-73,0,0,0,3,56da7a14-f3fe-4dd9-9acb-92917603f42c,-0.10029530638427842
56da7a14-f3fe-4dd9-9acb-92917603f42c_521-16,1,0,0,3,56da7a14-f3fe-4dd9-9acb-92917603f42c,-0.17798788612267458
570fc280-231c-4a3e-99c2-12eefed1c122_925-58,1,0,0,0,570fc280-231c-4a3e-99c2-12eefed1c122,0.8002798249164526
57467033-41ad-48f8-bc45-26f0b92a1b48_681-96,2,1,1,3,57467033-41ad-48f8-bc45-26f0b92a1b48,0.7103432817094103
57ac6d7c-d317-4f85-aab1-d95ecaaacd5b_290-69,2,1,1,1,57ac6d7c-d317-4f85-aab1-d95ecaaacd5b,1.4733053951707653
57e88d87-257e-434d-953e-6025367e99fe_446-64,0,0,0,4,57e88d87-257e-434d-953e-6025367e99fe,-0.4807333786393139
57e88d87-257e-434d-953e-6025367e99fe_448-77,0,0,0,4,57e88d87-257e-434d-953e-6025367e99fe,0.1929043272056245
5826d5ed-1456-443f-b333-202bb216a31d_1637-74,0,0,0,3,5826d5ed-1456-443f-b333-202bb216a31d,0.7693980285201919
583dc873-0ccd-4d04-bb56-4d403ab28e85_218-71,1,1,1,0,583dc873-0ccd-4d04-bb56-4d403ab28e85,0.7838408029400316
584f625d-15b0-49e8-bfa6-718b9cf010e0_834-78,0,1,1,2,584f625d-15b0-49e8-bfa6-718b9cf010e0,0.48791665146250723
584fd34c-9bd5-44fd-8266-9d3161d8c790_3302-91,0,1,1,3,584fd34c-9bd5-44fd-8266-9d3161d8c790,0.5673504360151628
596760c3-b1d6-453c-916c-ecbc30ab1c5d_1349-91,2,1,1,1,596760c3-b1d6-453c-916c-ecbc30ab1c5d,1.1675565730141568
596760c3-b1d6-453c-916c-ecbc30ab1c5d_1392-89,1,1,1,1,596760c3-b1d6-453c-916c-ecbc30ab1c5d,0.2416845019172862
596760c3-b1d6-453c-916c-ecbc30ab1c5d_1448-53,0,0,0,1,596760c3-b1d6-453c-916c-ecbc30ab1c5d,0.6695515655001849
59764b58-1523-48b3-88d2-9fc07880e597_1504-77,3,0,0,2,59764b58-1523-48b3-88d2-9fc07880e597,0.5215704630491413
59857657-5cb1-4268-9c8f-ab6cb3c3ad3b_5306-98,2,1,1,4,59857657-5cb1-4268-9c8f-ab6cb3c3ad3b,0.8481869646031994
59857657-5cb1-4268-9c8f-ab6cb3c3ad3b_5438-01,3,1,1,4,59857657-5cb1-4268-9c8f-ab6cb3c3ad3b,1.1950896717812167
59857657-5cb1-4268-9c8f-ab6cb3c3ad3b_9450-00,1,1,1,4,59857657-5cb1-4268-9c8f-ab6cb3c3ad3b,1.291135789045059
59857657-5cb1-4268-9c8f-ab6cb3c3ad3b_979-26,2,1,1,4,59857657-5cb1-4268-9c8f-ab6cb3c3ad3b,1.0944770762609344
59976b3b-2328-47f2-a7b3-6f982497ed65_622-81,3,1,1,4,59976b3b-2328-47f2-a7b3-6f982497ed65,0.40353966816719583
5a009b9f-fed2-45a8-8006-b59b655334d1_50-58,1,1,1,0,5a009b9f-fed2-45a8-8006-b59b655334d1,-0.5140709357449508
5a9ca82c-bb33-4f05-9e08-efd614269566_1201-43,0,0,0,1,5a9ca82c-bb33-4f05-9e08-efd614269566,0.8084945062046491
5aa01f1b-351d-428b-a1be-1f2edaff6a0c_693-84,2,1,1,0,5aa01f1b-351d-428b-a1be-1f2edaff6a0c,2.3192193016625335
5aa8f84b-aea8-4e40-b710-82b93875e1ae_422-21,3,1,1,4,5aa8f84b-aea8-4e40-b710-82b93875e1ae,0.432126150533974
5ab334f2-ecc8-4a05-96f8-4320225379b2_1773-43,0,1,1,3,5ab334f2-ecc8-4a05-96f8-4320225379b2,0.74000569546218
5ab334f2-ecc8-4a05-96f8-4320225379b2_214-77,1,0,0,3,5ab334f2-ecc8-4a05-96f8-4320225379b2,0.5817453788950419
5ab334f2-ecc8-4a05-96f8-4320225379b2_70-12,1,1,1,3,5ab334f2-ecc8-4a05-96f8-4320225379b2,0.6100057148363828
5ab334f2-ecc8-4a05-96f8-4320225379b2_879-22,2,0,0,3,5ab334f2-ecc8-4a05-96f8-4320225379b2,0.7497490938911987
5ab334f2-ecc8-4a05-96f8-4320225379b2_905-78,3,1,1,3,5ab334f2-ecc8-4a05-96f8-4320225379b2,0.3797209191954466
5b0225e8-b81b-42fe-aa08-b0732b46c8bd_1082-56,0,1,1,0,5b0225e8-b81b-42fe-aa08-b0732b46c8bd,0.6675130662401904
5b0225e8-b81b-42fe-aa08-b0732b46c8bd_1130-00,3,1,1,0,5b0225e8-b81b-42fe-aa08-b0732b46c8bd,0.6421837680443839
5b0225e8-b81b-42fe-aa08-b0732b46c8bd_1130-47,0,0,0,0,5b0225e8-b81b-42fe-aa08-b0732b46c8bd,0.9465787982592578
5b0225e8-b81b-42fe-aa08-b0732b46c8bd_1131-66,1,1,1,0,5b0225e8-b81b-42fe-aa08-b0732b46c8bd,0.5906014112860741
5b0225e8-b81b-42fe-aa08-b0732b46c8bd_381-48,3,0,0,0,5b0225e8-b81b-42fe-aa08-b0732b46c8bd,0.09856401000186654
5b0c9075-f81d-488c-9862-c9c3b9ca27b5_843-40,2,0,0,0,5b0c9075-f81d-488c-9862-c9c3b9ca27b5,-0.3432033069002278
5b329676-c4f5-49a7-9999-fa3884190b1e_91-50,3,0,0,3,5b329676-c4f5-49a7-9999-fa3884190b1e,-0.4352834733400126
5c172db2-eca2-4f9a-8963-b2111123fef2_81-63,3,1,1,0,5c172db2-eca2-4f9a-8963-b2111123fef2,-0.19319012041963296
5c3be03c-07a5-4427-a2fe-449f16e8017b_787-88,0,0,0,3,5c3be03c-07a5-4427-a2fe-449f16e8017b,0.6710444994075829
5c9b85ea-24a9-4bfd-8ac2-4ca6f9090231_3247-42,1,0,0,3,5c9b85ea-24a9-4bfd-8ac2-4ca6f9090231,1.0745194368898736
5c9b85ea-24a9-4bfd-8ac2-4ca6f9090231_3510-00,2,0,0,3,5c9b85ea-24a9-4bfd-8ac2-4ca6f9090231,0.800541139218249
5c9b85ea-24a9-4bfd-8ac2-4ca6f9090231_4576-22,3,1,1,3,5c9b85ea-24a9-4bfd-8ac2-4ca6f9090231,0.2746278340259375
5cab806a-3794-4578-94f2-33c3093151d1_391-05,0,0,0,2,5cab806a-3794-4578-94f2-33c3093151d1,-0.5921873079819786
5cab806a-3794-4578-94f2-33c3093151d1_433-69,1,0,0,2,5cab806a-3794-4578-94f2-33c3093151d1,-0.12150016665125579
5cab806a-3794-4578-94f2-33c3093151d1_546-82,3,1,1,2,5cab806a-3794-4578-94f2-33c3093151d1,1.2762971325331625
5cee04cd-4adb-4a12-a476-1ba1db44865c_1289-65,1,1,1,0,5cee04cd-4adb-4a12-a476-1ba1db44865c,1.329132972725919
5cf98bc1-012f-482d-86ee-9337d8747dce_1374-50,2,0,0,1,5cf98bc1-012f-482d-86ee-9337d8747dce,0.7238900982841525
5cf98bc1-012f-482d-86ee-9337d8747dce_2305-61,2,0,0,1,5cf98bc1-012f-482d-86ee-9337d8747dce,0.09283821941145132
5cff48d5-d4e3-465f-8302-64cd493aba53_0-01,2,1,1,3,5cff48d5-d4e3-465f-8302-64cd493aba53,-0.6446784364759035
5cff48d5-d4e3-465f-8302-64cd493aba53_399-10,3,1,1,3,5cff48d5-d4e3-465f-8302-64cd493aba53,-0.14526684635955422
5d00d9ae-e932-42d5-8eee-ed24f83c8661_0-06,1,1,1,2,5d00d9ae-e932-42d5-8eee-ed24f83c8661,1.6280928932164231
5d090853-467e-4f95-9f9e-ac0582023111_504-40,0,0,0,0,5d090853-467e-4f95-9f9e-ac0582023111,0.18609807403577938
5d8dfcfe-93e4-465e-a548-44c1442ffa29_291-14,1,1,1,1,5d8dfcfe-93e4-465e-a548-44c1442ffa29,1.3645455927258006
5dac9d4b-1ac8-468b-a51b-8b7e0dbe554b_1086-76,2,1,1,1,5dac9d4b-1ac8-468b-a51b-8b7e0dbe554b,2.0806811264512755
5dde766e-e93a-4d48-b3c7-96774f24d39d_560-47,2,1,1,3,5dde766e-e93a-4d48-b3c7-96774f24d39d,2.0833684591779504
5e193b30-3e79-4851-801b-dab99125cd44_2971-00,3,0,0,3,5e193b30-3e79-4851-801b-dab99125cd44,-0.1511641875030626
5e193b30-3e79-4851-801b-dab99125cd44_3348-61,3,0,0,3,5e193b30-3e79-4851-801b-dab99125cd44,-0.5698939466229952
5e7a6a04-70d3-4ce5-82ff-971ca6478328_1045-51,0,0,0,1,5e7a6a04-70d3-4ce5-82ff-971ca6478328,0.6050483175266343
5e7dbc32-08e0-4266-9bd3-27c412d1af7c_182-45,1,0,0,3,5e7dbc32-08e0-4266-9bd3-27c412d1af7c,1.5638706589134341
5e97e33c-b3ca-48b2-9e7e-069fe39199fb_1921-41,3,0,0,0,5e97e33c-b3ca-48b2-9e7e-069fe39199fb,-0.4284905058320656
5e97e33c-b3ca-48b2-9e7e-069fe39199fb_509-89,3,0,0,0,5e97e33c-b3ca-48b2-9e7e-069fe39199fb,-0.16772469780458177
5ead8e7c-2600-44b1-afd6-b82cb5f7b9ce_119-97,3,1,1,0,5ead8e7c-2600-44b1-afd6-b82cb5f7b9ce,1.4606813969153505
5ead8e7c-2600-44b1-afd6-b82cb5f7b9ce_195-55,0,1,1,0,5ead8e7c-2600-44b1-afd6-b82cb5f7b9ce,-0.12373494663899054
5ead8e7c-2600-44b1-afd6-b82cb5f7b9ce_3241-48,1,1,1,0,5ead8e7c-2600-44b1-afd6-b82cb5f7b9ce,0.8747004011847693
5ead8e7c-2600-44b1-afd6-b82cb5f7b9ce_567-35,0,0,0,0,5ead8e7c-2600-44b1-afd6-b82cb5f7b9ce,0.4616473301057624
5ead8e7c-2600-44b1-afd6-b82cb5f7b9ce_568-30,3,1,1,0,5ead8e7c-2600-44b1-afd6-b82cb5f7b9ce,0.08306520671410966
5ed59c41-af9e-4368-a0ce-30d536d34895_1493-26,1,0,0,4,5ed59c41-af9e-4368-a0ce-30d536d34895,0.9008121817863237
5ed59c41-af9e-4368-a0ce-30d536d34895_1575-15,2,1,1,4,5ed59c41-af9e-4368-a0ce-30d536d34895,-0.09485369769254187
5ed59c41-af9e-4368-a0ce-30d536d34895_494-33,1,0,0,4,5ed59c41-af9e-4368-a0ce-30d536d34895,0.7844867786790737
5f0ed597-4f1e-4075-81dc-64a3c0bb81f3_3-80,3,1,1,0,5f0ed597-4f1e-4075-81dc-64a3c0bb81f3,0.4327980652065868
5f26c69f-6f1c-4041-a81f-3c4808e0a385_1353-30,0,1,1,1,5f26c69f-6f1c-4041-a81f-3c4808e0a385,0.01427066417205125
5f26c69f-6f1c-4041-a81f-3c4808e0a385_151-47,1,1,1,1,5f26c69f-6f1c-4041-a81f-3c4808e0a385,0.7778759917218059
5f26c69f-6f1c-4041-a81f-3c4808e0a385_156-09,2,0,0,1,5f26c69f-6f1c-4041-a81f-3c4808e0a385,1.4522522375729459
5f2d9e8b-6e0b-4e36-9f5b-d26bbe0a7c7c_1129-51,0,0,0,2,5f2d9e8b-6e0b-4e36-9f5b-d26bbe0a7c7c,1.5418284212724989
600e392c-4be6-4b8b-bef8-e789ce3d8915_2298-42,0,0,0,1,600e392c-4be6-4b8b-bef8-e789ce3d8915,0.1774003837340028
600e392c-4be6-4b8b-bef8-e789ce3d8915_3230-09,2,0,0,1,600e392c-4be6-4b8b-bef8-e789ce3d8915,0.9609676395382982
600e392c-4be6-4b8b-bef8-e789ce3d8915_6486-35,0,1,1,1,600e392c-4be6-4b8b-bef8-e789ce3d8915,0.09581508808843398
600e392c-4be6-4b8b-bef8-e789ce3d8915_7199-73,0,0,0,1,600e392c-4be6-4b8b-bef8-e789ce3d8915,0.36594074286185063
60209262-ab8e-4214-a8dd-4764a9a4b26d_842-54,3,0,0,2,60209262-ab8e-4214-a8dd-4764a9a4b26d,1.2687466449852498
606a91df-fc77-444e-988d-e0178c83c586_342-58,0,0,0,1,606a91df-fc77-444e-988d-e0178c83c586,0.38010159133925236
6070d9d1-9962-49f3-8ac7-4e29ca07e104_164-20,2,0,0,2,6070d9d1-9962-49f3-8ac7-4e29ca07e104,0.40459794644756225
6070d9d1-9962-49f3-8ac7-4e29ca07e104_284-21,1,1,1,2,6070d9d1-9962-49f3-8ac7-4e29ca07e104,-0.20379219028133244
608f2b9c-d004-42db-9f0c-e89b203dfb01_8-92,2,0,0,0,608f2b9c-d004-42db-9f0c-e89b203dfb01,1.459722129165348
615c5cd1-1dab-4667-94ce-30bfe52e7cd4_821-72,3,0,0,4,615c5cd1-1dab-4667-94ce-30bfe52e7cd4,0.6294891106132692
615edb9e-bfc7-4080-afb3-d29e98ce2216_816-65,0,0,0,3,615edb9e-bfc7-4080-afb3-d29e98ce2216,1.3905052022077156
61da558c-b125-4e65-a8a6-28f0eae34c1a_156-26,0,1,1,2,61da558c-b125-4e65-a8a6-28f0eae34c1a,0.40420869533467046
620d3087-c6fb-4b08-bb6a-4dc4ede3b994_1607-58,0,1,1,0,620d3087-c6fb-4b08-bb6a-4dc4ede3b994,1.0613217283756309
620d3087-c6fb-4b08-bb6a-4dc4ede3b994_232-40,1,1,1,0,620d3087-c6fb-4b08-bb6a-4dc4ede3b994,-0.26190006832722607
620d3087-c6fb-4b08-bb6a-4dc4ede3b994_2651-56,1,1,1,0,620d3087-c6fb-4b08-bb6a-4dc4ede3b994,0.20097524964799307
620d3087-c6fb-4b08-bb6a-4dc4ede3b994_432-70,2,0,0,0,620d3087-c6fb-4b08-bb6a-4dc4ede3b994,0.019733318413526324
62103d3d-d89d-4f54-a766-1beb22eb994b_179-41,1,0,0,1,62103d3d-d89d-4f54-a766-1beb22eb994b,-0.15615510702523078
62103d3d-d89d-4f54-a766-1beb22eb994b_617-19,1,0,0,1,62103d3d-d89d-4f54-a766-1beb22eb994b,-0.5544269723550178
622ab8aa-21f8-4ad0-99c3-7f4876850df7_193-96,1,1,1,1,622ab8aa-21f8-4ad0-99c3-7f4876850df7,1.252147362152515
6243586b-a8df-4c37-95f8-da7f4f5d57d6_513-82,3,1,1,3,6243586b-a8df-4c37-95f8-da7f4f5d57d6,-0.04975963851332904
6243586b-a8df-4c37-95f8-da7f4f5d57d6_868-79,1,0,0,3,6243586b-a8df-4c37-95f8-da7f4f5d57d6,0.37243281195252775
624a6c0a-a4cb-4073-b501-48e4b6b679e4_1095-75,2,1,1,1,624a6c0a-a4cb-4073-b501-48e4b6b679e4,0.38378525260606766
624a6c0a-a4cb-4073-b501-48e4b6b679e4_1105-28,1,1,1,1,624a6c0a-a4cb-4073-b501-48e4b6b679e4,0.08093450952322301
624a6c0a-a4cb-4073-b501-48e4b6b679e4_1105-63,3,1,1,1,624a6c0a-a4cb-4073-b501-48e4b6b679e4,0.6661080587290154
62abef54-29ef-43ec-ba1d-43496d986e89_2257-41,0,1,1,0,62abef54-29ef-43ec-ba1d-43496d986e89,0.05756898496432972
62baa1d3-a742-4d3d-a978-537a7988e13e_1461-40,1,0,0,4,62baa1d3-a742-4d3d-a978-537a7988e13e,-0.039853677421146816
62e3b74a-01ad-4824-aace-5cc12ebd2c47_228-93,2,0,0,3,62e3b74a-01ad-4824-aace-5cc12ebd2c47,-0.05997844819139819
6306375a-1533-4f3c-843b-0cd51b4bf449_1-23,0,1,1,1,6306375a-1533-4f3c-843b-0cd51b4bf449,0.32163192727675727
6322a6f2-f271-4335-bf46-d428a5a58298_0-02,1,1,1,0,6322a6f2-f271-4335-bf46-d428a5a58298,-0.0076417827835273955
635cb327-1636-4fbc-a9ca-5a7adfc34b2e_0-40,1,1,1,0,635cb327-1636-4fbc-a9ca-5a7adfc34b2e,1.0729671544021628
6395f964-0122-4f16-b036-337c28488504_1626-75,2,1,1,4,6395f964-0122-4f16-b036-337c28488504,-0.11588384213901015
63d56e4c-e454-48c2-a8f2-5bc2c34622ca_1218-51,1,1,1,4,63d56e4c-e454-48c2-a8f2-5bc2c34622ca,0.17314786982761238
63d56e4c-e454-48c2-a8f2-5bc2c34622ca_172-69,1,1,1,4,63d56e4c-e454-48c2-a8f2-5bc2c34622ca,1.2005918598805558
63d56e4c-e454-48c2-a8f2-5bc2c34622ca_903-77,1,1,1,4,63d56e4c-e454-48c2-a8f2-5bc2c34622ca,0.11008509435823938
63e9e643-25c5-435d-b6f0-0aab1af76e68_28-98,1,0,0,3,63e9e643-25c5-435d-b6f0-0aab1af76e68,0.43878861707284367
64049385-6855-4eed-8b3c-ce3e8d704008_1157-10,0,0,0,2,64049385-6855-4eed-8b3c-ce3e8d704008,0.7218354058559555
64747fa7-c7b9-46fc-ac9d-ea9a514d91df_73-27,2,0,0,1,64747fa7-c7b9-46fc-ac9d-ea9a514d91df,1.0570386498011808
64792a03-b8ea-4fdc-96d8-1e1199b73658_1352-24,1,0,0,0,64792a03-b8ea-4fdc-96d8-1e1199b73658,0.3062471610186279
64ec6de1-0e86-49de-889c-4a0fdcba6658_808-22,3,1,1,4,64ec6de1-0e86-49de-889c-4a0fdcba6658,0.3468302255496552
652f0590-aab5-4de1-b578-238adb54fa0e_3914-88,2,0,0,3,652f0590-aab5-4de1-b578-238adb54fa0e,1.4300399262337788
65d6d7a3-11f7-4472-82b9-527ca04fe25b_1274-77,1,1,1,4,65d6d7a3-11f7-4472-82b9-527ca04fe25b,0.12303574161680347
65d6d7a3-11f7-4472-82b9-527ca04fe25b_633-02,0,1,1,4,65d6d7a3-11f7-4472-82b9-527ca04fe25b,1.7613046030766348
65f4949e-e8fe-4b77-972e-35d368ca546a_1165-75,0,1,1,2,65f4949e-e8fe-4b77-972e-35d368ca546a,-0.0987906708223294
6639f53c-701d-4fe7-adcd-55d040ce8afe_0-03,1,1,1,1,6639f53c-701d-4fe7-adcd-55d040ce8afe,1.175915963939314
668962c9-ecae-4b8f-bdc1-a6aeab093d88_1261-54,0,0,0,1,668962c9-ecae-4b8f-bdc1-a6aeab093d88,0.28937689509989606
668962c9-ecae-4b8f-bdc1-a6aeab093d88_1333-29,3,1,1,1,668962c9-ecae-4b8f-bdc1-a6aeab093d88,1.0447244428845415
668962c9-ecae-4b8f-bdc1-a6aeab093d88_811-44,3,1,1,1,668962c9-ecae-4b8f-bdc1-a6aeab093d88,-0.2657640694857989
66bf8281-f77c-4e37-b9a8-5f2aabf73ef9_943-34,3,0,0,3,66bf8281-f77c-4e37-b9a8-5f2aabf73ef9,1.2256190740973807
67a8114b-7f37-443d-8beb-64886095f935_184-82,3,0,0,0,67a8114b-7f37-443d-8beb-64886095f935,-0.4623921953115263
67a8114b-7f37-443d-8beb-64886095f935_636-28,0,0,0,0,67a8114b-7f37-443d-8beb-64886095f935,1.0001626565676451
67a8114b-7f37-443d-8beb-64886095f935_797-83,0,0,0,0,67a8114b-7f37-443d-8beb-64886095f935,0.9711704143264547
67b78a5b-ab72-4483-95c4-33e837013e93_2874-42,3,1,1,2,67b78a5b-ab72-4483-95c4-33e837013e93,-0.4948242282111282
67bc312a-3b49-4847-aa79-63ad7d3e4217_303-11,1,0,0,3,67bc312a-3b49-4847-aa79-63ad7d3e4217,-0.1502965859561089
67bc312a-3b49-4847-aa79-63ad7d3e4217_537-95,0,0,0,3,67bc312a-3b49-4847-aa79-63ad7d3e4217,0.8146854517351293
67bc312a-3b49-4847-aa79-63ad7d3e4217_554-07,2,1,1,3,67bc312a-3b49-4847-aa79-63ad7d3e4217,0.3491415203076583
68134357-62e5-4f0b-8300-2e661763aeb5_374-98,3,1,1,4,68134357-62e5-4f0b-8300-2e661763aeb5,0.015519884499351044
68134357-62e5-4f0b-8300-2e661763aeb5_389-26,2,1,1,4,68134357-62e5-4f0b-8300-2e661763aeb5,-0.07675727887916334
68150eb1-47cd-4617-953a-0afdf67b2adb_2839-25,2,1,1,4,68150eb1-47cd-4617-953a-0afdf67b2adb,1.4756405175974148
68a03b86-201f-4935-9847-f2753905f298_1057-96,0,0,0,3,68a03b86-201f-4935-9847-f2753905f298,1.1606787922975625
69190e7c-457f-489d-9071-c2a9185e4853_144-34,3,1,1,3,69190e7c-457f-489d-9071-c2a9185e4853,0.8145494798807106
69366f34-43c0-4d11-bec4-3c1c945cbfd4_4408-78,3,1,1,2,69366f34-43c0-4d11-bec4-3c1c945cbfd4,1.5311889387515456
6956cb48-951c-4607-a42b-a66de2c186be_292-00,1,1,1,2,6956cb48-951c-4607-a42b-a66de2c186be,1.1008167940072995
6956cb48-951c-4607-a42b-a66de2c186be_59-73,1,1,1,2,6956cb48-951c-4607-a42b-a66de2c186be,0.1737166465508006
695cefe9-04c0-42fb-80fc-d308b314b788_1-28,0,1,1,0,695cefe9-04c0-42fb-80fc-d308b314b788,0.3940770520400101
695cefe9-04c0-42fb-80fc-d308b314b788_303-92,1,1,1,0,695cefe9-04c0-42fb-80fc-d308b314b788,-0.6225195957585805
695cefe9-04c0-42fb-80fc-d308b314b788_330-48,0,1,1,0,695cefe9-04c0-42fb-80fc-d308b314b788,0.27714252254493643
695cefe9-04c0-42fb-80fc-d308b314b788_437-09,3,0,0,0,695cefe9-04c0-42fb-80fc-d308b314b788,0.779298239797782
695cefe9-04c0-42fb-80fc-d308b314b788_443-90,1,0,0,0,695cefe9-04c0-42fb-80fc-d308b314b788,0.7313905838272375
695cefe9-04c0-42fb-80fc-d308b314b788_662-96,0,0,0,0,695cefe9-04c0-42fb-80fc-d308b314b788,-0.45977779577803884
695cefe9-04c0-42fb-80fc-d308b314b788_68-11,3,0,0,0,695cefe9-04c0-42fb-80fc-d308b314b788,0.30202590748955793
695cefe9-04c0-42fb-80fc-d308b314b788_789-70,2,1,1,0,695cefe9-04c0-42fb-80fc-d308b314b788,0.4634790537327057
6989df0e-b8da-48a4-bc69-b01f6f8aef1a_378-59,2,1,1,1,6989df0e-b8da-48a4-bc69-b01f6f8aef1a,0.04871495991894437
699b47de-9fc5-4b98-ba35-ecf79886a8db_1850-50,0,0,0,3,699b47de-9fc5-4b98-ba35-ecf79886a8db,0.7025365158785634
699b47de-9fc5-4b98-ba35-ecf79886a8db_782-75,2,0,0,3,699b47de-9fc5-4b98-ba35-ecf79886a8db,0.2913756742356346
69ae6e65-a60b-46b0-b256-9d1aeaf34b0a_3951-27,1,0,0,0,69ae6e65-a60b-46b0-b256-9d1aeaf34b0a,0.20571634273956785
69c7d261-18f8-4a1d-9f56-6b4e8eac4d23_601-00,1,1,1,4,69c7d261-18f8-4a1d-9f56-6b4e8eac4d23,0.6986460107375718
69f1101f-cb9e-4ad1-8fe6-ed840e5bcf9b_1263-46,1,1,1,1,69f1101f-cb9e-4ad1-8fe6-ed840e5bcf9b,0.2753574311373872
69f1101f-cb9e-4ad1-8fe6-ed840e5bcf9b_1350-51,3,0,0,1,69f1101f-cb9e-4ad1-8fe6-ed840e5bcf9b,0.12464778723766057
6a793116-6fc3-4706-9bbb-8ba2088ec8db_746-34,2,1,1,3,6a793116-6fc3-4706-9bbb-8ba2088ec8db,-0.4214974441832975
6a847d75-e20f-409d-8b91-77ada97d8fb9_1499-90,2,1,1,4,6a847d75-e20f-409d-8b91-77ada97d8fb9,1.809249597723038
6a847d75-e20f-409d-8b91-77ada97d8fb9_1545-09,3,0,0,4,6a847d75-e20f-409d-8b91-77ada97d8fb9,-0.059675369352351126
6a847d75-e20f-409d-8b91-77ada97d8fb9_1582-87,0,0,0,4,6a847d75-e20f-409d-8b91-77ada97d8fb9,1.1921318079397023
6a847d75-e20f-409d-8b91-77ada97d8fb9_168-24,2,0,0,4,6a847d75-e20f-409d-8b91-77ada97d8fb9,-0.40788761317271455
6a847d75-e20f-409d-8b91-77ada97d8fb9_1826-29,1,1,1,4,6a847d75-e20f-409d-8b91-77ada97d8fb9,0.7110679053719418
6aa13fb1-5440-424e-a021-06a2da215e63_165-83,0,0,0,4,6aa13fb1-5440-424e-a021-06a2da215e63,0.19351621228892119
6aa13fb1-5440-424e-a021-06a2da215e63_273-88,0,0,0,4,6aa13fb1-5440-424e-a021-06a2da215e63,0.8319328139948763
6ac035af-4851-4afb-af6c-c00edb7bdbe6_768-70,1,0,0,3,6ac035af-4851-4afb-af6c-c00edb7bdbe6,0.004187707449028133
6ac035af-4851-4afb-af6c-c00edb7bdbe6_801-00,0,0,0,3,6ac035af-4851-4afb-af6c-c00edb7bdbe6,0.08459238623304233
6af6234f-abfe-48ac-9dde-399f25d9cb43_931-51,1,1,1,2,6af6234f-abfe-48ac-9dde-399f25d9cb43,1.3876061664286277
6b6fde45-51e9-4c60-8305-27e45883ee7b_270-11,1,1,1,1,6b6fde45-51e9-4c60-8305-27e45883ee7b,2.553090421064635
6b7e79ad-68c1-4637-a2d1-d7b8f92ac8a4_166-07,1,0,0,0,6b7e79ad-68c1-4637-a2d1-d7b8f92ac8a4,0.46640560495897576
6b7fc6db-e979-43a0-b61f-7dced89d423d_168-56,3,0,0,2,6b7fc6db-e979-43a0-b61f-7dced89d423d,-0.45616759653813627
6b7fc6db-e979-43a0-b61f-7dced89d423d_229-56,0,1,1,2,6b7fc6db-e979-43a0-b61f-7dced89d423d,0.49844090840100014
6b7fc6db-e979-43a0-b61f-7dced89d423d_347-96,0,1,1,2,6b7fc6db-e979-43a0-b61f-7dced89d423d,0.5288741580449294
6ba5f052-a1cd-46ba-83f2-1be480387020_599-71,3,1,1,4,6ba5f052-a1cd-46ba-83f2-1be480387020,0.19844622415558982
6baa673a-0cc6-4da2-a481-877de0d2faa5_1148-60,3,1,1,2,6baa673a-0cc6-4da2-a481-877de0d2faa5,0.6977925977560051
6c0ca07f-6bb2-4db4-a0c3-5926726493fc_124-14,2,1,1,3,6c0ca07f-6bb2-4db4-a0c3-5926726493fc,0.20094720365505037
6c0ca07f-6bb2-4db4-a0c3-5926726493fc_1648-38,2,1,1,3,6c0ca07f-6bb2-4db4-a0c3-5926726493fc,1.230153444425702
6c0ca07f-6bb2-4db4-a0c3-5926726493fc_272-36,1,0,0,3,6c0ca07f-6bb2-4db4-a0c3-5926726493fc,0.9184297264099232
6c1c5527-30a4-421f-bb78-906adffa7c46_357-45,2,1,1,1,6c1c5527-30a4-421f-bb78-906adffa7c46,0.572007251772666
6cd8942a-866f-46ef-af6d-5d895723f439_1831-82,1,1,1,1,6cd8942a-866f-46ef-af6d-5d895723f439,0.6922543737137841
6d14a0fe-6fd1-4c6b-aaec-a7c38dcd7294_661-60,0,1,1,0,6d14a0fe-6fd1-4c6b-aaec-a7c38dcd7294,1.6575721656747104
6e0c294c-d634-4804-8d41-cd6e9d79f0b9_1656-45,1,1,1,2,6e0c294c-d634-4804-8d41-cd6e9d79f0b9,0.30328020888515833
6e0c294c-d634-4804-8d41-cd6e9d79f0b9_384-20,0,0,0,2,6e0c294c-d634-4804-8d41-cd6e9d79f0b9,0.8062918130766268
6e330145-3fe9-44f7-8f84-801717da9ea2_766-46,1,0,0,4,6e330145-3fe9-44f7-8f84-801717da9ea2,-0.126317370134933
6e4baf27-2090-4a90-816b-a35a0aff0e56_1023-43,3,1,1,2,6e4baf27-2090-4a90-816b-a35a0aff0e56,-0.020575721127949698
6e4baf27-2090-4a90-816b-a35a0aff0e56_1099-34,0,1,1,2,6e4baf27-2090-4a90-816b-a35a0aff0e56,1.7324602867503751
6e68d2f9-6d37-4317-a3eb-9541321d558e_2271-24,2,1,1,0,6e68d2f9-6d37-4317-a3eb-9541321d558e,0.4265944446470108
6e68d2f9-6d37-4317-a3eb-9541321d558e_977-72,1,0,0,0,6e68d2f9-6d37-4317-a3eb-9541321d558e,-0.28406029373786734
6edb5c87-ae95-4185-807f-06d37124d2b7_659-31,2,1,1,3,6edb5c87-ae95-4185-807f-06d37124d2b7,0.22923959118011994
6ef5aab3-db5f-4fdb-9c39-b37bd497e7d8_638-66,3,1,1,2,6ef5aab3-db5f-4fdb-9c39-b37bd497e7d8,0.9269066167268065
6ef7f9c0-30eb-4280-acc1-55f22f6e2924_2998-83,1,0,0,1,6ef7f9c0-30eb-4280-acc1-55f22f6e2924,0.379331806419158
6f27deaa-7133-4bbb-b9ed-5310d6d05a50_336-16,1,1,1,3,6f27deaa-7133-4bbb-b9ed-5310d6d05a50,0.7269936168889725
6f27deaa-7133-4bbb-b9ed-5310d6d05a50_549-73,4,1,1,3,6f27deaa-7133-4bbb-b9ed-5310d6d05a50,1.276380030823974
6f37694e-26b8-4dc6-9942-567e1e912cda_452-75,3,0,0,0,6f37694e-26b8-4dc6-9942-567e1e912cda,0.8691869227406287
6f7f3410-1e20-4eb2-b7b0-088c1500054b_299-75,1,1,1,4,6f7f3410-1e20-4eb2-b7b0-088c1500054b,0.4823634716957796
6f93978d-a3d0-467d-b401-e23b3c92f3bf_5298-67,3,1,1,4,6f93978d-a3d0-467d-b401-e23b3c92f3bf,-0.2905247863488962
6f93978d-a3d0-467d-b401-e23b3c92f3bf_5299-41,3,1,1,4,6f93978d-a3d0-467d-b401-e23b3c92f3bf,0.4683760839204936
6fc30ceb-ace8-49f8-8244-71f14c6d773c_936-70,1,0,0,3,6fc30ceb-ace8-49f8-8244-71f14c6d773c,0.9725708226981994
6fd026d8-b68c-46bc-93de-ccfa08809a9d_603-53,2,0,0,2,6fd026d8-b68c-46bc-93de-ccfa08809a9d,0.5490846830493037
6fd90f8d-7a4d-425d-a812-3268db0b0342_1001-51,2,0,0,0,6fd90f8d-7a4d-425d-a812-3268db0b0342,0.5015216953963292
706de1df-babc-4e54-a310-1d9070140197_195-59,3,1,1,3,706de1df-babc-4e54-a310-1d9070140197,1.1733407455315228
70c8bd4f-bfe1-4fb5-82ad-7d763cc28935_732-98,0,1,1,2,70c8bd4f-bfe1-4fb5-82ad-7d763cc28935,0.044190240440306006
70c8bd4f-bfe1-4fb5-82ad-7d763cc28935_756-65,0,1,1,2,70c8bd4f-bfe1-4fb5-82ad-7d763cc28935,1.0036644640513614
71024373-484f-4270-82a4-2251997f3a9f_44-61,1,1,1,3,71024373-484f-4270-82a4-2251997f3a9f,0.44832048961276916
71504f29-61c1-49e5-8617-d0e71144c077_652-01,2,1,1,2,71504f29-61c1-49e5-8617-d0e71144c077,0.7119555577521377
7152d311-7801-487c-a6ed-a746e6abaa1f_286-31,0,1,1,0,7152d311-7801-487c-a6ed-a746e6abaa1f,-0.19269376786243986
71d5f5dc-fff6-4352-b37c-a8e1ed3b39bd_541-68,1,1,1,4,71d5f5dc-fff6-4352-b37c-a8e1ed3b39bd,1.2590722792331062
720da14e-0ef5-4968-87e9-270fce0a9a18_73-28,2,0,0,3,720da14e-0ef5-4968-87e9-270fce0a9a18,-0.764829291426323
721455cc-1e09-44a3-a579-d9e90db85227_1577-57,3,0,0,2,721455cc-1e09-44a3-a579-d9e90db85227,0.34690316552710904
7220ce3a-b740-44db-815d-222d914e2dfd_114-26,3,1,1,1,7220ce3a-b740-44db-815d-222d914e2dfd,0.636319393617863
7245d60b-1245-49ad-b025-b59da57dd8e8_664-70,2,0,0,0,7245d60b-1245-49ad-b025-b59da57dd8e8,0.040629015858122064
72c81e60-8604-4897-8cd5-71df5244acaa_1172-93,0,0,0,0,72c81e60-8604-4897-8cd5-71df5244acaa,0.13995321547022066
72c81e60-8604-4897-8cd5-71df5244acaa_246-30,0,0,0,0,72c81e60-8604-4897-8cd5-71df5244acaa,0.25904602785410136
72d6a00b-0554-41cd-a00d-0c1e64e400df_2501-79,3,1,1,4,72d6a00b-0554-41cd-a00d-0c1e64e400df,0.5808446530802753
73f94b03-b777-481d-b342-10c516f192a2_3-08,0,0,0,3,73f94b03-b777-481d-b342-10c516f192a2,0.8189225241010581
744c58f8-9a76-40d4-838f-8c7676fcb316_139-70,2,0,0,2,744c58f8-9a76-40d4-838f-8c7676fcb316,0.1827029496629125
744c58f8-9a76-40d4-838f-8c7676fcb316_140-01,3,1,1,2,744c58f8-9a76-40d4-838f-8c7676fcb316,-0.13569182284434023
7474f654-b43a-463c-a1a1-f8c62cef1e64_1721-20,3,1,1,2,7474f654-b43a-463c-a1a1-f8c62cef1e64,0.7469760388451154
74d38b4a-6f22-43b3-b631-9234c05f27ab_270-80,3,0,0,1,74d38b4a-6f22-43b3-b631-9234c05f27ab,0.7304162263435601
750c5383-58f6-4063-8cc8-50691a68994d_562-01,0,1,1,2,750c5383-58f6-4063-8cc8-50691a68994d,0.6254084534674968
750c5383-58f6-4063-8cc8-50691a68994d_870-14,0,0,0,2,750c5383-58f6-4063-8cc8-50691a68994d,0.15461441887443234
75141dec-d6b3-4e2e-a144-5a126abf7dac_584-16,3,1,1,4,75141dec-d6b3-4e2e-a144-5a126abf7dac,0.12892857074069325
759c5c60-f1af-4476-94b2-e79a51fd44e3_668-31,2,0,0,3,759c5c60-f1af-4476-94b2-e79a51fd44e3,-0.035474538567651315
75ee5afa-d891-4653-ac4c-d81db1a90af7_32-52,3,0,0,3,75ee5afa-d891-4653-ac4c-d81db1a90af7,1.153129395709576
7627344d-503f-4a25-b418-10a6929d5a18_842-97,0,0,0,2,7627344d-503f-4a25-b418-10a6929d5a18,0.1469440234206561
7665b96d-1a30-435b-9679-e7defed426e6_99-13,2,0,0,1,7665b96d-1a30-435b-9679-e7defed426e6,-0.056139859661367086
7696b38a-59d3-4b85-966f-3522f9792966_89-69,1,0,0,0,7696b38a-59d3-4b85-966f-3522f9792966,0.45197280947898244
76f450c1-3542-4f8a-964c-66c857a23601_1422-15,0,0,0,1,76f450c1-3542-4f8a-964c-66c857a23601,0.43052107948769736
76f450c1-3542-4f8a-964c-66c857a23601_671-42,3,1,1,1,76f450c1-3542-4f8a-964c-66c857a23601,1.0160857024258072
77cdd8dd-402b-45d7-a16c-a16520c737e3_1834-33,1,1,1,4,77cdd8dd-402b-45d7-a16c-a16520c737e3,0.875599505910919
77e28690-2ab1-414e-86ed-285ec1d15bd1_315-49,1,0,0,2,77e28690-2ab1-414e-86ed-285ec1d15bd1,0.6044562803391824
77e28690-2ab1-414e-86ed-285ec1d15bd1_705-46,2,1,1,2,77e28690-2ab1-414e-86ed-285ec1d15bd1,0.9435550356750559
7836e736-ef0a-40ed-9b77-b4c12a08b236_3090-06,3,1,1,3,7836e736-ef0a-40ed-9b77-b4c12a08b236,-0.020631239370623
786877d8-e353-4fae-b488-8d7443646882_1021-24,3,0,0,3,786877d8-e353-4fae-b488-8d7443646882,0.6882060259010264
786877d8-e353-4fae-b488-8d7443646882_1042-29,2,0,0,3,786877d8-e353-4fae-b488-8d7443646882,1.2300276701536355
786877d8-e353-4fae-b488-8d7443646882_224-14,2,1,1,3,786877d8-e353-4fae-b488-8d7443646882,0.3888761773820819
786877d8-e353-4fae-b488-8d7443646882_883-95,2,0,0,3,786877d8-e353-4fae-b488-8d7443646882,1.6051202178747208
786877d8-e353-4fae-b488-8d7443646882_952-74,3,1,1,3,786877d8-e353-4fae-b488-8d7443646882,0.4376050749025747
792d0000-7dcd-4e6c-a486-7befe397233d_917-53,2,1,1,2,792d0000-7dcd-4e6c-a486-7befe397233d,1.7024791061143163
79c62f24-488e-4a69-8220-3b20cb4bf72b_4957-40,1,0,0,1,79c62f24-488e-4a69-8220-3b20cb4bf72b,-0.7741507549400536
79c62f24-488e-4a69-8220-3b20cb4bf72b_611-49,0,0,0,1,79c62f24-488e-4a69-8220-3b20cb4bf72b,0.8689179797780988
79c62f24-488e-4a69-8220-3b20cb4bf72b_722-05,0,0,0,1,79c62f24-488e-4a69-8220-3b20cb4bf72b,0.37356387641914535
7a33ca42-9a39-4d59-ba82-c9667c250f48_2200-51,1,0,0,1,7a33ca42-9a39-4d59-ba82-c9667c250f48,1.2247734580683207
7a3479a4-b903-4d20-bdc4-98d93ceb3c36_1392-00,3,1,1,0,7a3479a4-b903-4d20-bdc4-98d93ceb3c36,1.0272563853517487
7a680a9a-dd7b-467a-a724-a597f1be9f06_2545-71,3,1,1,0,7a680a9a-dd7b-467a-a724-a597f1be9f06,-0.46215887144044615
7a680a9a-dd7b-467a-a724-a597f1be9f06_2545-86,2,1,1,0,7a680a9a-dd7b-467a-a724-a597f1be9f06,0.2084050237250411
7a680a9a-dd7b-467a-a724-a597f1be9f06_2608-93,0,0,0,0,7a680a9a-dd7b-467a-a724-a597f1be9f06,0.6056845791700997
7a680a9a-dd7b-467a-a724-a597f1be9f06_3668-06,1,0,0,0,7a680a9a-dd7b-467a-a724-a597f1be9f06,0.37287344675009104
7ac6dc03-7c8d-4de8-99af-03268c780ea2_1031-44,1,0,0,4,7ac6dc03-7c8d-4de8-99af-03268c780ea2,0.07334908471700957
7acd59a8-ed64-4a99-a469-3d5529a4098a_270-66,2,1,1,1,7acd59a8-ed64-4a99-a469-3d5529a4098a,1.3724101652333054
7b277350-9926-42ef-b5f7-3ee000f3350a_53-51,1,1,1,0,7b277350-9926-42ef-b5f7-3ee000f3350a,0.3818518995025002
7b5fafdb-136a-4722-84a4-cffb213a224a_1092-90,3,1,1,4,7b5fafdb-136a-4722-84a4-cffb213a224a,1.6829073263708008
7b5fafdb-136a-4722-84a4-cffb213a224a_1908-63,2,0,0,4,7b5fafdb-136a-4722-84a4-cffb213a224a,0.41230510168744666
7b5fafdb-136a-4722-84a4-cffb213a224a_2353-21,3,0,0,4,7b5fafdb-136a-4722-84a4-cffb213a224a,0.16463870520509055
7c0c0057-3bbc-40ef-a91e-4d6e1a637642_1139-91,0,1,1,2,7c0c0057-3bbc-40ef-a91e-4d6e1a637642,-0.19000066515205066
7c1c5dca-5856-4997-8cda-9fa3bca10a3b_1061-91,2,0,0,0,7c1c5dca-5856-4997-8cda-9fa3bca10a3b,-0.40041538063544
7c1c5dca-5856-4997-8cda-9fa3bca10a3b_1969-00,1,1,1,0,7c1c5dca-5856-4997-8cda-9fa3bca10a3b,0.1970734632306489
7c1c5dca-5856-4997-8cda-9fa3bca10a3b_1973-06,2,0,0,0,7c1c5dca-5856-4997-8cda-9fa3bca10a3b,1.7222320912473208
7c1c5dca-5856-4997-8cda-9fa3bca10a3b_2494-15,2,0,0,0,7c1c5dca-5856-4997-8cda-9fa3bca10a3b,-0.01989803002584084
7c1c5dca-5856-4997-8cda-9fa3bca10a3b_37-44,2,1,1,0,7c1c5dca-5856-4997-8cda-9fa3bca10a3b,0.32124759706684547
7c4f8ef4-c126-46b7-8fa9-1b2daf5b41de_2272-79,0,0,0,1,7c4f8ef4-c126-46b7-8fa9-1b2daf5b41de,-0.10922477261115476
7c925095-c62a-4a7a-a2ca-118ca3f0176a_2-34,1,1,1,1,7c925095-c62a-4a7a-a2ca-118ca3f0176a,0.3562517685697495
7c969dc3-aea2-49d4-bd0e-48191b4e5a51_3982-40,0,1,1,3,7c969dc3-aea2-49d4-bd0e-48191b4e5a51,-0.18305485166239222
7c969dc3-aea2-49d4-bd0e-48191b4e5a51_6350-49,3,1,1,3,7c969dc3-aea2-49d4-bd0e-48191b4e5a51,0.33468326164769313
7cad84ff-4d08-4e18-8784-aaf4e9341264_333-06,1,1,1,0,7cad84ff-4d08-4e18-8784-aaf4e9341264,0.7906106198679305
7d444081-73d8-405d-9bcc-9620e5feefaf_729-22,0,0,0,4,7d444081-73d8-405d-9bcc-9620e5feefaf,0.7024567902606704
7ddc2c83-3cb0-4bb1-8e91-3ef60f88864d_1433-25,1,0,0,3,7ddc2c83-3cb0-4bb1-8e91-3ef60f88864d,0.2879843479038695
7e80931a-2067-419d-8f9e-2aff41dd330c_2937-25,2,0,0,4,7e80931a-2067-419d-8f9e-2aff41dd330c,0.728584290828828
7f296d37-a819-408f-aa34-80b63a40f01e_28-00,3,1,1,1,7f296d37-a819-408f-aa34-80b63a40f01e,0.6388882509713574
7f5ed6e1-aca1-40d5-87c6-d156c5f02263_213-21,1,1,1,1,7f5ed6e1-aca1-40d5-87c6-d156c5f02263,1.7385252429542721
7f5ed6e1-aca1-40d5-87c6-d156c5f02263_213-34,2,0,0,1,7f5ed6e1-aca1-40d5-87c6-d156c5f02263,1.344712746829409
7f5ed6e1-aca1-40d5-87c6-d156c5f02263_220-16,1,0,0,1,7f5ed6e1-aca1-40d5-87c6-d156c5f02263,1.016259854965988
7f5ed6e1-aca1-40d5-87c6-d156c5f02263_222-42,1,1,1,1,7f5ed6e1-aca1-40d5-87c6-d156c5f02263,1.246145850489282
7fc72743-4b55-48de-b988-4c690bda912f_1613-32,3,0,0,0,7fc72743-4b55-48de-b988-4c690bda912f,0.8384908998466488
7ff0900d-1bca-4aa7-aedd-ab0fb0a12371_0-04,3,1,1,4,7ff0900d-1bca-4aa7-aedd-ab0fb0a12371,0.628075181826808
803d0524-47c8-45fe-a5d1-c6a71e2cd54b_786-81,2,0,0,3,803d0524-47c8-45fe-a5d1-c6a71e2cd54b,0.6720595830659809
80c74a5b-81e0-4bc1-bc09-2f146351fe70_545-79,1,1,1,2,80c74a5b-81e0-4bc1-bc09-2f146351fe70,1.2140525128984576
817170ad-1f3b-44b1-9772-fe914fa17f30_1178-10,0,0,0,4,817170ad-1f3b-44b1-9772-fe914fa17f30,0.9440184697999341
817170ad-1f3b-44b1-9772-fe914fa17f30_1211-20,0,1,1,4,817170ad-1f3b-44b1-9772-fe914fa17f30,0.8069777955913389
81fb9f8f-be18-4833-a899-4fbcef82a634_2169-64,3,1,1,1,81fb9f8f-be18-4833-a899-4fbcef82a634,0.5908579380523586
81fb9f8f-be18-4833-a899-4fbcef82a634_270-26,3,1,1,1,81fb9f8f-be18-4833-a899-4fbcef82a634,0.1719758645707582
81fff27c-97c0-483a-ad42-47fa947977a9_456-39,1,1,1,0,81fff27c-97c0-483a-ad42-47fa947977a9,-0.20474339042442447
820d4b9e-6fba-472f-aa45-25b27241d4af_366-20,1,1,1,4,820d4b9e-6fba-472f-aa45-25b27241d4af,1.0034044137633489
824e7896-904a-4ff5-b7ee-e21df21918c2_2003-17,1,1,1,4,824e7896-904a-4ff5-b7ee-e21df21918c2,0.8550421690359027
828ef13f-f52a-4a16-b206-4ec7e471f025_147-18,0,1,1,2,828ef13f-f52a-4a16-b206-4ec7e471f025,0.7511820355231158
828ef13f-f52a-4a16-b206-4ec7e471f025_238-90,2,0,0,2,828ef13f-f52a-4a16-b206-4ec7e471f025,-0.5453505206539069
828ef13f-f52a-4a16-b206-4ec7e471f025_274-71,3,1,1,2,828ef13f-f52a-4a16-b206-4ec7e471f025,0.21412812842136902
82e96128-1242-4e57-8a3e-9ea222df022c_2985-80,1,0,0,0,82e96128-1242-4e57-8a3e-9ea222df022c,0.3734982762274046
82e96128-1242-4e57-8a3e-9ea222df022c_2999-35,2,0,0,0,82e96128-1242-4e57-8a3e-9ea222df022c,0.5679899783535761
82e96128-1242-4e57-8a3e-9ea222df022c_3264-64,2,0,0,0,82e96128-1242-4e57-8a3e-9ea222df022c,0.3267483814544492
82e96128-1242-4e57-8a3e-9ea222df022c_3386-01,3,0,0,0,82e96128-1242-4e57-8a3e-9ea222df022c,0.30593782017058435
82e96128-1242-4e57-8a3e-9ea222df022c_3457-40,1,1,1,0,82e96128-1242-4e57-8a3e-9ea222df022c,1.0341619743274273
830bd10c-4eb5-477d-9166-7d41ca86880a_963-23,1,1,1,3,830bd10c-4eb5-477d-9166-7d41ca86880a,1.5289801663587559
839c2689-76f1-4e8c-893d-93675663dd93_582-68,2,0,0,2,839c2689-76f1-4e8c-893d-93675663dd93,-0.7904670238908023
83f18213-f8f8-44fa-b9ce-104c6ddbcd57_1657-94,3,1,1,1,83f18213-f8f8-44fa-b9ce-104c6ddbcd57,-0.2791128266681757
8447cf7c-d919-449a-be90-cdd05910fd9b_29-57,3,1,1,0,8447cf7c-d919-449a-be90-cdd05910fd9b,1.1889788765984295
845cb298-d60b-4106-8213-d2aca821740a_14-13,3,1,1,4,845cb298-d60b-4106-8213-d2aca821740a,1.0820378062463134
8483fa90-f5dc-4d50-9561-244bfdf12ea3_659-48,1,0,0,3,8483fa90-f5dc-4d50-9561-244bfdf12ea3,0.1570326543926791
84ec85f6-c167-413c-829d-9c6915519c57_249-09,2,0,0,0,84ec85f6-c167-413c-829d-9c6915519c57,0.7243001254474347
84ec85f6-c167-413c-829d-9c6915519c57_3997-33,2,1,1,0,84ec85f6-c167-413c-829d-9c6915519c57,0.39112592942638125
84ec85f6-c167-413c-829d-9c6915519c57_919-33,1,1,1,0,84ec85f6-c167-413c-829d-9c6915519c57,0.6845150348612775
85020424-0ed9-4dcd-9a39-e5ab84ec6b6d_896-84,1,1,1,2,85020424-0ed9-4dcd-9a39-e5ab84ec6b6d,0.2544112362776572
85782c5f-a240-44d9-951c-27f0bb3f7f4c_375-79,1,0,0,1,85782c5f-a240-44d9-951c-27f0bb3f7f4c,-0.3156373022482308
85b87948-4578-4912-95cb-addd19cfd31a_1580-85,3,1,1,4,85b87948-4578-4912-95cb-addd19cfd31a,0.33274285117437447
85b87948-4578-4912-95cb-addd19cfd31a_1581-49,3,0,0,4,85b87948-4578-4912-95cb-addd19cfd31a,-0.6879291697375906
85b87948-4578-4912-95cb-addd19cfd31a_3435-98,1,1,1,4,85b87948-4578-4912-95cb-addd19cfd31a,0.3172426151003707
860be163-394f-48bb-9068-37e1c383ff73_736-68,1,0,0,0,860be163-394f-48bb-9068-37e1c383ff73,-0.22380426751612364
860be163-394f-48bb-9068-37e1c383ff73_764-03,1,0,0,0,860be163-394f-48bb-9068-37e1c383ff73,0.8918351225637692
862f0fa5-2c3e-4a6c-ab93-c059637eee8c_49-84,2,1,1,0,862f0fa5-2c3e-4a6c-ab93-c059637eee8c,0.3578615223484092
8645cc8f-2a69-4a50-bf90-9faec8d80386_717-84,0,1,1,4,8645cc8f-2a69-4a50-bf90-9faec8d80386,0.057834121424917895
864618d9-cc17-4e90-8c64-7a1e4ba23d17_294-04,3,1,1,0,864618d9-cc17-4e90-8c64-7a1e4ba23d17,1.6133920192778972
865ff1fd-d17e-4642-b111-8f1a1da5a2d4_748-29,2,0,0,1,865ff1fd-d17e-4642-b111-8f1a1da5a2d4,0.12841896134842612
8672b38a-7682-4244-ad7a-a336c81c2d0e_1054-38,1,0,0,3,8672b38a-7682-4244-ad7a-a336c81c2d0e,0.9049422775645463
8672b38a-7682-4244-ad7a-a336c81c2d0e_1056-99,2,1,1,3,8672b38a-7682-4244-ad7a-a336c81c2d0e,0.9098699972609433
8677afac-95b4-4ec1-aec5-39c90fd8374c_271-68,0,0,0,2,8677afac-95b4-4ec1-aec5-39c90fd8374c,0.26034417581348307
86fb4797-274f-4807-848a-8b1ddc5c29e8_728-96,0,0,0,2,86fb4797-274f-4807-848a-8b1ddc5c29e8,0.9162442370064492
86fb4797-274f-4807-848a-8b1ddc5c29e8_730-35,3,0,0,2,86fb4797-274f-4807-848a-8b1ddc5c29e8,1.3875506965955702
86fb4797-274f-4807-848a-8b1ddc5c29e8_769-33,2,0,0,2,86fb4797-274f-4807-848a-8b1ddc5c29e8,0.0370904632382037
86fb4797-274f-4807-848a-8b1ddc5c29e8_808-67,3,0,0,2,86fb4797-274f-4807-848a-8b1ddc5c29e8,0.38962759479796144
8774b5c6-83aa-43b0-8a51-00f173949944_3529-30,1,1,1,2,8774b5c6-83aa-43b0-8a51-00f173949944,1.0845921472235565
8774b5c6-83aa-43b0-8a51-00f173949944_421-89,3,1,1,2,8774b5c6-83aa-43b0-8a51-00f173949944,0.7063491375821105
878666b9-5f3d-476a-960f-3a5d02da7619_15170-34,2,0,0,1,878666b9-5f3d-476a-960f-3a5d02da7619,-0.3961266198657966
878666b9-5f3d-476a-960f-3a5d02da7619_16974-50,3,0,0,1,878666b9-5f3d-476a-960f-3a5d02da7619,0.572879873745993
878666b9-5f3d-476a-960f-3a5d02da7619_18455-07,1,1,1,1,878666b9-5f3d-476a-960f-3a5d02da7619,0.47687697316392696
878666b9-5f3d-476a-960f-3a5d02da7619_19280-23,1,1,1,1,878666b9-5f3d-476a-960f-3a5d02da7619,0.0804134241000607
878666b9-5f3d-476a-960f-3a5d02da7619_19281-22,2,1,1,1,878666b9-5f3d-476a-960f-3a5d02da7619,1.2497188630234746
878666b9-5f3d-476a-960f-3a5d02da7619_22412-01,0,1,1,1,878666b9-5f3d-476a-960f-3a5d02da7619,0.510202398722803
878666b9-5f3d-476a-960f-3a5d02da7619_6890-95,3,1,1,1,878666b9-5f3d-476a-960f-3a5d02da7619,0.8263650732663845
878666b9-5f3d-476a-960f-3a5d02da7619_7108-62,3,1,1,1,878666b9-5f3d-476a-960f-3a5d02da7619,0.9579614667632317
88193924-6780-4290-b8ba-85676e98387a_783-81,1,1,1,1,88193924-6780-4290-b8ba-85676e98387a,1.6122271218713051
88193924-6780-4290-b8ba-85676e98387a_791-58,2,0,0,1,88193924-6780-4290-b8ba-85676e98387a,0.6330377328310806
88faccde-dd5d-4af2-b769-8f0547c2c6a3_826-95,1,0,0,1,88faccde-dd5d-4af2-b769-8f0547c2c6a3,1.1695284148159613
891169d0-2846-47ce-9f3e-13ac1e6ff85a_10-93,0,1,1,0,891169d0-2846-47ce-9f3e-13ac1e6ff85a,0.4474115960919284
89d8c9c5-fa11-4674-b08f-007f81958555_1391-21,1,0,0,4,89d8c9c5-fa11-4674-b08f-007f81958555,1.2601760314954453
89d8c9c5-fa11-4674-b08f-007f81958555_1484-97,1,0,0,4,89d8c9c5-fa11-4674-b08f-007f81958555,-0.09085051689209772
89d8c9c5-fa11-4674-b08f-007f81958555_1642-22,0,0,0,4,89d8c9c5-fa11-4674-b08f-007f81958555,0.10291900867149134
89d8c9c5-fa11-4674-b08f-007f81958555_1665-43,0,0,0,4,89d8c9c5-fa11-4674-b08f-007f81958555,-0.005708481007668298
89d8c9c5-fa11-4674-b08f-007f81958555_179-03,0,1,1,4,89d8c9c5-fa11-4674-b08f-007f81958555,0.42978029690796776
89d8c9c5-fa11-4674-b08f-007f81958555_2-14,1,1,1,4,89d8c9c5-fa11-4674-b08f-007f81958555,0.3136538125746336
89d8c9c5-fa11-4674-b08f-007f81958555_227-24,1,0,0,4,89d8c9c5-fa11-4674-b08f-007f81958555,-0.1342963045625684
89d8c9c5-fa11-4674-b08f-007f81958555_240-15,1,0,0,4,89d8c9c5-fa11-4674-b08f-007f81958555,0.4630400329077539
89d8c9c5-fa11-4674-b08f-007f81958555_252-29,2,1,1,4,89d8c9c5-fa11-4674-b08f-007f81958555,0.3591154713254064
8a0de6d0-5d28-43f5-91e6-48f41eeb3752_1038-76,1,0,0,0,8a0de6d0-5d28-43f5-91e6-48f41eeb3752,0.14852116059566411
8a0de6d0-5d28-43f5-91e6-48f41eeb3752_1074-03,2,0,0,0,8a0de6d0-5d28-43f5-91e6-48f41eeb3752,-0.6152940305823689
8a431195-083a-4e07-a99d-28c2591beaef_13-09,0,0,0,4,8a431195-083a-4e07-a99d-28c2591beaef,0.3927178193202114
8b1d4210-a174-4617-8311-df4b32785d28_1114-53,0,1,1,3,8b1d4210-a174-4617-8311-df4b32785d28,0.6312113889675698
8b72b54f-f87c-4fdb-84dc-97e42ab111ac_824-00,0,0,0,2,8b72b54f-f87c-4fdb-84dc-97e42ab111ac,0.4742336447510948
8b82316c-c293-49a7-b401-a3cc026ab1d0_2095-46,0,0,0,2,8b82316c-c293-49a7-b401-a3cc026ab1d0,0.3827674272570461
8b82316c-c293-49a7-b401-a3cc026ab1d0_2988-29,2,1,1,2,8b82316c-c293-49a7-b401-a3cc026ab1d0,0.9127962698029968
8b82316c-c293-49a7-b401-a3cc026ab1d0_3206-95,0,0,0,2,8b82316c-c293-49a7-b401-a3cc026ab1d0,1.844160322208578
8b82316c-c293-49a7-b401-a3cc026ab1d0_3445-90,1,1,1,2,8b82316c-c293-49a7-b401-a3cc026ab1d0,1.0187861098609854
8b82db7f-5c39-4850-8a70-97e2615d4faa_508-54,1,0,0,1,8b82db7f-5c39-4850-8a70-97e2615d4faa,0.6301870062676116
8b89d35d-5e19-4240-b45e-7a692cf962e3_392-22,0,1,1,0,8b89d35d-5e19-4240-b45e-7a692cf962e3,-0.0072056472528829185
8bb4369f-a6e0-45a3-9d2d-fd5d5c686ccc_246-04,2,1,1,4,8bb4369f-a6e0-45a3-9d2d-fd5d5c686ccc,1.7170733372914326
8bb4369f-a6e0-45a3-9d2d-fd5d5c686ccc_276-24,1,1,1,4,8bb4369f-a6e0-45a3-9d2d-fd5d5c686ccc,1.8315561341002424
8bb4369f-a6e0-45a3-9d2d-fd5d5c686ccc_315-76,1,1,1,4,8bb4369f-a6e0-45a3-9d2d-fd5d5c686ccc,1.6952771708415733
8bb4369f-a6e0-45a3-9d2d-fd5d5c686ccc_70-57,2,1,1,4,8bb4369f-a6e0-45a3-9d2d-fd5d5c686ccc,1.3507771756491707
8be6e0c4-a80d-41a3-a1c5-5911ae236990_317-18,3,0,0,4,8be6e0c4-a80d-41a3-a1c5-5911ae236990,0.3797342074558749
8c075dc9-9c6a-43cf-8c6e-fb1af3624cf0_842-26,1,0,0,3,8c075dc9-9c6a-43cf-8c6e-fb1af3624cf0,0.8012026970440963
8c3c68c9-eeec-4f51-881f-3cc6340679ec_0-04,1,1,1,0,8c3c68c9-eeec-4f51-881f-3cc6340679ec,0.8458305333099781
8c3c68c9-eeec-4f51-881f-3cc6340679ec_1138-68,2,0,0,0,8c3c68c9-eeec-4f51-881f-3cc6340679ec,0.473260484184852
8caa3009-10ad-407b-b837-ec1a26759089_1828-86,2,1,1,2,8caa3009-10ad-407b-b837-ec1a26759089,0.35510226286296337
8cda2388-6f45-46d4-8ded-4ba2e23b309f_463-28,0,0,0,0,8cda2388-6f45-46d4-8ded-4ba2e23b309f,0.2643775059969079
8d3b84a9-e747-47c1-8f09-726fdde7986c_1371-62,0,1,1,4,8d3b84a9-e747-47c1-8f09-726fdde7986c,1.4673313554673773
8d4895eb-b2d1-43b8-90f1-e80fcc37797b_2448-11,3,1,1,3,8d4895eb-b2d1-43b8-90f1-e80fcc37797b,0.23764500881533102
8d4895eb-b2d1-43b8-90f1-e80fcc37797b_9565-47,2,0,0,3,8d4895eb-b2d1-43b8-90f1-e80fcc37797b,-0.3169918846876556
8d4adc89-dcec-42ca-aebc-0d05cafa8f26_21-35,3,1,1,4,8d4adc89-dcec-42ca-aebc-0d05cafa8f26,-0.20651714673489802
8d50f526-624c-40bd-b696-7ad6ce5746ab_22-55,2,1,1,3,8d50f526-624c-40bd-b696-7ad6ce5746ab,0.2898997617587039
8d85aa58-438d-413c-b8b3-ae5417737c5c_1900-47,0,0,0,2,8d85aa58-438d-413c-b8b3-ae5417737c5c,0.6777422794852048
8d900b59-e95d-4c9b-9432-8f5096aac2db_503-05,3,1,1,1,8d900b59-e95d-4c9b-9432-8f5096aac2db,1.4072809415919942
8dd6490b-6291-4793-b05e-79250f87925f_101-76,1,1,1,4,8dd6490b-6291-4793-b05e-79250f87925f,0.71206258846891
8dd6490b-6291-4793-b05e-79250f87925f_1530-13,3,1,1,4,8dd6490b-6291-4793-b05e-79250f87925f,0.3358387390720467
8dd6490b-6291-4793-b05e-79250f87925f_1553-75,3,1,1,4,8dd6490b-6291-4793-b05e-79250f87925f,0.16850878934681396
8dd6490b-6291-4793-b05e-79250f87925f_396-12,0,0,0,4,8dd6490b-6291-4793-b05e-79250f87925f,0.3193497526904521
8dd6490b-6291-4793-b05e-79250f87925f_402-15,1,1,1,4,8dd6490b-6291-4793-b05e-79250f87925f,0.3528243146295235
8e2b02c8-9927-4039-8407-514c2709de95_1125-83,1,1,1,0,8e2b02c8-9927-4039-8407-514c2709de95,1.0959458132889162
8e605fdf-a4f1-4393-975a-f332ab6b5f79_167-81,1,0,0,0,8e605fdf-a4f1-4393-975a-f332ab6b5f79,0.24041126998221485
8e605fdf-a4f1-4393-975a-f332ab6b5f79_44-53,2,0,0,0,8e605fdf-a4f1-4393-975a-f332ab6b5f79,-0.14584824943000663
8e748fd1-e30e-4bf6-a04f-5f570ca075ac_351-84,0,0,0,4,8e748fd1-e30e-4bf6-a04f-5f570ca075ac,0.46990038053325006
8ea5ddc3-ae53-4cff-b457-ba425c6bec97_5750-66,1,1,1,3,8ea5ddc3-ae53-4cff-b457-ba425c6bec97,0.2594655169541379
8ed40810-09cf-4061-953c-9fff6e6d6aeb_103-16,2,1,1,2,8ed40810-09cf-4061-953c-9fff6e6d6aeb,1.2722108887783612
8ed40810-09cf-4061-953c-9fff6e6d6aeb_122-51,1,1,1,2,8ed40810-09cf-4061-953c-9fff6e6d6aeb,1.4315289403218434
8ed40810-09cf-4061-953c-9fff6e6d6aeb_589-93,0,0,0,2,8ed40810-09cf-4061-953c-9fff6e6d6aeb,1.2354317844753626
8ee6764a-4ef2-4359-9cf1-03a5f4dbcc79_593-30,0,1,1,2,8ee6764a-4ef2-4359-9cf1-03a5f4dbcc79,0.29445181225627076
8f05300f-1200-4c18-937b-b8e23dc92505_261-93,3,1,1,1,8f05300f-1200-4c18-937b-b8e23dc92505,1.4699105383812299
8f0f8606-b696-4bb2-909d-703e4e076d80_641-77,2,1,1,3,8f0f8606-b696-4bb2-909d-703e4e076d80,1.3783786640294609
8f0f8606-b696-4bb2-909d-703e4e076d80_725-88,2,0,0,3,8f0f8606-b696-4bb2-909d-703e4e076d80,0.1301717488216777
8f4008a5-18c9-464b-9bce-1ffa824f238d_1620-01,3,0,0,1,8f4008a5-18c9-464b-9bce-1ffa824f238d,0.27061445706661813
8f4008a5-18c9-464b-9bce-1ffa824f238d_96-39,2,0,0,1,8f4008a5-18c9-464b-9bce-1ffa824f238d,0.6853001321037533
8f47201d-0398-4442-af65-0dde73284c7f_1370-37,1,0,0,0,8f47201d-0398-4442-af65-0dde73284c7f,0.41644300819012137
8fafc02a-ef7a-46f4-ae97-b0c68c8bb207_14026-98,2,1,1,2,8fafc02a-ef7a-46f4-ae97-b0c68c8bb207,1.403963690552073
8fafc02a-ef7a-46f4-ae97-b0c68c8bb207_16014-05,0,1,1,2,8fafc02a-ef7a-46f4-ae97-b0c68c8bb207,1.5278959140680626
8fafc02a-ef7a-46f4-ae97-b0c68c8bb207_7571-93,0,0,0,2,8fafc02a-ef7a-46f4-ae97-b0c68c8bb207,1.8767267091262916
8ff25fe1-3a42-4449-bd91-b3ac2adf9143_380-26,1,0,0,2,8ff25fe1-3a42-4449-bd91-b3ac2adf9143,1.2410493153577784
90398a2b-de6b-4232-9bea-149c48cb1326_334-80,0,1,1,0,90398a2b-de6b-4232-9bea-149c48cb1326,-0.3683642007141993
90398a2b-de6b-4232-9bea-149c48cb1326_984-97,1,1,1,0,90398a2b-de6b-4232-9bea-149c48cb1326,0.12079952482724132
906a5fbf-a335-4134-a23a-ece71a9683eb_1213-24,1,1,1,3,906a5fbf-a335-4134-a23a-ece71a9683eb,1.6613874476604127
9148ceed-6983-4303-a560-2cbde805ee85_493-46,3,1,1,3,9148ceed-6983-4303-a560-2cbde805ee85,0.22551092771380477
9148ceed-6983-4303-a560-2cbde805ee85_529-14,3,1,1,3,9148ceed-6983-4303-a560-2cbde805ee85,-0.24759538311443327
9155f5b9-6235-484f-990d-fbd3010a791e_1650-00,0,1,1,2,9155f5b9-6235-484f-990d-fbd3010a791e,0.8027364394463989
9155f5b9-6235-484f-990d-fbd3010a791e_2163-97,2,1,1,2,9155f5b9-6235-484f-990d-fbd3010a791e,0.9000448632311433
92153977-6016-4863-be78-c4af25a56a0f_1117-24,1,1,1,1,92153977-6016-4863-be78-c4af25a56a0f,0.93625917777691
92153977-6016-4863-be78-c4af25a56a0f_394-80,1,0,0,1,92153977-6016-4863-be78-c4af25a56a0f,0.7362883464719263
929a6fbb-3fda-45af-95bf-144d851761f4_1114-91,1,1,1,4,929a6fbb-3fda-45af-95bf-144d851761f4,0.2423699003685204
932dfe2f-0cf1-4b76-b41a-4ca03f6945e5_1575-94,1,0,0,0,932dfe2f-0cf1-4b76-b41a-4ca03f6945e5,0.7665992716357798
933a8f93-2881-458d-93ec-8c072f2a1474_2356-83,2,0,0,1,933a8f93-2881-458d-93ec-8c072f2a1474,0.29709693023421824
935bc36b-27aa-4c83-89fd-221feca0030e_1080-82,0,1,1,0,935bc36b-27aa-4c83-89fd-221feca0030e,0.8472418020646045
937e5809-09d0-4c6b-8d9e-9329e0cf6218_148-21,3,1,1,0,937e5809-09d0-4c6b-8d9e-9329e0cf6218,1.6387908001087923
937e5809-09d0-4c6b-8d9e-9329e0cf6218_2515-56,1,1,1,0,937e5809-09d0-4c6b-8d9e-9329e0cf6218,0.1671098079306348
93a5f8cb-d7eb-4e5a-9913-77ef1487ce61_2462-55,1,1,1,4,93a5f8cb-d7eb-4e5a-9913-77ef1487ce61,0.002021416453709901
93a5f8cb-d7eb-4e5a-9913-77ef1487ce61_3858-22,1,0,0,4,93a5f8cb-d7eb-4e5a-9913-77ef1487ce61,0.7597329813326468
93f78437-229d-4824-a8c1-68d9b17e754d_1063-13,0,1,1,2,93f78437-229d-4824-a8c1-68d9b17e754d,-0.17049679403423912
93f78437-229d-4824-a8c1-68d9b17e754d_1063-21,2,1,1,2,93f78437-229d-4824-a8c1-68d9b17e754d,0.26105286360295715
944aacb0-f596-460d-b5a6-9ae05df1d430_3528-77,0,1,1,1,944aacb0-f596-460d-b5a6-9ae05df1d430,0.9651247860665941
944aacb0-f596-460d-b5a6-9ae05df1d430_3858-37,3,0,0,1,944aacb0-f596-460d-b5a6-9ae05df1d430,-0.3914608230255464
94734a4a-4fb2-4d45-a47f-9d3d0ad70071_1049-90,0,1,1,4,94734a4a-4fb2-4d45-a47f-9d3d0ad70071,2.1124119940186534
948317e1-7426-4bfa-b25a-a476ee69797f_845-76,3,1,1,3,948317e1-7426-4bfa-b25a-a476ee69797f,0.5109317560121089
9490a06b-3fa1-47b6-b470-facb3d61ac57_1071-05,2,1,1,1,9490a06b-3fa1-47b6-b470-facb3d61ac57,0.03891978888488967
9490a06b-3fa1-47b6-b470-facb3d61ac57_153-78,0,0,0,1,9490a06b-3fa1-47b6-b470-facb3d61ac57,0.12346681172062912
9490a06b-3fa1-47b6-b470-facb3d61ac57_599-12,1,0,0,1,9490a06b-3fa1-47b6-b470-facb3d61ac57,-0.11706381954190792
949b2e8a-83f9-4b89-b29b-9e8d81600dd8_2242-73,1,1,1,2,949b2e8a-83f9-4b89-b29b-9e8d81600dd8,0.860526786734249
949b2e8a-83f9-4b89-b29b-9e8d81600dd8_2250-47,0,1,1,2,949b2e8a-83f9-4b89-b29b-9e8d81600dd8,0.48690148135611916
949b2e8a-83f9-4b89-b29b-9e8d81600dd8_2981-03,0,1,1,2,949b2e8a-83f9-4b89-b29b-9e8d81600dd8,-0.1766055162011429
949b2e8a-83f9-4b89-b29b-9e8d81600dd8_3511-42,1,0,0,2,949b2e8a-83f9-4b89-b29b-9e8d81600dd8,0.7346500355710137
949c5a8f-7aa7-4566-a04c-531961cbcc16_1433-64,2,1,1,2,949c5a8f-7aa7-4566-a04c-531961cbcc16,0.39580769627565154
94d5eff8-0fac-4719-adf2-5c0208ab89f7_1110-52,1,0,0,3,94d5eff8-0fac-4719-adf2-5c0208ab89f7,0.3835807780673768
94d5eff8-0fac-4719-adf2-5c0208ab89f7_3271-35,3,0,0,3,94d5eff8-0fac-4719-adf2-5c0208ab89f7,0.43776975447740485
9520f703-8904-4123-bd7f-873b0b42074b_224-60,1,1,1,2,9520f703-8904-4123-bd7f-873b0b42074b,1.0473279771207784
9520f703-8904-4123-bd7f-873b0b42074b_239-07,0,1,1,2,9520f703-8904-4123-bd7f-873b0b42074b,0.3326298400258177
9520f703-8904-4123-bd7f-873b0b42074b_989-29,1,0,0,2,9520f703-8904-4123-bd7f-873b0b42074b,-0.058778725892976946
952d5295-06f4-4578-929b-4113e4ff9201_741-67,1,1,1,3,952d5295-06f4-4578-929b-4113e4ff9201,-0.04113111723784035
952d5295-06f4-4578-929b-4113e4ff9201_769-29,1,1,1,3,952d5295-06f4-4578-929b-4113e4ff9201,0.4026453578520529
952d5295-06f4-4578-929b-4113e4ff9201_792-75,1,1,1,3,952d5295-06f4-4578-929b-4113e4ff9201,0.6048251082192971
952d5295-06f4-4578-929b-4113e4ff9201_808-38,0,1,1,3,952d5295-06f4-4578-929b-4113e4ff9201,0.6766943911450042
952f40df-b1d7-4562-afe4-2a4ff569e949_2108-64,0,0,0,1,952f40df-b1d7-4562-afe4-2a4ff569e949,0.49785898135687634
9531cee8-0f60-4a68-8243-397ab7670a75_270-43,1,0,0,0,9531cee8-0f60-4a68-8243-397ab7670a75,2.2791966392214595
959bc769-a40e-4f4b-ba45-5adf32b8f26e_201-77,1,1,1,4,959bc769-a40e-4f4b-ba45-5adf32b8f26e,0.9491357313050652
95abf338-cf33-43f4-a8d0-44d6ea691d0f_44-58,1,1,1,3,95abf338-cf33-43f4-a8d0-44d6ea691d0f,0.10499826676480284
95c0a226-5cb1-4380-af73-db2fcdbdbb76_174-41,2,1,1,2,95c0a226-5cb1-4380-af73-db2fcdbdbb76,-0.21651541898093385
95f2caf6-c6f5-4471-9763-2957e248eb58_503-77,2,1,1,4,95f2caf6-c6f5-4471-9763-2957e248eb58,0.24500483673757273
95f2caf6-c6f5-4471-9763-2957e248eb58_588-89,4,1,1,4,95f2caf6-c6f5-4471-9763-2957e248eb58,0.2964806226905515
9632b0a9-cf21-4773-b95b-83aae9a23d0a_17-58,0,0,0,0,9632b0a9-cf21-4773-b95b-83aae9a23d0a,0.01925969277816042
9632b0a9-cf21-4773-b95b-83aae9a23d0a_630-61,0,0,0,0,9632b0a9-cf21-4773-b95b-83aae9a23d0a,1.1126680291601723
963b09ff-1da2-4168-bed2-fe1d2531dd98_1393-91,2,1,1,1,963b09ff-1da2-4168-bed2-fe1d2531dd98,-0.10881094892583176
963c1ecc-d25e-4c0a-b447-9b26f3778efc_207-31,2,1,1,0,963c1ecc-d25e-4c0a-b447-9b26f3778efc,1.1191754629177728
968d25eb-ab49-4a12-8b53-c5d98b091353_1212-82,0,1,1,4,968d25eb-ab49-4a12-8b53-c5d98b091353,1.2877259337484925
969866a7-2393-4bca-851a-885ddd7f627d_2129-17,1,1,1,0,969866a7-2393-4bca-851a-885ddd7f627d,0.5632393753680945
969866a7-2393-4bca-851a-885ddd7f627d_2446-72,1,1,1,0,969866a7-2393-4bca-851a-885ddd7f627d,1.1861967885268587
969866a7-2393-4bca-851a-885ddd7f627d_2662-28,0,1,1,0,969866a7-2393-4bca-851a-885ddd7f627d,2.021340810679581
972f2966-c368-4344-a9ca-5bd8a277f177_1110-10,0,1,1,4,972f2966-c368-4344-a9ca-5bd8a277f177,0.1165143444653049
972f2966-c368-4344-a9ca-5bd8a277f177_602-22,0,0,0,4,972f2966-c368-4344-a9ca-5bd8a277f177,-0.5758687179780866
97811639-7def-4034-8083-a82a59156234_468-38,2,0,0,3,97811639-7def-4034-8083-a82a59156234,0.7617744824043723
97ab9564-34c2-4272-97ec-8c4f2f76e117_1373-58,2,1,1,2,97ab9564-34c2-4272-97ec-8c4f2f76e117,1.7116404077876526
97ba861b-605c-4942-8e15-95953a3032e1_583-02,1,0,0,1,97ba861b-605c-4942-8e15-95953a3032e1,0.8318840568533821
97bd40e4-be39-403d-b9ae-f7eb006c51e2_914-45,3,1,1,0,97bd40e4-be39-403d-b9ae-f7eb006c51e2,0.5567920006257244
97d62297-ee2c-482f-aec2-4f73448c3a03_538-31,0,1,1,4,97d62297-ee2c-482f-aec2-4f73448c3a03,1.379900038896321
97eaf9ae-9b92-493d-a555-4fcdb7c039a1_1485-95,3,0,0,3,97eaf9ae-9b92-493d-a555-4fcdb7c039a1,0.4575876381204319
98334b78-967f-4980-ba86-56d34b4aaf2e_1109-83,2,1,1,2,98334b78-967f-4980-ba86-56d34b4aaf2e,-0.0114400596254417
98439a73-2aa4-4071-bee3-00973a58a70d_291-10,3,1,1,1,98439a73-2aa4-4071-bee3-00973a58a70d,0.9957356016248375
9848e52e-e6f3-4190-9c42-f85cd9847e10_807-44,2,1,1,1,9848e52e-e6f3-4190-9c42-f85cd9847e10,1.531787851387249
989f3c2c-edd2-4f30-9925-56771e2bf7cc_6090-07,0,0,0,3,989f3c2c-edd2-4f30-9925-56771e2bf7cc,0.6026991473915694
989f3c2c-edd2-4f30-9925-56771e2bf7cc_6720-40,0,1,1,3,989f3c2c-edd2-4f30-9925-56771e2bf7cc,-0.029778305239695824
98fcbc28-9542-4f3c-9a03-73af08fb989d_1063-08,3,1,1,2,98fcbc28-9542-4f3c-9a03-73af08fb989d,1.2082733377728339
98fcbc28-9542-4f3c-9a03-73af08fb989d_1376-40,0,1,1,2,98fcbc28-9542-4f3c-9a03-73af08fb989d,0.1289926877738567
98ff21ab-6151-4429-a6ff-39d3c6fa173b_1442-50,0,1,1,3,98ff21ab-6151-4429-a6ff-39d3c6fa173b,1.0020102861605622
992af5dc-64ff-4e24-b324-cc3df15be595_656-31,1,1,1,2,992af5dc-64ff-4e24-b324-cc3df15be595,1.9039840004610729
994616c8-63b0-47bd-a526-0680f4acff9e_109-35,1,1,1,1,994616c8-63b0-47bd-a526-0680f4acff9e,-0.034285285208417615
998d4e6e-f579-4872-b706-767c5f392825_2418-72,2,0,0,3,998d4e6e-f579-4872-b706-767c5f392825,-0.4233251187969245
998d4e6e-f579-4872-b706-767c5f392825_4715-59,2,0,0,3,998d4e6e-f579-4872-b706-767c5f392825,0.3073753259399722
998d4e6e-f579-4872-b706-767c5f392825_4762-05,0,1,1,3,998d4e6e-f579-4872-b706-767c5f392825,1.3703354452784087
998d4e6e-f579-4872-b706-767c5f392825_5068-97,0,0,0,3,998d4e6e-f579-4872-b706-767c5f392825,0.49813614355451086
998d4e6e-f579-4872-b706-767c5f392825_5282-59,1,1,1,3,998d4e6e-f579-4872-b706-767c5f392825,0.0712653883073272
998d4e6e-f579-4872-b706-767c5f392825_698-26,1,1,1,3,998d4e6e-f579-4872-b706-767c5f392825,1.2675213297667445
99a89af1-a535-477c-88a8-c0830ba33486_1246-37,1,1,1,4,99a89af1-a535-477c-88a8-c0830ba33486,2.075947762722376
99f41d39-cc65-4aad-b186-23b66e282f19_1295-59,1,0,0,1,99f41d39-cc65-4aad-b186-23b66e282f19,0.6452410223690042
99f41d39-cc65-4aad-b186-23b66e282f19_141-65,2,0,0,1,99f41d39-cc65-4aad-b186-23b66e282f19,0.7041645109062826
99f41d39-cc65-4aad-b186-23b66e282f19_68-52,2,0,0,1,99f41d39-cc65-4aad-b186-23b66e282f19,0.1492092039083036
9a33e9f1-a740-4810-a624-62b0c9935741_115-86,1,1,1,3,9a33e9f1-a740-4810-a624-62b0c9935741,0.04529606251771445
9a33e9f1-a740-4810-a624-62b0c9935741_1702-28,2,1,1,3,9a33e9f1-a740-4810-a624-62b0c9935741,-0.02621863780212541
9a33e9f1-a740-4810-a624-62b0c9935741_1894-42,2,1,1,3,9a33e9f1-a740-4810-a624-62b0c9935741,0.96401088668886
9a33e9f1-a740-4810-a624-62b0c9935741_2385-44,2,1,1,3,9a33e9f1-a740-4810-a624-62b0c9935741,1.2355073867317667
9a33e9f1-a740-4810-a624-62b0c9935741_2416-26,0,0,0,3,9a33e9f1-a740-4810-a624-62b0c9935741,-0.2461079910203809
9a33e9f1-a740-4810-a624-62b0c9935741_636-64,0,1,1,3,9a33e9f1-a740-4810-a624-62b0c9935741,0.8572782027839577
9a33e9f1-a740-4810-a624-62b0c9935741_831-69,1,1,1,3,9a33e9f1-a740-4810-a624-62b0c9935741,0.8725252690380493
9a622b20-b234-4237-a3aa-c76b350e82dd_477-13,1,0,0,3,9a622b20-b234-4237-a3aa-c76b350e82dd,-0.16274509731010306
9a732221-3adb-4903-b61d-9b8097965fbf_2751-77,2,0,0,4,9a732221-3adb-4903-b61d-9b8097965fbf,0.29176125571040873
9a732221-3adb-4903-b61d-9b8097965fbf_3781-26,1,1,1,4,9a732221-3adb-4903-b61d-9b8097965fbf,-0.4004872882740048
9b34e344-494d-4664-8180-a8ff2a692ab2_35-55,1,0,0,2,9b34e344-494d-4664-8180-a8ff2a692ab2,0.030796972196486305
9b8a4b28-b831-417b-83dd-deb7890908c0_1561-56,2,0,0,1,9b8a4b28-b831-417b-83dd-deb7890908c0,1.0220030948094183
9c07f3a2-5033-4f78-a377-a4cf5a7d7add_2010-42,1,0,0,3,9c07f3a2-5033-4f78-a377-a4cf5a7d7add,0.7578894697110411
9c07f3a2-5033-4f78-a377-a4cf5a7d7add_2093-33,0,1,1,3,9c07f3a2-5033-4f78-a377-a4cf5a7d7add,0.6216137112483521
9c15ab39-2b2b-4eb1-a93d-4dd3b9711fc6_321-25,0,1,1,0,9c15ab39-2b2b-4eb1-a93d-4dd3b9711fc6,-0.12059117548206327
9ced9631-9c8f-4a69-9984-e6b0763d11ba_278-77,3,1,1,4,9ced9631-9c8f-4a69-9984-e6b0763d11ba,0.0623449255717074
9d0c46d6-ea9a-43e6-8b8a-4b2972eb6ef4_551-12,3,0,0,3,9d0c46d6-ea9a-43e6-8b8a-4b2972eb6ef4,-0.28817039555872226
9d26362a-4411-4d8b-b114-03f4f89928d7_1156-78,1,0,0,3,9d26362a-4411-4d8b-b114-03f4f89928d7,0.6046058113742089
9d26362a-4411-4d8b-b114-03f4f89928d7_1588-24,0,1,1,3,9d26362a-4411-4d8b-b114-03f4f89928d7,0.5645557521162742
9d26362a-4411-4d8b-b114-03f4f89928d7_694-92,3,1,1,3,9d26362a-4411-4d8b-b114-03f4f89928d7,0.4580045067727473
9d2ec4ad-945f-4614-b41f-24260de662f6_1664-30,2,1,1,2,9d2ec4ad-945f-4614-b41f-24260de662f6,0.9392871005453092
9d965c16-0014-45e5-b37b-50a786971470_2004-75,2,1,1,0,9d965c16-0014-45e5-b37b-50a786971470,0.5394901889164637
9d965c16-0014-45e5-b37b-50a786971470_2476-67,1,0,0,0,9d965c16-0014-45e5-b37b-50a786971470,0.16828605825466292
9d965c16-0014-45e5-b37b-50a786971470_6156-96,0,1,1,0,9d965c16-0014-45e5-b37b-50a786971470,0.061741861429778666
9d965c16-0014-45e5-b37b-50a786971470_8107-86,1,0,0,0,9d965c16-0014-45e5-b37b-50a786971470,-0.0017468622209448337
9dd29951-5080-4392-8bcd-2446e6af90fe_1166-46,3,0,0,1,9dd29951-5080-4392-8bcd-2446e6af90fe,-0.7664040800152754
9df7c322-0e66-491d-bcf8-f10038b1eccf_229-80,2,1,1,0,9df7c322-0e66-491d-bcf8-f10038b1eccf,1.167219506716405
9e0594bd-15a5-4ae7-afa0-9283683ae1f2_1106-88,1,1,1,3,9e0594bd-15a5-4ae7-afa0-9283683ae1f2,0.8665617977775447
9e08a7b1-eb04-4d11-bb0b-f4cd42f0a819_3434-14,1,1,1,2,9e08a7b1-eb04-4d11-bb0b-f4cd42f0a819,-0.10001640765967446
9e579570-0541-49d6-bf0e-35483e949296_653-37,2,1,1,2,9e579570-0541-49d6-bf0e-35483e949296,0.4629565937132997
9e9c5b05-c7d4-450d-9850-e6ae83caa9a5_3282-52,3,0,0,2,9e9c5b05-c7d4-450d-9850-e6ae83caa9a5,0.8951966634390762
9e9c5b05-c7d4-450d-9850-e6ae83caa9a5_3297-13,1,1,1,2,9e9c5b05-c7d4-450d-9850-e6ae83caa9a5,0.601587530880884
9f4e5f51-eac3-4070-9097-f6e18a7b90f9_1289-99,1,0,0,1,9f4e5f51-eac3-4070-9097-f6e18a7b90f9,-0.24192755905576835
9f8d9232-a78e-4e14-9a0f-944a325efa19_133-97,1,1,1,0,9f8d9232-a78e-4e14-9a0f-944a325efa19,0.4019469563296555
9fb1ce25-8a99-45ed-a28c-1492192d4964_1100-54,2,1,1,1,9fb1ce25-8a99-45ed-a28c-1492192d4964,0.863856464821865
9fb1ce25-8a99-45ed-a28c-1492192d4964_1946-35,0,1,1,1,9fb1ce25-8a99-45ed-a28c-1492192d4964,-0.6660787708064079
9fb1ce25-8a99-45ed-a28c-1492192d4964_1957-11,2,0,0,1,9fb1ce25-8a99-45ed-a28c-1492192d4964,0.48770068211517037
9fc3678b-86e2-44ab-adbc-9aeda78ceb60_957-19,0,1,1,3,9fc3678b-86e2-44ab-adbc-9aeda78ceb60,0.1809602397100063
9fc3678b-86e2-44ab-adbc-9aeda78ceb60_992-74,0,1,1,3,9fc3678b-86e2-44ab-adbc-9aeda78ceb60,0.7519363599405954
a055e4e8-cc07-47c1-a438-06f45c4f724c_2257-57,2,1,1,2,a055e4e8-cc07-47c1-a438-06f45c4f724c,1.3013057714122203
a055e4e8-cc07-47c1-a438-06f45c4f724c_2341-22,1,1,1,2,a055e4e8-cc07-47c1-a438-06f45c4f724c,0.730756071020553
a12f0a2e-e066-4b65-8603-6754bb73e196_30-04,3,1,1,4,a12f0a2e-e066-4b65-8603-6754bb73e196,0.4151537545032615
a13a145f-920a-44ec-8aef-b489c097f4a7_171-91,2,1,1,3,a13a145f-920a-44ec-8aef-b489c097f4a7,0.3381082366215654
a1b38e9d-7225-46ab-ab17-a61b261faa36_1920-36,2,1,1,2,a1b38e9d-7225-46ab-ab17-a61b261faa36,-0.012652013488244018
a1e8d35f-2dad-495c-ac00-b056f710c706_1381-64,3,1,1,1,a1e8d35f-2dad-495c-ac00-b056f710c706,0.7541682181659082
a23540b7-3588-48ad-b84a-1b5935db856a_235-41,2,1,1,0,a23540b7-3588-48ad-b84a-1b5935db856a,1.274749363925991
a267b011-b1db-4e3c-aa49-438e2afdd6dc_116-72,4,1,1,4,a267b011-b1db-4e3c-aa49-438e2afdd6dc,0.7506264041282629
a2c3a84e-ae75-4e72-8a52-64511ed67080_919-81,4,1,1,3,a2c3a84e-ae75-4e72-8a52-64511ed67080,0.977907313526824
a2f25985-0589-42ca-af57-58930079dfb9_1082-02,3,1,1,4,a2f25985-0589-42ca-af57-58930079dfb9,0.517626150319062
a2f25985-0589-42ca-af57-58930079dfb9_1096-32,0,1,1,4,a2f25985-0589-42ca-af57-58930079dfb9,0.5442586447687432
a2f25985-0589-42ca-af57-58930079dfb9_7290-57,3,1,1,4,a2f25985-0589-42ca-af57-58930079dfb9,1.7636671815960003
a32e3749-3ec6-4865-b5f2-067d05c04190_1229-02,0,1,1,3,a32e3749-3ec6-4865-b5f2-067d05c04190,1.052993807913913
a32e3749-3ec6-4865-b5f2-067d05c04190_230-06,2,0,0,3,a32e3749-3ec6-4865-b5f2-067d05c04190,1.26971657919839
a3c41b4b-6dc7-4e69-b04b-ca30b4f1c185_1014-12,2,0,0,0,a3c41b4b-6dc7-4e69-b04b-ca30b4f1c185,0.5453102153971651
a3f1b2f3-0735-4c65-b66e-5c397f3126c7_276-64,0,0,0,4,a3f1b2f3-0735-4c65-b66e-5c397f3126c7,0.20827844124950207
a3f6b937-bb29-4cc4-9f4b-27080ddca7c7_437-97,2,0,0,1,a3f6b937-bb29-4cc4-9f4b-27080ddca7c7,-0.13010939961497275
a4048b30-d9a8-4653-a2d6-d07422e3449e_739-24,1,1,1,0,a4048b30-d9a8-4653-a2d6-d07422e3449e,1.674095637447897
a40f2c59-c795-4893-9ec5-6a58632a2b49_635-34,4,0,0,0,a40f2c59-c795-4893-9ec5-6a58632a2b49,0.9910399396161244
a4375d98-e295-4e7d-a718-d8af066e3d57_1708-23,0,1,1,4,a4375d98-e295-4e7d-a718-d8af066e3d57,-0.012550651514403433
a437e059-78be-4894-a7ab-dc27fa16d3f8_178-53,3,0,0,4,a437e059-78be-4894-a7ab-dc27fa16d3f8,0.017274880175702556
a437e059-78be-4894-a7ab-dc27fa16d3f8_6770-46,3,0,0,4,a437e059-78be-4894-a7ab-dc27fa16d3f8,-0.6591227841257858
a437e059-78be-4894-a7ab-dc27fa16d3f8_6791-07,0,1,1,4,a437e059-78be-4894-a7ab-dc27fa16d3f8,0.3172378563180898
a437e059-78be-4894-a7ab-dc27fa16d3f8_7188-07,3,0,0,4,a437e059-78be-4894-a7ab-dc27fa16d3f8,0.15406832114266905
a437e059-78be-4894-a7ab-dc27fa16d3f8_9861-81,1,0,0,4,a437e059-78be-4894-a7ab-dc27fa16d3f8,0.5784948028416212
a448297b-ae62-4712-bc4f-849b39176558_2443-39,3,1,1,2,a448297b-ae62-4712-bc4f-849b39176558,0.48645234222816264
a448297b-ae62-4712-bc4f-849b39176558_2588-08,3,1,1,2,a448297b-ae62-4712-bc4f-849b39176558,0.7409946070907429
a448297b-ae62-4712-bc4f-849b39176558_3322-55,0,0,0,2,a448297b-ae62-4712-bc4f-849b39176558,0.8005139009131605
a454e4d7-7ead-41ea-bfcf-db8300ad34d9_72-86,3,0,0,3,a454e4d7-7ead-41ea-bfcf-db8300ad34d9,0.4919386722001816
a48f66dc-d07c-4ca9-aa3b-b08ea5802194_1914-01,2,0,0,2,a48f66dc-d07c-4ca9-aa3b-b08ea5802194,-0.031194933394239066
a49bdcc8-8f23-445d-bae0-8d9e5c4d9c63_1749-02,2,0,0,1,a49bdcc8-8f23-445d-bae0-8d9e5c4d9c63,-0.5928128373893108
a4bbdddc-c222-4535-a616-57ccbc8f9b9e_1495-45,0,0,0,1,a4bbdddc-c222-4535-a616-57ccbc8f9b9e,0.21332108505040137
a4bbdddc-c222-4535-a616-57ccbc8f9b9e_4898-52,2,1,1,1,a4bbdddc-c222-4535-a616-57ccbc8f9b9e,-0.2807624866759465
a4bbdddc-c222-4535-a616-57ccbc8f9b9e_5519-45,0,1,1,1,a4bbdddc-c222-4535-a616-57ccbc8f9b9e,0.7569173039115533
a4bbdddc-c222-4535-a616-57ccbc8f9b9e_7343-01,1,0,0,1,a4bbdddc-c222-4535-a616-57ccbc8f9b9e,0.8060840907049829
a4c1f23e-702e-49a1-9600-0538e4e2e7db_2889-59,0,0,0,0,a4c1f23e-702e-49a1-9600-0538e4e2e7db,0.1269331811466945
a5bd4711-275b-4bbf-96fe-37553e5d3e93_1416-31,2,1,1,1,a5bd4711-275b-4bbf-96fe-37553e5d3e93,0.21032138414161916
a5bd4711-275b-4bbf-96fe-37553e5d3e93_156-00,2,0,0,1,a5bd4711-275b-4bbf-96fe-37553e5d3e93,0.9247452725775773
a5bd4711-275b-4bbf-96fe-37553e5d3e93_1659-18,3,0,0,1,a5bd4711-275b-4bbf-96fe-37553e5d3e93,0.12976715008847606
a5bd4711-275b-4bbf-96fe-37553e5d3e93_1662-76,2,0,0,1,a5bd4711-275b-4bbf-96fe-37553e5d3e93,1.3077110385339674
a5bd4711-275b-4bbf-96fe-37553e5d3e93_297-73,3,0,0,1,a5bd4711-275b-4bbf-96fe-37553e5d3e93,-0.5128934159885721
a5bd4711-275b-4bbf-96fe-37553e5d3e93_480-52,0,0,0,1,a5bd4711-275b-4bbf-96fe-37553e5d3e93,0.21720935091021432
a5bd4711-275b-4bbf-96fe-37553e5d3e93_484-64,3,1,1,1,a5bd4711-275b-4bbf-96fe-37553e5d3e93,0.7678670906742611
a5bd4711-275b-4bbf-96fe-37553e5d3e93_499-12,1,0,0,1,a5bd4711-275b-4bbf-96fe-37553e5d3e93,0.2562456399490204
a5e74924-6083-4618-b830-f528c5199ed9_5985-35,1,0,0,4,a5e74924-6083-4618-b830-f528c5199ed9,1.4418315137547035
a6264c7d-d42a-4708-8fc2-b35ad0c5fe42_55-09,0,1,1,1,a6264c7d-d42a-4708-8fc2-b35ad0c5fe42,0.06828129940440109
a6264c7d-d42a-4708-8fc2-b35ad0c5fe42_990-06,2,1,1,1,a6264c7d-d42a-4708-8fc2-b35ad0c5fe42,-0.02146469239897092
a6ae81d6-f014-4902-bae6-b06373b31c55_153-41,2,0,0,3,a6ae81d6-f014-4902-bae6-b06373b31c55,0.11484226487480242
a7062d19-5af7-42fe-ad8c-2d7442ddbe48_514-59,2,0,0,2,a7062d19-5af7-42fe-ad8c-2d7442ddbe48,0.34815153870587406
a717f100-51ec-4316-92b8-282aeecc805b_724-56,2,0,0,1,a717f100-51ec-4316-92b8-282aeecc805b,1.3121918987727466
a71f72c5-5225-4b12-aba3-01fa46f53427_914-96,2,1,1,4,a71f72c5-5225-4b12-aba3-01fa46f53427,0.4955268559498935
a743a90e-f46c-4e55-a94d-a7f11c771207_51-51,1,0,0,3,a743a90e-f46c-4e55-a94d-a7f11c771207,0.03991602710984299
a7448853-2414-42b1-998c-0f56594e437a_155-55,3,1,1,3,a7448853-2414-42b1-998c-0f56594e437a,0.05691028517340391
a8197601-7474-4cb0-8d08-e8a8febcecfc_13-71,0,0,0,1,a8197601-7474-4cb0-8d08-e8a8febcecfc,-0.23606837534629643
a8197601-7474-4cb0-8d08-e8a8febcecfc_222-15,0,1,1,1,a8197601-7474-4cb0-8d08-e8a8febcecfc,1.2662173266764318
a8197601-7474-4cb0-8d08-e8a8febcecfc_854-68,3,1,1,1,a8197601-7474-4cb0-8d08-e8a8febcecfc,0.18229074992896077
a8197601-7474-4cb0-8d08-e8a8febcecfc_997-91,3,1,1,1,a8197601-7474-4cb0-8d08-e8a8febcecfc,0.9871781715882189
a84e378e-c9d5-4ace-8e42-e07b95784746_180-55,1,0,0,2,a84e378e-c9d5-4ace-8e42-e07b95784746,0.21057972034858569
a8983a14-da13-4e54-bc7a-b027b374c710_536-56,0,0,0,1,a8983a14-da13-4e54-bc7a-b027b374c710,0.8020424916998061
a95545b6-8b1e-4d77-a209-c1accf3b057b_17-67,0,1,1,2,a95545b6-8b1e-4d77-a209-c1accf3b057b,-0.5098490729699139
a95545b6-8b1e-4d77-a209-c1accf3b057b_34-20,4,1,1,2,a95545b6-8b1e-4d77-a209-c1accf3b057b,0.4055235244178064
a99c5790-b590-4c29-98b3-004bbf106ce7_312-10,2,1,1,0,a99c5790-b590-4c29-98b3-004bbf106ce7,0.8815197415256962
a99c5790-b590-4c29-98b3-004bbf106ce7_315-27,0,0,0,0,a99c5790-b590-4c29-98b3-004bbf106ce7,1.0312374014882542
aa19d5c0-35b6-4ec2-9865-07f556c341de_34-98,2,1,1,4,aa19d5c0-35b6-4ec2-9865-07f556c341de,1.0332870659651523
aa19d5c0-35b6-4ec2-9865-07f556c341de_76-28,3,0,0,4,aa19d5c0-35b6-4ec2-9865-07f556c341de,0.7393734067102329
aa3237b2-4a62-4676-b81c-a9726003b420_1532-19,3,1,1,0,aa3237b2-4a62-4676-b81c-a9726003b420,0.5522589771288332
aabc5114-a6a1-459d-81ed-99370385a7e4_2460-69,3,0,0,4,aabc5114-a6a1-459d-81ed-99370385a7e4,-0.1596437663605597
aad332b0-a437-4bd9-9147-f580bb58c3f5_3472-99,0,0,0,3,aad332b0-a437-4bd9-9147-f580bb58c3f5,0.06884976487091798
aae90bb1-c8b8-433c-98b6-2bc5f20af6ea_569-99,4,0,0,2,aae90bb1-c8b8-433c-98b6-2bc5f20af6ea,0.49274535273782677
ab6f68a2-e5ba-48ce-ac24-7fb3df0584f2_326-63,0,1,1,1,ab6f68a2-e5ba-48ce-ac24-7fb3df0584f2,1.1747861202893317
ab865129-78fa-47d4-8a50-ff8c5533246f_1028-44,0,0,0,3,ab865129-78fa-47d4-8a50-ff8c5533246f,-0.6164911474721684
ab865129-78fa-47d4-8a50-ff8c5533246f_318-49,1,0,0,3,ab865129-78fa-47d4-8a50-ff8c5533246f,-0.667548990810175
abbc5555-7816-4288-8d4d-f42b0683fc44_774-93,2,1,1,0,abbc5555-7816-4288-8d4d-f42b0683fc44,1.3462850598761427
abca0171-5e73-426e-9ba1-49a6339b2ef5_1825-89,1,0,0,2,abca0171-5e73-426e-9ba1-49a6339b2ef5,0.35648683204903925
abca0171-5e73-426e-9ba1-49a6339b2ef5_885-53,1,0,0,2,abca0171-5e73-426e-9ba1-49a6339b2ef5,-0.2990519238000645
abca0171-5e73-426e-9ba1-49a6339b2ef5_979-03,0,1,1,2,abca0171-5e73-426e-9ba1-49a6339b2ef5,-0.45453367220231344
ac582760-09b1-4a6e-be08-f19f9bf5dfcb_391-13,2,0,0,4,ac582760-09b1-4a6e-be08-f19f9bf5dfcb,0.18504536090400675
ac8704d3-ab1c-4412-a10e-befb387063b2_270-04,3,1,1,4,ac8704d3-ab1c-4412-a10e-befb387063b2,-0.6932934962155679
ac8dba37-ce09-4dc5-b478-8194e41353c3_2812-63,0,1,1,3,ac8dba37-ce09-4dc5-b478-8194e41353c3,2.051349845895788
ac8dba37-ce09-4dc5-b478-8194e41353c3_5240-05,2,0,0,3,ac8dba37-ce09-4dc5-b478-8194e41353c3,0.10404306228479432
ac8dba37-ce09-4dc5-b478-8194e41353c3_748-30,0,0,0,3,ac8dba37-ce09-4dc5-b478-8194e41353c3,0.4858991895521739
ac8dba37-ce09-4dc5-b478-8194e41353c3_9451-92,3,0,0,3,ac8dba37-ce09-4dc5-b478-8194e41353c3,-0.2945195720685738
aca9e131-8b44-4e59-8394-24a494c19801_183-42,0,1,1,1,aca9e131-8b44-4e59-8394-24a494c19801,-0.2461579293011497
acef7751-e40a-4fb7-91ea-3ba56ef46aed_103-55,3,0,0,2,acef7751-e40a-4fb7-91ea-3ba56ef46aed,0.40994511443096165
ad851441-1f15-467e-83d8-48c764e220a8_875-32,0,0,0,1,ad851441-1f15-467e-83d8-48c764e220a8,0.5900935964840892
ad851441-1f15-467e-83d8-48c764e220a8_975-45,3,0,0,1,ad851441-1f15-467e-83d8-48c764e220a8,0.6294276545334558
ada73c3a-765f-46de-afb5-d152d058d7e2_17044-72,1,1,1,4,ada73c3a-765f-46de-afb5-d152d058d7e2,0.8682986856606614
ada73c3a-765f-46de-afb5-d152d058d7e2_7766-82,1,1,1,4,ada73c3a-765f-46de-afb5-d152d058d7e2,0.06751584126256643
adb9100b-45da-449a-94b1-ae29e107e4c5_72-02,3,1,1,0,adb9100b-45da-449a-94b1-ae29e107e4c5,-0.21954493147691906
ade9b865-951f-4a27-b6cb-ce12cb613de8_887-25,0,0,0,0,ade9b865-951f-4a27-b6cb-ce12cb613de8,0.8761457665730504
adf11624-aca0-4bad-a35f-51b9f330ee74_2900-34,0,0,0,4,adf11624-aca0-4bad-a35f-51b9f330ee74,0.20350322157223893
adf65602-f5ee-456a-a098-db19a521ce38_500-23,0,0,0,3,adf65602-f5ee-456a-a098-db19a521ce38,0.2686395964244074
ae56fbda-009b-485c-9dfa-72ce89e847bf_668-09,2,1,1,1,ae56fbda-009b-485c-9dfa-72ce89e847bf,0.46771397782734325
ae56fbda-009b-485c-9dfa-72ce89e847bf_742-92,1,1,1,1,ae56fbda-009b-485c-9dfa-72ce89e847bf,0.8434506347129345
ae59dda2-8aa0-40e1-bd48-af368ea8e149_1550-40,2,0,0,0,ae59dda2-8aa0-40e1-bd48-af368ea8e149,0.9660036910057993
ae59dda2-8aa0-40e1-bd48-af368ea8e149_1585-64,3,0,0,0,ae59dda2-8aa0-40e1-bd48-af368ea8e149,-0.0028350635795597046
ae59dda2-8aa0-40e1-bd48-af368ea8e149_1586-25,3,0,0,0,ae59dda2-8aa0-40e1-bd48-af368ea8e149,0.5300237135623572
ae85c74a-0963-469b-93f9-cdfe3f898e5f_1781-47,0,1,1,2,ae85c74a-0963-469b-93f9-cdfe3f898e5f,1.0657497624651837
af06acee-b948-4950-a653-53d76b03a010_809-86,3,0,0,1,af06acee-b948-4950-a653-53d76b03a010,0.5082510118188766
af06acee-b948-4950-a653-53d76b03a010_920-06,3,1,1,1,af06acee-b948-4950-a653-53d76b03a010,0.9476089661579035
af0cc15a-5452-42fb-92dd-a3f50136bf12_3147-74,0,0,0,1,af0cc15a-5452-42fb-92dd-a3f50136bf12,-0.47404096170447896
af215e0f-56c7-4356-9aad-a3a5fb7bbc4f_1332-04,1,1,1,1,af215e0f-56c7-4356-9aad-a3a5fb7bbc4f,-0.17165484766813288
af215e0f-56c7-4356-9aad-a3a5fb7bbc4f_4328-60,2,1,1,1,af215e0f-56c7-4356-9aad-a3a5fb7bbc4f,0.6781422049980452
af215e0f-56c7-4356-9aad-a3a5fb7bbc4f_4362-30,2,1,1,1,af215e0f-56c7-4356-9aad-a3a5fb7bbc4f,0.8867363863709419
af215e0f-56c7-4356-9aad-a3a5fb7bbc4f_709-03,2,0,0,1,af215e0f-56c7-4356-9aad-a3a5fb7bbc4f,-0.3854046229322263
af400f98-3c57-46ad-acac-eaca6f940180_2315-10,0,1,1,0,af400f98-3c57-46ad-acac-eaca6f940180,1.4836413996636049
af400f98-3c57-46ad-acac-eaca6f940180_3131-59,1,1,1,0,af400f98-3c57-46ad-acac-eaca6f940180,0.2761432341070864
af400f98-3c57-46ad-acac-eaca6f940180_3432-31,2,1,1,0,af400f98-3c57-46ad-acac-eaca6f940180,0.40367685046196977
af400f98-3c57-46ad-acac-eaca6f940180_508-42,3,0,0,0,af400f98-3c57-46ad-acac-eaca6f940180,0.5834511486357098
af43394e-d24c-40c2-b03a-f3cdff888370_762-90,3,0,0,0,af43394e-d24c-40c2-b03a-f3cdff888370,0.6040001722605087
af72c57c-b242-48b2-8d00-aea29f4e37ac_1063-17,2,1,1,4,af72c57c-b242-48b2-8d00-aea29f4e37ac,-0.5577530556594306
af862b37-12f1-4b55-a1ca-1c162c4f98a0_3380-57,1,1,1,1,af862b37-12f1-4b55-a1ca-1c162c4f98a0,0.3617408730732572
af862b37-12f1-4b55-a1ca-1c162c4f98a0_431-14,3,0,0,1,af862b37-12f1-4b55-a1ca-1c162c4f98a0,-0.8582563594231793
af8dda66-0025-4ee4-9888-b568b28986e6_3283-52,1,0,0,3,af8dda66-0025-4ee4-9888-b568b28986e6,0.9500767164057696
afd5c197-7b14-4e21-ac56-d23b6a5543d0_1256-20,3,0,0,4,afd5c197-7b14-4e21-ac56-d23b6a5543d0,0.48562399739108925
afd5c197-7b14-4e21-ac56-d23b6a5543d0_1411-24,0,0,0,4,afd5c197-7b14-4e21-ac56-d23b6a5543d0,1.3482571584957204
b08cc451-bab8-4ab1-a0a2-102582d9f778_398-19,1,1,1,2,b08cc451-bab8-4ab1-a0a2-102582d9f778,-0.7168434500550347
b0937ec3-7645-4f68-b9cd-549ff7c01819_2030-83,3,1,1,1,b0937ec3-7645-4f68-b9cd-549ff7c01819,-0.19994206321816588
b0a30641-ad93-4d6a-92a9-f277c78f1aa5_112-83,1,0,0,2,b0a30641-ad93-4d6a-92a9-f277c78f1aa5,0.5478856550563935
b0a30641-ad93-4d6a-92a9-f277c78f1aa5_295-10,3,1,1,2,b0a30641-ad93-4d6a-92a9-f277c78f1aa5,0.5971275921313368
b0a30641-ad93-4d6a-92a9-f277c78f1aa5_473-69,1,0,0,2,b0a30641-ad93-4d6a-92a9-f277c78f1aa5,0.9393414641925899
b1543ea3-e86b-4545-9195-f1bf83e02b41_4163-19,0,0,0,4,b1543ea3-e86b-4545-9195-f1bf83e02b41,0.05889132988065299
b2508929-e3e4-4583-b1db-41dc3bb0fd21_542-36,1,0,0,3,b2508929-e3e4-4583-b1db-41dc3bb0fd21,1.3968034684236788
b264c17e-145a-4dd0-90c4-397d0f5b8057_51-64,4,1,1,3,b264c17e-145a-4dd0-90c4-397d0f5b8057,0.8938295665787389
b2e6a3f7-aa49-42c5-990a-8ef89d2c9d33_987-28,2,0,0,2,b2e6a3f7-aa49-42c5-990a-8ef89d2c9d33,1.4893594394663643
b2ebded2-4c94-473d-b9e4-8dd3556a3152_31-51,0,1,1,1,b2ebded2-4c94-473d-b9e4-8dd3556a3152,1.6689173947626765
b2f487cb-83b2-4e60-855d-1750938d0f1a_4050-16,1,1,1,0,b2f487cb-83b2-4e60-855d-1750938d0f1a,-0.6159846994992754
b390f179-78cb-4522-9abc-467e0597d4b7_597-75,1,0,0,4,b390f179-78cb-4522-9abc-467e0597d4b7,0.45797498693044997
b3a0d595-d5b4-4e4b-9c52-337053871604_278-40,3,1,1,3,b3a0d595-d5b4-4e4b-9c52-337053871604,0.0782216952301068
b4068f40-69e9-4217-81ba-84e59c25f125_887-13,1,1,1,2,b4068f40-69e9-4217-81ba-84e59c25f125,-0.08333028187970198
b449ae20-0dd5-468e-ad86-daac0180046d_22-83,2,0,0,1,b449ae20-0dd5-468e-ad86-daac0180046d,0.4093086822380544
b4814b66-f564-48cb-a11f-3b0a1ee73704_24-49,3,0,0,0,b4814b66-f564-48cb-a11f-3b0a1ee73704,-0.020512280582079323
b4814b66-f564-48cb-a11f-3b0a1ee73704_27-72,0,0,0,0,b4814b66-f564-48cb-a11f-3b0a1ee73704,0.3506939873024614
b4814b66-f564-48cb-a11f-3b0a1ee73704_42-69,0,0,0,0,b4814b66-f564-48cb-a11f-3b0a1ee73704,1.9755491826280953
b4b27c5b-2b73-4083-a41c-a6a960475c1a_1618-99,2,0,0,0,b4b27c5b-2b73-4083-a41c-a6a960475c1a,0.24891781955182868
b513c72d-8b77-4bee-96b6-b5f57977a3eb_765-76,1,1,1,4,b513c72d-8b77-4bee-96b6-b5f57977a3eb,-0.3397094814022746
b57a2268-9cac-491d-b737-ad8dc28b15fb_1546-09,3,0,0,1,b57a2268-9cac-491d-b737-ad8dc28b15fb,0.4027075906261254
b57a2268-9cac-491d-b737-ad8dc28b15fb_2224-77,2,0,0,1,b57a2268-9cac-491d-b737-ad8dc28b15fb,0.14248327462834331
b5c3c1e3-7ee7-4b4a-b938-4d008d5aa49b_521-60,3,1,1,4,b5c3c1e3-7ee7-4b4a-b938-4d008d5aa49b,0.3155430474920869
b5c3c1e3-7ee7-4b4a-b938-4d008d5aa49b_644-73,2,0,0,4,b5c3c1e3-7ee7-4b4a-b938-4d008d5aa49b,0.6771746002692676
b5c3c1e3-7ee7-4b4a-b938-4d008d5aa49b_757-55,3,1,1,4,b5c3c1e3-7ee7-4b4a-b938-4d008d5aa49b,0.6699243028964914
b5c5d054-4cc3-4e54-b283-6845ca022eb8_0-00,0,1,1,1,b5c5d054-4cc3-4e54-b283-6845ca022eb8,0.16290201278397554
b5d691f6-1618-467e-9fc9-d2ebd8eaafe4_488-95,3,0,0,3,b5d691f6-1618-467e-9fc9-d2ebd8eaafe4,-0.12662947636245359
b5d691f6-1618-467e-9fc9-d2ebd8eaafe4_836-72,2,0,0,3,b5d691f6-1618-467e-9fc9-d2ebd8eaafe4,0.482812403515136
b61b0b56-a852-47e2-ab09-9380d8465162_180-44,2,1,1,0,b61b0b56-a852-47e2-ab09-9380d8465162,-0.1648009450584016
b6474db0-090c-40df-8d65-0a52dd0578cc_984-29,2,1,1,2,b6474db0-090c-40df-8d65-0a52dd0578cc,0.295893286569562
b68e46bf-2cc5-4c6b-895a-1f8c6cad959a_2324-99,1,1,1,1,b68e46bf-2cc5-4c6b-895a-1f8c6cad959a,0.3141801279096331
b68f87f0-29be-4516-a34a-dda69dd84a56_274-36,2,0,0,1,b68f87f0-29be-4516-a34a-dda69dd84a56,1.178759141679822
b68f87f0-29be-4516-a34a-dda69dd84a56_471-46,1,0,0,1,b68f87f0-29be-4516-a34a-dda69dd84a56,0.1905496385139095
b68f87f0-29be-4516-a34a-dda69dd84a56_524-12,1,1,1,1,b68f87f0-29be-4516-a34a-dda69dd84a56,2.711862490664398
b68f87f0-29be-4516-a34a-dda69dd84a56_953-32,1,0,0,1,b68f87f0-29be-4516-a34a-dda69dd84a56,1.5825746889849903
b6ae365a-dd70-42c4-90d6-e0351778d991_277-06,2,0,0,4,b6ae365a-dd70-42c4-90d6-e0351778d991,-0.5037727959383796
b6ae365a-dd70-42c4-90d6-e0351778d991_416-05,2,0,0,4,b6ae365a-dd70-42c4-90d6-e0351778d991,-0.3858235635177951
b6bee905-eddf-4b41-bfe6-d57c9059fe61_1119-76,0,1,1,0,b6bee905-eddf-4b41-bfe6-d57c9059fe61,2.431813577060153
b6bee905-eddf-4b41-bfe6-d57c9059fe61_1128-22,2,0,0,0,b6bee905-eddf-4b41-bfe6-d57c9059fe61,0.6786806786820226
b6d64c01-1462-4ebf-9eb5-44585cdd8ac4_2907-39,2,0,0,1,b6d64c01-1462-4ebf-9eb5-44585cdd8ac4,0.5481706905519055
b7022084-61ea-470f-b2cd-49be2ecaf3aa_18-42,1,0,0,1,b7022084-61ea-470f-b2cd-49be2ecaf3aa,1.3215042640003367
b7022084-61ea-470f-b2cd-49be2ecaf3aa_688-07,0,1,1,1,b7022084-61ea-470f-b2cd-49be2ecaf3aa,0.9580083338183389
b71166c2-c723-4f91-89b7-3a484e14079e_1586-58,3,1,1,0,b71166c2-c723-4f91-89b7-3a484e14079e,1.0331560308775072
b79c342b-db1e-407e-958a-e1585c6c3ddd_3-67,2,1,1,4,b79c342b-db1e-407e-958a-e1585c6c3ddd,1.4386654873391436
b7ae78cd-458a-4fbc-b9d8-212fe98a5095_270-04,1,1,1,3,b7ae78cd-458a-4fbc-b9d8-212fe98a5095,-0.2603589817657698
b8ba4ac1-4134-44aa-99db-25efaa058e98_277-37,3,1,1,2,b8ba4ac1-4134-44aa-99db-25efaa058e98,0.9244945678990166
b8ead1f7-ae4c-4c7c-8b2a-35599fc310c7_1079-80,4,1,1,1,b8ead1f7-ae4c-4c7c-8b2a-35599fc310c7,0.5872899570399059
b925520a-853c-442e-8a39-6679cce1e9f4_1253-01,0,0,0,0,b925520a-853c-442e-8a39-6679cce1e9f4,1.1280652289384623
b959f479-0508-4f1b-96a5-1b17e86af8ce_1110-67,3,0,0,4,b959f479-0508-4f1b-96a5-1b17e86af8ce,1.5974835877169378
b99ceea4-7fa3-407c-9b9f-1347645d23f2_13-11,2,1,1,3,b99ceea4-7fa3-407c-9b9f-1347645d23f2,2.029953071547131
b9b65293-fec8-494e-81e7-c4496aafba6f_1524-26,1,1,1,2,b9b65293-fec8-494e-81e7-c4496aafba6f,0.5743877818177672
b9b65293-fec8-494e-81e7-c4496aafba6f_2296-78,1,0,0,2,b9b65293-fec8-494e-81e7-c4496aafba6f,0.34187163448025176
b9bc5b47-ae9a-4220-84c7-ada93722c4fe_909-02,2,0,0,2,b9bc5b47-ae9a-4220-84c7-ada93722c4fe,0.041205039665420495
b9de7a2c-d02e-4d66-9556-381f0b7ca51a_3648-36,2,0,0,3,b9de7a2c-d02e-4d66-9556-381f0b7ca51a,0.9472139777206726
b9de7a2c-d02e-4d66-9556-381f0b7ca51a_3795-42,2,1,1,3,b9de7a2c-d02e-4d66-9556-381f0b7ca51a,0.7095187735937637
b9de7a2c-d02e-4d66-9556-381f0b7ca51a_3961-43,2,0,0,3,b9de7a2c-d02e-4d66-9556-381f0b7ca51a,0.9581491381823369
b9fd76c5-1f9b-4d82-b9ee-2e0615561765_364-29,3,1,1,0,b9fd76c5-1f9b-4d82-b9ee-2e0615561765,0.45658025823251125
ba078478-13a5-4e7f-8ee4-61620f84cb7a_2830-69,0,1,1,3,ba078478-13a5-4e7f-8ee4-61620f84cb7a,1.4075737120606395
ba078478-13a5-4e7f-8ee4-61620f84cb7a_3101-09,3,1,1,3,ba078478-13a5-4e7f-8ee4-61620f84cb7a,0.7864414228250621
ba1de596-15f4-45f3-bab3-dbf7283490be_5-13,1,0,0,4,ba1de596-15f4-45f3-bab3-dbf7283490be,1.0647167606587205
ba28e9d5-5a78-44c0-b985-2249dcc05956_17-90,3,0,0,4,ba28e9d5-5a78-44c0-b985-2249dcc05956,0.08118577113558062
ba28e9d5-5a78-44c0-b985-2249dcc05956_212-90,2,0,0,4,ba28e9d5-5a78-44c0-b985-2249dcc05956,0.07215677011077853
ba44d0ee-9aba-4d05-8d1b-1eac7346f479_1433-66,3,0,0,4,ba44d0ee-9aba-4d05-8d1b-1eac7346f479,0.4807199025927165
baaf6d24-7117-4b0b-acdf-a79765036d84_1340-93,0,1,1,3,baaf6d24-7117-4b0b-acdf-a79765036d84,1.5289801663587559
baaffbad-76a7-458a-8a54-7b593ab073f6_329-73,2,0,0,2,baaffbad-76a7-458a-8a54-7b593ab073f6,0.1814392696491916
baaffbad-76a7-458a-8a54-7b593ab073f6_979-89,0,1,1,2,baaffbad-76a7-458a-8a54-7b593ab073f6,-0.18996922633731012
bac30fe6-c597-4f1a-add1-d8d989205d98_1087-36,1,1,1,2,bac30fe6-c597-4f1a-add1-d8d989205d98,0.7868042407914468
bae603bd-dc3d-46a4-90b7-9c1e2bcd3970_966-87,3,1,1,1,bae603bd-dc3d-46a4-90b7-9c1e2bcd3970,0.5263025885315615
baf15309-e865-4e9e-9efd-09097f1d5a43_341-69,3,0,0,4,baf15309-e865-4e9e-9efd-09097f1d5a43,-0.06948849194279494
baf15309-e865-4e9e-9efd-09097f1d5a43_412-45,3,0,0,4,baf15309-e865-4e9e-9efd-09097f1d5a43,0.3108638125188116
bb04b03d-ae0d-416a-8c4c-b2325edec070_287-86,1,0,0,0,bb04b03d-ae0d-416a-8c4c-b2325edec070,0.6384010081902057
bb2297d3-91b7-4ec4-b39b-cc64694929db_0-03,2,1,1,0,bb2297d3-91b7-4ec4-b39b-cc64694929db,0.40387852332742713
bb2297d3-91b7-4ec4-b39b-cc64694929db_412-95,2,1,1,0,bb2297d3-91b7-4ec4-b39b-cc64694929db,1.3736447329764903
bbd30b78-137a-4c75-a4e9-b51f62b3f04e_184-26,3,0,0,4,bbd30b78-137a-4c75-a4e9-b51f62b3f04e,-0.013436188481220968
bc215572-bd4c-4457-bbc1-58cdd6398cc7_2751-16,1,1,1,3,bc215572-bd4c-4457-bbc1-58cdd6398cc7,-0.43450507046079523
bcfbfdd9-1f37-4edf-8ea0-114a92806d08_1826-13,0,1,1,2,bcfbfdd9-1f37-4edf-8ea0-114a92806d08,1.2328900982636346
bd31c2eb-4faa-467d-8c71-89a55b0a4be5_275-56,2,1,1,1,bd31c2eb-4faa-467d-8c71-89a55b0a4be5,0.34838829470860155
bd96484b-6f8c-492b-8969-cae99c868b4d_2411-56,2,0,0,1,bd96484b-6f8c-492b-8969-cae99c868b4d,1.599729189512985
bd96484b-6f8c-492b-8969-cae99c868b4d_2855-28,0,1,1,1,bd96484b-6f8c-492b-8969-cae99c868b4d,-0.2169691442167206
bdb29a9e-d6d4-4918-9870-464abeae48d2_837-68,2,0,0,0,bdb29a9e-d6d4-4918-9870-464abeae48d2,0.24193367237216035
bdd32b96-5baf-4d67-9975-34cdce64b0cc_240-16,3,1,1,3,bdd32b96-5baf-4d67-9975-34cdce64b0cc,0.4350270097978737
bdeb0df9-2983-41bb-ba27-c431d9ef3163_1770-19,3,0,0,0,bdeb0df9-2983-41bb-ba27-c431d9ef3163,0.6998833975468696
bdeb0df9-2983-41bb-ba27-c431d9ef3163_1772-82,2,1,1,0,bdeb0df9-2983-41bb-ba27-c431d9ef3163,0.548729107104886
be1da89b-976b-4e71-a42a-7621b522db46_179-53,1,1,1,1,be1da89b-976b-4e71-a42a-7621b522db46,-0.18534953441337804
be462bcf-13ad-446a-8dfb-248cb2e3417a_379-26,3,1,1,2,be462bcf-13ad-446a-8dfb-248cb2e3417a,0.9405259984180356
be462bcf-13ad-446a-8dfb-248cb2e3417a_825-06,3,1,1,2,be462bcf-13ad-446a-8dfb-248cb2e3417a,1.1678934089552298
be7ede7a-c212-45ff-8601-e15dd2f7e531_1651-77,0,1,1,1,be7ede7a-c212-45ff-8601-e15dd2f7e531,-0.17212923262389268
be7ede7a-c212-45ff-8601-e15dd2f7e531_928-33,0,1,1,1,be7ede7a-c212-45ff-8601-e15dd2f7e531,-0.07846321095461689
be82ebf1-5feb-4c1b-a71a-f668e3a17726_27-55,3,0,0,1,be82ebf1-5feb-4c1b-a71a-f668e3a17726,0.5178971781662969
bebfd0fa-93bc-41a3-886d-e04a3675fc6d_293-94,3,1,1,0,bebfd0fa-93bc-41a3-886d-e04a3675fc6d,0.6072682384687463
bef6d752-a5f2-405f-bf3a-71e400bd8b06_1634-83,3,0,0,3,bef6d752-a5f2-405f-bf3a-71e400bd8b06,-0.3422065906549194
bf4a69c2-2c0b-4810-991b-3eb35e7dd2f3_1088-56,0,1,1,2,bf4a69c2-2c0b-4810-991b-3eb35e7dd2f3,-0.225101975524568
bf9354ab-541d-4c1c-aa3e-8a3bfd8fb51b_443-31,0,0,0,1,bf9354ab-541d-4c1c-aa3e-8a3bfd8fb51b,0.7493143959222865
bff1d1da-957f-42ea-8c98-61eaca98b5f1_1049-58,3,1,1,0,bff1d1da-957f-42ea-8c98-61eaca98b5f1,-0.2580496098790633
c00a27da-98bb-4761-8093-45fd30a3f43f_1156-34,2,0,0,4,c00a27da-98bb-4761-8093-45fd30a3f43f,0.9848552331501805
c00d3596-99db-4ea7-9a65-57ab4319d640_329-17,1,0,0,1,c00d3596-99db-4ea7-9a65-57ab4319d640,0.5680396338119882
c00d3596-99db-4ea7-9a65-57ab4319d640_370-19,3,1,1,1,c00d3596-99db-4ea7-9a65-57ab4319d640,0.5816653818451116
c05389ca-2d74-4889-a8dd-a0f89d28a4b7_2763-64,3,1,1,3,c05389ca-2d74-4889-a8dd-a0f89d28a4b7,0.4545392262534538
c06532d8-f1cd-477f-b9f3-e8e980d73b2e_1339-60,1,1,1,2,c06532d8-f1cd-477f-b9f3-e8e980d73b2e,-0.5926026502792268
c0a19ccf-66ad-44b5-9b3d-2f20d49bc0a8_296-47,3,1,1,1,c0a19ccf-66ad-44b5-9b3d-2f20d49bc0a8,0.08786466621675959
c0eea386-412b-4127-a2d3-352322a0038c_1313-16,3,1,1,3,c0eea386-412b-4127-a2d3-352322a0038c,0.9228405523985729
c0eea386-412b-4127-a2d3-352322a0038c_719-09,0,1,1,3,c0eea386-412b-4127-a2d3-352322a0038c,0.07089049200354203
c0eea386-412b-4127-a2d3-352322a0038c_830-51,3,0,0,3,c0eea386-412b-4127-a2d3-352322a0038c,-0.27842433333194305
c1626bce-83ba-49da-921c-7b60243c19ea_7-12,0,0,0,3,c1626bce-83ba-49da-921c-7b60243c19ea,0.9279810749487639
c1626bce-83ba-49da-921c-7b60243c19ea_8-38,1,1,1,3,c1626bce-83ba-49da-921c-7b60243c19ea,-0.13973454844817346
c1dc6626-34c8-4367-a80a-42a44057f47b_737-27,0,1,1,0,c1dc6626-34c8-4367-a80a-42a44057f47b,1.5826456204889774
c1f4d37c-bfd8-4722-b1c4-767f8426ccfd_867-73,0,0,0,4,c1f4d37c-bfd8-4722-b1c4-767f8426ccfd,0.20576510145173504
c2071026-add0-4546-8374-b6d04ddd94b1_0-04,1,0,0,2,c2071026-add0-4546-8374-b6d04ddd94b1,1.0420317999614
c20e2722-11e5-4181-960c-305cfcd7cfec_183-32,3,1,1,1,c20e2722-11e5-4181-960c-305cfcd7cfec,0.1216733808887488
c23eaef5-7441-42b4-9456-9f5a4a1bd615_11-29,3,1,1,1,c23eaef5-7441-42b4-9456-9f5a4a1bd615,0.31469714392935166
c25111f0-0c78-4bf8-a16d-57a6c25c2169_10881-80,0,0,0,4,c25111f0-0c78-4bf8-a16d-57a6c25c2169,-0.36612932080125266
c25111f0-0c78-4bf8-a16d-57a6c25c2169_3852-71,4,1,1,4,c25111f0-0c78-4bf8-a16d-57a6c25c2169,0.5195767827582074
c2d28dd4-4416-4300-bbbe-23911487776a_1418-50,2,1,1,4,c2d28dd4-4416-4300-bbbe-23911487776a,0.8168928154056279
c2d28dd4-4416-4300-bbbe-23911487776a_1894-07,2,1,1,4,c2d28dd4-4416-4300-bbbe-23911487776a,1.0539888080184812
c2d28dd4-4416-4300-bbbe-23911487776a_2076-47,0,1,1,4,c2d28dd4-4416-4300-bbbe-23911487776a,0.16579864516641146
c2d28dd4-4416-4300-bbbe-23911487776a_3669-01,0,1,1,4,c2d28dd4-4416-4300-bbbe-23911487776a,0.250500966968983
c2d28dd4-4416-4300-bbbe-23911487776a_426-99,1,1,1,4,c2d28dd4-4416-4300-bbbe-23911487776a,0.988911225075485
c2d28dd4-4416-4300-bbbe-23911487776a_6637-37,0,0,0,4,c2d28dd4-4416-4300-bbbe-23911487776a,-0.1504055821288094
c34effc7-6198-4c85-80c7-c8be85b77dd3_1105-03,3,0,0,0,c34effc7-6198-4c85-80c7-c8be85b77dd3,-0.3204866924971402
c34effc7-6198-4c85-80c7-c8be85b77dd3_1620-55,3,1,1,0,c34effc7-6198-4c85-80c7-c8be85b77dd3,0.512186866944737
c34effc7-6198-4c85-80c7-c8be85b77dd3_2128-22,0,1,1,0,c34effc7-6198-4c85-80c7-c8be85b77dd3,0.501221378342067
c34effc7-6198-4c85-80c7-c8be85b77dd3_2648-25,0,0,0,0,c34effc7-6198-4c85-80c7-c8be85b77dd3,1.0584011208379227
c34effc7-6198-4c85-80c7-c8be85b77dd3_2681-98,2,1,1,0,c34effc7-6198-4c85-80c7-c8be85b77dd3,0.8209129389817799
c34effc7-6198-4c85-80c7-c8be85b77dd3_2970-00,1,1,1,0,c34effc7-6198-4c85-80c7-c8be85b77dd3,1.422623506691794
c34effc7-6198-4c85-80c7-c8be85b77dd3_2993-26,1,1,1,0,c34effc7-6198-4c85-80c7-c8be85b77dd3,1.8541739061182132
c34effc7-6198-4c85-80c7-c8be85b77dd3_4366-00,3,1,1,0,c34effc7-6198-4c85-80c7-c8be85b77dd3,1.1336557430129797
c34effc7-6198-4c85-80c7-c8be85b77dd3_5191-41,1,1,1,0,c34effc7-6198-4c85-80c7-c8be85b77dd3,0.6542578958693167
c34effc7-6198-4c85-80c7-c8be85b77dd3_5200-39,1,1,1,0,c34effc7-6198-4c85-80c7-c8be85b77dd3,1.1128888323153445
c34effc7-6198-4c85-80c7-c8be85b77dd3_5220-71,1,1,1,0,c34effc7-6198-4c85-80c7-c8be85b77dd3,0.6218837497955992
c34effc7-6198-4c85-80c7-c8be85b77dd3_5294-07,2,1,1,0,c34effc7-6198-4c85-80c7-c8be85b77dd3,0.6113622274213856
c34effc7-6198-4c85-80c7-c8be85b77dd3_5341-13,1,0,0,0,c34effc7-6198-4c85-80c7-c8be85b77dd3,0.6257944886003287
c34effc7-6198-4c85-80c7-c8be85b77dd3_694-72,2,1,1,0,c34effc7-6198-4c85-80c7-c8be85b77dd3,1.2481419570236292
c3acdda3-cd92-48c3-9052-45b57cb27e5a_1390-16,2,0,0,3,c3acdda3-cd92-48c3-9052-45b57cb27e5a,0.861396090357531
c3acdda3-cd92-48c3-9052-45b57cb27e5a_1467-01,2,1,1,3,c3acdda3-cd92-48c3-9052-45b57cb27e5a,-0.6901879945814773
c4333895-ed19-42fe-9323-271a41bdfe4c_8-13,1,1,1,0,c4333895-ed19-42fe-9323-271a41bdfe4c,-0.05797122584289982
c463128d-18cc-44ad-abf6-03ee87534919_120-41,1,1,1,4,c463128d-18cc-44ad-abf6-03ee87534919,-0.13874005985820492
c495da06-2baf-4f62-958d-5ef2e6da08c4_28-94,0,1,1,3,c495da06-2baf-4f62-958d-5ef2e6da08c4,0.3646134480265264
c5270067-6c25-45f2-b63a-1a55b85020ad_568-80,1,1,1,3,c5270067-6c25-45f2-b63a-1a55b85020ad,0.14295990875129494
c5270067-6c25-45f2-b63a-1a55b85020ad_569-44,1,0,0,3,c5270067-6c25-45f2-b63a-1a55b85020ad,-0.5476700538672218
c586c267-9ac3-45d5-a9aa-6deab0b9608d_246-72,3,1,1,2,c586c267-9ac3-45d5-a9aa-6deab0b9608d,0.2731136266632766
c58e1887-0314-4cb3-a09d-5ba529d8eda0_6-27,1,1,1,1,c58e1887-0314-4cb3-a09d-5ba529d8eda0,0.48704215066461454
c5938442-90c1-413c-be06-186222d8274f_0-03,2,0,0,0,c5938442-90c1-413c-be06-186222d8274f,0.5511032867279723
c615d305-14fe-41cd-9099-caf420beb604_1090-50,0,1,1,0,c615d305-14fe-41cd-9099-caf420beb604,0.18481361495436466
c615d305-14fe-41cd-9099-caf420beb604_955-84,3,1,1,0,c615d305-14fe-41cd-9099-caf420beb604,0.864581800221084
c6534c1f-765e-42e7-86f4-da210d5211c3_764-77,2,0,0,4,c6534c1f-765e-42e7-86f4-da210d5211c3,0.3146987963525109
c67cb1da-90ac-4da8-af17-4f8b77da9b9d_291-33,2,1,1,3,c67cb1da-90ac-4da8-af17-4f8b77da9b9d,1.4452862738121244
c6b1f7dc-3301-46e6-867a-312a5f8e7a0f_13-11,0,1,1,2,c6b1f7dc-3301-46e6-867a-312a5f8e7a0f,1.077948659357838
c6b5d782-d267-410e-8566-f7fe5d4a78a9_2700-04,3,0,0,3,c6b5d782-d267-410e-8566-f7fe5d4a78a9,0.5197307905480213
c6b5d782-d267-410e-8566-f7fe5d4a78a9_98-99,0,0,0,3,c6b5d782-d267-410e-8566-f7fe5d4a78a9,1.4874312810697377
c79e05d5-eaf6-4323-a707-744020743037_763-82,2,0,0,4,c79e05d5-eaf6-4323-a707-744020743037,0.743595379726129
c7da3efd-4a18-458e-90fd-f757ed966a63_380-64,1,0,0,4,c7da3efd-4a18-458e-90fd-f757ed966a63,0.43721311923766365
c7da3efd-4a18-458e-90fd-f757ed966a63_8-87,2,1,1,4,c7da3efd-4a18-458e-90fd-f757ed966a63,1.2184963362216392
c7e8af35-608f-4d18-b752-2f3140f5fcc4_772-15,1,1,1,3,c7e8af35-608f-4d18-b752-2f3140f5fcc4,0.1861691425742017
c7f71299-a622-4a9a-b225-019335d6f2d2_607-47,3,1,1,1,c7f71299-a622-4a9a-b225-019335d6f2d2,0.06613670504709002
c7f71299-a622-4a9a-b225-019335d6f2d2_658-88,2,0,0,1,c7f71299-a622-4a9a-b225-019335d6f2d2,1.0106670535437492
c824d4e5-298a-462b-a408-28a85a7364af_126-28,1,1,1,3,c824d4e5-298a-462b-a408-28a85a7364af,0.10161252763699713
c824d4e5-298a-462b-a408-28a85a7364af_683-96,0,1,1,3,c824d4e5-298a-462b-a408-28a85a7364af,1.794542260163099
c85251fa-eb44-4903-b27f-9cdee26e0ed5_1618-20,2,1,1,4,c85251fa-eb44-4903-b27f-9cdee26e0ed5,1.414899330641483
c85251fa-eb44-4903-b27f-9cdee26e0ed5_1632-58,0,1,1,4,c85251fa-eb44-4903-b27f-9cdee26e0ed5,1.4429827995385476
c864505c-9d49-4da4-bf7e-254b4c348c03_191-07,1,1,1,0,c864505c-9d49-4da4-bf7e-254b4c348c03,1.502323237674922
c864505c-9d49-4da4-bf7e-254b4c348c03_242-94,2,1,1,0,c864505c-9d49-4da4-bf7e-254b4c348c03,0.5147447117105303
c864505c-9d49-4da4-bf7e-254b4c348c03_540-20,3,0,0,0,c864505c-9d49-4da4-bf7e-254b4c348c03,-0.2117186810069428
c8b61175-cfa4-44f9-a88b-76609ffa4ca3_3008-85,3,1,1,0,c8b61175-cfa4-44f9-a88b-76609ffa4ca3,0.38352749649210593
c8d51f6b-7329-4367-9b24-941fa79794d2_2516-44,1,1,1,4,c8d51f6b-7329-4367-9b24-941fa79794d2,0.1613851575823721
c92cfd96-21ca-4b52-a56a-6345fbf57de0_233-46,3,0,0,2,c92cfd96-21ca-4b52-a56a-6345fbf57de0,-0.508223020946304
c92cfd96-21ca-4b52-a56a-6345fbf57de0_2877-33,2,0,0,2,c92cfd96-21ca-4b52-a56a-6345fbf57de0,0.033763113517067345
c93e077c-9f51-449c-b130-8be107c8a7d5_152-99,1,0,0,0,c93e077c-9f51-449c-b130-8be107c8a7d5,0.19225887606415426
c93e077c-9f51-449c-b130-8be107c8a7d5_199-82,2,0,0,0,c93e077c-9f51-449c-b130-8be107c8a7d5,-0.022037494417920855
c9595c28-a46b-4571-9796-3802af307bf2_188-17,3,0,0,4,c9595c28-a46b-4571-9796-3802af307bf2,1.2986102517464924
c97a7ee8-1fd4-4092-8c47-ef93dea1c8aa_539-98,2,1,1,3,c97a7ee8-1fd4-4092-8c47-ef93dea1c8aa,1.8268214048124563
ca03dcd8-9e87-4da5-9f9d-eac37ed6e9fd_320-42,3,0,0,2,ca03dcd8-9e87-4da5-9f9d-eac37ed6e9fd,1.000943536310144
ca1773b8-ec8e-4f61-8e8f-7e4211830793_1043-00,1,0,0,4,ca1773b8-ec8e-4f61-8e8f-7e4211830793,0.9473206682892334
ca1773b8-ec8e-4f61-8e8f-7e4211830793_835-99,3,1,1,4,ca1773b8-ec8e-4f61-8e8f-7e4211830793,1.345701676512059
ca22ace6-2d0e-4e0b-98d4-60544e5af4d5_1194-22,3,0,0,0,ca22ace6-2d0e-4e0b-98d4-60544e5af4d5,0.12264077869920764
ca22ace6-2d0e-4e0b-98d4-60544e5af4d5_139-96,0,1,1,0,ca22ace6-2d0e-4e0b-98d4-60544e5af4d5,0.2952705913092254
ca22ace6-2d0e-4e0b-98d4-60544e5af4d5_4682-68,1,0,0,0,ca22ace6-2d0e-4e0b-98d4-60544e5af4d5,0.7349283242662533
ca800ee3-fea2-4825-ba1d-8eaace908135_5734-95,2,0,0,1,ca800ee3-fea2-4825-ba1d-8eaace908135,-0.7402539977479847
ca800ee3-fea2-4825-ba1d-8eaace908135_6490-17,1,1,1,1,ca800ee3-fea2-4825-ba1d-8eaace908135,0.2554911462068341
caa17bb0-2b04-49b0-8ccc-38b2803a3b1f_26-31,1,0,0,1,caa17bb0-2b04-49b0-8ccc-38b2803a3b1f,0.018704134270606576
cab3c095-8054-4794-81c5-ef9dce1d1373_376-97,3,0,0,0,cab3c095-8054-4794-81c5-ef9dce1d1373,0.7165542580659697
cb0013d1-84a7-42c7-962a-3b00043365e5_1957-07,1,1,1,4,cb0013d1-84a7-42c7-962a-3b00043365e5,0.3599100824077827
cb1f1ddf-f4f6-4b0e-ab73-0285729ba790_40-06,1,1,1,3,cb1f1ddf-f4f6-4b0e-ab73-0285729ba790,0.6569113423774012
cb87d2ca-dc4f-4e1c-a13f-a8fe7dc952e9_11-49,1,0,0,2,cb87d2ca-dc4f-4e1c-a13f-a8fe7dc952e9,0.10926708206640262
cb87d2ca-dc4f-4e1c-a13f-a8fe7dc952e9_115-52,3,0,0,2,cb87d2ca-dc4f-4e1c-a13f-a8fe7dc952e9,0.9410797151430681
cb87d2ca-dc4f-4e1c-a13f-a8fe7dc952e9_23-76,2,0,0,2,cb87d2ca-dc4f-4e1c-a13f-a8fe7dc952e9,0.9619720874656783
cb87d2ca-dc4f-4e1c-a13f-a8fe7dc952e9_98-75,2,0,0,2,cb87d2ca-dc4f-4e1c-a13f-a8fe7dc952e9,1.1655883518464363
cb8df5e7-af5c-4211-b779-0568f94c7ded_1890-31,3,0,0,4,cb8df5e7-af5c-4211-b779-0568f94c7ded,0.5273787688072513
cb8df5e7-af5c-4211-b779-0568f94c7ded_3375-73,1,0,0,4,cb8df5e7-af5c-4211-b779-0568f94c7ded,0.5723703827442086
cb8df5e7-af5c-4211-b779-0568f94c7ded_3449-61,0,1,1,4,cb8df5e7-af5c-4211-b779-0568f94c7ded,-0.12093067444312461
cb987dd4-f0ec-46ed-8bf0-3fee8c84fc90_2701-67,3,1,1,2,cb987dd4-f0ec-46ed-8bf0-3fee8c84fc90,0.5023738097827484
cb9de2c6-ff1a-48e8-b170-047e9471b588_1100-53,1,1,1,3,cb9de2c6-ff1a-48e8-b170-047e9471b588,0.6636716604669158
cb9de2c6-ff1a-48e8-b170-047e9471b588_836-21,1,1,1,3,cb9de2c6-ff1a-48e8-b170-047e9471b588,1.4509359768816412
cb9de2c6-ff1a-48e8-b170-047e9471b588_884-63,1,1,1,3,cb9de2c6-ff1a-48e8-b170-047e9471b588,1.2844934678349915
cb9de2c6-ff1a-48e8-b170-047e9471b588_931-60,0,1,1,3,cb9de2c6-ff1a-48e8-b170-047e9471b588,1.4573023579597968
cbc5c4fe-ed66-4525-a3d8-d691064db66b_262-02,3,0,0,0,cbc5c4fe-ed66-4525-a3d8-d691064db66b,-0.2595070518115525
cbc5c4fe-ed66-4525-a3d8-d691064db66b_527-23,3,0,0,0,cbc5c4fe-ed66-4525-a3d8-d691064db66b,0.7036411469862659
cbc5c4fe-ed66-4525-a3d8-d691064db66b_545-69,1,1,1,0,cbc5c4fe-ed66-4525-a3d8-d691064db66b,0.5471474913355235
cbc5c4fe-ed66-4525-a3d8-d691064db66b_729-17,3,1,1,0,cbc5c4fe-ed66-4525-a3d8-d691064db66b,-0.37615528099985035
cbfeb6c8-ec1f-4884-bcbf-14d7764c4a36_0-01,2,0,0,1,cbfeb6c8-ec1f-4884-bcbf-14d7764c4a36,-0.6435841587433708
cc82c3dc-caf7-4d64-9c84-b4701e205344_230-08,1,1,1,0,cc82c3dc-caf7-4d64-9c84-b4701e205344,0.49808954622718704
cc83fb01-1904-4917-8d11-2fe2c66a990c_5792-18,2,0,0,3,cc83fb01-1904-4917-8d11-2fe2c66a990c,0.18102603432920705
cce59bcd-0ebc-463e-bbb1-094186a6ed8d_1562-00,2,0,0,2,cce59bcd-0ebc-463e-bbb1-094186a6ed8d,1.1099373860987112
cce59bcd-0ebc-463e-bbb1-094186a6ed8d_36-05,1,1,1,2,cce59bcd-0ebc-463e-bbb1-094186a6ed8d,1.3134181764107231
cd0c7d35-19cf-4ce2-9b40-0209547acde5_1364-91,1,0,0,4,cd0c7d35-19cf-4ce2-9b40-0209547acde5,1.2461548475314892
cd0c7d35-19cf-4ce2-9b40-0209547acde5_1365-10,2,1,1,4,cd0c7d35-19cf-4ce2-9b40-0209547acde5,0.9058454338967412
cd0c7d35-19cf-4ce2-9b40-0209547acde5_1447-25,2,1,1,4,cd0c7d35-19cf-4ce2-9b40-0209547acde5,1.1216219067411335
cd0c7d35-19cf-4ce2-9b40-0209547acde5_284-45,3,1,1,4,cd0c7d35-19cf-4ce2-9b40-0209547acde5,0.13496238465369986
cd1d3c56-69ca-4602-944e-bb9fabb9710b_1637-32,3,0,0,3,cd1d3c56-69ca-4602-944e-bb9fabb9710b,-0.1295148340304339
cd1d3c56-69ca-4602-944e-bb9fabb9710b_1865-43,0,1,1,3,cd1d3c56-69ca-4602-944e-bb9fabb9710b,0.05043379267281989
cdaee0ff-a9ab-4935-91a2-45042d55b39c_353-27,1,1,1,2,cdaee0ff-a9ab-4935-91a2-45042d55b39c,0.24228663903019892
cdfd99eb-88c6-4bc7-8f66-e0318216feab_820-48,2,0,0,2,cdfd99eb-88c6-4bc7-8f66-e0318216feab,-0.05956014675013693
ce121331-6a77-44c0-9c0d-8d6b21f73b24_67-61,1,1,1,1,ce121331-6a77-44c0-9c0d-8d6b21f73b24,1.1699057290602115
ce19b572-7341-426a-8c2f-fe067344c98d_1914-35,0,0,0,0,ce19b572-7341-426a-8c2f-fe067344c98d,-0.48776168201836007
ce19b572-7341-426a-8c2f-fe067344c98d_1972-11,2,0,0,0,ce19b572-7341-426a-8c2f-fe067344c98d,0.29878470391240985
cea9a5cc-6682-474f-bae4-483ca722ec43_359-69,2,1,1,0,cea9a5cc-6682-474f-bae4-483ca722ec43,1.9007967032902036
cebb6331-2a18-454a-862b-3aa502267017_1587-77,2,0,0,4,cebb6331-2a18-454a-862b-3aa502267017,0.11969519863562478
cf3956a7-8cc6-4a99-8770-71a15c7e69c7_4456-62,1,1,1,4,cf3956a7-8cc6-4a99-8770-71a15c7e69c7,0.3292988586155056
cf3956a7-8cc6-4a99-8770-71a15c7e69c7_4824-79,2,1,1,4,cf3956a7-8cc6-4a99-8770-71a15c7e69c7,0.47983272547293426
cf3956a7-8cc6-4a99-8770-71a15c7e69c7_5040-48,2,1,1,4,cf3956a7-8cc6-4a99-8770-71a15c7e69c7,1.5117256588558572
cfa58f86-6a63-46fc-8510-6a8d517f933b_689-38,3,1,1,3,cfa58f86-6a63-46fc-8510-6a8d517f933b,1.5041982764158437
cfa595aa-c467-48fe-a86b-2e9b1a63ccab_1218-24,3,0,0,2,cfa595aa-c467-48fe-a86b-2e9b1a63ccab,0.5488596424893943
cfc42371-cd58-48df-8bc5-f2fb29a6091e_1191-27,2,1,1,2,cfc42371-cd58-48df-8bc5-f2fb29a6091e,0.4606781185630477
cfc42371-cd58-48df-8bc5-f2fb29a6091e_1271-05,3,1,1,2,cfc42371-cd58-48df-8bc5-f2fb29a6091e,-0.353621163228191
cfc42371-cd58-48df-8bc5-f2fb29a6091e_1273-98,0,1,1,2,cfc42371-cd58-48df-8bc5-f2fb29a6091e,0.1656295794001829
d013010f-fca0-4fc0-9545-500318a8e91f_511-08,3,1,1,1,d013010f-fca0-4fc0-9545-500318a8e91f,-0.31865451439726766
d0396c77-6ecc-4d9f-bda1-af051699d0cf_1049-41,2,0,0,0,d0396c77-6ecc-4d9f-bda1-af051699d0cf,0.6842378679307922
d0396c77-6ecc-4d9f-bda1-af051699d0cf_3645-32,1,1,1,0,d0396c77-6ecc-4d9f-bda1-af051699d0cf,0.9377531400387781
d0396c77-6ecc-4d9f-bda1-af051699d0cf_4546-97,2,1,1,0,d0396c77-6ecc-4d9f-bda1-af051699d0cf,0.36067304620274887
d08cd963-d98b-4c9b-ba9f-cf7763e4b94e_1184-89,3,1,1,0,d08cd963-d98b-4c9b-ba9f-cf7763e4b94e,-0.636575717970939
d0925317-dc23-4cb4-a375-a7baddc06b27_901-57,1,1,1,4,d0925317-dc23-4cb4-a375-a7baddc06b27,0.7792961997679697
d0a861f7-3e5c-4836-9b43-29a0b3288165_1279-67,2,1,1,4,d0a861f7-3e5c-4836-9b43-29a0b3288165,0.18811325987153166
d0a861f7-3e5c-4836-9b43-29a0b3288165_550-69,3,0,0,4,d0a861f7-3e5c-4836-9b43-29a0b3288165,-0.18279265998378574
d0a861f7-3e5c-4836-9b43-29a0b3288165_829-52,0,0,0,4,d0a861f7-3e5c-4836-9b43-29a0b3288165,0.2248102901362416
d0aedb4e-82cc-406a-a395-3573049a49ee_4319-84,1,0,0,4,d0aedb4e-82cc-406a-a395-3573049a49ee,1.2277774061282003
d0aedb4e-82cc-406a-a395-3573049a49ee_596-85,0,0,0,4,d0aedb4e-82cc-406a-a395-3573049a49ee,-0.4299676227206598
d0c0065b-79d2-4e6f-9c0f-e212dd17a0ca_31-42,0,0,0,3,d0c0065b-79d2-4e6f-9c0f-e212dd17a0ca,0.3330136405617381
d10798c3-6b79-4c0d-aafd-8daad36c51db_44-79,1,1,1,2,d10798c3-6b79-4c0d-aafd-8daad36c51db,0.6250847329187716
d1952343-6eaf-4317-ae19-6b48b292ad24_877-17,2,0,0,3,d1952343-6eaf-4317-ae19-6b48b292ad24,1.2193647935010974
d1a27322-8acd-4297-9029-db45af8d7cc2_127-67,3,1,1,4,d1a27322-8acd-4297-9029-db45af8d7cc2,0.04464659926122844
d1a27322-8acd-4297-9029-db45af8d7cc2_164-10,2,0,0,4,d1a27322-8acd-4297-9029-db45af8d7cc2,-0.4864204896590152
d1a27322-8acd-4297-9029-db45af8d7cc2_34-04,3,0,0,4,d1a27322-8acd-4297-9029-db45af8d7cc2,-0.35428834504909457
d1c2a107-ba9a-4615-83e1-f609864b8541_35-35,1,1,1,4,d1c2a107-ba9a-4615-83e1-f609864b8541,0.5239761136624339
d1c7b7ec-506e-4c02-b008-8b5aaaf442d7_1891-93,1,1,1,1,d1c7b7ec-506e-4c02-b008-8b5aaaf442d7,1.4957455042671883
d1c7b7ec-506e-4c02-b008-8b5aaaf442d7_847-39,3,0,0,1,d1c7b7ec-506e-4c02-b008-8b5aaaf442d7,-0.07259821976614994
d27c5c7e-db9c-48f4-bea5-9970078d352e_1216-84,0,0,0,1,d27c5c7e-db9c-48f4-bea5-9970078d352e,-0.5828398159861226
d27c5c7e-db9c-48f4-bea5-9970078d352e_1570-49,3,0,0,1,d27c5c7e-db9c-48f4-bea5-9970078d352e,0.4521008575399771
d27c5c7e-db9c-48f4-bea5-9970078d352e_1635-43,2,1,1,1,d27c5c7e-db9c-48f4-bea5-9970078d352e,-0.19617229610823966
d27c5c7e-db9c-48f4-bea5-9970078d352e_87-62,3,0,0,1,d27c5c7e-db9c-48f4-bea5-9970078d352e,0.2974445197114145
d27c5c7e-db9c-48f4-bea5-9970078d352e_90-20,2,1,1,1,d27c5c7e-db9c-48f4-bea5-9970078d352e,0.28597910037501917
d2985e7b-6dc8-4c7e-9aef-40d633895aa0_1413-23,0,1,1,1,d2985e7b-6dc8-4c7e-9aef-40d633895aa0,0.16287297301323933
d2985e7b-6dc8-4c7e-9aef-40d633895aa0_448-20,1,1,1,1,d2985e7b-6dc8-4c7e-9aef-40d633895aa0,0.4075824042863919
d29b209e-cbc7-40a7-a0d6-acf803b86c78_4-53,3,0,0,0,d29b209e-cbc7-40a7-a0d6-acf803b86c78,-0.06884056810167472
d3279f4f-eea5-448f-a930-aafac6b668ac_1962-11,3,1,1,4,d3279f4f-eea5-448f-a930-aafac6b668ac,-0.3283681301153807
d36cf2fd-8916-4b69-b7a2-e9743675fb38_3568-39,0,0,0,2,d36cf2fd-8916-4b69-b7a2-e9743675fb38,0.7915134955218286
d36cf2fd-8916-4b69-b7a2-e9743675fb38_3851-77,0,1,1,2,d36cf2fd-8916-4b69-b7a2-e9743675fb38,0.9567743817087637
d3980f7e-2ef1-4b2b-b73a-2a7db7465660_117-14,3,1,1,3,d3980f7e-2ef1-4b2b-b73a-2a7db7465660,0.20599745295156657
d3980f7e-2ef1-4b2b-b73a-2a7db7465660_452-63,0,0,0,3,d3980f7e-2ef1-4b2b-b73a-2a7db7465660,0.08391230628233692
d3a0899e-2093-454c-9f65-30087883193a_399-22,2,0,0,3,d3a0899e-2093-454c-9f65-30087883193a,0.3492876124739771
d3dafc0b-c623-4c4b-9a4a-ee56538e257c_519-43,0,0,0,2,d3dafc0b-c623-4c4b-9a4a-ee56538e257c,0.35192420500259375
d3de44fb-a6e8-4815-b28f-798de4bfd7eb_1337-08,1,1,1,1,d3de44fb-a6e8-4815-b28f-798de4bfd7eb,0.5813537033455745
d3f76c88-5996-4da0-8b8f-6c1b8f85a4d8_18062-30,1,1,1,1,d3f76c88-5996-4da0-8b8f-6c1b8f85a4d8,0.06683389392354877
d3f76c88-5996-4da0-8b8f-6c1b8f85a4d8_5099-68,0,1,1,1,d3f76c88-5996-4da0-8b8f-6c1b8f85a4d8,0.9023310344221851
d3f76c88-5996-4da0-8b8f-6c1b8f85a4d8_9209-81,2,0,0,1,d3f76c88-5996-4da0-8b8f-6c1b8f85a4d8,-0.28461182940808083
d40be91b-85bb-4c47-ac18-52c4d044e3fc_13523-54,3,1,1,4,d40be91b-85bb-4c47-ac18-52c4d044e3fc,0.4452357168091505
d40be91b-85bb-4c47-ac18-52c4d044e3fc_2988-20,3,0,0,4,d40be91b-85bb-4c47-ac18-52c4d044e3fc,-0.0791506614575393
d40be91b-85bb-4c47-ac18-52c4d044e3fc_5905-56,2,0,0,4,d40be91b-85bb-4c47-ac18-52c4d044e3fc,-0.3553945781607738
d521d31b-83aa-48ef-9ccf-eee9773c50dc_3808-98,2,0,0,0,d521d31b-83aa-48ef-9ccf-eee9773c50dc,0.8519192347712391
d551e6e5-50b5-4eab-88df-f213e6509ea0_1428-48,2,1,1,4,d551e6e5-50b5-4eab-88df-f213e6509ea0,0.6236838817433021
d55c3204-8dfe-44c4-8822-d748e6fe6d8a_600-02,1,1,1,0,d55c3204-8dfe-44c4-8822-d748e6fe6d8a,1.2421045415131169
d55c3204-8dfe-44c4-8822-d748e6fe6d8a_759-81,1,1,1,0,d55c3204-8dfe-44c4-8822-d748e6fe6d8a,1.319587824226728
d6491872-31a0-4015-b9e1-ae992406f849_51-07,0,1,1,3,d6491872-31a0-4015-b9e1-ae992406f849,2.209305850498327
d64fb34a-08fd-416c-ac6f-86a0813869a8_275-80,0,0,0,3,d64fb34a-08fd-416c-ac6f-86a0813869a8,0.02581366248157485
d64fb34a-08fd-416c-ac6f-86a0813869a8_290-32,1,1,1,3,d64fb34a-08fd-416c-ac6f-86a0813869a8,1.6047219328782423
d64fb34a-08fd-416c-ac6f-86a0813869a8_437-60,3,1,1,3,d64fb34a-08fd-416c-ac6f-86a0813869a8,-0.03344301704236852
d64fb34a-08fd-416c-ac6f-86a0813869a8_466-80,3,0,0,3,d64fb34a-08fd-416c-ac6f-86a0813869a8,0.49327688529625124
d64fb34a-08fd-416c-ac6f-86a0813869a8_494-32,4,1,1,3,d64fb34a-08fd-416c-ac6f-86a0813869a8,-0.4616361319758911
d64fb34a-08fd-416c-ac6f-86a0813869a8_512-82,3,0,0,3,d64fb34a-08fd-416c-ac6f-86a0813869a8,0.08645440304403973
d64fb34a-08fd-416c-ac6f-86a0813869a8_810-92,1,0,0,3,d64fb34a-08fd-416c-ac6f-86a0813869a8,0.48338127730710856
d66f42bb-822b-444a-bce0-ddd15b29bd1b_149-48,1,0,0,1,d66f42bb-822b-444a-bce0-ddd15b29bd1b,1.3284392524481994
d66f42bb-822b-444a-bce0-ddd15b29bd1b_7-30,2,0,0,1,d66f42bb-822b-444a-bce0-ddd15b29bd1b,0.6214747081506171
d6e0bff0-9501-4750-b97f-95f134f6618b_781-93,1,1,1,2,d6e0bff0-9501-4750-b97f-95f134f6618b,0.9592242736532448
d6f9d174-2d42-49e7-83e4-daa9e8b0aa25_1070-43,1,0,0,4,d6f9d174-2d42-49e7-83e4-daa9e8b0aa25,-0.5629478197465518
d6f9d174-2d42-49e7-83e4-daa9e8b0aa25_1389-10,0,1,1,4,d6f9d174-2d42-49e7-83e4-daa9e8b0aa25,0.39950288397220807
d6f9d174-2d42-49e7-83e4-daa9e8b0aa25_211-63,2,0,0,4,d6f9d174-2d42-49e7-83e4-daa9e8b0aa25,-0.03966478861668393
d6f9d174-2d42-49e7-83e4-daa9e8b0aa25_270-04,0,1,1,4,d6f9d174-2d42-49e7-83e4-daa9e8b0aa25,0.6786983045571264
d6f9d174-2d42-49e7-83e4-daa9e8b0aa25_432-24,3,1,1,4,d6f9d174-2d42-49e7-83e4-daa9e8b0aa25,-0.2925207106161344
d6f9d174-2d42-49e7-83e4-daa9e8b0aa25_64-13,2,1,1,4,d6f9d174-2d42-49e7-83e4-daa9e8b0aa25,1.0718555816331345
d6f9d174-2d42-49e7-83e4-daa9e8b0aa25_831-84,1,1,1,4,d6f9d174-2d42-49e7-83e4-daa9e8b0aa25,1.039062333003051
d70be6cb-867f-4657-9a87-5d44ab30527a_887-35,1,1,1,1,d70be6cb-867f-4657-9a87-5d44ab30527a,1.1126864900583395
d730a47a-013d-4cd3-b478-370f2fb0d918_1149-88,2,0,0,0,d730a47a-013d-4cd3-b478-370f2fb0d918,0.024757865953516145
d7480d27-f607-4a5a-8c31-9d299f70a4b8_1934-95,2,0,0,0,d7480d27-f607-4a5a-8c31-9d299f70a4b8,0.7936256375791234
d7480d27-f607-4a5a-8c31-9d299f70a4b8_3616-43,0,0,0,0,d7480d27-f607-4a5a-8c31-9d299f70a4b8,-0.5070531384272484
d7480d27-f607-4a5a-8c31-9d299f70a4b8_406-05,2,1,1,0,d7480d27-f607-4a5a-8c31-9d299f70a4b8,-0.4455369060271759
d74c95ba-e072-44f8-bb2f-2631379af06d_1057-19,3,0,0,3,d74c95ba-e072-44f8-bb2f-2631379af06d,0.24908216523247795
d752fc52-9592-4cb5-910b-d09bb39261fd_420-77,2,1,1,2,d752fc52-9592-4cb5-910b-d09bb39261fd,1.1022333233668165
d7d516f6-4ba0-4ea7-a18f-f943abc50ff8_869-60,1,1,1,2,d7d516f6-4ba0-4ea7-a18f-f943abc50ff8,1.6363196725274411
d813a821-8cc1-4700-a7a4-d4e6edfed26e_449-05,3,1,1,1,d813a821-8cc1-4700-a7a4-d4e6edfed26e,0.7252827862910933
d813a821-8cc1-4700-a7a4-d4e6edfed26e_57-94,1,0,0,1,d813a821-8cc1-4700-a7a4-d4e6edfed26e,-0.15441340047809554
d8915c4c-6534-4b0a-b46a-02a03d8031da_0-20,2,0,0,1,d8915c4c-6534-4b0a-b46a-02a03d8031da,-0.5833321079225351
d8936caf-0142-4ceb-bacc-70313a19f169_142-89,3,1,1,3,d8936caf-0142-4ceb-bacc-70313a19f169,-0.5134798993827061
d8936caf-0142-4ceb-bacc-70313a19f169_660-34,2,1,1,3,d8936caf-0142-4ceb-bacc-70313a19f169,0.9941847951557764
d8936caf-0142-4ceb-bacc-70313a19f169_694-31,2,0,0,3,d8936caf-0142-4ceb-bacc-70313a19f169,-0.20565646860620856
d8936caf-0142-4ceb-bacc-70313a19f169_805-14,4,1,1,3,d8936caf-0142-4ceb-bacc-70313a19f169,1.009276480636275
d8936caf-0142-4ceb-bacc-70313a19f169_888-66,2,1,1,3,d8936caf-0142-4ceb-bacc-70313a19f169,1.1454157522727964
d8c7bf34-0440-48b3-bf22-263d7c926074_109-23,3,0,0,0,d8c7bf34-0440-48b3-bf22-263d7c926074,1.6314367533383223
d9bc2b47-181e-4fea-b153-15272b1646e1_589-30,2,0,0,4,d9bc2b47-181e-4fea-b153-15272b1646e1,1.0925569885220774
daf5384b-ea5c-4cce-bb8a-540a360075bf_1127-92,2,1,1,3,daf5384b-ea5c-4cce-bb8a-540a360075bf,0.5475455257340499
daf5384b-ea5c-4cce-bb8a-540a360075bf_676-16,3,1,1,3,daf5384b-ea5c-4cce-bb8a-540a360075bf,0.6041041418300114
db00f224-0dba-4c50-975a-178e0e1033fe_290-41,0,0,0,3,db00f224-0dba-4c50-975a-178e0e1033fe,0.7902210416048362
db35b386-4c65-4c5e-a488-51b2aa5eb1fb_1982-83,0,1,1,4,db35b386-4c65-4c5e-a488-51b2aa5eb1fb,-0.31105027166286636
db35b386-4c65-4c5e-a488-51b2aa5eb1fb_481-32,1,1,1,4,db35b386-4c65-4c5e-a488-51b2aa5eb1fb,0.6916398211014347
db35b386-4c65-4c5e-a488-51b2aa5eb1fb_554-63,1,1,1,4,db35b386-4c65-4c5e-a488-51b2aa5eb1fb,0.012422705193364136
db35b386-4c65-4c5e-a488-51b2aa5eb1fb_589-73,2,1,1,4,db35b386-4c65-4c5e-a488-51b2aa5eb1fb,-0.048881316446815815
dbcca18b-4b62-4ba1-b799-a6a65231d084_2471-26,1,1,1,3,dbcca18b-4b62-4ba1-b799-a6a65231d084,-0.3146518042196432
dbcca18b-4b62-4ba1-b799-a6a65231d084_3794-64,0,0,0,3,dbcca18b-4b62-4ba1-b799-a6a65231d084,0.6460260790745539
dbcca18b-4b62-4ba1-b799-a6a65231d084_3795-07,3,0,0,3,dbcca18b-4b62-4ba1-b799-a6a65231d084,0.758947201475863
dc16fb2a-7caf-41f4-b2a3-d2ff8cd38255_65-68,0,1,1,2,dc16fb2a-7caf-41f4-b2a3-d2ff8cd38255,1.0773154464531154
dc4d0940-b35c-4700-af77-5f13bb530ad8_1063-54,3,1,1,1,dc4d0940-b35c-4700-af77-5f13bb530ad8,1.8840093317776405
dca2e9e2-acde-49b7-8b0e-5a150e536769_3059-39,0,1,1,0,dca2e9e2-acde-49b7-8b0e-5a150e536769,0.7119150735893857
dced4894-d13a-4222-941b-5e4ecf1e3299_1046-91,1,0,0,0,dced4894-d13a-4222-941b-5e4ecf1e3299,0.1340173014333994
dced4894-d13a-4222-941b-5e4ecf1e3299_1473-25,3,1,1,0,dced4894-d13a-4222-941b-5e4ecf1e3299,-0.31666593633755696
dced4894-d13a-4222-941b-5e4ecf1e3299_629-13,1,1,1,0,dced4894-d13a-4222-941b-5e4ecf1e3299,0.6854198673076334
dced4894-d13a-4222-941b-5e4ecf1e3299_663-36,3,1,1,0,dced4894-d13a-4222-941b-5e4ecf1e3299,-0.5087142958337738
dd0aa717-59d8-4d8a-9f11-21be827fb184_1260-03,1,0,0,0,dd0aa717-59d8-4d8a-9f11-21be827fb184,0.4162515643328544
dd0aa717-59d8-4d8a-9f11-21be827fb184_406-80,0,0,0,0,dd0aa717-59d8-4d8a-9f11-21be827fb184,0.022193853364117944
dd0aa717-59d8-4d8a-9f11-21be827fb184_600-81,1,0,0,0,dd0aa717-59d8-4d8a-9f11-21be827fb184,0.1664439250689994
dd508a2a-1ea7-43d2-805a-8080eeae9985_1035-99,3,1,1,1,dd508a2a-1ea7-43d2-805a-8080eeae9985,0.559353397437441
dd508a2a-1ea7-43d2-805a-8080eeae9985_1133-08,0,0,0,1,dd508a2a-1ea7-43d2-805a-8080eeae9985,1.0104162797291227
dd508a2a-1ea7-43d2-805a-8080eeae9985_27-58,3,0,0,1,dd508a2a-1ea7-43d2-805a-8080eeae9985,-0.19029716901415095
dd508a2a-1ea7-43d2-805a-8080eeae9985_36-14,0,0,0,1,dd508a2a-1ea7-43d2-805a-8080eeae9985,0.37041049274484006
dd508a2a-1ea7-43d2-805a-8080eeae9985_856-81,2,0,0,1,dd508a2a-1ea7-43d2-805a-8080eeae9985,2.1718098108063826
dd508a2a-1ea7-43d2-805a-8080eeae9985_886-44,3,0,0,1,dd508a2a-1ea7-43d2-805a-8080eeae9985,-0.029536319513957132
dd5214e7-85bb-41b4-93e0-5ef34b8af687_1307-52,2,1,1,4,dd5214e7-85bb-41b4-93e0-5ef34b8af687,0.30074113657164697
dd82f801-fc96-4ced-b066-ad559da3faab_124-35,3,0,0,4,dd82f801-fc96-4ced-b066-ad559da3faab,0.42408901943575567
dd82f801-fc96-4ced-b066-ad559da3faab_1750-27,3,1,1,4,dd82f801-fc96-4ced-b066-ad559da3faab,0.486229454272424
dd82f801-fc96-4ced-b066-ad559da3faab_1757-91,0,1,1,4,dd82f801-fc96-4ced-b066-ad559da3faab,-0.03607302066792195
dd82f801-fc96-4ced-b066-ad559da3faab_1788-27,3,1,1,4,dd82f801-fc96-4ced-b066-ad559da3faab,0.0011327085756513977
dd82f801-fc96-4ced-b066-ad559da3faab_284-37,1,0,0,4,dd82f801-fc96-4ced-b066-ad559da3faab,0.183144783113183
dd82f801-fc96-4ced-b066-ad559da3faab_601-49,0,0,0,4,dd82f801-fc96-4ced-b066-ad559da3faab,-0.6619855741996488
dd82f801-fc96-4ced-b066-ad559da3faab_621-91,3,1,1,4,dd82f801-fc96-4ced-b066-ad559da3faab,0.21182861694530114
dd82f801-fc96-4ced-b066-ad559da3faab_818-04,2,0,0,4,dd82f801-fc96-4ced-b066-ad559da3faab,0.5124457176083255
dd82f801-fc96-4ced-b066-ad559da3faab_836-46,1,1,1,4,dd82f801-fc96-4ced-b066-ad559da3faab,0.22682948668996566
dd82f801-fc96-4ced-b066-ad559da3faab_905-66,2,0,0,4,dd82f801-fc96-4ced-b066-ad559da3faab,-0.43449868224263366
de37a11d-1dcd-4f5b-9054-155093b3a073_1154-49,1,1,1,4,de37a11d-1dcd-4f5b-9054-155093b3a073,-0.024596909992086524
de37a11d-1dcd-4f5b-9054-155093b3a073_1242-75,2,1,1,4,de37a11d-1dcd-4f5b-9054-155093b3a073,1.3313794790211875
de37a11d-1dcd-4f5b-9054-155093b3a073_6370-24,0,0,0,4,de37a11d-1dcd-4f5b-9054-155093b3a073,0.3195881377095326
de37a11d-1dcd-4f5b-9054-155093b3a073_7411-22,2,1,1,4,de37a11d-1dcd-4f5b-9054-155093b3a073,0.3208282528808864
de37a11d-1dcd-4f5b-9054-155093b3a073_8700-46,3,1,1,4,de37a11d-1dcd-4f5b-9054-155093b3a073,0.6543471699399714
dedaa2ad-306d-47b3-a4c4-90b6b2c37e78_8149-03,1,1,1,3,dedaa2ad-306d-47b3-a4c4-90b6b2c37e78,0.6849622599825894
df0b81a6-826c-4e9b-8921-392304716c0e_525-16,2,0,0,2,df0b81a6-826c-4e9b-8921-392304716c0e,0.35845897766484763
df0b81a6-826c-4e9b-8921-392304716c0e_554-75,0,0,0,2,df0b81a6-826c-4e9b-8921-392304716c0e,0.8067332330636741
df1a31a9-6508-4d9d-b1c7-cffc7bcc5d29_41-87,1,0,0,0,df1a31a9-6508-4d9d-b1c7-cffc7bcc5d29,0.6297274308721709
df630387-82c6-4c90-95e8-6ba558c907a2_202-79,2,0,0,1,df630387-82c6-4c90-95e8-6ba558c907a2,0.34815079065397747
dfd0bc0c-28fc-4302-9a75-77df6c53ab31_658-80,3,1,1,2,dfd0bc0c-28fc-4302-9a75-77df6c53ab31,-0.18826914994603156
dfe44f90-17f9-43eb-adf4-da35f15002ed_1647-36,1,0,0,4,dfe44f90-17f9-43eb-adf4-da35f15002ed,0.18515159847724566
dfe44f90-17f9-43eb-adf4-da35f15002ed_825-32,2,0,0,4,dfe44f90-17f9-43eb-adf4-da35f15002ed,-0.2563668289851674
e00d8164-9996-48ed-8645-bb88ab30cc09_113-51,1,1,1,3,e00d8164-9996-48ed-8645-bb88ab30cc09,1.3385880861313373
e0d46807-4c3b-44a0-ac59-cb970c8d5a5a_6-18,1,0,0,4,e0d46807-4c3b-44a0-ac59-cb970c8d5a5a,0.9823949032400923
e14bb000-250b-4f3d-aec6-e72d4f29d123_1299-73,1,1,1,2,e14bb000-250b-4f3d-aec6-e72d4f29d123,0.40664168775581283
e14bb000-250b-4f3d-aec6-e72d4f29d123_367-23,3,0,0,2,e14bb000-250b-4f3d-aec6-e72d4f29d123,0.1420666744746401
e14bb000-250b-4f3d-aec6-e72d4f29d123_968-06,1,0,0,2,e14bb000-250b-4f3d-aec6-e72d4f29d123,0.5202944308587338
e14bb000-250b-4f3d-aec6-e72d4f29d123_97-24,2,1,1,2,e14bb000-250b-4f3d-aec6-e72d4f29d123,0.574365947046845
e14bb000-250b-4f3d-aec6-e72d4f29d123_977-37,0,1,1,2,e14bb000-250b-4f3d-aec6-e72d4f29d123,1.6822567238471038
e18a43a4-1e7b-4478-bc7f-16cb55a8ac16_875-97,1,1,1,3,e18a43a4-1e7b-4478-bc7f-16cb55a8ac16,0.7742521608423522
e1b0b312-ce2d-41a0-be5a-70c807fcc5ef_2287-10,0,0,0,3,e1b0b312-ce2d-41a0-be5a-70c807fcc5ef,0.29474905941044294
e1b0b312-ce2d-41a0-be5a-70c807fcc5ef_2428-09,0,1,1,3,e1b0b312-ce2d-41a0-be5a-70c807fcc5ef,-0.178205766124447
e21a6f09-3df0-4bfb-a23b-47a1866aadf1_511-16,1,0,0,1,e21a6f09-3df0-4bfb-a23b-47a1866aadf1,0.12516981872842303
e21a6f09-3df0-4bfb-a23b-47a1866aadf1_526-23,1,0,0,1,e21a6f09-3df0-4bfb-a23b-47a1866aadf1,0.778756591891899
e21a6f09-3df0-4bfb-a23b-47a1866aadf1_540-06,1,1,1,1,e21a6f09-3df0-4bfb-a23b-47a1866aadf1,1.663648878434487
e2a1583d-7460-4d02-ac29-6968f16812c3_338-61,0,0,0,2,e2a1583d-7460-4d02-ac29-6968f16812c3,0.5813214080711284
e2dd39cb-63e2-4ebb-b99a-ad7ff579b048_78-33,1,0,0,1,e2dd39cb-63e2-4ebb-b99a-ad7ff579b048,0.9631138624187889
e2e46fb1-9014-426b-9bd4-ea0b995feb31_1007-32,0,1,1,0,e2e46fb1-9014-426b-9bd4-ea0b995feb31,0.5218342069218486
e3283ef1-1659-4d5c-a09d-fd0f4df98aba_73-31,1,1,1,4,e3283ef1-1659-4d5c-a09d-fd0f4df98aba,0.9040080646527966
e339898f-5e79-4723-89d7-44ba33b163de_500-86,3,1,1,3,e339898f-5e79-4723-89d7-44ba33b163de,0.5393728923154609
e3f37c38-bf24-481f-b1c6-8d472fab4290_1679-92,3,0,0,4,e3f37c38-bf24-481f-b1c6-8d472fab4290,-0.1822746075307795
e3f37c38-bf24-481f-b1c6-8d472fab4290_3800-16,3,0,0,4,e3f37c38-bf24-481f-b1c6-8d472fab4290,0.44986295939423687
e3f37c38-bf24-481f-b1c6-8d472fab4290_5304-28,1,1,1,4,e3f37c38-bf24-481f-b1c6-8d472fab4290,-0.5446989935236742
e402df54-0a64-424e-a7e6-3e68b18a761c_1045-12,1,1,1,2,e402df54-0a64-424e-a7e6-3e68b18a761c,0.5068433625877209
e402df54-0a64-424e-a7e6-3e68b18a761c_1064-59,1,0,0,2,e402df54-0a64-424e-a7e6-3e68b18a761c,1.216593031993645
e402df54-0a64-424e-a7e6-3e68b18a761c_242-70,0,0,0,2,e402df54-0a64-424e-a7e6-3e68b18a761c,0.05790660289611432
e402df54-0a64-424e-a7e6-3e68b18a761c_62-43,2,0,0,2,e402df54-0a64-424e-a7e6-3e68b18a761c,0.2535471772868331
e54d654b-86ca-4219-bbf4-68575fffa098_2992-60,3,1,1,2,e54d654b-86ca-4219-bbf4-68575fffa098,0.725021083962154
e55e4faf-dec5-40ee-b375-f0b049b9b280_285-98,0,0,0,1,e55e4faf-dec5-40ee-b375-f0b049b9b280,0.8458510667581176
e55e4faf-dec5-40ee-b375-f0b049b9b280_342-72,1,0,0,1,e55e4faf-dec5-40ee-b375-f0b049b9b280,0.05767035967533962
e579ef82-c68f-44dc-8b0f-7fe62e20974c_2509-16,0,1,1,1,e579ef82-c68f-44dc-8b0f-7fe62e20974c,1.9879132561289887
e58207f1-84ec-424b-a997-ff64a57eb13b_1893-21,3,1,1,3,e58207f1-84ec-424b-a997-ff64a57eb13b,0.35095905641275316
e58207f1-84ec-424b-a997-ff64a57eb13b_3524-37,1,1,1,3,e58207f1-84ec-424b-a997-ff64a57eb13b,0.9376488079079474
e5d2cc2c-0a36-4bad-bf50-bc9347e99eca_1120-59,1,0,0,0,e5d2cc2c-0a36-4bad-bf50-bc9347e99eca,0.3087042438977714
e5fea731-7b32-4857-a86b-587eda0ff334_979-09,0,0,0,4,e5fea731-7b32-4857-a86b-587eda0ff334,0.5460179445425097
e623faab-101a-41a6-83ac-8e22b4371aba_1053-43,2,1,1,3,e623faab-101a-41a6-83ac-8e22b4371aba,0.44744364903071054
e623faab-101a-41a6-83ac-8e22b4371aba_1141-39,2,0,0,3,e623faab-101a-41a6-83ac-8e22b4371aba,0.37241434286414854
e623faab-101a-41a6-83ac-8e22b4371aba_357-75,2,1,1,3,e623faab-101a-41a6-83ac-8e22b4371aba,0.6794533901078285
e65cdb37-b00c-44b1-909f-068022d804cb_868-94,1,1,1,3,e65cdb37-b00c-44b1-909f-068022d804cb,0.7270430988863191
e6958f57-5769-46f6-be27-b879059ff2a4_927-40,3,1,1,2,e6958f57-5769-46f6-be27-b879059ff2a4,0.15686308568221402
e6b7692d-5e35-4524-8d2a-385475b95806_1667-07,1,0,0,1,e6b7692d-5e35-4524-8d2a-385475b95806,2.193826561576694
e6b7692d-5e35-4524-8d2a-385475b95806_3085-37,0,0,0,1,e6b7692d-5e35-4524-8d2a-385475b95806,0.6850692418934119
e6d852dd-2510-482f-ad25-3d731388ea44_0-00,3,0,0,2,e6d852dd-2510-482f-ad25-3d731388ea44,0.4337386646094446
e6d852dd-2510-482f-ad25-3d731388ea44_105-51,1,0,0,2,e6d852dd-2510-482f-ad25-3d731388ea44,0.5265467615314097
e6d852dd-2510-482f-ad25-3d731388ea44_141-52,1,0,0,2,e6d852dd-2510-482f-ad25-3d731388ea44,0.6790241608079515
e6e3919c-7c2e-491e-bde8-053715f0d851_1353-28,0,0,0,3,e6e3919c-7c2e-491e-bde8-053715f0d851,1.3417244771141665
e6e3919c-7c2e-491e-bde8-053715f0d851_466-43,3,1,1,3,e6e3919c-7c2e-491e-bde8-053715f0d851,0.4322861780825511
e6e3919c-7c2e-491e-bde8-053715f0d851_472-28,1,0,0,3,e6e3919c-7c2e-491e-bde8-053715f0d851,0.9473753264861745
e6f1accd-e18d-43ec-b854-e7633b15cbf7_1189-37,3,1,1,4,e6f1accd-e18d-43ec-b854-e7633b15cbf7,0.10735414067703503
e6f1accd-e18d-43ec-b854-e7633b15cbf7_1189-42,0,0,0,4,e6f1accd-e18d-43ec-b854-e7633b15cbf7,0.3599246404692212
e6fdec5a-21e1-43e8-b662-9376538394d5_3510-00,2,0,0,1,e6fdec5a-21e1-43e8-b662-9376538394d5,0.27203144900303233
e70f4b34-432f-47dc-834f-5bc6bd67dc62_166-47,3,1,1,3,e70f4b34-432f-47dc-834f-5bc6bd67dc62,1.3607099112577892
e70f4b34-432f-47dc-834f-5bc6bd67dc62_676-86,3,1,1,3,e70f4b34-432f-47dc-834f-5bc6bd67dc62,1.4842924517550804
e70f4b34-432f-47dc-834f-5bc6bd67dc62_78-75,0,1,1,3,e70f4b34-432f-47dc-834f-5bc6bd67dc62,0.11362982807793187
e7752106-8e0c-47b5-a639-e701e659718c_740-06,2,0,0,0,e7752106-8e0c-47b5-a639-e701e659718c,0.760365231812247
e7eead9a-5f4e-47af-8f54-2dd3fd453a2d_49-96,2,0,0,4,e7eead9a-5f4e-47af-8f54-2dd3fd453a2d,-0.5646063136405289
e7eead9a-5f4e-47af-8f54-2dd3fd453a2d_55-37,3,1,1,4,e7eead9a-5f4e-47af-8f54-2dd3fd453a2d,1.6255384831130226
e87752b1-35a5-4cd7-9b95-a4b28129f9f3_932-40,1,1,1,4,e87752b1-35a5-4cd7-9b95-a4b28129f9f3,0.6554928129377329
e8ed2917-9442-4237-b15e-cd0b6c839d38_167-12,2,1,1,3,e8ed2917-9442-4237-b15e-cd0b6c839d38,-0.4287600236077494
e9343bd2-cd48-4abe-902a-3d3f6a0b51d8_1795-21,2,0,0,2,e9343bd2-cd48-4abe-902a-3d3f6a0b51d8,0.6916018011156113
e9343bd2-cd48-4abe-902a-3d3f6a0b51d8_1810-91,2,0,0,2,e9343bd2-cd48-4abe-902a-3d3f6a0b51d8,0.4293614867649144
e9350702-f77c-4112-9f57-3ed08bc4b98a_0-04,1,1,1,2,e9350702-f77c-4112-9f57-3ed08bc4b98a,-0.45395006435058616
e93fdf27-c14c-4794-b4b7-20685b40156f_1304-45,0,1,1,0,e93fdf27-c14c-4794-b4b7-20685b40156f,1.5058124764132281
e93fdf27-c14c-4794-b4b7-20685b40156f_1313-69,0,0,0,0,e93fdf27-c14c-4794-b4b7-20685b40156f,-0.4822419751780058
e95dbd21-3017-48f5-8f36-46531f053ab1_339-47,1,0,0,3,e95dbd21-3017-48f5-8f36-46531f053ab1,0.7738140671915738
e95dbd21-3017-48f5-8f36-46531f053ab1_424-29,1,1,1,3,e95dbd21-3017-48f5-8f36-46531f053ab1,0.408766861042166
e95dbd21-3017-48f5-8f36-46531f053ab1_547-92,1,1,1,3,e95dbd21-3017-48f5-8f36-46531f053ab1,1.3806740101269894
e95dbd21-3017-48f5-8f36-46531f053ab1_835-77,2,1,1,3,e95dbd21-3017-48f5-8f36-46531f053ab1,1.2893470527350348
e9957d35-9c4d-44cc-b3b6-267dfa13841a_896-74,1,0,0,1,e9957d35-9c4d-44cc-b3b6-267dfa13841a,0.5086464649582718
e99a32fa-19c9-41e6-be66-37869bd26583_542-40,2,0,0,0,e99a32fa-19c9-41e6-be66-37869bd26583,0.7117737061705812
e9e0f26d-3005-436a-a70f-7d99977808c8_1359-76,2,1,1,4,e9e0f26d-3005-436a-a70f-7d99977808c8,1.5054405903892083
e9e0f26d-3005-436a-a70f-7d99977808c8_1362-45,3,1,1,4,e9e0f26d-3005-436a-a70f-7d99977808c8,1.0275712062507243
e9e0f26d-3005-436a-a70f-7d99977808c8_1554-09,3,0,0,4,e9e0f26d-3005-436a-a70f-7d99977808c8,0.2679752361502618
e9e0f26d-3005-436a-a70f-7d99977808c8_1690-81,3,1,1,4,e9e0f26d-3005-436a-a70f-7d99977808c8,1.8283254318853484
e9ea573a-3972-48ea-b946-6cb069497bab_1785-52,1,0,0,4,e9ea573a-3972-48ea-b946-6cb069497bab,0.5217114366666427
ea1818bb-a882-4de4-9e31-993f4cb98aa1_1361-82,2,1,1,2,ea1818bb-a882-4de4-9e31-993f4cb98aa1,0.8331375971325832
ea1818bb-a882-4de4-9e31-993f4cb98aa1_1362-76,0,1,1,2,ea1818bb-a882-4de4-9e31-993f4cb98aa1,1.5222182248160907
ea1818bb-a882-4de4-9e31-993f4cb98aa1_622-65,0,1,1,2,ea1818bb-a882-4de4-9e31-993f4cb98aa1,0.5593121137899688
ea417823-8ca0-417c-8901-114fa4f2d47f_254-62,2,1,1,3,ea417823-8ca0-417c-8901-114fa4f2d47f,1.3915923993160981
ea417823-8ca0-417c-8901-114fa4f2d47f_258-70,2,1,1,3,ea417823-8ca0-417c-8901-114fa4f2d47f,1.4117797013904179
ea5bb387-a22a-4b49-8aa5-35cbf0d3563d_205-22,1,0,0,2,ea5bb387-a22a-4b49-8aa5-35cbf0d3563d,0.312805595806859
ea5bb387-a22a-4b49-8aa5-35cbf0d3563d_32-89,0,1,1,2,ea5bb387-a22a-4b49-8aa5-35cbf0d3563d,1.477608448884498
eaa560d5-6432-4030-a03a-b6ba512e621d_61-64,0,0,0,4,eaa560d5-6432-4030-a03a-b6ba512e621d,0.1481447066663682
eabf19d3-4e52-4aee-8f14-5118626a078f_778-52,3,1,1,1,eabf19d3-4e52-4aee-8f14-5118626a078f,0.49294675856874526
eb20bebd-41e5-4a02-aa7e-73d3da5bc97e_1106-81,0,1,1,2,eb20bebd-41e5-4a02-aa7e-73d3da5bc97e,-0.2744764606166481
eb20bebd-41e5-4a02-aa7e-73d3da5bc97e_1223-78,1,1,1,2,eb20bebd-41e5-4a02-aa7e-73d3da5bc97e,0.5569088569718879
eb20bebd-41e5-4a02-aa7e-73d3da5bc97e_1253-80,1,1,1,2,eb20bebd-41e5-4a02-aa7e-73d3da5bc97e,1.0895693238055653
eb20bebd-41e5-4a02-aa7e-73d3da5bc97e_1624-37,1,1,1,2,eb20bebd-41e5-4a02-aa7e-73d3da5bc97e,1.168548138493015
eb20bebd-41e5-4a02-aa7e-73d3da5bc97e_275-45,3,0,0,2,eb20bebd-41e5-4a02-aa7e-73d3da5bc97e,0.34829596788141265
eb20bebd-41e5-4a02-aa7e-73d3da5bc97e_389-33,2,0,0,2,eb20bebd-41e5-4a02-aa7e-73d3da5bc97e,0.5536661337318427
eb20bebd-41e5-4a02-aa7e-73d3da5bc97e_68-58,0,0,0,2,eb20bebd-41e5-4a02-aa7e-73d3da5bc97e,0.20730117008042176
eb20bebd-41e5-4a02-aa7e-73d3da5bc97e_70-42,1,1,1,2,eb20bebd-41e5-4a02-aa7e-73d3da5bc97e,1.042928773499936
eb2c9739-dba0-479c-81b7-9dda51c4ac20_1388-02,1,1,1,1,eb2c9739-dba0-479c-81b7-9dda51c4ac20,-0.1167579343851573
eb2c9739-dba0-479c-81b7-9dda51c4ac20_1465-40,3,0,0,1,eb2c9739-dba0-479c-81b7-9dda51c4ac20,1.1637441242644386
eb2c9739-dba0-479c-81b7-9dda51c4ac20_148-23,0,1,1,1,eb2c9739-dba0-479c-81b7-9dda51c4ac20,0.815059285635428
eb2c9739-dba0-479c-81b7-9dda51c4ac20_1679-45,3,1,1,1,eb2c9739-dba0-479c-81b7-9dda51c4ac20,1.1344681934675829
eb2c9739-dba0-479c-81b7-9dda51c4ac20_249-20,0,1,1,1,eb2c9739-dba0-479c-81b7-9dda51c4ac20,1.862133036875749
eb2c9739-dba0-479c-81b7-9dda51c4ac20_275-35,3,0,0,1,eb2c9739-dba0-479c-81b7-9dda51c4ac20,-0.5721909526331527
eb575f9b-6a52-45fb-98d8-5e9dbdd8dd63_703-22,0,1,1,0,eb575f9b-6a52-45fb-98d8-5e9dbdd8dd63,1.2603679242851942
eb5cb2b0-59e6-45da-af1b-ba86c7ab0b54_1263-17,1,1,1,1,eb5cb2b0-59e6-45da-af1b-ba86c7ab0b54,1.1588615613217033
eb5cb2b0-59e6-45da-af1b-ba86c7ab0b54_705-79,2,0,0,1,eb5cb2b0-59e6-45da-af1b-ba86c7ab0b54,-0.13129669049302
eb5cb2b0-59e6-45da-af1b-ba86c7ab0b54_824-48,0,0,0,1,eb5cb2b0-59e6-45da-af1b-ba86c7ab0b54,-0.062247829661780996
eb5cb2b0-59e6-45da-af1b-ba86c7ab0b54_922-64,1,0,0,1,eb5cb2b0-59e6-45da-af1b-ba86c7ab0b54,1.1464587802374997
eb81442c-a322-49ea-b243-a39d2e288b9b_414-51,1,1,1,4,eb81442c-a322-49ea-b243-a39d2e288b9b,0.05199539970653183
eb81442c-a322-49ea-b243-a39d2e288b9b_838-90,3,1,1,4,eb81442c-a322-49ea-b243-a39d2e288b9b,0.6043788527366174
ec02ed27-b697-44b0-ae18-a9275205bfee_9-72,0,1,1,4,ec02ed27-b697-44b0-ae18-a9275205bfee,1.7272466254911416
ec3556de-be79-4ad4-aa0f-eaca48abb5d5_547-69,0,1,1,2,ec3556de-be79-4ad4-aa0f-eaca48abb5d5,0.2584994590522916
ec75d692-c261-4df5-9939-b0edfaa309a5_1168-60,0,1,1,1,ec75d692-c261-4df5-9939-b0edfaa309a5,1.1381488786734193
ec85a806-d47f-4555-8c4c-20f59927e580_1424-09,0,0,0,0,ec85a806-d47f-4555-8c4c-20f59927e580,-0.14400747637309208
ec85a806-d47f-4555-8c4c-20f59927e580_1435-56,0,1,1,0,ec85a806-d47f-4555-8c4c-20f59927e580,1.5311352837449195
ec85a806-d47f-4555-8c4c-20f59927e580_3835-48,0,1,1,0,ec85a806-d47f-4555-8c4c-20f59927e580,0.5465102739563693
ec85a806-d47f-4555-8c4c-20f59927e580_909-71,3,1,1,0,ec85a806-d47f-4555-8c4c-20f59927e580,0.14578766563486745
ec86fee5-ee10-46c5-b835-07c8a8d9651e_362-34,2,1,1,0,ec86fee5-ee10-46c5-b835-07c8a8d9651e,0.8966495874454078
ecdc4071-1903-4024-a357-d0082720168e_107-60,1,1,1,0,ecdc4071-1903-4024-a357-d0082720168e,0.5318019796770596
ecdc4071-1903-4024-a357-d0082720168e_115-49,3,0,0,0,ecdc4071-1903-4024-a357-d0082720168e,0.19184966739414455
ecdc4071-1903-4024-a357-d0082720168e_125-53,2,0,0,0,ecdc4071-1903-4024-a357-d0082720168e,0.946162075867646
ecdc4071-1903-4024-a357-d0082720168e_295-94,2,1,1,0,ecdc4071-1903-4024-a357-d0082720168e,0.8058810634051953
ecdc4071-1903-4024-a357-d0082720168e_3-20,1,0,0,0,ecdc4071-1903-4024-a357-d0082720168e,1.0394263817411833
ecdc4071-1903-4024-a357-d0082720168e_44-12,3,0,0,0,ecdc4071-1903-4024-a357-d0082720168e,-0.10956144251735417
ecdc4071-1903-4024-a357-d0082720168e_454-42,1,0,0,0,ecdc4071-1903-4024-a357-d0082720168e,-0.031826211698754436
ed027cb2-5b92-4de2-ab58-69d42325ef15_1281-72,0,1,1,3,ed027cb2-5b92-4de2-ab58-69d42325ef15,0.39757446165364774
ed027cb2-5b92-4de2-ab58-69d42325ef15_266-43,2,0,0,3,ed027cb2-5b92-4de2-ab58-69d42325ef15,0.73610219426777
ed027cb2-5b92-4de2-ab58-69d42325ef15_890-73,1,0,0,3,ed027cb2-5b92-4de2-ab58-69d42325ef15,1.0685472488498662
ed027cb2-5b92-4de2-ab58-69d42325ef15_965-69,0,1,1,3,ed027cb2-5b92-4de2-ab58-69d42325ef15,-0.13040482345725135
ed31f134-b3f0-4f50-b8ae-d956b2f9ccfd_2025-02,2,0,0,4,ed31f134-b3f0-4f50-b8ae-d956b2f9ccfd,0.6026980728937135
ed792c47-5cb3-427c-a0e9-5dac33456e6a_1026-89,2,0,0,2,ed792c47-5cb3-427c-a0e9-5dac33456e6a,0.923108456244381
ed792c47-5cb3-427c-a0e9-5dac33456e6a_3277-79,2,1,1,2,ed792c47-5cb3-427c-a0e9-5dac33456e6a,0.7584792372838403
ed792c47-5cb3-427c-a0e9-5dac33456e6a_3373-63,3,0,0,2,ed792c47-5cb3-427c-a0e9-5dac33456e6a,-0.4518210207801221
ed792c47-5cb3-427c-a0e9-5dac33456e6a_38-58,1,1,1,2,ed792c47-5cb3-427c-a0e9-5dac33456e6a,0.14844471382062302
ed792c47-5cb3-427c-a0e9-5dac33456e6a_662-64,1,1,1,2,ed792c47-5cb3-427c-a0e9-5dac33456e6a,0.011009691808318067
ed792c47-5cb3-427c-a0e9-5dac33456e6a_968-42,1,0,0,2,ed792c47-5cb3-427c-a0e9-5dac33456e6a,-0.5349053118381398
edaf03e3-3021-4140-8434-dc9e744ae492_178-18,3,1,1,3,edaf03e3-3021-4140-8434-dc9e744ae492,0.1337496494244399
edd0cb68-87be-4cfe-9f2d-b0b64ea8d3e2_2291-45,1,1,1,4,edd0cb68-87be-4cfe-9f2d-b0b64ea8d3e2,-0.05401170787427456
edd0cb68-87be-4cfe-9f2d-b0b64ea8d3e2_4865-28,2,1,1,4,edd0cb68-87be-4cfe-9f2d-b0b64ea8d3e2,2.296730337378011
ede3176b-2e12-4d2d-b9e2-40a2c4e93916_78-06,3,0,0,2,ede3176b-2e12-4d2d-b9e2-40a2c4e93916,0.4207127954153705
ee1eea29-aaad-41a4-b299-c72ed26c9da5_801-68,2,1,1,1,ee1eea29-aaad-41a4-b299-c72ed26c9da5,0.7145070835442657
ee3c00d5-9759-43b3-9116-3375227aadfd_15-30,3,0,0,0,ee3c00d5-9759-43b3-9116-3375227aadfd,-0.09687078164465357
ee708878-5d10-4bf3-bd8a-6d72d5cceca6_570-90,3,0,0,4,ee708878-5d10-4bf3-bd8a-6d72d5cceca6,0.4245954580090882
eea4b231-055e-4c4e-8f95-8dd043601da6_1144-34,3,1,1,3,eea4b231-055e-4c4e-8f95-8dd043601da6,0.38408445406908887
eefcde42-5ea1-4a85-9f34-72c3ceca50f6_817-78,0,1,1,1,eefcde42-5ea1-4a85-9f34-72c3ceca50f6,-0.1617658792302037
ef641454-94d5-4fe4-bf21-710144143967_723-67,3,1,1,0,ef641454-94d5-4fe4-bf21-710144143967,0.3766132217975018
ef641454-94d5-4fe4-bf21-710144143967_760-02,0,0,0,0,ef641454-94d5-4fe4-bf21-710144143967,1.182731844561188
f0041c6c-06b2-4c3b-b8e6-934305b4226e_3757-69,3,0,0,1,f0041c6c-06b2-4c3b-b8e6-934305b4226e,0.7420313973202073
f0041c6c-06b2-4c3b-b8e6-934305b4226e_6185-52,4,1,1,1,f0041c6c-06b2-4c3b-b8e6-934305b4226e,0.38095955242669455
f0041c6c-06b2-4c3b-b8e6-934305b4226e_6269-35,0,1,1,1,f0041c6c-06b2-4c3b-b8e6-934305b4226e,1.5785740179774679
f00ec54c-9ed4-4a23-9cd7-f8728cb9d6c7_1080-52,0,1,1,3,f00ec54c-9ed4-4a23-9cd7-f8728cb9d6c7,0.3520537057644303
f00ec54c-9ed4-4a23-9cd7-f8728cb9d6c7_1322-65,0,1,1,3,f00ec54c-9ed4-4a23-9cd7-f8728cb9d6c7,1.3967831115627947
f0b8d19e-28c0-4d11-bb2d-5c6576eb7dcb_138-10,0,0,0,3,f0b8d19e-28c0-4d11-bb2d-5c6576eb7dcb,-0.2597257627023485
f0b8d19e-28c0-4d11-bb2d-5c6576eb7dcb_67-04,1,1,1,3,f0b8d19e-28c0-4d11-bb2d-5c6576eb7dcb,0.1755390462761861
f1253f94-69c2-4f65-b8dc-e0f24c7677b4_1541-37,2,1,1,0,f1253f94-69c2-4f65-b8dc-e0f24c7677b4,0.08561478556232471
f17f0d96-4d93-4e4b-83c5-fddfbc581bb3_963-95,0,0,0,0,f17f0d96-4d93-4e4b-83c5-fddfbc581bb3,1.6498666691241355
f1b5ae1e-742c-4802-9e61-ff8aae83e12e_459-05,3,0,0,4,f1b5ae1e-742c-4802-9e61-ff8aae83e12e,0.8757975019207178
f1f8d17c-3d2a-4a2a-9482-0a8e385e77ae_365-24,0,0,0,3,f1f8d17c-3d2a-4a2a-9482-0a8e385e77ae,0.24257021511499477
f2017e02-2e5b-419c-8216-5a256a925c68_269-97,2,1,1,2,f2017e02-2e5b-419c-8216-5a256a925c68,0.37526377714148246
f22115b5-b9be-4e30-8576-7c1fcecec480_12-52,0,0,0,1,f22115b5-b9be-4e30-8576-7c1fcecec480,-0.3314838360177377
f22115b5-b9be-4e30-8576-7c1fcecec480_21-27,2,0,0,1,f22115b5-b9be-4e30-8576-7c1fcecec480,-0.38617837747329425
f2420e55-e559-40e1-9c96-863c6be763fd_1649-73,2,0,0,1,f2420e55-e559-40e1-9c96-863c6be763fd,0.9011591025395764
f246429f-404e-4023-9b82-bfe6bf1e50cd_78-11,0,1,1,0,f246429f-404e-4023-9b82-bfe6bf1e50cd,0.194708450715252
f26eb8a6-2ac4-4aa4-a500-1e738d8c8b13_1596-52,0,1,1,4,f26eb8a6-2ac4-4aa4-a500-1e738d8c8b13,0.8486946025348419
f330e671-6ad4-49d4-8d59-e2493119ac43_8211-68,3,1,1,4,f330e671-6ad4-49d4-8d59-e2493119ac43,-0.06002888129712025
f330e671-6ad4-49d4-8d59-e2493119ac43_9479-43,3,1,1,4,f330e671-6ad4-49d4-8d59-e2493119ac43,1.1012247213057245
f374039b-7f08-4dc3-af64-4e9ff61db531_2262-81,2,0,0,1,f374039b-7f08-4dc3-af64-4e9ff61db531,0.14999201260724238
f374039b-7f08-4dc3-af64-4e9ff61db531_425-13,0,0,0,1,f374039b-7f08-4dc3-af64-4e9ff61db531,0.517139415109978
f3c557d2-1170-4979-9a70-96d9b51fa987_228-25,2,1,1,0,f3c557d2-1170-4979-9a70-96d9b51fa987,0.15826927572535487
f3c557d2-1170-4979-9a70-96d9b51fa987_265-90,3,0,0,0,f3c557d2-1170-4979-9a70-96d9b51fa987,-0.17083963875653424
f488287d-ea74-4836-9ea4-e137ac6c8233_333-32,2,1,1,3,f488287d-ea74-4836-9ea4-e137ac6c8233,-0.05800285419890777
f51552ce-3d91-448c-8770-9800a6b5aa50_1666-29,1,1,1,2,f51552ce-3d91-448c-8770-9800a6b5aa50,0.2515473858382687
f543a47a-c081-481b-a415-cfe732ad74fe_1737-03,2,0,0,1,f543a47a-c081-481b-a415-cfe732ad74fe,-0.71503078948707
f576f1bf-5433-488b-8833-8320f087e72b_48-29,1,1,1,3,f576f1bf-5433-488b-8833-8320f087e72b,-0.012391528901040894
f5778003-9aea-4ca0-9398-69299ba0331c_124-11,1,1,1,2,f5778003-9aea-4ca0-9398-69299ba0331c,0.3865021741728211
f58900c3-5747-447c-9fa2-04c608e7f40a_18-05,3,0,0,0,f58900c3-5747-447c-9fa2-04c608e7f40a,0.4016432242349117
f58900c3-5747-447c-9fa2-04c608e7f40a_18-07,2,1,1,0,f58900c3-5747-447c-9fa2-04c608e7f40a,0.12855799230055032
f5ac654b-8f39-427b-856f-4a9a2d4a3020_9-20,1,1,1,4,f5ac654b-8f39-427b-856f-4a9a2d4a3020,0.5732725444374989
f5accd2a-0799-4345-9e0d-eb8d87a677a4_1449-87,1,1,1,3,f5accd2a-0799-4345-9e0d-eb8d87a677a4,0.05001695718827881
f5bdefb3-f57c-4270-bf31-7939ecd45c86_1289-58,1,0,0,2,f5bdefb3-f57c-4270-bf31-7939ecd45c86,0.38144305510628523
f5bdefb3-f57c-4270-bf31-7939ecd45c86_1324-59,0,0,0,2,f5bdefb3-f57c-4270-bf31-7939ecd45c86,0.992758006691308
f5bdefb3-f57c-4270-bf31-7939ecd45c86_1815-24,0,0,0,2,f5bdefb3-f57c-4270-bf31-7939ecd45c86,1.10050652695834
f5bdefb3-f57c-4270-bf31-7939ecd45c86_2347-29,3,1,1,2,f5bdefb3-f57c-4270-bf31-7939ecd45c86,1.141508386142511
f5bdefb3-f57c-4270-bf31-7939ecd45c86_788-76,2,0,0,2,f5bdefb3-f57c-4270-bf31-7939ecd45c86,-0.0727347731265236
f62011c7-dd9b-4dd7-abbb-d4cb891c388e_1080-00,3,0,0,3,f62011c7-dd9b-4dd7-abbb-d4cb891c388e,-0.20712440197343043
f668b2c9-d376-411b-96e5-7d7379fae824_107-18,1,0,0,1,f668b2c9-d376-411b-96e5-7d7379fae824,0.552433921267556
f668b2c9-d376-411b-96e5-7d7379fae824_151-21,3,0,0,1,f668b2c9-d376-411b-96e5-7d7379fae824,-0.8128336367472502
f6da4761-4774-4e05-bb2a-beca6db68f51_2233-75,0,0,0,2,f6da4761-4774-4e05-bb2a-beca6db68f51,0.516803803819075
f6da4761-4774-4e05-bb2a-beca6db68f51_4196-85,0,0,0,2,f6da4761-4774-4e05-bb2a-beca6db68f51,1.2368540912045116
f7148e30-2ded-4d14-a8bb-f50813da26df_84-22,3,0,0,2,f7148e30-2ded-4d14-a8bb-f50813da26df,1.1528474558447688
f77f437c-4e60-43ef-a5e1-ce3881409455_1543-97,1,0,0,1,f77f437c-4e60-43ef-a5e1-ce3881409455,0.8700657409614265
f7d99eca-11d5-4d45-8d60-695c3cb2f07c_431-32,0,1,1,0,f7d99eca-11d5-4d45-8d60-695c3cb2f07c,2.4036271977647155
f8c9dee9-a82f-46e8-9cd5-9380e197ac25_28-43,1,0,0,4,f8c9dee9-a82f-46e8-9cd5-9380e197ac25,1.0242015647155573
f965d286-b521-402f-9a0e-c73b49e9806e_1758-84,3,0,0,0,f965d286-b521-402f-9a0e-c73b49e9806e,0.8923841334540717
f965d286-b521-402f-9a0e-c73b49e9806e_32-71,2,1,1,0,f965d286-b521-402f-9a0e-c73b49e9806e,0.6045155336580038
f9a49dfd-e6f1-4827-9903-73a562ab32cd_444-64,3,0,0,3,f9a49dfd-e6f1-4827-9903-73a562ab32cd,1.3155647304955154
f9c337af-fdf9-4737-b4c2-c5f68cd18d6a_553-83,2,1,1,2,f9c337af-fdf9-4737-b4c2-c5f68cd18d6a,0.10537418034219187
fa35a547-13b5-4355-873c-322c1860349a_1250-17,2,0,0,4,fa35a547-13b5-4355-873c-322c1860349a,0.2003119532633863
fa35a547-13b5-4355-873c-322c1860349a_128-66,0,0,0,4,fa35a547-13b5-4355-873c-322c1860349a,0.4994458762838108
fa35a547-13b5-4355-873c-322c1860349a_166-55,0,0,0,4,fa35a547-13b5-4355-873c-322c1860349a,0.15827058591348447
fa53388f-58ab-41a8-9f0d-55407cae3973_757-23,1,1,1,1,fa53388f-58ab-41a8-9f0d-55407cae3973,1.2781666155560338
fab481c0-842c-4536-9126-9dc375464685_728-84,1,0,0,0,fab481c0-842c-4536-9126-9dc375464685,-0.061471693088210544
facdbd7a-da79-48bd-9bb0-c866f675699b_1484-63,0,1,1,4,facdbd7a-da79-48bd-9bb0-c866f675699b,-0.00936382275241271
fb8a0650-986c-4c08-9d97-ac432cca424e_70-34,1,0,0,2,fb8a0650-986c-4c08-9d97-ac432cca424e,0.8246870657010277
fb92d350-9bf9-4b16-8a1f-7858de276226_1246-08,3,0,0,1,fb92d350-9bf9-4b16-8a1f-7858de276226,-0.059136638280257614
fb92d350-9bf9-4b16-8a1f-7858de276226_2190-65,0,1,1,1,fb92d350-9bf9-4b16-8a1f-7858de276226,0.2459026383954489
fb92d350-9bf9-4b16-8a1f-7858de276226_2422-37,0,1,1,1,fb92d350-9bf9-4b16-8a1f-7858de276226,0.1006756485241197
fb92d350-9bf9-4b16-8a1f-7858de276226_2423-62,2,1,1,1,fb92d350-9bf9-4b16-8a1f-7858de276226,-0.26722994745279893
fb92d350-9bf9-4b16-8a1f-7858de276226_2438-10,0,0,0,1,fb92d350-9bf9-4b16-8a1f-7858de276226,1.0546110040037016
fb92d350-9bf9-4b16-8a1f-7858de276226_32-25,3,1,1,1,fb92d350-9bf9-4b16-8a1f-7858de276226,1.4331034532638414
fb92d350-9bf9-4b16-8a1f-7858de276226_540-00,0,0,0,1,fb92d350-9bf9-4b16-8a1f-7858de276226,0.12211787768274773
fb92d350-9bf9-4b16-8a1f-7858de276226_561-78,2,1,1,1,fb92d350-9bf9-4b16-8a1f-7858de276226,0.9799786065613751
fb92d350-9bf9-4b16-8a1f-7858de276226_599-33,1,0,0,1,fb92d350-9bf9-4b16-8a1f-7858de276226,0.4149353955065703
fb92d350-9bf9-4b16-8a1f-7858de276226_603-23,1,1,1,1,fb92d350-9bf9-4b16-8a1f-7858de276226,2.192375495518741
fb92d350-9bf9-4b16-8a1f-7858de276226_625-71,0,1,1,1,fb92d350-9bf9-4b16-8a1f-7858de276226,1.6143103280082263
fb92d350-9bf9-4b16-8a1f-7858de276226_688-12,1,0,0,1,fb92d350-9bf9-4b16-8a1f-7858de276226,0.6758940061208674
fb9fda68-f264-465d-9208-19876f5ef90f_63-03,4,1,1,3,fb9fda68-f264-465d-9208-19876f5ef90f,0.1074024991172341
fb9fda68-f264-465d-9208-19876f5ef90f_887-23,0,1,1,3,fb9fda68-f264-465d-9208-19876f5ef90f,-0.0010914277054421828
fbc425c4-def6-49a7-8b88-5d5d00b5524e_278-29,2,1,1,1,fbc425c4-def6-49a7-8b88-5d5d00b5524e,0.5113394347296378
fc0450d5-00cd-4d55-9a8e-68628c38ddd2_87-11,0,0,0,1,fc0450d5-00cd-4d55-9a8e-68628c38ddd2,0.2977058931408527
fc201765-9b2e-4bb3-8ca0-84bd1732fd40_335-09,2,1,1,0,fc201765-9b2e-4bb3-8ca0-84bd1732fd40,1.0281685764838073
fcb62109-9f54-42d7-9ecd-7a60817868dc_663-41,1,0,0,4,fcb62109-9f54-42d7-9ecd-7a60817868dc,0.7650614874212711
fcc14fe4-35e1-4854-b368-4541ae7bcf58_1063-13,1,0,0,3,fcc14fe4-35e1-4854-b368-4541ae7bcf58,1.7402429105952186
fd2ae8b4-b683-4c4b-935c-78b4dadbdbf8_2447-28,0,1,1,3,fd2ae8b4-b683-4c4b-935c-78b4dadbdbf8,0.9923668997362108
fd2ae8b4-b683-4c4b-935c-78b4dadbdbf8_2975-44,0,1,1,3,fd2ae8b4-b683-4c4b-935c-78b4dadbdbf8,0.16149590845361383
fd2ae8b4-b683-4c4b-935c-78b4dadbdbf8_3041-68,0,1,1,3,fd2ae8b4-b683-4c4b-935c-78b4dadbdbf8,-0.1013932953455875
fd2ae8b4-b683-4c4b-935c-78b4dadbdbf8_3860-90,3,1,1,3,fd2ae8b4-b683-4c4b-935c-78b4dadbdbf8,0.6184897092726657
fd2ae8b4-b683-4c4b-935c-78b4dadbdbf8_4020-41,0,1,1,3,fd2ae8b4-b683-4c4b-935c-78b4dadbdbf8,0.2695794500063472
fd2ae8b4-b683-4c4b-935c-78b4dadbdbf8_4100-48,1,1,1,3,fd2ae8b4-b683-4c4b-935c-78b4dadbdbf8,0.6619511478410666
fd2ae8b4-b683-4c4b-935c-78b4dadbdbf8_4288-89,1,1,1,3,fd2ae8b4-b683-4c4b-935c-78b4dadbdbf8,0.2344057651004402
fd2ae8b4-b683-4c4b-935c-78b4dadbdbf8_565-30,2,1,1,3,fd2ae8b4-b683-4c4b-935c-78b4dadbdbf8,-0.22672112619768955
fd2ae8b4-b683-4c4b-935c-78b4dadbdbf8_966-80,2,1,1,3,fd2ae8b4-b683-4c4b-935c-78b4dadbdbf8,0.4580489794126309
fdbe0fbc-90a3-41b9-8898-a0c7ce3f966c_672-30,3,0,0,3,fdbe0fbc-90a3-41b9-8898-a0c7ce3f966c,0.8670356123234363
fdbe0fbc-90a3-41b9-8898-a0c7ce3f966c_696-68,0,0,0,3,fdbe0fbc-90a3-41b9-8898-a0c7ce3f966c,-0.6232887777298166
fdc39d01-44cb-431a-96a1-558ebf4c15ae_933-99,3,1,1,2,fdc39d01-44cb-431a-96a1-558ebf4c15ae,0.36749443392803655
fdfa65a5-9d90-4d27-8667-cd2c511614e3_513-55,3,1,1,1,fdfa65a5-9d90-4d27-8667-cd2c511614e3,1.2276329984036694
fdfa65a5-9d90-4d27-8667-cd2c511614e3_70-13,0,0,0,1,fdfa65a5-9d90-4d27-8667-cd2c511614e3,1.620650121622938
fe0b10e2-7fbb-4abc-ab5f-87ffaef34b3f_111-04,2,0,0,1,fe0b10e2-7fbb-4abc-ab5f-87ffaef34b3f,0.966865213115544
fe0d5ffc-686e-4846-bce0-1a18e513bf95_2543-03,2,0,0,3,fe0d5ffc-686e-4846-bce0-1a18e513bf95,-0.22828705819943507
fe0d5ffc-686e-4846-bce0-1a18e513bf95_483-81,3,1,1,3,fe0d5ffc-686e-4846-bce0-1a18e513bf95,0.6056486524506158
fe231042-6163-48cc-a1c4-1d1163b0a440_494-51,1,1,1,0,fe231042-6163-48cc-a1c4-1d1163b0a440,0.4696853373995289
fe827643-62c3-4cb9-b009-7ed43731c9bd_0-00,1,0,0,1,fe827643-62c3-4cb9-b009-7ed43731c9bd,0.3668359850658539
fe827643-62c3-4cb9-b009-7ed43731c9bd_273-13,2,1,1,1,fe827643-62c3-4cb9-b009-7ed43731c9bd,0.10100615409463987
fec2a5e2-615f-46b3-a320-b8741c2b6365_562-48,0,1,1,4,fec2a5e2-615f-46b3-a320-b8741c2b6365,0.258458735306026
fec31c20-1910-4ab1-afc5-6aa3057a45f5_381-77,0,1,1,0,fec31c20-1910-4ab1-afc5-6aa3057a45f5,-0.202749904085677
fec31c20-1910-4ab1-afc5-6aa3057a45f5_810-30,0,0,0,0,fec31c20-1910-4ab1-afc5-6aa3057a45f5,0.8472074697676789
fec31c20-1910-4ab1-afc5-6aa3057a45f5_825-86,0,0,0,0,fec31c20-1910-4ab1-afc5-6aa3057a45f5,0.2341904019685883
ff15140a-4747-4c45-b95f-ff2bd36ef178_1065-69,3,0,0,3,ff15140a-4747-4c45-b95f-ff2bd36ef178,-0.1349233267852366
ff425cc6-7577-444b-b6f7-e250c22a1ed5_831-75,1,1,1,2,ff425cc6-7577-444b-b6f7-e250c22a1ed5,-0.19218124472596082
ffa4f27f-4e66-4b8c-ba6a-9a94f3491eb6_1093-00,3,1,1,2,ffa4f27f-4e66-4b8c-ba6a-9a94f3491eb6,0.7940517890624585
fffbaeef-577f-45f0-baa9-f10cabf62dfb_278-37,1,1,1,3,fffbaeef-577f-45f0-baa9-f10cabf62dfb,1.5322889540090512
