item,idx,correct,outcome,fold,group,score
01111831-9107-43c4-bf0e-6b26e9b32a2b_1351-09,2,1,1,2,01111831-9107-43c4-bf0e-6b26e9b32a2b,0.895135871277739
01ccf6b0-5e95-4b18-acd4-a8cc1fd31ddf_248-81,0,1,1,2,01ccf6b0-5e95-4b18-acd4-a8cc1fd31ddf,0.7864642782053469
01ccf6b0-5e95-4b18-acd4-a8cc1fd31ddf_849-71,1,0,0,2,01ccf6b0-5e95-4b18-acd4-a8cc1fd31ddf,1.625813118639078
01d301c9-9dbf-4da2-9181-d66a6688f5e6_817-64,0,0,0,2,01d301c9-9dbf-4da2-9181-d66a6688f5e6,-0.2102016041404577
01db7c39-a512-4bac-b284-dff8c7360e80_385-35,0,1,1,3,01db7c39-a512-4bac-b284-dff8c7360e80,0.1187373432163501
01ef2c24-ab95-46c0-a76a-7ec2f66aa5df_978-48,2,0,0,0,01ef2c24-ab95-46c0-a76a-7ec2f66aa5df,-0.5078891194346495
01f9f9d6-2871-4913-99ea-8ffb7780fc8d_1491-41,1,1,1,4,01f9f9d6-2871-4913-99ea-8ffb7780fc8d,1.0371530309603236
0235dafb-ec68-4177-8aff-e36d6c63742d_15-76,3,1,1,2,0235dafb-ec68-4177-8aff-e36d6c63742d,1.6087451415783263
02ca6897-bf08-4cfb-bbc7-7810dbf5cca2_2974-75,2,1,1,4,02ca6897-bf08-4cfb-bbc7-7810dbf5cca2,1.2470577063428103
031314bd-fa48-42ef-8341-bc5ca17f6a4a_1127-31,2,0,0,1,031314bd-fa48-42ef-8341-bc5ca17f6a4a,2.2336916895571632
033520cd-e7e4-4649-b551-83bb451a4802_382-12,1,1,1,0,033520cd-e7e4-4649-b551-83bb451a4802,0.8027552002621681
03ca4970-374e-4901-9895-81f262c0da5c_817-27,1,1,1,3,03ca4970-374e-4901-9895-81f262c0da5c,0.3400060381660287
03d6e9bf-389a-4828-bf82-0ef6decf7671_900-77,3,1,1,2,03d6e9bf-389a-4828-bf82-0ef6decf7671,1.0906649973319364
03f5b0be-94ac-4d22-9c30-7bf0456ccf0e_1279-00,3,1,1,4,03f5b0be-94ac-4d22-9c30-7bf0456ccf0e,1.114550944942427
03fb98b9-e732-4265-a2a3-9809183acaa7_1123-20,0,1,1,3,03fb98b9-e732-4265-a2a3-9809183acaa7,-0.029008874199413226
044a7a23-9305-4971-82ac-aa1a3dc154be_214-77,3,0,0,1,044a7a23-9305-4971-82ac-aa1a3dc154be,-0.3709533536243348
046855d7-41d7-4f41-a6a7-fce921ea8133_335-77,3,1,1,0,046855d7-41d7-4f41-a6a7-fce921ea8133,0.7537393165817672
0475a0b9-9445-4083-8c6a-42f0171ff3e4_1943-55,3,0,0,4,0475a0b9-9445-4083-8c6a-42f0171ff3e4,-0.4024090034482976
048d34c9-bf3f-4dd9-9da2-5f7da60ac2c8_955-97,3,0,0,1,048d34c9-bf3f-4dd9-9da2-5f7da60ac2c8,-0.06233457922445518
04b2f7a8-1d95-43c2-8b3b-8053b22dda52_810-37,3,1,1,4,04b2f7a8-1d95-43c2-8b3b-8053b22dda52,0.14991921323826685
053ae0a6-937d-4bdc-8001-d3dfe7899811_1085-52,2,1,1,1,053ae0a6-937d-4bdc-8001-d3dfe7899811,0.40637355155923605
0548b16c-cc3f-475d-82a4-9a73109d4327_1779-11,0,1,1,4,0548b16c-cc3f-475d-82a4-9a73109d4327,0.7173914556423592
05d5d7cf-9fb9-4390-bcd3-dd626b948771_1543-50,3,0,0,2,05d5d7cf-9fb9-4390-bcd3-dd626b948771,0.12881061201868838
0619c3d0-aebe-4414-b977-f2027271b267_279-15,1,1,1,0,0619c3d0-aebe-4414-b977-f2027271b267,0.7573925246958739
0619c3d0-aebe-4414-b977-f2027271b267_566-56,2,0,0,0,0619c3d0-aebe-4414-b977-f2027271b267,0.046250329102330956
0655e194-9ddc-41c4-9708-7e6c7a256fa0_300-01,3,0,0,2,0655e194-9ddc-41c4-9708-7e6c7a256fa0,-0.8943557911911123
0696265e-aba2-401b-9316-c380c30c901e_540-96,1,1,1,2,0696265e-aba2-401b-9316-c380c30c901e,0.05108169240673344
0696265e-aba2-401b-9316-c380c30c901e_878-07,2,1,1,2,0696265e-aba2-401b-9316-c380c30c901e,0.3390960273868143
069c1058-881d-49da-b45d-b9f7e08fe932_1164-27,3,1,1,1,069c1058-881d-49da-b45d-b9f7e08fe932,0.8729407699899095
069c1058-881d-49da-b45d-b9f7e08fe932_2408-86,0,1,1,1,069c1058-881d-49da-b45d-b9f7e08fe932,0.5691549928940148
069c1058-881d-49da-b45d-b9f7e08fe932_475-96,1,1,1,1,069c1058-881d-49da-b45d-b9f7e08fe932,1.148931383502653
06cf946b-4713-4ca2-addf-55ce95a26d98_1071-13,0,0,0,3,06cf946b-4713-4ca2-addf-55ce95a26d98,0.9265123147091398
06ee22fd-ecfc-4e34-9ed2-a330548abf71_519-15,0,0,0,3,06ee22fd-ecfc-4e34-9ed2-a330548abf71,1.7183721619573533
070776bf-f15a-4b6e-a906-d1ef9e132592_598-54,1,1,1,2,070776bf-f15a-4b6e-a906-d1ef9e132592,0.3480090163375712
072623e8-1889-4580-8175-ddc05a3dceb3_11-40,1,0,0,4,072623e8-1889-4580-8175-ddc05a3dceb3,0.20127206552520827
072623e8-1889-4580-8175-ddc05a3dceb3_89-78,1,0,0,4,072623e8-1889-4580-8175-ddc05a3dceb3,1.240453987240333
07536df6-9813-42d9-93df-35835407d8ee_170-76,0,0,0,4,07536df6-9813-42d9-93df-35835407d8ee,0.2512283901813688
078634f1-0e81-455d-b771-3d35b65a2645_411-53,0,0,0,0,078634f1-0e81-455d-b771-3d35b65a2645,0.9298935479299599
07ad0112-22da-4f0e-be4f-2debe7fec15c_608-22,2,1,1,2,07ad0112-22da-4f0e-be4f-2debe7fec15c,0.949122075818556
083b7556-9dff-40e2-9fad-bef3f82dbf37_1003-31,2,1,1,2,083b7556-9dff-40e2-9fad-bef3f82dbf37,0.3737640401843063
083b7556-9dff-40e2-9fad-bef3f82dbf37_34-58,0,1,1,2,083b7556-9dff-40e2-9fad-bef3f82dbf37,0.34717344048850074
083b7556-9dff-40e2-9fad-bef3f82dbf37_51-98,3,0,0,2,083b7556-9dff-40e2-9fad-bef3f82dbf37,0.6406482566171837
083b7556-9dff-40e2-9fad-bef3f82dbf37_635-98,1,0,0,2,083b7556-9dff-40e2-9fad-bef3f82dbf37,-0.29909983846762755
087e11d0-5984-4365-989d-7365294ddaec_1764-07,2,1,1,2,087e11d0-5984-4365-989d-7365294ddaec,-0.016487184216095296
087e11d0-5984-4365-989d-7365294ddaec_3198-91,2,1,1,2,087e11d0-5984-4365-989d-7365294ddaec,0.8047983017085815
087e11d0-5984-4365-989d-7365294ddaec_5378-93,0,1,1,2,087e11d0-5984-4365-989d-7365294ddaec,1.2923723520443815
087e11d0-5984-4365-989d-7365294ddaec_7175-71,3,0,0,2,087e11d0-5984-4365-989d-7365294ddaec,0.22915993092713982
087e11d0-5984-4365-989d-7365294ddaec_7351-39,1,0,0,2,087e11d0-5984-4365-989d-7365294ddaec,0.047664739149883784
088add57-cf62-4ddd-9908-7eb738b0ec22_2767-48,0,0,0,3,088add57-cf62-4ddd-9908-7eb738b0ec22,0.779992804186176
08e65366-36a3-4146-bec6-043286cedf16_741-63,1,1,1,4,08e65366-36a3-4146-bec6-043286cedf16,1.1247048553859105
09690df3-0715-4875-8745-7e8830c761d0_2258-64,0,1,1,2,09690df3-0715-4875-8745-7e8830c761d0,0.8141437711039278
09690df3-0715-4875-8745-7e8830c761d0_341-62,3,1,1,2,09690df3-0715-4875-8745-7e8830c761d0,-0.2511168005348497
09aa2849-b299-4e30-ab69-1213c6f96581_1101-28,2,1,1,0,09aa2849-b299-4e30-ab69-1213c6f96581,0.5630856992808053
09fe2f2d-7d90-4d7d-9dcd-baec4704f4cc_4409-86,1,1,1,1,09fe2f2d-7d90-4d7d-9dcd-baec4704f4cc,0.3397162573866993
0a02a1ed-a327-4753-b270-e95298984b96_534-33,1,0,0,4,0a02a1ed-a327-4753-b270-e95298984b96,0.49852629083108735
0a4c05df-f522-4a33-862f-0d89824e7300_1283-75,3,1,1,2,0a4c05df-f522-4a33-862f-0d89824e7300,0.17617039617015828
0b38da1c-2b62-4c05-a68e-e8f2aafa47a8_1227-10,1,1,1,3,0b38da1c-2b62-4c05-a68e-e8f2aafa47a8,0.01032698669535681
0b530687-26d8-4c9d-9771-c758ecd2ecbf_14330-76,1,0,0,2,0b530687-26d8-4c9d-9771-c758ecd2ecbf,0.05466893161312236
0b530687-26d8-4c9d-9771-c758ecd2ecbf_14604-13,0,1,1,2,0b530687-26d8-4c9d-9771-c758ecd2ecbf,-0.14142789391418248
0b530687-26d8-4c9d-9771-c758ecd2ecbf_16957-98,0,1,1,2,0b530687-26d8-4c9d-9771-c758ecd2ecbf,1.1832936550783564
0b530687-26d8-4c9d-9771-c758ecd2ecbf_3386-79,0,1,1,2,0b530687-26d8-4c9d-9771-c758ecd2ecbf,0.32853652558842594
0ca15932-2ede-4802-8f8d-68555c68c0b8_525-50,3,1,1,0,0ca15932-2ede-4802-8f8d-68555c68c0b8,1.6636236729874472
0cd16e31-6045-45ea-b0d7-105116f9e6d1_1433-59,0,0,0,0,0cd16e31-6045-45ea-b0d7-105116f9e6d1,1.1379484007648224
0cd16e31-6045-45ea-b0d7-105116f9e6d1_646-65,0,0,0,0,0cd16e31-6045-45ea-b0d7-105116f9e6d1,1.6722543560976295
0d08f503-89df-4dd8-a238-4e1749d2fe22_5-63,1,0,0,4,0d08f503-89df-4dd8-a238-4e1749d2fe22,1.2115773716320062
0d572bb4-543a-4fa2-afce-876f854a559a_484-84,0,0,0,0,0d572bb4-543a-4fa2-afce-876f854a559a,1.1049828199409535
0d5f2917-e0bd-47cb-b887-1c14c69568f9_848-84,1,0,0,3,0d5f2917-e0bd-47cb-b887-1c14c69568f9,-0.10691970437296716
0d6a065b-3fcd-4537-8148-bc55d2ee3055_19-05,0,0,0,4,0d6a065b-3fcd-4537-8148-bc55d2ee3055,0.5127923188730702
0dca9b08-f9c6-446f-8754-3c1312fa3274_101-78,3,1,1,3,0dca9b08-f9c6-446f-8754-3c1312fa3274,1.6662872703825733
0e12d060-f93d-418a-a377-7f2467be9fed_363-39,3,1,1,4,0e12d060-f93d-418a-a377-7f2467be9fed,0.3981820379720262
0ece1a2a-2da0-4b28-ac8c-bf9f04c0d17c_2285-27,1,1,1,4,0ece1a2a-2da0-4b28-ac8c-bf9f04c0d17c,-0.9168876003073008
0ece1a2a-2da0-4b28-ac8c-bf9f04c0d17c_335-84,2,1,1,4,0ece1a2a-2da0-4b28-ac8c-bf9f04c0d17c,-0.26620101623018994
0ece1a2a-2da0-4b28-ac8c-bf9f04c0d17c_713-12,1,0,0,4,0ece1a2a-2da0-4b28-ac8c-bf9f04c0d17c,-0.12539822121204297
0f038f2a-7b3d-40ec-a22a-9f764bfbde74_4-93,2,1,1,4,0f038f2a-7b3d-40ec-a22a-9f764bfbde74,0.49164763375651954
0f1024e6-ff80-46e2-aea8-3878f11bc1d7_201-92,2,1,1,3,0f1024e6-ff80-46e2-aea8-3878f11bc1d7,0.10972698068564757
0f3fa455-3622-4fb4-a3be-0c1a7fd697a7_1157-44,2,1,1,2,0f3fa455-3622-4fb4-a3be-0c1a7fd697a7,1.3581762978690226
0f574f9b-00bc-479d-894b-9e7c999fe13a_302-98,0,0,0,1,0f574f9b-00bc-479d-894b-9e7c999fe13a,0.36841437708690783
0f574f9b-00bc-479d-894b-9e7c999fe13a_303-78,0,0,0,1,0f574f9b-00bc-479d-894b-9e7c999fe13a,1.837762301785523
0f82d425-f8be-4e69-8c59-0a1a2e980b20_1108-13,1,1,1,4,0f82d425-f8be-4e69-8c59-0a1a2e980b20,1.104952860839874
0f82d425-f8be-4e69-8c59-0a1a2e980b20_295-56,2,1,1,4,0f82d425-f8be-4e69-8c59-0a1a2e980b20,0.0013187189236244512
0f82d425-f8be-4e69-8c59-0a1a2e980b20_518-50,4,1,1,4,0f82d425-f8be-4e69-8c59-0a1a2e980b20,0.24895222108716142
0f82d425-f8be-4e69-8c59-0a1a2e980b20_554-09,3,1,1,4,0f82d425-f8be-4e69-8c59-0a1a2e980b20,0.7966685615860106
10019839-9ded-439f-a573-5ccacd7d829d_650-42,3,1,1,0,10019839-9ded-439f-a573-5ccacd7d829d,0.624517687260093
102dc7b7-a8fb-419e-9a18-b679e7157d99_517-02,2,1,1,0,102dc7b7-a8fb-419e-9a18-b679e7157d99,0.19430031478301446
102dc7b7-a8fb-419e-9a18-b679e7157d99_754-92,3,1,1,0,102dc7b7-a8fb-419e-9a18-b679e7157d99,0.30909880926794886
1042ea39-9256-4593-a4c6-a0d0393da739_524-37,3,1,1,0,1042ea39-9256-4593-a4c6-a0d0393da739,1.0125032297515615
10a848ed-f258-4930-abdd-1fd60b788abc_125-95,2,1,1,2,10a848ed-f258-4930-abdd-1fd60b788abc,0.29524109260029663
10a848ed-f258-4930-abdd-1fd60b788abc_294-40,3,1,1,2,10a848ed-f258-4930-abdd-1fd60b788abc,1.1031154887788328
10a848ed-f258-4930-abdd-1fd60b788abc_345-05,2,1,1,2,10a848ed-f258-4930-abdd-1fd60b788abc,0.8655813735304133
10a848ed-f258-4930-abdd-1fd60b788abc_475-65,2,1,1,2,10a848ed-f258-4930-abdd-1fd60b788abc,1.1221492993111508
10a848ed-f258-4930-abdd-1fd60b788abc_489-09,1,1,1,2,10a848ed-f258-4930-abdd-1fd60b788abc,0.6107903610843496
10a848ed-f258-4930-abdd-1fd60b788abc_549-51,3,1,1,2,10a848ed-f258-4930-abdd-1fd60b788abc,0.3856194433040858
10a848ed-f258-4930-abdd-1fd60b788abc_75-21,0,0,0,2,10a848ed-f258-4930-abdd-1fd60b788abc,-0.7305754184939038
10a848ed-f258-4930-abdd-1fd60b788abc_788-28,0,1,1,2,10a848ed-f258-4930-abdd-1fd60b788abc,0.2901041435965852
10c73f89-cc7d-4d43-b1df-b56703de1b24_711-97,3,1,1,4,10c73f89-cc7d-4d43-b1df-b56703de1b24,1.3611347429662075
110352df-c7a3-4fec-a707-42936d101c28_3-37,2,0,0,3,110352df-c7a3-4fec-a707-42936d101c28,0.05410724744791562
1106ee5c-8829-460f-8454-c4a8348f5400_10077-91,1,0,0,0,1106ee5c-8829-460f-8454-c4a8348f5400,-0.07471301156872734
1106ee5c-8829-460f-8454-c4a8348f5400_1134-19,0,1,1,0,1106ee5c-8829-460f-8454-c4a8348f5400,0.07059738943524829
110f9870-6b6c-4a20-a3c8-8c2e29c53bb7_1386-55,3,0,0,2,110f9870-6b6c-4a20-a3c8-8c2e29c53bb7,-0.33518790063514003
110f9870-6b6c-4a20-a3c8-8c2e29c53bb7_1388-88,0,1,1,2,110f9870-6b6c-4a20-a3c8-8c2e29c53bb7,0.23780074226260883
11586867-f4d9-4341-9532-4de21a47585d_394-60,2,1,1,1,11586867-f4d9-4341-9532-4de21a47585d,0.5634988781084783
11663dd8-aa9d-429d-80e2-2807b341350e_224-01,1,1,1,2,11663dd8-aa9d-429d-80e2-2807b341350e,0.6743371113750366
11e56f1e-baef-4fe8-ad0f-a7ec8788ea3a_836-51,2,0,0,4,11e56f1e-baef-4fe8-ad0f-a7ec8788ea3a,1.107071175874668
11f247e0-179a-4b9d-8244-16fb918010a1_1002-90,0,1,1,3,11f247e0-179a-4b9d-8244-16fb918010a1,0.037078199476891394
11f247e0-179a-4b9d-8244-16fb918010a1_1085-16,3,0,0,3,11f247e0-179a-4b9d-8244-16fb918010a1,0.7560259931870502
11f247e0-179a-4b9d-8244-16fb918010a1_1106-33,0,1,1,3,11f247e0-179a-4b9d-8244-16fb918010a1,0.5725975882344955
11f247e0-179a-4b9d-8244-16fb918010a1_1376-89,3,1,1,3,11f247e0-179a-4b9d-8244-16fb918010a1,1.0487467159049868
11fb6f55-4bf0-4992-ad15-d30a51447ab3_745-24,1,1,1,1,11fb6f55-4bf0-4992-ad15-d30a51447ab3,1.0248215934311706
1246d6ec-5620-4f71-8b4b-d823775f58c2_29-81,0,1,1,2,1246d6ec-5620-4f71-8b4b-d823775f58c2,0.9042737340693384
1270f0e2-1bc0-4225-bf6e-3dd68c594c8b_1984-62,0,1,1,4,1270f0e2-1bc0-4225-bf6e-3dd68c594c8b,0.5743027458626216
1309c412-1d3b-449a-95d7-853616686f89_980-21,2,0,0,1,1309c412-1d3b-449a-95d7-853616686f89,1.793195943499541
1330508f-8168-4408-a4df-79f69fb87c83_1053-45,2,1,1,0,1330508f-8168-4408-a4df-79f69fb87c83,0.13292353539997648
13488a91-cef6-46f4-8007-9453d5d49925_44-43,0,1,1,1,13488a91-cef6-46f4-8007-9453d5d49925,0.0020451861151684625
134a4c63-583a-4e64-8cf9-002b6d26cdf1_375-78,1,0,0,2,134a4c63-583a-4e64-8cf9-002b6d26cdf1,-0.4032238815714315
134a4c63-583a-4e64-8cf9-002b6d26cdf1_464-01,1,1,1,2,134a4c63-583a-4e64-8cf9-002b6d26cdf1,0.49821358823914175
134d9865-d9ee-47e5-a121-589a26c6b3ba_1573-53,1,1,1,3,134d9865-d9ee-47e5-a121-589a26c6b3ba,0.9600578016114046
134d9865-d9ee-47e5-a121-589a26c6b3ba_1586-50,2,0,0,3,134d9865-d9ee-47e5-a121-589a26c6b3ba,1.2403956951391542
13a15553-2fdb-4d04-a7b4-2efc33538525_875-77,1,1,1,1,13a15553-2fdb-4d04-a7b4-2efc33538525,1.1128540273764593
13bbcf71-cc9d-40f9-b072-77841ea8b7a2_38-55,0,1,1,3,13bbcf71-cc9d-40f9-b072-77841ea8b7a2,0.7346821908528381
13d7173f-e8d1-4124-a66b-2ae648da9dbd_510-46,3,0,0,4,13d7173f-e8d1-4124-a66b-2ae648da9dbd,0.6673617212163169
146a4b4b-96a5-4d8f-a5b1-78dbb6ee5edf_4571-18,2,1,1,4,146a4b4b-96a5-4d8f-a5b1-78dbb6ee5edf,1.0085010985259504
146a4b4b-96a5-4d8f-a5b1-78dbb6ee5edf_9999-80,1,0,0,4,146a4b4b-96a5-4d8f-a5b1-78dbb6ee5edf,0.2441145177019589
14a3d52a-e66c-4a4c-8f71-d86f7199993c_10-64,0,1,1,0,14a3d52a-e66c-4a4c-8f71-d86f7199993c,2.4822791029862215
14c123f4-06ab-4b51-aa26-95b0e3adf6eb_61-25,2,1,1,1,14c123f4-06ab-4b51-aa26-95b0e3adf6eb,1.540204543047249
14e96091-4011-4557-95b3-a195fb5c39d8_273-80,2,1,1,2,14e96091-4011-4557-95b3-a195fb5c39d8,-0.11814058333672056
14e96091-4011-4557-95b3-a195fb5c39d8_919-08,1,0,0,2,14e96091-4011-4557-95b3-a195fb5c39d8,-0.200439894511712
15223229-8273-4f28-9bc0-1266e7c210d8_1078-65,0,1,1,3,15223229-8273-4f28-9bc0-1266e7c210d8,0.3043362915512692
153cd84b-0345-4590-90f6-f66c294db429_799-88,2,0,0,4,153cd84b-0345-4590-90f6-f66c294db429,0.07638755686101517
156823e7-0339-4f64-9c89-80044fc8b218_782-84,1,1,1,4,156823e7-0339-4f64-9c89-80044fc8b218,0.2406557677669725
15c5a595-c577-4b4b-b26a-639517f140c9_1-82,3,0,0,2,15c5a595-c577-4b4b-b26a-639517f140c9,0.16922987262864675
15f1a422-327d-4dab-b14d-7003544c5817_1292-11,1,0,0,2,15f1a422-327d-4dab-b14d-7003544c5817,-0.5056072536515795
15f1a422-327d-4dab-b14d-7003544c5817_1304-02,0,0,0,2,15f1a422-327d-4dab-b14d-7003544c5817,0.6680861226158982
1626db26-0c74-43d6-a5c2-c1a8fa7b1429_2450-13,0,0,0,0,1626db26-0c74-43d6-a5c2-c1a8fa7b1429,0.736244890756258
1626db26-0c74-43d6-a5c2-c1a8fa7b1429_730-63,2,1,1,0,1626db26-0c74-43d6-a5c2-c1a8fa7b1429,-0.09947943089825129
168f91fd-53c2-4eee-9d2d-e25e1ad73438_99-46,2,0,0,3,168f91fd-53c2-4eee-9d2d-e25e1ad73438,0.2500946722533355
170fb6c9-8550-4e82-bb9a-4ad574c0f0fa_7137-29,0,1,1,4,170fb6c9-8550-4e82-bb9a-4ad574c0f0fa,1.4150920388274946
17be1d0a-f213-4126-ab6e-08e5c8ee5b93_1056-33,1,1,1,0,17be1d0a-f213-4126-ab6e-08e5c8ee5b93,0.44085806630633195
17be1d0a-f213-4126-ab6e-08e5c8ee5b93_1922-28,1,1,1,0,17be1d0a-f213-4126-ab6e-08e5c8ee5b93,0.7861456923351366
17be1d0a-f213-4126-ab6e-08e5c8ee5b93_1968-69,1,0,0,0,17be1d0a-f213-4126-ab6e-08e5c8ee5b93,1.698704289346819
17be1d0a-f213-4126-ab6e-08e5c8ee5b93_4479-70,1,1,1,0,17be1d0a-f213-4126-ab6e-08e5c8ee5b93,-0.13715491133277152
17be1d0a-f213-4126-ab6e-08e5c8ee5b93_4986-86,0,1,1,0,17be1d0a-f213-4126-ab6e-08e5c8ee5b93,0.41617867662684715
17be1d0a-f213-4126-ab6e-08e5c8ee5b93_70-40,2,1,1,0,17be1d0a-f213-4126-ab6e-08e5c8ee5b93,0.787675391351474
17cd1d99-044c-4b1b-97b4-f3de34f8e55b_251-62,1,1,1,4,17cd1d99-044c-4b1b-97b4-f3de34f8e55b,0.038605531254341297
17cd1d99-044c-4b1b-97b4-f3de34f8e55b_252-07,0,1,1,4,17cd1d99-044c-4b1b-97b4-f3de34f8e55b,0.9114743683676844
18189ea3-00fd-428a-bbae-7549ddd9a97e_803-15,2,1,1,0,18189ea3-00fd-428a-bbae-7549ddd9a97e,0.4412815799723966
182dffe9-d2bf-4a7d-b1d8-137470f0143d_1327-77,0,0,0,4,182dffe9-d2bf-4a7d-b1d8-137470f0143d,-0.016787824990849298
182dffe9-d2bf-4a7d-b1d8-137470f0143d_1639-14,1,0,0,4,182dffe9-d2bf-4a7d-b1d8-137470f0143d,0.5273995327776339
182dffe9-d2bf-4a7d-b1d8-137470f0143d_1670-78,1,1,1,4,182dffe9-d2bf-4a7d-b1d8-137470f0143d,0.7304775090591097
182dffe9-d2bf-4a7d-b1d8-137470f0143d_1681-54,3,0,0,4,182dffe9-d2bf-4a7d-b1d8-137470f0143d,-0.2561863899210236
18a3840b-7463-43c4-9aa9-b1d8e486fa84_2172-38,3,1,1,2,18a3840b-7463-43c4-9aa9-b1d8e486fa84,1.251394126889668
18ac02cb-20eb-4eed-b735-04aff3573422_38-16,3,0,0,3,18ac02cb-20eb-4eed-b735-04aff3573422,1.4185446629534764
19493340-9a5c-406c-9943-712a4a4a073c_634-74,1,1,1,1,19493340-9a5c-406c-9943-712a4a4a073c,1.197834702579537
19f2ea20-5041-4be2-bdc9-714473f16236_1915-00,0,0,0,1,19f2ea20-5041-4be2-bdc9-714473f16236,0.3551698312255105
19f2ea20-5041-4be2-bdc9-714473f16236_2706-11,1,1,1,1,19f2ea20-5041-4be2-bdc9-714473f16236,0.9957408262992918
19f2ea20-5041-4be2-bdc9-714473f16236_4520-57,2,0,0,1,19f2ea20-5041-4be2-bdc9-714473f16236,-0.011558182469228462
19f2ea20-5041-4be2-bdc9-714473f16236_4524-38,1,1,1,1,19f2ea20-5041-4be2-bdc9-714473f16236,0.722652088832599
19f2ea20-5041-4be2-bdc9-714473f16236_4525-17,1,1,1,1,19f2ea20-5041-4be2-bdc9-714473f16236,0.6762555224877281
19f2ea20-5041-4be2-bdc9-714473f16236_5269-91,0,0,0,1,19f2ea20-5041-4be2-bdc9-714473f16236,0.09235140186400026
1a2a8e0b-747e-43e3-9618-fc3f55f662b6_0-00,0,1,1,1,1a2a8e0b-747e-43e3-9618-fc3f55f662b6,0.49931774402547713
1a50cd38-dda2-41d0-8a6f-294f17373d97_2805-73,3,1,1,0,1a50cd38-dda2-41d0-8a6f-294f17373d97,0.12344864038914205
1a50cd38-dda2-41d0-8a6f-294f17373d97_2829-22,2,1,1,0,1a50cd38-dda2-41d0-8a6f-294f17373d97,0.45978815631238135
1a50cd38-dda2-41d0-8a6f-294f17373d97_3680-47,3,0,0,0,1a50cd38-dda2-41d0-8a6f-294f17373d97,0.18073467651837327
1a7b9b5d-499a-454e-aaee-3758718fb5f2_817-59,1,1,1,3,1a7b9b5d-499a-454e-aaee-3758718fb5f2,0.8994278088784998
1a7e6155-3613-4f55-865c-00e196db0da0_3573-11,2,0,0,0,1a7e6155-3613-4f55-865c-00e196db0da0,0.395863835807196
1a9a07d5-70ad-4e18-9740-66ea985a527b_945-60,1,0,0,3,1a9a07d5-70ad-4e18-9740-66ea985a527b,0.09571547166821004
1aa426b2-4d83-4b56-9d3c-4616adc464c8_300-08,3,1,1,4,1aa426b2-4d83-4b56-9d3c-4616adc464c8,0.22211964667405304
1acd2d5c-b0d4-4ec5-a54c-6a9c84cb11f6_23-18,3,1,1,3,1acd2d5c-b0d4-4ec5-a54c-6a9c84cb11f6,0.7383616057809431
1acd2d5c-b0d4-4ec5-a54c-6a9c84cb11f6_273-21,3,1,1,3,1acd2d5c-b0d4-4ec5-a54c-6a9c84cb11f6,0.020868274879668913
1acd2d5c-b0d4-4ec5-a54c-6a9c84cb11f6_742-55,3,1,1,3,1acd2d5c-b0d4-4ec5-a54c-6a9c84cb11f6,0.4323029875143354
1acd2d5c-b0d4-4ec5-a54c-6a9c84cb11f6_773-39,0,1,1,3,1acd2d5c-b0d4-4ec5-a54c-6a9c84cb11f6,0.7616203387547972
1acd2d5c-b0d4-4ec5-a54c-6a9c84cb11f6_776-54,0,0,0,3,1acd2d5c-b0d4-4ec5-a54c-6a9c84cb11f6,0.7995703041912298
1b1acfa6-ee3b-483c-9c0a-245d70d7125f_3443-49,0,1,1,0,1b1acfa6-ee3b-483c-9c0a-245d70d7125f,1.256142602950354
1b4b9493-2f3b-48e2-ba96-4feb9b9e98a1_408-70,1,1,1,0,1b4b9493-2f3b-48e2-ba96-4feb9b9e98a1,0.8010970377885647
1b6c9a8b-baec-44ac-ab24-f482d0c30117_216-86,3,1,1,1,1b6c9a8b-baec-44ac-ab24-f482d0c30117,0.19265811781944864
1b6c9a8b-baec-44ac-ab24-f482d0c30117_42-25,3,1,1,1,1b6c9a8b-baec-44ac-ab24-f482d0c30117,0.8004081358977696
1bfac46e-f957-4495-9583-dbd7fa683225_823-65,2,1,1,4,1bfac46e-f957-4495-9583-dbd7fa683225,1.0801346657674933
1bfe3bec-79fd-4b1b-8738-4d313f3f79b9_355-45,0,1,1,3,1bfe3bec-79fd-4b1b-8738-4d313f3f79b9,0.7363715911377361
1bfe3bec-79fd-4b1b-8738-4d313f3f79b9_47-86,0,0,0,3,1bfe3bec-79fd-4b1b-8738-4d313f3f79b9,0.8115991346623511
1bfe3bec-79fd-4b1b-8738-4d313f3f79b9_548-41,3,1,1,3,1bfe3bec-79fd-4b1b-8738-4d313f3f79b9,1.6435735320789226
1c0ba820-4a30-47dd-852d-c30685c7051e_0-00,0,1,1,4,1c0ba820-4a30-47dd-852d-c30685c7051e,0.985997489158173
1c0ba820-4a30-47dd-852d-c30685c7051e_36-98,0,1,1,4,1c0ba820-4a30-47dd-852d-c30685c7051e,1.0040409375713994
1c35e580-0eb1-485f-98d5-48f1f968e952_519-81,1,0,0,0,1c35e580-0eb1-485f-98d5-48f1f968e952,-0.2626679018474351
1c983176-b07a-4a69-ae51-de7829de6b6a_1090-54,1,1,1,0,1c983176-b07a-4a69-ae51-de7829de6b6a,1.6361169286651764
1c983176-b07a-4a69-ae51-de7829de6b6a_1270-21,2,1,1,0,1c983176-b07a-4a69-ae51-de7829de6b6a,0.4932343221450193
1c983176-b07a-4a69-ae51-de7829de6b6a_261-56,2,1,1,0,1c983176-b07a-4a69-ae51-de7829de6b6a,1.9001600494328306
1ce16a97-f614-4660-b21c-4205b33c8bab_1988-77,0,1,1,2,1ce16a97-f614-4660-b21c-4205b33c8bab,1.0497212496536594
1ceb6ff6-da6c-4bbe-b8f1-01a5b27026ce_294-88,2,1,1,4,1ceb6ff6-da6c-4bbe-b8f1-01a5b27026ce,1.1318028795405723
1de5ae42-ca61-4a76-a514-8b70c40553fc_1576-85,2,1,1,1,1de5ae42-ca61-4a76-a514-8b70c40553fc,0.19067899000013766
1e90b2b5-5483-4ecc-b8e0-fb0bf63ccac3_3303-65,0,1,1,0,1e90b2b5-5483-4ecc-b8e0-fb0bf63ccac3,-0.10498033692656772
1e90b2b5-5483-4ecc-b8e0-fb0bf63ccac3_546-46,0,1,1,0,1e90b2b5-5483-4ecc-b8e0-fb0bf63ccac3,0.17147776136851822
1e96ede3-aa85-4162-a32f-c565e5194cab_995-46,2,1,1,0,1e96ede3-aa85-4162-a32f-c565e5194cab,1.1700710099102192
1e9da62e-72ae-48d2-8b6e-00a5283d213f_1077-48,3,0,0,3,1e9da62e-72ae-48d2-8b6e-00a5283d213f,0.013590507887104364
1e9da62e-72ae-48d2-8b6e-00a5283d213f_571-85,2,0,0,3,1e9da62e-72ae-48d2-8b6e-00a5283d213f,-0.3489811353853024
1ea95f25-81f9-46b1-b7a1-c4ca58251c6f_1089-87,0,0,0,2,1ea95f25-81f9-46b1-b7a1-c4ca58251c6f,-0.27533605346970697
1ea95f25-81f9-46b1-b7a1-c4ca58251c6f_1359-12,2,0,0,2,1ea95f25-81f9-46b1-b7a1-c4ca58251c6f,1.1560752326691803
1eee4aaf-a21c-4ae5-82cd-96fdccae6742_761-92,0,1,1,2,1eee4aaf-a21c-4ae5-82cd-96fdccae6742,0.820875232461523
1eee4aaf-a21c-4ae5-82cd-96fdccae6742_876-68,3,0,0,2,1eee4aaf-a21c-4ae5-82cd-96fdccae6742,1.1613148812849619
1eee4aaf-a21c-4ae5-82cd-96fdccae6742_917-84,3,1,1,2,1eee4aaf-a21c-4ae5-82cd-96fdccae6742,1.3950016048119322
1f216b72-21a2-4463-b5ae-13bffd779b4d_1694-44,0,1,1,3,1f216b72-21a2-4463-b5ae-13bffd779b4d,0.16348281408607956
1f216b72-21a2-4463-b5ae-13bffd779b4d_40-21,3,0,0,3,1f216b72-21a2-4463-b5ae-13bffd779b4d,-0.07933786217302335
1f4a4d13-f083-4464-8c03-5e09f55e3f63_1207-44,1,0,0,2,1f4a4d13-f083-4464-8c03-5e09f55e3f63,-0.12991011555466048
1f4a4d13-f083-4464-8c03-5e09f55e3f63_125-54,3,0,0,2,1f4a4d13-f083-4464-8c03-5e09f55e3f63,0.324179025068265
1f4a4d13-f083-4464-8c03-5e09f55e3f63_332-95,3,0,0,2,1f4a4d13-f083-4464-8c03-5e09f55e3f63,1.1416015355212323
1f4a4d13-f083-4464-8c03-5e09f55e3f63_764-04,0,0,0,2,1f4a4d13-f083-4464-8c03-5e09f55e3f63,0.6421058785260035
1f4a4d13-f083-4464-8c03-5e09f55e3f63_781-81,3,0,0,2,1f4a4d13-f083-4464-8c03-5e09f55e3f63,0.27437549759470337
1f5ca4f1-6200-4a9a-86af-150824b51f67_717-00,3,0,0,2,1f5ca4f1-6200-4a9a-86af-150824b51f67,0.1363590611515071
1f5ca4f1-6200-4a9a-86af-150824b51f67_821-58,3,0,0,2,1f5ca4f1-6200-4a9a-86af-150824b51f67,0.406768573812303
1f61d972-e61b-4846-af3a-d09db9f111f8_1079-93,3,1,1,1,1f61d972-e61b-4846-af3a-d09db9f111f8,2.254425849186692
1f61d972-e61b-4846-af3a-d09db9f111f8_17-26,2,0,0,1,1f61d972-e61b-4846-af3a-d09db9f111f8,-0.11014604220981217
1f6eb61d-74fa-411e-979c-2e66e71f2b7d_345-36,1,1,1,0,1f6eb61d-74fa-411e-979c-2e66e71f2b7d,0.7930485802382914
1f6eb61d-74fa-411e-979c-2e66e71f2b7d_501-62,1,1,1,0,1f6eb61d-74fa-411e-979c-2e66e71f2b7d,0.924488371688716
1fe55d7f-85e4-4cb5-a536-7a2aa623630b_1246-18,1,1,1,1,1fe55d7f-85e4-4cb5-a536-7a2aa623630b,0.3100368764712397
201af2e0-72dd-466c-8280-8c3dc00a7981_1276-29,1,1,1,2,201af2e0-72dd-466c-8280-8c3dc00a7981,0.040504454287855096
201af2e0-72dd-466c-8280-8c3dc00a7981_602-53,1,1,1,2,201af2e0-72dd-466c-8280-8c3dc00a7981,0.3857686515336566
20525d50-586a-4792-bfdb-fd941ee64ea9_547-93,3,0,0,1,20525d50-586a-4792-bfdb-fd941ee64ea9,-0.5260742045153353
20525d50-586a-4792-bfdb-fd941ee64ea9_89-29,1,1,1,1,20525d50-586a-4792-bfdb-fd941ee64ea9,0.17281345023131944
20c165c7-6d47-4264-8e62-9f1e643a4d03_2858-81,3,1,1,2,20c165c7-6d47-4264-8e62-9f1e643a4d03,0.7129216344179125
2131b8e4-79b5-48f7-b092-e4a13ed96749_1086-27,1,1,1,4,2131b8e4-79b5-48f7-b092-e4a13ed96749,0.9535270475951559
2131b8e4-79b5-48f7-b092-e4a13ed96749_2003-33,2,1,1,4,2131b8e4-79b5-48f7-b092-e4a13ed96749,1.1425811625110915
2137f7a2-dce3-4d95-859d-ad2a50b0cd09_1373-29,3,1,1,1,2137f7a2-dce3-4d95-859d-ad2a50b0cd09,0.1236682368073454
2142bbd6-da88-4976-8668-8f21c27ed456_775-93,1,1,1,0,2142bbd6-da88-4976-8668-8f21c27ed456,0.17485505232053744
21438820-16d7-4fcd-b0d0-5def201fc65e_1321-22,3,1,1,1,21438820-16d7-4fcd-b0d0-5def201fc65e,1.171503300707589
214b62df-2fb1-4b0e-af9d-42b0dd37defb_1128-08,2,1,1,3,214b62df-2fb1-4b0e-af9d-42b0dd37defb,0.5513560786396016
214b62df-2fb1-4b0e-af9d-42b0dd37defb_1307-44,0,1,1,3,214b62df-2fb1-4b0e-af9d-42b0dd37defb,1.2662047518683437
214b62df-2fb1-4b0e-af9d-42b0dd37defb_138-53,3,1,1,3,214b62df-2fb1-4b0e-af9d-42b0dd37defb,0.8631340078154449
214b62df-2fb1-4b0e-af9d-42b0dd37defb_1599-71,2,1,1,3,214b62df-2fb1-4b0e-af9d-42b0dd37defb,0.8631340078154449
214b62df-2fb1-4b0e-af9d-42b0dd37defb_1955-31,3,0,0,3,214b62df-2fb1-4b0e-af9d-42b0dd37defb,0.7971254860321745
214b62df-2fb1-4b0e-af9d-42b0dd37defb_2020-07,2,1,1,3,214b62df-2fb1-4b0e-af9d-42b0dd37defb,0.6510610251879511
214b62df-2fb1-4b0e-af9d-42b0dd37defb_2040-30,0,1,1,3,214b62df-2fb1-4b0e-af9d-42b0dd37defb,0.5170068791521837
214b62df-2fb1-4b0e-af9d-42b0dd37defb_2076-23,1,1,1,3,214b62df-2fb1-4b0e-af9d-42b0dd37defb,0.8795668509531421
214b62df-2fb1-4b0e-af9d-42b0dd37defb_2181-76,1,1,1,3,214b62df-2fb1-4b0e-af9d-42b0dd37defb,1.0667685344667075
214b62df-2fb1-4b0e-af9d-42b0dd37defb_2189-63,0,1,1,3,214b62df-2fb1-4b0e-af9d-42b0dd37defb,0.5815030743152393
214b62df-2fb1-4b0e-af9d-42b0dd37defb_800-76,3,1,1,3,214b62df-2fb1-4b0e-af9d-42b0dd37defb,1.079810657234495
225a1ffe-3e7e-4ff8-a47e-2e80989077fe_94-47,0,1,1,1,225a1ffe-3e7e-4ff8-a47e-2e80989077fe,0.8717036062423497
22653c79-369f-4a0d-a663-33a1da378fe0_245-16,0,0,0,0,22653c79-369f-4a0d-a663-33a1da378fe0,0.2050790514121612
22653c79-369f-4a0d-a663-33a1da378fe0_292-96,1,1,1,0,22653c79-369f-4a0d-a663-33a1da378fe0,2.3025119310348874
22f68c6a-b8dd-44e6-b1fe-d4e619e72f59_662-18,2,0,0,0,22f68c6a-b8dd-44e6-b1fe-d4e619e72f59,-0.14633509456227511
235b49d2-b59c-4079-81cc-ad9c01dbd2df_22-56,3,0,0,3,235b49d2-b59c-4079-81cc-ad9c01dbd2df,0.5910446982320615
23ac2590-b25f-4718-8c9b-89d32eb992b2_641-98,0,1,1,4,23ac2590-b25f-4718-8c9b-89d32eb992b2,0.7577460565097017
23ac3708-df1d-4bb0-a4c7-b2a66855dccb_447-26,3,1,1,1,23ac3708-df1d-4bb0-a4c7-b2a66855dccb,0.2216193611203986
23ac3708-df1d-4bb0-a4c7-b2a66855dccb_950-08,3,1,1,1,23ac3708-df1d-4bb0-a4c7-b2a66855dccb,1.3373450866953616
23ad5ebf-6223-4938-8609-d5df7afcf599_267-76,4,1,1,4,23ad5ebf-6223-4938-8609-d5df7afcf599,0.48013555186961143
243e800d-fc75-473d-b944-a95844e13a78_1602-75,2,0,0,4,243e800d-fc75-473d-b944-a95844e13a78,-0.021899297610649238
24c447b6-094f-49a6-9c20-ed594ab0da65_0-04,3,0,0,0,24c447b6-094f-49a6-9c20-ed594ab0da65,1.0585275974602646
24c447b6-094f-49a6-9c20-ed594ab0da65_947-73,2,1,1,0,24c447b6-094f-49a6-9c20-ed594ab0da65,1.2300262391774264
24e24f1f-af43-4ee5-86be-2a4d5cf772c5_194-62,0,1,1,4,24e24f1f-af43-4ee5-86be-2a4d5cf772c5,1.6941460948080684
24e24f1f-af43-4ee5-86be-2a4d5cf772c5_40-56,3,0,0,4,24e24f1f-af43-4ee5-86be-2a4d5cf772c5,0.09447911138163712
254029e5-fed4-40a7-bef1-12b9faff3202_1017-93,3,0,0,2,254029e5-fed4-40a7-bef1-12b9faff3202,0.21271746936992242
258a7d18-4e66-4e3a-9fa0-f8daf7315a6d_1387-30,1,1,1,2,258a7d18-4e66-4e3a-9fa0-f8daf7315a6d,0.6862743326766091
258a7d18-4e66-4e3a-9fa0-f8daf7315a6d_1892-58,0,1,1,2,258a7d18-4e66-4e3a-9fa0-f8daf7315a6d,1.4708049450152667
25ade38d-3e6b-4aa1-851d-7fbf791201c0_887-41,2,1,1,1,25ade38d-3e6b-4aa1-851d-7fbf791201c0,1.109731521066907
25beabfc-48c0-4f81-b419-c47297aecf6f_203-09,3,1,1,0,25beabfc-48c0-4f81-b419-c47297aecf6f,-0.5280254626989044
25f88143-835a-4ac9-9272-eada5dbb8440_162-66,2,0,0,2,25f88143-835a-4ac9-9272-eada5dbb8440,0.26135643474306247
26192bcd-7240-4d7b-8306-fa4eed0264f2_4935-17,1,0,0,4,26192bcd-7240-4d7b-8306-fa4eed0264f2,0.38715889973541606
261edec2-f089-4a74-b25f-ddf32c92f90c_1105-51,3,1,1,4,261edec2-f089-4a74-b25f-ddf32c92f90c,1.0432035467354135
261edec2-f089-4a74-b25f-ddf32c92f90c_801-93,2,0,0,4,261edec2-f089-4a74-b25f-ddf32c92f90c,-0.6712341511751942
262fd2ec-8eba-44d9-8082-4d0574f7a515_1038-82,1,0,0,4,262fd2ec-8eba-44d9-8082-4d0574f7a515,0.9936194913076787
262fd2ec-8eba-44d9-8082-4d0574f7a515_1440-24,3,1,1,4,262fd2ec-8eba-44d9-8082-4d0574f7a515,0.4786962565881451
262fd2ec-8eba-44d9-8082-4d0574f7a515_3000-11,2,0,0,4,262fd2ec-8eba-44d9-8082-4d0574f7a515,0.49345918863927174
262fd2ec-8eba-44d9-8082-4d0574f7a515_3060-97,0,1,1,4,262fd2ec-8eba-44d9-8082-4d0574f7a515,0.04069088127396825
2638b358-6b13-434c-bf03-a48bca96f287_636-40,0,1,1,2,2638b358-6b13-434c-bf03-a48bca96f287,1.0018814287251803
2680068d-b3ae-42d8-971f-e842c2d4fbb4_1248-72,2,0,0,4,2680068d-b3ae-42d8-971f-e842c2d4fbb4,0.5672278522391215
2680068d-b3ae-42d8-971f-e842c2d4fbb4_739-57,0,0,0,4,2680068d-b3ae-42d8-971f-e842c2d4fbb4,1.2766346085613245
268a17eb-3f11-45d4-a671-9e0d8a637363_2969-91,2,1,1,3,268a17eb-3f11-45d4-a671-9e0d8a637363,1.5087511623888825
27f9cd4e-8b61-477c-9b63-ca3d437a0dff_250-50,2,1,1,2,27f9cd4e-8b61-477c-9b63-ca3d437a0dff,1.6306704212240115
27f9cd4e-8b61-477c-9b63-ca3d437a0dff_855-42,3,1,1,2,27f9cd4e-8b61-477c-9b63-ca3d437a0dff,0.29432328112226536
283a15b5-59ae-4f04-9738-bf49c97496a8_102-60,2,1,1,4,283a15b5-59ae-4f04-9738-bf49c97496a8,0.2869023495538201
2859218c-84ee-4e85-833f-74255b355032_1032-03,1,1,1,0,2859218c-84ee-4e85-833f-74255b355032,1.6055880175779522
2859218c-84ee-4e85-833f-74255b355032_2390-60,2,0,0,0,2859218c-84ee-4e85-833f-74255b355032,0.4527045551619968
2859218c-84ee-4e85-833f-74255b355032_39-61,1,1,1,0,2859218c-84ee-4e85-833f-74255b355032,0.21260338070815243
2859218c-84ee-4e85-833f-74255b355032_596-50,1,1,1,0,2859218c-84ee-4e85-833f-74255b355032,-0.31942009059781795
2876b375-e848-412c-8a6f-0664cbab6a33_474-94,3,0,0,0,2876b375-e848-412c-8a6f-0664cbab6a33,-0.17544668240134587
2876b375-e848-412c-8a6f-0664cbab6a33_574-54,2,0,0,0,2876b375-e848-412c-8a6f-0664cbab6a33,0.7037588117289171
287c98fa-f0a4-4944-b798-bcae618258d3_1087-69,1,0,0,1,287c98fa-f0a4-4944-b798-bcae618258d3,0.5742634577384714
2893d559-89cb-4125-a761-3ff8e68768a9_565-53,2,1,1,2,2893d559-89cb-4125-a761-3ff8e68768a9,0.8225791075375793
2893d559-89cb-4125-a761-3ff8e68768a9_638-82,2,1,1,2,2893d559-89cb-4125-a761-3ff8e68768a9,1.8966860832154477
2893d559-89cb-4125-a761-3ff8e68768a9_84-09,3,1,1,2,2893d559-89cb-4125-a761-3ff8e68768a9,1.1160800662953867
2893d559-89cb-4125-a761-3ff8e68768a9_88-42,1,1,1,2,2893d559-89cb-4125-a761-3ff8e68768a9,0.5928039942966298
28ff9118-e876-497c-9901-cb89a62509fc_432-66,3,1,1,2,28ff9118-e876-497c-9901-cb89a62509fc,1.1123371435642522
2911fa95-30ca-4524-8876-85a90f1fd221_19-38,2,0,0,3,2911fa95-30ca-4524-8876-85a90f1fd221,-0.05753725169421087
294c8827-a667-49a5-9e7e-9c910001ce54_101-30,2,1,1,1,294c8827-a667-49a5-9e7e-9c910001ce54,0.8977096447216185
29e45749-f8d5-42c7-af09-7fbb3d6697e9_876-21,1,1,1,2,29e45749-f8d5-42c7-af09-7fbb3d6697e9,-0.08586570996731407
2a2ff7db-5460-4296-a8a7-946ba628226d_1549-08,2,0,0,4,2a2ff7db-5460-4296-a8a7-946ba628226d,1.4880732670278949
2a831288-6e91-4aba-9385-f22f666fab99_525-32,0,1,1,1,2a831288-6e91-4aba-9385-f22f666fab99,0.7955040540418058
2a97736a-4fff-4753-84de-e6586a5603cc_185-44,0,0,0,1,2a97736a-4fff-4753-84de-e6586a5603cc,0.679565155641522
2a97736a-4fff-4753-84de-e6586a5603cc_2707-05,3,1,1,1,2a97736a-4fff-4753-84de-e6586a5603cc,0.43390486336734846
2a97736a-4fff-4753-84de-e6586a5603cc_2711-38,2,1,1,1,2a97736a-4fff-4753-84de-e6586a5603cc,0.6293266400674112
2a97736a-4fff-4753-84de-e6586a5603cc_2712-24,2,0,0,1,2a97736a-4fff-4753-84de-e6586a5603cc,-0.8125882080673384
2a97736a-4fff-4753-84de-e6586a5603cc_297-35,3,1,1,1,2a97736a-4fff-4753-84de-e6586a5603cc,0.9543563953187716
2ac65951-49b0-4629-981e-edc34b8cdb0f_1091-69,1,1,1,3,2ac65951-49b0-4629-981e-edc34b8cdb0f,2.4621335794572308
2ac65951-49b0-4629-981e-edc34b8cdb0f_1349-72,2,1,1,3,2ac65951-49b0-4629-981e-edc34b8cdb0f,1.8693156391449524
2ac8acbc-9ea4-4bed-bbc2-aa53cc5f098a_1105-87,3,1,1,2,2ac8acbc-9ea4-4bed-bbc2-aa53cc5f098a,0.6002016695518012
2b012751-2e50-4acb-b645-c864930e92c8_1119-28,0,0,0,4,2b012751-2e50-4acb-b645-c864930e92c8,1.1254976448868126
2b012751-2e50-4acb-b645-c864930e92c8_822-56,3,1,1,4,2b012751-2e50-4acb-b645-c864930e92c8,0.6257220974260417
2b7ace86-149f-4354-b617-c8ebd08c5310_1416-39,2,1,1,2,2b7ace86-149f-4354-b617-c8ebd08c5310,1.6628604970766356
2b7ace86-149f-4354-b617-c8ebd08c5310_381-65,2,1,1,2,2b7ace86-149f-4354-b617-c8ebd08c5310,0.8138226585513629
2c5d38ed-012f-4732-9eb8-89beddb07641_447-87,1,0,0,0,2c5d38ed-012f-4732-9eb8-89beddb07641,0.17065985997529287
2c77de23-cd87-4a41-a83c-4bdc0170f45c_80-46,1,1,1,3,2c77de23-cd87-4a41-a83c-4bdc0170f45c,0.7274101024881033
2c9a2cb8-93fd-4932-bb76-60e80822b70b_782-07,1,1,1,0,2c9a2cb8-93fd-4932-bb76-60e80822b70b,1.097500537583048
2cc2710e-aae0-41eb-9a70-deb9217bb7ea_3646-90,2,1,1,0,2cc2710e-aae0-41eb-9a70-deb9217bb7ea,0.7563030890243676
2cc2710e-aae0-41eb-9a70-deb9217bb7ea_3838-38,2,1,1,0,2cc2710e-aae0-41eb-9a70-deb9217bb7ea,0.8121154462768632
2cd9a214-b950-49b6-aa04-0cfd0f85fe5f_528-48,3,0,0,4,2cd9a214-b950-49b6-aa04-0cfd0f85fe5f,0.013047927049414376
2cddb76f-24d1-4863-bd91-9a5d1922a543_1368-59,2,0,0,4,2cddb76f-24d1-4863-bd91-9a5d1922a543,-0.09543941811537493
2cddb76f-24d1-4863-bd91-9a5d1922a543_1681-29,3,1,1,4,2cddb76f-24d1-4863-bd91-9a5d1922a543,1.012287811587687
2d01625b-b7c4-41aa-989b-2d0b392d8b54_113-94,0,1,1,3,2d01625b-b7c4-41aa-989b-2d0b392d8b54,1.4168200967608686
2d01625b-b7c4-41aa-989b-2d0b392d8b54_1323-22,0,1,1,3,2d01625b-b7c4-41aa-989b-2d0b392d8b54,0.011288499516202699
2d01625b-b7c4-41aa-989b-2d0b392d8b54_195-58,1,1,1,3,2d01625b-b7c4-41aa-989b-2d0b392d8b54,0.8701631301713765
2d01625b-b7c4-41aa-989b-2d0b392d8b54_328-63,3,1,1,3,2d01625b-b7c4-41aa-989b-2d0b392d8b54,1.1238820926069795
2d13c92e-f43f-40f2-b603-cb749e5fee70_2243-41,2,1,1,0,2d13c92e-f43f-40f2-b603-cb749e5fee70,1.6127801306160194
2d1baacd-d82b-4e0c-9d85-b420fb9bde91_345-02,2,1,1,4,2d1baacd-d82b-4e0c-9d85-b420fb9bde91,1.0395845699806285
2d1bf98e-a133-4f63-bc1d-91f718078a52_337-47,3,1,1,3,2d1bf98e-a133-4f63-bc1d-91f718078a52,0.10608201902401981
2d76e155-dcae-4fdb-be83-a37f09e699a8_46-48,3,0,0,2,2d76e155-dcae-4fdb-be83-a37f09e699a8,0.22507758719316395
2dbdd409-0be0-447c-8ae8-3f107fe9af80_1058-94,3,1,1,2,2dbdd409-0be0-447c-8ae8-3f107fe9af80,0.642353090701998
2dbdd409-0be0-447c-8ae8-3f107fe9af80_1439-37,2,1,1,2,2dbdd409-0be0-447c-8ae8-3f107fe9af80,0.7001421938374116
2dbdd409-0be0-447c-8ae8-3f107fe9af80_1502-69,2,1,1,2,2dbdd409-0be0-447c-8ae8-3f107fe9af80,0.8689799927292273
2dbdd409-0be0-447c-8ae8-3f107fe9af80_1626-43,2,1,1,2,2dbdd409-0be0-447c-8ae8-3f107fe9af80,0.18064969067784986
2dbdd409-0be0-447c-8ae8-3f107fe9af80_163-46,0,1,1,2,2dbdd409-0be0-447c-8ae8-3f107fe9af80,0.850051309672112
2dbdd409-0be0-447c-8ae8-3f107fe9af80_164-34,2,1,1,2,2dbdd409-0be0-447c-8ae8-3f107fe9af80,0.548717805038096
2dbdd409-0be0-447c-8ae8-3f107fe9af80_1653-80,0,1,1,2,2dbdd409-0be0-447c-8ae8-3f107fe9af80,0.1910562297458277
2dbdd409-0be0-447c-8ae8-3f107fe9af80_1697-32,2,0,0,2,2dbdd409-0be0-447c-8ae8-3f107fe9af80,1.7445189829290317
2dbdd409-0be0-447c-8ae8-3f107fe9af80_1764-16,1,1,1,2,2dbdd409-0be0-447c-8ae8-3f107fe9af80,0.12686747262755438
2dbdd409-0be0-447c-8ae8-3f107fe9af80_1872-88,0,1,1,2,2dbdd409-0be0-447c-8ae8-3f107fe9af80,0.01657965466366662
2dbdd409-0be0-447c-8ae8-3f107fe9af80_19-50,0,1,1,2,2dbdd409-0be0-447c-8ae8-3f107fe9af80,1.2363397511087402
2dbdd409-0be0-447c-8ae8-3f107fe9af80_989-72,0,0,0,2,2dbdd409-0be0-447c-8ae8-3f107fe9af80,0.7256406843307052
2dfec7b6-c8b0-4cd0-baf6-4a963aed1d6a_1092-32,0,1,1,1,2dfec7b6-c8b0-4cd0-baf6-4a963aed1d6a,2.5304488243993553
2dfec7b6-c8b0-4cd0-baf6-4a963aed1d6a_1906-66,0,1,1,1,2dfec7b6-c8b0-4cd0-baf6-4a963aed1d6a,1.0301174563241733
2dff68c2-6310-4763-8d39-05a1dbe40fda_501-39,3,1,1,2,2dff68c2-6310-4763-8d39-05a1dbe40fda,1.2741419019080635
2e04b2bb-e5d3-4f66-a16e-f7756e14e749_392-62,1,1,1,3,2e04b2bb-e5d3-4f66-a16e-f7756e14e749,0.6263684069410894
2eb4e516-9d71-4b68-847e-e1b0cb339b0a_684-96,2,1,1,4,2eb4e516-9d71-4b68-847e-e1b0cb339b0a,0.3461578543507753
2ebcbb25-b099-44fa-8e8d-94d574413db9_5599-48,0,0,0,3,2ebcbb25-b099-44fa-8e8d-94d574413db9,-0.35304175316512554
2ec3c123-0a04-46d7-97d5-8b85b5e6d06f_1372-45,3,1,1,1,2ec3c123-0a04-46d7-97d5-8b85b5e6d06f,0.7352513195666067
2ec3c123-0a04-46d7-97d5-8b85b5e6d06f_249-67,1,1,1,1,2ec3c123-0a04-46d7-97d5-8b85b5e6d06f,0.16625320795047316
2ec3c123-0a04-46d7-97d5-8b85b5e6d06f_271-92,0,0,0,1,2ec3c123-0a04-46d7-97d5-8b85b5e6d06f,0.4623996045723705
2ec3c123-0a04-46d7-97d5-8b85b5e6d06f_432-01,3,0,0,1,2ec3c123-0a04-46d7-97d5-8b85b5e6d06f,-0.1820466408638014
2efc9b47-0a23-4247-89a6-db46dae6c998_328-94,3,1,1,4,2efc9b47-0a23-4247-89a6-db46dae6c998,1.4093842817138782
2efc9b47-0a23-4247-89a6-db46dae6c998_416-58,1,1,1,4,2efc9b47-0a23-4247-89a6-db46dae6c998,1.277263034666909
3024e27a-237a-4b48-8ea9-b9b16181eaf1_310-08,2,1,1,0,3024e27a-237a-4b48-8ea9-b9b16181eaf1,0.7782323641677564
3024e27a-237a-4b48-8ea9-b9b16181eaf1_49-89,2,0,0,0,3024e27a-237a-4b48-8ea9-b9b16181eaf1,0.38385813777885314
307b1878-875f-4703-bfe9-32d11d20853f_32-44,1,1,1,3,307b1878-875f-4703-bfe9-32d11d20853f,1.5587302332498059
307b1878-875f-4703-bfe9-32d11d20853f_63-96,2,1,1,3,307b1878-875f-4703-bfe9-32d11d20853f,1.745012618897376
307b1878-875f-4703-bfe9-32d11d20853f_94-03,0,1,1,3,307b1878-875f-4703-bfe9-32d11d20853f,0.5379926449894717
3091004e-8606-417e-8bc2-7922f951845f_1921-59,0,0,0,1,3091004e-8606-417e-8bc2-7922f951845f,-0.17288187952321982
3091004e-8606-417e-8bc2-7922f951845f_73-46,1,1,1,1,3091004e-8606-417e-8bc2-7922f951845f,0.31636106967935673
31254977-d873-4b22-ba1a-aca3fe028ba8_233-94,3,0,0,1,31254977-d873-4b22-ba1a-aca3fe028ba8,1.061434236783799
313cc9d1-c87f-44ec-9900-3ee8d75389be_148-43,0,1,1,0,313cc9d1-c87f-44ec-9900-3ee8d75389be,-0.053925051400501856
3178c414-453e-44e9-b192-67dba2ccc982_1088-81,2,1,1,2,3178c414-453e-44e9-b192-67dba2ccc982,1.3645795257673474
3178c414-453e-44e9-b192-67dba2ccc982_565-83,2,1,1,2,3178c414-453e-44e9-b192-67dba2ccc982,1.9884049987638508
31818126-5e0f-4b01-b532-1514587bceec_1514-30,0,1,1,0,31818126-5e0f-4b01-b532-1514587bceec,0.5081597872707735
31bb1175-5459-4812-bb9e-f9300e2733f1_3549-55,0,0,0,0,31bb1175-5459-4812-bb9e-f9300e2733f1,0.1815579238563496
31bb1175-5459-4812-bb9e-f9300e2733f1_3707-13,3,0,0,0,31bb1175-5459-4812-bb9e-f9300e2733f1,0.3472557961315964
324ec8a1-3bd1-46b6-9abb-a824e53c0879_1801-82,2,1,1,4,324ec8a1-3bd1-46b6-9abb-a824e53c0879,0.4937889494102333
32c34069-0111-4d89-9e55-1c68f18705ad_8758-17,0,1,1,3,32c34069-0111-4d89-9e55-1c68f18705ad,0.14684268495930208
330c1e0d-b71a-452e-8b68-fdb96fa8a6ca_1228-35,2,1,1,1,330c1e0d-b71a-452e-8b68-fdb96fa8a6ca,1.5525874311089467
342cb558-ab3e-4b04-8169-a68bbf06a448_1575-74,1,0,0,1,342cb558-ab3e-4b04-8169-a68bbf06a448,0.13024735193961823
343f8d57-6331-40f3-823c-2aee4d5cc10f_1162-80,0,0,0,2,343f8d57-6331-40f3-823c-2aee4d5cc10f,0.03889470441088427
343f8d57-6331-40f3-823c-2aee4d5cc10f_686-43,3,0,0,2,343f8d57-6331-40f3-823c-2aee4d5cc10f,-0.4559580136775251
3455a3f3-1657-46bb-ae42-52d16ec5ffaa_4842-46,2,1,1,1,3455a3f3-1657-46bb-ae42-52d16ec5ffaa,1.2455990774131611
3455a3f3-1657-46bb-ae42-52d16ec5ffaa_6236-63,0,1,1,1,3455a3f3-1657-46bb-ae42-52d16ec5ffaa,2.67217421886389
3455a3f3-1657-46bb-ae42-52d16ec5ffaa_959-38,2,1,1,1,3455a3f3-1657-46bb-ae42-52d16ec5ffaa,-0.17949074309266544
34590a11-c136-4423-bdc4-c6a45221e546_565-25,1,1,1,3,34590a11-c136-4423-bdc4-c6a45221e546,0.7649602667527934
348180aa-c90b-463a-8b3f-0743469a8b59_3591-71,1,0,0,1,348180aa-c90b-463a-8b3f-0743469a8b59,-0.2755525841617261
348180aa-c90b-463a-8b3f-0743469a8b59_5526-16,0,1,1,1,348180aa-c90b-463a-8b3f-0743469a8b59,1.8009000129175328
348180aa-c90b-463a-8b3f-0743469a8b59_7126-75,3,0,0,1,348180aa-c90b-463a-8b3f-0743469a8b59,-0.06728739324216082
348180aa-c90b-463a-8b3f-0743469a8b59_7135-61,0,1,1,1,348180aa-c90b-463a-8b3f-0743469a8b59,0.04472870517771932
348f0f69-cd49-4c00-af91-f1765155e858_1084-90,2,0,0,0,348f0f69-cd49-4c00-af91-f1765155e858,0.570375948126195
348f0f69-cd49-4c00-af91-f1765155e858_1127-21,0,1,1,0,348f0f69-cd49-4c00-af91-f1765155e858,0.22305497848032785
356661f5-767b-495d-95c7-03dcc46f85c6_1826-46,3,1,1,4,356661f5-767b-495d-95c7-03dcc46f85c6,-0.49072200413833633
356661f5-767b-495d-95c7-03dcc46f85c6_1858-56,0,0,0,4,356661f5-767b-495d-95c7-03dcc46f85c6,0.1307675279713164
356661f5-767b-495d-95c7-03dcc46f85c6_1860-68,0,1,1,4,356661f5-767b-495d-95c7-03dcc46f85c6,1.360013659902021
356dd07e-8165-494c-9be8-b82d314bf88d_895-74,1,0,0,2,356dd07e-8165-494c-9be8-b82d314bf88d,-0.22208339939088467
3588502f-e1c1-426c-81d6-6fac28e6c81a_531-41,0,1,1,1,3588502f-e1c1-426c-81d6-6fac28e6c81a,1.2651749850416336
358b4617-283d-48df-bfd8-523cbb525b5d_227-18,0,0,0,4,358b4617-283d-48df-bfd8-523cbb525b5d,0.21775243734542404
358e65ba-1ce0-46f6-a1b4-1c85569ef628_3143-38,0,0,0,3,358e65ba-1ce0-46f6-a1b4-1c85569ef628,1.2232580214932547
35ab724d-5dba-4094-927b-e7bc5ad8cf41_56-56,4,1,1,2,35ab724d-5dba-4094-927b-e7bc5ad8cf41,1.005502629213629
35b1a8c7-80fd-402f-b240-768926b7bcee_285-73,1,1,1,0,35b1a8c7-80fd-402f-b240-768926b7bcee,0.9623361021624757
35b1a8c7-80fd-402f-b240-768926b7bcee_562-55,1,1,1,0,35b1a8c7-80fd-402f-b240-768926b7bcee,0.4562327785725462
35b37e37-6bb1-4131-be37-693e9b794a97_1345-02,3,1,1,0,35b37e37-6bb1-4131-be37-693e9b794a97,-0.05736661528477793
35d92405-7ebf-4e54-8b9a-7cce8af30a79_63-09,2,1,1,4,35d92405-7ebf-4e54-8b9a-7cce8af30a79,0.29561240358473384
35e004f4-ad64-4835-9358-38a58b431252_2629-86,4,0,0,3,35e004f4-ad64-4835-9358-38a58b431252,0.7625328803995223
3625b3d9-e323-4c05-a27a-aba79f01a5bd_18-58,2,0,0,2,3625b3d9-e323-4c05-a27a-aba79f01a5bd,-0.404768086107578
3639ab8f-880a-45bd-b8a9-6ef6bdaad4ff_355-03,0,1,1,0,3639ab8f-880a-45bd-b8a9-6ef6bdaad4ff,0.32533080473024445
366b71ad-3f35-4704-b6ef-e793c7e73ac6_1040-50,0,1,1,2,366b71ad-3f35-4704-b6ef-e793c7e73ac6,1.0527716796135151
366b71ad-3f35-4704-b6ef-e793c7e73ac6_1178-68,2,1,1,2,366b71ad-3f35-4704-b6ef-e793c7e73ac6,0.2592398827126978
366b71ad-3f35-4704-b6ef-e793c7e73ac6_15-36,0,1,1,2,366b71ad-3f35-4704-b6ef-e793c7e73ac6,0.31524937501715455
366b71ad-3f35-4704-b6ef-e793c7e73ac6_41-78,0,0,0,2,366b71ad-3f35-4704-b6ef-e793c7e73ac6,-0.25276720728988583
36baa5a9-16bf-4ad6-b011-4d7daae6b8f9_1264-03,0,0,0,1,36baa5a9-16bf-4ad6-b011-4d7daae6b8f9,0.5257919195507922
36baa5a9-16bf-4ad6-b011-4d7daae6b8f9_423-57,1,0,0,1,36baa5a9-16bf-4ad6-b011-4d7daae6b8f9,-0.10669284945999091
36baa5a9-16bf-4ad6-b011-4d7daae6b8f9_641-91,2,0,0,1,36baa5a9-16bf-4ad6-b011-4d7daae6b8f9,0.11766284096968738
375ca7e7-1e3c-4159-9f7f-4691ef11f322_68-87,0,1,1,3,375ca7e7-1e3c-4159-9f7f-4691ef11f322,-0.3758622277011974
375ca7e7-1e3c-4159-9f7f-4691ef11f322_70-62,3,0,0,3,375ca7e7-1e3c-4159-9f7f-4691ef11f322,0.29429656499955514
3761fbb4-3e0e-4b15-a277-fec95edacf04_1783-59,2,0,0,3,3761fbb4-3e0e-4b15-a277-fec95edacf04,-0.31297884465803233
3761fbb4-3e0e-4b15-a277-fec95edacf04_2287-87,1,1,1,3,3761fbb4-3e0e-4b15-a277-fec95edacf04,1.2541503380899148
3761fbb4-3e0e-4b15-a277-fec95edacf04_2288-64,0,0,0,3,3761fbb4-3e0e-4b15-a277-fec95edacf04,-0.22633756217036533
3761fbb4-3e0e-4b15-a277-fec95edacf04_4702-37,3,1,1,3,3761fbb4-3e0e-4b15-a277-fec95edacf04,0.6708990515855641
378af037-7200-4d75-8f83-ddc74e1cd2dc_3193-87,4,1,1,3,378af037-7200-4d75-8f83-ddc74e1cd2dc,1.5670541195687915
378af037-7200-4d75-8f83-ddc74e1cd2dc_3511-24,0,0,0,3,378af037-7200-4d75-8f83-ddc74e1cd2dc,0.2606113428226987
381c4c64-a697-42ab-90ab-a515740bf484_1318-72,0,0,0,2,381c4c64-a697-42ab-90ab-a515740bf484,1.5501640490139317
381c4c64-a697-42ab-90ab-a515740bf484_578-95,2,1,1,2,381c4c64-a697-42ab-90ab-a515740bf484,0.4940691857987948
38737402-19bd-4689-9e74-3af391b15feb_1017-05,3,1,1,1,38737402-19bd-4689-9e74-3af391b15feb,0.5977086108434174
38737402-19bd-4689-9e74-3af391b15feb_1338-80,0,1,1,1,38737402-19bd-4689-9e74-3af391b15feb,-0.08372465217309477
38737402-19bd-4689-9e74-3af391b15feb_1424-12,3,1,1,1,38737402-19bd-4689-9e74-3af391b15feb,1.1324096309679956
38737402-19bd-4689-9e74-3af391b15feb_650-15,1,1,1,1,38737402-19bd-4689-9e74-3af391b15feb,0.23191814397530253
38788778-0822-4c9c-b51e-5bce8a765a97_83-68,2,1,1,4,38788778-0822-4c9c-b51e-5bce8a765a97,0.27355284840215277
38788778-0822-4c9c-b51e-5bce8a765a97_91-28,0,0,0,4,38788778-0822-4c9c-b51e-5bce8a765a97,-0.13212999967318662
38a66acf-33c8-4ed5-b814-7322087b2e21_2113-44,2,1,1,3,38a66acf-33c8-4ed5-b814-7322087b2e21,0.5207986479018943
38a66acf-33c8-4ed5-b814-7322087b2e21_4267-76,0,0,0,3,38a66acf-33c8-4ed5-b814-7322087b2e21,0.7346213273359562
38a66acf-33c8-4ed5-b814-7322087b2e21_835-53,2,1,1,3,38a66acf-33c8-4ed5-b814-7322087b2e21,0.35596204764056316
38a7b760-56f9-4565-8b70-f8dad5768ace_296-28,3,0,0,2,38a7b760-56f9-4565-8b70-f8dad5768ace,0.19180032663951674
38a8d256-8d63-4f28-8837-ebd80dcd10e7_227-55,2,1,1,1,38a8d256-8d63-4f28-8837-ebd80dcd10e7,1.9508581231680178
38b56399-3b1c-421d-8a80-1e5f54fcd667_0-84,0,1,1,0,38b56399-3b1c-421d-8a80-1e5f54fcd667,-0.20322748305278765
38b56399-3b1c-421d-8a80-1e5f54fcd667_806-77,2,0,0,0,38b56399-3b1c-421d-8a80-1e5f54fcd667,-0.48579702242424977
38b6d0fe-e317-47a1-8fa3-87e7a4a21183_375-27,1,1,1,1,38b6d0fe-e317-47a1-8fa3-87e7a4a21183,1.0752304163002062
38b6d0fe-e317-47a1-8fa3-87e7a4a21183_80-19,0,1,1,1,38b6d0fe-e317-47a1-8fa3-87e7a4a21183,0.710352720933313
39208fca-0c54-48e9-b4f3-b4803bb67661_3315-32,2,1,1,0,39208fca-0c54-48e9-b4f3-b4803bb67661,0.3003280304164344
3925576b-6900-4112-8620-8739de771da9_2447-44,3,1,1,4,3925576b-6900-4112-8620-8739de771da9,0.49997173078079127
39a53568-d759-4f19-ac19-bc4ba29b5c17_726-07,3,0,0,3,39a53568-d759-4f19-ac19-bc4ba29b5c17,-0.12822806040274115
39af7641-e376-4a99-977f-4d7f746e14ba_79-79,2,0,0,2,39af7641-e376-4a99-977f-4d7f746e14ba,-0.24675622735038433
39d0559a-d1e8-4fca-b7f4-db87bbbbde7e_857-69,2,0,0,0,39d0559a-d1e8-4fca-b7f4-db87bbbbde7e,0.581268894420516
39d1462e-506c-482b-9c9e-a94cffd71563_2316-87,3,0,0,3,39d1462e-506c-482b-9c9e-a94cffd71563,0.963161741169238
3a53bfdc-daf7-4bbc-bb9f-af449021d237_1629-28,0,1,1,4,3a53bfdc-daf7-4bbc-bb9f-af449021d237,-0.5949184462850611
3a718f0f-a85e-4461-b5bc-94c5a8d300a8_648-56,0,1,1,3,3a718f0f-a85e-4461-b5bc-94c5a8d300a8,0.12792721706382404
3a839ee1-2391-43bb-a253-c2c45d753bac_271-43,1,1,1,2,3a839ee1-2391-43bb-a253-c2c45d753bac,0.5346306043923085
3a9a814d-222f-4712-97b4-a71d9f8b5a4a_277-20,3,0,0,1,3a9a814d-222f-4712-97b4-a71d9f8b5a4a,0.4834970030333522
3a9a814d-222f-4712-97b4-a71d9f8b5a4a_288-34,0,0,0,1,3a9a814d-222f-4712-97b4-a71d9f8b5a4a,-0.10846573968061379
3ab744ba-9969-452c-a825-38affebd4139_13-22,0,1,1,2,3ab744ba-9969-452c-a825-38affebd4139,-0.3890116687011309
3ab744ba-9969-452c-a825-38affebd4139_319-13,3,1,1,2,3ab744ba-9969-452c-a825-38affebd4139,0.546368940887611
3ae05e5a-f724-41e8-9000-90b7dd31379b_288-48,3,0,0,1,3ae05e5a-f724-41e8-9000-90b7dd31379b,0.19156620394975976
3b021bad-6945-4be2-a7db-44af3db1eae8_2667-18,0,0,0,4,3b021bad-6945-4be2-a7db-44af3db1eae8,0.6330739920735083
3b342c9c-eb30-4cc6-8ced-53c4fb7b3a8d_290-89,3,1,1,0,3b342c9c-eb30-4cc6-8ced-53c4fb7b3a8d,0.31676023181694957
3b342c9c-eb30-4cc6-8ced-53c4fb7b3a8d_783-98,2,0,0,0,3b342c9c-eb30-4cc6-8ced-53c4fb7b3a8d,-0.491427707286472
3b3ecf0c-ee8d-4518-bf1c-3301ba44c743_226-48,1,1,1,0,3b3ecf0c-ee8d-4518-bf1c-3301ba44c743,1.6212931726877062
3be8d10c-8e88-4f29-af13-6eab7b509ed8_7-19,3,1,1,2,3be8d10c-8e88-4f29-af13-6eab7b509ed8,0.8908126431867177
3c54ff87-27c0-4ab8-b934-4f0289221bff_279-60,2,0,0,3,3c54ff87-27c0-4ab8-b934-4f0289221bff,0.7867585614358935
3c5841d6-8d79-4aa7-b020-bbb6ef114b42_402-54,4,1,1,3,3c5841d6-8d79-4aa7-b020-bbb6ef114b42,0.9433418541039106
3c9b7fa8-5588-46a7-aafa-0a1404bfbbd7_1020-57,0,1,1,1,3c9b7fa8-5588-46a7-aafa-0a1404bfbbd7,0.8935141192819521
3c9ce1b1-9eaa-4e3d-9ebb-91f9d904178e_1420-03,0,1,1,2,3c9ce1b1-9eaa-4e3d-9ebb-91f9d904178e,0.6067536055493595
3c9ce1b1-9eaa-4e3d-9ebb-91f9d904178e_2345-99,2,0,0,2,3c9ce1b1-9eaa-4e3d-9ebb-91f9d904178e,-0.2849361946665091
3c9ce1b1-9eaa-4e3d-9ebb-91f9d904178e_2453-52,2,1,1,2,3c9ce1b1-9eaa-4e3d-9ebb-91f9d904178e,2.0845372931117883
3ce37765-7d70-4dd6-991c-a83286ba05b2_1423-56,0,1,1,0,3ce37765-7d70-4dd6-991c-a83286ba05b2,0.5863862525097696
3ce37765-7d70-4dd6-991c-a83286ba05b2_1423-60,1,0,0,0,3ce37765-7d70-4dd6-991c-a83286ba05b2,0.27005611651337535
3d93c92c-8c12-4972-9f29-c8bef5c321ba_1742-89,1,0,0,1,3d93c92c-8c12-4972-9f29-c8bef5c321ba,1.5108849023437543
3d93c92c-8c12-4972-9f29-c8bef5c321ba_832-45,3,1,1,1,3d93c92c-8c12-4972-9f29-c8bef5c321ba,0.8141187578840959
3d98a5d2-a34b-499e-98f2-9195f300394a_3004-17,1,0,0,2,3d98a5d2-a34b-499e-98f2-9195f300394a,1.447223704364661
3dbe950d-163c-40a4-9590-494748e1dd39_1644-63,1,0,0,4,3dbe950d-163c-40a4-9590-494748e1dd39,0.49966955866783314
3dbe950d-163c-40a4-9590-494748e1dd39_6666-20,1,1,1,4,3dbe950d-163c-40a4-9590-494748e1dd39,-0.09870988925522733
3dd00666-a34d-4b45-bb4c-7a4c2342e475_1264-75,2,1,1,1,3dd00666-a34d-4b45-bb4c-7a4c2342e475,1.6815308933615922
3dd08c84-ee0a-4fa6-a859-98fd969ec720_1276-65,1,0,0,0,3dd08c84-ee0a-4fa6-a859-98fd969ec720,0.3959940644403266
3dd08c84-ee0a-4fa6-a859-98fd969ec720_518-21,0,1,1,0,3dd08c84-ee0a-4fa6-a859-98fd969ec720,-0.5362347308275148
3de48a49-665d-4c1b-9655-82532e108e6a_1393-69,0,1,1,1,3de48a49-665d-4c1b-9655-82532e108e6a,-0.080978745028077
3de48a49-665d-4c1b-9655-82532e108e6a_1395-29,3,0,0,1,3de48a49-665d-4c1b-9655-82532e108e6a,0.20383190921170524
3decc0f8-9806-40dd-83d5-26c495dd7830_2268-25,0,1,1,2,3decc0f8-9806-40dd-83d5-26c495dd7830,0.3005738975475518
3decc0f8-9806-40dd-83d5-26c495dd7830_5147-61,3,1,1,2,3decc0f8-9806-40dd-83d5-26c495dd7830,2.169254246195759
3df50de7-7ef7-4938-9cdb-fb2d07751084_666-85,3,1,1,2,3df50de7-7ef7-4938-9cdb-fb2d07751084,0.8416534255803819
3e418323-3ff7-4d03-9b60-275f1e20f5dc_315-49,1,1,1,3,3e418323-3ff7-4d03-9b60-275f1e20f5dc,1.5890308085860152
3e418323-3ff7-4d03-9b60-275f1e20f5dc_589-19,0,0,0,3,3e418323-3ff7-4d03-9b60-275f1e20f5dc,0.20463257039288196
3ea1662a-6766-4bc9-8d42-9b48d4e8384c_132-89,2,0,0,1,3ea1662a-6766-4bc9-8d42-9b48d4e8384c,-0.7120332308640523
3efc152d-ea0e-4372-b552-7d5e1cf07259_14658-02,0,1,1,4,3efc152d-ea0e-4372-b552-7d5e1cf07259,-0.03109948553538311
3efc152d-ea0e-4372-b552-7d5e1cf07259_6116-76,1,1,1,4,3efc152d-ea0e-4372-b552-7d5e1cf07259,0.3722665383042649
3efc152d-ea0e-4372-b552-7d5e1cf07259_6416-63,1,0,0,4,3efc152d-ea0e-4372-b552-7d5e1cf07259,0.8391268525656118
3f292ce2-fb0d-477e-b6b5-18c6ef38366e_2018-00,1,1,1,1,3f292ce2-fb0d-477e-b6b5-18c6ef38366e,0.0048392811364650345
3f292ce2-fb0d-477e-b6b5-18c6ef38366e_889-07,0,1,1,1,3f292ce2-fb0d-477e-b6b5-18c6ef38366e,1.0174464192799477
3f712a5b-c1cf-4f2a-b0ab-ca0e2e4f0e3c_1166-83,1,1,1,2,3f712a5b-c1cf-4f2a-b0ab-ca0e2e4f0e3c,1.0800132828206461
3f712a5b-c1cf-4f2a-b0ab-ca0e2e4f0e3c_119-87,1,1,1,2,3f712a5b-c1cf-4f2a-b0ab-ca0e2e4f0e3c,1.3443207181516783
3f7f5927-02e7-42ea-a31a-edea41bc17f9_565-60,0,1,1,2,3f7f5927-02e7-42ea-a31a-edea41bc17f9,0.24184270899740823
3f8dbb4f-ad5e-4d54-bf95-3ddbe968a85d_27-63,2,0,0,1,3f8dbb4f-ad5e-4d54-bf95-3ddbe968a85d,-0.5537303893876369
3fb410d6-e5aa-49d3-b184-75ec9651550f_2226-52,3,1,1,0,3fb410d6-e5aa-49d3-b184-75ec9651550f,-0.4142878426313811
3ffb9247-a141-4056-a644-dd3fbab708a4_364-69,1,0,0,4,3ffb9247-a141-4056-a644-dd3fbab708a4,0.5659676815106455
3ffeedef-3088-4e70-a21d-3578f07546a2_2438-39,0,1,1,3,3ffeedef-3088-4e70-a21d-3578f07546a2,1.0607354136207663
3ffeedef-3088-4e70-a21d-3578f07546a2_632-12,1,0,0,3,3ffeedef-3088-4e70-a21d-3578f07546a2,0.5728603142274803
3fffb452-1c17-43fa-b473-c9e19ac21433_2774-23,3,1,1,3,3fffb452-1c17-43fa-b473-c9e19ac21433,0.6579093357630984
4065f62a-faae-4926-aee8-1d5bf73661a3_2321-27,2,0,0,0,4065f62a-faae-4926-aee8-1d5bf73661a3,1.1950561201434913
4065f62a-faae-4926-aee8-1d5bf73661a3_382-42,2,1,1,0,4065f62a-faae-4926-aee8-1d5bf73661a3,1.984806497096079
406f3614-0b99-4b3f-b3cb-a4590bad9e27_288-93,1,0,0,4,406f3614-0b99-4b3f-b3cb-a4590bad9e27,0.5945584545882977
406f3614-0b99-4b3f-b3cb-a4590bad9e27_811-10,0,1,1,4,406f3614-0b99-4b3f-b3cb-a4590bad9e27,-0.19640872101414364
407df63f-c7a8-4c18-aa0f-b8e6ae16a938_620-12,3,1,1,1,407df63f-c7a8-4c18-aa0f-b8e6ae16a938,1.955168025752815
408acdc8-c286-482b-91ba-3fcda24fedc3_1554-86,1,1,1,0,408acdc8-c286-482b-91ba-3fcda24fedc3,0.5956832140906017
40b33c95-3689-4ec8-8765-7e926f623b75_1593-37,4,1,1,1,40b33c95-3689-4ec8-8765-7e926f623b75,-0.28499960511841066
40b33c95-3689-4ec8-8765-7e926f623b75_530-94,2,0,0,1,40b33c95-3689-4ec8-8765-7e926f623b75,0.5985491228691228
40b33c95-3689-4ec8-8765-7e926f623b75_726-75,0,1,1,1,40b33c95-3689-4ec8-8765-7e926f623b75,1.3260641875797377
40f3258a-f7d8-4b05-8b6a-bd9f8d5b85fb_792-58,2,0,0,2,40f3258a-f7d8-4b05-8b6a-bd9f8d5b85fb,0.9220080258634683
41c32675-1cc9-47f2-82e5-5ef1eacb720b_92-49,3,1,1,2,41c32675-1cc9-47f2-82e5-5ef1eacb720b,-0.22979085236008262
41ebc581-9f9a-44d5-9c73-8bf287c43856_3353-58,0,1,1,3,41ebc581-9f9a-44d5-9c73-8bf287c43856,1.5867533584032132
4209376c-04be-47f0-b905-835fedde4cd0_5602-77,3,1,1,2,4209376c-04be-47f0-b905-835fedde4cd0,0.8313598291573566
421a0364-6ed6-4bd4-8db2-5de8e245c9bc_455-02,0,1,1,4,421a0364-6ed6-4bd4-8db2-5de8e245c9bc,0.39057021705989314
421a0364-6ed6-4bd4-8db2-5de8e245c9bc_549-95,2,1,1,4,421a0364-6ed6-4bd4-8db2-5de8e245c9bc,1.0645787869381036
42263a6a-e984-4dd9-82db-a43d6e879c8f_528-58,1,1,1,0,42263a6a-e984-4dd9-82db-a43d6e879c8f,0.9655304954757424
42263a6a-e984-4dd9-82db-a43d6e879c8f_828-54,4,1,1,0,42263a6a-e984-4dd9-82db-a43d6e879c8f,0.36921020483525435
426eb9d9-d4cf-4acc-9efb-979f61a5be91_785-24,0,1,1,2,426eb9d9-d4cf-4acc-9efb-979f61a5be91,1.3237582598087085
428a80ce-ccc8-46e3-9cbb-419d224f148a_1420-33,2,0,0,2,428a80ce-ccc8-46e3-9cbb-419d224f148a,0.052800807235298675
428a80ce-ccc8-46e3-9cbb-419d224f148a_679-57,0,1,1,2,428a80ce-ccc8-46e3-9cbb-419d224f148a,0.7611422768242645
42c08776-8832-4d37-8844-3ce89e405c62_1474-11,1,1,1,0,42c08776-8832-4d37-8844-3ce89e405c62,0.933532492915065
42d72164-8f4a-49e4-8b95-b3ad423ba65b_1273-76,1,1,1,0,42d72164-8f4a-49e4-8b95-b3ad423ba65b,0.7087314623979575
42d72164-8f4a-49e4-8b95-b3ad423ba65b_1368-26,1,1,1,0,42d72164-8f4a-49e4-8b95-b3ad423ba65b,0.24218232027848863
42d72164-8f4a-49e4-8b95-b3ad423ba65b_138-24,3,1,1,0,42d72164-8f4a-49e4-8b95-b3ad423ba65b,0.383309711794244
42d72164-8f4a-49e4-8b95-b3ad423ba65b_149-58,2,0,0,0,42d72164-8f4a-49e4-8b95-b3ad423ba65b,0.12014857632050646
42d72164-8f4a-49e4-8b95-b3ad423ba65b_1575-60,3,0,0,0,42d72164-8f4a-49e4-8b95-b3ad423ba65b,-0.16501378236256087
42d72164-8f4a-49e4-8b95-b3ad423ba65b_81-84,3,0,0,0,42d72164-8f4a-49e4-8b95-b3ad423ba65b,-0.27286544082136566
4335b0cc-e10c-45df-aad3-a1fa66b7a7a8_2029-73,1,0,0,4,4335b0cc-e10c-45df-aad3-a1fa66b7a7a8,1.3671522816681057
434a5651-9901-4b32-b782-d9a2bb52e805_711-02,1,0,0,3,434a5651-9901-4b32-b782-d9a2bb52e805,0.16618751270422916
439cfa9c-ef6b-41ba-aa5d-2f40b195b374_1380-00,3,1,1,2,439cfa9c-ef6b-41ba-aa5d-2f40b195b374,-0.008294357911132422
43d83207-9c41-46aa-90c9-e30a6194be11_354-50,1,1,1,0,43d83207-9c41-46aa-90c9-e30a6194be11,-0.13946300029301217
43da1507-f497-4393-85a0-08196c04e16b_2646-34,4,1,1,4,43da1507-f497-4393-85a0-08196c04e16b,0.9456930758511429
44327c5e-9442-4334-b675-8019df3678af_2165-30,1,0,0,4,44327c5e-9442-4334-b675-8019df3678af,0.8349753628522233
444a032d-faef-447e-a5dd-c3c8386672b6_215-22,0,1,1,0,444a032d-faef-447e-a5dd-c3c8386672b6,0.3071937053650292
4469a684-b4f9-4b50-a26f-2943f477a420_980-96,3,1,1,1,4469a684-b4f9-4b50-a26f-2943f477a420,0.4251299670630425
449763d0-a924-40a4-8830-01e7028f9428_3059-66,0,1,1,1,449763d0-a924-40a4-8830-01e7028f9428,0.20196362890538067
449763d0-a924-40a4-8830-01e7028f9428_3694-63,0,1,1,1,449763d0-a924-40a4-8830-01e7028f9428,-0.2523793383918327
449e14cf-f05e-42ac-bb7e-0ba87617f95a_582-28,0,1,1,0,449e14cf-f05e-42ac-bb7e-0ba87617f95a,0.1158364693221915
44a65997-a52f-4e79-b4bf-cc1d74e39bc2_143-93,3,1,1,3,44a65997-a52f-4e79-b4bf-cc1d74e39bc2,1.608243270894227
44c5117d-fb5c-4fcf-b648-d7eb76d5f95a_1424-15,0,1,1,2,44c5117d-fb5c-4fcf-b648-d7eb76d5f95a,1.502741164306078
44c5117d-fb5c-4fcf-b648-d7eb76d5f95a_898-38,1,1,1,2,44c5117d-fb5c-4fcf-b648-d7eb76d5f95a,0.5171549314471479
45c274b8-54e6-4187-9fd9-73c0b0ada28d_109-66,1,1,1,4,45c274b8-54e6-4187-9fd9-73c0b0ada28d,0.9558195399307338
45c274b8-54e6-4187-9fd9-73c0b0ada28d_1281-25,0,1,1,4,45c274b8-54e6-4187-9fd9-73c0b0ada28d,0.7306760326161233
45ed20a0-ba4b-41f2-9498-6084fc15d1e3_113-72,0,1,1,2,45ed20a0-ba4b-41f2-9498-6084fc15d1e3,-0.18478999550125497
45f5f3df-072e-4869-b332-cfc3652092b2_997-48,3,1,1,3,45f5f3df-072e-4869-b332-cfc3652092b2,-0.43215666934427
4651e5c2-4371-4af2-8f05-cb8b0b1ec7fd_233-33,0,0,0,0,4651e5c2-4371-4af2-8f05-cb8b0b1ec7fd,0.3423153133112694
46c3b557-dbda-4868-a9c8-43741d5815e1_288-99,0,0,0,4,46c3b557-dbda-4868-a9c8-43741d5815e1,0.7171038290437105
470499d1-e015-4d45-a858-ca3e9566085e_2490-62,1,1,1,4,470499d1-e015-4d45-a858-ca3e9566085e,1.074520906334521
470499d1-e015-4d45-a858-ca3e9566085e_2861-64,1,1,1,4,470499d1-e015-4d45-a858-ca3e9566085e,-0.10612575015320669
470499d1-e015-4d45-a858-ca3e9566085e_961-34,1,0,0,4,470499d1-e015-4d45-a858-ca3e9566085e,0.7649429816719745
4756ab70-a3dc-4855-b015-70fd744ea8e8_82-91,1,1,1,3,4756ab70-a3dc-4855-b015-70fd744ea8e8,0.7572170024392045
4767de01-96e1-4cf4-80f4-1c9d3acd26ed_650-13,1,0,0,0,4767de01-96e1-4cf4-80f4-1c9d3acd26ed,1.2379746493557264
4840195a-580a-44c9-b1de-4bbb792473b5_487-41,0,0,0,1,4840195a-580a-44c9-b1de-4bbb792473b5,0.4104439833096398
48acd7ed-cafc-494b-9e47-8dddcdf0fa75_819-59,0,1,1,4,48acd7ed-cafc-494b-9e47-8dddcdf0fa75,1.6234249463213475
48bd6bfb-1322-41b5-9641-20a647976ea8_10-49,0,0,0,4,48bd6bfb-1322-41b5-9641-20a647976ea8,0.7836600190181747
48bd6bfb-1322-41b5-9641-20a647976ea8_261-42,3,1,1,4,48bd6bfb-1322-41b5-9641-20a647976ea8,0.4290327554893355
48d7d009-425f-4d1a-a6a9-a4742bd0d9fe_2349-91,0,1,1,0,48d7d009-425f-4d1a-a6a9-a4742bd0d9fe,1.4081941785102525
48d7d009-425f-4d1a-a6a9-a4742bd0d9fe_2561-43,2,1,1,0,48d7d009-425f-4d1a-a6a9-a4742bd0d9fe,1.152958269589998
48d7d009-425f-4d1a-a6a9-a4742bd0d9fe_30-60,1,0,0,0,48d7d009-425f-4d1a-a6a9-a4742bd0d9fe,-0.03765985188274101
490b4f30-9bb5-4bf2-966b-13d509b5709b_1247-51,2,1,1,1,490b4f30-9bb5-4bf2-966b-13d509b5709b,0.7223242731627401
4930cced-9b84-464e-88ce-3990188efed6_1781-50,1,1,1,3,4930cced-9b84-464e-88ce-3990188efed6,0.9264302677973132
493dbd4d-bfc7-4086-b4ee-f3d081c34697_864-22,3,0,0,3,493dbd4d-bfc7-4086-b4ee-f3d081c34697,0.8090397346490793
49925bc0-d1f2-4623-891f-147641b0e94f_1165-19,1,0,0,2,49925bc0-d1f2-4623-891f-147641b0e94f,-0.08706356385962266
49b14463-2172-4b0e-ad13-fdf9383e9a77_284-00,2,1,1,4,49b14463-2172-4b0e-ad13-fdf9383e9a77,-0.10435257531294173
49b14463-2172-4b0e-ad13-fdf9383e9a77_426-72,2,0,0,4,49b14463-2172-4b0e-ad13-fdf9383e9a77,0.10324883091998016
49f87e0a-cc34-447e-87ba-209e430aafb0_2852-27,2,0,0,2,49f87e0a-cc34-447e-87ba-209e430aafb0,0.4909195234041662
49f87e0a-cc34-447e-87ba-209e430aafb0_4558-50,0,1,1,2,49f87e0a-cc34-447e-87ba-209e430aafb0,1.604919420158664
4ac57aee-4ac0-457e-b9de-9419056e4bbd_295-55,0,1,1,1,4ac57aee-4ac0-457e-b9de-9419056e4bbd,0.2231086953121334
4b5de875-cc82-494e-b768-8ac0ae3bb279_1405-68,2,0,0,3,4b5de875-cc82-494e-b768-8ac0ae3bb279,-0.22872701195063377
4b5de875-cc82-494e-b768-8ac0ae3bb279_668-27,0,1,1,3,4b5de875-cc82-494e-b768-8ac0ae3bb279,-0.5212125334673251
4b5de875-cc82-494e-b768-8ac0ae3bb279_930-87,0,1,1,3,4b5de875-cc82-494e-b768-8ac0ae3bb279,-0.1922215011508161
4b5de875-cc82-494e-b768-8ac0ae3bb279_997-77,2,1,1,3,4b5de875-cc82-494e-b768-8ac0ae3bb279,0.9080637435303524
4bd37cff-a43b-4843-b0ff-06ecfe00017e_258-98,1,0,0,3,4bd37cff-a43b-4843-b0ff-06ecfe00017e,0.5673474954719883
4bd37cff-a43b-4843-b0ff-06ecfe00017e_270-00,0,0,0,3,4bd37cff-a43b-4843-b0ff-06ecfe00017e,1.0345549193943837
4bea2a96-1f1f-4149-8447-766553bbba22_1364-79,3,1,1,0,4bea2a96-1f1f-4149-8447-766553bbba22,0.17832423135933018
4bea2a96-1f1f-4149-8447-766553bbba22_1922-01,0,1,1,0,4bea2a96-1f1f-4149-8447-766553bbba22,0.9056096272373553
4bf46557-3c5a-4a89-840d-158403590c9f_1472-48,0,1,1,3,4bf46557-3c5a-4a89-840d-158403590c9f,0.2032921514690098
4bf46557-3c5a-4a89-840d-158403590c9f_3598-37,0,1,1,3,4bf46557-3c5a-4a89-840d-158403590c9f,0.2238394753716204
4bf46557-3c5a-4a89-840d-158403590c9f_3687-37,1,0,0,3,4bf46557-3c5a-4a89-840d-158403590c9f,0.7380422195053052
4c53aaac-76f0-4874-ab1c-738286b9698e_727-03,1,0,0,2,4c53aaac-76f0-4874-ab1c-738286b9698e,-0.15616361204218449
4c53aaac-76f0-4874-ab1c-738286b9698e_902-84,0,0,0,2,4c53aaac-76f0-4874-ab1c-738286b9698e,0.8967779490058342
4c642620-db0e-4096-9ece-2b2c6fdb47b0_3829-12,0,1,1,4,4c642620-db0e-4096-9ece-2b2c6fdb47b0,0.09238349424632586
4c64e0d9-72f4-427f-995d-112ef1a2b7a1_210-26,1,1,1,0,4c64e0d9-72f4-427f-995d-112ef1a2b7a1,2.0831134338966457
4c6f009a-f0ca-4557-8723-4111761e0a9a_879-68,3,0,0,2,4c6f009a-f0ca-4557-8723-4111761e0a9a,0.3910482824427819
4c70179a-f411-4f81-b44d-cfe34b8f9180_356-35,3,1,1,2,4c70179a-f411-4f81-b44d-cfe34b8f9180,0.030149837516782796
4c70179a-f411-4f81-b44d-cfe34b8f9180_551-50,3,0,0,2,4c70179a-f411-4f81-b44d-cfe34b8f9180,-0.06900076854409298
4c70179a-f411-4f81-b44d-cfe34b8f9180_800-64,2,1,1,2,4c70179a-f411-4f81-b44d-cfe34b8f9180,0.8536547901346246
4c9777fc-1997-4dc8-a2d2-ea59c50b32f4_573-78,0,1,1,1,4c9777fc-1997-4dc8-a2d2-ea59c50b32f4,0.8104641020979247
4ca97ff8-bc2a-462b-b4c9-b1a878564bea_94-99,2,1,1,2,4ca97ff8-bc2a-462b-b4c9-b1a878564bea,0.648471975511791
4cd086c9-e7d4-4cb9-bdfe-9e55830cf52e_3435-93,2,1,1,0,4cd086c9-e7d4-4cb9-bdfe-9e55830cf52e,0.8090303508024621
4d1b11b2-e53a-40a5-a3a5-2b2441c60e17_621-95,1,1,1,1,4d1b11b2-e53a-40a5-a3a5-2b2441c60e17,-0.24218130002738159
4d24d57d-96ba-4ea1-9542-ee0520d20d3e_1879-56,1,1,1,1,4d24d57d-96ba-4ea1-9542-ee0520d20d3e,0.3770827096937027
4d45174a-6a77-48cd-a8f2-9b93e2d47f07_0-01,3,0,0,0,4d45174a-6a77-48cd-a8f2-9b93e2d47f07,-0.5543418881306033
4d45174a-6a77-48cd-a8f2-9b93e2d47f07_604-84,1,0,0,0,4d45174a-6a77-48cd-a8f2-9b93e2d47f07,0.5886212556239325
4d45174a-6a77-48cd-a8f2-9b93e2d47f07_653-18,2,0,0,0,4d45174a-6a77-48cd-a8f2-9b93e2d47f07,1.0338158602001906
4d63c029-fd1d-48f2-9f61-7246bb9ef6fc_2979-35,1,1,1,1,4d63c029-fd1d-48f2-9f61-7246bb9ef6fc,0.29749538992354063
4d76c2c7-c6a2-46a6-bc94-0033c629f040_291-37,0,1,1,4,4d76c2c7-c6a2-46a6-bc94-0033c629f040,1.2692795260456489
4d89d233-dbcf-4ea2-a90f-9a2c3b42d1d5_442-41,1,1,1,4,4d89d233-dbcf-4ea2-a90f-9a2c3b42d1d5,-0.19172099727416358
4dc1caff-6353-4a05-9382-92031b25f783_279-42,0,0,0,3,4dc1caff-6353-4a05-9382-92031b25f783,0.324997838965304
4de25e28-5a34-4fbe-bc83-200d513b4d9a_1123-59,3,0,0,2,4de25e28-5a34-4fbe-bc83-200d513b4d9a,0.7245620851253126
4efdd63d-515c-401a-a5b0-e2c84cbee0e6_2722-42,3,1,1,1,4efdd63d-515c-401a-a5b0-e2c84cbee0e6,0.43427624287550504
4efdd63d-515c-401a-a5b0-e2c84cbee0e6_4175-60,1,1,1,1,4efdd63d-515c-401a-a5b0-e2c84cbee0e6,0.09934779174340602
4f549225-e82e-4294-9379-4891e47725c7_1121-97,3,1,1,0,4f549225-e82e-4294-9379-4891e47725c7,1.3792304043043047
4f549225-e82e-4294-9379-4891e47725c7_299-04,0,1,1,0,4f549225-e82e-4294-9379-4891e47725c7,0.9610355197872471
4f549225-e82e-4294-9379-4891e47725c7_982-80,1,0,0,0,4f549225-e82e-4294-9379-4891e47725c7,0.805586370613836
4f80ac6f-b78f-441b-b80d-fa8dd10756c4_471-91,3,1,1,1,4f80ac6f-b78f-441b-b80d-fa8dd10756c4,-0.6569138931838995
4fde0689-6bc3-49d4-8d54-bf4cfe0ad287_403-70,2,0,0,3,4fde0689-6bc3-49d4-8d54-bf4cfe0ad287,0.015639758766106238
4ff2e551-1ccb-44ce-8b68-09666397f681_554-17,2,1,1,4,4ff2e551-1ccb-44ce-8b68-09666397f681,0.9281458447042926
500be78a-0a13-44c5-8bc6-bafaa9b94354_17-35,3,1,1,0,500be78a-0a13-44c5-8bc6-bafaa9b94354,-0.11709449769673774
501d1e55-968d-4c10-9d29-e0f4bee907a0_654-33,1,1,1,3,501d1e55-968d-4c10-9d29-e0f4bee907a0,1.0104097806847885
502debb3-c5f1-4dba-b2d4-b191d40da77a_5606-91,2,1,1,4,502debb3-c5f1-4dba-b2d4-b191d40da77a,2.1671628757144012
508cf068-6523-4368-a6b1-76ba538f1fc9_1359-08,1,1,1,1,508cf068-6523-4368-a6b1-76ba538f1fc9,0.9432229428902564
50c1df1c-e016-472a-b0ac-d297b0c82e87_3264-37,0,1,1,2,50c1df1c-e016-472a-b0ac-d297b0c82e87,0.02119708631678896
50f31d76-6f29-4f80-b654-9437a0113bf5_2211-90,0,0,0,4,50f31d76-6f29-4f80-b654-9437a0113bf5,-0.28991008176156446
51364391-163c-484c-8de5-122abb5898de_1080-80,3,1,1,1,51364391-163c-484c-8de5-122abb5898de,1.4660950377612045
51364391-163c-484c-8de5-122abb5898de_1357-07,2,1,1,1,51364391-163c-484c-8de5-122abb5898de,0.7439501957387488
51364391-163c-484c-8de5-122abb5898de_1359-23,2,0,0,1,51364391-163c-484c-8de5-122abb5898de,0.07882314221166054
513f572f-6d1c-4a8a-8b57-9c1d0aa363f7_1015-09,3,1,1,3,513f572f-6d1c-4a8a-8b57-9c1d0aa363f7,0.0651451882026366
513f572f-6d1c-4a8a-8b57-9c1d0aa363f7_843-40,3,1,1,3,513f572f-6d1c-4a8a-8b57-9c1d0aa363f7,0.5867710165129688
513f572f-6d1c-4a8a-8b57-9c1d0aa363f7_969-20,1,1,1,3,513f572f-6d1c-4a8a-8b57-9c1d0aa363f7,1.0633872969624139
516ba1f4-5cfd-4dd7-b4b6-a4c0605d1281_1838-55,0,1,1,2,516ba1f4-5cfd-4dd7-b4b6-a4c0605d1281,-0.029030634130017607
5181422f-0b2c-4a39-af52-b2ca683e5451_1147-87,0,1,1,1,5181422f-0b2c-4a39-af52-b2ca683e5451,0.7513522669006406
5185ad85-6751-481e-8b28-2d93d2e20770_961-05,0,0,0,3,5185ad85-6751-481e-8b28-2d93d2e20770,-0.014092159476991939
5185ad85-6751-481e-8b28-2d93d2e20770_964-94,0,1,1,3,5185ad85-6751-481e-8b28-2d93d2e20770,0.9203170180246009
520374ca-09f9-4716-8176-dd289ea7baa9_540-00,2,1,1,0,520374ca-09f9-4716-8176-dd289ea7baa9,0.460113162557686
520374ca-09f9-4716-8176-dd289ea7baa9_659-75,0,1,1,0,520374ca-09f9-4716-8176-dd289ea7baa9,0.8513855867836078
526675a3-acea-4d5b-b5c9-ccb1b89f6e58_421-44,3,0,0,1,526675a3-acea-4d5b-b5c9-ccb1b89f6e58,1.2086937014693744
52c312b2-b47d-498d-a368-20db6a8bc879_1510-20,3,1,1,0,52c312b2-b47d-498d-a368-20db6a8bc879,0.14951855931064906
5300d3f7-0674-4e08-bf1d-47b8c38a2842_39-70,2,0,0,1,5300d3f7-0674-4e08-bf1d-47b8c38a2842,1.4487613938066333
5315437a-2530-47e5-a0e4-4ac656c7cfa4_570-57,3,0,0,2,5315437a-2530-47e5-a0e4-4ac656c7cfa4,0.5512245429519057
5318b45a-f8be-4ab2-a807-564d734527fb_1369-45,0,0,0,3,5318b45a-f8be-4ab2-a807-564d734527fb,0.6495022841358983
53bab63b-b6fa-494c-9dc7-c3fe61f234de_999-56,0,1,1,0,53bab63b-b6fa-494c-9dc7-c3fe61f234de,0.1615467408912855
53e92e25-fe03-4311-9a17-c4f6a29ccad1_1365-15,0,1,1,0,53e92e25-fe03-4311-9a17-c4f6a29ccad1,0.22488242495273503
53e92e25-fe03-4311-9a17-c4f6a29ccad1_3512-58,0,0,0,0,53e92e25-fe03-4311-9a17-c4f6a29ccad1,0.9545189235208487
53e92e25-fe03-4311-9a17-c4f6a29ccad1_983-79,2,1,1,0,53e92e25-fe03-4311-9a17-c4f6a29ccad1,0.638435360766807
54a421d2-763e-4751-a6b4-54e3d6c46cc1_1143-22,2,1,1,4,54a421d2-763e-4751-a6b4-54e3d6c46cc1,1.2914556712204601
54a421d2-763e-4751-a6b4-54e3d6c46cc1_1361-15,3,1,1,4,54a421d2-763e-4751-a6b4-54e3d6c46cc1,-0.2769237593002955
54a421d2-763e-4751-a6b4-54e3d6c46cc1_1458-60,2,1,1,4,54a421d2-763e-4751-a6b4-54e3d6c46cc1,-0.007360168234614717
54a421d2-763e-4751-a6b4-54e3d6c46cc1_1553-16,0,1,1,4,54a421d2-763e-4751-a6b4-54e3d6c46cc1,0.4612466148517088
54a421d2-763e-4751-a6b4-54e3d6c46cc1_242-12,3,1,1,4,54a421d2-763e-4751-a6b4-54e3d6c46cc1,0.313609736401699
54a421d2-763e-4751-a6b4-54e3d6c46cc1_676-59,2,0,0,4,54a421d2-763e-4751-a6b4-54e3d6c46cc1,0.42430823343444823
54a421d2-763e-4751-a6b4-54e3d6c46cc1_692-41,0,0,0,4,54a421d2-763e-4751-a6b4-54e3d6c46cc1,-0.03735029246076227
54a421d2-763e-4751-a6b4-54e3d6c46cc1_715-92,2,1,1,4,54a421d2-763e-4751-a6b4-54e3d6c46cc1,0.2501551768744621
54adfe07-dcc1-4c3f-90a2-ac93ea7ff6df_173-06,4,0,0,4,54adfe07-dcc1-4c3f-90a2-ac93ea7ff6df,1.098864481064226
54adfe07-dcc1-4c3f-90a2-ac93ea7ff6df_76-91,3,0,0,4,54adfe07-dcc1-4c3f-90a2-ac93ea7ff6df,-0.31306286199977296
555ff1a5-c30b-434c-a251-b5105cdc1fb9_1647-31,2,1,1,2,555ff1a5-c30b-434c-a251-b5105cdc1fb9,-0.2676544481593587
55ef5db5-af7c-4ccd-9c7d-a4d415e195b7_753-73,2,1,1,3,55ef5db5-af7c-4ccd-9c7d-a4d415e195b7,0.04796081240870376
55ef5db5-af7c-4ccd-9c7d-a4d415e195b7_857-01,1,1,1,3,55ef5db5-af7c-4ccd-9c7d-a4d415e195b7,0.601643221035654
5605bd9a-d151-4d5b-b0f6-cfc28ae6937e_2980-56,2,1,1,2,5605bd9a-d151-4d5b-b0f6-cfc28ae6937e,-0.46506929823460963
5605bd9a-d151-4d5b-b0f6-cfc28ae6937e_3534-55,3,1,1,2,5605bd9a-d151-4d5b-b0f6-cfc28ae6937e,0.35369993925160914
5605bd9a-d151-4d5b-b0f6-cfc28ae6937e_4053-60,2,0,0,2,5605bd9a-d151-4d5b-b0f6-cfc28ae6937e,0.5983369855349984
5605bd9a-d151-4d5b-b0f6-cfc28ae6937e_457-07,2,0,0,2,5605bd9a-d151-4d5b-b0f6-cfc28ae6937e,-0.36684986747919435
5605bd9a-d151-4d5b-b0f6-cfc28ae6937e_709-52,0,0,0,2,5605bd9a-d151-4d5b-b0f6-cfc28ae6937e,-0.07806810663814395
5605bd9a-d151-4d5b-b0f6-cfc28ae6937e_999-27,2,1,1,2,5605bd9a-d151-4d5b-b0f6-cfc28ae6937e,0.324718392290434
564c0350-9fbf-4659-b310-a929fa3c82e4_555-36,3,1,1,1,564c0350-9fbf-4659-b310-a929fa3c82e4,2.1545993666798147
56504e4e-a228-4b28-baa4-1ce2de03c2d4_1630-93,1,0,0,2,56504e4e-a228-4b28-baa4-1ce2de03c2d4,0.3538126897010364
56c5fea0-73fb-4239-b740-1faf19e75e6f_1246-35,1,1,1,0,56c5fea0-73fb-4239-b740-1faf19e75e6f,1.2237897956223511
56da7a14-f3fe-4dd9-9acb-92917603f42c_469-73,2,1,1,3,56da7a14-f3fe-4dd9-9acb-92917603f42c,-0.046076858032783774
56da7a14-f3fe-4dd9-9acb-92917603f42c_521-16,1,0,0,3,56da7a14-f3fe-4dd9-9acb-92917603f42c,-0.14532261859525264
570fc280-231c-4a3e-99c2-12eefed1c122_925-58,1,0,0,0,570fc280-231c-4a3e-99c2-12eefed1c122,0.619067542320525
57467033-41ad-48f8-bc45-26f0b92a1b48_681-96,2,1,1,3,57467033-41ad-48f8-bc45-26f0b92a1b48,0.643040618689449
57ac6d7c-d317-4f85-aab1-d95ecaaacd5b_290-69,2,1,1,1,57ac6d7c-d317-4f85-aab1-d95ecaaacd5b,1.0601605637207294
57e88d87-257e-434d-953e-6025367e99fe_446-64,2,1,1,4,57e88d87-257e-434d-953e-6025367e99fe,0.019153113465017912
57e88d87-257e-434d-953e-6025367e99fe_448-77,0,0,0,4,57e88d87-257e-434d-953e-6025367e99fe,0.16488936694333678
5826d5ed-1456-443f-b333-202bb216a31d_1637-74,0,0,0,3,5826d5ed-1456-443f-b333-202bb216a31d,0.94049335882231
583dc873-0ccd-4d04-bb56-4d403ab28e85_218-71,1,1,1,0,583dc873-0ccd-4d04-bb56-4d403ab28e85,0.7613081439965281
584f625d-15b0-49e8-bfa6-718b9cf010e0_834-78,3,0,0,2,584f625d-15b0-49e8-bfa6-718b9cf010e0,0.15155679644581876
584fd34c-9bd5-44fd-8266-9d3161d8c790_3302-91,0,1,1,3,584fd34c-9bd5-44fd-8266-9d3161d8c790,1.2501004364131276
596760c3-b1d6-453c-916c-ecbc30ab1c5d_1349-91,2,1,1,1,596760c3-b1d6-453c-916c-ecbc30ab1c5d,0.5295955063070054
596760c3-b1d6-453c-916c-ecbc30ab1c5d_1392-89,1,1,1,1,596760c3-b1d6-453c-916c-ecbc30ab1c5d,-0.28183485220480464
596760c3-b1d6-453c-916c-ecbc30ab1c5d_1448-53,0,0,0,1,596760c3-b1d6-453c-916c-ecbc30ab1c5d,0.8895230934881105
59764b58-1523-48b3-88d2-9fc07880e597_1504-77,3,0,0,2,59764b58-1523-48b3-88d2-9fc07880e597,0.8473900552269237
59857657-5cb1-4268-9c8f-ab6cb3c3ad3b_5306-98,2,1,1,4,59857657-5cb1-4268-9c8f-ab6cb3c3ad3b,0.6772734591925554
59857657-5cb1-4268-9c8f-ab6cb3c3ad3b_5438-01,3,1,1,4,59857657-5cb1-4268-9c8f-ab6cb3c3ad3b,0.9777828383579606
59857657-5cb1-4268-9c8f-ab6cb3c3ad3b_9450-00,1,1,1,4,59857657-5cb1-4268-9c8f-ab6cb3c3ad3b,1.1976471152291905
59857657-5cb1-4268-9c8f-ab6cb3c3ad3b_979-26,2,1,1,4,59857657-5cb1-4268-9c8f-ab6cb3c3ad3b,1.2856422680451156
59976b3b-2328-47f2-a7b3-6f982497ed65_622-81,3,1,1,4,59976b3b-2328-47f2-a7b3-6f982497ed65,0.1557530550174654
5a009b9f-fed2-45a8-8006-b59b655334d1_50-58,1,1,1,0,5a009b9f-fed2-45a8-8006-b59b655334d1,0.12528627699439165
5a9ca82c-bb33-4f05-9e08-efd614269566_1201-43,0,0,0,1,5a9ca82c-bb33-4f05-9e08-efd614269566,0.7705571866307591
5aa01f1b-351d-428b-a1be-1f2edaff6a0c_693-84,2,1,1,0,5aa01f1b-351d-428b-a1be-1f2edaff6a0c,2.039314457176946
5aa8f84b-aea8-4e40-b710-82b93875e1ae_422-21,2,0,0,4,5aa8f84b-aea8-4e40-b710-82b93875e1ae,0.4071777101466071
5ab334f2-ecc8-4a05-96f8-4320225379b2_1773-43,0,1,1,3,5ab334f2-ecc8-4a05-96f8-4320225379b2,0.39855253737093543
5ab334f2-ecc8-4a05-96f8-4320225379b2_214-77,1,0,0,3,5ab334f2-ecc8-4a05-96f8-4320225379b2,0.3262283067875835
5ab334f2-ecc8-4a05-96f8-4320225379b2_70-12,1,1,1,3,5ab334f2-ecc8-4a05-96f8-4320225379b2,1.173286069388506
5ab334f2-ecc8-4a05-96f8-4320225379b2_879-22,1,1,1,3,5ab334f2-ecc8-4a05-96f8-4320225379b2,1.0950012729932004
5ab334f2-ecc8-4a05-96f8-4320225379b2_905-78,2,0,0,3,5ab334f2-ecc8-4a05-96f8-4320225379b2,1.1275706681765607
5b0225e8-b81b-42fe-aa08-b0732b46c8bd_1082-56,0,1,1,0,5b0225e8-b81b-42fe-aa08-b0732b46c8bd,0.685419770358618
5b0225e8-b81b-42fe-aa08-b0732b46c8bd_1130-00,3,1,1,0,5b0225e8-b81b-42fe-aa08-b0732b46c8bd,0.7047077970331412
5b0225e8-b81b-42fe-aa08-b0732b46c8bd_1130-47,0,0,0,0,5b0225e8-b81b-42fe-aa08-b0732b46c8bd,0.3591973181330218
5b0225e8-b81b-42fe-aa08-b0732b46c8bd_1131-66,1,1,1,0,5b0225e8-b81b-42fe-aa08-b0732b46c8bd,0.20188359208759055
5b0225e8-b81b-42fe-aa08-b0732b46c8bd_381-48,3,0,0,0,5b0225e8-b81b-42fe-aa08-b0732b46c8bd,0.07249480454393353
5b0c9075-f81d-488c-9862-c9c3b9ca27b5_843-40,2,0,0,0,5b0c9075-f81d-488c-9862-c9c3b9ca27b5,0.27617824967277627
5b329676-c4f5-49a7-9999-fa3884190b1e_91-50,3,0,0,3,5b329676-c4f5-49a7-9999-fa3884190b1e,0.18193044846009265
5c172db2-eca2-4f9a-8963-b2111123fef2_81-63,3,1,1,0,5c172db2-eca2-4f9a-8963-b2111123fef2,0.468729896234066
5c3be03c-07a5-4427-a2fe-449f16e8017b_787-88,0,0,0,3,5c3be03c-07a5-4427-a2fe-449f16e8017b,0.2231425426079342
5c9b85ea-24a9-4bfd-8ac2-4ca6f9090231_3247-42,1,0,0,3,5c9b85ea-24a9-4bfd-8ac2-4ca6f9090231,1.806203047198168
5c9b85ea-24a9-4bfd-8ac2-4ca6f9090231_3510-00,1,1,1,3,5c9b85ea-24a9-4bfd-8ac2-4ca6f9090231,1.1249176338385745
5c9b85ea-24a9-4bfd-8ac2-4ca6f9090231_4576-22,3,1,1,3,5c9b85ea-24a9-4bfd-8ac2-4ca6f9090231,-0.3844470067327691
5cab806a-3794-4578-94f2-33c3093151d1_391-05,0,0,0,2,5cab806a-3794-4578-94f2-33c3093151d1,-0.5442700626840057
5cab806a-3794-4578-94f2-33c3093151d1_433-69,2,1,1,2,5cab806a-3794-4578-94f2-33c3093151d1,0.7034831689944784
5cab806a-3794-4578-94f2-33c3093151d1_546-82,3,1,1,2,5cab806a-3794-4578-94f2-33c3093151d1,1.2653183913188157
5cee04cd-4adb-4a12-a476-1ba1db44865c_1289-65,1,1,1,0,5cee04cd-4adb-4a12-a476-1ba1db44865c,1.1985858836561505
5cf98bc1-012f-482d-86ee-9337d8747dce_1374-50,2,0,0,1,5cf98bc1-012f-482d-86ee-9337d8747dce,-0.010245902999407863
5cf98bc1-012f-482d-86ee-9337d8747dce_2305-61,1,1,1,1,5cf98bc1-012f-482d-86ee-9337d8747dce,0.1965684283171505
5cff48d5-d4e3-465f-8302-64cd493aba53_0-01,2,1,1,3,5cff48d5-d4e3-465f-8302-64cd493aba53,-0.5949913655001032
5cff48d5-d4e3-465f-8302-64cd493aba53_399-10,3,1,1,3,5cff48d5-d4e3-465f-8302-64cd493aba53,-0.3542045229750927
5d00d9ae-e932-42d5-8eee-ed24f83c8661_0-06,1,1,1,2,5d00d9ae-e932-42d5-8eee-ed24f83c8661,1.1082141596505277
5d090853-467e-4f95-9f9e-ac0582023111_504-40,2,1,1,0,5d090853-467e-4f95-9f9e-ac0582023111,0.30784968014680614
5d8dfcfe-93e4-465e-a548-44c1442ffa29_291-14,1,1,1,1,5d8dfcfe-93e4-465e-a548-44c1442ffa29,1.1256996856908579
5dac9d4b-1ac8-468b-a51b-8b7e0dbe554b_1086-76,2,1,1,1,5dac9d4b-1ac8-468b-a51b-8b7e0dbe554b,1.3367873214837362
5dde766e-e93a-4d48-b3c7-96774f24d39d_560-47,2,1,1,3,5dde766e-e93a-4d48-b3c7-96774f24d39d,1.066099896582716
5e193b30-3e79-4851-801b-dab99125cd44_2971-00,0,0,0,3,5e193b30-3e79-4851-801b-dab99125cd44,-8.804618929403318e-05
5e193b30-3e79-4851-801b-dab99125cd44_3348-61,1,0,0,3,5e193b30-3e79-4851-801b-dab99125cd44,-0.31182763915636813
5e7a6a04-70d3-4ce5-82ff-971ca6478328_1045-51,2,1,1,1,5e7a6a04-70d3-4ce5-82ff-971ca6478328,0.43873436458571724
5e7dbc32-08e0-4266-9bd3-27c412d1af7c_182-45,1,0,0,3,5e7dbc32-08e0-4266-9bd3-27c412d1af7c,0.5120675880758413
5e97e33c-b3ca-48b2-9e7e-069fe39199fb_1921-41,0,1,1,0,5e97e33c-b3ca-48b2-9e7e-069fe39199fb,-0.4384064134462573
5e97e33c-b3ca-48b2-9e7e-069fe39199fb_509-89,3,0,0,0,5e97e33c-b3ca-48b2-9e7e-069fe39199fb,-0.2792835132515585
5ead8e7c-2600-44b1-afd6-b82cb5f7b9ce_119-97,3,1,1,0,5ead8e7c-2600-44b1-afd6-b82cb5f7b9ce,0.6657849082667142
5ead8e7c-2600-44b1-afd6-b82cb5f7b9ce_195-55,0,1,1,0,5ead8e7c-2600-44b1-afd6-b82cb5f7b9ce,0.48036715102880057
5ead8e7c-2600-44b1-afd6-b82cb5f7b9ce_3241-48,1,1,1,0,5ead8e7c-2600-44b1-afd6-b82cb5f7b9ce,0.683468650274726
5ead8e7c-2600-44b1-afd6-b82cb5f7b9ce_567-35,0,0,0,0,5ead8e7c-2600-44b1-afd6-b82cb5f7b9ce,0.35147278972748053
5ead8e7c-2600-44b1-afd6-b82cb5f7b9ce_568-30,3,1,1,0,5ead8e7c-2600-44b1-afd6-b82cb5f7b9ce,-0.12623305667952683
5ed59c41-af9e-4368-a0ce-30d536d34895_1493-26,1,0,0,4,5ed59c41-af9e-4368-a0ce-30d536d34895,1.208623190910095
5ed59c41-af9e-4368-a0ce-30d536d34895_1575-15,2,1,1,4,5ed59c41-af9e-4368-a0ce-30d536d34895,0.29069086050496107
5ed59c41-af9e-4368-a0ce-30d536d34895_494-33,1,0,0,4,5ed59c41-af9e-4368-a0ce-30d536d34895,0.965837174780514
5f0ed597-4f1e-4075-81dc-64a3c0bb81f3_3-80,3,1,1,0,5f0ed597-4f1e-4075-81dc-64a3c0bb81f3,0.3852733289504082
5f26c69f-6f1c-4041-a81f-3c4808e0a385_1353-30,0,1,1,1,5f26c69f-6f1c-4041-a81f-3c4808e0a385,0.052451459876516004
5f26c69f-6f1c-4041-a81f-3c4808e0a385_151-47,1,1,1,1,5f26c69f-6f1c-4041-a81f-3c4808e0a385,0.715999425546673
5f26c69f-6f1c-4041-a81f-3c4808e0a385_156-09,2,0,0,1,5f26c69f-6f1c-4041-a81f-3c4808e0a385,2.0961728421531913
5f2d9e8b-6e0b-4e36-9f5b-d26bbe0a7c7c_1129-51,0,0,0,2,5f2d9e8b-6e0b-4e36-9f5b-d26bbe0a7c7c,0.5302756157884388
600e392c-4be6-4b8b-bef8-e789ce3d8915_2298-42,0,0,0,1,600e392c-4be6-4b8b-bef8-e789ce3d8915,-0.1576901545121574
600e392c-4be6-4b8b-bef8-e789ce3d8915_3230-09,2,0,0,1,600e392c-4be6-4b8b-bef8-e789ce3d8915,0.5061247297736265
600e392c-4be6-4b8b-bef8-e789ce3d8915_6486-35,0,1,1,1,600e392c-4be6-4b8b-bef8-e789ce3d8915,-0.06991046327023676
600e392c-4be6-4b8b-bef8-e789ce3d8915_7199-73,0,0,0,1,600e392c-4be6-4b8b-bef8-e789ce3d8915,0.3933197330103364
60209262-ab8e-4214-a8dd-4764a9a4b26d_842-54,3,0,0,2,60209262-ab8e-4214-a8dd-4764a9a4b26d,1.1437300709284117
606a91df-fc77-444e-988d-e0178c83c586_342-58,1,0,0,1,606a91df-fc77-444e-988d-e0178c83c586,0.415890173808941
6070d9d1-9962-49f3-8ac7-4e29ca07e104_164-20,2,0,0,2,6070d9d1-9962-49f3-8ac7-4e29ca07e104,0.06452791109347777
6070d9d1-9962-49f3-8ac7-4e29ca07e104_284-21,1,1,1,2,6070d9d1-9962-49f3-8ac7-4e29ca07e104,-0.25788071242684607
608f2b9c-d004-42db-9f0c-e89b203dfb01_8-92,0,1,1,0,608f2b9c-d004-42db-9f0c-e89b203dfb01,0.9570346248435666
615c5cd1-1dab-4667-94ce-30bfe52e7cd4_821-72,3,0,0,4,615c5cd1-1dab-4667-94ce-30bfe52e7cd4,0.675591332995242
615edb9e-bfc7-4080-afb3-d29e98ce2216_816-65,0,0,0,3,615edb9e-bfc7-4080-afb3-d29e98ce2216,1.5703886481771252
61da558c-b125-4e65-a8a6-28f0eae34c1a_156-26,0,1,1,2,61da558c-b125-4e65-a8a6-28f0eae34c1a,1.3590306728867025
620d3087-c6fb-4b08-bb6a-4dc4ede3b994_1607-58,0,1,1,0,620d3087-c6fb-4b08-bb6a-4dc4ede3b994,0.5874393590050873
620d3087-c6fb-4b08-bb6a-4dc4ede3b994_232-40,1,1,1,0,620d3087-c6fb-4b08-bb6a-4dc4ede3b994,-0.5030190765081322
620d3087-c6fb-4b08-bb6a-4dc4ede3b994_2651-56,1,1,1,0,620d3087-c6fb-4b08-bb6a-4dc4ede3b994,-0.07609465362275414
620d3087-c6fb-4b08-bb6a-4dc4ede3b994_432-70,2,0,0,0,620d3087-c6fb-4b08-bb6a-4dc4ede3b994,0.2756596231073303
62103d3d-d89d-4f54-a766-1beb22eb994b_179-41,1,0,0,1,62103d3d-d89d-4f54-a766-1beb22eb994b,0.024776655850520357
62103d3d-d89d-4f54-a766-1beb22eb994b_617-19,2,1,1,1,62103d3d-d89d-4f54-a766-1beb22eb994b,-0.2950608306378953
622ab8aa-21f8-4ad0-99c3-7f4876850df7_193-96,1,1,1,1,622ab8aa-21f8-4ad0-99c3-7f4876850df7,2.183733528585456
6243586b-a8df-4c37-95f8-da7f4f5d57d6_513-82,3,1,1,3,6243586b-a8df-4c37-95f8-da7f4f5d57d6,-0.3782095886536543
6243586b-a8df-4c37-95f8-da7f4f5d57d6_868-79,1,0,0,3,6243586b-a8df-4c37-95f8-da7f4f5d57d6,-0.5310449463804591
624a6c0a-a4cb-4073-b501-48e4b6b679e4_1095-75,3,0,0,1,624a6c0a-a4cb-4073-b501-48e4b6b679e4,0.3749189461083061
624a6c0a-a4cb-4073-b501-48e4b6b679e4_1105-28,1,1,1,1,624a6c0a-a4cb-4073-b501-48e4b6b679e4,0.006717371302697672
624a6c0a-a4cb-4073-b501-48e4b6b679e4_1105-63,0,0,0,1,624a6c0a-a4cb-4073-b501-48e4b6b679e4,0.9751951234719057
62abef54-29ef-43ec-ba1d-43496d986e89_2257-41,0,1,1,0,62abef54-29ef-43ec-ba1d-43496d986e89,0.7098414997355145
62baa1d3-a742-4d3d-a978-537a7988e13e_1461-40,1,0,0,4,62baa1d3-a742-4d3d-a978-537a7988e13e,-0.16476503644035057
62e3b74a-01ad-4824-aace-5cc12ebd2c47_228-93,2,0,0,3,62e3b74a-01ad-4824-aace-5cc12ebd2c47,0.11318260422658188
6306375a-1533-4f3c-843b-0cd51b4bf449_1-23,0,1,1,1,6306375a-1533-4f3c-843b-0cd51b4bf449,0.15545353250235394
6322a6f2-f271-4335-bf46-d428a5a58298_0-02,3,0,0,0,6322a6f2-f271-4335-bf46-d428a5a58298,-0.19370728176170193
635cb327-1636-4fbc-a9ca-5a7adfc34b2e_0-40,1,1,1,0,635cb327-1636-4fbc-a9ca-5a7adfc34b2e,0.5508062784372414
6395f964-0122-4f16-b036-337c28488504_1626-75,2,1,1,4,6395f964-0122-4f16-b036-337c28488504,-0.4129713298804337
63d56e4c-e454-48c2-a8f2-5bc2c34622ca_1218-51,1,1,1,4,63d56e4c-e454-48c2-a8f2-5bc2c34622ca,0.781178680026955
63d56e4c-e454-48c2-a8f2-5bc2c34622ca_172-69,1,1,1,4,63d56e4c-e454-48c2-a8f2-5bc2c34622ca,0.8896005058658728
63d56e4c-e454-48c2-a8f2-5bc2c34622ca_903-77,1,1,1,4,63d56e4c-e454-48c2-a8f2-5bc2c34622ca,0.5421870783872448
63e9e643-25c5-435d-b6f0-0aab1af76e68_28-98,1,0,0,3,63e9e643-25c5-435d-b6f0-0aab1af76e68,0.6840687094118428
64049385-6855-4eed-8b3c-ce3e8d704008_1157-10,2,0,0,2,64049385-6855-4eed-8b3c-ce3e8d704008,0.4976269003079804
64747fa7-c7b9-46fc-ac9d-ea9a514d91df_73-27,2,0,0,1,64747fa7-c7b9-46fc-ac9d-ea9a514d91df,0.5683576340371669
64792a03-b8ea-4fdc-96d8-1e1199b73658_1352-24,1,0,0,0,64792a03-b8ea-4fdc-96d8-1e1199b73658,-0.17118358314400794
64ec6de1-0e86-49de-889c-4a0fdcba6658_808-22,3,1,1,4,64ec6de1-0e86-49de-889c-4a0fdcba6658,0.47292481434910927
652f0590-aab5-4de1-b578-238adb54fa0e_3914-88,2,0,0,3,652f0590-aab5-4de1-b578-238adb54fa0e,1.0290993913764575
65d6d7a3-11f7-4472-82b9-527ca04fe25b_1274-77,1,1,1,4,65d6d7a3-11f7-4472-82b9-527ca04fe25b,0.1223249603308052
65d6d7a3-11f7-4472-82b9-527ca04fe25b_633-02,0,1,1,4,65d6d7a3-11f7-4472-82b9-527ca04fe25b,1.8903182514231545
65f4949e-e8fe-4b77-972e-35d368ca546a_1165-75,0,1,1,2,65f4949e-e8fe-4b77-972e-35d368ca546a,-0.14597610430549363
6639f53c-701d-4fe7-adcd-55d040ce8afe_0-03,1,1,1,1,6639f53c-701d-4fe7-adcd-55d040ce8afe,0.3453611625423405
668962c9-ecae-4b8f-bdc1-a6aeab093d88_1261-54,0,0,0,1,668962c9-ecae-4b8f-bdc1-a6aeab093d88,0.4913849770165696
668962c9-ecae-4b8f-bdc1-a6aeab093d88_1333-29,3,1,1,1,668962c9-ecae-4b8f-bdc1-a6aeab093d88,0.6589822493430432
668962c9-ecae-4b8f-bdc1-a6aeab093d88_811-44,2,0,0,1,668962c9-ecae-4b8f-bdc1-a6aeab093d88,-0.5028099720286727
66bf8281-f77c-4e37-b9a8-5f2aabf73ef9_943-34,3,0,0,3,66bf8281-f77c-4e37-b9a8-5f2aabf73ef9,0.5886821850512131
67a8114b-7f37-443d-8beb-64886095f935_184-82,3,0,0,0,67a8114b-7f37-443d-8beb-64886095f935,0.037657134351822386
67a8114b-7f37-443d-8beb-64886095f935_636-28,0,0,0,0,67a8114b-7f37-443d-8beb-64886095f935,1.3492642418872585
67a8114b-7f37-443d-8beb-64886095f935_797-83,0,0,0,0,67a8114b-7f37-443d-8beb-64886095f935,0.4282419805921718
67b78a5b-ab72-4483-95c4-33e837013e93_2874-42,3,1,1,2,67b78a5b-ab72-4483-95c4-33e837013e93,0.05136353895711043
67bc312a-3b49-4847-aa79-63ad7d3e4217_303-11,1,0,0,3,67bc312a-3b49-4847-aa79-63ad7d3e4217,0.8185905008208051
67bc312a-3b49-4847-aa79-63ad7d3e4217_537-95,3,1,1,3,67bc312a-3b49-4847-aa79-63ad7d3e4217,0.47334735484090673
67bc312a-3b49-4847-aa79-63ad7d3e4217_554-07,2,1,1,3,67bc312a-3b49-4847-aa79-63ad7d3e4217,1.4180827609366893
68134357-62e5-4f0b-8300-2e661763aeb5_374-98,1,0,0,4,68134357-62e5-4f0b-8300-2e661763aeb5,0.8575190376139882
68134357-62e5-4f0b-8300-2e661763aeb5_389-26,2,1,1,4,68134357-62e5-4f0b-8300-2e661763aeb5,-0.4980308089553669
68150eb1-47cd-4617-953a-0afdf67b2adb_2839-25,2,1,1,4,68150eb1-47cd-4617-953a-0afdf67b2adb,0.7291573722597237
68a03b86-201f-4935-9847-f2753905f298_1057-96,0,0,0,3,68a03b86-201f-4935-9847-f2753905f298,0.635793127688732
69190e7c-457f-489d-9071-c2a9185e4853_144-34,3,1,1,3,69190e7c-457f-489d-9071-c2a9185e4853,-0.05062249903109589
69366f34-43c0-4d11-bec4-3c1c945cbfd4_4408-78,3,1,1,2,69366f34-43c0-4d11-bec4-3c1c945cbfd4,1.0940707293963872
6956cb48-951c-4607-a42b-a66de2c186be_292-00,1,1,1,2,6956cb48-951c-4607-a42b-a66de2c186be,1.4261112636370359
6956cb48-951c-4607-a42b-a66de2c186be_59-73,1,1,1,2,6956cb48-951c-4607-a42b-a66de2c186be,0.1455933431588975
695cefe9-04c0-42fb-80fc-d308b314b788_1-28,0,1,1,0,695cefe9-04c0-42fb-80fc-d308b314b788,0.5726977728023586
695cefe9-04c0-42fb-80fc-d308b314b788_303-92,1,1,1,0,695cefe9-04c0-42fb-80fc-d308b314b788,-0.5635566657436698
695cefe9-04c0-42fb-80fc-d308b314b788_330-48,2,0,0,0,695cefe9-04c0-42fb-80fc-d308b314b788,-0.08903999737755619
695cefe9-04c0-42fb-80fc-d308b314b788_437-09,1,1,1,0,695cefe9-04c0-42fb-80fc-d308b314b788,0.6990900760299825
695cefe9-04c0-42fb-80fc-d308b314b788_443-90,1,0,0,0,695cefe9-04c0-42fb-80fc-d308b314b788,0.33900704406102555
695cefe9-04c0-42fb-80fc-d308b314b788_662-96,2,1,1,0,695cefe9-04c0-42fb-80fc-d308b314b788,-0.3177460850361399
695cefe9-04c0-42fb-80fc-d308b314b788_68-11,3,0,0,0,695cefe9-04c0-42fb-80fc-d308b314b788,0.3661890112293922
695cefe9-04c0-42fb-80fc-d308b314b788_789-70,2,1,1,0,695cefe9-04c0-42fb-80fc-d308b314b788,1.1152255978834062
6989df0e-b8da-48a4-bc69-b01f6f8aef1a_378-59,2,1,1,1,6989df0e-b8da-48a4-bc69-b01f6f8aef1a,-0.02951929358099814
699b47de-9fc5-4b98-ba35-ecf79886a8db_1850-50,1,0,0,3,699b47de-9fc5-4b98-ba35-ecf79886a8db,0.05678310374932405
699b47de-9fc5-4b98-ba35-ecf79886a8db_782-75,2,0,0,3,699b47de-9fc5-4b98-ba35-ecf79886a8db,0.09466167020346461
69ae6e65-a60b-46b0-b256-9d1aeaf34b0a_3951-27,1,0,0,0,69ae6e65-a60b-46b0-b256-9d1aeaf34b0a,0.21851457749714087
69c7d261-18f8-4a1d-9f56-6b4e8eac4d23_601-00,1,1,1,4,69c7d261-18f8-4a1d-9f56-6b4e8eac4d23,0.16711871242426468
69f1101f-cb9e-4ad1-8fe6-ed840e5bcf9b_1263-46,1,1,1,1,69f1101f-cb9e-4ad1-8fe6-ed840e5bcf9b,1.2004105470691044
69f1101f-cb9e-4ad1-8fe6-ed840e5bcf9b_1350-51,3,0,0,1,69f1101f-cb9e-4ad1-8fe6-ed840e5bcf9b,0.20117638261638093
6a793116-6fc3-4706-9bbb-8ba2088ec8db_746-34,2,1,1,3,6a793116-6fc3-4706-9bbb-8ba2088ec8db,-0.08727224476695933
6a847d75-e20f-409d-8b91-77ada97d8fb9_1499-90,2,1,1,4,6a847d75-e20f-409d-8b91-77ada97d8fb9,0.7588494329631877
6a847d75-e20f-409d-8b91-77ada97d8fb9_1545-09,1,1,1,4,6a847d75-e20f-409d-8b91-77ada97d8fb9,-0.009575572613696015
6a847d75-e20f-409d-8b91-77ada97d8fb9_1582-87,0,0,0,4,6a847d75-e20f-409d-8b91-77ada97d8fb9,1.421682341475786
6a847d75-e20f-409d-8b91-77ada97d8fb9_168-24,1,1,1,4,6a847d75-e20f-409d-8b91-77ada97d8fb9,0.12304577263420313
6a847d75-e20f-409d-8b91-77ada97d8fb9_1826-29,1,1,1,4,6a847d75-e20f-409d-8b91-77ada97d8fb9,0.279664838260159
6aa13fb1-5440-424e-a021-06a2da215e63_165-83,1,1,1,4,6aa13fb1-5440-424e-a021-06a2da215e63,0.4245076151907019
6aa13fb1-5440-424e-a021-06a2da215e63_273-88,1,1,1,4,6aa13fb1-5440-424e-a021-06a2da215e63,0.4040188351555567
6ac035af-4851-4afb-af6c-c00edb7bdbe6_768-70,3,1,1,3,6ac035af-4851-4afb-af6c-c00edb7bdbe6,0.36927275354016253
6ac035af-4851-4afb-af6c-c00edb7bdbe6_801-00,0,0,0,3,6ac035af-4851-4afb-af6c-c00edb7bdbe6,1.1691832314612949
6af6234f-abfe-48ac-9dde-399f25d9cb43_931-51,1,1,1,2,6af6234f-abfe-48ac-9dde-399f25d9cb43,1.3335887814082126
6b6fde45-51e9-4c60-8305-27e45883ee7b_270-11,1,1,1,1,6b6fde45-51e9-4c60-8305-27e45883ee7b,2.586134506775018
6b7e79ad-68c1-4637-a2d1-d7b8f92ac8a4_166-07,0,1,1,0,6b7e79ad-68c1-4637-a2d1-d7b8f92ac8a4,0.6326390768784564
6b7fc6db-e979-43a0-b61f-7dced89d423d_168-56,1,1,1,2,6b7fc6db-e979-43a0-b61f-7dced89d423d,-0.5135413670396035
6b7fc6db-e979-43a0-b61f-7dced89d423d_229-56,0,1,1,2,6b7fc6db-e979-43a0-b61f-7dced89d423d,0.45927212480538004
6b7fc6db-e979-43a0-b61f-7dced89d423d_347-96,0,1,1,2,6b7fc6db-e979-43a0-b61f-7dced89d423d,0.3375857721536678
6ba5f052-a1cd-46ba-83f2-1be480387020_599-71,3,1,1,4,6ba5f052-a1cd-46ba-83f2-1be480387020,0.3241220878274741
6baa673a-0cc6-4da2-a481-877de0d2faa5_1148-60,3,1,1,2,6baa673a-0cc6-4da2-a481-877de0d2faa5,0.496832336254195
6c0ca07f-6bb2-4db4-a0c3-5926726493fc_124-14,2,1,1,3,6c0ca07f-6bb2-4db4-a0c3-5926726493fc,0.9682369137409067
6c0ca07f-6bb2-4db4-a0c3-5926726493fc_1648-38,2,1,1,3,6c0ca07f-6bb2-4db4-a0c3-5926726493fc,0.6246297400613526
6c0ca07f-6bb2-4db4-a0c3-5926726493fc_272-36,1,0,0,3,6c0ca07f-6bb2-4db4-a0c3-5926726493fc,0.8980530765206488
6c1c5527-30a4-421f-bb78-906adffa7c46_357-45,2,1,1,1,6c1c5527-30a4-421f-bb78-906adffa7c46,0.8133599541585569
6cd8942a-866f-46ef-af6d-5d895723f439_1831-82,1,1,1,1,6cd8942a-866f-46ef-af6d-5d895723f439,1.279436506161975
6d14a0fe-6fd1-4c6b-aaec-a7c38dcd7294_661-60,0,1,1,0,6d14a0fe-6fd1-4c6b-aaec-a7c38dcd7294,0.2537630112315655
6e0c294c-d634-4804-8d41-cd6e9d79f0b9_1656-45,1,1,1,2,6e0c294c-d634-4804-8d41-cd6e9d79f0b9,0.14335785448539018
6e0c294c-d634-4804-8d41-cd6e9d79f0b9_384-20,2,0,0,2,6e0c294c-d634-4804-8d41-cd6e9d79f0b9,0.24487541215408826
6e330145-3fe9-44f7-8f84-801717da9ea2_766-46,3,0,0,4,6e330145-3fe9-44f7-8f84-801717da9ea2,-0.33787444155833035
6e4baf27-2090-4a90-816b-a35a0aff0e56_1023-43,3,1,1,2,6e4baf27-2090-4a90-816b-a35a0aff0e56,-0.34941128379539743
6e4baf27-2090-4a90-816b-a35a0aff0e56_1099-34,0,1,1,2,6e4baf27-2090-4a90-816b-a35a0aff0e56,1.7603992806675821
6e68d2f9-6d37-4317-a3eb-9541321d558e_2271-24,2,1,1,0,6e68d2f9-6d37-4317-a3eb-9541321d558e,0.8739591063181265
6e68d2f9-6d37-4317-a3eb-9541321d558e_977-72,2,1,1,0,6e68d2f9-6d37-4317-a3eb-9541321d558e,-0.02925994021209033
6edb5c87-ae95-4185-807f-06d37124d2b7_659-31,2,1,1,3,6edb5c87-ae95-4185-807f-06d37124d2b7,0.1310374722376415
6ef5aab3-db5f-4fdb-9c39-b37bd497e7d8_638-66,3,1,1,2,6ef5aab3-db5f-4fdb-9c39-b37bd497e7d8,0.7005779743026642
6ef7f9c0-30eb-4280-acc1-55f22f6e2924_2998-83,3,0,0,1,6ef7f9c0-30eb-4280-acc1-55f22f6e2924,-0.5312254778088709
6f27deaa-7133-4bbb-b9ed-5310d6d05a50_336-16,1,1,1,3,6f27deaa-7133-4bbb-b9ed-5310d6d05a50,1.2278290920995585
6f27deaa-7133-4bbb-b9ed-5310d6d05a50_549-73,0,0,0,3,6f27deaa-7133-4bbb-b9ed-5310d6d05a50,1.5969829743921071
6f37694e-26b8-4dc6-9942-567e1e912cda_452-75,3,0,0,0,6f37694e-26b8-4dc6-9942-567e1e912cda,0.42389997775273724
6f7f3410-1e20-4eb2-b7b0-088c1500054b_299-75,1,1,1,4,6f7f3410-1e20-4eb2-b7b0-088c1500054b,0.04481149394014505
6f93978d-a3d0-467d-b401-e23b3c92f3bf_5298-67,3,1,1,4,6f93978d-a3d0-467d-b401-e23b3c92f3bf,-0.035719972163551716
6f93978d-a3d0-467d-b401-e23b3c92f3bf_5299-41,3,1,1,4,6f93978d-a3d0-467d-b401-e23b3c92f3bf,0.1818387589595457
6fc30ceb-ace8-49f8-8244-71f14c6d773c_936-70,1,0,0,3,6fc30ceb-ace8-49f8-8244-71f14c6d773c,1.6414716871727886
6fd026d8-b68c-46bc-93de-ccfa08809a9d_603-53,3,0,0,2,6fd026d8-b68c-46bc-93de-ccfa08809a9d,0.9433050536569002
6fd90f8d-7a4d-425d-a812-3268db0b0342_1001-51,2,0,0,0,6fd90f8d-7a4d-425d-a812-3268db0b0342,0.45746740249046947
706de1df-babc-4e54-a310-1d9070140197_195-59,3,1,1,3,706de1df-babc-4e54-a310-1d9070140197,1.0734049516416233
70c8bd4f-bfe1-4fb5-82ad-7d763cc28935_732-98,0,1,1,2,70c8bd4f-bfe1-4fb5-82ad-7d763cc28935,0.2135440816513151
70c8bd4f-bfe1-4fb5-82ad-7d763cc28935_756-65,0,1,1,2,70c8bd4f-bfe1-4fb5-82ad-7d763cc28935,0.9406035196263701
71024373-484f-4270-82a4-2251997f3a9f_44-61,1,1,1,3,71024373-484f-4270-82a4-2251997f3a9f,-0.018358087893538877
71504f29-61c1-49e5-8617-d0e71144c077_652-01,2,1,1,2,71504f29-61c1-49e5-8617-d0e71144c077,0.7308247433530491
7152d311-7801-487c-a6ed-a746e6abaa1f_286-31,0,1,1,0,7152d311-7801-487c-a6ed-a746e6abaa1f,-0.33628576475757105
71d5f5dc-fff6-4352-b37c-a8e1ed3b39bd_541-68,1,1,1,4,71d5f5dc-fff6-4352-b37c-a8e1ed3b39bd,0.8536234991223698
720da14e-0ef5-4968-87e9-270fce0a9a18_73-28,1,1,1,3,720da14e-0ef5-4968-87e9-270fce0a9a18,-0.5798507478044609
721455cc-1e09-44a3-a579-d9e90db85227_1577-57,2,0,0,2,721455cc-1e09-44a3-a579-d9e90db85227,0.339720587944346
7220ce3a-b740-44db-815d-222d914e2dfd_114-26,3,1,1,1,7220ce3a-b740-44db-815d-222d914e2dfd,0.444021385898676
7245d60b-1245-49ad-b025-b59da57dd8e8_664-70,1,1,1,0,7245d60b-1245-49ad-b025-b59da57dd8e8,0.339207870799482
72c81e60-8604-4897-8cd5-71df5244acaa_1172-93,3,0,0,0,72c81e60-8604-4897-8cd5-71df5244acaa,0.16535178891622648
72c81e60-8604-4897-8cd5-71df5244acaa_246-30,1,0,0,0,72c81e60-8604-4897-8cd5-71df5244acaa,0.12440425264522381
72d6a00b-0554-41cd-a00d-0c1e64e400df_2501-79,3,1,1,4,72d6a00b-0554-41cd-a00d-0c1e64e400df,0.8053746182313252
73f94b03-b777-481d-b342-10c516f192a2_3-08,4,0,0,3,73f94b03-b777-481d-b342-10c516f192a2,0.7027450899768276
744c58f8-9a76-40d4-838f-8c7676fcb316_139-70,2,0,0,2,744c58f8-9a76-40d4-838f-8c7676fcb316,0.21428538092616434
744c58f8-9a76-40d4-838f-8c7676fcb316_140-01,3,1,1,2,744c58f8-9a76-40d4-838f-8c7676fcb316,0.4841590536510817
7474f654-b43a-463c-a1a1-f8c62cef1e64_1721-20,3,1,1,2,7474f654-b43a-463c-a1a1-f8c62cef1e64,1.0108103741301195
74d38b4a-6f22-43b3-b631-9234c05f27ab_270-80,3,0,0,1,74d38b4a-6f22-43b3-b631-9234c05f27ab,0.3993113317436312
750c5383-58f6-4063-8cc8-50691a68994d_562-01,1,0,0,2,750c5383-58f6-4063-8cc8-50691a68994d,0.49435692433109535
750c5383-58f6-4063-8cc8-50691a68994d_870-14,1,1,1,2,750c5383-58f6-4063-8cc8-50691a68994d,0.40692772031247637
75141dec-d6b3-4e2e-a144-5a126abf7dac_584-16,3,1,1,4,75141dec-d6b3-4e2e-a144-5a126abf7dac,-0.0034806270617920854
759c5c60-f1af-4476-94b2-e79a51fd44e3_668-31,1,0,0,3,759c5c60-f1af-4476-94b2-e79a51fd44e3,-0.13755429598610075
75ee5afa-d891-4653-ac4c-d81db1a90af7_32-52,3,0,0,3,75ee5afa-d891-4653-ac4c-d81db1a90af7,1.0020298833334262
7627344d-503f-4a25-b418-10a6929d5a18_842-97,4,1,1,2,7627344d-503f-4a25-b418-10a6929d5a18,0.2949410974960207
7665b96d-1a30-435b-9679-e7defed426e6_99-13,2,0,0,1,7665b96d-1a30-435b-9679-e7defed426e6,0.04484677248101676
7696b38a-59d3-4b85-966f-3522f9792966_89-69,1,0,0,0,7696b38a-59d3-4b85-966f-3522f9792966,0.43670012193705166
76f450c1-3542-4f8a-964c-66c857a23601_1422-15,1,1,1,1,76f450c1-3542-4f8a-964c-66c857a23601,0.8483550575006235
76f450c1-3542-4f8a-964c-66c857a23601_671-42,3,1,1,1,76f450c1-3542-4f8a-964c-66c857a23601,1.1231829817893138
77cdd8dd-402b-45d7-a16c-a16520c737e3_1834-33,1,1,1,4,77cdd8dd-402b-45d7-a16c-a16520c737e3,1.1719959753122993
77e28690-2ab1-414e-86ed-285ec1d15bd1_315-49,1,0,0,2,77e28690-2ab1-414e-86ed-285ec1d15bd1,0.5181151358165618
77e28690-2ab1-414e-86ed-285ec1d15bd1_705-46,2,1,1,2,77e28690-2ab1-414e-86ed-285ec1d15bd1,1.590671485952691
7836e736-ef0a-40ed-9b77-b4c12a08b236_3090-06,3,1,1,3,7836e736-ef0a-40ed-9b77-b4c12a08b236,0.3435546832890589
786877d8-e353-4fae-b488-8d7443646882_1021-24,3,0,0,3,786877d8-e353-4fae-b488-8d7443646882,0.10446460901035748
786877d8-e353-4fae-b488-8d7443646882_1042-29,2,0,0,3,786877d8-e353-4fae-b488-8d7443646882,0.8549384198657136
786877d8-e353-4fae-b488-8d7443646882_224-14,0,0,0,3,786877d8-e353-4fae-b488-8d7443646882,0.383477489107497
786877d8-e353-4fae-b488-8d7443646882_883-95,2,0,0,3,786877d8-e353-4fae-b488-8d7443646882,0.37692692948182493
786877d8-e353-4fae-b488-8d7443646882_952-74,3,1,1,3,786877d8-e353-4fae-b488-8d7443646882,0.4586223334001087
792d0000-7dcd-4e6c-a486-7befe397233d_917-53,2,1,1,2,792d0000-7dcd-4e6c-a486-7befe397233d,1.8366750438416566
79c62f24-488e-4a69-8220-3b20cb4bf72b_4957-40,1,0,0,1,79c62f24-488e-4a69-8220-3b20cb4bf72b,-0.6219070074078381
79c62f24-488e-4a69-8220-3b20cb4bf72b_611-49,0,0,0,1,79c62f24-488e-4a69-8220-3b20cb4bf72b,0.8335181675950835
79c62f24-488e-4a69-8220-3b20cb4bf72b_722-05,0,0,0,1,79c62f24-488e-4a69-8220-3b20cb4bf72b,0.00045560897398466693
7a33ca42-9a39-4d59-ba82-c9667c250f48_2200-51,1,0,0,1,7a33ca42-9a39-4d59-ba82-c9667c250f48,1.364305180148214
7a3479a4-b903-4d20-bdc4-98d93ceb3c36_1392-00,3,1,1,0,7a3479a4-b903-4d20-bdc4-98d93ceb3c36,1.2106178191280257
7a680a9a-dd7b-467a-a724-a597f1be9f06_2545-71,3,1,1,0,7a680a9a-dd7b-467a-a724-a597f1be9f06,-0.3147231727166015
7a680a9a-dd7b-467a-a724-a597f1be9f06_2545-86,2,1,1,0,7a680a9a-dd7b-467a-a724-a597f1be9f06,0.22430257310683654
7a680a9a-dd7b-467a-a724-a597f1be9f06_2608-93,2,1,1,0,7a680a9a-dd7b-467a-a724-a597f1be9f06,0.013096241139900489
7a680a9a-dd7b-467a-a724-a597f1be9f06_3668-06,0,1,1,0,7a680a9a-dd7b-467a-a724-a597f1be9f06,0.10389384099783117
7ac6dc03-7c8d-4de8-99af-03268c780ea2_1031-44,2,0,0,4,7ac6dc03-7c8d-4de8-99af-03268c780ea2,0.202571136090838
7acd59a8-ed64-4a99-a469-3d5529a4098a_270-66,1,0,0,1,7acd59a8-ed64-4a99-a469-3d5529a4098a,1.1789356035546517
7b277350-9926-42ef-b5f7-3ee000f3350a_53-51,1,1,1,0,7b277350-9926-42ef-b5f7-3ee000f3350a,-0.033938434767550874
7b5fafdb-136a-4722-84a4-cffb213a224a_1092-90,3,1,1,4,7b5fafdb-136a-4722-84a4-cffb213a224a,1.0758530832718862
7b5fafdb-136a-4722-84a4-cffb213a224a_1908-63,2,0,0,4,7b5fafdb-136a-4722-84a4-cffb213a224a,1.2790319799230296
7b5fafdb-136a-4722-84a4-cffb213a224a_2353-21,3,0,0,4,7b5fafdb-136a-4722-84a4-cffb213a224a,-0.006394918358659574
7c0c0057-3bbc-40ef-a91e-4d6e1a637642_1139-91,2,0,0,2,7c0c0057-3bbc-40ef-a91e-4d6e1a637642,-0.03147731558306294
7c1c5dca-5856-4997-8cda-9fa3bca10a3b_1061-91,2,0,0,0,7c1c5dca-5856-4997-8cda-9fa3bca10a3b,0.39459898044111674
7c1c5dca-5856-4997-8cda-9fa3bca10a3b_1969-00,1,1,1,0,7c1c5dca-5856-4997-8cda-9fa3bca10a3b,0.8229235255734562
7c1c5dca-5856-4997-8cda-9fa3bca10a3b_1973-06,2,0,0,0,7c1c5dca-5856-4997-8cda-9fa3bca10a3b,1.7752092615053006
7c1c5dca-5856-4997-8cda-9fa3bca10a3b_2494-15,2,0,0,0,7c1c5dca-5856-4997-8cda-9fa3bca10a3b,0.42073856569489987
7c1c5dca-5856-4997-8cda-9fa3bca10a3b_37-44,2,1,1,0,7c1c5dca-5856-4997-8cda-9fa3bca10a3b,0.3233613724159222
7c4f8ef4-c126-46b7-8fa9-1b2daf5b41de_2272-79,2,0,0,1,7c4f8ef4-c126-46b7-8fa9-1b2daf5b41de,0.22823249021810776
7c925095-c62a-4a7a-a2ca-118ca3f0176a_2-34,1,1,1,1,7c925095-c62a-4a7a-a2ca-118ca3f0176a,1.1232838540000345
7c969dc3-aea2-49d4-bd0e-48191b4e5a51_3982-40,2,0,0,3,7c969dc3-aea2-49d4-bd0e-48191b4e5a51,-0.19472846082452816
7c969dc3-aea2-49d4-bd0e-48191b4e5a51_6350-49,3,1,1,3,7c969dc3-aea2-49d4-bd0e-48191b4e5a51,0.7603212916346106
7cad84ff-4d08-4e18-8784-aaf4e9341264_333-06,1,1,1,0,7cad84ff-4d08-4e18-8784-aaf4e9341264,1.0796465832337698
7d444081-73d8-405d-9bcc-9620e5feefaf_729-22,0,0,0,4,7d444081-73d8-405d-9bcc-9620e5feefaf,0.7989575884531043
7ddc2c83-3cb0-4bb1-8e91-3ef60f88864d_1433-25,1,0,0,3,7ddc2c83-3cb0-4bb1-8e91-3ef60f88864d,0.3487677586118493
7e80931a-2067-419d-8f9e-2aff41dd330c_2937-25,2,0,0,4,7e80931a-2067-419d-8f9e-2aff41dd330c,0.5749262119448414
7f296d37-a819-408f-aa34-80b63a40f01e_28-00,3,1,1,1,7f296d37-a819-408f-aa34-80b63a40f01e,0.4495759740505073
7f5ed6e1-aca1-40d5-87c6-d156c5f02263_213-21,1,1,1,1,7f5ed6e1-aca1-40d5-87c6-d156c5f02263,1.2202727901364616
7f5ed6e1-aca1-40d5-87c6-d156c5f02263_213-34,2,0,0,1,7f5ed6e1-aca1-40d5-87c6-d156c5f02263,1.8759949056440441
7f5ed6e1-aca1-40d5-87c6-d156c5f02263_220-16,1,0,0,1,7f5ed6e1-aca1-40d5-87c6-d156c5f02263,1.0852243883068966
7f5ed6e1-aca1-40d5-87c6-d156c5f02263_222-42,1,1,1,1,7f5ed6e1-aca1-40d5-87c6-d156c5f02263,1.0361111306361201
7fc72743-4b55-48de-b988-4c690bda912f_1613-32,2,1,1,0,7fc72743-4b55-48de-b988-4c690bda912f,1.3062280741571672
7ff0900d-1bca-4aa7-aedd-ab0fb0a12371_0-04,1,0,0,4,7ff0900d-1bca-4aa7-aedd-ab0fb0a12371,0.2813270207347035
803d0524-47c8-45fe-a5d1-c6a71e2cd54b_786-81,2,0,0,3,803d0524-47c8-45fe-a5d1-c6a71e2cd54b,0.39788018776075307
80c74a5b-81e0-4bc1-bc09-2f146351fe70_545-79,1,1,1,2,80c74a5b-81e0-4bc1-bc09-2f146351fe70,1.0131338079000836
817170ad-1f3b-44b1-9772-fe914fa17f30_1178-10,3,1,1,4,817170ad-1f3b-44b1-9772-fe914fa17f30,0.5530537769955589
817170ad-1f3b-44b1-9772-fe914fa17f30_1211-20,0,1,1,4,817170ad-1f3b-44b1-9772-fe914fa17f30,1.1860780225084318
81fb9f8f-be18-4833-a899-4fbcef82a634_2169-64,2,0,0,1,81fb9f8f-be18-4833-a899-4fbcef82a634,0.41803239060232833
81fb9f8f-be18-4833-a899-4fbcef82a634_270-26,3,1,1,1,81fb9f8f-be18-4833-a899-4fbcef82a634,0.45910079673919657
81fff27c-97c0-483a-ad42-47fa947977a9_456-39,0,0,0,0,81fff27c-97c0-483a-ad42-47fa947977a9,-0.9724696245098383
820d4b9e-6fba-472f-aa45-25b27241d4af_366-20,3,0,0,4,820d4b9e-6fba-472f-aa45-25b27241d4af,1.6579561273425316
824e7896-904a-4ff5-b7ee-e21df21918c2_2003-17,1,1,1,4,824e7896-904a-4ff5-b7ee-e21df21918c2,0.13383614696232782
828ef13f-f52a-4a16-b206-4ec7e471f025_147-18,2,0,0,2,828ef13f-f52a-4a16-b206-4ec7e471f025,-0.22214737101490434
828ef13f-f52a-4a16-b206-4ec7e471f025_238-90,1,1,1,2,828ef13f-f52a-4a16-b206-4ec7e471f025,-0.7325448169211696
828ef13f-f52a-4a16-b206-4ec7e471f025_274-71,3,1,1,2,828ef13f-f52a-4a16-b206-4ec7e471f025,0.22249402077492342
82e96128-1242-4e57-8a3e-9ea222df022c_2985-80,1,0,0,0,82e96128-1242-4e57-8a3e-9ea222df022c,0.3347215244346623
82e96128-1242-4e57-8a3e-9ea222df022c_2999-35,2,0,0,0,82e96128-1242-4e57-8a3e-9ea222df022c,0.3305811578564578
82e96128-1242-4e57-8a3e-9ea222df022c_3264-64,0,1,1,0,82e96128-1242-4e57-8a3e-9ea222df022c,-0.10898390611666992
82e96128-1242-4e57-8a3e-9ea222df022c_3386-01,3,0,0,0,82e96128-1242-4e57-8a3e-9ea222df022c,0.9419291916675985
82e96128-1242-4e57-8a3e-9ea222df022c_3457-40,1,1,1,0,82e96128-1242-4e57-8a3e-9ea222df022c,0.2966883963599889
830bd10c-4eb5-477d-9166-7d41ca86880a_963-23,1,1,1,3,830bd10c-4eb5-477d-9166-7d41ca86880a,1.0058722323191573
839c2689-76f1-4e8c-893d-93675663dd93_582-68,1,0,0,2,839c2689-76f1-4e8c-893d-93675663dd93,-0.8474106765643431
83f18213-f8f8-44fa-b9ce-104c6ddbcd57_1657-94,1,0,0,1,83f18213-f8f8-44fa-b9ce-104c6ddbcd57,-0.22967691107698396
8447cf7c-d919-449a-be90-cdd05910fd9b_29-57,3,1,1,0,8447cf7c-d919-449a-be90-cdd05910fd9b,1.103429315724614
845cb298-d60b-4106-8213-d2aca821740a_14-13,3,1,1,4,845cb298-d60b-4106-8213-d2aca821740a,1.828349930349055
8483fa90-f5dc-4d50-9561-244bfdf12ea3_659-48,1,0,0,3,8483fa90-f5dc-4d50-9561-244bfdf12ea3,-0.21484354602484695
84ec85f6-c167-413c-829d-9c6915519c57_249-09,2,0,0,0,84ec85f6-c167-413c-829d-9c6915519c57,1.4910955303229863
84ec85f6-c167-413c-829d-9c6915519c57_3997-33,2,1,1,0,84ec85f6-c167-413c-829d-9c6915519c57,0.446658017108581
84ec85f6-c167-413c-829d-9c6915519c57_919-33,1,1,1,0,84ec85f6-c167-413c-829d-9c6915519c57,1.3777818443994765
85020424-0ed9-4dcd-9a39-e5ab84ec6b6d_896-84,1,1,1,2,85020424-0ed9-4dcd-9a39-e5ab84ec6b6d,0.3107326662204136
85782c5f-a240-44d9-951c-27f0bb3f7f4c_375-79,3,0,0,1,85782c5f-a240-44d9-951c-27f0bb3f7f4c,0.01165558600169081
85b87948-4578-4912-95cb-addd19cfd31a_1580-85,3,1,1,4,85b87948-4578-4912-95cb-addd19cfd31a,0.376250029027438
85b87948-4578-4912-95cb-addd19cfd31a_1581-49,3,0,0,4,85b87948-4578-4912-95cb-addd19cfd31a,-0.4064151701240222
85b87948-4578-4912-95cb-addd19cfd31a_3435-98,1,1,1,4,85b87948-4578-4912-95cb-addd19cfd31a,0.22155158749694925
860be163-394f-48bb-9068-37e1c383ff73_736-68,1,0,0,0,860be163-394f-48bb-9068-37e1c383ff73,-0.29871137968755107
860be163-394f-48bb-9068-37e1c383ff73_764-03,1,0,0,0,860be163-394f-48bb-9068-37e1c383ff73,-0.01304514437768789
862f0fa5-2c3e-4a6c-ab93-c059637eee8c_49-84,2,1,1,0,862f0fa5-2c3e-4a6c-ab93-c059637eee8c,-0.2082285128984182
8645cc8f-2a69-4a50-bf90-9faec8d80386_717-84,0,1,1,4,8645cc8f-2a69-4a50-bf90-9faec8d80386,0.2530887568141852
864618d9-cc17-4e90-8c64-7a1e4ba23d17_294-04,3,1,1,0,864618d9-cc17-4e90-8c64-7a1e4ba23d17,1.6547189282470256
865ff1fd-d17e-4642-b111-8f1a1da5a2d4_748-29,2,0,0,1,865ff1fd-d17e-4642-b111-8f1a1da5a2d4,0.4009604414382145
8672b38a-7682-4244-ad7a-a336c81c2d0e_1054-38,1,0,0,3,8672b38a-7682-4244-ad7a-a336c81c2d0e,1.2944428166174964
8672b38a-7682-4244-ad7a-a336c81c2d0e_1056-99,2,1,1,3,8672b38a-7682-4244-ad7a-a336c81c2d0e,1.0279201420953994
8677afac-95b4-4ec1-aec5-39c90fd8374c_271-68,1,0,0,2,8677afac-95b4-4ec1-aec5-39c90fd8374c,-0.29346204369673135
86fb4797-274f-4807-848a-8b1ddc5c29e8_728-96,0,0,0,2,86fb4797-274f-4807-848a-8b1ddc5c29e8,1.1102708450692562
86fb4797-274f-4807-848a-8b1ddc5c29e8_730-35,3,0,0,2,86fb4797-274f-4807-848a-8b1ddc5c29e8,1.024450410131296
86fb4797-274f-4807-848a-8b1ddc5c29e8_769-33,1,1,1,2,86fb4797-274f-4807-848a-8b1ddc5c29e8,0.06797691005167317
86fb4797-274f-4807-848a-8b1ddc5c29e8_808-67,3,0,0,2,86fb4797-274f-4807-848a-8b1ddc5c29e8,0.5461577128308518
8774b5c6-83aa-43b0-8a51-00f173949944_3529-30,1,1,1,2,8774b5c6-83aa-43b0-8a51-00f173949944,1.3539578935388619
8774b5c6-83aa-43b0-8a51-00f173949944_421-89,3,1,1,2,8774b5c6-83aa-43b0-8a51-00f173949944,1.8690641754811792
878666b9-5f3d-476a-960f-3a5d02da7619_15170-34,2,0,0,1,878666b9-5f3d-476a-960f-3a5d02da7619,-0.2511149543750995
878666b9-5f3d-476a-960f-3a5d02da7619_16974-50,3,0,0,1,878666b9-5f3d-476a-960f-3a5d02da7619,0.8874199239058244
878666b9-5f3d-476a-960f-3a5d02da7619_18455-07,1,1,1,1,878666b9-5f3d-476a-960f-3a5d02da7619,0.3136723899796058
878666b9-5f3d-476a-960f-3a5d02da7619_19280-23,1,1,1,1,878666b9-5f3d-476a-960f-3a5d02da7619,-0.17280096041675685
878666b9-5f3d-476a-960f-3a5d02da7619_19281-22,2,1,1,1,878666b9-5f3d-476a-960f-3a5d02da7619,0.6739509603741337
878666b9-5f3d-476a-960f-3a5d02da7619_22412-01,0,1,1,1,878666b9-5f3d-476a-960f-3a5d02da7619,0.005956636448989916
878666b9-5f3d-476a-960f-3a5d02da7619_6890-95,1,0,0,1,878666b9-5f3d-476a-960f-3a5d02da7619,0.7952036528021197
878666b9-5f3d-476a-960f-3a5d02da7619_7108-62,1,0,0,1,878666b9-5f3d-476a-960f-3a5d02da7619,0.0779501542888631
88193924-6780-4290-b8ba-85676e98387a_783-81,1,1,1,1,88193924-6780-4290-b8ba-85676e98387a,1.2895865071770434
88193924-6780-4290-b8ba-85676e98387a_791-58,4,1,1,1,88193924-6780-4290-b8ba-85676e98387a,0.9812432867534934
88faccde-dd5d-4af2-b769-8f0547c2c6a3_826-95,1,0,0,1,88faccde-dd5d-4af2-b769-8f0547c2c6a3,1.4133488246072488
891169d0-2846-47ce-9f3e-13ac1e6ff85a_10-93,0,1,1,0,891169d0-2846-47ce-9f3e-13ac1e6ff85a,-0.16665612316961276
89d8c9c5-fa11-4674-b08f-007f81958555_1391-21,2,1,1,4,89d8c9c5-fa11-4674-b08f-007f81958555,0.7938244342087651
89d8c9c5-fa11-4674-b08f-007f81958555_1484-97,2,1,1,4,89d8c9c5-fa11-4674-b08f-007f81958555,0.0750111369180545
89d8c9c5-fa11-4674-b08f-007f81958555_1642-22,0,0,0,4,89d8c9c5-fa11-4674-b08f-007f81958555,-0.3588887873615443
89d8c9c5-fa11-4674-b08f-007f81958555_1665-43,0,0,0,4,89d8c9c5-fa11-4674-b08f-007f81958555,0.058472986993387766
89d8c9c5-fa11-4674-b08f-007f81958555_179-03,0,1,1,4,89d8c9c5-fa11-4674-b08f-007f81958555,0.6481542709182958
89d8c9c5-fa11-4674-b08f-007f81958555_2-14,1,1,1,4,89d8c9c5-fa11-4674-b08f-007f81958555,0.6574105533221387
89d8c9c5-fa11-4674-b08f-007f81958555_227-24,1,0,0,4,89d8c9c5-fa11-4674-b08f-007f81958555,-0.36763323196741776
89d8c9c5-fa11-4674-b08f-007f81958555_240-15,1,0,0,4,89d8c9c5-fa11-4674-b08f-007f81958555,0.641455309736147
89d8c9c5-fa11-4674-b08f-007f81958555_252-29,2,1,1,4,89d8c9c5-fa11-4674-b08f-007f81958555,1.2673457436344986
8a0de6d0-5d28-43f5-91e6-48f41eeb3752_1038-76,1,0,0,0,8a0de6d0-5d28-43f5-91e6-48f41eeb3752,-0.07840581807365044
8a0de6d0-5d28-43f5-91e6-48f41eeb3752_1074-03,2,0,0,0,8a0de6d0-5d28-43f5-91e6-48f41eeb3752,-0.25332521303507927
8a431195-083a-4e07-a99d-28c2591beaef_13-09,1,0,0,4,8a431195-083a-4e07-a99d-28c2591beaef,0.2966962818495167
8b1d4210-a174-4617-8311-df4b32785d28_1114-53,0,1,1,3,8b1d4210-a174-4617-8311-df4b32785d28,0.4058624562472385
8b72b54f-f87c-4fdb-84dc-97e42ab111ac_824-00,1,0,0,2,8b72b54f-f87c-4fdb-84dc-97e42ab111ac,0.12532042545391076
8b82316c-c293-49a7-b401-a3cc026ab1d0_2095-46,3,0,0,2,8b82316c-c293-49a7-b401-a3cc026ab1d0,0.1719765016924497
8b82316c-c293-49a7-b401-a3cc026ab1d0_2988-29,2,1,1,2,8b82316c-c293-49a7-b401-a3cc026ab1d0,-0.17795211760512553
8b82316c-c293-49a7-b401-a3cc026ab1d0_3206-95,0,0,0,2,8b82316c-c293-49a7-b401-a3cc026ab1d0,1.0944491264452374
8b82316c-c293-49a7-b401-a3cc026ab1d0_3445-90,1,1,1,2,8b82316c-c293-49a7-b401-a3cc026ab1d0,0.387662840239714
8b82db7f-5c39-4850-8a70-97e2615d4faa_508-54,1,0,0,1,8b82db7f-5c39-4850-8a70-97e2615d4faa,0.6536283460835787
8b89d35d-5e19-4240-b45e-7a692cf962e3_392-22,0,1,1,0,8b89d35d-5e19-4240-b45e-7a692cf962e3,0.2609082055699
8bb4369f-a6e0-45a3-9d2d-fd5d5c686ccc_246-04,2,1,1,4,8bb4369f-a6e0-45a3-9d2d-fd5d5c686ccc,1.755066428162689
8bb4369f-a6e0-45a3-9d2d-fd5d5c686ccc_276-24,1,1,1,4,8bb4369f-a6e0-45a3-9d2d-fd5d5c686ccc,1.6578200105384306
8bb4369f-a6e0-45a3-9d2d-fd5d5c686ccc_315-76,1,1,1,4,8bb4369f-a6e0-45a3-9d2d-fd5d5c686ccc,1.7508545822154828
8bb4369f-a6e0-45a3-9d2d-fd5d5c686ccc_70-57,2,1,1,4,8bb4369f-a6e0-45a3-9d2d-fd5d5c686ccc,1.4596779641001514
8be6e0c4-a80d-41a3-a1c5-5911ae236990_317-18,3,0,0,4,8be6e0c4-a80d-41a3-a1c5-5911ae236990,0.06453987713907905
8c075dc9-9c6a-43cf-8c6e-fb1af3624cf0_842-26,1,0,0,3,8c075dc9-9c6a-43cf-8c6e-fb1af3624cf0,1.1344180429239814
8c3c68c9-eeec-4f51-881f-3cc6340679ec_0-04,1,1,1,0,8c3c68c9-eeec-4f51-881f-3cc6340679ec,0.7837101842030962
8c3c68c9-eeec-4f51-881f-3cc6340679ec_1138-68,1,0,0,0,8c3c68c9-eeec-4f51-881f-3cc6340679ec,0.7526676842972093
8caa3009-10ad-407b-b837-ec1a26759089_1828-86,2,1,1,2,8caa3009-10ad-407b-b837-ec1a26759089,0.22237109132311683
8cda2388-6f45-46d4-8ded-4ba2e23b309f_463-28,2,1,1,0,8cda2388-6f45-46d4-8ded-4ba2e23b309f,0.31435883252974683
8d3b84a9-e747-47c1-8f09-726fdde7986c_1371-62,0,1,1,4,8d3b84a9-e747-47c1-8f09-726fdde7986c,1.8146314299831823
8d4895eb-b2d1-43b8-90f1-e80fcc37797b_2448-11,3,1,1,3,8d4895eb-b2d1-43b8-90f1-e80fcc37797b,0.4806147677827556
8d4895eb-b2d1-43b8-90f1-e80fcc37797b_9565-47,1,0,0,3,8d4895eb-b2d1-43b8-90f1-e80fcc37797b,-0.30898730462996943
8d4adc89-dcec-42ca-aebc-0d05cafa8f26_21-35,0,0,0,4,8d4adc89-dcec-42ca-aebc-0d05cafa8f26,0.1598860276684939
8d50f526-624c-40bd-b696-7ad6ce5746ab_22-55,2,1,1,3,8d50f526-624c-40bd-b696-7ad6ce5746ab,0.46318189643722973
8d85aa58-438d-413c-b8b3-ae5417737c5c_1900-47,0,0,0,2,8d85aa58-438d-413c-b8b3-ae5417737c5c,0.531471783485893
8d900b59-e95d-4c9b-9432-8f5096aac2db_503-05,3,1,1,1,8d900b59-e95d-4c9b-9432-8f5096aac2db,1.7129074350547935
8dd6490b-6291-4793-b05e-79250f87925f_101-76,1,1,1,4,8dd6490b-6291-4793-b05e-79250f87925f,0.6295668023147222
8dd6490b-6291-4793-b05e-79250f87925f_1530-13,3,1,1,4,8dd6490b-6291-4793-b05e-79250f87925f,0.15345913323715576
8dd6490b-6291-4793-b05e-79250f87925f_1553-75,3,1,1,4,8dd6490b-6291-4793-b05e-79250f87925f,0.19248545174737353
8dd6490b-6291-4793-b05e-79250f87925f_396-12,0,0,0,4,8dd6490b-6291-4793-b05e-79250f87925f,0.10952989247844058
8dd6490b-6291-4793-b05e-79250f87925f_402-15,1,1,1,4,8dd6490b-6291-4793-b05e-79250f87925f,-0.1540829416255035
8e2b02c8-9927-4039-8407-514c2709de95_1125-83,1,1,1,0,8e2b02c8-9927-4039-8407-514c2709de95,0.14582356120000306
8e605fdf-a4f1-4393-975a-f332ab6b5f79_167-81,1,0,0,0,8e605fdf-a4f1-4393-975a-f332ab6b5f79,0.07254306633303864
8e605fdf-a4f1-4393-975a-f332ab6b5f79_44-53,3,0,0,0,8e605fdf-a4f1-4393-975a-f332ab6b5f79,-0.14703366532179418
8e748fd1-e30e-4bf6-a04f-5f570ca075ac_351-84,2,1,1,4,8e748fd1-e30e-4bf6-a04f-5f570ca075ac,0.5414275305088708
8ea5ddc3-ae53-4cff-b457-ba425c6bec97_5750-66,1,1,1,3,8ea5ddc3-ae53-4cff-b457-ba425c6bec97,-0.12118589144781694
8ed40810-09cf-4061-953c-9fff6e6d6aeb_103-16,2,1,1,2,8ed40810-09cf-4061-953c-9fff6e6d6aeb,1.693023041811867
8ed40810-09cf-4061-953c-9fff6e6d6aeb_122-51,1,1,1,2,8ed40810-09cf-4061-953c-9fff6e6d6aeb,0.7661478741941669
8ed40810-09cf-4061-953c-9fff6e6d6aeb_589-93,3,1,1,2,8ed40810-09cf-4061-953c-9fff6e6d6aeb,1.712126470203354
8ee6764a-4ef2-4359-9cf1-03a5f4dbcc79_593-30,0,1,1,2,8ee6764a-4ef2-4359-9cf1-03a5f4dbcc79,0.11349216562012554
8f05300f-1200-4c18-937b-b8e23dc92505_261-93,3,1,1,1,8f05300f-1200-4c18-937b-b8e23dc92505,1.7525709225025912
8f0f8606-b696-4bb2-909d-703e4e076d80_641-77,2,1,1,3,8f0f8606-b696-4bb2-909d-703e4e076d80,1.5050334003479748
8f0f8606-b696-4bb2-909d-703e4e076d80_725-88,2,0,0,3,8f0f8606-b696-4bb2-909d-703e4e076d80,-0.3493620920887839
8f4008a5-18c9-464b-9bce-1ffa824f238d_1620-01,3,0,0,1,8f4008a5-18c9-464b-9bce-1ffa824f238d,-0.0924553179027292
8f4008a5-18c9-464b-9bce-1ffa824f238d_96-39,2,0,0,1,8f4008a5-18c9-464b-9bce-1ffa824f238d,0.9298245318038015
8f47201d-0398-4442-af65-0dde73284c7f_1370-37,1,0,0,0,8f47201d-0398-4442-af65-0dde73284c7f,0.4555555210022084
8fafc02a-ef7a-46f4-ae97-b0c68c8bb207_14026-98,2,1,1,2,8fafc02a-ef7a-46f4-ae97-b0c68c8bb207,1.495552562103415
8fafc02a-ef7a-46f4-ae97-b0c68c8bb207_16014-05,0,1,1,2,8fafc02a-ef7a-46f4-ae97-b0c68c8bb207,1.2593802037681336
8fafc02a-ef7a-46f4-ae97-b0c68c8bb207_7571-93,0,0,0,2,8fafc02a-ef7a-46f4-ae97-b0c68c8bb207,1.6591215614669954
8ff25fe1-3a42-4449-bd91-b3ac2adf9143_380-26,1,0,0,2,8ff25fe1-3a42-4449-bd91-b3ac2adf9143,1.7766555087315519
90398a2b-de6b-4232-9bea-149c48cb1326_334-80,1,0,0,0,90398a2b-de6b-4232-9bea-149c48cb1326,-0.5222501272928373
90398a2b-de6b-4232-9bea-149c48cb1326_984-97,1,1,1,0,90398a2b-de6b-4232-9bea-149c48cb1326,0.37068255157923224
906a5fbf-a335-4134-a23a-ece71a9683eb_1213-24,1,1,1,3,906a5fbf-a335-4134-a23a-ece71a9683eb,1.412713999929732
9148ceed-6983-4303-a560-2cbde805ee85_493-46,2,0,0,3,9148ceed-6983-4303-a560-2cbde805ee85,-0.13235348001541636
9148ceed-6983-4303-a560-2cbde805ee85_529-14,1,0,0,3,9148ceed-6983-4303-a560-2cbde805ee85,-0.47936854505995813
9155f5b9-6235-484f-990d-fbd3010a791e_1650-00,0,1,1,2,9155f5b9-6235-484f-990d-fbd3010a791e,0.8949602411468492
9155f5b9-6235-484f-990d-fbd3010a791e_2163-97,2,1,1,2,9155f5b9-6235-484f-990d-fbd3010a791e,1.2994352377852252
92153977-6016-4863-be78-c4af25a56a0f_1117-24,1,1,1,1,92153977-6016-4863-be78-c4af25a56a0f,1.3713265080895147
92153977-6016-4863-be78-c4af25a56a0f_394-80,1,0,0,1,92153977-6016-4863-be78-c4af25a56a0f,-0.26779220542425486
929a6fbb-3fda-45af-95bf-144d851761f4_1114-91,1,1,1,4,929a6fbb-3fda-45af-95bf-144d851761f4,1.0187642957439396
932dfe2f-0cf1-4b76-b41a-4ca03f6945e5_1575-94,3,1,1,0,932dfe2f-0cf1-4b76-b41a-4ca03f6945e5,1.1169928650210832
933a8f93-2881-458d-93ec-8c072f2a1474_2356-83,2,0,0,1,933a8f93-2881-458d-93ec-8c072f2a1474,0.13703153645884625
935bc36b-27aa-4c83-89fd-221feca0030e_1080-82,0,1,1,0,935bc36b-27aa-4c83-89fd-221feca0030e,0.40033710884944385
937e5809-09d0-4c6b-8d9e-9329e0cf6218_148-21,3,1,1,0,937e5809-09d0-4c6b-8d9e-9329e0cf6218,1.7574126689825904
937e5809-09d0-4c6b-8d9e-9329e0cf6218_2515-56,1,1,1,0,937e5809-09d0-4c6b-8d9e-9329e0cf6218,-0.4014234976044018
93a5f8cb-d7eb-4e5a-9913-77ef1487ce61_2462-55,1,1,1,4,93a5f8cb-d7eb-4e5a-9913-77ef1487ce61,0.040722676114746004
93a5f8cb-d7eb-4e5a-9913-77ef1487ce61_3858-22,3,1,1,4,93a5f8cb-d7eb-4e5a-9913-77ef1487ce61,1.4528594053841668
93f78437-229d-4824-a8c1-68d9b17e754d_1063-13,0,1,1,2,93f78437-229d-4824-a8c1-68d9b17e754d,0.553220224751018
93f78437-229d-4824-a8c1-68d9b17e754d_1063-21,1,0,0,2,93f78437-229d-4824-a8c1-68d9b17e754d,0.19154221203788657
944aacb0-f596-460d-b5a6-9ae05df1d430_3528-77,0,1,1,1,944aacb0-f596-460d-b5a6-9ae05df1d430,1.4743992361002594
944aacb0-f596-460d-b5a6-9ae05df1d430_3858-37,3,0,0,1,944aacb0-f596-460d-b5a6-9ae05df1d430,0.08824165566062425
94734a4a-4fb2-4d45-a47f-9d3d0ad70071_1049-90,0,1,1,4,94734a4a-4fb2-4d45-a47f-9d3d0ad70071,2.505164782206931
948317e1-7426-4bfa-b25a-a476ee69797f_845-76,3,1,1,3,948317e1-7426-4bfa-b25a-a476ee69797f,0.81067346568861
9490a06b-3fa1-47b6-b470-facb3d61ac57_1071-05,2,1,1,1,9490a06b-3fa1-47b6-b470-facb3d61ac57,-0.3810459140700018
9490a06b-3fa1-47b6-b470-facb3d61ac57_153-78,0,0,0,1,9490a06b-3fa1-47b6-b470-facb3d61ac57,0.37228290446456413
9490a06b-3fa1-47b6-b470-facb3d61ac57_599-12,3,1,1,1,9490a06b-3fa1-47b6-b470-facb3d61ac57,0.34829126518801923
949b2e8a-83f9-4b89-b29b-9e8d81600dd8_2242-73,1,1,1,2,949b2e8a-83f9-4b89-b29b-9e8d81600dd8,0.26834452305444567
949b2e8a-83f9-4b89-b29b-9e8d81600dd8_2250-47,0,1,1,2,949b2e8a-83f9-4b89-b29b-9e8d81600dd8,0.4902494494683479
949b2e8a-83f9-4b89-b29b-9e8d81600dd8_2981-03,0,1,1,2,949b2e8a-83f9-4b89-b29b-9e8d81600dd8,-0.21840128373960627
949b2e8a-83f9-4b89-b29b-9e8d81600dd8_3511-42,1,0,0,2,949b2e8a-83f9-4b89-b29b-9e8d81600dd8,0.3894294313595307
949c5a8f-7aa7-4566-a04c-531961cbcc16_1433-64,2,1,1,2,949c5a8f-7aa7-4566-a04c-531961cbcc16,0.2718366944811714
94d5eff8-0fac-4719-adf2-5c0208ab89f7_1110-52,1,0,0,3,94d5eff8-0fac-4719-adf2-5c0208ab89f7,0.5163350150727527
94d5eff8-0fac-4719-adf2-5c0208ab89f7_3271-35,0,0,0,3,94d5eff8-0fac-4719-adf2-5c0208ab89f7,-0.37091288688628643
9520f703-8904-4123-bd7f-873b0b42074b_224-60,1,1,1,2,9520f703-8904-4123-bd7f-873b0b42074b,1.0199116636604182
9520f703-8904-4123-bd7f-873b0b42074b_239-07,0,1,1,2,9520f703-8904-4123-bd7f-873b0b42074b,0.9596620888062234
9520f703-8904-4123-bd7f-873b0b42074b_989-29,0,1,1,2,9520f703-8904-4123-bd7f-873b0b42074b,0.5346188784653364
952d5295-06f4-4578-929b-4113e4ff9201_741-67,2,0,0,3,952d5295-06f4-4578-929b-4113e4ff9201,-0.12451952446729186
952d5295-06f4-4578-929b-4113e4ff9201_769-29,1,1,1,3,952d5295-06f4-4578-929b-4113e4ff9201,0.06534602951639823
952d5295-06f4-4578-929b-4113e4ff9201_792-75,1,1,1,3,952d5295-06f4-4578-929b-4113e4ff9201,0.6496408400338672
952d5295-06f4-4578-929b-4113e4ff9201_808-38,0,1,1,3,952d5295-06f4-4578-929b-4113e4ff9201,0.7646246149800432
952f40df-b1d7-4562-afe4-2a4ff569e949_2108-64,1,1,1,1,952f40df-b1d7-4562-afe4-2a4ff569e949,-0.22127891435878322
9531cee8-0f60-4a68-8243-397ab7670a75_270-43,1,0,0,0,9531cee8-0f60-4a68-8243-397ab7670a75,1.6675044062995734
959bc769-a40e-4f4b-ba45-5adf32b8f26e_201-77,1,1,1,4,959bc769-a40e-4f4b-ba45-5adf32b8f26e,0.44243086609018245
95abf338-cf33-43f4-a8d0-44d6ea691d0f_44-58,3,0,0,3,95abf338-cf33-43f4-a8d0-44d6ea691d0f,0.21169494743931294
95c0a226-5cb1-4380-af73-db2fcdbdbb76_174-41,3,0,0,2,95c0a226-5cb1-4380-af73-db2fcdbdbb76,-0.41035921892144817
95f2caf6-c6f5-4471-9763-2957e248eb58_503-77,2,1,1,4,95f2caf6-c6f5-4471-9763-2957e248eb58,0.5920582059932021
95f2caf6-c6f5-4471-9763-2957e248eb58_588-89,4,1,1,4,95f2caf6-c6f5-4471-9763-2957e248eb58,-0.24279996733269743
9632b0a9-cf21-4773-b95b-83aae9a23d0a_17-58,0,0,0,0,9632b0a9-cf21-4773-b95b-83aae9a23d0a,-0.31595239881117165
9632b0a9-cf21-4773-b95b-83aae9a23d0a_630-61,0,0,0,0,9632b0a9-cf21-4773-b95b-83aae9a23d0a,0.8668614192791224
963b09ff-1da2-4168-bed2-fe1d2531dd98_1393-91,2,1,1,1,963b09ff-1da2-4168-bed2-fe1d2531dd98,-0.030282420946548316
963c1ecc-d25e-4c0a-b447-9b26f3778efc_207-31,2,1,1,0,963c1ecc-d25e-4c0a-b447-9b26f3778efc,1.2933260439010557
968d25eb-ab49-4a12-8b53-c5d98b091353_1212-82,0,1,1,4,968d25eb-ab49-4a12-8b53-c5d98b091353,1.5724121597955447
969866a7-2393-4bca-851a-885ddd7f627d_2129-17,1,1,1,0,969866a7-2393-4bca-851a-885ddd7f627d,0.7436687543228013
969866a7-2393-4bca-851a-885ddd7f627d_2446-72,1,1,1,0,969866a7-2393-4bca-851a-885ddd7f627d,1.186800991229619
969866a7-2393-4bca-851a-885ddd7f627d_2662-28,0,1,1,0,969866a7-2393-4bca-851a-885ddd7f627d,2.2986899052411864
972f2966-c368-4344-a9ca-5bd8a277f177_1110-10,3,0,0,4,972f2966-c368-4344-a9ca-5bd8a277f177,-0.18344387732072653
972f2966-c368-4344-a9ca-5bd8a277f177_602-22,0,0,0,4,972f2966-c368-4344-a9ca-5bd8a277f177,0.1947981183651616
97811639-7def-4034-8083-a82a59156234_468-38,2,0,0,3,97811639-7def-4034-8083-a82a59156234,0.5942287802891378
97ab9564-34c2-4272-97ec-8c4f2f76e117_1373-58,2,1,1,2,97ab9564-34c2-4272-97ec-8c4f2f76e117,1.5490902838174083
97ba861b-605c-4942-8e15-95953a3032e1_583-02,1,0,0,1,97ba861b-605c-4942-8e15-95953a3032e1,0.27502279069471913
97bd40e4-be39-403d-b9ae-f7eb006c51e2_914-45,3,1,1,0,97bd40e4-be39-403d-b9ae-f7eb006c51e2,0.6948676220185253
97d62297-ee2c-482f-aec2-4f73448c3a03_538-31,0,1,1,4,97d62297-ee2c-482f-aec2-4f73448c3a03,0.9977283853114948
97eaf9ae-9b92-493d-a555-4fcdb7c039a1_1485-95,3,0,0,3,97eaf9ae-9b92-493d-a555-4fcdb7c039a1,0.16714799019273952
98334b78-967f-4980-ba86-56d34b4aaf2e_1109-83,2,1,1,2,98334b78-967f-4980-ba86-56d34b4aaf2e,0.5294563533318714
98439a73-2aa4-4071-bee3-00973a58a70d_291-10,1,0,0,1,98439a73-2aa4-4071-bee3-00973a58a70d,0.9040981619576308
9848e52e-e6f3-4190-9c42-f85cd9847e10_807-44,2,1,1,1,9848e52e-e6f3-4190-9c42-f85cd9847e10,0.7700301666528478
989f3c2c-edd2-4f30-9925-56771e2bf7cc_6090-07,1,0,0,3,989f3c2c-edd2-4f30-9925-56771e2bf7cc,0.08700320757488844
989f3c2c-edd2-4f30-9925-56771e2bf7cc_6720-40,0,1,1,3,989f3c2c-edd2-4f30-9925-56771e2bf7cc,-0.3007490962659009
98fcbc28-9542-4f3c-9a03-73af08fb989d_1063-08,3,1,1,2,98fcbc28-9542-4f3c-9a03-73af08fb989d,1.8204040835387456
98fcbc28-9542-4f3c-9a03-73af08fb989d_1376-40,0,1,1,2,98fcbc28-9542-4f3c-9a03-73af08fb989d,0.020072103008300757
98ff21ab-6151-4429-a6ff-39d3c6fa173b_1442-50,0,1,1,3,98ff21ab-6151-4429-a6ff-39d3c6fa173b,0.563197130060444
992af5dc-64ff-4e24-b324-cc3df15be595_656-31,1,1,1,2,992af5dc-64ff-4e24-b324-cc3df15be595,1.6490533028397412
994616c8-63b0-47bd-a526-0680f4acff9e_109-35,1,1,1,1,994616c8-63b0-47bd-a526-0680f4acff9e,-0.36906948585386545
998d4e6e-f579-4872-b706-767c5f392825_2418-72,2,0,0,3,998d4e6e-f579-4872-b706-767c5f392825,-0.3513714368761842
998d4e6e-f579-4872-b706-767c5f392825_4715-59,3,1,1,3,998d4e6e-f579-4872-b706-767c5f392825,0.26324246225633474
998d4e6e-f579-4872-b706-767c5f392825_4762-05,0,1,1,3,998d4e6e-f579-4872-b706-767c5f392825,1.1210963508242529
998d4e6e-f579-4872-b706-767c5f392825_5068-97,0,0,0,3,998d4e6e-f579-4872-b706-767c5f392825,0.23816744101101872
998d4e6e-f579-4872-b706-767c5f392825_5282-59,1,1,1,3,998d4e6e-f579-4872-b706-767c5f392825,0.24630414505468
998d4e6e-f579-4872-b706-767c5f392825_698-26,1,1,1,3,998d4e6e-f579-4872-b706-767c5f392825,1.6627761111747845
99a89af1-a535-477c-88a8-c0830ba33486_1246-37,1,1,1,4,99a89af1-a535-477c-88a8-c0830ba33486,1.8047296747841406
99f41d39-cc65-4aad-b186-23b66e282f19_1295-59,1,0,0,1,99f41d39-cc65-4aad-b186-23b66e282f19,2.025265767477846
99f41d39-cc65-4aad-b186-23b66e282f19_141-65,2,0,0,1,99f41d39-cc65-4aad-b186-23b66e282f19,0.7552194774847735
99f41d39-cc65-4aad-b186-23b66e282f19_68-52,0,1,1,1,99f41d39-cc65-4aad-b186-23b66e282f19,0.7395251312471917
9a33e9f1-a740-4810-a624-62b0c9935741_115-86,1,1,1,3,9a33e9f1-a740-4810-a624-62b0c9935741,0.49083930160350964
9a33e9f1-a740-4810-a624-62b0c9935741_1702-28,3,0,0,3,9a33e9f1-a740-4810-a624-62b0c9935741,0.43083078010566356
9a33e9f1-a740-4810-a624-62b0c9935741_1894-42,2,1,1,3,9a33e9f1-a740-4810-a624-62b0c9935741,0.7272180774954676
9a33e9f1-a740-4810-a624-62b0c9935741_2385-44,2,1,1,3,9a33e9f1-a740-4810-a624-62b0c9935741,1.5518529484811752
9a33e9f1-a740-4810-a624-62b0c9935741_2416-26,1,1,1,3,9a33e9f1-a740-4810-a624-62b0c9935741,0.48057938514209886
9a33e9f1-a740-4810-a624-62b0c9935741_636-64,0,1,1,3,9a33e9f1-a740-4810-a624-62b0c9935741,0.8924949815160522
9a33e9f1-a740-4810-a624-62b0c9935741_831-69,1,1,1,3,9a33e9f1-a740-4810-a624-62b0c9935741,0.8602408538963214
9a622b20-b234-4237-a3aa-c76b350e82dd_477-13,3,0,0,3,9a622b20-b234-4237-a3aa-c76b350e82dd,0.5159259584223034
9a732221-3adb-4903-b61d-9b8097965fbf_2751-77,2,0,0,4,9a732221-3adb-4903-b61d-9b8097965fbf,-0.23013539721488485
9a732221-3adb-4903-b61d-9b8097965fbf_3781-26,1,1,1,4,9a732221-3adb-4903-b61d-9b8097965fbf,0.362812862744905
9b34e344-494d-4664-8180-a8ff2a692ab2_35-55,2,1,1,2,9b34e344-494d-4664-8180-a8ff2a692ab2,0.5295403754070437
9b8a4b28-b831-417b-83dd-deb7890908c0_1561-56,0,1,1,1,9b8a4b28-b831-417b-83dd-deb7890908c0,1.3889077764108713
9c07f3a2-5033-4f78-a377-a4cf5a7d7add_2010-42,1,0,0,3,9c07f3a2-5033-4f78-a377-a4cf5a7d7add,1.582636375309192
9c07f3a2-5033-4f78-a377-a4cf5a7d7add_2093-33,0,1,1,3,9c07f3a2-5033-4f78-a377-a4cf5a7d7add,0.8526979493099199
9c15ab39-2b2b-4eb1-a93d-4dd3b9711fc6_321-25,0,1,1,0,9c15ab39-2b2b-4eb1-a93d-4dd3b9711fc6,0.44474861236550245
9ced9631-9c8f-4a69-9984-e6b0763d11ba_278-77,1,0,0,4,9ced9631-9c8f-4a69-9984-e6b0763d11ba,0.4892877602538409
9d0c46d6-ea9a-43e6-8b8a-4b2972eb6ef4_551-12,1,0,0,3,9d0c46d6-ea9a-43e6-8b8a-4b2972eb6ef4,-0.24215054023391608
9d26362a-4411-4d8b-b114-03f4f89928d7_1156-78,3,1,1,3,9d26362a-4411-4d8b-b114-03f4f89928d7,0.9957029431983443
9d26362a-4411-4d8b-b114-03f4f89928d7_1588-24,0,1,1,3,9d26362a-4411-4d8b-b114-03f4f89928d7,0.8538426736473529
9d26362a-4411-4d8b-b114-03f4f89928d7_694-92,3,1,1,3,9d26362a-4411-4d8b-b114-03f4f89928d7,0.4102246978770362
9d2ec4ad-945f-4614-b41f-24260de662f6_1664-30,2,1,1,2,9d2ec4ad-945f-4614-b41f-24260de662f6,0.7468606378817882
9d965c16-0014-45e5-b37b-50a786971470_2004-75,2,1,1,0,9d965c16-0014-45e5-b37b-50a786971470,0.78457959944303
9d965c16-0014-45e5-b37b-50a786971470_2476-67,2,0,0,0,9d965c16-0014-45e5-b37b-50a786971470,0.4375407602781407
9d965c16-0014-45e5-b37b-50a786971470_6156-96,2,0,0,0,9d965c16-0014-45e5-b37b-50a786971470,0.107626010781387
9d965c16-0014-45e5-b37b-50a786971470_8107-86,1,0,0,0,9d965c16-0014-45e5-b37b-50a786971470,-0.20476956290030324
9dd29951-5080-4392-8bcd-2446e6af90fe_1166-46,3,0,0,1,9dd29951-5080-4392-8bcd-2446e6af90fe,-0.0006732180281010525
9df7c322-0e66-491d-bcf8-f10038b1eccf_229-80,2,1,1,0,9df7c322-0e66-491d-bcf8-f10038b1eccf,0.9490197342073128
9e0594bd-15a5-4ae7-afa0-9283683ae1f2_1106-88,1,1,1,3,9e0594bd-15a5-4ae7-afa0-9283683ae1f2,1.6469201821182606
9e08a7b1-eb04-4d11-bb0b-f4cd42f0a819_3434-14,2,0,0,2,9e08a7b1-eb04-4d11-bb0b-f4cd42f0a819,-0.2999461541505105
9e579570-0541-49d6-bf0e-35483e949296_653-37,2,1,1,2,9e579570-0541-49d6-bf0e-35483e949296,0.6264068720713784
9e9c5b05-c7d4-450d-9850-e6ae83caa9a5_3282-52,0,1,1,2,9e9c5b05-c7d4-450d-9850-e6ae83caa9a5,0.49255432676210387
9e9c5b05-c7d4-450d-9850-e6ae83caa9a5_3297-13,1,1,1,2,9e9c5b05-c7d4-450d-9850-e6ae83caa9a5,0.6666088739849917
9f4e5f51-eac3-4070-9097-f6e18a7b90f9_1289-99,3,1,1,1,9f4e5f51-eac3-4070-9097-f6e18a7b90f9,0.07933484195783969
9f8d9232-a78e-4e14-9a0f-944a325efa19_133-97,1,1,1,0,9f8d9232-a78e-4e14-9a0f-944a325efa19,0.18285224740592754
9fb1ce25-8a99-45ed-a28c-1492192d4964_1100-54,2,1,1,1,9fb1ce25-8a99-45ed-a28c-1492192d4964,1.2161014108644306
9fb1ce25-8a99-45ed-a28c-1492192d4964_1946-35,2,0,0,1,9fb1ce25-8a99-45ed-a28c-1492192d4964,-0.5855238024643952
9fb1ce25-8a99-45ed-a28c-1492192d4964_1957-11,2,0,0,1,9fb1ce25-8a99-45ed-a28c-1492192d4964,0.01960464630797476
9fc3678b-86e2-44ab-adbc-9aeda78ceb60_957-19,0,1,1,3,9fc3678b-86e2-44ab-adbc-9aeda78ceb60,-0.315034998145409
9fc3678b-86e2-44ab-adbc-9aeda78ceb60_992-74,0,1,1,3,9fc3678b-86e2-44ab-adbc-9aeda78ceb60,1.3589746218922567
a055e4e8-cc07-47c1-a438-06f45c4f724c_2257-57,2,1,1,2,a055e4e8-cc07-47c1-a438-06f45c4f724c,1.0500399116047126
a055e4e8-cc07-47c1-a438-06f45c4f724c_2341-22,1,1,1,2,a055e4e8-cc07-47c1-a438-06f45c4f724c,0.47262900425105037
a12f0a2e-e066-4b65-8603-6754bb73e196_30-04,3,1,1,4,a12f0a2e-e066-4b65-8603-6754bb73e196,0.38471055899870066
a13a145f-920a-44ec-8aef-b489c097f4a7_171-91,2,1,1,3,a13a145f-920a-44ec-8aef-b489c097f4a7,-0.6275794238454054
a1b38e9d-7225-46ab-ab17-a61b261faa36_1920-36,2,1,1,2,a1b38e9d-7225-46ab-ab17-a61b261faa36,0.2638727373929812
a1e8d35f-2dad-495c-ac00-b056f710c706_1381-64,3,1,1,1,a1e8d35f-2dad-495c-ac00-b056f710c706,0.738626495595
a23540b7-3588-48ad-b84a-1b5935db856a_235-41,2,1,1,0,a23540b7-3588-48ad-b84a-1b5935db856a,0.7588186467461353
a267b011-b1db-4e3c-aa49-438e2afdd6dc_116-72,4,1,1,4,a267b011-b1db-4e3c-aa49-438e2afdd6dc,1.1450708801193628
a2c3a84e-ae75-4e72-8a52-64511ed67080_919-81,4,1,1,3,a2c3a84e-ae75-4e72-8a52-64511ed67080,1.177679731475417
a2f25985-0589-42ca-af57-58930079dfb9_1082-02,0,0,0,4,a2f25985-0589-42ca-af57-58930079dfb9,0.1092049580675859
a2f25985-0589-42ca-af57-58930079dfb9_1096-32,3,0,0,4,a2f25985-0589-42ca-af57-58930079dfb9,0.5372922832229153
a2f25985-0589-42ca-af57-58930079dfb9_7290-57,3,1,1,4,a2f25985-0589-42ca-af57-58930079dfb9,1.5744060671415494
a32e3749-3ec6-4865-b5f2-067d05c04190_1229-02,0,1,1,3,a32e3749-3ec6-4865-b5f2-067d05c04190,1.354851462117828
a32e3749-3ec6-4865-b5f2-067d05c04190_230-06,2,0,0,3,a32e3749-3ec6-4865-b5f2-067d05c04190,0.808922888365108
a3c41b4b-6dc7-4e69-b04b-ca30b4f1c185_1014-12,0,0,0,0,a3c41b4b-6dc7-4e69-b04b-ca30b4f1c185,0.4353288683735663
a3f1b2f3-0735-4c65-b66e-5c397f3126c7_276-64,0,0,0,4,a3f1b2f3-0735-4c65-b66e-5c397f3126c7,0.6463121152341923
a3f6b937-bb29-4cc4-9f4b-27080ddca7c7_437-97,2,0,0,1,a3f6b937-bb29-4cc4-9f4b-27080ddca7c7,-0.042221456150845826
a4048b30-d9a8-4653-a2d6-d07422e3449e_739-24,1,1,1,0,a4048b30-d9a8-4653-a2d6-d07422e3449e,1.0138412152804315
a40f2c59-c795-4893-9ec5-6a58632a2b49_635-34,0,0,0,0,a40f2c59-c795-4893-9ec5-6a58632a2b49,0.21939154986823084
a4375d98-e295-4e7d-a718-d8af066e3d57_1708-23,0,1,1,4,a4375d98-e295-4e7d-a718-d8af066e3d57,0.6614477074010584
a437e059-78be-4894-a7ab-dc27fa16d3f8_178-53,3,0,0,4,a437e059-78be-4894-a7ab-dc27fa16d3f8,0.08486125119848897
a437e059-78be-4894-a7ab-dc27fa16d3f8_6770-46,3,0,0,4,a437e059-78be-4894-a7ab-dc27fa16d3f8,-0.8246305146999643
a437e059-78be-4894-a7ab-dc27fa16d3f8_6791-07,0,1,1,4,a437e059-78be-4894-a7ab-dc27fa16d3f8,0.25708142907371545
a437e059-78be-4894-a7ab-dc27fa16d3f8_7188-07,3,0,0,4,a437e059-78be-4894-a7ab-dc27fa16d3f8,0.1894325831588961
a437e059-78be-4894-a7ab-dc27fa16d3f8_9861-81,1,0,0,4,a437e059-78be-4894-a7ab-dc27fa16d3f8,0.5512535553847181
a448297b-ae62-4712-bc4f-849b39176558_2443-39,3,1,1,2,a448297b-ae62-4712-bc4f-849b39176558,1.3941893963315626
a448297b-ae62-4712-bc4f-849b39176558_2588-08,3,1,1,2,a448297b-ae62-4712-bc4f-849b39176558,1.166500183268898
a448297b-ae62-4712-bc4f-849b39176558_3322-55,0,0,0,2,a448297b-ae62-4712-bc4f-849b39176558,1.2819721091925103
a454e4d7-7ead-41ea-bfcf-db8300ad34d9_72-86,3,0,0,3,a454e4d7-7ead-41ea-bfcf-db8300ad34d9,0.2806915258551077
a48f66dc-d07c-4ca9-aa3b-b08ea5802194_1914-01,0,1,1,2,a48f66dc-d07c-4ca9-aa3b-b08ea5802194,-0.18775708162966542
a49bdcc8-8f23-445d-bae0-8d9e5c4d9c63_1749-02,2,0,0,1,a49bdcc8-8f23-445d-bae0-8d9e5c4d9c63,-0.17218444906899233
a4bbdddc-c222-4535-a616-57ccbc8f9b9e_1495-45,3,1,1,1,a4bbdddc-c222-4535-a616-57ccbc8f9b9e,0.6481504723609369
a4bbdddc-c222-4535-a616-57ccbc8f9b9e_4898-52,0,0,0,1,a4bbdddc-c222-4535-a616-57ccbc8f9b9e,-0.6184777355201148
a4bbdddc-c222-4535-a616-57ccbc8f9b9e_5519-45,2,0,0,1,a4bbdddc-c222-4535-a616-57ccbc8f9b9e,0.08871422281148633
a4bbdddc-c222-4535-a616-57ccbc8f9b9e_7343-01,1,0,0,1,a4bbdddc-c222-4535-a616-57ccbc8f9b9e,1.2796455421935908
a4c1f23e-702e-49a1-9600-0538e4e2e7db_2889-59,1,1,1,0,a4c1f23e-702e-49a1-9600-0538e4e2e7db,0.03532458249930226
a5bd4711-275b-4bbf-96fe-37553e5d3e93_1416-31,2,1,1,1,a5bd4711-275b-4bbf-96fe-37553e5d3e93,0.2775808658225609
a5bd4711-275b-4bbf-96fe-37553e5d3e93_156-00,2,0,0,1,a5bd4711-275b-4bbf-96fe-37553e5d3e93,1.449845895646697
a5bd4711-275b-4bbf-96fe-37553e5d3e93_1659-18,1,1,1,1,a5bd4711-275b-4bbf-96fe-37553e5d3e93,0.26308742962684306
a5bd4711-275b-4bbf-96fe-37553e5d3e93_1662-76,2,0,0,1,a5bd4711-275b-4bbf-96fe-37553e5d3e93,0.6193759872154901
a5bd4711-275b-4bbf-96fe-37553e5d3e93_297-73,1,1,1,1,a5bd4711-275b-4bbf-96fe-37553e5d3e93,-0.4615897350564414
a5bd4711-275b-4bbf-96fe-37553e5d3e93_480-52,2,1,1,1,a5bd4711-275b-4bbf-96fe-37553e5d3e93,0.83169067132329
a5bd4711-275b-4bbf-96fe-37553e5d3e93_484-64,3,1,1,1,a5bd4711-275b-4bbf-96fe-37553e5d3e93,1.198920653682809
a5bd4711-275b-4bbf-96fe-37553e5d3e93_499-12,3,1,1,1,a5bd4711-275b-4bbf-96fe-37553e5d3e93,0.5838179658955497
a5e74924-6083-4618-b830-f528c5199ed9_5985-35,1,0,0,4,a5e74924-6083-4618-b830-f528c5199ed9,1.0552799181628054
a6264c7d-d42a-4708-8fc2-b35ad0c5fe42_55-09,0,1,1,1,a6264c7d-d42a-4708-8fc2-b35ad0c5fe42,-0.21283104831692923
a6264c7d-d42a-4708-8fc2-b35ad0c5fe42_990-06,2,1,1,1,a6264c7d-d42a-4708-8fc2-b35ad0c5fe42,0.4232939477150769
a6ae81d6-f014-4902-bae6-b06373b31c55_153-41,0,1,1,3,a6ae81d6-f014-4902-bae6-b06373b31c55,0.023024565700032973
a7062d19-5af7-42fe-ad8c-2d7442ddbe48_514-59,2,0,0,2,a7062d19-5af7-42fe-ad8c-2d7442ddbe48,0.9482106094799537
a717f100-51ec-4316-92b8-282aeecc805b_724-56,4,0,0,1,a717f100-51ec-4316-92b8-282aeecc805b,0.9048691580574243
a71f72c5-5225-4b12-aba3-01fa46f53427_914-96,2,1,1,4,a71f72c5-5225-4b12-aba3-01fa46f53427,1.1494159622114322
a743a90e-f46c-4e55-a94d-a7f11c771207_51-51,1,0,0,3,a743a90e-f46c-4e55-a94d-a7f11c771207,0.17935995558932638
a7448853-2414-42b1-998c-0f56594e437a_155-55,3,1,1,3,a7448853-2414-42b1-998c-0f56594e437a,-0.0653693693920196
a8197601-7474-4cb0-8d08-e8a8febcecfc_13-71,0,0,0,1,a8197601-7474-4cb0-8d08-e8a8febcecfc,-0.17994140056592572
a8197601-7474-4cb0-8d08-e8a8febcecfc_222-15,0,1,1,1,a8197601-7474-4cb0-8d08-e8a8febcecfc,1.1322813747068032
a8197601-7474-4cb0-8d08-e8a8febcecfc_854-68,3,1,1,1,a8197601-7474-4cb0-8d08-e8a8febcecfc,0.08380129701919237
a8197601-7474-4cb0-8d08-e8a8febcecfc_997-91,3,1,1,1,a8197601-7474-4cb0-8d08-e8a8febcecfc,0.38568304305075174
a84e378e-c9d5-4ace-8e42-e07b95784746_180-55,0,1,1,2,a84e378e-c9d5-4ace-8e42-e07b95784746,-0.24785871503089968
a8983a14-da13-4e54-bc7a-b027b374c710_536-56,2,1,1,1,a8983a14-da13-4e54-bc7a-b027b374c710,0.8263073270151732
a95545b6-8b1e-4d77-a209-c1accf3b057b_17-67,3,0,0,2,a95545b6-8b1e-4d77-a209-c1accf3b057b,0.16705365086295043
a95545b6-8b1e-4d77-a209-c1accf3b057b_34-20,4,1,1,2,a95545b6-8b1e-4d77-a209-c1accf3b057b,0.36589582568723034
a99c5790-b590-4c29-98b3-004bbf106ce7_312-10,2,1,1,0,a99c5790-b590-4c29-98b3-004bbf106ce7,0.2462234227977761
a99c5790-b590-4c29-98b3-004bbf106ce7_315-27,0,0,0,0,a99c5790-b590-4c29-98b3-004bbf106ce7,0.9231250461523715
aa19d5c0-35b6-4ec2-9865-07f556c341de_34-98,2,1,1,4,aa19d5c0-35b6-4ec2-9865-07f556c341de,0.894274113042068
aa19d5c0-35b6-4ec2-9865-07f556c341de_76-28,2,1,1,4,aa19d5c0-35b6-4ec2-9865-07f556c341de,0.8719916748837605
aa3237b2-4a62-4676-b81c-a9726003b420_1532-19,3,1,1,0,aa3237b2-4a62-4676-b81c-a9726003b420,0.8353812911448484
aabc5114-a6a1-459d-81ed-99370385a7e4_2460-69,3,0,0,4,aabc5114-a6a1-459d-81ed-99370385a7e4,-0.6172875212569089
aad332b0-a437-4bd9-9147-f580bb58c3f5_3472-99,1,1,1,3,aad332b0-a437-4bd9-9147-f580bb58c3f5,0.2223031666309292
aae90bb1-c8b8-433c-98b6-2bc5f20af6ea_569-99,4,0,0,2,aae90bb1-c8b8-433c-98b6-2bc5f20af6ea,0.26697223298454453
ab6f68a2-e5ba-48ce-ac24-7fb3df0584f2_326-63,0,1,1,1,ab6f68a2-e5ba-48ce-ac24-7fb3df0584f2,0.5653566933358475
ab865129-78fa-47d4-8a50-ff8c5533246f_1028-44,2,0,0,3,ab865129-78fa-47d4-8a50-ff8c5533246f,-1.427678724194839
ab865129-78fa-47d4-8a50-ff8c5533246f_318-49,1,0,0,3,ab865129-78fa-47d4-8a50-ff8c5533246f,-0.7904407230530832
abbc5555-7816-4288-8d4d-f42b0683fc44_774-93,2,1,1,0,abbc5555-7816-4288-8d4d-f42b0683fc44,1.6939045866146667
abca0171-5e73-426e-9ba1-49a6339b2ef5_1825-89,3,0,0,2,abca0171-5e73-426e-9ba1-49a6339b2ef5,0.24856284548019858
abca0171-5e73-426e-9ba1-49a6339b2ef5_885-53,0,1,1,2,abca0171-5e73-426e-9ba1-49a6339b2ef5,-0.33711922404445516
abca0171-5e73-426e-9ba1-49a6339b2ef5_979-03,0,1,1,2,abca0171-5e73-426e-9ba1-49a6339b2ef5,0.035613661552373777
ac582760-09b1-4a6e-be08-f19f9bf5dfcb_391-13,2,0,0,4,ac582760-09b1-4a6e-be08-f19f9bf5dfcb,0.9969037431033086
ac8704d3-ab1c-4412-a10e-befb387063b2_270-04,3,1,1,4,ac8704d3-ab1c-4412-a10e-befb387063b2,-0.5494673995986574
ac8dba37-ce09-4dc5-b478-8194e41353c3_2812-63,0,1,1,3,ac8dba37-ce09-4dc5-b478-8194e41353c3,1.493092760947981
ac8dba37-ce09-4dc5-b478-8194e41353c3_5240-05,2,0,0,3,ac8dba37-ce09-4dc5-b478-8194e41353c3,-0.32676833349919027
ac8dba37-ce09-4dc5-b478-8194e41353c3_748-30,3,1,1,3,ac8dba37-ce09-4dc5-b478-8194e41353c3,0.8190667888741384
ac8dba37-ce09-4dc5-b478-8194e41353c3_9451-92,3,0,0,3,ac8dba37-ce09-4dc5-b478-8194e41353c3,0.46320457258058034
aca9e131-8b44-4e59-8394-24a494c19801_183-42,0,1,1,1,aca9e131-8b44-4e59-8394-24a494c19801,-0.6654113815282092
acef7751-e40a-4fb7-91ea-3ba56ef46aed_103-55,3,0,0,2,acef7751-e40a-4fb7-91ea-3ba56ef46aed,0.7155805570356767
ad851441-1f15-467e-83d8-48c764e220a8_875-32,1,1,1,1,ad851441-1f15-467e-83d8-48c764e220a8,0.4991380006256906
ad851441-1f15-467e-83d8-48c764e220a8_975-45,3,0,0,1,ad851441-1f15-467e-83d8-48c764e220a8,1.222034246897847
ada73c3a-765f-46de-afb5-d152d058d7e2_17044-72,1,1,1,4,ada73c3a-765f-46de-afb5-d152d058d7e2,0.40247079215472126
ada73c3a-765f-46de-afb5-d152d058d7e2_7766-82,1,1,1,4,ada73c3a-765f-46de-afb5-d152d058d7e2,0.240843223232154
adb9100b-45da-449a-94b1-ae29e107e4c5_72-02,3,1,1,0,adb9100b-45da-449a-94b1-ae29e107e4c5,0.10201458282415454
ade9b865-951f-4a27-b6cb-ce12cb613de8_887-25,0,0,0,0,ade9b865-951f-4a27-b6cb-ce12cb613de8,0.6344455565200768
adf11624-aca0-4bad-a35f-51b9f330ee74_2900-34,0,0,0,4,adf11624-aca0-4bad-a35f-51b9f330ee74,-0.02867355964618773
adf65602-f5ee-456a-a098-db19a521ce38_500-23,1,1,1,3,adf65602-f5ee-456a-a098-db19a521ce38,-0.44877832506324533
ae56fbda-009b-485c-9dfa-72ce89e847bf_668-09,2,1,1,1,ae56fbda-009b-485c-9dfa-72ce89e847bf,0.9439176027720119
ae56fbda-009b-485c-9dfa-72ce89e847bf_742-92,1,1,1,1,ae56fbda-009b-485c-9dfa-72ce89e847bf,0.9413104311148931
ae59dda2-8aa0-40e1-bd48-af368ea8e149_1550-40,2,0,0,0,ae59dda2-8aa0-40e1-bd48-af368ea8e149,0.875105619452925
ae59dda2-8aa0-40e1-bd48-af368ea8e149_1585-64,1,0,0,0,ae59dda2-8aa0-40e1-bd48-af368ea8e149,-0.06835979786369595
ae59dda2-8aa0-40e1-bd48-af368ea8e149_1586-25,3,0,0,0,ae59dda2-8aa0-40e1-bd48-af368ea8e149,0.3566998567586235
ae85c74a-0963-469b-93f9-cdfe3f898e5f_1781-47,0,1,1,2,ae85c74a-0963-469b-93f9-cdfe3f898e5f,1.6485059160648676
af06acee-b948-4950-a653-53d76b03a010_809-86,1,0,0,1,af06acee-b948-4950-a653-53d76b03a010,1.0863808714736636
af06acee-b948-4950-a653-53d76b03a010_920-06,3,1,1,1,af06acee-b948-4950-a653-53d76b03a010,1.3689076315743134
af0cc15a-5452-42fb-92dd-a3f50136bf12_3147-74,2,1,1,1,af0cc15a-5452-42fb-92dd-a3f50136bf12,-0.2745901263089023
af215e0f-56c7-4356-9aad-a3a5fb7bbc4f_1332-04,1,1,1,1,af215e0f-56c7-4356-9aad-a3a5fb7bbc4f,-0.1819780292758469
af215e0f-56c7-4356-9aad-a3a5fb7bbc4f_4328-60,2,1,1,1,af215e0f-56c7-4356-9aad-a3a5fb7bbc4f,0.4871419072139419
af215e0f-56c7-4356-9aad-a3a5fb7bbc4f_4362-30,2,1,1,1,af215e0f-56c7-4356-9aad-a3a5fb7bbc4f,1.3165917755765744
af215e0f-56c7-4356-9aad-a3a5fb7bbc4f_709-03,2,0,0,1,af215e0f-56c7-4356-9aad-a3a5fb7bbc4f,0.16205735970042023
af400f98-3c57-46ad-acac-eaca6f940180_2315-10,0,1,1,0,af400f98-3c57-46ad-acac-eaca6f940180,1.9195918841729858
af400f98-3c57-46ad-acac-eaca6f940180_3131-59,1,1,1,0,af400f98-3c57-46ad-acac-eaca6f940180,1.291787199393698
af400f98-3c57-46ad-acac-eaca6f940180_3432-31,2,1,1,0,af400f98-3c57-46ad-acac-eaca6f940180,1.4862932880527209
af400f98-3c57-46ad-acac-eaca6f940180_508-42,2,1,1,0,af400f98-3c57-46ad-acac-eaca6f940180,0.23192264106007954
af43394e-d24c-40c2-b03a-f3cdff888370_762-90,0,1,1,0,af43394e-d24c-40c2-b03a-f3cdff888370,0.20261302865814768
af72c57c-b242-48b2-8d00-aea29f4e37ac_1063-17,2,1,1,4,af72c57c-b242-48b2-8d00-aea29f4e37ac,-0.395234159293868
af862b37-12f1-4b55-a1ca-1c162c4f98a0_3380-57,1,1,1,1,af862b37-12f1-4b55-a1ca-1c162c4f98a0,-0.11864857059788825
af862b37-12f1-4b55-a1ca-1c162c4f98a0_431-14,3,0,0,1,af862b37-12f1-4b55-a1ca-1c162c4f98a0,-0.6647487111068218
af8dda66-0025-4ee4-9888-b568b28986e6_3283-52,3,1,1,3,af8dda66-0025-4ee4-9888-b568b28986e6,0.6906452562000595
afd5c197-7b14-4e21-ac56-d23b6a5543d0_1256-20,2,0,0,4,afd5c197-7b14-4e21-ac56-d23b6a5543d0,0.3850964008867799
afd5c197-7b14-4e21-ac56-d23b6a5543d0_1411-24,2,1,1,4,afd5c197-7b14-4e21-ac56-d23b6a5543d0,0.9073043543698124
b08cc451-bab8-4ab1-a0a2-102582d9f778_398-19,3,0,0,2,b08cc451-bab8-4ab1-a0a2-102582d9f778,-0.29251887886702144
b0937ec3-7645-4f68-b9cd-549ff7c01819_2030-83,3,1,1,1,b0937ec3-7645-4f68-b9cd-549ff7c01819,0.3903654269273289
b0a30641-ad93-4d6a-92a9-f277c78f1aa5_112-83,0,1,1,2,b0a30641-ad93-4d6a-92a9-f277c78f1aa5,0.538081678714364
b0a30641-ad93-4d6a-92a9-f277c78f1aa5_295-10,3,1,1,2,b0a30641-ad93-4d6a-92a9-f277c78f1aa5,0.7349633137866044
b0a30641-ad93-4d6a-92a9-f277c78f1aa5_473-69,1,0,0,2,b0a30641-ad93-4d6a-92a9-f277c78f1aa5,0.23226678535399747
b1543ea3-e86b-4545-9195-f1bf83e02b41_4163-19,0,0,0,4,b1543ea3-e86b-4545-9195-f1bf83e02b41,-0.0573411427589583
b2508929-e3e4-4583-b1db-41dc3bb0fd21_542-36,3,1,1,3,b2508929-e3e4-4583-b1db-41dc3bb0fd21,0.9429272927261169
b264c17e-145a-4dd0-90c4-397d0f5b8057_51-64,4,1,1,3,b264c17e-145a-4dd0-90c4-397d0f5b8057,0.5230828814969471
b2e6a3f7-aa49-42c5-990a-8ef89d2c9d33_987-28,3,1,1,2,b2e6a3f7-aa49-42c5-990a-8ef89d2c9d33,1.681616935611419
b2ebded2-4c94-473d-b9e4-8dd3556a3152_31-51,0,1,1,1,b2ebded2-4c94-473d-b9e4-8dd3556a3152,1.5733387278777546
b2f487cb-83b2-4e60-855d-1750938d0f1a_4050-16,1,1,1,0,b2f487cb-83b2-4e60-855d-1750938d0f1a,-0.5440507779311946
b390f179-78cb-4522-9abc-467e0597d4b7_597-75,3,1,1,4,b390f179-78cb-4522-9abc-467e0597d4b7,0.16084149588807117
b3a0d595-d5b4-4e4b-9c52-337053871604_278-40,3,1,1,3,b3a0d595-d5b4-4e4b-9c52-337053871604,0.31173641850584977
b4068f40-69e9-4217-81ba-84e59c25f125_887-13,1,1,1,2,b4068f40-69e9-4217-81ba-84e59c25f125,0.23004662215848115
b449ae20-0dd5-468e-ad86-daac0180046d_22-83,2,0,0,1,b449ae20-0dd5-468e-ad86-daac0180046d,0.30847117941678504
b4814b66-f564-48cb-a11f-3b0a1ee73704_24-49,3,0,0,0,b4814b66-f564-48cb-a11f-3b0a1ee73704,0.6724946909898251
b4814b66-f564-48cb-a11f-3b0a1ee73704_27-72,0,0,0,0,b4814b66-f564-48cb-a11f-3b0a1ee73704,0.87709555060106
b4814b66-f564-48cb-a11f-3b0a1ee73704_42-69,0,0,0,0,b4814b66-f564-48cb-a11f-3b0a1ee73704,1.6552049008345808
b4b27c5b-2b73-4083-a41c-a6a960475c1a_1618-99,2,0,0,0,b4b27c5b-2b73-4083-a41c-a6a960475c1a,0.5994751496738406
b513c72d-8b77-4bee-96b6-b5f57977a3eb_765-76,1,1,1,4,b513c72d-8b77-4bee-96b6-b5f57977a3eb,0.16610207221832796
b57a2268-9cac-491d-b737-ad8dc28b15fb_1546-09,3,0,0,1,b57a2268-9cac-491d-b737-ad8dc28b15fb,1.290876963970201
b57a2268-9cac-491d-b737-ad8dc28b15fb_2224-77,2,0,0,1,b57a2268-9cac-491d-b737-ad8dc28b15fb,-0.01872190781863836
b5c3c1e3-7ee7-4b4a-b938-4d008d5aa49b_521-60,3,1,1,4,b5c3c1e3-7ee7-4b4a-b938-4d008d5aa49b,0.6987543731984526
b5c3c1e3-7ee7-4b4a-b938-4d008d5aa49b_644-73,0,0,0,4,b5c3c1e3-7ee7-4b4a-b938-4d008d5aa49b,-0.4705657897439988
b5c3c1e3-7ee7-4b4a-b938-4d008d5aa49b_757-55,3,1,1,4,b5c3c1e3-7ee7-4b4a-b938-4d008d5aa49b,0.9565607002330804
b5c5d054-4cc3-4e54-b283-6845ca022eb8_0-00,2,0,0,1,b5c5d054-4cc3-4e54-b283-6845ca022eb8,0.5258516468953721
b5d691f6-1618-467e-9fc9-d2ebd8eaafe4_488-95,1,1,1,3,b5d691f6-1618-467e-9fc9-d2ebd8eaafe4,-0.09011671350119754
b5d691f6-1618-467e-9fc9-d2ebd8eaafe4_836-72,1,1,1,3,b5d691f6-1618-467e-9fc9-d2ebd8eaafe4,0.2010340681375581
b61b0b56-a852-47e2-ab09-9380d8465162_180-44,2,1,1,0,b61b0b56-a852-47e2-ab09-9380d8465162,0.48173264921539705
b6474db0-090c-40df-8d65-0a52dd0578cc_984-29,3,0,0,2,b6474db0-090c-40df-8d65-0a52dd0578cc,0.45587143139126707
b68e46bf-2cc5-4c6b-895a-1f8c6cad959a_2324-99,1,1,1,1,b68e46bf-2cc5-4c6b-895a-1f8c6cad959a,0.5783355089982408
b68f87f0-29be-4516-a34a-dda69dd84a56_274-36,2,0,0,1,b68f87f0-29be-4516-a34a-dda69dd84a56,0.428026633142503
b68f87f0-29be-4516-a34a-dda69dd84a56_471-46,0,0,0,1,b68f87f0-29be-4516-a34a-dda69dd84a56,0.48300552107053585
b68f87f0-29be-4516-a34a-dda69dd84a56_524-12,1,1,1,1,b68f87f0-29be-4516-a34a-dda69dd84a56,2.105417260019898
b68f87f0-29be-4516-a34a-dda69dd84a56_953-32,1,0,0,1,b68f87f0-29be-4516-a34a-dda69dd84a56,1.3201193138781422
b6ae365a-dd70-42c4-90d6-e0351778d991_277-06,0,1,1,4,b6ae365a-dd70-42c4-90d6-e0351778d991,-0.14737529200222432
b6ae365a-dd70-42c4-90d6-e0351778d991_416-05,1,1,1,4,b6ae365a-dd70-42c4-90d6-e0351778d991,0.07097724113407644
b6bee905-eddf-4b41-bfe6-d57c9059fe61_1119-76,0,1,1,0,b6bee905-eddf-4b41-bfe6-d57c9059fe61,2.918257741465265
b6bee905-eddf-4b41-bfe6-d57c9059fe61_1128-22,0,1,1,0,b6bee905-eddf-4b41-bfe6-d57c9059fe61,0.22923850805503498
b6d64c01-1462-4ebf-9eb5-44585cdd8ac4_2907-39,1,0,0,1,b6d64c01-1462-4ebf-9eb5-44585cdd8ac4,0.09625661625752346
b7022084-61ea-470f-b2cd-49be2ecaf3aa_18-42,1,0,0,1,b7022084-61ea-470f-b2cd-49be2ecaf3aa,0.7769360072908448
b7022084-61ea-470f-b2cd-49be2ecaf3aa_688-07,0,1,1,1,b7022084-61ea-470f-b2cd-49be2ecaf3aa,0.7980537206115742
b71166c2-c723-4f91-89b7-3a484e14079e_1586-58,3,1,1,0,b71166c2-c723-4f91-89b7-3a484e14079e,0.9115810314788884
b79c342b-db1e-407e-958a-e1585c6c3ddd_3-67,2,1,1,4,b79c342b-db1e-407e-958a-e1585c6c3ddd,0.9961839326671312
b7ae78cd-458a-4fbc-b9d8-212fe98a5095_270-04,1,1,1,3,b7ae78cd-458a-4fbc-b9d8-212fe98a5095,-0.3687408197963368
b8ba4ac1-4134-44aa-99db-25efaa058e98_277-37,3,1,1,2,b8ba4ac1-4134-44aa-99db-25efaa058e98,1.2222831035437487
b8ead1f7-ae4c-4c7c-8b2a-35599fc310c7_1079-80,4,1,1,1,b8ead1f7-ae4c-4c7c-8b2a-35599fc310c7,0.5070391811872174
b925520a-853c-442e-8a39-6679cce1e9f4_1253-01,0,0,0,0,b925520a-853c-442e-8a39-6679cce1e9f4,1.3673752642118786
b959f479-0508-4f1b-96a5-1b17e86af8ce_1110-67,3,0,0,4,b959f479-0508-4f1b-96a5-1b17e86af8ce,0.7589813688894932
b99ceea4-7fa3-407c-9b9f-1347645d23f2_13-11,2,1,1,3,b99ceea4-7fa3-407c-9b9f-1347645d23f2,1.7403843059934379
b9b65293-fec8-494e-81e7-c4496aafba6f_1524-26,1,1,1,2,b9b65293-fec8-494e-81e7-c4496aafba6f,0.3582288036360124
b9b65293-fec8-494e-81e7-c4496aafba6f_2296-78,0,1,1,2,b9b65293-fec8-494e-81e7-c4496aafba6f,0.3993499356440905
b9bc5b47-ae9a-4220-84c7-ada93722c4fe_909-02,2,0,0,2,b9bc5b47-ae9a-4220-84c7-ada93722c4fe,0.4832351845783024
b9de7a2c-d02e-4d66-9556-381f0b7ca51a_3648-36,2,0,0,3,b9de7a2c-d02e-4d66-9556-381f0b7ca51a,0.44584554325274106
b9de7a2c-d02e-4d66-9556-381f0b7ca51a_3795-42,2,1,1,3,b9de7a2c-d02e-4d66-9556-381f0b7ca51a,0.4167430985891575
b9de7a2c-d02e-4d66-9556-381f0b7ca51a_3961-43,1,0,0,3,b9de7a2c-d02e-4d66-9556-381f0b7ca51a,0.6818184881460155
b9fd76c5-1f9b-4d82-b9ee-2e0615561765_364-29,3,1,1,0,b9fd76c5-1f9b-4d82-b9ee-2e0615561765,0.380086833576169
ba078478-13a5-4e7f-8ee4-61620f84cb7a_2830-69,0,1,1,3,ba078478-13a5-4e7f-8ee4-61620f84cb7a,0.9958792334975394
ba078478-13a5-4e7f-8ee4-61620f84cb7a_3101-09,3,1,1,3,ba078478-13a5-4e7f-8ee4-61620f84cb7a,0.9076894441493185
ba1de596-15f4-45f3-bab3-dbf7283490be_5-13,2,1,1,4,ba1de596-15f4-45f3-bab3-dbf7283490be,0.19983265735340772
ba28e9d5-5a78-44c0-b985-2249dcc05956_17-90,2,0,0,4,ba28e9d5-5a78-44c0-b985-2249dcc05956,0.2374673756046095
ba28e9d5-5a78-44c0-b985-2249dcc05956_212-90,2,0,0,4,ba28e9d5-5a78-44c0-b985-2249dcc05956,-0.1517465284574666
ba44d0ee-9aba-4d05-8d1b-1eac7346f479_1433-66,3,0,0,4,ba44d0ee-9aba-4d05-8d1b-1eac7346f479,0.9135413904615207
baaf6d24-7117-4b0b-acdf-a79765036d84_1340-93,0,1,1,3,baaf6d24-7117-4b0b-acdf-a79765036d84,1.3771030334652656
baaffbad-76a7-458a-8a54-7b593ab073f6_329-73,2,0,0,2,baaffbad-76a7-458a-8a54-7b593ab073f6,-0.5691771615382244
baaffbad-76a7-458a-8a54-7b593ab073f6_979-89,0,1,1,2,baaffbad-76a7-458a-8a54-7b593ab073f6,-0.3004998090258635
bac30fe6-c597-4f1a-add1-d8d989205d98_1087-36,1,1,1,2,bac30fe6-c597-4f1a-add1-d8d989205d98,0.8183516618405927
bae603bd-dc3d-46a4-90b7-9c1e2bcd3970_966-87,0,0,0,1,bae603bd-dc3d-46a4-90b7-9c1e2bcd3970,-0.03784355061120348
baf15309-e865-4e9e-9efd-09097f1d5a43_341-69,3,0,0,4,baf15309-e865-4e9e-9efd-09097f1d5a43,-0.05602232427015669
baf15309-e865-4e9e-9efd-09097f1d5a43_412-45,0,0,0,4,baf15309-e865-4e9e-9efd-09097f1d5a43,0.052608437839979705
bb04b03d-ae0d-416a-8c4c-b2325edec070_287-86,1,0,0,0,bb04b03d-ae0d-416a-8c4c-b2325edec070,0.36661641355274877
bb2297d3-91b7-4ec4-b39b-cc64694929db_0-03,1,0,0,0,bb2297d3-91b7-4ec4-b39b-cc64694929db,0.17365252799632724
bb2297d3-91b7-4ec4-b39b-cc64694929db_412-95,2,1,1,0,bb2297d3-91b7-4ec4-b39b-cc64694929db,1.5163784119298997
bbd30b78-137a-4c75-a4e9-b51f62b3f04e_184-26,3,0,0,4,bbd30b78-137a-4c75-a4e9-b51f62b3f04e,0.508658967196406
bc215572-bd4c-4457-bbc1-58cdd6398cc7_2751-16,1,1,1,3,bc215572-bd4c-4457-bbc1-58cdd6398cc7,0.3574786584403633
bcfbfdd9-1f37-4edf-8ea0-114a92806d08_1826-13,0,1,1,2,bcfbfdd9-1f37-4edf-8ea0-114a92806d08,1.6489518481594732
bd31c2eb-4faa-467d-8c71-89a55b0a4be5_275-56,2,1,1,1,bd31c2eb-4faa-467d-8c71-89a55b0a4be5,0.6245439742845996
bd96484b-6f8c-492b-8969-cae99c868b4d_2411-56,2,0,0,1,bd96484b-6f8c-492b-8969-cae99c868b4d,1.4093532297003364
bd96484b-6f8c-492b-8969-cae99c868b4d_2855-28,0,1,1,1,bd96484b-6f8c-492b-8969-cae99c868b4d,0.5899828896219507
bdb29a9e-d6d4-4918-9870-464abeae48d2_837-68,2,0,0,0,bdb29a9e-d6d4-4918-9870-464abeae48d2,-0.19023372903742874
bdd32b96-5baf-4d67-9975-34cdce64b0cc_240-16,3,1,1,3,bdd32b96-5baf-4d67-9975-34cdce64b0cc,0.33798703367668503
bdeb0df9-2983-41bb-ba27-c431d9ef3163_1770-19,3,0,0,0,bdeb0df9-2983-41bb-ba27-c431d9ef3163,1.6918883326481569
bdeb0df9-2983-41bb-ba27-c431d9ef3163_1772-82,2,1,1,0,bdeb0df9-2983-41bb-ba27-c431d9ef3163,0.6344703973768056
be1da89b-976b-4e71-a42a-7621b522db46_179-53,1,1,1,1,be1da89b-976b-4e71-a42a-7621b522db46,-0.05132820617588141
be462bcf-13ad-446a-8dfb-248cb2e3417a_379-26,3,1,1,2,be462bcf-13ad-446a-8dfb-248cb2e3417a,0.6046439595614014
be462bcf-13ad-446a-8dfb-248cb2e3417a_825-06,3,1,1,2,be462bcf-13ad-446a-8dfb-248cb2e3417a,0.3721987382788673
be7ede7a-c212-45ff-8601-e15dd2f7e531_1651-77,1,0,0,1,be7ede7a-c212-45ff-8601-e15dd2f7e531,0.15916749802635333
be7ede7a-c212-45ff-8601-e15dd2f7e531_928-33,0,1,1,1,be7ede7a-c212-45ff-8601-e15dd2f7e531,0.9747008433169068
be82ebf1-5feb-4c1b-a71a-f668e3a17726_27-55,3,0,0,1,be82ebf1-5feb-4c1b-a71a-f668e3a17726,-0.1539936160316548
bebfd0fa-93bc-41a3-886d-e04a3675fc6d_293-94,2,0,0,0,bebfd0fa-93bc-41a3-886d-e04a3675fc6d,-0.30460829987505855
bef6d752-a5f2-405f-bf3a-71e400bd8b06_1634-83,2,0,0,3,bef6d752-a5f2-405f-bf3a-71e400bd8b06,-0.48464590390769124
bf4a69c2-2c0b-4810-991b-3eb35e7dd2f3_1088-56,0,1,1,2,bf4a69c2-2c0b-4810-991b-3eb35e7dd2f3,0.14361188187957385
bf9354ab-541d-4c1c-aa3e-8a3bfd8fb51b_443-31,0,0,0,1,bf9354ab-541d-4c1c-aa3e-8a3bfd8fb51b,0.16837678388382682
bff1d1da-957f-42ea-8c98-61eaca98b5f1_1049-58,3,1,1,0,bff1d1da-957f-42ea-8c98-61eaca98b5f1,0.6119355321564657
c00a27da-98bb-4761-8093-45fd30a3f43f_1156-34,2,0,0,4,c00a27da-98bb-4761-8093-45fd30a3f43f,0.9730660385918145
c00d3596-99db-4ea7-9a65-57ab4319d640_329-17,3,1,1,1,c00d3596-99db-4ea7-9a65-57ab4319d640,0.8024330708431943
c00d3596-99db-4ea7-9a65-57ab4319d640_370-19,3,1,1,1,c00d3596-99db-4ea7-9a65-57ab4319d640,0.010129761152697925
c05389ca-2d74-4889-a8dd-a0f89d28a4b7_2763-64,3,1,1,3,c05389ca-2d74-4889-a8dd-a0f89d28a4b7,0.2657288629462422
c06532d8-f1cd-477f-b9f3-e8e980d73b2e_1339-60,3,0,0,2,c06532d8-f1cd-477f-b9f3-e8e980d73b2e,-0.378269145513908
c0a19ccf-66ad-44b5-9b3d-2f20d49bc0a8_296-47,3,1,1,1,c0a19ccf-66ad-44b5-9b3d-2f20d49bc0a8,-0.028785973606269333
c0eea386-412b-4127-a2d3-352322a0038c_1313-16,3,1,1,3,c0eea386-412b-4127-a2d3-352322a0038c,0.04016354058181837
c0eea386-412b-4127-a2d3-352322a0038c_719-09,0,1,1,3,c0eea386-412b-4127-a2d3-352322a0038c,-0.9436410893132275
c0eea386-412b-4127-a2d3-352322a0038c_830-51,0,1,1,3,c0eea386-412b-4127-a2d3-352322a0038c,-0.3056713431848334
c1626bce-83ba-49da-921c-7b60243c19ea_7-12,0,0,0,3,c1626bce-83ba-49da-921c-7b60243c19ea,0.7133106996191126
c1626bce-83ba-49da-921c-7b60243c19ea_8-38,3,0,0,3,c1626bce-83ba-49da-921c-7b60243c19ea,-0.03625974395603193
c1dc6626-34c8-4367-a80a-42a44057f47b_737-27,0,1,1,0,c1dc6626-34c8-4367-a80a-42a44057f47b,1.5783364681509895
c1f4d37c-bfd8-4722-b1c4-767f8426ccfd_867-73,2,1,1,4,c1f4d37c-bfd8-4722-b1c4-767f8426ccfd,0.48440288498928596
c2071026-add0-4546-8374-b6d04ddd94b1_0-04,1,0,0,2,c2071026-add0-4546-8374-b6d04ddd94b1,1.8160568856664248
c20e2722-11e5-4181-960c-305cfcd7cfec_183-32,0,0,0,1,c20e2722-11e5-4181-960c-305cfcd7cfec,0.4885895259464462
c23eaef5-7441-42b4-9456-9f5a4a1bd615_11-29,3,1,1,1,c23eaef5-7441-42b4-9456-9f5a4a1bd615,0.26426367644880355
c25111f0-0c78-4bf8-a16d-57a6c25c2169_10881-80,2,1,1,4,c25111f0-0c78-4bf8-a16d-57a6c25c2169,0.29089771318198454
c25111f0-0c78-4bf8-a16d-57a6c25c2169_3852-71,4,1,1,4,c25111f0-0c78-4bf8-a16d-57a6c25c2169,0.8651880939819282
c2d28dd4-4416-4300-bbbe-23911487776a_1418-50,2,1,1,4,c2d28dd4-4416-4300-bbbe-23911487776a,-0.24811297091727963
c2d28dd4-4416-4300-bbbe-23911487776a_1894-07,2,1,1,4,c2d28dd4-4416-4300-bbbe-23911487776a,0.24000146502168362
c2d28dd4-4416-4300-bbbe-23911487776a_2076-47,1,0,0,4,c2d28dd4-4416-4300-bbbe-23911487776a,0.43388445081475624
c2d28dd4-4416-4300-bbbe-23911487776a_3669-01,0,1,1,4,c2d28dd4-4416-4300-bbbe-23911487776a,-0.3779348661439621
c2d28dd4-4416-4300-bbbe-23911487776a_426-99,0,0,0,4,c2d28dd4-4416-4300-bbbe-23911487776a,0.7047210768523967
c2d28dd4-4416-4300-bbbe-23911487776a_6637-37,0,0,0,4,c2d28dd4-4416-4300-bbbe-23911487776a,-0.17868674247233063
c34effc7-6198-4c85-80c7-c8be85b77dd3_1105-03,2,0,0,0,c34effc7-6198-4c85-80c7-c8be85b77dd3,-0.28622410638105195
c34effc7-6198-4c85-80c7-c8be85b77dd3_1620-55,3,1,1,0,c34effc7-6198-4c85-80c7-c8be85b77dd3,0.7925099992391327
c34effc7-6198-4c85-80c7-c8be85b77dd3_2128-22,1,0,0,0,c34effc7-6198-4c85-80c7-c8be85b77dd3,0.7791667412299037
c34effc7-6198-4c85-80c7-c8be85b77dd3_2648-25,0,0,0,0,c34effc7-6198-4c85-80c7-c8be85b77dd3,1.3491367167402886
c34effc7-6198-4c85-80c7-c8be85b77dd3_2681-98,2,1,1,0,c34effc7-6198-4c85-80c7-c8be85b77dd3,1.11460892952132
c34effc7-6198-4c85-80c7-c8be85b77dd3_2970-00,1,1,1,0,c34effc7-6198-4c85-80c7-c8be85b77dd3,1.5467000194237237
c34effc7-6198-4c85-80c7-c8be85b77dd3_2993-26,1,1,1,0,c34effc7-6198-4c85-80c7-c8be85b77dd3,1.6100814991805608
c34effc7-6198-4c85-80c7-c8be85b77dd3_4366-00,3,1,1,0,c34effc7-6198-4c85-80c7-c8be85b77dd3,1.0507187026865221
c34effc7-6198-4c85-80c7-c8be85b77dd3_5191-41,1,1,1,0,c34effc7-6198-4c85-80c7-c8be85b77dd3,1.1286747486728008
c34effc7-6198-4c85-80c7-c8be85b77dd3_5200-39,1,1,1,0,c34effc7-6198-4c85-80c7-c8be85b77dd3,0.37806495404394513
c34effc7-6198-4c85-80c7-c8be85b77dd3_5220-71,1,1,1,0,c34effc7-6198-4c85-80c7-c8be85b77dd3,1.0335769214650659
c34effc7-6198-4c85-80c7-c8be85b77dd3_5294-07,2,1,1,0,c34effc7-6198-4c85-80c7-c8be85b77dd3,0.7294419279158486
c34effc7-6198-4c85-80c7-c8be85b77dd3_5341-13,1,0,0,0,c34effc7-6198-4c85-80c7-c8be85b77dd3,0.6620287571068424
c34effc7-6198-4c85-80c7-c8be85b77dd3_694-72,2,1,1,0,c34effc7-6198-4c85-80c7-c8be85b77dd3,0.5475533914417872
c3acdda3-cd92-48c3-9052-45b57cb27e5a_1390-16,2,0,0,3,c3acdda3-cd92-48c3-9052-45b57cb27e5a,0.5431761215696161
c3acdda3-cd92-48c3-9052-45b57cb27e5a_1467-01,2,1,1,3,c3acdda3-cd92-48c3-9052-45b57cb27e5a,-0.5681300377776817
c4333895-ed19-42fe-9323-271a41bdfe4c_8-13,1,1,1,0,c4333895-ed19-42fe-9323-271a41bdfe4c,0.3643092211907839
c463128d-18cc-44ad-abf6-03ee87534919_120-41,1,1,1,4,c463128d-18cc-44ad-abf6-03ee87534919,0.12640532097385293
c495da06-2baf-4f62-958d-5ef2e6da08c4_28-94,0,1,1,3,c495da06-2baf-4f62-958d-5ef2e6da08c4,0.19706593048181942
c5270067-6c25-45f2-b63a-1a55b85020ad_568-80,1,1,1,3,c5270067-6c25-45f2-b63a-1a55b85020ad,0.48673906700380287
c5270067-6c25-45f2-b63a-1a55b85020ad_569-44,0,1,1,3,c5270067-6c25-45f2-b63a-1a55b85020ad,0.313932191333691
c586c267-9ac3-45d5-a9aa-6deab0b9608d_246-72,3,1,1,2,c586c267-9ac3-45d5-a9aa-6deab0b9608d,0.391948294872009
c58e1887-0314-4cb3-a09d-5ba529d8eda0_6-27,1,1,1,1,c58e1887-0314-4cb3-a09d-5ba529d8eda0,0.8032115557248992
c5938442-90c1-413c-be06-186222d8274f_0-03,1,1,1,0,c5938442-90c1-413c-be06-186222d8274f,0.012416692209324398
c615d305-14fe-41cd-9099-caf420beb604_1090-50,0,1,1,0,c615d305-14fe-41cd-9099-caf420beb604,0.5996636422147679
c615d305-14fe-41cd-9099-caf420beb604_955-84,3,1,1,0,c615d305-14fe-41cd-9099-caf420beb604,0.615018824322624
c6534c1f-765e-42e7-86f4-da210d5211c3_764-77,0,1,1,4,c6534c1f-765e-42e7-86f4-da210d5211c3,0.15038678717859555
c67cb1da-90ac-4da8-af17-4f8b77da9b9d_291-33,2,1,1,3,c67cb1da-90ac-4da8-af17-4f8b77da9b9d,0.9247456254384038
c6b1f7dc-3301-46e6-867a-312a5f8e7a0f_13-11,0,1,1,2,c6b1f7dc-3301-46e6-867a-312a5f8e7a0f,1.9630801039934722
c6b5d782-d267-410e-8566-f7fe5d4a78a9_2700-04,1,1,1,3,c6b5d782-d267-410e-8566-f7fe5d4a78a9,0.6003180310366348
c6b5d782-d267-410e-8566-f7fe5d4a78a9_98-99,0,0,0,3,c6b5d782-d267-410e-8566-f7fe5d4a78a9,1.5264441395139658
c79e05d5-eaf6-4323-a707-744020743037_763-82,2,0,0,4,c79e05d5-eaf6-4323-a707-744020743037,0.4101034149589101
c7da3efd-4a18-458e-90fd-f757ed966a63_380-64,1,0,0,4,c7da3efd-4a18-458e-90fd-f757ed966a63,-0.13437566263475126
c7da3efd-4a18-458e-90fd-f757ed966a63_8-87,2,1,1,4,c7da3efd-4a18-458e-90fd-f757ed966a63,1.3204174538701237
c7e8af35-608f-4d18-b752-2f3140f5fcc4_772-15,1,1,1,3,c7e8af35-608f-4d18-b752-2f3140f5fcc4,-0.1447361365348988
c7f71299-a622-4a9a-b225-019335d6f2d2_607-47,3,1,1,1,c7f71299-a622-4a9a-b225-019335d6f2d2,-0.09864809468914554
c7f71299-a622-4a9a-b225-019335d6f2d2_658-88,3,1,1,1,c7f71299-a622-4a9a-b225-019335d6f2d2,0.4951935957056971
c824d4e5-298a-462b-a408-28a85a7364af_126-28,1,1,1,3,c824d4e5-298a-462b-a408-28a85a7364af,0.5146205018198836
c824d4e5-298a-462b-a408-28a85a7364af_683-96,0,1,1,3,c824d4e5-298a-462b-a408-28a85a7364af,1.5012561223646244
c85251fa-eb44-4903-b27f-9cdee26e0ed5_1618-20,2,1,1,4,c85251fa-eb44-4903-b27f-9cdee26e0ed5,1.8255021034405776
c85251fa-eb44-4903-b27f-9cdee26e0ed5_1632-58,0,1,1,4,c85251fa-eb44-4903-b27f-9cdee26e0ed5,1.1108440171153209
c864505c-9d49-4da4-bf7e-254b4c348c03_191-07,1,1,1,0,c864505c-9d49-4da4-bf7e-254b4c348c03,1.0050321206069373
c864505c-9d49-4da4-bf7e-254b4c348c03_242-94,2,1,1,0,c864505c-9d49-4da4-bf7e-254b4c348c03,0.23231875279685255
c864505c-9d49-4da4-bf7e-254b4c348c03_540-20,3,0,0,0,c864505c-9d49-4da4-bf7e-254b4c348c03,-0.31371321835994626
c8b61175-cfa4-44f9-a88b-76609ffa4ca3_3008-85,3,1,1,0,c8b61175-cfa4-44f9-a88b-76609ffa4ca3,0.37149533040108773
c8d51f6b-7329-4367-9b24-941fa79794d2_2516-44,1,1,1,4,c8d51f6b-7329-4367-9b24-941fa79794d2,0.2573020503519732
c92cfd96-21ca-4b52-a56a-6345fbf57de0_233-46,1,1,1,2,c92cfd96-21ca-4b52-a56a-6345fbf57de0,0.24141118157969577
c92cfd96-21ca-4b52-a56a-6345fbf57de0_2877-33,2,0,0,2,c92cfd96-21ca-4b52-a56a-6345fbf57de0,0.05142807838034569
c93e077c-9f51-449c-b130-8be107c8a7d5_152-99,0,1,1,0,c93e077c-9f51-449c-b130-8be107c8a7d5,0.20702657385264112
c93e077c-9f51-449c-b130-8be107c8a7d5_199-82,1,1,1,0,c93e077c-9f51-449c-b130-8be107c8a7d5,0.21005513259248998
c9595c28-a46b-4571-9796-3802af307bf2_188-17,3,0,0,4,c9595c28-a46b-4571-9796-3802af307bf2,0.7632315732067915
c97a7ee8-1fd4-4092-8c47-ef93dea1c8aa_539-98,2,1,1,3,c97a7ee8-1fd4-4092-8c47-ef93dea1c8aa,0.837518099071305
ca03dcd8-9e87-4da5-9f9d-eac37ed6e9fd_320-42,2,1,1,2,ca03dcd8-9e87-4da5-9f9d-eac37ed6e9fd,0.7807509643132317
ca1773b8-ec8e-4f61-8e8f-7e4211830793_1043-00,0,0,0,4,ca1773b8-ec8e-4f61-8e8f-7e4211830793,0.7252766780539689
ca1773b8-ec8e-4f61-8e8f-7e4211830793_835-99,3,1,1,4,ca1773b8-ec8e-4f61-8e8f-7e4211830793,1.411090091551352
ca22ace6-2d0e-4e0b-98d4-60544e5af4d5_1194-22,1,0,0,0,ca22ace6-2d0e-4e0b-98d4-60544e5af4d5,-0.0800039856435466
ca22ace6-2d0e-4e0b-98d4-60544e5af4d5_139-96,1,0,0,0,ca22ace6-2d0e-4e0b-98d4-60544e5af4d5,0.5195924710592126
ca22ace6-2d0e-4e0b-98d4-60544e5af4d5_4682-68,1,0,0,0,ca22ace6-2d0e-4e0b-98d4-60544e5af4d5,0.8245509901437824
ca800ee3-fea2-4825-ba1d-8eaace908135_5734-95,3,1,1,1,ca800ee3-fea2-4825-ba1d-8eaace908135,-0.8176625654892242
ca800ee3-fea2-4825-ba1d-8eaace908135_6490-17,1,1,1,1,ca800ee3-fea2-4825-ba1d-8eaace908135,0.18496780405011204
caa17bb0-2b04-49b0-8ccc-38b2803a3b1f_26-31,0,0,0,1,caa17bb0-2b04-49b0-8ccc-38b2803a3b1f,0.04876098651848282
cab3c095-8054-4794-81c5-ef9dce1d1373_376-97,3,0,0,0,cab3c095-8054-4794-81c5-ef9dce1d1373,0.20163849308676607
cb0013d1-84a7-42c7-962a-3b00043365e5_1957-07,0,0,0,4,cb0013d1-84a7-42c7-962a-3b00043365e5,0.08183650775485529
cb1f1ddf-f4f6-4b0e-ab73-0285729ba790_40-06,0,0,0,3,cb1f1ddf-f4f6-4b0e-ab73-0285729ba790,0.7053108382877377
cb87d2ca-dc4f-4e1c-a13f-a8fe7dc952e9_11-49,1,0,0,2,cb87d2ca-dc4f-4e1c-a13f-a8fe7dc952e9,-0.2303535488765207
cb87d2ca-dc4f-4e1c-a13f-a8fe7dc952e9_115-52,3,0,0,2,cb87d2ca-dc4f-4e1c-a13f-a8fe7dc952e9,0.7154281326875885
cb87d2ca-dc4f-4e1c-a13f-a8fe7dc952e9_23-76,2,0,0,2,cb87d2ca-dc4f-4e1c-a13f-a8fe7dc952e9,0.8921676610631973
cb87d2ca-dc4f-4e1c-a13f-a8fe7dc952e9_98-75,2,0,0,2,cb87d2ca-dc4f-4e1c-a13f-a8fe7dc952e9,0.9327352170466011
cb8df5e7-af5c-4211-b779-0568f94c7ded_1890-31,3,0,0,4,cb8df5e7-af5c-4211-b779-0568f94c7ded,0.11889858962317845
cb8df5e7-af5c-4211-b779-0568f94c7ded_3375-73,0,1,1,4,cb8df5e7-af5c-4211-b779-0568f94c7ded,0.6693718296597798
cb8df5e7-af5c-4211-b779-0568f94c7ded_3449-61,0,1,1,4,cb8df5e7-af5c-4211-b779-0568f94c7ded,0.5959844376027191
cb987dd4-f0ec-46ed-8bf0-3fee8c84fc90_2701-67,3,1,1,2,cb987dd4-f0ec-46ed-8bf0-3fee8c84fc90,0.32024797820280193
cb9de2c6-ff1a-48e8-b170-047e9471b588_1100-53,1,1,1,3,cb9de2c6-ff1a-48e8-b170-047e9471b588,0.7441868133640938
cb9de2c6-ff1a-48e8-b170-047e9471b588_836-21,1,1,1,3,cb9de2c6-ff1a-48e8-b170-047e9471b588,1.5336382293559785
cb9de2c6-ff1a-48e8-b170-047e9471b588_884-63,3,0,0,3,cb9de2c6-ff1a-48e8-b170-047e9471b588,0.3041119894517932
cb9de2c6-ff1a-48e8-b170-047e9471b588_931-60,0,1,1,3,cb9de2c6-ff1a-48e8-b170-047e9471b588,0.8777738548425967
cbc5c4fe-ed66-4525-a3d8-d691064db66b_262-02,3,0,0,0,cbc5c4fe-ed66-4525-a3d8-d691064db66b,-0.29396291009405096
cbc5c4fe-ed66-4525-a3d8-d691064db66b_527-23,3,0,0,0,cbc5c4fe-ed66-4525-a3d8-d691064db66b,1.0864066098204368
cbc5c4fe-ed66-4525-a3d8-d691064db66b_545-69,1,1,1,0,cbc5c4fe-ed66-4525-a3d8-d691064db66b,0.16676705399097813
cbc5c4fe-ed66-4525-a3d8-d691064db66b_729-17,3,1,1,0,cbc5c4fe-ed66-4525-a3d8-d691064db66b,-0.7792153189877886
cbfeb6c8-ec1f-4884-bcbf-14d7764c4a36_0-01,0,1,1,1,cbfeb6c8-ec1f-4884-bcbf-14d7764c4a36,-0.11402957553702076
cc82c3dc-caf7-4d64-9c84-b4701e205344_230-08,1,1,1,0,cc82c3dc-caf7-4d64-9c84-b4701e205344,0.2532538568077316
cc83fb01-1904-4917-8d11-2fe2c66a990c_5792-18,1,1,1,3,cc83fb01-1904-4917-8d11-2fe2c66a990c,-0.0002115468627247319
cce59bcd-0ebc-463e-bbb1-094186a6ed8d_1562-00,4,1,1,2,cce59bcd-0ebc-463e-bbb1-094186a6ed8d,0.7058532277036819
cce59bcd-0ebc-463e-bbb1-094186a6ed8d_36-05,1,1,1,2,cce59bcd-0ebc-463e-bbb1-094186a6ed8d,0.3656956355314189
cd0c7d35-19cf-4ce2-9b40-0209547acde5_1364-91,1,0,0,4,cd0c7d35-19cf-4ce2-9b40-0209547acde5,0.5429354966501375
cd0c7d35-19cf-4ce2-9b40-0209547acde5_1365-10,2,1,1,4,cd0c7d35-19cf-4ce2-9b40-0209547acde5,1.3080340565730433
cd0c7d35-19cf-4ce2-9b40-0209547acde5_1447-25,2,1,1,4,cd0c7d35-19cf-4ce2-9b40-0209547acde5,1.487910619127538
cd0c7d35-19cf-4ce2-9b40-0209547acde5_284-45,3,1,1,4,cd0c7d35-19cf-4ce2-9b40-0209547acde5,0.19303480457845623
cd1d3c56-69ca-4602-944e-bb9fabb9710b_1637-32,3,0,0,3,cd1d3c56-69ca-4602-944e-bb9fabb9710b,-0.235291886807802
cd1d3c56-69ca-4602-944e-bb9fabb9710b_1865-43,0,1,1,3,cd1d3c56-69ca-4602-944e-bb9fabb9710b,0.22898151221368734
cdaee0ff-a9ab-4935-91a2-45042d55b39c_353-27,1,1,1,2,cdaee0ff-a9ab-4935-91a2-45042d55b39c,0.24342461445603047
cdfd99eb-88c6-4bc7-8f66-e0318216feab_820-48,0,0,0,2,cdfd99eb-88c6-4bc7-8f66-e0318216feab,0.06638274673357614
ce121331-6a77-44c0-9c0d-8d6b21f73b24_67-61,1,1,1,1,ce121331-6a77-44c0-9c0d-8d6b21f73b24,1.1421680236431189
ce19b572-7341-426a-8c2f-fe067344c98d_1914-35,1,1,1,0,ce19b572-7341-426a-8c2f-fe067344c98d,-0.3368556893413221
ce19b572-7341-426a-8c2f-fe067344c98d_1972-11,2,0,0,0,ce19b572-7341-426a-8c2f-fe067344c98d,-0.12970332508209448
cea9a5cc-6682-474f-bae4-483ca722ec43_359-69,2,1,1,0,cea9a5cc-6682-474f-bae4-483ca722ec43,0.5138519166013042
cebb6331-2a18-454a-862b-3aa502267017_1587-77,0,0,0,4,cebb6331-2a18-454a-862b-3aa502267017,0.1727527838400501
cf3956a7-8cc6-4a99-8770-71a15c7e69c7_4456-62,1,1,1,4,cf3956a7-8cc6-4a99-8770-71a15c7e69c7,0.5010620126019302
cf3956a7-8cc6-4a99-8770-71a15c7e69c7_4824-79,2,1,1,4,cf3956a7-8cc6-4a99-8770-71a15c7e69c7,0.7761342519066817
cf3956a7-8cc6-4a99-8770-71a15c7e69c7_5040-48,2,1,1,4,cf3956a7-8cc6-4a99-8770-71a15c7e69c7,1.0555781257230579
cfa58f86-6a63-46fc-8510-6a8d517f933b_689-38,3,1,1,3,cfa58f86-6a63-46fc-8510-6a8d517f933b,1.3970960347488277
cfa595aa-c467-48fe-a86b-2e9b1a63ccab_1218-24,3,0,0,2,cfa595aa-c467-48fe-a86b-2e9b1a63ccab,-0.21614345750155345
cfc42371-cd58-48df-8bc5-f2fb29a6091e_1191-27,2,1,1,2,cfc42371-cd58-48df-8bc5-f2fb29a6091e,0.49499098268114816
cfc42371-cd58-48df-8bc5-f2fb29a6091e_1271-05,3,1,1,2,cfc42371-cd58-48df-8bc5-f2fb29a6091e,0.4421512006805609
cfc42371-cd58-48df-8bc5-f2fb29a6091e_1273-98,0,1,1,2,cfc42371-cd58-48df-8bc5-f2fb29a6091e,0.1416296240504501
d013010f-fca0-4fc0-9545-500318a8e91f_511-08,0,0,0,1,d013010f-fca0-4fc0-9545-500318a8e91f,-0.9666940916792253
d0396c77-6ecc-4d9f-bda1-af051699d0cf_1049-41,4,1,1,0,d0396c77-6ecc-4d9f-bda1-af051699d0cf,0.18278646366941398
d0396c77-6ecc-4d9f-bda1-af051699d0cf_3645-32,1,1,1,0,d0396c77-6ecc-4d9f-bda1-af051699d0cf,1.2355435793791787
d0396c77-6ecc-4d9f-bda1-af051699d0cf_4546-97,2,1,1,0,d0396c77-6ecc-4d9f-bda1-af051699d0cf,0.8560632926917622
d08cd963-d98b-4c9b-ba9f-cf7763e4b94e_1184-89,3,1,1,0,d08cd963-d98b-4c9b-ba9f-cf7763e4b94e,-0.5841756784829245
d0925317-dc23-4cb4-a375-a7baddc06b27_901-57,1,1,1,4,d0925317-dc23-4cb4-a375-a7baddc06b27,0.6421982555997484
d0a861f7-3e5c-4836-9b43-29a0b3288165_1279-67,2,1,1,4,d0a861f7-3e5c-4836-9b43-29a0b3288165,0.8939579721783572
d0a861f7-3e5c-4836-9b43-29a0b3288165_550-69,2,1,1,4,d0a861f7-3e5c-4836-9b43-29a0b3288165,-0.5956878709494868
d0a861f7-3e5c-4836-9b43-29a0b3288165_829-52,0,0,0,4,d0a861f7-3e5c-4836-9b43-29a0b3288165,0.11005382339929592
d0aedb4e-82cc-406a-a395-3573049a49ee_4319-84,1,0,0,4,d0aedb4e-82cc-406a-a395-3573049a49ee,0.2085569737764793
d0aedb4e-82cc-406a-a395-3573049a49ee_596-85,3,0,0,4,d0aedb4e-82cc-406a-a395-3573049a49ee,0.26352424414379083
d0c0065b-79d2-4e6f-9c0f-e212dd17a0ca_31-42,1,0,0,3,d0c0065b-79d2-4e6f-9c0f-e212dd17a0ca,0.4676731094392578
d10798c3-6b79-4c0d-aafd-8daad36c51db_44-79,1,1,1,2,d10798c3-6b79-4c0d-aafd-8daad36c51db,0.8602556220408476
d1952343-6eaf-4317-ae19-6b48b292ad24_877-17,2,0,0,3,d1952343-6eaf-4317-ae19-6b48b292ad24,0.35845453201845834
d1a27322-8acd-4297-9029-db45af8d7cc2_127-67,3,1,1,4,d1a27322-8acd-4297-9029-db45af8d7cc2,0.7996735546159445
d1a27322-8acd-4297-9029-db45af8d7cc2_164-10,0,1,1,4,d1a27322-8acd-4297-9029-db45af8d7cc2,-0.310847840250036
d1a27322-8acd-4297-9029-db45af8d7cc2_34-04,2,0,0,4,d1a27322-8acd-4297-9029-db45af8d7cc2,-0.03262680683528374
d1c2a107-ba9a-4615-83e1-f609864b8541_35-35,3,0,0,4,d1c2a107-ba9a-4615-83e1-f609864b8541,0.44809322100797633
d1c7b7ec-506e-4c02-b008-8b5aaaf442d7_1891-93,1,1,1,1,d1c7b7ec-506e-4c02-b008-8b5aaaf442d7,1.3722366852032928
d1c7b7ec-506e-4c02-b008-8b5aaaf442d7_847-39,3,0,0,1,d1c7b7ec-506e-4c02-b008-8b5aaaf442d7,-0.27847768692982877
d27c5c7e-db9c-48f4-bea5-9970078d352e_1216-84,1,1,1,1,d27c5c7e-db9c-48f4-bea5-9970078d352e,-0.23745300954319976
d27c5c7e-db9c-48f4-bea5-9970078d352e_1570-49,3,0,0,1,d27c5c7e-db9c-48f4-bea5-9970078d352e,0.6049515815333683
d27c5c7e-db9c-48f4-bea5-9970078d352e_1635-43,2,1,1,1,d27c5c7e-db9c-48f4-bea5-9970078d352e,0.8375732203657508
d27c5c7e-db9c-48f4-bea5-9970078d352e_87-62,3,0,0,1,d27c5c7e-db9c-48f4-bea5-9970078d352e,1.0187479505481205
d27c5c7e-db9c-48f4-bea5-9970078d352e_90-20,2,1,1,1,d27c5c7e-db9c-48f4-bea5-9970078d352e,0.49738170020688777
d2985e7b-6dc8-4c7e-9aef-40d633895aa0_1413-23,0,1,1,1,d2985e7b-6dc8-4c7e-9aef-40d633895aa0,0.26117321206974087
d2985e7b-6dc8-4c7e-9aef-40d633895aa0_448-20,1,1,1,1,d2985e7b-6dc8-4c7e-9aef-40d633895aa0,0.432082123584533
d29b209e-cbc7-40a7-a0d6-acf803b86c78_4-53,0,0,0,0,d29b209e-cbc7-40a7-a0d6-acf803b86c78,0.22119868468046566
d3279f4f-eea5-448f-a930-aafac6b668ac_1962-11,2,0,0,4,d3279f4f-eea5-448f-a930-aafac6b668ac,0.5187359192512174
d36cf2fd-8916-4b69-b7a2-e9743675fb38_3568-39,3,1,1,2,d36cf2fd-8916-4b69-b7a2-e9743675fb38,0.5016320465710035
d36cf2fd-8916-4b69-b7a2-e9743675fb38_3851-77,0,1,1,2,d36cf2fd-8916-4b69-b7a2-e9743675fb38,1.2492326549058976
d3980f7e-2ef1-4b2b-b73a-2a7db7465660_117-14,3,1,1,3,d3980f7e-2ef1-4b2b-b73a-2a7db7465660,-0.5843752682785419
d3980f7e-2ef1-4b2b-b73a-2a7db7465660_452-63,0,0,0,3,d3980f7e-2ef1-4b2b-b73a-2a7db7465660,-0.24405056516610124
d3a0899e-2093-454c-9f65-30087883193a_399-22,1,1,1,3,d3a0899e-2093-454c-9f65-30087883193a,0.4854371219805881
d3dafc0b-c623-4c4b-9a4a-ee56538e257c_519-43,0,0,0,2,d3dafc0b-c623-4c4b-9a4a-ee56538e257c,0.6394034472670634
d3de44fb-a6e8-4815-b28f-798de4bfd7eb_1337-08,1,1,1,1,d3de44fb-a6e8-4815-b28f-798de4bfd7eb,0.7943070512376694
d3f76c88-5996-4da0-8b8f-6c1b8f85a4d8_18062-30,1,1,1,1,d3f76c88-5996-4da0-8b8f-6c1b8f85a4d8,0.8106646664515761
d3f76c88-5996-4da0-8b8f-6c1b8f85a4d8_5099-68,0,1,1,1,d3f76c88-5996-4da0-8b8f-6c1b8f85a4d8,0.8493878684787254
d3f76c88-5996-4da0-8b8f-6c1b8f85a4d8_9209-81,2,0,0,1,d3f76c88-5996-4da0-8b8f-6c1b8f85a4d8,-0.2341222462615481
d40be91b-85bb-4c47-ac18-52c4d044e3fc_13523-54,3,1,1,4,d40be91b-85bb-4c47-ac18-52c4d044e3fc,0.8605468375137456
d40be91b-85bb-4c47-ac18-52c4d044e3fc_2988-20,3,0,0,4,d40be91b-85bb-4c47-ac18-52c4d044e3fc,0.19946911982233173
d40be91b-85bb-4c47-ac18-52c4d044e3fc_5905-56,1,1,1,4,d40be91b-85bb-4c47-ac18-52c4d044e3fc,-0.6320059003677592
d521d31b-83aa-48ef-9ccf-eee9773c50dc_3808-98,2,0,0,0,d521d31b-83aa-48ef-9ccf-eee9773c50dc,0.11379338486384982
d551e6e5-50b5-4eab-88df-f213e6509ea0_1428-48,2,1,1,4,d551e6e5-50b5-4eab-88df-f213e6509ea0,0.7395949098382782
d55c3204-8dfe-44c4-8822-d748e6fe6d8a_600-02,1,1,1,0,d55c3204-8dfe-44c4-8822-d748e6fe6d8a,1.8822838306211545
d55c3204-8dfe-44c4-8822-d748e6fe6d8a_759-81,1,1,1,0,d55c3204-8dfe-44c4-8822-d748e6fe6d8a,2.1396783737866496
d6491872-31a0-4015-b9e1-ae992406f849_51-07,0,1,1,3,d6491872-31a0-4015-b9e1-ae992406f849,2.583397079203801
d64fb34a-08fd-416c-ac6f-86a0813869a8_275-80,0,0,0,3,d64fb34a-08fd-416c-ac6f-86a0813869a8,0.22540248500226545
d64fb34a-08fd-416c-ac6f-86a0813869a8_290-32,1,1,1,3,d64fb34a-08fd-416c-ac6f-86a0813869a8,1.0266943736626835
d64fb34a-08fd-416c-ac6f-86a0813869a8_437-60,1,0,0,3,d64fb34a-08fd-416c-ac6f-86a0813869a8,-0.6203843582216537
d64fb34a-08fd-416c-ac6f-86a0813869a8_466-80,3,0,0,3,d64fb34a-08fd-416c-ac6f-86a0813869a8,0.5381838274733884
d64fb34a-08fd-416c-ac6f-86a0813869a8_494-32,4,1,1,3,d64fb34a-08fd-416c-ac6f-86a0813869a8,-0.45605907594984074
d64fb34a-08fd-416c-ac6f-86a0813869a8_512-82,3,0,0,3,d64fb34a-08fd-416c-ac6f-86a0813869a8,0.3484475022111092
d64fb34a-08fd-416c-ac6f-86a0813869a8_810-92,1,0,0,3,d64fb34a-08fd-416c-ac6f-86a0813869a8,0.4162236781784351
d66f42bb-822b-444a-bce0-ddd15b29bd1b_149-48,1,0,0,1,d66f42bb-822b-444a-bce0-ddd15b29bd1b,0.9036136803958895
d66f42bb-822b-444a-bce0-ddd15b29bd1b_7-30,2,0,0,1,d66f42bb-822b-444a-bce0-ddd15b29bd1b,0.6017652846531224
d6e0bff0-9501-4750-b97f-95f134f6618b_781-93,1,1,1,2,d6e0bff0-9501-4750-b97f-95f134f6618b,0.6444315065654268
d6f9d174-2d42-49e7-83e4-daa9e8b0aa25_1070-43,3,1,1,4,d6f9d174-2d42-49e7-83e4-daa9e8b0aa25,0.37649673447769894
d6f9d174-2d42-49e7-83e4-daa9e8b0aa25_1389-10,0,1,1,4,d6f9d174-2d42-49e7-83e4-daa9e8b0aa25,0.8391046526354725
d6f9d174-2d42-49e7-83e4-daa9e8b0aa25_211-63,0,1,1,4,d6f9d174-2d42-49e7-83e4-daa9e8b0aa25,0.6403062548733515
d6f9d174-2d42-49e7-83e4-daa9e8b0aa25_270-04,0,1,1,4,d6f9d174-2d42-49e7-83e4-daa9e8b0aa25,1.1128423276575221
d6f9d174-2d42-49e7-83e4-daa9e8b0aa25_432-24,3,1,1,4,d6f9d174-2d42-49e7-83e4-daa9e8b0aa25,0.09811287798360824
d6f9d174-2d42-49e7-83e4-daa9e8b0aa25_64-13,2,1,1,4,d6f9d174-2d42-49e7-83e4-daa9e8b0aa25,0.2138684207330206
d6f9d174-2d42-49e7-83e4-daa9e8b0aa25_831-84,1,1,1,4,d6f9d174-2d42-49e7-83e4-daa9e8b0aa25,-0.22260384074879164
d70be6cb-867f-4657-9a87-5d44ab30527a_887-35,1,1,1,1,d70be6cb-867f-4657-9a87-5d44ab30527a,1.225029811526503
d730a47a-013d-4cd3-b478-370f2fb0d918_1149-88,2,0,0,0,d730a47a-013d-4cd3-b478-370f2fb0d918,0.24892522965631436
d7480d27-f607-4a5a-8c31-9d299f70a4b8_1934-95,2,0,0,0,d7480d27-f607-4a5a-8c31-9d299f70a4b8,1.0388747680503523
d7480d27-f607-4a5a-8c31-9d299f70a4b8_3616-43,2,1,1,0,d7480d27-f607-4a5a-8c31-9d299f70a4b8,-0.2319004118187601
d7480d27-f607-4a5a-8c31-9d299f70a4b8_406-05,0,0,0,0,d7480d27-f607-4a5a-8c31-9d299f70a4b8,0.28171400003331315
d74c95ba-e072-44f8-bb2f-2631379af06d_1057-19,3,0,0,3,d74c95ba-e072-44f8-bb2f-2631379af06d,0.21191416988978706
d752fc52-9592-4cb5-910b-d09bb39261fd_420-77,2,1,1,2,d752fc52-9592-4cb5-910b-d09bb39261fd,0.7863243081422217
d7d516f6-4ba0-4ea7-a18f-f943abc50ff8_869-60,1,1,1,2,d7d516f6-4ba0-4ea7-a18f-f943abc50ff8,0.8264755730189196
d813a821-8cc1-4700-a7a4-d4e6edfed26e_449-05,3,1,1,1,d813a821-8cc1-4700-a7a4-d4e6edfed26e,1.4041152364332428
d813a821-8cc1-4700-a7a4-d4e6edfed26e_57-94,0,0,0,1,d813a821-8cc1-4700-a7a4-d4e6edfed26e,-0.006341524013621425
d8915c4c-6534-4b0a-b46a-02a03d8031da_0-20,2,0,0,1,d8915c4c-6534-4b0a-b46a-02a03d8031da,-0.6964497710310266
d8936caf-0142-4ceb-bacc-70313a19f169_142-89,3,1,1,3,d8936caf-0142-4ceb-bacc-70313a19f169,0.02911035121775052
d8936caf-0142-4ceb-bacc-70313a19f169_660-34,2,1,1,3,d8936caf-0142-4ceb-bacc-70313a19f169,1.510643638186553
d8936caf-0142-4ceb-bacc-70313a19f169_694-31,3,0,0,3,d8936caf-0142-4ceb-bacc-70313a19f169,-0.07663855000532388
d8936caf-0142-4ceb-bacc-70313a19f169_805-14,4,1,1,3,d8936caf-0142-4ceb-bacc-70313a19f169,0.8232941231658034
d8936caf-0142-4ceb-bacc-70313a19f169_888-66,2,1,1,3,d8936caf-0142-4ceb-bacc-70313a19f169,1.045721948612857
d8c7bf34-0440-48b3-bf22-263d7c926074_109-23,3,0,0,0,d8c7bf34-0440-48b3-bf22-263d7c926074,0.8778613442004084
d9bc2b47-181e-4fea-b153-15272b1646e1_589-30,2,0,0,4,d9bc2b47-181e-4fea-b153-15272b1646e1,-0.007815733912406975
daf5384b-ea5c-4cce-bb8a-540a360075bf_1127-92,2,1,1,3,daf5384b-ea5c-4cce-bb8a-540a360075bf,0.8573631187880796
daf5384b-ea5c-4cce-bb8a-540a360075bf_676-16,3,1,1,3,daf5384b-ea5c-4cce-bb8a-540a360075bf,0.15542710939190396
db00f224-0dba-4c50-975a-178e0e1033fe_290-41,0,0,0,3,db00f224-0dba-4c50-975a-178e0e1033fe,0.645862294037676
db35b386-4c65-4c5e-a488-51b2aa5eb1fb_1982-83,0,1,1,4,db35b386-4c65-4c5e-a488-51b2aa5eb1fb,0.3296863631472232
db35b386-4c65-4c5e-a488-51b2aa5eb1fb_481-32,1,1,1,4,db35b386-4c65-4c5e-a488-51b2aa5eb1fb,0.8080009637334115
db35b386-4c65-4c5e-a488-51b2aa5eb1fb_554-63,1,1,1,4,db35b386-4c65-4c5e-a488-51b2aa5eb1fb,-0.2976151193342201
db35b386-4c65-4c5e-a488-51b2aa5eb1fb_589-73,3,0,0,4,db35b386-4c65-4c5e-a488-51b2aa5eb1fb,-0.3305235107162636
dbcca18b-4b62-4ba1-b799-a6a65231d084_2471-26,1,1,1,3,dbcca18b-4b62-4ba1-b799-a6a65231d084,0.07189722228754336
dbcca18b-4b62-4ba1-b799-a6a65231d084_3794-64,0,0,0,3,dbcca18b-4b62-4ba1-b799-a6a65231d084,0.49782151008735764
dbcca18b-4b62-4ba1-b799-a6a65231d084_3795-07,3,0,0,3,dbcca18b-4b62-4ba1-b799-a6a65231d084,-0.0033612542042440463
dc16fb2a-7caf-41f4-b2a3-d2ff8cd38255_65-68,0,1,1,2,dc16fb2a-7caf-41f4-b2a3-d2ff8cd38255,0.7663186066821154
dc4d0940-b35c-4700-af77-5f13bb530ad8_1063-54,3,1,1,1,dc4d0940-b35c-4700-af77-5f13bb530ad8,1.4622606748572107
dca2e9e2-acde-49b7-8b0e-5a150e536769_3059-39,0,1,1,0,dca2e9e2-acde-49b7-8b0e-5a150e536769,0.42308593559542373
dced4894-d13a-4222-941b-5e4ecf1e3299_1046-91,3,0,0,0,dced4894-d13a-4222-941b-5e4ecf1e3299,-0.5212299206431634
dced4894-d13a-4222-941b-5e4ecf1e3299_1473-25,3,1,1,0,dced4894-d13a-4222-941b-5e4ecf1e3299,-0.3822960008864027
dced4894-d13a-4222-941b-5e4ecf1e3299_629-13,1,1,1,0,dced4894-d13a-4222-941b-5e4ecf1e3299,0.5991074757535508
dced4894-d13a-4222-941b-5e4ecf1e3299_663-36,3,1,1,0,dced4894-d13a-4222-941b-5e4ecf1e3299,-0.761898620262518
dd0aa717-59d8-4d8a-9f11-21be827fb184_1260-03,3,1,1,0,dd0aa717-59d8-4d8a-9f11-21be827fb184,0.7071028214544113
dd0aa717-59d8-4d8a-9f11-21be827fb184_406-80,0,0,0,0,dd0aa717-59d8-4d8a-9f11-21be827fb184,0.3557629452161768
dd0aa717-59d8-4d8a-9f11-21be827fb184_600-81,1,0,0,0,dd0aa717-59d8-4d8a-9f11-21be827fb184,0.14317147520292217
dd508a2a-1ea7-43d2-805a-8080eeae9985_1035-99,3,1,1,1,dd508a2a-1ea7-43d2-805a-8080eeae9985,0.3257576486324376
dd508a2a-1ea7-43d2-805a-8080eeae9985_1133-08,0,0,0,1,dd508a2a-1ea7-43d2-805a-8080eeae9985,0.525354272333601
dd508a2a-1ea7-43d2-805a-8080eeae9985_27-58,2,1,1,1,dd508a2a-1ea7-43d2-805a-8080eeae9985,-0.49104105450212265
dd508a2a-1ea7-43d2-805a-8080eeae9985_36-14,0,0,0,1,dd508a2a-1ea7-43d2-805a-8080eeae9985,0.31549378905685155
dd508a2a-1ea7-43d2-805a-8080eeae9985_856-81,2,0,0,1,dd508a2a-1ea7-43d2-805a-8080eeae9985,1.4688052797642235
dd508a2a-1ea7-43d2-805a-8080eeae9985_886-44,1,1,1,1,dd508a2a-1ea7-43d2-805a-8080eeae9985,-0.12193399338399419
dd5214e7-85bb-41b4-93e0-5ef34b8af687_1307-52,2,1,1,4,dd5214e7-85bb-41b4-93e0-5ef34b8af687,0.389738124129149
dd82f801-fc96-4ced-b066-ad559da3faab_124-35,3,0,0,4,dd82f801-fc96-4ced-b066-ad559da3faab,0.6266311259407601
dd82f801-fc96-4ced-b066-ad559da3faab_1750-27,3,1,1,4,dd82f801-fc96-4ced-b066-ad559da3faab,0.46905895552864474
dd82f801-fc96-4ced-b066-ad559da3faab_1757-91,0,1,1,4,dd82f801-fc96-4ced-b066-ad559da3faab,0.11176864200803727
dd82f801-fc96-4ced-b066-ad559da3faab_1788-27,3,1,1,4,dd82f801-fc96-4ced-b066-ad559da3faab,0.30301218482938297
dd82f801-fc96-4ced-b066-ad559da3faab_284-37,1,0,0,4,dd82f801-fc96-4ced-b066-ad559da3faab,0.14256756586525676
dd82f801-fc96-4ced-b066-ad559da3faab_601-49,0,0,0,4,dd82f801-fc96-4ced-b066-ad559da3faab,-0.8921827079341019
dd82f801-fc96-4ced-b066-ad559da3faab_621-91,3,1,1,4,dd82f801-fc96-4ced-b066-ad559da3faab,0.15514552184384267
dd82f801-fc96-4ced-b066-ad559da3faab_818-04,2,0,0,4,dd82f801-fc96-4ced-b066-ad559da3faab,0.42853980070638265
dd82f801-fc96-4ced-b066-ad559da3faab_836-46,1,1,1,4,dd82f801-fc96-4ced-b066-ad559da3faab,0.09259364437081752
dd82f801-fc96-4ced-b066-ad559da3faab_905-66,2,0,0,4,dd82f801-fc96-4ced-b066-ad559da3faab,0.44749873817944275
de37a11d-1dcd-4f5b-9054-155093b3a073_1154-49,1,1,1,4,de37a11d-1dcd-4f5b-9054-155093b3a073,0.016865557829040312
de37a11d-1dcd-4f5b-9054-155093b3a073_1242-75,2,1,1,4,de37a11d-1dcd-4f5b-9054-155093b3a073,0.9610664953063609
de37a11d-1dcd-4f5b-9054-155093b3a073_6370-24,2,0,0,4,de37a11d-1dcd-4f5b-9054-155093b3a073,0.009971787822538714
de37a11d-1dcd-4f5b-9054-155093b3a073_7411-22,2,1,1,4,de37a11d-1dcd-4f5b-9054-155093b3a073,0.541321797794717
de37a11d-1dcd-4f5b-9054-155093b3a073_8700-46,3,1,1,4,de37a11d-1dcd-4f5b-9054-155093b3a073,1.2646794163999577
dedaa2ad-306d-47b3-a4c4-90b6b2c37e78_8149-03,1,1,1,3,dedaa2ad-306d-47b3-a4c4-90b6b2c37e78,0.3207800714975265
df0b81a6-826c-4e9b-8921-392304716c0e_525-16,2,0,0,2,df0b81a6-826c-4e9b-8921-392304716c0e,0.4171712874479775
df0b81a6-826c-4e9b-8921-392304716c0e_554-75,0,0,0,2,df0b81a6-826c-4e9b-8921-392304716c0e,0.3242624782869765
df1a31a9-6508-4d9d-b1c7-cffc7bcc5d29_41-87,1,0,0,0,df1a31a9-6508-4d9d-b1c7-cffc7bcc5d29,0.5195336567836726
df630387-82c6-4c90-95e8-6ba558c907a2_202-79,0,1,1,1,df630387-82c6-4c90-95e8-6ba558c907a2,0.32125609500025454
dfd0bc0c-28fc-4302-9a75-77df6c53ab31_658-80,3,1,1,2,dfd0bc0c-28fc-4302-9a75-77df6c53ab31,0.3270041528572991
dfe44f90-17f9-43eb-adf4-da35f15002ed_1647-36,2,0,0,4,dfe44f90-17f9-43eb-adf4-da35f15002ed,0.8326556005789768
dfe44f90-17f9-43eb-adf4-da35f15002ed_825-32,1,1,1,4,dfe44f90-17f9-43eb-adf4-da35f15002ed,0.02383176682348387
e00d8164-9996-48ed-8645-bb88ab30cc09_113-51,1,1,1,3,e00d8164-9996-48ed-8645-bb88ab30cc09,1.9282397932056088
e0d46807-4c3b-44a0-ac59-cb970c8d5a5a_6-18,0,1,1,4,e0d46807-4c3b-44a0-ac59-cb970c8d5a5a,0.15365297242742781
e14bb000-250b-4f3d-aec6-e72d4f29d123_1299-73,1,1,1,2,e14bb000-250b-4f3d-aec6-e72d4f29d123,0.6250298558178872
e14bb000-250b-4f3d-aec6-e72d4f29d123_367-23,0,1,1,2,e14bb000-250b-4f3d-aec6-e72d4f29d123,-0.49180842956723503
e14bb000-250b-4f3d-aec6-e72d4f29d123_968-06,1,0,0,2,e14bb000-250b-4f3d-aec6-e72d4f29d123,0.3387164920914095
e14bb000-250b-4f3d-aec6-e72d4f29d123_97-24,2,1,1,2,e14bb000-250b-4f3d-aec6-e72d4f29d123,0.6258361082743041
e14bb000-250b-4f3d-aec6-e72d4f29d123_977-37,0,1,1,2,e14bb000-250b-4f3d-aec6-e72d4f29d123,1.287825633848362
e18a43a4-1e7b-4478-bc7f-16cb55a8ac16_875-97,1,1,1,3,e18a43a4-1e7b-4478-bc7f-16cb55a8ac16,0.978381822477029
e1b0b312-ce2d-41a0-be5a-70c807fcc5ef_2287-10,0,0,0,3,e1b0b312-ce2d-41a0-be5a-70c807fcc5ef,0.5197696015828338
e1b0b312-ce2d-41a0-be5a-70c807fcc5ef_2428-09,0,1,1,3,e1b0b312-ce2d-41a0-be5a-70c807fcc5ef,0.020484345985976815
e21a6f09-3df0-4bfb-a23b-47a1866aadf1_511-16,1,0,0,1,e21a6f09-3df0-4bfb-a23b-47a1866aadf1,0.15995341813498065
e21a6f09-3df0-4bfb-a23b-47a1866aadf1_526-23,1,0,0,1,e21a6f09-3df0-4bfb-a23b-47a1866aadf1,1.1442796542903988
e21a6f09-3df0-4bfb-a23b-47a1866aadf1_540-06,2,0,0,1,e21a6f09-3df0-4bfb-a23b-47a1866aadf1,1.2381079054444757
e2a1583d-7460-4d02-ac29-6968f16812c3_338-61,0,0,0,2,e2a1583d-7460-4d02-ac29-6968f16812c3,0.23824948299065674
e2dd39cb-63e2-4ebb-b99a-ad7ff579b048_78-33,1,0,0,1,e2dd39cb-63e2-4ebb-b99a-ad7ff579b048,1.1731892237383903
e2e46fb1-9014-426b-9bd4-ea0b995feb31_1007-32,0,1,1,0,e2e46fb1-9014-426b-9bd4-ea0b995feb31,0.7815493367459034
e3283ef1-1659-4d5c-a09d-fd0f4df98aba_73-31,1,1,1,4,e3283ef1-1659-4d5c-a09d-fd0f4df98aba,0.9535250314401552
e339898f-5e79-4723-89d7-44ba33b163de_500-86,3,1,1,3,e339898f-5e79-4723-89d7-44ba33b163de,0.2919394105136103
e3f37c38-bf24-481f-b1c6-8d472fab4290_1679-92,2,0,0,4,e3f37c38-bf24-481f-b1c6-8d472fab4290,-0.12984875524317818
e3f37c38-bf24-481f-b1c6-8d472fab4290_3800-16,3,0,0,4,e3f37c38-bf24-481f-b1c6-8d472fab4290,-0.07040978361112954
e3f37c38-bf24-481f-b1c6-8d472fab4290_5304-28,1,1,1,4,e3f37c38-bf24-481f-b1c6-8d472fab4290,0.14893444469359374
e402df54-0a64-424e-a7e6-3e68b18a761c_1045-12,1,1,1,2,e402df54-0a64-424e-a7e6-3e68b18a761c,0.8846888044881839
e402df54-0a64-424e-a7e6-3e68b18a761c_1064-59,1,0,0,2,e402df54-0a64-424e-a7e6-3e68b18a761c,0.7397213819114222
e402df54-0a64-424e-a7e6-3e68b18a761c_242-70,0,0,0,2,e402df54-0a64-424e-a7e6-3e68b18a761c,0.13288299921568314
e402df54-0a64-424e-a7e6-3e68b18a761c_62-43,3,1,1,2,e402df54-0a64-424e-a7e6-3e68b18a761c,0.17614291854411324
e54d654b-86ca-4219-bbf4-68575fffa098_2992-60,3,1,1,2,e54d654b-86ca-4219-bbf4-68575fffa098,0.7485370868664304
e55e4faf-dec5-40ee-b375-f0b049b9b280_285-98,4,0,0,1,e55e4faf-dec5-40ee-b375-f0b049b9b280,1.0077130706125002
e55e4faf-dec5-40ee-b375-f0b049b9b280_342-72,1,0,0,1,e55e4faf-dec5-40ee-b375-f0b049b9b280,0.30636605060367283
e579ef82-c68f-44dc-8b0f-7fe62e20974c_2509-16,0,1,1,1,e579ef82-c68f-44dc-8b0f-7fe62e20974c,1.7686160433308937
e58207f1-84ec-424b-a997-ff64a57eb13b_1893-21,1,0,0,3,e58207f1-84ec-424b-a997-ff64a57eb13b,-0.06670374111422056
e58207f1-84ec-424b-a997-ff64a57eb13b_3524-37,1,1,1,3,e58207f1-84ec-424b-a997-ff64a57eb13b,0.9303188814899345
e5d2cc2c-0a36-4bad-bf50-bc9347e99eca_1120-59,1,0,0,0,e5d2cc2c-0a36-4bad-bf50-bc9347e99eca,0.15900812345700288
e5fea731-7b32-4857-a86b-587eda0ff334_979-09,0,0,0,4,e5fea731-7b32-4857-a86b-587eda0ff334,0.17062560773888846
e623faab-101a-41a6-83ac-8e22b4371aba_1053-43,2,1,1,3,e623faab-101a-41a6-83ac-8e22b4371aba,0.8166601599146049
e623faab-101a-41a6-83ac-8e22b4371aba_1141-39,0,1,1,3,e623faab-101a-41a6-83ac-8e22b4371aba,0.9276635309463163
e623faab-101a-41a6-83ac-8e22b4371aba_357-75,2,1,1,3,e623faab-101a-41a6-83ac-8e22b4371aba,1.0990274940011475
e65cdb37-b00c-44b1-909f-068022d804cb_868-94,1,1,1,3,e65cdb37-b00c-44b1-909f-068022d804cb,1.1124834633652
e6958f57-5769-46f6-be27-b879059ff2a4_927-40,3,1,1,2,e6958f57-5769-46f6-be27-b879059ff2a4,0.6666471852669783
e6b7692d-5e35-4524-8d2a-385475b95806_1667-07,1,0,0,1,e6b7692d-5e35-4524-8d2a-385475b95806,0.9556536308643796
e6b7692d-5e35-4524-8d2a-385475b95806_3085-37,0,0,0,1,e6b7692d-5e35-4524-8d2a-385475b95806,0.8944872613933593
e6d852dd-2510-482f-ad25-3d731388ea44_0-00,3,0,0,2,e6d852dd-2510-482f-ad25-3d731388ea44,0.4185869325267696
e6d852dd-2510-482f-ad25-3d731388ea44_105-51,3,1,1,2,e6d852dd-2510-482f-ad25-3d731388ea44,0.13045813404385775
e6d852dd-2510-482f-ad25-3d731388ea44_141-52,1,0,0,2,e6d852dd-2510-482f-ad25-3d731388ea44,0.10272574764105702
e6e3919c-7c2e-491e-bde8-053715f0d851_1353-28,2,1,1,3,e6e3919c-7c2e-491e-bde8-053715f0d851,0.6130902106074038
e6e3919c-7c2e-491e-bde8-053715f0d851_466-43,0,0,0,3,e6e3919c-7c2e-491e-bde8-053715f0d851,-0.10187253908909755
e6e3919c-7c2e-491e-bde8-053715f0d851_472-28,3,1,1,3,e6e3919c-7c2e-491e-bde8-053715f0d851,1.4253360425941772
e6f1accd-e18d-43ec-b854-e7633b15cbf7_1189-37,1,0,0,4,e6f1accd-e18d-43ec-b854-e7633b15cbf7,-0.45738716370664634
e6f1accd-e18d-43ec-b854-e7633b15cbf7_1189-42,0,0,0,4,e6f1accd-e18d-43ec-b854-e7633b15cbf7,0.27734305561319916
e6fdec5a-21e1-43e8-b662-9376538394d5_3510-00,2,0,0,1,e6fdec5a-21e1-43e8-b662-9376538394d5,1.1935213005460117
e70f4b34-432f-47dc-834f-5bc6bd67dc62_166-47,3,1,1,3,e70f4b34-432f-47dc-834f-5bc6bd67dc62,1.4510200494348675
e70f4b34-432f-47dc-834f-5bc6bd67dc62_676-86,3,1,1,3,e70f4b34-432f-47dc-834f-5bc6bd67dc62,1.192156259126567
e70f4b34-432f-47dc-834f-5bc6bd67dc62_78-75,0,1,1,3,e70f4b34-432f-47dc-834f-5bc6bd67dc62,0.6825453371022904
e7752106-8e0c-47b5-a639-e701e659718c_740-06,1,0,0,0,e7752106-8e0c-47b5-a639-e701e659718c,1.584743943488556
e7eead9a-5f4e-47af-8f54-2dd3fd453a2d_49-96,2,0,0,4,e7eead9a-5f4e-47af-8f54-2dd3fd453a2d,-0.43676037333667334
e7eead9a-5f4e-47af-8f54-2dd3fd453a2d_55-37,3,1,1,4,e7eead9a-5f4e-47af-8f54-2dd3fd453a2d,0.9786774829134269
e87752b1-35a5-4cd7-9b95-a4b28129f9f3_932-40,1,1,1,4,e87752b1-35a5-4cd7-9b95-a4b28129f9f3,0.9379435204043366
e8ed2917-9442-4237-b15e-cd0b6c839d38_167-12,1,0,0,3,e8ed2917-9442-4237-b15e-cd0b6c839d38,-0.31851490469625343
e9343bd2-cd48-4abe-902a-3d3f6a0b51d8_1795-21,3,0,0,2,e9343bd2-cd48-4abe-902a-3d3f6a0b51d8,0.9189664048497866
e9343bd2-cd48-4abe-902a-3d3f6a0b51d8_1810-91,1,1,1,2,e9343bd2-cd48-4abe-902a-3d3f6a0b51d8,0.17063161408523297
e9350702-f77c-4112-9f57-3ed08bc4b98a_0-04,1,1,1,2,e9350702-f77c-4112-9f57-3ed08bc4b98a,-0.2586755789612266
e93fdf27-c14c-4794-b4b7-20685b40156f_1304-45,0,1,1,0,e93fdf27-c14c-4794-b4b7-20685b40156f,1.2598455989961042
e93fdf27-c14c-4794-b4b7-20685b40156f_1313-69,1,1,1,0,e93fdf27-c14c-4794-b4b7-20685b40156f,-0.07070790193659882
e95dbd21-3017-48f5-8f36-46531f053ab1_339-47,3,1,1,3,e95dbd21-3017-48f5-8f36-46531f053ab1,1.1731166405550688
e95dbd21-3017-48f5-8f36-46531f053ab1_424-29,1,1,1,3,e95dbd21-3017-48f5-8f36-46531f053ab1,1.0825355064532567
e95dbd21-3017-48f5-8f36-46531f053ab1_547-92,1,1,1,3,e95dbd21-3017-48f5-8f36-46531f053ab1,1.7897760982721338
e95dbd21-3017-48f5-8f36-46531f053ab1_835-77,2,1,1,3,e95dbd21-3017-48f5-8f36-46531f053ab1,1.3285585349716054
e9957d35-9c4d-44cc-b3b6-267dfa13841a_896-74,1,0,0,1,e9957d35-9c4d-44cc-b3b6-267dfa13841a,0.4290883219464189
e99a32fa-19c9-41e6-be66-37869bd26583_542-40,0,1,1,0,e99a32fa-19c9-41e6-be66-37869bd26583,1.3287786635905516
e9e0f26d-3005-436a-a70f-7d99977808c8_1359-76,2,1,1,4,e9e0f26d-3005-436a-a70f-7d99977808c8,0.4334780838399319
e9e0f26d-3005-436a-a70f-7d99977808c8_1362-45,3,1,1,4,e9e0f26d-3005-436a-a70f-7d99977808c8,1.6558926931499127
e9e0f26d-3005-436a-a70f-7d99977808c8_1554-09,3,0,0,4,e9e0f26d-3005-436a-a70f-7d99977808c8,-0.29366322176497694
e9e0f26d-3005-436a-a70f-7d99977808c8_1690-81,3,1,1,4,e9e0f26d-3005-436a-a70f-7d99977808c8,1.911660368774252
e9ea573a-3972-48ea-b946-6cb069497bab_1785-52,1,0,0,4,e9ea573a-3972-48ea-b946-6cb069497bab,1.0732936154483603
ea1818bb-a882-4de4-9e31-993f4cb98aa1_1361-82,2,1,1,2,ea1818bb-a882-4de4-9e31-993f4cb98aa1,0.27624160750126725
ea1818bb-a882-4de4-9e31-993f4cb98aa1_1362-76,0,1,1,2,ea1818bb-a882-4de4-9e31-993f4cb98aa1,1.1758872265959486
ea1818bb-a882-4de4-9e31-993f4cb98aa1_622-65,0,1,1,2,ea1818bb-a882-4de4-9e31-993f4cb98aa1,1.004316240782051
ea417823-8ca0-417c-8901-114fa4f2d47f_254-62,2,1,1,3,ea417823-8ca0-417c-8901-114fa4f2d47f,1.229702689351424
ea417823-8ca0-417c-8901-114fa4f2d47f_258-70,2,1,1,3,ea417823-8ca0-417c-8901-114fa4f2d47f,0.7850108428785049
ea5bb387-a22a-4b49-8aa5-35cbf0d3563d_205-22,1,0,0,2,ea5bb387-a22a-4b49-8aa5-35cbf0d3563d,0.043814328608119735
ea5bb387-a22a-4b49-8aa5-35cbf0d3563d_32-89,0,1,1,2,ea5bb387-a22a-4b49-8aa5-35cbf0d3563d,0.9799454167045448
eaa560d5-6432-4030-a03a-b6ba512e621d_61-64,0,0,0,4,eaa560d5-6432-4030-a03a-b6ba512e621d,0.48810947426179985
eabf19d3-4e52-4aee-8f14-5118626a078f_778-52,3,1,1,1,eabf19d3-4e52-4aee-8f14-5118626a078f,0.8774645301622163
eb20bebd-41e5-4a02-aa7e-73d3da5bc97e_1106-81,0,1,1,2,eb20bebd-41e5-4a02-aa7e-73d3da5bc97e,0.45734040326792436
eb20bebd-41e5-4a02-aa7e-73d3da5bc97e_1223-78,1,1,1,2,eb20bebd-41e5-4a02-aa7e-73d3da5bc97e,1.0554858293499856
eb20bebd-41e5-4a02-aa7e-73d3da5bc97e_1253-80,1,1,1,2,eb20bebd-41e5-4a02-aa7e-73d3da5bc97e,1.140450008832529
eb20bebd-41e5-4a02-aa7e-73d3da5bc97e_1624-37,1,1,1,2,eb20bebd-41e5-4a02-aa7e-73d3da5bc97e,1.7097130983661808
eb20bebd-41e5-4a02-aa7e-73d3da5bc97e_275-45,3,0,0,2,eb20bebd-41e5-4a02-aa7e-73d3da5bc97e,0.49989531875820814
eb20bebd-41e5-4a02-aa7e-73d3da5bc97e_389-33,2,0,0,2,eb20bebd-41e5-4a02-aa7e-73d3da5bc97e,1.0568739021308873
eb20bebd-41e5-4a02-aa7e-73d3da5bc97e_68-58,2,0,0,2,eb20bebd-41e5-4a02-aa7e-73d3da5bc97e,0.04168647784188717
eb20bebd-41e5-4a02-aa7e-73d3da5bc97e_70-42,1,1,1,2,eb20bebd-41e5-4a02-aa7e-73d3da5bc97e,1.3684755625787002
eb2c9739-dba0-479c-81b7-9dda51c4ac20_1388-02,1,1,1,1,eb2c9739-dba0-479c-81b7-9dda51c4ac20,-0.06804324783626403
eb2c9739-dba0-479c-81b7-9dda51c4ac20_1465-40,3,0,0,1,eb2c9739-dba0-479c-81b7-9dda51c4ac20,0.99933257278312
eb2c9739-dba0-479c-81b7-9dda51c4ac20_148-23,0,1,1,1,eb2c9739-dba0-479c-81b7-9dda51c4ac20,0.8081396820526897
eb2c9739-dba0-479c-81b7-9dda51c4ac20_1679-45,3,1,1,1,eb2c9739-dba0-479c-81b7-9dda51c4ac20,0.6902364265054793
eb2c9739-dba0-479c-81b7-9dda51c4ac20_249-20,0,1,1,1,eb2c9739-dba0-479c-81b7-9dda51c4ac20,1.8719508837848857
eb2c9739-dba0-479c-81b7-9dda51c4ac20_275-35,1,1,1,1,eb2c9739-dba0-479c-81b7-9dda51c4ac20,-0.8066796305287469
eb575f9b-6a52-45fb-98d8-5e9dbdd8dd63_703-22,0,1,1,0,eb575f9b-6a52-45fb-98d8-5e9dbdd8dd63,1.2492462280514145
eb5cb2b0-59e6-45da-af1b-ba86c7ab0b54_1263-17,1,1,1,1,eb5cb2b0-59e6-45da-af1b-ba86c7ab0b54,1.217610920083696
eb5cb2b0-59e6-45da-af1b-ba86c7ab0b54_705-79,0,0,0,1,eb5cb2b0-59e6-45da-af1b-ba86c7ab0b54,0.10492457738753647
eb5cb2b0-59e6-45da-af1b-ba86c7ab0b54_824-48,2,1,1,1,eb5cb2b0-59e6-45da-af1b-ba86c7ab0b54,-0.2809662518974117
eb5cb2b0-59e6-45da-af1b-ba86c7ab0b54_922-64,1,0,0,1,eb5cb2b0-59e6-45da-af1b-ba86c7ab0b54,0.399366935716441
eb81442c-a322-49ea-b243-a39d2e288b9b_414-51,1,1,1,4,eb81442c-a322-49ea-b243-a39d2e288b9b,0.712668829400695
eb81442c-a322-49ea-b243-a39d2e288b9b_838-90,3,1,1,4,eb81442c-a322-49ea-b243-a39d2e288b9b,1.1089092711553423
ec02ed27-b697-44b0-ae18-a9275205bfee_9-72,0,1,1,4,ec02ed27-b697-44b0-ae18-a9275205bfee,1.3996175677821823
ec3556de-be79-4ad4-aa0f-eaca48abb5d5_547-69,0,1,1,2,ec3556de-be79-4ad4-aa0f-eaca48abb5d5,-0.4402735057948711
ec75d692-c261-4df5-9939-b0edfaa309a5_1168-60,0,1,1,1,ec75d692-c261-4df5-9939-b0edfaa309a5,1.5027875018096633
ec85a806-d47f-4555-8c4c-20f59927e580_1424-09,0,0,0,0,ec85a806-d47f-4555-8c4c-20f59927e580,-0.04170197878706061
ec85a806-d47f-4555-8c4c-20f59927e580_1435-56,0,1,1,0,ec85a806-d47f-4555-8c4c-20f59927e580,1.4082882551502223
ec85a806-d47f-4555-8c4c-20f59927e580_3835-48,0,1,1,0,ec85a806-d47f-4555-8c4c-20f59927e580,1.0050545209674673
ec85a806-d47f-4555-8c4c-20f59927e580_909-71,0,0,0,0,ec85a806-d47f-4555-8c4c-20f59927e580,0.07526359341246203
ec86fee5-ee10-46c5-b835-07c8a8d9651e_362-34,2,1,1,0,ec86fee5-ee10-46c5-b835-07c8a8d9651e,0.513198713849091
ecdc4071-1903-4024-a357-d0082720168e_107-60,1,1,1,0,ecdc4071-1903-4024-a357-d0082720168e,0.39874513723141414
ecdc4071-1903-4024-a357-d0082720168e_115-49,0,0,0,0,ecdc4071-1903-4024-a357-d0082720168e,-0.22476905786508405
ecdc4071-1903-4024-a357-d0082720168e_125-53,3,0,0,0,ecdc4071-1903-4024-a357-d0082720168e,-0.059442930513872616
ecdc4071-1903-4024-a357-d0082720168e_295-94,2,1,1,0,ecdc4071-1903-4024-a357-d0082720168e,0.8177911272655405
ecdc4071-1903-4024-a357-d0082720168e_3-20,1,0,0,0,ecdc4071-1903-4024-a357-d0082720168e,1.183141059759112
ecdc4071-1903-4024-a357-d0082720168e_44-12,2,1,1,0,ecdc4071-1903-4024-a357-d0082720168e,-0.08660074630136949
ecdc4071-1903-4024-a357-d0082720168e_454-42,1,0,0,0,ecdc4071-1903-4024-a357-d0082720168e,-0.5698092751396635
ed027cb2-5b92-4de2-ab58-69d42325ef15_1281-72,0,1,1,3,ed027cb2-5b92-4de2-ab58-69d42325ef15,0.5722697434124061
ed027cb2-5b92-4de2-ab58-69d42325ef15_266-43,2,0,0,3,ed027cb2-5b92-4de2-ab58-69d42325ef15,0.6041525589994868
ed027cb2-5b92-4de2-ab58-69d42325ef15_890-73,1,0,0,3,ed027cb2-5b92-4de2-ab58-69d42325ef15,1.1118159192184582
ed027cb2-5b92-4de2-ab58-69d42325ef15_965-69,0,1,1,3,ed027cb2-5b92-4de2-ab58-69d42325ef15,0.05812105298655024
ed31f134-b3f0-4f50-b8ae-d956b2f9ccfd_2025-02,2,0,0,4,ed31f134-b3f0-4f50-b8ae-d956b2f9ccfd,0.026921361054136006
ed792c47-5cb3-427c-a0e9-5dac33456e6a_1026-89,2,0,0,2,ed792c47-5cb3-427c-a0e9-5dac33456e6a,0.3134379085274399
ed792c47-5cb3-427c-a0e9-5dac33456e6a_3277-79,2,1,1,2,ed792c47-5cb3-427c-a0e9-5dac33456e6a,0.7100428015270687
ed792c47-5cb3-427c-a0e9-5dac33456e6a_3373-63,3,0,0,2,ed792c47-5cb3-427c-a0e9-5dac33456e6a,-0.5064317694526399
ed792c47-5cb3-427c-a0e9-5dac33456e6a_38-58,3,0,0,2,ed792c47-5cb3-427c-a0e9-5dac33456e6a,-0.009074130088902344
ed792c47-5cb3-427c-a0e9-5dac33456e6a_662-64,1,1,1,2,ed792c47-5cb3-427c-a0e9-5dac33456e6a,-0.2550319753948115
ed792c47-5cb3-427c-a0e9-5dac33456e6a_968-42,1,0,0,2,ed792c47-5cb3-427c-a0e9-5dac33456e6a,-0.1811018940295635
edaf03e3-3021-4140-8434-dc9e744ae492_178-18,2,0,0,3,edaf03e3-3021-4140-8434-dc9e744ae492,0.38173000530057066
edd0cb68-87be-4cfe-9f2d-b0b64ea8d3e2_2291-45,3,0,0,4,edd0cb68-87be-4cfe-9f2d-b0b64ea8d3e2,-0.10451019589581018
edd0cb68-87be-4cfe-9f2d-b0b64ea8d3e2_4865-28,2,1,1,4,edd0cb68-87be-4cfe-9f2d-b0b64ea8d3e2,2.341110589395182
ede3176b-2e12-4d2d-b9e2-40a2c4e93916_78-06,3,0,0,2,ede3176b-2e12-4d2d-b9e2-40a2c4e93916,0.09932792303974158
ee1eea29-aaad-41a4-b299-c72ed26c9da5_801-68,2,1,1,1,ee1eea29-aaad-41a4-b299-c72ed26c9da5,0.8305655058650497
ee3c00d5-9759-43b3-9116-3375227aadfd_15-30,1,1,1,0,ee3c00d5-9759-43b3-9116-3375227aadfd,0.5137923595622287
ee708878-5d10-4bf3-bd8a-6d72d5cceca6_570-90,3,0,0,4,ee708878-5d10-4bf3-bd8a-6d72d5cceca6,0.2922696044332618
eea4b231-055e-4c4e-8f95-8dd043601da6_1144-34,3,1,1,3,eea4b231-055e-4c4e-8f95-8dd043601da6,0.3432372696417557
eefcde42-5ea1-4a85-9f34-72c3ceca50f6_817-78,0,1,1,1,eefcde42-5ea1-4a85-9f34-72c3ceca50f6,0.45930684763679974
ef641454-94d5-4fe4-bf21-710144143967_723-67,3,1,1,0,ef641454-94d5-4fe4-bf21-710144143967,0.7300861759013673
ef641454-94d5-4fe4-bf21-710144143967_760-02,0,0,0,0,ef641454-94d5-4fe4-bf21-710144143967,0.43496525249588136
f0041c6c-06b2-4c3b-b8e6-934305b4226e_3757-69,0,1,1,1,f0041c6c-06b2-4c3b-b8e6-934305b4226e,0.3856080330525745
f0041c6c-06b2-4c3b-b8e6-934305b4226e_6185-52,2,0,0,1,f0041c6c-06b2-4c3b-b8e6-934305b4226e,0.8431837707163564
f0041c6c-06b2-4c3b-b8e6-934305b4226e_6269-35,0,1,1,1,f0041c6c-06b2-4c3b-b8e6-934305b4226e,2.3433905736410763
f00ec54c-9ed4-4a23-9cd7-f8728cb9d6c7_1080-52,0,1,1,3,f00ec54c-9ed4-4a23-9cd7-f8728cb9d6c7,0.42229624177347047
f00ec54c-9ed4-4a23-9cd7-f8728cb9d6c7_1322-65,0,1,1,3,f00ec54c-9ed4-4a23-9cd7-f8728cb9d6c7,2.1634483660207913
f0b8d19e-28c0-4d11-bb2d-5c6576eb7dcb_138-10,1,0,0,3,f0b8d19e-28c0-4d11-bb2d-5c6576eb7dcb,-0.46057625214876236
f0b8d19e-28c0-4d11-bb2d-5c6576eb7dcb_67-04,1,1,1,3,f0b8d19e-28c0-4d11-bb2d-5c6576eb7dcb,0.46012648679782797
f1253f94-69c2-4f65-b8dc-e0f24c7677b4_1541-37,2,1,1,0,f1253f94-69c2-4f65-b8dc-e0f24c7677b4,-0.005311634011881505
f17f0d96-4d93-4e4b-83c5-fddfbc581bb3_963-95,0,0,0,0,f17f0d96-4d93-4e4b-83c5-fddfbc581bb3,1.3333626910978398
f1b5ae1e-742c-4802-9e61-ff8aae83e12e_459-05,3,0,0,4,f1b5ae1e-742c-4802-9e61-ff8aae83e12e,0.3534275562775169
f1f8d17c-3d2a-4a2a-9482-0a8e385e77ae_365-24,0,0,0,3,f1f8d17c-3d2a-4a2a-9482-0a8e385e77ae,0.8568701664575519
f2017e02-2e5b-419c-8216-5a256a925c68_269-97,2,1,1,2,f2017e02-2e5b-419c-8216-5a256a925c68,0.5434854293322341
f22115b5-b9be-4e30-8576-7c1fcecec480_12-52,3,1,1,1,f22115b5-b9be-4e30-8576-7c1fcecec480,-0.5707795165237832
f22115b5-b9be-4e30-8576-7c1fcecec480_21-27,3,1,1,1,f22115b5-b9be-4e30-8576-7c1fcecec480,-0.4500175350509848
f2420e55-e559-40e1-9c96-863c6be763fd_1649-73,1,1,1,1,f2420e55-e559-40e1-9c96-863c6be763fd,0.6761599027223238
f246429f-404e-4023-9b82-bfe6bf1e50cd_78-11,0,1,1,0,f246429f-404e-4023-9b82-bfe6bf1e50cd,0.5107560058914629
f26eb8a6-2ac4-4aa4-a500-1e738d8c8b13_1596-52,0,1,1,4,f26eb8a6-2ac4-4aa4-a500-1e738d8c8b13,0.26562639963301105
f330e671-6ad4-49d4-8d59-e2493119ac43_8211-68,3,1,1,4,f330e671-6ad4-49d4-8d59-e2493119ac43,0.7069265570504598
f330e671-6ad4-49d4-8d59-e2493119ac43_9479-43,3,1,1,4,f330e671-6ad4-49d4-8d59-e2493119ac43,1.1117876517318455
f374039b-7f08-4dc3-af64-4e9ff61db531_2262-81,2,0,0,1,f374039b-7f08-4dc3-af64-4e9ff61db531,-0.1539116082127202
f374039b-7f08-4dc3-af64-4e9ff61db531_425-13,0,0,0,1,f374039b-7f08-4dc3-af64-4e9ff61db531,0.998593190544857
f3c557d2-1170-4979-9a70-96d9b51fa987_228-25,2,1,1,0,f3c557d2-1170-4979-9a70-96d9b51fa987,0.6864188024977265
f3c557d2-1170-4979-9a70-96d9b51fa987_265-90,0,0,0,0,f3c557d2-1170-4979-9a70-96d9b51fa987,0.10289334458271515
f488287d-ea74-4836-9ea4-e137ac6c8233_333-32,2,1,1,3,f488287d-ea74-4836-9ea4-e137ac6c8233,0.423398196564009
f51552ce-3d91-448c-8770-9800a6b5aa50_1666-29,1,1,1,2,f51552ce-3d91-448c-8770-9800a6b5aa50,0.6940572778132298
f543a47a-c081-481b-a415-cfe732ad74fe_1737-03,1,1,1,1,f543a47a-c081-481b-a415-cfe732ad74fe,-0.48859816281472696
f576f1bf-5433-488b-8833-8320f087e72b_48-29,1,1,1,3,f576f1bf-5433-488b-8833-8320f087e72b,0.027184728587739904
f5778003-9aea-4ca0-9398-69299ba0331c_124-11,1,1,1,2,f5778003-9aea-4ca0-9398-69299ba0331c,-0.5228806083191432
f58900c3-5747-447c-9fa2-04c608e7f40a_18-05,3,0,0,0,f58900c3-5747-447c-9fa2-04c608e7f40a,0.03781209238363348
f58900c3-5747-447c-9fa2-04c608e7f40a_18-07,2,1,1,0,f58900c3-5747-447c-9fa2-04c608e7f40a,-0.2774976935569615
f5ac654b-8f39-427b-856f-4a9a2d4a3020_9-20,0,0,0,4,f5ac654b-8f39-427b-856f-4a9a2d4a3020,0.37303679204078544
f5accd2a-0799-4345-9e0d-eb8d87a677a4_1449-87,1,1,1,3,f5accd2a-0799-4345-9e0d-eb8d87a677a4,0.014641515807477523
f5bdefb3-f57c-4270-bf31-7939ecd45c86_1289-58,1,0,0,2,f5bdefb3-f57c-4270-bf31-7939ecd45c86,0.6933679995516483
f5bdefb3-f57c-4270-bf31-7939ecd45c86_1324-59,1,0,0,2,f5bdefb3-f57c-4270-bf31-7939ecd45c86,1.0889282516844663
f5bdefb3-f57c-4270-bf31-7939ecd45c86_1815-24,0,0,0,2,f5bdefb3-f57c-4270-bf31-7939ecd45c86,1.2272926954127406
f5bdefb3-f57c-4270-bf31-7939ecd45c86_2347-29,3,1,1,2,f5bdefb3-f57c-4270-bf31-7939ecd45c86,0.6664459291537533
f5bdefb3-f57c-4270-bf31-7939ecd45c86_788-76,2,0,0,2,f5bdefb3-f57c-4270-bf31-7939ecd45c86,0.0446898951407364
f62011c7-dd9b-4dd7-abbb-d4cb891c388e_1080-00,3,0,0,3,f62011c7-dd9b-4dd7-abbb-d4cb891c388e,0.10731014399885797
f668b2c9-d376-411b-96e5-7d7379fae824_107-18,0,1,1,1,f668b2c9-d376-411b-96e5-7d7379fae824,0.9789482383014677
f668b2c9-d376-411b-96e5-7d7379fae824_151-21,1,1,1,1,f668b2c9-d376-411b-96e5-7d7379fae824,-0.17946209934599933
f6da4761-4774-4e05-bb2a-beca6db68f51_2233-75,3,1,1,2,f6da4761-4774-4e05-bb2a-beca6db68f51,0.2701981407894315
f6da4761-4774-4e05-bb2a-beca6db68f51_4196-85,0,0,0,2,f6da4761-4774-4e05-bb2a-beca6db68f51,0.986636185236205
f7148e30-2ded-4d14-a8bb-f50813da26df_84-22,3,0,0,2,f7148e30-2ded-4d14-a8bb-f50813da26df,0.004112084716621278
f77f437c-4e60-43ef-a5e1-ce3881409455_1543-97,1,0,0,1,f77f437c-4e60-43ef-a5e1-ce3881409455,0.5516659645547789
f7d99eca-11d5-4d45-8d60-695c3cb2f07c_431-32,0,1,1,0,f7d99eca-11d5-4d45-8d60-695c3cb2f07c,2.8202203274156705
f8c9dee9-a82f-46e8-9cd5-9380e197ac25_28-43,1,0,0,4,f8c9dee9-a82f-46e8-9cd5-9380e197ac25,0.9872385502173621
f965d286-b521-402f-9a0e-c73b49e9806e_1758-84,3,0,0,0,f965d286-b521-402f-9a0e-c73b49e9806e,0.81607393026689
f965d286-b521-402f-9a0e-c73b49e9806e_32-71,2,1,1,0,f965d286-b521-402f-9a0e-c73b49e9806e,0.6484873496002108
f9a49dfd-e6f1-4827-9903-73a562ab32cd_444-64,3,0,0,3,f9a49dfd-e6f1-4827-9903-73a562ab32cd,0.7836129933251267
f9c337af-fdf9-4737-b4c2-c5f68cd18d6a_553-83,2,1,1,2,f9c337af-fdf9-4737-b4c2-c5f68cd18d6a,0.6080394898996108
fa35a547-13b5-4355-873c-322c1860349a_1250-17,1,0,0,4,fa35a547-13b5-4355-873c-322c1860349a,-0.5293686844610828
fa35a547-13b5-4355-873c-322c1860349a_128-66,4,1,1,4,fa35a547-13b5-4355-873c-322c1860349a,0.8503664153789018
fa35a547-13b5-4355-873c-322c1860349a_166-55,1,1,1,4,fa35a547-13b5-4355-873c-322c1860349a,0.23602034297696473
fa53388f-58ab-41a8-9f0d-55407cae3973_757-23,1,1,1,1,fa53388f-58ab-41a8-9f0d-55407cae3973,0.8615381389096718
fab481c0-842c-4536-9126-9dc375464685_728-84,1,0,0,0,fab481c0-842c-4536-9126-9dc375464685,0.24772881343389075
facdbd7a-da79-48bd-9bb0-c866f675699b_1484-63,2,0,0,4,facdbd7a-da79-48bd-9bb0-c866f675699b,-0.16941901400951653
fb8a0650-986c-4c08-9d97-ac432cca424e_70-34,1,0,0,2,fb8a0650-986c-4c08-9d97-ac432cca424e,0.8175031308456092
fb92d350-9bf9-4b16-8a1f-7858de276226_1246-08,0,1,1,1,fb92d350-9bf9-4b16-8a1f-7858de276226,0.9724886801297091
fb92d350-9bf9-4b16-8a1f-7858de276226_2190-65,0,1,1,1,fb92d350-9bf9-4b16-8a1f-7858de276226,0.29421539617014536
fb92d350-9bf9-4b16-8a1f-7858de276226_2422-37,0,1,1,1,fb92d350-9bf9-4b16-8a1f-7858de276226,1.1877151877085357
fb92d350-9bf9-4b16-8a1f-7858de276226_2423-62,2,1,1,1,fb92d350-9bf9-4b16-8a1f-7858de276226,0.7030143079557937
fb92d350-9bf9-4b16-8a1f-7858de276226_2438-10,0,0,0,1,fb92d350-9bf9-4b16-8a1f-7858de276226,0.8719448806066136
fb92d350-9bf9-4b16-8a1f-7858de276226_32-25,3,1,1,1,fb92d350-9bf9-4b16-8a1f-7858de276226,2.0276574500888205
fb92d350-9bf9-4b16-8a1f-7858de276226_540-00,0,0,0,1,fb92d350-9bf9-4b16-8a1f-7858de276226,0.5330857028100121
fb92d350-9bf9-4b16-8a1f-7858de276226_561-78,2,1,1,1,fb92d350-9bf9-4b16-8a1f-7858de276226,0.583402599380577
fb92d350-9bf9-4b16-8a1f-7858de276226_599-33,1,0,0,1,fb92d350-9bf9-4b16-8a1f-7858de276226,0.667249939705678
fb92d350-9bf9-4b16-8a1f-7858de276226_603-23,1,1,1,1,fb92d350-9bf9-4b16-8a1f-7858de276226,1.319800635084512
fb92d350-9bf9-4b16-8a1f-7858de276226_625-71,0,1,1,1,fb92d350-9bf9-4b16-8a1f-7858de276226,1.2438310075415098
fb92d350-9bf9-4b16-8a1f-7858de276226_688-12,2,0,0,1,fb92d350-9bf9-4b16-8a1f-7858de276226,0.6280598234541163
fb9fda68-f264-465d-9208-19876f5ef90f_63-03,4,1,1,3,fb9fda68-f264-465d-9208-19876f5ef90f,-0.1911043733375743
fb9fda68-f264-465d-9208-19876f5ef90f_887-23,0,1,1,3,fb9fda68-f264-465d-9208-19876f5ef90f,0.4864823437156832
fbc425c4-def6-49a7-8b88-5d5d00b5524e_278-29,2,1,1,1,fbc425c4-def6-49a7-8b88-5d5d00b5524e,-0.026907064012923088
fc0450d5-00cd-4d55-9a8e-68628c38ddd2_87-11,0,0,0,1,fc0450d5-00cd-4d55-9a8e-68628c38ddd2,-0.13839631081669984
fc201765-9b2e-4bb3-8ca0-84bd1732fd40_335-09,2,1,1,0,fc201765-9b2e-4bb3-8ca0-84bd1732fd40,0.37819474596347846
fcb62109-9f54-42d7-9ecd-7a60817868dc_663-41,1,0,0,4,fcb62109-9f54-42d7-9ecd-7a60817868dc,0.6199475624533463
fcc14fe4-35e1-4854-b368-4541ae7bcf58_1063-13,1,0,0,3,fcc14fe4-35e1-4854-b368-4541ae7bcf58,0.9814711907460133
fd2ae8b4-b683-4c4b-935c-78b4dadbdbf8_2447-28,0,1,1,3,fd2ae8b4-b683-4c4b-935c-78b4dadbdbf8,1.5520872815605675
fd2ae8b4-b683-4c4b-935c-78b4dadbdbf8_2975-44,0,1,1,3,fd2ae8b4-b683-4c4b-935c-78b4dadbdbf8,0.8492700737146147
fd2ae8b4-b683-4c4b-935c-78b4dadbdbf8_3041-68,0,1,1,3,fd2ae8b4-b683-4c4b-935c-78b4dadbdbf8,0.22100983090905568
fd2ae8b4-b683-4c4b-935c-78b4dadbdbf8_3860-90,3,1,1,3,fd2ae8b4-b683-4c4b-935c-78b4dadbdbf8,1.4500826004568803
fd2ae8b4-b683-4c4b-935c-78b4dadbdbf8_4020-41,0,1,1,3,fd2ae8b4-b683-4c4b-935c-78b4dadbdbf8,0.8514091288781197
fd2ae8b4-b683-4c4b-935c-78b4dadbdbf8_4100-48,1,1,1,3,fd2ae8b4-b683-4c4b-935c-78b4dadbdbf8,1.4009334167134475
fd2ae8b4-b683-4c4b-935c-78b4dadbdbf8_4288-89,1,1,1,3,fd2ae8b4-b683-4c4b-935c-78b4dadbdbf8,0.5636048565476207
fd2ae8b4-b683-4c4b-935c-78b4dadbdbf8_565-30,2,1,1,3,fd2ae8b4-b683-4c4b-935c-78b4dadbdbf8,0.5420710746873237
fd2ae8b4-b683-4c4b-935c-78b4dadbdbf8_966-80,2,1,1,3,fd2ae8b4-b683-4c4b-935c-78b4dadbdbf8,1.0656563957598113
fdbe0fbc-90a3-41b9-8898-a0c7ce3f966c_672-30,0,0,0,3,fdbe0fbc-90a3-41b9-8898-a0c7ce3f966c,0.9100625517220214
fdbe0fbc-90a3-41b9-8898-a0c7ce3f966c_696-68,0,0,0,3,fdbe0fbc-90a3-41b9-8898-a0c7ce3f966c,0.18349587695590464
fdc39d01-44cb-431a-96a1-558ebf4c15ae_933-99,3,1,1,2,fdc39d01-44cb-431a-96a1-558ebf4c15ae,0.4763326204605779
fdfa65a5-9d90-4d27-8667-cd2c511614e3_513-55,3,1,1,1,fdfa65a5-9d90-4d27-8667-cd2c511614e3,1.76489511034976
fdfa65a5-9d90-4d27-8667-cd2c511614e3_70-13,0,0,0,1,fdfa65a5-9d90-4d27-8667-cd2c511614e3,2.4923037572343945
fe0b10e2-7fbb-4abc-ab5f-87ffaef34b3f_111-04,2,0,0,1,fe0b10e2-7fbb-4abc-ab5f-87ffaef34b3f,0.43639164815586906
fe0d5ffc-686e-4846-bce0-1a18e513bf95_2543-03,0,1,1,3,fe0d5ffc-686e-4846-bce0-1a18e513bf95,0.6785402740650922
fe0d5ffc-686e-4846-bce0-1a18e513bf95_483-81,3,1,1,3,fe0d5ffc-686e-4846-bce0-1a18e513bf95,0.8714155363834738
fe231042-6163-48cc-a1c4-1d1163b0a440_494-51,1,1,1,0,fe231042-6163-48cc-a1c4-1d1163b0a440,0.972368446020885
fe827643-62c3-4cb9-b009-7ed43731c9bd_0-00,1,0,0,1,fe827643-62c3-4cb9-b009-7ed43731c9bd,-0.10081503864892177
fe827643-62c3-4cb9-b009-7ed43731c9bd_273-13,2,1,1,1,fe827643-62c3-4cb9-b009-7ed43731c9bd,0.6748144712015892
fec2a5e2-615f-46b3-a320-b8741c2b6365_562-48,0,1,1,4,fec2a5e2-615f-46b3-a320-b8741c2b6365,0.909793131402325
fec31c20-1910-4ab1-afc5-6aa3057a45f5_381-77,0,1,1,0,fec31c20-1910-4ab1-afc5-6aa3057a45f5,0.5644164570699735
fec31c20-1910-4ab1-afc5-6aa3057a45f5_810-30,3,1,1,0,fec31c20-1910-4ab1-afc5-6aa3057a45f5,1.2469202586074086
fec31c20-1910-4ab1-afc5-6aa3057a45f5_825-86,0,0,0,0,fec31c20-1910-4ab1-afc5-6aa3057a45f5,0.10724140422111939
ff15140a-4747-4c45-b95f-ff2bd36ef178_1065-69,0,0,0,3,ff15140a-4747-4c45-b95f-ff2bd36ef178,0.005185062115952044
ff425cc6-7577-444b-b6f7-e250c22a1ed5_831-75,1,1,1,2,ff425cc6-7577-444b-b6f7-e250c22a1ed5,-0.2239343535157245
ffa4f27f-4e66-4b8c-ba6a-9a94f3491eb6_1093-00,3,1,1,2,ffa4f27f-4e66-4b8c-ba6a-9a94f3491eb6,0.622490245700113
fffbaeef-577f-45f0-baa9-f10cabf62dfb_278-37,2,0,0,3,fffbaeef-577f-45f0-baa9-f10cabf62dfb,0.021876555842834544
