item,idx,correct,outcome,fold,group,score
01111831-9107-43c4-bf0e-6b26e9b32a2b_1351-09,2,1,1,2,01111831-9107-43c4-bf0e-6b26e9b32a2b,0.7266013685709918
01ccf6b0-5e95-4b18-acd4-a8cc1fd31ddf_248-81,2,0,0,2,01ccf6b0-5e95-4b18-acd4-a8cc1fd31ddf,0.6994885980786749
01ccf6b0-5e95-4b18-acd4-a8cc1fd31ddf_849-71,1,0,0,2,01ccf6b0-5e95-4b18-acd4-a8cc1fd31ddf,1.118754849317364
01d301c9-9dbf-4da2-9181-d66a6688f5e6_817-64,3,1,1,2,01d301c9-9dbf-4da2-9181-d66a6688f5e6,-0.3395901393689459
01db7c39-a512-4bac-b284-dff8c7360e80_385-35,0,1,1,3,01db7c39-a512-4bac-b284-dff8c7360e80,0.12160089380393191
01ef2c24-ab95-46c0-a76a-7ec2f66aa5df_978-48,3,0,0,0,01ef2c24-ab95-46c0-a76a-7ec2f66aa5df,-0.42935848861501136
01f9f9d6-2871-4913-99ea-8ffb7780fc8d_1491-41,1,1,1,4,01f9f9d6-2871-4913-99ea-8ffb7780fc8d,0.8286307029416009
0235dafb-ec68-4177-8aff-e36d6c63742d_15-76,3,1,1,2,0235dafb-ec68-4177-8aff-e36d6c63742d,1.9534274449061548
02ca6897-bf08-4cfb-bbc7-7810dbf5cca2_2974-75,2,1,1,4,02ca6897-bf08-4cfb-bbc7-7810dbf5cca2,1.0450791198457754
031314bd-fa48-42ef-8341-bc5ca17f6a4a_1127-31,2,0,0,1,031314bd-fa48-42ef-8341-bc5ca17f6a4a,1.8906473591202118
033520cd-e7e4-4649-b551-83bb451a4802_382-12,1,1,1,0,033520cd-e7e4-4649-b551-83bb451a4802,-0.1069712779487893
03ca4970-374e-4901-9895-81f262c0da5c_817-27,1,1,1,3,03ca4970-374e-4901-9895-81f262c0da5c,1.0026066450757203
03d6e9bf-389a-4828-bf82-0ef6decf7671_900-77,3,1,1,2,03d6e9bf-389a-4828-bf82-0ef6decf7671,0.8045336696883152
03f5b0be-94ac-4d22-9c30-7bf0456ccf0e_1279-00,3,1,1,4,03f5b0be-94ac-4d22-9c30-7bf0456ccf0e,0.8903513110112322
03fb98b9-e732-4265-a2a3-9809183acaa7_1123-20,2,0,0,3,03fb98b9-e732-4265-a2a3-9809183acaa7,-0.8119823633434572
044a7a23-9305-4971-82ac-aa1a3dc154be_214-77,3,0,0,1,044a7a23-9305-4971-82ac-aa1a3dc154be,0.24546800791249512
046855d7-41d7-4f41-a6a7-fce921ea8133_335-77,3,1,1,0,046855d7-41d7-4f41-a6a7-fce921ea8133,1.2296686510297394
0475a0b9-9445-4083-8c6a-42f0171ff3e4_1943-55,3,0,0,4,0475a0b9-9445-4083-8c6a-42f0171ff3e4,-0.320308180426344
048d34c9-bf3f-4dd9-9da2-5f7da60ac2c8_955-97,0,0,0,1,048d34c9-bf3f-4dd9-9da2-5f7da60ac2c8,-0.02669704729517902
04b2f7a8-1d95-43c2-8b3b-8053b22dda52_810-37,3,1,1,4,04b2f7a8-1d95-43c2-8b3b-8053b22dda52,0.39022911498477225
053ae0a6-937d-4bdc-8001-d3dfe7899811_1085-52,3,0,0,1,053ae0a6-937d-4bdc-8001-d3dfe7899811,0.26057289456480526
0548b16c-cc3f-475d-82a4-9a73109d4327_1779-11,0,1,1,4,0548b16c-cc3f-475d-82a4-9a73109d4327,0.3224396238361665
05d5d7cf-9fb9-4390-bcd3-dd626b948771_1543-50,3,0,0,2,05d5d7cf-9fb9-4390-bcd3-dd626b948771,0.07902720527135759
0619c3d0-aebe-4414-b977-f2027271b267_279-15,1,1,1,0,0619c3d0-aebe-4414-b977-f2027271b267,-0.39149691319672386
0619c3d0-aebe-4414-b977-f2027271b267_566-56,0,0,0,0,0619c3d0-aebe-4414-b977-f2027271b267,-0.6007433872523983
0655e194-9ddc-41c4-9708-7e6c7a256fa0_300-01,0,1,1,2,0655e194-9ddc-41c4-9708-7e6c7a256fa0,-0.9810789610806436
0696265e-aba2-401b-9316-c380c30c901e_540-96,3,0,0,2,0696265e-aba2-401b-9316-c380c30c901e,0.0009400999231932161
0696265e-aba2-401b-9316-c380c30c901e_878-07,2,1,1,2,0696265e-aba2-401b-9316-c380c30c901e,0.15613711641972722
069c1058-881d-49da-b45d-b9f7e08fe932_1164-27,3,1,1,1,069c1058-881d-49da-b45d-b9f7e08fe932,0.6809309520275326
069c1058-881d-49da-b45d-b9f7e08fe932_2408-86,0,1,1,1,069c1058-881d-49da-b45d-b9f7e08fe932,0.9849643783032533
069c1058-881d-49da-b45d-b9f7e08fe932_475-96,1,1,1,1,069c1058-881d-49da-b45d-b9f7e08fe932,1.3182366229361024
06cf946b-4713-4ca2-addf-55ce95a26d98_1071-13,2,0,0,3,06cf946b-4713-4ca2-addf-55ce95a26d98,1.3864568848527459
06ee22fd-ecfc-4e34-9ed2-a330548abf71_519-15,0,0,0,3,06ee22fd-ecfc-4e34-9ed2-a330548abf71,2.363012128778636
070776bf-f15a-4b6e-a906-d1ef9e132592_598-54,2,0,0,2,070776bf-f15a-4b6e-a906-d1ef9e132592,0.13896516253715635
072623e8-1889-4580-8175-ddc05a3dceb3_11-40,1,0,0,4,072623e8-1889-4580-8175-ddc05a3dceb3,0.3769317472849258
072623e8-1889-4580-8175-ddc05a3dceb3_89-78,1,0,0,4,072623e8-1889-4580-8175-ddc05a3dceb3,1.723534527519459
07536df6-9813-42d9-93df-35835407d8ee_170-76,0,0,0,4,07536df6-9813-42d9-93df-35835407d8ee,0.6014292032201729
078634f1-0e81-455d-b771-3d35b65a2645_411-53,0,0,0,0,078634f1-0e81-455d-b771-3d35b65a2645,0.5079394302087097
07ad0112-22da-4f0e-be4f-2debe7fec15c_608-22,0,0,0,2,07ad0112-22da-4f0e-be4f-2debe7fec15c,1.188877890993169
083b7556-9dff-40e2-9fad-bef3f82dbf37_1003-31,2,1,1,2,083b7556-9dff-40e2-9fad-bef3f82dbf37,0.3188214314128948
083b7556-9dff-40e2-9fad-bef3f82dbf37_34-58,0,1,1,2,083b7556-9dff-40e2-9fad-bef3f82dbf37,0.46277434781360655
083b7556-9dff-40e2-9fad-bef3f82dbf37_51-98,3,0,0,2,083b7556-9dff-40e2-9fad-bef3f82dbf37,1.0919176773021437
083b7556-9dff-40e2-9fad-bef3f82dbf37_635-98,1,0,0,2,083b7556-9dff-40e2-9fad-bef3f82dbf37,0.0642292680829803
087e11d0-5984-4365-989d-7365294ddaec_1764-07,2,1,1,2,087e11d0-5984-4365-989d-7365294ddaec,0.1855464141157041
087e11d0-5984-4365-989d-7365294ddaec_3198-91,2,1,1,2,087e11d0-5984-4365-989d-7365294ddaec,0.6517118284018442
087e11d0-5984-4365-989d-7365294ddaec_5378-93,0,1,1,2,087e11d0-5984-4365-989d-7365294ddaec,1.2512534449708093
087e11d0-5984-4365-989d-7365294ddaec_7175-71,1,0,0,2,087e11d0-5984-4365-989d-7365294ddaec,0.12297547855833119
087e11d0-5984-4365-989d-7365294ddaec_7351-39,2,1,1,2,087e11d0-5984-4365-989d-7365294ddaec,-0.3580701662254484
088add57-cf62-4ddd-9908-7eb738b0ec22_2767-48,0,0,0,3,088add57-cf62-4ddd-9908-7eb738b0ec22,0.7739775461246934
08e65366-36a3-4146-bec6-043286cedf16_741-63,1,1,1,4,08e65366-36a3-4146-bec6-043286cedf16,2.4144609235373387
09690df3-0715-4875-8745-7e8830c761d0_2258-64,0,1,1,2,09690df3-0715-4875-8745-7e8830c761d0,0.9041692407125845
09690df3-0715-4875-8745-7e8830c761d0_341-62,3,1,1,2,09690df3-0715-4875-8745-7e8830c761d0,-0.15042901684120247
09aa2849-b299-4e30-ab69-1213c6f96581_1101-28,2,1,1,0,09aa2849-b299-4e30-ab69-1213c6f96581,0.713731385743057
09fe2f2d-7d90-4d7d-9dcd-baec4704f4cc_4409-86,0,0,0,1,09fe2f2d-7d90-4d7d-9dcd-baec4704f4cc,0.5948677022839597
0a02a1ed-a327-4753-b270-e95298984b96_534-33,1,0,0,4,0a02a1ed-a327-4753-b270-e95298984b96,0.625822431109434
0a4c05df-f522-4a33-862f-0d89824e7300_1283-75,3,1,1,2,0a4c05df-f522-4a33-862f-0d89824e7300,0.1518038977329625
0b38da1c-2b62-4c05-a68e-e8f2aafa47a8_1227-10,1,1,1,3,0b38da1c-2b62-4c05-a68e-e8f2aafa47a8,0.165680559441008
0b530687-26d8-4c9d-9771-c758ecd2ecbf_14330-76,1,0,0,2,0b530687-26d8-4c9d-9771-c758ecd2ecbf,0.09997538226447883
0b530687-26d8-4c9d-9771-c758ecd2ecbf_14604-13,1,0,0,2,0b530687-26d8-4c9d-9771-c758ecd2ecbf,-0.056639925600737884
0b530687-26d8-4c9d-9771-c758ecd2ecbf_16957-98,0,1,1,2,0b530687-26d8-4c9d-9771-c758ecd2ecbf,0.3226428376581704
0b530687-26d8-4c9d-9771-c758ecd2ecbf_3386-79,0,1,1,2,0b530687-26d8-4c9d-9771-c758ecd2ecbf,0.8797597185611852
0ca15932-2ede-4802-8f8d-68555c68c0b8_525-50,3,1,1,0,0ca15932-2ede-4802-8f8d-68555c68c0b8,1.8632688576518859
0cd16e31-6045-45ea-b0d7-105116f9e6d1_1433-59,2,1,1,0,0cd16e31-6045-45ea-b0d7-105116f9e6d1,0.9788306233468311
0cd16e31-6045-45ea-b0d7-105116f9e6d1_646-65,0,0,0,0,0cd16e31-6045-45ea-b0d7-105116f9e6d1,0.3562145084992258
0d08f503-89df-4dd8-a238-4e1749d2fe22_5-63,1,0,0,4,0d08f503-89df-4dd8-a238-4e1749d2fe22,-0.11885115712042699
0d572bb4-543a-4fa2-afce-876f854a559a_484-84,0,0,0,0,0d572bb4-543a-4fa2-afce-876f854a559a,0.7117797167441271
0d5f2917-e0bd-47cb-b887-1c14c69568f9_848-84,3,1,1,3,0d5f2917-e0bd-47cb-b887-1c14c69568f9,-0.5729107789094695
0d6a065b-3fcd-4537-8148-bc55d2ee3055_19-05,0,0,0,4,0d6a065b-3fcd-4537-8148-bc55d2ee3055,1.0016203233640404
0dca9b08-f9c6-446f-8754-3c1312fa3274_101-78,3,1,1,3,0dca9b08-f9c6-446f-8754-3c1312fa3274,0.7368486943183703
0e12d060-f93d-418a-a377-7f2467be9fed_363-39,3,1,1,4,0e12d060-f93d-418a-a377-7f2467be9fed,0.30341490624681294
0ece1a2a-2da0-4b28-ac8c-bf9f04c0d17c_2285-27,1,1,1,4,0ece1a2a-2da0-4b28-ac8c-bf9f04c0d17c,-0.35861605410004843
0ece1a2a-2da0-4b28-ac8c-bf9f04c0d17c_335-84,2,1,1,4,0ece1a2a-2da0-4b28-ac8c-bf9f04c0d17c,0.0561117171995007
0ece1a2a-2da0-4b28-ac8c-bf9f04c0d17c_713-12,2,1,1,4,0ece1a2a-2da0-4b28-ac8c-bf9f04c0d17c,0.6868847447688828
0f038f2a-7b3d-40ec-a22a-9f764bfbde74_4-93,2,1,1,4,0f038f2a-7b3d-40ec-a22a-9f764bfbde74,1.249508412428645
0f1024e6-ff80-46e2-aea8-3878f11bc1d7_201-92,2,1,1,3,0f1024e6-ff80-46e2-aea8-3878f11bc1d7,-0.07235547997817132
0f3fa455-3622-4fb4-a3be-0c1a7fd697a7_1157-44,2,1,1,2,0f3fa455-3622-4fb4-a3be-0c1a7fd697a7,1.0647752580979175
0f574f9b-00bc-479d-894b-9e7c999fe13a_302-98,2,0,0,1,0f574f9b-00bc-479d-894b-9e7c999fe13a,0.4026404502463209
0f574f9b-00bc-479d-894b-9e7c999fe13a_303-78,3,1,1,1,0f574f9b-00bc-479d-894b-9e7c999fe13a,0.7867127500199862
0f82d425-f8be-4e69-8c59-0a1a2e980b20_1108-13,1,1,1,4,0f82d425-f8be-4e69-8c59-0a1a2e980b20,0.6325156334714104
0f82d425-f8be-4e69-8c59-0a1a2e980b20_295-56,2,1,1,4,0f82d425-f8be-4e69-8c59-0a1a2e980b20,-0.16858798309782075
0f82d425-f8be-4e69-8c59-0a1a2e980b20_518-50,4,1,1,4,0f82d425-f8be-4e69-8c59-0a1a2e980b20,0.44622276474054173
0f82d425-f8be-4e69-8c59-0a1a2e980b20_554-09,3,1,1,4,0f82d425-f8be-4e69-8c59-0a1a2e980b20,1.0281744884033117
10019839-9ded-439f-a573-5ccacd7d829d_650-42,3,1,1,0,10019839-9ded-439f-a573-5ccacd7d829d,1.3368845698409693
102dc7b7-a8fb-419e-9a18-b679e7157d99_517-02,3,0,0,0,102dc7b7-a8fb-419e-9a18-b679e7157d99,0.543512652178779
102dc7b7-a8fb-419e-9a18-b679e7157d99_754-92,3,1,1,0,102dc7b7-a8fb-419e-9a18-b679e7157d99,0.12785934016231976
1042ea39-9256-4593-a4c6-a0d0393da739_524-37,3,1,1,0,1042ea39-9256-4593-a4c6-a0d0393da739,1.314581171254857
10a848ed-f258-4930-abdd-1fd60b788abc_125-95,2,1,1,2,10a848ed-f258-4930-abdd-1fd60b788abc,-0.20115653625466418
10a848ed-f258-4930-abdd-1fd60b788abc_294-40,3,1,1,2,10a848ed-f258-4930-abdd-1fd60b788abc,0.36735904926013946
10a848ed-f258-4930-abdd-1fd60b788abc_345-05,2,1,1,2,10a848ed-f258-4930-abdd-1fd60b788abc,0.9139729529748626
10a848ed-f258-4930-abdd-1fd60b788abc_475-65,2,1,1,2,10a848ed-f258-4930-abdd-1fd60b788abc,0.9483284803415979
10a848ed-f258-4930-abdd-1fd60b788abc_489-09,0,0,0,2,10a848ed-f258-4930-abdd-1fd60b788abc,0.4048723240336008
10a848ed-f258-4930-abdd-1fd60b788abc_549-51,3,1,1,2,10a848ed-f258-4930-abdd-1fd60b788abc,0.5282163510168252
10a848ed-f258-4930-abdd-1fd60b788abc_75-21,0,0,0,2,10a848ed-f258-4930-abdd-1fd60b788abc,-0.17178823135259808
10a848ed-f258-4930-abdd-1fd60b788abc_788-28,0,1,1,2,10a848ed-f258-4930-abdd-1fd60b788abc,0.1785413422077194
10c73f89-cc7d-4d43-b1df-b56703de1b24_711-97,3,1,1,4,10c73f89-cc7d-4d43-b1df-b56703de1b24,1.019465321931054
110352df-c7a3-4fec-a707-42936d101c28_3-37,2,0,0,3,110352df-c7a3-4fec-a707-42936d101c28,0.07269206603929468
1106ee5c-8829-460f-8454-c4a8348f5400_10077-91,3,1,1,0,1106ee5c-8829-460f-8454-c4a8348f5400,-0.08125161424287747
1106ee5c-8829-460f-8454-c4a8348f5400_1134-19,3,0,0,0,1106ee5c-8829-460f-8454-c4a8348f5400,0.16063202050188935
110f9870-6b6c-4a20-a3c8-8c2e29c53bb7_1386-55,3,0,0,2,110f9870-6b6c-4a20-a3c8-8c2e29c53bb7,-0.20003439521487282
110f9870-6b6c-4a20-a3c8-8c2e29c53bb7_1388-88,0,1,1,2,110f9870-6b6c-4a20-a3c8-8c2e29c53bb7,0.2640639194164916
11586867-f4d9-4341-9532-4de21a47585d_394-60,2,1,1,1,11586867-f4d9-4341-9532-4de21a47585d,0.5218888257448704
11663dd8-aa9d-429d-80e2-2807b341350e_224-01,0,0,0,2,11663dd8-aa9d-429d-80e2-2807b341350e,0.6480772065991929
11e56f1e-baef-4fe8-ad0f-a7ec8788ea3a_836-51,3,1,1,4,11e56f1e-baef-4fe8-ad0f-a7ec8788ea3a,0.6484533338446874
11f247e0-179a-4b9d-8244-16fb918010a1_1002-90,0,1,1,3,11f247e0-179a-4b9d-8244-16fb918010a1,0.49187106614692344
11f247e0-179a-4b9d-8244-16fb918010a1_1085-16,3,0,0,3,11f247e0-179a-4b9d-8244-16fb918010a1,1.1170743201451863
11f247e0-179a-4b9d-8244-16fb918010a1_1106-33,0,1,1,3,11f247e0-179a-4b9d-8244-16fb918010a1,0.30885270187776837
11f247e0-179a-4b9d-8244-16fb918010a1_1376-89,3,1,1,3,11f247e0-179a-4b9d-8244-16fb918010a1,0.9439921866736232
11fb6f55-4bf0-4992-ad15-d30a51447ab3_745-24,1,1,1,1,11fb6f55-4bf0-4992-ad15-d30a51447ab3,1.084943935658203
1246d6ec-5620-4f71-8b4b-d823775f58c2_29-81,0,1,1,2,1246d6ec-5620-4f71-8b4b-d823775f58c2,0.6542888310231556
1270f0e2-1bc0-4225-bf6e-3dd68c594c8b_1984-62,0,1,1,4,1270f0e2-1bc0-4225-bf6e-3dd68c594c8b,1.3055910121430376
1309c412-1d3b-449a-95d7-853616686f89_980-21,2,0,0,1,1309c412-1d3b-449a-95d7-853616686f89,1.5349883779396583
1330508f-8168-4408-a4df-79f69fb87c83_1053-45,2,1,1,0,1330508f-8168-4408-a4df-79f69fb87c83,0.5999204057306118
13488a91-cef6-46f4-8007-9453d5d49925_44-43,0,1,1,1,13488a91-cef6-46f4-8007-9453d5d49925,0.08302719463547992
134a4c63-583a-4e64-8cf9-002b6d26cdf1_375-78,3,1,1,2,134a4c63-583a-4e64-8cf9-002b6d26cdf1,-0.30308398498592937
134a4c63-583a-4e64-8cf9-002b6d26cdf1_464-01,2,0,0,2,134a4c63-583a-4e64-8cf9-002b6d26cdf1,0.3711919927343729
134d9865-d9ee-47e5-a121-589a26c6b3ba_1573-53,1,1,1,3,134d9865-d9ee-47e5-a121-589a26c6b3ba,0.8695647362302314
134d9865-d9ee-47e5-a121-589a26c6b3ba_1586-50,2,0,0,3,134d9865-d9ee-47e5-a121-589a26c6b3ba,0.7959531040388741
13a15553-2fdb-4d04-a7b4-2efc33538525_875-77,1,1,1,1,13a15553-2fdb-4d04-a7b4-2efc33538525,1.1597702138824575
13bbcf71-cc9d-40f9-b072-77841ea8b7a2_38-55,2,0,0,3,13bbcf71-cc9d-40f9-b072-77841ea8b7a2,0.43990576642030044
13d7173f-e8d1-4124-a66b-2ae648da9dbd_510-46,3,0,0,4,13d7173f-e8d1-4124-a66b-2ae648da9dbd,1.1783951800204135
146a4b4b-96a5-4d8f-a5b1-78dbb6ee5edf_4571-18,2,1,1,4,146a4b4b-96a5-4d8f-a5b1-78dbb6ee5edf,0.5514512411707329
146a4b4b-96a5-4d8f-a5b1-78dbb6ee5edf_9999-80,0,1,1,4,146a4b4b-96a5-4d8f-a5b1-78dbb6ee5edf,-0.32374290985933246
14a3d52a-e66c-4a4c-8f71-d86f7199993c_10-64,0,1,1,0,14a3d52a-e66c-4a4c-8f71-d86f7199993c,1.5201086517651328
14c123f4-06ab-4b51-aa26-95b0e3adf6eb_61-25,2,1,1,1,14c123f4-06ab-4b51-aa26-95b0e3adf6eb,1.2348063113849341
14e96091-4011-4557-95b3-a195fb5c39d8_273-80,2,1,1,2,14e96091-4011-4557-95b3-a195fb5c39d8,0.9076025252751168
14e96091-4011-4557-95b3-a195fb5c39d8_919-08,0,0,0,2,14e96091-4011-4557-95b3-a195fb5c39d8,-0.32331679763019994
15223229-8273-4f28-9bc0-1266e7c210d8_1078-65,3,0,0,3,15223229-8273-4f28-9bc0-1266e7c210d8,-0.09857708681027055
153cd84b-0345-4590-90f6-f66c294db429_799-88,1,0,0,4,153cd84b-0345-4590-90f6-f66c294db429,-0.16781857586600907
156823e7-0339-4f64-9c89-80044fc8b218_782-84,1,1,1,4,156823e7-0339-4f64-9c89-80044fc8b218,0.3832051033024118
15c5a595-c577-4b4b-b26a-639517f140c9_1-82,3,0,0,2,15c5a595-c577-4b4b-b26a-639517f140c9,0.08507629866749561
15f1a422-327d-4dab-b14d-7003544c5817_1292-11,1,0,0,2,15f1a422-327d-4dab-b14d-7003544c5817,-0.2914485164438019
15f1a422-327d-4dab-b14d-7003544c5817_1304-02,0,0,0,2,15f1a422-327d-4dab-b14d-7003544c5817,-0.29920645553913694
1626db26-0c74-43d6-a5c2-c1a8fa7b1429_2450-13,0,0,0,0,1626db26-0c74-43d6-a5c2-c1a8fa7b1429,0.06052083796562874
1626db26-0c74-43d6-a5c2-c1a8fa7b1429_730-63,2,1,1,0,1626db26-0c74-43d6-a5c2-c1a8fa7b1429,-0.13383603532743238
168f91fd-53c2-4eee-9d2d-e25e1ad73438_99-46,2,0,0,3,168f91fd-53c2-4eee-9d2d-e25e1ad73438,0.7952741479327923
170fb6c9-8550-4e82-bb9a-4ad574c0f0fa_7137-29,0,1,1,4,170fb6c9-8550-4e82-bb9a-4ad574c0f0fa,0.6114144425006327
17be1d0a-f213-4126-ab6e-08e5c8ee5b93_1056-33,3,0,0,0,17be1d0a-f213-4126-ab6e-08e5c8ee5b93,0.9370675347512787
17be1d0a-f213-4126-ab6e-08e5c8ee5b93_1922-28,3,0,0,0,17be1d0a-f213-4126-ab6e-08e5c8ee5b93,0.7815594952686924
17be1d0a-f213-4126-ab6e-08e5c8ee5b93_1968-69,1,0,0,0,17be1d0a-f213-4126-ab6e-08e5c8ee5b93,1.1923510200347818
17be1d0a-f213-4126-ab6e-08e5c8ee5b93_4479-70,1,1,1,0,17be1d0a-f213-4126-ab6e-08e5c8ee5b93,0.023723767898340575
17be1d0a-f213-4126-ab6e-08e5c8ee5b93_4986-86,1,0,0,0,17be1d0a-f213-4126-ab6e-08e5c8ee5b93,0.7597725856274475
17be1d0a-f213-4126-ab6e-08e5c8ee5b93_70-40,0,0,0,0,17be1d0a-f213-4126-ab6e-08e5c8ee5b93,0.1838000280154813
17cd1d99-044c-4b1b-97b4-f3de34f8e55b_251-62,1,1,1,4,17cd1d99-044c-4b1b-97b4-f3de34f8e55b,0.8954604102947212
17cd1d99-044c-4b1b-97b4-f3de34f8e55b_252-07,0,1,1,4,17cd1d99-044c-4b1b-97b4-f3de34f8e55b,0.23653351892391344
18189ea3-00fd-428a-bbae-7549ddd9a97e_803-15,1,0,0,0,18189ea3-00fd-428a-bbae-7549ddd9a97e,0.5420755124938204
182dffe9-d2bf-4a7d-b1d8-137470f0143d_1327-77,2,1,1,4,182dffe9-d2bf-4a7d-b1d8-137470f0143d,0.024116755333075723
182dffe9-d2bf-4a7d-b1d8-137470f0143d_1639-14,0,1,1,4,182dffe9-d2bf-4a7d-b1d8-137470f0143d,0.9131378878544745
182dffe9-d2bf-4a7d-b1d8-137470f0143d_1670-78,1,1,1,4,182dffe9-d2bf-4a7d-b1d8-137470f0143d,0.7006738772163501
182dffe9-d2bf-4a7d-b1d8-137470f0143d_1681-54,3,0,0,4,182dffe9-d2bf-4a7d-b1d8-137470f0143d,-0.15106444329081475
18a3840b-7463-43c4-9aa9-b1d8e486fa84_2172-38,3,1,1,2,18a3840b-7463-43c4-9aa9-b1d8e486fa84,1.3213277985559402
18ac02cb-20eb-4eed-b735-04aff3573422_38-16,3,0,0,3,18ac02cb-20eb-4eed-b735-04aff3573422,0.9650966058411672
19493340-9a5c-406c-9943-712a4a4a073c_634-74,1,1,1,1,19493340-9a5c-406c-9943-712a4a4a073c,0.8842027617882646
19f2ea20-5041-4be2-bdc9-714473f16236_1915-00,0,0,0,1,19f2ea20-5041-4be2-bdc9-714473f16236,0.2769681674562112
19f2ea20-5041-4be2-bdc9-714473f16236_2706-11,1,1,1,1,19f2ea20-5041-4be2-bdc9-714473f16236,0.18675581511005301
19f2ea20-5041-4be2-bdc9-714473f16236_4520-57,1,1,1,1,19f2ea20-5041-4be2-bdc9-714473f16236,0.08872602257695683
19f2ea20-5041-4be2-bdc9-714473f16236_4524-38,1,1,1,1,19f2ea20-5041-4be2-bdc9-714473f16236,0.6545552229062843
19f2ea20-5041-4be2-bdc9-714473f16236_4525-17,1,1,1,1,19f2ea20-5041-4be2-bdc9-714473f16236,0.7526991983356921
19f2ea20-5041-4be2-bdc9-714473f16236_5269-91,3,0,0,1,19f2ea20-5041-4be2-bdc9-714473f16236,-0.34346620038336617
1a2a8e0b-747e-43e3-9618-fc3f55f662b6_0-00,0,1,1,1,1a2a8e0b-747e-43e3-9618-fc3f55f662b6,0.2441836565525175
1a50cd38-dda2-41d0-8a6f-294f17373d97_2805-73,0,0,0,0,1a50cd38-dda2-41d0-8a6f-294f17373d97,-0.5177383930508286
1a50cd38-dda2-41d0-8a6f-294f17373d97_2829-22,2,1,1,0,1a50cd38-dda2-41d0-8a6f-294f17373d97,0.9866143658645785
1a50cd38-dda2-41d0-8a6f-294f17373d97_3680-47,1,1,1,0,1a50cd38-dda2-41d0-8a6f-294f17373d97,0.30334797379239226
1a7b9b5d-499a-454e-aaee-3758718fb5f2_817-59,1,1,1,3,1a7b9b5d-499a-454e-aaee-3758718fb5f2,0.8623395751950609
1a7e6155-3613-4f55-865c-00e196db0da0_3573-11,2,0,0,0,1a7e6155-3613-4f55-865c-00e196db0da0,0.9059150465977222
1a9a07d5-70ad-4e18-9740-66ea985a527b_945-60,1,0,0,3,1a9a07d5-70ad-4e18-9740-66ea985a527b,0.13744541671961497
1aa426b2-4d83-4b56-9d3c-4616adc464c8_300-08,3,1,1,4,1aa426b2-4d83-4b56-9d3c-4616adc464c8,-0.14711987365630425
1acd2d5c-b0d4-4ec5-a54c-6a9c84cb11f6_23-18,3,1,1,3,1acd2d5c-b0d4-4ec5-a54c-6a9c84cb11f6,2.219004677975596
1acd2d5c-b0d4-4ec5-a54c-6a9c84cb11f6_273-21,3,1,1,3,1acd2d5c-b0d4-4ec5-a54c-6a9c84cb11f6,0.02009511568563821
1acd2d5c-b0d4-4ec5-a54c-6a9c84cb11f6_742-55,3,1,1,3,1acd2d5c-b0d4-4ec5-a54c-6a9c84cb11f6,0.3175511940325312
1acd2d5c-b0d4-4ec5-a54c-6a9c84cb11f6_773-39,0,1,1,3,1acd2d5c-b0d4-4ec5-a54c-6a9c84cb11f6,0.6439189243326728
1acd2d5c-b0d4-4ec5-a54c-6a9c84cb11f6_776-54,0,0,0,3,1acd2d5c-b0d4-4ec5-a54c-6a9c84cb11f6,0.85853104678816
1b1acfa6-ee3b-483c-9c0a-245d70d7125f_3443-49,0,1,1,0,1b1acfa6-ee3b-483c-9c0a-245d70d7125f,2.0853726478821772
1b4b9493-2f3b-48e2-ba96-4feb9b9e98a1_408-70,1,1,1,0,1b4b9493-2f3b-48e2-ba96-4feb9b9e98a1,0.9392085203248846
1b6c9a8b-baec-44ac-ab24-f482d0c30117_216-86,3,1,1,1,1b6c9a8b-baec-44ac-ab24-f482d0c30117,0.19850482358150323
1b6c9a8b-baec-44ac-ab24-f482d0c30117_42-25,3,1,1,1,1b6c9a8b-baec-44ac-ab24-f482d0c30117,0.4206628214342705
1bfac46e-f957-4495-9583-dbd7fa683225_823-65,2,1,1,4,1bfac46e-f957-4495-9583-dbd7fa683225,1.2440075864790838
1bfe3bec-79fd-4b1b-8738-4d313f3f79b9_355-45,0,1,1,3,1bfe3bec-79fd-4b1b-8738-4d313f3f79b9,0.36008716842266275
1bfe3bec-79fd-4b1b-8738-4d313f3f79b9_47-86,0,0,0,3,1bfe3bec-79fd-4b1b-8738-4d313f3f79b9,0.2892114854667278
1bfe3bec-79fd-4b1b-8738-4d313f3f79b9_548-41,3,1,1,3,1bfe3bec-79fd-4b1b-8738-4d313f3f79b9,0.9591228182910021
1c0ba820-4a30-47dd-852d-c30685c7051e_0-00,1,0,0,4,1c0ba820-4a30-47dd-852d-c30685c7051e,0.451190888914
1c0ba820-4a30-47dd-852d-c30685c7051e_36-98,0,1,1,4,1c0ba820-4a30-47dd-852d-c30685c7051e,0.8259342916758392
1c35e580-0eb1-485f-98d5-48f1f968e952_519-81,1,0,0,0,1c35e580-0eb1-485f-98d5-48f1f968e952,-0.021827750975978333
1c983176-b07a-4a69-ae51-de7829de6b6a_1090-54,1,1,1,0,1c983176-b07a-4a69-ae51-de7829de6b6a,1.4373909390312163
1c983176-b07a-4a69-ae51-de7829de6b6a_1270-21,2,1,1,0,1c983176-b07a-4a69-ae51-de7829de6b6a,0.3943039109842718
1c983176-b07a-4a69-ae51-de7829de6b6a_261-56,2,1,1,0,1c983176-b07a-4a69-ae51-de7829de6b6a,1.6379578394401968
1ce16a97-f614-4660-b21c-4205b33c8bab_1988-77,0,1,1,2,1ce16a97-f614-4660-b21c-4205b33c8bab,0.1630657943693961
1ceb6ff6-da6c-4bbe-b8f1-01a5b27026ce_294-88,2,1,1,4,1ceb6ff6-da6c-4bbe-b8f1-01a5b27026ce,1.081494941864891
1de5ae42-ca61-4a76-a514-8b70c40553fc_1576-85,2,1,1,1,1de5ae42-ca61-4a76-a514-8b70c40553fc,0.1447913254629677
1e90b2b5-5483-4ecc-b8e0-fb0bf63ccac3_3303-65,3,0,0,0,1e90b2b5-5483-4ecc-b8e0-fb0bf63ccac3,-0.4139957606767284
1e90b2b5-5483-4ecc-b8e0-fb0bf63ccac3_546-46,0,1,1,0,1e90b2b5-5483-4ecc-b8e0-fb0bf63ccac3,0.3648393504718655
1e96ede3-aa85-4162-a32f-c565e5194cab_995-46,2,1,1,0,1e96ede3-aa85-4162-a32f-c565e5194cab,0.42120943157859264
1e9da62e-72ae-48d2-8b6e-00a5283d213f_1077-48,1,0,0,3,1e9da62e-72ae-48d2-8b6e-00a5283d213f,0.26140695650802515
1e9da62e-72ae-48d2-8b6e-00a5283d213f_571-85,2,0,0,3,1e9da62e-72ae-48d2-8b6e-00a5283d213f,-0.07232360071887683
1ea95f25-81f9-46b1-b7a1-c4ca58251c6f_1089-87,2,0,0,2,1ea95f25-81f9-46b1-b7a1-c4ca58251c6f,-0.153380256102237
1ea95f25-81f9-46b1-b7a1-c4ca58251c6f_1359-12,2,0,0,2,1ea95f25-81f9-46b1-b7a1-c4ca58251c6f,1.6390418809546483
1eee4aaf-a21c-4ae5-82cd-96fdccae6742_761-92,0,1,1,2,1eee4aaf-a21c-4ae5-82cd-96fdccae6742,1.5071121251499071
1eee4aaf-a21c-4ae5-82cd-96fdccae6742_876-68,3,0,0,2,1eee4aaf-a21c-4ae5-82cd-96fdccae6742,1.7414239167776382
1eee4aaf-a21c-4ae5-82cd-96fdccae6742_917-84,3,1,1,2,1eee4aaf-a21c-4ae5-82cd-96fdccae6742,1.1525812081817748
1f216b72-21a2-4463-b5ae-13bffd779b4d_1694-44,0,1,1,3,1f216b72-21a2-4463-b5ae-13bffd779b4d,0.32792023040741347
1f216b72-21a2-4463-b5ae-13bffd779b4d_40-21,3,0,0,3,1f216b72-21a2-4463-b5ae-13bffd779b4d,-0.008713417661775302
1f4a4d13-f083-4464-8c03-5e09f55e3f63_1207-44,3,1,1,2,1f4a4d13-f083-4464-8c03-5e09f55e3f63,0.1556515099206361
1f4a4d13-f083-4464-8c03-5e09f55e3f63_125-54,0,0,0,2,1f4a4d13-f083-4464-8c03-5e09f55e3f63,0.004170186064172077
1f4a4d13-f083-4464-8c03-5e09f55e3f63_332-95,3,0,0,2,1f4a4d13-f083-4464-8c03-5e09f55e3f63,0.5639775215457263
1f4a4d13-f083-4464-8c03-5e09f55e3f63_764-04,0,0,0,2,1f4a4d13-f083-4464-8c03-5e09f55e3f63,0.35733176274651474
1f4a4d13-f083-4464-8c03-5e09f55e3f63_781-81,1,1,1,2,1f4a4d13-f083-4464-8c03-5e09f55e3f63,-0.5728606200619399
1f5ca4f1-6200-4a9a-86af-150824b51f67_717-00,3,0,0,2,1f5ca4f1-6200-4a9a-86af-150824b51f67,0.04698304870106529
1f5ca4f1-6200-4a9a-86af-150824b51f67_821-58,1,0,0,2,1f5ca4f1-6200-4a9a-86af-150824b51f67,-0.018013975793464643
1f61d972-e61b-4846-af3a-d09db9f111f8_1079-93,3,1,1,1,1f61d972-e61b-4846-af3a-d09db9f111f8,2.5338588729270284
1f61d972-e61b-4846-af3a-d09db9f111f8_17-26,1,0,0,1,1f61d972-e61b-4846-af3a-d09db9f111f8,-0.4714939636668975
1f6eb61d-74fa-411e-979c-2e66e71f2b7d_345-36,1,1,1,0,1f6eb61d-74fa-411e-979c-2e66e71f2b7d,0.5075790089169809
1f6eb61d-74fa-411e-979c-2e66e71f2b7d_501-62,1,1,1,0,1f6eb61d-74fa-411e-979c-2e66e71f2b7d,-0.5199368993691348
1fe55d7f-85e4-4cb5-a536-7a2aa623630b_1246-18,1,1,1,1,1fe55d7f-85e4-4cb5-a536-7a2aa623630b,-0.44898458973660904
201af2e0-72dd-466c-8280-8c3dc00a7981_1276-29,1,1,1,2,201af2e0-72dd-466c-8280-8c3dc00a7981,0.7752716845929473
201af2e0-72dd-466c-8280-8c3dc00a7981_602-53,1,1,1,2,201af2e0-72dd-466c-8280-8c3dc00a7981,0.19229948474715958
20525d50-586a-4792-bfdb-fd941ee64ea9_547-93,0,1,1,1,20525d50-586a-4792-bfdb-fd941ee64ea9,-0.9606845514519039
20525d50-586a-4792-bfdb-fd941ee64ea9_89-29,1,1,1,1,20525d50-586a-4792-bfdb-fd941ee64ea9,0.2166134448607081
20c165c7-6d47-4264-8e62-9f1e643a4d03_2858-81,3,1,1,2,20c165c7-6d47-4264-8e62-9f1e643a4d03,0.7991623929755809
2131b8e4-79b5-48f7-b092-e4a13ed96749_1086-27,1,1,1,4,2131b8e4-79b5-48f7-b092-e4a13ed96749,0.8519784109961734
2131b8e4-79b5-48f7-b092-e4a13ed96749_2003-33,2,1,1,4,2131b8e4-79b5-48f7-b092-e4a13ed96749,0.7187125577979159
2137f7a2-dce3-4d95-859d-ad2a50b0cd09_1373-29,3,1,1,1,2137f7a2-dce3-4d95-859d-ad2a50b0cd09,-0.20531012278267052
2142bbd6-da88-4976-8668-8f21c27ed456_775-93,1,1,1,0,2142bbd6-da88-4976-8668-8f21c27ed456,1.0106782050860015
21438820-16d7-4fcd-b0d0-5def201fc65e_1321-22,3,1,1,1,21438820-16d7-4fcd-b0d0-5def201fc65e,1.0454303299199954
214b62df-2fb1-4b0e-af9d-42b0dd37defb_1128-08,2,1,1,3,214b62df-2fb1-4b0e-af9d-42b0dd37defb,0.7068530550781109
214b62df-2fb1-4b0e-af9d-42b0dd37defb_1307-44,0,1,1,3,214b62df-2fb1-4b0e-af9d-42b0dd37defb,1.1924322381894341
214b62df-2fb1-4b0e-af9d-42b0dd37defb_138-53,3,1,1,3,214b62df-2fb1-4b0e-af9d-42b0dd37defb,1.2847833521189984
214b62df-2fb1-4b0e-af9d-42b0dd37defb_1599-71,2,1,1,3,214b62df-2fb1-4b0e-af9d-42b0dd37defb,1.2847833521189984
214b62df-2fb1-4b0e-af9d-42b0dd37defb_1955-31,3,0,0,3,214b62df-2fb1-4b0e-af9d-42b0dd37defb,1.0812404801441104
214b62df-2fb1-4b0e-af9d-42b0dd37defb_2020-07,2,1,1,3,214b62df-2fb1-4b0e-af9d-42b0dd37defb,1.2847833521189984
214b62df-2fb1-4b0e-af9d-42b0dd37defb_2040-30,0,1,1,3,214b62df-2fb1-4b0e-af9d-42b0dd37defb,1.0608875395526407
214b62df-2fb1-4b0e-af9d-42b0dd37defb_2076-23,1,1,1,3,214b62df-2fb1-4b0e-af9d-42b0dd37defb,1.2847833521189984
214b62df-2fb1-4b0e-af9d-42b0dd37defb_2181-76,1,1,1,3,214b62df-2fb1-4b0e-af9d-42b0dd37defb,0.9950037536101815
214b62df-2fb1-4b0e-af9d-42b0dd37defb_2189-63,0,1,1,3,214b62df-2fb1-4b0e-af9d-42b0dd37defb,1.0812404801441104
214b62df-2fb1-4b0e-af9d-42b0dd37defb_800-76,3,1,1,3,214b62df-2fb1-4b0e-af9d-42b0dd37defb,1.270560647585201
225a1ffe-3e7e-4ff8-a47e-2e80989077fe_94-47,0,1,1,1,225a1ffe-3e7e-4ff8-a47e-2e80989077fe,1.1347700272740606
22653c79-369f-4a0d-a663-33a1da378fe0_245-16,0,0,0,0,22653c79-369f-4a0d-a663-33a1da378fe0,0.5243382395179839
22653c79-369f-4a0d-a663-33a1da378fe0_292-96,1,1,1,0,22653c79-369f-4a0d-a663-33a1da378fe0,2.1216923218418713
22f68c6a-b8dd-44e6-b1fe-d4e619e72f59_662-18,0,1,1,0,22f68c6a-b8dd-44e6-b1fe-d4e619e72f59,0.5193737452916167
235b49d2-b59c-4079-81cc-ad9c01dbd2df_22-56,3,0,0,3,235b49d2-b59c-4079-81cc-ad9c01dbd2df,0.7903797214277186
23ac2590-b25f-4718-8c9b-89d32eb992b2_641-98,0,1,1,4,23ac2590-b25f-4718-8c9b-89d32eb992b2,1.6740508472555315
23ac3708-df1d-4bb0-a4c7-b2a66855dccb_447-26,2,0,0,1,23ac3708-df1d-4bb0-a4c7-b2a66855dccb,-0.7780957997873599
23ac3708-df1d-4bb0-a4c7-b2a66855dccb_950-08,3,1,1,1,23ac3708-df1d-4bb0-a4c7-b2a66855dccb,1.3463264332650826
23ad5ebf-6223-4938-8609-d5df7afcf599_267-76,2,0,0,4,23ad5ebf-6223-4938-8609-d5df7afcf599,0.6432079699150735
243e800d-fc75-473d-b944-a95844e13a78_1602-75,1,1,1,4,243e800d-fc75-473d-b944-a95844e13a78,-0.08608794628978034
24c447b6-094f-49a6-9c20-ed594ab0da65_0-04,3,0,0,0,24c447b6-094f-49a6-9c20-ed594ab0da65,-0.17991404346570905
24c447b6-094f-49a6-9c20-ed594ab0da65_947-73,2,1,1,0,24c447b6-094f-49a6-9c20-ed594ab0da65,1.6443088085579813
24e24f1f-af43-4ee5-86be-2a4d5cf772c5_194-62,0,1,1,4,24e24f1f-af43-4ee5-86be-2a4d5cf772c5,2.085432969257817
24e24f1f-af43-4ee5-86be-2a4d5cf772c5_40-56,3,0,0,4,24e24f1f-af43-4ee5-86be-2a4d5cf772c5,-0.3752014430882309
254029e5-fed4-40a7-bef1-12b9faff3202_1017-93,2,1,1,2,254029e5-fed4-40a7-bef1-12b9faff3202,0.32745318753567937
258a7d18-4e66-4e3a-9fa0-f8daf7315a6d_1387-30,1,1,1,2,258a7d18-4e66-4e3a-9fa0-f8daf7315a6d,1.4060503275094738
258a7d18-4e66-4e3a-9fa0-f8daf7315a6d_1892-58,0,1,1,2,258a7d18-4e66-4e3a-9fa0-f8daf7315a6d,1.0325008941824771
25ade38d-3e6b-4aa1-851d-7fbf791201c0_887-41,2,1,1,1,25ade38d-3e6b-4aa1-851d-7fbf791201c0,0.8909062623820245
25beabfc-48c0-4f81-b419-c47297aecf6f_203-09,3,1,1,0,25beabfc-48c0-4f81-b419-c47297aecf6f,-0.8732616202123877
25f88143-835a-4ac9-9272-eada5dbb8440_162-66,2,0,0,2,25f88143-835a-4ac9-9272-eada5dbb8440,0.24422000960524576
26192bcd-7240-4d7b-8306-fa4eed0264f2_4935-17,2,0,0,4,26192bcd-7240-4d7b-8306-fa4eed0264f2,-0.5283592805074879
261edec2-f089-4a74-b25f-ddf32c92f90c_1105-51,3,1,1,4,261edec2-f089-4a74-b25f-ddf32c92f90c,0.2758091100847962
261edec2-f089-4a74-b25f-ddf32c92f90c_801-93,2,0,0,4,261edec2-f089-4a74-b25f-ddf32c92f90c,-0.1287557600622471
262fd2ec-8eba-44d9-8082-4d0574f7a515_1038-82,2,1,1,4,262fd2ec-8eba-44d9-8082-4d0574f7a515,0.3859526020300948
262fd2ec-8eba-44d9-8082-4d0574f7a515_1440-24,3,1,1,4,262fd2ec-8eba-44d9-8082-4d0574f7a515,0.4138152965594378
262fd2ec-8eba-44d9-8082-4d0574f7a515_3000-11,1,0,0,4,262fd2ec-8eba-44d9-8082-4d0574f7a515,0.5389980936103673
262fd2ec-8eba-44d9-8082-4d0574f7a515_3060-97,2,0,0,4,262fd2ec-8eba-44d9-8082-4d0574f7a515,-0.24475558078671722
2638b358-6b13-434c-bf03-a48bca96f287_636-40,0,1,1,2,2638b358-6b13-434c-bf03-a48bca96f287,0.5521981517318262
2680068d-b3ae-42d8-971f-e842c2d4fbb4_1248-72,0,0,0,4,2680068d-b3ae-42d8-971f-e842c2d4fbb4,1.1003699111254046
2680068d-b3ae-42d8-971f-e842c2d4fbb4_739-57,3,1,1,4,2680068d-b3ae-42d8-971f-e842c2d4fbb4,1.0941975405746671
268a17eb-3f11-45d4-a671-9e0d8a637363_2969-91,2,1,1,3,268a17eb-3f11-45d4-a671-9e0d8a637363,1.345419698684274
27f9cd4e-8b61-477c-9b63-ca3d437a0dff_250-50,2,1,1,2,27f9cd4e-8b61-477c-9b63-ca3d437a0dff,1.128643878481475
27f9cd4e-8b61-477c-9b63-ca3d437a0dff_855-42,3,1,1,2,27f9cd4e-8b61-477c-9b63-ca3d437a0dff,0.6800900480314895
283a15b5-59ae-4f04-9738-bf49c97496a8_102-60,2,1,1,4,283a15b5-59ae-4f04-9738-bf49c97496a8,0.9005561626750169
2859218c-84ee-4e85-833f-74255b355032_1032-03,1,1,1,0,2859218c-84ee-4e85-833f-74255b355032,1.7741515849835887
2859218c-84ee-4e85-833f-74255b355032_2390-60,2,0,0,0,2859218c-84ee-4e85-833f-74255b355032,0.42328993281296995
2859218c-84ee-4e85-833f-74255b355032_39-61,1,1,1,0,2859218c-84ee-4e85-833f-74255b355032,0.5733022009563187
2859218c-84ee-4e85-833f-74255b355032_596-50,1,1,1,0,2859218c-84ee-4e85-833f-74255b355032,-0.3606209552361107
2876b375-e848-412c-8a6f-0664cbab6a33_474-94,3,0,0,0,2876b375-e848-412c-8a6f-0664cbab6a33,0.8266441118465695
2876b375-e848-412c-8a6f-0664cbab6a33_574-54,2,0,0,0,2876b375-e848-412c-8a6f-0664cbab6a33,0.14013499090037346
287c98fa-f0a4-4944-b798-bcae618258d3_1087-69,1,0,0,1,287c98fa-f0a4-4944-b798-bcae618258d3,0.2977353640155165
2893d559-89cb-4125-a761-3ff8e68768a9_565-53,2,1,1,2,2893d559-89cb-4125-a761-3ff8e68768a9,0.775494419381743
2893d559-89cb-4125-a761-3ff8e68768a9_638-82,2,1,1,2,2893d559-89cb-4125-a761-3ff8e68768a9,2.506234905138158
2893d559-89cb-4125-a761-3ff8e68768a9_84-09,3,1,1,2,2893d559-89cb-4125-a761-3ff8e68768a9,0.9965328930365152
2893d559-89cb-4125-a761-3ff8e68768a9_88-42,2,0,0,2,2893d559-89cb-4125-a761-3ff8e68768a9,0.947297008485906
28ff9118-e876-497c-9901-cb89a62509fc_432-66,3,1,1,2,28ff9118-e876-497c-9901-cb89a62509fc,0.7132203684187175
2911fa95-30ca-4524-8876-85a90f1fd221_19-38,3,0,0,3,2911fa95-30ca-4524-8876-85a90f1fd221,0.2005947552060353
294c8827-a667-49a5-9e7e-9c910001ce54_101-30,2,1,1,1,294c8827-a667-49a5-9e7e-9c910001ce54,-0.2530652782038307
29e45749-f8d5-42c7-af09-7fbb3d6697e9_876-21,2,0,0,2,29e45749-f8d5-42c7-af09-7fbb3d6697e9,0.049367141003827775
2a2ff7db-5460-4296-a8a7-946ba628226d_1549-08,2,0,0,4,2a2ff7db-5460-4296-a8a7-946ba628226d,1.1183891966133692
2a831288-6e91-4aba-9385-f22f666fab99_525-32,0,1,1,1,2a831288-6e91-4aba-9385-f22f666fab99,0.7122254736816489
2a97736a-4fff-4753-84de-e6586a5603cc_185-44,0,0,0,1,2a97736a-4fff-4753-84de-e6586a5603cc,0.6043784258581453
2a97736a-4fff-4753-84de-e6586a5603cc_2707-05,0,0,0,1,2a97736a-4fff-4753-84de-e6586a5603cc,-0.09445090090315789
2a97736a-4fff-4753-84de-e6586a5603cc_2711-38,0,0,0,1,2a97736a-4fff-4753-84de-e6586a5603cc,0.1344350938033554
2a97736a-4fff-4753-84de-e6586a5603cc_2712-24,2,0,0,1,2a97736a-4fff-4753-84de-e6586a5603cc,-0.7090236656821025
2a97736a-4fff-4753-84de-e6586a5603cc_297-35,3,1,1,1,2a97736a-4fff-4753-84de-e6586a5603cc,0.6060538172717465
2ac65951-49b0-4629-981e-edc34b8cdb0f_1091-69,1,1,1,3,2ac65951-49b0-4629-981e-edc34b8cdb0f,2.244176712562006
2ac65951-49b0-4629-981e-edc34b8cdb0f_1349-72,2,1,1,3,2ac65951-49b0-4629-981e-edc34b8cdb0f,2.719215836602403
2ac8acbc-9ea4-4bed-bbc2-aa53cc5f098a_1105-87,3,1,1,2,2ac8acbc-9ea4-4bed-bbc2-aa53cc5f098a,0.9193223546768048
2b012751-2e50-4acb-b645-c864930e92c8_1119-28,0,0,0,4,2b012751-2e50-4acb-b645-c864930e92c8,0.6262877440761223
2b012751-2e50-4acb-b645-c864930e92c8_822-56,3,1,1,4,2b012751-2e50-4acb-b645-c864930e92c8,0.44042133847012194
2b7ace86-149f-4354-b617-c8ebd08c5310_1416-39,2,1,1,2,2b7ace86-149f-4354-b617-c8ebd08c5310,1.5836555236857524
2b7ace86-149f-4354-b617-c8ebd08c5310_381-65,2,1,1,2,2b7ace86-149f-4354-b617-c8ebd08c5310,-0.05549164406195978
2c5d38ed-012f-4732-9eb8-89beddb07641_447-87,0,0,0,0,2c5d38ed-012f-4732-9eb8-89beddb07641,0.01737938419377366
2c77de23-cd87-4a41-a83c-4bdc0170f45c_80-46,1,1,1,3,2c77de23-cd87-4a41-a83c-4bdc0170f45c,1.2136874495669947
2c9a2cb8-93fd-4932-bb76-60e80822b70b_782-07,1,1,1,0,2c9a2cb8-93fd-4932-bb76-60e80822b70b,0.6994068090712648
2cc2710e-aae0-41eb-9a70-deb9217bb7ea_3646-90,1,0,0,0,2cc2710e-aae0-41eb-9a70-deb9217bb7ea,0.6066939771668769
2cc2710e-aae0-41eb-9a70-deb9217bb7ea_3838-38,2,1,1,0,2cc2710e-aae0-41eb-9a70-deb9217bb7ea,0.7996817195510113
2cd9a214-b950-49b6-aa04-0cfd0f85fe5f_528-48,0,0,0,4,2cd9a214-b950-49b6-aa04-0cfd0f85fe5f,0.1755370687904499
2cddb76f-24d1-4863-bd91-9a5d1922a543_1368-59,3,1,1,4,2cddb76f-24d1-4863-bd91-9a5d1922a543,-0.4534442016304868
2cddb76f-24d1-4863-bd91-9a5d1922a543_1681-29,3,1,1,4,2cddb76f-24d1-4863-bd91-9a5d1922a543,0.6309518720401517
2d01625b-b7c4-41aa-989b-2d0b392d8b54_113-94,0,1,1,3,2d01625b-b7c4-41aa-989b-2d0b392d8b54,1.005470253667425
2d01625b-b7c4-41aa-989b-2d0b392d8b54_1323-22,0,1,1,3,2d01625b-b7c4-41aa-989b-2d0b392d8b54,1.6437442561320754
2d01625b-b7c4-41aa-989b-2d0b392d8b54_195-58,1,1,1,3,2d01625b-b7c4-41aa-989b-2d0b392d8b54,1.5182464393000321
2d01625b-b7c4-41aa-989b-2d0b392d8b54_328-63,3,1,1,3,2d01625b-b7c4-41aa-989b-2d0b392d8b54,1.0577674850280843
2d13c92e-f43f-40f2-b603-cb749e5fee70_2243-41,2,1,1,0,2d13c92e-f43f-40f2-b603-cb749e5fee70,2.1216923218418713
2d1baacd-d82b-4e0c-9d85-b420fb9bde91_345-02,1,0,0,4,2d1baacd-d82b-4e0c-9d85-b420fb9bde91,1.2060103056728142
2d1bf98e-a133-4f63-bc1d-91f718078a52_337-47,3,1,1,3,2d1bf98e-a133-4f63-bc1d-91f718078a52,0.16720001124404393
2d76e155-dcae-4fdb-be83-a37f09e699a8_46-48,2,1,1,2,2d76e155-dcae-4fdb-be83-a37f09e699a8,0.2174729950459781
2dbdd409-0be0-447c-8ae8-3f107fe9af80_1058-94,3,1,1,2,2dbdd409-0be0-447c-8ae8-3f107fe9af80,0.29609663551890014
2dbdd409-0be0-447c-8ae8-3f107fe9af80_1439-37,1,0,0,2,2dbdd409-0be0-447c-8ae8-3f107fe9af80,0.4156890393966652
2dbdd409-0be0-447c-8ae8-3f107fe9af80_1502-69,2,1,1,2,2dbdd409-0be0-447c-8ae8-3f107fe9af80,0.48819415376101477
2dbdd409-0be0-447c-8ae8-3f107fe9af80_1626-43,2,1,1,2,2dbdd409-0be0-447c-8ae8-3f107fe9af80,0.33549346377482464
2dbdd409-0be0-447c-8ae8-3f107fe9af80_163-46,0,1,1,2,2dbdd409-0be0-447c-8ae8-3f107fe9af80,0.8981763891998251
2dbdd409-0be0-447c-8ae8-3f107fe9af80_164-34,2,1,1,2,2dbdd409-0be0-447c-8ae8-3f107fe9af80,0.483869374065735
2dbdd409-0be0-447c-8ae8-3f107fe9af80_1653-80,1,0,0,2,2dbdd409-0be0-447c-8ae8-3f107fe9af80,0.05216209013256884
2dbdd409-0be0-447c-8ae8-3f107fe9af80_1697-32,2,0,0,2,2dbdd409-0be0-447c-8ae8-3f107fe9af80,2.295264156373708
2dbdd409-0be0-447c-8ae8-3f107fe9af80_1764-16,2,0,0,2,2dbdd409-0be0-447c-8ae8-3f107fe9af80,0.12499985569275524
2dbdd409-0be0-447c-8ae8-3f107fe9af80_1872-88,0,1,1,2,2dbdd409-0be0-447c-8ae8-3f107fe9af80,0.0862502651237998
2dbdd409-0be0-447c-8ae8-3f107fe9af80_19-50,0,1,1,2,2dbdd409-0be0-447c-8ae8-3f107fe9af80,1.6645384930438738
2dbdd409-0be0-447c-8ae8-3f107fe9af80_989-72,2,1,1,2,2dbdd409-0be0-447c-8ae8-3f107fe9af80,0.8788750331667647
2dfec7b6-c8b0-4cd0-baf6-4a963aed1d6a_1092-32,0,1,1,1,2dfec7b6-c8b0-4cd0-baf6-4a963aed1d6a,2.4007929702372985
2dfec7b6-c8b0-4cd0-baf6-4a963aed1d6a_1906-66,0,1,1,1,2dfec7b6-c8b0-4cd0-baf6-4a963aed1d6a,0.9912938358290089
2dff68c2-6310-4763-8d39-05a1dbe40fda_501-39,3,1,1,2,2dff68c2-6310-4763-8d39-05a1dbe40fda,0.9967475903183662
2e04b2bb-e5d3-4f66-a16e-f7756e14e749_392-62,1,1,1,3,2e04b2bb-e5d3-4f66-a16e-f7756e14e749,0.767820391769672
2eb4e516-9d71-4b68-847e-e1b0cb339b0a_684-96,2,1,1,4,2eb4e516-9d71-4b68-847e-e1b0cb339b0a,1.32294250467124
2ebcbb25-b099-44fa-8e8d-94d574413db9_5599-48,0,0,0,3,2ebcbb25-b099-44fa-8e8d-94d574413db9,-0.2752377337141149
2ec3c123-0a04-46d7-97d5-8b85b5e6d06f_1372-45,3,1,1,1,2ec3c123-0a04-46d7-97d5-8b85b5e6d06f,1.1696517677185525
2ec3c123-0a04-46d7-97d5-8b85b5e6d06f_249-67,0,0,0,1,2ec3c123-0a04-46d7-97d5-8b85b5e6d06f,0.7174095115015235
2ec3c123-0a04-46d7-97d5-8b85b5e6d06f_271-92,0,0,0,1,2ec3c123-0a04-46d7-97d5-8b85b5e6d06f,0.10927916533865412
2ec3c123-0a04-46d7-97d5-8b85b5e6d06f_432-01,3,0,0,1,2ec3c123-0a04-46d7-97d5-8b85b5e6d06f,-0.3814769404215248
2efc9b47-0a23-4247-89a6-db46dae6c998_328-94,3,1,1,4,2efc9b47-0a23-4247-89a6-db46dae6c998,2.4040817092836093
2efc9b47-0a23-4247-89a6-db46dae6c998_416-58,1,1,1,4,2efc9b47-0a23-4247-89a6-db46dae6c998,1.176280214088151
3024e27a-237a-4b48-8ea9-b9b16181eaf1_310-08,2,1,1,0,3024e27a-237a-4b48-8ea9-b9b16181eaf1,0.5297963994108525
3024e27a-237a-4b48-8ea9-b9b16181eaf1_49-89,2,0,0,0,3024e27a-237a-4b48-8ea9-b9b16181eaf1,0.1127548387740051
307b1878-875f-4703-bfe9-32d11d20853f_32-44,1,1,1,3,307b1878-875f-4703-bfe9-32d11d20853f,1.9887368964505039
307b1878-875f-4703-bfe9-32d11d20853f_63-96,2,1,1,3,307b1878-875f-4703-bfe9-32d11d20853f,1.4199718275020858
307b1878-875f-4703-bfe9-32d11d20853f_94-03,0,1,1,3,307b1878-875f-4703-bfe9-32d11d20853f,0.5914205839813433
3091004e-8606-417e-8bc2-7922f951845f_1921-59,3,0,0,1,3091004e-8606-417e-8bc2-7922f951845f,1.192686698157798
3091004e-8606-417e-8bc2-7922f951845f_73-46,1,1,1,1,3091004e-8606-417e-8bc2-7922f951845f,0.19663808101412672
31254977-d873-4b22-ba1a-aca3fe028ba8_233-94,3,0,0,1,31254977-d873-4b22-ba1a-aca3fe028ba8,0.04437818007473182
313cc9d1-c87f-44ec-9900-3ee8d75389be_148-43,0,1,1,0,313cc9d1-c87f-44ec-9900-3ee8d75389be,-0.31063045247924154
3178c414-453e-44e9-b192-67dba2ccc982_1088-81,2,1,1,2,3178c414-453e-44e9-b192-67dba2ccc982,0.9996636679180082
3178c414-453e-44e9-b192-67dba2ccc982_565-83,2,1,1,2,3178c414-453e-44e9-b192-67dba2ccc982,1.6929340588897637
31818126-5e0f-4b01-b532-1514587bceec_1514-30,0,1,1,0,31818126-5e0f-4b01-b532-1514587bceec,0.5888829677686929
31bb1175-5459-4812-bb9e-f9300e2733f1_3549-55,1,0,0,0,31bb1175-5459-4812-bb9e-f9300e2733f1,0.24830382795328648
31bb1175-5459-4812-bb9e-f9300e2733f1_3707-13,3,0,0,0,31bb1175-5459-4812-bb9e-f9300e2733f1,-0.10839266446228502
324ec8a1-3bd1-46b6-9abb-a824e53c0879_1801-82,2,1,1,4,324ec8a1-3bd1-46b6-9abb-a824e53c0879,1.176977389847418
32c34069-0111-4d89-9e55-1c68f18705ad_8758-17,1,0,0,3,32c34069-0111-4d89-9e55-1c68f18705ad,0.157082932762034
330c1e0d-b71a-452e-8b68-fdb96fa8a6ca_1228-35,2,1,1,1,330c1e0d-b71a-452e-8b68-fdb96fa8a6ca,1.4790137932935534
342cb558-ab3e-4b04-8169-a68bbf06a448_1575-74,1,0,0,1,342cb558-ab3e-4b04-8169-a68bbf06a448,0.6194363959287876
343f8d57-6331-40f3-823c-2aee4d5cc10f_1162-80,3,0,0,2,343f8d57-6331-40f3-823c-2aee4d5cc10f,-0.18090519909569314
343f8d57-6331-40f3-823c-2aee4d5cc10f_686-43,3,0,0,2,343f8d57-6331-40f3-823c-2aee4d5cc10f,0.12409507355389676
3455a3f3-1657-46bb-ae42-52d16ec5ffaa_4842-46,2,1,1,1,3455a3f3-1657-46bb-ae42-52d16ec5ffaa,2.1037598173800496
3455a3f3-1657-46bb-ae42-52d16ec5ffaa_6236-63,0,1,1,1,3455a3f3-1657-46bb-ae42-52d16ec5ffaa,2.8625256980834455
3455a3f3-1657-46bb-ae42-52d16ec5ffaa_959-38,2,1,1,1,3455a3f3-1657-46bb-ae42-52d16ec5ffaa,0.22678636404960495
34590a11-c136-4423-bdc4-c6a45221e546_565-25,1,1,1,3,34590a11-c136-4423-bdc4-c6a45221e546,0.7334167422341298
348180aa-c90b-463a-8b3f-0743469a8b59_3591-71,2,1,1,1,348180aa-c90b-463a-8b3f-0743469a8b59,-0.20799129572364916
348180aa-c90b-463a-8b3f-0743469a8b59_5526-16,0,1,1,1,348180aa-c90b-463a-8b3f-0743469a8b59,2.7858226766236145
348180aa-c90b-463a-8b3f-0743469a8b59_7126-75,3,0,0,1,348180aa-c90b-463a-8b3f-0743469a8b59,0.007506462156726734
348180aa-c90b-463a-8b3f-0743469a8b59_7135-61,0,1,1,1,348180aa-c90b-463a-8b3f-0743469a8b59,0.26423960117485223
348f0f69-cd49-4c00-af91-f1765155e858_1084-90,2,0,0,0,348f0f69-cd49-4c00-af91-f1765155e858,0.7112080796933096
348f0f69-cd49-4c00-af91-f1765155e858_1127-21,0,1,1,0,348f0f69-cd49-4c00-af91-f1765155e858,0.3093442063959971
356661f5-767b-495d-95c7-03dcc46f85c6_1826-46,3,1,1,4,356661f5-767b-495d-95c7-03dcc46f85c6,0.34322097447306926
356661f5-767b-495d-95c7-03dcc46f85c6_1858-56,3,0,0,4,356661f5-767b-495d-95c7-03dcc46f85c6,0.25317145080289666
356661f5-767b-495d-95c7-03dcc46f85c6_1860-68,0,1,1,4,356661f5-767b-495d-95c7-03dcc46f85c6,1.4013894151235717
356dd07e-8165-494c-9be8-b82d314bf88d_895-74,2,1,1,2,356dd07e-8165-494c-9be8-b82d314bf88d,0.9961300544198153
3588502f-e1c1-426c-81d6-6fac28e6c81a_531-41,0,1,1,1,3588502f-e1c1-426c-81d6-6fac28e6c81a,1.3599430085440474
358b4617-283d-48df-bfd8-523cbb525b5d_227-18,0,0,0,4,358b4617-283d-48df-bfd8-523cbb525b5d,0.2706423513097344
358e65ba-1ce0-46f6-a1b4-1c85569ef628_3143-38,0,0,0,3,358e65ba-1ce0-46f6-a1b4-1c85569ef628,1.1243421157912368
35ab724d-5dba-4094-927b-e7bc5ad8cf41_56-56,4,1,1,2,35ab724d-5dba-4094-927b-e7bc5ad8cf41,0.8861414003584449
35b1a8c7-80fd-402f-b240-768926b7bcee_285-73,1,1,1,0,35b1a8c7-80fd-402f-b240-768926b7bcee,0.937134652356622
35b1a8c7-80fd-402f-b240-768926b7bcee_562-55,1,1,1,0,35b1a8c7-80fd-402f-b240-768926b7bcee,-0.02296612962946859
35b37e37-6bb1-4131-be37-693e9b794a97_1345-02,2,0,0,0,35b37e37-6bb1-4131-be37-693e9b794a97,0.12411120713554863
35d92405-7ebf-4e54-8b9a-7cce8af30a79_63-09,2,1,1,4,35d92405-7ebf-4e54-8b9a-7cce8af30a79,0.097292398887795
35e004f4-ad64-4835-9358-38a58b431252_2629-86,4,0,0,3,35e004f4-ad64-4835-9358-38a58b431252,0.42288622018098676
3625b3d9-e323-4c05-a27a-aba79f01a5bd_18-58,2,0,0,2,3625b3d9-e323-4c05-a27a-aba79f01a5bd,-0.3552361849823086
3639ab8f-880a-45bd-b8a9-6ef6bdaad4ff_355-03,0,1,1,0,3639ab8f-880a-45bd-b8a9-6ef6bdaad4ff,0.1545055261414599
366b71ad-3f35-4704-b6ef-e793c7e73ac6_1040-50,0,1,1,2,366b71ad-3f35-4704-b6ef-e793c7e73ac6,-0.3544679870769749
366b71ad-3f35-4704-b6ef-e793c7e73ac6_1178-68,2,1,1,2,366b71ad-3f35-4704-b6ef-e793c7e73ac6,0.2472333949365249
366b71ad-3f35-4704-b6ef-e793c7e73ac6_15-36,0,1,1,2,366b71ad-3f35-4704-b6ef-e793c7e73ac6,-0.24899279363991605
366b71ad-3f35-4704-b6ef-e793c7e73ac6_41-78,2,0,0,2,366b71ad-3f35-4704-b6ef-e793c7e73ac6,-0.01603758607883282
36baa5a9-16bf-4ad6-b011-4d7daae6b8f9_1264-03,2,0,0,1,36baa5a9-16bf-4ad6-b011-4d7daae6b8f9,0.35979258869739006
36baa5a9-16bf-4ad6-b011-4d7daae6b8f9_423-57,2,1,1,1,36baa5a9-16bf-4ad6-b011-4d7daae6b8f9,0.3234266197867609
36baa5a9-16bf-4ad6-b011-4d7daae6b8f9_641-91,2,0,0,1,36baa5a9-16bf-4ad6-b011-4d7daae6b8f9,0.6638992372663128
375ca7e7-1e3c-4159-9f7f-4691ef11f322_68-87,0,1,1,3,375ca7e7-1e3c-4159-9f7f-4691ef11f322,0.15128261482888916
375ca7e7-1e3c-4159-9f7f-4691ef11f322_70-62,3,0,0,3,375ca7e7-1e3c-4159-9f7f-4691ef11f322,0.8294253359537562
3761fbb4-3e0e-4b15-a277-fec95edacf04_1783-59,1,0,0,3,3761fbb4-3e0e-4b15-a277-fec95edacf04,-0.10788530618823117
3761fbb4-3e0e-4b15-a277-fec95edacf04_2287-87,1,1,1,3,3761fbb4-3e0e-4b15-a277-fec95edacf04,1.7650071504262757
3761fbb4-3e0e-4b15-a277-fec95edacf04_2288-64,3,1,1,3,3761fbb4-3e0e-4b15-a277-fec95edacf04,0.16305058487858848
3761fbb4-3e0e-4b15-a277-fec95edacf04_4702-37,3,1,1,3,3761fbb4-3e0e-4b15-a277-fec95edacf04,1.6934241626457358
378af037-7200-4d75-8f83-ddc74e1cd2dc_3193-87,4,1,1,3,378af037-7200-4d75-8f83-ddc74e1cd2dc,1.956644873567425
378af037-7200-4d75-8f83-ddc74e1cd2dc_3511-24,3,1,1,3,378af037-7200-4d75-8f83-ddc74e1cd2dc,0.1966770468931175
381c4c64-a697-42ab-90ab-a515740bf484_1318-72,0,0,0,2,381c4c64-a697-42ab-90ab-a515740bf484,1.821230745742587
381c4c64-a697-42ab-90ab-a515740bf484_578-95,2,1,1,2,381c4c64-a697-42ab-90ab-a515740bf484,1.0600247835493115
38737402-19bd-4689-9e74-3af391b15feb_1017-05,3,1,1,1,38737402-19bd-4689-9e74-3af391b15feb,0.7205977783809581
38737402-19bd-4689-9e74-3af391b15feb_1338-80,3,0,0,1,38737402-19bd-4689-9e74-3af391b15feb,0.04899772154213544
38737402-19bd-4689-9e74-3af391b15feb_1424-12,3,1,1,1,38737402-19bd-4689-9e74-3af391b15feb,1.9030513247061474
38737402-19bd-4689-9e74-3af391b15feb_650-15,3,0,0,1,38737402-19bd-4689-9e74-3af391b15feb,0.26604995583137414
38788778-0822-4c9c-b51e-5bce8a765a97_83-68,2,1,1,4,38788778-0822-4c9c-b51e-5bce8a765a97,0.07780307014420157
38788778-0822-4c9c-b51e-5bce8a765a97_91-28,3,1,1,4,38788778-0822-4c9c-b51e-5bce8a765a97,0.12054678093491505
38a66acf-33c8-4ed5-b814-7322087b2e21_2113-44,2,1,1,3,38a66acf-33c8-4ed5-b814-7322087b2e21,0.8501209796881606
38a66acf-33c8-4ed5-b814-7322087b2e21_4267-76,0,0,0,3,38a66acf-33c8-4ed5-b814-7322087b2e21,0.3621259986263362
38a66acf-33c8-4ed5-b814-7322087b2e21_835-53,0,0,0,3,38a66acf-33c8-4ed5-b814-7322087b2e21,0.7921457587204219
38a7b760-56f9-4565-8b70-f8dad5768ace_296-28,1,0,0,2,38a7b760-56f9-4565-8b70-f8dad5768ace,0.43172486394713655
38a8d256-8d63-4f28-8837-ebd80dcd10e7_227-55,2,1,1,1,38a8d256-8d63-4f28-8837-ebd80dcd10e7,1.5559776954354008
38b56399-3b1c-421d-8a80-1e5f54fcd667_0-84,0,1,1,0,38b56399-3b1c-421d-8a80-1e5f54fcd667,0.24766484969243036
38b56399-3b1c-421d-8a80-1e5f54fcd667_806-77,2,0,0,0,38b56399-3b1c-421d-8a80-1e5f54fcd667,-0.34852435096398837
38b6d0fe-e317-47a1-8fa3-87e7a4a21183_375-27,1,1,1,1,38b6d0fe-e317-47a1-8fa3-87e7a4a21183,0.9836557937433041
38b6d0fe-e317-47a1-8fa3-87e7a4a21183_80-19,0,1,1,1,38b6d0fe-e317-47a1-8fa3-87e7a4a21183,1.0643090600545146
39208fca-0c54-48e9-b4f3-b4803bb67661_3315-32,2,1,1,0,39208fca-0c54-48e9-b4f3-b4803bb67661,0.12448939251774654
3925576b-6900-4112-8620-8739de771da9_2447-44,3,1,1,4,3925576b-6900-4112-8620-8739de771da9,0.8532888043631008
39a53568-d759-4f19-ac19-bc4ba29b5c17_726-07,3,0,0,3,39a53568-d759-4f19-ac19-bc4ba29b5c17,-0.548873821261431
39af7641-e376-4a99-977f-4d7f746e14ba_79-79,2,0,0,2,39af7641-e376-4a99-977f-4d7f746e14ba,-0.13359537925512532
39d0559a-d1e8-4fca-b7f4-db87bbbbde7e_857-69,2,0,0,0,39d0559a-d1e8-4fca-b7f4-db87bbbbde7e,0.1837074712221876
39d1462e-506c-482b-9c9e-a94cffd71563_2316-87,3,0,0,3,39d1462e-506c-482b-9c9e-a94cffd71563,0.5057790820630352
3a53bfdc-daf7-4bbc-bb9f-af449021d237_1629-28,0,1,1,4,3a53bfdc-daf7-4bbc-bb9f-af449021d237,-0.33590524861075977
3a718f0f-a85e-4461-b5bc-94c5a8d300a8_648-56,0,1,1,3,3a718f0f-a85e-4461-b5bc-94c5a8d300a8,0.7618463383500513
3a839ee1-2391-43bb-a253-c2c45d753bac_271-43,1,1,1,2,3a839ee1-2391-43bb-a253-c2c45d753bac,0.37424580911794875
3a9a814d-222f-4712-97b4-a71d9f8b5a4a_277-20,3,0,0,1,3a9a814d-222f-4712-97b4-a71d9f8b5a4a,0.21423943722770833
3a9a814d-222f-4712-97b4-a71d9f8b5a4a_288-34,0,0,0,1,3a9a814d-222f-4712-97b4-a71d9f8b5a4a,-0.04996049206497288
3ab744ba-9969-452c-a825-38affebd4139_13-22,0,1,1,2,3ab744ba-9969-452c-a825-38affebd4139,-0.3720996028938052
3ab744ba-9969-452c-a825-38affebd4139_319-13,3,1,1,2,3ab744ba-9969-452c-a825-38affebd4139,0.6270331465039685
3ae05e5a-f724-41e8-9000-90b7dd31379b_288-48,3,0,0,1,3ae05e5a-f724-41e8-9000-90b7dd31379b,0.12845818720853697
3b021bad-6945-4be2-a7db-44af3db1eae8_2667-18,2,1,1,4,3b021bad-6945-4be2-a7db-44af3db1eae8,1.1892127095109735
3b342c9c-eb30-4cc6-8ced-53c4fb7b3a8d_290-89,2,0,0,0,3b342c9c-eb30-4cc6-8ced-53c4fb7b3a8d,0.9011060978271854
3b342c9c-eb30-4cc6-8ced-53c4fb7b3a8d_783-98,2,0,0,0,3b342c9c-eb30-4cc6-8ced-53c4fb7b3a8d,-0.042330529813791484
3b3ecf0c-ee8d-4518-bf1c-3301ba44c743_226-48,1,1,1,0,3b3ecf0c-ee8d-4518-bf1c-3301ba44c743,1.1459287416661197
3be8d10c-8e88-4f29-af13-6eab7b509ed8_7-19,3,1,1,2,3be8d10c-8e88-4f29-af13-6eab7b509ed8,0.05645590057883798
3c54ff87-27c0-4ab8-b934-4f0289221bff_279-60,1,1,1,3,3c54ff87-27c0-4ab8-b934-4f0289221bff,1.8202189869136114
3c5841d6-8d79-4aa7-b020-bbb6ef114b42_402-54,4,1,1,3,3c5841d6-8d79-4aa7-b020-bbb6ef114b42,0.9904831514149819
3c9b7fa8-5588-46a7-aafa-0a1404bfbbd7_1020-57,0,1,1,1,3c9b7fa8-5588-46a7-aafa-0a1404bfbbd7,0.8809503311650544
3c9ce1b1-9eaa-4e3d-9ebb-91f9d904178e_1420-03,0,1,1,2,3c9ce1b1-9eaa-4e3d-9ebb-91f9d904178e,0.6753554423099091
3c9ce1b1-9eaa-4e3d-9ebb-91f9d904178e_2345-99,0,0,0,2,3c9ce1b1-9eaa-4e3d-9ebb-91f9d904178e,-0.37381322851818755
3c9ce1b1-9eaa-4e3d-9ebb-91f9d904178e_2453-52,2,1,1,2,3c9ce1b1-9eaa-4e3d-9ebb-91f9d904178e,2.506234905138158
3ce37765-7d70-4dd6-991c-a83286ba05b2_1423-56,0,1,1,0,3ce37765-7d70-4dd6-991c-a83286ba05b2,0.1363719885249614
3ce37765-7d70-4dd6-991c-a83286ba05b2_1423-60,1,0,0,0,3ce37765-7d70-4dd6-991c-a83286ba05b2,0.5885822169183819
3d93c92c-8c12-4972-9f29-c8bef5c321ba_1742-89,4,1,1,1,3d93c92c-8c12-4972-9f29-c8bef5c321ba,0.5967156259778912
3d93c92c-8c12-4972-9f29-c8bef5c321ba_832-45,3,1,1,1,3d93c92c-8c12-4972-9f29-c8bef5c321ba,0.2735868179480869
3d98a5d2-a34b-499e-98f2-9195f300394a_3004-17,1,0,0,2,3d98a5d2-a34b-499e-98f2-9195f300394a,1.308324925810646
3dbe950d-163c-40a4-9590-494748e1dd39_1644-63,2,1,1,4,3dbe950d-163c-40a4-9590-494748e1dd39,0.16476749155382436
3dbe950d-163c-40a4-9590-494748e1dd39_6666-20,1,1,1,4,3dbe950d-163c-40a4-9590-494748e1dd39,-0.18023639500026628
3dd00666-a34d-4b45-bb4c-7a4c2342e475_1264-75,2,1,1,1,3dd00666-a34d-4b45-bb4c-7a4c2342e475,1.7288774168962004
3dd08c84-ee0a-4fa6-a859-98fd969ec720_1276-65,3,0,0,0,3dd08c84-ee0a-4fa6-a859-98fd969ec720,1.1020178665532083
3dd08c84-ee0a-4fa6-a859-98fd969ec720_518-21,0,1,1,0,3dd08c84-ee0a-4fa6-a859-98fd969ec720,0.6108869573815761
3de48a49-665d-4c1b-9655-82532e108e6a_1393-69,0,1,1,1,3de48a49-665d-4c1b-9655-82532e108e6a,-0.3479093265685762
3de48a49-665d-4c1b-9655-82532e108e6a_1395-29,1,1,1,1,3de48a49-665d-4c1b-9655-82532e108e6a,0.8227162933531071
3decc0f8-9806-40dd-83d5-26c495dd7830_2268-25,0,1,1,2,3decc0f8-9806-40dd-83d5-26c495dd7830,0.7269526089434843
3decc0f8-9806-40dd-83d5-26c495dd7830_5147-61,3,1,1,2,3decc0f8-9806-40dd-83d5-26c495dd7830,2.0700701230288296
3df50de7-7ef7-4938-9cdb-fb2d07751084_666-85,3,1,1,2,3df50de7-7ef7-4938-9cdb-fb2d07751084,1.1297397846964203
3e418323-3ff7-4d03-9b60-275f1e20f5dc_315-49,1,1,1,3,3e418323-3ff7-4d03-9b60-275f1e20f5dc,1.2526116455884513
3e418323-3ff7-4d03-9b60-275f1e20f5dc_589-19,0,0,0,3,3e418323-3ff7-4d03-9b60-275f1e20f5dc,0.8620619793583015
3ea1662a-6766-4bc9-8d42-9b48d4e8384c_132-89,0,0,0,1,3ea1662a-6766-4bc9-8d42-9b48d4e8384c,-0.3081105312640227
3efc152d-ea0e-4372-b552-7d5e1cf07259_14658-02,1,0,0,4,3efc152d-ea0e-4372-b552-7d5e1cf07259,0.5539416407555413
3efc152d-ea0e-4372-b552-7d5e1cf07259_6116-76,1,1,1,4,3efc152d-ea0e-4372-b552-7d5e1cf07259,0.9781889506688932
3efc152d-ea0e-4372-b552-7d5e1cf07259_6416-63,1,0,0,4,3efc152d-ea0e-4372-b552-7d5e1cf07259,0.46887442072253055
3f292ce2-fb0d-477e-b6b5-18c6ef38366e_2018-00,1,1,1,1,3f292ce2-fb0d-477e-b6b5-18c6ef38366e,0.38019340702985327
3f292ce2-fb0d-477e-b6b5-18c6ef38366e_889-07,0,1,1,1,3f292ce2-fb0d-477e-b6b5-18c6ef38366e,-0.09844158246282064
3f712a5b-c1cf-4f2a-b0ab-ca0e2e4f0e3c_1166-83,1,1,1,2,3f712a5b-c1cf-4f2a-b0ab-ca0e2e4f0e3c,1.1349274896716455
3f712a5b-c1cf-4f2a-b0ab-ca0e2e4f0e3c_119-87,1,1,1,2,3f712a5b-c1cf-4f2a-b0ab-ca0e2e4f0e3c,1.6620401182200004
3f7f5927-02e7-42ea-a31a-edea41bc17f9_565-60,0,1,1,2,3f7f5927-02e7-42ea-a31a-edea41bc17f9,0.7413666177418154
3f8dbb4f-ad5e-4d54-bf95-3ddbe968a85d_27-63,0,1,1,1,3f8dbb4f-ad5e-4d54-bf95-3ddbe968a85d,-0.6261173530112593
3fb410d6-e5aa-49d3-b184-75ec9651550f_2226-52,3,1,1,0,3fb410d6-e5aa-49d3-b184-75ec9651550f,0.05387907629235694
3ffb9247-a141-4056-a644-dd3fbab708a4_364-69,3,1,1,4,3ffb9247-a141-4056-a644-dd3fbab708a4,-0.012751746939424713
3ffeedef-3088-4e70-a21d-3578f07546a2_2438-39,0,1,1,3,3ffeedef-3088-4e70-a21d-3578f07546a2,0.5057675677975038
3ffeedef-3088-4e70-a21d-3578f07546a2_632-12,1,0,0,3,3ffeedef-3088-4e70-a21d-3578f07546a2,0.42950825292477446
3fffb452-1c17-43fa-b473-c9e19ac21433_2774-23,3,1,1,3,3fffb452-1c17-43fa-b473-c9e19ac21433,0.8743711259892326
4065f62a-faae-4926-aee8-1d5bf73661a3_2321-27,2,0,0,0,4065f62a-faae-4926-aee8-1d5bf73661a3,1.311553757017471
4065f62a-faae-4926-aee8-1d5bf73661a3_382-42,2,1,1,0,4065f62a-faae-4926-aee8-1d5bf73661a3,1.2636092621544617
406f3614-0b99-4b3f-b3cb-a4590bad9e27_288-93,1,0,0,4,406f3614-0b99-4b3f-b3cb-a4590bad9e27,1.9543417923775304
406f3614-0b99-4b3f-b3cb-a4590bad9e27_811-10,3,0,0,4,406f3614-0b99-4b3f-b3cb-a4590bad9e27,-0.3802086118735874
407df63f-c7a8-4c18-aa0f-b8e6ae16a938_620-12,3,1,1,1,407df63f-c7a8-4c18-aa0f-b8e6ae16a938,1.9858518502978355
408acdc8-c286-482b-91ba-3fcda24fedc3_1554-86,1,1,1,0,408acdc8-c286-482b-91ba-3fcda24fedc3,0.3046213580326996
40b33c95-3689-4ec8-8765-7e926f623b75_1593-37,4,1,1,1,40b33c95-3689-4ec8-8765-7e926f623b75,0.07241705665016174
40b33c95-3689-4ec8-8765-7e926f623b75_530-94,2,0,0,1,40b33c95-3689-4ec8-8765-7e926f623b75,0.30250684847942644
40b33c95-3689-4ec8-8765-7e926f623b75_726-75,0,1,1,1,40b33c95-3689-4ec8-8765-7e926f623b75,0.8612908583551615
40f3258a-f7d8-4b05-8b6a-bd9f8d5b85fb_792-58,1,1,1,2,40f3258a-f7d8-4b05-8b6a-bd9f8d5b85fb,1.2659735996740535
41c32675-1cc9-47f2-82e5-5ef1eacb720b_92-49,3,1,1,2,41c32675-1cc9-47f2-82e5-5ef1eacb720b,0.3384660129531734
41ebc581-9f9a-44d5-9c73-8bf287c43856_3353-58,0,1,1,3,41ebc581-9f9a-44d5-9c73-8bf287c43856,0.7709948958925026
4209376c-04be-47f0-b905-835fedde4cd0_5602-77,3,1,1,2,4209376c-04be-47f0-b905-835fedde4cd0,0.6443299901859532
421a0364-6ed6-4bd4-8db2-5de8e245c9bc_455-02,0,1,1,4,421a0364-6ed6-4bd4-8db2-5de8e245c9bc,0.7660829578680175
421a0364-6ed6-4bd4-8db2-5de8e245c9bc_549-95,2,1,1,4,421a0364-6ed6-4bd4-8db2-5de8e245c9bc,1.3915828981311538
42263a6a-e984-4dd9-82db-a43d6e879c8f_528-58,3,0,0,0,42263a6a-e984-4dd9-82db-a43d6e879c8f,0.9073716859479706
42263a6a-e984-4dd9-82db-a43d6e879c8f_828-54,4,1,1,0,42263a6a-e984-4dd9-82db-a43d6e879c8f,0.7392850760996019
426eb9d9-d4cf-4acc-9efb-979f61a5be91_785-24,0,1,1,2,426eb9d9-d4cf-4acc-9efb-979f61a5be91,-0.0929942005423472
428a80ce-ccc8-46e3-9cbb-419d224f148a_1420-33,1,0,0,2,428a80ce-ccc8-46e3-9cbb-419d224f148a,0.4976338944393009
428a80ce-ccc8-46e3-9cbb-419d224f148a_679-57,1,0,0,2,428a80ce-ccc8-46e3-9cbb-419d224f148a,-0.37372580456469096
42c08776-8832-4d37-8844-3ce89e405c62_1474-11,1,1,1,0,42c08776-8832-4d37-8844-3ce89e405c62,0.8041635142351158
42d72164-8f4a-49e4-8b95-b3ad423ba65b_1273-76,1,1,1,0,42d72164-8f4a-49e4-8b95-b3ad423ba65b,-0.039979333653743565
42d72164-8f4a-49e4-8b95-b3ad423ba65b_1368-26,1,1,1,0,42d72164-8f4a-49e4-8b95-b3ad423ba65b,0.07191644295704774
42d72164-8f4a-49e4-8b95-b3ad423ba65b_138-24,3,1,1,0,42d72164-8f4a-49e4-8b95-b3ad423ba65b,0.08386589283646956
42d72164-8f4a-49e4-8b95-b3ad423ba65b_149-58,2,0,0,0,42d72164-8f4a-49e4-8b95-b3ad423ba65b,0.34684325419272927
42d72164-8f4a-49e4-8b95-b3ad423ba65b_1575-60,3,0,0,0,42d72164-8f4a-49e4-8b95-b3ad423ba65b,0.4525917664564452
42d72164-8f4a-49e4-8b95-b3ad423ba65b_81-84,2,1,1,0,42d72164-8f4a-49e4-8b95-b3ad423ba65b,0.06665055809674675
4335b0cc-e10c-45df-aad3-a1fa66b7a7a8_2029-73,2,0,0,4,4335b0cc-e10c-45df-aad3-a1fa66b7a7a8,0.9929679296804719
434a5651-9901-4b32-b782-d9a2bb52e805_711-02,4,0,0,3,434a5651-9901-4b32-b782-d9a2bb52e805,0.278378927891363
439cfa9c-ef6b-41ba-aa5d-2f40b195b374_1380-00,3,1,1,2,439cfa9c-ef6b-41ba-aa5d-2f40b195b374,-0.09834025008329111
43d83207-9c41-46aa-90c9-e30a6194be11_354-50,1,1,1,0,43d83207-9c41-46aa-90c9-e30a6194be11,0.39816244771205117
43da1507-f497-4393-85a0-08196c04e16b_2646-34,4,1,1,4,43da1507-f497-4393-85a0-08196c04e16b,0.1814244962815889
44327c5e-9442-4334-b675-8019df3678af_2165-30,1,0,0,4,44327c5e-9442-4334-b675-8019df3678af,0.1724054996161018
444a032d-faef-447e-a5dd-c3c8386672b6_215-22,1,0,0,0,444a032d-faef-447e-a5dd-c3c8386672b6,0.1426392156425868
4469a684-b4f9-4b50-a26f-2943f477a420_980-96,3,1,1,1,4469a684-b4f9-4b50-a26f-2943f477a420,0.2877185865421037
449763d0-a924-40a4-8830-01e7028f9428_3059-66,1,0,0,1,449763d0-a924-40a4-8830-01e7028f9428,-0.2622669175671648
449763d0-a924-40a4-8830-01e7028f9428_3694-63,3,0,0,1,449763d0-a924-40a4-8830-01e7028f9428,-1.0250083236462748
449e14cf-f05e-42ac-bb7e-0ba87617f95a_582-28,3,0,0,0,449e14cf-f05e-42ac-bb7e-0ba87617f95a,-0.3103061669941777
44a65997-a52f-4e79-b4bf-cc1d74e39bc2_143-93,3,1,1,3,44a65997-a52f-4e79-b4bf-cc1d74e39bc2,0.9683161745593267
44c5117d-fb5c-4fcf-b648-d7eb76d5f95a_1424-15,0,1,1,2,44c5117d-fb5c-4fcf-b648-d7eb76d5f95a,1.5749186290824748
44c5117d-fb5c-4fcf-b648-d7eb76d5f95a_898-38,1,1,1,2,44c5117d-fb5c-4fcf-b648-d7eb76d5f95a,0.5710481195436152
45c274b8-54e6-4187-9fd9-73c0b0ada28d_109-66,1,1,1,4,45c274b8-54e6-4187-9fd9-73c0b0ada28d,1.284841052813049
45c274b8-54e6-4187-9fd9-73c0b0ada28d_1281-25,0,1,1,4,45c274b8-54e6-4187-9fd9-73c0b0ada28d,0.5187171091247393
45ed20a0-ba4b-41f2-9498-6084fc15d1e3_113-72,0,1,1,2,45ed20a0-ba4b-41f2-9498-6084fc15d1e3,0.17567786685229786
45f5f3df-072e-4869-b332-cfc3652092b2_997-48,1,0,0,3,45f5f3df-072e-4869-b332-cfc3652092b2,0.17719520624074936
4651e5c2-4371-4af2-8f05-cb8b0b1ec7fd_233-33,2,0,0,0,4651e5c2-4371-4af2-8f05-cb8b0b1ec7fd,0.3505652820375044
46c3b557-dbda-4868-a9c8-43741d5815e1_288-99,2,1,1,4,46c3b557-dbda-4868-a9c8-43741d5815e1,0.23211536434532348
470499d1-e015-4d45-a858-ca3e9566085e_2490-62,1,1,1,4,470499d1-e015-4d45-a858-ca3e9566085e,0.8038792892039159
470499d1-e015-4d45-a858-ca3e9566085e_2861-64,1,1,1,4,470499d1-e015-4d45-a858-ca3e9566085e,0.3625951646293237
470499d1-e015-4d45-a858-ca3e9566085e_961-34,1,0,0,4,470499d1-e015-4d45-a858-ca3e9566085e,1.0981244207315957
4756ab70-a3dc-4855-b015-70fd744ea8e8_82-91,1,1,1,3,4756ab70-a3dc-4855-b015-70fd744ea8e8,0.09117002943232189
4767de01-96e1-4cf4-80f4-1c9d3acd26ed_650-13,1,0,0,0,4767de01-96e1-4cf4-80f4-1c9d3acd26ed,0.6999610632517599
4840195a-580a-44c9-b1de-4bbb792473b5_487-41,0,0,0,1,4840195a-580a-44c9-b1de-4bbb792473b5,0.2761618563712491
48acd7ed-cafc-494b-9e47-8dddcdf0fa75_819-59,0,1,1,4,48acd7ed-cafc-494b-9e47-8dddcdf0fa75,1.407147190531391
48bd6bfb-1322-41b5-9641-20a647976ea8_10-49,0,0,0,4,48bd6bfb-1322-41b5-9641-20a647976ea8,1.1773523982988188
48bd6bfb-1322-41b5-9641-20a647976ea8_261-42,3,1,1,4,48bd6bfb-1322-41b5-9641-20a647976ea8,0.5986866438558938
48d7d009-425f-4d1a-a6a9-a4742bd0d9fe_2349-91,0,1,1,0,48d7d009-425f-4d1a-a6a9-a4742bd0d9fe,0.756673168525658
48d7d009-425f-4d1a-a6a9-a4742bd0d9fe_2561-43,2,1,1,0,48d7d009-425f-4d1a-a6a9-a4742bd0d9fe,0.992580514746489
48d7d009-425f-4d1a-a6a9-a4742bd0d9fe_30-60,3,0,0,0,48d7d009-425f-4d1a-a6a9-a4742bd0d9fe,-0.022179677068161874
490b4f30-9bb5-4bf2-966b-13d509b5709b_1247-51,2,1,1,1,490b4f30-9bb5-4bf2-966b-13d509b5709b,0.6132718692103527
4930cced-9b84-464e-88ce-3990188efed6_1781-50,0,0,0,3,4930cced-9b84-464e-88ce-3990188efed6,0.5305420451567293
493dbd4d-bfc7-4086-b4ee-f3d081c34697_864-22,3,0,0,3,493dbd4d-bfc7-4086-b4ee-f3d081c34697,0.4477345370617599
49925bc0-d1f2-4623-891f-147641b0e94f_1165-19,1,0,0,2,49925bc0-d1f2-4623-891f-147641b0e94f,0.19865249759845433
49b14463-2172-4b0e-ad13-fdf9383e9a77_284-00,2,1,1,4,49b14463-2172-4b0e-ad13-fdf9383e9a77,-1.0230166460623025e-06
49b14463-2172-4b0e-ad13-fdf9383e9a77_426-72,1,1,1,4,49b14463-2172-4b0e-ad13-fdf9383e9a77,-0.23359878943916978
49f87e0a-cc34-447e-87ba-209e430aafb0_2852-27,2,0,0,2,49f87e0a-cc34-447e-87ba-209e430aafb0,0.7395343746315961
49f87e0a-cc34-447e-87ba-209e430aafb0_4558-50,0,1,1,2,49f87e0a-cc34-447e-87ba-209e430aafb0,1.1191121053671547
4ac57aee-4ac0-457e-b9de-9419056e4bbd_295-55,1,0,0,1,4ac57aee-4ac0-457e-b9de-9419056e4bbd,0.34333284045716395
4b5de875-cc82-494e-b768-8ac0ae3bb279_1405-68,2,0,0,3,4b5de875-cc82-494e-b768-8ac0ae3bb279,-0.4636906761640169
4b5de875-cc82-494e-b768-8ac0ae3bb279_668-27,0,1,1,3,4b5de875-cc82-494e-b768-8ac0ae3bb279,-0.6394780349301477
4b5de875-cc82-494e-b768-8ac0ae3bb279_930-87,3,0,0,3,4b5de875-cc82-494e-b768-8ac0ae3bb279,-0.17966805595606777
4b5de875-cc82-494e-b768-8ac0ae3bb279_997-77,2,1,1,3,4b5de875-cc82-494e-b768-8ac0ae3bb279,0.9134235224918152
4bd37cff-a43b-4843-b0ff-06ecfe00017e_258-98,1,0,0,3,4bd37cff-a43b-4843-b0ff-06ecfe00017e,0.4189021543923118
4bd37cff-a43b-4843-b0ff-06ecfe00017e_270-00,0,0,0,3,4bd37cff-a43b-4843-b0ff-06ecfe00017e,0.8645723525288393
4bea2a96-1f1f-4149-8447-766553bbba22_1364-79,3,1,1,0,4bea2a96-1f1f-4149-8447-766553bbba22,0.5748354084142433
4bea2a96-1f1f-4149-8447-766553bbba22_1922-01,0,1,1,0,4bea2a96-1f1f-4149-8447-766553bbba22,1.137668536936566
4bf46557-3c5a-4a89-840d-158403590c9f_1472-48,0,1,1,3,4bf46557-3c5a-4a89-840d-158403590c9f,0.522477680050211
4bf46557-3c5a-4a89-840d-158403590c9f_3598-37,0,1,1,3,4bf46557-3c5a-4a89-840d-158403590c9f,1.1303431651216738
4bf46557-3c5a-4a89-840d-158403590c9f_3687-37,0,0,0,3,4bf46557-3c5a-4a89-840d-158403590c9f,0.18246713744602472
4c53aaac-76f0-4874-ab1c-738286b9698e_727-03,2,0,0,2,4c53aaac-76f0-4874-ab1c-738286b9698e,-0.19265407444861957
4c53aaac-76f0-4874-ab1c-738286b9698e_902-84,0,0,0,2,4c53aaac-76f0-4874-ab1c-738286b9698e,0.13355167936871498
4c642620-db0e-4096-9ece-2b2c6fdb47b0_3829-12,0,1,1,4,4c642620-db0e-4096-9ece-2b2c6fdb47b0,0.7300685077889293
4c64e0d9-72f4-427f-995d-112ef1a2b7a1_210-26,1,1,1,0,4c64e0d9-72f4-427f-995d-112ef1a2b7a1,2.2344299467449362
4c6f009a-f0ca-4557-8723-4111761e0a9a_879-68,3,0,0,2,4c6f009a-f0ca-4557-8723-4111761e0a9a,-0.49507234073993145
4c70179a-f411-4f81-b44d-cfe34b8f9180_356-35,3,1,1,2,4c70179a-f411-4f81-b44d-cfe34b8f9180,0.04309406091694079
4c70179a-f411-4f81-b44d-cfe34b8f9180_551-50,2,0,0,2,4c70179a-f411-4f81-b44d-cfe34b8f9180,-0.30397154144254607
4c70179a-f411-4f81-b44d-cfe34b8f9180_800-64,2,1,1,2,4c70179a-f411-4f81-b44d-cfe34b8f9180,1.713679664310381
4c9777fc-1997-4dc8-a2d2-ea59c50b32f4_573-78,0,1,1,1,4c9777fc-1997-4dc8-a2d2-ea59c50b32f4,0.06598822505223756
4ca97ff8-bc2a-462b-b4c9-b1a878564bea_94-99,0,0,0,2,4ca97ff8-bc2a-462b-b4c9-b1a878564bea,0.7378828093540857
4cd086c9-e7d4-4cb9-bdfe-9e55830cf52e_3435-93,2,1,1,0,4cd086c9-e7d4-4cb9-bdfe-9e55830cf52e,-0.06216309400579351
4d1b11b2-e53a-40a5-a3a5-2b2441c60e17_621-95,1,1,1,1,4d1b11b2-e53a-40a5-a3a5-2b2441c60e17,0.848847060523406
4d24d57d-96ba-4ea1-9542-ee0520d20d3e_1879-56,3,0,0,1,4d24d57d-96ba-4ea1-9542-ee0520d20d3e,0.1430657112921283
4d45174a-6a77-48cd-a8f2-9b93e2d47f07_0-01,1,1,1,0,4d45174a-6a77-48cd-a8f2-9b93e2d47f07,0.037266465173597496
4d45174a-6a77-48cd-a8f2-9b93e2d47f07_604-84,0,0,0,0,4d45174a-6a77-48cd-a8f2-9b93e2d47f07,0.35998160980129507
4d45174a-6a77-48cd-a8f2-9b93e2d47f07_653-18,2,0,0,0,4d45174a-6a77-48cd-a8f2-9b93e2d47f07,0.8900240887862998
4d63c029-fd1d-48f2-9f61-7246bb9ef6fc_2979-35,3,0,0,1,4d63c029-fd1d-48f2-9f61-7246bb9ef6fc,0.6402486184174603
4d76c2c7-c6a2-46a6-bc94-0033c629f040_291-37,0,1,1,4,4d76c2c7-c6a2-46a6-bc94-0033c629f040,1.1151649546427396
4d89d233-dbcf-4ea2-a90f-9a2c3b42d1d5_442-41,1,1,1,4,4d89d233-dbcf-4ea2-a90f-9a2c3b42d1d5,0.07305131252286545
4dc1caff-6353-4a05-9382-92031b25f783_279-42,1,1,1,3,4dc1caff-6353-4a05-9382-92031b25f783,0.9105056003770895
4de25e28-5a34-4fbe-bc83-200d513b4d9a_1123-59,3,0,0,2,4de25e28-5a34-4fbe-bc83-200d513b4d9a,1.0641263554371874
4efdd63d-515c-401a-a5b0-e2c84cbee0e6_2722-42,1,0,0,1,4efdd63d-515c-401a-a5b0-e2c84cbee0e6,-0.05739145991722994
4efdd63d-515c-401a-a5b0-e2c84cbee0e6_4175-60,1,1,1,1,4efdd63d-515c-401a-a5b0-e2c84cbee0e6,-0.15745021212860594
4f549225-e82e-4294-9379-4891e47725c7_1121-97,3,1,1,0,4f549225-e82e-4294-9379-4891e47725c7,1.1514226000369157
4f549225-e82e-4294-9379-4891e47725c7_299-04,0,1,1,0,4f549225-e82e-4294-9379-4891e47725c7,0.6980512258229805
4f549225-e82e-4294-9379-4891e47725c7_982-80,1,0,0,0,4f549225-e82e-4294-9379-4891e47725c7,0.742572058969543
4f80ac6f-b78f-441b-b80d-fa8dd10756c4_471-91,3,1,1,1,4f80ac6f-b78f-441b-b80d-fa8dd10756c4,-0.7987084894861338
4fde0689-6bc3-49d4-8d54-bf4cfe0ad287_403-70,1,0,0,3,4fde0689-6bc3-49d4-8d54-bf4cfe0ad287,0.5140894844600556
4ff2e551-1ccb-44ce-8b68-09666397f681_554-17,2,1,1,4,4ff2e551-1ccb-44ce-8b68-09666397f681,0.856224785353201
500be78a-0a13-44c5-8bc6-bafaa9b94354_17-35,3,1,1,0,500be78a-0a13-44c5-8bc6-bafaa9b94354,0.3030075885862526
501d1e55-968d-4c10-9d29-e0f4bee907a0_654-33,1,1,1,3,501d1e55-968d-4c10-9d29-e0f4bee907a0,1.0736974889719761
502debb3-c5f1-4dba-b2d4-b191d40da77a_5606-91,2,1,1,4,502debb3-c5f1-4dba-b2d4-b191d40da77a,1.7547805957089
508cf068-6523-4368-a6b1-76ba538f1fc9_1359-08,0,0,0,1,508cf068-6523-4368-a6b1-76ba538f1fc9,0.8813871333117542
50c1df1c-e016-472a-b0ac-d297b0c82e87_3264-37,3,0,0,2,50c1df1c-e016-472a-b0ac-d297b0c82e87,0.10200736487556555
50f31d76-6f29-4f80-b654-9437a0113bf5_2211-90,3,0,0,4,50f31d76-6f29-4f80-b654-9437a0113bf5,-0.30663958686791654
51364391-163c-484c-8de5-122abb5898de_1080-80,3,1,1,1,51364391-163c-484c-8de5-122abb5898de,0.20568116137223702
51364391-163c-484c-8de5-122abb5898de_1357-07,2,1,1,1,51364391-163c-484c-8de5-122abb5898de,1.5530680662958098
51364391-163c-484c-8de5-122abb5898de_1359-23,1,1,1,1,51364391-163c-484c-8de5-122abb5898de,-0.08395413983037248
513f572f-6d1c-4a8a-8b57-9c1d0aa363f7_1015-09,3,1,1,3,513f572f-6d1c-4a8a-8b57-9c1d0aa363f7,-0.047156502468889416
513f572f-6d1c-4a8a-8b57-9c1d0aa363f7_843-40,3,1,1,3,513f572f-6d1c-4a8a-8b57-9c1d0aa363f7,0.5416803105817202
513f572f-6d1c-4a8a-8b57-9c1d0aa363f7_969-20,1,1,1,3,513f572f-6d1c-4a8a-8b57-9c1d0aa363f7,0.10830509948200451
516ba1f4-5cfd-4dd7-b4b6-a4c0605d1281_1838-55,0,1,1,2,516ba1f4-5cfd-4dd7-b4b6-a4c0605d1281,0.39538579499460885
5181422f-0b2c-4a39-af52-b2ca683e5451_1147-87,0,1,1,1,5181422f-0b2c-4a39-af52-b2ca683e5451,-0.05949558119482873
5185ad85-6751-481e-8b28-2d93d2e20770_961-05,0,0,0,3,5185ad85-6751-481e-8b28-2d93d2e20770,-0.3131822023584525
5185ad85-6751-481e-8b28-2d93d2e20770_964-94,0,1,1,3,5185ad85-6751-481e-8b28-2d93d2e20770,0.630864550953212
520374ca-09f9-4716-8176-dd289ea7baa9_540-00,2,1,1,0,520374ca-09f9-4716-8176-dd289ea7baa9,0.6899896334671312
520374ca-09f9-4716-8176-dd289ea7baa9_659-75,0,1,1,0,520374ca-09f9-4716-8176-dd289ea7baa9,1.221980016744998
526675a3-acea-4d5b-b5c9-ccb1b89f6e58_421-44,2,1,1,1,526675a3-acea-4d5b-b5c9-ccb1b89f6e58,0.7901554558315513
52c312b2-b47d-498d-a368-20db6a8bc879_1510-20,3,1,1,0,52c312b2-b47d-498d-a368-20db6a8bc879,0.51862316767215
5300d3f7-0674-4e08-bf1d-47b8c38a2842_39-70,2,0,0,1,5300d3f7-0674-4e08-bf1d-47b8c38a2842,0.8046619785411084
5315437a-2530-47e5-a0e4-4ac656c7cfa4_570-57,3,0,0,2,5315437a-2530-47e5-a0e4-4ac656c7cfa4,0.8816477511849887
5318b45a-f8be-4ab2-a807-564d734527fb_1369-45,0,0,0,3,5318b45a-f8be-4ab2-a807-564d734527fb,0.5568269308097318
53bab63b-b6fa-494c-9dc7-c3fe61f234de_999-56,3,0,0,0,53bab63b-b6fa-494c-9dc7-c3fe61f234de,0.4677034369995376
53e92e25-fe03-4311-9a17-c4f6a29ccad1_1365-15,0,1,1,0,53e92e25-fe03-4311-9a17-c4f6a29ccad1,0.6023428560998916
53e92e25-fe03-4311-9a17-c4f6a29ccad1_3512-58,0,0,0,0,53e92e25-fe03-4311-9a17-c4f6a29ccad1,0.88251436563116
53e92e25-fe03-4311-9a17-c4f6a29ccad1_983-79,1,0,0,0,53e92e25-fe03-4311-9a17-c4f6a29ccad1,-0.010307329299908297
54a421d2-763e-4751-a6b4-54e3d6c46cc1_1143-22,4,0,0,4,54a421d2-763e-4751-a6b4-54e3d6c46cc1,0.8568908806006525
54a421d2-763e-4751-a6b4-54e3d6c46cc1_1361-15,0,0,0,4,54a421d2-763e-4751-a6b4-54e3d6c46cc1,0.11283768535904742
54a421d2-763e-4751-a6b4-54e3d6c46cc1_1458-60,2,1,1,4,54a421d2-763e-4751-a6b4-54e3d6c46cc1,0.09844018371010682
54a421d2-763e-4751-a6b4-54e3d6c46cc1_1553-16,0,1,1,4,54a421d2-763e-4751-a6b4-54e3d6c46cc1,0.4451302434573951
54a421d2-763e-4751-a6b4-54e3d6c46cc1_242-12,3,1,1,4,54a421d2-763e-4751-a6b4-54e3d6c46cc1,0.20186574061889268
54a421d2-763e-4751-a6b4-54e3d6c46cc1_676-59,2,0,0,4,54a421d2-763e-4751-a6b4-54e3d6c46cc1,0.896639853972582
54a421d2-763e-4751-a6b4-54e3d6c46cc1_692-41,2,0,0,4,54a421d2-763e-4751-a6b4-54e3d6c46cc1,0.0662176467521794
54a421d2-763e-4751-a6b4-54e3d6c46cc1_715-92,2,1,1,4,54a421d2-763e-4751-a6b4-54e3d6c46cc1,-0.1002138790239025
54adfe07-dcc1-4c3f-90a2-ac93ea7ff6df_173-06,4,0,0,4,54adfe07-dcc1-4c3f-90a2-ac93ea7ff6df,0.8177951253094482
54adfe07-dcc1-4c3f-90a2-ac93ea7ff6df_76-91,3,0,0,4,54adfe07-dcc1-4c3f-90a2-ac93ea7ff6df,-0.12774095937561708
555ff1a5-c30b-434c-a251-b5105cdc1fb9_1647-31,2,1,1,2,555ff1a5-c30b-434c-a251-b5105cdc1fb9,-0.6625884279685421
55ef5db5-af7c-4ccd-9c7d-a4d415e195b7_753-73,1,0,0,3,55ef5db5-af7c-4ccd-9c7d-a4d415e195b7,-0.13042095416870314
55ef5db5-af7c-4ccd-9c7d-a4d415e195b7_857-01,1,1,1,3,55ef5db5-af7c-4ccd-9c7d-a4d415e195b7,0.04887297431339277
5605bd9a-d151-4d5b-b0f6-cfc28ae6937e_2980-56,2,1,1,2,5605bd9a-d151-4d5b-b0f6-cfc28ae6937e,-0.16629825618626873
5605bd9a-d151-4d5b-b0f6-cfc28ae6937e_3534-55,3,1,1,2,5605bd9a-d151-4d5b-b0f6-cfc28ae6937e,0.4591257340044675
5605bd9a-d151-4d5b-b0f6-cfc28ae6937e_4053-60,2,0,0,2,5605bd9a-d151-4d5b-b0f6-cfc28ae6937e,1.1790453310262492
5605bd9a-d151-4d5b-b0f6-cfc28ae6937e_457-07,1,0,0,2,5605bd9a-d151-4d5b-b0f6-cfc28ae6937e,-0.36427913705358567
5605bd9a-d151-4d5b-b0f6-cfc28ae6937e_709-52,0,0,0,2,5605bd9a-d151-4d5b-b0f6-cfc28ae6937e,1.0667133919873868
5605bd9a-d151-4d5b-b0f6-cfc28ae6937e_999-27,2,1,1,2,5605bd9a-d151-4d5b-b0f6-cfc28ae6937e,0.7040650286985619
564c0350-9fbf-4659-b310-a929fa3c82e4_555-36,3,1,1,1,564c0350-9fbf-4659-b310-a929fa3c82e4,1.1337499498403514
56504e4e-a228-4b28-baa4-1ce2de03c2d4_1630-93,0,0,0,2,56504e4e-a228-4b28-baa4-1ce2de03c2d4,-0.3240536889468638
56c5fea0-73fb-4239-b740-1faf19e75e6f_1246-35,1,1,1,0,56c5fea0-73fb-4239-b740-1faf19e75e6f,1.388514063423569
56da7a14-f3fe-4dd9-9acb-92917603f42c_469-73,2,1,1,3,56da7a14-f3fe-4dd9-9acb-92917603f42c,0.5776534797646009
56da7a14-f3fe-4dd9-9acb-92917603f42c_521-16,0,1,1,3,56da7a14-f3fe-4dd9-9acb-92917603f42c,-0.014056923718946901
570fc280-231c-4a3e-99c2-12eefed1c122_925-58,3,0,0,0,570fc280-231c-4a3e-99c2-12eefed1c122,0.7045157921586251
57467033-41ad-48f8-bc45-26f0b92a1b48_681-96,2,1,1,3,57467033-41ad-48f8-bc45-26f0b92a1b48,0.6370100384178836
57ac6d7c-d317-4f85-aab1-d95ecaaacd5b_290-69,2,1,1,1,57ac6d7c-d317-4f85-aab1-d95ecaaacd5b,0.8004892137798774
57e88d87-257e-434d-953e-6025367e99fe_446-64,2,1,1,4,57e88d87-257e-434d-953e-6025367e99fe,0.7447224535342236
57e88d87-257e-434d-953e-6025367e99fe_448-77,0,0,0,4,57e88d87-257e-434d-953e-6025367e99fe,0.3213475351870913
5826d5ed-1456-443f-b333-202bb216a31d_1637-74,0,0,0,3,5826d5ed-1456-443f-b333-202bb216a31d,0.7826427646325687
583dc873-0ccd-4d04-bb56-4d403ab28e85_218-71,1,1,1,0,583dc873-0ccd-4d04-bb56-4d403ab28e85,0.4561838640626716
584f625d-15b0-49e8-bfa6-718b9cf010e0_834-78,3,0,0,2,584f625d-15b0-49e8-bfa6-718b9cf010e0,-0.29569454940464746
584fd34c-9bd5-44fd-8266-9d3161d8c790_3302-91,0,1,1,3,584fd34c-9bd5-44fd-8266-9d3161d8c790,1.7597492571038305
596760c3-b1d6-453c-916c-ecbc30ab1c5d_1349-91,2,1,1,1,596760c3-b1d6-453c-916c-ecbc30ab1c5d,-0.06334734554229343
596760c3-b1d6-453c-916c-ecbc30ab1c5d_1392-89,0,0,0,1,596760c3-b1d6-453c-916c-ecbc30ab1c5d,-0.523867112361342
596760c3-b1d6-453c-916c-ecbc30ab1c5d_1448-53,0,0,0,1,596760c3-b1d6-453c-916c-ecbc30ab1c5d,1.2316874290786208
59764b58-1523-48b3-88d2-9fc07880e597_1504-77,0,1,1,2,59764b58-1523-48b3-88d2-9fc07880e597,0.720503639719114
59857657-5cb1-4268-9c8f-ab6cb3c3ad3b_5306-98,2,1,1,4,59857657-5cb1-4268-9c8f-ab6cb3c3ad3b,0.534340094452824
59857657-5cb1-4268-9c8f-ab6cb3c3ad3b_5438-01,3,1,1,4,59857657-5cb1-4268-9c8f-ab6cb3c3ad3b,0.7523626033286102
59857657-5cb1-4268-9c8f-ab6cb3c3ad3b_9450-00,1,1,1,4,59857657-5cb1-4268-9c8f-ab6cb3c3ad3b,0.6206919056291798
59857657-5cb1-4268-9c8f-ab6cb3c3ad3b_979-26,2,1,1,4,59857657-5cb1-4268-9c8f-ab6cb3c3ad3b,0.6445371278715946
59976b3b-2328-47f2-a7b3-6f982497ed65_622-81,3,1,1,4,59976b3b-2328-47f2-a7b3-6f982497ed65,0.11858305882562031
5a009b9f-fed2-45a8-8006-b59b655334d1_50-58,1,1,1,0,5a009b9f-fed2-45a8-8006-b59b655334d1,0.3428148527970197
5a9ca82c-bb33-4f05-9e08-efd614269566_1201-43,2,1,1,1,5a9ca82c-bb33-4f05-9e08-efd614269566,0.8363481954699603
5aa01f1b-351d-428b-a1be-1f2edaff6a0c_693-84,2,1,1,0,5aa01f1b-351d-428b-a1be-1f2edaff6a0c,0.582425885172789
5aa8f84b-aea8-4e40-b710-82b93875e1ae_422-21,2,0,0,4,5aa8f84b-aea8-4e40-b710-82b93875e1ae,0.09011544911143726
5ab334f2-ecc8-4a05-96f8-4320225379b2_1773-43,3,0,0,3,5ab334f2-ecc8-4a05-96f8-4320225379b2,0.5802396004140842
5ab334f2-ecc8-4a05-96f8-4320225379b2_214-77,2,1,1,3,5ab334f2-ecc8-4a05-96f8-4320225379b2,0.33714115701981173
5ab334f2-ecc8-4a05-96f8-4320225379b2_70-12,1,1,1,3,5ab334f2-ecc8-4a05-96f8-4320225379b2,0.7929127337520476
5ab334f2-ecc8-4a05-96f8-4320225379b2_879-22,1,1,1,3,5ab334f2-ecc8-4a05-96f8-4320225379b2,1.3285251699995348
5ab334f2-ecc8-4a05-96f8-4320225379b2_905-78,2,0,0,3,5ab334f2-ecc8-4a05-96f8-4320225379b2,1.7118196242661674
5b0225e8-b81b-42fe-aa08-b0732b46c8bd_1082-56,2,0,0,0,5b0225e8-b81b-42fe-aa08-b0732b46c8bd,0.05336742236021624
5b0225e8-b81b-42fe-aa08-b0732b46c8bd_1130-00,1,0,0,0,5b0225e8-b81b-42fe-aa08-b0732b46c8bd,0.7885931940769288
5b0225e8-b81b-42fe-aa08-b0732b46c8bd_1130-47,3,1,1,0,5b0225e8-b81b-42fe-aa08-b0732b46c8bd,0.3007119299169973
5b0225e8-b81b-42fe-aa08-b0732b46c8bd_1131-66,1,1,1,0,5b0225e8-b81b-42fe-aa08-b0732b46c8bd,0.19002860445596242
5b0225e8-b81b-42fe-aa08-b0732b46c8bd_381-48,3,0,0,0,5b0225e8-b81b-42fe-aa08-b0732b46c8bd,0.43920169048525376
5b0c9075-f81d-488c-9862-c9c3b9ca27b5_843-40,2,0,0,0,5b0c9075-f81d-488c-9862-c9c3b9ca27b5,1.3119382076442367
5b329676-c4f5-49a7-9999-fa3884190b1e_91-50,1,1,1,3,5b329676-c4f5-49a7-9999-fa3884190b1e,0.49968674073919517
5c172db2-eca2-4f9a-8963-b2111123fef2_81-63,3,1,1,0,5c172db2-eca2-4f9a-8963-b2111123fef2,0.808583856880871
5c3be03c-07a5-4427-a2fe-449f16e8017b_787-88,0,0,0,3,5c3be03c-07a5-4427-a2fe-449f16e8017b,0.19261310879706317
5c9b85ea-24a9-4bfd-8ac2-4ca6f9090231_3247-42,1,0,0,3,5c9b85ea-24a9-4bfd-8ac2-4ca6f9090231,1.4615307306866228
5c9b85ea-24a9-4bfd-8ac2-4ca6f9090231_3510-00,1,1,1,3,5c9b85ea-24a9-4bfd-8ac2-4ca6f9090231,0.8964982591512516
5c9b85ea-24a9-4bfd-8ac2-4ca6f9090231_4576-22,3,1,1,3,5c9b85ea-24a9-4bfd-8ac2-4ca6f9090231,-0.4270341084783681
5cab806a-3794-4578-94f2-33c3093151d1_391-05,0,0,0,2,5cab806a-3794-4578-94f2-33c3093151d1,-0.22732829738982605
5cab806a-3794-4578-94f2-33c3093151d1_433-69,2,1,1,2,5cab806a-3794-4578-94f2-33c3093151d1,1.0409485960630296
5cab806a-3794-4578-94f2-33c3093151d1_546-82,3,1,1,2,5cab806a-3794-4578-94f2-33c3093151d1,0.19633427678598186
5cee04cd-4adb-4a12-a476-1ba1db44865c_1289-65,1,1,1,0,5cee04cd-4adb-4a12-a476-1ba1db44865c,1.1774166581749912
5cf98bc1-012f-482d-86ee-9337d8747dce_1374-50,1,0,0,1,5cf98bc1-012f-482d-86ee-9337d8747dce,-0.4367056807603399
5cf98bc1-012f-482d-86ee-9337d8747dce_2305-61,1,1,1,1,5cf98bc1-012f-482d-86ee-9337d8747dce,0.07168040666712205
5cff48d5-d4e3-465f-8302-64cd493aba53_0-01,2,1,1,3,5cff48d5-d4e3-465f-8302-64cd493aba53,-0.15553195681774978
5cff48d5-d4e3-465f-8302-64cd493aba53_399-10,3,1,1,3,5cff48d5-d4e3-465f-8302-64cd493aba53,-0.5744818266102174
5d00d9ae-e932-42d5-8eee-ed24f83c8661_0-06,3,0,0,2,5d00d9ae-e932-42d5-8eee-ed24f83c8661,-0.39389565683109456
5d090853-467e-4f95-9f9e-ac0582023111_504-40,2,1,1,0,5d090853-467e-4f95-9f9e-ac0582023111,0.8912206882761529
5d8dfcfe-93e4-465e-a548-44c1442ffa29_291-14,3,0,0,1,5d8dfcfe-93e4-465e-a548-44c1442ffa29,0.0021577532111475284
5dac9d4b-1ac8-468b-a51b-8b7e0dbe554b_1086-76,2,1,1,1,5dac9d4b-1ac8-468b-a51b-8b7e0dbe554b,0.4956973873502094
5dde766e-e93a-4d48-b3c7-96774f24d39d_560-47,0,0,0,3,5dde766e-e93a-4d48-b3c7-96774f24d39d,0.3648653714390174
5e193b30-3e79-4851-801b-dab99125cd44_2971-00,0,0,0,3,5e193b30-3e79-4851-801b-dab99125cd44,0.6055047377394527
5e193b30-3e79-4851-801b-dab99125cd44_3348-61,1,0,0,3,5e193b30-3e79-4851-801b-dab99125cd44,0.2862347045897917
5e7a6a04-70d3-4ce5-82ff-971ca6478328_1045-51,2,1,1,1,5e7a6a04-70d3-4ce5-82ff-971ca6478328,1.1053303188803503
5e7dbc32-08e0-4266-9bd3-27c412d1af7c_182-45,2,0,0,3,5e7dbc32-08e0-4266-9bd3-27c412d1af7c,0.16916247516934657
5e97e33c-b3ca-48b2-9e7e-069fe39199fb_1921-41,0,1,1,0,5e97e33c-b3ca-48b2-9e7e-069fe39199fb,-0.19962555928471898
5e97e33c-b3ca-48b2-9e7e-069fe39199fb_509-89,0,0,0,0,5e97e33c-b3ca-48b2-9e7e-069fe39199fb,-0.15073836636944826
5ead8e7c-2600-44b1-afd6-b82cb5f7b9ce_119-97,2,0,0,0,5ead8e7c-2600-44b1-afd6-b82cb5f7b9ce,0.7246024647572089
5ead8e7c-2600-44b1-afd6-b82cb5f7b9ce_195-55,0,1,1,0,5ead8e7c-2600-44b1-afd6-b82cb5f7b9ce,0.8889933186272685
5ead8e7c-2600-44b1-afd6-b82cb5f7b9ce_3241-48,2,0,0,0,5ead8e7c-2600-44b1-afd6-b82cb5f7b9ce,0.15745773470457686
5ead8e7c-2600-44b1-afd6-b82cb5f7b9ce_567-35,0,0,0,0,5ead8e7c-2600-44b1-afd6-b82cb5f7b9ce,0.16145277997072544
5ead8e7c-2600-44b1-afd6-b82cb5f7b9ce_568-30,0,0,0,0,5ead8e7c-2600-44b1-afd6-b82cb5f7b9ce,0.15100278578348286
5ed59c41-af9e-4368-a0ce-30d536d34895_1493-26,3,1,1,4,5ed59c41-af9e-4368-a0ce-30d536d34895,0.7429304492413105
5ed59c41-af9e-4368-a0ce-30d536d34895_1575-15,2,1,1,4,5ed59c41-af9e-4368-a0ce-30d536d34895,0.889721307341333
5ed59c41-af9e-4368-a0ce-30d536d34895_494-33,1,0,0,4,5ed59c41-af9e-4368-a0ce-30d536d34895,0.44755122745613746
5f0ed597-4f1e-4075-81dc-64a3c0bb81f3_3-80,3,1,1,0,5f0ed597-4f1e-4075-81dc-64a3c0bb81f3,0.07592554084051623
5f26c69f-6f1c-4041-a81f-3c4808e0a385_1353-30,2,0,0,1,5f26c69f-6f1c-4041-a81f-3c4808e0a385,0.4457060385817333
5f26c69f-6f1c-4041-a81f-3c4808e0a385_151-47,1,1,1,1,5f26c69f-6f1c-4041-a81f-3c4808e0a385,0.623493814054582
5f26c69f-6f1c-4041-a81f-3c4808e0a385_156-09,2,0,0,1,5f26c69f-6f1c-4041-a81f-3c4808e0a385,1.9229077223523823
5f2d9e8b-6e0b-4e36-9f5b-d26bbe0a7c7c_1129-51,2,1,1,2,5f2d9e8b-6e0b-4e36-9f5b-d26bbe0a7c7c,0.0002264012705095464
600e392c-4be6-4b8b-bef8-e789ce3d8915_2298-42,1,0,0,1,600e392c-4be6-4b8b-bef8-e789ce3d8915,0.20685096693292293
600e392c-4be6-4b8b-bef8-e789ce3d8915_3230-09,1,1,1,1,600e392c-4be6-4b8b-bef8-e789ce3d8915,0.4329440141922771
600e392c-4be6-4b8b-bef8-e789ce3d8915_6486-35,1,0,0,1,600e392c-4be6-4b8b-bef8-e789ce3d8915,-0.05301803556078505
600e392c-4be6-4b8b-bef8-e789ce3d8915_7199-73,1,1,1,1,600e392c-4be6-4b8b-bef8-e789ce3d8915,-0.22249056296090006
60209262-ab8e-4214-a8dd-4764a9a4b26d_842-54,3,0,0,2,60209262-ab8e-4214-a8dd-4764a9a4b26d,0.9858605528493825
606a91df-fc77-444e-988d-e0178c83c586_342-58,1,0,0,1,606a91df-fc77-444e-988d-e0178c83c586,1.2045767388507076
6070d9d1-9962-49f3-8ac7-4e29ca07e104_164-20,0,0,0,2,6070d9d1-9962-49f3-8ac7-4e29ca07e104,-0.3061347756088009
6070d9d1-9962-49f3-8ac7-4e29ca07e104_284-21,0,0,0,2,6070d9d1-9962-49f3-8ac7-4e29ca07e104,-0.2542653067424512
608f2b9c-d004-42db-9f0c-e89b203dfb01_8-92,0,1,1,0,608f2b9c-d004-42db-9f0c-e89b203dfb01,0.9579019684976062
615c5cd1-1dab-4667-94ce-30bfe52e7cd4_821-72,3,0,0,4,615c5cd1-1dab-4667-94ce-30bfe52e7cd4,0.033684286213813364
615edb9e-bfc7-4080-afb3-d29e98ce2216_816-65,0,0,0,3,615edb9e-bfc7-4080-afb3-d29e98ce2216,1.7692942889046992
61da558c-b125-4e65-a8a6-28f0eae34c1a_156-26,0,1,1,2,61da558c-b125-4e65-a8a6-28f0eae34c1a,1.6296125500090197
620d3087-c6fb-4b08-bb6a-4dc4ede3b994_1607-58,0,1,1,0,620d3087-c6fb-4b08-bb6a-4dc4ede3b994,0.600567118059232
620d3087-c6fb-4b08-bb6a-4dc4ede3b994_232-40,0,0,0,0,620d3087-c6fb-4b08-bb6a-4dc4ede3b994,-0.15938860418131812
620d3087-c6fb-4b08-bb6a-4dc4ede3b994_2651-56,1,1,1,0,620d3087-c6fb-4b08-bb6a-4dc4ede3b994,-0.16478801828958195
620d3087-c6fb-4b08-bb6a-4dc4ede3b994_432-70,3,1,1,0,620d3087-c6fb-4b08-bb6a-4dc4ede3b994,0.47871579330939257
62103d3d-d89d-4f54-a766-1beb22eb994b_179-41,1,0,0,1,62103d3d-d89d-4f54-a766-1beb22eb994b,0.1275562248322386
62103d3d-d89d-4f54-a766-1beb22eb994b_617-19,2,1,1,1,62103d3d-d89d-4f54-a766-1beb22eb994b,-0.22867971056356884
622ab8aa-21f8-4ad0-99c3-7f4876850df7_193-96,1,1,1,1,622ab8aa-21f8-4ad0-99c3-7f4876850df7,1.9235705185035954
6243586b-a8df-4c37-95f8-da7f4f5d57d6_513-82,2,0,0,3,6243586b-a8df-4c37-95f8-da7f4f5d57d6,-0.05309934798988397
6243586b-a8df-4c37-95f8-da7f4f5d57d6_868-79,1,0,0,3,6243586b-a8df-4c37-95f8-da7f4f5d57d6,-0.44888407319527357
624a6c0a-a4cb-4073-b501-48e4b6b679e4_1095-75,2,1,1,1,624a6c0a-a4cb-4073-b501-48e4b6b679e4,-0.021336572824032785
624a6c0a-a4cb-4073-b501-48e4b6b679e4_1105-28,1,1,1,1,624a6c0a-a4cb-4073-b501-48e4b6b679e4,-0.16605922024812353
624a6c0a-a4cb-4073-b501-48e4b6b679e4_1105-63,0,0,0,1,624a6c0a-a4cb-4073-b501-48e4b6b679e4,1.483118972197726
62abef54-29ef-43ec-ba1d-43496d986e89_2257-41,0,1,1,0,62abef54-29ef-43ec-ba1d-43496d986e89,0.9988365303347626
62baa1d3-a742-4d3d-a978-537a7988e13e_1461-40,1,0,0,4,62baa1d3-a742-4d3d-a978-537a7988e13e,-0.04328260908434667
62e3b74a-01ad-4824-aace-5cc12ebd2c47_228-93,2,0,0,3,62e3b74a-01ad-4824-aace-5cc12ebd2c47,0.10025510546480221
6306375a-1533-4f3c-843b-0cd51b4bf449_1-23,3,0,0,1,6306375a-1533-4f3c-843b-0cd51b4bf449,0.06848368556962081
6322a6f2-f271-4335-bf46-d428a5a58298_0-02,3,0,0,0,6322a6f2-f271-4335-bf46-d428a5a58298,0.31952496250702683
635cb327-1636-4fbc-a9ca-5a7adfc34b2e_0-40,2,0,0,0,635cb327-1636-4fbc-a9ca-5a7adfc34b2e,0.42279514981187755
6395f964-0122-4f16-b036-337c28488504_1626-75,2,1,1,4,6395f964-0122-4f16-b036-337c28488504,-0.5446714228472255
63d56e4c-e454-48c2-a8f2-5bc2c34622ca_1218-51,1,1,1,4,63d56e4c-e454-48c2-a8f2-5bc2c34622ca,0.9312099111982699
63d56e4c-e454-48c2-a8f2-5bc2c34622ca_172-69,1,1,1,4,63d56e4c-e454-48c2-a8f2-5bc2c34622ca,-0.010650786359250264
63d56e4c-e454-48c2-a8f2-5bc2c34622ca_903-77,1,1,1,4,63d56e4c-e454-48c2-a8f2-5bc2c34622ca,0.6732282232873839
63e9e643-25c5-435d-b6f0-0aab1af76e68_28-98,1,0,0,3,63e9e643-25c5-435d-b6f0-0aab1af76e68,0.7953035776693731
64049385-6855-4eed-8b3c-ce3e8d704008_1157-10,2,0,0,2,64049385-6855-4eed-8b3c-ce3e8d704008,0.16149028040755992
64747fa7-c7b9-46fc-ac9d-ea9a514d91df_73-27,1,1,1,1,64747fa7-c7b9-46fc-ac9d-ea9a514d91df,0.012324037722542203
64792a03-b8ea-4fdc-96d8-1e1199b73658_1352-24,1,0,0,0,64792a03-b8ea-4fdc-96d8-1e1199b73658,-0.5996006689180998
64ec6de1-0e86-49de-889c-4a0fdcba6658_808-22,3,1,1,4,64ec6de1-0e86-49de-889c-4a0fdcba6658,0.7864732817243996
652f0590-aab5-4de1-b578-238adb54fa0e_3914-88,3,0,0,3,652f0590-aab5-4de1-b578-238adb54fa0e,1.6849444212552163
65d6d7a3-11f7-4472-82b9-527ca04fe25b_1274-77,1,1,1,4,65d6d7a3-11f7-4472-82b9-527ca04fe25b,-0.2513252836283461
65d6d7a3-11f7-4472-82b9-527ca04fe25b_633-02,0,1,1,4,65d6d7a3-11f7-4472-82b9-527ca04fe25b,1.1440120070730933
65f4949e-e8fe-4b77-972e-35d368ca546a_1165-75,3,0,0,2,65f4949e-e8fe-4b77-972e-35d368ca546a,0.16320091483809723
6639f53c-701d-4fe7-adcd-55d040ce8afe_0-03,1,1,1,1,6639f53c-701d-4fe7-adcd-55d040ce8afe,-0.02960736783398854
668962c9-ecae-4b8f-bdc1-a6aeab093d88_1261-54,0,0,0,1,668962c9-ecae-4b8f-bdc1-a6aeab093d88,0.43177723155549796
668962c9-ecae-4b8f-bdc1-a6aeab093d88_1333-29,1,0,0,1,668962c9-ecae-4b8f-bdc1-a6aeab093d88,0.5036265318676536
668962c9-ecae-4b8f-bdc1-a6aeab093d88_811-44,2,0,0,1,668962c9-ecae-4b8f-bdc1-a6aeab093d88,-0.16825324710229578
66bf8281-f77c-4e37-b9a8-5f2aabf73ef9_943-34,2,1,1,3,66bf8281-f77c-4e37-b9a8-5f2aabf73ef9,0.713624539550477
67a8114b-7f37-443d-8beb-64886095f935_184-82,1,1,1,0,67a8114b-7f37-443d-8beb-64886095f935,0.41074502369356364
67a8114b-7f37-443d-8beb-64886095f935_636-28,0,0,0,0,67a8114b-7f37-443d-8beb-64886095f935,1.2906139582084415
67a8114b-7f37-443d-8beb-64886095f935_797-83,0,0,0,0,67a8114b-7f37-443d-8beb-64886095f935,0.11604285151600197
67b78a5b-ab72-4483-95c4-33e837013e93_2874-42,3,1,1,2,67b78a5b-ab72-4483-95c4-33e837013e93,0.2666594069824528
67bc312a-3b49-4847-aa79-63ad7d3e4217_303-11,1,0,0,3,67bc312a-3b49-4847-aa79-63ad7d3e4217,0.9182510664419818
67bc312a-3b49-4847-aa79-63ad7d3e4217_537-95,3,1,1,3,67bc312a-3b49-4847-aa79-63ad7d3e4217,0.4242077098200603
67bc312a-3b49-4847-aa79-63ad7d3e4217_554-07,2,1,1,3,67bc312a-3b49-4847-aa79-63ad7d3e4217,1.3916853616551785
68134357-62e5-4f0b-8300-2e661763aeb5_374-98,1,0,0,4,68134357-62e5-4f0b-8300-2e661763aeb5,1.5886030875136787
68134357-62e5-4f0b-8300-2e661763aeb5_389-26,0,0,0,4,68134357-62e5-4f0b-8300-2e661763aeb5,-0.43122833566704305
68150eb1-47cd-4617-953a-0afdf67b2adb_2839-25,2,1,1,4,68150eb1-47cd-4617-953a-0afdf67b2adb,0.04276642355054666
68a03b86-201f-4935-9847-f2753905f298_1057-96,2,0,0,3,68a03b86-201f-4935-9847-f2753905f298,0.03444490479906076
69190e7c-457f-489d-9071-c2a9185e4853_144-34,2,0,0,3,69190e7c-457f-489d-9071-c2a9185e4853,-0.6902084459425224
69366f34-43c0-4d11-bec4-3c1c945cbfd4_4408-78,3,1,1,2,69366f34-43c0-4d11-bec4-3c1c945cbfd4,0.4680934168392223
6956cb48-951c-4607-a42b-a66de2c186be_292-00,1,1,1,2,6956cb48-951c-4607-a42b-a66de2c186be,1.6682560790859091
6956cb48-951c-4607-a42b-a66de2c186be_59-73,1,1,1,2,6956cb48-951c-4607-a42b-a66de2c186be,0.2856855568429248
695cefe9-04c0-42fb-80fc-d308b314b788_1-28,0,1,1,0,695cefe9-04c0-42fb-80fc-d308b314b788,0.0708443236285477
695cefe9-04c0-42fb-80fc-d308b314b788_303-92,1,1,1,0,695cefe9-04c0-42fb-80fc-d308b314b788,-0.2378979898248196
695cefe9-04c0-42fb-80fc-d308b314b788_330-48,2,0,0,0,695cefe9-04c0-42fb-80fc-d308b314b788,0.15766609809629045
695cefe9-04c0-42fb-80fc-d308b314b788_437-09,1,1,1,0,695cefe9-04c0-42fb-80fc-d308b314b788,1.1213637224869017
695cefe9-04c0-42fb-80fc-d308b314b788_443-90,0,0,0,0,695cefe9-04c0-42fb-80fc-d308b314b788,-0.012986313709129393
695cefe9-04c0-42fb-80fc-d308b314b788_662-96,2,1,1,0,695cefe9-04c0-42fb-80fc-d308b314b788,0.22132459412694389
695cefe9-04c0-42fb-80fc-d308b314b788_68-11,1,1,1,0,695cefe9-04c0-42fb-80fc-d308b314b788,0.2971440006730544
695cefe9-04c0-42fb-80fc-d308b314b788_789-70,2,1,1,0,695cefe9-04c0-42fb-80fc-d308b314b788,1.6845230149891994
6989df0e-b8da-48a4-bc69-b01f6f8aef1a_378-59,2,1,1,1,6989df0e-b8da-48a4-bc69-b01f6f8aef1a,0.15325656745287364
699b47de-9fc5-4b98-ba35-ecf79886a8db_1850-50,1,0,0,3,699b47de-9fc5-4b98-ba35-ecf79886a8db,-0.6483894081557263
699b47de-9fc5-4b98-ba35-ecf79886a8db_782-75,1,1,1,3,699b47de-9fc5-4b98-ba35-ecf79886a8db,0.6378080214715143
69ae6e65-a60b-46b0-b256-9d1aeaf34b0a_3951-27,3,0,0,0,69ae6e65-a60b-46b0-b256-9d1aeaf34b0a,0.4057333713212204
69c7d261-18f8-4a1d-9f56-6b4e8eac4d23_601-00,0,0,0,4,69c7d261-18f8-4a1d-9f56-6b4e8eac4d23,-0.22423521120783518
69f1101f-cb9e-4ad1-8fe6-ed840e5bcf9b_1263-46,1,1,1,1,69f1101f-cb9e-4ad1-8fe6-ed840e5bcf9b,0.8705147072270152
69f1101f-cb9e-4ad1-8fe6-ed840e5bcf9b_1350-51,3,0,0,1,69f1101f-cb9e-4ad1-8fe6-ed840e5bcf9b,0.3826410038183461
6a793116-6fc3-4706-9bbb-8ba2088ec8db_746-34,2,1,1,3,6a793116-6fc3-4706-9bbb-8ba2088ec8db,0.03922706711446805
6a847d75-e20f-409d-8b91-77ada97d8fb9_1499-90,3,0,0,4,6a847d75-e20f-409d-8b91-77ada97d8fb9,0.9827614564810985
6a847d75-e20f-409d-8b91-77ada97d8fb9_1545-09,1,1,1,4,6a847d75-e20f-409d-8b91-77ada97d8fb9,0.6485833812115487
6a847d75-e20f-409d-8b91-77ada97d8fb9_1582-87,0,0,0,4,6a847d75-e20f-409d-8b91-77ada97d8fb9,1.2301027761994159
6a847d75-e20f-409d-8b91-77ada97d8fb9_168-24,1,1,1,4,6a847d75-e20f-409d-8b91-77ada97d8fb9,0.09404443943797719
6a847d75-e20f-409d-8b91-77ada97d8fb9_1826-29,1,1,1,4,6a847d75-e20f-409d-8b91-77ada97d8fb9,-0.7954108342244457
6aa13fb1-5440-424e-a021-06a2da215e63_165-83,1,1,1,4,6aa13fb1-5440-424e-a021-06a2da215e63,0.8330290000228684
6aa13fb1-5440-424e-a021-06a2da215e63_273-88,1,1,1,4,6aa13fb1-5440-424e-a021-06a2da215e63,0.743276758353544
6ac035af-4851-4afb-af6c-c00edb7bdbe6_768-70,3,1,1,3,6ac035af-4851-4afb-af6c-c00edb7bdbe6,1.0315720403649447
6ac035af-4851-4afb-af6c-c00edb7bdbe6_801-00,0,0,0,3,6ac035af-4851-4afb-af6c-c00edb7bdbe6,1.702976819497998
6af6234f-abfe-48ac-9dde-399f25d9cb43_931-51,1,1,1,2,6af6234f-abfe-48ac-9dde-399f25d9cb43,0.5176186588984675
6b6fde45-51e9-4c60-8305-27e45883ee7b_270-11,1,1,1,1,6b6fde45-51e9-4c60-8305-27e45883ee7b,1.4560244991801377
6b7e79ad-68c1-4637-a2d1-d7b8f92ac8a4_166-07,0,1,1,0,6b7e79ad-68c1-4637-a2d1-d7b8f92ac8a4,0.4288218514838565
6b7fc6db-e979-43a0-b61f-7dced89d423d_168-56,1,1,1,2,6b7fc6db-e979-43a0-b61f-7dced89d423d,0.7942509683485968
6b7fc6db-e979-43a0-b61f-7dced89d423d_229-56,0,1,1,2,6b7fc6db-e979-43a0-b61f-7dced89d423d,0.09857196888513492
6b7fc6db-e979-43a0-b61f-7dced89d423d_347-96,1,0,0,2,6b7fc6db-e979-43a0-b61f-7dced89d423d,1.1479894723204047
6ba5f052-a1cd-46ba-83f2-1be480387020_599-71,3,1,1,4,6ba5f052-a1cd-46ba-83f2-1be480387020,0.09000481098960594
6baa673a-0cc6-4da2-a481-877de0d2faa5_1148-60,2,0,0,2,6baa673a-0cc6-4da2-a481-877de0d2faa5,-0.13911561301128778
6c0ca07f-6bb2-4db4-a0c3-5926726493fc_124-14,2,1,1,3,6c0ca07f-6bb2-4db4-a0c3-5926726493fc,1.4223692042160254
6c0ca07f-6bb2-4db4-a0c3-5926726493fc_1648-38,2,1,1,3,6c0ca07f-6bb2-4db4-a0c3-5926726493fc,0.11667675658732912
6c0ca07f-6bb2-4db4-a0c3-5926726493fc_272-36,1,0,0,3,6c0ca07f-6bb2-4db4-a0c3-5926726493fc,0.9266893995235734
6c1c5527-30a4-421f-bb78-906adffa7c46_357-45,2,1,1,1,6c1c5527-30a4-421f-bb78-906adffa7c46,0.6384235896119028
6cd8942a-866f-46ef-af6d-5d895723f439_1831-82,1,1,1,1,6cd8942a-866f-46ef-af6d-5d895723f439,1.2188367788780765
6d14a0fe-6fd1-4c6b-aaec-a7c38dcd7294_661-60,1,0,0,0,6d14a0fe-6fd1-4c6b-aaec-a7c38dcd7294,-0.547707590516034
6e0c294c-d634-4804-8d41-cd6e9d79f0b9_1656-45,1,1,1,2,6e0c294c-d634-4804-8d41-cd6e9d79f0b9,0.33142264093047674
6e0c294c-d634-4804-8d41-cd6e9d79f0b9_384-20,2,0,0,2,6e0c294c-d634-4804-8d41-cd6e9d79f0b9,1.0313428035320904
6e330145-3fe9-44f7-8f84-801717da9ea2_766-46,1,0,0,4,6e330145-3fe9-44f7-8f84-801717da9ea2,-0.5926931718006543
6e4baf27-2090-4a90-816b-a35a0aff0e56_1023-43,2,0,0,2,6e4baf27-2090-4a90-816b-a35a0aff0e56,-0.8681457993492565
6e4baf27-2090-4a90-816b-a35a0aff0e56_1099-34,0,1,1,2,6e4baf27-2090-4a90-816b-a35a0aff0e56,0.5600914478981991
6e68d2f9-6d37-4317-a3eb-9541321d558e_2271-24,3,0,0,0,6e68d2f9-6d37-4317-a3eb-9541321d558e,0.4261341259177273
6e68d2f9-6d37-4317-a3eb-9541321d558e_977-72,2,1,1,0,6e68d2f9-6d37-4317-a3eb-9541321d558e,0.7695114375892929
6edb5c87-ae95-4185-807f-06d37124d2b7_659-31,2,1,1,3,6edb5c87-ae95-4185-807f-06d37124d2b7,0.4693997127776105
6ef5aab3-db5f-4fdb-9c39-b37bd497e7d8_638-66,1,0,0,2,6ef5aab3-db5f-4fdb-9c39-b37bd497e7d8,0.7264927081656347
6ef7f9c0-30eb-4280-acc1-55f22f6e2924_2998-83,3,0,0,1,6ef7f9c0-30eb-4280-acc1-55f22f6e2924,-0.29303359106321447
6f27deaa-7133-4bbb-b9ed-5310d6d05a50_336-16,1,1,1,3,6f27deaa-7133-4bbb-b9ed-5310d6d05a50,1.1948495095662826
6f27deaa-7133-4bbb-b9ed-5310d6d05a50_549-73,0,0,0,3,6f27deaa-7133-4bbb-b9ed-5310d6d05a50,1.8449159980380538
6f37694e-26b8-4dc6-9942-567e1e912cda_452-75,3,0,0,0,6f37694e-26b8-4dc6-9942-567e1e912cda,0.07329073529181135
6f7f3410-1e20-4eb2-b7b0-088c1500054b_299-75,3,0,0,4,6f7f3410-1e20-4eb2-b7b0-088c1500054b,0.022398253418241365
6f93978d-a3d0-467d-b401-e23b3c92f3bf_5298-67,3,1,1,4,6f93978d-a3d0-467d-b401-e23b3c92f3bf,-0.2671515332026282
6f93978d-a3d0-467d-b401-e23b3c92f3bf_5299-41,3,1,1,4,6f93978d-a3d0-467d-b401-e23b3c92f3bf,0.6301911104553364
6fc30ceb-ace8-49f8-8244-71f14c6d773c_936-70,1,0,0,3,6fc30ceb-ace8-49f8-8244-71f14c6d773c,2.2664654215510183
6fd026d8-b68c-46bc-93de-ccfa08809a9d_603-53,3,0,0,2,6fd026d8-b68c-46bc-93de-ccfa08809a9d,1.6277757866747826
6fd90f8d-7a4d-425d-a812-3268db0b0342_1001-51,3,1,1,0,6fd90f8d-7a4d-425d-a812-3268db0b0342,0.652390976011858
706de1df-babc-4e54-a310-1d9070140197_195-59,1,0,0,3,706de1df-babc-4e54-a310-1d9070140197,0.5140827709341929
70c8bd4f-bfe1-4fb5-82ad-7d763cc28935_732-98,0,1,1,2,70c8bd4f-bfe1-4fb5-82ad-7d763cc28935,0.6697528398628751
70c8bd4f-bfe1-4fb5-82ad-7d763cc28935_756-65,0,1,1,2,70c8bd4f-bfe1-4fb5-82ad-7d763cc28935,0.6697528398628751
71024373-484f-4270-82a4-2251997f3a9f_44-61,1,1,1,3,71024373-484f-4270-82a4-2251997f3a9f,-0.1668692091855858
71504f29-61c1-49e5-8617-d0e71144c077_652-01,2,1,1,2,71504f29-61c1-49e5-8617-d0e71144c077,0.7906012971103116
7152d311-7801-487c-a6ed-a746e6abaa1f_286-31,3,0,0,0,7152d311-7801-487c-a6ed-a746e6abaa1f,-0.6498919293002043
71d5f5dc-fff6-4352-b37c-a8e1ed3b39bd_541-68,1,1,1,4,71d5f5dc-fff6-4352-b37c-a8e1ed3b39bd,-0.023881983520668726
720da14e-0ef5-4968-87e9-270fce0a9a18_73-28,1,1,1,3,720da14e-0ef5-4968-87e9-270fce0a9a18,0.8208698090304263
721455cc-1e09-44a3-a579-d9e90db85227_1577-57,2,0,0,2,721455cc-1e09-44a3-a579-d9e90db85227,0.6021167151464015
7220ce3a-b740-44db-815d-222d914e2dfd_114-26,3,1,1,1,7220ce3a-b740-44db-815d-222d914e2dfd,-0.45073916536188546
7245d60b-1245-49ad-b025-b59da57dd8e8_664-70,1,1,1,0,7245d60b-1245-49ad-b025-b59da57dd8e8,1.3015287793157868
72c81e60-8604-4897-8cd5-71df5244acaa_1172-93,3,0,0,0,72c81e60-8604-4897-8cd5-71df5244acaa,-0.08814750248013337
72c81e60-8604-4897-8cd5-71df5244acaa_246-30,1,0,0,0,72c81e60-8604-4897-8cd5-71df5244acaa,0.4290786941067603
72d6a00b-0554-41cd-a00d-0c1e64e400df_2501-79,3,1,1,4,72d6a00b-0554-41cd-a00d-0c1e64e400df,0.9399924864802389
73f94b03-b777-481d-b342-10c516f192a2_3-08,4,0,0,3,73f94b03-b777-481d-b342-10c516f192a2,0.36178060977135706
744c58f8-9a76-40d4-838f-8c7676fcb316_139-70,2,0,0,2,744c58f8-9a76-40d4-838f-8c7676fcb316,0.07975593545522353
744c58f8-9a76-40d4-838f-8c7676fcb316_140-01,3,1,1,2,744c58f8-9a76-40d4-838f-8c7676fcb316,0.44218425296864244
7474f654-b43a-463c-a1a1-f8c62cef1e64_1721-20,3,1,1,2,7474f654-b43a-463c-a1a1-f8c62cef1e64,0.7323072065128935
74d38b4a-6f22-43b3-b631-9234c05f27ab_270-80,1,0,0,1,74d38b4a-6f22-43b3-b631-9234c05f27ab,-0.0025087046964207826
750c5383-58f6-4063-8cc8-50691a68994d_562-01,1,0,0,2,750c5383-58f6-4063-8cc8-50691a68994d,1.0468490417730203
750c5383-58f6-4063-8cc8-50691a68994d_870-14,1,1,1,2,750c5383-58f6-4063-8cc8-50691a68994d,0.7083915468760207
75141dec-d6b3-4e2e-a144-5a126abf7dac_584-16,3,1,1,4,75141dec-d6b3-4e2e-a144-5a126abf7dac,0.04706897870435639
759c5c60-f1af-4476-94b2-e79a51fd44e3_668-31,1,0,0,3,759c5c60-f1af-4476-94b2-e79a51fd44e3,-0.06142085321066293
75ee5afa-d891-4653-ac4c-d81db1a90af7_32-52,0,0,0,3,75ee5afa-d891-4653-ac4c-d81db1a90af7,1.0121558126132186
7627344d-503f-4a25-b418-10a6929d5a18_842-97,4,1,1,2,7627344d-503f-4a25-b418-10a6929d5a18,0.5130200700082896
7665b96d-1a30-435b-9679-e7defed426e6_99-13,2,0,0,1,7665b96d-1a30-435b-9679-e7defed426e6,0.13661868504886332
7696b38a-59d3-4b85-966f-3522f9792966_89-69,1,0,0,0,7696b38a-59d3-4b85-966f-3522f9792966,0.4879531068474566
76f450c1-3542-4f8a-964c-66c857a23601_1422-15,1,1,1,1,76f450c1-3542-4f8a-964c-66c857a23601,1.7193337483892899
76f450c1-3542-4f8a-964c-66c857a23601_671-42,3,1,1,1,76f450c1-3542-4f8a-964c-66c857a23601,1.2923782114952869
77cdd8dd-402b-45d7-a16c-a16520c737e3_1834-33,1,1,1,4,77cdd8dd-402b-45d7-a16c-a16520c737e3,0.7905074232592859
77e28690-2ab1-414e-86ed-285ec1d15bd1_315-49,1,0,0,2,77e28690-2ab1-414e-86ed-285ec1d15bd1,0.07017282646674394
77e28690-2ab1-414e-86ed-285ec1d15bd1_705-46,2,1,1,2,77e28690-2ab1-414e-86ed-285ec1d15bd1,1.2724026188351825
7836e736-ef0a-40ed-9b77-b4c12a08b236_3090-06,3,1,1,3,7836e736-ef0a-40ed-9b77-b4c12a08b236,0.7158445751181581
786877d8-e353-4fae-b488-8d7443646882_1021-24,3,0,0,3,786877d8-e353-4fae-b488-8d7443646882,-0.5195020385185063
786877d8-e353-4fae-b488-8d7443646882_1042-29,0,0,0,3,786877d8-e353-4fae-b488-8d7443646882,0.3816372883151362
786877d8-e353-4fae-b488-8d7443646882_224-14,0,0,0,3,786877d8-e353-4fae-b488-8d7443646882,0.48347703126210684
786877d8-e353-4fae-b488-8d7443646882_883-95,0,0,0,3,786877d8-e353-4fae-b488-8d7443646882,-1.005744869752205
786877d8-e353-4fae-b488-8d7443646882_952-74,3,1,1,3,786877d8-e353-4fae-b488-8d7443646882,0.38111877237293246
792d0000-7dcd-4e6c-a486-7befe397233d_917-53,2,1,1,2,792d0000-7dcd-4e6c-a486-7befe397233d,1.1261190362317481
79c62f24-488e-4a69-8220-3b20cb4bf72b_4957-40,1,0,0,1,79c62f24-488e-4a69-8220-3b20cb4bf72b,0.335470272077107
79c62f24-488e-4a69-8220-3b20cb4bf72b_611-49,3,0,0,1,79c62f24-488e-4a69-8220-3b20cb4bf72b,0.8448508199548632
79c62f24-488e-4a69-8220-3b20cb4bf72b_722-05,2,1,1,1,79c62f24-488e-4a69-8220-3b20cb4bf72b,0.1192951310356305
7a33ca42-9a39-4d59-ba82-c9667c250f48_2200-51,1,0,0,1,7a33ca42-9a39-4d59-ba82-c9667c250f48,1.2073228614503837
7a3479a4-b903-4d20-bdc4-98d93ceb3c36_1392-00,3,1,1,0,7a3479a4-b903-4d20-bdc4-98d93ceb3c36,-0.30211872407821067
7a680a9a-dd7b-467a-a724-a597f1be9f06_2545-71,3,1,1,0,7a680a9a-dd7b-467a-a724-a597f1be9f06,0.20026159710787433
7a680a9a-dd7b-467a-a724-a597f1be9f06_2545-86,2,1,1,0,7a680a9a-dd7b-467a-a724-a597f1be9f06,-0.10325560870796235
7a680a9a-dd7b-467a-a724-a597f1be9f06_2608-93,2,1,1,0,7a680a9a-dd7b-467a-a724-a597f1be9f06,0.356068618238127
7a680a9a-dd7b-467a-a724-a597f1be9f06_3668-06,0,1,1,0,7a680a9a-dd7b-467a-a724-a597f1be9f06,0.03779775993311957
7ac6dc03-7c8d-4de8-99af-03268c780ea2_1031-44,2,0,0,4,7ac6dc03-7c8d-4de8-99af-03268c780ea2,0.2419228755568455
7acd59a8-ed64-4a99-a469-3d5529a4098a_270-66,2,1,1,1,7acd59a8-ed64-4a99-a469-3d5529a4098a,0.8546936118865991
7b277350-9926-42ef-b5f7-3ee000f3350a_53-51,1,1,1,0,7b277350-9926-42ef-b5f7-3ee000f3350a,-0.12553740374009287
7b5fafdb-136a-4722-84a4-cffb213a224a_1092-90,2,0,0,4,7b5fafdb-136a-4722-84a4-cffb213a224a,0.4574286456101407
7b5fafdb-136a-4722-84a4-cffb213a224a_1908-63,2,0,0,4,7b5fafdb-136a-4722-84a4-cffb213a224a,1.3147212725437223
7b5fafdb-136a-4722-84a4-cffb213a224a_2353-21,3,0,0,4,7b5fafdb-136a-4722-84a4-cffb213a224a,0.009102116771011026
7c0c0057-3bbc-40ef-a91e-4d6e1a637642_1139-91,2,0,0,2,7c0c0057-3bbc-40ef-a91e-4d6e1a637642,0.15723997970317288
7c1c5dca-5856-4997-8cda-9fa3bca10a3b_1061-91,2,0,0,0,7c1c5dca-5856-4997-8cda-9fa3bca10a3b,0.81339112120889
7c1c5dca-5856-4997-8cda-9fa3bca10a3b_1969-00,1,1,1,0,7c1c5dca-5856-4997-8cda-9fa3bca10a3b,1.0018810070559618
7c1c5dca-5856-4997-8cda-9fa3bca10a3b_1973-06,2,0,0,0,7c1c5dca-5856-4997-8cda-9fa3bca10a3b,0.7291548788393212
7c1c5dca-5856-4997-8cda-9fa3bca10a3b_2494-15,2,0,0,0,7c1c5dca-5856-4997-8cda-9fa3bca10a3b,0.8483311527418771
7c1c5dca-5856-4997-8cda-9fa3bca10a3b_37-44,2,1,1,0,7c1c5dca-5856-4997-8cda-9fa3bca10a3b,0.09959848066611893
7c4f8ef4-c126-46b7-8fa9-1b2daf5b41de_2272-79,2,0,0,1,7c4f8ef4-c126-46b7-8fa9-1b2daf5b41de,0.5740897550019863
7c925095-c62a-4a7a-a2ca-118ca3f0176a_2-34,1,1,1,1,7c925095-c62a-4a7a-a2ca-118ca3f0176a,1.229252717274947
7c969dc3-aea2-49d4-bd0e-48191b4e5a51_3982-40,2,0,0,3,7c969dc3-aea2-49d4-bd0e-48191b4e5a51,0.34802206642757794
7c969dc3-aea2-49d4-bd0e-48191b4e5a51_6350-49,3,1,1,3,7c969dc3-aea2-49d4-bd0e-48191b4e5a51,0.5988872888282613
7cad84ff-4d08-4e18-8784-aaf4e9341264_333-06,1,1,1,0,7cad84ff-4d08-4e18-8784-aaf4e9341264,0.8678517972889896
7d444081-73d8-405d-9bcc-9620e5feefaf_729-22,1,1,1,4,7d444081-73d8-405d-9bcc-9620e5feefaf,0.861685171910962
7ddc2c83-3cb0-4bb1-8e91-3ef60f88864d_1433-25,1,0,0,3,7ddc2c83-3cb0-4bb1-8e91-3ef60f88864d,0.335258529249449
7e80931a-2067-419d-8f9e-2aff41dd330c_2937-25,2,0,0,4,7e80931a-2067-419d-8f9e-2aff41dd330c,0.5394885465870665
7f296d37-a819-408f-aa34-80b63a40f01e_28-00,3,1,1,1,7f296d37-a819-408f-aa34-80b63a40f01e,0.44783814746340034
7f5ed6e1-aca1-40d5-87c6-d156c5f02263_213-21,0,0,0,1,7f5ed6e1-aca1-40d5-87c6-d156c5f02263,1.4185845564213946
7f5ed6e1-aca1-40d5-87c6-d156c5f02263_213-34,2,0,0,1,7f5ed6e1-aca1-40d5-87c6-d156c5f02263,1.5138416311495486
7f5ed6e1-aca1-40d5-87c6-d156c5f02263_220-16,1,0,0,1,7f5ed6e1-aca1-40d5-87c6-d156c5f02263,0.2959404903191484
7f5ed6e1-aca1-40d5-87c6-d156c5f02263_222-42,1,1,1,1,7f5ed6e1-aca1-40d5-87c6-d156c5f02263,1.0959623375192291
7fc72743-4b55-48de-b988-4c690bda912f_1613-32,2,1,1,0,7fc72743-4b55-48de-b988-4c690bda912f,1.979590321026093
7ff0900d-1bca-4aa7-aedd-ab0fb0a12371_0-04,1,0,0,4,7ff0900d-1bca-4aa7-aedd-ab0fb0a12371,0.7830556223487131
803d0524-47c8-45fe-a5d1-c6a71e2cd54b_786-81,3,1,1,3,803d0524-47c8-45fe-a5d1-c6a71e2cd54b,0.12259558857501407
80c74a5b-81e0-4bc1-bc09-2f146351fe70_545-79,1,1,1,2,80c74a5b-81e0-4bc1-bc09-2f146351fe70,0.49052110446722424
817170ad-1f3b-44b1-9772-fe914fa17f30_1178-10,3,1,1,4,817170ad-1f3b-44b1-9772-fe914fa17f30,0.6724542683668877
817170ad-1f3b-44b1-9772-fe914fa17f30_1211-20,0,1,1,4,817170ad-1f3b-44b1-9772-fe914fa17f30,1.3218832173489112
81fb9f8f-be18-4833-a899-4fbcef82a634_2169-64,2,0,0,1,81fb9f8f-be18-4833-a899-4fbcef82a634,-0.32752114043372416
81fb9f8f-be18-4833-a899-4fbcef82a634_270-26,3,1,1,1,81fb9f8f-be18-4833-a899-4fbcef82a634,0.26612347740124886
81fff27c-97c0-483a-ad42-47fa947977a9_456-39,0,0,0,0,81fff27c-97c0-483a-ad42-47fa947977a9,-0.6790893363870563
820d4b9e-6fba-472f-aa45-25b27241d4af_366-20,3,0,0,4,820d4b9e-6fba-472f-aa45-25b27241d4af,1.177855710693902
824e7896-904a-4ff5-b7ee-e21df21918c2_2003-17,2,0,0,4,824e7896-904a-4ff5-b7ee-e21df21918c2,0.3510098386959442
828ef13f-f52a-4a16-b206-4ec7e471f025_147-18,2,0,0,2,828ef13f-f52a-4a16-b206-4ec7e471f025,-0.09799741931654105
828ef13f-f52a-4a16-b206-4ec7e471f025_238-90,0,0,0,2,828ef13f-f52a-4a16-b206-4ec7e471f025,-0.20157595476447818
828ef13f-f52a-4a16-b206-4ec7e471f025_274-71,0,0,0,2,828ef13f-f52a-4a16-b206-4ec7e471f025,-0.07034960228087322
82e96128-1242-4e57-8a3e-9ea222df022c_2985-80,1,0,0,0,82e96128-1242-4e57-8a3e-9ea222df022c,0.33853492583382944
82e96128-1242-4e57-8a3e-9ea222df022c_2999-35,2,0,0,0,82e96128-1242-4e57-8a3e-9ea222df022c,0.06851086205584894
82e96128-1242-4e57-8a3e-9ea222df022c_3264-64,0,1,1,0,82e96128-1242-4e57-8a3e-9ea222df022c,-0.3356047396563501
82e96128-1242-4e57-8a3e-9ea222df022c_3386-01,3,0,0,0,82e96128-1242-4e57-8a3e-9ea222df022c,1.1155881063205675
82e96128-1242-4e57-8a3e-9ea222df022c_3457-40,3,0,0,0,82e96128-1242-4e57-8a3e-9ea222df022c,-0.06258363789777716
830bd10c-4eb5-477d-9166-7d41ca86880a_963-23,1,1,1,3,830bd10c-4eb5-477d-9166-7d41ca86880a,0.4903861361122146
839c2689-76f1-4e8c-893d-93675663dd93_582-68,2,0,0,2,839c2689-76f1-4e8c-893d-93675663dd93,0.007107811882738013
83f18213-f8f8-44fa-b9ce-104c6ddbcd57_1657-94,1,0,0,1,83f18213-f8f8-44fa-b9ce-104c6ddbcd57,0.5887071083128874
8447cf7c-d919-449a-be90-cdd05910fd9b_29-57,3,1,1,0,8447cf7c-d919-449a-be90-cdd05910fd9b,0.7074091006753784
845cb298-d60b-4106-8213-d2aca821740a_14-13,3,1,1,4,845cb298-d60b-4106-8213-d2aca821740a,1.88840039162232
8483fa90-f5dc-4d50-9561-244bfdf12ea3_659-48,3,0,0,3,8483fa90-f5dc-4d50-9561-244bfdf12ea3,0.039222338358798625
84ec85f6-c167-413c-829d-9c6915519c57_249-09,2,0,0,0,84ec85f6-c167-413c-829d-9c6915519c57,1.2730231169906194
84ec85f6-c167-413c-829d-9c6915519c57_3997-33,2,1,1,0,84ec85f6-c167-413c-829d-9c6915519c57,0.7227640058928049
84ec85f6-c167-413c-829d-9c6915519c57_919-33,1,1,1,0,84ec85f6-c167-413c-829d-9c6915519c57,1.6750777425276409
85020424-0ed9-4dcd-9a39-e5ab84ec6b6d_896-84,1,1,1,2,85020424-0ed9-4dcd-9a39-e5ab84ec6b6d,0.2381752227446579
85782c5f-a240-44d9-951c-27f0bb3f7f4c_375-79,3,0,0,1,85782c5f-a240-44d9-951c-27f0bb3f7f4c,0.5612761221445055
85b87948-4578-4912-95cb-addd19cfd31a_1580-85,0,0,0,4,85b87948-4578-4912-95cb-addd19cfd31a,0.6300032474417305
85b87948-4578-4912-95cb-addd19cfd31a_1581-49,3,0,0,4,85b87948-4578-4912-95cb-addd19cfd31a,-0.1583328567904974
85b87948-4578-4912-95cb-addd19cfd31a_3435-98,1,1,1,4,85b87948-4578-4912-95cb-addd19cfd31a,0.4987189402094359
860be163-394f-48bb-9068-37e1c383ff73_736-68,3,0,0,0,860be163-394f-48bb-9068-37e1c383ff73,0.1744336785930704
860be163-394f-48bb-9068-37e1c383ff73_764-03,3,0,0,0,860be163-394f-48bb-9068-37e1c383ff73,0.1260831346543883
862f0fa5-2c3e-4a6c-ab93-c059637eee8c_49-84,0,0,0,0,862f0fa5-2c3e-4a6c-ab93-c059637eee8c,-0.07604283324121741
8645cc8f-2a69-4a50-bf90-9faec8d80386_717-84,0,1,1,4,8645cc8f-2a69-4a50-bf90-9faec8d80386,0.7839978037872575
864618d9-cc17-4e90-8c64-7a1e4ba23d17_294-04,3,1,1,0,864618d9-cc17-4e90-8c64-7a1e4ba23d17,1.2031342194153871
865ff1fd-d17e-4642-b111-8f1a1da5a2d4_748-29,2,0,0,1,865ff1fd-d17e-4642-b111-8f1a1da5a2d4,0.7692000373890677
8672b38a-7682-4244-ad7a-a336c81c2d0e_1054-38,1,0,0,3,8672b38a-7682-4244-ad7a-a336c81c2d0e,1.5383427309501516
8672b38a-7682-4244-ad7a-a336c81c2d0e_1056-99,2,1,1,3,8672b38a-7682-4244-ad7a-a336c81c2d0e,1.4481162917986639
8677afac-95b4-4ec1-aec5-39c90fd8374c_271-68,1,0,0,2,8677afac-95b4-4ec1-aec5-39c90fd8374c,0.16930321807450904
86fb4797-274f-4807-848a-8b1ddc5c29e8_728-96,0,0,0,2,86fb4797-274f-4807-848a-8b1ddc5c29e8,0.3763693047919509
86fb4797-274f-4807-848a-8b1ddc5c29e8_730-35,3,0,0,2,86fb4797-274f-4807-848a-8b1ddc5c29e8,0.620129856892035
86fb4797-274f-4807-848a-8b1ddc5c29e8_769-33,1,1,1,2,86fb4797-274f-4807-848a-8b1ddc5c29e8,1.0197036434676376
86fb4797-274f-4807-848a-8b1ddc5c29e8_808-67,3,0,0,2,86fb4797-274f-4807-848a-8b1ddc5c29e8,0.6893992534387605
8774b5c6-83aa-43b0-8a51-00f173949944_3529-30,1,1,1,2,8774b5c6-83aa-43b0-8a51-00f173949944,1.1648331889150958
8774b5c6-83aa-43b0-8a51-00f173949944_421-89,3,1,1,2,8774b5c6-83aa-43b0-8a51-00f173949944,2.209910626401973
878666b9-5f3d-476a-960f-3a5d02da7619_15170-34,3,0,0,1,878666b9-5f3d-476a-960f-3a5d02da7619,-0.10371979704141687
878666b9-5f3d-476a-960f-3a5d02da7619_16974-50,3,0,0,1,878666b9-5f3d-476a-960f-3a5d02da7619,1.2332981011638373
878666b9-5f3d-476a-960f-3a5d02da7619_18455-07,1,1,1,1,878666b9-5f3d-476a-960f-3a5d02da7619,-0.34313145822432634
878666b9-5f3d-476a-960f-3a5d02da7619_19280-23,1,1,1,1,878666b9-5f3d-476a-960f-3a5d02da7619,-0.20097920824050475
878666b9-5f3d-476a-960f-3a5d02da7619_19281-22,2,1,1,1,878666b9-5f3d-476a-960f-3a5d02da7619,0.3271514937687462
878666b9-5f3d-476a-960f-3a5d02da7619_22412-01,0,1,1,1,878666b9-5f3d-476a-960f-3a5d02da7619,-0.10814039032155126
878666b9-5f3d-476a-960f-3a5d02da7619_6890-95,1,0,0,1,878666b9-5f3d-476a-960f-3a5d02da7619,0.32018317956171716
878666b9-5f3d-476a-960f-3a5d02da7619_7108-62,1,0,0,1,878666b9-5f3d-476a-960f-3a5d02da7619,0.15590424929033786
88193924-6780-4290-b8ba-85676e98387a_783-81,1,1,1,1,88193924-6780-4290-b8ba-85676e98387a,0.7644559723250999
88193924-6780-4290-b8ba-85676e98387a_791-58,4,1,1,1,88193924-6780-4290-b8ba-85676e98387a,0.4369543703535138
88faccde-dd5d-4af2-b769-8f0547c2c6a3_826-95,1,0,0,1,88faccde-dd5d-4af2-b769-8f0547c2c6a3,0.8005092040944317
891169d0-2846-47ce-9f3e-13ac1e6ff85a_10-93,1,0,0,0,891169d0-2846-47ce-9f3e-13ac1e6ff85a,-0.24189842681530763
89d8c9c5-fa11-4674-b08f-007f81958555_1391-21,0,0,0,4,89d8c9c5-fa11-4674-b08f-007f81958555,0.9996564457233132
89d8c9c5-fa11-4674-b08f-007f81958555_1484-97,2,1,1,4,89d8c9c5-fa11-4674-b08f-007f81958555,0.37816667111469277
89d8c9c5-fa11-4674-b08f-007f81958555_1642-22,0,0,0,4,89d8c9c5-fa11-4674-b08f-007f81958555,-0.66741428879052
89d8c9c5-fa11-4674-b08f-007f81958555_1665-43,0,0,0,4,89d8c9c5-fa11-4674-b08f-007f81958555,0.6096365827985857
89d8c9c5-fa11-4674-b08f-007f81958555_179-03,0,1,1,4,89d8c9c5-fa11-4674-b08f-007f81958555,1.045955779478425
89d8c9c5-fa11-4674-b08f-007f81958555_2-14,1,1,1,4,89d8c9c5-fa11-4674-b08f-007f81958555,0.6865830945467408
89d8c9c5-fa11-4674-b08f-007f81958555_227-24,0,1,1,4,89d8c9c5-fa11-4674-b08f-007f81958555,-0.32776597348143677
89d8c9c5-fa11-4674-b08f-007f81958555_240-15,1,0,0,4,89d8c9c5-fa11-4674-b08f-007f81958555,0.613642817721566
89d8c9c5-fa11-4674-b08f-007f81958555_252-29,2,1,1,4,89d8c9c5-fa11-4674-b08f-007f81958555,0.8770449972294538
8a0de6d0-5d28-43f5-91e6-48f41eeb3752_1038-76,1,0,0,0,8a0de6d0-5d28-43f5-91e6-48f41eeb3752,-0.3681219955704911
8a0de6d0-5d28-43f5-91e6-48f41eeb3752_1074-03,3,0,0,0,8a0de6d0-5d28-43f5-91e6-48f41eeb3752,-0.2052580288017284
8a431195-083a-4e07-a99d-28c2591beaef_13-09,1,0,0,4,8a431195-083a-4e07-a99d-28c2591beaef,0.46769991448372866
8b1d4210-a174-4617-8311-df4b32785d28_1114-53,0,1,1,3,8b1d4210-a174-4617-8311-df4b32785d28,0.6294275261052986
8b72b54f-f87c-4fdb-84dc-97e42ab111ac_824-00,1,0,0,2,8b72b54f-f87c-4fdb-84dc-97e42ab111ac,-0.16184204406218614
8b82316c-c293-49a7-b401-a3cc026ab1d0_2095-46,3,0,0,2,8b82316c-c293-49a7-b401-a3cc026ab1d0,0.6011233609098836
8b82316c-c293-49a7-b401-a3cc026ab1d0_2988-29,0,0,0,2,8b82316c-c293-49a7-b401-a3cc026ab1d0,-0.39061219423922683
8b82316c-c293-49a7-b401-a3cc026ab1d0_3206-95,0,0,0,2,8b82316c-c293-49a7-b401-a3cc026ab1d0,-0.03554849091972195
8b82316c-c293-49a7-b401-a3cc026ab1d0_3445-90,1,1,1,2,8b82316c-c293-49a7-b401-a3cc026ab1d0,-0.2904963544485641
8b82db7f-5c39-4850-8a70-97e2615d4faa_508-54,1,0,0,1,8b82db7f-5c39-4850-8a70-97e2615d4faa,0.820011722504487
8b89d35d-5e19-4240-b45e-7a692cf962e3_392-22,0,1,1,0,8b89d35d-5e19-4240-b45e-7a692cf962e3,0.38069140217376357
8bb4369f-a6e0-45a3-9d2d-fd5d5c686ccc_246-04,2,1,1,4,8bb4369f-a6e0-45a3-9d2d-fd5d5c686ccc,1.1957585708571
8bb4369f-a6e0-45a3-9d2d-fd5d5c686ccc_276-24,1,1,1,4,8bb4369f-a6e0-45a3-9d2d-fd5d5c686ccc,0.9013496098089817
8bb4369f-a6e0-45a3-9d2d-fd5d5c686ccc_315-76,1,1,1,4,8bb4369f-a6e0-45a3-9d2d-fd5d5c686ccc,1.1957585708571
8bb4369f-a6e0-45a3-9d2d-fd5d5c686ccc_70-57,2,1,1,4,8bb4369f-a6e0-45a3-9d2d-fd5d5c686ccc,1.1957585708571
8be6e0c4-a80d-41a3-a1c5-5911ae236990_317-18,1,1,1,4,8be6e0c4-a80d-41a3-a1c5-5911ae236990,-0.290062769175794
8c075dc9-9c6a-43cf-8c6e-fb1af3624cf0_842-26,1,0,0,3,8c075dc9-9c6a-43cf-8c6e-fb1af3624cf0,0.7739547199601726
8c3c68c9-eeec-4f51-881f-3cc6340679ec_0-04,1,1,1,0,8c3c68c9-eeec-4f51-881f-3cc6340679ec,0.3577569767590975
8c3c68c9-eeec-4f51-881f-3cc6340679ec_1138-68,1,0,0,0,8c3c68c9-eeec-4f51-881f-3cc6340679ec,0.4414732694848202
8caa3009-10ad-407b-b837-ec1a26759089_1828-86,0,0,0,2,8caa3009-10ad-407b-b837-ec1a26759089,-0.04014254462129263
8cda2388-6f45-46d4-8ded-4ba2e23b309f_463-28,2,1,1,0,8cda2388-6f45-46d4-8ded-4ba2e23b309f,0.6564494153295846
8d3b84a9-e747-47c1-8f09-726fdde7986c_1371-62,0,1,1,4,8d3b84a9-e747-47c1-8f09-726fdde7986c,1.518213206020797
8d4895eb-b2d1-43b8-90f1-e80fcc37797b_2448-11,3,1,1,3,8d4895eb-b2d1-43b8-90f1-e80fcc37797b,0.3500510578195887
8d4895eb-b2d1-43b8-90f1-e80fcc37797b_9565-47,1,0,0,3,8d4895eb-b2d1-43b8-90f1-e80fcc37797b,0.20567685955706372
8d4adc89-dcec-42ca-aebc-0d05cafa8f26_21-35,0,0,0,4,8d4adc89-dcec-42ca-aebc-0d05cafa8f26,0.36090654993720167
8d50f526-624c-40bd-b696-7ad6ce5746ab_22-55,1,0,0,3,8d50f526-624c-40bd-b696-7ad6ce5746ab,1.387342793696619
8d85aa58-438d-413c-b8b3-ae5417737c5c_1900-47,2,0,0,2,8d85aa58-438d-413c-b8b3-ae5417737c5c,-0.37189907707639225
8d900b59-e95d-4c9b-9432-8f5096aac2db_503-05,3,1,1,1,8d900b59-e95d-4c9b-9432-8f5096aac2db,1.399665907850146
8dd6490b-6291-4793-b05e-79250f87925f_101-76,1,1,1,4,8dd6490b-6291-4793-b05e-79250f87925f,0.4357625846042366
8dd6490b-6291-4793-b05e-79250f87925f_1530-13,3,1,1,4,8dd6490b-6291-4793-b05e-79250f87925f,0.12681253568654077
8dd6490b-6291-4793-b05e-79250f87925f_1553-75,3,1,1,4,8dd6490b-6291-4793-b05e-79250f87925f,0.18295149483543832
8dd6490b-6291-4793-b05e-79250f87925f_396-12,1,0,0,4,8dd6490b-6291-4793-b05e-79250f87925f,0.5671958837990261
8dd6490b-6291-4793-b05e-79250f87925f_402-15,1,1,1,4,8dd6490b-6291-4793-b05e-79250f87925f,-0.27526711726709524
8e2b02c8-9927-4039-8407-514c2709de95_1125-83,2,0,0,0,8e2b02c8-9927-4039-8407-514c2709de95,-0.032261250017382725
8e605fdf-a4f1-4393-975a-f332ab6b5f79_167-81,1,0,0,0,8e605fdf-a4f1-4393-975a-f332ab6b5f79,0.28292101835556455
8e605fdf-a4f1-4393-975a-f332ab6b5f79_44-53,3,0,0,0,8e605fdf-a4f1-4393-975a-f332ab6b5f79,0.3395826468982847
8e748fd1-e30e-4bf6-a04f-5f570ca075ac_351-84,2,1,1,4,8e748fd1-e30e-4bf6-a04f-5f570ca075ac,0.5031993246106632
8ea5ddc3-ae53-4cff-b457-ba425c6bec97_5750-66,3,0,0,3,8ea5ddc3-ae53-4cff-b457-ba425c6bec97,0.41445450309251397
8ed40810-09cf-4061-953c-9fff6e6d6aeb_103-16,2,1,1,2,8ed40810-09cf-4061-953c-9fff6e6d6aeb,0.9618929574181216
8ed40810-09cf-4061-953c-9fff6e6d6aeb_122-51,1,1,1,2,8ed40810-09cf-4061-953c-9fff6e6d6aeb,-0.3027679159955099
8ed40810-09cf-4061-953c-9fff6e6d6aeb_589-93,0,0,0,2,8ed40810-09cf-4061-953c-9fff6e6d6aeb,1.87532168500342
8ee6764a-4ef2-4359-9cf1-03a5f4dbcc79_593-30,0,1,1,2,8ee6764a-4ef2-4359-9cf1-03a5f4dbcc79,-0.00665681056333578
8f05300f-1200-4c18-937b-b8e23dc92505_261-93,3,1,1,1,8f05300f-1200-4c18-937b-b8e23dc92505,1.1237845144800835
8f0f8606-b696-4bb2-909d-703e4e076d80_641-77,2,1,1,3,8f0f8606-b696-4bb2-909d-703e4e076d80,1.2671325419764363
8f0f8606-b696-4bb2-909d-703e4e076d80_725-88,3,0,0,3,8f0f8606-b696-4bb2-909d-703e4e076d80,-0.3526992852251767
8f4008a5-18c9-464b-9bce-1ffa824f238d_1620-01,3,0,0,1,8f4008a5-18c9-464b-9bce-1ffa824f238d,-0.283708721269459
8f4008a5-18c9-464b-9bce-1ffa824f238d_96-39,2,0,0,1,8f4008a5-18c9-464b-9bce-1ffa824f238d,1.1134712494832915
8f47201d-0398-4442-af65-0dde73284c7f_1370-37,1,0,0,0,8f47201d-0398-4442-af65-0dde73284c7f,1.446014838770223
8fafc02a-ef7a-46f4-ae97-b0c68c8bb207_14026-98,2,1,1,2,8fafc02a-ef7a-46f4-ae97-b0c68c8bb207,1.6244570203531243
8fafc02a-ef7a-46f4-ae97-b0c68c8bb207_16014-05,0,1,1,2,8fafc02a-ef7a-46f4-ae97-b0c68c8bb207,0.7051075705879544
8fafc02a-ef7a-46f4-ae97-b0c68c8bb207_7571-93,0,0,0,2,8fafc02a-ef7a-46f4-ae97-b0c68c8bb207,0.7232176336812801
8ff25fe1-3a42-4449-bd91-b3ac2adf9143_380-26,3,1,1,2,8ff25fe1-3a42-4449-bd91-b3ac2adf9143,2.2599140939930105
90398a2b-de6b-4232-9bea-149c48cb1326_334-80,1,0,0,0,90398a2b-de6b-4232-9bea-149c48cb1326,-0.3381260464137264
90398a2b-de6b-4232-9bea-149c48cb1326_984-97,1,1,1,0,90398a2b-de6b-4232-9bea-149c48cb1326,0.28787268526562465
906a5fbf-a335-4134-a23a-ece71a9683eb_1213-24,1,1,1,3,906a5fbf-a335-4134-a23a-ece71a9683eb,1.3573258957303578
9148ceed-6983-4303-a560-2cbde805ee85_493-46,3,1,1,3,9148ceed-6983-4303-a560-2cbde805ee85,-0.024575221607650244
9148ceed-6983-4303-a560-2cbde805ee85_529-14,3,1,1,3,9148ceed-6983-4303-a560-2cbde805ee85,-0.7018904859312216
9155f5b9-6235-484f-990d-fbd3010a791e_1650-00,0,1,1,2,9155f5b9-6235-484f-990d-fbd3010a791e,-0.08398823768584901
9155f5b9-6235-484f-990d-fbd3010a791e_2163-97,2,1,1,2,9155f5b9-6235-484f-990d-fbd3010a791e,1.4456637277804627
92153977-6016-4863-be78-c4af25a56a0f_1117-24,1,1,1,1,92153977-6016-4863-be78-c4af25a56a0f,1.3968852416472357
92153977-6016-4863-be78-c4af25a56a0f_394-80,2,0,0,1,92153977-6016-4863-be78-c4af25a56a0f,-0.013527825571259922
929a6fbb-3fda-45af-95bf-144d851761f4_1114-91,1,1,1,4,929a6fbb-3fda-45af-95bf-144d851761f4,1.0937427929380579
932dfe2f-0cf1-4b76-b41a-4ca03f6945e5_1575-94,3,1,1,0,932dfe2f-0cf1-4b76-b41a-4ca03f6945e5,1.4206005210288783
933a8f93-2881-458d-93ec-8c072f2a1474_2356-83,1,0,0,1,933a8f93-2881-458d-93ec-8c072f2a1474,0.4629391061543794
935bc36b-27aa-4c83-89fd-221feca0030e_1080-82,0,1,1,0,935bc36b-27aa-4c83-89fd-221feca0030e,0.17210044021192378
937e5809-09d0-4c6b-8d9e-9329e0cf6218_148-21,0,0,0,0,937e5809-09d0-4c6b-8d9e-9329e0cf6218,0.8577834096896644
937e5809-09d0-4c6b-8d9e-9329e0cf6218_2515-56,0,0,0,0,937e5809-09d0-4c6b-8d9e-9329e0cf6218,-0.5471863412947447
93a5f8cb-d7eb-4e5a-9913-77ef1487ce61_2462-55,1,1,1,4,93a5f8cb-d7eb-4e5a-9913-77ef1487ce61,0.1300589663003669
93a5f8cb-d7eb-4e5a-9913-77ef1487ce61_3858-22,3,1,1,4,93a5f8cb-d7eb-4e5a-9913-77ef1487ce61,2.2703576635571956
93f78437-229d-4824-a8c1-68d9b17e754d_1063-13,0,1,1,2,93f78437-229d-4824-a8c1-68d9b17e754d,1.340839279718228
93f78437-229d-4824-a8c1-68d9b17e754d_1063-21,2,1,1,2,93f78437-229d-4824-a8c1-68d9b17e754d,0.40147336639250525
944aacb0-f596-460d-b5a6-9ae05df1d430_3528-77,0,1,1,1,944aacb0-f596-460d-b5a6-9ae05df1d430,1.6400043869558272
944aacb0-f596-460d-b5a6-9ae05df1d430_3858-37,2,1,1,1,944aacb0-f596-460d-b5a6-9ae05df1d430,0.30150572685546173
94734a4a-4fb2-4d45-a47f-9d3d0ad70071_1049-90,0,1,1,4,94734a4a-4fb2-4d45-a47f-9d3d0ad70071,1.985029346088549
948317e1-7426-4bfa-b25a-a476ee69797f_845-76,3,1,1,3,948317e1-7426-4bfa-b25a-a476ee69797f,1.4036207503065241
9490a06b-3fa1-47b6-b470-facb3d61ac57_1071-05,2,1,1,1,9490a06b-3fa1-47b6-b470-facb3d61ac57,-0.6580252191918058
9490a06b-3fa1-47b6-b470-facb3d61ac57_153-78,1,1,1,1,9490a06b-3fa1-47b6-b470-facb3d61ac57,0.7096200892444733
9490a06b-3fa1-47b6-b470-facb3d61ac57_599-12,3,1,1,1,9490a06b-3fa1-47b6-b470-facb3d61ac57,0.7830028247783265
949b2e8a-83f9-4b89-b29b-9e8d81600dd8_2242-73,3,0,0,2,949b2e8a-83f9-4b89-b29b-9e8d81600dd8,0.36868143836545614
949b2e8a-83f9-4b89-b29b-9e8d81600dd8_2250-47,3,0,0,2,949b2e8a-83f9-4b89-b29b-9e8d81600dd8,0.06475216700701442
949b2e8a-83f9-4b89-b29b-9e8d81600dd8_2981-03,0,1,1,2,949b2e8a-83f9-4b89-b29b-9e8d81600dd8,-0.6972397227186939
949b2e8a-83f9-4b89-b29b-9e8d81600dd8_3511-42,3,1,1,2,949b2e8a-83f9-4b89-b29b-9e8d81600dd8,0.40314969586973276
949c5a8f-7aa7-4566-a04c-531961cbcc16_1433-64,0,0,0,2,949c5a8f-7aa7-4566-a04c-531961cbcc16,0.15274105950963474
94d5eff8-0fac-4719-adf2-5c0208ab89f7_1110-52,1,0,0,3,94d5eff8-0fac-4719-adf2-5c0208ab89f7,0.30525048163634194
94d5eff8-0fac-4719-adf2-5c0208ab89f7_3271-35,1,0,0,3,94d5eff8-0fac-4719-adf2-5c0208ab89f7,-0.19829744329932592
9520f703-8904-4123-bd7f-873b0b42074b_224-60,1,1,1,2,9520f703-8904-4123-bd7f-873b0b42074b,0.893779321200143
9520f703-8904-4123-bd7f-873b0b42074b_239-07,0,1,1,2,9520f703-8904-4123-bd7f-873b0b42074b,0.9805276725340479
9520f703-8904-4123-bd7f-873b0b42074b_989-29,0,1,1,2,9520f703-8904-4123-bd7f-873b0b42074b,0.8066820028546913
952d5295-06f4-4578-929b-4113e4ff9201_741-67,2,0,0,3,952d5295-06f4-4578-929b-4113e4ff9201,-0.17896811987114258
952d5295-06f4-4578-929b-4113e4ff9201_769-29,1,1,1,3,952d5295-06f4-4578-929b-4113e4ff9201,-0.001460187602405738
952d5295-06f4-4578-929b-4113e4ff9201_792-75,1,1,1,3,952d5295-06f4-4578-929b-4113e4ff9201,1.3083851341252477
952d5295-06f4-4578-929b-4113e4ff9201_808-38,0,1,1,3,952d5295-06f4-4578-929b-4113e4ff9201,0.3848035491416828
952f40df-b1d7-4562-afe4-2a4ff569e949_2108-64,1,1,1,1,952f40df-b1d7-4562-afe4-2a4ff569e949,0.8572637211838607
9531cee8-0f60-4a68-8243-397ab7670a75_270-43,3,0,0,0,9531cee8-0f60-4a68-8243-397ab7670a75,0.752140828260593
959bc769-a40e-4f4b-ba45-5adf32b8f26e_201-77,1,1,1,4,959bc769-a40e-4f4b-ba45-5adf32b8f26e,-0.07402487075933495
95abf338-cf33-43f4-a8d0-44d6ea691d0f_44-58,3,0,0,3,95abf338-cf33-43f4-a8d0-44d6ea691d0f,0.38143501024501925
95c0a226-5cb1-4380-af73-db2fcdbdbb76_174-41,3,0,0,2,95c0a226-5cb1-4380-af73-db2fcdbdbb76,-0.6735063002305658
95f2caf6-c6f5-4471-9763-2957e248eb58_503-77,2,1,1,4,95f2caf6-c6f5-4471-9763-2957e248eb58,0.5022177611206322
95f2caf6-c6f5-4471-9763-2957e248eb58_588-89,1,0,0,4,95f2caf6-c6f5-4471-9763-2957e248eb58,0.16991176912959466
9632b0a9-cf21-4773-b95b-83aae9a23d0a_17-58,2,0,0,0,9632b0a9-cf21-4773-b95b-83aae9a23d0a,0.09213970985603531
9632b0a9-cf21-4773-b95b-83aae9a23d0a_630-61,0,0,0,0,9632b0a9-cf21-4773-b95b-83aae9a23d0a,0.8009720536678036
963b09ff-1da2-4168-bed2-fe1d2531dd98_1393-91,2,1,1,1,963b09ff-1da2-4168-bed2-fe1d2531dd98,0.19415832118758558
963c1ecc-d25e-4c0a-b447-9b26f3778efc_207-31,2,1,1,0,963c1ecc-d25e-4c0a-b447-9b26f3778efc,1.0943638602126078
968d25eb-ab49-4a12-8b53-c5d98b091353_1212-82,0,1,1,4,968d25eb-ab49-4a12-8b53-c5d98b091353,1.3266608982783523
969866a7-2393-4bca-851a-885ddd7f627d_2129-17,1,1,1,0,969866a7-2393-4bca-851a-885ddd7f627d,0.0306957169681063
969866a7-2393-4bca-851a-885ddd7f627d_2446-72,1,1,1,0,969866a7-2393-4bca-851a-885ddd7f627d,1.009642188253557
969866a7-2393-4bca-851a-885ddd7f627d_2662-28,0,1,1,0,969866a7-2393-4bca-851a-885ddd7f627d,2.737307539760065
972f2966-c368-4344-a9ca-5bd8a277f177_1110-10,0,1,1,4,972f2966-c368-4344-a9ca-5bd8a277f177,-0.061840392487657436
972f2966-c368-4344-a9ca-5bd8a277f177_602-22,0,0,0,4,972f2966-c368-4344-a9ca-5bd8a277f177,0.3733518593861232
97811639-7def-4034-8083-a82a59156234_468-38,3,1,1,3,97811639-7def-4034-8083-a82a59156234,0.5848065012785746
97ab9564-34c2-4272-97ec-8c4f2f76e117_1373-58,2,1,1,2,97ab9564-34c2-4272-97ec-8c4f2f76e117,1.4876901431347305
97ba861b-605c-4942-8e15-95953a3032e1_583-02,0,1,1,1,97ba861b-605c-4942-8e15-95953a3032e1,0.046259602380219644
97bd40e4-be39-403d-b9ae-f7eb006c51e2_914-45,3,1,1,0,97bd40e4-be39-403d-b9ae-f7eb006c51e2,1.0220774533666095
97d62297-ee2c-482f-aec2-4f73448c3a03_538-31,0,1,1,4,97d62297-ee2c-482f-aec2-4f73448c3a03,1.3449653520236404
97eaf9ae-9b92-493d-a555-4fcdb7c039a1_1485-95,2,0,0,3,97eaf9ae-9b92-493d-a555-4fcdb7c039a1,0.6129893031922471
98334b78-967f-4980-ba86-56d34b4aaf2e_1109-83,2,1,1,2,98334b78-967f-4980-ba86-56d34b4aaf2e,1.2170672944783851
98439a73-2aa4-4071-bee3-00973a58a70d_291-10,3,1,1,1,98439a73-2aa4-4071-bee3-00973a58a70d,0.42222559521220937
9848e52e-e6f3-4190-9c42-f85cd9847e10_807-44,1,0,0,1,9848e52e-e6f3-4190-9c42-f85cd9847e10,0.6673654177909745
989f3c2c-edd2-4f30-9925-56771e2bf7cc_6090-07,2,0,0,3,989f3c2c-edd2-4f30-9925-56771e2bf7cc,-0.09240909748459447
989f3c2c-edd2-4f30-9925-56771e2bf7cc_6720-40,3,0,0,3,989f3c2c-edd2-4f30-9925-56771e2bf7cc,-0.6328302830677819
98fcbc28-9542-4f3c-9a03-73af08fb989d_1063-08,3,1,1,2,98fcbc28-9542-4f3c-9a03-73af08fb989d,2.0540673707050714
98fcbc28-9542-4f3c-9a03-73af08fb989d_1376-40,0,1,1,2,98fcbc28-9542-4f3c-9a03-73af08fb989d,0.09225769209382423
98ff21ab-6151-4429-a6ff-39d3c6fa173b_1442-50,0,1,1,3,98ff21ab-6151-4429-a6ff-39d3c6fa173b,0.13999657858388548
992af5dc-64ff-4e24-b324-cc3df15be595_656-31,1,1,1,2,992af5dc-64ff-4e24-b324-cc3df15be595,0.7801437053420892
994616c8-63b0-47bd-a526-0680f4acff9e_109-35,3,0,0,1,994616c8-63b0-47bd-a526-0680f4acff9e,-0.030940765964717287
998d4e6e-f579-4872-b706-767c5f392825_2418-72,0,1,1,3,998d4e6e-f579-4872-b706-767c5f392825,0.06897021136768322
998d4e6e-f579-4872-b706-767c5f392825_4715-59,3,1,1,3,998d4e6e-f579-4872-b706-767c5f392825,0.04528238539228646
998d4e6e-f579-4872-b706-767c5f392825_4762-05,0,1,1,3,998d4e6e-f579-4872-b706-767c5f392825,0.2583291439297498
998d4e6e-f579-4872-b706-767c5f392825_5068-97,2,0,0,3,998d4e6e-f579-4872-b706-767c5f392825,0.8202341333387924
998d4e6e-f579-4872-b706-767c5f392825_5282-59,0,0,0,3,998d4e6e-f579-4872-b706-767c5f392825,0.4463804035685923
998d4e6e-f579-4872-b706-767c5f392825_698-26,1,1,1,3,998d4e6e-f579-4872-b706-767c5f392825,1.4164666684840332
99a89af1-a535-477c-88a8-c0830ba33486_1246-37,1,1,1,4,99a89af1-a535-477c-88a8-c0830ba33486,0.6363419682113636
99f41d39-cc65-4aad-b186-23b66e282f19_1295-59,1,0,0,1,99f41d39-cc65-4aad-b186-23b66e282f19,1.777517844174799
99f41d39-cc65-4aad-b186-23b66e282f19_141-65,3,1,1,1,99f41d39-cc65-4aad-b186-23b66e282f19,1.8462118226474726
99f41d39-cc65-4aad-b186-23b66e282f19_68-52,0,1,1,1,99f41d39-cc65-4aad-b186-23b66e282f19,1.8462118226474726
9a33e9f1-a740-4810-a624-62b0c9935741_115-86,1,1,1,3,9a33e9f1-a740-4810-a624-62b0c9935741,0.7341274406256981
9a33e9f1-a740-4810-a624-62b0c9935741_1702-28,1,0,0,3,9a33e9f1-a740-4810-a624-62b0c9935741,0.6389457925900348
9a33e9f1-a740-4810-a624-62b0c9935741_1894-42,2,1,1,3,9a33e9f1-a740-4810-a624-62b0c9935741,0.5422997279118464
9a33e9f1-a740-4810-a624-62b0c9935741_2385-44,2,1,1,3,9a33e9f1-a740-4810-a624-62b0c9935741,2.197165409319987
9a33e9f1-a740-4810-a624-62b0c9935741_2416-26,1,1,1,3,9a33e9f1-a740-4810-a624-62b0c9935741,1.0671180927722161
9a33e9f1-a740-4810-a624-62b0c9935741_636-64,0,1,1,3,9a33e9f1-a740-4810-a624-62b0c9935741,1.2417203699318933
9a33e9f1-a740-4810-a624-62b0c9935741_831-69,3,0,0,3,9a33e9f1-a740-4810-a624-62b0c9935741,0.7716745211185225
9a622b20-b234-4237-a3aa-c76b350e82dd_477-13,3,0,0,3,9a622b20-b234-4237-a3aa-c76b350e82dd,0.6426712622178947
9a732221-3adb-4903-b61d-9b8097965fbf_2751-77,3,0,0,4,9a732221-3adb-4903-b61d-9b8097965fbf,-0.37953515885668265
9a732221-3adb-4903-b61d-9b8097965fbf_3781-26,0,0,0,4,9a732221-3adb-4903-b61d-9b8097965fbf,0.6667483275904493
9b34e344-494d-4664-8180-a8ff2a692ab2_35-55,1,0,0,2,9b34e344-494d-4664-8180-a8ff2a692ab2,1.0125727402528935
9b8a4b28-b831-417b-83dd-deb7890908c0_1561-56,0,1,1,1,9b8a4b28-b831-417b-83dd-deb7890908c0,1.5587130917723733
9c07f3a2-5033-4f78-a377-a4cf5a7d7add_2010-42,1,0,0,3,9c07f3a2-5033-4f78-a377-a4cf5a7d7add,1.4759541192928742
9c07f3a2-5033-4f78-a377-a4cf5a7d7add_2093-33,0,1,1,3,9c07f3a2-5033-4f78-a377-a4cf5a7d7add,0.5423071502455584
9c15ab39-2b2b-4eb1-a93d-4dd3b9711fc6_321-25,0,1,1,0,9c15ab39-2b2b-4eb1-a93d-4dd3b9711fc6,0.6712457313843587
9ced9631-9c8f-4a69-9984-e6b0763d11ba_278-77,1,0,0,4,9ced9631-9c8f-4a69-9984-e6b0763d11ba,0.6471044849051013
9d0c46d6-ea9a-43e6-8b8a-4b2972eb6ef4_551-12,1,0,0,3,9d0c46d6-ea9a-43e6-8b8a-4b2972eb6ef4,0.670539710497611
9d26362a-4411-4d8b-b114-03f4f89928d7_1156-78,3,1,1,3,9d26362a-4411-4d8b-b114-03f4f89928d7,1.7897502955808022
9d26362a-4411-4d8b-b114-03f4f89928d7_1588-24,0,1,1,3,9d26362a-4411-4d8b-b114-03f4f89928d7,0.8821332171937064
9d26362a-4411-4d8b-b114-03f4f89928d7_694-92,3,1,1,3,9d26362a-4411-4d8b-b114-03f4f89928d7,0.5672209639701478
9d2ec4ad-945f-4614-b41f-24260de662f6_1664-30,0,0,0,2,9d2ec4ad-945f-4614-b41f-24260de662f6,0.4030252385544571
9d965c16-0014-45e5-b37b-50a786971470_2004-75,2,1,1,0,9d965c16-0014-45e5-b37b-50a786971470,0.7918247498391968
9d965c16-0014-45e5-b37b-50a786971470_2476-67,0,1,1,0,9d965c16-0014-45e5-b37b-50a786971470,1.2776419404152555
9d965c16-0014-45e5-b37b-50a786971470_6156-96,2,0,0,0,9d965c16-0014-45e5-b37b-50a786971470,0.4793346030577554
9d965c16-0014-45e5-b37b-50a786971470_8107-86,0,1,1,0,9d965c16-0014-45e5-b37b-50a786971470,0.4232462461952969
9dd29951-5080-4392-8bcd-2446e6af90fe_1166-46,3,0,0,1,9dd29951-5080-4392-8bcd-2446e6af90fe,0.9038924062851919
9df7c322-0e66-491d-bcf8-f10038b1eccf_229-80,2,1,1,0,9df7c322-0e66-491d-bcf8-f10038b1eccf,0.4418552301211604
9e0594bd-15a5-4ae7-afa0-9283683ae1f2_1106-88,1,1,1,3,9e0594bd-15a5-4ae7-afa0-9283683ae1f2,1.52152091988048
9e08a7b1-eb04-4d11-bb0b-f4cd42f0a819_3434-14,0,0,0,2,9e08a7b1-eb04-4d11-bb0b-f4cd42f0a819,-0.12273543699310402
9e579570-0541-49d6-bf0e-35483e949296_653-37,2,1,1,2,9e579570-0541-49d6-bf0e-35483e949296,-0.03320221161094988
9e9c5b05-c7d4-450d-9850-e6ae83caa9a5_3282-52,0,1,1,2,9e9c5b05-c7d4-450d-9850-e6ae83caa9a5,0.5988362929153921
9e9c5b05-c7d4-450d-9850-e6ae83caa9a5_3297-13,1,1,1,2,9e9c5b05-c7d4-450d-9850-e6ae83caa9a5,0.7875806817152149
9f4e5f51-eac3-4070-9097-f6e18a7b90f9_1289-99,3,1,1,1,9f4e5f51-eac3-4070-9097-f6e18a7b90f9,0.6879008122110117
9f8d9232-a78e-4e14-9a0f-944a325efa19_133-97,3,0,0,0,9f8d9232-a78e-4e14-9a0f-944a325efa19,0.4351369475408768
9fb1ce25-8a99-45ed-a28c-1492192d4964_1100-54,2,1,1,1,9fb1ce25-8a99-45ed-a28c-1492192d4964,1.1177967380030718
9fb1ce25-8a99-45ed-a28c-1492192d4964_1946-35,2,0,0,1,9fb1ce25-8a99-45ed-a28c-1492192d4964,-0.05200298557451688
9fb1ce25-8a99-45ed-a28c-1492192d4964_1957-11,0,0,0,1,9fb1ce25-8a99-45ed-a28c-1492192d4964,-0.6377651216788955
9fc3678b-86e2-44ab-adbc-9aeda78ceb60_957-19,3,0,0,3,9fc3678b-86e2-44ab-adbc-9aeda78ceb60,0.098214376995581
9fc3678b-86e2-44ab-adbc-9aeda78ceb60_992-74,0,1,1,3,9fc3678b-86e2-44ab-adbc-9aeda78ceb60,1.3723256655817366
a055e4e8-cc07-47c1-a438-06f45c4f724c_2257-57,2,1,1,2,a055e4e8-cc07-47c1-a438-06f45c4f724c,0.5635234396169566
a055e4e8-cc07-47c1-a438-06f45c4f724c_2341-22,0,0,0,2,a055e4e8-cc07-47c1-a438-06f45c4f724c,-0.21512484859114261
a12f0a2e-e066-4b65-8603-6754bb73e196_30-04,0,0,0,4,a12f0a2e-e066-4b65-8603-6754bb73e196,0.2561035349630056
a13a145f-920a-44ec-8aef-b489c097f4a7_171-91,2,1,1,3,a13a145f-920a-44ec-8aef-b489c097f4a7,-0.8666355153246024
a1b38e9d-7225-46ab-ab17-a61b261faa36_1920-36,2,1,1,2,a1b38e9d-7225-46ab-ab17-a61b261faa36,0.20208920786238477
a1e8d35f-2dad-495c-ac00-b056f710c706_1381-64,3,1,1,1,a1e8d35f-2dad-495c-ac00-b056f710c706,1.1069450743353928
a23540b7-3588-48ad-b84a-1b5935db856a_235-41,2,1,1,0,a23540b7-3588-48ad-b84a-1b5935db856a,0.24482335067923383
a267b011-b1db-4e3c-aa49-438e2afdd6dc_116-72,0,0,0,4,a267b011-b1db-4e3c-aa49-438e2afdd6dc,1.7495436607100767
a2c3a84e-ae75-4e72-8a52-64511ed67080_919-81,4,1,1,3,a2c3a84e-ae75-4e72-8a52-64511ed67080,1.0572088813391478
a2f25985-0589-42ca-af57-58930079dfb9_1082-02,1,0,0,4,a2f25985-0589-42ca-af57-58930079dfb9,0.516317895123108
a2f25985-0589-42ca-af57-58930079dfb9_1096-32,3,0,0,4,a2f25985-0589-42ca-af57-58930079dfb9,0.4997587934736218
a2f25985-0589-42ca-af57-58930079dfb9_7290-57,3,1,1,4,a2f25985-0589-42ca-af57-58930079dfb9,0.5881385041658105
a32e3749-3ec6-4865-b5f2-067d05c04190_1229-02,0,1,1,3,a32e3749-3ec6-4865-b5f2-067d05c04190,0.9551980984124748
a32e3749-3ec6-4865-b5f2-067d05c04190_230-06,2,0,0,3,a32e3749-3ec6-4865-b5f2-067d05c04190,0.230114123986766
a3c41b4b-6dc7-4e69-b04b-ca30b4f1c185_1014-12,0,0,0,0,a3c41b4b-6dc7-4e69-b04b-ca30b4f1c185,0.41178991499396206
a3f1b2f3-0735-4c65-b66e-5c397f3126c7_276-64,0,0,0,4,a3f1b2f3-0735-4c65-b66e-5c397f3126c7,0.2133397412272287
a3f6b937-bb29-4cc4-9f4b-27080ddca7c7_437-97,2,0,0,1,a3f6b937-bb29-4cc4-9f4b-27080ddca7c7,0.7892848191528348
a4048b30-d9a8-4653-a2d6-d07422e3449e_739-24,1,1,1,0,a4048b30-d9a8-4653-a2d6-d07422e3449e,0.46095927924036356
a40f2c59-c795-4893-9ec5-6a58632a2b49_635-34,0,0,0,0,a40f2c59-c795-4893-9ec5-6a58632a2b49,0.36813428962292566
a4375d98-e295-4e7d-a718-d8af066e3d57_1708-23,0,1,1,4,a4375d98-e295-4e7d-a718-d8af066e3d57,0.910068222509939
a437e059-78be-4894-a7ab-dc27fa16d3f8_178-53,3,0,0,4,a437e059-78be-4894-a7ab-dc27fa16d3f8,0.13389370223678515
a437e059-78be-4894-a7ab-dc27fa16d3f8_6770-46,1,1,1,4,a437e059-78be-4894-a7ab-dc27fa16d3f8,0.11996436671478677
a437e059-78be-4894-a7ab-dc27fa16d3f8_6791-07,0,1,1,4,a437e059-78be-4894-a7ab-dc27fa16d3f8,0.10661725014875373
a437e059-78be-4894-a7ab-dc27fa16d3f8_7188-07,2,0,0,4,a437e059-78be-4894-a7ab-dc27fa16d3f8,0.22152121419549337
a437e059-78be-4894-a7ab-dc27fa16d3f8_9861-81,2,1,1,4,a437e059-78be-4894-a7ab-dc27fa16d3f8,0.33447791984598824
a448297b-ae62-4712-bc4f-849b39176558_2443-39,3,1,1,2,a448297b-ae62-4712-bc4f-849b39176558,1.3647667879629277
a448297b-ae62-4712-bc4f-849b39176558_2588-08,3,1,1,2,a448297b-ae62-4712-bc4f-849b39176558,1.0807709985009897
a448297b-ae62-4712-bc4f-849b39176558_3322-55,0,0,0,2,a448297b-ae62-4712-bc4f-849b39176558,0.4404542470529145
a454e4d7-7ead-41ea-bfcf-db8300ad34d9_72-86,3,0,0,3,a454e4d7-7ead-41ea-bfcf-db8300ad34d9,0.16220774747418343
a48f66dc-d07c-4ca9-aa3b-b08ea5802194_1914-01,0,1,1,2,a48f66dc-d07c-4ca9-aa3b-b08ea5802194,-0.14738774761717693
a49bdcc8-8f23-445d-bae0-8d9e5c4d9c63_1749-02,2,0,0,1,a49bdcc8-8f23-445d-bae0-8d9e5c4d9c63,0.6620331390804277
a4bbdddc-c222-4535-a616-57ccbc8f9b9e_1495-45,3,1,1,1,a4bbdddc-c222-4535-a616-57ccbc8f9b9e,1.2406324015098462
a4bbdddc-c222-4535-a616-57ccbc8f9b9e_4898-52,3,0,0,1,a4bbdddc-c222-4535-a616-57ccbc8f9b9e,-0.016521715645750723
a4bbdddc-c222-4535-a616-57ccbc8f9b9e_5519-45,2,0,0,1,a4bbdddc-c222-4535-a616-57ccbc8f9b9e,0.004995335851014471
a4bbdddc-c222-4535-a616-57ccbc8f9b9e_7343-01,1,0,0,1,a4bbdddc-c222-4535-a616-57ccbc8f9b9e,1.2288231788468995
a4c1f23e-702e-49a1-9600-0538e4e2e7db_2889-59,1,1,1,0,a4c1f23e-702e-49a1-9600-0538e4e2e7db,0.11420976400085808
a5bd4711-275b-4bbf-96fe-37553e5d3e93_1416-31,3,0,0,1,a5bd4711-275b-4bbf-96fe-37553e5d3e93,0.018662250638021294
a5bd4711-275b-4bbf-96fe-37553e5d3e93_156-00,2,0,0,1,a5bd4711-275b-4bbf-96fe-37553e5d3e93,1.6516221236530537
a5bd4711-275b-4bbf-96fe-37553e5d3e93_1659-18,1,1,1,1,a5bd4711-275b-4bbf-96fe-37553e5d3e93,0.6466572175048833
a5bd4711-275b-4bbf-96fe-37553e5d3e93_1662-76,2,0,0,1,a5bd4711-275b-4bbf-96fe-37553e5d3e93,0.0010037416220117223
a5bd4711-275b-4bbf-96fe-37553e5d3e93_297-73,1,1,1,1,a5bd4711-275b-4bbf-96fe-37553e5d3e93,0.11334819403230068
a5bd4711-275b-4bbf-96fe-37553e5d3e93_480-52,2,1,1,1,a5bd4711-275b-4bbf-96fe-37553e5d3e93,0.6153516682714999
a5bd4711-275b-4bbf-96fe-37553e5d3e93_484-64,3,1,1,1,a5bd4711-275b-4bbf-96fe-37553e5d3e93,0.9228350664643659
a5bd4711-275b-4bbf-96fe-37553e5d3e93_499-12,2,0,0,1,a5bd4711-275b-4bbf-96fe-37553e5d3e93,1.705829551904476
a5e74924-6083-4618-b830-f528c5199ed9_5985-35,1,0,0,4,a5e74924-6083-4618-b830-f528c5199ed9,0.6517562295656598
a6264c7d-d42a-4708-8fc2-b35ad0c5fe42_55-09,0,1,1,1,a6264c7d-d42a-4708-8fc2-b35ad0c5fe42,-0.005375841370249823
a6264c7d-d42a-4708-8fc2-b35ad0c5fe42_990-06,2,1,1,1,a6264c7d-d42a-4708-8fc2-b35ad0c5fe42,0.6883394752550613
a6ae81d6-f014-4902-bae6-b06373b31c55_153-41,0,1,1,3,a6ae81d6-f014-4902-bae6-b06373b31c55,0.21811463197223913
a7062d19-5af7-42fe-ad8c-2d7442ddbe48_514-59,2,0,0,2,a7062d19-5af7-42fe-ad8c-2d7442ddbe48,0.9210196923411453
a717f100-51ec-4316-92b8-282aeecc805b_724-56,4,0,0,1,a717f100-51ec-4316-92b8-282aeecc805b,1.0141919935470038
a71f72c5-5225-4b12-aba3-01fa46f53427_914-96,2,1,1,4,a71f72c5-5225-4b12-aba3-01fa46f53427,0.9792381777427006
a743a90e-f46c-4e55-a94d-a7f11c771207_51-51,1,0,0,3,a743a90e-f46c-4e55-a94d-a7f11c771207,-0.17858510965631458
a7448853-2414-42b1-998c-0f56594e437a_155-55,3,1,1,3,a7448853-2414-42b1-998c-0f56594e437a,-0.2969267082389996
a8197601-7474-4cb0-8d08-e8a8febcecfc_13-71,0,0,0,1,a8197601-7474-4cb0-8d08-e8a8febcecfc,0.2402609453873381
a8197601-7474-4cb0-8d08-e8a8febcecfc_222-15,0,1,1,1,a8197601-7474-4cb0-8d08-e8a8febcecfc,0.439877024439582
a8197601-7474-4cb0-8d08-e8a8febcecfc_854-68,3,1,1,1,a8197601-7474-4cb0-8d08-e8a8febcecfc,0.23303890107773728
a8197601-7474-4cb0-8d08-e8a8febcecfc_997-91,3,1,1,1,a8197601-7474-4cb0-8d08-e8a8febcecfc,0.11401621907477522
a84e378e-c9d5-4ace-8e42-e07b95784746_180-55,0,1,1,2,a84e378e-c9d5-4ace-8e42-e07b95784746,-0.14823027970103042
a8983a14-da13-4e54-bc7a-b027b374c710_536-56,2,1,1,1,a8983a14-da13-4e54-bc7a-b027b374c710,1.2360506687697312
a95545b6-8b1e-4d77-a209-c1accf3b057b_17-67,3,0,0,2,a95545b6-8b1e-4d77-a209-c1accf3b057b,0.5251865239755085
a95545b6-8b1e-4d77-a209-c1accf3b057b_34-20,4,1,1,2,a95545b6-8b1e-4d77-a209-c1accf3b057b,0.6724883218544373
a99c5790-b590-4c29-98b3-004bbf106ce7_312-10,1,0,0,0,a99c5790-b590-4c29-98b3-004bbf106ce7,-0.22176929495803316
a99c5790-b590-4c29-98b3-004bbf106ce7_315-27,0,0,0,0,a99c5790-b590-4c29-98b3-004bbf106ce7,1.2472950248237478
aa19d5c0-35b6-4ec2-9865-07f556c341de_34-98,2,1,1,4,aa19d5c0-35b6-4ec2-9865-07f556c341de,0.3784559776125956
aa19d5c0-35b6-4ec2-9865-07f556c341de_76-28,2,1,1,4,aa19d5c0-35b6-4ec2-9865-07f556c341de,0.6997116983852925
aa3237b2-4a62-4676-b81c-a9726003b420_1532-19,3,1,1,0,aa3237b2-4a62-4676-b81c-a9726003b420,0.6097431314531006
aabc5114-a6a1-459d-81ed-99370385a7e4_2460-69,0,0,0,4,aabc5114-a6a1-459d-81ed-99370385a7e4,-0.877568180494119
aad332b0-a437-4bd9-9147-f580bb58c3f5_3472-99,1,1,1,3,aad332b0-a437-4bd9-9147-f580bb58c3f5,0.3161261216500906
aae90bb1-c8b8-433c-98b6-2bc5f20af6ea_569-99,4,0,0,2,aae90bb1-c8b8-433c-98b6-2bc5f20af6ea,0.17853144310751684
ab6f68a2-e5ba-48ce-ac24-7fb3df0584f2_326-63,3,0,0,1,ab6f68a2-e5ba-48ce-ac24-7fb3df0584f2,-1.0807715618751217
ab865129-78fa-47d4-8a50-ff8c5533246f_1028-44,2,0,0,3,ab865129-78fa-47d4-8a50-ff8c5533246f,-1.180874856032529
ab865129-78fa-47d4-8a50-ff8c5533246f_318-49,3,1,1,3,ab865129-78fa-47d4-8a50-ff8c5533246f,-0.44281077419352566
abbc5555-7816-4288-8d4d-f42b0683fc44_774-93,2,1,1,0,abbc5555-7816-4288-8d4d-f42b0683fc44,1.712349514583743
abca0171-5e73-426e-9ba1-49a6339b2ef5_1825-89,2,0,0,2,abca0171-5e73-426e-9ba1-49a6339b2ef5,-0.0484988814421064
abca0171-5e73-426e-9ba1-49a6339b2ef5_885-53,0,1,1,2,abca0171-5e73-426e-9ba1-49a6339b2ef5,0.07798293387102678
abca0171-5e73-426e-9ba1-49a6339b2ef5_979-03,0,1,1,2,abca0171-5e73-426e-9ba1-49a6339b2ef5,0.1851522056980494
ac582760-09b1-4a6e-be08-f19f9bf5dfcb_391-13,2,0,0,4,ac582760-09b1-4a6e-be08-f19f9bf5dfcb,0.6523700674034398
ac8704d3-ab1c-4412-a10e-befb387063b2_270-04,2,0,0,4,ac8704d3-ab1c-4412-a10e-befb387063b2,-0.4378209282323402
ac8dba37-ce09-4dc5-b478-8194e41353c3_2812-63,0,1,1,3,ac8dba37-ce09-4dc5-b478-8194e41353c3,0.2339481919497689
ac8dba37-ce09-4dc5-b478-8194e41353c3_5240-05,2,0,0,3,ac8dba37-ce09-4dc5-b478-8194e41353c3,-0.40327344625746797
ac8dba37-ce09-4dc5-b478-8194e41353c3_748-30,3,1,1,3,ac8dba37-ce09-4dc5-b478-8194e41353c3,0.678316777888478
ac8dba37-ce09-4dc5-b478-8194e41353c3_9451-92,3,0,0,3,ac8dba37-ce09-4dc5-b478-8194e41353c3,0.6764721864759764
aca9e131-8b44-4e59-8394-24a494c19801_183-42,2,0,0,1,aca9e131-8b44-4e59-8394-24a494c19801,-0.9341390456048948
acef7751-e40a-4fb7-91ea-3ba56ef46aed_103-55,0,1,1,2,acef7751-e40a-4fb7-91ea-3ba56ef46aed,0.6474339828635267
ad851441-1f15-467e-83d8-48c764e220a8_875-32,1,1,1,1,ad851441-1f15-467e-83d8-48c764e220a8,0.4772465488644002
ad851441-1f15-467e-83d8-48c764e220a8_975-45,3,0,0,1,ad851441-1f15-467e-83d8-48c764e220a8,1.290161928422803
ada73c3a-765f-46de-afb5-d152d058d7e2_17044-72,1,1,1,4,ada73c3a-765f-46de-afb5-d152d058d7e2,-0.9802984790823128
ada73c3a-765f-46de-afb5-d152d058d7e2_7766-82,1,1,1,4,ada73c3a-765f-46de-afb5-d152d058d7e2,0.19165294654972403
adb9100b-45da-449a-94b1-ae29e107e4c5_72-02,3,1,1,0,adb9100b-45da-449a-94b1-ae29e107e4c5,0.4991693171403339
ade9b865-951f-4a27-b6cb-ce12cb613de8_887-25,1,1,1,0,ade9b865-951f-4a27-b6cb-ce12cb613de8,1.848668990922478
adf11624-aca0-4bad-a35f-51b9f330ee74_2900-34,3,0,0,4,adf11624-aca0-4bad-a35f-51b9f330ee74,-0.1868520404483205
adf65602-f5ee-456a-a098-db19a521ce38_500-23,1,1,1,3,adf65602-f5ee-456a-a098-db19a521ce38,-0.2620739180728868
ae56fbda-009b-485c-9dfa-72ce89e847bf_668-09,2,1,1,1,ae56fbda-009b-485c-9dfa-72ce89e847bf,0.7297320283215549
ae56fbda-009b-485c-9dfa-72ce89e847bf_742-92,1,1,1,1,ae56fbda-009b-485c-9dfa-72ce89e847bf,0.8426910813126274
ae59dda2-8aa0-40e1-bd48-af368ea8e149_1550-40,2,0,0,0,ae59dda2-8aa0-40e1-bd48-af368ea8e149,0.33621170879623646
ae59dda2-8aa0-40e1-bd48-af368ea8e149_1585-64,1,0,0,0,ae59dda2-8aa0-40e1-bd48-af368ea8e149,-0.08900729493823017
ae59dda2-8aa0-40e1-bd48-af368ea8e149_1586-25,3,0,0,0,ae59dda2-8aa0-40e1-bd48-af368ea8e149,0.22843544379873088
ae85c74a-0963-469b-93f9-cdfe3f898e5f_1781-47,0,1,1,2,ae85c74a-0963-469b-93f9-cdfe3f898e5f,1.6318270668527057
af06acee-b948-4950-a653-53d76b03a010_809-86,1,0,0,1,af06acee-b948-4950-a653-53d76b03a010,1.8891322284292715
af06acee-b948-4950-a653-53d76b03a010_920-06,3,1,1,1,af06acee-b948-4950-a653-53d76b03a010,1.727610001313097
af0cc15a-5452-42fb-92dd-a3f50136bf12_3147-74,2,1,1,1,af0cc15a-5452-42fb-92dd-a3f50136bf12,0.19895906803573815
af215e0f-56c7-4356-9aad-a3a5fb7bbc4f_1332-04,1,1,1,1,af215e0f-56c7-4356-9aad-a3a5fb7bbc4f,-0.2281990622716306
af215e0f-56c7-4356-9aad-a3a5fb7bbc4f_4328-60,2,1,1,1,af215e0f-56c7-4356-9aad-a3a5fb7bbc4f,0.2434717810084941
af215e0f-56c7-4356-9aad-a3a5fb7bbc4f_4362-30,2,1,1,1,af215e0f-56c7-4356-9aad-a3a5fb7bbc4f,1.3314082890509622
af215e0f-56c7-4356-9aad-a3a5fb7bbc4f_709-03,3,0,0,1,af215e0f-56c7-4356-9aad-a3a5fb7bbc4f,0.6483504184370961
af400f98-3c57-46ad-acac-eaca6f940180_2315-10,0,1,1,0,af400f98-3c57-46ad-acac-eaca6f940180,1.9089893751251317
af400f98-3c57-46ad-acac-eaca6f940180_3131-59,1,1,1,0,af400f98-3c57-46ad-acac-eaca6f940180,2.3548781853594027
af400f98-3c57-46ad-acac-eaca6f940180_3432-31,2,1,1,0,af400f98-3c57-46ad-acac-eaca6f940180,2.311089096376327
af400f98-3c57-46ad-acac-eaca6f940180_508-42,2,1,1,0,af400f98-3c57-46ad-acac-eaca6f940180,1.9395684438155565
af43394e-d24c-40c2-b03a-f3cdff888370_762-90,0,1,1,0,af43394e-d24c-40c2-b03a-f3cdff888370,-0.06891913823356921
af72c57c-b242-48b2-8d00-aea29f4e37ac_1063-17,0,0,0,4,af72c57c-b242-48b2-8d00-aea29f4e37ac,-0.7565126902606369
af862b37-12f1-4b55-a1ca-1c162c4f98a0_3380-57,1,1,1,1,af862b37-12f1-4b55-a1ca-1c162c4f98a0,0.10519569622705749
af862b37-12f1-4b55-a1ca-1c162c4f98a0_431-14,3,0,0,1,af862b37-12f1-4b55-a1ca-1c162c4f98a0,-0.3687310559053533
af8dda66-0025-4ee4-9888-b568b28986e6_3283-52,3,1,1,3,af8dda66-0025-4ee4-9888-b568b28986e6,1.4589088524675093
afd5c197-7b14-4e21-ac56-d23b6a5543d0_1256-20,2,0,0,4,afd5c197-7b14-4e21-ac56-d23b6a5543d0,0.3617768917337357
afd5c197-7b14-4e21-ac56-d23b6a5543d0_1411-24,2,1,1,4,afd5c197-7b14-4e21-ac56-d23b6a5543d0,1.179873650136558
b08cc451-bab8-4ab1-a0a2-102582d9f778_398-19,3,0,0,2,b08cc451-bab8-4ab1-a0a2-102582d9f778,0.6659600779455805
b0937ec3-7645-4f68-b9cd-549ff7c01819_2030-83,3,1,1,1,b0937ec3-7645-4f68-b9cd-549ff7c01819,0.6548433828361728
b0a30641-ad93-4d6a-92a9-f277c78f1aa5_112-83,0,1,1,2,b0a30641-ad93-4d6a-92a9-f277c78f1aa5,-0.21361265674198726
b0a30641-ad93-4d6a-92a9-f277c78f1aa5_295-10,3,1,1,2,b0a30641-ad93-4d6a-92a9-f277c78f1aa5,0.7812334176585791
b0a30641-ad93-4d6a-92a9-f277c78f1aa5_473-69,0,1,1,2,b0a30641-ad93-4d6a-92a9-f277c78f1aa5,0.3318129337687244
b1543ea3-e86b-4545-9195-f1bf83e02b41_4163-19,0,0,0,4,b1543ea3-e86b-4545-9195-f1bf83e02b41,-0.0563951067116113
b2508929-e3e4-4583-b1db-41dc3bb0fd21_542-36,3,1,1,3,b2508929-e3e4-4583-b1db-41dc3bb0fd21,0.3645936753302311
b264c17e-145a-4dd0-90c4-397d0f5b8057_51-64,0,0,0,3,b264c17e-145a-4dd0-90c4-397d0f5b8057,0.6069286596895456
b2e6a3f7-aa49-42c5-990a-8ef89d2c9d33_987-28,3,1,1,2,b2e6a3f7-aa49-42c5-990a-8ef89d2c9d33,1.9837919506423838
b2ebded2-4c94-473d-b9e4-8dd3556a3152_31-51,0,1,1,1,b2ebded2-4c94-473d-b9e4-8dd3556a3152,1.6343928343349554
b2f487cb-83b2-4e60-855d-1750938d0f1a_4050-16,3,0,0,0,b2f487cb-83b2-4e60-855d-1750938d0f1a,0.29689789625939284
b390f179-78cb-4522-9abc-467e0597d4b7_597-75,3,1,1,4,b390f179-78cb-4522-9abc-467e0597d4b7,0.02955480400007221
b3a0d595-d5b4-4e4b-9c52-337053871604_278-40,3,1,1,3,b3a0d595-d5b4-4e4b-9c52-337053871604,0.4259353687969397
b4068f40-69e9-4217-81ba-84e59c25f125_887-13,1,1,1,2,b4068f40-69e9-4217-81ba-84e59c25f125,0.3582315804095147
b449ae20-0dd5-468e-ad86-daac0180046d_22-83,1,0,0,1,b449ae20-0dd5-468e-ad86-daac0180046d,0.16346830676128543
b4814b66-f564-48cb-a11f-3b0a1ee73704_24-49,3,0,0,0,b4814b66-f564-48cb-a11f-3b0a1ee73704,1.51798533537755
b4814b66-f564-48cb-a11f-3b0a1ee73704_27-72,0,0,0,0,b4814b66-f564-48cb-a11f-3b0a1ee73704,1.1395025669061423
b4814b66-f564-48cb-a11f-3b0a1ee73704_42-69,0,0,0,0,b4814b66-f564-48cb-a11f-3b0a1ee73704,0.8013936024898478
b4b27c5b-2b73-4083-a41c-a6a960475c1a_1618-99,3,0,0,0,b4b27c5b-2b73-4083-a41c-a6a960475c1a,0.25143019303346087
b513c72d-8b77-4bee-96b6-b5f57977a3eb_765-76,1,1,1,4,b513c72d-8b77-4bee-96b6-b5f57977a3eb,0.521409761212146
b57a2268-9cac-491d-b737-ad8dc28b15fb_1546-09,3,0,0,1,b57a2268-9cac-491d-b737-ad8dc28b15fb,1.2544451331756787
b57a2268-9cac-491d-b737-ad8dc28b15fb_2224-77,1,1,1,1,b57a2268-9cac-491d-b737-ad8dc28b15fb,-0.06067389885733332
b5c3c1e3-7ee7-4b4a-b938-4d008d5aa49b_521-60,3,1,1,4,b5c3c1e3-7ee7-4b4a-b938-4d008d5aa49b,0.2629263259128251
b5c3c1e3-7ee7-4b4a-b938-4d008d5aa49b_644-73,1,1,1,4,b5c3c1e3-7ee7-4b4a-b938-4d008d5aa49b,-0.4436214056660495
b5c3c1e3-7ee7-4b4a-b938-4d008d5aa49b_757-55,1,0,0,4,b5c3c1e3-7ee7-4b4a-b938-4d008d5aa49b,1.1408901977942045
b5c5d054-4cc3-4e54-b283-6845ca022eb8_0-00,2,0,0,1,b5c5d054-4cc3-4e54-b283-6845ca022eb8,-0.05560118719259022
b5d691f6-1618-467e-9fc9-d2ebd8eaafe4_488-95,1,1,1,3,b5d691f6-1618-467e-9fc9-d2ebd8eaafe4,0.747331293878587
b5d691f6-1618-467e-9fc9-d2ebd8eaafe4_836-72,1,1,1,3,b5d691f6-1618-467e-9fc9-d2ebd8eaafe4,0.009031136599322087
b61b0b56-a852-47e2-ab09-9380d8465162_180-44,2,1,1,0,b61b0b56-a852-47e2-ab09-9380d8465162,0.6465201910309912
b6474db0-090c-40df-8d65-0a52dd0578cc_984-29,3,0,0,2,b6474db0-090c-40df-8d65-0a52dd0578cc,0.514918481572529
b68e46bf-2cc5-4c6b-895a-1f8c6cad959a_2324-99,1,1,1,1,b68e46bf-2cc5-4c6b-895a-1f8c6cad959a,0.6801344696480465
b68f87f0-29be-4516-a34a-dda69dd84a56_274-36,3,1,1,1,b68f87f0-29be-4516-a34a-dda69dd84a56,1.1639276474003375
b68f87f0-29be-4516-a34a-dda69dd84a56_471-46,0,0,0,1,b68f87f0-29be-4516-a34a-dda69dd84a56,0.8600935196306598
b68f87f0-29be-4516-a34a-dda69dd84a56_524-12,1,1,1,1,b68f87f0-29be-4516-a34a-dda69dd84a56,0.9071280840144123
b68f87f0-29be-4516-a34a-dda69dd84a56_953-32,1,0,0,1,b68f87f0-29be-4516-a34a-dda69dd84a56,0.9699521777437552
b6ae365a-dd70-42c4-90d6-e0351778d991_277-06,0,1,1,4,b6ae365a-dd70-42c4-90d6-e0351778d991,0.7019259296242333
b6ae365a-dd70-42c4-90d6-e0351778d991_416-05,1,1,1,4,b6ae365a-dd70-42c4-90d6-e0351778d991,0.40992301438957907
b6bee905-eddf-4b41-bfe6-d57c9059fe61_1119-76,0,1,1,0,b6bee905-eddf-4b41-bfe6-d57c9059fe61,2.1627443372993747
b6bee905-eddf-4b41-bfe6-d57c9059fe61_1128-22,0,1,1,0,b6bee905-eddf-4b41-bfe6-d57c9059fe61,0.21718106026546363
b6d64c01-1462-4ebf-9eb5-44585cdd8ac4_2907-39,3,1,1,1,b6d64c01-1462-4ebf-9eb5-44585cdd8ac4,0.31457009020064086
b7022084-61ea-470f-b2cd-49be2ecaf3aa_18-42,0,1,1,1,b7022084-61ea-470f-b2cd-49be2ecaf3aa,0.4098118629585288
b7022084-61ea-470f-b2cd-49be2ecaf3aa_688-07,2,0,0,1,b7022084-61ea-470f-b2cd-49be2ecaf3aa,0.58099804200895
b71166c2-c723-4f91-89b7-3a484e14079e_1586-58,3,1,1,0,b71166c2-c723-4f91-89b7-3a484e14079e,0.5639605670524785
b79c342b-db1e-407e-958a-e1585c6c3ddd_3-67,2,1,1,4,b79c342b-db1e-407e-958a-e1585c6c3ddd,-0.03719124844666766
b7ae78cd-458a-4fbc-b9d8-212fe98a5095_270-04,3,0,0,3,b7ae78cd-458a-4fbc-b9d8-212fe98a5095,-0.26316663760389764
b8ba4ac1-4134-44aa-99db-25efaa058e98_277-37,3,1,1,2,b8ba4ac1-4134-44aa-99db-25efaa058e98,0.5529046409192107
b8ead1f7-ae4c-4c7c-8b2a-35599fc310c7_1079-80,2,0,0,1,b8ead1f7-ae4c-4c7c-8b2a-35599fc310c7,0.841529057284865
b925520a-853c-442e-8a39-6679cce1e9f4_1253-01,0,0,0,0,b925520a-853c-442e-8a39-6679cce1e9f4,1.0657112492336451
b959f479-0508-4f1b-96a5-1b17e86af8ce_1110-67,3,0,0,4,b959f479-0508-4f1b-96a5-1b17e86af8ce,0.3245909368753707
b99ceea4-7fa3-407c-9b9f-1347645d23f2_13-11,2,1,1,3,b99ceea4-7fa3-407c-9b9f-1347645d23f2,0.5471491197106331
b9b65293-fec8-494e-81e7-c4496aafba6f_1524-26,3,0,0,2,b9b65293-fec8-494e-81e7-c4496aafba6f,0.4117940144539594
b9b65293-fec8-494e-81e7-c4496aafba6f_2296-78,0,1,1,2,b9b65293-fec8-494e-81e7-c4496aafba6f,0.9639740195940354
b9bc5b47-ae9a-4220-84c7-ada93722c4fe_909-02,2,0,0,2,b9bc5b47-ae9a-4220-84c7-ada93722c4fe,0.5162187911688734
b9de7a2c-d02e-4d66-9556-381f0b7ca51a_3648-36,2,0,0,3,b9de7a2c-d02e-4d66-9556-381f0b7ca51a,-0.31541627026884683
b9de7a2c-d02e-4d66-9556-381f0b7ca51a_3795-42,2,1,1,3,b9de7a2c-d02e-4d66-9556-381f0b7ca51a,-0.09057231077854316
b9de7a2c-d02e-4d66-9556-381f0b7ca51a_3961-43,1,0,0,3,b9de7a2c-d02e-4d66-9556-381f0b7ca51a,0.8644139141118603
b9fd76c5-1f9b-4d82-b9ee-2e0615561765_364-29,0,0,0,0,b9fd76c5-1f9b-4d82-b9ee-2e0615561765,0.2710003115822958
ba078478-13a5-4e7f-8ee4-61620f84cb7a_2830-69,0,1,1,3,ba078478-13a5-4e7f-8ee4-61620f84cb7a,0.5654092506668575
ba078478-13a5-4e7f-8ee4-61620f84cb7a_3101-09,3,1,1,3,ba078478-13a5-4e7f-8ee4-61620f84cb7a,0.7157873589368879
ba1de596-15f4-45f3-bab3-dbf7283490be_5-13,2,1,1,4,ba1de596-15f4-45f3-bab3-dbf7283490be,-0.009449662702577077
ba28e9d5-5a78-44c0-b985-2249dcc05956_17-90,0,1,1,4,ba28e9d5-5a78-44c0-b985-2249dcc05956,1.2215921665856186
ba28e9d5-5a78-44c0-b985-2249dcc05956_212-90,1,1,1,4,ba28e9d5-5a78-44c0-b985-2249dcc05956,0.37265671401147943
ba44d0ee-9aba-4d05-8d1b-1eac7346f479_1433-66,2,0,0,4,ba44d0ee-9aba-4d05-8d1b-1eac7346f479,0.9374753638516098
baaf6d24-7117-4b0b-acdf-a79765036d84_1340-93,0,1,1,3,baaf6d24-7117-4b0b-acdf-a79765036d84,0.9367314291439037
baaffbad-76a7-458a-8a54-7b593ab073f6_329-73,1,1,1,2,baaffbad-76a7-458a-8a54-7b593ab073f6,-0.23288083448858138
baaffbad-76a7-458a-8a54-7b593ab073f6_979-89,2,0,0,2,baaffbad-76a7-458a-8a54-7b593ab073f6,0.35042111638173196
bac30fe6-c597-4f1a-add1-d8d989205d98_1087-36,1,1,1,2,bac30fe6-c597-4f1a-add1-d8d989205d98,0.41408703819732434
bae603bd-dc3d-46a4-90b7-9c1e2bcd3970_966-87,2,0,0,1,bae603bd-dc3d-46a4-90b7-9c1e2bcd3970,0.828268141485899
baf15309-e865-4e9e-9efd-09097f1d5a43_341-69,0,1,1,4,baf15309-e865-4e9e-9efd-09097f1d5a43,0.7612495087902023
baf15309-e865-4e9e-9efd-09097f1d5a43_412-45,0,0,0,4,baf15309-e865-4e9e-9efd-09097f1d5a43,-0.38602704945285626
bb04b03d-ae0d-416a-8c4c-b2325edec070_287-86,0,1,1,0,bb04b03d-ae0d-416a-8c4c-b2325edec070,0.3345203308646216
bb2297d3-91b7-4ec4-b39b-cc64694929db_0-03,1,0,0,0,bb2297d3-91b7-4ec4-b39b-cc64694929db,0.6018049876820817
bb2297d3-91b7-4ec4-b39b-cc64694929db_412-95,2,1,1,0,bb2297d3-91b7-4ec4-b39b-cc64694929db,0.5443130489057943
bbd30b78-137a-4c75-a4e9-b51f62b3f04e_184-26,3,0,0,4,bbd30b78-137a-4c75-a4e9-b51f62b3f04e,0.574323765201171
bc215572-bd4c-4457-bbc1-58cdd6398cc7_2751-16,1,1,1,3,bc215572-bd4c-4457-bbc1-58cdd6398cc7,1.0873951020362713
bcfbfdd9-1f37-4edf-8ea0-114a92806d08_1826-13,0,1,1,2,bcfbfdd9-1f37-4edf-8ea0-114a92806d08,1.0658246224869738
bd31c2eb-4faa-467d-8c71-89a55b0a4be5_275-56,2,1,1,1,bd31c2eb-4faa-467d-8c71-89a55b0a4be5,0.8902026930754889
bd96484b-6f8c-492b-8969-cae99c868b4d_2411-56,1,0,0,1,bd96484b-6f8c-492b-8969-cae99c868b4d,1.3968362357012822
bd96484b-6f8c-492b-8969-cae99c868b4d_2855-28,0,1,1,1,bd96484b-6f8c-492b-8969-cae99c868b4d,1.7520276146199683
bdb29a9e-d6d4-4918-9870-464abeae48d2_837-68,1,0,0,0,bdb29a9e-d6d4-4918-9870-464abeae48d2,-0.5201988784902529
bdd32b96-5baf-4d67-9975-34cdce64b0cc_240-16,0,0,0,3,bdd32b96-5baf-4d67-9975-34cdce64b0cc,0.11003875306380118
bdeb0df9-2983-41bb-ba27-c431d9ef3163_1770-19,3,0,0,0,bdeb0df9-2983-41bb-ba27-c431d9ef3163,1.551581124007808
bdeb0df9-2983-41bb-ba27-c431d9ef3163_1772-82,2,1,1,0,bdeb0df9-2983-41bb-ba27-c431d9ef3163,0.15882088401493183
be1da89b-976b-4e71-a42a-7621b522db46_179-53,1,1,1,1,be1da89b-976b-4e71-a42a-7621b522db46,0.6275595163965622
be462bcf-13ad-446a-8dfb-248cb2e3417a_379-26,3,1,1,2,be462bcf-13ad-446a-8dfb-248cb2e3417a,-0.13907272542866583
be462bcf-13ad-446a-8dfb-248cb2e3417a_825-06,2,0,0,2,be462bcf-13ad-446a-8dfb-248cb2e3417a,0.01922383289190377
be7ede7a-c212-45ff-8601-e15dd2f7e531_1651-77,1,0,0,1,be7ede7a-c212-45ff-8601-e15dd2f7e531,0.21406591543085696
be7ede7a-c212-45ff-8601-e15dd2f7e531_928-33,0,1,1,1,be7ede7a-c212-45ff-8601-e15dd2f7e531,1.667341659329682
be82ebf1-5feb-4c1b-a71a-f668e3a17726_27-55,0,0,0,1,be82ebf1-5feb-4c1b-a71a-f668e3a17726,-0.5534023928395329
bebfd0fa-93bc-41a3-886d-e04a3675fc6d_293-94,0,0,0,0,bebfd0fa-93bc-41a3-886d-e04a3675fc6d,-0.4456960136109487
bef6d752-a5f2-405f-bf3a-71e400bd8b06_1634-83,1,1,1,3,bef6d752-a5f2-405f-bf3a-71e400bd8b06,-0.2633026293320919
bf4a69c2-2c0b-4810-991b-3eb35e7dd2f3_1088-56,0,1,1,2,bf4a69c2-2c0b-4810-991b-3eb35e7dd2f3,0.1790143984004287
bf9354ab-541d-4c1c-aa3e-8a3bfd8fb51b_443-31,3,1,1,1,bf9354ab-541d-4c1c-aa3e-8a3bfd8fb51b,0.47545193761602855
bff1d1da-957f-42ea-8c98-61eaca98b5f1_1049-58,3,1,1,0,bff1d1da-957f-42ea-8c98-61eaca98b5f1,1.023658102594643
c00a27da-98bb-4761-8093-45fd30a3f43f_1156-34,3,1,1,4,c00a27da-98bb-4761-8093-45fd30a3f43f,0.9462687777847187
c00d3596-99db-4ea7-9a65-57ab4319d640_329-17,2,0,0,1,c00d3596-99db-4ea7-9a65-57ab4319d640,1.279696486193284
c00d3596-99db-4ea7-9a65-57ab4319d640_370-19,3,1,1,1,c00d3596-99db-4ea7-9a65-57ab4319d640,-0.7636767056751468
c05389ca-2d74-4889-a8dd-a0f89d28a4b7_2763-64,0,0,0,3,c05389ca-2d74-4889-a8dd-a0f89d28a4b7,0.748766476041806
c06532d8-f1cd-477f-b9f3-e8e980d73b2e_1339-60,3,0,0,2,c06532d8-f1cd-477f-b9f3-e8e980d73b2e,0.010461628001561807
c0a19ccf-66ad-44b5-9b3d-2f20d49bc0a8_296-47,3,1,1,1,c0a19ccf-66ad-44b5-9b3d-2f20d49bc0a8,-0.2912046163067239
c0eea386-412b-4127-a2d3-352322a0038c_1313-16,2,0,0,3,c0eea386-412b-4127-a2d3-352322a0038c,-0.1930872994156776
c0eea386-412b-4127-a2d3-352322a0038c_719-09,3,0,0,3,c0eea386-412b-4127-a2d3-352322a0038c,-0.5744164061152865
c0eea386-412b-4127-a2d3-352322a0038c_830-51,0,1,1,3,c0eea386-412b-4127-a2d3-352322a0038c,-0.43553898968636257
c1626bce-83ba-49da-921c-7b60243c19ea_7-12,3,0,0,3,c1626bce-83ba-49da-921c-7b60243c19ea,0.30819450912634094
c1626bce-83ba-49da-921c-7b60243c19ea_8-38,3,0,0,3,c1626bce-83ba-49da-921c-7b60243c19ea,0.1353748385211463
c1dc6626-34c8-4367-a80a-42a44057f47b_737-27,0,1,1,0,c1dc6626-34c8-4367-a80a-42a44057f47b,1.6268374016335894
c1f4d37c-bfd8-4722-b1c4-767f8426ccfd_867-73,2,1,1,4,c1f4d37c-bfd8-4722-b1c4-767f8426ccfd,0.5376068322351781
c2071026-add0-4546-8374-b6d04ddd94b1_0-04,1,0,0,2,c2071026-add0-4546-8374-b6d04ddd94b1,2.9506771244996273
c20e2722-11e5-4181-960c-305cfcd7cfec_183-32,0,0,0,1,c20e2722-11e5-4181-960c-305cfcd7cfec,0.9505993745123937
c23eaef5-7441-42b4-9456-9f5a4a1bd615_11-29,3,1,1,1,c23eaef5-7441-42b4-9456-9f5a4a1bd615,0.23317067532412084
c25111f0-0c78-4bf8-a16d-57a6c25c2169_10881-80,2,1,1,4,c25111f0-0c78-4bf8-a16d-57a6c25c2169,0.4031572025623787
c25111f0-0c78-4bf8-a16d-57a6c25c2169_3852-71,4,1,1,4,c25111f0-0c78-4bf8-a16d-57a6c25c2169,1.019177930199635
c2d28dd4-4416-4300-bbbe-23911487776a_1418-50,3,0,0,4,c2d28dd4-4416-4300-bbbe-23911487776a,-0.753755245337183
c2d28dd4-4416-4300-bbbe-23911487776a_1894-07,2,1,1,4,c2d28dd4-4416-4300-bbbe-23911487776a,-0.0759938878908904
c2d28dd4-4416-4300-bbbe-23911487776a_2076-47,1,0,0,4,c2d28dd4-4416-4300-bbbe-23911487776a,0.693438876173383
c2d28dd4-4416-4300-bbbe-23911487776a_3669-01,1,0,0,4,c2d28dd4-4416-4300-bbbe-23911487776a,-0.17713968868311594
c2d28dd4-4416-4300-bbbe-23911487776a_426-99,0,0,0,4,c2d28dd4-4416-4300-bbbe-23911487776a,0.4253710112335645
c2d28dd4-4416-4300-bbbe-23911487776a_6637-37,1,0,0,4,c2d28dd4-4416-4300-bbbe-23911487776a,-0.015389489013813429
c34effc7-6198-4c85-80c7-c8be85b77dd3_1105-03,2,0,0,0,c34effc7-6198-4c85-80c7-c8be85b77dd3,0.42424703565343896
c34effc7-6198-4c85-80c7-c8be85b77dd3_1620-55,3,1,1,0,c34effc7-6198-4c85-80c7-c8be85b77dd3,0.36756913053117385
c34effc7-6198-4c85-80c7-c8be85b77dd3_2128-22,0,1,1,0,c34effc7-6198-4c85-80c7-c8be85b77dd3,0.9925669324663744
c34effc7-6198-4c85-80c7-c8be85b77dd3_2648-25,1,0,0,0,c34effc7-6198-4c85-80c7-c8be85b77dd3,1.0245999773035217
c34effc7-6198-4c85-80c7-c8be85b77dd3_2681-98,2,1,1,0,c34effc7-6198-4c85-80c7-c8be85b77dd3,1.1474643921802938
c34effc7-6198-4c85-80c7-c8be85b77dd3_2970-00,1,1,1,0,c34effc7-6198-4c85-80c7-c8be85b77dd3,1.3473061247452416
c34effc7-6198-4c85-80c7-c8be85b77dd3_2993-26,1,1,1,0,c34effc7-6198-4c85-80c7-c8be85b77dd3,1.2783940842533532
c34effc7-6198-4c85-80c7-c8be85b77dd3_4366-00,3,1,1,0,c34effc7-6198-4c85-80c7-c8be85b77dd3,0.5984210809499453
c34effc7-6198-4c85-80c7-c8be85b77dd3_5191-41,1,1,1,0,c34effc7-6198-4c85-80c7-c8be85b77dd3,1.0282747493643771
c34effc7-6198-4c85-80c7-c8be85b77dd3_5200-39,2,0,0,0,c34effc7-6198-4c85-80c7-c8be85b77dd3,0.48456149256473086
c34effc7-6198-4c85-80c7-c8be85b77dd3_5220-71,1,1,1,0,c34effc7-6198-4c85-80c7-c8be85b77dd3,0.6978545039318973
c34effc7-6198-4c85-80c7-c8be85b77dd3_5294-07,2,1,1,0,c34effc7-6198-4c85-80c7-c8be85b77dd3,0.5179597860416507
c34effc7-6198-4c85-80c7-c8be85b77dd3_5341-13,3,1,1,0,c34effc7-6198-4c85-80c7-c8be85b77dd3,0.647477132793884
c34effc7-6198-4c85-80c7-c8be85b77dd3_694-72,3,0,0,0,c34effc7-6198-4c85-80c7-c8be85b77dd3,0.516348051410541
c3acdda3-cd92-48c3-9052-45b57cb27e5a_1390-16,3,1,1,3,c3acdda3-cd92-48c3-9052-45b57cb27e5a,-0.056403975768438364
c3acdda3-cd92-48c3-9052-45b57cb27e5a_1467-01,2,1,1,3,c3acdda3-cd92-48c3-9052-45b57cb27e5a,-0.6063899489088809
c4333895-ed19-42fe-9323-271a41bdfe4c_8-13,1,1,1,0,c4333895-ed19-42fe-9323-271a41bdfe4c,0.5608771893453548
c463128d-18cc-44ad-abf6-03ee87534919_120-41,1,1,1,4,c463128d-18cc-44ad-abf6-03ee87534919,0.16121535286162064
c495da06-2baf-4f62-958d-5ef2e6da08c4_28-94,2,0,0,3,c495da06-2baf-4f62-958d-5ef2e6da08c4,1.154616496868828
c5270067-6c25-45f2-b63a-1a55b85020ad_568-80,3,0,0,3,c5270067-6c25-45f2-b63a-1a55b85020ad,0.4104403838983909
c5270067-6c25-45f2-b63a-1a55b85020ad_569-44,0,1,1,3,c5270067-6c25-45f2-b63a-1a55b85020ad,1.6451251863908722
c586c267-9ac3-45d5-a9aa-6deab0b9608d_246-72,3,1,1,2,c586c267-9ac3-45d5-a9aa-6deab0b9608d,0.5229622473505677
c58e1887-0314-4cb3-a09d-5ba529d8eda0_6-27,1,1,1,1,c58e1887-0314-4cb3-a09d-5ba529d8eda0,1.3157579733121205
c5938442-90c1-413c-be06-186222d8274f_0-03,1,1,1,0,c5938442-90c1-413c-be06-186222d8274f,0.057393973206236015
c615d305-14fe-41cd-9099-caf420beb604_1090-50,0,1,1,0,c615d305-14fe-41cd-9099-caf420beb604,0.8243742426802834
c615d305-14fe-41cd-9099-caf420beb604_955-84,2,0,0,0,c615d305-14fe-41cd-9099-caf420beb604,0.1859280733622572
c6534c1f-765e-42e7-86f4-da210d5211c3_764-77,0,1,1,4,c6534c1f-765e-42e7-86f4-da210d5211c3,0.1802229198352427
c67cb1da-90ac-4da8-af17-4f8b77da9b9d_291-33,2,1,1,3,c67cb1da-90ac-4da8-af17-4f8b77da9b9d,0.7609993727063282
c6b1f7dc-3301-46e6-867a-312a5f8e7a0f_13-11,0,1,1,2,c6b1f7dc-3301-46e6-867a-312a5f8e7a0f,1.6254970412779317
c6b5d782-d267-410e-8566-f7fe5d4a78a9_2700-04,1,1,1,3,c6b5d782-d267-410e-8566-f7fe5d4a78a9,0.6151153895863137
c6b5d782-d267-410e-8566-f7fe5d4a78a9_98-99,0,0,0,3,c6b5d782-d267-410e-8566-f7fe5d4a78a9,1.1039995310061101
c79e05d5-eaf6-4323-a707-744020743037_763-82,2,0,0,4,c79e05d5-eaf6-4323-a707-744020743037,-0.1746800508959656
c7da3efd-4a18-458e-90fd-f757ed966a63_380-64,2,1,1,4,c7da3efd-4a18-458e-90fd-f757ed966a63,0.2542550990481521
c7da3efd-4a18-458e-90fd-f757ed966a63_8-87,2,1,1,4,c7da3efd-4a18-458e-90fd-f757ed966a63,1.7705117100559289
c7e8af35-608f-4d18-b752-2f3140f5fcc4_772-15,1,1,1,3,c7e8af35-608f-4d18-b752-2f3140f5fcc4,0.09542057611693644
c7f71299-a622-4a9a-b225-019335d6f2d2_607-47,3,1,1,1,c7f71299-a622-4a9a-b225-019335d6f2d2,-0.3619515933860577
c7f71299-a622-4a9a-b225-019335d6f2d2_658-88,0,0,0,1,c7f71299-a622-4a9a-b225-019335d6f2d2,-0.011194710750670245
c824d4e5-298a-462b-a408-28a85a7364af_126-28,1,1,1,3,c824d4e5-298a-462b-a408-28a85a7364af,0.6425164665239367
c824d4e5-298a-462b-a408-28a85a7364af_683-96,0,1,1,3,c824d4e5-298a-462b-a408-28a85a7364af,1.2860548479739036
c85251fa-eb44-4903-b27f-9cdee26e0ed5_1618-20,2,1,1,4,c85251fa-eb44-4903-b27f-9cdee26e0ed5,1.5245768240654134
c85251fa-eb44-4903-b27f-9cdee26e0ed5_1632-58,0,1,1,4,c85251fa-eb44-4903-b27f-9cdee26e0ed5,0.8089967899407875
c864505c-9d49-4da4-bf7e-254b4c348c03_191-07,0,0,0,0,c864505c-9d49-4da4-bf7e-254b4c348c03,-0.49359944825707464
c864505c-9d49-4da4-bf7e-254b4c348c03_242-94,3,0,0,0,c864505c-9d49-4da4-bf7e-254b4c348c03,-0.11320010544583181
c864505c-9d49-4da4-bf7e-254b4c348c03_540-20,1,0,0,0,c864505c-9d49-4da4-bf7e-254b4c348c03,-0.4655865522616056
c8b61175-cfa4-44f9-a88b-76609ffa4ca3_3008-85,3,1,1,0,c8b61175-cfa4-44f9-a88b-76609ffa4ca3,0.2665295552805598
c8d51f6b-7329-4367-9b24-941fa79794d2_2516-44,1,1,1,4,c8d51f6b-7329-4367-9b24-941fa79794d2,0.6002002360969756
c92cfd96-21ca-4b52-a56a-6345fbf57de0_233-46,1,1,1,2,c92cfd96-21ca-4b52-a56a-6345fbf57de0,0.8527948885097232
c92cfd96-21ca-4b52-a56a-6345fbf57de0_2877-33,1,1,1,2,c92cfd96-21ca-4b52-a56a-6345fbf57de0,0.22006020770520113
c93e077c-9f51-449c-b130-8be107c8a7d5_152-99,0,1,1,0,c93e077c-9f51-449c-b130-8be107c8a7d5,0.48225022751573704
c93e077c-9f51-449c-b130-8be107c8a7d5_199-82,1,1,1,0,c93e077c-9f51-449c-b130-8be107c8a7d5,0.7331318607731028
c9595c28-a46b-4571-9796-3802af307bf2_188-17,3,0,0,4,c9595c28-a46b-4571-9796-3802af307bf2,0.13172591055868915
c97a7ee8-1fd4-4092-8c47-ef93dea1c8aa_539-98,2,1,1,3,c97a7ee8-1fd4-4092-8c47-ef93dea1c8aa,0.6615971443763038
ca03dcd8-9e87-4da5-9f9d-eac37ed6e9fd_320-42,2,1,1,2,ca03dcd8-9e87-4da5-9f9d-eac37ed6e9fd,0.17053544500847168
ca1773b8-ec8e-4f61-8e8f-7e4211830793_1043-00,0,0,0,4,ca1773b8-ec8e-4f61-8e8f-7e4211830793,0.6915738558432352
ca1773b8-ec8e-4f61-8e8f-7e4211830793_835-99,3,1,1,4,ca1773b8-ec8e-4f61-8e8f-7e4211830793,0.8799257467277428
ca22ace6-2d0e-4e0b-98d4-60544e5af4d5_1194-22,1,0,0,0,ca22ace6-2d0e-4e0b-98d4-60544e5af4d5,0.16631134295779199
ca22ace6-2d0e-4e0b-98d4-60544e5af4d5_139-96,1,0,0,0,ca22ace6-2d0e-4e0b-98d4-60544e5af4d5,0.5676033485195389
ca22ace6-2d0e-4e0b-98d4-60544e5af4d5_4682-68,1,0,0,0,ca22ace6-2d0e-4e0b-98d4-60544e5af4d5,0.0904391842046745
ca800ee3-fea2-4825-ba1d-8eaace908135_5734-95,0,0,0,1,ca800ee3-fea2-4825-ba1d-8eaace908135,-0.12428505191842287
ca800ee3-fea2-4825-ba1d-8eaace908135_6490-17,2,0,0,1,ca800ee3-fea2-4825-ba1d-8eaace908135,0.3547984021711347
caa17bb0-2b04-49b0-8ccc-38b2803a3b1f_26-31,0,0,0,1,caa17bb0-2b04-49b0-8ccc-38b2803a3b1f,0.39416629230703215
cab3c095-8054-4794-81c5-ef9dce1d1373_376-97,3,0,0,0,cab3c095-8054-4794-81c5-ef9dce1d1373,0.3963735482680106
cb0013d1-84a7-42c7-962a-3b00043365e5_1957-07,0,0,0,4,cb0013d1-84a7-42c7-962a-3b00043365e5,0.15385799858392896
cb1f1ddf-f4f6-4b0e-ab73-0285729ba790_40-06,0,0,0,3,cb1f1ddf-f4f6-4b0e-ab73-0285729ba790,0.884480935489879
cb87d2ca-dc4f-4e1c-a13f-a8fe7dc952e9_11-49,3,1,1,2,cb87d2ca-dc4f-4e1c-a13f-a8fe7dc952e9,0.22509682324840968
cb87d2ca-dc4f-4e1c-a13f-a8fe7dc952e9_115-52,3,0,0,2,cb87d2ca-dc4f-4e1c-a13f-a8fe7dc952e9,-0.15325899749630933
cb87d2ca-dc4f-4e1c-a13f-a8fe7dc952e9_23-76,2,0,0,2,cb87d2ca-dc4f-4e1c-a13f-a8fe7dc952e9,0.6300578943322559
cb87d2ca-dc4f-4e1c-a13f-a8fe7dc952e9_98-75,3,1,1,2,cb87d2ca-dc4f-4e1c-a13f-a8fe7dc952e9,1.0213661179848001
cb8df5e7-af5c-4211-b779-0568f94c7ded_1890-31,2,1,1,4,cb8df5e7-af5c-4211-b779-0568f94c7ded,0.1154992998309951
cb8df5e7-af5c-4211-b779-0568f94c7ded_3375-73,0,1,1,4,cb8df5e7-af5c-4211-b779-0568f94c7ded,1.0397924567758359
cb8df5e7-af5c-4211-b779-0568f94c7ded_3449-61,0,1,1,4,cb8df5e7-af5c-4211-b779-0568f94c7ded,1.0217805468451637
cb987dd4-f0ec-46ed-8bf0-3fee8c84fc90_2701-67,3,1,1,2,cb987dd4-f0ec-46ed-8bf0-3fee8c84fc90,0.1576140836149153
cb9de2c6-ff1a-48e8-b170-047e9471b588_1100-53,1,1,1,3,cb9de2c6-ff1a-48e8-b170-047e9471b588,0.2825399998378514
cb9de2c6-ff1a-48e8-b170-047e9471b588_836-21,1,1,1,3,cb9de2c6-ff1a-48e8-b170-047e9471b588,0.496901134885948
cb9de2c6-ff1a-48e8-b170-047e9471b588_884-63,3,0,0,3,cb9de2c6-ff1a-48e8-b170-047e9471b588,0.9317490591124542
cb9de2c6-ff1a-48e8-b170-047e9471b588_931-60,0,1,1,3,cb9de2c6-ff1a-48e8-b170-047e9471b588,0.08448297251707237
cbc5c4fe-ed66-4525-a3d8-d691064db66b_262-02,2,1,1,0,cbc5c4fe-ed66-4525-a3d8-d691064db66b,-0.2889582918889434
cbc5c4fe-ed66-4525-a3d8-d691064db66b_527-23,3,0,0,0,cbc5c4fe-ed66-4525-a3d8-d691064db66b,0.9321936888652973
cbc5c4fe-ed66-4525-a3d8-d691064db66b_545-69,3,0,0,0,cbc5c4fe-ed66-4525-a3d8-d691064db66b,-0.37466128403420573
cbc5c4fe-ed66-4525-a3d8-d691064db66b_729-17,3,1,1,0,cbc5c4fe-ed66-4525-a3d8-d691064db66b,-0.38974588267464005
cbfeb6c8-ec1f-4884-bcbf-14d7764c4a36_0-01,0,1,1,1,cbfeb6c8-ec1f-4884-bcbf-14d7764c4a36,0.6386661153720483
cc82c3dc-caf7-4d64-9c84-b4701e205344_230-08,1,1,1,0,cc82c3dc-caf7-4d64-9c84-b4701e205344,-0.33502913145211943
cc83fb01-1904-4917-8d11-2fe2c66a990c_5792-18,1,1,1,3,cc83fb01-1904-4917-8d11-2fe2c66a990c,0.08229176908793912
cce59bcd-0ebc-463e-bbb1-094186a6ed8d_1562-00,4,1,1,2,cce59bcd-0ebc-463e-bbb1-094186a6ed8d,0.5458138055173087
cce59bcd-0ebc-463e-bbb1-094186a6ed8d_36-05,1,1,1,2,cce59bcd-0ebc-463e-bbb1-094186a6ed8d,-0.4297201197182015
cd0c7d35-19cf-4ce2-9b40-0209547acde5_1364-91,0,1,1,4,cd0c7d35-19cf-4ce2-9b40-0209547acde5,0.1802927384772564
cd0c7d35-19cf-4ce2-9b40-0209547acde5_1365-10,2,1,1,4,cd0c7d35-19cf-4ce2-9b40-0209547acde5,1.7231744056694909
cd0c7d35-19cf-4ce2-9b40-0209547acde5_1447-25,2,1,1,4,cd0c7d35-19cf-4ce2-9b40-0209547acde5,1.1790070046099481
cd0c7d35-19cf-4ce2-9b40-0209547acde5_284-45,3,1,1,4,cd0c7d35-19cf-4ce2-9b40-0209547acde5,0.7585326856142331
cd1d3c56-69ca-4602-944e-bb9fabb9710b_1637-32,1,0,0,3,cd1d3c56-69ca-4602-944e-bb9fabb9710b,0.34927501047264276
cd1d3c56-69ca-4602-944e-bb9fabb9710b_1865-43,0,1,1,3,cd1d3c56-69ca-4602-944e-bb9fabb9710b,0.4275726024246571
cdaee0ff-a9ab-4935-91a2-45042d55b39c_353-27,1,1,1,2,cdaee0ff-a9ab-4935-91a2-45042d55b39c,0.12591401277301678
cdfd99eb-88c6-4bc7-8f66-e0318216feab_820-48,0,0,0,2,cdfd99eb-88c6-4bc7-8f66-e0318216feab,0.14589813961814885
ce121331-6a77-44c0-9c0d-8d6b21f73b24_67-61,1,1,1,1,ce121331-6a77-44c0-9c0d-8d6b21f73b24,0.8835137178909531
ce19b572-7341-426a-8c2f-fe067344c98d_1914-35,1,1,1,0,ce19b572-7341-426a-8c2f-fe067344c98d,0.06252014853289695
ce19b572-7341-426a-8c2f-fe067344c98d_1972-11,2,0,0,0,ce19b572-7341-426a-8c2f-fe067344c98d,-0.4298366839287219
cea9a5cc-6682-474f-bae4-483ca722ec43_359-69,0,0,0,0,cea9a5cc-6682-474f-bae4-483ca722ec43,0.5596449828681671
cebb6331-2a18-454a-862b-3aa502267017_1587-77,0,0,0,4,cebb6331-2a18-454a-862b-3aa502267017,0.435279231244635
cf3956a7-8cc6-4a99-8770-71a15c7e69c7_4456-62,1,1,1,4,cf3956a7-8cc6-4a99-8770-71a15c7e69c7,0.5574565977933656
cf3956a7-8cc6-4a99-8770-71a15c7e69c7_4824-79,2,1,1,4,cf3956a7-8cc6-4a99-8770-71a15c7e69c7,0.7971092183818831
cf3956a7-8cc6-4a99-8770-71a15c7e69c7_5040-48,2,1,1,4,cf3956a7-8cc6-4a99-8770-71a15c7e69c7,0.10457833613009965
cfa58f86-6a63-46fc-8510-6a8d517f933b_689-38,3,1,1,3,cfa58f86-6a63-46fc-8510-6a8d517f933b,1.093481770113731
cfa595aa-c467-48fe-a86b-2e9b1a63ccab_1218-24,3,0,0,2,cfa595aa-c467-48fe-a86b-2e9b1a63ccab,-0.2267441619204643
cfc42371-cd58-48df-8bc5-f2fb29a6091e_1191-27,2,1,1,2,cfc42371-cd58-48df-8bc5-f2fb29a6091e,0.08205255686530355
cfc42371-cd58-48df-8bc5-f2fb29a6091e_1271-05,3,1,1,2,cfc42371-cd58-48df-8bc5-f2fb29a6091e,0.8882770404117386
cfc42371-cd58-48df-8bc5-f2fb29a6091e_1273-98,0,1,1,2,cfc42371-cd58-48df-8bc5-f2fb29a6091e,0.02361324333311582
d013010f-fca0-4fc0-9545-500318a8e91f_511-08,0,0,0,1,d013010f-fca0-4fc0-9545-500318a8e91f,-0.5504986107628684
d0396c77-6ecc-4d9f-bda1-af051699d0cf_1049-41,4,1,1,0,d0396c77-6ecc-4d9f-bda1-af051699d0cf,0.18371923451377464
d0396c77-6ecc-4d9f-bda1-af051699d0cf_3645-32,1,1,1,0,d0396c77-6ecc-4d9f-bda1-af051699d0cf,1.4583135781556271
d0396c77-6ecc-4d9f-bda1-af051699d0cf_4546-97,2,1,1,0,d0396c77-6ecc-4d9f-bda1-af051699d0cf,1.3724191004507564
d08cd963-d98b-4c9b-ba9f-cf7763e4b94e_1184-89,0,0,0,0,d08cd963-d98b-4c9b-ba9f-cf7763e4b94e,-0.5567049846435459
d0925317-dc23-4cb4-a375-a7baddc06b27_901-57,1,1,1,4,d0925317-dc23-4cb4-a375-a7baddc06b27,1.079801019917487
d0a861f7-3e5c-4836-9b43-29a0b3288165_1279-67,2,1,1,4,d0a861f7-3e5c-4836-9b43-29a0b3288165,1.308353214893238
d0a861f7-3e5c-4836-9b43-29a0b3288165_550-69,2,1,1,4,d0a861f7-3e5c-4836-9b43-29a0b3288165,0.03386763053376657
d0a861f7-3e5c-4836-9b43-29a0b3288165_829-52,0,0,0,4,d0a861f7-3e5c-4836-9b43-29a0b3288165,0.8089702336411349
d0aedb4e-82cc-406a-a395-3573049a49ee_4319-84,3,1,1,4,d0aedb4e-82cc-406a-a395-3573049a49ee,-0.2086488700790962
d0aedb4e-82cc-406a-a395-3573049a49ee_596-85,3,0,0,4,d0aedb4e-82cc-406a-a395-3573049a49ee,1.3010243152508023
d0c0065b-79d2-4e6f-9c0f-e212dd17a0ca_31-42,1,0,0,3,d0c0065b-79d2-4e6f-9c0f-e212dd17a0ca,0.4222076268588314
d10798c3-6b79-4c0d-aafd-8daad36c51db_44-79,1,1,1,2,d10798c3-6b79-4c0d-aafd-8daad36c51db,0.9867819584813855
d1952343-6eaf-4317-ae19-6b48b292ad24_877-17,3,0,0,3,d1952343-6eaf-4317-ae19-6b48b292ad24,0.4124630672449219
d1a27322-8acd-4297-9029-db45af8d7cc2_127-67,3,1,1,4,d1a27322-8acd-4297-9029-db45af8d7cc2,1.582449743912825
d1a27322-8acd-4297-9029-db45af8d7cc2_164-10,0,1,1,4,d1a27322-8acd-4297-9029-db45af8d7cc2,0.018943682180052435
d1a27322-8acd-4297-9029-db45af8d7cc2_34-04,2,0,0,4,d1a27322-8acd-4297-9029-db45af8d7cc2,0.9770398439997703
d1c2a107-ba9a-4615-83e1-f609864b8541_35-35,3,0,0,4,d1c2a107-ba9a-4615-83e1-f609864b8541,0.4293991325719833
d1c7b7ec-506e-4c02-b008-8b5aaaf442d7_1891-93,1,1,1,1,d1c7b7ec-506e-4c02-b008-8b5aaaf442d7,0.4616252127259064
d1c7b7ec-506e-4c02-b008-8b5aaaf442d7_847-39,2,1,1,1,d1c7b7ec-506e-4c02-b008-8b5aaaf442d7,-0.10982660539428518
d27c5c7e-db9c-48f4-bea5-9970078d352e_1216-84,2,0,0,1,d27c5c7e-db9c-48f4-bea5-9970078d352e,0.18520682667909238
d27c5c7e-db9c-48f4-bea5-9970078d352e_1570-49,1,1,1,1,d27c5c7e-db9c-48f4-bea5-9970078d352e,1.0143186420056078
d27c5c7e-db9c-48f4-bea5-9970078d352e_1635-43,2,1,1,1,d27c5c7e-db9c-48f4-bea5-9970078d352e,1.5729487863528702
d27c5c7e-db9c-48f4-bea5-9970078d352e_87-62,1,0,0,1,d27c5c7e-db9c-48f4-bea5-9970078d352e,1.0225769746716344
d27c5c7e-db9c-48f4-bea5-9970078d352e_90-20,0,0,0,1,d27c5c7e-db9c-48f4-bea5-9970078d352e,1.0160068245666
d2985e7b-6dc8-4c7e-9aef-40d633895aa0_1413-23,0,1,1,1,d2985e7b-6dc8-4c7e-9aef-40d633895aa0,0.008353116894156076
d2985e7b-6dc8-4c7e-9aef-40d633895aa0_448-20,1,1,1,1,d2985e7b-6dc8-4c7e-9aef-40d633895aa0,0.5665889348502509
d29b209e-cbc7-40a7-a0d6-acf803b86c78_4-53,0,0,0,0,d29b209e-cbc7-40a7-a0d6-acf803b86c78,0.36004238524273596
d3279f4f-eea5-448f-a930-aafac6b668ac_1962-11,2,0,0,4,d3279f4f-eea5-448f-a930-aafac6b668ac,1.025784118510842
d36cf2fd-8916-4b69-b7a2-e9743675fb38_3568-39,3,1,1,2,d36cf2fd-8916-4b69-b7a2-e9743675fb38,0.7036069610565006
d36cf2fd-8916-4b69-b7a2-e9743675fb38_3851-77,0,1,1,2,d36cf2fd-8916-4b69-b7a2-e9743675fb38,0.714062042176264
d3980f7e-2ef1-4b2b-b73a-2a7db7465660_117-14,2,0,0,3,d3980f7e-2ef1-4b2b-b73a-2a7db7465660,-0.43185182387774285
d3980f7e-2ef1-4b2b-b73a-2a7db7465660_452-63,0,0,0,3,d3980f7e-2ef1-4b2b-b73a-2a7db7465660,-0.7072156393477586
d3a0899e-2093-454c-9f65-30087883193a_399-22,1,1,1,3,d3a0899e-2093-454c-9f65-30087883193a,0.6365080015000069
d3dafc0b-c623-4c4b-9a4a-ee56538e257c_519-43,0,0,0,2,d3dafc0b-c623-4c4b-9a4a-ee56538e257c,0.3689675116046706
d3de44fb-a6e8-4815-b28f-798de4bfd7eb_1337-08,1,1,1,1,d3de44fb-a6e8-4815-b28f-798de4bfd7eb,0.6430691561599815
d3f76c88-5996-4da0-8b8f-6c1b8f85a4d8_18062-30,1,1,1,1,d3f76c88-5996-4da0-8b8f-6c1b8f85a4d8,1.0749767514936728
d3f76c88-5996-4da0-8b8f-6c1b8f85a4d8_5099-68,0,1,1,1,d3f76c88-5996-4da0-8b8f-6c1b8f85a4d8,-0.13763493422305728
d3f76c88-5996-4da0-8b8f-6c1b8f85a4d8_9209-81,2,0,0,1,d3f76c88-5996-4da0-8b8f-6c1b8f85a4d8,0.03325704231965931
d40be91b-85bb-4c47-ac18-52c4d044e3fc_13523-54,3,1,1,4,d40be91b-85bb-4c47-ac18-52c4d044e3fc,1.5802266430096135
d40be91b-85bb-4c47-ac18-52c4d044e3fc_2988-20,3,0,0,4,d40be91b-85bb-4c47-ac18-52c4d044e3fc,0.3026330488541327
d40be91b-85bb-4c47-ac18-52c4d044e3fc_5905-56,1,1,1,4,d40be91b-85bb-4c47-ac18-52c4d044e3fc,-0.299321396657166
d521d31b-83aa-48ef-9ccf-eee9773c50dc_3808-98,1,1,1,0,d521d31b-83aa-48ef-9ccf-eee9773c50dc,-0.08105523218207178
d551e6e5-50b5-4eab-88df-f213e6509ea0_1428-48,2,1,1,4,d551e6e5-50b5-4eab-88df-f213e6509ea0,0.5227759663568097
d55c3204-8dfe-44c4-8822-d748e6fe6d8a_600-02,1,1,1,0,d55c3204-8dfe-44c4-8822-d748e6fe6d8a,2.7744815302365167
d55c3204-8dfe-44c4-8822-d748e6fe6d8a_759-81,1,1,1,0,d55c3204-8dfe-44c4-8822-d748e6fe6d8a,2.636930068358234
d6491872-31a0-4015-b9e1-ae992406f849_51-07,0,1,1,3,d6491872-31a0-4015-b9e1-ae992406f849,2.098941978209729
d64fb34a-08fd-416c-ac6f-86a0813869a8_275-80,0,0,0,3,d64fb34a-08fd-416c-ac6f-86a0813869a8,0.6055649245886081
d64fb34a-08fd-416c-ac6f-86a0813869a8_290-32,1,1,1,3,d64fb34a-08fd-416c-ac6f-86a0813869a8,-0.29044324585017023
d64fb34a-08fd-416c-ac6f-86a0813869a8_437-60,2,0,0,3,d64fb34a-08fd-416c-ac6f-86a0813869a8,-0.3363903639555715
d64fb34a-08fd-416c-ac6f-86a0813869a8_466-80,3,0,0,3,d64fb34a-08fd-416c-ac6f-86a0813869a8,0.3372555940177058
d64fb34a-08fd-416c-ac6f-86a0813869a8_494-32,1,0,0,3,d64fb34a-08fd-416c-ac6f-86a0813869a8,0.3392501339920325
d64fb34a-08fd-416c-ac6f-86a0813869a8_512-82,3,0,0,3,d64fb34a-08fd-416c-ac6f-86a0813869a8,0.13429571775081328
d64fb34a-08fd-416c-ac6f-86a0813869a8_810-92,1,0,0,3,d64fb34a-08fd-416c-ac6f-86a0813869a8,-0.7415072178102715
d66f42bb-822b-444a-bce0-ddd15b29bd1b_149-48,0,0,0,1,d66f42bb-822b-444a-bce0-ddd15b29bd1b,0.08345987269172472
d66f42bb-822b-444a-bce0-ddd15b29bd1b_7-30,1,0,0,1,d66f42bb-822b-444a-bce0-ddd15b29bd1b,0.11709154388044318
d6e0bff0-9501-4750-b97f-95f134f6618b_781-93,0,0,0,2,d6e0bff0-9501-4750-b97f-95f134f6618b,0.9926209275125701
d6f9d174-2d42-49e7-83e4-daa9e8b0aa25_1070-43,3,1,1,4,d6f9d174-2d42-49e7-83e4-daa9e8b0aa25,1.0652556049572286
d6f9d174-2d42-49e7-83e4-daa9e8b0aa25_1389-10,0,1,1,4,d6f9d174-2d42-49e7-83e4-daa9e8b0aa25,0.6818154141126267
d6f9d174-2d42-49e7-83e4-daa9e8b0aa25_211-63,0,1,1,4,d6f9d174-2d42-49e7-83e4-daa9e8b0aa25,1.6421794083698018
d6f9d174-2d42-49e7-83e4-daa9e8b0aa25_270-04,0,1,1,4,d6f9d174-2d42-49e7-83e4-daa9e8b0aa25,0.9116663579715927
d6f9d174-2d42-49e7-83e4-daa9e8b0aa25_432-24,3,1,1,4,d6f9d174-2d42-49e7-83e4-daa9e8b0aa25,0.25674354945389627
d6f9d174-2d42-49e7-83e4-daa9e8b0aa25_64-13,3,0,0,4,d6f9d174-2d42-49e7-83e4-daa9e8b0aa25,0.16123595166547638
d6f9d174-2d42-49e7-83e4-daa9e8b0aa25_831-84,3,0,0,4,d6f9d174-2d42-49e7-83e4-daa9e8b0aa25,-0.037496191545494106
d70be6cb-867f-4657-9a87-5d44ab30527a_887-35,2,0,0,1,d70be6cb-867f-4657-9a87-5d44ab30527a,-0.5068273246628162
d730a47a-013d-4cd3-b478-370f2fb0d918_1149-88,2,0,0,0,d730a47a-013d-4cd3-b478-370f2fb0d918,0.22630990173067617
d7480d27-f607-4a5a-8c31-9d299f70a4b8_1934-95,2,0,0,0,d7480d27-f607-4a5a-8c31-9d299f70a4b8,0.48348683210269366
d7480d27-f607-4a5a-8c31-9d299f70a4b8_3616-43,2,1,1,0,d7480d27-f607-4a5a-8c31-9d299f70a4b8,0.40438982603652723
d7480d27-f607-4a5a-8c31-9d299f70a4b8_406-05,0,0,0,0,d7480d27-f607-4a5a-8c31-9d299f70a4b8,0.8255669416891471
d74c95ba-e072-44f8-bb2f-2631379af06d_1057-19,3,0,0,3,d74c95ba-e072-44f8-bb2f-2631379af06d,-0.06690713026695183
d752fc52-9592-4cb5-910b-d09bb39261fd_420-77,2,1,1,2,d752fc52-9592-4cb5-910b-d09bb39261fd,0.2208937283302544
d7d516f6-4ba0-4ea7-a18f-f943abc50ff8_869-60,3,0,0,2,d7d516f6-4ba0-4ea7-a18f-f943abc50ff8,0.05454544890536056
d813a821-8cc1-4700-a7a4-d4e6edfed26e_449-05,3,1,1,1,d813a821-8cc1-4700-a7a4-d4e6edfed26e,1.571465884671921
d813a821-8cc1-4700-a7a4-d4e6edfed26e_57-94,0,0,0,1,d813a821-8cc1-4700-a7a4-d4e6edfed26e,0.6138032932582296
d8915c4c-6534-4b0a-b46a-02a03d8031da_0-20,3,1,1,1,d8915c4c-6534-4b0a-b46a-02a03d8031da,-0.44018912794041115
d8936caf-0142-4ceb-bacc-70313a19f169_142-89,3,1,1,3,d8936caf-0142-4ceb-bacc-70313a19f169,1.0181849415637554
d8936caf-0142-4ceb-bacc-70313a19f169_660-34,2,1,1,3,d8936caf-0142-4ceb-bacc-70313a19f169,1.2338001343509826
d8936caf-0142-4ceb-bacc-70313a19f169_694-31,3,0,0,3,d8936caf-0142-4ceb-bacc-70313a19f169,0.5852102423456955
d8936caf-0142-4ceb-bacc-70313a19f169_805-14,4,1,1,3,d8936caf-0142-4ceb-bacc-70313a19f169,0.25698634115131536
d8936caf-0142-4ceb-bacc-70313a19f169_888-66,1,0,0,3,d8936caf-0142-4ceb-bacc-70313a19f169,1.0191794929439546
d8c7bf34-0440-48b3-bf22-263d7c926074_109-23,3,0,0,0,d8c7bf34-0440-48b3-bf22-263d7c926074,0.37746791095798876
d9bc2b47-181e-4fea-b153-15272b1646e1_589-30,3,1,1,4,d9bc2b47-181e-4fea-b153-15272b1646e1,-0.0534532859047262
daf5384b-ea5c-4cce-bb8a-540a360075bf_1127-92,2,1,1,3,daf5384b-ea5c-4cce-bb8a-540a360075bf,0.7687341096654676
daf5384b-ea5c-4cce-bb8a-540a360075bf_676-16,0,0,0,3,daf5384b-ea5c-4cce-bb8a-540a360075bf,-0.0009839152332833945
db00f224-0dba-4c50-975a-178e0e1033fe_290-41,0,0,0,3,db00f224-0dba-4c50-975a-178e0e1033fe,-0.0019610330974332846
db35b386-4c65-4c5e-a488-51b2aa5eb1fb_1982-83,2,0,0,4,db35b386-4c65-4c5e-a488-51b2aa5eb1fb,0.8901471427110741
db35b386-4c65-4c5e-a488-51b2aa5eb1fb_481-32,0,0,0,4,db35b386-4c65-4c5e-a488-51b2aa5eb1fb,0.04385758399688716
db35b386-4c65-4c5e-a488-51b2aa5eb1fb_554-63,3,0,0,4,db35b386-4c65-4c5e-a488-51b2aa5eb1fb,-0.2737665079829559
db35b386-4c65-4c5e-a488-51b2aa5eb1fb_589-73,2,1,1,4,db35b386-4c65-4c5e-a488-51b2aa5eb1fb,-0.2466673084877679
dbcca18b-4b62-4ba1-b799-a6a65231d084_2471-26,1,1,1,3,dbcca18b-4b62-4ba1-b799-a6a65231d084,0.03307629507502624
dbcca18b-4b62-4ba1-b799-a6a65231d084_3794-64,0,0,0,3,dbcca18b-4b62-4ba1-b799-a6a65231d084,0.26554026610386317
dbcca18b-4b62-4ba1-b799-a6a65231d084_3795-07,2,0,0,3,dbcca18b-4b62-4ba1-b799-a6a65231d084,-0.27676668795182635
dc16fb2a-7caf-41f4-b2a3-d2ff8cd38255_65-68,0,1,1,2,dc16fb2a-7caf-41f4-b2a3-d2ff8cd38255,0.5626644173134838
dc4d0940-b35c-4700-af77-5f13bb530ad8_1063-54,3,1,1,1,dc4d0940-b35c-4700-af77-5f13bb530ad8,0.3694119978534659
dca2e9e2-acde-49b7-8b0e-5a150e536769_3059-39,0,1,1,0,dca2e9e2-acde-49b7-8b0e-5a150e536769,-0.631708882419116
dced4894-d13a-4222-941b-5e4ecf1e3299_1046-91,3,0,0,0,dced4894-d13a-4222-941b-5e4ecf1e3299,-0.32834950636907506
dced4894-d13a-4222-941b-5e4ecf1e3299_1473-25,2,0,0,0,dced4894-d13a-4222-941b-5e4ecf1e3299,-0.24468754069082777
dced4894-d13a-4222-941b-5e4ecf1e3299_629-13,1,1,1,0,dced4894-d13a-4222-941b-5e4ecf1e3299,-0.0898278971340305
dced4894-d13a-4222-941b-5e4ecf1e3299_663-36,0,0,0,0,dced4894-d13a-4222-941b-5e4ecf1e3299,-0.472585389606528
dd0aa717-59d8-4d8a-9f11-21be827fb184_1260-03,3,1,1,0,dd0aa717-59d8-4d8a-9f11-21be827fb184,0.8310380810402069
dd0aa717-59d8-4d8a-9f11-21be827fb184_406-80,0,0,0,0,dd0aa717-59d8-4d8a-9f11-21be827fb184,0.7003257622930055
dd0aa717-59d8-4d8a-9f11-21be827fb184_600-81,0,1,1,0,dd0aa717-59d8-4d8a-9f11-21be827fb184,0.50357513009799
dd508a2a-1ea7-43d2-805a-8080eeae9985_1035-99,3,1,1,1,dd508a2a-1ea7-43d2-805a-8080eeae9985,-0.010394647931967982
dd508a2a-1ea7-43d2-805a-8080eeae9985_1133-08,2,1,1,1,dd508a2a-1ea7-43d2-805a-8080eeae9985,0.6902325565485878
dd508a2a-1ea7-43d2-805a-8080eeae9985_27-58,0,0,0,1,dd508a2a-1ea7-43d2-805a-8080eeae9985,0.027632086757696628
dd508a2a-1ea7-43d2-805a-8080eeae9985_36-14,2,0,0,1,dd508a2a-1ea7-43d2-805a-8080eeae9985,0.10462914335404705
dd508a2a-1ea7-43d2-805a-8080eeae9985_856-81,1,1,1,1,dd508a2a-1ea7-43d2-805a-8080eeae9985,0.8685235157561246
dd508a2a-1ea7-43d2-805a-8080eeae9985_886-44,1,1,1,1,dd508a2a-1ea7-43d2-805a-8080eeae9985,0.08146969519623926
dd5214e7-85bb-41b4-93e0-5ef34b8af687_1307-52,2,1,1,4,dd5214e7-85bb-41b4-93e0-5ef34b8af687,0.5368250162380022
dd82f801-fc96-4ced-b066-ad559da3faab_124-35,3,0,0,4,dd82f801-fc96-4ced-b066-ad559da3faab,0.6204310235939667
dd82f801-fc96-4ced-b066-ad559da3faab_1750-27,0,0,0,4,dd82f801-fc96-4ced-b066-ad559da3faab,0.7931211001666671
dd82f801-fc96-4ced-b066-ad559da3faab_1757-91,0,1,1,4,dd82f801-fc96-4ced-b066-ad559da3faab,-0.062057661398801034
dd82f801-fc96-4ced-b066-ad559da3faab_1788-27,3,1,1,4,dd82f801-fc96-4ced-b066-ad559da3faab,0.336331405954114
dd82f801-fc96-4ced-b066-ad559da3faab_284-37,1,0,0,4,dd82f801-fc96-4ced-b066-ad559da3faab,0.08033343840110335
dd82f801-fc96-4ced-b066-ad559da3faab_601-49,3,1,1,4,dd82f801-fc96-4ced-b066-ad559da3faab,-0.17122204550379172
dd82f801-fc96-4ced-b066-ad559da3faab_621-91,3,1,1,4,dd82f801-fc96-4ced-b066-ad559da3faab,0.12980460117483578
dd82f801-fc96-4ced-b066-ad559da3faab_818-04,2,0,0,4,dd82f801-fc96-4ced-b066-ad559da3faab,0.17648072116648644
dd82f801-fc96-4ced-b066-ad559da3faab_836-46,2,0,0,4,dd82f801-fc96-4ced-b066-ad559da3faab,0.2839033972336252
dd82f801-fc96-4ced-b066-ad559da3faab_905-66,2,0,0,4,dd82f801-fc96-4ced-b066-ad559da3faab,1.7485902917770326
de37a11d-1dcd-4f5b-9054-155093b3a073_1154-49,1,1,1,4,de37a11d-1dcd-4f5b-9054-155093b3a073,0.3578583906634007
de37a11d-1dcd-4f5b-9054-155093b3a073_1242-75,1,0,0,4,de37a11d-1dcd-4f5b-9054-155093b3a073,0.6312721083267707
de37a11d-1dcd-4f5b-9054-155093b3a073_6370-24,2,0,0,4,de37a11d-1dcd-4f5b-9054-155093b3a073,-0.22596010222479726
de37a11d-1dcd-4f5b-9054-155093b3a073_7411-22,1,0,0,4,de37a11d-1dcd-4f5b-9054-155093b3a073,1.1464777150891297
de37a11d-1dcd-4f5b-9054-155093b3a073_8700-46,3,1,1,4,de37a11d-1dcd-4f5b-9054-155093b3a073,0.9930357251277775
dedaa2ad-306d-47b3-a4c4-90b6b2c37e78_8149-03,2,0,0,3,dedaa2ad-306d-47b3-a4c4-90b6b2c37e78,0.03304564273068333
df0b81a6-826c-4e9b-8921-392304716c0e_525-16,0,1,1,2,df0b81a6-826c-4e9b-8921-392304716c0e,-0.3245829858372596
df0b81a6-826c-4e9b-8921-392304716c0e_554-75,3,0,0,2,df0b81a6-826c-4e9b-8921-392304716c0e,-0.20378436581577014
df1a31a9-6508-4d9d-b1c7-cffc7bcc5d29_41-87,1,0,0,0,df1a31a9-6508-4d9d-b1c7-cffc7bcc5d29,-0.0303681082675627
df630387-82c6-4c90-95e8-6ba558c907a2_202-79,0,1,1,1,df630387-82c6-4c90-95e8-6ba558c907a2,0.6904904810154393
dfd0bc0c-28fc-4302-9a75-77df6c53ab31_658-80,3,1,1,2,dfd0bc0c-28fc-4302-9a75-77df6c53ab31,0.2959863702134384
dfe44f90-17f9-43eb-adf4-da35f15002ed_1647-36,2,0,0,4,dfe44f90-17f9-43eb-adf4-da35f15002ed,1.564495521441122
dfe44f90-17f9-43eb-adf4-da35f15002ed_825-32,1,1,1,4,dfe44f90-17f9-43eb-adf4-da35f15002ed,0.14075912512374916
e00d8164-9996-48ed-8645-bb88ab30cc09_113-51,1,1,1,3,e00d8164-9996-48ed-8645-bb88ab30cc09,1.6757014259968974
e0d46807-4c3b-44a0-ac59-cb970c8d5a5a_6-18,0,1,1,4,e0d46807-4c3b-44a0-ac59-cb970c8d5a5a,0.5843372227571086
e14bb000-250b-4f3d-aec6-e72d4f29d123_1299-73,1,1,1,2,e14bb000-250b-4f3d-aec6-e72d4f29d123,1.02690664761217
e14bb000-250b-4f3d-aec6-e72d4f29d123_367-23,0,1,1,2,e14bb000-250b-4f3d-aec6-e72d4f29d123,-0.22519785646567292
e14bb000-250b-4f3d-aec6-e72d4f29d123_968-06,2,0,0,2,e14bb000-250b-4f3d-aec6-e72d4f29d123,0.41209091258643776
e14bb000-250b-4f3d-aec6-e72d4f29d123_97-24,2,1,1,2,e14bb000-250b-4f3d-aec6-e72d4f29d123,0.17987470729011196
e14bb000-250b-4f3d-aec6-e72d4f29d123_977-37,0,1,1,2,e14bb000-250b-4f3d-aec6-e72d4f29d123,0.7150731483199633
e18a43a4-1e7b-4478-bc7f-16cb55a8ac16_875-97,1,1,1,3,e18a43a4-1e7b-4478-bc7f-16cb55a8ac16,1.037311845298486
e1b0b312-ce2d-41a0-be5a-70c807fcc5ef_2287-10,1,1,1,3,e1b0b312-ce2d-41a0-be5a-70c807fcc5ef,0.4471319134329108
e1b0b312-ce2d-41a0-be5a-70c807fcc5ef_2428-09,0,1,1,3,e1b0b312-ce2d-41a0-be5a-70c807fcc5ef,-0.06287430618483947
e21a6f09-3df0-4bfb-a23b-47a1866aadf1_511-16,3,1,1,1,e21a6f09-3df0-4bfb-a23b-47a1866aadf1,0.8836424064192414
e21a6f09-3df0-4bfb-a23b-47a1866aadf1_526-23,1,0,0,1,e21a6f09-3df0-4bfb-a23b-47a1866aadf1,1.865318381072437
e21a6f09-3df0-4bfb-a23b-47a1866aadf1_540-06,2,0,0,1,e21a6f09-3df0-4bfb-a23b-47a1866aadf1,0.5620839147260108
e2a1583d-7460-4d02-ac29-6968f16812c3_338-61,1,1,1,2,e2a1583d-7460-4d02-ac29-6968f16812c3,-0.17326203758192119
e2dd39cb-63e2-4ebb-b99a-ad7ff579b048_78-33,1,0,0,1,e2dd39cb-63e2-4ebb-b99a-ad7ff579b048,0.7025251837504165
e2e46fb1-9014-426b-9bd4-ea0b995feb31_1007-32,0,1,1,0,e2e46fb1-9014-426b-9bd4-ea0b995feb31,1.2999731001539783
e3283ef1-1659-4d5c-a09d-fd0f4df98aba_73-31,1,1,1,4,e3283ef1-1659-4d5c-a09d-fd0f4df98aba,0.7707875121436687
e339898f-5e79-4723-89d7-44ba33b163de_500-86,3,1,1,3,e339898f-5e79-4723-89d7-44ba33b163de,-0.06225792634956806
e3f37c38-bf24-481f-b1c6-8d472fab4290_1679-92,1,0,0,4,e3f37c38-bf24-481f-b1c6-8d472fab4290,0.2078536866607384
e3f37c38-bf24-481f-b1c6-8d472fab4290_3800-16,0,1,1,4,e3f37c38-bf24-481f-b1c6-8d472fab4290,-0.34455754503329594
e3f37c38-bf24-481f-b1c6-8d472fab4290_5304-28,1,1,1,4,e3f37c38-bf24-481f-b1c6-8d472fab4290,0.43902330700636943
e402df54-0a64-424e-a7e6-3e68b18a761c_1045-12,1,1,1,2,e402df54-0a64-424e-a7e6-3e68b18a761c,0.9742978756108518
e402df54-0a64-424e-a7e6-3e68b18a761c_1064-59,1,0,0,2,e402df54-0a64-424e-a7e6-3e68b18a761c,0.5150889608084122
e402df54-0a64-424e-a7e6-3e68b18a761c_242-70,0,0,0,2,e402df54-0a64-424e-a7e6-3e68b18a761c,0.14732515788556683
e402df54-0a64-424e-a7e6-3e68b18a761c_62-43,3,1,1,2,e402df54-0a64-424e-a7e6-3e68b18a761c,0.7713553377463203
e54d654b-86ca-4219-bbf4-68575fffa098_2992-60,1,0,0,2,e54d654b-86ca-4219-bbf4-68575fffa098,0.34056360624650645
e55e4faf-dec5-40ee-b375-f0b049b9b280_285-98,4,0,0,1,e55e4faf-dec5-40ee-b375-f0b049b9b280,1.2888394659064408
e55e4faf-dec5-40ee-b375-f0b049b9b280_342-72,1,0,0,1,e55e4faf-dec5-40ee-b375-f0b049b9b280,0.2319652919589389
e579ef82-c68f-44dc-8b0f-7fe62e20974c_2509-16,0,1,1,1,e579ef82-c68f-44dc-8b0f-7fe62e20974c,0.6961168493478616
e58207f1-84ec-424b-a997-ff64a57eb13b_1893-21,2,0,0,3,e58207f1-84ec-424b-a997-ff64a57eb13b,-0.14349403005024963
e58207f1-84ec-424b-a997-ff64a57eb13b_3524-37,1,1,1,3,e58207f1-84ec-424b-a997-ff64a57eb13b,0.5557805260100839
e5d2cc2c-0a36-4bad-bf50-bc9347e99eca_1120-59,1,0,0,0,e5d2cc2c-0a36-4bad-bf50-bc9347e99eca,0.2606684550800881
e5fea731-7b32-4857-a86b-587eda0ff334_979-09,0,0,0,4,e5fea731-7b32-4857-a86b-587eda0ff334,0.1149899843309879
e623faab-101a-41a6-83ac-8e22b4371aba_1053-43,2,1,1,3,e623faab-101a-41a6-83ac-8e22b4371aba,0.7512643153929719
e623faab-101a-41a6-83ac-8e22b4371aba_1141-39,0,1,1,3,e623faab-101a-41a6-83ac-8e22b4371aba,0.9902343980485913
e623faab-101a-41a6-83ac-8e22b4371aba_357-75,1,0,0,3,e623faab-101a-41a6-83ac-8e22b4371aba,0.9892758363624063
e65cdb37-b00c-44b1-909f-068022d804cb_868-94,1,1,1,3,e65cdb37-b00c-44b1-909f-068022d804cb,0.8672071215104136
e6958f57-5769-46f6-be27-b879059ff2a4_927-40,3,1,1,2,e6958f57-5769-46f6-be27-b879059ff2a4,0.4415094914346725
e6b7692d-5e35-4524-8d2a-385475b95806_1667-07,3,0,0,1,e6b7692d-5e35-4524-8d2a-385475b95806,0.3417750661767933
e6b7692d-5e35-4524-8d2a-385475b95806_3085-37,0,0,0,1,e6b7692d-5e35-4524-8d2a-385475b95806,0.8969468267660219
e6d852dd-2510-482f-ad25-3d731388ea44_0-00,0,1,1,2,e6d852dd-2510-482f-ad25-3d731388ea44,0.7699946574480454
e6d852dd-2510-482f-ad25-3d731388ea44_105-51,3,1,1,2,e6d852dd-2510-482f-ad25-3d731388ea44,0.20593610537886636
e6d852dd-2510-482f-ad25-3d731388ea44_141-52,3,0,0,2,e6d852dd-2510-482f-ad25-3d731388ea44,0.2719899409371202
e6e3919c-7c2e-491e-bde8-053715f0d851_1353-28,2,1,1,3,e6e3919c-7c2e-491e-bde8-053715f0d851,0.634894130549347
e6e3919c-7c2e-491e-bde8-053715f0d851_466-43,1,0,0,3,e6e3919c-7c2e-491e-bde8-053715f0d851,-0.23420981486249046
e6e3919c-7c2e-491e-bde8-053715f0d851_472-28,0,0,0,3,e6e3919c-7c2e-491e-bde8-053715f0d851,1.8662705506682458
e6f1accd-e18d-43ec-b854-e7633b15cbf7_1189-37,1,0,0,4,e6f1accd-e18d-43ec-b854-e7633b15cbf7,-0.28479557047012666
e6f1accd-e18d-43ec-b854-e7633b15cbf7_1189-42,0,0,0,4,e6f1accd-e18d-43ec-b854-e7633b15cbf7,0.27043891227292144
e6fdec5a-21e1-43e8-b662-9376538394d5_3510-00,2,0,0,1,e6fdec5a-21e1-43e8-b662-9376538394d5,1.0404811437417179
e70f4b34-432f-47dc-834f-5bc6bd67dc62_166-47,3,1,1,3,e70f4b34-432f-47dc-834f-5bc6bd67dc62,1.3701640172723661
e70f4b34-432f-47dc-834f-5bc6bd67dc62_676-86,3,1,1,3,e70f4b34-432f-47dc-834f-5bc6bd67dc62,0.9860248698369165
e70f4b34-432f-47dc-834f-5bc6bd67dc62_78-75,0,1,1,3,e70f4b34-432f-47dc-834f-5bc6bd67dc62,1.1371742031582266
e7752106-8e0c-47b5-a639-e701e659718c_740-06,1,0,0,0,e7752106-8e0c-47b5-a639-e701e659718c,1.7317370901976965
e7eead9a-5f4e-47af-8f54-2dd3fd453a2d_49-96,2,0,0,4,e7eead9a-5f4e-47af-8f54-2dd3fd453a2d,-0.272854121268165
e7eead9a-5f4e-47af-8f54-2dd3fd453a2d_55-37,3,1,1,4,e7eead9a-5f4e-47af-8f54-2dd3fd453a2d,-0.4301687802572872
e87752b1-35a5-4cd7-9b95-a4b28129f9f3_932-40,1,1,1,4,e87752b1-35a5-4cd7-9b95-a4b28129f9f3,0.5185177634470377
e8ed2917-9442-4237-b15e-cd0b6c839d38_167-12,1,0,0,3,e8ed2917-9442-4237-b15e-cd0b6c839d38,0.013794217889618043
e9343bd2-cd48-4abe-902a-3d3f6a0b51d8_1795-21,3,0,0,2,e9343bd2-cd48-4abe-902a-3d3f6a0b51d8,1.4880062736683806
e9343bd2-cd48-4abe-902a-3d3f6a0b51d8_1810-91,1,1,1,2,e9343bd2-cd48-4abe-902a-3d3f6a0b51d8,-0.5990652654752855
e9350702-f77c-4112-9f57-3ed08bc4b98a_0-04,2,0,0,2,e9350702-f77c-4112-9f57-3ed08bc4b98a,-0.10952197578483047
e93fdf27-c14c-4794-b4b7-20685b40156f_1304-45,0,1,1,0,e93fdf27-c14c-4794-b4b7-20685b40156f,1.485446447281988
e93fdf27-c14c-4794-b4b7-20685b40156f_1313-69,1,1,1,0,e93fdf27-c14c-4794-b4b7-20685b40156f,0.3283930884957244
e95dbd21-3017-48f5-8f36-46531f053ab1_339-47,1,0,0,3,e95dbd21-3017-48f5-8f36-46531f053ab1,0.6598166831316297
e95dbd21-3017-48f5-8f36-46531f053ab1_424-29,1,1,1,3,e95dbd21-3017-48f5-8f36-46531f053ab1,1.8186365375517326
e95dbd21-3017-48f5-8f36-46531f053ab1_547-92,1,1,1,3,e95dbd21-3017-48f5-8f36-46531f053ab1,1.6167211658191691
e95dbd21-3017-48f5-8f36-46531f053ab1_835-77,2,1,1,3,e95dbd21-3017-48f5-8f36-46531f053ab1,1.1872985373456686
e9957d35-9c4d-44cc-b3b6-267dfa13841a_896-74,2,0,0,1,e9957d35-9c4d-44cc-b3b6-267dfa13841a,0.21920367610474922
e99a32fa-19c9-41e6-be66-37869bd26583_542-40,0,1,1,0,e99a32fa-19c9-41e6-be66-37869bd26583,1.784028243999148
e9e0f26d-3005-436a-a70f-7d99977808c8_1359-76,2,1,1,4,e9e0f26d-3005-436a-a70f-7d99977808c8,-0.5336954597653688
e9e0f26d-3005-436a-a70f-7d99977808c8_1362-45,3,1,1,4,e9e0f26d-3005-436a-a70f-7d99977808c8,0.9474176108828489
e9e0f26d-3005-436a-a70f-7d99977808c8_1554-09,0,0,0,4,e9e0f26d-3005-436a-a70f-7d99977808c8,-0.31598646623648674
e9e0f26d-3005-436a-a70f-7d99977808c8_1690-81,3,1,1,4,e9e0f26d-3005-436a-a70f-7d99977808c8,1.5714043125600279
e9ea573a-3972-48ea-b946-6cb069497bab_1785-52,1,0,0,4,e9ea573a-3972-48ea-b946-6cb069497bab,0.9269775165712957
ea1818bb-a882-4de4-9e31-993f4cb98aa1_1361-82,2,1,1,2,ea1818bb-a882-4de4-9e31-993f4cb98aa1,0.044491566242219005
ea1818bb-a882-4de4-9e31-993f4cb98aa1_1362-76,0,1,1,2,ea1818bb-a882-4de4-9e31-993f4cb98aa1,0.44035859521166626
ea1818bb-a882-4de4-9e31-993f4cb98aa1_622-65,0,1,1,2,ea1818bb-a882-4de4-9e31-993f4cb98aa1,1.681613305441475
ea417823-8ca0-417c-8901-114fa4f2d47f_254-62,2,1,1,3,ea417823-8ca0-417c-8901-114fa4f2d47f,1.215032022653523
ea417823-8ca0-417c-8901-114fa4f2d47f_258-70,1,0,0,3,ea417823-8ca0-417c-8901-114fa4f2d47f,0.09669718209262501
ea5bb387-a22a-4b49-8aa5-35cbf0d3563d_205-22,0,0,0,2,ea5bb387-a22a-4b49-8aa5-35cbf0d3563d,0.34043154272209825
ea5bb387-a22a-4b49-8aa5-35cbf0d3563d_32-89,0,1,1,2,ea5bb387-a22a-4b49-8aa5-35cbf0d3563d,-0.18827724854540573
eaa560d5-6432-4030-a03a-b6ba512e621d_61-64,0,0,0,4,eaa560d5-6432-4030-a03a-b6ba512e621d,0.3441884415910185
eabf19d3-4e52-4aee-8f14-5118626a078f_778-52,3,1,1,1,eabf19d3-4e52-4aee-8f14-5118626a078f,1.9453852133250176
eb20bebd-41e5-4a02-aa7e-73d3da5bc97e_1106-81,0,1,1,2,eb20bebd-41e5-4a02-aa7e-73d3da5bc97e,1.2852503307948988
eb20bebd-41e5-4a02-aa7e-73d3da5bc97e_1223-78,1,1,1,2,eb20bebd-41e5-4a02-aa7e-73d3da5bc97e,0.9405314954660422
eb20bebd-41e5-4a02-aa7e-73d3da5bc97e_1253-80,1,1,1,2,eb20bebd-41e5-4a02-aa7e-73d3da5bc97e,0.5798489230573294
eb20bebd-41e5-4a02-aa7e-73d3da5bc97e_1624-37,1,1,1,2,eb20bebd-41e5-4a02-aa7e-73d3da5bc97e,1.6645384930438738
eb20bebd-41e5-4a02-aa7e-73d3da5bc97e_275-45,3,0,0,2,eb20bebd-41e5-4a02-aa7e-73d3da5bc97e,0.5049374515253064
eb20bebd-41e5-4a02-aa7e-73d3da5bc97e_389-33,2,0,0,2,eb20bebd-41e5-4a02-aa7e-73d3da5bc97e,0.9862532364592382
eb20bebd-41e5-4a02-aa7e-73d3da5bc97e_68-58,2,0,0,2,eb20bebd-41e5-4a02-aa7e-73d3da5bc97e,0.29201890483602483
eb20bebd-41e5-4a02-aa7e-73d3da5bc97e_70-42,1,1,1,2,eb20bebd-41e5-4a02-aa7e-73d3da5bc97e,1.2958596821795796
eb2c9739-dba0-479c-81b7-9dda51c4ac20_1388-02,1,1,1,1,eb2c9739-dba0-479c-81b7-9dda51c4ac20,-0.04238916220502115
eb2c9739-dba0-479c-81b7-9dda51c4ac20_1465-40,3,0,0,1,eb2c9739-dba0-479c-81b7-9dda51c4ac20,0.25321026486658327
eb2c9739-dba0-479c-81b7-9dda51c4ac20_148-23,0,1,1,1,eb2c9739-dba0-479c-81b7-9dda51c4ac20,0.15101611631807632
eb2c9739-dba0-479c-81b7-9dda51c4ac20_1679-45,3,1,1,1,eb2c9739-dba0-479c-81b7-9dda51c4ac20,0.5720745002937824
eb2c9739-dba0-479c-81b7-9dda51c4ac20_249-20,0,1,1,1,eb2c9739-dba0-479c-81b7-9dda51c4ac20,1.103379428987275
eb2c9739-dba0-479c-81b7-9dda51c4ac20_275-35,1,1,1,1,eb2c9739-dba0-479c-81b7-9dda51c4ac20,0.09152173808992181
eb575f9b-6a52-45fb-98d8-5e9dbdd8dd63_703-22,0,1,1,0,eb575f9b-6a52-45fb-98d8-5e9dbdd8dd63,0.8508505365853152
eb5cb2b0-59e6-45da-af1b-ba86c7ab0b54_1263-17,1,1,1,1,eb5cb2b0-59e6-45da-af1b-ba86c7ab0b54,0.353400391371531
eb5cb2b0-59e6-45da-af1b-ba86c7ab0b54_705-79,1,1,1,1,eb5cb2b0-59e6-45da-af1b-ba86c7ab0b54,0.5674387401307148
eb5cb2b0-59e6-45da-af1b-ba86c7ab0b54_824-48,2,1,1,1,eb5cb2b0-59e6-45da-af1b-ba86c7ab0b54,0.17831917425497468
eb5cb2b0-59e6-45da-af1b-ba86c7ab0b54_922-64,0,0,0,1,eb5cb2b0-59e6-45da-af1b-ba86c7ab0b54,0.3716001132249599
eb81442c-a322-49ea-b243-a39d2e288b9b_414-51,1,1,1,4,eb81442c-a322-49ea-b243-a39d2e288b9b,1.2000906966287201
eb81442c-a322-49ea-b243-a39d2e288b9b_838-90,3,1,1,4,eb81442c-a322-49ea-b243-a39d2e288b9b,1.0535489917641454
ec02ed27-b697-44b0-ae18-a9275205bfee_9-72,0,1,1,4,ec02ed27-b697-44b0-ae18-a9275205bfee,1.0437265238587945
ec3556de-be79-4ad4-aa0f-eaca48abb5d5_547-69,1,0,0,2,ec3556de-be79-4ad4-aa0f-eaca48abb5d5,0.012139539501695051
ec75d692-c261-4df5-9939-b0edfaa309a5_1168-60,0,1,1,1,ec75d692-c261-4df5-9939-b0edfaa309a5,1.6031405320481822
ec85a806-d47f-4555-8c4c-20f59927e580_1424-09,0,0,0,0,ec85a806-d47f-4555-8c4c-20f59927e580,-0.5604733590924054
ec85a806-d47f-4555-8c4c-20f59927e580_1435-56,2,0,0,0,ec85a806-d47f-4555-8c4c-20f59927e580,0.5564340854676582
ec85a806-d47f-4555-8c4c-20f59927e580_3835-48,0,1,1,0,ec85a806-d47f-4555-8c4c-20f59927e580,0.4797563210191567
ec85a806-d47f-4555-8c4c-20f59927e580_909-71,0,0,0,0,ec85a806-d47f-4555-8c4c-20f59927e580,0.10099591417434445
ec86fee5-ee10-46c5-b835-07c8a8d9651e_362-34,2,1,1,0,ec86fee5-ee10-46c5-b835-07c8a8d9651e,0.5253913484127573
ecdc4071-1903-4024-a357-d0082720168e_107-60,1,1,1,0,ecdc4071-1903-4024-a357-d0082720168e,-0.027514776223920845
ecdc4071-1903-4024-a357-d0082720168e_115-49,1,1,1,0,ecdc4071-1903-4024-a357-d0082720168e,-0.1958004417389131
ecdc4071-1903-4024-a357-d0082720168e_125-53,3,0,0,0,ecdc4071-1903-4024-a357-d0082720168e,0.08431729373480795
ecdc4071-1903-4024-a357-d0082720168e_295-94,2,1,1,0,ecdc4071-1903-4024-a357-d0082720168e,-0.08913331727587381
ecdc4071-1903-4024-a357-d0082720168e_3-20,1,0,0,0,ecdc4071-1903-4024-a357-d0082720168e,0.7325472565232949
ecdc4071-1903-4024-a357-d0082720168e_44-12,2,1,1,0,ecdc4071-1903-4024-a357-d0082720168e,0.13355186380452327
ecdc4071-1903-4024-a357-d0082720168e_454-42,3,0,0,0,ecdc4071-1903-4024-a357-d0082720168e,-0.540271978582015
ed027cb2-5b92-4de2-ab58-69d42325ef15_1281-72,0,1,1,3,ed027cb2-5b92-4de2-ab58-69d42325ef15,1.4481162917986639
ed027cb2-5b92-4de2-ab58-69d42325ef15_266-43,0,0,0,3,ed027cb2-5b92-4de2-ab58-69d42325ef15,0.2804378090017092
ed027cb2-5b92-4de2-ab58-69d42325ef15_890-73,1,0,0,3,ed027cb2-5b92-4de2-ab58-69d42325ef15,1.3688079395541877
ed027cb2-5b92-4de2-ab58-69d42325ef15_965-69,0,1,1,3,ed027cb2-5b92-4de2-ab58-69d42325ef15,-0.0746356574146485
ed31f134-b3f0-4f50-b8ae-d956b2f9ccfd_2025-02,0,1,1,4,ed31f134-b3f0-4f50-b8ae-d956b2f9ccfd,-0.4262846119793236
ed792c47-5cb3-427c-a0e9-5dac33456e6a_1026-89,3,1,1,2,ed792c47-5cb3-427c-a0e9-5dac33456e6a,0.3081026750229115
ed792c47-5cb3-427c-a0e9-5dac33456e6a_3277-79,2,1,1,2,ed792c47-5cb3-427c-a0e9-5dac33456e6a,0.15598886398995432
ed792c47-5cb3-427c-a0e9-5dac33456e6a_3373-63,3,0,0,2,ed792c47-5cb3-427c-a0e9-5dac33456e6a,-0.20138215204174736
ed792c47-5cb3-427c-a0e9-5dac33456e6a_38-58,1,1,1,2,ed792c47-5cb3-427c-a0e9-5dac33456e6a,-0.13173772953757118
ed792c47-5cb3-427c-a0e9-5dac33456e6a_662-64,3,0,0,2,ed792c47-5cb3-427c-a0e9-5dac33456e6a,-0.4211291659182463
ed792c47-5cb3-427c-a0e9-5dac33456e6a_968-42,3,1,1,2,ed792c47-5cb3-427c-a0e9-5dac33456e6a,-0.16749616809212342
edaf03e3-3021-4140-8434-dc9e744ae492_178-18,2,0,0,3,edaf03e3-3021-4140-8434-dc9e744ae492,0.3535063259175444
edd0cb68-87be-4cfe-9f2d-b0b64ea8d3e2_2291-45,0,0,0,4,edd0cb68-87be-4cfe-9f2d-b0b64ea8d3e2,0.7743317258082743
edd0cb68-87be-4cfe-9f2d-b0b64ea8d3e2_4865-28,2,1,1,4,edd0cb68-87be-4cfe-9f2d-b0b64ea8d3e2,1.9806881174329318
ede3176b-2e12-4d2d-b9e2-40a2c4e93916_78-06,0,1,1,2,ede3176b-2e12-4d2d-b9e2-40a2c4e93916,-0.2719943363218799
ee1eea29-aaad-41a4-b299-c72ed26c9da5_801-68,2,1,1,1,ee1eea29-aaad-41a4-b299-c72ed26c9da5,1.1939523924326114
ee3c00d5-9759-43b3-9116-3375227aadfd_15-30,1,1,1,0,ee3c00d5-9759-43b3-9116-3375227aadfd,0.7055977269276026
ee708878-5d10-4bf3-bd8a-6d72d5cceca6_570-90,3,0,0,4,ee708878-5d10-4bf3-bd8a-6d72d5cceca6,0.09475795015998228
eea4b231-055e-4c4e-8f95-8dd043601da6_1144-34,1,0,0,3,eea4b231-055e-4c4e-8f95-8dd043601da6,-0.050706212218190105
eefcde42-5ea1-4a85-9f34-72c3ceca50f6_817-78,0,1,1,1,eefcde42-5ea1-4a85-9f34-72c3ceca50f6,0.9795980482063378
ef641454-94d5-4fe4-bf21-710144143967_723-67,3,1,1,0,ef641454-94d5-4fe4-bf21-710144143967,0.5300329940240776
ef641454-94d5-4fe4-bf21-710144143967_760-02,3,1,1,0,ef641454-94d5-4fe4-bf21-710144143967,0.2567262061894177
f0041c6c-06b2-4c3b-b8e6-934305b4226e_3757-69,0,1,1,1,f0041c6c-06b2-4c3b-b8e6-934305b4226e,-0.08626355828203475
f0041c6c-06b2-4c3b-b8e6-934305b4226e_6185-52,4,1,1,1,f0041c6c-06b2-4c3b-b8e6-934305b4226e,1.3392088915021814
f0041c6c-06b2-4c3b-b8e6-934305b4226e_6269-35,0,1,1,1,f0041c6c-06b2-4c3b-b8e6-934305b4226e,2.83296235548953
f00ec54c-9ed4-4a23-9cd7-f8728cb9d6c7_1080-52,0,1,1,3,f00ec54c-9ed4-4a23-9cd7-f8728cb9d6c7,0.2287061282798557
f00ec54c-9ed4-4a23-9cd7-f8728cb9d6c7_1322-65,0,1,1,3,f00ec54c-9ed4-4a23-9cd7-f8728cb9d6c7,1.8299483271361638
f0b8d19e-28c0-4d11-bb2d-5c6576eb7dcb_138-10,1,0,0,3,f0b8d19e-28c0-4d11-bb2d-5c6576eb7dcb,0.1488555242870001
f0b8d19e-28c0-4d11-bb2d-5c6576eb7dcb_67-04,1,1,1,3,f0b8d19e-28c0-4d11-bb2d-5c6576eb7dcb,0.7369718261353873
f1253f94-69c2-4f65-b8dc-e0f24c7677b4_1541-37,2,1,1,0,f1253f94-69c2-4f65-b8dc-e0f24c7677b4,0.11059113464622089
f17f0d96-4d93-4e4b-83c5-fddfbc581bb3_963-95,0,0,0,0,f17f0d96-4d93-4e4b-83c5-fddfbc581bb3,0.9572272863562028
f1b5ae1e-742c-4802-9e61-ff8aae83e12e_459-05,3,0,0,4,f1b5ae1e-742c-4802-9e61-ff8aae83e12e,0.3182262827375905
f1f8d17c-3d2a-4a2a-9482-0a8e385e77ae_365-24,0,0,0,3,f1f8d17c-3d2a-4a2a-9482-0a8e385e77ae,1.4793383323851792
f2017e02-2e5b-419c-8216-5a256a925c68_269-97,2,1,1,2,f2017e02-2e5b-419c-8216-5a256a925c68,0.7406563849066596
f22115b5-b9be-4e30-8576-7c1fcecec480_12-52,3,1,1,1,f22115b5-b9be-4e30-8576-7c1fcecec480,-0.3440192857526905
f22115b5-b9be-4e30-8576-7c1fcecec480_21-27,3,1,1,1,f22115b5-b9be-4e30-8576-7c1fcecec480,0.009216408614231897
f2420e55-e559-40e1-9c96-863c6be763fd_1649-73,1,1,1,1,f2420e55-e559-40e1-9c96-863c6be763fd,0.6707400313799137
f246429f-404e-4023-9b82-bfe6bf1e50cd_78-11,0,1,1,0,f246429f-404e-4023-9b82-bfe6bf1e50cd,0.5116752911628337
f26eb8a6-2ac4-4aa4-a500-1e738d8c8b13_1596-52,0,1,1,4,f26eb8a6-2ac4-4aa4-a500-1e738d8c8b13,-0.09726800676712272
f330e671-6ad4-49d4-8d59-e2493119ac43_8211-68,3,1,1,4,f330e671-6ad4-49d4-8d59-e2493119ac43,0.5536590595211526
f330e671-6ad4-49d4-8d59-e2493119ac43_9479-43,3,1,1,4,f330e671-6ad4-49d4-8d59-e2493119ac43,0.15192849869559538
f374039b-7f08-4dc3-af64-4e9ff61db531_2262-81,0,0,0,1,f374039b-7f08-4dc3-af64-4e9ff61db531,-0.5456671482020163
f374039b-7f08-4dc3-af64-4e9ff61db531_425-13,0,0,0,1,f374039b-7f08-4dc3-af64-4e9ff61db531,1.5339638282128636
f3c557d2-1170-4979-9a70-96d9b51fa987_228-25,2,1,1,0,f3c557d2-1170-4979-9a70-96d9b51fa987,0.8322598230466813
f3c557d2-1170-4979-9a70-96d9b51fa987_265-90,0,0,0,0,f3c557d2-1170-4979-9a70-96d9b51fa987,0.2857583349761818
f488287d-ea74-4836-9ea4-e137ac6c8233_333-32,2,1,1,3,f488287d-ea74-4836-9ea4-e137ac6c8233,0.7035078975661984
f51552ce-3d91-448c-8770-9800a6b5aa50_1666-29,1,1,1,2,f51552ce-3d91-448c-8770-9800a6b5aa50,1.1285289416186932
f543a47a-c081-481b-a415-cfe732ad74fe_1737-03,1,1,1,1,f543a47a-c081-481b-a415-cfe732ad74fe,0.20085688283049807
f576f1bf-5433-488b-8833-8320f087e72b_48-29,1,1,1,3,f576f1bf-5433-488b-8833-8320f087e72b,0.11230410364826826
f5778003-9aea-4ca0-9398-69299ba0331c_124-11,2,0,0,2,f5778003-9aea-4ca0-9398-69299ba0331c,-0.6326518573906239
f58900c3-5747-447c-9fa2-04c608e7f40a_18-05,3,0,0,0,f58900c3-5747-447c-9fa2-04c608e7f40a,-0.3686279580252953
f58900c3-5747-447c-9fa2-04c608e7f40a_18-07,2,1,1,0,f58900c3-5747-447c-9fa2-04c608e7f40a,-0.5135885698580317
f5ac654b-8f39-427b-856f-4a9a2d4a3020_9-20,0,0,0,4,f5ac654b-8f39-427b-856f-4a9a2d4a3020,0.3516204316504303
f5accd2a-0799-4345-9e0d-eb8d87a677a4_1449-87,1,1,1,3,f5accd2a-0799-4345-9e0d-eb8d87a677a4,0.4864134528534264
f5bdefb3-f57c-4270-bf31-7939ecd45c86_1289-58,1,0,0,2,f5bdefb3-f57c-4270-bf31-7939ecd45c86,0.8053857001523235
f5bdefb3-f57c-4270-bf31-7939ecd45c86_1324-59,1,0,0,2,f5bdefb3-f57c-4270-bf31-7939ecd45c86,0.5341267113122239
f5bdefb3-f57c-4270-bf31-7939ecd45c86_1815-24,0,0,0,2,f5bdefb3-f57c-4270-bf31-7939ecd45c86,0.5469655053099438
f5bdefb3-f57c-4270-bf31-7939ecd45c86_2347-29,1,0,0,2,f5bdefb3-f57c-4270-bf31-7939ecd45c86,-0.005826067062979612
f5bdefb3-f57c-4270-bf31-7939ecd45c86_788-76,3,0,0,2,f5bdefb3-f57c-4270-bf31-7939ecd45c86,0.39670942670531956
f62011c7-dd9b-4dd7-abbb-d4cb891c388e_1080-00,1,1,1,3,f62011c7-dd9b-4dd7-abbb-d4cb891c388e,0.5371544904463471
f668b2c9-d376-411b-96e5-7d7379fae824_107-18,0,1,1,1,f668b2c9-d376-411b-96e5-7d7379fae824,1.0315758925737692
f668b2c9-d376-411b-96e5-7d7379fae824_151-21,1,1,1,1,f668b2c9-d376-411b-96e5-7d7379fae824,0.6060429718178786
f6da4761-4774-4e05-bb2a-beca6db68f51_2233-75,3,1,1,2,f6da4761-4774-4e05-bb2a-beca6db68f51,0.27657894467138494
f6da4761-4774-4e05-bb2a-beca6db68f51_4196-85,3,1,1,2,f6da4761-4774-4e05-bb2a-beca6db68f51,0.6598306100385605
f7148e30-2ded-4d14-a8bb-f50813da26df_84-22,0,1,1,2,f7148e30-2ded-4d14-a8bb-f50813da26df,-0.47551538449453784
f77f437c-4e60-43ef-a5e1-ce3881409455_1543-97,1,0,0,1,f77f437c-4e60-43ef-a5e1-ce3881409455,0.22596902168960709
f7d99eca-11d5-4d45-8d60-695c3cb2f07c_431-32,0,1,1,0,f7d99eca-11d5-4d45-8d60-695c3cb2f07c,1.831900807517201
f8c9dee9-a82f-46e8-9cd5-9380e197ac25_28-43,1,0,0,4,f8c9dee9-a82f-46e8-9cd5-9380e197ac25,0.3445998721284566
f965d286-b521-402f-9a0e-c73b49e9806e_1758-84,0,1,1,0,f965d286-b521-402f-9a0e-c73b49e9806e,0.08696997151210656
f965d286-b521-402f-9a0e-c73b49e9806e_32-71,2,1,1,0,f965d286-b521-402f-9a0e-c73b49e9806e,0.02224330111139311
f9a49dfd-e6f1-4827-9903-73a562ab32cd_444-64,3,0,0,3,f9a49dfd-e6f1-4827-9903-73a562ab32cd,-0.21020792409869185
f9c337af-fdf9-4737-b4c2-c5f68cd18d6a_553-83,2,1,1,2,f9c337af-fdf9-4737-b4c2-c5f68cd18d6a,1.23628023876674
fa35a547-13b5-4355-873c-322c1860349a_1250-17,1,0,0,4,fa35a547-13b5-4355-873c-322c1860349a,-0.09853827743183086
fa35a547-13b5-4355-873c-322c1860349a_128-66,4,1,1,4,fa35a547-13b5-4355-873c-322c1860349a,1.784673821974614
fa35a547-13b5-4355-873c-322c1860349a_166-55,1,1,1,4,fa35a547-13b5-4355-873c-322c1860349a,0.001248280739725549
fa53388f-58ab-41a8-9f0d-55407cae3973_757-23,1,1,1,1,fa53388f-58ab-41a8-9f0d-55407cae3973,0.6220773378732871
fab481c0-842c-4536-9126-9dc375464685_728-84,3,1,1,0,fab481c0-842c-4536-9126-9dc375464685,0.1976904476276657
facdbd7a-da79-48bd-9bb0-c866f675699b_1484-63,2,0,0,4,facdbd7a-da79-48bd-9bb0-c866f675699b,1.3141420124086691
fb8a0650-986c-4c08-9d97-ac432cca424e_70-34,1,0,0,2,fb8a0650-986c-4c08-9d97-ac432cca424e,0.5983573641875852
fb92d350-9bf9-4b16-8a1f-7858de276226_1246-08,0,1,1,1,fb92d350-9bf9-4b16-8a1f-7858de276226,2.1481038251571327
fb92d350-9bf9-4b16-8a1f-7858de276226_2190-65,0,1,1,1,fb92d350-9bf9-4b16-8a1f-7858de276226,0.992333372411371
fb92d350-9bf9-4b16-8a1f-7858de276226_2422-37,0,1,1,1,fb92d350-9bf9-4b16-8a1f-7858de276226,1.6062739026048187
fb92d350-9bf9-4b16-8a1f-7858de276226_2423-62,2,1,1,1,fb92d350-9bf9-4b16-8a1f-7858de276226,1.3281576835114455
fb92d350-9bf9-4b16-8a1f-7858de276226_2438-10,0,0,0,1,fb92d350-9bf9-4b16-8a1f-7858de276226,-0.30817638151619
fb92d350-9bf9-4b16-8a1f-7858de276226_32-25,3,1,1,1,fb92d350-9bf9-4b16-8a1f-7858de276226,1.9198858499056213
fb92d350-9bf9-4b16-8a1f-7858de276226_540-00,0,0,0,1,fb92d350-9bf9-4b16-8a1f-7858de276226,1.077897449211419
fb92d350-9bf9-4b16-8a1f-7858de276226_561-78,0,0,0,1,fb92d350-9bf9-4b16-8a1f-7858de276226,0.3020967007761257
fb92d350-9bf9-4b16-8a1f-7858de276226_599-33,1,0,0,1,fb92d350-9bf9-4b16-8a1f-7858de276226,1.11720743338522
fb92d350-9bf9-4b16-8a1f-7858de276226_603-23,2,0,0,1,fb92d350-9bf9-4b16-8a1f-7858de276226,0.7592618678227696
fb92d350-9bf9-4b16-8a1f-7858de276226_625-71,2,0,0,1,fb92d350-9bf9-4b16-8a1f-7858de276226,0.0895150103101241
fb92d350-9bf9-4b16-8a1f-7858de276226_688-12,2,0,0,1,fb92d350-9bf9-4b16-8a1f-7858de276226,0.979644634384538
fb9fda68-f264-465d-9208-19876f5ef90f_63-03,2,0,0,3,fb9fda68-f264-465d-9208-19876f5ef90f,0.12540617214812066
fb9fda68-f264-465d-9208-19876f5ef90f_887-23,0,1,1,3,fb9fda68-f264-465d-9208-19876f5ef90f,0.9440240667504218
fbc425c4-def6-49a7-8b88-5d5d00b5524e_278-29,0,0,0,1,fbc425c4-def6-49a7-8b88-5d5d00b5524e,-0.013319034448936562
fc0450d5-00cd-4d55-9a8e-68628c38ddd2_87-11,0,0,0,1,fc0450d5-00cd-4d55-9a8e-68628c38ddd2,-0.24243758187109676
fc201765-9b2e-4bb3-8ca0-84bd1732fd40_335-09,2,1,1,0,fc201765-9b2e-4bb3-8ca0-84bd1732fd40,0.15798057942675542
fcb62109-9f54-42d7-9ecd-7a60817868dc_663-41,0,0,0,4,fcb62109-9f54-42d7-9ecd-7a60817868dc,0.2513815905012113
fcc14fe4-35e1-4854-b368-4541ae7bcf58_1063-13,0,0,0,3,fcc14fe4-35e1-4854-b368-4541ae7bcf58,0.017210160344376724
fd2ae8b4-b683-4c4b-935c-78b4dadbdbf8_2447-28,0,1,1,3,fd2ae8b4-b683-4c4b-935c-78b4dadbdbf8,1.0812404801441104
fd2ae8b4-b683-4c4b-935c-78b4dadbdbf8_2975-44,0,1,1,3,fd2ae8b4-b683-4c4b-935c-78b4dadbdbf8,0.9416184225130082
fd2ae8b4-b683-4c4b-935c-78b4dadbdbf8_3041-68,0,1,1,3,fd2ae8b4-b683-4c4b-935c-78b4dadbdbf8,0.9244127297176727
fd2ae8b4-b683-4c4b-935c-78b4dadbdbf8_3860-90,3,1,1,3,fd2ae8b4-b683-4c4b-935c-78b4dadbdbf8,1.4319705734505117
fd2ae8b4-b683-4c4b-935c-78b4dadbdbf8_4020-41,0,1,1,3,fd2ae8b4-b683-4c4b-935c-78b4dadbdbf8,0.9281824666163923
fd2ae8b4-b683-4c4b-935c-78b4dadbdbf8_4100-48,1,1,1,3,fd2ae8b4-b683-4c4b-935c-78b4dadbdbf8,1.061871117028093
fd2ae8b4-b683-4c4b-935c-78b4dadbdbf8_4288-89,1,1,1,3,fd2ae8b4-b683-4c4b-935c-78b4dadbdbf8,0.7256487507711404
fd2ae8b4-b683-4c4b-935c-78b4dadbdbf8_565-30,2,1,1,3,fd2ae8b4-b683-4c4b-935c-78b4dadbdbf8,0.8149414762194627
fd2ae8b4-b683-4c4b-935c-78b4dadbdbf8_966-80,2,1,1,3,fd2ae8b4-b683-4c4b-935c-78b4dadbdbf8,1.4108505565553868
fdbe0fbc-90a3-41b9-8898-a0c7ce3f966c_672-30,3,0,0,3,fdbe0fbc-90a3-41b9-8898-a0c7ce3f966c,1.7382502094819636
fdbe0fbc-90a3-41b9-8898-a0c7ce3f966c_696-68,0,0,0,3,fdbe0fbc-90a3-41b9-8898-a0c7ce3f966c,0.9491353596771974
fdc39d01-44cb-431a-96a1-558ebf4c15ae_933-99,3,1,1,2,fdc39d01-44cb-431a-96a1-558ebf4c15ae,0.7463208131389711
fdfa65a5-9d90-4d27-8667-cd2c511614e3_513-55,3,1,1,1,fdfa65a5-9d90-4d27-8667-cd2c511614e3,2.07651990314047
fdfa65a5-9d90-4d27-8667-cd2c511614e3_70-13,0,0,0,1,fdfa65a5-9d90-4d27-8667-cd2c511614e3,2.6376787273921978
fe0b10e2-7fbb-4abc-ab5f-87ffaef34b3f_111-04,1,0,0,1,fe0b10e2-7fbb-4abc-ab5f-87ffaef34b3f,0.7031932788421837
fe0d5ffc-686e-4846-bce0-1a18e513bf95_2543-03,0,1,1,3,fe0d5ffc-686e-4846-bce0-1a18e513bf95,1.2593541032225641
fe0d5ffc-686e-4846-bce0-1a18e513bf95_483-81,3,1,1,3,fe0d5ffc-686e-4846-bce0-1a18e513bf95,1.0392931352235204
fe231042-6163-48cc-a1c4-1d1163b0a440_494-51,1,1,1,0,fe231042-6163-48cc-a1c4-1d1163b0a440,0.7478713827938879
fe827643-62c3-4cb9-b009-7ed43731c9bd_0-00,3,1,1,1,fe827643-62c3-4cb9-b009-7ed43731c9bd,0.6043663473580723
fe827643-62c3-4cb9-b009-7ed43731c9bd_273-13,2,1,1,1,fe827643-62c3-4cb9-b009-7ed43731c9bd,0.7528139161135592
fec2a5e2-615f-46b3-a320-b8741c2b6365_562-48,0,1,1,4,fec2a5e2-615f-46b3-a320-b8741c2b6365,0.9735969029141354
fec31c20-1910-4ab1-afc5-6aa3057a45f5_381-77,0,1,1,0,fec31c20-1910-4ab1-afc5-6aa3057a45f5,1.245611830299712
fec31c20-1910-4ab1-afc5-6aa3057a45f5_810-30,3,1,1,0,fec31c20-1910-4ab1-afc5-6aa3057a45f5,2.7744815302365167
fec31c20-1910-4ab1-afc5-6aa3057a45f5_825-86,3,0,0,0,fec31c20-1910-4ab1-afc5-6aa3057a45f5,0.26090731425720487
ff15140a-4747-4c45-b95f-ff2bd36ef178_1065-69,0,0,0,3,ff15140a-4747-4c45-b95f-ff2bd36ef178,0.34608481441122385
ff425cc6-7577-444b-b6f7-e250c22a1ed5_831-75,1,1,1,2,ff425cc6-7577-444b-b6f7-e250c22a1ed5,0.3333259298548254
ffa4f27f-4e66-4b8c-ba6a-9a94f3491eb6_1093-00,3,1,1,2,ffa4f27f-4e66-4b8c-ba6a-9a94f3491eb6,0.5689388780826814
fffbaeef-577f-45f0-baa9-f10cabf62dfb_278-37,2,0,0,3,fffbaeef-577f-45f0-baa9-f10cabf62dfb,-0.038866218503385175
