item,idx,correct,outcome,fold,group,score
01111831-9107-43c4-bf0e-6b26e9b32a2b_1351-09,0,0,0,2,01111831-9107-43c4-bf0e-6b26e9b32a2b,0.4643340343445983
01ccf6b0-5e95-4b18-acd4-a8cc1fd31ddf_248-81,2,0,0,2,01ccf6b0-5e95-4b18-acd4-a8cc1fd31ddf,0.6046039646254318
01ccf6b0-5e95-4b18-acd4-a8cc1fd31ddf_849-71,0,1,1,2,01ccf6b0-5e95-4b18-acd4-a8cc1fd31ddf,-0.05501007869529345
01d301c9-9dbf-4da2-9181-d66a6688f5e6_817-64,1,0,0,2,01d301c9-9dbf-4da2-9181-d66a6688f5e6,0.3688123333533083
01db7c39-a512-4bac-b284-dff8c7360e80_385-35,3,0,0,3,01db7c39-a512-4bac-b284-dff8c7360e80,0.2919518588449559
01ef2c24-ab95-46c0-a76a-7ec2f66aa5df_978-48,0,1,1,0,01ef2c24-ab95-46c0-a76a-7ec2f66aa5df,0.3445109937152273
01f9f9d6-2871-4913-99ea-8ffb7780fc8d_1491-41,3,0,0,4,01f9f9d6-2871-4913-99ea-8ffb7780fc8d,0.7361137651764866
0235dafb-ec68-4177-8aff-e36d6c63742d_15-76,2,0,0,2,0235dafb-ec68-4177-8aff-e36d6c63742d,0.4504221649834508
02ca6897-bf08-4cfb-bbc7-7810dbf5cca2_2974-75,1,0,0,4,02ca6897-bf08-4cfb-bbc7-7810dbf5cca2,0.4970063391133954
031314bd-fa48-42ef-8341-bc5ca17f6a4a_1127-31,1,1,1,1,031314bd-fa48-42ef-8341-bc5ca17f6a4a,0.2986202722486664
033520cd-e7e4-4649-b551-83bb451a4802_382-12,2,0,0,0,033520cd-e7e4-4649-b551-83bb451a4802,0.12339242820067961
03ca4970-374e-4901-9895-81f262c0da5c_817-27,3,0,0,3,03ca4970-374e-4901-9895-81f262c0da5c,0.15267055427685386
03d6e9bf-389a-4828-bf82-0ef6decf7671_900-77,1,0,0,2,03d6e9bf-389a-4828-bf82-0ef6decf7671,0.9513354768530431
03f5b0be-94ac-4d22-9c30-7bf0456ccf0e_1279-00,3,1,1,4,03f5b0be-94ac-4d22-9c30-7bf0456ccf0e,0.37929902263469306
03fb98b9-e732-4265-a2a3-9809183acaa7_1123-20,1,0,0,3,03fb98b9-e732-4265-a2a3-9809183acaa7,0.20434599804662731
044a7a23-9305-4971-82ac-aa1a3dc154be_214-77,0,0,0,1,044a7a23-9305-4971-82ac-aa1a3dc154be,0.24623245625795429
046855d7-41d7-4f41-a6a7-fce921ea8133_335-77,2,0,0,0,046855d7-41d7-4f41-a6a7-fce921ea8133,0.5154998389123299
0475a0b9-9445-4083-8c6a-42f0171ff3e4_1943-55,0,0,0,4,0475a0b9-9445-4083-8c6a-42f0171ff3e4,0.07889384791191845
048d34c9-bf3f-4dd9-9da2-5f7da60ac2c8_955-97,3,0,0,1,048d34c9-bf3f-4dd9-9da2-5f7da60ac2c8,0.15777889198092857
04b2f7a8-1d95-43c2-8b3b-8053b22dda52_810-37,2,0,0,4,04b2f7a8-1d95-43c2-8b3b-8053b22dda52,0.042108090056058284
053ae0a6-937d-4bdc-8001-d3dfe7899811_1085-52,3,0,0,1,053ae0a6-937d-4bdc-8001-d3dfe7899811,0.8748648922892086
0548b16c-cc3f-475d-82a4-9a73109d4327_1779-11,3,0,0,4,0548b16c-cc3f-475d-82a4-9a73109d4327,0.21499404331855096
05d5d7cf-9fb9-4390-bcd3-dd626b948771_1543-50,2,1,1,2,05d5d7cf-9fb9-4390-bcd3-dd626b948771,0.607616585831533
0619c3d0-aebe-4414-b977-f2027271b267_279-15,3,0,0,0,0619c3d0-aebe-4414-b977-f2027271b267,0.6186766126514341
0619c3d0-aebe-4414-b977-f2027271b267_566-56,4,1,1,0,0619c3d0-aebe-4414-b977-f2027271b267,1.252502273122399
0655e194-9ddc-41c4-9708-7e6c7a256fa0_300-01,3,0,0,2,0655e194-9ddc-41c4-9708-7e6c7a256fa0,0.21161791250522619
0696265e-aba2-401b-9316-c380c30c901e_540-96,0,0,0,2,0696265e-aba2-401b-9316-c380c30c901e,0.8125718571752603
0696265e-aba2-401b-9316-c380c30c901e_878-07,3,0,0,2,0696265e-aba2-401b-9316-c380c30c901e,1.0652879790146323
069c1058-881d-49da-b45d-b9f7e08fe932_1164-27,3,1,1,1,069c1058-881d-49da-b45d-b9f7e08fe932,0.3973813868728231
069c1058-881d-49da-b45d-b9f7e08fe932_2408-86,2,0,0,1,069c1058-881d-49da-b45d-b9f7e08fe932,0.11999165932721137
069c1058-881d-49da-b45d-b9f7e08fe932_475-96,2,0,0,1,069c1058-881d-49da-b45d-b9f7e08fe932,0.2230458069412319
06cf946b-4713-4ca2-addf-55ce95a26d98_1071-13,2,0,0,3,06cf946b-4713-4ca2-addf-55ce95a26d98,0.41213748857927024
06ee22fd-ecfc-4e34-9ed2-a330548abf71_519-15,0,0,0,3,06ee22fd-ecfc-4e34-9ed2-a330548abf71,0.13357487944306626
070776bf-f15a-4b6e-a906-d1ef9e132592_598-54,0,0,0,2,070776bf-f15a-4b6e-a906-d1ef9e132592,0.11760252211698688
072623e8-1889-4580-8175-ddc05a3dceb3_11-40,0,0,0,4,072623e8-1889-4580-8175-ddc05a3dceb3,0.27998458508392077
072623e8-1889-4580-8175-ddc05a3dceb3_89-78,3,1,1,4,072623e8-1889-4580-8175-ddc05a3dceb3,0.07766291687668969
07536df6-9813-42d9-93df-35835407d8ee_170-76,1,1,1,4,07536df6-9813-42d9-93df-35835407d8ee,-0.4140210900365078
078634f1-0e81-455d-b771-3d35b65a2645_411-53,3,1,1,0,078634f1-0e81-455d-b771-3d35b65a2645,0.6894060172136462
07ad0112-22da-4f0e-be4f-2debe7fec15c_608-22,0,0,0,2,07ad0112-22da-4f0e-be4f-2debe7fec15c,0.6230347657957311
083b7556-9dff-40e2-9fad-bef3f82dbf37_1003-31,0,0,0,2,083b7556-9dff-40e2-9fad-bef3f82dbf37,0.11760252211698688
083b7556-9dff-40e2-9fad-bef3f82dbf37_34-58,3,0,0,2,083b7556-9dff-40e2-9fad-bef3f82dbf37,0.4319913638131514
083b7556-9dff-40e2-9fad-bef3f82dbf37_51-98,2,1,1,2,083b7556-9dff-40e2-9fad-bef3f82dbf37,0.7633046960765647
083b7556-9dff-40e2-9fad-bef3f82dbf37_635-98,0,0,0,2,083b7556-9dff-40e2-9fad-bef3f82dbf37,0.5752739153000862
087e11d0-5984-4365-989d-7365294ddaec_1764-07,0,0,0,2,087e11d0-5984-4365-989d-7365294ddaec,0.19619973254102804
087e11d0-5984-4365-989d-7365294ddaec_3198-91,3,0,0,2,087e11d0-5984-4365-989d-7365294ddaec,0.32406410406376474
087e11d0-5984-4365-989d-7365294ddaec_5378-93,0,1,1,2,087e11d0-5984-4365-989d-7365294ddaec,0.08525985158554009
087e11d0-5984-4365-989d-7365294ddaec_7175-71,2,0,0,2,087e11d0-5984-4365-989d-7365294ddaec,0.43500398501925264
087e11d0-5984-4365-989d-7365294ddaec_7351-39,3,0,0,2,087e11d0-5984-4365-989d-7365294ddaec,0.2454668936397236
088add57-cf62-4ddd-9908-7eb738b0ec22_2767-48,1,0,0,3,088add57-cf62-4ddd-9908-7eb738b0ec22,0.1414473928136755
08e65366-36a3-4146-bec6-043286cedf16_741-63,0,0,0,4,08e65366-36a3-4146-bec6-043286cedf16,0.05068906400240891
09690df3-0715-4875-8745-7e8830c761d0_2258-64,2,0,0,2,09690df3-0715-4875-8745-7e8830c761d0,0.32406410406376474
09690df3-0715-4875-8745-7e8830c761d0_341-62,2,0,0,2,09690df3-0715-4875-8745-7e8830c761d0,0.5459438659747406
09aa2849-b299-4e30-ab69-1213c6f96581_1101-28,1,0,0,0,09aa2849-b299-4e30-ab69-1213c6f96581,0.5557862138722156
09fe2f2d-7d90-4d7d-9dcd-baec4704f4cc_4409-86,0,0,0,1,09fe2f2d-7d90-4d7d-9dcd-baec4704f4cc,0.3595941542191059
0a02a1ed-a327-4753-b270-e95298984b96_534-33,3,0,0,4,0a02a1ed-a327-4753-b270-e95298984b96,0.5337920969692557
0a4c05df-f522-4a33-862f-0d89824e7300_1283-75,3,1,1,2,0a4c05df-f522-4a33-862f-0d89824e7300,0.5136011954432937
0b38da1c-2b62-4c05-a68e-e8f2aafa47a8_1227-10,0,0,0,3,0b38da1c-2b62-4c05-a68e-e8f2aafa47a8,0.6581203287794885
0b530687-26d8-4c9d-9771-c758ecd2ecbf_14330-76,3,0,0,2,0b530687-26d8-4c9d-9771-c758ecd2ecbf,-0.05501007869529345
0b530687-26d8-4c9d-9771-c758ecd2ecbf_14604-13,2,0,0,2,0b530687-26d8-4c9d-9771-c758ecd2ecbf,0.48125852491184695
0b530687-26d8-4c9d-9771-c758ecd2ecbf_16957-98,1,0,0,2,0b530687-26d8-4c9d-9771-c758ecd2ecbf,0.7324683361481685
0b530687-26d8-4c9d-9771-c758ecd2ecbf_3386-79,3,0,0,2,0b530687-26d8-4c9d-9771-c758ecd2ecbf,0.2763032535681198
0ca15932-2ede-4802-8f8d-68555c68c0b8_525-50,0,0,0,0,0ca15932-2ede-4802-8f8d-68555c68c0b8,0.3395893210364477
0cd16e31-6045-45ea-b0d7-105116f9e6d1_1433-59,0,0,0,0,0cd16e31-6045-45ea-b0d7-105116f9e6d1,0.6491196422537606
0cd16e31-6045-45ea-b0d7-105116f9e6d1_646-65,3,1,1,0,0cd16e31-6045-45ea-b0d7-105116f9e6d1,0.586229243474542
0d08f503-89df-4dd8-a238-4e1749d2fe22_5-63,3,0,0,4,0d08f503-89df-4dd8-a238-4e1749d2fe22,0.06908194293033901
0d572bb4-543a-4fa2-afce-876f854a559a_484-84,0,0,0,0,0d572bb4-543a-4fa2-afce-876f854a559a,0.047741350959687706
0d5f2917-e0bd-47cb-b887-1c14c69568f9_848-84,0,0,0,3,0d5f2917-e0bd-47cb-b887-1c14c69568f9,1.1860164262084796
0d6a065b-3fcd-4537-8148-bc55d2ee3055_19-05,0,0,0,4,0d6a065b-3fcd-4537-8148-bc55d2ee3055,0.5350230280044844
0dca9b08-f9c6-446f-8754-3c1312fa3274_101-78,3,1,1,3,0dca9b08-f9c6-446f-8754-3c1312fa3274,0.18525032321283977
0e12d060-f93d-418a-a377-7f2467be9fed_363-39,0,0,0,4,0e12d060-f93d-418a-a377-7f2467be9fed,0.2064130693722003
0ece1a2a-2da0-4b28-ac8c-bf9f04c0d17c_2285-27,2,0,0,4,0ece1a2a-2da0-4b28-ac8c-bf9f04c0d17c,1.0536808877919626
0ece1a2a-2da0-4b28-ac8c-bf9f04c0d17c_335-84,2,1,1,4,0ece1a2a-2da0-4b28-ac8c-bf9f04c0d17c,0.3609061437067629
0ece1a2a-2da0-4b28-ac8c-bf9f04c0d17c_713-12,2,1,1,4,0ece1a2a-2da0-4b28-ac8c-bf9f04c0d17c,0.02371521112812816
0f038f2a-7b3d-40ec-a22a-9f764bfbde74_4-93,3,0,0,4,0f038f2a-7b3d-40ec-a22a-9f764bfbde74,0.11444867473254983
0f1024e6-ff80-46e2-aea8-3878f11bc1d7_201-92,0,0,0,3,0f1024e6-ff80-46e2-aea8-3878f11bc1d7,0.6581203287794885
0f3fa455-3622-4fb4-a3be-0c1a7fd697a7_1157-44,3,0,0,2,0f3fa455-3622-4fb4-a3be-0c1a7fd697a7,-0.11969541975818712
0f574f9b-00bc-479d-894b-9e7c999fe13a_302-98,0,0,0,1,0f574f9b-00bc-479d-894b-9e7c999fe13a,0.48154191815998504
0f574f9b-00bc-479d-894b-9e7c999fe13a_303-78,3,1,1,1,0f574f9b-00bc-479d-894b-9e7c999fe13a,0.0590177773567718
0f82d425-f8be-4e69-8c59-0a1a2e980b20_1108-13,2,0,0,4,0f82d425-f8be-4e69-8c59-0a1a2e980b20,0.8158043927641001
0f82d425-f8be-4e69-8c59-0a1a2e980b20_295-56,1,0,0,4,0f82d425-f8be-4e69-8c59-0a1a2e980b20,0.32412038585090275
0f82d425-f8be-4e69-8c59-0a1a2e980b20_518-50,0,0,0,4,0f82d425-f8be-4e69-8c59-0a1a2e980b20,0.10586770078619923
0f82d425-f8be-4e69-8c59-0a1a2e980b20_554-09,2,0,0,4,0f82d425-f8be-4e69-8c59-0a1a2e980b20,0.5718087858603447
10019839-9ded-439f-a573-5ccacd7d829d_650-42,1,0,0,0,10019839-9ded-439f-a573-5ccacd7d829d,0.40740139249444585
102dc7b7-a8fb-419e-9a18-b679e7157d99_517-02,1,0,0,0,102dc7b7-a8fb-419e-9a18-b679e7157d99,0.46537011859488464
102dc7b7-a8fb-419e-9a18-b679e7157d99_754-92,3,1,1,0,102dc7b7-a8fb-419e-9a18-b679e7157d99,0.17352214851812478
1042ea39-9256-4593-a4c6-a0d0393da739_524-37,1,0,0,0,1042ea39-9256-4593-a4c6-a0d0393da739,0.5508645411934359
10a848ed-f258-4930-abdd-1fd60b788abc_125-95,3,0,0,2,10a848ed-f258-4930-abdd-1fd60b788abc,0.44740954377734954
10a848ed-f258-4930-abdd-1fd60b788abc_294-40,1,0,0,2,10a848ed-f258-4930-abdd-1fd60b788abc,0.13452701268423564
10a848ed-f258-4930-abdd-1fd60b788abc_345-05,2,1,1,2,10a848ed-f258-4930-abdd-1fd60b788abc,0.9080935581665501
10a848ed-f258-4930-abdd-1fd60b788abc_475-65,3,0,0,2,10a848ed-f258-4930-abdd-1fd60b788abc,0.13302070208118502
10a848ed-f258-4930-abdd-1fd60b788abc_489-09,2,0,0,2,10a848ed-f258-4930-abdd-1fd60b788abc,0.7971536772110621
10a848ed-f258-4930-abdd-1fd60b788abc_549-51,1,0,0,2,10a848ed-f258-4930-abdd-1fd60b788abc,0.5275130648044413
10a848ed-f258-4930-abdd-1fd60b788abc_75-21,2,0,0,2,10a848ed-f258-4930-abdd-1fd60b788abc,0.54443755537169
10a848ed-f258-4930-abdd-1fd60b788abc_788-28,0,1,1,2,10a848ed-f258-4930-abdd-1fd60b788abc,0.5105885742371925
10c73f89-cc7d-4d43-b1df-b56703de1b24_711-97,1,0,0,4,10c73f89-cc7d-4d43-b1df-b56703de1b24,0.28856555903027137
110352df-c7a3-4fec-a707-42936d101c28_3-37,0,0,0,3,110352df-c7a3-4fec-a707-42936d101c28,0.3627229774485169
1106ee5c-8829-460f-8454-c4a8348f5400_10077-91,1,0,0,0,1106ee5c-8829-460f-8454-c4a8348f5400,0.8780772135513017
1106ee5c-8829-460f-8454-c4a8348f5400_1134-19,0,1,1,0,1106ee5c-8829-460f-8454-c4a8348f5400,0.36219334485578025
110f9870-6b6c-4a20-a3c8-8c2e29c53bb7_1386-55,0,0,0,2,110f9870-6b6c-4a20-a3c8-8c2e29c53bb7,0.3225577934607141
110f9870-6b6c-4a20-a3c8-8c2e29c53bb7_1388-88,1,0,0,2,110f9870-6b6c-4a20-a3c8-8c2e29c53bb7,0.5429312447686394
11586867-f4d9-4341-9532-4de21a47585d_394-60,2,1,1,1,11586867-f4d9-4341-9532-4de21a47585d,0.4394616525164041
11663dd8-aa9d-429d-80e2-2807b341350e_224-01,3,0,0,2,11663dd8-aa9d-429d-80e2-2807b341350e,0.30563330289346524
11e56f1e-baef-4fe8-ad0f-a7ec8788ea3a_836-51,1,0,0,4,11e56f1e-baef-4fe8-ad0f-a7ec8788ea3a,0.07889384791191845
11f247e0-179a-4b9d-8244-16fb918010a1_1002-90,3,0,0,3,11f247e0-179a-4b9d-8244-16fb918010a1,0.4997433493775988
11f247e0-179a-4b9d-8244-16fb918010a1_1085-16,2,1,1,3,11f247e0-179a-4b9d-8244-16fb918010a1,0.37955771964328433
11f247e0-179a-4b9d-8244-16fb918010a1_1106-33,0,1,1,3,11f247e0-179a-4b9d-8244-16fb918010a1,0.08416036831231286
11f247e0-179a-4b9d-8244-16fb918010a1_1376-89,2,0,0,3,11f247e0-179a-4b9d-8244-16fb918010a1,0.612056465741304
11fb6f55-4bf0-4992-ad15-d30a51447ab3_745-24,2,0,0,1,11fb6f55-4bf0-4992-ad15-d30a51447ab3,0.4016744198626868
1246d6ec-5620-4f71-8b4b-d823775f58c2_29-81,0,1,1,2,1246d6ec-5620-4f71-8b4b-d823775f58c2,0.24245427243362225
1270f0e2-1bc0-4225-bf6e-3dd68c594c8b_1984-62,0,1,1,4,1270f0e2-1bc0-4225-bf6e-3dd68c594c8b,-0.18595649999022473
1309c412-1d3b-449a-95d7-853616686f89_980-21,0,0,0,1,1309c412-1d3b-449a-95d7-853616686f89,0.11999165932721137
1330508f-8168-4408-a4df-79f69fb87c83_1053-45,2,1,1,0,1330508f-8168-4408-a4df-79f69fb87c83,0.5557862138722156
13488a91-cef6-46f4-8007-9453d5d49925_44-43,1,0,0,1,13488a91-cef6-46f4-8007-9453d5d49925,0.0590177773567718
134a4c63-583a-4e64-8cf9-002b6d26cdf1_375-78,2,0,0,2,134a4c63-583a-4e64-8cf9-002b6d26cdf1,0.3533941533891103
134a4c63-583a-4e64-8cf9-002b6d26cdf1_464-01,0,0,0,2,134a4c63-583a-4e64-8cf9-002b6d26cdf1,-0.07042825865949155
134d9865-d9ee-47e5-a121-589a26c6b3ba_1573-53,3,0,0,3,134d9865-d9ee-47e5-a121-589a26c6b3ba,0.537934699045174
134d9865-d9ee-47e5-a121-589a26c6b3ba_1586-50,3,1,1,3,134d9865-d9ee-47e5-a121-589a26c6b3ba,0.9344220052766724
13a15553-2fdb-4d04-a7b4-2efc33538525_875-77,3,0,0,1,13a15553-2fdb-4d04-a7b4-2efc33538525,0.2376463902782268
13bbcf71-cc9d-40f9-b072-77841ea8b7a2_38-55,1,0,0,3,13bbcf71-cc9d-40f9-b072-77841ea8b7a2,0.7378536762072077
13d7173f-e8d1-4124-a66b-2ae648da9dbd_510-46,2,0,0,4,13d7173f-e8d1-4124-a66b-2ae648da9dbd,0.45287053834641344
146a4b4b-96a5-4d8f-a5b1-78dbb6ee5edf_4571-18,0,0,0,4,146a4b4b-96a5-4d8f-a5b1-78dbb6ee5edf,0.03229618507447876
146a4b4b-96a5-4d8f-a5b1-78dbb6ee5edf_9999-80,0,1,1,4,146a4b4b-96a5-4d8f-a5b1-78dbb6ee5edf,0.06050096898398835
14a3d52a-e66c-4a4c-8f71-d86f7199993c_10-64,3,0,0,0,14a3d52a-e66c-4a4c-8f71-d86f7199993c,0.5813075707957621
14c123f4-06ab-4b51-aa26-95b0e3adf6eb_61-25,0,0,0,1,14c123f4-06ab-4b51-aa26-95b0e3adf6eb,0.44375468550626784
14e96091-4011-4557-95b3-a195fb5c39d8_273-80,1,0,0,2,14e96091-4011-4557-95b3-a195fb5c39d8,0.1807815525768299
14e96091-4011-4557-95b3-a195fb5c39d8_919-08,1,0,0,2,14e96091-4011-4557-95b3-a195fb5c39d8,0.8249774159333572
15223229-8273-4f28-9bc0-1266e7c210d8_1078-65,0,1,1,3,15223229-8273-4f28-9bc0-1266e7c210d8,0.4424563248762361
153cd84b-0345-4590-90f6-f66c294db429_799-88,1,0,0,4,153cd84b-0345-4590-90f6-f66c294db429,0.607363612680976
156823e7-0339-4f64-9c89-80044fc8b218_782-84,2,0,0,4,156823e7-0339-4f64-9c89-80044fc8b218,0.2787536540486919
15c5a595-c577-4b4b-b26a-639517f140c9_1-82,1,1,1,2,15c5a595-c577-4b4b-b26a-639517f140c9,0.3549004639921609
15f1a422-327d-4dab-b14d-7003544c5817_1292-11,3,0,0,2,15f1a422-327d-4dab-b14d-7003544c5817,0.5429312447686394
15f1a422-327d-4dab-b14d-7003544c5817_1304-02,2,1,1,2,15f1a422-327d-4dab-b14d-7003544c5817,0.1638570620095812
1626db26-0c74-43d6-a5c2-c1a8fa7b1429_2450-13,0,0,0,0,1626db26-0c74-43d6-a5c2-c1a8fa7b1429,0.5911509161533217
1626db26-0c74-43d6-a5c2-c1a8fa7b1429_730-63,3,0,0,0,1626db26-0c74-43d6-a5c2-c1a8fa7b1429,0.38479736867511305
168f91fd-53c2-4eee-9d2d-e25e1ad73438_99-46,3,1,1,3,168f91fd-53c2-4eee-9d2d-e25e1ad73438,0.2672446032795791
170fb6c9-8550-4e82-bb9a-4ad574c0f0fa_7137-29,3,0,0,4,170fb6c9-8550-4e82-bb9a-4ad574c0f0fa,0.16104633756998946
17be1d0a-f213-4126-ab6e-08e5c8ee5b93_1056-33,3,0,0,0,17be1d0a-f213-4126-ab6e-08e5c8ee5b93,0.2088868507992309
17be1d0a-f213-4126-ab6e-08e5c8ee5b93_1922-28,0,0,0,0,17be1d0a-f213-4126-ab6e-08e5c8ee5b93,0.5636252196552093
17be1d0a-f213-4126-ab6e-08e5c8ee5b93_1968-69,4,0,0,0,17be1d0a-f213-4126-ab6e-08e5c8ee5b93,0.5911509161533217
17be1d0a-f213-4126-ab6e-08e5c8ee5b93_4479-70,0,0,0,0,17be1d0a-f213-4126-ab6e-08e5c8ee5b93,0.40740139249444585
17be1d0a-f213-4126-ab6e-08e5c8ee5b93_4986-86,0,1,1,0,17be1d0a-f213-4126-ab6e-08e5c8ee5b93,0.5105781662335501
17be1d0a-f213-4126-ab6e-08e5c8ee5b93_70-40,0,0,0,0,17be1d0a-f213-4126-ab6e-08e5c8ee5b93,0.4476877674543316
17cd1d99-044c-4b1b-97b4-f3de34f8e55b_251-62,3,0,0,4,17cd1d99-044c-4b1b-97b4-f3de34f8e55b,0.28856555903027137
17cd1d99-044c-4b1b-97b4-f3de34f8e55b_252-07,3,0,0,4,17cd1d99-044c-4b1b-97b4-f3de34f8e55b,0.5337920969692557
18189ea3-00fd-428a-bbae-7549ddd9a97e_803-15,1,0,0,0,18189ea3-00fd-428a-bbae-7549ddd9a97e,0.6314372911132073
182dffe9-d2bf-4a7d-b1d8-137470f0143d_1327-77,2,1,1,4,182dffe9-d2bf-4a7d-b1d8-137470f0143d,0.4798443912206941
182dffe9-d2bf-4a7d-b1d8-137470f0143d_1639-14,2,0,0,4,182dffe9-d2bf-4a7d-b1d8-137470f0143d,0.6171755176625555
182dffe9-d2bf-4a7d-b1d8-137470f0143d_1670-78,1,1,1,4,182dffe9-d2bf-4a7d-b1d8-137470f0143d,0.4246657544369039
182dffe9-d2bf-4a7d-b1d8-137470f0143d_1681-54,3,0,0,4,182dffe9-d2bf-4a7d-b1d8-137470f0143d,-0.18595649999022473
18a3840b-7463-43c4-9aa9-b1d8e486fa84_2172-38,2,0,0,2,18a3840b-7463-43c4-9aa9-b1d8e486fa84,0.5260067542013906
18ac02cb-20eb-4eed-b735-04aff3573422_38-16,1,0,0,3,18ac02cb-20eb-4eed-b735-04aff3573422,0.4177490693108594
19493340-9a5c-406c-9943-712a4a4a073c_634-74,2,0,0,1,19493340-9a5c-406c-9943-712a4a4a073c,0.13888527565407002
19f2ea20-5041-4be2-bdc9-714473f16236_1915-00,2,1,1,1,19f2ea20-5041-4be2-bdc9-714473f16236,0.922959675290057
19f2ea20-5041-4be2-bdc9-714473f16236_2706-11,2,0,0,1,19f2ea20-5041-4be2-bdc9-714473f16236,0.15777889198092857
19f2ea20-5041-4be2-bdc9-714473f16236_4520-57,3,0,0,1,19f2ea20-5041-4be2-bdc9-714473f16236,0.3407005378922473
19f2ea20-5041-4be2-bdc9-714473f16236_4524-38,1,1,1,1,19f2ea20-5041-4be2-bdc9-714473f16236,0.7632246786954605
19f2ea20-5041-4be2-bdc9-714473f16236_4525-17,3,0,0,1,19f2ea20-5041-4be2-bdc9-714473f16236,0.12857772530693887
19f2ea20-5041-4be2-bdc9-714473f16236_5269-91,0,0,0,1,19f2ea20-5041-4be2-bdc9-714473f16236,0.4901279841397125
1a2a8e0b-747e-43e3-9618-fc3f55f662b6_0-00,1,0,0,1,1a2a8e0b-747e-43e3-9618-fc3f55f662b6,0.12428469231707515
1a50cd38-dda2-41d0-8a6f-294f17373d97_2805-73,2,0,0,0,1a50cd38-dda2-41d0-8a6f-294f17373d97,0.5685468923339889
1a50cd38-dda2-41d0-8a6f-294f17373d97_2829-22,0,0,0,0,1a50cd38-dda2-41d0-8a6f-294f17373d97,0.4702917912736644
1a50cd38-dda2-41d0-8a6f-294f17373d97_3680-47,1,1,1,0,1a50cd38-dda2-41d0-8a6f-294f17373d97,0.23149087461856357
1a7b9b5d-499a-454e-aaee-3758718fb5f2_817-59,2,0,0,3,1a7b9b5d-499a-454e-aaee-3758718fb5f2,0.17963874248125064
1a7e6155-3613-4f55-865c-00e196db0da0_3573-11,3,1,1,0,1a7e6155-3613-4f55-865c-00e196db0da0,0.4476877674543316
1a9a07d5-70ad-4e18-9740-66ea985a527b_945-60,0,0,0,3,1a9a07d5-70ad-4e18-9740-66ea985a527b,0.22344167288041486
1aa426b2-4d83-4b56-9d3c-4616adc464c8_300-08,0,0,0,4,1aa426b2-4d83-4b56-9d3c-4616adc464c8,0.3523251697604123
1acd2d5c-b0d4-4ec5-a54c-6a9c84cb11f6_23-18,3,1,1,3,1acd2d5c-b0d4-4ec5-a54c-6a9c84cb11f6,2.3047072262994144
1acd2d5c-b0d4-4ec5-a54c-6a9c84cb11f6_273-21,0,0,0,3,1acd2d5c-b0d4-4ec5-a54c-6a9c84cb11f6,0.1032560431461004
1acd2d5c-b0d4-4ec5-a54c-6a9c84cb11f6_742-55,0,0,0,3,1acd2d5c-b0d4-4ec5-a54c-6a9c84cb11f6,0.9647408415736382
1acd2d5c-b0d4-4ec5-a54c-6a9c84cb11f6_773-39,0,1,1,3,1acd2d5c-b0d4-4ec5-a54c-6a9c84cb11f6,0.3054359529471542
1acd2d5c-b0d4-4ec5-a54c-6a9c84cb11f6_776-54,0,0,0,3,1acd2d5c-b0d4-4ec5-a54c-6a9c84cb11f6,0.5570303738789615
1b1acfa6-ee3b-483c-9c0a-245d70d7125f_3443-49,3,0,0,0,1b1acfa6-ee3b-483c-9c0a-245d70d7125f,0.4702917912736644
1b4b9493-2f3b-48e2-ba96-4feb9b9e98a1_408-70,3,0,0,0,1b4b9493-2f3b-48e2-ba96-4feb9b9e98a1,0.5007348208759907
1b6c9a8b-baec-44ac-ab24-f482d0c30117_216-86,0,0,0,1,1b6c9a8b-baec-44ac-ab24-f482d0c30117,0.096805010010489
1b6c9a8b-baec-44ac-ab24-f482d0c30117_42-25,1,0,0,1,1b6c9a8b-baec-44ac-ab24-f482d0c30117,0.11569862633734765
1bfac46e-f957-4495-9583-dbd7fa683225_823-65,1,0,0,4,1bfac46e-f957-4495-9583-dbd7fa683225,0.3523251697604123
1bfe3bec-79fd-4b1b-8738-4d313f3f79b9_355-45,2,0,0,3,1bfe3bec-79fd-4b1b-8738-4d313f3f79b9,0.09764446241451127
1bfe3bec-79fd-4b1b-8738-4d313f3f79b9_47-86,3,0,0,3,1bfe3bec-79fd-4b1b-8738-4d313f3f79b9,0.2672446032795791
1bfe3bec-79fd-4b1b-8738-4d313f3f79b9_548-41,3,1,1,3,1bfe3bec-79fd-4b1b-8738-4d313f3f79b9,0.7457261895778169
1c0ba820-4a30-47dd-852d-c30685c7051e_0-00,1,0,0,4,1c0ba820-4a30-47dd-852d-c30685c7051e,0.45287053834641344
1c0ba820-4a30-47dd-852d-c30685c7051e_36-98,1,0,0,4,1c0ba820-4a30-47dd-852d-c30685c7051e,0.1426534586420594
1c35e580-0eb1-485f-98d5-48f1f968e952_519-81,0,0,0,0,1c35e580-0eb1-485f-98d5-48f1f968e952,0.2816205949360088
1c983176-b07a-4a69-ae51-de7829de6b6a_1090-54,1,1,1,0,1c983176-b07a-4a69-ae51-de7829de6b6a,0.12339242820067961
1c983176-b07a-4a69-ae51-de7829de6b6a_1270-21,0,0,0,0,1c983176-b07a-4a69-ae51-de7829de6b6a,0.5636252196552093
1c983176-b07a-4a69-ae51-de7829de6b6a_261-56,1,0,0,0,1c983176-b07a-4a69-ae51-de7829de6b6a,0.7346140648523118
1ce16a97-f614-4660-b21c-4205b33c8bab_1988-77,3,0,0,2,1ce16a97-f614-4660-b21c-4205b33c8bab,0.30563330289346524
1ceb6ff6-da6c-4bbe-b8f1-01a5b27026ce_294-88,1,0,0,4,1ceb6ff6-da6c-4bbe-b8f1-01a5b27026ce,0.4982372701486242
1de5ae42-ca61-4a76-a514-8b70c40553fc_1576-85,2,1,1,1,1de5ae42-ca61-4a76-a514-8b70c40553fc,0.523622183803566
1e90b2b5-5483-4ecc-b8e0-fb0bf63ccac3_3303-65,2,0,0,0,1e90b2b5-5483-4ecc-b8e0-fb0bf63ccac3,0.2088868507992309
1e90b2b5-5483-4ecc-b8e0-fb0bf63ccac3_546-46,1,0,0,0,1e90b2b5-5483-4ecc-b8e0-fb0bf63ccac3,0.6009942615108811
1e96ede3-aa85-4162-a32f-c565e5194cab_995-46,2,1,1,0,1e96ede3-aa85-4162-a32f-c565e5194cab,0.03789800560212833
1e9da62e-72ae-48d2-8b6e-00a5283d213f_1077-48,3,0,0,3,1e9da62e-72ae-48d2-8b6e-00a5283d213f,0.12235171797988798
1e9da62e-72ae-48d2-8b6e-00a5283d213f_571-85,3,0,0,3,1e9da62e-72ae-48d2-8b6e-00a5283d213f,0.2481489284457916
1ea95f25-81f9-46b1-b7a1-c4ca58251c6f_1089-87,0,0,0,2,1ea95f25-81f9-46b1-b7a1-c4ca58251c6f,0.21161791250522619
1ea95f25-81f9-46b1-b7a1-c4ca58251c6f_1359-12,2,0,0,2,1ea95f25-81f9-46b1-b7a1-c4ca58251c6f,0.5921984058673349
1eee4aaf-a21c-4ae5-82cd-96fdccae6742_761-92,3,0,0,2,1eee4aaf-a21c-4ae5-82cd-96fdccae6742,0.7016319762197722
1eee4aaf-a21c-4ae5-82cd-96fdccae6742_876-68,1,1,1,2,1eee4aaf-a21c-4ae5-82cd-96fdccae6742,0.6692893056883255
1eee4aaf-a21c-4ae5-82cd-96fdccae6742_917-84,0,0,0,2,1eee4aaf-a21c-4ae5-82cd-96fdccae6742,0.7031382868228229
1f216b72-21a2-4463-b5ae-13bffd779b4d_1694-44,3,0,0,3,1f216b72-21a2-4463-b5ae-13bffd779b4d,0.1605430676474631
1f216b72-21a2-4463-b5ae-13bffd779b4d_40-21,2,0,0,3,1f216b72-21a2-4463-b5ae-13bffd779b4d,0.5132274434797972
1f4a4d13-f083-4464-8c03-5e09f55e3f63_1207-44,1,0,0,2,1f4a4d13-f083-4464-8c03-5e09f55e3f63,0.3688123333533083
1f4a4d13-f083-4464-8c03-5e09f55e3f63_125-54,0,0,0,2,1f4a4d13-f083-4464-8c03-5e09f55e3f63,0.8434082171036565
1f4a4d13-f083-4464-8c03-5e09f55e3f63_332-95,0,0,0,2,1f4a4d13-f083-4464-8c03-5e09f55e3f63,0.7508991373184679
1f4a4d13-f083-4464-8c03-5e09f55e3f63_764-04,1,0,0,2,1f4a4d13-f083-4464-8c03-5e09f55e3f63,0.8603327076709051
1f4a4d13-f083-4464-8c03-5e09f55e3f63_781-81,1,1,1,2,1f4a4d13-f083-4464-8c03-5e09f55e3f63,0.4504221649834508
1f5ca4f1-6200-4a9a-86af-150824b51f67_717-00,1,0,0,2,1f5ca4f1-6200-4a9a-86af-150824b51f67,0.8558137758617533
1f5ca4f1-6200-4a9a-86af-150824b51f67_821-58,3,0,0,2,1f5ca4f1-6200-4a9a-86af-150824b51f67,0.10218434215278879
1f61d972-e61b-4846-af3a-d09db9f111f8_1079-93,3,1,1,1,1f61d972-e61b-4846-af3a-d09db9f111f8,0.15777889198092857
1f61d972-e61b-4846-af3a-d09db9f111f8_17-26,3,0,0,1,1f61d972-e61b-4846-af3a-d09db9f111f8,0.3260999545552524
1f6eb61d-74fa-411e-979c-2e66e71f2b7d_345-36,3,0,0,0,1f6eb61d-74fa-411e-979c-2e66e71f2b7d,0.6412806364707669
1f6eb61d-74fa-411e-979c-2e66e71f2b7d_501-62,3,0,0,0,1f6eb61d-74fa-411e-979c-2e66e71f2b7d,1.305549326544058
1fe55d7f-85e4-4cb5-a536-7a2aa623630b_1246-18,1,1,1,1,1fe55d7f-85e4-4cb5-a536-7a2aa623630b,0.12428469231707515
201af2e0-72dd-466c-8280-8c3dc00a7981_1276-29,1,1,1,2,201af2e0-72dd-466c-8280-8c3dc00a7981,0.44891585438040016
201af2e0-72dd-466c-8280-8c3dc00a7981_602-53,1,1,1,2,201af2e0-72dd-466c-8280-8c3dc00a7981,0.4643340343445983
20525d50-586a-4792-bfdb-fd941ee64ea9_547-93,2,0,0,1,20525d50-586a-4792-bfdb-fd941ee64ea9,0.6077827150907279
20525d50-586a-4792-bfdb-fd941ee64ea9_89-29,2,0,0,1,20525d50-586a-4792-bfdb-fd941ee64ea9,0.1998591576245096
20c165c7-6d47-4264-8e62-9f1e643a4d03_2858-81,0,0,0,2,20c165c7-6d47-4264-8e62-9f1e643a4d03,0.16686968321568244
2131b8e4-79b5-48f7-b092-e4a13ed96749_1086-27,2,0,0,4,2131b8e4-79b5-48f7-b092-e4a13ed96749,0.4516396073111846
2131b8e4-79b5-48f7-b092-e4a13ed96749_2003-33,1,0,0,4,2131b8e4-79b5-48f7-b092-e4a13ed96749,0.30695843795820144
2137f7a2-dce3-4d95-859d-ad2a50b0cd09_1373-29,1,0,0,1,2137f7a2-dce3-4d95-859d-ad2a50b0cd09,0.44804771849613156
2142bbd6-da88-4976-8668-8f21c27ed456_775-93,0,0,0,0,2142bbd6-da88-4976-8668-8f21c27ed456,0.6186766126514341
21438820-16d7-4fcd-b0d0-5def201fc65e_1321-22,0,0,0,1,21438820-16d7-4fcd-b0d0-5def201fc65e,0.17667250830778722
214b62df-2fb1-4b0e-af9d-42b0dd37defb_1128-08,3,0,0,3,214b62df-2fb1-4b0e-af9d-42b0dd37defb,0.6446362346772899
214b62df-2fb1-4b0e-af9d-42b0dd37defb_1307-44,0,1,1,3,214b62df-2fb1-4b0e-af9d-42b0dd37defb,0.7760450258747827
214b62df-2fb1-4b0e-af9d-42b0dd37defb_138-53,1,0,0,3,214b62df-2fb1-4b0e-af9d-42b0dd37defb,0.4806476745438112
214b62df-2fb1-4b0e-af9d-42b0dd37defb_1599-71,3,0,0,3,214b62df-2fb1-4b0e-af9d-42b0dd37defb,0.4615519997100237
214b62df-2fb1-4b0e-af9d-42b0dd37defb_1955-31,3,0,0,3,214b62df-2fb1-4b0e-af9d-42b0dd37defb,0.713146420641831
214b62df-2fb1-4b0e-af9d-42b0dd37defb_2020-07,0,0,0,3,214b62df-2fb1-4b0e-af9d-42b0dd37defb,0.22905325361200404
214b62df-2fb1-4b0e-af9d-42b0dd37defb_2040-30,1,0,0,3,214b62df-2fb1-4b0e-af9d-42b0dd37defb,0.8389436311077345
214b62df-2fb1-4b0e-af9d-42b0dd37defb_2076-23,3,0,0,3,214b62df-2fb1-4b0e-af9d-42b0dd37defb,0.39865339447707193
214b62df-2fb1-4b0e-af9d-42b0dd37defb_2181-76,0,0,0,3,214b62df-2fb1-4b0e-af9d-42b0dd37defb,0.31665911441033257
214b62df-2fb1-4b0e-af9d-42b0dd37defb_2189-63,1,0,0,3,214b62df-2fb1-4b0e-af9d-42b0dd37defb,1.1287294017071168
214b62df-2fb1-4b0e-af9d-42b0dd37defb_800-76,0,0,0,3,214b62df-2fb1-4b0e-af9d-42b0dd37defb,0.6311521405750916
225a1ffe-3e7e-4ff8-a47e-2e80989077fe_94-47,0,1,1,1,225a1ffe-3e7e-4ff8-a47e-2e80989077fe,0.2230458069412319
22653c79-369f-4a0d-a663-33a1da378fe0_245-16,1,1,1,0,22653c79-369f-4a0d-a663-33a1da378fe0,0.23641254729734326
22653c79-369f-4a0d-a663-33a1da378fe0_292-96,3,0,0,0,22653c79-369f-4a0d-a663-33a1da378fe0,-0.2588716371534112
22f68c6a-b8dd-44e6-b1fe-d4e619e72f59_662-18,2,0,0,0,22f68c6a-b8dd-44e6-b1fe-d4e619e72f59,0.4152403982774395
235b49d2-b59c-4079-81cc-ad9c01dbd2df_22-56,3,0,0,3,235b49d2-b59c-4079-81cc-ad9c01dbd2df,0.5132274434797972
23ac2590-b25f-4718-8c9b-89d32eb992b2_641-98,3,0,0,4,23ac2590-b25f-4718-8c9b-89d32eb992b2,0.2701726801023413
23ac3708-df1d-4bb0-a4c7-b2a66855dccb_447-26,0,0,0,1,23ac3708-df1d-4bb0-a4c7-b2a66855dccb,0.20844522360423703
23ac3708-df1d-4bb0-a4c7-b2a66855dccb_950-08,3,1,1,1,23ac3708-df1d-4bb0-a4c7-b2a66855dccb,0.44375468550626784
23ad5ebf-6223-4938-8609-d5df7afcf599_267-76,4,1,1,4,23ad5ebf-6223-4938-8609-d5df7afcf599,0.6257564916089061
243e800d-fc75-473d-b944-a95844e13a78_1602-75,3,0,0,4,243e800d-fc75-473d-b944-a95844e13a78,0.31553941190455204
24c447b6-094f-49a6-9c20-ed594ab0da65_0-04,3,0,0,0,24c447b6-094f-49a6-9c20-ed594ab0da65,0.28945960071900234
24c447b6-094f-49a6-9c20-ed594ab0da65_947-73,2,1,1,0,24c447b6-094f-49a6-9c20-ed594ab0da65,0.40740139249444585
24e24f1f-af43-4ee5-86be-2a4d5cf772c5_194-62,2,0,0,4,24e24f1f-af43-4ee5-86be-2a4d5cf772c5,0.1598154065347607
24e24f1f-af43-4ee5-86be-2a4d5cf772c5_40-56,0,0,0,4,24e24f1f-af43-4ee5-86be-2a4d5cf772c5,0.5534159069324146
254029e5-fed4-40a7-bef1-12b9faff3202_1017-93,3,0,0,2,254029e5-fed4-40a7-bef1-12b9faff3202,0.24396058303667292
258a7d18-4e66-4e3a-9fa0-f8daf7315a6d_1387-30,3,0,0,2,258a7d18-4e66-4e3a-9fa0-f8daf7315a6d,-0.022667408163846603
258a7d18-4e66-4e3a-9fa0-f8daf7315a6d_1892-58,1,0,0,2,258a7d18-4e66-4e3a-9fa0-f8daf7315a6d,0.13302070208118502
25ade38d-3e6b-4aa1-851d-7fbf791201c0_887-41,3,0,0,1,25ade38d-3e6b-4aa1-851d-7fbf791201c0,0.07791139368363045
25beabfc-48c0-4f81-b419-c47297aecf6f_203-09,0,0,0,0,25beabfc-48c0-4f81-b419-c47297aecf6f,0.7719831067079838
25f88143-835a-4ac9-9272-eada5dbb8440_162-66,3,0,0,2,25f88143-835a-4ac9-9272-eada5dbb8440,0.6553774363271779
26192bcd-7240-4d7b-8306-fa4eed0264f2_4935-17,0,1,1,4,26192bcd-7240-4d7b-8306-fa4eed0264f2,0.543604001950835
261edec2-f089-4a74-b25f-ddf32c92f90c_1105-51,0,0,0,4,261edec2-f089-4a74-b25f-ddf32c92f90c,0.21499404331855096
261edec2-f089-4a74-b25f-ddf32c92f90c_801-93,3,0,0,4,261edec2-f089-4a74-b25f-ddf32c92f90c,0.9531355192059614
262fd2ec-8eba-44d9-8082-4d0574f7a515_1038-82,2,1,1,4,262fd2ec-8eba-44d9-8082-4d0574f7a515,0.525211123022905
262fd2ec-8eba-44d9-8082-4d0574f7a515_1440-24,3,1,1,4,262fd2ec-8eba-44d9-8082-4d0574f7a515,0.08747482185826908
262fd2ec-8eba-44d9-8082-4d0574f7a515_3000-11,3,0,0,4,262fd2ec-8eba-44d9-8082-4d0574f7a515,0.21499404331855096
262fd2ec-8eba-44d9-8082-4d0574f7a515_3060-97,1,0,0,4,262fd2ec-8eba-44d9-8082-4d0574f7a515,0.40627287550897384
2638b358-6b13-434c-bf03-a48bca96f287_636-40,1,0,0,2,2638b358-6b13-434c-bf03-a48bca96f287,0.22703609246942427
2680068d-b3ae-42d8-971f-e842c2d4fbb4_1248-72,4,1,1,4,2680068d-b3ae-42d8-971f-e842c2d4fbb4,1.1174404985221036
2680068d-b3ae-42d8-971f-e842c2d4fbb4_739-57,0,0,0,4,2680068d-b3ae-42d8-971f-e842c2d4fbb4,0.37071804868834235
268a17eb-3f11-45d4-a671-9e0d8a637363_2969-91,0,0,0,3,268a17eb-3f11-45d4-a671-9e0d8a637363,0.5570303738789615
27f9cd4e-8b61-477c-9b63-ca3d437a0dff_250-50,2,1,1,2,27f9cd4e-8b61-477c-9b63-ca3d437a0dff,-0.4171597708871029
27f9cd4e-8b61-477c-9b63-ca3d437a0dff_855-42,3,1,1,2,27f9cd4e-8b61-477c-9b63-ca3d437a0dff,0.19770604314407866
283a15b5-59ae-4f04-9738-bf49c97496a8_102-60,0,0,0,4,283a15b5-59ae-4f04-9738-bf49c97496a8,0.015134237181777505
2859218c-84ee-4e85-833f-74255b355032_1032-03,1,1,1,0,2859218c-84ee-4e85-833f-74255b355032,0.10571007706012656
2859218c-84ee-4e85-833f-74255b355032_2390-60,1,0,0,0,2859218c-84ee-4e85-833f-74255b355032,0.17352214851812478
2859218c-84ee-4e85-833f-74255b355032_39-61,1,1,1,0,2859218c-84ee-4e85-833f-74255b355032,0.17352214851812478
2859218c-84ee-4e85-833f-74255b355032_596-50,0,0,0,0,2859218c-84ee-4e85-833f-74255b355032,0.3219069698958945
2876b375-e848-412c-8a6f-0664cbab6a33_474-94,1,0,0,0,2876b375-e848-412c-8a6f-0664cbab6a33,0.6009942615108811
2876b375-e848-412c-8a6f-0664cbab6a33_574-54,1,0,0,0,2876b375-e848-412c-8a6f-0664cbab6a33,-0.060357095458196286
287c98fa-f0a4-4944-b798-bcae618258d3_1087-69,3,1,1,1,287c98fa-f0a4-4944-b798-bcae618258d3,0.15777889198092857
2893d559-89cb-4125-a761-3ff8e68768a9_565-53,1,0,0,2,2893d559-89cb-4125-a761-3ff8e68768a9,0.5583494247328374
2893d559-89cb-4125-a761-3ff8e68768a9_638-82,1,0,0,2,2893d559-89cb-4125-a761-3ff8e68768a9,0.2778095641711704
2893d559-89cb-4125-a761-3ff8e68768a9_84-09,0,0,0,2,2893d559-89cb-4125-a761-3ff8e68768a9,0.4180794944520039
2893d559-89cb-4125-a761-3ff8e68768a9_88-42,3,0,0,2,2893d559-89cb-4125-a761-3ff8e68768a9,0.29172143353231794
28ff9118-e876-497c-9901-cb89a62509fc_432-66,3,1,1,2,28ff9118-e876-497c-9901-cb89a62509fc,0.5120948848402431
2911fa95-30ca-4524-8876-85a90f1fd221_19-38,1,1,1,3,2911fa95-30ca-4524-8876-85a90f1fd221,0.08416036831231286
294c8827-a667-49a5-9e7e-9c910001ce54_101-30,1,0,0,1,294c8827-a667-49a5-9e7e-9c910001ce54,0.4583552688432627
29e45749-f8d5-42c7-af09-7fbb3d6697e9_876-21,0,0,0,2,29e45749-f8d5-42c7-af09-7fbb3d6697e9,0.4504221649834508
2a2ff7db-5460-4296-a8a7-946ba628226d_1549-08,1,0,0,4,2a2ff7db-5460-4296-a8a7-946ba628226d,0.32412038585090275
2a831288-6e91-4aba-9385-f22f666fab99_525-32,3,0,0,1,2a831288-6e91-4aba-9385-f22f666fab99,0.38707383652569194
2a97736a-4fff-4753-84de-e6586a5603cc_185-44,3,1,1,1,2a97736a-4fff-4753-84de-e6586a5603cc,0.6034896821008642
2a97736a-4fff-4753-84de-e6586a5603cc_2707-05,3,1,1,1,2a97736a-4fff-4753-84de-e6586a5603cc,0.8053049443390415
2a97736a-4fff-4753-84de-e6586a5603cc_2711-38,1,0,0,1,2a97736a-4fff-4753-84de-e6586a5603cc,0.21875277395136813
2a97736a-4fff-4753-84de-e6586a5603cc_2712-24,1,1,1,1,2a97736a-4fff-4753-84de-e6586a5603cc,1.0199993055468102
2a97736a-4fff-4753-84de-e6586a5603cc_297-35,0,0,0,1,2a97736a-4fff-4753-84de-e6586a5603cc,0.8284915936557637
2ac65951-49b0-4629-981e-edc34b8cdb0f_1091-69,0,0,0,3,2ac65951-49b0-4629-981e-edc34b8cdb0f,0.2537605091773807
2ac65951-49b0-4629-981e-edc34b8cdb0f_1349-72,2,1,1,3,2ac65951-49b0-4629-981e-edc34b8cdb0f,-0.01131800585662493
2ac8acbc-9ea4-4bed-bbc2-aa53cc5f098a_1105-87,0,0,0,2,2ac8acbc-9ea4-4bed-bbc2-aa53cc5f098a,0.24396058303667292
2b012751-2e50-4acb-b645-c864930e92c8_1119-28,2,1,1,4,2b012751-2e50-4acb-b645-c864930e92c8,0.3523251697604123
2b012751-2e50-4acb-b645-c864930e92c8_822-56,3,1,1,4,2b012751-2e50-4acb-b645-c864930e92c8,0.607363612680976
2b7ace86-149f-4354-b617-c8ebd08c5310_1416-39,1,0,0,2,2b7ace86-149f-4354-b617-c8ebd08c5310,0.05442349165714386
2b7ace86-149f-4354-b617-c8ebd08c5310_381-65,1,0,0,2,2b7ace86-149f-4354-b617-c8ebd08c5310,0.19770604314407866
2c5d38ed-012f-4732-9eb8-89beddb07641_447-87,2,0,0,0,2c5d38ed-012f-4732-9eb8-89beddb07641,0.21380852347801063
2c77de23-cd87-4a41-a83c-4bdc0170f45c_80-46,1,1,1,3,2c77de23-cd87-4a41-a83c-4bdc0170f45c,0.41213748857927024
2c9a2cb8-93fd-4932-bb76-60e80822b70b_782-07,3,0,0,0,2c9a2cb8-93fd-4932-bb76-60e80822b70b,0.047741350959687706
2cc2710e-aae0-41eb-9a70-deb9217bb7ea_3646-90,0,0,0,0,2cc2710e-aae0-41eb-9a70-deb9217bb7ea,0.3169852972171149
2cc2710e-aae0-41eb-9a70-deb9217bb7ea_3838-38,3,0,0,0,2cc2710e-aae0-41eb-9a70-deb9217bb7ea,2.1123681717866916
2cd9a214-b950-49b6-aa04-0cfd0f85fe5f_528-48,0,0,0,4,2cd9a214-b950-49b6-aa04-0cfd0f85fe5f,0.2873346279950425
2cddb76f-24d1-4863-bd91-9a5d1922a543_1368-59,0,0,0,4,2cddb76f-24d1-4863-bd91-9a5d1922a543,0.8525901506199604
2cddb76f-24d1-4863-bd91-9a5d1922a543_1681-29,2,0,0,4,2cddb76f-24d1-4863-bd91-9a5d1922a543,0.5153992180413255
2d01625b-b7c4-41aa-989b-2d0b392d8b54_113-94,2,0,0,3,2d01625b-b7c4-41aa-989b-2d0b392d8b54,0.7895291199769812
2d01625b-b7c4-41aa-989b-2d0b392d8b54_1323-22,2,0,0,3,2d01625b-b7c4-41aa-989b-2d0b392d8b54,-0.11801954148874094
2d01625b-b7c4-41aa-989b-2d0b392d8b54_195-58,1,1,1,3,2d01625b-b7c4-41aa-989b-2d0b392d8b54,0.5132274434797972
2d01625b-b7c4-41aa-989b-2d0b392d8b54_328-63,2,0,0,3,2d01625b-b7c4-41aa-989b-2d0b392d8b54,0.9647408415736382
2d13c92e-f43f-40f2-b603-cb749e5fee70_2243-41,1,0,0,0,2d13c92e-f43f-40f2-b603-cb749e5fee70,-0.04267474431764322
2d1baacd-d82b-4e0c-9d85-b420fb9bde91_345-02,3,0,0,4,2d1baacd-d82b-4e0c-9d85-b420fb9bde91,-0.021651520674082658
2d1bf98e-a133-4f63-bc1d-91f718078a52_337-47,1,0,0,3,2d1bf98e-a133-4f63-bc1d-91f718078a52,0.2863402781133667
2d76e155-dcae-4fdb-be83-a37f09e699a8_46-48,3,0,0,2,2d76e155-dcae-4fdb-be83-a37f09e699a8,1.5075411922335336
2dbdd409-0be0-447c-8ae8-3f107fe9af80_1058-94,0,0,0,2,2dbdd409-0be0-447c-8ae8-3f107fe9af80,0.3549004639921609
2dbdd409-0be0-447c-8ae8-3f107fe9af80_1439-37,3,0,0,2,2dbdd409-0be0-447c-8ae8-3f107fe9af80,0.4011550038847552
2dbdd409-0be0-447c-8ae8-3f107fe9af80_1502-69,0,0,0,2,2dbdd409-0be0-447c-8ae8-3f107fe9af80,0.05442349165714386
2dbdd409-0be0-447c-8ae8-3f107fe9af80_1626-43,0,0,0,2,2dbdd409-0be0-447c-8ae8-3f107fe9af80,0.05442349165714386
2dbdd409-0be0-447c-8ae8-3f107fe9af80_163-46,3,0,0,2,2dbdd409-0be0-447c-8ae8-3f107fe9af80,0.7478865161123665
2dbdd409-0be0-447c-8ae8-3f107fe9af80_164-34,1,0,0,2,2dbdd409-0be0-447c-8ae8-3f107fe9af80,0.33948228402796277
2dbdd409-0be0-447c-8ae8-3f107fe9af80_1653-80,1,0,0,2,2dbdd409-0be0-447c-8ae8-3f107fe9af80,0.2285424030724749
2dbdd409-0be0-447c-8ae8-3f107fe9af80_1697-32,2,0,0,2,2dbdd409-0be0-447c-8ae8-3f107fe9af80,0.5290193754074919
2dbdd409-0be0-447c-8ae8-3f107fe9af80_1764-16,0,0,0,2,2dbdd409-0be0-447c-8ae8-3f107fe9af80,1.0498697990504344
2dbdd409-0be0-447c-8ae8-3f107fe9af80_1872-88,3,0,0,2,2dbdd409-0be0-447c-8ae8-3f107fe9af80,0.4981830154790957
2dbdd409-0be0-447c-8ae8-3f107fe9af80_19-50,2,0,0,2,2dbdd409-0be0-447c-8ae8-3f107fe9af80,0.5290193754074919
2dbdd409-0be0-447c-8ae8-3f107fe9af80_989-72,3,0,0,2,2dbdd409-0be0-447c-8ae8-3f107fe9af80,0.7170501561839704
2dfec7b6-c8b0-4cd0-baf6-4a963aed1d6a_1092-32,3,0,0,1,2dfec7b6-c8b0-4cd0-baf6-4a963aed1d6a,0.36818022019883345
2dfec7b6-c8b0-4cd0-baf6-4a963aed1d6a_1906-66,2,0,0,1,2dfec7b6-c8b0-4cd0-baf6-4a963aed1d6a,0.3260999545552524
2dff68c2-6310-4763-8d39-05a1dbe40fda_501-39,1,0,0,2,2dff68c2-6310-4763-8d39-05a1dbe40fda,0.4319913638131514
2e04b2bb-e5d3-4f66-a16e-f7756e14e749_392-62,2,0,0,3,2e04b2bb-e5d3-4f66-a16e-f7756e14e749,0.07854878758072373
2eb4e516-9d71-4b68-847e-e1b0cb339b0a_684-96,0,0,0,4,2eb4e516-9d71-4b68-847e-e1b0cb339b0a,0.4332467283832545
2ebcbb25-b099-44fa-8e8d-94d574413db9_5599-48,2,0,0,3,2ebcbb25-b099-44fa-8e8d-94d574413db9,0.819847956273947
2ec3c123-0a04-46d7-97d5-8b85b5e6d06f_1372-45,2,0,0,1,2ec3c123-0a04-46d7-97d5-8b85b5e6d06f,0.5803030327841417
2ec3c123-0a04-46d7-97d5-8b85b5e6d06f_249-67,0,0,0,1,2ec3c123-0a04-46d7-97d5-8b85b5e6d06f,0.40596745285255065
2ec3c123-0a04-46d7-97d5-8b85b5e6d06f_271-92,3,0,0,1,2ec3c123-0a04-46d7-97d5-8b85b5e6d06f,0.4394616525164041
2ec3c123-0a04-46d7-97d5-8b85b5e6d06f_432-01,0,0,0,1,2ec3c123-0a04-46d7-97d5-8b85b5e6d06f,0.15777889198092857
2efc9b47-0a23-4247-89a6-db46dae6c998_328-94,0,0,0,4,2efc9b47-0a23-4247-89a6-db46dae6c998,0.03229618507447876
2efc9b47-0a23-4247-89a6-db46dae6c998_416-58,0,0,0,4,2efc9b47-0a23-4247-89a6-db46dae6c998,0.15123443258841004
3024e27a-237a-4b48-8ea9-b9b16181eaf1_310-08,2,1,1,0,3024e27a-237a-4b48-8ea9-b9b16181eaf1,0.14599645202001235
3024e27a-237a-4b48-8ea9-b9b16181eaf1_49-89,2,0,0,0,3024e27a-237a-4b48-8ea9-b9b16181eaf1,0.5685468923339889
307b1878-875f-4703-bfe9-32d11d20853f_32-44,2,0,0,3,307b1878-875f-4703-bfe9-32d11d20853f,0.14705897354526468
307b1878-875f-4703-bfe9-32d11d20853f_63-96,2,1,1,3,307b1878-875f-4703-bfe9-32d11d20853f,0.20434599804662731
307b1878-875f-4703-bfe9-32d11d20853f_94-03,3,0,0,3,307b1878-875f-4703-bfe9-32d11d20853f,0.783917539245392
3091004e-8606-417e-8bc2-7922f951845f_1921-59,2,1,1,1,3091004e-8606-417e-8bc2-7922f951845f,-0.21837195018883993
3091004e-8606-417e-8bc2-7922f951845f_73-46,1,1,1,1,3091004e-8606-417e-8bc2-7922f951845f,0.42915410216927297
31254977-d873-4b22-ba1a-aca3fe028ba8_233-94,0,0,0,1,31254977-d873-4b22-ba1a-aca3fe028ba8,0.5468088331202883
313cc9d1-c87f-44ec-9900-3ee8d75389be_148-43,1,0,0,0,313cc9d1-c87f-44ec-9900-3ee8d75389be,0.08802772591957359
3178c414-453e-44e9-b192-67dba2ccc982_1088-81,1,0,0,2,3178c414-453e-44e9-b192-67dba2ccc982,0.13302070208118502
3178c414-453e-44e9-b192-67dba2ccc982_565-83,2,1,1,2,3178c414-453e-44e9-b192-67dba2ccc982,0.6399592563629799
31818126-5e0f-4b01-b532-1514587bceec_1514-30,0,1,1,0,31818126-5e0f-4b01-b532-1514587bceec,0.38479736867511305
31bb1175-5459-4812-bb9e-f9300e2733f1_3549-55,1,0,0,0,31bb1175-5459-4812-bb9e-f9300e2733f1,0.4476877674543316
31bb1175-5459-4812-bb9e-f9300e2733f1_3707-13,3,0,0,0,31bb1175-5459-4812-bb9e-f9300e2733f1,0.6992493625712057
324ec8a1-3bd1-46b6-9abb-a824e53c0879_1801-82,3,0,0,4,324ec8a1-3bd1-46b6-9abb-a824e53c0879,0.015134237181777505
32c34069-0111-4d89-9e55-1c68f18705ad_8758-17,1,0,0,3,32c34069-0111-4d89-9e55-1c68f18705ad,0.22344167288041486
330c1e0d-b71a-452e-8b68-fdb96fa8a6ca_1228-35,2,1,1,1,330c1e0d-b71a-452e-8b68-fdb96fa8a6ca,0.21875277395136813
342cb558-ab3e-4b04-8169-a68bbf06a448_1575-74,3,0,0,1,342cb558-ab3e-4b04-8169-a68bbf06a448,0.7864113280121828
343f8d57-6331-40f3-823c-2aee4d5cc10f_1162-80,0,0,0,2,343f8d57-6331-40f3-823c-2aee4d5cc10f,0.1807815525768299
343f8d57-6331-40f3-823c-2aee4d5cc10f_686-43,0,0,0,2,343f8d57-6331-40f3-823c-2aee4d5cc10f,0.6523648151210767
3455a3f3-1657-46bb-ae42-52d16ec5ffaa_4842-46,1,0,0,1,3455a3f3-1657-46bb-ae42-52d16ec5ffaa,0.2840196889116715
3455a3f3-1657-46bb-ae42-52d16ec5ffaa_6236-63,2,0,0,1,3455a3f3-1657-46bb-ae42-52d16ec5ffaa,0.42915410216927297
3455a3f3-1657-46bb-ae42-52d16ec5ffaa_959-38,2,1,1,1,3455a3f3-1657-46bb-ae42-52d16ec5ffaa,0.13888527565407002
34590a11-c136-4423-bdc4-c6a45221e546_565-25,3,0,0,3,34590a11-c136-4423-bdc4-c6a45221e546,0.18525032321283977
348180aa-c90b-463a-8b3f-0743469a8b59_3591-71,3,0,0,1,348180aa-c90b-463a-8b3f-0743469a8b59,0.0590177773567718
348180aa-c90b-463a-8b3f-0743469a8b59_5526-16,3,0,0,1,348180aa-c90b-463a-8b3f-0743469a8b59,0.38707383652569194
348180aa-c90b-463a-8b3f-0743469a8b59_7126-75,3,0,0,1,348180aa-c90b-463a-8b3f-0743469a8b59,0.2041521906143733
348180aa-c90b-463a-8b3f-0743469a8b59_7135-61,3,0,0,1,348180aa-c90b-463a-8b3f-0743469a8b59,0.22733883993109563
348f0f69-cd49-4c00-af91-f1765155e858_1084-90,3,0,0,0,348f0f69-cd49-4c00-af91-f1765155e858,0.4879741424142173
348f0f69-cd49-4c00-af91-f1765155e858_1127-21,2,0,0,0,348f0f69-cd49-4c00-af91-f1765155e858,0.17352214851812478
356661f5-767b-495d-95c7-03dcc46f85c6_1826-46,3,1,1,4,356661f5-767b-495d-95c7-03dcc46f85c6,0.46145151229276404
356661f5-767b-495d-95c7-03dcc46f85c6_1858-56,0,0,0,4,356661f5-767b-495d-95c7-03dcc46f85c6,1.127252403503683
356661f5-767b-495d-95c7-03dcc46f85c6_1860-68,1,0,0,4,356661f5-767b-495d-95c7-03dcc46f85c6,0.5337920969692557
356dd07e-8165-494c-9be8-b82d314bf88d_895-74,1,0,0,2,356dd07e-8165-494c-9be8-b82d314bf88d,0.3225577934607141
3588502f-e1c1-426c-81d6-6fac28e6c81a_531-41,2,0,0,1,3588502f-e1c1-426c-81d6-6fac28e6c81a,0.922959675290057
358b4617-283d-48df-bfd8-523cbb525b5d_227-18,0,0,0,4,358b4617-283d-48df-bfd8-523cbb525b5d,0.16104633756998946
358e65ba-1ce0-46f6-a1b4-1c85569ef628_3143-38,0,0,0,3,358e65ba-1ce0-46f6-a1b4-1c85569ef628,0.08416036831231286
35ab724d-5dba-4094-927b-e7bc5ad8cf41_56-56,4,1,1,2,35ab724d-5dba-4094-927b-e7bc5ad8cf41,0.496676704876045
35b1a8c7-80fd-402f-b240-768926b7bcee_285-73,1,1,1,0,35b1a8c7-80fd-402f-b240-768926b7bcee,0.21380852347801063
35b1a8c7-80fd-402f-b240-768926b7bcee_562-55,0,0,0,0,35b1a8c7-80fd-402f-b240-768926b7bcee,0.43000541631377853
35b37e37-6bb1-4131-be37-693e9b794a97_1345-02,0,0,0,0,35b37e37-6bb1-4131-be37-693e9b794a97,0.6491196422537606
35d92405-7ebf-4e54-8b9a-7cce8af30a79_63-09,1,0,0,4,35d92405-7ebf-4e54-8b9a-7cce8af30a79,0.6429184395016073
35e004f4-ad64-4835-9358-38a58b431252_2629-86,2,0,0,3,35e004f4-ad64-4835-9358-38a58b431252,1.3612281478051367
3625b3d9-e323-4c05-a27a-aba79f01a5bd_18-58,2,0,0,2,3625b3d9-e323-4c05-a27a-aba79f01a5bd,0.5891857846612336
3639ab8f-880a-45bd-b8a9-6ef6bdaad4ff_355-03,3,0,0,0,3639ab8f-880a-45bd-b8a9-6ef6bdaad4ff,0.7267750590693182
366b71ad-3f35-4704-b6ef-e793c7e73ac6_1040-50,2,0,0,2,366b71ad-3f35-4704-b6ef-e793c7e73ac6,0.8926753782023522
366b71ad-3f35-4704-b6ef-e793c7e73ac6_1178-68,2,1,1,2,366b71ad-3f35-4704-b6ef-e793c7e73ac6,0.14843888204538316
366b71ad-3f35-4704-b6ef-e793c7e73ac6_15-36,3,0,0,2,366b71ad-3f35-4704-b6ef-e793c7e73ac6,0.4643340343445983
366b71ad-3f35-4704-b6ef-e793c7e73ac6_41-78,0,0,0,2,366b71ad-3f35-4704-b6ef-e793c7e73ac6,0.5767802259031368
36baa5a9-16bf-4ad6-b011-4d7daae6b8f9_1264-03,3,1,1,1,36baa5a9-16bf-4ad6-b011-4d7daae6b8f9,0.866278826309481
36baa5a9-16bf-4ad6-b011-4d7daae6b8f9_423-57,1,0,0,1,36baa5a9-16bf-4ad6-b011-4d7daae6b8f9,0.3407005378922473
36baa5a9-16bf-4ad6-b011-4d7daae6b8f9_641-91,0,0,0,1,36baa5a9-16bf-4ad6-b011-4d7daae6b8f9,0.7718107446751881
375ca7e7-1e3c-4159-9f7f-4691ef11f322_68-87,2,0,0,3,375ca7e7-1e3c-4159-9f7f-4691ef11f322,0.24253734771420246
375ca7e7-1e3c-4159-9f7f-4691ef11f322_70-62,1,1,1,3,375ca7e7-1e3c-4159-9f7f-4691ef11f322,0.38743023301389357
3761fbb4-3e0e-4b15-a277-fec95edacf04_1783-59,1,0,0,3,3761fbb4-3e0e-4b15-a277-fec95edacf04,0.045969018644737764
3761fbb4-3e0e-4b15-a277-fec95edacf04_2287-87,2,0,0,3,3761fbb4-3e0e-4b15-a277-fec95edacf04,0.8389436311077345
3761fbb4-3e0e-4b15-a277-fec95edacf04_2288-64,2,0,0,3,3761fbb4-3e0e-4b15-a277-fec95edacf04,0.5952217235465366
3761fbb4-3e0e-4b15-a277-fec95edacf04_4702-37,0,0,0,3,3761fbb4-3e0e-4b15-a277-fec95edacf04,0.4559404189784345
378af037-7200-4d75-8f83-ddc74e1cd2dc_3193-87,4,1,1,3,378af037-7200-4d75-8f83-ddc74e1cd2dc,0.48625925527540037
378af037-7200-4d75-8f83-ddc74e1cd2dc_3511-24,0,0,0,3,378af037-7200-4d75-8f83-ddc74e1cd2dc,-0.036025261422001575
381c4c64-a697-42ab-90ab-a515740bf484_1318-72,3,1,1,2,381c4c64-a697-42ab-90ab-a515740bf484,0.21312422310827675
381c4c64-a697-42ab-90ab-a515740bf484_578-95,2,1,1,2,381c4c64-a697-42ab-90ab-a515740bf484,1.157797058799821
38737402-19bd-4689-9e74-3af391b15feb_1017-05,1,0,0,1,38737402-19bd-4689-9e74-3af391b15feb,0.41026048584241437
38737402-19bd-4689-9e74-3af391b15feb_1338-80,1,0,0,1,38737402-19bd-4689-9e74-3af391b15feb,0.935838774259648
38737402-19bd-4689-9e74-3af391b15feb_1424-12,3,1,1,1,38737402-19bd-4689-9e74-3af391b15feb,0.2419394232680905
38737402-19bd-4689-9e74-3af391b15feb_650-15,2,0,0,1,38737402-19bd-4689-9e74-3af391b15feb,0.4205680361895454
38788778-0822-4c9c-b51e-5bce8a765a97_83-68,3,0,0,4,38788778-0822-4c9c-b51e-5bce8a765a97,0.40627287550897384
38788778-0822-4c9c-b51e-5bce8a765a97_91-28,3,1,1,4,38788778-0822-4c9c-b51e-5bce8a765a97,0.43447765941848326
38a66acf-33c8-4ed5-b814-7322087b2e21_2113-44,0,0,0,3,38a66acf-33c8-4ed5-b814-7322087b2e21,0.12235171797988798
38a66acf-33c8-4ed5-b814-7322087b2e21_4267-76,3,1,1,3,38a66acf-33c8-4ed5-b814-7322087b2e21,0.2402764150751823
38a66acf-33c8-4ed5-b814-7322087b2e21_835-53,2,1,1,3,38a66acf-33c8-4ed5-b814-7322087b2e21,-0.0989238666549534
38a7b760-56f9-4565-8b70-f8dad5768ace_296-28,0,1,1,2,38a7b760-56f9-4565-8b70-f8dad5768ace,0.6847074856525235
38a8d256-8d63-4f28-8837-ebd80dcd10e7_227-55,0,0,0,1,38a8d256-8d63-4f28-8837-ebd80dcd10e7,0.2608330395949492
38b56399-3b1c-421d-8a80-1e5f54fcd667_0-84,3,0,0,0,38b56399-3b1c-421d-8a80-1e5f54fcd667,0.3523499994982209
38b56399-3b1c-421d-8a80-1e5f54fcd667_806-77,3,1,1,0,38b56399-3b1c-421d-8a80-1e5f54fcd667,0.7169317137117588
38b6d0fe-e317-47a1-8fa3-87e7a4a21183_375-27,1,1,1,1,38b6d0fe-e317-47a1-8fa3-87e7a4a21183,0.48583495114984876
38b6d0fe-e317-47a1-8fa3-87e7a4a21183_80-19,3,0,0,1,38b6d0fe-e317-47a1-8fa3-87e7a4a21183,0.5614094164572833
39208fca-0c54-48e9-b4f3-b4803bb67661_3315-32,3,0,0,0,39208fca-0c54-48e9-b4f3-b4803bb67661,0.3445109937152273
3925576b-6900-4112-8620-8739de771da9_2447-44,3,1,1,4,3925576b-6900-4112-8620-8739de771da9,0.06050096898398835
39a53568-d759-4f19-ac19-bc4ba29b5c17_726-07,2,0,0,3,39a53568-d759-4f19-ac19-bc4ba29b5c17,0.3245316277809418
39af7641-e376-4a99-977f-4d7f746e14ba_79-79,0,0,0,2,39af7641-e376-4a99-977f-4d7f746e14ba,0.2902151229292673
39d0559a-d1e8-4fca-b7f4-db87bbbbde7e_857-69,3,0,0,0,39d0559a-d1e8-4fca-b7f4-db87bbbbde7e,0.1686004758393451
39d1462e-506c-482b-9c9e-a94cffd71563_2316-87,1,0,0,3,39d1462e-506c-482b-9c9e-a94cffd71563,0.059453112746936154
3a53bfdc-daf7-4bbc-bb9f-af449021d237_1629-28,3,0,0,4,3a53bfdc-daf7-4bbc-bb9f-af449021d237,0.4896562962022737
3a718f0f-a85e-4461-b5bc-94c5a8d300a8_648-56,1,0,0,3,3a718f0f-a85e-4461-b5bc-94c5a8d300a8,0.22344167288041486
3a839ee1-2391-43bb-a253-c2c45d753bac_271-43,3,0,0,2,3a839ee1-2391-43bb-a253-c2c45d753bac,0.33797597342491226
3a9a814d-222f-4712-97b4-a71d9f8b5a4a_277-20,2,1,1,1,3a9a814d-222f-4712-97b4-a71d9f8b5a4a,0.07791139368363045
3a9a814d-222f-4712-97b4-a71d9f8b5a4a_288-34,2,0,0,1,3a9a814d-222f-4712-97b4-a71d9f8b5a4a,-0.0019561046136677696
3ab744ba-9969-452c-a825-38affebd4139_13-22,1,0,0,2,3ab744ba-9969-452c-a825-38affebd4139,0.03900531169294577
3ab744ba-9969-452c-a825-38affebd4139_319-13,1,0,0,2,3ab744ba-9969-452c-a825-38affebd4139,0.18228786317988058
3ae05e5a-f724-41e8-9000-90b7dd31379b_288-48,1,0,0,1,3ae05e5a-f724-41e8-9000-90b7dd31379b,0.4961425014969799
3b021bad-6945-4be2-a7db-44af3db1eae8_2667-18,1,0,0,4,3b021bad-6945-4be2-a7db-44af3db1eae8,0.22357501726490162
3b342c9c-eb30-4cc6-8ced-53c4fb7b3a8d_290-89,1,0,0,0,3b342c9c-eb30-4cc6-8ced-53c4fb7b3a8d,-0.03775307163886346
3b342c9c-eb30-4cc6-8ced-53c4fb7b3a8d_783-98,1,1,1,0,3b342c9c-eb30-4cc6-8ced-53c4fb7b3a8d,0.5331821900528829
3b3ecf0c-ee8d-4518-bf1c-3301ba44c743_226-48,0,0,0,0,3b3ecf0c-ee8d-4518-bf1c-3301ba44c743,0.9056029100494143
3be8d10c-8e88-4f29-af13-6eab7b509ed8_7-19,1,0,0,2,3be8d10c-8e88-4f29-af13-6eab7b509ed8,0.3225577934607141
3c54ff87-27c0-4ab8-b934-4f0289221bff_279-60,1,1,1,3,3c54ff87-27c0-4ab8-b934-4f0289221bff,0.2728561840111683
3c5841d6-8d79-4aa7-b020-bbb6ef114b42_402-54,4,1,1,3,3c5841d6-8d79-4aa7-b020-bbb6ef114b42,0.537934699045174
3c9b7fa8-5588-46a7-aafa-0a1404bfbbd7_1020-57,2,0,0,1,3c9b7fa8-5588-46a7-aafa-0a1404bfbbd7,0.0590177773567718
3c9ce1b1-9eaa-4e3d-9ebb-91f9d904178e_1420-03,3,0,0,2,3c9ce1b1-9eaa-4e3d-9ebb-91f9d904178e,-0.07042825865949155
3c9ce1b1-9eaa-4e3d-9ebb-91f9d904178e_2345-99,1,0,0,2,3c9ce1b1-9eaa-4e3d-9ebb-91f9d904178e,0.6692893056883255
3c9ce1b1-9eaa-4e3d-9ebb-91f9d904178e_2453-52,3,0,0,2,3c9ce1b1-9eaa-4e3d-9ebb-91f9d904178e,0.5120948848402431
3ce37765-7d70-4dd6-991c-a83286ba05b2_1423-56,2,0,0,0,3ce37765-7d70-4dd6-991c-a83286ba05b2,0.46537011859488464
3ce37765-7d70-4dd6-991c-a83286ba05b2_1423-60,3,0,0,0,3ce37765-7d70-4dd6-991c-a83286ba05b2,0.2816205949360088
3d93c92c-8c12-4972-9f29-c8bef5c321ba_1742-89,0,0,0,1,3d93c92c-8c12-4972-9f29-c8bef5c321ba,0.2651260725848128
3d93c92c-8c12-4972-9f29-c8bef5c321ba_832-45,2,0,0,1,3d93c92c-8c12-4972-9f29-c8bef5c321ba,0.7864113280121828
3d98a5d2-a34b-499e-98f2-9195f300394a_3004-17,3,0,0,2,3d98a5d2-a34b-499e-98f2-9195f300394a,0.21161791250522619
3dbe950d-163c-40a4-9590-494748e1dd39_1644-63,1,0,0,4,3dbe950d-163c-40a4-9590-494748e1dd39,0.042108090056058284
3dbe950d-163c-40a4-9590-494748e1dd39_6666-20,1,1,1,4,3dbe950d-163c-40a4-9590-494748e1dd39,-0.06701825247629353
3dd00666-a34d-4b45-bb4c-7a4c2342e475_1264-75,2,1,1,1,3dd00666-a34d-4b45-bb4c-7a4c2342e475,0.4205680361895454
3dd08c84-ee0a-4fa6-a859-98fd969ec720_1276-65,2,0,0,0,3dd08c84-ee0a-4fa6-a859-98fd969ec720,-0.06527876813697597
3dd08c84-ee0a-4fa6-a859-98fd969ec720_518-21,3,0,0,0,3dd08c84-ee0a-4fa6-a859-98fd969ec720,0.4830524697354376
3de48a49-665d-4c1b-9655-82532e108e6a_1393-69,2,0,0,1,3de48a49-665d-4c1b-9655-82532e108e6a,0.2041521906143733
3de48a49-665d-4c1b-9655-82532e108e6a_1395-29,3,0,0,1,3de48a49-665d-4c1b-9655-82532e108e6a,0.6919432463778898
3decc0f8-9806-40dd-83d5-26c495dd7830_2268-25,2,0,0,2,3decc0f8-9806-40dd-83d5-26c495dd7830,0.1638570620095812
3decc0f8-9806-40dd-83d5-26c495dd7830_5147-61,0,0,0,2,3decc0f8-9806-40dd-83d5-26c495dd7830,0.10369065275583944
3df50de7-7ef7-4938-9cdb-fb2d07751084_666-85,1,0,0,2,3df50de7-7ef7-4938-9cdb-fb2d07751084,0.4643340343445983
3e418323-3ff7-4d03-9b60-275f1e20f5dc_315-49,2,0,0,3,3e418323-3ff7-4d03-9b60-275f1e20f5dc,0.41213748857927024
3e418323-3ff7-4d03-9b60-275f1e20f5dc_589-19,0,0,0,3,3e418323-3ff7-4d03-9b60-275f1e20f5dc,0.5300621856745646
3ea1662a-6766-4bc9-8d42-9b48d4e8384c_132-89,2,0,0,1,3ea1662a-6766-4bc9-8d42-9b48d4e8384c,0.44804771849613156
3efc152d-ea0e-4372-b552-7d5e1cf07259_14658-02,0,1,1,4,3efc152d-ea0e-4372-b552-7d5e1cf07259,0.46145151229276404
3efc152d-ea0e-4372-b552-7d5e1cf07259_6116-76,3,0,0,4,3efc152d-ea0e-4372-b552-7d5e1cf07259,0.2517798011744111
3efc152d-ea0e-4372-b552-7d5e1cf07259_6416-63,2,0,0,4,3efc152d-ea0e-4372-b552-7d5e1cf07259,-0.14058976818801389
3f292ce2-fb0d-477e-b6b5-18c6ef38366e_2018-00,2,0,0,1,3f292ce2-fb0d-477e-b6b5-18c6ef38366e,0.5931821317537331
3f292ce2-fb0d-477e-b6b5-18c6ef38366e_889-07,0,1,1,1,3f292ce2-fb0d-477e-b6b5-18c6ef38366e,0.6412769147545814
3f712a5b-c1cf-4f2a-b0ab-ca0e2e4f0e3c_1166-83,2,0,0,2,3f712a5b-c1cf-4f2a-b0ab-ca0e2e4f0e3c,0.4011550038847552
3f712a5b-c1cf-4f2a-b0ab-ca0e2e4f0e3c_119-87,1,1,1,2,3f712a5b-c1cf-4f2a-b0ab-ca0e2e4f0e3c,0.08525985158554009
3f7f5927-02e7-42ea-a31a-edea41bc17f9_565-60,1,0,0,2,3f7f5927-02e7-42ea-a31a-edea41bc17f9,-0.024173718766897265
3f8dbb4f-ad5e-4d54-bf95-3ddbe968a85d_27-63,3,0,0,1,3f8dbb4f-ad5e-4d54-bf95-3ddbe968a85d,0.565702449447147
3fb410d6-e5aa-49d3-b184-75ec9651550f_2226-52,0,0,0,0,3fb410d6-e5aa-49d3-b184-75ec9651550f,0.10571007706012656
3ffb9247-a141-4056-a644-dd3fbab708a4_364-69,2,0,0,4,3ffb9247-a141-4056-a644-dd3fbab708a4,0.47003248623911476
3ffeedef-3088-4e70-a21d-3578f07546a2_2438-39,0,1,1,3,3ffeedef-3088-4e70-a21d-3578f07546a2,1.4623181027056638
3ffeedef-3088-4e70-a21d-3578f07546a2_632-12,2,0,0,3,3ffeedef-3088-4e70-a21d-3578f07546a2,0.18525032321283977
3fffb452-1c17-43fa-b473-c9e19ac21433_2774-23,2,0,0,3,3fffb452-1c17-43fa-b473-c9e19ac21433,0.6255405598435024
4065f62a-faae-4926-aee8-1d5bf73661a3_2321-27,0,1,1,0,4065f62a-faae-4926-aee8-1d5bf73661a3,0.49289581509299707
4065f62a-faae-4926-aee8-1d5bf73661a3_382-42,1,0,0,0,4065f62a-faae-4926-aee8-1d5bf73661a3,-0.3846524347118483
406f3614-0b99-4b3f-b3cb-a4590bad9e27_288-93,3,0,0,4,406f3614-0b99-4b3f-b3cb-a4590bad9e27,0.29714653297662197
406f3614-0b99-4b3f-b3cb-a4590bad9e27_811-10,2,0,0,4,406f3614-0b99-4b3f-b3cb-a4590bad9e27,0.6980970762853977
407df63f-c7a8-4c18-aa0f-b8e6ae16a938_620-12,2,0,0,1,407df63f-c7a8-4c18-aa0f-b8e6ae16a938,0.16207192497079234
408acdc8-c286-482b-91ba-3fcda24fedc3_1554-86,1,1,1,0,408acdc8-c286-482b-91ba-3fcda24fedc3,0.5459428685146561
40b33c95-3689-4ec8-8765-7e926f623b75_1593-37,1,0,0,1,40b33c95-3689-4ec8-8765-7e926f623b75,0.9968126562300877
40b33c95-3689-4ec8-8765-7e926f623b75_530-94,2,0,0,1,40b33c95-3689-4ec8-8765-7e926f623b75,0.7589316457055968
40b33c95-3689-4ec8-8765-7e926f623b75_726-75,3,0,0,1,40b33c95-3689-4ec8-8765-7e926f623b75,0.44804771849613156
40f3258a-f7d8-4b05-8b6a-bd9f8d5b85fb_792-58,3,0,0,2,40f3258a-f7d8-4b05-8b6a-bd9f8d5b85fb,0.4504221649834508
41c32675-1cc9-47f2-82e5-5ef1eacb720b_92-49,3,1,1,2,41c32675-1cc9-47f2-82e5-5ef1eacb720b,0.21312422310827675
41ebc581-9f9a-44d5-9c73-8bf287c43856_3353-58,2,0,0,3,41ebc581-9f9a-44d5-9c73-8bf287c43856,0.21556915950980562
4209376c-04be-47f0-b905-835fedde4cd0_5602-77,1,0,0,2,4209376c-04be-47f0-b905-835fedde4cd0,0.41506687324590263
421a0364-6ed6-4bd4-8db2-5de8e245c9bc_455-02,3,0,0,4,421a0364-6ed6-4bd4-8db2-5de8e245c9bc,0.5987826387346253
421a0364-6ed6-4bd4-8db2-5de8e245c9bc_549-95,1,0,0,4,421a0364-6ed6-4bd4-8db2-5de8e245c9bc,-0.15898264711594404
42263a6a-e984-4dd9-82db-a43d6e879c8f_528-58,3,0,0,0,42263a6a-e984-4dd9-82db-a43d6e879c8f,0.19612617233745747
42263a6a-e984-4dd9-82db-a43d6e879c8f_828-54,3,0,0,0,42263a6a-e984-4dd9-82db-a43d6e879c8f,0.10571007706012656
426eb9d9-d4cf-4acc-9efb-979f61a5be91_785-24,0,1,1,2,426eb9d9-d4cf-4acc-9efb-979f61a5be91,0.6877201068586248
428a80ce-ccc8-46e3-9cbb-419d224f148a_1420-33,0,1,1,2,428a80ce-ccc8-46e3-9cbb-419d224f148a,0.5275130648044413
428a80ce-ccc8-46e3-9cbb-419d224f148a_679-57,3,0,0,2,428a80ce-ccc8-46e3-9cbb-419d224f148a,0.4658403449476489
42c08776-8832-4d37-8844-3ce89e405c62_1474-11,3,0,0,0,42c08776-8832-4d37-8844-3ce89e405c62,0.6088332672938747
42d72164-8f4a-49e4-8b95-b3ad423ba65b_1273-76,0,0,0,0,42d72164-8f4a-49e4-8b95-b3ad423ba65b,0.5410211958358766
42d72164-8f4a-49e4-8b95-b3ad423ba65b_1368-26,1,1,1,0,42d72164-8f4a-49e4-8b95-b3ad423ba65b,0.3297459756788882
42d72164-8f4a-49e4-8b95-b3ad423ba65b_138-24,1,0,0,0,42d72164-8f4a-49e4-8b95-b3ad423ba65b,1.3684397253232765
42d72164-8f4a-49e4-8b95-b3ad423ba65b_149-58,2,0,0,0,42d72164-8f4a-49e4-8b95-b3ad423ba65b,0.4702917912736644
42d72164-8f4a-49e4-8b95-b3ad423ba65b_1575-60,0,0,0,0,42d72164-8f4a-49e4-8b95-b3ad423ba65b,0.28945960071900234
42d72164-8f4a-49e4-8b95-b3ad423ba65b_81-84,1,0,0,0,42d72164-8f4a-49e4-8b95-b3ad423ba65b,0.10571007706012656
4335b0cc-e10c-45df-aad3-a1fa66b7a7a8_2029-73,0,0,0,4,4335b0cc-e10c-45df-aad3-a1fa66b7a7a8,0.5889707337530459
434a5651-9901-4b32-b782-d9a2bb52e805_711-02,2,0,0,3,434a5651-9901-4b32-b782-d9a2bb52e805,-0.047248422885179914
439cfa9c-ef6b-41ba-aa5d-2f40b195b374_1380-00,0,0,0,2,439cfa9c-ef6b-41ba-aa5d-2f40b195b374,0.2902151229292673
43d83207-9c41-46aa-90c9-e30a6194be11_354-50,1,1,1,0,43d83207-9c41-46aa-90c9-e30a6194be11,0.5105781662335501
43da1507-f497-4393-85a0-08196c04e16b_2646-34,1,0,0,4,43da1507-f497-4393-85a0-08196c04e16b,0.4970063391133954
44327c5e-9442-4334-b675-8019df3678af_2165-30,1,0,0,4,44327c5e-9442-4334-b675-8019df3678af,0.3253513168861316
444a032d-faef-447e-a5dd-c3c8386672b6_215-22,3,0,0,0,444a032d-faef-447e-a5dd-c3c8386672b6,0.38479736867511305
4469a684-b4f9-4b50-a26f-2943f477a420_980-96,2,0,0,1,4469a684-b4f9-4b50-a26f-2943f477a420,0.48154191815998504
449763d0-a924-40a4-8830-01e7028f9428_3059-66,0,1,1,1,449763d0-a924-40a4-8830-01e7028f9428,-0.035450304277521216
449763d0-a924-40a4-8830-01e7028f9428_3694-63,3,0,0,1,449763d0-a924-40a4-8830-01e7028f9428,-0.06292998658410734
449e14cf-f05e-42ac-bb7e-0ba87617f95a_582-28,1,0,0,0,449e14cf-f05e-42ac-bb7e-0ba87617f95a,0.1509181246987921
44a65997-a52f-4e79-b4bf-cc1d74e39bc2_143-93,0,0,0,3,44a65997-a52f-4e79-b4bf-cc1d74e39bc2,0.8445552118393237
44c5117d-fb5c-4fcf-b648-d7eb76d5f95a_1424-15,1,0,0,2,44c5117d-fb5c-4fcf-b648-d7eb76d5f95a,0.30563330289346524
44c5117d-fb5c-4fcf-b648-d7eb76d5f95a_898-38,1,1,1,2,44c5117d-fb5c-4fcf-b648-d7eb76d5f95a,0.5767802259031368
45c274b8-54e6-4187-9fd9-73c0b0ada28d_109-66,3,0,0,4,45c274b8-54e6-4187-9fd9-73c0b0ada28d,0.6613113184295375
45c274b8-54e6-4187-9fd9-73c0b0ada28d_1281-25,1,0,0,4,45c274b8-54e6-4187-9fd9-73c0b0ada28d,0.03229618507447876
45ed20a0-ba4b-41f2-9498-6084fc15d1e3_113-72,0,1,1,2,45ed20a0-ba4b-41f2-9498-6084fc15d1e3,0.7031382868228229
45f5f3df-072e-4869-b332-cfc3652092b2_997-48,1,0,0,3,45f5f3df-072e-4869-b332-cfc3652092b2,0.39304181374548275
4651e5c2-4371-4af2-8f05-cb8b0b1ec7fd_233-33,2,0,0,0,4651e5c2-4371-4af2-8f05-cb8b0b1ec7fd,0.259016571116676
46c3b557-dbda-4868-a9c8-43741d5815e1_288-99,2,1,1,4,46c3b557-dbda-4868-a9c8-43741d5815e1,0.03229618507447876
470499d1-e015-4d45-a858-ca3e9566085e_2490-62,0,0,0,4,470499d1-e015-4d45-a858-ca3e9566085e,0.24196789619283174
470499d1-e015-4d45-a858-ca3e9566085e_2861-64,2,0,0,4,470499d1-e015-4d45-a858-ca3e9566085e,0.2701726801023413
470499d1-e015-4d45-a858-ca3e9566085e_961-34,0,0,0,4,470499d1-e015-4d45-a858-ca3e9566085e,0.6171755176625555
4756ab70-a3dc-4855-b015-70fd744ea8e8_82-91,3,0,0,3,4756ab70-a3dc-4855-b015-70fd744ea8e8,-0.047248422885179914
4767de01-96e1-4cf4-80f4-1c9d3acd26ed_650-13,3,0,0,0,4767de01-96e1-4cf4-80f4-1c9d3acd26ed,0.38479736867511305
4840195a-580a-44c9-b1de-4bbb792473b5_487-41,2,0,0,1,4840195a-580a-44c9-b1de-4bbb792473b5,0.3638871872089696
48acd7ed-cafc-494b-9e47-8dddcdf0fa75_819-59,3,0,0,4,48acd7ed-cafc-494b-9e47-8dddcdf0fa75,0.7250709291596784
48bd6bfb-1322-41b5-9641-20a647976ea8_10-49,2,1,1,4,48bd6bfb-1322-41b5-9641-20a647976ea8,0.7545066441044168
48bd6bfb-1322-41b5-9641-20a647976ea8_261-42,3,1,1,4,48bd6bfb-1322-41b5-9641-20a647976ea8,0.525211123022905
48d7d009-425f-4d1a-a6a9-a4742bd0d9fe_2349-91,3,0,0,0,48d7d009-425f-4d1a-a6a9-a4742bd0d9fe,-0.36204841089251555
48d7d009-425f-4d1a-a6a9-a4742bd0d9fe_2561-43,0,0,0,0,48d7d009-425f-4d1a-a6a9-a4742bd0d9fe,0.06542370210024076
48d7d009-425f-4d1a-a6a9-a4742bd0d9fe_30-60,3,0,0,0,48d7d009-425f-4d1a-a6a9-a4742bd0d9fe,0.23641254729734326
490b4f30-9bb5-4bf2-966b-13d509b5709b_1247-51,1,0,0,1,490b4f30-9bb5-4bf2-966b-13d509b5709b,0.21875277395136813
4930cced-9b84-464e-88ce-3990188efed6_1781-50,0,0,0,3,4930cced-9b84-464e-88ce-3990188efed6,0.4997433493775988
493dbd4d-bfc7-4086-b4ee-f3d081c34697_864-22,0,0,0,3,493dbd4d-bfc7-4086-b4ee-f3d081c34697,0.3245316277809418
49925bc0-d1f2-4623-891f-147641b0e94f_1165-19,3,0,0,2,49925bc0-d1f2-4623-891f-147641b0e94f,0.7309620255451178
49b14463-2172-4b0e-ad13-fdf9383e9a77_284-00,0,0,0,4,49b14463-2172-4b0e-ad13-fdf9383e9a77,0.10586770078619923
49b14463-2172-4b0e-ad13-fdf9383e9a77_426-72,3,0,0,4,49b14463-2172-4b0e-ad13-fdf9383e9a77,1.499998162902949
49f87e0a-cc34-447e-87ba-209e430aafb0_2852-27,2,0,0,2,49f87e0a-cc34-447e-87ba-209e430aafb0,0.4319913638131514
49f87e0a-cc34-447e-87ba-209e430aafb0_4558-50,2,0,0,2,49f87e0a-cc34-447e-87ba-209e430aafb0,0.35640677459521153
4ac57aee-4ac0-457e-b9de-9419056e4bbd_295-55,2,0,0,1,4ac57aee-4ac0-457e-b9de-9419056e4bbd,0.3218069215653887
4b5de875-cc82-494e-b768-8ac0ae3bb279_1405-68,2,0,0,3,4b5de875-cc82-494e-b768-8ac0ae3bb279,1.3803238226389243
4b5de875-cc82-494e-b768-8ac0ae3bb279_668-27,2,0,0,3,4b5de875-cc82-494e-b768-8ac0ae3bb279,0.6311521405750916
4b5de875-cc82-494e-b768-8ac0ae3bb279_930-87,1,0,0,3,4b5de875-cc82-494e-b768-8ac0ae3bb279,0.26163302254799004
4b5de875-cc82-494e-b768-8ac0ae3bb279_997-77,1,0,0,3,4b5de875-cc82-494e-b768-8ac0ae3bb279,0.9153263304428848
4bd37cff-a43b-4843-b0ff-06ecfe00017e_258-98,2,1,1,3,4bd37cff-a43b-4843-b0ff-06ecfe00017e,0.2807286973817775
4bd37cff-a43b-4843-b0ff-06ecfe00017e_270-00,3,0,0,3,4bd37cff-a43b-4843-b0ff-06ecfe00017e,0.11674013724829882
4bea2a96-1f1f-4149-8447-766553bbba22_1364-79,1,0,0,0,4bea2a96-1f1f-4149-8447-766553bbba22,0.4250837436349988
4bea2a96-1f1f-4149-8447-766553bbba22_1922-01,1,0,0,0,4bea2a96-1f1f-4149-8447-766553bbba22,0.22656920193978383
4bf46557-3c5a-4a89-840d-158403590c9f_1472-48,1,0,0,3,4bf46557-3c5a-4a89-840d-158403590c9f,0.2863402781133667
4bf46557-3c5a-4a89-840d-158403590c9f_3598-37,3,0,0,3,4bf46557-3c5a-4a89-840d-158403590c9f,0.330143208512531
4bf46557-3c5a-4a89-840d-158403590c9f_3687-37,1,0,0,3,4bf46557-3c5a-4a89-840d-158403590c9f,0.23466483434359317
4c53aaac-76f0-4874-ab1c-738286b9698e_727-03,3,1,1,2,4c53aaac-76f0-4874-ab1c-738286b9698e,0.7493928267154171
4c53aaac-76f0-4874-ab1c-738286b9698e_902-84,1,0,0,2,4c53aaac-76f0-4874-ab1c-738286b9698e,0.3549004639921609
4c642620-db0e-4096-9ece-2b2c6fdb47b0_3829-12,3,0,0,4,4c642620-db0e-4096-9ece-2b2c6fdb47b0,0.5803897598066954
4c64e0d9-72f4-427f-995d-112ef1a2b7a1_210-26,0,0,0,0,4c64e0d9-72f4-427f-995d-112ef1a2b7a1,0.6137549399726544
4c6f009a-f0ca-4557-8723-4111761e0a9a_879-68,2,0,0,2,4c6f009a-f0ca-4557-8723-4111761e0a9a,0.24245427243362225
4c70179a-f411-4f81-b44d-cfe34b8f9180_356-35,3,1,1,2,4c70179a-f411-4f81-b44d-cfe34b8f9180,0.7493928267154171
4c70179a-f411-4f81-b44d-cfe34b8f9180_551-50,0,1,1,2,4c70179a-f411-4f81-b44d-cfe34b8f9180,0.11760252211698688
4c70179a-f411-4f81-b44d-cfe34b8f9180_800-64,1,0,0,2,4c70179a-f411-4f81-b44d-cfe34b8f9180,0.07134798222439262
4c9777fc-1997-4dc8-a2d2-ea59c50b32f4_573-78,2,0,0,1,4c9777fc-1997-4dc8-a2d2-ea59c50b32f4,0.5931821317537331
4ca97ff8-bc2a-462b-b4c9-b1a878564bea_94-99,3,0,0,2,4ca97ff8-bc2a-462b-b4c9-b1a878564bea,0.5613620459389388
4cd086c9-e7d4-4cb9-bdfe-9e55830cf52e_3435-93,0,0,0,0,4cd086c9-e7d4-4cb9-bdfe-9e55830cf52e,0.17352214851812478
4d1b11b2-e53a-40a5-a3a5-2b2441c60e17_621-95,3,0,0,1,4d1b11b2-e53a-40a5-a3a5-2b2441c60e17,0.635262397397314
4d24d57d-96ba-4ea1-9542-ee0520d20d3e_1879-56,3,0,0,1,4d24d57d-96ba-4ea1-9542-ee0520d20d3e,0.15777889198092857
4d45174a-6a77-48cd-a8f2-9b93e2d47f07_0-01,3,0,0,0,4d45174a-6a77-48cd-a8f2-9b93e2d47f07,0.42016207095621916
4d45174a-6a77-48cd-a8f2-9b93e2d47f07_604-84,3,0,0,0,4d45174a-6a77-48cd-a8f2-9b93e2d47f07,0.244251553080337
4d45174a-6a77-48cd-a8f2-9b93e2d47f07_653-18,0,1,1,0,4d45174a-6a77-48cd-a8f2-9b93e2d47f07,0.015293981782795618
4d63c029-fd1d-48f2-9f61-7246bb9ef6fc_2979-35,3,0,0,1,4d63c029-fd1d-48f2-9f61-7246bb9ef6fc,0.04012416102991323
4d76c2c7-c6a2-46a6-bc94-0033c629f040_291-37,2,0,0,4,4d76c2c7-c6a2-46a6-bc94-0033c629f040,0.5337920969692557
4d89d233-dbcf-4ea2-a90f-9a2c3b42d1d5_442-41,2,0,0,4,4d89d233-dbcf-4ea2-a90f-9a2c3b42d1d5,0.4982372701486242
4dc1caff-6353-4a05-9382-92031b25f783_279-42,3,0,0,3,4dc1caff-6353-4a05-9382-92031b25f783,0.17176622911064135
4de25e28-5a34-4fbe-bc83-200d513b4d9a_1123-59,2,1,1,2,4de25e28-5a34-4fbe-bc83-200d513b4d9a,0.33797597342491226
4efdd63d-515c-401a-a5b0-e2c84cbee0e6_2722-42,2,0,0,1,4efdd63d-515c-401a-a5b0-e2c84cbee0e6,0.6120757480805917
4efdd63d-515c-401a-a5b0-e2c84cbee0e6_4175-60,0,0,0,1,4efdd63d-515c-401a-a5b0-e2c84cbee0e6,-0.031157271287657523
4f549225-e82e-4294-9379-4891e47725c7_1121-97,2,0,0,0,4f549225-e82e-4294-9379-4891e47725c7,-0.02007072049831049
4f549225-e82e-4294-9379-4891e47725c7_299-04,2,0,0,0,4f549225-e82e-4294-9379-4891e47725c7,0.7041710352499855
4f549225-e82e-4294-9379-4891e47725c7_982-80,3,0,0,0,4f549225-e82e-4294-9379-4891e47725c7,0.4604484459161049
4f80ac6f-b78f-441b-b80d-fa8dd10756c4_471-91,0,0,0,1,4f80ac6f-b78f-441b-b80d-fa8dd10756c4,0.66017053108144
4fde0689-6bc3-49d4-8d54-bf4cfe0ad287_403-70,1,0,0,3,4fde0689-6bc3-49d4-8d54-bf4cfe0ad287,0.17176622911064135
4ff2e551-1ccb-44ce-8b68-09666397f681_554-17,3,0,0,4,4ff2e551-1ccb-44ce-8b68-09666397f681,0.42589668547213266
500be78a-0a13-44c5-8bc6-bafaa9b94354_17-35,0,0,0,0,500be78a-0a13-44c5-8bc6-bafaa9b94354,0.04281967828090802
501d1e55-968d-4c10-9d29-e0f4bee907a0_654-33,0,0,0,3,501d1e55-968d-4c10-9d29-e0f4bee907a0,0.20434599804662731
502debb3-c5f1-4dba-b2d4-b191d40da77a_5606-91,3,0,0,4,502debb3-c5f1-4dba-b2d4-b191d40da77a,0.9077687874037506
508cf068-6523-4368-a6b1-76ba538f1fc9_1359-08,2,0,0,1,508cf068-6523-4368-a6b1-76ba538f1fc9,0.4162750031996817
50c1df1c-e016-472a-b0ac-d297b0c82e87_3264-37,2,0,0,2,50c1df1c-e016-472a-b0ac-d297b0c82e87,0.607616585831533
50f31d76-6f29-4f80-b654-9437a0113bf5_2211-90,1,0,0,4,50f31d76-6f29-4f80-b654-9437a0113bf5,0.8820258655646989
51364391-163c-484c-8de5-122abb5898de_1080-80,3,1,1,1,51364391-163c-484c-8de5-122abb5898de,0.1998591576245096
51364391-163c-484c-8de5-122abb5898de_1357-07,3,0,0,1,51364391-163c-484c-8de5-122abb5898de,0.8473852099826225
51364391-163c-484c-8de5-122abb5898de_1359-23,2,0,0,1,51364391-163c-484c-8de5-122abb5898de,0.3218069215653887
513f572f-6d1c-4a8a-8b57-9c1d0aa363f7_1015-09,3,1,1,3,513f572f-6d1c-4a8a-8b57-9c1d0aa363f7,0.5873492101759272
513f572f-6d1c-4a8a-8b57-9c1d0aa363f7_843-40,3,1,1,3,513f572f-6d1c-4a8a-8b57-9c1d0aa363f7,0.12235171797988798
513f572f-6d1c-4a8a-8b57-9c1d0aa363f7_969-20,2,0,0,3,513f572f-6d1c-4a8a-8b57-9c1d0aa363f7,0.20434599804662731
516ba1f4-5cfd-4dd7-b4b6-a4c0605d1281_1838-55,2,0,0,2,516ba1f4-5cfd-4dd7-b4b6-a4c0605d1281,0.22703609246942427
5181422f-0b2c-4a39-af52-b2ca683e5451_1147-87,3,0,0,1,5181422f-0b2c-4a39-af52-b2ca683e5451,0.2419394232680905
5185ad85-6751-481e-8b28-2d93d2e20770_961-05,3,1,1,3,5185ad85-6751-481e-8b28-2d93d2e20770,0.7648218644116045
5185ad85-6751-481e-8b28-2d93d2e20770_964-94,0,1,1,3,5185ad85-6751-481e-8b28-2d93d2e20770,0.4559404189784345
520374ca-09f9-4716-8176-dd289ea7baa9_540-00,1,0,0,0,520374ca-09f9-4716-8176-dd289ea7baa9,-0.09280446463508843
520374ca-09f9-4716-8176-dd289ea7baa9_659-75,1,0,0,0,520374ca-09f9-4716-8176-dd289ea7baa9,0.9458892850093001
526675a3-acea-4d5b-b5c9-ccb1b89f6e58_421-44,2,1,1,1,526675a3-acea-4d5b-b5c9-ccb1b89f6e58,-0.0019561046136677696
52c312b2-b47d-498d-a368-20db6a8bc879_1510-20,3,1,1,0,52c312b2-b47d-498d-a368-20db6a8bc879,0.8603948624107488
5300d3f7-0674-4e08-bf1d-47b8c38a2842_39-70,3,0,0,1,5300d3f7-0674-4e08-bf1d-47b8c38a2842,0.6223832984277228
5315437a-2530-47e5-a0e4-4ac656c7cfa4_570-57,1,1,1,2,5315437a-2530-47e5-a0e4-4ac656c7cfa4,0.7493928267154171
5318b45a-f8be-4ab2-a807-564d734527fb_1369-45,1,1,1,3,5318b45a-f8be-4ab2-a807-564d734527fb,0.5929607909075164
53bab63b-b6fa-494c-9dc7-c3fe61f234de_999-56,2,0,0,0,53bab63b-b6fa-494c-9dc7-c3fe61f234de,0.047741350959687706
53e92e25-fe03-4311-9a17-c4f6a29ccad1_1365-15,3,0,0,0,53e92e25-fe03-4311-9a17-c4f6a29ccad1,0.17352214851812478
53e92e25-fe03-4311-9a17-c4f6a29ccad1_3512-58,2,0,0,0,53e92e25-fe03-4311-9a17-c4f6a29ccad1,0.39755804713688636
53e92e25-fe03-4311-9a17-c4f6a29ccad1_983-79,3,0,0,0,53e92e25-fe03-4311-9a17-c4f6a29ccad1,0.2943812733977821
54a421d2-763e-4751-a6b4-54e3d6c46cc1_1143-22,2,1,1,4,54a421d2-763e-4751-a6b4-54e3d6c46cc1,0.8341972716920303
54a421d2-763e-4751-a6b4-54e3d6c46cc1_1361-15,2,0,0,4,54a421d2-763e-4751-a6b4-54e3d6c46cc1,0.9519045881707326
54a421d2-763e-4751-a6b4-54e3d6c46cc1_1458-60,3,0,0,4,54a421d2-763e-4751-a6b4-54e3d6c46cc1,0.5889707337530459
54a421d2-763e-4751-a6b4-54e3d6c46cc1_1553-16,1,0,0,4,54a421d2-763e-4751-a6b4-54e3d6c46cc1,0.7986424448713989
54a421d2-763e-4751-a6b4-54e3d6c46cc1_242-12,0,0,0,4,54a421d2-763e-4751-a6b4-54e3d6c46cc1,0.3437441958140617
54a421d2-763e-4751-a6b4-54e3d6c46cc1_676-59,1,0,0,4,54a421d2-763e-4751-a6b4-54e3d6c46cc1,1.0904666456478227
54a421d2-763e-4751-a6b4-54e3d6c46cc1_692-41,2,0,0,4,54a421d2-763e-4751-a6b4-54e3d6c46cc1,0.18802019044427024
54a421d2-763e-4751-a6b4-54e3d6c46cc1_715-92,0,0,0,4,54a421d2-763e-4751-a6b4-54e3d6c46cc1,0.4712634172743435
54adfe07-dcc1-4c3f-90a2-ac93ea7ff6df_173-06,1,0,0,4,54adfe07-dcc1-4c3f-90a2-ac93ea7ff6df,0.3523251697604123
54adfe07-dcc1-4c3f-90a2-ac93ea7ff6df_76-91,0,0,0,4,54adfe07-dcc1-4c3f-90a2-ac93ea7ff6df,0.9261616663316807
555ff1a5-c30b-434c-a251-b5105cdc1fb9_1647-31,3,0,0,2,555ff1a5-c30b-434c-a251-b5105cdc1fb9,0.9389299180949462
55ef5db5-af7c-4ccd-9c7d-a4d415e195b7_753-73,2,1,1,3,55ef5db5-af7c-4ccd-9c7d-a4d415e195b7,0.3683345581801061
55ef5db5-af7c-4ccd-9c7d-a4d415e195b7_857-01,3,0,0,3,55ef5db5-af7c-4ccd-9c7d-a4d415e195b7,0.5053549301091879
5605bd9a-d151-4d5b-b0f6-cfc28ae6937e_2980-56,0,0,0,2,5605bd9a-d151-4d5b-b0f6-cfc28ae6937e,0.05442349165714386
5605bd9a-d151-4d5b-b0f6-cfc28ae6937e_3534-55,3,1,1,2,5605bd9a-d151-4d5b-b0f6-cfc28ae6937e,0.4658403449476489
5605bd9a-d151-4d5b-b0f6-cfc28ae6937e_4053-60,1,0,0,2,5605bd9a-d151-4d5b-b0f6-cfc28ae6937e,0.29172143353231794
5605bd9a-d151-4d5b-b0f6-cfc28ae6937e_457-07,3,0,0,2,5605bd9a-d151-4d5b-b0f6-cfc28ae6937e,0.7648110066796153
5605bd9a-d151-4d5b-b0f6-cfc28ae6937e_709-52,2,1,1,2,5605bd9a-d151-4d5b-b0f6-cfc28ae6937e,0.3872431345236078
5605bd9a-d151-4d5b-b0f6-cfc28ae6937e_999-27,0,0,0,2,5605bd9a-d151-4d5b-b0f6-cfc28ae6937e,-0.1027709291909384
564c0350-9fbf-4659-b310-a929fa3c82e4_555-36,2,0,0,1,564c0350-9fbf-4659-b310-a929fa3c82e4,0.7864113280121828
56504e4e-a228-4b28-baa4-1ce2de03c2d4_1630-93,2,1,1,2,56504e4e-a228-4b28-baa4-1ce2de03c2d4,0.29172143353231794
56c5fea0-73fb-4239-b740-1faf19e75e6f_1246-35,3,0,0,0,56c5fea0-73fb-4239-b740-1faf19e75e6f,0.5636252196552093
56da7a14-f3fe-4dd9-9acb-92917603f42c_469-73,0,0,0,3,56da7a14-f3fe-4dd9-9acb-92917603f42c,0.1987344173150382
56da7a14-f3fe-4dd9-9acb-92917603f42c_521-16,3,0,0,3,56da7a14-f3fe-4dd9-9acb-92917603f42c,0.12235171797988798
570fc280-231c-4a3e-99c2-12eefed1c122_925-58,3,0,0,0,570fc280-231c-4a3e-99c2-12eefed1c122,0.1509181246987921
57467033-41ad-48f8-bc45-26f0b92a1b48_681-96,1,0,0,3,57467033-41ad-48f8-bc45-26f0b92a1b48,1.1096337268733294
57ac6d7c-d317-4f85-aab1-d95ecaaacd5b_290-69,1,0,0,1,57ac6d7c-d317-4f85-aab1-d95ecaaacd5b,0.5803030327841417
57e88d87-257e-434d-953e-6025367e99fe_446-64,2,1,1,4,57e88d87-257e-434d-953e-6025367e99fe,0.2064130693722003
57e88d87-257e-434d-953e-6025367e99fe_448-77,1,1,1,4,57e88d87-257e-434d-953e-6025367e99fe,0.5987826387346253
5826d5ed-1456-443f-b333-202bb216a31d_1637-74,1,0,0,3,5826d5ed-1456-443f-b333-202bb216a31d,0.20434599804662731
583dc873-0ccd-4d04-bb56-4d403ab28e85_218-71,0,0,0,0,583dc873-0ccd-4d04-bb56-4d403ab28e85,0.3445109937152273
584f625d-15b0-49e8-bfa6-718b9cf010e0_834-78,2,0,0,2,584f625d-15b0-49e8-bfa6-718b9cf010e0,0.607616585831533
584fd34c-9bd5-44fd-8266-9d3161d8c790_3302-91,1,0,0,3,584fd34c-9bd5-44fd-8266-9d3161d8c790,0.48852018791442053
596760c3-b1d6-453c-916c-ecbc30ab1c5d_1349-91,2,1,1,1,596760c3-b1d6-453c-916c-ecbc30ab1c5d,-0.11961083556468313
596760c3-b1d6-453c-916c-ecbc30ab1c5d_1392-89,3,0,0,1,596760c3-b1d6-453c-916c-ecbc30ab1c5d,0.1010980430003528
596760c3-b1d6-453c-916c-ecbc30ab1c5d_1448-53,3,0,0,1,596760c3-b1d6-453c-916c-ecbc30ab1c5d,0.2797266559218077
59764b58-1523-48b3-88d2-9fc07880e597_1504-77,3,0,0,2,59764b58-1523-48b3-88d2-9fc07880e597,0.4011550038847552
59857657-5cb1-4268-9c8f-ab6cb3c3ad3b_5306-98,2,1,1,4,59857657-5cb1-4268-9c8f-ab6cb3c3ad3b,0.7888305398898194
59857657-5cb1-4268-9c8f-ab6cb3c3ad3b_5438-01,2,0,0,4,59857657-5cb1-4268-9c8f-ab6cb3c3ad3b,0.44305863336483386
59857657-5cb1-4268-9c8f-ab6cb3c3ad3b_9450-00,0,0,0,4,59857657-5cb1-4268-9c8f-ab6cb3c3ad3b,0.5607659498435363
59857657-5cb1-4268-9c8f-ab6cb3c3ad3b_979-26,2,1,1,4,59857657-5cb1-4268-9c8f-ab6cb3c3ad3b,0.10586770078619923
59976b3b-2328-47f2-a7b3-6f982497ed65_622-81,3,1,1,4,59976b3b-2328-47f2-a7b3-6f982497ed65,1.6557221682727408
5a009b9f-fed2-45a8-8006-b59b655334d1_50-58,0,0,0,0,5a009b9f-fed2-45a8-8006-b59b655334d1,0.42016207095621916
5a9ca82c-bb33-4f05-9e08-efd614269566_1201-43,0,0,0,1,5a9ca82c-bb33-4f05-9e08-efd614269566,0.44804771849613156
5aa01f1b-351d-428b-a1be-1f2edaff6a0c_693-84,1,0,0,0,5aa01f1b-351d-428b-a1be-1f2edaff6a0c,0.23149087461856357
5aa8f84b-aea8-4e40-b710-82b93875e1ae_422-21,1,0,0,4,5aa8f84b-aea8-4e40-b710-82b93875e1ae,0.6159445866273267
5ab334f2-ecc8-4a05-96f8-4320225379b2_1773-43,0,1,1,3,5ab334f2-ecc8-4a05-96f8-4320225379b2,0.10886762387768958
5ab334f2-ecc8-4a05-96f8-4320225379b2_214-77,1,0,0,3,5ab334f2-ecc8-4a05-96f8-4320225379b2,0.27846776474275736
5ab334f2-ecc8-4a05-96f8-4320225379b2_70-12,1,1,1,3,5ab334f2-ecc8-4a05-96f8-4320225379b2,-0.04163684215359076
5ab334f2-ecc8-4a05-96f8-4320225379b2_879-22,3,0,0,3,5ab334f2-ecc8-4a05-96f8-4320225379b2,0.31665911441033257
5ab334f2-ecc8-4a05-96f8-4320225379b2_905-78,0,0,0,3,5ab334f2-ecc8-4a05-96f8-4320225379b2,0.9209379111744739
5b0225e8-b81b-42fe-aa08-b0732b46c8bd_1082-56,0,1,1,0,5b0225e8-b81b-42fe-aa08-b0732b46c8bd,0.4604484459161049
5b0225e8-b81b-42fe-aa08-b0732b46c8bd_1130-00,0,0,0,0,5b0225e8-b81b-42fe-aa08-b0732b46c8bd,0.36219334485578025
5b0225e8-b81b-42fe-aa08-b0732b46c8bd_1130-47,0,0,0,0,5b0225e8-b81b-42fe-aa08-b0732b46c8bd,0.22656920193978383
5b0225e8-b81b-42fe-aa08-b0732b46c8bd_1131-66,2,0,0,0,5b0225e8-b81b-42fe-aa08-b0732b46c8bd,0.33466764835766794
5b0225e8-b81b-42fe-aa08-b0732b46c8bd_381-48,1,1,1,0,5b0225e8-b81b-42fe-aa08-b0732b46c8bd,0.06542370210024076
5b0c9075-f81d-488c-9862-c9c3b9ca27b5_843-40,0,0,0,0,5b0c9075-f81d-488c-9862-c9c3b9ca27b5,1.1119564575276226
5b329676-c4f5-49a7-9999-fa3884190b1e_91-50,3,0,0,3,5b329676-c4f5-49a7-9999-fa3884190b1e,0.6334130732141117
5c172db2-eca2-4f9a-8963-b2111123fef2_81-63,2,0,0,0,5c172db2-eca2-4f9a-8963-b2111123fef2,0.5331821900528829
5c3be03c-07a5-4427-a2fe-449f16e8017b_787-88,3,1,1,3,5c3be03c-07a5-4427-a2fe-449f16e8017b,0.819847956273947
5c9b85ea-24a9-4bfd-8ac2-4ca6f9090231_3247-42,1,0,0,3,5c9b85ea-24a9-4bfd-8ac2-4ca6f9090231,0.04035743791314861
5c9b85ea-24a9-4bfd-8ac2-4ca6f9090231_3510-00,1,1,1,3,5c9b85ea-24a9-4bfd-8ac2-4ca6f9090231,0.3110475336787434
5c9b85ea-24a9-4bfd-8ac2-4ca6f9090231_4576-22,2,0,0,3,5c9b85ea-24a9-4bfd-8ac2-4ca6f9090231,0.33575478924412006
5cab806a-3794-4578-94f2-33c3093151d1_391-05,0,0,0,2,5cab806a-3794-4578-94f2-33c3093151d1,0.21312422310827675
5cab806a-3794-4578-94f2-33c3093151d1_433-69,2,1,1,2,5cab806a-3794-4578-94f2-33c3093151d1,0.6553774363271779
5cab806a-3794-4578-94f2-33c3093151d1_546-82,0,0,0,2,5cab806a-3794-4578-94f2-33c3093151d1,0.008168951764549598
5cee04cd-4adb-4a12-a476-1ba1db44865c_1289-65,0,0,0,0,5cee04cd-4adb-4a12-a476-1ba1db44865c,0.6412806364707669
5cf98bc1-012f-482d-86ee-9337d8747dce_1374-50,3,1,1,1,5cf98bc1-012f-482d-86ee-9337d8747dce,0.3595941542191059
5cf98bc1-012f-482d-86ee-9337d8747dce_2305-61,2,0,0,1,5cf98bc1-012f-482d-86ee-9337d8747dce,0.3218069215653887
5cff48d5-d4e3-465f-8302-64cd493aba53_0-01,2,1,1,3,5cff48d5-d4e3-465f-8302-64cd493aba53,0.1414473928136755
5cff48d5-d4e3-465f-8302-64cd493aba53_399-10,2,0,0,3,5cff48d5-d4e3-465f-8302-64cd493aba53,0.7322420954756185
5d00d9ae-e932-42d5-8eee-ed24f83c8661_0-06,3,0,0,2,5d00d9ae-e932-42d5-8eee-ed24f83c8661,0.4643340343445983
5d090853-467e-4f95-9f9e-ac0582023111_504-40,3,0,0,0,5d090853-467e-4f95-9f9e-ac0582023111,0.5557862138722156
5d8dfcfe-93e4-465e-a548-44c1442ffa29_291-14,2,0,0,1,5d8dfcfe-93e4-465e-a548-44c1442ffa29,0.5699954824370107
5dac9d4b-1ac8-468b-a51b-8b7e0dbe554b_1086-76,1,0,0,1,5dac9d4b-1ac8-468b-a51b-8b7e0dbe554b,0.38278080353582833
5dde766e-e93a-4d48-b3c7-96774f24d39d_560-47,3,0,0,3,5dde766e-e93a-4d48-b3c7-96774f24d39d,0.2099575787782165
5e193b30-3e79-4851-801b-dab99125cd44_2971-00,1,0,0,3,5e193b30-3e79-4851-801b-dab99125cd44,-0.04163684215359076
5e193b30-3e79-4851-801b-dab99125cd44_3348-61,3,0,0,3,5e193b30-3e79-4851-801b-dab99125cd44,0.9838365164074258
5e7a6a04-70d3-4ce5-82ff-971ca6478328_1045-51,0,0,0,1,5e7a6a04-70d3-4ce5-82ff-971ca6478328,0.317513888575525
5e7dbc32-08e0-4266-9bd3-27c412d1af7c_182-45,0,1,1,3,5e7dbc32-08e0-4266-9bd3-27c412d1af7c,0.9097147497112957
5e97e33c-b3ca-48b2-9e7e-069fe39199fb_1921-41,3,0,0,0,5e97e33c-b3ca-48b2-9e7e-069fe39199fb,0.8299518328084226
5e97e33c-b3ca-48b2-9e7e-069fe39199fb_509-89,1,0,0,0,5e97e33c-b3ca-48b2-9e7e-069fe39199fb,0.03789800560212833
5ead8e7c-2600-44b1-afd6-b82cb5f7b9ce_119-97,3,1,1,0,5ead8e7c-2600-44b1-afd6-b82cb5f7b9ce,0.49289581509299707
5ead8e7c-2600-44b1-afd6-b82cb5f7b9ce_195-55,2,0,0,0,5ead8e7c-2600-44b1-afd6-b82cb5f7b9ce,0.23149087461856357
5ead8e7c-2600-44b1-afd6-b82cb5f7b9ce_3241-48,2,0,0,0,5ead8e7c-2600-44b1-afd6-b82cb5f7b9ce,0.259016571116676
5ead8e7c-2600-44b1-afd6-b82cb5f7b9ce_567-35,0,0,0,0,5ead8e7c-2600-44b1-afd6-b82cb5f7b9ce,0.14599645202001235
5ead8e7c-2600-44b1-afd6-b82cb5f7b9ce_568-30,0,0,0,0,5ead8e7c-2600-44b1-afd6-b82cb5f7b9ce,0.9684933088286329
5ed59c41-af9e-4368-a0ce-30d536d34895_1493-26,2,0,0,4,5ed59c41-af9e-4368-a0ce-30d536d34895,0.5153992180413255
5ed59c41-af9e-4368-a0ce-30d536d34895_1575-15,3,0,0,4,5ed59c41-af9e-4368-a0ce-30d536d34895,0.5607659498435363
5ed59c41-af9e-4368-a0ce-30d536d34895_494-33,0,1,1,4,5ed59c41-af9e-4368-a0ce-30d536d34895,0.7888305398898194
5f0ed597-4f1e-4075-81dc-64a3c0bb81f3_3-80,3,1,1,0,5f0ed597-4f1e-4075-81dc-64a3c0bb81f3,0.4604484459161049
5f26c69f-6f1c-4041-a81f-3c4808e0a385_1353-30,0,1,1,1,5f26c69f-6f1c-4041-a81f-3c4808e0a385,0.6077827150907279
5f26c69f-6f1c-4041-a81f-3c4808e0a385_151-47,1,1,1,1,5f26c69f-6f1c-4041-a81f-3c4808e0a385,0.12428469231707515
5f26c69f-6f1c-4041-a81f-3c4808e0a385_156-09,1,0,0,1,5f26c69f-6f1c-4041-a81f-3c4808e0a385,0.5090216004665711
5f2d9e8b-6e0b-4e36-9f5b-d26bbe0a7c7c_1129-51,1,0,0,2,5f2d9e8b-6e0b-4e36-9f5b-d26bbe0a7c7c,0.3549004639921609
600e392c-4be6-4b8b-bef8-e789ce3d8915_2298-42,1,0,0,1,600e392c-4be6-4b8b-bef8-e789ce3d8915,0.4523407514859953
600e392c-4be6-4b8b-bef8-e789ce3d8915_3230-09,1,1,1,1,600e392c-4be6-4b8b-bef8-e789ce3d8915,0.38707383652569194
600e392c-4be6-4b8b-bef8-e789ce3d8915_6486-35,1,0,0,1,600e392c-4be6-4b8b-bef8-e789ce3d8915,0.3638871872089696
600e392c-4be6-4b8b-bef8-e789ce3d8915_7199-73,1,1,1,1,600e392c-4be6-4b8b-bef8-e789ce3d8915,0.3072063382283938
60209262-ab8e-4214-a8dd-4764a9a4b26d_842-54,0,1,1,2,60209262-ab8e-4214-a8dd-4764a9a4b26d,0.2747969429650692
606a91df-fc77-444e-988d-e0178c83c586_342-58,0,0,0,1,606a91df-fc77-444e-988d-e0178c83c586,0.07791139368363045
6070d9d1-9962-49f3-8ac7-4e29ca07e104_164-20,0,0,0,2,6070d9d1-9962-49f3-8ac7-4e29ca07e104,0.781735497246864
6070d9d1-9962-49f3-8ac7-4e29ca07e104_284-21,0,0,0,2,6070d9d1-9962-49f3-8ac7-4e29ca07e104,0.6061102752284824
608f2b9c-d004-42db-9f0c-e89b203dfb01_8-92,1,0,0,0,608f2b9c-d004-42db-9f0c-e89b203dfb01,0.7395357375310914
615c5cd1-1dab-4667-94ce-30bfe52e7cd4_821-72,1,0,0,4,615c5cd1-1dab-4667-94ce-30bfe52e7cd4,0.9531355192059614
615edb9e-bfc7-4080-afb3-d29e98ce2216_816-65,1,0,0,3,615edb9e-bfc7-4080-afb3-d29e98ce2216,0.751337770309406
61da558c-b125-4e65-a8a6-28f0eae34c1a_156-26,0,1,1,2,61da558c-b125-4e65-a8a6-28f0eae34c1a,-0.1027709291909384
620d3087-c6fb-4b08-bb6a-4dc4ede3b994_1607-58,2,0,0,0,620d3087-c6fb-4b08-bb6a-4dc4ede3b994,0.19120449965867783
620d3087-c6fb-4b08-bb6a-4dc4ede3b994_232-40,1,1,1,0,620d3087-c6fb-4b08-bb6a-4dc4ede3b994,0.47813079705665806
620d3087-c6fb-4b08-bb6a-4dc4ede3b994_2651-56,1,1,1,0,620d3087-c6fb-4b08-bb6a-4dc4ede3b994,0.5007348208759907
620d3087-c6fb-4b08-bb6a-4dc4ede3b994_432-70,0,0,0,0,620d3087-c6fb-4b08-bb6a-4dc4ede3b994,0.4476877674543316
62103d3d-d89d-4f54-a766-1beb22eb994b_179-41,1,0,0,1,62103d3d-d89d-4f54-a766-1beb22eb994b,0.3260999545552524
62103d3d-d89d-4f54-a766-1beb22eb994b_617-19,0,0,0,1,62103d3d-d89d-4f54-a766-1beb22eb994b,0.8327846266456277
622ab8aa-21f8-4ad0-99c3-7f4876850df7_193-96,2,0,0,1,622ab8aa-21f8-4ad0-99c3-7f4876850df7,0.9126521249429259
6243586b-a8df-4c37-95f8-da7f4f5d57d6_513-82,0,0,0,3,6243586b-a8df-4c37-95f8-da7f4f5d57d6,1.2927179618405957
6243586b-a8df-4c37-95f8-da7f4f5d57d6_868-79,0,0,0,3,6243586b-a8df-4c37-95f8-da7f4f5d57d6,0.3492388833463185
624a6c0a-a4cb-4073-b501-48e4b6b679e4_1095-75,0,0,0,1,624a6c0a-a4cb-4073-b501-48e4b6b679e4,0.10539107599021647
624a6c0a-a4cb-4073-b501-48e4b6b679e4_1105-28,2,0,0,1,624a6c0a-a4cb-4073-b501-48e4b6b679e4,0.13888527565407002
624a6c0a-a4cb-4073-b501-48e4b6b679e4_1105-63,2,0,0,1,624a6c0a-a4cb-4073-b501-48e4b6b679e4,0.24623245625795429
62abef54-29ef-43ec-ba1d-43496d986e89_2257-41,1,0,0,0,62abef54-29ef-43ec-ba1d-43496d986e89,0.40740139249444585
62baa1d3-a742-4d3d-a978-537a7988e13e_1461-40,1,0,0,4,62baa1d3-a742-4d3d-a978-537a7988e13e,0.3339322908324822
62e3b74a-01ad-4824-aace-5cc12ebd2c47_228-93,3,1,1,3,62e3b74a-01ad-4824-aace-5cc12ebd2c47,0.48625925527540037
6306375a-1533-4f3c-843b-0cd51b4bf449_1-23,3,0,0,1,6306375a-1533-4f3c-843b-0cd51b4bf449,0.7108368627047484
6322a6f2-f271-4335-bf46-d428a5a58298_0-02,2,0,0,0,6322a6f2-f271-4335-bf46-d428a5a58298,0.36219334485578025
635cb327-1636-4fbc-a9ca-5a7adfc34b2e_0-40,2,0,0,0,635cb327-1636-4fbc-a9ca-5a7adfc34b2e,0.4024797198156662
6395f964-0122-4f16-b036-337c28488504_1626-75,0,0,0,4,6395f964-0122-4f16-b036-337c28488504,1.126021472468454
63d56e4c-e454-48c2-a8f2-5bc2c34622ca_1218-51,2,0,0,4,63d56e4c-e454-48c2-a8f2-5bc2c34622ca,0.5619968808787652
63d56e4c-e454-48c2-a8f2-5bc2c34622ca_172-69,0,0,0,4,63d56e4c-e454-48c2-a8f2-5bc2c34622ca,1.4448195261191588
63d56e4c-e454-48c2-a8f2-5bc2c34622ca_903-77,1,1,1,4,63d56e4c-e454-48c2-a8f2-5bc2c34622ca,1.1628072303243144
63e9e643-25c5-435d-b6f0-0aab1af76e68_28-98,2,1,1,3,63e9e643-25c5-435d-b6f0-0aab1af76e68,0.22344167288041486
64049385-6855-4eed-8b3c-ce3e8d704008_1157-10,2,0,0,2,64049385-6855-4eed-8b3c-ce3e8d704008,0.3549004639921609
64747fa7-c7b9-46fc-ac9d-ea9a514d91df_73-27,1,1,1,1,64747fa7-c7b9-46fc-ac9d-ea9a514d91df,0.2986202722486664
64792a03-b8ea-4fdc-96d8-1e1199b73658_1352-24,1,0,0,0,64792a03-b8ea-4fdc-96d8-1e1199b73658,0.4152403982774395
64ec6de1-0e86-49de-889c-4a0fdcba6658_808-22,2,0,0,4,64ec6de1-0e86-49de-889c-4a0fdcba6658,0.10586770078619923
652f0590-aab5-4de1-b578-238adb54fa0e_3914-88,3,0,0,3,652f0590-aab5-4de1-b578-238adb54fa0e,0.4997433493775988
65d6d7a3-11f7-4472-82b9-527ca04fe25b_1274-77,3,0,0,4,65d6d7a3-11f7-4472-82b9-527ca04fe25b,-0.04004439960201277
65d6d7a3-11f7-4472-82b9-527ca04fe25b_633-02,0,1,1,4,65d6d7a3-11f7-4472-82b9-527ca04fe25b,0.1598154065347607
65f4949e-e8fe-4b77-972e-35d368ca546a_1165-75,1,0,0,2,65f4949e-e8fe-4b77-972e-35d368ca546a,0.3086459240995667
6639f53c-701d-4fe7-adcd-55d040ce8afe_0-03,3,0,0,1,6639f53c-701d-4fe7-adcd-55d040ce8afe,0.4394616525164041
668962c9-ecae-4b8f-bdc1-a6aeab093d88_1261-54,2,1,1,1,668962c9-ecae-4b8f-bdc1-a6aeab093d88,0.4583552688432627
668962c9-ecae-4b8f-bdc1-a6aeab093d88_1333-29,0,0,0,1,668962c9-ecae-4b8f-bdc1-a6aeab093d88,0.16207192497079234
668962c9-ecae-4b8f-bdc1-a6aeab093d88_811-44,1,0,0,1,668962c9-ecae-4b8f-bdc1-a6aeab093d88,0.1998591576245096
66bf8281-f77c-4e37-b9a8-5f2aabf73ef9_943-34,3,0,0,3,66bf8281-f77c-4e37-b9a8-5f2aabf73ef9,0.5323231183135848
67a8114b-7f37-443d-8beb-64886095f935_184-82,3,0,0,0,67a8114b-7f37-443d-8beb-64886095f935,0.23641254729734326
67a8114b-7f37-443d-8beb-64886095f935_636-28,0,0,0,0,67a8114b-7f37-443d-8beb-64886095f935,0.5459428685146561
67a8114b-7f37-443d-8beb-64886095f935_797-83,1,0,0,0,67a8114b-7f37-443d-8beb-64886095f935,0.3445109937152273
67b78a5b-ab72-4483-95c4-33e837013e93_2874-42,3,1,1,2,67b78a5b-ab72-4483-95c4-33e837013e93,1.7403202022995559
67bc312a-3b49-4847-aa79-63ad7d3e4217_303-11,3,0,0,3,67bc312a-3b49-4847-aa79-63ad7d3e4217,0.5132274434797972
67bc312a-3b49-4847-aa79-63ad7d3e4217_537-95,0,0,0,3,67bc312a-3b49-4847-aa79-63ad7d3e4217,0.3054359529471542
67bc312a-3b49-4847-aa79-63ad7d3e4217_554-07,2,1,1,3,67bc312a-3b49-4847-aa79-63ad7d3e4217,0.7075348399102418
68134357-62e5-4f0b-8300-2e661763aeb5_374-98,2,0,0,4,68134357-62e5-4f0b-8300-2e661763aeb5,0.3523251697604123
68134357-62e5-4f0b-8300-2e661763aeb5_389-26,1,0,0,4,68134357-62e5-4f0b-8300-2e661763aeb5,-0.18595649999022473
68150eb1-47cd-4617-953a-0afdf67b2adb_2839-25,0,0,0,4,68150eb1-47cd-4617-953a-0afdf67b2adb,0.07889384791191845
68a03b86-201f-4935-9847-f2753905f298_1057-96,1,0,0,3,68a03b86-201f-4935-9847-f2753905f298,0.2919518588449559
69190e7c-457f-489d-9071-c2a9185e4853_144-34,2,0,0,3,69190e7c-457f-489d-9071-c2a9185e4853,0.4997433493775988
69366f34-43c0-4d11-bec4-3c1c945cbfd4_4408-78,0,0,0,2,69366f34-43c0-4d11-bec4-3c1c945cbfd4,0.5260067542013906
6956cb48-951c-4607-a42b-a66de2c186be_292-00,3,0,0,2,6956cb48-951c-4607-a42b-a66de2c186be,0.9065872475634995
6956cb48-951c-4607-a42b-a66de2c186be_59-73,0,0,0,2,6956cb48-951c-4607-a42b-a66de2c186be,0.8896627569962507
695cefe9-04c0-42fb-80fc-d308b314b788_1-28,3,0,0,0,695cefe9-04c0-42fb-80fc-d308b314b788,0.3297459756788882
695cefe9-04c0-42fb-80fc-d308b314b788_303-92,0,0,0,0,695cefe9-04c0-42fb-80fc-d308b314b788,0.2088868507992309
695cefe9-04c0-42fb-80fc-d308b314b788_330-48,0,1,1,0,695cefe9-04c0-42fb-80fc-d308b314b788,0.8702382077683082
695cefe9-04c0-42fb-80fc-d308b314b788_437-09,0,0,0,0,695cefe9-04c0-42fb-80fc-d308b314b788,0.4702917912736644
695cefe9-04c0-42fb-80fc-d308b314b788_443-90,3,0,0,0,695cefe9-04c0-42fb-80fc-d308b314b788,0.5233388446953233
695cefe9-04c0-42fb-80fc-d308b314b788_662-96,3,0,0,0,695cefe9-04c0-42fb-80fc-d308b314b788,0.002533303321022251
695cefe9-04c0-42fb-80fc-d308b314b788_68-11,0,0,0,0,695cefe9-04c0-42fb-80fc-d308b314b788,0.5557862138722156
695cefe9-04c0-42fb-80fc-d308b314b788_789-70,1,0,0,0,695cefe9-04c0-42fb-80fc-d308b314b788,0.5685468923339889
6989df0e-b8da-48a4-bc69-b01f6f8aef1a_378-59,1,0,0,1,6989df0e-b8da-48a4-bc69-b01f6f8aef1a,0.12428469231707515
699b47de-9fc5-4b98-ba35-ecf79886a8db_1850-50,2,0,0,3,699b47de-9fc5-4b98-ba35-ecf79886a8db,0.9209379111744739
699b47de-9fc5-4b98-ba35-ecf79886a8db_782-75,1,1,1,3,699b47de-9fc5-4b98-ba35-ecf79886a8db,0.07067627421011446
69ae6e65-a60b-46b0-b256-9d1aeaf34b0a_3951-27,1,0,0,0,69ae6e65-a60b-46b0-b256-9d1aeaf34b0a,0.7041710352499855
69c7d261-18f8-4a1d-9f56-6b4e8eac4d23_601-00,0,0,0,4,69c7d261-18f8-4a1d-9f56-6b4e8eac4d23,0.32412038585090275
69f1101f-cb9e-4ad1-8fe6-ed840e5bcf9b_1263-46,0,0,0,1,69f1101f-cb9e-4ad1-8fe6-ed840e5bcf9b,0.7211444130518796
69f1101f-cb9e-4ad1-8fe6-ed840e5bcf9b_1350-51,3,0,0,1,69f1101f-cb9e-4ad1-8fe6-ed840e5bcf9b,0.5425158001304246
6a793116-6fc3-4706-9bbb-8ba2088ec8db_746-34,0,0,0,3,6a793116-6fc3-4706-9bbb-8ba2088ec8db,0.5873492101759272
6a847d75-e20f-409d-8b91-77ada97d8fb9_1499-90,0,0,0,4,6a847d75-e20f-409d-8b91-77ada97d8fb9,0.16104633756998946
6a847d75-e20f-409d-8b91-77ada97d8fb9_1545-09,0,0,0,4,6a847d75-e20f-409d-8b91-77ada97d8fb9,0.5803897598066954
6a847d75-e20f-409d-8b91-77ada97d8fb9_1582-87,2,0,0,4,6a847d75-e20f-409d-8b91-77ada97d8fb9,0.39769190156262313
6a847d75-e20f-409d-8b91-77ada97d8fb9_168-24,2,0,0,4,6a847d75-e20f-409d-8b91-77ada97d8fb9,0.2064130693722003
6a847d75-e20f-409d-8b91-77ada97d8fb9_1826-29,0,0,0,4,6a847d75-e20f-409d-8b91-77ada97d8fb9,0.09605579580461973
6aa13fb1-5440-424e-a021-06a2da215e63_165-83,2,0,0,4,6aa13fb1-5440-424e-a021-06a2da215e63,0.38911092761627253
6aa13fb1-5440-424e-a021-06a2da215e63_273-88,2,0,0,4,6aa13fb1-5440-424e-a021-06a2da215e63,0.22480594830013043
6ac035af-4851-4afb-af6c-c00edb7bdbe6_768-70,1,0,0,3,6ac035af-4851-4afb-af6c-c00edb7bdbe6,0.22344167288041486
6ac035af-4851-4afb-af6c-c00edb7bdbe6_801-00,1,0,0,3,6ac035af-4851-4afb-af6c-c00edb7bdbe6,0.4750360938122221
6af6234f-abfe-48ac-9dde-399f25d9cb43_931-51,0,0,0,2,6af6234f-abfe-48ac-9dde-399f25d9cb43,0.44740954377734954
6b6fde45-51e9-4c60-8305-27e45883ee7b_270-11,0,0,0,1,6b6fde45-51e9-4c60-8305-27e45883ee7b,0.6498629807343089
6b7e79ad-68c1-4637-a2d1-d7b8f92ac8a4_166-07,1,0,0,0,6b7e79ad-68c1-4637-a2d1-d7b8f92ac8a4,0.7267750590693182
6b7fc6db-e979-43a0-b61f-7dced89d423d_168-56,3,0,0,2,6b7fc6db-e979-43a0-b61f-7dced89d423d,-0.022667408163846603
6b7fc6db-e979-43a0-b61f-7dced89d423d_229-56,3,0,0,2,6b7fc6db-e979-43a0-b61f-7dced89d423d,0.29172143353231794
6b7fc6db-e979-43a0-b61f-7dced89d423d_347-96,0,1,1,2,6b7fc6db-e979-43a0-b61f-7dced89d423d,0.37182495455940967
6ba5f052-a1cd-46ba-83f2-1be480387020_599-71,0,0,0,4,6ba5f052-a1cd-46ba-83f2-1be480387020,0.16104633756998946
6baa673a-0cc6-4da2-a481-877de0d2faa5_1148-60,3,1,1,2,6baa673a-0cc6-4da2-a481-877de0d2faa5,0.7941410560049609
6c0ca07f-6bb2-4db4-a0c3-5926726493fc_124-14,2,1,1,3,6c0ca07f-6bb2-4db4-a0c3-5926726493fc,0.3110475336787434
6c0ca07f-6bb2-4db4-a0c3-5926726493fc_1648-38,3,0,0,3,6c0ca07f-6bb2-4db4-a0c3-5926726493fc,0.24253734771420246
6c0ca07f-6bb2-4db4-a0c3-5926726493fc_272-36,3,0,0,3,6c0ca07f-6bb2-4db4-a0c3-5926726493fc,0.17963874248125064
6c1c5527-30a4-421f-bb78-906adffa7c46_357-45,1,0,0,1,6c1c5527-30a4-421f-bb78-906adffa7c46,0.2376463902782268
6cd8942a-866f-46ef-af6d-5d895723f439_1831-82,2,0,0,1,6cd8942a-866f-46ef-af6d-5d895723f439,0.8327846266456277
6d14a0fe-6fd1-4c6b-aaec-a7c38dcd7294_661-60,3,0,0,0,6d14a0fe-6fd1-4c6b-aaec-a7c38dcd7294,0.4250837436349988
6e0c294c-d634-4804-8d41-cd6e9d79f0b9_1656-45,2,0,0,2,6e0c294c-d634-4804-8d41-cd6e9d79f0b9,0.8926753782023522
6e0c294c-d634-4804-8d41-cd6e9d79f0b9_384-20,4,1,1,2,6e0c294c-d634-4804-8d41-cd6e9d79f0b9,0.4504221649834508
6e330145-3fe9-44f7-8f84-801717da9ea2_766-46,0,0,0,4,6e330145-3fe9-44f7-8f84-801717da9ea2,0.5803897598066954
6e4baf27-2090-4a90-816b-a35a0aff0e56_1023-43,0,0,0,2,6e4baf27-2090-4a90-816b-a35a0aff0e56,0.6046039646254318
6e4baf27-2090-4a90-816b-a35a0aff0e56_1099-34,1,0,0,2,6e4baf27-2090-4a90-816b-a35a0aff0e56,-0.21220449954337572
6e68d2f9-6d37-4317-a3eb-9541321d558e_2271-24,1,0,0,0,6e68d2f9-6d37-4317-a3eb-9541321d558e,0.0781843805620141
6e68d2f9-6d37-4317-a3eb-9541321d558e_977-72,0,0,0,0,6e68d2f9-6d37-4317-a3eb-9541321d558e,0.28945960071900234
6edb5c87-ae95-4185-807f-06d37124d2b7_659-31,0,0,0,3,6edb5c87-ae95-4185-807f-06d37124d2b7,-0.28761968235380886
6ef5aab3-db5f-4fdb-9c39-b37bd497e7d8_638-66,0,0,0,2,6ef5aab3-db5f-4fdb-9c39-b37bd497e7d8,-0.008755538802699192
6ef7f9c0-30eb-4280-acc1-55f22f6e2924_2998-83,1,0,0,1,6ef7f9c0-30eb-4280-acc1-55f22f6e2924,-0.06292998658410734
6f27deaa-7133-4bbb-b9ed-5310d6d05a50_336-16,3,0,0,3,6f27deaa-7133-4bbb-b9ed-5310d6d05a50,0.7401146088462277
6f27deaa-7133-4bbb-b9ed-5310d6d05a50_549-73,4,1,1,3,6f27deaa-7133-4bbb-b9ed-5310d6d05a50,0.404264975208661
6f37694e-26b8-4dc6-9942-567e1e912cda_452-75,2,0,0,0,6f37694e-26b8-4dc6-9942-567e1e912cda,0.6943276898924259
6f7f3410-1e20-4eb2-b7b0-088c1500054b_299-75,0,0,0,4,6f7f3410-1e20-4eb2-b7b0-088c1500054b,0.042108090056058284
6f93978d-a3d0-467d-b401-e23b3c92f3bf_5298-67,3,1,1,4,6f93978d-a3d0-467d-b401-e23b3c92f3bf,0.19660116439062084
6f93978d-a3d0-467d-b401-e23b3c92f3bf_5299-41,0,0,0,4,6f93978d-a3d0-467d-b401-e23b3c92f3bf,0.37929902263469306
6fc30ceb-ace8-49f8-8244-71f14c6d773c_936-70,2,0,0,3,6fc30ceb-ace8-49f8-8244-71f14c6d773c,0.5491578605083522
6fd026d8-b68c-46bc-93de-ccfa08809a9d_603-53,2,0,0,2,6fd026d8-b68c-46bc-93de-ccfa08809a9d,0.3549004639921609
6fd90f8d-7a4d-425d-a812-3268db0b0342_1001-51,2,0,0,0,6fd90f8d-7a4d-425d-a812-3268db0b0342,0.6589629876113199
706de1df-babc-4e54-a310-1d9070140197_195-59,1,0,0,3,706de1df-babc-4e54-a310-1d9070140197,0.3245316277809418
70c8bd4f-bfe1-4fb5-82ad-7d763cc28935_732-98,1,0,0,2,70c8bd4f-bfe1-4fb5-82ad-7d763cc28935,0.10369065275583944
70c8bd4f-bfe1-4fb5-82ad-7d763cc28935_756-65,2,0,0,2,70c8bd4f-bfe1-4fb5-82ad-7d763cc28935,0.5136011954432937
71024373-484f-4270-82a4-2251997f3a9f_44-61,1,1,1,3,71024373-484f-4270-82a4-2251997f3a9f,0.39304181374548275
71504f29-61c1-49e5-8617-d0e71144c077_652-01,0,0,0,2,71504f29-61c1-49e5-8617-d0e71144c077,0.6369466351568787
7152d311-7801-487c-a6ed-a746e6abaa1f_286-31,1,0,0,0,7152d311-7801-487c-a6ed-a746e6abaa1f,0.4604484459161049
71d5f5dc-fff6-4352-b37c-a8e1ed3b39bd_541-68,1,1,1,4,71d5f5dc-fff6-4352-b37c-a8e1ed3b39bd,0.5350230280044844
720da14e-0ef5-4968-87e9-270fce0a9a18_73-28,0,0,0,3,720da14e-0ef5-4968-87e9-270fce0a9a18,0.4424563248762361
721455cc-1e09-44a3-a579-d9e90db85227_1577-57,0,1,1,2,721455cc-1e09-44a3-a579-d9e90db85227,0.29322774413536856
7220ce3a-b740-44db-815d-222d914e2dfd_114-26,3,1,1,1,7220ce3a-b740-44db-815d-222d914e2dfd,0.7949973939919105
7245d60b-1245-49ad-b025-b59da57dd8e8_664-70,3,0,0,0,7245d60b-1245-49ad-b025-b59da57dd8e8,0.020215654461575305
72c81e60-8604-4897-8cd5-71df5244acaa_1172-93,0,0,0,0,72c81e60-8604-4897-8cd5-71df5244acaa,0.39263637445810673
72c81e60-8604-4897-8cd5-71df5244acaa_246-30,0,0,0,0,72c81e60-8604-4897-8cd5-71df5244acaa,0.08802772591957359
72d6a00b-0554-41cd-a00d-0c1e64e400df_2501-79,0,0,0,4,72d6a00b-0554-41cd-a00d-0c1e64e400df,0.26036077512076183
73f94b03-b777-481d-b342-10c516f192a2_3-08,1,0,0,3,73f94b03-b777-481d-b342-10c516f192a2,0.24253734771420246
744c58f8-9a76-40d4-838f-8c7676fcb316_139-70,0,1,1,2,744c58f8-9a76-40d4-838f-8c7676fcb316,-0.008755538802699192
744c58f8-9a76-40d4-838f-8c7676fcb316_140-01,2,0,0,2,744c58f8-9a76-40d4-838f-8c7676fcb316,0.5290193754074919
7474f654-b43a-463c-a1a1-f8c62cef1e64_1721-20,2,0,0,2,7474f654-b43a-463c-a1a1-f8c62cef1e64,0.04051162229599642
74d38b4a-6f22-43b3-b631-9234c05f27ab_270-80,0,1,1,1,74d38b4a-6f22-43b3-b631-9234c05f27ab,0.2608330395949492
750c5383-58f6-4063-8cc8-50691a68994d_562-01,2,0,0,2,750c5383-58f6-4063-8cc8-50691a68994d,0.4827648355148977
750c5383-58f6-4063-8cc8-50691a68994d_870-14,0,0,0,2,750c5383-58f6-4063-8cc8-50691a68994d,0.7787228760407627
75141dec-d6b3-4e2e-a144-5a126abf7dac_584-16,3,1,1,4,75141dec-d6b3-4e2e-a144-5a126abf7dac,0.607363612680976
759c5c60-f1af-4476-94b2-e79a51fd44e3_668-31,2,0,0,3,759c5c60-f1af-4476-94b2-e79a51fd44e3,1.0793148905763634
75ee5afa-d891-4653-ac4c-d81db1a90af7_32-52,0,0,0,3,75ee5afa-d891-4653-ac4c-d81db1a90af7,0.5188390242113864
7627344d-503f-4a25-b418-10a6929d5a18_842-97,2,0,0,2,7627344d-503f-4a25-b418-10a6929d5a18,1.0006026379517385
7665b96d-1a30-435b-9679-e7defed426e6_99-13,1,0,0,1,7665b96d-1a30-435b-9679-e7defed426e6,0.4205680361895454
7696b38a-59d3-4b85-966f-3522f9792966_89-69,0,0,0,0,7696b38a-59d3-4b85-966f-3522f9792966,0.7945871305273164
76f450c1-3542-4f8a-964c-66c857a23601_1422-15,3,0,0,1,76f450c1-3542-4f8a-964c-66c857a23601,0.4901279841397125
76f450c1-3542-4f8a-964c-66c857a23601_671-42,0,0,0,1,76f450c1-3542-4f8a-964c-66c857a23601,0.4901279841397125
77cdd8dd-402b-45d7-a16c-a16520c737e3_1834-33,0,0,0,4,77cdd8dd-402b-45d7-a16c-a16520c737e3,0.042108090056058284
77e28690-2ab1-414e-86ed-285ec1d15bd1_315-49,3,1,1,2,77e28690-2ab1-414e-86ed-285ec1d15bd1,0.3872431345236078
77e28690-2ab1-414e-86ed-285ec1d15bd1_705-46,0,0,0,2,77e28690-2ab1-414e-86ed-285ec1d15bd1,0.14843888204538316
7836e736-ef0a-40ed-9b77-b4c12a08b236_3090-06,0,0,0,3,7836e736-ef0a-40ed-9b77-b4c12a08b236,0.04035743791314861
786877d8-e353-4fae-b488-8d7443646882_1021-24,3,0,0,3,786877d8-e353-4fae-b488-8d7443646882,0.4233606500424485
786877d8-e353-4fae-b488-8d7443646882_1042-29,3,0,0,3,786877d8-e353-4fae-b488-8d7443646882,0.4615519997100237
786877d8-e353-4fae-b488-8d7443646882_224-14,2,1,1,3,786877d8-e353-4fae-b488-8d7443646882,-0.003445492486015639
786877d8-e353-4fae-b488-8d7443646882_883-95,2,0,0,3,786877d8-e353-4fae-b488-8d7443646882,1.0467351216403775
786877d8-e353-4fae-b488-8d7443646882_952-74,1,0,0,3,786877d8-e353-4fae-b488-8d7443646882,0.4615519997100237
792d0000-7dcd-4e6c-a486-7befe397233d_917-53,3,0,0,2,792d0000-7dcd-4e6c-a486-7befe397233d,0.1638570620095812
79c62f24-488e-4a69-8220-3b20cb4bf72b_4957-40,1,0,0,1,79c62f24-488e-4a69-8220-3b20cb4bf72b,0.3638871872089696
79c62f24-488e-4a69-8220-3b20cb4bf72b_611-49,0,0,0,1,79c62f24-488e-4a69-8220-3b20cb4bf72b,-0.08182360291096591
79c62f24-488e-4a69-8220-3b20cb4bf72b_722-05,1,0,0,1,79c62f24-488e-4a69-8220-3b20cb4bf72b,0.0590177773567718
7a33ca42-9a39-4d59-ba82-c9667c250f48_2200-51,3,1,1,1,7a33ca42-9a39-4d59-ba82-c9667c250f48,1.0157062725569463
7a3479a4-b903-4d20-bdc4-98d93ceb3c36_1392-00,1,0,0,0,7a3479a4-b903-4d20-bdc4-98d93ceb3c36,0.0781843805620141
7a680a9a-dd7b-467a-a724-a597f1be9f06_2545-71,0,0,0,0,7a680a9a-dd7b-467a-a724-a597f1be9f06,1.0137013564672983
7a680a9a-dd7b-467a-a724-a597f1be9f06_2545-86,1,0,0,0,7a680a9a-dd7b-467a-a724-a597f1be9f06,0.27669892225722914
7a680a9a-dd7b-467a-a724-a597f1be9f06_2608-93,2,1,1,0,7a680a9a-dd7b-467a-a724-a597f1be9f06,0.40740139249444585
7a680a9a-dd7b-467a-a724-a597f1be9f06_3668-06,0,1,1,0,7a680a9a-dd7b-467a-a724-a597f1be9f06,0.44276609477555184
7ac6dc03-7c8d-4de8-99af-03268c780ea2_1031-44,1,0,0,4,7ac6dc03-7c8d-4de8-99af-03268c780ea2,0.2064130693722003
7acd59a8-ed64-4a99-a469-3d5529a4098a_270-66,1,0,0,1,7acd59a8-ed64-4a99-a469-3d5529a4098a,0.2797266559218077
7b277350-9926-42ef-b5f7-3ee000f3350a_53-51,2,0,0,0,7b277350-9926-42ef-b5f7-3ee000f3350a,0.06542370210024076
7b5fafdb-136a-4722-84a4-cffb213a224a_1092-90,1,0,0,4,7b5fafdb-136a-4722-84a4-cffb213a224a,0.17943921649791958
7b5fafdb-136a-4722-84a4-cffb213a224a_1908-63,0,0,0,4,7b5fafdb-136a-4722-84a4-cffb213a224a,-0.22274225784608495
7b5fafdb-136a-4722-84a4-cffb213a224a_2353-21,3,0,0,4,7b5fafdb-136a-4722-84a4-cffb213a224a,0.1242605797141293
7c0c0057-3bbc-40ef-a91e-4d6e1a637642_1139-91,1,0,0,2,7c0c0057-3bbc-40ef-a91e-4d6e1a637642,0.06984167162134197
7c1c5dca-5856-4997-8cda-9fa3bca10a3b_1061-91,0,1,1,0,7c1c5dca-5856-4997-8cda-9fa3bca10a3b,0.23641254729734326
7c1c5dca-5856-4997-8cda-9fa3bca10a3b_1969-00,2,0,0,0,7c1c5dca-5856-4997-8cda-9fa3bca10a3b,0.49289581509299707
7c1c5dca-5856-4997-8cda-9fa3bca10a3b_1973-06,0,0,0,0,7c1c5dca-5856-4997-8cda-9fa3bca10a3b,0.8024261363103099
7c1c5dca-5856-4997-8cda-9fa3bca10a3b_2494-15,3,0,0,0,7c1c5dca-5856-4997-8cda-9fa3bca10a3b,0.5331821900528829
7c1c5dca-5856-4997-8cda-9fa3bca10a3b_37-44,1,0,0,0,7c1c5dca-5856-4997-8cda-9fa3bca10a3b,0.6943276898924259
7c4f8ef4-c126-46b7-8fa9-1b2daf5b41de_2272-79,3,1,1,1,7c4f8ef4-c126-46b7-8fa9-1b2daf5b41de,0.5553948991000158
7c925095-c62a-4a7a-a2ca-118ca3f0176a_2-34,3,0,0,1,7c925095-c62a-4a7a-a2ca-118ca3f0176a,0.40596745285255065
7c969dc3-aea2-49d4-bd0e-48191b4e5a51_3982-40,2,0,0,3,7c969dc3-aea2-49d4-bd0e-48191b4e5a51,0.10886762387768958
7c969dc3-aea2-49d4-bd0e-48191b4e5a51_6350-49,0,0,0,3,7c969dc3-aea2-49d4-bd0e-48191b4e5a51,0.5323231183135848
7cad84ff-4d08-4e18-8784-aaf4e9341264_333-06,2,0,0,0,7cad84ff-4d08-4e18-8784-aaf4e9341264,0.020215654461575305
7d444081-73d8-405d-9bcc-9620e5feefaf_729-22,2,0,0,4,7d444081-73d8-405d-9bcc-9620e5feefaf,0.3437441958140617
7ddc2c83-3cb0-4bb1-8e91-3ef60f88864d_1433-25,0,1,1,3,7ddc2c83-3cb0-4bb1-8e91-3ef60f88864d,0.4559404189784345
7e80931a-2067-419d-8f9e-2aff41dd330c_2937-25,2,0,0,4,7e80931a-2067-419d-8f9e-2aff41dd330c,0.5350230280044844
7f296d37-a819-408f-aa34-80b63a40f01e_28-00,0,0,0,1,7f296d37-a819-408f-aa34-80b63a40f01e,0.13888527565407002
7f5ed6e1-aca1-40d5-87c6-d156c5f02263_213-21,3,0,0,1,7f5ed6e1-aca1-40d5-87c6-d156c5f02263,0.5468088331202883
7f5ed6e1-aca1-40d5-87c6-d156c5f02263_213-34,0,0,0,1,7f5ed6e1-aca1-40d5-87c6-d156c5f02263,0.3595941542191059
7f5ed6e1-aca1-40d5-87c6-d156c5f02263_220-16,1,0,0,1,7f5ed6e1-aca1-40d5-87c6-d156c5f02263,0.40596745285255065
7f5ed6e1-aca1-40d5-87c6-d156c5f02263_222-42,3,0,0,1,7f5ed6e1-aca1-40d5-87c6-d156c5f02263,0.2230458069412319
7fc72743-4b55-48de-b988-4c690bda912f_1613-32,0,0,0,0,7fc72743-4b55-48de-b988-4c690bda912f,0.025137327140355048
7ff0900d-1bca-4aa7-aedd-ab0fb0a12371_0-04,1,0,0,4,7ff0900d-1bca-4aa7-aedd-ab0fb0a12371,0.39769190156262313
803d0524-47c8-45fe-a5d1-c6a71e2cd54b_786-81,3,1,1,3,803d0524-47c8-45fe-a5d1-c6a71e2cd54b,0.35485046407790766
80c74a5b-81e0-4bc1-bc09-2f146351fe70_545-79,0,0,0,2,80c74a5b-81e0-4bc1-bc09-2f146351fe70,0.14843888204538316
817170ad-1f3b-44b1-9772-fe914fa17f30_1178-10,1,0,0,4,817170ad-1f3b-44b1-9772-fe914fa17f30,0.21499404331855096
817170ad-1f3b-44b1-9772-fe914fa17f30_1211-20,2,0,0,4,817170ad-1f3b-44b1-9772-fe914fa17f30,0.46145151229276404
81fb9f8f-be18-4833-a899-4fbcef82a634_2169-64,1,0,0,1,81fb9f8f-be18-4833-a899-4fbcef82a634,0.38707383652569194
81fb9f8f-be18-4833-a899-4fbcef82a634_270-26,1,0,0,1,81fb9f8f-be18-4833-a899-4fbcef82a634,0.6687565970611674
81fff27c-97c0-483a-ad42-47fa947977a9_456-39,0,0,0,0,81fff27c-97c0-483a-ad42-47fa947977a9,0.21380852347801063
820d4b9e-6fba-472f-aa45-25b27241d4af_366-20,3,0,0,4,820d4b9e-6fba-472f-aa45-25b27241d4af,0.3609061437067629
824e7896-904a-4ff5-b7ee-e21df21918c2_2003-17,3,0,0,4,824e7896-904a-4ff5-b7ee-e21df21918c2,0.07889384791191845
828ef13f-f52a-4a16-b206-4ec7e471f025_147-18,0,1,1,2,828ef13f-f52a-4a16-b206-4ec7e471f025,-0.07193456926254224
828ef13f-f52a-4a16-b206-4ec7e471f025_238-90,3,0,0,2,828ef13f-f52a-4a16-b206-4ec7e471f025,0.16536337261263181
828ef13f-f52a-4a16-b206-4ec7e471f025_274-71,1,0,0,2,828ef13f-f52a-4a16-b206-4ec7e471f025,1.727914643541459
82e96128-1242-4e57-8a3e-9ea222df022c_2985-80,3,0,0,0,82e96128-1242-4e57-8a3e-9ea222df022c,-0.04759641699642295
82e96128-1242-4e57-8a3e-9ea222df022c_2999-35,0,1,1,0,82e96128-1242-4e57-8a3e-9ea222df022c,0.5459428685146561
82e96128-1242-4e57-8a3e-9ea222df022c_3264-64,2,0,0,0,82e96128-1242-4e57-8a3e-9ea222df022c,0.6088332672938747
82e96128-1242-4e57-8a3e-9ea222df022c_3386-01,0,0,0,0,82e96128-1242-4e57-8a3e-9ea222df022c,0.38479736867511305
82e96128-1242-4e57-8a3e-9ea222df022c_3457-40,2,0,0,0,82e96128-1242-4e57-8a3e-9ea222df022c,0.5685468923339889
830bd10c-4eb5-477d-9166-7d41ca86880a_963-23,2,0,0,3,830bd10c-4eb5-477d-9166-7d41ca86880a,0.1605430676474631
839c2689-76f1-4e8c-893d-93675663dd93_582-68,0,0,0,2,839c2689-76f1-4e8c-893d-93675663dd93,0.829496347742509
83f18213-f8f8-44fa-b9ce-104c6ddbcd57_1657-94,3,1,1,1,83f18213-f8f8-44fa-b9ce-104c6ddbcd57,0.3218069215653887
8447cf7c-d919-449a-be90-cdd05910fd9b_29-57,0,0,0,0,8447cf7c-d919-449a-be90-cdd05910fd9b,0.5508645411934359
845cb298-d60b-4106-8213-d2aca821740a_14-13,1,0,0,4,845cb298-d60b-4106-8213-d2aca821740a,0.28856555903027137
8483fa90-f5dc-4d50-9561-244bfdf12ea3_659-48,0,0,0,3,8483fa90-f5dc-4d50-9561-244bfdf12ea3,0.18525032321283977
84ec85f6-c167-413c-829d-9c6915519c57_249-09,1,0,0,0,84ec85f6-c167-413c-829d-9c6915519c57,0.259016571116676
84ec85f6-c167-413c-829d-9c6915519c57_3997-33,0,0,0,0,84ec85f6-c167-413c-829d-9c6915519c57,0.19120449965867783
84ec85f6-c167-413c-829d-9c6915519c57_919-33,1,1,1,0,84ec85f6-c167-413c-829d-9c6915519c57,-0.08788279195630871
85020424-0ed9-4dcd-9a39-e5ab84ec6b6d_896-84,2,0,0,2,85020424-0ed9-4dcd-9a39-e5ab84ec6b6d,0.54443755537169
85782c5f-a240-44d9-951c-27f0bb3f7f4c_375-79,3,0,0,1,85782c5f-a240-44d9-951c-27f0bb3f7f4c,0.3407005378922473
85b87948-4578-4912-95cb-addd19cfd31a_1580-85,1,0,0,4,85b87948-4578-4912-95cb-addd19cfd31a,-0.03146342565566215
85b87948-4578-4912-95cb-addd19cfd31a_1581-49,0,0,0,4,85b87948-4578-4912-95cb-addd19cfd31a,0.19783209542584976
85b87948-4578-4912-95cb-addd19cfd31a_3435-98,0,0,0,4,85b87948-4578-4912-95cb-addd19cfd31a,0.5337920969692557
860be163-394f-48bb-9068-37e1c383ff73_736-68,0,0,0,0,860be163-394f-48bb-9068-37e1c383ff73,0.3297459756788882
860be163-394f-48bb-9068-37e1c383ff73_764-03,0,0,0,0,860be163-394f-48bb-9068-37e1c383ff73,0.4702917912736644
862f0fa5-2c3e-4a6c-ab93-c059637eee8c_49-84,0,0,0,0,862f0fa5-2c3e-4a6c-ab93-c059637eee8c,-0.02007072049831049
8645cc8f-2a69-4a50-bf90-9faec8d80386_717-84,1,0,0,4,8645cc8f-2a69-4a50-bf90-9faec8d80386,0.5153992180413255
864618d9-cc17-4e90-8c64-7a1e4ba23d17_294-04,3,1,1,0,864618d9-cc17-4e90-8c64-7a1e4ba23d17,0.27669892225722914
865ff1fd-d17e-4642-b111-8f1a1da5a2d4_748-29,1,0,0,1,865ff1fd-d17e-4642-b111-8f1a1da5a2d4,0.4205680361895454
8672b38a-7682-4244-ad7a-a336c81c2d0e_1054-38,1,0,0,3,8672b38a-7682-4244-ad7a-a336c81c2d0e,0.39865339447707193
8672b38a-7682-4244-ad7a-a336c81c2d0e_1056-99,0,0,0,3,8672b38a-7682-4244-ad7a-a336c81c2d0e,0.6255405598435024
8677afac-95b4-4ec1-aec5-39c90fd8374c_271-68,1,0,0,2,8677afac-95b4-4ec1-aec5-39c90fd8374c,0.2902151229292673
86fb4797-274f-4807-848a-8b1ddc5c29e8_728-96,1,0,0,2,86fb4797-274f-4807-848a-8b1ddc5c29e8,0.18228786317988058
86fb4797-274f-4807-848a-8b1ddc5c29e8_730-35,0,1,1,2,86fb4797-274f-4807-848a-8b1ddc5c29e8,0.33797597342491226
86fb4797-274f-4807-848a-8b1ddc5c29e8_769-33,2,0,0,2,86fb4797-274f-4807-848a-8b1ddc5c29e8,0.2454668936397236
86fb4797-274f-4807-848a-8b1ddc5c29e8_808-67,2,1,1,2,86fb4797-274f-4807-848a-8b1ddc5c29e8,0.13302070208118502
8774b5c6-83aa-43b0-8a51-00f173949944_3529-30,2,0,0,2,8774b5c6-83aa-43b0-8a51-00f173949944,0.44740954377734954
8774b5c6-83aa-43b0-8a51-00f173949944_421-89,1,0,0,2,8774b5c6-83aa-43b0-8a51-00f173949944,0.1638570620095812
878666b9-5f3d-476a-960f-3a5d02da7619_15170-34,2,0,0,1,878666b9-5f3d-476a-960f-3a5d02da7619,0.7572101613381932
878666b9-5f3d-476a-960f-3a5d02da7619_16974-50,2,0,0,1,878666b9-5f3d-476a-960f-3a5d02da7619,0.5090216004665711
878666b9-5f3d-476a-960f-3a5d02da7619_18455-07,1,1,1,1,878666b9-5f3d-476a-960f-3a5d02da7619,0.5090216004665711
878666b9-5f3d-476a-960f-3a5d02da7619_19280-23,1,1,1,1,878666b9-5f3d-476a-960f-3a5d02da7619,0.6309693644074502
878666b9-5f3d-476a-960f-3a5d02da7619_19281-22,2,1,1,1,878666b9-5f3d-476a-960f-3a5d02da7619,0.18096554129765094
878666b9-5f3d-476a-960f-3a5d02da7619_22412-01,2,0,0,1,878666b9-5f3d-476a-960f-3a5d02da7619,0.344993570882111
878666b9-5f3d-476a-960f-3a5d02da7619_6890-95,1,0,0,1,878666b9-5f3d-476a-960f-3a5d02da7619,0.8894654756262034
878666b9-5f3d-476a-960f-3a5d02da7619_7108-62,1,0,0,1,878666b9-5f3d-476a-960f-3a5d02da7619,0.3784877705459646
88193924-6780-4290-b8ba-85676e98387a_783-81,0,0,0,1,88193924-6780-4290-b8ba-85676e98387a,0.2986202722486664
88193924-6780-4290-b8ba-85676e98387a_791-58,1,0,0,1,88193924-6780-4290-b8ba-85676e98387a,0.16207192497079234
88faccde-dd5d-4af2-b769-8f0547c2c6a3_826-95,3,1,1,1,88faccde-dd5d-4af2-b769-8f0547c2c6a3,0.893758508616067
891169d0-2846-47ce-9f3e-13ac1e6ff85a_10-93,2,0,0,0,891169d0-2846-47ce-9f3e-13ac1e6ff85a,0.23641254729734326
89d8c9c5-fa11-4674-b08f-007f81958555_1391-21,2,1,1,4,89d8c9c5-fa11-4674-b08f-007f81958555,0.30695843795820144
89d8c9c5-fa11-4674-b08f-007f81958555_1484-97,1,0,0,4,89d8c9c5-fa11-4674-b08f-007f81958555,-0.06701825247629353
89d8c9c5-fa11-4674-b08f-007f81958555_1642-22,1,0,0,4,89d8c9c5-fa11-4674-b08f-007f81958555,0.5877398027178172
89d8c9c5-fa11-4674-b08f-007f81958555_1665-43,0,0,0,4,89d8c9c5-fa11-4674-b08f-007f81958555,0.9985022510081725
89d8c9c5-fa11-4674-b08f-007f81958555_179-03,2,0,0,4,89d8c9c5-fa11-4674-b08f-007f81958555,0.29714653297662197
89d8c9c5-fa11-4674-b08f-007f81958555_2-14,2,0,0,4,89d8c9c5-fa11-4674-b08f-007f81958555,0.9727593291691203
89d8c9c5-fa11-4674-b08f-007f81958555_227-24,2,0,0,4,89d8c9c5-fa11-4674-b08f-007f81958555,1.3442741575331576
89d8c9c5-fa11-4674-b08f-007f81958555_240-15,1,0,0,4,89d8c9c5-fa11-4674-b08f-007f81958555,0.47003248623911476
89d8c9c5-fa11-4674-b08f-007f81958555_252-29,3,0,0,4,89d8c9c5-fa11-4674-b08f-007f81958555,0.8636329866367685
8a0de6d0-5d28-43f5-91e6-48f41eeb3752_1038-76,0,0,0,0,8a0de6d0-5d28-43f5-91e6-48f41eeb3752,0.5734685650127687
8a0de6d0-5d28-43f5-91e6-48f41eeb3752_1074-03,2,0,0,0,8a0de6d0-5d28-43f5-91e6-48f41eeb3752,0.6441979695749808
8a431195-083a-4e07-a99d-28c2591beaef_13-09,0,0,0,4,8a431195-083a-4e07-a99d-28c2591beaef,0.7164899552133278
8b1d4210-a174-4617-8311-df4b32785d28_1114-53,1,0,0,3,8b1d4210-a174-4617-8311-df4b32785d28,0.07854878758072373
8b72b54f-f87c-4fdb-84dc-97e42ab111ac_824-00,1,0,0,2,8b72b54f-f87c-4fdb-84dc-97e42ab111ac,0.46282772374154757
8b82316c-c293-49a7-b401-a3cc026ab1d0_2095-46,0,0,0,2,8b82316c-c293-49a7-b401-a3cc026ab1d0,0.14843888204538316
8b82316c-c293-49a7-b401-a3cc026ab1d0_2988-29,3,0,0,2,8b82316c-c293-49a7-b401-a3cc026ab1d0,-0.15053177968658335
8b82316c-c293-49a7-b401-a3cc026ab1d0_3206-95,2,1,1,2,8b82316c-c293-49a7-b401-a3cc026ab1d0,0.8249774159333572
8b82316c-c293-49a7-b401-a3cc026ab1d0_3445-90,1,1,1,2,8b82316c-c293-49a7-b401-a3cc026ab1d0,0.37031864395635905
8b82db7f-5c39-4850-8a70-97e2615d4faa_508-54,3,0,0,1,8b82db7f-5c39-4850-8a70-97e2615d4faa,0.344993570882111
8b89d35d-5e19-4240-b45e-7a692cf962e3_392-22,0,1,1,0,8b89d35d-5e19-4240-b45e-7a692cf962e3,0.16367880316056535
8bb4369f-a6e0-45a3-9d2d-fd5d5c686ccc_246-04,3,0,0,4,8bb4369f-a6e0-45a3-9d2d-fd5d5c686ccc,0.3694871176531136
8bb4369f-a6e0-45a3-9d2d-fd5d5c686ccc_276-24,3,0,0,4,8bb4369f-a6e0-45a3-9d2d-fd5d5c686ccc,0.4332467283832545
8bb4369f-a6e0-45a3-9d2d-fd5d5c686ccc_315-76,0,0,0,4,8bb4369f-a6e0-45a3-9d2d-fd5d5c686ccc,0.8072234188177494
8bb4369f-a6e0-45a3-9d2d-fd5d5c686ccc_70-57,3,0,0,4,8bb4369f-a6e0-45a3-9d2d-fd5d5c686ccc,0.733651903106029
8be6e0c4-a80d-41a3-a1c5-5911ae236990_317-18,3,0,0,4,8be6e0c4-a80d-41a3-a1c5-5911ae236990,0.4982372701486242
8c075dc9-9c6a-43cf-8c6e-fb1af3624cf0_842-26,1,0,0,3,8c075dc9-9c6a-43cf-8c6e-fb1af3624cf0,0.41213748857927024
8c3c68c9-eeec-4f51-881f-3cc6340679ec_0-04,0,0,0,0,8c3c68c9-eeec-4f51-881f-3cc6340679ec,0.22656920193978383
8c3c68c9-eeec-4f51-881f-3cc6340679ec_1138-68,3,1,1,0,8c3c68c9-eeec-4f51-881f-3cc6340679ec,0.5508645411934359
8caa3009-10ad-407b-b837-ec1a26759089_1828-86,3,0,0,2,8caa3009-10ad-407b-b837-ec1a26759089,1.145391500041724
8cda2388-6f45-46d4-8ded-4ba2e23b309f_463-28,3,0,0,0,8cda2388-6f45-46d4-8ded-4ba2e23b309f,0.05558035674268133
8d3b84a9-e747-47c1-8f09-726fdde7986c_1371-62,2,0,0,4,8d3b84a9-e747-47c1-8f09-726fdde7986c,0.2064130693722003
8d4895eb-b2d1-43b8-90f1-e80fcc37797b_2448-11,1,0,0,3,8d4895eb-b2d1-43b8-90f1-e80fcc37797b,0.07854878758072373
8d4895eb-b2d1-43b8-90f1-e80fcc37797b_9565-47,1,0,0,3,8d4895eb-b2d1-43b8-90f1-e80fcc37797b,1.3230367981375615
8d4adc89-dcec-42ca-aebc-0d05cafa8f26_21-35,1,0,0,4,8d4adc89-dcec-42ca-aebc-0d05cafa8f26,0.6159445866273267
8d50f526-624c-40bd-b696-7ad6ce5746ab_22-55,3,0,0,3,8d50f526-624c-40bd-b696-7ad6ce5746ab,0.5626419546105507
8d85aa58-438d-413c-b8b3-ae5417737c5c_1900-47,2,0,0,2,8d85aa58-438d-413c-b8b3-ae5417737c5c,0.21312422310827675
8d900b59-e95d-4c9b-9432-8f5096aac2db_503-05,0,0,0,1,8d900b59-e95d-4c9b-9432-8f5096aac2db,1.0534935052106635
8dd6490b-6291-4793-b05e-79250f87925f_101-76,2,0,0,4,8dd6490b-6291-4793-b05e-79250f87925f,1.0549118188271913
8dd6490b-6291-4793-b05e-79250f87925f_1530-13,1,0,0,4,8dd6490b-6291-4793-b05e-79250f87925f,0.6980970762853977
8dd6490b-6291-4793-b05e-79250f87925f_1553-75,1,0,0,4,8dd6490b-6291-4793-b05e-79250f87925f,0.4982372701486242
8dd6490b-6291-4793-b05e-79250f87925f_396-12,3,1,1,4,8dd6490b-6291-4793-b05e-79250f87925f,0.6441493705368363
8dd6490b-6291-4793-b05e-79250f87925f_402-15,3,0,0,4,8dd6490b-6291-4793-b05e-79250f87925f,0.6527303444831869
8e2b02c8-9927-4039-8407-514c2709de95_1125-83,3,0,0,0,8e2b02c8-9927-4039-8407-514c2709de95,0.38479736867511305
8e605fdf-a4f1-4393-975a-f332ab6b5f79_167-81,2,1,1,0,8e605fdf-a4f1-4393-975a-f332ab6b5f79,0.5105781662335501
8e605fdf-a4f1-4393-975a-f332ab6b5f79_44-53,0,1,1,0,8e605fdf-a4f1-4393-975a-f332ab6b5f79,-0.02499239317709019
8e748fd1-e30e-4bf6-a04f-5f570ca075ac_351-84,2,1,1,4,8e748fd1-e30e-4bf6-a04f-5f570ca075ac,0.4982372701486242
8ea5ddc3-ae53-4cff-b457-ba425c6bec97_5750-66,0,0,0,3,8ea5ddc3-ae53-4cff-b457-ba425c6bec97,0.39865339447707193
8ed40810-09cf-4061-953c-9fff6e6d6aeb_103-16,0,0,0,2,8ed40810-09cf-4061-953c-9fff6e6d6aeb,0.9080935581665501
8ed40810-09cf-4061-953c-9fff6e6d6aeb_122-51,2,0,0,2,8ed40810-09cf-4061-953c-9fff6e6d6aeb,0.29172143353231794
8ed40810-09cf-4061-953c-9fff6e6d6aeb_589-93,0,0,0,2,8ed40810-09cf-4061-953c-9fff6e6d6aeb,0.6553774363271779
8ee6764a-4ef2-4359-9cf1-03a5f4dbcc79_593-30,2,0,0,2,8ee6764a-4ef2-4359-9cf1-03a5f4dbcc79,0.4658403449476489
8f05300f-1200-4c18-937b-b8e23dc92505_261-93,0,0,0,1,8f05300f-1200-4c18-937b-b8e23dc92505,0.48583495114984876
8f0f8606-b696-4bb2-909d-703e4e076d80_641-77,0,0,0,3,8f0f8606-b696-4bb2-909d-703e4e076d80,0.6940507458080434
8f0f8606-b696-4bb2-909d-703e4e076d80_725-88,1,0,0,3,8f0f8606-b696-4bb2-909d-703e4e076d80,-0.085439772552755
8f4008a5-18c9-464b-9bce-1ffa824f238d_1620-01,2,1,1,1,8f4008a5-18c9-464b-9bce-1ffa824f238d,0.5193291508137022
8f4008a5-18c9-464b-9bce-1ffa824f238d_96-39,0,1,1,1,8f4008a5-18c9-464b-9bce-1ffa824f238d,0.0590177773567718
8f47201d-0398-4442-af65-0dde73284c7f_1370-37,3,0,0,0,8f47201d-0398-4442-af65-0dde73284c7f,0.5636252196552093
8fafc02a-ef7a-46f4-ae97-b0c68c8bb207_14026-98,1,0,0,2,8fafc02a-ef7a-46f4-ae97-b0c68c8bb207,0.025093442331798305
8fafc02a-ef7a-46f4-ae97-b0c68c8bb207_16014-05,3,0,0,2,8fafc02a-ef7a-46f4-ae97-b0c68c8bb207,0.49517039427299436
8fafc02a-ef7a-46f4-ae97-b0c68c8bb207_7571-93,3,0,0,2,8fafc02a-ef7a-46f4-ae97-b0c68c8bb207,0.19770604314407866
8ff25fe1-3a42-4449-bd91-b3ac2adf9143_380-26,2,0,0,2,8ff25fe1-3a42-4449-bd91-b3ac2adf9143,1.0006026379517385
90398a2b-de6b-4232-9bea-149c48cb1326_334-80,3,0,0,0,90398a2b-de6b-4232-9bea-149c48cb1326,0.5508645411934359
90398a2b-de6b-4232-9bea-149c48cb1326_984-97,0,0,0,0,90398a2b-de6b-4232-9bea-149c48cb1326,0.7444574102098711
906a5fbf-a335-4134-a23a-ece71a9683eb_1213-24,1,1,1,3,906a5fbf-a335-4134-a23a-ece71a9683eb,0.1414473928136755
9148ceed-6983-4303-a560-2cbde805ee85_493-46,3,1,1,3,9148ceed-6983-4303-a560-2cbde805ee85,0.3245316277809418
9148ceed-6983-4303-a560-2cbde805ee85_529-14,1,0,0,3,9148ceed-6983-4303-a560-2cbde805ee85,0.8333320503761453
9155f5b9-6235-484f-990d-fbd3010a791e_1650-00,2,0,0,2,9155f5b9-6235-484f-990d-fbd3010a791e,0.14994519264843373
9155f5b9-6235-484f-990d-fbd3010a791e_2163-97,0,0,0,2,9155f5b9-6235-484f-990d-fbd3010a791e,0.7971536772110621
92153977-6016-4863-be78-c4af25a56a0f_1117-24,0,0,0,1,92153977-6016-4863-be78-c4af25a56a0f,0.15777889198092857
92153977-6016-4863-be78-c4af25a56a0f_394-80,2,0,0,1,92153977-6016-4863-be78-c4af25a56a0f,0.2041521906143733
929a6fbb-3fda-45af-95bf-144d851761f4_1114-91,3,0,0,4,929a6fbb-3fda-45af-95bf-144d851761f4,1.1824310402874731
932dfe2f-0cf1-4b76-b41a-4ca03f6945e5_1575-94,0,0,0,0,932dfe2f-0cf1-4b76-b41a-4ca03f6945e5,0.38479736867511305
933a8f93-2881-458d-93ec-8c072f2a1474_2356-83,3,0,0,1,933a8f93-2881-458d-93ec-8c072f2a1474,0.3784877705459646
935bc36b-27aa-4c83-89fd-221feca0030e_1080-82,1,0,0,0,935bc36b-27aa-4c83-89fd-221feca0030e,0.21873019615679032
937e5809-09d0-4c6b-8d9e-9329e0cf6218_148-21,2,0,0,0,937e5809-09d0-4c6b-8d9e-9329e0cf6218,0.45552677323732527
937e5809-09d0-4c6b-8d9e-9329e0cf6218_2515-56,0,0,0,0,937e5809-09d0-4c6b-8d9e-9329e0cf6218,0.25409489843789634
93a5f8cb-d7eb-4e5a-9913-77ef1487ce61_2462-55,1,1,1,4,93a5f8cb-d7eb-4e5a-9913-77ef1487ce61,0.05068906400240891
93a5f8cb-d7eb-4e5a-9913-77ef1487ce61_3858-22,2,0,0,4,93a5f8cb-d7eb-4e5a-9913-77ef1487ce61,0.5521849758971857
93f78437-229d-4824-a8c1-68d9b17e754d_1063-13,2,0,0,2,93f78437-229d-4824-a8c1-68d9b17e754d,0.16536337261263181
93f78437-229d-4824-a8c1-68d9b17e754d_1063-21,0,0,0,2,93f78437-229d-4824-a8c1-68d9b17e754d,0.1638570620095812
944aacb0-f596-460d-b5a6-9ae05df1d430_3528-77,3,0,0,1,944aacb0-f596-460d-b5a6-9ae05df1d430,0.2840196889116715
944aacb0-f596-460d-b5a6-9ae05df1d430_3858-37,0,0,0,1,944aacb0-f596-460d-b5a6-9ae05df1d430,0.0590177773567718
94734a4a-4fb2-4d45-a47f-9d3d0ad70071_1049-90,3,0,0,4,94734a4a-4fb2-4d45-a47f-9d3d0ad70071,0.37071804868834235
948317e1-7426-4bfa-b25a-a476ee69797f_845-76,0,0,0,3,948317e1-7426-4bfa-b25a-a476ee69797f,0.31665911441033257
9490a06b-3fa1-47b6-b470-facb3d61ac57_1071-05,0,0,0,1,9490a06b-3fa1-47b6-b470-facb3d61ac57,0.34928660387197474
9490a06b-3fa1-47b6-b470-facb3d61ac57_153-78,2,0,0,1,9490a06b-3fa1-47b6-b470-facb3d61ac57,0.44804771849613156
9490a06b-3fa1-47b6-b470-facb3d61ac57_599-12,1,0,0,1,9490a06b-3fa1-47b6-b470-facb3d61ac57,0.5047285674767074
949b2e8a-83f9-4b89-b29b-9e8d81600dd8_2242-73,1,1,1,2,949b2e8a-83f9-4b89-b29b-9e8d81600dd8,0.11760252211698688
949b2e8a-83f9-4b89-b29b-9e8d81600dd8_2250-47,1,0,0,2,949b2e8a-83f9-4b89-b29b-9e8d81600dd8,0.37031864395635905
949b2e8a-83f9-4b89-b29b-9e8d81600dd8_2981-03,2,0,0,2,949b2e8a-83f9-4b89-b29b-9e8d81600dd8,0.3549004639921609
949b2e8a-83f9-4b89-b29b-9e8d81600dd8_3511-42,3,1,1,2,949b2e8a-83f9-4b89-b29b-9e8d81600dd8,0.1807815525768299
949c5a8f-7aa7-4566-a04c-531961cbcc16_1433-64,0,0,0,2,949c5a8f-7aa7-4566-a04c-531961cbcc16,0.3225577934607141
94d5eff8-0fac-4719-adf2-5c0208ab89f7_1110-52,1,0,0,3,94d5eff8-0fac-4719-adf2-5c0208ab89f7,0.330143208512531
94d5eff8-0fac-4719-adf2-5c0208ab89f7_3271-35,0,0,0,3,94d5eff8-0fac-4719-adf2-5c0208ab89f7,0.43123316341305784
9520f703-8904-4123-bd7f-873b0b42074b_224-60,2,0,0,2,9520f703-8904-4123-bd7f-873b0b42074b,0.2747969429650692
9520f703-8904-4123-bd7f-873b0b42074b_239-07,1,0,0,2,9520f703-8904-4123-bd7f-873b0b42074b,0.4319913638131514
9520f703-8904-4123-bd7f-873b0b42074b_989-29,2,0,0,2,9520f703-8904-4123-bd7f-873b0b42074b,0.2300487136755255
952d5295-06f4-4578-929b-4113e4ff9201_741-67,1,1,1,3,952d5295-06f4-4578-929b-4113e4ff9201,0.8389436311077345
952d5295-06f4-4578-929b-4113e4ff9201_769-29,3,0,0,3,952d5295-06f4-4578-929b-4113e4ff9201,0.3054359529471542
952d5295-06f4-4578-929b-4113e4ff9201_792-75,3,0,0,3,952d5295-06f4-4578-929b-4113e4ff9201,0.5435462797767631
952d5295-06f4-4578-929b-4113e4ff9201_808-38,0,1,1,3,952d5295-06f4-4578-929b-4113e4ff9201,0.6637319095110775
952f40df-b1d7-4562-afe4-2a4ff569e949_2108-64,0,0,0,1,952f40df-b1d7-4562-afe4-2a4ff569e949,0.48154191815998504
9531cee8-0f60-4a68-8243-397ab7670a75_270-43,0,0,0,0,9531cee8-0f60-4a68-8243-397ab7670a75,0.244251553080337
959bc769-a40e-4f4b-ba45-5adf32b8f26e_201-77,0,0,0,4,959bc769-a40e-4f4b-ba45-5adf32b8f26e,0.3253513168861316
95abf338-cf33-43f4-a8d0-44d6ea691d0f_44-58,3,0,0,3,95abf338-cf33-43f4-a8d0-44d6ea691d0f,0.46942451308063293
95c0a226-5cb1-4380-af73-db2fcdbdbb76_174-41,1,0,0,2,95c0a226-5cb1-4380-af73-db2fcdbdbb76,0.13302070208118502
95f2caf6-c6f5-4471-9763-2957e248eb58_503-77,0,0,0,4,95f2caf6-c6f5-4471-9763-2957e248eb58,0.21499404331855096
95f2caf6-c6f5-4471-9763-2957e248eb58_588-89,1,0,0,4,95f2caf6-c6f5-4471-9763-2957e248eb58,0.6797041973574676
9632b0a9-cf21-4773-b95b-83aae9a23d0a_17-58,0,0,0,0,9632b0a9-cf21-4773-b95b-83aae9a23d0a,0.36219334485578025
9632b0a9-cf21-4773-b95b-83aae9a23d0a_630-61,3,1,1,0,9632b0a9-cf21-4773-b95b-83aae9a23d0a,0.5410211958358766
963b09ff-1da2-4168-bed2-fe1d2531dd98_1393-91,0,0,0,1,963b09ff-1da2-4168-bed2-fe1d2531dd98,0.21875277395136813
963c1ecc-d25e-4c0a-b447-9b26f3778efc_207-31,2,1,1,0,963c1ecc-d25e-4c0a-b447-9b26f3778efc,0.4604484459161049
968d25eb-ab49-4a12-8b53-c5d98b091353_1212-82,1,0,0,4,968d25eb-ab49-4a12-8b53-c5d98b091353,0.6809351283926964
969866a7-2393-4bca-851a-885ddd7f627d_2129-17,3,0,0,0,969866a7-2393-4bca-851a-885ddd7f627d,0.5508645411934359
969866a7-2393-4bca-851a-885ddd7f627d_2446-72,1,1,1,0,969866a7-2393-4bca-851a-885ddd7f627d,0.6265156184344278
969866a7-2393-4bca-851a-885ddd7f627d_2662-28,0,1,1,0,969866a7-2393-4bca-851a-885ddd7f627d,0.43292274941799247
972f2966-c368-4344-a9ca-5bd8a277f177_1110-10,0,1,1,4,972f2966-c368-4344-a9ca-5bd8a277f177,1.0622618617383133
972f2966-c368-4344-a9ca-5bd8a277f177_602-22,3,1,1,4,972f2966-c368-4344-a9ca-5bd8a277f177,0.38911092761627253
97811639-7def-4034-8083-a82a59156234_468-38,3,1,1,3,97811639-7def-4034-8083-a82a59156234,0.6558593961404683
97ab9564-34c2-4272-97ec-8c4f2f76e117_1373-58,3,0,0,2,97ab9564-34c2-4272-97ec-8c4f2f76e117,0.4319913638131514
97ba861b-605c-4942-8e15-95953a3032e1_583-02,1,0,0,1,97ba861b-605c-4942-8e15-95953a3032e1,0.18096554129765094
97bd40e4-be39-403d-b9ae-f7eb006c51e2_914-45,0,0,0,0,97bd40e4-be39-403d-b9ae-f7eb006c51e2,0.25409489843789634
97d62297-ee2c-482f-aec2-4f73448c3a03_538-31,2,0,0,4,97d62297-ee2c-482f-aec2-4f73448c3a03,0.8440091766736096
97eaf9ae-9b92-493d-a555-4fcdb7c039a1_1485-95,3,0,0,3,97eaf9ae-9b92-493d-a555-4fcdb7c039a1,0.6143173983803242
98334b78-967f-4980-ba86-56d34b4aaf2e_1109-83,1,0,0,2,98334b78-967f-4980-ba86-56d34b4aaf2e,0.5613620459389388
98439a73-2aa4-4071-bee3-00973a58a70d_291-10,1,0,0,1,98439a73-2aa4-4071-bee3-00973a58a70d,0.2376463902782268
9848e52e-e6f3-4190-9c42-f85cd9847e10_807-44,2,1,1,1,9848e52e-e6f3-4190-9c42-f85cd9847e10,0.2797266559218077
989f3c2c-edd2-4f30-9925-56771e2bf7cc_6090-07,2,0,0,3,989f3c2c-edd2-4f30-9925-56771e2bf7cc,-0.04163684215359076
989f3c2c-edd2-4f30-9925-56771e2bf7cc_6720-40,1,0,0,3,989f3c2c-edd2-4f30-9925-56771e2bf7cc,0.33575478924412006
98fcbc28-9542-4f3c-9a03-73af08fb989d_1063-08,2,0,0,2,98fcbc28-9542-4f3c-9a03-73af08fb989d,1.1130488295102774
98fcbc28-9542-4f3c-9a03-73af08fb989d_1376-40,2,0,0,2,98fcbc28-9542-4f3c-9a03-73af08fb989d,-0.008755538802699192
98ff21ab-6151-4429-a6ff-39d3c6fa173b_1442-50,3,0,0,3,98ff21ab-6151-4429-a6ff-39d3c6fa173b,0.1414473928136755
992af5dc-64ff-4e24-b324-cc3df15be595_656-31,2,0,0,2,992af5dc-64ff-4e24-b324-cc3df15be595,0.41657318384895337
994616c8-63b0-47bd-a526-0680f4acff9e_109-35,0,0,0,1,994616c8-63b0-47bd-a526-0680f4acff9e,0.1010980430003528
998d4e6e-f579-4872-b706-767c5f392825_2418-72,1,0,0,3,998d4e6e-f579-4872-b706-767c5f392825,0.5244506049429755
998d4e6e-f579-4872-b706-767c5f392825_4715-59,2,0,0,3,998d4e6e-f579-4872-b706-767c5f392825,0.045969018644737764
998d4e6e-f579-4872-b706-767c5f392825_4762-05,2,0,0,3,998d4e6e-f579-4872-b706-767c5f392825,0.23466483434359317
998d4e6e-f579-4872-b706-767c5f392825_5068-97,0,0,0,3,998d4e6e-f579-4872-b706-767c5f392825,0.5491578605083522
998d4e6e-f579-4872-b706-767c5f392825_5282-59,0,0,0,3,998d4e6e-f579-4872-b706-767c5f392825,0.7322420954756185
998d4e6e-f579-4872-b706-767c5f392825_698-26,1,1,1,3,998d4e6e-f579-4872-b706-767c5f392825,0.0021660882455735025
99a89af1-a535-477c-88a8-c0830ba33486_1246-37,0,0,0,4,99a89af1-a535-477c-88a8-c0830ba33486,0.10586770078619923
99f41d39-cc65-4aad-b186-23b66e282f19_1295-59,3,0,0,1,99f41d39-cc65-4aad-b186-23b66e282f19,0.7821182950223192
99f41d39-cc65-4aad-b186-23b66e282f19_141-65,2,0,0,1,99f41d39-cc65-4aad-b186-23b66e282f19,0.5699954824370107
99f41d39-cc65-4aad-b186-23b66e282f19_68-52,0,1,1,1,99f41d39-cc65-4aad-b186-23b66e282f19,0.34928660387197474
9a33e9f1-a740-4810-a624-62b0c9935741_115-86,0,0,0,3,9a33e9f1-a740-4810-a624-62b0c9935741,0.04035743791314861
9a33e9f1-a740-4810-a624-62b0c9935741_1702-28,1,0,0,3,9a33e9f1-a740-4810-a624-62b0c9935741,0.45032883824684544
9a33e9f1-a740-4810-a624-62b0c9935741_1894-42,1,0,0,3,9a33e9f1-a740-4810-a624-62b0c9935741,-0.18652972745328195
9a33e9f1-a740-4810-a624-62b0c9935741_2385-44,0,0,0,3,9a33e9f1-a740-4810-a624-62b0c9935741,0.5873492101759272
9a33e9f1-a740-4810-a624-62b0c9935741_2416-26,3,0,0,3,9a33e9f1-a740-4810-a624-62b0c9935741,0.27846776474275736
9a33e9f1-a740-4810-a624-62b0c9935741_636-64,1,0,0,3,9a33e9f1-a740-4810-a624-62b0c9935741,0.04035743791314861
9a33e9f1-a740-4810-a624-62b0c9935741_831-69,3,0,0,3,9a33e9f1-a740-4810-a624-62b0c9935741,0.5952217235465366
9a622b20-b234-4237-a3aa-c76b350e82dd_477-13,3,0,0,3,9a622b20-b234-4237-a3aa-c76b350e82dd,0.5952217235465366
9a732221-3adb-4903-b61d-9b8097965fbf_2751-77,2,0,0,4,9a732221-3adb-4903-b61d-9b8097965fbf,0.7802495659434687
9a732221-3adb-4903-b61d-9b8097965fbf_3781-26,2,0,0,4,9a732221-3adb-4903-b61d-9b8097965fbf,0.10586770078619923
9b34e344-494d-4664-8180-a8ff2a692ab2_35-55,0,0,0,2,9b34e344-494d-4664-8180-a8ff2a692ab2,0.32406410406376474
9b8a4b28-b831-417b-83dd-deb7890908c0_1561-56,1,0,0,1,9b8a4b28-b831-417b-83dd-deb7890908c0,0.21875277395136813
9c07f3a2-5033-4f78-a377-a4cf5a7d7add_2010-42,0,1,1,3,9c07f3a2-5033-4f78-a377-a4cf5a7d7add,0.3492388833463185
9c07f3a2-5033-4f78-a377-a4cf5a7d7add_2093-33,0,1,1,3,9c07f3a2-5033-4f78-a377-a4cf5a7d7add,0.5323231183135848
9c15ab39-2b2b-4eb1-a93d-4dd3b9711fc6_321-25,2,0,0,0,9c15ab39-2b2b-4eb1-a93d-4dd3b9711fc6,0.5381038627316626
9ced9631-9c8f-4a69-9984-e6b0763d11ba_278-77,0,0,0,4,9ced9631-9c8f-4a69-9984-e6b0763d11ba,0.3523251697604123
9d0c46d6-ea9a-43e6-8b8a-4b2972eb6ef4_551-12,3,0,0,3,9d0c46d6-ea9a-43e6-8b8a-4b2972eb6ef4,0.1605430676474631
9d26362a-4411-4d8b-b114-03f4f89928d7_1156-78,0,0,0,3,9d26362a-4411-4d8b-b114-03f4f89928d7,0.08977194904390201
9d26362a-4411-4d8b-b114-03f4f89928d7_1588-24,3,0,0,3,9d26362a-4411-4d8b-b114-03f4f89928d7,0.7457261895778169
9d26362a-4411-4d8b-b114-03f4f89928d7_694-92,1,0,0,3,9d26362a-4411-4d8b-b114-03f4f89928d7,0.7895291199769812
9d2ec4ad-945f-4614-b41f-24260de662f6_1664-30,3,0,0,2,9d2ec4ad-945f-4614-b41f-24260de662f6,0.24245427243362225
9d965c16-0014-45e5-b37b-50a786971470_2004-75,1,0,0,0,9d965c16-0014-45e5-b37b-50a786971470,0.586229243474542
9d965c16-0014-45e5-b37b-50a786971470_2476-67,0,1,1,0,9d965c16-0014-45e5-b37b-50a786971470,0.4378444220967721
9d965c16-0014-45e5-b37b-50a786971470_6156-96,2,0,0,0,9d965c16-0014-45e5-b37b-50a786971470,0.6441979695749808
9d965c16-0014-45e5-b37b-50a786971470_8107-86,2,0,0,0,9d965c16-0014-45e5-b37b-50a786971470,0.0781843805620141
9dd29951-5080-4392-8bcd-2446e6af90fe_1166-46,3,0,0,1,9dd29951-5080-4392-8bcd-2446e6af90fe,0.2419394232680905
9df7c322-0e66-491d-bcf8-f10038b1eccf_229-80,3,0,0,0,9df7c322-0e66-491d-bcf8-f10038b1eccf,0.3395893210364477
9e0594bd-15a5-4ae7-afa0-9283683ae1f2_1106-88,3,0,0,3,9e0594bd-15a5-4ae7-afa0-9283683ae1f2,0.42562158268146877
9e08a7b1-eb04-4d11-bb0b-f4cd42f0a819_3434-14,2,0,0,2,9e08a7b1-eb04-4d11-bb0b-f4cd42f0a819,0.24396058303667292
9e579570-0541-49d6-bf0e-35483e949296_653-37,0,0,0,2,9e579570-0541-49d6-bf0e-35483e949296,0.7170501561839704
9e9c5b05-c7d4-450d-9850-e6ae83caa9a5_3282-52,0,1,1,2,9e9c5b05-c7d4-450d-9850-e6ae83caa9a5,0.4180794944520039
9e9c5b05-c7d4-450d-9850-e6ae83caa9a5_3297-13,0,0,0,2,9e9c5b05-c7d4-450d-9850-e6ae83caa9a5,0.433497674416202
9f4e5f51-eac3-4070-9097-f6e18a7b90f9_1289-99,1,0,0,1,9f4e5f51-eac3-4070-9097-f6e18a7b90f9,0.46264830183312633
9f8d9232-a78e-4e14-9a0f-944a325efa19_133-97,1,1,1,0,9f8d9232-a78e-4e14-9a0f-944a325efa19,1.179768528985621
9fb1ce25-8a99-45ed-a28c-1492192d4964_1100-54,1,0,0,1,9fb1ce25-8a99-45ed-a28c-1492192d4964,-0.15739806821840036
9fb1ce25-8a99-45ed-a28c-1492192d4964_1946-35,1,0,0,1,9fb1ce25-8a99-45ed-a28c-1492192d4964,0.6077827150907279
9fb1ce25-8a99-45ed-a28c-1492192d4964_1957-11,3,1,1,1,9fb1ce25-8a99-45ed-a28c-1492192d4964,0.36818022019883345
9fc3678b-86e2-44ab-adbc-9aeda78ceb60_957-19,2,0,0,3,9fc3678b-86e2-44ab-adbc-9aeda78ceb60,0.8142363755423578
9fc3678b-86e2-44ab-adbc-9aeda78ceb60_992-74,2,0,0,3,9fc3678b-86e2-44ab-adbc-9aeda78ceb60,-0.28761968235380886
a055e4e8-cc07-47c1-a438-06f45c4f724c_2257-57,1,0,0,2,a055e4e8-cc07-47c1-a438-06f45c4f724c,0.4011550038847552
a055e4e8-cc07-47c1-a438-06f45c4f724c_2341-22,1,1,1,2,a055e4e8-cc07-47c1-a438-06f45c4f724c,0.670795616291376
a12f0a2e-e066-4b65-8603-6754bb73e196_30-04,1,0,0,4,a12f0a2e-e066-4b65-8603-6754bb73e196,0.15123443258841004
a13a145f-920a-44ec-8aef-b489c097f4a7_171-91,0,0,0,3,a13a145f-920a-44ec-8aef-b489c097f4a7,0.20434599804662731
a1b38e9d-7225-46ab-ab17-a61b261faa36_1920-36,2,1,1,2,a1b38e9d-7225-46ab-ab17-a61b261faa36,-0.008755538802699192
a1e8d35f-2dad-495c-ac00-b056f710c706_1381-64,1,0,0,1,a1e8d35f-2dad-495c-ac00-b056f710c706,-0.07753056992110219
a23540b7-3588-48ad-b84a-1b5935db856a_235-41,1,0,0,0,a23540b7-3588-48ad-b84a-1b5935db856a,0.17352214851812478
a267b011-b1db-4e3c-aa49-438e2afdd6dc_116-72,1,0,0,4,a267b011-b1db-4e3c-aa49-438e2afdd6dc,0.3609061437067629
a2c3a84e-ae75-4e72-8a52-64511ed67080_919-81,0,0,0,3,a2c3a84e-ae75-4e72-8a52-64511ed67080,0.9018422363406863
a2f25985-0589-42ca-af57-58930079dfb9_1082-02,3,1,1,4,a2f25985-0589-42ca-af57-58930079dfb9,0.6809351283926964
a2f25985-0589-42ca-af57-58930079dfb9_1096-32,1,0,0,4,a2f25985-0589-42ca-af57-58930079dfb9,0.607363612680976
a2f25985-0589-42ca-af57-58930079dfb9_7290-57,2,0,0,4,a2f25985-0589-42ca-af57-58930079dfb9,0.7079089812669772
a32e3749-3ec6-4865-b5f2-067d05c04190_1229-02,0,1,1,3,a32e3749-3ec6-4865-b5f2-067d05c04190,0.5188390242113864
a32e3749-3ec6-4865-b5f2-067d05c04190_230-06,3,0,0,3,a32e3749-3ec6-4865-b5f2-067d05c04190,0.1414473928136755
a3c41b4b-6dc7-4e69-b04b-ca30b4f1c185_1014-12,3,1,1,0,a3c41b4b-6dc7-4e69-b04b-ca30b4f1c185,0.2816205949360088
a3f1b2f3-0735-4c65-b66e-5c397f3126c7_276-64,3,0,0,4,a3f1b2f3-0735-4c65-b66e-5c397f3126c7,0.4160847804905532
a3f6b937-bb29-4cc4-9f4b-27080ddca7c7_437-97,0,0,0,1,a3f6b937-bb29-4cc4-9f4b-27080ddca7c7,1.3016820660822856
a4048b30-d9a8-4653-a2d6-d07422e3449e_739-24,2,0,0,0,a4048b30-d9a8-4653-a2d6-d07422e3449e,-0.12816916691619448
a40f2c59-c795-4893-9ec5-6a58632a2b49_635-34,1,0,0,0,a40f2c59-c795-4893-9ec5-6a58632a2b49,1.126721475563962
a4375d98-e295-4e7d-a718-d8af066e3d57_1708-23,1,0,0,4,a4375d98-e295-4e7d-a718-d8af066e3d57,0.38787999658104366
a437e059-78be-4894-a7ab-dc27fa16d3f8_178-53,3,0,0,4,a437e059-78be-4894-a7ab-dc27fa16d3f8,0.30695843795820144
a437e059-78be-4894-a7ab-dc27fa16d3f8_6770-46,3,0,0,4,a437e059-78be-4894-a7ab-dc27fa16d3f8,0.8624020556015397
a437e059-78be-4894-a7ab-dc27fa16d3f8_6791-07,0,1,1,4,a437e059-78be-4894-a7ab-dc27fa16d3f8,0.6993280073206265
a437e059-78be-4894-a7ab-dc27fa16d3f8_7188-07,1,0,0,4,a437e059-78be-4894-a7ab-dc27fa16d3f8,0.4246657544369039
a437e059-78be-4894-a7ab-dc27fa16d3f8_9861-81,1,0,0,4,a437e059-78be-4894-a7ab-dc27fa16d3f8,0.4884253651670448
a448297b-ae62-4712-bc4f-849b39176558_2443-39,0,0,0,2,a448297b-ae62-4712-bc4f-849b39176558,0.19619973254102804
a448297b-ae62-4712-bc4f-849b39176558_2588-08,2,0,0,2,a448297b-ae62-4712-bc4f-849b39176558,0.05592980226019453
a448297b-ae62-4712-bc4f-849b39176558_3322-55,2,0,0,2,a448297b-ae62-4712-bc4f-849b39176558,-0.2291289901106245
a454e4d7-7ead-41ea-bfcf-db8300ad34d9_72-86,1,0,0,3,a454e4d7-7ead-41ea-bfcf-db8300ad34d9,0.21556915950980562
a48f66dc-d07c-4ca9-aa3b-b08ea5802194_1914-01,3,0,0,2,a48f66dc-d07c-4ca9-aa3b-b08ea5802194,0.7031382868228229
a49bdcc8-8f23-445d-bae0-8d9e5c4d9c63_1749-02,2,0,0,1,a49bdcc8-8f23-445d-bae0-8d9e5c4d9c63,0.6876502133880261
a4bbdddc-c222-4535-a616-57ccbc8f9b9e_1495-45,0,0,0,1,a4bbdddc-c222-4535-a616-57ccbc8f9b9e,0.635262397397314
a4bbdddc-c222-4535-a616-57ccbc8f9b9e_4898-52,1,0,0,1,a4bbdddc-c222-4535-a616-57ccbc8f9b9e,0.3638871872089696
a4bbdddc-c222-4535-a616-57ccbc8f9b9e_5519-45,1,0,0,1,a4bbdddc-c222-4535-a616-57ccbc8f9b9e,0.5425158001304246
a4bbdddc-c222-4535-a616-57ccbc8f9b9e_7343-01,1,0,0,1,a4bbdddc-c222-4535-a616-57ccbc8f9b9e,0.33039298754511615
a4c1f23e-702e-49a1-9600-0538e4e2e7db_2889-59,3,0,0,0,a4c1f23e-702e-49a1-9600-0538e4e2e7db,0.4476877674543316
a5bd4711-275b-4bbf-96fe-37553e5d3e93_1416-31,2,1,1,1,a5bd4711-275b-4bbf-96fe-37553e5d3e93,1.3351762657461392
a5bd4711-275b-4bbf-96fe-37553e5d3e93_156-00,0,1,1,1,a5bd4711-275b-4bbf-96fe-37553e5d3e93,0.13888527565407002
a5bd4711-275b-4bbf-96fe-37553e5d3e93_1659-18,0,0,0,1,a5bd4711-275b-4bbf-96fe-37553e5d3e93,-0.17629168454525898
a5bd4711-275b-4bbf-96fe-37553e5d3e93_1662-76,3,0,0,1,a5bd4711-275b-4bbf-96fe-37553e5d3e93,0.24623245625795429
a5bd4711-275b-4bbf-96fe-37553e5d3e93_297-73,3,0,0,1,a5bd4711-275b-4bbf-96fe-37553e5d3e93,0.14317830864393374
a5bd4711-275b-4bbf-96fe-37553e5d3e93_480-52,2,1,1,1,a5bd4711-275b-4bbf-96fe-37553e5d3e93,0.4394616525164041
a5bd4711-275b-4bbf-96fe-37553e5d3e93_484-64,0,0,0,1,a5bd4711-275b-4bbf-96fe-37553e5d3e93,0.17667250830778722
a5bd4711-275b-4bbf-96fe-37553e5d3e93_499-12,1,0,0,1,a5bd4711-275b-4bbf-96fe-37553e5d3e93,0.20844522360423703
a5e74924-6083-4618-b830-f528c5199ed9_5985-35,3,0,0,4,a5e74924-6083-4618-b830-f528c5199ed9,0.6797041973574676
a6264c7d-d42a-4708-8fc2-b35ad0c5fe42_55-09,3,0,0,1,a6264c7d-d42a-4708-8fc2-b35ad0c5fe42,0.08220442667349417
a6264c7d-d42a-4708-8fc2-b35ad0c5fe42_990-06,0,0,0,1,a6264c7d-d42a-4708-8fc2-b35ad0c5fe42,0.7108368627047484
a6ae81d6-f014-4902-bae6-b06373b31c55_153-41,3,0,0,3,a6ae81d6-f014-4902-bae6-b06373b31c55,0.3245316277809418
a7062d19-5af7-42fe-ad8c-2d7442ddbe48_514-59,1,1,1,2,a7062d19-5af7-42fe-ad8c-2d7442ddbe48,0.13302070208118502
a717f100-51ec-4316-92b8-282aeecc805b_724-56,1,0,0,1,a717f100-51ec-4316-92b8-282aeecc805b,0.1998591576245096
a71f72c5-5225-4b12-aba3-01fa46f53427_914-96,2,1,1,4,a71f72c5-5225-4b12-aba3-01fa46f53427,0.2701726801023413
a743a90e-f46c-4e55-a94d-a7f11c771207_51-51,2,1,1,3,a743a90e-f46c-4e55-a94d-a7f11c771207,0.14705897354526468
a7448853-2414-42b1-998c-0f56594e437a_155-55,0,0,0,3,a7448853-2414-42b1-998c-0f56594e437a,0.29756343957654496
a8197601-7474-4cb0-8d08-e8a8febcecfc_13-71,2,1,1,1,a8197601-7474-4cb0-8d08-e8a8febcecfc,0.48583495114984876
a8197601-7474-4cb0-8d08-e8a8febcecfc_222-15,2,0,0,1,a8197601-7474-4cb0-8d08-e8a8febcecfc,0.523622183803566
a8197601-7474-4cb0-8d08-e8a8febcecfc_854-68,3,1,1,1,a8197601-7474-4cb0-8d08-e8a8febcecfc,1.0577865382005274
a8197601-7474-4cb0-8d08-e8a8febcecfc_997-91,1,0,0,1,a8197601-7474-4cb0-8d08-e8a8febcecfc,0.551101866110152
a84e378e-c9d5-4ace-8e42-e07b95784746_180-55,1,0,0,2,a84e378e-c9d5-4ace-8e42-e07b95784746,0.13302070208118502
a8983a14-da13-4e54-bc7a-b027b374c710_536-56,2,1,1,1,a8983a14-da13-4e54-bc7a-b027b374c710,0.3218069215653887
a95545b6-8b1e-4d77-a209-c1accf3b057b_17-67,1,0,0,2,a95545b6-8b1e-4d77-a209-c1accf3b057b,0.21161791250522619
a95545b6-8b1e-4d77-a209-c1accf3b057b_34-20,0,0,0,2,a95545b6-8b1e-4d77-a209-c1accf3b057b,0.2778095641711704
a99c5790-b590-4c29-98b3-004bbf106ce7_312-10,1,0,0,0,a99c5790-b590-4c29-98b3-004bbf106ce7,0.3169852972171149
a99c5790-b590-4c29-98b3-004bbf106ce7_315-27,1,0,0,0,a99c5790-b590-4c29-98b3-004bbf106ce7,0.24917322575911663
aa19d5c0-35b6-4ec2-9865-07f556c341de_34-98,1,0,0,4,aa19d5c0-35b6-4ec2-9865-07f556c341de,0.30695843795820144
aa19d5c0-35b6-4ec2-9865-07f556c341de_76-28,0,0,0,4,aa19d5c0-35b6-4ec2-9865-07f556c341de,0.06908194293033901
aa3237b2-4a62-4676-b81c-a9726003b420_1532-19,1,0,0,0,aa3237b2-4a62-4676-b81c-a9726003b420,1.2200549039455069
aabc5114-a6a1-459d-81ed-99370385a7e4_2460-69,1,0,0,4,aabc5114-a6a1-459d-81ed-99370385a7e4,0.6980970762853977
aad332b0-a437-4bd9-9147-f580bb58c3f5_3472-99,2,0,0,3,aad332b0-a437-4bd9-9147-f580bb58c3f5,0.4671635804416129
aae90bb1-c8b8-433c-98b6-2bc5f20af6ea_569-99,4,0,0,2,aae90bb1-c8b8-433c-98b6-2bc5f20af6ea,0.19619973254102804
ab6f68a2-e5ba-48ce-ac24-7fb3df0584f2_326-63,3,0,0,1,ab6f68a2-e5ba-48ce-ac24-7fb3df0584f2,0.5090216004665711
ab865129-78fa-47d4-8a50-ff8c5533246f_1028-44,2,0,0,3,ab865129-78fa-47d4-8a50-ff8c5533246f,-0.14272679705411767
ab865129-78fa-47d4-8a50-ff8c5533246f_318-49,0,0,0,3,ab865129-78fa-47d4-8a50-ff8c5533246f,0.19086190394442895
abbc5555-7816-4288-8d4d-f42b0683fc44_774-93,3,0,0,0,abbc5555-7816-4288-8d4d-f42b0683fc44,0.5331821900528829
abca0171-5e73-426e-9ba1-49a6339b2ef5_1825-89,3,0,0,2,abca0171-5e73-426e-9ba1-49a6339b2ef5,0.5275130648044413
abca0171-5e73-426e-9ba1-49a6339b2ef5_885-53,3,0,0,2,abca0171-5e73-426e-9ba1-49a6339b2ef5,0.29172143353231794
abca0171-5e73-426e-9ba1-49a6339b2ef5_979-03,1,0,0,2,abca0171-5e73-426e-9ba1-49a6339b2ef5,0.6399592563629799
ac582760-09b1-4a6e-be08-f19f9bf5dfcb_391-13,1,0,0,4,ac582760-09b1-4a6e-be08-f19f9bf5dfcb,0.5803897598066954
ac8704d3-ab1c-4412-a10e-befb387063b2_270-04,1,0,0,4,ac8704d3-ab1c-4412-a10e-befb387063b2,0.4896562962022737
ac8dba37-ce09-4dc5-b478-8194e41353c3_2812-63,1,0,0,3,ac8dba37-ce09-4dc5-b478-8194e41353c3,0.46942451308063293
ac8dba37-ce09-4dc5-b478-8194e41353c3_5240-05,3,0,0,3,ac8dba37-ce09-4dc5-b478-8194e41353c3,0.40652590784768117
ac8dba37-ce09-4dc5-b478-8194e41353c3_748-30,1,0,0,3,ac8dba37-ce09-4dc5-b478-8194e41353c3,0.9479060993788707
ac8dba37-ce09-4dc5-b478-8194e41353c3_9451-92,0,0,0,3,ac8dba37-ce09-4dc5-b478-8194e41353c3,-0.22472107712085704
aca9e131-8b44-4e59-8394-24a494c19801_183-42,2,0,0,1,aca9e131-8b44-4e59-8394-24a494c19801,0.7907043610020466
acef7751-e40a-4fb7-91ea-3ba56ef46aed_103-55,1,0,0,2,acef7751-e40a-4fb7-91ea-3ba56ef46aed,0.38423051331750646
ad851441-1f15-467e-83d8-48c764e220a8_875-32,1,1,1,1,ad851441-1f15-467e-83d8-48c764e220a8,1.3351762657461392
ad851441-1f15-467e-83d8-48c764e220a8_975-45,0,1,1,1,ad851441-1f15-467e-83d8-48c764e220a8,0.5090216004665711
ada73c3a-765f-46de-afb5-d152d058d7e2_17044-72,3,0,0,4,ada73c3a-765f-46de-afb5-d152d058d7e2,1.2989074257309468
ada73c3a-765f-46de-afb5-d152d058d7e2_7766-82,0,0,0,4,ada73c3a-765f-46de-afb5-d152d058d7e2,1.2179858671081047
adb9100b-45da-449a-94b1-ae29e107e4c5_72-02,0,0,0,0,adb9100b-45da-449a-94b1-ae29e107e4c5,0.3395893210364477
ade9b865-951f-4a27-b6cb-ce12cb613de8_887-25,2,0,0,0,ade9b865-951f-4a27-b6cb-ce12cb613de8,0.16367880316056535
adf11624-aca0-4bad-a35f-51b9f330ee74_2900-34,3,0,0,4,adf11624-aca0-4bad-a35f-51b9f330ee74,0.4982372701486242
adf65602-f5ee-456a-a098-db19a521ce38_500-23,1,1,1,3,adf65602-f5ee-456a-a098-db19a521ce38,0.4997433493775988
ae56fbda-009b-485c-9dfa-72ce89e847bf_668-09,0,0,0,1,ae56fbda-009b-485c-9dfa-72ce89e847bf,0.4583552688432627
ae56fbda-009b-485c-9dfa-72ce89e847bf_742-92,2,0,0,1,ae56fbda-009b-485c-9dfa-72ce89e847bf,0.4205680361895454
ae59dda2-8aa0-40e1-bd48-af368ea8e149_1550-40,2,0,0,0,ae59dda2-8aa0-40e1-bd48-af368ea8e149,0.5557862138722156
ae59dda2-8aa0-40e1-bd48-af368ea8e149_1585-64,3,0,0,0,ae59dda2-8aa0-40e1-bd48-af368ea8e149,0.6815670114306527
ae59dda2-8aa0-40e1-bd48-af368ea8e149_1586-25,1,0,0,0,ae59dda2-8aa0-40e1-bd48-af368ea8e149,0.17352214851812478
ae85c74a-0963-469b-93f9-cdfe3f898e5f_1781-47,1,0,0,2,ae85c74a-0963-469b-93f9-cdfe3f898e5f,0.2747969429650692
af06acee-b948-4950-a653-53d76b03a010_809-86,3,0,0,1,af06acee-b948-4950-a653-53d76b03a010,-0.0019561046136677696
af06acee-b948-4950-a653-53d76b03a010_920-06,0,0,0,1,af06acee-b948-4950-a653-53d76b03a010,0.3218069215653887
af0cc15a-5452-42fb-92dd-a3f50136bf12_3147-74,2,1,1,1,af0cc15a-5452-42fb-92dd-a3f50136bf12,0.4712343678128539
af215e0f-56c7-4356-9aad-a3a5fb7bbc4f_1332-04,1,1,1,1,af215e0f-56c7-4356-9aad-a3a5fb7bbc4f,0.8748648922892086
af215e0f-56c7-4356-9aad-a3a5fb7bbc4f_4328-60,0,0,0,1,af215e0f-56c7-4356-9aad-a3a5fb7bbc4f,0.6687565970611674
af215e0f-56c7-4356-9aad-a3a5fb7bbc4f_4362-30,3,0,0,1,af215e0f-56c7-4356-9aad-a3a5fb7bbc4f,0.8516782429724862
af215e0f-56c7-4356-9aad-a3a5fb7bbc4f_709-03,3,0,0,1,af215e0f-56c7-4356-9aad-a3a5fb7bbc4f,0.18096554129765094
af400f98-3c57-46ad-acac-eaca6f940180_2315-10,2,0,0,0,af400f98-3c57-46ad-acac-eaca6f940180,0.5105781662335501
af400f98-3c57-46ad-acac-eaca6f940180_3131-59,0,0,0,0,af400f98-3c57-46ad-acac-eaca6f940180,0.5911509161533217
af400f98-3c57-46ad-acac-eaca6f940180_3432-31,3,0,0,0,af400f98-3c57-46ad-acac-eaca6f940180,0.3572716721770006
af400f98-3c57-46ad-acac-eaca6f940180_508-42,0,0,0,0,af400f98-3c57-46ad-acac-eaca6f940180,0.2717772495784494
af43394e-d24c-40c2-b03a-f3cdff888370_762-90,3,0,0,0,af43394e-d24c-40c2-b03a-f3cdff888370,0.23641254729734326
af72c57c-b242-48b2-8d00-aea29f4e37ac_1063-17,1,0,0,4,af72c57c-b242-48b2-8d00-aea29f4e37ac,0.22357501726490162
af862b37-12f1-4b55-a1ca-1c162c4f98a0_3380-57,2,0,0,1,af862b37-12f1-4b55-a1ca-1c162c4f98a0,0.1998591576245096
af862b37-12f1-4b55-a1ca-1c162c4f98a0_431-14,2,0,0,1,af862b37-12f1-4b55-a1ca-1c162c4f98a0,0.096805010010489
af8dda66-0025-4ee4-9888-b568b28986e6_3283-52,2,0,0,3,af8dda66-0025-4ee4-9888-b568b28986e6,0.3660736255410859
afd5c197-7b14-4e21-ac56-d23b6a5543d0_1256-20,0,0,0,4,afd5c197-7b14-4e21-ac56-d23b6a5543d0,0.2064130693722003
afd5c197-7b14-4e21-ac56-d23b6a5543d0_1411-24,1,0,0,4,afd5c197-7b14-4e21-ac56-d23b6a5543d0,0.3339322908324822
b08cc451-bab8-4ab1-a0a2-102582d9f778_398-19,0,0,0,2,b08cc451-bab8-4ab1-a0a2-102582d9f778,0.40266131448780584
b0937ec3-7645-4f68-b9cd-549ff7c01819_2030-83,2,0,0,1,b0937ec3-7645-4f68-b9cd-549ff7c01819,0.4944210171295761
b0a30641-ad93-4d6a-92a9-f277c78f1aa5_112-83,0,1,1,2,b0a30641-ad93-4d6a-92a9-f277c78f1aa5,0.33797597342491226
b0a30641-ad93-4d6a-92a9-f277c78f1aa5_295-10,1,0,0,2,b0a30641-ad93-4d6a-92a9-f277c78f1aa5,0.19770604314407866
b0a30641-ad93-4d6a-92a9-f277c78f1aa5_473-69,2,0,0,2,b0a30641-ad93-4d6a-92a9-f277c78f1aa5,0.4658403449476489
b1543ea3-e86b-4545-9195-f1bf83e02b41_4163-19,0,0,0,4,b1543ea3-e86b-4545-9195-f1bf83e02b41,0.3339322908324822
b2508929-e3e4-4583-b1db-41dc3bb0fd21_542-36,0,0,0,3,b2508929-e3e4-4583-b1db-41dc3bb0fd21,0.2537605091773807
b264c17e-145a-4dd0-90c4-397d0f5b8057_51-64,2,0,0,3,b264c17e-145a-4dd0-90c4-397d0f5b8057,0.24253734771420246
b2e6a3f7-aa49-42c5-990a-8ef89d2c9d33_987-28,2,0,0,2,b2e6a3f7-aa49-42c5-990a-8ef89d2c9d33,0.08827247279164133
b2ebded2-4c94-473d-b9e4-8dd3556a3152_31-51,3,0,0,1,b2ebded2-4c94-473d-b9e4-8dd3556a3152,0.6876502133880261
b2f487cb-83b2-4e60-855d-1750938d0f1a_4050-16,0,0,0,0,b2f487cb-83b2-4e60-855d-1750938d0f1a,0.586229243474542
b390f179-78cb-4522-9abc-467e0597d4b7_597-75,2,0,0,4,b390f179-78cb-4522-9abc-467e0597d4b7,0.4982372701486242
b3a0d595-d5b4-4e4b-9c52-337053871604_278-40,0,0,0,3,b3a0d595-d5b4-4e4b-9c52-337053871604,-0.085439772552755
b4068f40-69e9-4217-81ba-84e59c25f125_887-13,2,0,0,2,b4068f40-69e9-4217-81ba-84e59c25f125,0.781735497246864
b449ae20-0dd5-468e-ad86-daac0180046d_22-83,1,0,0,1,b449ae20-0dd5-468e-ad86-daac0180046d,0.3407005378922473
b4814b66-f564-48cb-a11f-3b0a1ee73704_24-49,3,0,0,0,b4814b66-f564-48cb-a11f-3b0a1ee73704,0.2717772495784494
b4814b66-f564-48cb-a11f-3b0a1ee73704_27-72,3,0,0,0,b4814b66-f564-48cb-a11f-3b0a1ee73704,0.28945960071900234
b4814b66-f564-48cb-a11f-3b0a1ee73704_42-69,3,1,1,0,b4814b66-f564-48cb-a11f-3b0a1ee73704,1.1571645051662884
b4b27c5b-2b73-4083-a41c-a6a960475c1a_1618-99,3,0,0,0,b4b27c5b-2b73-4083-a41c-a6a960475c1a,0.1410747793412326
b513c72d-8b77-4bee-96b6-b5f57977a3eb_765-76,3,0,0,4,b513c72d-8b77-4bee-96b6-b5f57977a3eb,0.3523251697604123
b57a2268-9cac-491d-b737-ad8dc28b15fb_1546-09,1,1,1,1,b57a2268-9cac-491d-b737-ad8dc28b15fb,0.3784877705459646
b57a2268-9cac-491d-b737-ad8dc28b15fb_2224-77,1,1,1,1,b57a2268-9cac-491d-b737-ad8dc28b15fb,0.7632246786954605
b5c3c1e3-7ee7-4b4a-b938-4d008d5aa49b_521-60,3,1,1,4,b5c3c1e3-7ee7-4b4a-b938-4d008d5aa49b,0.3694871176531136
b5c3c1e3-7ee7-4b4a-b938-4d008d5aa49b_644-73,3,0,0,4,b5c3c1e3-7ee7-4b4a-b938-4d008d5aa49b,-0.03146342565566215
b5c3c1e3-7ee7-4b4a-b938-4d008d5aa49b_757-55,0,0,0,4,b5c3c1e3-7ee7-4b4a-b938-4d008d5aa49b,0.8795640034942409
b5c5d054-4cc3-4e54-b283-6845ca022eb8_0-00,0,1,1,1,b5c5d054-4cc3-4e54-b283-6845ca022eb8,0.2986202722486664
b5d691f6-1618-467e-9fc9-d2ebd8eaafe4_488-95,1,1,1,3,b5d691f6-1618-467e-9fc9-d2ebd8eaafe4,0.06506469347852531
b5d691f6-1618-467e-9fc9-d2ebd8eaafe4_836-72,1,1,1,3,b5d691f6-1618-467e-9fc9-d2ebd8eaafe4,0.4177490693108594
b61b0b56-a852-47e2-ab09-9380d8465162_180-44,0,0,0,0,b61b0b56-a852-47e2-ab09-9380d8465162,0.015293981782795618
b6474db0-090c-40df-8d65-0a52dd0578cc_984-29,1,0,0,2,b6474db0-090c-40df-8d65-0a52dd0578cc,0.21161791250522619
b68e46bf-2cc5-4c6b-895a-1f8c6cad959a_2324-99,1,1,1,1,b68e46bf-2cc5-4c6b-895a-1f8c6cad959a,0.5888890987638693
b68f87f0-29be-4516-a34a-dda69dd84a56_274-36,3,1,1,1,b68f87f0-29be-4516-a34a-dda69dd84a56,0.2041521906143733
b68f87f0-29be-4516-a34a-dda69dd84a56_471-46,2,1,1,1,b68f87f0-29be-4516-a34a-dda69dd84a56,0.5425158001304246
b68f87f0-29be-4516-a34a-dda69dd84a56_524-12,2,0,0,1,b68f87f0-29be-4516-a34a-dda69dd84a56,0.2797266559218077
b68f87f0-29be-4516-a34a-dda69dd84a56_953-32,0,0,0,1,b68f87f0-29be-4516-a34a-dda69dd84a56,0.11999165932721137
b6ae365a-dd70-42c4-90d6-e0351778d991_277-06,1,0,0,4,b6ae365a-dd70-42c4-90d6-e0351778d991,-0.1221968892600838
b6ae365a-dd70-42c4-90d6-e0351778d991_416-05,0,0,0,4,b6ae365a-dd70-42c4-90d6-e0351778d991,0.28856555903027137
b6bee905-eddf-4b41-bfe6-d57c9059fe61_1119-76,2,0,0,0,b6bee905-eddf-4b41-bfe6-d57c9059fe61,1.310470999222838
b6bee905-eddf-4b41-bfe6-d57c9059fe61_1128-22,0,1,1,0,b6bee905-eddf-4b41-bfe6-d57c9059fe61,1.3330750230421706
b6d64c01-1462-4ebf-9eb5-44585cdd8ac4_2907-39,0,0,0,1,b6d64c01-1462-4ebf-9eb5-44585cdd8ac4,0.2376463902782268
b7022084-61ea-470f-b2cd-49be2ecaf3aa_18-42,1,0,0,1,b7022084-61ea-470f-b2cd-49be2ecaf3aa,0.18525857428751466
b7022084-61ea-470f-b2cd-49be2ecaf3aa_688-07,2,0,0,1,b7022084-61ea-470f-b2cd-49be2ecaf3aa,-0.044036370257248686
b71166c2-c723-4f91-89b7-3a484e14079e_1586-58,1,0,0,0,b71166c2-c723-4f91-89b7-3a484e14079e,0.33466764835766794
b79c342b-db1e-407e-958a-e1585c6c3ddd_3-67,0,0,0,4,b79c342b-db1e-407e-958a-e1585c6c3ddd,0.6797041973574676
b7ae78cd-458a-4fbc-b9d8-212fe98a5095_270-04,3,0,0,3,b7ae78cd-458a-4fbc-b9d8-212fe98a5095,0.15267055427685386
b8ba4ac1-4134-44aa-99db-25efaa058e98_277-37,3,1,1,2,b8ba4ac1-4134-44aa-99db-25efaa058e98,1.0021089485547894
b8ead1f7-ae4c-4c7c-8b2a-35599fc310c7_1079-80,4,1,1,1,b8ead1f7-ae4c-4c7c-8b2a-35599fc310c7,0.7907043610020466
b925520a-853c-442e-8a39-6679cce1e9f4_1253-01,1,0,0,0,b925520a-853c-442e-8a39-6679cce1e9f4,1.1345604813469554
b959f479-0508-4f1b-96a5-1b17e86af8ce_1110-67,0,1,1,4,b959f479-0508-4f1b-96a5-1b17e86af8ce,0.07889384791191845
b99ceea4-7fa3-407c-9b9f-1347645d23f2_13-11,2,1,1,3,b99ceea4-7fa3-407c-9b9f-1347645d23f2,0.3054359529471542
b9b65293-fec8-494e-81e7-c4496aafba6f_1524-26,3,0,0,2,b9b65293-fec8-494e-81e7-c4496aafba6f,0.24245427243362225
b9b65293-fec8-494e-81e7-c4496aafba6f_2296-78,3,0,0,2,b9b65293-fec8-494e-81e7-c4496aafba6f,0.6523648151210767
b9bc5b47-ae9a-4220-84c7-ada93722c4fe_909-02,2,0,0,2,b9bc5b47-ae9a-4220-84c7-ada93722c4fe,0.6245410763987818
b9de7a2c-d02e-4d66-9556-381f0b7ca51a_3648-36,0,0,0,3,b9de7a2c-d02e-4d66-9556-381f0b7ca51a,0.38743023301389357
b9de7a2c-d02e-4d66-9556-381f0b7ca51a_3795-42,3,0,0,3,b9de7a2c-d02e-4d66-9556-381f0b7ca51a,0.37394613891169526
b9de7a2c-d02e-4d66-9556-381f0b7ca51a_3961-43,3,1,1,3,b9de7a2c-d02e-4d66-9556-381f0b7ca51a,0.4997433493775988
b9fd76c5-1f9b-4d82-b9ee-2e0615561765_364-29,1,0,0,0,b9fd76c5-1f9b-4d82-b9ee-2e0615561765,0.38479736867511305
ba078478-13a5-4e7f-8ee4-61620f84cb7a_2830-69,3,0,0,3,ba078478-13a5-4e7f-8ee4-61620f84cb7a,0.1605430676474631
ba078478-13a5-4e7f-8ee4-61620f84cb7a_3101-09,0,0,0,3,ba078478-13a5-4e7f-8ee4-61620f84cb7a,0.36046204480949673
ba1de596-15f4-45f3-bab3-dbf7283490be_5-13,1,0,0,4,ba1de596-15f4-45f3-bab3-dbf7283490be,-0.1221968892600838
ba28e9d5-5a78-44c0-b985-2249dcc05956_17-90,3,0,0,4,ba28e9d5-5a78-44c0-b985-2249dcc05956,0.19660116439062084
ba28e9d5-5a78-44c0-b985-2249dcc05956_212-90,0,0,0,4,ba28e9d5-5a78-44c0-b985-2249dcc05956,0.6980970762853977
ba44d0ee-9aba-4d05-8d1b-1eac7346f479_1433-66,0,1,1,4,ba44d0ee-9aba-4d05-8d1b-1eac7346f479,0.16104633756998946
baaf6d24-7117-4b0b-acdf-a79765036d84_1340-93,1,0,0,3,baaf6d24-7117-4b0b-acdf-a79765036d84,0.48852018791442053
baaffbad-76a7-458a-8a54-7b593ab073f6_329-73,0,0,0,2,baaffbad-76a7-458a-8a54-7b593ab073f6,0.307139613496516
baaffbad-76a7-458a-8a54-7b593ab073f6_979-89,2,0,0,2,baaffbad-76a7-458a-8a54-7b593ab073f6,0.3872431345236078
bac30fe6-c597-4f1a-add1-d8d989205d98_1087-36,0,0,0,2,bac30fe6-c597-4f1a-add1-d8d989205d98,0.17927524197377923
bae603bd-dc3d-46a4-90b7-9c1e2bcd3970_966-87,0,0,0,1,bae603bd-dc3d-46a4-90b7-9c1e2bcd3970,0.66017053108144
baf15309-e865-4e9e-9efd-09097f1d5a43_341-69,3,0,0,4,baf15309-e865-4e9e-9efd-09097f1d5a43,1.5085791368492996
baf15309-e865-4e9e-9efd-09097f1d5a43_412-45,3,0,0,4,baf15309-e865-4e9e-9efd-09097f1d5a43,0.30695843795820144
bb04b03d-ae0d-416a-8c4c-b2325edec070_287-86,1,0,0,0,bb04b03d-ae0d-416a-8c4c-b2325edec070,0.23641254729734326
bb2297d3-91b7-4ec4-b39b-cc64694929db_0-03,0,0,0,0,bb2297d3-91b7-4ec4-b39b-cc64694929db,0.1509181246987921
bb2297d3-91b7-4ec4-b39b-cc64694929db_412-95,3,0,0,0,bb2297d3-91b7-4ec4-b39b-cc64694929db,0.5282605173741033
bbd30b78-137a-4c75-a4e9-b51f62b3f04e_184-26,0,0,0,4,bbd30b78-137a-4c75-a4e9-b51f62b3f04e,0.6171755176625555
bc215572-bd4c-4457-bbc1-58cdd6398cc7_2751-16,2,0,0,3,bc215572-bd4c-4457-bbc1-58cdd6398cc7,0.6367637213066806
bcfbfdd9-1f37-4edf-8ea0-114a92806d08_1826-13,3,0,0,2,bcfbfdd9-1f37-4edf-8ea0-114a92806d08,-0.07042825865949155
bd31c2eb-4faa-467d-8c71-89a55b0a4be5_275-56,2,1,1,1,bd31c2eb-4faa-467d-8c71-89a55b0a4be5,0.3072063382283938
bd96484b-6f8c-492b-8969-cae99c868b4d_2411-56,2,0,0,1,bd96484b-6f8c-492b-8969-cae99c868b4d,0.6309693644074502
bd96484b-6f8c-492b-8969-cae99c868b4d_2855-28,3,0,0,1,bd96484b-6f8c-492b-8969-cae99c868b4d,-0.17629168454525898
bdb29a9e-d6d4-4918-9870-464abeae48d2_837-68,2,0,0,0,bdb29a9e-d6d4-4918-9870-464abeae48d2,0.23149087461856357
bdd32b96-5baf-4d67-9975-34cdce64b0cc_240-16,3,1,1,3,bdd32b96-5baf-4d67-9975-34cdce64b0cc,0.7401146088462277
bdeb0df9-2983-41bb-ba27-c431d9ef3163_1770-19,3,0,0,0,bdeb0df9-2983-41bb-ba27-c431d9ef3163,0.4702917912736644
bdeb0df9-2983-41bb-ba27-c431d9ef3163_1772-82,0,0,0,0,bdeb0df9-2983-41bb-ba27-c431d9ef3163,0.23641254729734326
be1da89b-976b-4e71-a42a-7621b522db46_179-53,3,0,0,1,be1da89b-976b-4e71-a42a-7621b522db46,-0.15739806821840036
be462bcf-13ad-446a-8dfb-248cb2e3417a_379-26,3,1,1,2,be462bcf-13ad-446a-8dfb-248cb2e3417a,0.37182495455940967
be462bcf-13ad-446a-8dfb-248cb2e3417a_825-06,2,0,0,2,be462bcf-13ad-446a-8dfb-248cb2e3417a,0.5598557353358881
be7ede7a-c212-45ff-8601-e15dd2f7e531_1651-77,0,1,1,1,be7ede7a-c212-45ff-8601-e15dd2f7e531,0.22733883993109563
be7ede7a-c212-45ff-8601-e15dd2f7e531_928-33,0,1,1,1,be7ede7a-c212-45ff-8601-e15dd2f7e531,0.15777889198092857
be82ebf1-5feb-4c1b-a71a-f668e3a17726_27-55,0,0,0,1,be82ebf1-5feb-4c1b-a71a-f668e3a17726,0.2376463902782268
bebfd0fa-93bc-41a3-886d-e04a3675fc6d_293-94,1,0,0,0,bebfd0fa-93bc-41a3-886d-e04a3675fc6d,0.23641254729734326
bef6d752-a5f2-405f-bf3a-71e400bd8b06_1634-83,2,0,0,3,bef6d752-a5f2-405f-bf3a-71e400bd8b06,0.7569493510409951
bf4a69c2-2c0b-4810-991b-3eb35e7dd2f3_1088-56,3,0,0,2,bf4a69c2-2c0b-4810-991b-3eb35e7dd2f3,0.32406410406376474
bf9354ab-541d-4c1c-aa3e-8a3bfd8fb51b_443-31,2,0,0,1,bf9354ab-541d-4c1c-aa3e-8a3bfd8fb51b,0.36818022019883345
bff1d1da-957f-42ea-8c98-61eaca98b5f1_1049-58,3,1,1,0,bff1d1da-957f-42ea-8c98-61eaca98b5f1,0.27669892225722914
c00a27da-98bb-4761-8093-45fd30a3f43f_1156-34,0,0,0,4,c00a27da-98bb-4761-8093-45fd30a3f43f,0.4246657544369039
c00d3596-99db-4ea7-9a65-57ab4319d640_329-17,1,0,0,1,c00d3596-99db-4ea7-9a65-57ab4319d640,0.3260999545552524
c00d3596-99db-4ea7-9a65-57ab4319d640_370-19,3,1,1,1,c00d3596-99db-4ea7-9a65-57ab4319d640,0.893758508616067
c05389ca-2d74-4889-a8dd-a0f89d28a4b7_2763-64,2,0,0,3,c05389ca-2d74-4889-a8dd-a0f89d28a4b7,0.5323231183135848
c06532d8-f1cd-477f-b9f3-e8e980d73b2e_1339-60,2,0,0,2,c06532d8-f1cd-477f-b9f3-e8e980d73b2e,0.3533941533891103
c0a19ccf-66ad-44b5-9b3d-2f20d49bc0a8_296-47,2,0,0,1,c0a19ccf-66ad-44b5-9b3d-2f20d49bc0a8,0.7340235120214708
c0eea386-412b-4127-a2d3-352322a0038c_1313-16,2,0,0,3,c0eea386-412b-4127-a2d3-352322a0038c,0.09764446241451127
c0eea386-412b-4127-a2d3-352322a0038c_719-09,3,0,0,3,c0eea386-412b-4127-a2d3-352322a0038c,0.04035743791314861
c0eea386-412b-4127-a2d3-352322a0038c_830-51,1,0,0,3,c0eea386-412b-4127-a2d3-352322a0038c,1.1747932647453014
c1626bce-83ba-49da-921c-7b60243c19ea_7-12,0,0,0,3,c1626bce-83ba-49da-921c-7b60243c19ea,0.45032883824684544
c1626bce-83ba-49da-921c-7b60243c19ea_8-38,3,0,0,3,c1626bce-83ba-49da-921c-7b60243c19ea,0.5323231183135848
c1dc6626-34c8-4367-a80a-42a44057f47b_737-27,3,0,0,0,c1dc6626-34c8-4367-a80a-42a44057f47b,0.39263637445810673
c1f4d37c-bfd8-4722-b1c4-767f8426ccfd_867-73,3,0,0,4,c1f4d37c-bfd8-4722-b1c4-767f8426ccfd,0.0053223322001980655
c2071026-add0-4546-8374-b6d04ddd94b1_0-04,1,0,0,2,c2071026-add0-4546-8374-b6d04ddd94b1,-0.1644436490477308
c20e2722-11e5-4181-960c-305cfcd7cfec_183-32,0,0,0,1,c20e2722-11e5-4181-960c-305cfcd7cfec,-0.0543439206043799
c23eaef5-7441-42b4-9456-9f5a4a1bd615_11-29,2,0,0,1,c23eaef5-7441-42b4-9456-9f5a4a1bd615,0.4901279841397125
c25111f0-0c78-4bf8-a16d-57a6c25c2169_10881-80,2,1,1,4,c25111f0-0c78-4bf8-a16d-57a6c25c2169,0.6625422494647664
c25111f0-0c78-4bf8-a16d-57a6c25c2169_3852-71,1,0,0,4,c25111f0-0c78-4bf8-a16d-57a6c25c2169,0.24196789619283174
c2d28dd4-4416-4300-bbbe-23911487776a_1418-50,2,1,1,4,c2d28dd4-4416-4300-bbbe-23911487776a,0.5521849758971857
c2d28dd4-4416-4300-bbbe-23911487776a_1894-07,2,1,1,4,c2d28dd4-4416-4300-bbbe-23911487776a,0.1242605797141293
c2d28dd4-4416-4300-bbbe-23911487776a_2076-47,3,0,0,4,c2d28dd4-4416-4300-bbbe-23911487776a,0.4332467283832545
c2d28dd4-4416-4300-bbbe-23911487776a_3669-01,0,1,1,4,c2d28dd4-4416-4300-bbbe-23911487776a,1.171388204270665
c2d28dd4-4416-4300-bbbe-23911487776a_426-99,0,0,0,4,c2d28dd4-4416-4300-bbbe-23911487776a,0.543604001950835
c2d28dd4-4416-4300-bbbe-23911487776a_6637-37,1,0,0,4,c2d28dd4-4416-4300-bbbe-23911487776a,1.2363787460360347
c34effc7-6198-4c85-80c7-c8be85b77dd3_1105-03,1,1,1,0,c34effc7-6198-4c85-80c7-c8be85b77dd3,0.03789800560212833
c34effc7-6198-4c85-80c7-c8be85b77dd3_1620-55,3,1,1,0,c34effc7-6198-4c85-80c7-c8be85b77dd3,0.9557326303668596
c34effc7-6198-4c85-80c7-c8be85b77dd3_2128-22,1,0,0,0,c34effc7-6198-4c85-80c7-c8be85b77dd3,0.7444574102098711
c34effc7-6198-4c85-80c7-c8be85b77dd3_2648-25,4,1,1,0,c34effc7-6198-4c85-80c7-c8be85b77dd3,1.0087796837885186
c34effc7-6198-4c85-80c7-c8be85b77dd3_2681-98,1,0,0,0,c34effc7-6198-4c85-80c7-c8be85b77dd3,0.7169317137117588
c34effc7-6198-4c85-80c7-c8be85b77dd3_2970-00,3,0,0,0,c34effc7-6198-4c85-80c7-c8be85b77dd3,0.04281967828090802
c34effc7-6198-4c85-80c7-c8be85b77dd3_2993-26,1,1,1,0,c34effc7-6198-4c85-80c7-c8be85b77dd3,0.08802772591957359
c34effc7-6198-4c85-80c7-c8be85b77dd3_4366-00,1,0,0,0,c34effc7-6198-4c85-80c7-c8be85b77dd3,0.7798221124909772
c34effc7-6198-4c85-80c7-c8be85b77dd3_5191-41,0,0,0,0,c34effc7-6198-4c85-80c7-c8be85b77dd3,0.33466764835766794
c34effc7-6198-4c85-80c7-c8be85b77dd3_5200-39,0,0,0,0,c34effc7-6198-4c85-80c7-c8be85b77dd3,0.3445109937152273
c34effc7-6198-4c85-80c7-c8be85b77dd3_5220-71,1,1,1,0,c34effc7-6198-4c85-80c7-c8be85b77dd3,0.42016207095621916
c34effc7-6198-4c85-80c7-c8be85b77dd3_5294-07,0,0,0,0,c34effc7-6198-4c85-80c7-c8be85b77dd3,0.25409489843789634
c34effc7-6198-4c85-80c7-c8be85b77dd3_5341-13,1,0,0,0,c34effc7-6198-4c85-80c7-c8be85b77dd3,0.31206362453833514
c34effc7-6198-4c85-80c7-c8be85b77dd3_694-72,1,0,0,0,c34effc7-6198-4c85-80c7-c8be85b77dd3,0.1686004758393451
c3acdda3-cd92-48c3-9052-45b57cb27e5a_1390-16,0,0,0,3,c3acdda3-cd92-48c3-9052-45b57cb27e5a,0.6255405598435024
c3acdda3-cd92-48c3-9052-45b57cb27e5a_1467-01,1,0,0,3,c3acdda3-cd92-48c3-9052-45b57cb27e5a,0.8524277252099329
c4333895-ed19-42fe-9323-271a41bdfe4c_8-13,0,0,0,0,c4333895-ed19-42fe-9323-271a41bdfe4c,0.23149087461856357
c463128d-18cc-44ad-abf6-03ee87534919_120-41,2,0,0,4,c463128d-18cc-44ad-abf6-03ee87534919,0.6245255605736774
c495da06-2baf-4f62-958d-5ef2e6da08c4_28-94,3,0,0,3,c495da06-2baf-4f62-958d-5ef2e6da08c4,0.46942451308063293
c5270067-6c25-45f2-b63a-1a55b85020ad_568-80,2,0,0,3,c5270067-6c25-45f2-b63a-1a55b85020ad,0.436844744144647
c5270067-6c25-45f2-b63a-1a55b85020ad_569-44,2,0,0,3,c5270067-6c25-45f2-b63a-1a55b85020ad,-0.12363112222033013
c586c267-9ac3-45d5-a9aa-6deab0b9608d_246-72,0,0,0,2,c586c267-9ac3-45d5-a9aa-6deab0b9608d,0.9404362286979968
c58e1887-0314-4cb3-a09d-5ba529d8eda0_6-27,3,0,0,1,c58e1887-0314-4cb3-a09d-5ba529d8eda0,0.7108368627047484
c5938442-90c1-413c-be06-186222d8274f_0-03,3,0,0,0,c5938442-90c1-413c-be06-186222d8274f,0.002533303321022251
c615d305-14fe-41cd-9099-caf420beb604_1090-50,0,1,1,0,c615d305-14fe-41cd-9099-caf420beb604,0.5783902376915484
c615d305-14fe-41cd-9099-caf420beb604_955-84,2,0,0,0,c615d305-14fe-41cd-9099-caf420beb604,-0.04759641699642295
c6534c1f-765e-42e7-86f4-da210d5211c3_764-77,0,1,1,4,c6534c1f-765e-42e7-86f4-da210d5211c3,0.5350230280044844
c67cb1da-90ac-4da8-af17-4f8b77da9b9d_291-33,1,0,0,3,c67cb1da-90ac-4da8-af17-4f8b77da9b9d,0.3492388833463185
c6b1f7dc-3301-46e6-867a-312a5f8e7a0f_13-11,3,0,0,2,c6b1f7dc-3301-46e6-867a-312a5f8e7a0f,0.18228786317988058
c6b5d782-d267-410e-8566-f7fe5d4a78a9_2700-04,3,0,0,3,c6b5d782-d267-410e-8566-f7fe5d4a78a9,1.0411235409087887
c6b5d782-d267-410e-8566-f7fe5d4a78a9_98-99,1,0,0,3,c6b5d782-d267-410e-8566-f7fe5d4a78a9,0.38743023301389357
c79e05d5-eaf6-4323-a707-744020743037_763-82,2,0,0,4,c79e05d5-eaf6-4323-a707-744020743037,0.44305863336483386
c7da3efd-4a18-458e-90fd-f757ed966a63_380-64,3,0,0,4,c7da3efd-4a18-458e-90fd-f757ed966a63,0.31553941190455204
c7da3efd-4a18-458e-90fd-f757ed966a63_8-87,0,0,0,4,c7da3efd-4a18-458e-90fd-f757ed966a63,0.7164899552133278
c7e8af35-608f-4d18-b752-2f3140f5fcc4_772-15,2,0,0,3,c7e8af35-608f-4d18-b752-2f3140f5fcc4,0.330143208512531
c7f71299-a622-4a9a-b225-019335d6f2d2_607-47,3,1,1,1,c7f71299-a622-4a9a-b225-019335d6f2d2,0.34928660387197474
c7f71299-a622-4a9a-b225-019335d6f2d2_658-88,0,0,0,1,c7f71299-a622-4a9a-b225-019335d6f2d2,0.4772488851701213
c824d4e5-298a-462b-a408-28a85a7364af_126-28,0,0,0,3,c824d4e5-298a-462b-a408-28a85a7364af,0.8389436311077345
c824d4e5-298a-462b-a408-28a85a7364af_683-96,3,0,0,3,c824d4e5-298a-462b-a408-28a85a7364af,0.3245316277809418
c85251fa-eb44-4903-b27f-9cdee26e0ed5_1618-20,0,0,0,4,c85251fa-eb44-4903-b27f-9cdee26e0ed5,0.7446947391228373
c85251fa-eb44-4903-b27f-9cdee26e0ed5_1632-58,1,0,0,4,c85251fa-eb44-4903-b27f-9cdee26e0ed5,0.18802019044427024
c864505c-9d49-4da4-bf7e-254b4c348c03_191-07,0,0,0,0,c864505c-9d49-4da4-bf7e-254b4c348c03,0.31206362453833514
c864505c-9d49-4da4-bf7e-254b4c348c03_242-94,0,0,0,0,c864505c-9d49-4da4-bf7e-254b4c348c03,0.19120449965867783
c864505c-9d49-4da4-bf7e-254b4c348c03_540-20,3,0,0,0,c864505c-9d49-4da4-bf7e-254b4c348c03,0.8653165350895284
c8b61175-cfa4-44f9-a88b-76609ffa4ca3_3008-85,2,0,0,0,c8b61175-cfa4-44f9-a88b-76609ffa4ca3,0.14599645202001235
c8d51f6b-7329-4367-9b24-941fa79794d2_2516-44,0,0,0,4,c8d51f6b-7329-4367-9b24-941fa79794d2,0.5975517076993966
c92cfd96-21ca-4b52-a56a-6345fbf57de0_233-46,2,0,0,2,c92cfd96-21ca-4b52-a56a-6345fbf57de0,0.19619973254102804
c92cfd96-21ca-4b52-a56a-6345fbf57de0_2877-33,3,0,0,2,c92cfd96-21ca-4b52-a56a-6345fbf57de0,0.11760252211698688
c93e077c-9f51-449c-b130-8be107c8a7d5_152-99,3,0,0,0,c93e077c-9f51-449c-b130-8be107c8a7d5,-0.02499239317709019
c93e077c-9f51-449c-b130-8be107c8a7d5_199-82,0,0,0,0,c93e077c-9f51-449c-b130-8be107c8a7d5,0.1509181246987921
c9595c28-a46b-4571-9796-3802af307bf2_188-17,1,0,0,4,c9595c28-a46b-4571-9796-3802af307bf2,0.6613113184295375
c97a7ee8-1fd4-4092-8c47-ef93dea1c8aa_539-98,1,0,0,3,c97a7ee8-1fd4-4092-8c47-ef93dea1c8aa,0.11674013724829882
ca03dcd8-9e87-4da5-9f9d-eac37ed6e9fd_320-42,3,0,0,2,ca03dcd8-9e87-4da5-9f9d-eac37ed6e9fd,0.38423051331750646
ca1773b8-ec8e-4f61-8e8f-7e4211830793_1043-00,3,0,0,4,ca1773b8-ec8e-4f61-8e8f-7e4211830793,0.17943921649791958
ca1773b8-ec8e-4f61-8e8f-7e4211830793_835-99,0,0,0,4,ca1773b8-ec8e-4f61-8e8f-7e4211830793,0.06050096898398835
ca22ace6-2d0e-4e0b-98d4-60544e5af4d5_1194-22,3,0,0,0,ca22ace6-2d0e-4e0b-98d4-60544e5af4d5,0.21873019615679032
ca22ace6-2d0e-4e0b-98d4-60544e5af4d5_139-96,3,0,0,0,ca22ace6-2d0e-4e0b-98d4-60544e5af4d5,0.5282605173741033
ca22ace6-2d0e-4e0b-98d4-60544e5af4d5_4682-68,3,1,1,0,ca22ace6-2d0e-4e0b-98d4-60544e5af4d5,0.5233388446953233
ca800ee3-fea2-4825-ba1d-8eaace908135_5734-95,1,0,0,1,ca800ee3-fea2-4825-ba1d-8eaace908135,0.8516782429724862
ca800ee3-fea2-4825-ba1d-8eaace908135_6490-17,0,0,0,1,ca800ee3-fea2-4825-ba1d-8eaace908135,-0.0019561046136677696
caa17bb0-2b04-49b0-8ccc-38b2803a3b1f_26-31,1,0,0,1,caa17bb0-2b04-49b0-8ccc-38b2803a3b1f,0.6369838817647177
cab3c095-8054-4794-81c5-ef9dce1d1373_376-97,1,0,0,0,cab3c095-8054-4794-81c5-ef9dce1d1373,0.7041710352499855
cb0013d1-84a7-42c7-962a-3b00043365e5_1957-07,3,0,0,4,cb0013d1-84a7-42c7-962a-3b00043365e5,0.24196789619283174
cb1f1ddf-f4f6-4b0e-ab73-0285729ba790_40-06,2,0,0,3,cb1f1ddf-f4f6-4b0e-ab73-0285729ba790,0.2672446032795791
cb87d2ca-dc4f-4e1c-a13f-a8fe7dc952e9_11-49,0,0,0,2,cb87d2ca-dc4f-4e1c-a13f-a8fe7dc952e9,0.718556466787021
cb87d2ca-dc4f-4e1c-a13f-a8fe7dc952e9_115-52,3,0,0,2,cb87d2ca-dc4f-4e1c-a13f-a8fe7dc952e9,-0.14902546908353267
cb87d2ca-dc4f-4e1c-a13f-a8fe7dc952e9_23-76,3,1,1,2,cb87d2ca-dc4f-4e1c-a13f-a8fe7dc952e9,1.0637816684115815
cb87d2ca-dc4f-4e1c-a13f-a8fe7dc952e9_98-75,0,0,0,2,cb87d2ca-dc4f-4e1c-a13f-a8fe7dc952e9,0.4504221649834508
cb8df5e7-af5c-4211-b779-0568f94c7ded_1890-31,0,0,0,4,cb8df5e7-af5c-4211-b779-0568f94c7ded,0.19660116439062084
cb8df5e7-af5c-4211-b779-0568f94c7ded_3375-73,3,0,0,4,cb8df5e7-af5c-4211-b779-0568f94c7ded,0.5337920969692557
cb8df5e7-af5c-4211-b779-0568f94c7ded_3449-61,0,1,1,4,cb8df5e7-af5c-4211-b779-0568f94c7ded,0.16962731151634017
cb987dd4-f0ec-46ed-8bf0-3fee8c84fc90_2701-67,1,0,0,2,cb987dd4-f0ec-46ed-8bf0-3fee8c84fc90,0.4981830154790957
cb9de2c6-ff1a-48e8-b170-047e9471b588_1100-53,3,0,0,3,cb9de2c6-ff1a-48e8-b170-047e9471b588,0.35485046407790766
cb9de2c6-ff1a-48e8-b170-047e9471b588_836-21,0,0,0,3,cb9de2c6-ff1a-48e8-b170-047e9471b588,0.43123316341305784
cb9de2c6-ff1a-48e8-b170-047e9471b588_884-63,2,0,0,3,cb9de2c6-ff1a-48e8-b170-047e9471b588,0.537934699045174
cb9de2c6-ff1a-48e8-b170-047e9471b588_931-60,1,0,0,3,cb9de2c6-ff1a-48e8-b170-047e9471b588,0.0021660882455735025
cbc5c4fe-ed66-4525-a3d8-d691064db66b_262-02,1,0,0,0,cbc5c4fe-ed66-4525-a3d8-d691064db66b,0.08802772591957359
cbc5c4fe-ed66-4525-a3d8-d691064db66b_527-23,3,0,0,0,cbc5c4fe-ed66-4525-a3d8-d691064db66b,0.36219334485578025
cbc5c4fe-ed66-4525-a3d8-d691064db66b_545-69,1,1,1,0,cbc5c4fe-ed66-4525-a3d8-d691064db66b,0.8299518328084226
cbc5c4fe-ed66-4525-a3d8-d691064db66b_729-17,3,1,1,0,cbc5c4fe-ed66-4525-a3d8-d691064db66b,0.5007348208759907
cbfeb6c8-ec1f-4884-bcbf-14d7764c4a36_0-01,1,0,0,1,cbfeb6c8-ec1f-4884-bcbf-14d7764c4a36,0.7400380293787381
cc82c3dc-caf7-4d64-9c84-b4701e205344_230-08,2,0,0,0,cc82c3dc-caf7-4d64-9c84-b4701e205344,0.47813079705665806
cc83fb01-1904-4917-8d11-2fe2c66a990c_5792-18,3,0,0,3,cc83fb01-1904-4917-8d11-2fe2c66a990c,0.5132274434797972
cce59bcd-0ebc-463e-bbb1-094186a6ed8d_1562-00,4,1,1,2,cce59bcd-0ebc-463e-bbb1-094186a6ed8d,0.4658403449476489
cce59bcd-0ebc-463e-bbb1-094186a6ed8d_36-05,1,1,1,2,cce59bcd-0ebc-463e-bbb1-094186a6ed8d,0.6061102752284824
cd0c7d35-19cf-4ce2-9b40-0209547acde5_1364-91,0,1,1,4,cd0c7d35-19cf-4ce2-9b40-0209547acde5,0.6171755176625555
cd0c7d35-19cf-4ce2-9b40-0209547acde5_1365-10,0,0,0,4,cd0c7d35-19cf-4ce2-9b40-0209547acde5,0.7520447820339593
cd0c7d35-19cf-4ce2-9b40-0209547acde5_1447-25,1,0,0,4,cd0c7d35-19cf-4ce2-9b40-0209547acde5,0.31553941190455204
cd0c7d35-19cf-4ce2-9b40-0209547acde5_284-45,3,1,1,4,cd0c7d35-19cf-4ce2-9b40-0209547acde5,0.3609061437067629
cd1d3c56-69ca-4602-944e-bb9fabb9710b_1637-32,2,1,1,3,cd1d3c56-69ca-4602-944e-bb9fabb9710b,0.5570303738789615
cd1d3c56-69ca-4602-944e-bb9fabb9710b_1865-43,2,0,0,3,cd1d3c56-69ca-4602-944e-bb9fabb9710b,1.1916280069400687
cdaee0ff-a9ab-4935-91a2-45042d55b39c_353-27,1,1,1,2,cdaee0ff-a9ab-4935-91a2-45042d55b39c,0.4658403449476489
cdfd99eb-88c6-4bc7-8f66-e0318216feab_820-48,0,0,0,2,cdfd99eb-88c6-4bc7-8f66-e0318216feab,0.4827648355148977
ce121331-6a77-44c0-9c0d-8d6b21f73b24_67-61,1,1,1,1,ce121331-6a77-44c0-9c0d-8d6b21f73b24,0.1998591576245096
ce19b572-7341-426a-8c2f-fe067344c98d_1914-35,3,0,0,0,ce19b572-7341-426a-8c2f-fe067344c98d,0.10571007706012656
ce19b572-7341-426a-8c2f-fe067344c98d_1972-11,1,0,0,0,ce19b572-7341-426a-8c2f-fe067344c98d,0.047741350959687706
cea9a5cc-6682-474f-bae4-483ca722ec43_359-69,0,0,0,0,cea9a5cc-6682-474f-bae4-483ca722ec43,0.5154998389123299
cebb6331-2a18-454a-862b-3aa502267017_1587-77,0,0,0,4,cebb6331-2a18-454a-862b-3aa502267017,0.31553941190455204
cf3956a7-8cc6-4a99-8770-71a15c7e69c7_4456-62,0,0,0,4,cf3956a7-8cc6-4a99-8770-71a15c7e69c7,0.23338692224648108
cf3956a7-8cc6-4a99-8770-71a15c7e69c7_4824-79,0,0,0,4,cf3956a7-8cc6-4a99-8770-71a15c7e69c7,0.5889707337530459
cf3956a7-8cc6-4a99-8770-71a15c7e69c7_5040-48,3,0,0,4,cf3956a7-8cc6-4a99-8770-71a15c7e69c7,0.7520447820339593
cfa58f86-6a63-46fc-8510-6a8d517f933b_689-38,3,1,1,3,cfa58f86-6a63-46fc-8510-6a8d517f933b,0.38743023301389357
cfa595aa-c467-48fe-a86b-2e9b1a63ccab_1218-24,1,0,0,2,cfa595aa-c467-48fe-a86b-2e9b1a63ccab,0.5275130648044413
cfc42371-cd58-48df-8bc5-f2fb29a6091e_1191-27,2,1,1,2,cfc42371-cd58-48df-8bc5-f2fb29a6091e,0.7016319762197722
cfc42371-cd58-48df-8bc5-f2fb29a6091e_1271-05,0,0,0,2,cfc42371-cd58-48df-8bc5-f2fb29a6091e,0.10369065275583944
cfc42371-cd58-48df-8bc5-f2fb29a6091e_1273-98,1,0,0,2,cfc42371-cd58-48df-8bc5-f2fb29a6091e,0.7339746467512192
d013010f-fca0-4fc0-9545-500318a8e91f_511-08,2,0,0,1,d013010f-fca0-4fc0-9545-500318a8e91f,0.3407005378922473
d0396c77-6ecc-4d9f-bda1-af051699d0cf_1049-41,0,0,0,0,d0396c77-6ecc-4d9f-bda1-af051699d0cf,0.4604484459161049
d0396c77-6ecc-4d9f-bda1-af051699d0cf_3645-32,0,0,0,0,d0396c77-6ecc-4d9f-bda1-af051699d0cf,0.26685557689966954
d0396c77-6ecc-4d9f-bda1-af051699d0cf_4546-97,1,0,0,0,d0396c77-6ecc-4d9f-bda1-af051699d0cf,0.6540413149325401
d08cd963-d98b-4c9b-ba9f-cf7763e4b94e_1184-89,3,1,1,0,d08cd963-d98b-4c9b-ba9f-cf7763e4b94e,0.17352214851812478
d0925317-dc23-4cb4-a375-a7baddc06b27_901-57,2,0,0,4,d0925317-dc23-4cb4-a375-a7baddc06b27,0.21622497435377977
d0a861f7-3e5c-4836-9b43-29a0b3288165_1279-67,3,0,0,4,d0a861f7-3e5c-4836-9b43-29a0b3288165,0.8906068395110494
d0a861f7-3e5c-4836-9b43-29a0b3288165_550-69,2,1,1,4,d0a861f7-3e5c-4836-9b43-29a0b3288165,0.4160847804905532
d0a861f7-3e5c-4836-9b43-29a0b3288165_829-52,0,0,0,4,d0a861f7-3e5c-4836-9b43-29a0b3288165,1.0622618617383133
d0aedb4e-82cc-406a-a395-3573049a49ee_4319-84,0,0,0,4,d0aedb4e-82cc-406a-a395-3573049a49ee,0.3523251697604123
d0aedb4e-82cc-406a-a395-3573049a49ee_596-85,1,0,0,4,d0aedb4e-82cc-406a-a395-3573049a49ee,0.1426534586420594
d0c0065b-79d2-4e6f-9c0f-e212dd17a0ca_31-42,2,0,0,3,d0c0065b-79d2-4e6f-9c0f-e212dd17a0ca,0.6064448850097148
d10798c3-6b79-4c0d-aafd-8daad36c51db_44-79,3,0,0,2,d10798c3-6b79-4c0d-aafd-8daad36c51db,0.47975221430879633
d1952343-6eaf-4317-ae19-6b48b292ad24_877-17,3,0,0,3,d1952343-6eaf-4317-ae19-6b48b292ad24,0.26163302254799004
d1a27322-8acd-4297-9029-db45af8d7cc2_127-67,0,0,0,4,d1a27322-8acd-4297-9029-db45af8d7cc2,0.16962731151634017
d1a27322-8acd-4297-9029-db45af8d7cc2_164-10,1,0,0,4,d1a27322-8acd-4297-9029-db45af8d7cc2,0.7066780502317483
d1a27322-8acd-4297-9029-db45af8d7cc2_34-04,2,0,0,4,d1a27322-8acd-4297-9029-db45af8d7cc2,0.5534159069324146
d1c2a107-ba9a-4615-83e1-f609864b8541_35-35,0,0,0,4,d1c2a107-ba9a-4615-83e1-f609864b8541,0.607363612680976
d1c7b7ec-506e-4c02-b008-8b5aaaf442d7_1891-93,2,0,0,1,d1c7b7ec-506e-4c02-b008-8b5aaaf442d7,-0.012263654960798925
d1c7b7ec-506e-4c02-b008-8b5aaaf442d7_847-39,0,0,0,1,d1c7b7ec-506e-4c02-b008-8b5aaaf442d7,0.15777889198092857
d27c5c7e-db9c-48f4-bea5-9970078d352e_1216-84,2,0,0,1,d27c5c7e-db9c-48f4-bea5-9970078d352e,0.5004355344868436
d27c5c7e-db9c-48f4-bea5-9970078d352e_1570-49,0,0,0,1,d27c5c7e-db9c-48f4-bea5-9970078d352e,1.2467227014691133
d27c5c7e-db9c-48f4-bea5-9970078d352e_1635-43,3,0,0,1,d27c5c7e-db9c-48f4-bea5-9970078d352e,0.21875277395136813
d27c5c7e-db9c-48f4-bea5-9970078d352e_87-62,3,0,0,1,d27c5c7e-db9c-48f4-bea5-9970078d352e,0.6876502133880261
d27c5c7e-db9c-48f4-bea5-9970078d352e_90-20,2,1,1,1,d27c5c7e-db9c-48f4-bea5-9970078d352e,0.44804771849613156
d2985e7b-6dc8-4c7e-9aef-40d633895aa0_1413-23,0,1,1,1,d2985e7b-6dc8-4c7e-9aef-40d633895aa0,0.2694191055746765
d2985e7b-6dc8-4c7e-9aef-40d633895aa0_448-20,3,0,0,1,d2985e7b-6dc8-4c7e-9aef-40d633895aa0,0.6876502133880261
d29b209e-cbc7-40a7-a0d6-acf803b86c78_4-53,1,0,0,0,d29b209e-cbc7-40a7-a0d6-acf803b86c78,0.43000541631377853
d3279f4f-eea5-448f-a930-aafac6b668ac_1962-11,2,0,0,4,d3279f4f-eea5-448f-a930-aafac6b668ac,0.2701726801023413
d36cf2fd-8916-4b69-b7a2-e9743675fb38_3568-39,0,0,0,2,d36cf2fd-8916-4b69-b7a2-e9743675fb38,0.5767802259031368
d36cf2fd-8916-4b69-b7a2-e9743675fb38_3851-77,0,1,1,2,d36cf2fd-8916-4b69-b7a2-e9743675fb38,0.04051162229599642
d3980f7e-2ef1-4b2b-b73a-2a7db7465660_117-14,2,0,0,3,d3980f7e-2ef1-4b2b-b73a-2a7db7465660,0.4941317686460097
d3980f7e-2ef1-4b2b-b73a-2a7db7465660_452-63,1,1,1,3,d3980f7e-2ef1-4b2b-b73a-2a7db7465660,0.2919518588449559
d3a0899e-2093-454c-9f65-30087883193a_399-22,3,0,0,3,d3a0899e-2093-454c-9f65-30087883193a,0.4559404189784345
d3dafc0b-c623-4c4b-9a4a-ee56538e257c_519-43,1,0,0,2,d3dafc0b-c623-4c4b-9a4a-ee56538e257c,0.5459438659747406
d3de44fb-a6e8-4815-b28f-798de4bfd7eb_1337-08,2,0,0,1,d3de44fb-a6e8-4815-b28f-798de4bfd7eb,0.12428469231707515
d3f76c88-5996-4da0-8b8f-6c1b8f85a4d8_18062-30,2,0,0,1,d3f76c88-5996-4da0-8b8f-6c1b8f85a4d8,0.3784877705459646
d3f76c88-5996-4da0-8b8f-6c1b8f85a4d8_5099-68,3,0,0,1,d3f76c88-5996-4da0-8b8f-6c1b8f85a4d8,0.5322082497832935
d3f76c88-5996-4da0-8b8f-6c1b8f85a4d8_9209-81,3,0,0,1,d3f76c88-5996-4da0-8b8f-6c1b8f85a4d8,0.0590177773567718
d40be91b-85bb-4c47-ac18-52c4d044e3fc_13523-54,0,0,0,4,d40be91b-85bb-4c47-ac18-52c4d044e3fc,0.5337920969692557
d40be91b-85bb-4c47-ac18-52c4d044e3fc_2988-20,3,0,0,4,d40be91b-85bb-4c47-ac18-52c4d044e3fc,0.6809351283926964
d40be91b-85bb-4c47-ac18-52c4d044e3fc_5905-56,2,0,0,4,d40be91b-85bb-4c47-ac18-52c4d044e3fc,0.3609061437067629
d521d31b-83aa-48ef-9ccf-eee9773c50dc_3808-98,3,0,0,0,d521d31b-83aa-48ef-9ccf-eee9773c50dc,0.5105781662335501
d551e6e5-50b5-4eab-88df-f213e6509ea0_1428-48,0,0,0,4,d551e6e5-50b5-4eab-88df-f213e6509ea0,0.24319882722806055
d55c3204-8dfe-44c4-8822-d748e6fe6d8a_600-02,0,0,0,0,d55c3204-8dfe-44c4-8822-d748e6fe6d8a,0.015293981782795618
d55c3204-8dfe-44c4-8822-d748e6fe6d8a_759-81,0,0,0,0,d55c3204-8dfe-44c4-8822-d748e6fe6d8a,0.9409676123305202
d6491872-31a0-4015-b9e1-ae992406f849_51-07,2,0,0,3,d6491872-31a0-4015-b9e1-ae992406f849,0.2863402781133667
d64fb34a-08fd-416c-ac6f-86a0813869a8_275-80,3,1,1,3,d64fb34a-08fd-416c-ac6f-86a0813869a8,0.5873492101759272
d64fb34a-08fd-416c-ac6f-86a0813869a8_290-32,3,0,0,3,d64fb34a-08fd-416c-ac6f-86a0813869a8,0.2481489284457916
d64fb34a-08fd-416c-ac6f-86a0813869a8_437-60,3,1,1,3,d64fb34a-08fd-416c-ac6f-86a0813869a8,0.3683345581801061
d64fb34a-08fd-416c-ac6f-86a0813869a8_466-80,0,0,0,3,d64fb34a-08fd-416c-ac6f-86a0813869a8,0.6693434902426666
d64fb34a-08fd-416c-ac6f-86a0813869a8_494-32,4,1,1,3,d64fb34a-08fd-416c-ac6f-86a0813869a8,0.8277204696445563
d64fb34a-08fd-416c-ac6f-86a0813869a8_512-82,3,0,0,3,d64fb34a-08fd-416c-ac6f-86a0813869a8,0.4997433493775988
d64fb34a-08fd-416c-ac6f-86a0813869a8_810-92,2,0,0,3,d64fb34a-08fd-416c-ac6f-86a0813869a8,0.3851693003748735
d66f42bb-822b-444a-bce0-ddd15b29bd1b_149-48,0,0,0,1,d66f42bb-822b-444a-bce0-ddd15b29bd1b,0.36818022019883345
d66f42bb-822b-444a-bce0-ddd15b29bd1b_7-30,3,1,1,1,d66f42bb-822b-444a-bce0-ddd15b29bd1b,0.523622183803566
d6e0bff0-9501-4750-b97f-95f134f6618b_781-93,2,0,0,2,d6e0bff0-9501-4750-b97f-95f134f6618b,0.5906920952642843
d6f9d174-2d42-49e7-83e4-daa9e8b0aa25_1070-43,0,0,0,4,d6f9d174-2d42-49e7-83e4-daa9e8b0aa25,0.24319882722806055
d6f9d174-2d42-49e7-83e4-daa9e8b0aa25_1389-10,0,1,1,4,d6f9d174-2d42-49e7-83e4-daa9e8b0aa25,0.30695843795820144
d6f9d174-2d42-49e7-83e4-daa9e8b0aa25_211-63,2,0,0,4,d6f9d174-2d42-49e7-83e4-daa9e8b0aa25,0.4970063391133954
d6f9d174-2d42-49e7-83e4-daa9e8b0aa25_270-04,3,0,0,4,d6f9d174-2d42-49e7-83e4-daa9e8b0aa25,0.042108090056058284
d6f9d174-2d42-49e7-83e4-daa9e8b0aa25_432-24,0,0,0,4,d6f9d174-2d42-49e7-83e4-daa9e8b0aa25,0.3694871176531136
d6f9d174-2d42-49e7-83e4-daa9e8b0aa25_64-13,2,1,1,4,d6f9d174-2d42-49e7-83e4-daa9e8b0aa25,0.543604001950835
d6f9d174-2d42-49e7-83e4-daa9e8b0aa25_831-84,2,0,0,4,d6f9d174-2d42-49e7-83e4-daa9e8b0aa25,0.2787536540486919
d70be6cb-867f-4657-9a87-5d44ab30527a_887-35,3,0,0,1,d70be6cb-867f-4657-9a87-5d44ab30527a,0.46694133482299016
d730a47a-013d-4cd3-b478-370f2fb0d918_1149-88,2,0,0,0,d730a47a-013d-4cd3-b478-370f2fb0d918,0.5783902376915484
d7480d27-f607-4a5a-8c31-9d299f70a4b8_1934-95,3,0,0,0,d7480d27-f607-4a5a-8c31-9d299f70a4b8,0.5508645411934359
d7480d27-f607-4a5a-8c31-9d299f70a4b8_3616-43,3,0,0,0,d7480d27-f607-4a5a-8c31-9d299f70a4b8,0.17352214851812478
d7480d27-f607-4a5a-8c31-9d299f70a4b8_406-05,1,0,0,0,d7480d27-f607-4a5a-8c31-9d299f70a4b8,0.08802772591957359
d74c95ba-e072-44f8-bb2f-2631379af06d_1057-19,3,0,0,3,d74c95ba-e072-44f8-bb2f-2631379af06d,0.3054359529471542
d752fc52-9592-4cb5-910b-d09bb39261fd_420-77,1,0,0,2,d752fc52-9592-4cb5-910b-d09bb39261fd,0.5275130648044413
d7d516f6-4ba0-4ea7-a18f-f943abc50ff8_869-60,0,0,0,2,d7d516f6-4ba0-4ea7-a18f-f943abc50ff8,0.4981830154790957
d813a821-8cc1-4700-a7a4-d4e6edfed26e_449-05,0,0,0,1,d813a821-8cc1-4700-a7a4-d4e6edfed26e,0.2986202722486664
d813a821-8cc1-4700-a7a4-d4e6edfed26e_57-94,3,1,1,1,d813a821-8cc1-4700-a7a4-d4e6edfed26e,0.6412769147545814
d8915c4c-6534-4b0a-b46a-02a03d8031da_0-20,2,0,0,1,d8915c4c-6534-4b0a-b46a-02a03d8031da,1.4571240296870183
d8936caf-0142-4ceb-bacc-70313a19f169_142-89,1,0,0,3,d8936caf-0142-4ceb-bacc-70313a19f169,0.9074538170722756
d8936caf-0142-4ceb-bacc-70313a19f169_660-34,0,0,0,3,d8936caf-0142-4ceb-bacc-70313a19f169,0.5132274434797972
d8936caf-0142-4ceb-bacc-70313a19f169_694-31,1,0,0,3,d8936caf-0142-4ceb-bacc-70313a19f169,0.3054359529471542
d8936caf-0142-4ceb-bacc-70313a19f169_805-14,0,0,0,3,d8936caf-0142-4ceb-bacc-70313a19f169,-0.07982819182116588
d8936caf-0142-4ceb-bacc-70313a19f169_888-66,1,0,0,3,d8936caf-0142-4ceb-bacc-70313a19f169,0.5873492101759272
d8c7bf34-0440-48b3-bf22-263d7c926074_109-23,0,1,1,0,d8c7bf34-0440-48b3-bf22-263d7c926074,1.2475806004436194
d9bc2b47-181e-4fea-b153-15272b1646e1_589-30,1,0,0,4,d9bc2b47-181e-4fea-b153-15272b1646e1,0.5975517076993966
daf5384b-ea5c-4cce-bb8a-540a360075bf_1127-92,3,0,0,3,daf5384b-ea5c-4cce-bb8a-540a360075bf,0.3436273026147294
daf5384b-ea5c-4cce-bb8a-540a360075bf_676-16,1,0,0,3,daf5384b-ea5c-4cce-bb8a-540a360075bf,0.3683345581801061
db00f224-0dba-4c50-975a-178e0e1033fe_290-41,0,0,0,3,db00f224-0dba-4c50-975a-178e0e1033fe,0.43123316341305784
db35b386-4c65-4c5e-a488-51b2aa5eb1fb_1982-83,3,0,0,4,db35b386-4c65-4c5e-a488-51b2aa5eb1fb,0.4970063391133954
db35b386-4c65-4c5e-a488-51b2aa5eb1fb_481-32,3,0,0,4,db35b386-4c65-4c5e-a488-51b2aa5eb1fb,0.3339322908324822
db35b386-4c65-4c5e-a488-51b2aa5eb1fb_554-63,2,0,0,4,db35b386-4c65-4c5e-a488-51b2aa5eb1fb,0.4884253651670448
db35b386-4c65-4c5e-a488-51b2aa5eb1fb_589-73,0,0,0,4,db35b386-4c65-4c5e-a488-51b2aa5eb1fb,0.1242605797141293
dbcca18b-4b62-4ba1-b799-a6a65231d084_2471-26,1,1,1,3,dbcca18b-4b62-4ba1-b799-a6a65231d084,0.12796329871147713
dbcca18b-4b62-4ba1-b799-a6a65231d084_3794-64,3,1,1,3,dbcca18b-4b62-4ba1-b799-a6a65231d084,0.2672446032795791
dbcca18b-4b62-4ba1-b799-a6a65231d084_3795-07,1,0,0,3,dbcca18b-4b62-4ba1-b799-a6a65231d084,0.41213748857927024
dc16fb2a-7caf-41f4-b2a3-d2ff8cd38255_65-68,0,1,1,2,dc16fb2a-7caf-41f4-b2a3-d2ff8cd38255,0.47975221430879633
dc4d0940-b35c-4700-af77-5f13bb530ad8_1063-54,2,0,0,1,dc4d0940-b35c-4700-af77-5f13bb530ad8,0.035831128040049426
dca2e9e2-acde-49b7-8b0e-5a150e536769_3059-39,0,1,1,0,dca2e9e2-acde-49b7-8b0e-5a150e536769,0.6265156184344278
dced4894-d13a-4222-941b-5e4ecf1e3299_1046-91,0,0,0,0,dced4894-d13a-4222-941b-5e4ecf1e3299,0.30422461875534157
dced4894-d13a-4222-941b-5e4ecf1e3299_1473-25,3,1,1,0,dced4894-d13a-4222-941b-5e4ecf1e3299,0.4879741424142173
dced4894-d13a-4222-941b-5e4ecf1e3299_629-13,3,0,0,0,dced4894-d13a-4222-941b-5e4ecf1e3299,0.6088332672938747
dced4894-d13a-4222-941b-5e4ecf1e3299_663-36,1,0,0,0,dced4894-d13a-4222-941b-5e4ecf1e3299,0.5911509161533217
dd0aa717-59d8-4d8a-9f11-21be827fb184_1260-03,0,0,0,0,dd0aa717-59d8-4d8a-9f11-21be827fb184,0.26685557689966954
dd0aa717-59d8-4d8a-9f11-21be827fb184_406-80,0,0,0,0,dd0aa717-59d8-4d8a-9f11-21be827fb184,0.5636252196552093
dd0aa717-59d8-4d8a-9f11-21be827fb184_600-81,1,0,0,0,dd0aa717-59d8-4d8a-9f11-21be827fb184,0.892842231587641
dd508a2a-1ea7-43d2-805a-8080eeae9985_1035-99,2,0,0,1,dd508a2a-1ea7-43d2-805a-8080eeae9985,0.42915410216927297
dd508a2a-1ea7-43d2-805a-8080eeae9985_1133-08,1,0,0,1,dd508a2a-1ea7-43d2-805a-8080eeae9985,0.7949973939919105
dd508a2a-1ea7-43d2-805a-8080eeae9985_27-58,2,1,1,1,dd508a2a-1ea7-43d2-805a-8080eeae9985,0.19556612463464587
dd508a2a-1ea7-43d2-805a-8080eeae9985_36-14,0,0,0,1,dd508a2a-1ea7-43d2-805a-8080eeae9985,0.344993570882111
dd508a2a-1ea7-43d2-805a-8080eeae9985_856-81,0,0,0,1,dd508a2a-1ea7-43d2-805a-8080eeae9985,0.2986202722486664
dd508a2a-1ea7-43d2-805a-8080eeae9985_886-44,2,0,0,1,dd508a2a-1ea7-43d2-805a-8080eeae9985,0.08649745966335792
dd5214e7-85bb-41b4-93e0-5ef34b8af687_1307-52,3,0,0,4,dd5214e7-85bb-41b4-93e0-5ef34b8af687,0.06050096898398835
dd82f801-fc96-4ced-b066-ad559da3faab_124-35,3,0,0,4,dd82f801-fc96-4ced-b066-ad559da3faab,0.46145151229276404
dd82f801-fc96-4ced-b066-ad559da3faab_1750-27,1,0,0,4,dd82f801-fc96-4ced-b066-ad559da3faab,0.8709830295478904
dd82f801-fc96-4ced-b066-ad559da3faab_1757-91,0,1,1,4,dd82f801-fc96-4ced-b066-ad559da3faab,0.5803897598066954
dd82f801-fc96-4ced-b066-ad559da3faab_1788-27,3,1,1,4,dd82f801-fc96-4ced-b066-ad559da3faab,0.6527303444831869
dd82f801-fc96-4ced-b066-ad559da3faab_284-37,1,0,0,4,dd82f801-fc96-4ced-b066-ad559da3faab,0.8072234188177494
dd82f801-fc96-4ced-b066-ad559da3faab_601-49,3,1,1,4,dd82f801-fc96-4ced-b066-ad559da3faab,-0.15898264711594404
dd82f801-fc96-4ced-b066-ad559da3faab_621-91,1,0,0,4,dd82f801-fc96-4ced-b066-ad559da3faab,0.40627287550897384
dd82f801-fc96-4ced-b066-ad559da3faab_818-04,3,0,0,4,dd82f801-fc96-4ced-b066-ad559da3faab,0.835428202727259
dd82f801-fc96-4ced-b066-ad559da3faab_836-46,2,0,0,4,dd82f801-fc96-4ced-b066-ad559da3faab,0.37071804868834235
dd82f801-fc96-4ced-b066-ad559da3faab_905-66,0,1,1,4,dd82f801-fc96-4ced-b066-ad559da3faab,0.19660116439062084
de37a11d-1dcd-4f5b-9054-155093b3a073_1154-49,1,1,1,4,de37a11d-1dcd-4f5b-9054-155093b3a073,0.8341972716920303
de37a11d-1dcd-4f5b-9054-155093b3a073_1242-75,0,0,0,4,de37a11d-1dcd-4f5b-9054-155093b3a073,0.6171755176625555
de37a11d-1dcd-4f5b-9054-155093b3a073_6370-24,1,0,0,4,de37a11d-1dcd-4f5b-9054-155093b3a073,0.28856555903027137
de37a11d-1dcd-4f5b-9054-155093b3a073_7411-22,1,0,0,4,de37a11d-1dcd-4f5b-9054-155093b3a073,0.40627287550897384
de37a11d-1dcd-4f5b-9054-155093b3a073_8700-46,3,1,1,4,de37a11d-1dcd-4f5b-9054-155093b3a073,0.5803897598066954
dedaa2ad-306d-47b3-a4c4-90b6b2c37e78_8149-03,2,0,0,3,dedaa2ad-306d-47b3-a4c4-90b6b2c37e78,0.46942451308063293
df0b81a6-826c-4e9b-8921-392304716c0e_525-16,3,0,0,2,df0b81a6-826c-4e9b-8921-392304716c0e,0.41657318384895337
df0b81a6-826c-4e9b-8921-392304716c0e_554-75,3,0,0,2,df0b81a6-826c-4e9b-8921-392304716c0e,0.307139613496516
df1a31a9-6508-4d9d-b1c7-cffc7bcc5d29_41-87,1,0,0,0,df1a31a9-6508-4d9d-b1c7-cffc7bcc5d29,0.20396517812045115
df630387-82c6-4c90-95e8-6ba558c907a2_202-79,3,0,0,1,df630387-82c6-4c90-95e8-6ba558c907a2,0.7254374460417433
dfd0bc0c-28fc-4302-9a75-77df6c53ab31_658-80,0,0,0,2,dfd0bc0c-28fc-4302-9a75-77df6c53ab31,0.433497674416202
dfe44f90-17f9-43eb-adf4-da35f15002ed_1647-36,1,0,0,4,dfe44f90-17f9-43eb-adf4-da35f15002ed,-0.23132323179243558
dfe44f90-17f9-43eb-adf4-da35f15002ed_825-32,0,0,0,4,dfe44f90-17f9-43eb-adf4-da35f15002ed,0.7348828341412579
e00d8164-9996-48ed-8645-bb88ab30cc09_113-51,2,0,0,3,e00d8164-9996-48ed-8645-bb88ab30cc09,0.12235171797988798
e0d46807-4c3b-44a0-ac59-cb970c8d5a5a_6-18,0,1,1,4,e0d46807-4c3b-44a0-ac59-cb970c8d5a5a,-0.0854111314042236
e14bb000-250b-4f3d-aec6-e72d4f29d123_1299-73,3,0,0,2,e14bb000-250b-4f3d-aec6-e72d4f29d123,0.2747969429650692
e14bb000-250b-4f3d-aec6-e72d4f29d123_367-23,3,0,0,2,e14bb000-250b-4f3d-aec6-e72d4f29d123,0.5568431141297869
e14bb000-250b-4f3d-aec6-e72d4f29d123_968-06,3,0,0,2,e14bb000-250b-4f3d-aec6-e72d4f29d123,0.2747969429650692
e14bb000-250b-4f3d-aec6-e72d4f29d123_97-24,2,1,1,2,e14bb000-250b-4f3d-aec6-e72d4f29d123,0.5136011954432937
e14bb000-250b-4f3d-aec6-e72d4f29d123_977-37,0,1,1,2,e14bb000-250b-4f3d-aec6-e72d4f29d123,0.6384529457599293
e18a43a4-1e7b-4478-bc7f-16cb55a8ac16_875-97,2,0,0,3,e18a43a4-1e7b-4478-bc7f-16cb55a8ac16,0.7760450258747827
e1b0b312-ce2d-41a0-be5a-70c807fcc5ef_2287-10,1,1,1,3,e1b0b312-ce2d-41a0-be5a-70c807fcc5ef,0.16615464837905222
e1b0b312-ce2d-41a0-be5a-70c807fcc5ef_2428-09,0,1,1,3,e1b0b312-ce2d-41a0-be5a-70c807fcc5ef,-0.047248422885179914
e21a6f09-3df0-4bfb-a23b-47a1866aadf1_511-16,3,1,1,1,e21a6f09-3df0-4bfb-a23b-47a1866aadf1,0.3260999545552524
e21a6f09-3df0-4bfb-a23b-47a1866aadf1_526-23,3,0,0,1,e21a6f09-3df0-4bfb-a23b-47a1866aadf1,0.4712343678128539
e21a6f09-3df0-4bfb-a23b-47a1866aadf1_540-06,2,0,0,1,e21a6f09-3df0-4bfb-a23b-47a1866aadf1,0.10968410898008021
e2a1583d-7460-4d02-ac29-6968f16812c3_338-61,1,1,1,2,e2a1583d-7460-4d02-ac29-6968f16812c3,0.3225577934607141
e2dd39cb-63e2-4ebb-b99a-ad7ff579b048_78-33,2,0,0,1,e2dd39cb-63e2-4ebb-b99a-ad7ff579b048,0.2651260725848128
e2e46fb1-9014-426b-9bd4-ea0b995feb31_1007-32,3,0,0,0,e2e46fb1-9014-426b-9bd4-ea0b995feb31,1.129638808668176
e3283ef1-1659-4d5c-a09d-fd0f4df98aba_73-31,1,1,1,4,e3283ef1-1659-4d5c-a09d-fd0f4df98aba,0.5239801919876762
e339898f-5e79-4723-89d7-44ba33b163de_500-86,1,0,0,3,e339898f-5e79-4723-89d7-44ba33b163de,0.9209379111744739
e3f37c38-bf24-481f-b1c6-8d472fab4290_1679-92,1,0,0,4,e3f37c38-bf24-481f-b1c6-8d472fab4290,0.7434638080876085
e3f37c38-bf24-481f-b1c6-8d472fab4290_3800-16,1,0,0,4,e3f37c38-bf24-481f-b1c6-8d472fab4290,-0.11361591531373316
e3f37c38-bf24-481f-b1c6-8d472fab4290_5304-28,1,1,1,4,e3f37c38-bf24-481f-b1c6-8d472fab4290,0.45287053834641344
e402df54-0a64-424e-a7e6-3e68b18a761c_1045-12,0,0,0,2,e402df54-0a64-424e-a7e6-3e68b18a761c,0.1807815525768299
e402df54-0a64-424e-a7e6-3e68b18a761c_1064-59,3,1,1,2,e402df54-0a64-424e-a7e6-3e68b18a761c,1.7403202022995559
e402df54-0a64-424e-a7e6-3e68b18a761c_242-70,0,0,0,2,e402df54-0a64-424e-a7e6-3e68b18a761c,0.2285424030724749
e402df54-0a64-424e-a7e6-3e68b18a761c_62-43,1,0,0,2,e402df54-0a64-424e-a7e6-3e68b18a761c,0.44740954377734954
e54d654b-86ca-4219-bbf4-68575fffa098_2992-60,2,0,0,2,e54d654b-86ca-4219-bbf4-68575fffa098,1.097630649546079
e55e4faf-dec5-40ee-b375-f0b049b9b280_285-98,2,1,1,1,e55e4faf-dec5-40ee-b375-f0b049b9b280,0.5133146334564349
e55e4faf-dec5-40ee-b375-f0b049b9b280_342-72,0,0,0,1,e55e4faf-dec5-40ee-b375-f0b049b9b280,0.5382227671405609
e579ef82-c68f-44dc-8b0f-7fe62e20974c_2509-16,2,0,0,1,e579ef82-c68f-44dc-8b0f-7fe62e20974c,-0.24155859950556227
e58207f1-84ec-424b-a997-ff64a57eb13b_1893-21,1,0,0,3,e58207f1-84ec-424b-a997-ff64a57eb13b,0.3436273026147294
e58207f1-84ec-424b-a997-ff64a57eb13b_3524-37,2,0,0,3,e58207f1-84ec-424b-a997-ff64a57eb13b,0.3054359529471542
e5d2cc2c-0a36-4bad-bf50-bc9347e99eca_1120-59,3,0,0,0,e5d2cc2c-0a36-4bad-bf50-bc9347e99eca,0.2993029460765618
e5fea731-7b32-4857-a86b-587eda0ff334_979-09,1,0,0,4,e5fea731-7b32-4857-a86b-587eda0ff334,0.5350230280044844
e623faab-101a-41a6-83ac-8e22b4371aba_1053-43,3,0,0,3,e623faab-101a-41a6-83ac-8e22b4371aba,0.6143173983803242
e623faab-101a-41a6-83ac-8e22b4371aba_1141-39,3,0,0,3,e623faab-101a-41a6-83ac-8e22b4371aba,0.17963874248125064
e623faab-101a-41a6-83ac-8e22b4371aba_357-75,3,0,0,3,e623faab-101a-41a6-83ac-8e22b4371aba,0.330143208512531
e65cdb37-b00c-44b1-909f-068022d804cb_868-94,0,0,0,3,e65cdb37-b00c-44b1-909f-068022d804cb,-0.085439772552755
e6958f57-5769-46f6-be27-b879059ff2a4_927-40,1,0,0,2,e6958f57-5769-46f6-be27-b879059ff2a4,0.1807815525768299
e6b7692d-5e35-4524-8d2a-385475b95806_1667-07,1,0,0,1,e6b7692d-5e35-4524-8d2a-385475b95806,0.3407005378922473
e6b7692d-5e35-4524-8d2a-385475b95806_3085-37,2,1,1,1,e6b7692d-5e35-4524-8d2a-385475b95806,0.3784877705459646
e6d852dd-2510-482f-ad25-3d731388ea44_0-00,3,0,0,2,e6d852dd-2510-482f-ad25-3d731388ea44,1.4906167016662848
e6d852dd-2510-482f-ad25-3d731388ea44_105-51,3,1,1,2,e6d852dd-2510-482f-ad25-3d731388ea44,0.3533941533891103
e6d852dd-2510-482f-ad25-3d731388ea44_141-52,1,0,0,2,e6d852dd-2510-482f-ad25-3d731388ea44,0.6046039646254318
e6e3919c-7c2e-491e-bde8-053715f0d851_1353-28,0,0,0,3,e6e3919c-7c2e-491e-bde8-053715f0d851,0.5570303738789615
e6e3919c-7c2e-491e-bde8-053715f0d851_466-43,0,0,0,3,e6e3919c-7c2e-491e-bde8-053715f0d851,0.38743023301389357
e6e3919c-7c2e-491e-bde8-053715f0d851_472-28,1,0,0,3,e6e3919c-7c2e-491e-bde8-053715f0d851,0.5491578605083522
e6f1accd-e18d-43ec-b854-e7633b15cbf7_1189-37,2,0,0,4,e6f1accd-e18d-43ec-b854-e7633b15cbf7,0.5350230280044844
e6f1accd-e18d-43ec-b854-e7633b15cbf7_1189-42,0,0,0,4,e6f1accd-e18d-43ec-b854-e7633b15cbf7,0.6171755176625555
e6fdec5a-21e1-43e8-b662-9376538394d5_3510-00,1,0,0,1,e6fdec5a-21e1-43e8-b662-9376538394d5,0.5279152167934298
e70f4b34-432f-47dc-834f-5bc6bd67dc62_166-47,2,0,0,3,e70f4b34-432f-47dc-834f-5bc6bd67dc62,0.22344167288041486
e70f4b34-432f-47dc-834f-5bc6bd67dc62_676-86,2,0,0,3,e70f4b34-432f-47dc-834f-5bc6bd67dc62,0.1032560431461004
e70f4b34-432f-47dc-834f-5bc6bd67dc62_78-75,3,0,0,3,e70f4b34-432f-47dc-834f-5bc6bd67dc62,0.2481489284457916
e7752106-8e0c-47b5-a639-e701e659718c_740-06,1,0,0,0,e7752106-8e0c-47b5-a639-e701e659718c,1.0137013564672983
e7eead9a-5f4e-47af-8f54-2dd3fd453a2d_49-96,3,1,1,4,e7eead9a-5f4e-47af-8f54-2dd3fd453a2d,0.5975517076993966
e7eead9a-5f4e-47af-8f54-2dd3fd453a2d_55-37,1,0,0,4,e7eead9a-5f4e-47af-8f54-2dd3fd453a2d,0.5423730709156063
e87752b1-35a5-4cd7-9b95-a4b28129f9f3_932-40,0,0,0,4,e87752b1-35a5-4cd7-9b95-a4b28129f9f3,0.4075038065442026
e8ed2917-9442-4237-b15e-cd0b6c839d38_167-12,2,1,1,3,e8ed2917-9442-4237-b15e-cd0b6c839d38,0.923198843813494
e9343bd2-cd48-4abe-902a-3d3f6a0b51d8_1795-21,0,0,0,2,e9343bd2-cd48-4abe-902a-3d3f6a0b51d8,0.307139613496516
e9343bd2-cd48-4abe-902a-3d3f6a0b51d8_1810-91,0,0,0,2,e9343bd2-cd48-4abe-902a-3d3f6a0b51d8,1.2379005798269127
e9350702-f77c-4112-9f57-3ed08bc4b98a_0-04,1,1,1,2,e9350702-f77c-4112-9f57-3ed08bc4b98a,0.7001256656167216
e93fdf27-c14c-4794-b4b7-20685b40156f_1304-45,1,0,0,0,e93fdf27-c14c-4794-b4b7-20685b40156f,0.7749004398121975
e93fdf27-c14c-4794-b4b7-20685b40156f_1313-69,0,0,0,0,e93fdf27-c14c-4794-b4b7-20685b40156f,0.8299518328084226
e95dbd21-3017-48f5-8f36-46531f053ab1_339-47,2,0,0,3,e95dbd21-3017-48f5-8f36-46531f053ab1,1.2073730336812873
e95dbd21-3017-48f5-8f36-46531f053ab1_424-29,2,0,0,3,e95dbd21-3017-48f5-8f36-46531f053ab1,0.4997433493775988
e95dbd21-3017-48f5-8f36-46531f053ab1_547-92,1,1,1,3,e95dbd21-3017-48f5-8f36-46531f053ab1,0.4997433493775988
e95dbd21-3017-48f5-8f36-46531f053ab1_835-77,1,0,0,3,e95dbd21-3017-48f5-8f36-46531f053ab1,0.6502478154088791
e9957d35-9c4d-44cc-b3b6-267dfa13841a_896-74,0,1,1,1,e9957d35-9c4d-44cc-b3b6-267dfa13841a,-0.21837195018883993
e99a32fa-19c9-41e6-be66-37869bd26583_542-40,2,0,0,0,e99a32fa-19c9-41e6-be66-37869bd26583,0.4604484459161049
e9e0f26d-3005-436a-a70f-7d99977808c8_1359-76,3,0,0,4,e9e0f26d-3005-436a-a70f-7d99977808c8,0.45287053834641344
e9e0f26d-3005-436a-a70f-7d99977808c8_1362-45,3,1,1,4,e9e0f26d-3005-436a-a70f-7d99977808c8,-0.16756362106229467
e9e0f26d-3005-436a-a70f-7d99977808c8_1554-09,0,0,0,4,e9e0f26d-3005-436a-a70f-7d99977808c8,0.11444867473254983
e9e0f26d-3005-436a-a70f-7d99977808c8_1690-81,1,0,0,4,e9e0f26d-3005-436a-a70f-7d99977808c8,1.0806547406662435
e9ea573a-3972-48ea-b946-6cb069497bab_1785-52,0,0,0,4,e9ea573a-3972-48ea-b946-6cb069497bab,0.15123443258841004
ea1818bb-a882-4de4-9e31-993f4cb98aa1_1361-82,2,1,1,2,ea1818bb-a882-4de4-9e31-993f4cb98aa1,0.4011550038847552
ea1818bb-a882-4de4-9e31-993f4cb98aa1_1362-76,0,1,1,2,ea1818bb-a882-4de4-9e31-993f4cb98aa1,0.496676704876045
ea1818bb-a882-4de4-9e31-993f4cb98aa1_622-65,2,0,0,2,ea1818bb-a882-4de4-9e31-993f4cb98aa1,0.44891585438040016
ea417823-8ca0-417c-8901-114fa4f2d47f_254-62,3,0,0,3,ea417823-8ca0-417c-8901-114fa4f2d47f,0.6502478154088791
ea417823-8ca0-417c-8901-114fa4f2d47f_258-70,3,0,0,3,ea417823-8ca0-417c-8901-114fa4f2d47f,0.4941317686460097
ea5bb387-a22a-4b49-8aa5-35cbf0d3563d_205-22,2,1,1,2,ea5bb387-a22a-4b49-8aa5-35cbf0d3563d,0.3533941533891103
ea5bb387-a22a-4b49-8aa5-35cbf0d3563d_32-89,3,0,0,2,ea5bb387-a22a-4b49-8aa5-35cbf0d3563d,0.5290193754074919
eaa560d5-6432-4030-a03a-b6ba512e621d_61-64,2,0,0,4,eaa560d5-6432-4030-a03a-b6ba512e621d,0.9801093720802421
eabf19d3-4e52-4aee-8f14-5118626a078f_778-52,0,0,0,1,eabf19d3-4e52-4aee-8f14-5118626a078f,0.5699954824370107
eb20bebd-41e5-4a02-aa7e-73d3da5bc97e_1106-81,2,0,0,2,eb20bebd-41e5-4a02-aa7e-73d3da5bc97e,0.3086459240995667
eb20bebd-41e5-4a02-aa7e-73d3da5bc97e_1223-78,1,1,1,2,eb20bebd-41e5-4a02-aa7e-73d3da5bc97e,0.4504221649834508
eb20bebd-41e5-4a02-aa7e-73d3da5bc97e_1253-80,3,0,0,2,eb20bebd-41e5-4a02-aa7e-73d3da5bc97e,0.3533941533891103
eb20bebd-41e5-4a02-aa7e-73d3da5bc97e_1624-37,3,0,0,2,eb20bebd-41e5-4a02-aa7e-73d3da5bc97e,0.307139613496516
eb20bebd-41e5-4a02-aa7e-73d3da5bc97e_275-45,3,0,0,2,eb20bebd-41e5-4a02-aa7e-73d3da5bc97e,0.03900531169294577
eb20bebd-41e5-4a02-aa7e-73d3da5bc97e_389-33,3,0,0,2,eb20bebd-41e5-4a02-aa7e-73d3da5bc97e,0.2763032535681198
eb20bebd-41e5-4a02-aa7e-73d3da5bc97e_68-58,0,0,0,2,eb20bebd-41e5-4a02-aa7e-73d3da5bc97e,0.21161791250522619
eb20bebd-41e5-4a02-aa7e-73d3da5bc97e_70-42,1,1,1,2,eb20bebd-41e5-4a02-aa7e-73d3da5bc97e,1.1732152387640191
eb2c9739-dba0-479c-81b7-9dda51c4ac20_1388-02,0,0,0,1,eb2c9739-dba0-479c-81b7-9dda51c4ac20,0.551101866110152
eb2c9739-dba0-479c-81b7-9dda51c4ac20_1465-40,2,0,0,1,eb2c9739-dba0-479c-81b7-9dda51c4ac20,0.5090216004665711
eb2c9739-dba0-479c-81b7-9dda51c4ac20_148-23,2,0,0,1,eb2c9739-dba0-479c-81b7-9dda51c4ac20,0.565702449447147
eb2c9739-dba0-479c-81b7-9dda51c4ac20_1679-45,0,0,0,1,eb2c9739-dba0-479c-81b7-9dda51c4ac20,0.7864113280121828
eb2c9739-dba0-479c-81b7-9dda51c4ac20_249-20,2,0,0,1,eb2c9739-dba0-479c-81b7-9dda51c4ac20,0.11999165932721137
eb2c9739-dba0-479c-81b7-9dda51c4ac20_275-35,0,0,0,1,eb2c9739-dba0-479c-81b7-9dda51c4ac20,0.34928660387197474
eb575f9b-6a52-45fb-98d8-5e9dbdd8dd63_703-22,2,0,0,0,eb575f9b-6a52-45fb-98d8-5e9dbdd8dd63,0.5154998389123299
eb5cb2b0-59e6-45da-af1b-ba86c7ab0b54_1263-17,2,0,0,1,eb5cb2b0-59e6-45da-af1b-ba86c7ab0b54,0.12428469231707515
eb5cb2b0-59e6-45da-af1b-ba86c7ab0b54_705-79,3,0,0,1,eb5cb2b0-59e6-45da-af1b-ba86c7ab0b54,0.0590177773567718
eb5cb2b0-59e6-45da-af1b-ba86c7ab0b54_824-48,1,0,0,1,eb5cb2b0-59e6-45da-af1b-ba86c7ab0b54,0.4523407514859953
eb5cb2b0-59e6-45da-af1b-ba86c7ab0b54_922-64,3,0,0,1,eb5cb2b0-59e6-45da-af1b-ba86c7ab0b54,0.66017053108144
eb81442c-a322-49ea-b243-a39d2e288b9b_414-51,3,0,0,4,eb81442c-a322-49ea-b243-a39d2e288b9b,0.5068182440949749
eb81442c-a322-49ea-b243-a39d2e288b9b_838-90,3,1,1,4,eb81442c-a322-49ea-b243-a39d2e288b9b,0.21499404331855096
ec02ed27-b697-44b0-ae18-a9275205bfee_9-72,0,1,1,4,ec02ed27-b697-44b0-ae18-a9275205bfee,0.4332467283832545
ec3556de-be79-4ad4-aa0f-eaca48abb5d5_547-69,2,0,0,2,ec3556de-be79-4ad4-aa0f-eaca48abb5d5,0.798659987814113
ec75d692-c261-4df5-9939-b0edfaa309a5_1168-60,1,0,0,1,ec75d692-c261-4df5-9939-b0edfaa309a5,0.20844522360423703
ec85a806-d47f-4555-8c4c-20f59927e580_1424-09,0,0,0,0,ec85a806-d47f-4555-8c4c-20f59927e580,0.9282069338687471
ec85a806-d47f-4555-8c4c-20f59927e580_1435-56,3,0,0,0,ec85a806-d47f-4555-8c4c-20f59927e580,0.5184171720165437
ec85a806-d47f-4555-8c4c-20f59927e580_3835-48,0,1,1,0,ec85a806-d47f-4555-8c4c-20f59927e580,0.1509181246987921
ec85a806-d47f-4555-8c4c-20f59927e580_909-71,3,1,1,0,ec85a806-d47f-4555-8c4c-20f59927e580,0.36219334485578025
ec86fee5-ee10-46c5-b835-07c8a8d9651e_362-34,3,0,0,0,ec86fee5-ee10-46c5-b835-07c8a8d9651e,0.1283141008794593
ecdc4071-1903-4024-a357-d0082720168e_107-60,3,0,0,0,ecdc4071-1903-4024-a357-d0082720168e,0.6491196422537606
ecdc4071-1903-4024-a357-d0082720168e_115-49,2,0,0,0,ecdc4071-1903-4024-a357-d0082720168e,0.4250837436349988
ecdc4071-1903-4024-a357-d0082720168e_125-53,0,0,0,0,ecdc4071-1903-4024-a357-d0082720168e,0.10571007706012656
ecdc4071-1903-4024-a357-d0082720168e_295-94,1,0,0,0,ecdc4071-1903-4024-a357-d0082720168e,0.910524582728194
ecdc4071-1903-4024-a357-d0082720168e_3-20,2,0,0,0,ecdc4071-1903-4024-a357-d0082720168e,0.3749540233175537
ecdc4071-1903-4024-a357-d0082720168e_44-12,1,0,0,0,ecdc4071-1903-4024-a357-d0082720168e,1.3183100050058314
ecdc4071-1903-4024-a357-d0082720168e_454-42,0,0,0,0,ecdc4071-1903-4024-a357-d0082720168e,0.42016207095621916
ed027cb2-5b92-4de2-ab58-69d42325ef15_1281-72,2,0,0,3,ed027cb2-5b92-4de2-ab58-69d42325ef15,0.5817376294443382
ed027cb2-5b92-4de2-ab58-69d42325ef15_266-43,3,1,1,3,ed027cb2-5b92-4de2-ab58-69d42325ef15,0.5570303738789615
ed027cb2-5b92-4de2-ab58-69d42325ef15_890-73,1,0,0,3,ed027cb2-5b92-4de2-ab58-69d42325ef15,0.6502478154088791
ed027cb2-5b92-4de2-ab58-69d42325ef15_965-69,3,0,0,3,ed027cb2-5b92-4de2-ab58-69d42325ef15,0.2672446032795791
ed31f134-b3f0-4f50-b8ae-d956b2f9ccfd_2025-02,3,0,0,4,ed31f134-b3f0-4f50-b8ae-d956b2f9ccfd,0.7079089812669772
ed792c47-5cb3-427c-a0e9-5dac33456e6a_1026-89,3,1,1,2,ed792c47-5cb3-427c-a0e9-5dac33456e6a,0.5105885742371925
ed792c47-5cb3-427c-a0e9-5dac33456e6a_3277-79,1,0,0,2,ed792c47-5cb3-427c-a0e9-5dac33456e6a,0.44740954377734954
ed792c47-5cb3-427c-a0e9-5dac33456e6a_3373-63,0,0,0,2,ed792c47-5cb3-427c-a0e9-5dac33456e6a,0.5613620459389388
ed792c47-5cb3-427c-a0e9-5dac33456e6a_38-58,0,0,0,2,ed792c47-5cb3-427c-a0e9-5dac33456e6a,0.44891585438040016
ed792c47-5cb3-427c-a0e9-5dac33456e6a_662-64,0,0,0,2,ed792c47-5cb3-427c-a0e9-5dac33456e6a,-0.21220449954337572
ed792c47-5cb3-427c-a0e9-5dac33456e6a_968-42,2,0,0,2,ed792c47-5cb3-427c-a0e9-5dac33456e6a,0.3533941533891103
edaf03e3-3021-4140-8434-dc9e744ae492_178-18,1,0,0,3,edaf03e3-3021-4140-8434-dc9e744ae492,0.3245316277809418
edd0cb68-87be-4cfe-9f2d-b0b64ea8d3e2_2291-45,3,0,0,4,edd0cb68-87be-4cfe-9f2d-b0b64ea8d3e2,0.4332467283832545
edd0cb68-87be-4cfe-9f2d-b0b64ea8d3e2_4865-28,1,0,0,4,edd0cb68-87be-4cfe-9f2d-b0b64ea8d3e2,0.1598154065347607
ede3176b-2e12-4d2d-b9e2-40a2c4e93916_78-06,2,0,0,2,ede3176b-2e12-4d2d-b9e2-40a2c4e93916,0.26088507360392166
ee1eea29-aaad-41a4-b299-c72ed26c9da5_801-68,2,1,1,1,ee1eea29-aaad-41a4-b299-c72ed26c9da5,0.38278080353582833
ee3c00d5-9759-43b3-9116-3375227aadfd_15-30,0,0,0,0,ee3c00d5-9759-43b3-9116-3375227aadfd,0.30422461875534157
ee708878-5d10-4bf3-bd8a-6d72d5cceca6_570-90,2,0,0,4,ee708878-5d10-4bf3-bd8a-6d72d5cceca6,0.5166301490765544
eea4b231-055e-4c4e-8f95-8dd043601da6_1144-34,1,0,0,3,eea4b231-055e-4c4e-8f95-8dd043601da6,0.6255405598435024
eefcde42-5ea1-4a85-9f34-72c3ceca50f6_817-78,0,1,1,1,eefcde42-5ea1-4a85-9f34-72c3ceca50f6,0.5047285674767074
ef641454-94d5-4fe4-bf21-710144143967_723-67,1,0,0,0,ef641454-94d5-4fe4-bf21-710144143967,0.8299518328084226
ef641454-94d5-4fe4-bf21-710144143967_760-02,0,0,0,0,ef641454-94d5-4fe4-bf21-710144143967,0.5007348208759907
f0041c6c-06b2-4c3b-b8e6-934305b4226e_3757-69,0,1,1,1,f0041c6c-06b2-4c3b-b8e6-934305b4226e,0.2651260725848128
f0041c6c-06b2-4c3b-b8e6-934305b4226e_6185-52,4,1,1,1,f0041c6c-06b2-4c3b-b8e6-934305b4226e,0.9504393575966429
f0041c6c-06b2-4c3b-b8e6-934305b4226e_6269-35,1,0,0,1,f0041c6c-06b2-4c3b-b8e6-934305b4226e,0.04441719401977695
f00ec54c-9ed4-4a23-9cd7-f8728cb9d6c7_1080-52,2,0,0,3,f00ec54c-9ed4-4a23-9cd7-f8728cb9d6c7,0.3245316277809418
f00ec54c-9ed4-4a23-9cd7-f8728cb9d6c7_1322-65,3,0,0,3,f00ec54c-9ed4-4a23-9cd7-f8728cb9d6c7,0.923198843813494
f0b8d19e-28c0-4d11-bb2d-5c6576eb7dcb_138-10,0,0,0,3,f0b8d19e-28c0-4d11-bb2d-5c6576eb7dcb,0.3054359529471542
f0b8d19e-28c0-4d11-bb2d-5c6576eb7dcb_67-04,3,0,0,3,f0b8d19e-28c0-4d11-bb2d-5c6576eb7dcb,0.11674013724829882
f1253f94-69c2-4f65-b8dc-e0f24c7677b4_1541-37,3,0,0,0,f1253f94-69c2-4f65-b8dc-e0f24c7677b4,0.4152403982774395
f17f0d96-4d93-4e4b-83c5-fddfbc581bb3_963-95,2,1,1,0,f17f0d96-4d93-4e4b-83c5-fddfbc581bb3,0.23641254729734326
f1b5ae1e-742c-4802-9e61-ff8aae83e12e_459-05,0,0,0,4,f1b5ae1e-742c-4802-9e61-ff8aae83e12e,-0.14917074213436454
f1f8d17c-3d2a-4a2a-9482-0a8e385e77ae_365-24,1,0,0,3,f1f8d17c-3d2a-4a2a-9482-0a8e385e77ae,0.24253734771420246
f2017e02-2e5b-419c-8216-5a256a925c68_269-97,1,0,0,2,f2017e02-2e5b-419c-8216-5a256a925c68,0.38423051331750646
f22115b5-b9be-4e30-8576-7c1fcecec480_12-52,0,0,0,1,f22115b5-b9be-4e30-8576-7c1fcecec480,0.0590177773567718
f22115b5-b9be-4e30-8576-7c1fcecec480_21-27,1,0,0,1,f22115b5-b9be-4e30-8576-7c1fcecec480,0.13888527565407002
f2420e55-e559-40e1-9c96-863c6be763fd_1649-73,1,1,1,1,f2420e55-e559-40e1-9c96-863c6be763fd,0.13888527565407002
f246429f-404e-4023-9b82-bfe6bf1e50cd_78-11,3,0,0,0,f246429f-404e-4023-9b82-bfe6bf1e50cd,0.03789800560212833
f26eb8a6-2ac4-4aa4-a500-1e738d8c8b13_1596-52,0,1,1,4,f26eb8a6-2ac4-4aa4-a500-1e738d8c8b13,0.40627287550897384
f330e671-6ad4-49d4-8d59-e2493119ac43_8211-68,3,1,1,4,f330e671-6ad4-49d4-8d59-e2493119ac43,0.37071804868834235
f330e671-6ad4-49d4-8d59-e2493119ac43_9479-43,0,0,0,4,f330e671-6ad4-49d4-8d59-e2493119ac43,0.5166301490765544
f374039b-7f08-4dc3-af64-4e9ff61db531_2262-81,2,0,0,1,f374039b-7f08-4dc3-af64-4e9ff61db531,-0.0019561046136677696
f374039b-7f08-4dc3-af64-4e9ff61db531_425-13,3,0,0,1,f374039b-7f08-4dc3-af64-4e9ff61db531,-0.0543439206043799
f3c557d2-1170-4979-9a70-96d9b51fa987_228-25,3,0,0,0,f3c557d2-1170-4979-9a70-96d9b51fa987,0.2993029460765618
f3c557d2-1170-4979-9a70-96d9b51fa987_265-90,1,0,0,0,f3c557d2-1170-4979-9a70-96d9b51fa987,0.5960725888321015
f488287d-ea74-4836-9ea4-e137ac6c8233_333-32,1,0,0,3,f488287d-ea74-4836-9ea4-e137ac6c8233,0.41213748857927024
f51552ce-3d91-448c-8770-9800a6b5aa50_1666-29,3,0,0,2,f51552ce-3d91-448c-8770-9800a6b5aa50,0.3857368239205571
f543a47a-c081-481b-a415-cfe732ad74fe_1737-03,1,1,1,1,f543a47a-c081-481b-a415-cfe732ad74fe,-0.1805847175351227
f576f1bf-5433-488b-8833-8320f087e72b_48-29,2,0,0,3,f576f1bf-5433-488b-8833-8320f087e72b,0.3492388833463185
f5778003-9aea-4ca0-9398-69299ba0331c_124-11,0,0,0,2,f5778003-9aea-4ca0-9398-69299ba0331c,0.46282772374154757
f58900c3-5747-447c-9fa2-04c608e7f40a_18-05,3,0,0,0,f58900c3-5747-447c-9fa2-04c608e7f40a,0.23641254729734326
f58900c3-5747-447c-9fa2-04c608e7f40a_18-07,0,0,0,0,f58900c3-5747-447c-9fa2-04c608e7f40a,0.38479736867511305
f5ac654b-8f39-427b-856f-4a9a2d4a3020_9-20,1,1,1,4,f5ac654b-8f39-427b-856f-4a9a2d4a3020,0.30695843795820144
f5accd2a-0799-4345-9e0d-eb8d87a677a4_1449-87,3,0,0,3,f5accd2a-0799-4345-9e0d-eb8d87a677a4,0.5300621856745646
f5bdefb3-f57c-4270-bf31-7939ecd45c86_1289-58,0,0,0,2,f5bdefb3-f57c-4270-bf31-7939ecd45c86,0.8125718571752603
f5bdefb3-f57c-4270-bf31-7939ecd45c86_1324-59,2,0,0,2,f5bdefb3-f57c-4270-bf31-7939ecd45c86,0.13302070208118502
f5bdefb3-f57c-4270-bf31-7939ecd45c86_1815-24,3,0,0,2,f5bdefb3-f57c-4270-bf31-7939ecd45c86,0.3086459240995667
f5bdefb3-f57c-4270-bf31-7939ecd45c86_2347-29,3,1,1,2,f5bdefb3-f57c-4270-bf31-7939ecd45c86,0.38423051331750646
f5bdefb3-f57c-4270-bf31-7939ecd45c86_788-76,1,1,1,2,f5bdefb3-f57c-4270-bf31-7939ecd45c86,0.49517039427299436
f62011c7-dd9b-4dd7-abbb-d4cb891c388e_1080-00,0,0,0,3,f62011c7-dd9b-4dd7-abbb-d4cb891c388e,0.5323231183135848
f668b2c9-d376-411b-96e5-7d7379fae824_107-18,1,0,0,1,f668b2c9-d376-411b-96e5-7d7379fae824,0.565702449447147
f668b2c9-d376-411b-96e5-7d7379fae824_151-21,2,0,0,1,f668b2c9-d376-411b-96e5-7d7379fae824,0.7211444130518796
f6da4761-4774-4e05-bb2a-beca6db68f51_2233-75,1,0,0,2,f6da4761-4774-4e05-bb2a-beca6db68f51,0.11760252211698688
f6da4761-4774-4e05-bb2a-beca6db68f51_4196-85,2,0,0,2,f6da4761-4774-4e05-bb2a-beca6db68f51,0.40266131448780584
f7148e30-2ded-4d14-a8bb-f50813da26df_84-22,2,0,0,2,f7148e30-2ded-4d14-a8bb-f50813da26df,0.19619973254102804
f77f437c-4e60-43ef-a5e1-ce3881409455_1543-97,0,0,0,1,f77f437c-4e60-43ef-a5e1-ce3881409455,0.096805010010489
f7d99eca-11d5-4d45-8d60-695c3cb2f07c_431-32,1,0,0,0,f7d99eca-11d5-4d45-8d60-695c3cb2f07c,0.18628282697989815
f8c9dee9-a82f-46e8-9cd5-9380e197ac25_28-43,3,0,0,4,f8c9dee9-a82f-46e8-9cd5-9380e197ac25,2.4760161338182223
f965d286-b521-402f-9a0e-c73b49e9806e_1758-84,0,1,1,0,f965d286-b521-402f-9a0e-c73b49e9806e,0.8879205589088612
f965d286-b521-402f-9a0e-c73b49e9806e_32-71,0,0,0,0,f965d286-b521-402f-9a0e-c73b49e9806e,1.0942741063870698
f9a49dfd-e6f1-4827-9903-73a562ab32cd_444-64,1,0,0,3,f9a49dfd-e6f1-4827-9903-73a562ab32cd,0.1414473928136755
f9c337af-fdf9-4737-b4c2-c5f68cd18d6a_553-83,1,0,0,2,f9c337af-fdf9-4737-b4c2-c5f68cd18d6a,0.3549004639921609
fa35a547-13b5-4355-873c-322c1860349a_1250-17,1,0,0,4,fa35a547-13b5-4355-873c-322c1860349a,0.28856555903027137
fa35a547-13b5-4355-873c-322c1860349a_128-66,2,0,0,4,fa35a547-13b5-4355-873c-322c1860349a,0.18802019044427024
fa35a547-13b5-4355-873c-322c1860349a_166-55,0,0,0,4,fa35a547-13b5-4355-873c-322c1860349a,0.4884253651670448
fa53388f-58ab-41a8-9f0d-55407cae3973_757-23,0,0,0,1,fa53388f-58ab-41a8-9f0d-55407cae3973,0.5991966491110005
fab481c0-842c-4536-9126-9dc375464685_728-84,3,1,1,0,fab481c0-842c-4536-9126-9dc375464685,0.5282605173741033
facdbd7a-da79-48bd-9bb0-c866f675699b_1484-63,3,0,0,4,facdbd7a-da79-48bd-9bb0-c866f675699b,0.5705778548251159
fb8a0650-986c-4c08-9d97-ac432cca424e_70-34,0,1,1,2,fb8a0650-986c-4c08-9d97-ac432cca424e,0.3533941533891103
fb92d350-9bf9-4b16-8a1f-7858de276226_1246-08,0,1,1,1,fb92d350-9bf9-4b16-8a1f-7858de276226,0.5279152167934298
fb92d350-9bf9-4b16-8a1f-7858de276226_2190-65,3,0,0,1,fb92d350-9bf9-4b16-8a1f-7858de276226,0.31149937121825755
fb92d350-9bf9-4b16-8a1f-7858de276226_2422-37,3,0,0,1,fb92d350-9bf9-4b16-8a1f-7858de276226,0.40596745285255065
fb92d350-9bf9-4b16-8a1f-7858de276226_2423-62,0,0,0,1,fb92d350-9bf9-4b16-8a1f-7858de276226,0.9126521249429259
fb92d350-9bf9-4b16-8a1f-7858de276226_2438-10,1,1,1,1,fb92d350-9bf9-4b16-8a1f-7858de276226,0.3973813868728231
fb92d350-9bf9-4b16-8a1f-7858de276226_32-25,0,0,0,1,fb92d350-9bf9-4b16-8a1f-7858de276226,0.6309693644074502
fb92d350-9bf9-4b16-8a1f-7858de276226_540-00,1,0,0,1,fb92d350-9bf9-4b16-8a1f-7858de276226,0.07791139368363045
fb92d350-9bf9-4b16-8a1f-7858de276226_561-78,0,0,0,1,fb92d350-9bf9-4b16-8a1f-7858de276226,0.2230458069412319
fb92d350-9bf9-4b16-8a1f-7858de276226_599-33,2,0,0,1,fb92d350-9bf9-4b16-8a1f-7858de276226,0.3218069215653887
fb92d350-9bf9-4b16-8a1f-7858de276226_603-23,0,0,0,1,fb92d350-9bf9-4b16-8a1f-7858de276226,0.11569862633734765
fb92d350-9bf9-4b16-8a1f-7858de276226_625-71,3,0,0,1,fb92d350-9bf9-4b16-8a1f-7858de276226,0.2608330395949492
fb92d350-9bf9-4b16-8a1f-7858de276226_688-12,1,0,0,1,fb92d350-9bf9-4b16-8a1f-7858de276226,0.17667250830778722
fb9fda68-f264-465d-9208-19876f5ef90f_63-03,0,0,0,3,fb9fda68-f264-465d-9208-19876f5ef90f,1.7139125236374708
fb9fda68-f264-465d-9208-19876f5ef90f_887-23,1,0,0,3,fb9fda68-f264-465d-9208-19876f5ef90f,0.6008333042781258
fbc425c4-def6-49a7-8b88-5d5d00b5524e_278-29,1,0,0,1,fbc425c4-def6-49a7-8b88-5d5d00b5524e,0.4205680361895454
fc0450d5-00cd-4d55-9a8e-68628c38ddd2_87-11,3,0,0,1,fc0450d5-00cd-4d55-9a8e-68628c38ddd2,0.07791139368363045
fc201765-9b2e-4bb3-8ca0-84bd1732fd40_335-09,0,0,0,0,fc201765-9b2e-4bb3-8ca0-84bd1732fd40,0.19612617233745747
fcb62109-9f54-42d7-9ecd-7a60817868dc_663-41,0,0,0,4,fcb62109-9f54-42d7-9ecd-7a60817868dc,0.8893759084758204
fcc14fe4-35e1-4854-b368-4541ae7bcf58_1063-13,3,1,1,3,fcc14fe4-35e1-4854-b368-4541ae7bcf58,0.2728561840111683
fd2ae8b4-b683-4c4b-935c-78b4dadbdbf8_2447-28,3,0,0,3,fd2ae8b4-b683-4c4b-935c-78b4dadbdbf8,0.2919518588449559
fd2ae8b4-b683-4c4b-935c-78b4dadbdbf8_2975-44,3,0,0,3,fd2ae8b4-b683-4c4b-935c-78b4dadbdbf8,0.8030132140791796
fd2ae8b4-b683-4c4b-935c-78b4dadbdbf8_3041-68,1,0,0,3,fd2ae8b4-b683-4c4b-935c-78b4dadbdbf8,-0.036025261422001575
fd2ae8b4-b683-4c4b-935c-78b4dadbdbf8_3860-90,3,1,1,3,fd2ae8b4-b683-4c4b-935c-78b4dadbdbf8,0.612056465741304
fd2ae8b4-b683-4c4b-935c-78b4dadbdbf8_4020-41,2,0,0,3,fd2ae8b4-b683-4c4b-935c-78b4dadbdbf8,0.7401146088462277
fd2ae8b4-b683-4c4b-935c-78b4dadbdbf8_4100-48,1,1,1,3,fd2ae8b4-b683-4c4b-935c-78b4dadbdbf8,0.4615519997100237
fd2ae8b4-b683-4c4b-935c-78b4dadbdbf8_4288-89,0,0,0,3,fd2ae8b4-b683-4c4b-935c-78b4dadbdbf8,0.31665911441033257
fd2ae8b4-b683-4c4b-935c-78b4dadbdbf8_565-30,0,0,0,3,fd2ae8b4-b683-4c4b-935c-78b4dadbdbf8,0.330143208512531
fd2ae8b4-b683-4c4b-935c-78b4dadbdbf8_966-80,1,0,0,3,fd2ae8b4-b683-4c4b-935c-78b4dadbdbf8,0.23466483434359317
fdbe0fbc-90a3-41b9-8898-a0c7ce3f966c_672-30,1,0,0,3,fdbe0fbc-90a3-41b9-8898-a0c7ce3f966c,0.48625925527540037
fdbe0fbc-90a3-41b9-8898-a0c7ce3f966c_696-68,3,1,1,3,fdbe0fbc-90a3-41b9-8898-a0c7ce3f966c,0.6940507458080434
fdc39d01-44cb-431a-96a1-558ebf4c15ae_933-99,2,0,0,2,fdc39d01-44cb-431a-96a1-558ebf4c15ae,0.607616585831533
fdfa65a5-9d90-4d27-8667-cd2c511614e3_513-55,1,0,0,1,fdfa65a5-9d90-4d27-8667-cd2c511614e3,-0.02084972094052634
fdfa65a5-9d90-4d27-8667-cd2c511614e3_70-13,2,0,0,1,fdfa65a5-9d90-4d27-8667-cd2c511614e3,0.2797266559218077
fe0b10e2-7fbb-4abc-ab5f-87ffaef34b3f_111-04,2,0,0,1,fe0b10e2-7fbb-4abc-ab5f-87ffaef34b3f,0.16636495796065612
fe0d5ffc-686e-4846-bce0-1a18e513bf95_2543-03,2,0,0,3,fe0d5ffc-686e-4846-bce0-1a18e513bf95,0.5514187931473723
fe0d5ffc-686e-4846-bce0-1a18e513bf95_483-81,3,1,1,3,fe0d5ffc-686e-4846-bce0-1a18e513bf95,0.36046204480949673
fe231042-6163-48cc-a1c4-1d1163b0a440_494-51,3,0,0,0,fe231042-6163-48cc-a1c4-1d1163b0a440,0.1686004758393451
fe827643-62c3-4cb9-b009-7ed43731c9bd_0-00,0,0,0,1,fe827643-62c3-4cb9-b009-7ed43731c9bd,0.27543362293194396
fe827643-62c3-4cb9-b009-7ed43731c9bd_273-13,1,0,0,1,fe827643-62c3-4cb9-b009-7ed43731c9bd,0.5949036161211367
fec2a5e2-615f-46b3-a320-b8741c2b6365_562-48,1,0,0,4,fec2a5e2-615f-46b3-a320-b8741c2b6365,0.43447765941848326
fec31c20-1910-4ab1-afc5-6aa3057a45f5_381-77,3,0,0,0,fec31c20-1910-4ab1-afc5-6aa3057a45f5,0.40740139249444585
fec31c20-1910-4ab1-afc5-6aa3057a45f5_810-30,0,0,0,0,fec31c20-1910-4ab1-afc5-6aa3057a45f5,0.7041710352499855
fec31c20-1910-4ab1-afc5-6aa3057a45f5_825-86,3,0,0,0,fec31c20-1910-4ab1-afc5-6aa3057a45f5,0.20396517812045115
ff15140a-4747-4c45-b95f-ff2bd36ef178_1065-69,1,1,1,3,ff15140a-4747-4c45-b95f-ff2bd36ef178,0.4671635804416129
ff425cc6-7577-444b-b6f7-e250c22a1ed5_831-75,0,0,0,2,ff425cc6-7577-444b-b6f7-e250c22a1ed5,0.7802291866438135
ffa4f27f-4e66-4b8c-ba6a-9a94f3491eb6_1093-00,0,0,0,2,ffa4f27f-4e66-4b8c-ba6a-9a94f3491eb6,0.14843888204538316
fffbaeef-577f-45f0-baa9-f10cabf62dfb_278-37,0,0,0,3,fffbaeef-577f-45f0-baa9-f10cabf62dfb,-0.003445492486015639
