item,idx,correct,outcome,fold,group,score
01111831-9107-43c4-bf0e-6b26e9b32a2b_1351-09,2,1,1,2,01111831-9107-43c4-bf0e-6b26e9b32a2b,1.0252545207458232
01ccf6b0-5e95-4b18-acd4-a8cc1fd31ddf_248-81,2,0,0,2,01ccf6b0-5e95-4b18-acd4-a8cc1fd31ddf,1.2130447649203169
01ccf6b0-5e95-4b18-acd4-a8cc1fd31ddf_849-71,1,0,0,2,01ccf6b0-5e95-4b18-acd4-a8cc1fd31ddf,1.1821000221770697
01d301c9-9dbf-4da2-9181-d66a6688f5e6_817-64,1,0,0,2,01d301c9-9dbf-4da2-9181-d66a6688f5e6,-0.16774587670690555
01db7c39-a512-4bac-b284-dff8c7360e80_385-35,0,1,1,3,01db7c39-a512-4bac-b284-dff8c7360e80,0.12937648340274532
01ef2c24-ab95-46c0-a76a-7ec2f66aa5df_978-48,0,1,1,0,01ef2c24-ab95-46c0-a76a-7ec2f66aa5df,-0.17166275447379098
01f9f9d6-2871-4913-99ea-8ffb7780fc8d_1491-41,1,1,1,4,01f9f9d6-2871-4913-99ea-8ffb7780fc8d,1.2322914633992084
0235dafb-ec68-4177-8aff-e36d6c63742d_15-76,3,1,1,2,0235dafb-ec68-4177-8aff-e36d6c63742d,2.496166108167562
02ca6897-bf08-4cfb-bbc7-7810dbf5cca2_2974-75,1,0,0,4,02ca6897-bf08-4cfb-bbc7-7810dbf5cca2,1.1796982121030748
031314bd-fa48-42ef-8341-bc5ca17f6a4a_1127-31,2,0,0,1,031314bd-fa48-42ef-8341-bc5ca17f6a4a,2.1794348877155683
033520cd-e7e4-4649-b551-83bb451a4802_382-12,2,0,0,0,033520cd-e7e4-4649-b551-83bb451a4802,-0.1629602146529019
03ca4970-374e-4901-9895-81f262c0da5c_817-27,1,1,1,3,03ca4970-374e-4901-9895-81f262c0da5c,1.1581597921463755
03d6e9bf-389a-4828-bf82-0ef6decf7671_900-77,3,1,1,2,03d6e9bf-389a-4828-bf82-0ef6decf7671,1.3900666701499942
03f5b0be-94ac-4d22-9c30-7bf0456ccf0e_1279-00,3,1,1,4,03f5b0be-94ac-4d22-9c30-7bf0456ccf0e,1.0364785347983854
03fb98b9-e732-4265-a2a3-9809183acaa7_1123-20,2,0,0,3,03fb98b9-e732-4265-a2a3-9809183acaa7,-0.24107071703756677
044a7a23-9305-4971-82ac-aa1a3dc154be_214-77,3,0,0,1,044a7a23-9305-4971-82ac-aa1a3dc154be,0.7965819834133685
046855d7-41d7-4f41-a6a7-fce921ea8133_335-77,3,1,1,0,046855d7-41d7-4f41-a6a7-fce921ea8133,1.50292210901122
0475a0b9-9445-4083-8c6a-42f0171ff3e4_1943-55,3,0,0,4,0475a0b9-9445-4083-8c6a-42f0171ff3e4,-0.29398471281942373
048d34c9-bf3f-4dd9-9da2-5f7da60ac2c8_955-97,0,0,0,1,048d34c9-bf3f-4dd9-9da2-5f7da60ac2c8,0.16107548808341599
04b2f7a8-1d95-43c2-8b3b-8053b22dda52_810-37,3,1,1,4,04b2f7a8-1d95-43c2-8b3b-8053b22dda52,0.7119619328574713
053ae0a6-937d-4bdc-8001-d3dfe7899811_1085-52,3,0,0,1,053ae0a6-937d-4bdc-8001-d3dfe7899811,0.40624333005390434
0548b16c-cc3f-475d-82a4-9a73109d4327_1779-11,0,1,1,4,0548b16c-cc3f-475d-82a4-9a73109d4327,0.6505084064751903
05d5d7cf-9fb9-4390-bcd3-dd626b948771_1543-50,0,0,0,2,05d5d7cf-9fb9-4390-bcd3-dd626b948771,0.23946721333820142
0619c3d0-aebe-4414-b977-f2027271b267_279-15,3,0,0,0,0619c3d0-aebe-4414-b977-f2027271b267,-0.5520010251223502
0619c3d0-aebe-4414-b977-f2027271b267_566-56,2,0,0,0,0619c3d0-aebe-4414-b977-f2027271b267,-0.7238021434062437
0655e194-9ddc-41c4-9708-7e6c7a256fa0_300-01,2,0,0,2,0655e194-9ddc-41c4-9708-7e6c7a256fa0,-0.8638101383231815
0696265e-aba2-401b-9316-c380c30c901e_540-96,3,0,0,2,0696265e-aba2-401b-9316-c380c30c901e,0.26936655827677813
0696265e-aba2-401b-9316-c380c30c901e_878-07,2,1,1,2,0696265e-aba2-401b-9316-c380c30c901e,0.34532319487677965
069c1058-881d-49da-b45d-b9f7e08fe932_1164-27,3,1,1,1,069c1058-881d-49da-b45d-b9f7e08fe932,1.0388902716737143
069c1058-881d-49da-b45d-b9f7e08fe932_2408-86,0,1,1,1,069c1058-881d-49da-b45d-b9f7e08fe932,1.2661741685148387
069c1058-881d-49da-b45d-b9f7e08fe932_475-96,1,1,1,1,069c1058-881d-49da-b45d-b9f7e08fe932,1.6183484354275388
06cf946b-4713-4ca2-addf-55ce95a26d98_1071-13,2,0,0,3,06cf946b-4713-4ca2-addf-55ce95a26d98,2.129482563894063
06ee22fd-ecfc-4e34-9ed2-a330548abf71_519-15,0,0,0,3,06ee22fd-ecfc-4e34-9ed2-a330548abf71,2.33813859398632
070776bf-f15a-4b6e-a906-d1ef9e132592_598-54,2,0,0,2,070776bf-f15a-4b6e-a906-d1ef9e132592,0.4114180595064809
072623e8-1889-4580-8175-ddc05a3dceb3_11-40,1,0,0,4,072623e8-1889-4580-8175-ddc05a3dceb3,0.9669555126997942
072623e8-1889-4580-8175-ddc05a3dceb3_89-78,1,0,0,4,072623e8-1889-4580-8175-ddc05a3dceb3,1.9806929938009392
07536df6-9813-42d9-93df-35835407d8ee_170-76,0,0,0,4,07536df6-9813-42d9-93df-35835407d8ee,1.745125622745455
078634f1-0e81-455d-b771-3d35b65a2645_411-53,0,0,0,0,078634f1-0e81-455d-b771-3d35b65a2645,0.6538298698706715
07ad0112-22da-4f0e-be4f-2debe7fec15c_608-22,0,0,0,2,07ad0112-22da-4f0e-be4f-2debe7fec15c,1.6436105137123884
083b7556-9dff-40e2-9fad-bef3f82dbf37_1003-31,2,1,1,2,083b7556-9dff-40e2-9fad-bef3f82dbf37,0.7269983101605786
083b7556-9dff-40e2-9fad-bef3f82dbf37_34-58,0,1,1,2,083b7556-9dff-40e2-9fad-bef3f82dbf37,0.8193083799586316
083b7556-9dff-40e2-9fad-bef3f82dbf37_51-98,3,0,0,2,083b7556-9dff-40e2-9fad-bef3f82dbf37,1.3504510319917697
083b7556-9dff-40e2-9fad-bef3f82dbf37_635-98,1,0,0,2,083b7556-9dff-40e2-9fad-bef3f82dbf37,0.750007261522371
087e11d0-5984-4365-989d-7365294ddaec_1764-07,2,1,1,2,087e11d0-5984-4365-989d-7365294ddaec,0.5881555266531318
087e11d0-5984-4365-989d-7365294ddaec_3198-91,2,1,1,2,087e11d0-5984-4365-989d-7365294ddaec,0.8646140525392307
087e11d0-5984-4365-989d-7365294ddaec_5378-93,0,1,1,2,087e11d0-5984-4365-989d-7365294ddaec,1.9678160231443282
087e11d0-5984-4365-989d-7365294ddaec_7175-71,1,0,0,2,087e11d0-5984-4365-989d-7365294ddaec,0.04976683019269479
087e11d0-5984-4365-989d-7365294ddaec_7351-39,2,1,1,2,087e11d0-5984-4365-989d-7365294ddaec,-0.19116706459864896
088add57-cf62-4ddd-9908-7eb738b0ec22_2767-48,0,0,0,3,088add57-cf62-4ddd-9908-7eb738b0ec22,1.2140379611266772
08e65366-36a3-4146-bec6-043286cedf16_741-63,1,1,1,4,08e65366-36a3-4146-bec6-043286cedf16,2.769791062912404
09690df3-0715-4875-8745-7e8830c761d0_2258-64,0,1,1,2,09690df3-0715-4875-8745-7e8830c761d0,0.7051630259508723
09690df3-0715-4875-8745-7e8830c761d0_341-62,3,1,1,2,09690df3-0715-4875-8745-7e8830c761d0,-0.16037824392830324
09aa2849-b299-4e30-ab69-1213c6f96581_1101-28,2,1,1,0,09aa2849-b299-4e30-ab69-1213c6f96581,1.1180263499139644
09fe2f2d-7d90-4d7d-9dcd-baec4704f4cc_4409-86,0,0,0,1,09fe2f2d-7d90-4d7d-9dcd-baec4704f4cc,0.7944966656198564
0a02a1ed-a327-4753-b270-e95298984b96_534-33,1,0,0,4,0a02a1ed-a327-4753-b270-e95298984b96,0.9633401100040069
0a4c05df-f522-4a33-862f-0d89824e7300_1283-75,3,1,1,2,0a4c05df-f522-4a33-862f-0d89824e7300,0.36000147020782114
0b38da1c-2b62-4c05-a68e-e8f2aafa47a8_1227-10,0,0,0,3,0b38da1c-2b62-4c05-a68e-e8f2aafa47a8,0.4585210663494923
0b530687-26d8-4c9d-9771-c758ecd2ecbf_14330-76,1,0,0,2,0b530687-26d8-4c9d-9771-c758ecd2ecbf,0.298041430654572
0b530687-26d8-4c9d-9771-c758ecd2ecbf_14604-13,0,1,1,2,0b530687-26d8-4c9d-9771-c758ecd2ecbf,0.2160805757639641
0b530687-26d8-4c9d-9771-c758ecd2ecbf_16957-98,2,0,0,2,0b530687-26d8-4c9d-9771-c758ecd2ecbf,0.27494499249460813
0b530687-26d8-4c9d-9771-c758ecd2ecbf_3386-79,0,1,1,2,0b530687-26d8-4c9d-9771-c758ecd2ecbf,1.2937541087088973
0ca15932-2ede-4802-8f8d-68555c68c0b8_525-50,3,1,1,0,0ca15932-2ede-4802-8f8d-68555c68c0b8,2.1067690990082233
0cd16e31-6045-45ea-b0d7-105116f9e6d1_1433-59,2,1,1,0,0cd16e31-6045-45ea-b0d7-105116f9e6d1,1.161672315599636
0cd16e31-6045-45ea-b0d7-105116f9e6d1_646-65,0,0,0,0,0cd16e31-6045-45ea-b0d7-105116f9e6d1,0.48990372718896213
0d08f503-89df-4dd8-a238-4e1749d2fe22_5-63,1,0,0,4,0d08f503-89df-4dd8-a238-4e1749d2fe22,0.4833340656166847
0d572bb4-543a-4fa2-afce-876f854a559a_484-84,0,0,0,0,0d572bb4-543a-4fa2-afce-876f854a559a,0.9407162623836487
0d5f2917-e0bd-47cb-b887-1c14c69568f9_848-84,3,1,1,3,0d5f2917-e0bd-47cb-b887-1c14c69568f9,-0.29086891678482263
0d6a065b-3fcd-4537-8148-bc55d2ee3055_19-05,0,0,0,4,0d6a065b-3fcd-4537-8148-bc55d2ee3055,1.4326699243032643
0dca9b08-f9c6-446f-8754-3c1312fa3274_101-78,3,1,1,3,0dca9b08-f9c6-446f-8754-3c1312fa3274,1.2381775782335778
0e12d060-f93d-418a-a377-7f2467be9fed_363-39,3,1,1,4,0e12d060-f93d-418a-a377-7f2467be9fed,0.17551268495205208
0ece1a2a-2da0-4b28-ac8c-bf9f04c0d17c_2285-27,1,1,1,4,0ece1a2a-2da0-4b28-ac8c-bf9f04c0d17c,-0.5569095682853322
0ece1a2a-2da0-4b28-ac8c-bf9f04c0d17c_335-84,2,1,1,4,0ece1a2a-2da0-4b28-ac8c-bf9f04c0d17c,0.41124762516276125
0ece1a2a-2da0-4b28-ac8c-bf9f04c0d17c_713-12,2,1,1,4,0ece1a2a-2da0-4b28-ac8c-bf9f04c0d17c,0.8069131825416984
0f038f2a-7b3d-40ec-a22a-9f764bfbde74_4-93,2,1,1,4,0f038f2a-7b3d-40ec-a22a-9f764bfbde74,1.1545356603769363
0f1024e6-ff80-46e2-aea8-3878f11bc1d7_201-92,0,0,0,3,0f1024e6-ff80-46e2-aea8-3878f11bc1d7,0.3328311381769835
0f3fa455-3622-4fb4-a3be-0c1a7fd697a7_1157-44,2,1,1,2,0f3fa455-3622-4fb4-a3be-0c1a7fd697a7,1.1816296025983997
0f574f9b-00bc-479d-894b-9e7c999fe13a_302-98,2,0,0,1,0f574f9b-00bc-479d-894b-9e7c999fe13a,0.7678705051820665
0f574f9b-00bc-479d-894b-9e7c999fe13a_303-78,3,1,1,1,0f574f9b-00bc-479d-894b-9e7c999fe13a,0.9931152311613085
0f82d425-f8be-4e69-8c59-0a1a2e980b20_1108-13,1,1,1,4,0f82d425-f8be-4e69-8c59-0a1a2e980b20,1.0464328979727338
0f82d425-f8be-4e69-8c59-0a1a2e980b20_295-56,2,1,1,4,0f82d425-f8be-4e69-8c59-0a1a2e980b20,-0.2470778799159714
0f82d425-f8be-4e69-8c59-0a1a2e980b20_518-50,0,0,0,4,0f82d425-f8be-4e69-8c59-0a1a2e980b20,0.5732938720913547
0f82d425-f8be-4e69-8c59-0a1a2e980b20_554-09,3,1,1,4,0f82d425-f8be-4e69-8c59-0a1a2e980b20,1.429111396321221
10019839-9ded-439f-a573-5ccacd7d829d_650-42,3,1,1,0,10019839-9ded-439f-a573-5ccacd7d829d,1.341098024469924
102dc7b7-a8fb-419e-9a18-b679e7157d99_517-02,3,0,0,0,102dc7b7-a8fb-419e-9a18-b679e7157d99,0.7785300060805036
102dc7b7-a8fb-419e-9a18-b679e7157d99_754-92,3,1,1,0,102dc7b7-a8fb-419e-9a18-b679e7157d99,0.51268636370206
1042ea39-9256-4593-a4c6-a0d0393da739_524-37,3,1,1,0,1042ea39-9256-4593-a4c6-a0d0393da739,1.7168276568652874
10a848ed-f258-4930-abdd-1fd60b788abc_125-95,2,1,1,2,10a848ed-f258-4930-abdd-1fd60b788abc,0.19034725566805144
10a848ed-f258-4930-abdd-1fd60b788abc_294-40,3,1,1,2,10a848ed-f258-4930-abdd-1fd60b788abc,0.5464469428979417
10a848ed-f258-4930-abdd-1fd60b788abc_345-05,2,1,1,2,10a848ed-f258-4930-abdd-1fd60b788abc,1.3474211045330393
10a848ed-f258-4930-abdd-1fd60b788abc_475-65,2,1,1,2,10a848ed-f258-4930-abdd-1fd60b788abc,1.3194455653334445
10a848ed-f258-4930-abdd-1fd60b788abc_489-09,0,0,0,2,10a848ed-f258-4930-abdd-1fd60b788abc,0.6503583050497745
10a848ed-f258-4930-abdd-1fd60b788abc_549-51,3,1,1,2,10a848ed-f258-4930-abdd-1fd60b788abc,0.9158614504047216
10a848ed-f258-4930-abdd-1fd60b788abc_75-21,2,0,0,2,10a848ed-f258-4930-abdd-1fd60b788abc,0.0363161006657593
10a848ed-f258-4930-abdd-1fd60b788abc_788-28,0,1,1,2,10a848ed-f258-4930-abdd-1fd60b788abc,0.777219560820908
10c73f89-cc7d-4d43-b1df-b56703de1b24_711-97,3,1,1,4,10c73f89-cc7d-4d43-b1df-b56703de1b24,1.0901149343442396
110352df-c7a3-4fec-a707-42936d101c28_3-37,2,0,0,3,110352df-c7a3-4fec-a707-42936d101c28,0.4426769583694936
1106ee5c-8829-460f-8454-c4a8348f5400_10077-91,3,1,1,0,1106ee5c-8829-460f-8454-c4a8348f5400,0.10441249993104673
1106ee5c-8829-460f-8454-c4a8348f5400_1134-19,3,0,0,0,1106ee5c-8829-460f-8454-c4a8348f5400,0.28026268527918274
110f9870-6b6c-4a20-a3c8-8c2e29c53bb7_1386-55,3,0,0,2,110f9870-6b6c-4a20-a3c8-8c2e29c53bb7,-0.05493476013375287
110f9870-6b6c-4a20-a3c8-8c2e29c53bb7_1388-88,0,1,1,2,110f9870-6b6c-4a20-a3c8-8c2e29c53bb7,0.2405053050313577
11586867-f4d9-4341-9532-4de21a47585d_394-60,2,1,1,1,11586867-f4d9-4341-9532-4de21a47585d,0.8412980682762374
11663dd8-aa9d-429d-80e2-2807b341350e_224-01,0,0,0,2,11663dd8-aa9d-429d-80e2-2807b341350e,1.044396998248616
11e56f1e-baef-4fe8-ad0f-a7ec8788ea3a_836-51,3,1,1,4,11e56f1e-baef-4fe8-ad0f-a7ec8788ea3a,0.9629507028485111
11f247e0-179a-4b9d-8244-16fb918010a1_1002-90,0,1,1,3,11f247e0-179a-4b9d-8244-16fb918010a1,0.6704009435081422
11f247e0-179a-4b9d-8244-16fb918010a1_1085-16,3,0,0,3,11f247e0-179a-4b9d-8244-16fb918010a1,1.5146527897969082
11f247e0-179a-4b9d-8244-16fb918010a1_1106-33,0,1,1,3,11f247e0-179a-4b9d-8244-16fb918010a1,0.5467682550282658
11f247e0-179a-4b9d-8244-16fb918010a1_1376-89,3,1,1,3,11f247e0-179a-4b9d-8244-16fb918010a1,1.1627349847724755
11fb6f55-4bf0-4992-ad15-d30a51447ab3_745-24,1,1,1,1,11fb6f55-4bf0-4992-ad15-d30a51447ab3,1.4289056356788004
1246d6ec-5620-4f71-8b4b-d823775f58c2_29-81,0,1,1,2,1246d6ec-5620-4f71-8b4b-d823775f58c2,0.8531890008722596
1270f0e2-1bc0-4225-bf6e-3dd68c594c8b_1984-62,0,1,1,4,1270f0e2-1bc0-4225-bf6e-3dd68c594c8b,1.8172018461824537
1309c412-1d3b-449a-95d7-853616686f89_980-21,2,0,0,1,1309c412-1d3b-449a-95d7-853616686f89,1.755597418911569
1330508f-8168-4408-a4df-79f69fb87c83_1053-45,2,1,1,0,1330508f-8168-4408-a4df-79f69fb87c83,1.0961205516899994
13488a91-cef6-46f4-8007-9453d5d49925_44-43,0,1,1,1,13488a91-cef6-46f4-8007-9453d5d49925,0.004413568063446283
134a4c63-583a-4e64-8cf9-002b6d26cdf1_375-78,3,1,1,2,134a4c63-583a-4e64-8cf9-002b6d26cdf1,-0.11589542445572998
134a4c63-583a-4e64-8cf9-002b6d26cdf1_464-01,0,0,0,2,134a4c63-583a-4e64-8cf9-002b6d26cdf1,0.37729221204881824
134d9865-d9ee-47e5-a121-589a26c6b3ba_1573-53,1,1,1,3,134d9865-d9ee-47e5-a121-589a26c6b3ba,1.5606977625306078
134d9865-d9ee-47e5-a121-589a26c6b3ba_1586-50,2,0,0,3,134d9865-d9ee-47e5-a121-589a26c6b3ba,1.069943108616716
13a15553-2fdb-4d04-a7b4-2efc33538525_875-77,1,1,1,1,13a15553-2fdb-4d04-a7b4-2efc33538525,1.6121794085037642
13bbcf71-cc9d-40f9-b072-77841ea8b7a2_38-55,3,0,0,3,13bbcf71-cc9d-40f9-b072-77841ea8b7a2,0.6566615457957767
13d7173f-e8d1-4124-a66b-2ae648da9dbd_510-46,3,0,0,4,13d7173f-e8d1-4124-a66b-2ae648da9dbd,1.4139704751440338
146a4b4b-96a5-4d8f-a5b1-78dbb6ee5edf_4571-18,2,1,1,4,146a4b4b-96a5-4d8f-a5b1-78dbb6ee5edf,0.5975643608090362
146a4b4b-96a5-4d8f-a5b1-78dbb6ee5edf_9999-80,0,1,1,4,146a4b4b-96a5-4d8f-a5b1-78dbb6ee5edf,-0.06577326205918421
14a3d52a-e66c-4a4c-8f71-d86f7199993c_10-64,0,1,1,0,14a3d52a-e66c-4a4c-8f71-d86f7199993c,1.5522823403050219
14c123f4-06ab-4b51-aa26-95b0e3adf6eb_61-25,2,1,1,1,14c123f4-06ab-4b51-aa26-95b0e3adf6eb,1.6556134688246587
14e96091-4011-4557-95b3-a195fb5c39d8_273-80,2,1,1,2,14e96091-4011-4557-95b3-a195fb5c39d8,1.4299526677819943
14e96091-4011-4557-95b3-a195fb5c39d8_919-08,1,0,0,2,14e96091-4011-4557-95b3-a195fb5c39d8,0.2993185144346511
15223229-8273-4f28-9bc0-1266e7c210d8_1078-65,3,0,0,3,15223229-8273-4f28-9bc0-1266e7c210d8,0.0802745102859237
153cd84b-0345-4590-90f6-f66c294db429_799-88,1,0,0,4,153cd84b-0345-4590-90f6-f66c294db429,0.2511965588691498
156823e7-0339-4f64-9c89-80044fc8b218_782-84,1,1,1,4,156823e7-0339-4f64-9c89-80044fc8b218,0.5434052468340331
15c5a595-c577-4b4b-b26a-639517f140c9_1-82,3,0,0,2,15c5a595-c577-4b4b-b26a-639517f140c9,0.20889204727061816
15f1a422-327d-4dab-b14d-7003544c5817_1292-11,1,0,0,2,15f1a422-327d-4dab-b14d-7003544c5817,-0.06226516144524963
15f1a422-327d-4dab-b14d-7003544c5817_1304-02,0,0,0,2,15f1a422-327d-4dab-b14d-7003544c5817,0.2822626131939594
1626db26-0c74-43d6-a5c2-c1a8fa7b1429_2450-13,0,0,0,0,1626db26-0c74-43d6-a5c2-c1a8fa7b1429,0.48038303216168066
1626db26-0c74-43d6-a5c2-c1a8fa7b1429_730-63,2,1,1,0,1626db26-0c74-43d6-a5c2-c1a8fa7b1429,0.30186350191202016
168f91fd-53c2-4eee-9d2d-e25e1ad73438_99-46,2,0,0,3,168f91fd-53c2-4eee-9d2d-e25e1ad73438,1.1699017816585169
170fb6c9-8550-4e82-bb9a-4ad574c0f0fa_7137-29,0,1,1,4,170fb6c9-8550-4e82-bb9a-4ad574c0f0fa,1.1117868404721736
17be1d0a-f213-4126-ab6e-08e5c8ee5b93_1056-33,3,0,0,0,17be1d0a-f213-4126-ab6e-08e5c8ee5b93,1.1289696732538488
17be1d0a-f213-4126-ab6e-08e5c8ee5b93_1922-28,3,0,0,0,17be1d0a-f213-4126-ab6e-08e5c8ee5b93,0.9678358472011053
17be1d0a-f213-4126-ab6e-08e5c8ee5b93_1968-69,1,0,0,0,17be1d0a-f213-4126-ab6e-08e5c8ee5b93,1.668609116813324
17be1d0a-f213-4126-ab6e-08e5c8ee5b93_4479-70,1,1,1,0,17be1d0a-f213-4126-ab6e-08e5c8ee5b93,0.3410274211643354
17be1d0a-f213-4126-ab6e-08e5c8ee5b93_4986-86,1,0,0,0,17be1d0a-f213-4126-ab6e-08e5c8ee5b93,1.4342064989131318
17be1d0a-f213-4126-ab6e-08e5c8ee5b93_70-40,0,0,0,0,17be1d0a-f213-4126-ab6e-08e5c8ee5b93,0.6160746274081461
17cd1d99-044c-4b1b-97b4-f3de34f8e55b_251-62,1,1,1,4,17cd1d99-044c-4b1b-97b4-f3de34f8e55b,1.1132598047696725
17cd1d99-044c-4b1b-97b4-f3de34f8e55b_252-07,0,1,1,4,17cd1d99-044c-4b1b-97b4-f3de34f8e55b,0.6657371180669318
18189ea3-00fd-428a-bbae-7549ddd9a97e_803-15,1,0,0,0,18189ea3-00fd-428a-bbae-7549ddd9a97e,0.8630870567877076
182dffe9-d2bf-4a7d-b1d8-137470f0143d_1327-77,2,1,1,4,182dffe9-d2bf-4a7d-b1d8-137470f0143d,0.3579885783082317
182dffe9-d2bf-4a7d-b1d8-137470f0143d_1639-14,0,1,1,4,182dffe9-d2bf-4a7d-b1d8-137470f0143d,1.6848700748655858
182dffe9-d2bf-4a7d-b1d8-137470f0143d_1670-78,1,1,1,4,182dffe9-d2bf-4a7d-b1d8-137470f0143d,0.9198358661873254
182dffe9-d2bf-4a7d-b1d8-137470f0143d_1681-54,3,0,0,4,182dffe9-d2bf-4a7d-b1d8-137470f0143d,-0.19413683207625665
18a3840b-7463-43c4-9aa9-b1d8e486fa84_2172-38,3,1,1,2,18a3840b-7463-43c4-9aa9-b1d8e486fa84,1.6786917496187863
18ac02cb-20eb-4eed-b735-04aff3573422_38-16,3,0,0,3,18ac02cb-20eb-4eed-b735-04aff3573422,1.3570580595895643
19493340-9a5c-406c-9943-712a4a4a073c_634-74,2,0,0,1,19493340-9a5c-406c-9943-712a4a4a073c,0.8942092582256549
19f2ea20-5041-4be2-bdc9-714473f16236_1915-00,0,0,0,1,19f2ea20-5041-4be2-bdc9-714473f16236,0.91968830122178
19f2ea20-5041-4be2-bdc9-714473f16236_2706-11,3,0,0,1,19f2ea20-5041-4be2-bdc9-714473f16236,0.5796884593721112
19f2ea20-5041-4be2-bdc9-714473f16236_4520-57,3,0,0,1,19f2ea20-5041-4be2-bdc9-714473f16236,0.14538458678443456
19f2ea20-5041-4be2-bdc9-714473f16236_4524-38,1,1,1,1,19f2ea20-5041-4be2-bdc9-714473f16236,1.4229484329100461
19f2ea20-5041-4be2-bdc9-714473f16236_4525-17,1,1,1,1,19f2ea20-5041-4be2-bdc9-714473f16236,1.1633549623845714
19f2ea20-5041-4be2-bdc9-714473f16236_5269-91,3,0,0,1,19f2ea20-5041-4be2-bdc9-714473f16236,-0.47791398378968786
1a2a8e0b-747e-43e3-9618-fc3f55f662b6_0-00,0,1,1,1,1a2a8e0b-747e-43e3-9618-fc3f55f662b6,0.6320456561888361
1a50cd38-dda2-41d0-8a6f-294f17373d97_2805-73,0,0,0,0,1a50cd38-dda2-41d0-8a6f-294f17373d97,-0.6680349057846702
1a50cd38-dda2-41d0-8a6f-294f17373d97_2829-22,2,1,1,0,1a50cd38-dda2-41d0-8a6f-294f17373d97,1.296974349822401
1a50cd38-dda2-41d0-8a6f-294f17373d97_3680-47,3,0,0,0,1a50cd38-dda2-41d0-8a6f-294f17373d97,0.6415144320460056
1a7b9b5d-499a-454e-aaee-3758718fb5f2_817-59,1,1,1,3,1a7b9b5d-499a-454e-aaee-3758718fb5f2,1.7631279504844835
1a7e6155-3613-4f55-865c-00e196db0da0_3573-11,2,0,0,0,1a7e6155-3613-4f55-865c-00e196db0da0,1.3328069237995983
1a9a07d5-70ad-4e18-9740-66ea985a527b_945-60,1,0,0,3,1a9a07d5-70ad-4e18-9740-66ea985a527b,0.44017679238580887
1aa426b2-4d83-4b56-9d3c-4616adc464c8_300-08,3,1,1,4,1aa426b2-4d83-4b56-9d3c-4616adc464c8,0.2642087747781914
1acd2d5c-b0d4-4ec5-a54c-6a9c84cb11f6_23-18,3,1,1,3,1acd2d5c-b0d4-4ec5-a54c-6a9c84cb11f6,2.5121782299919633
1acd2d5c-b0d4-4ec5-a54c-6a9c84cb11f6_273-21,3,1,1,3,1acd2d5c-b0d4-4ec5-a54c-6a9c84cb11f6,0.6661484281483347
1acd2d5c-b0d4-4ec5-a54c-6a9c84cb11f6_742-55,3,1,1,3,1acd2d5c-b0d4-4ec5-a54c-6a9c84cb11f6,0.479297423156992
1acd2d5c-b0d4-4ec5-a54c-6a9c84cb11f6_773-39,0,1,1,3,1acd2d5c-b0d4-4ec5-a54c-6a9c84cb11f6,1.0678669456851395
1acd2d5c-b0d4-4ec5-a54c-6a9c84cb11f6_776-54,0,0,0,3,1acd2d5c-b0d4-4ec5-a54c-6a9c84cb11f6,1.2341068242519468
1b1acfa6-ee3b-483c-9c0a-245d70d7125f_3443-49,0,1,1,0,1b1acfa6-ee3b-483c-9c0a-245d70d7125f,2.3652808731979174
1b4b9493-2f3b-48e2-ba96-4feb9b9e98a1_408-70,1,1,1,0,1b4b9493-2f3b-48e2-ba96-4feb9b9e98a1,1.0942693297009045
1b6c9a8b-baec-44ac-ab24-f482d0c30117_216-86,3,1,1,1,1b6c9a8b-baec-44ac-ab24-f482d0c30117,0.4125952501750878
1b6c9a8b-baec-44ac-ab24-f482d0c30117_42-25,3,1,1,1,1b6c9a8b-baec-44ac-ab24-f482d0c30117,0.7505938647111472
1bfac46e-f957-4495-9583-dbd7fa683225_823-65,2,1,1,4,1bfac46e-f957-4495-9583-dbd7fa683225,1.4997353732848642
1bfe3bec-79fd-4b1b-8738-4d313f3f79b9_355-45,0,1,1,3,1bfe3bec-79fd-4b1b-8738-4d313f3f79b9,-0.22969614265002702
1bfe3bec-79fd-4b1b-8738-4d313f3f79b9_47-86,0,0,0,3,1bfe3bec-79fd-4b1b-8738-4d313f3f79b9,0.5935098724568229
1bfe3bec-79fd-4b1b-8738-4d313f3f79b9_548-41,3,1,1,3,1bfe3bec-79fd-4b1b-8738-4d313f3f79b9,1.11979965711236
1c0ba820-4a30-47dd-852d-c30685c7051e_0-00,1,0,0,4,1c0ba820-4a30-47dd-852d-c30685c7051e,0.9191638168319192
1c0ba820-4a30-47dd-852d-c30685c7051e_36-98,0,1,1,4,1c0ba820-4a30-47dd-852d-c30685c7051e,0.7380473852071261
1c35e580-0eb1-485f-98d5-48f1f968e952_519-81,1,0,0,0,1c35e580-0eb1-485f-98d5-48f1f968e952,0.2343524816721514
1c983176-b07a-4a69-ae51-de7829de6b6a_1090-54,1,1,1,0,1c983176-b07a-4a69-ae51-de7829de6b6a,1.4709432789525492
1c983176-b07a-4a69-ae51-de7829de6b6a_1270-21,2,1,1,0,1c983176-b07a-4a69-ae51-de7829de6b6a,0.5069892509320677
1c983176-b07a-4a69-ae51-de7829de6b6a_261-56,2,1,1,0,1c983176-b07a-4a69-ae51-de7829de6b6a,2.1296345776330186
1ce16a97-f614-4660-b21c-4205b33c8bab_1988-77,0,1,1,2,1ce16a97-f614-4660-b21c-4205b33c8bab,0.4884067648661805
1ceb6ff6-da6c-4bbe-b8f1-01a5b27026ce_294-88,2,1,1,4,1ceb6ff6-da6c-4bbe-b8f1-01a5b27026ce,1.0620397113386257
1de5ae42-ca61-4a76-a514-8b70c40553fc_1576-85,2,1,1,1,1de5ae42-ca61-4a76-a514-8b70c40553fc,0.5718590043269678
1e90b2b5-5483-4ecc-b8e0-fb0bf63ccac3_3303-65,3,0,0,0,1e90b2b5-5483-4ecc-b8e0-fb0bf63ccac3,-0.1628946994953533
1e90b2b5-5483-4ecc-b8e0-fb0bf63ccac3_546-46,0,1,1,0,1e90b2b5-5483-4ecc-b8e0-fb0bf63ccac3,0.6847981303420387
1e96ede3-aa85-4162-a32f-c565e5194cab_995-46,2,1,1,0,1e96ede3-aa85-4162-a32f-c565e5194cab,0.8937782670455796
1e9da62e-72ae-48d2-8b6e-00a5283d213f_1077-48,1,0,0,3,1e9da62e-72ae-48d2-8b6e-00a5283d213f,0.22483762706172428
1e9da62e-72ae-48d2-8b6e-00a5283d213f_571-85,2,0,0,3,1e9da62e-72ae-48d2-8b6e-00a5283d213f,0.15542716349534969
1ea95f25-81f9-46b1-b7a1-c4ca58251c6f_1089-87,2,0,0,2,1ea95f25-81f9-46b1-b7a1-c4ca58251c6f,0.01994258796712778
1ea95f25-81f9-46b1-b7a1-c4ca58251c6f_1359-12,2,0,0,2,1ea95f25-81f9-46b1-b7a1-c4ca58251c6f,2.006185453194937
1eee4aaf-a21c-4ae5-82cd-96fdccae6742_761-92,0,1,1,2,1eee4aaf-a21c-4ae5-82cd-96fdccae6742,1.5254879933199827
1eee4aaf-a21c-4ae5-82cd-96fdccae6742_876-68,3,0,0,2,1eee4aaf-a21c-4ae5-82cd-96fdccae6742,2.1810787343985734
1eee4aaf-a21c-4ae5-82cd-96fdccae6742_917-84,3,1,1,2,1eee4aaf-a21c-4ae5-82cd-96fdccae6742,1.3447651475303242
1f216b72-21a2-4463-b5ae-13bffd779b4d_1694-44,0,1,1,3,1f216b72-21a2-4463-b5ae-13bffd779b4d,0.4980169960677854
1f216b72-21a2-4463-b5ae-13bffd779b4d_40-21,3,0,0,3,1f216b72-21a2-4463-b5ae-13bffd779b4d,0.31229249336680254
1f4a4d13-f083-4464-8c03-5e09f55e3f63_1207-44,3,1,1,2,1f4a4d13-f083-4464-8c03-5e09f55e3f63,0.7250917188837009
1f4a4d13-f083-4464-8c03-5e09f55e3f63_125-54,0,0,0,2,1f4a4d13-f083-4464-8c03-5e09f55e3f63,0.45162282228793327
1f4a4d13-f083-4464-8c03-5e09f55e3f63_332-95,3,0,0,2,1f4a4d13-f083-4464-8c03-5e09f55e3f63,0.4586253607755435
1f4a4d13-f083-4464-8c03-5e09f55e3f63_764-04,0,0,0,2,1f4a4d13-f083-4464-8c03-5e09f55e3f63,0.561800037554572
1f4a4d13-f083-4464-8c03-5e09f55e3f63_781-81,2,0,0,2,1f4a4d13-f083-4464-8c03-5e09f55e3f63,-0.11108864518777595
1f5ca4f1-6200-4a9a-86af-150824b51f67_717-00,3,0,0,2,1f5ca4f1-6200-4a9a-86af-150824b51f67,0.6582633675448162
1f5ca4f1-6200-4a9a-86af-150824b51f67_821-58,3,0,0,2,1f5ca4f1-6200-4a9a-86af-150824b51f67,0.29117639405629236
1f61d972-e61b-4846-af3a-d09db9f111f8_1079-93,3,1,1,1,1f61d972-e61b-4846-af3a-d09db9f111f8,3.11800129829604
1f61d972-e61b-4846-af3a-d09db9f111f8_17-26,3,0,0,1,1f61d972-e61b-4846-af3a-d09db9f111f8,-0.42257671822311815
1f6eb61d-74fa-411e-979c-2e66e71f2b7d_345-36,1,1,1,0,1f6eb61d-74fa-411e-979c-2e66e71f2b7d,0.957303585697086
1f6eb61d-74fa-411e-979c-2e66e71f2b7d_501-62,1,1,1,0,1f6eb61d-74fa-411e-979c-2e66e71f2b7d,-0.3258085394429593
1fe55d7f-85e4-4cb5-a536-7a2aa623630b_1246-18,1,1,1,1,1fe55d7f-85e4-4cb5-a536-7a2aa623630b,-0.23995956386365824
201af2e0-72dd-466c-8280-8c3dc00a7981_1276-29,1,1,1,2,201af2e0-72dd-466c-8280-8c3dc00a7981,1.0980259438728655
201af2e0-72dd-466c-8280-8c3dc00a7981_602-53,1,1,1,2,201af2e0-72dd-466c-8280-8c3dc00a7981,1.0546484513818442
20525d50-586a-4792-bfdb-fd941ee64ea9_547-93,0,1,1,1,20525d50-586a-4792-bfdb-fd941ee64ea9,-0.5933084572313987
20525d50-586a-4792-bfdb-fd941ee64ea9_89-29,1,1,1,1,20525d50-586a-4792-bfdb-fd941ee64ea9,0.2599897564174263
20c165c7-6d47-4264-8e62-9f1e643a4d03_2858-81,3,1,1,2,20c165c7-6d47-4264-8e62-9f1e643a4d03,0.22662589867042837
2131b8e4-79b5-48f7-b092-e4a13ed96749_1086-27,1,1,1,4,2131b8e4-79b5-48f7-b092-e4a13ed96749,1.0681792557971064
2131b8e4-79b5-48f7-b092-e4a13ed96749_2003-33,2,1,1,4,2131b8e4-79b5-48f7-b092-e4a13ed96749,1.1955676793504564
2137f7a2-dce3-4d95-859d-ad2a50b0cd09_1373-29,3,1,1,1,2137f7a2-dce3-4d95-859d-ad2a50b0cd09,-0.09991330112363328
2142bbd6-da88-4976-8668-8f21c27ed456_775-93,1,1,1,0,2142bbd6-da88-4976-8668-8f21c27ed456,1.524748398502163
21438820-16d7-4fcd-b0d0-5def201fc65e_1321-22,3,1,1,1,21438820-16d7-4fcd-b0d0-5def201fc65e,1.2403085632392983
214b62df-2fb1-4b0e-af9d-42b0dd37defb_1128-08,2,1,1,3,214b62df-2fb1-4b0e-af9d-42b0dd37defb,0.9054299641486367
214b62df-2fb1-4b0e-af9d-42b0dd37defb_1307-44,0,1,1,3,214b62df-2fb1-4b0e-af9d-42b0dd37defb,1.3833802759103717
214b62df-2fb1-4b0e-af9d-42b0dd37defb_138-53,3,1,1,3,214b62df-2fb1-4b0e-af9d-42b0dd37defb,1.4308486793689137
214b62df-2fb1-4b0e-af9d-42b0dd37defb_1599-71,2,1,1,3,214b62df-2fb1-4b0e-af9d-42b0dd37defb,1.4308486793689137
214b62df-2fb1-4b0e-af9d-42b0dd37defb_1955-31,3,0,0,3,214b62df-2fb1-4b0e-af9d-42b0dd37defb,1.2353365880833982
214b62df-2fb1-4b0e-af9d-42b0dd37defb_2020-07,2,1,1,3,214b62df-2fb1-4b0e-af9d-42b0dd37defb,1.4308486793689137
214b62df-2fb1-4b0e-af9d-42b0dd37defb_2040-30,0,1,1,3,214b62df-2fb1-4b0e-af9d-42b0dd37defb,1.2086630452775995
214b62df-2fb1-4b0e-af9d-42b0dd37defb_2076-23,1,1,1,3,214b62df-2fb1-4b0e-af9d-42b0dd37defb,1.4308486793689137
214b62df-2fb1-4b0e-af9d-42b0dd37defb_2181-76,1,1,1,3,214b62df-2fb1-4b0e-af9d-42b0dd37defb,1.1706733645854972
214b62df-2fb1-4b0e-af9d-42b0dd37defb_2189-63,0,1,1,3,214b62df-2fb1-4b0e-af9d-42b0dd37defb,1.2353365880833982
214b62df-2fb1-4b0e-af9d-42b0dd37defb_800-76,3,1,1,3,214b62df-2fb1-4b0e-af9d-42b0dd37defb,1.5088708993886804
225a1ffe-3e7e-4ff8-a47e-2e80989077fe_94-47,0,1,1,1,225a1ffe-3e7e-4ff8-a47e-2e80989077fe,1.3723598225898537
22653c79-369f-4a0d-a663-33a1da378fe0_245-16,0,0,0,0,22653c79-369f-4a0d-a663-33a1da378fe0,0.5246986216486116
22653c79-369f-4a0d-a663-33a1da378fe0_292-96,1,1,1,0,22653c79-369f-4a0d-a663-33a1da378fe0,2.383996899920695
22f68c6a-b8dd-44e6-b1fe-d4e619e72f59_662-18,0,1,1,0,22f68c6a-b8dd-44e6-b1fe-d4e619e72f59,0.7068691194679966
235b49d2-b59c-4079-81cc-ad9c01dbd2df_22-56,3,0,0,3,235b49d2-b59c-4079-81cc-ad9c01dbd2df,1.5678461792646474
23ac2590-b25f-4718-8c9b-89d32eb992b2_641-98,0,1,1,4,23ac2590-b25f-4718-8c9b-89d32eb992b2,2.060321201738778
23ac3708-df1d-4bb0-a4c7-b2a66855dccb_447-26,2,0,0,1,23ac3708-df1d-4bb0-a4c7-b2a66855dccb,-0.97563740732881
23ac3708-df1d-4bb0-a4c7-b2a66855dccb_950-08,3,1,1,1,23ac3708-df1d-4bb0-a4c7-b2a66855dccb,1.8020645809928022
23ad5ebf-6223-4938-8609-d5df7afcf599_267-76,2,0,0,4,23ad5ebf-6223-4938-8609-d5df7afcf599,0.9878362894907431
243e800d-fc75-473d-b944-a95844e13a78_1602-75,2,0,0,4,243e800d-fc75-473d-b944-a95844e13a78,-0.07164110414955727
24c447b6-094f-49a6-9c20-ed594ab0da65_0-04,1,1,1,0,24c447b6-094f-49a6-9c20-ed594ab0da65,-0.26682824554600715
24c447b6-094f-49a6-9c20-ed594ab0da65_947-73,2,1,1,0,24c447b6-094f-49a6-9c20-ed594ab0da65,2.0650710824363756
24e24f1f-af43-4ee5-86be-2a4d5cf772c5_194-62,0,1,1,4,24e24f1f-af43-4ee5-86be-2a4d5cf772c5,2.2132718030115126
24e24f1f-af43-4ee5-86be-2a4d5cf772c5_40-56,1,1,1,4,24e24f1f-af43-4ee5-86be-2a4d5cf772c5,-0.08259283295904196
254029e5-fed4-40a7-bef1-12b9faff3202_1017-93,2,1,1,2,254029e5-fed4-40a7-bef1-12b9faff3202,0.7742378523260456
258a7d18-4e66-4e3a-9fa0-f8daf7315a6d_1387-30,1,1,1,2,258a7d18-4e66-4e3a-9fa0-f8daf7315a6d,1.6919093815143267
258a7d18-4e66-4e3a-9fa0-f8daf7315a6d_1892-58,0,1,1,2,258a7d18-4e66-4e3a-9fa0-f8daf7315a6d,1.3317525205139962
25ade38d-3e6b-4aa1-851d-7fbf791201c0_887-41,2,1,1,1,25ade38d-3e6b-4aa1-851d-7fbf791201c0,0.9928694927613739
25beabfc-48c0-4f81-b419-c47297aecf6f_203-09,3,1,1,0,25beabfc-48c0-4f81-b419-c47297aecf6f,-0.45745686718302236
25f88143-835a-4ac9-9272-eada5dbb8440_162-66,2,0,0,2,25f88143-835a-4ac9-9272-eada5dbb8440,0.5058445013667332
26192bcd-7240-4d7b-8306-fa4eed0264f2_4935-17,2,0,0,4,26192bcd-7240-4d7b-8306-fa4eed0264f2,-0.12323762450957254
261edec2-f089-4a74-b25f-ddf32c92f90c_1105-51,1,0,0,4,261edec2-f089-4a74-b25f-ddf32c92f90c,0.023288047404159462
261edec2-f089-4a74-b25f-ddf32c92f90c_801-93,2,0,0,4,261edec2-f089-4a74-b25f-ddf32c92f90c,0.21721156425293553
262fd2ec-8eba-44d9-8082-4d0574f7a515_1038-82,2,1,1,4,262fd2ec-8eba-44d9-8082-4d0574f7a515,1.020038735373877
262fd2ec-8eba-44d9-8082-4d0574f7a515_1440-24,3,1,1,4,262fd2ec-8eba-44d9-8082-4d0574f7a515,0.33060906636713105
262fd2ec-8eba-44d9-8082-4d0574f7a515_3000-11,0,1,1,4,262fd2ec-8eba-44d9-8082-4d0574f7a515,0.7620624720373108
262fd2ec-8eba-44d9-8082-4d0574f7a515_3060-97,2,0,0,4,262fd2ec-8eba-44d9-8082-4d0574f7a515,-0.3929196392354073
2638b358-6b13-434c-bf03-a48bca96f287_636-40,0,1,1,2,2638b358-6b13-434c-bf03-a48bca96f287,0.7716290629319364
2680068d-b3ae-42d8-971f-e842c2d4fbb4_1248-72,0,0,0,4,2680068d-b3ae-42d8-971f-e842c2d4fbb4,1.1238467836221542
2680068d-b3ae-42d8-971f-e842c2d4fbb4_739-57,3,1,1,4,2680068d-b3ae-42d8-971f-e842c2d4fbb4,1.2192634921170962
268a17eb-3f11-45d4-a671-9e0d8a637363_2969-91,2,1,1,3,268a17eb-3f11-45d4-a671-9e0d8a637363,1.562671200288455
27f9cd4e-8b61-477c-9b63-ca3d437a0dff_250-50,2,1,1,2,27f9cd4e-8b61-477c-9b63-ca3d437a0dff,0.9860498247486804
27f9cd4e-8b61-477c-9b63-ca3d437a0dff_855-42,3,1,1,2,27f9cd4e-8b61-477c-9b63-ca3d437a0dff,0.8071841146232015
283a15b5-59ae-4f04-9738-bf49c97496a8_102-60,2,1,1,4,283a15b5-59ae-4f04-9738-bf49c97496a8,0.8455063368738034
2859218c-84ee-4e85-833f-74255b355032_1032-03,1,1,1,0,2859218c-84ee-4e85-833f-74255b355032,2.4198314665924494
2859218c-84ee-4e85-833f-74255b355032_2390-60,2,0,0,0,2859218c-84ee-4e85-833f-74255b355032,0.8832515808802519
2859218c-84ee-4e85-833f-74255b355032_39-61,1,1,1,0,2859218c-84ee-4e85-833f-74255b355032,0.8352347345647795
2859218c-84ee-4e85-833f-74255b355032_596-50,1,1,1,0,2859218c-84ee-4e85-833f-74255b355032,-0.19155156336614665
2876b375-e848-412c-8a6f-0664cbab6a33_474-94,3,0,0,0,2876b375-e848-412c-8a6f-0664cbab6a33,1.262528546230011
2876b375-e848-412c-8a6f-0664cbab6a33_574-54,2,0,0,0,2876b375-e848-412c-8a6f-0664cbab6a33,0.37394456223874073
287c98fa-f0a4-4944-b798-bcae618258d3_1087-69,1,0,0,1,287c98fa-f0a4-4944-b798-bcae618258d3,0.9917246786096923
2893d559-89cb-4125-a761-3ff8e68768a9_565-53,2,1,1,2,2893d559-89cb-4125-a761-3ff8e68768a9,0.8699642479347944
2893d559-89cb-4125-a761-3ff8e68768a9_638-82,2,1,1,2,2893d559-89cb-4125-a761-3ff8e68768a9,2.637839848496117
2893d559-89cb-4125-a761-3ff8e68768a9_84-09,3,1,1,2,2893d559-89cb-4125-a761-3ff8e68768a9,1.2268665563324417
2893d559-89cb-4125-a761-3ff8e68768a9_88-42,2,0,0,2,2893d559-89cb-4125-a761-3ff8e68768a9,1.2205059622354328
28ff9118-e876-497c-9901-cb89a62509fc_432-66,3,1,1,2,28ff9118-e876-497c-9901-cb89a62509fc,0.9242192192786356
2911fa95-30ca-4524-8876-85a90f1fd221_19-38,2,0,0,3,2911fa95-30ca-4524-8876-85a90f1fd221,0.13597661826406426
294c8827-a667-49a5-9e7e-9c910001ce54_101-30,1,0,0,1,294c8827-a667-49a5-9e7e-9c910001ce54,0.20583070873761122
29e45749-f8d5-42c7-af09-7fbb3d6697e9_876-21,2,0,0,2,29e45749-f8d5-42c7-af09-7fbb3d6697e9,0.3554054367061181
2a2ff7db-5460-4296-a8a7-946ba628226d_1549-08,2,0,0,4,2a2ff7db-5460-4296-a8a7-946ba628226d,1.1388931320264937
2a831288-6e91-4aba-9385-f22f666fab99_525-32,0,1,1,1,2a831288-6e91-4aba-9385-f22f666fab99,0.9864298402101419
2a97736a-4fff-4753-84de-e6586a5603cc_185-44,0,0,0,1,2a97736a-4fff-4753-84de-e6586a5603cc,0.8897493580217841
2a97736a-4fff-4753-84de-e6586a5603cc_2707-05,3,1,1,1,2a97736a-4fff-4753-84de-e6586a5603cc,0.4002041794319553
2a97736a-4fff-4753-84de-e6586a5603cc_2711-38,0,0,0,1,2a97736a-4fff-4753-84de-e6586a5603cc,0.29326565238779323
2a97736a-4fff-4753-84de-e6586a5603cc_2712-24,2,0,0,1,2a97736a-4fff-4753-84de-e6586a5603cc,-0.7905194327726822
2a97736a-4fff-4753-84de-e6586a5603cc_297-35,3,1,1,1,2a97736a-4fff-4753-84de-e6586a5603cc,0.433654640810744
2ac65951-49b0-4629-981e-edc34b8cdb0f_1091-69,1,1,1,3,2ac65951-49b0-4629-981e-edc34b8cdb0f,2.3885245821941212
2ac65951-49b0-4629-981e-edc34b8cdb0f_1349-72,2,1,1,3,2ac65951-49b0-4629-981e-edc34b8cdb0f,2.909609666633864
2ac8acbc-9ea4-4bed-bbc2-aa53cc5f098a_1105-87,3,1,1,2,2ac8acbc-9ea4-4bed-bbc2-aa53cc5f098a,1.1507474194192993
2b012751-2e50-4acb-b645-c864930e92c8_1119-28,0,0,0,4,2b012751-2e50-4acb-b645-c864930e92c8,1.0298886068463036
2b012751-2e50-4acb-b645-c864930e92c8_822-56,3,1,1,4,2b012751-2e50-4acb-b645-c864930e92c8,0.6085310487814453
2b7ace86-149f-4354-b617-c8ebd08c5310_1416-39,2,1,1,2,2b7ace86-149f-4354-b617-c8ebd08c5310,2.079697786979135
2b7ace86-149f-4354-b617-c8ebd08c5310_381-65,1,0,0,2,2b7ace86-149f-4354-b617-c8ebd08c5310,0.22277512804761868
2c5d38ed-012f-4732-9eb8-89beddb07641_447-87,1,0,0,0,2c5d38ed-012f-4732-9eb8-89beddb07641,0.10032058086412077
2c77de23-cd87-4a41-a83c-4bdc0170f45c_80-46,1,1,1,3,2c77de23-cd87-4a41-a83c-4bdc0170f45c,1.8524043754775472
2c9a2cb8-93fd-4932-bb76-60e80822b70b_782-07,1,1,1,0,2c9a2cb8-93fd-4932-bb76-60e80822b70b,1.181714441141331
2cc2710e-aae0-41eb-9a70-deb9217bb7ea_3646-90,1,0,0,0,2cc2710e-aae0-41eb-9a70-deb9217bb7ea,0.9846851602038047
2cc2710e-aae0-41eb-9a70-deb9217bb7ea_3838-38,2,1,1,0,2cc2710e-aae0-41eb-9a70-deb9217bb7ea,0.880207372016022
2cd9a214-b950-49b6-aa04-0cfd0f85fe5f_528-48,0,0,0,4,2cd9a214-b950-49b6-aa04-0cfd0f85fe5f,0.37224897236725885
2cddb76f-24d1-4863-bd91-9a5d1922a543_1368-59,3,1,1,4,2cddb76f-24d1-4863-bd91-9a5d1922a543,-0.10870500889978274
2cddb76f-24d1-4863-bd91-9a5d1922a543_1681-29,3,1,1,4,2cddb76f-24d1-4863-bd91-9a5d1922a543,0.7060540742387929
2d01625b-b7c4-41aa-989b-2d0b392d8b54_113-94,0,1,1,3,2d01625b-b7c4-41aa-989b-2d0b392d8b54,0.9708454050111985
2d01625b-b7c4-41aa-989b-2d0b392d8b54_1323-22,0,1,1,3,2d01625b-b7c4-41aa-989b-2d0b392d8b54,1.8285653510503086
2d01625b-b7c4-41aa-989b-2d0b392d8b54_195-58,1,1,1,3,2d01625b-b7c4-41aa-989b-2d0b392d8b54,1.986366044260588
2d01625b-b7c4-41aa-989b-2d0b392d8b54_328-63,3,1,1,3,2d01625b-b7c4-41aa-989b-2d0b392d8b54,1.2009223702989358
2d13c92e-f43f-40f2-b603-cb749e5fee70_2243-41,2,1,1,0,2d13c92e-f43f-40f2-b603-cb749e5fee70,2.383996899920695
2d1baacd-d82b-4e0c-9d85-b420fb9bde91_345-02,1,0,0,4,2d1baacd-d82b-4e0c-9d85-b420fb9bde91,1.200564656791478
2d1bf98e-a133-4f63-bc1d-91f718078a52_337-47,3,1,1,3,2d1bf98e-a133-4f63-bc1d-91f718078a52,0.37494915929039596
2d76e155-dcae-4fdb-be83-a37f09e699a8_46-48,2,1,1,2,2d76e155-dcae-4fdb-be83-a37f09e699a8,0.2976835363422996
2dbdd409-0be0-447c-8ae8-3f107fe9af80_1058-94,3,1,1,2,2dbdd409-0be0-447c-8ae8-3f107fe9af80,0.4901775233997745
2dbdd409-0be0-447c-8ae8-3f107fe9af80_1439-37,1,0,0,2,2dbdd409-0be0-447c-8ae8-3f107fe9af80,0.86471002975374
2dbdd409-0be0-447c-8ae8-3f107fe9af80_1502-69,2,1,1,2,2dbdd409-0be0-447c-8ae8-3f107fe9af80,0.6175590454074116
2dbdd409-0be0-447c-8ae8-3f107fe9af80_1626-43,2,1,1,2,2dbdd409-0be0-447c-8ae8-3f107fe9af80,0.4912186801848999
2dbdd409-0be0-447c-8ae8-3f107fe9af80_163-46,0,1,1,2,2dbdd409-0be0-447c-8ae8-3f107fe9af80,0.9610106353330998
2dbdd409-0be0-447c-8ae8-3f107fe9af80_164-34,2,1,1,2,2dbdd409-0be0-447c-8ae8-3f107fe9af80,0.5889065671676539
2dbdd409-0be0-447c-8ae8-3f107fe9af80_1653-80,1,0,0,2,2dbdd409-0be0-447c-8ae8-3f107fe9af80,0.2093880042822962
2dbdd409-0be0-447c-8ae8-3f107fe9af80_1697-32,2,0,0,2,2dbdd409-0be0-447c-8ae8-3f107fe9af80,2.5060343217500027
2dbdd409-0be0-447c-8ae8-3f107fe9af80_1764-16,1,1,1,2,2dbdd409-0be0-447c-8ae8-3f107fe9af80,0.24334535305709526
2dbdd409-0be0-447c-8ae8-3f107fe9af80_1872-88,0,1,1,2,2dbdd409-0be0-447c-8ae8-3f107fe9af80,-0.013698750083493083
2dbdd409-0be0-447c-8ae8-3f107fe9af80_19-50,0,1,1,2,2dbdd409-0be0-447c-8ae8-3f107fe9af80,1.7758547266363922
2dbdd409-0be0-447c-8ae8-3f107fe9af80_989-72,2,1,1,2,2dbdd409-0be0-447c-8ae8-3f107fe9af80,0.8411453686095967
2dfec7b6-c8b0-4cd0-baf6-4a963aed1d6a_1092-32,0,1,1,1,2dfec7b6-c8b0-4cd0-baf6-4a963aed1d6a,2.6644532566096677
2dfec7b6-c8b0-4cd0-baf6-4a963aed1d6a_1906-66,2,0,0,1,2dfec7b6-c8b0-4cd0-baf6-4a963aed1d6a,1.681993043704151
2dff68c2-6310-4763-8d39-05a1dbe40fda_501-39,3,1,1,2,2dff68c2-6310-4763-8d39-05a1dbe40fda,1.3713305821426305
2e04b2bb-e5d3-4f66-a16e-f7756e14e749_392-62,1,1,1,3,2e04b2bb-e5d3-4f66-a16e-f7756e14e749,1.2161205112529938
2eb4e516-9d71-4b68-847e-e1b0cb339b0a_684-96,2,1,1,4,2eb4e516-9d71-4b68-847e-e1b0cb339b0a,1.8475435090127874
2ebcbb25-b099-44fa-8e8d-94d574413db9_5599-48,0,0,0,3,2ebcbb25-b099-44fa-8e8d-94d574413db9,-0.30160002109720563
2ec3c123-0a04-46d7-97d5-8b85b5e6d06f_1372-45,3,1,1,1,2ec3c123-0a04-46d7-97d5-8b85b5e6d06f,1.6270785287716787
2ec3c123-0a04-46d7-97d5-8b85b5e6d06f_249-67,0,0,0,1,2ec3c123-0a04-46d7-97d5-8b85b5e6d06f,1.026718620097568
2ec3c123-0a04-46d7-97d5-8b85b5e6d06f_271-92,0,0,0,1,2ec3c123-0a04-46d7-97d5-8b85b5e6d06f,0.3438604772589062
2ec3c123-0a04-46d7-97d5-8b85b5e6d06f_432-01,3,0,0,1,2ec3c123-0a04-46d7-97d5-8b85b5e6d06f,0.0005435121682304533
2efc9b47-0a23-4247-89a6-db46dae6c998_328-94,3,1,1,4,2efc9b47-0a23-4247-89a6-db46dae6c998,2.565266441703958
2efc9b47-0a23-4247-89a6-db46dae6c998_416-58,1,1,1,4,2efc9b47-0a23-4247-89a6-db46dae6c998,1.7351070034807181
3024e27a-237a-4b48-8ea9-b9b16181eaf1_310-08,2,1,1,0,3024e27a-237a-4b48-8ea9-b9b16181eaf1,0.9895135107264865
3024e27a-237a-4b48-8ea9-b9b16181eaf1_49-89,2,0,0,0,3024e27a-237a-4b48-8ea9-b9b16181eaf1,0.5614352119266242
307b1878-875f-4703-bfe9-32d11d20853f_32-44,1,1,1,3,307b1878-875f-4703-bfe9-32d11d20853f,2.0279590202767
307b1878-875f-4703-bfe9-32d11d20853f_63-96,2,1,1,3,307b1878-875f-4703-bfe9-32d11d20853f,1.6164576803855053
307b1878-875f-4703-bfe9-32d11d20853f_94-03,0,1,1,3,307b1878-875f-4703-bfe9-32d11d20853f,0.7826153677584062
3091004e-8606-417e-8bc2-7922f951845f_1921-59,3,0,0,1,3091004e-8606-417e-8bc2-7922f951845f,1.4671399248150288
3091004e-8606-417e-8bc2-7922f951845f_73-46,3,0,0,1,3091004e-8606-417e-8bc2-7922f951845f,0.5757149219708209
31254977-d873-4b22-ba1a-aca3fe028ba8_233-94,3,0,0,1,31254977-d873-4b22-ba1a-aca3fe028ba8,0.03158311827922211
313cc9d1-c87f-44ec-9900-3ee8d75389be_148-43,0,1,1,0,313cc9d1-c87f-44ec-9900-3ee8d75389be,-0.05447058124924831
3178c414-453e-44e9-b192-67dba2ccc982_1088-81,2,1,1,2,3178c414-453e-44e9-b192-67dba2ccc982,1.1062138621279103
3178c414-453e-44e9-b192-67dba2ccc982_565-83,2,1,1,2,3178c414-453e-44e9-b192-67dba2ccc982,2.0108319993106
31818126-5e0f-4b01-b532-1514587bceec_1514-30,0,1,1,0,31818126-5e0f-4b01-b532-1514587bceec,1.697092437925277
31bb1175-5459-4812-bb9e-f9300e2733f1_3549-55,1,0,0,0,31bb1175-5459-4812-bb9e-f9300e2733f1,0.7763031290651377
31bb1175-5459-4812-bb9e-f9300e2733f1_3707-13,3,0,0,0,31bb1175-5459-4812-bb9e-f9300e2733f1,0.3193061173422176
324ec8a1-3bd1-46b6-9abb-a824e53c0879_1801-82,2,1,1,4,324ec8a1-3bd1-46b6-9abb-a824e53c0879,2.001788997775981
32c34069-0111-4d89-9e55-1c68f18705ad_8758-17,1,0,0,3,32c34069-0111-4d89-9e55-1c68f18705ad,0.40642934529656416
330c1e0d-b71a-452e-8b68-fdb96fa8a6ca_1228-35,2,1,1,1,330c1e0d-b71a-452e-8b68-fdb96fa8a6ca,2.0489129425997854
342cb558-ab3e-4b04-8169-a68bbf06a448_1575-74,1,0,0,1,342cb558-ab3e-4b04-8169-a68bbf06a448,0.6266172118002442
343f8d57-6331-40f3-823c-2aee4d5cc10f_1162-80,3,0,0,2,343f8d57-6331-40f3-823c-2aee4d5cc10f,-0.06524922321770665
343f8d57-6331-40f3-823c-2aee4d5cc10f_686-43,3,0,0,2,343f8d57-6331-40f3-823c-2aee4d5cc10f,0.26515791861713245
3455a3f3-1657-46bb-ae42-52d16ec5ffaa_4842-46,2,1,1,1,3455a3f3-1657-46bb-ae42-52d16ec5ffaa,2.7131060480403475
3455a3f3-1657-46bb-ae42-52d16ec5ffaa_6236-63,0,1,1,1,3455a3f3-1657-46bb-ae42-52d16ec5ffaa,3.457089276746995
3455a3f3-1657-46bb-ae42-52d16ec5ffaa_959-38,2,1,1,1,3455a3f3-1657-46bb-ae42-52d16ec5ffaa,0.5567432693074792
34590a11-c136-4423-bdc4-c6a45221e546_565-25,1,1,1,3,34590a11-c136-4423-bdc4-c6a45221e546,0.9214120508738177
348180aa-c90b-463a-8b3f-0743469a8b59_3591-71,2,1,1,1,348180aa-c90b-463a-8b3f-0743469a8b59,0.19418484233251831
348180aa-c90b-463a-8b3f-0743469a8b59_5526-16,0,1,1,1,348180aa-c90b-463a-8b3f-0743469a8b59,2.8810050226273933
348180aa-c90b-463a-8b3f-0743469a8b59_7126-75,3,0,0,1,348180aa-c90b-463a-8b3f-0743469a8b59,0.4465943273662605
348180aa-c90b-463a-8b3f-0743469a8b59_7135-61,3,0,0,1,348180aa-c90b-463a-8b3f-0743469a8b59,0.07799539516950471
348f0f69-cd49-4c00-af91-f1765155e858_1084-90,2,0,0,0,348f0f69-cd49-4c00-af91-f1765155e858,1.0794996505474366
348f0f69-cd49-4c00-af91-f1765155e858_1127-21,0,1,1,0,348f0f69-cd49-4c00-af91-f1765155e858,0.39201537603572123
356661f5-767b-495d-95c7-03dcc46f85c6_1826-46,3,1,1,4,356661f5-767b-495d-95c7-03dcc46f85c6,0.7394111297677739
356661f5-767b-495d-95c7-03dcc46f85c6_1858-56,3,0,0,4,356661f5-767b-495d-95c7-03dcc46f85c6,0.7188690883575375
356661f5-767b-495d-95c7-03dcc46f85c6_1860-68,0,1,1,4,356661f5-767b-495d-95c7-03dcc46f85c6,1.454522405076581
356dd07e-8165-494c-9be8-b82d314bf88d_895-74,2,1,1,2,356dd07e-8165-494c-9be8-b82d314bf88d,1.312693802005429
3588502f-e1c1-426c-81d6-6fac28e6c81a_531-41,0,1,1,1,3588502f-e1c1-426c-81d6-6fac28e6c81a,1.8363430134453391
358b4617-283d-48df-bfd8-523cbb525b5d_227-18,0,0,0,4,358b4617-283d-48df-bfd8-523cbb525b5d,0.7166333924776045
358e65ba-1ce0-46f6-a1b4-1c85569ef628_3143-38,0,0,0,3,358e65ba-1ce0-46f6-a1b4-1c85569ef628,1.317627977701239
35ab724d-5dba-4094-927b-e7bc5ad8cf41_56-56,4,1,1,2,35ab724d-5dba-4094-927b-e7bc5ad8cf41,1.3296755908546674
35b1a8c7-80fd-402f-b240-768926b7bcee_285-73,1,1,1,0,35b1a8c7-80fd-402f-b240-768926b7bcee,1.1573881806796793
35b1a8c7-80fd-402f-b240-768926b7bcee_562-55,1,1,1,0,35b1a8c7-80fd-402f-b240-768926b7bcee,0.13815963503728024
35b37e37-6bb1-4131-be37-693e9b794a97_1345-02,2,0,0,0,35b37e37-6bb1-4131-be37-693e9b794a97,0.15938282273304427
35d92405-7ebf-4e54-8b9a-7cce8af30a79_63-09,2,1,1,4,35d92405-7ebf-4e54-8b9a-7cce8af30a79,0.30391193659397775
35e004f4-ad64-4835-9358-38a58b431252_2629-86,4,0,0,3,35e004f4-ad64-4835-9358-38a58b431252,0.28922099858419803
3625b3d9-e323-4c05-a27a-aba79f01a5bd_18-58,2,0,0,2,3625b3d9-e323-4c05-a27a-aba79f01a5bd,-0.10278266459308227
3639ab8f-880a-45bd-b8a9-6ef6bdaad4ff_355-03,0,1,1,0,3639ab8f-880a-45bd-b8a9-6ef6bdaad4ff,0.6988121493760686
366b71ad-3f35-4704-b6ef-e793c7e73ac6_1040-50,0,1,1,2,366b71ad-3f35-4704-b6ef-e793c7e73ac6,-0.20493350875919703
366b71ad-3f35-4704-b6ef-e793c7e73ac6_1178-68,2,1,1,2,366b71ad-3f35-4704-b6ef-e793c7e73ac6,0.5443501148075092
366b71ad-3f35-4704-b6ef-e793c7e73ac6_15-36,2,0,0,2,366b71ad-3f35-4704-b6ef-e793c7e73ac6,-0.14310650255969248
366b71ad-3f35-4704-b6ef-e793c7e73ac6_41-78,1,0,0,2,366b71ad-3f35-4704-b6ef-e793c7e73ac6,0.23870462915269974
36baa5a9-16bf-4ad6-b011-4d7daae6b8f9_1264-03,2,0,0,1,36baa5a9-16bf-4ad6-b011-4d7daae6b8f9,0.36154597185134807
36baa5a9-16bf-4ad6-b011-4d7daae6b8f9_423-57,2,1,1,1,36baa5a9-16bf-4ad6-b011-4d7daae6b8f9,0.4419880088387538
36baa5a9-16bf-4ad6-b011-4d7daae6b8f9_641-91,2,0,0,1,36baa5a9-16bf-4ad6-b011-4d7daae6b8f9,0.8938256447529482
375ca7e7-1e3c-4159-9f7f-4691ef11f322_68-87,0,1,1,3,375ca7e7-1e3c-4159-9f7f-4691ef11f322,0.6781666992929822
375ca7e7-1e3c-4159-9f7f-4691ef11f322_70-62,3,0,0,3,375ca7e7-1e3c-4159-9f7f-4691ef11f322,0.9893395164545593
3761fbb4-3e0e-4b15-a277-fec95edacf04_1783-59,1,0,0,3,3761fbb4-3e0e-4b15-a277-fec95edacf04,0.1981640450676163
3761fbb4-3e0e-4b15-a277-fec95edacf04_2287-87,1,1,1,3,3761fbb4-3e0e-4b15-a277-fec95edacf04,2.2348904121757887
3761fbb4-3e0e-4b15-a277-fec95edacf04_2288-64,3,1,1,3,3761fbb4-3e0e-4b15-a277-fec95edacf04,0.4619971071095115
3761fbb4-3e0e-4b15-a277-fec95edacf04_4702-37,3,1,1,3,3761fbb4-3e0e-4b15-a277-fec95edacf04,2.122039505321458
378af037-7200-4d75-8f83-ddc74e1cd2dc_3193-87,4,1,1,3,378af037-7200-4d75-8f83-ddc74e1cd2dc,2.372864520849156
378af037-7200-4d75-8f83-ddc74e1cd2dc_3511-24,3,1,1,3,378af037-7200-4d75-8f83-ddc74e1cd2dc,0.20173456044183302
381c4c64-a697-42ab-90ab-a515740bf484_1318-72,0,0,0,2,381c4c64-a697-42ab-90ab-a515740bf484,2.126193570349772
381c4c64-a697-42ab-90ab-a515740bf484_578-95,2,1,1,2,381c4c64-a697-42ab-90ab-a515740bf484,1.6403392114449735
38737402-19bd-4689-9e74-3af391b15feb_1017-05,3,1,1,1,38737402-19bd-4689-9e74-3af391b15feb,0.8108581271399935
38737402-19bd-4689-9e74-3af391b15feb_1338-80,3,0,0,1,38737402-19bd-4689-9e74-3af391b15feb,0.4409623554330715
38737402-19bd-4689-9e74-3af391b15feb_1424-12,3,1,1,1,38737402-19bd-4689-9e74-3af391b15feb,2.103521411638492
38737402-19bd-4689-9e74-3af391b15feb_650-15,3,0,0,1,38737402-19bd-4689-9e74-3af391b15feb,0.8063263895550004
38788778-0822-4c9c-b51e-5bce8a765a97_83-68,2,1,1,4,38788778-0822-4c9c-b51e-5bce8a765a97,0.13513648258227917
38788778-0822-4c9c-b51e-5bce8a765a97_91-28,3,1,1,4,38788778-0822-4c9c-b51e-5bce8a765a97,0.4430950377374461
38a66acf-33c8-4ed5-b814-7322087b2e21_2113-44,2,1,1,3,38a66acf-33c8-4ed5-b814-7322087b2e21,0.744099104671494
38a66acf-33c8-4ed5-b814-7322087b2e21_4267-76,0,0,0,3,38a66acf-33c8-4ed5-b814-7322087b2e21,0.4900424068344176
38a66acf-33c8-4ed5-b814-7322087b2e21_835-53,0,0,0,3,38a66acf-33c8-4ed5-b814-7322087b2e21,0.6611401994869284
38a7b760-56f9-4565-8b70-f8dad5768ace_296-28,1,0,0,2,38a7b760-56f9-4565-8b70-f8dad5768ace,0.7398812718107806
38a8d256-8d63-4f28-8837-ebd80dcd10e7_227-55,2,1,1,1,38a8d256-8d63-4f28-8837-ebd80dcd10e7,1.576082553338855
38b56399-3b1c-421d-8a80-1e5f54fcd667_0-84,0,1,1,0,38b56399-3b1c-421d-8a80-1e5f54fcd667,0.34932538019318415
38b56399-3b1c-421d-8a80-1e5f54fcd667_806-77,2,0,0,0,38b56399-3b1c-421d-8a80-1e5f54fcd667,-0.022505197056103432
38b6d0fe-e317-47a1-8fa3-87e7a4a21183_375-27,1,1,1,1,38b6d0fe-e317-47a1-8fa3-87e7a4a21183,1.263922324991792
38b6d0fe-e317-47a1-8fa3-87e7a4a21183_80-19,0,1,1,1,38b6d0fe-e317-47a1-8fa3-87e7a4a21183,1.3618248071673735
39208fca-0c54-48e9-b4f3-b4803bb67661_3315-32,2,1,1,0,39208fca-0c54-48e9-b4f3-b4803bb67661,0.3187599500233287
3925576b-6900-4112-8620-8739de771da9_2447-44,3,1,1,4,3925576b-6900-4112-8620-8739de771da9,1.2910689361254164
39a53568-d759-4f19-ac19-bc4ba29b5c17_726-07,3,0,0,3,39a53568-d759-4f19-ac19-bc4ba29b5c17,-0.23939843852858722
39af7641-e376-4a99-977f-4d7f746e14ba_79-79,2,0,0,2,39af7641-e376-4a99-977f-4d7f746e14ba,0.17278050036522652
39d0559a-d1e8-4fca-b7f4-db87bbbbde7e_857-69,1,1,1,0,39d0559a-d1e8-4fca-b7f4-db87bbbbde7e,0.2688648226299968
39d1462e-506c-482b-9c9e-a94cffd71563_2316-87,3,0,0,3,39d1462e-506c-482b-9c9e-a94cffd71563,0.7224788241379216
3a53bfdc-daf7-4bbc-bb9f-af449021d237_1629-28,0,1,1,4,3a53bfdc-daf7-4bbc-bb9f-af449021d237,-0.17296845994128396
3a718f0f-a85e-4461-b5bc-94c5a8d300a8_648-56,0,1,1,3,3a718f0f-a85e-4461-b5bc-94c5a8d300a8,1.3421061445840148
3a839ee1-2391-43bb-a253-c2c45d753bac_271-43,1,1,1,2,3a839ee1-2391-43bb-a253-c2c45d753bac,0.566285316639221
3a9a814d-222f-4712-97b4-a71d9f8b5a4a_277-20,3,0,0,1,3a9a814d-222f-4712-97b4-a71d9f8b5a4a,0.4718360685277647
3a9a814d-222f-4712-97b4-a71d9f8b5a4a_288-34,0,0,0,1,3a9a814d-222f-4712-97b4-a71d9f8b5a4a,0.11974029270435893
3ab744ba-9969-452c-a825-38affebd4139_13-22,0,1,1,2,3ab744ba-9969-452c-a825-38affebd4139,-0.040229108564272975
3ab744ba-9969-452c-a825-38affebd4139_319-13,3,1,1,2,3ab744ba-9969-452c-a825-38affebd4139,0.6159834384531679
3ae05e5a-f724-41e8-9000-90b7dd31379b_288-48,3,0,0,1,3ae05e5a-f724-41e8-9000-90b7dd31379b,0.6061655113011615
3b021bad-6945-4be2-a7db-44af3db1eae8_2667-18,2,1,1,4,3b021bad-6945-4be2-a7db-44af3db1eae8,0.8985441220093224
3b342c9c-eb30-4cc6-8ced-53c4fb7b3a8d_290-89,2,0,0,0,3b342c9c-eb30-4cc6-8ced-53c4fb7b3a8d,1.3712246170258084
3b342c9c-eb30-4cc6-8ced-53c4fb7b3a8d_783-98,2,0,0,0,3b342c9c-eb30-4cc6-8ced-53c4fb7b3a8d,0.6624337693016162
3b3ecf0c-ee8d-4518-bf1c-3301ba44c743_226-48,0,0,0,0,3b3ecf0c-ee8d-4518-bf1c-3301ba44c743,1.1729874440027754
3be8d10c-8e88-4f29-af13-6eab7b509ed8_7-19,3,1,1,2,3be8d10c-8e88-4f29-af13-6eab7b509ed8,0.2311757085142936
3c54ff87-27c0-4ab8-b934-4f0289221bff_279-60,1,1,1,3,3c54ff87-27c0-4ab8-b934-4f0289221bff,2.124874245269551
3c5841d6-8d79-4aa7-b020-bbb6ef114b42_402-54,4,1,1,3,3c5841d6-8d79-4aa7-b020-bbb6ef114b42,1.2849441513764237
3c9b7fa8-5588-46a7-aafa-0a1404bfbbd7_1020-57,0,1,1,1,3c9b7fa8-5588-46a7-aafa-0a1404bfbbd7,1.086006504803297
3c9ce1b1-9eaa-4e3d-9ebb-91f9d904178e_1420-03,0,1,1,2,3c9ce1b1-9eaa-4e3d-9ebb-91f9d904178e,0.6323363460663076
3c9ce1b1-9eaa-4e3d-9ebb-91f9d904178e_2345-99,1,0,0,2,3c9ce1b1-9eaa-4e3d-9ebb-91f9d904178e,0.12139636200232728
3c9ce1b1-9eaa-4e3d-9ebb-91f9d904178e_2453-52,2,1,1,2,3c9ce1b1-9eaa-4e3d-9ebb-91f9d904178e,2.637839848496117
3ce37765-7d70-4dd6-991c-a83286ba05b2_1423-56,0,1,1,0,3ce37765-7d70-4dd6-991c-a83286ba05b2,0.09236755539573216
3ce37765-7d70-4dd6-991c-a83286ba05b2_1423-60,1,0,0,0,3ce37765-7d70-4dd6-991c-a83286ba05b2,0.8663952543628026
3d93c92c-8c12-4972-9f29-c8bef5c321ba_1742-89,4,1,1,1,3d93c92c-8c12-4972-9f29-c8bef5c321ba,0.817638375851361
3d93c92c-8c12-4972-9f29-c8bef5c321ba_832-45,3,1,1,1,3d93c92c-8c12-4972-9f29-c8bef5c321ba,0.2564428395692946
3d98a5d2-a34b-499e-98f2-9195f300394a_3004-17,1,0,0,2,3d98a5d2-a34b-499e-98f2-9195f300394a,1.5439547974338952
3dbe950d-163c-40a4-9590-494748e1dd39_1644-63,0,0,0,4,3dbe950d-163c-40a4-9590-494748e1dd39,0.4983168257573085
3dbe950d-163c-40a4-9590-494748e1dd39_6666-20,0,0,0,4,3dbe950d-163c-40a4-9590-494748e1dd39,-0.33074218712789505
3dd00666-a34d-4b45-bb4c-7a4c2342e475_1264-75,2,1,1,1,3dd00666-a34d-4b45-bb4c-7a4c2342e475,2.1042209745970544
3dd08c84-ee0a-4fa6-a859-98fd969ec720_1276-65,3,0,0,0,3dd08c84-ee0a-4fa6-a859-98fd969ec720,2.017533332262719
3dd08c84-ee0a-4fa6-a859-98fd969ec720_518-21,0,1,1,0,3dd08c84-ee0a-4fa6-a859-98fd969ec720,0.5564498880197033
3de48a49-665d-4c1b-9655-82532e108e6a_1393-69,0,1,1,1,3de48a49-665d-4c1b-9655-82532e108e6a,-0.18211606981782502
3de48a49-665d-4c1b-9655-82532e108e6a_1395-29,1,1,1,1,3de48a49-665d-4c1b-9655-82532e108e6a,0.9234783674570213
3decc0f8-9806-40dd-83d5-26c495dd7830_2268-25,0,1,1,2,3decc0f8-9806-40dd-83d5-26c495dd7830,0.6314644938925706
3decc0f8-9806-40dd-83d5-26c495dd7830_5147-61,3,1,1,2,3decc0f8-9806-40dd-83d5-26c495dd7830,2.657494268152583
3df50de7-7ef7-4938-9cdb-fb2d07751084_666-85,3,1,1,2,3df50de7-7ef7-4938-9cdb-fb2d07751084,1.3968336101999457
3e418323-3ff7-4d03-9b60-275f1e20f5dc_315-49,1,1,1,3,3e418323-3ff7-4d03-9b60-275f1e20f5dc,1.69268302556307
3e418323-3ff7-4d03-9b60-275f1e20f5dc_589-19,0,0,0,3,3e418323-3ff7-4d03-9b60-275f1e20f5dc,0.832206275810567
3ea1662a-6766-4bc9-8d42-9b48d4e8384c_132-89,0,0,0,1,3ea1662a-6766-4bc9-8d42-9b48d4e8384c,-0.43243068872302626
3efc152d-ea0e-4372-b552-7d5e1cf07259_14658-02,1,0,0,4,3efc152d-ea0e-4372-b552-7d5e1cf07259,0.8413021447448723
3efc152d-ea0e-4372-b552-7d5e1cf07259_6116-76,1,1,1,4,3efc152d-ea0e-4372-b552-7d5e1cf07259,1.18652150082164
3efc152d-ea0e-4372-b552-7d5e1cf07259_6416-63,1,0,0,4,3efc152d-ea0e-4372-b552-7d5e1cf07259,0.09807653681698092
3f292ce2-fb0d-477e-b6b5-18c6ef38366e_2018-00,1,1,1,1,3f292ce2-fb0d-477e-b6b5-18c6ef38366e,0.6932781190268595
3f292ce2-fb0d-477e-b6b5-18c6ef38366e_889-07,0,1,1,1,3f292ce2-fb0d-477e-b6b5-18c6ef38366e,0.6483286907824117
3f712a5b-c1cf-4f2a-b0ab-ca0e2e4f0e3c_1166-83,1,1,1,2,3f712a5b-c1cf-4f2a-b0ab-ca0e2e4f0e3c,1.6521837164187985
3f712a5b-c1cf-4f2a-b0ab-ca0e2e4f0e3c_119-87,1,1,1,2,3f712a5b-c1cf-4f2a-b0ab-ca0e2e4f0e3c,2.06359456788043
3f7f5927-02e7-42ea-a31a-edea41bc17f9_565-60,0,1,1,2,3f7f5927-02e7-42ea-a31a-edea41bc17f9,1.0249927211201957
3f8dbb4f-ad5e-4d54-bf95-3ddbe968a85d_27-63,0,1,1,1,3f8dbb4f-ad5e-4d54-bf95-3ddbe968a85d,-0.41361165155416435
3fb410d6-e5aa-49d3-b184-75ec9651550f_2226-52,3,1,1,0,3fb410d6-e5aa-49d3-b184-75ec9651550f,0.31890951397425926
3ffb9247-a141-4056-a644-dd3fbab708a4_364-69,1,0,0,4,3ffb9247-a141-4056-a644-dd3fbab708a4,0.37167090643748457
3ffeedef-3088-4e70-a21d-3578f07546a2_2438-39,0,1,1,3,3ffeedef-3088-4e70-a21d-3578f07546a2,1.0198909822028952
3ffeedef-3088-4e70-a21d-3578f07546a2_632-12,2,0,0,3,3ffeedef-3088-4e70-a21d-3578f07546a2,0.5661989073647034
3fffb452-1c17-43fa-b473-c9e19ac21433_2774-23,3,1,1,3,3fffb452-1c17-43fa-b473-c9e19ac21433,0.8754525086053944
4065f62a-faae-4926-aee8-1d5bf73661a3_2321-27,2,0,0,0,4065f62a-faae-4926-aee8-1d5bf73661a3,1.5706524389596597
4065f62a-faae-4926-aee8-1d5bf73661a3_382-42,2,1,1,0,4065f62a-faae-4926-aee8-1d5bf73661a3,1.4334050775555136
406f3614-0b99-4b3f-b3cb-a4590bad9e27_288-93,1,0,0,4,406f3614-0b99-4b3f-b3cb-a4590bad9e27,2.415072993853829
406f3614-0b99-4b3f-b3cb-a4590bad9e27_811-10,3,0,0,4,406f3614-0b99-4b3f-b3cb-a4590bad9e27,-0.1660933177145798
407df63f-c7a8-4c18-aa0f-b8e6ae16a938_620-12,3,1,1,1,407df63f-c7a8-4c18-aa0f-b8e6ae16a938,2.3165324044058258
408acdc8-c286-482b-91ba-3fcda24fedc3_1554-86,1,1,1,0,408acdc8-c286-482b-91ba-3fcda24fedc3,0.7962654631737394
40b33c95-3689-4ec8-8765-7e926f623b75_1593-37,4,1,1,1,40b33c95-3689-4ec8-8765-7e926f623b75,0.06527665500203406
40b33c95-3689-4ec8-8765-7e926f623b75_530-94,2,0,0,1,40b33c95-3689-4ec8-8765-7e926f623b75,0.6244109974191792
40b33c95-3689-4ec8-8765-7e926f623b75_726-75,0,1,1,1,40b33c95-3689-4ec8-8765-7e926f623b75,0.8912806979395402
40f3258a-f7d8-4b05-8b6a-bd9f8d5b85fb_792-58,1,1,1,2,40f3258a-f7d8-4b05-8b6a-bd9f8d5b85fb,1.4607609206749377
41c32675-1cc9-47f2-82e5-5ef1eacb720b_92-49,3,1,1,2,41c32675-1cc9-47f2-82e5-5ef1eacb720b,0.6900867053834059
41ebc581-9f9a-44d5-9c73-8bf287c43856_3353-58,1,0,0,3,41ebc581-9f9a-44d5-9c73-8bf287c43856,0.7829153037794829
4209376c-04be-47f0-b905-835fedde4cd0_5602-77,3,1,1,2,4209376c-04be-47f0-b905-835fedde4cd0,0.7818072926968456
421a0364-6ed6-4bd4-8db2-5de8e245c9bc_455-02,0,1,1,4,421a0364-6ed6-4bd4-8db2-5de8e245c9bc,1.2502000502475878
421a0364-6ed6-4bd4-8db2-5de8e245c9bc_549-95,2,1,1,4,421a0364-6ed6-4bd4-8db2-5de8e245c9bc,1.6950459443205088
42263a6a-e984-4dd9-82db-a43d6e879c8f_528-58,3,0,0,0,42263a6a-e984-4dd9-82db-a43d6e879c8f,1.4898635084759975
42263a6a-e984-4dd9-82db-a43d6e879c8f_828-54,4,1,1,0,42263a6a-e984-4dd9-82db-a43d6e879c8f,0.6406006975372462
426eb9d9-d4cf-4acc-9efb-979f61a5be91_785-24,0,1,1,2,426eb9d9-d4cf-4acc-9efb-979f61a5be91,-0.3371555156993302
428a80ce-ccc8-46e3-9cbb-419d224f148a_1420-33,1,0,0,2,428a80ce-ccc8-46e3-9cbb-419d224f148a,1.0196810267207637
428a80ce-ccc8-46e3-9cbb-419d224f148a_679-57,1,0,0,2,428a80ce-ccc8-46e3-9cbb-419d224f148a,-0.1724653392028288
42c08776-8832-4d37-8844-3ce89e405c62_1474-11,2,0,0,0,42c08776-8832-4d37-8844-3ce89e405c62,1.1007547241069662
42d72164-8f4a-49e4-8b95-b3ad423ba65b_1273-76,2,0,0,0,42d72164-8f4a-49e4-8b95-b3ad423ba65b,0.18721844377399055
42d72164-8f4a-49e4-8b95-b3ad423ba65b_1368-26,1,1,1,0,42d72164-8f4a-49e4-8b95-b3ad423ba65b,0.3939401266455438
42d72164-8f4a-49e4-8b95-b3ad423ba65b_138-24,1,0,0,0,42d72164-8f4a-49e4-8b95-b3ad423ba65b,0.3756179294298214
42d72164-8f4a-49e4-8b95-b3ad423ba65b_149-58,2,0,0,0,42d72164-8f4a-49e4-8b95-b3ad423ba65b,0.9803387828869443
42d72164-8f4a-49e4-8b95-b3ad423ba65b_1575-60,3,0,0,0,42d72164-8f4a-49e4-8b95-b3ad423ba65b,0.44062305511193234
42d72164-8f4a-49e4-8b95-b3ad423ba65b_81-84,3,0,0,0,42d72164-8f4a-49e4-8b95-b3ad423ba65b,0.2596196549850276
4335b0cc-e10c-45df-aad3-a1fa66b7a7a8_2029-73,2,0,0,4,4335b0cc-e10c-45df-aad3-a1fa66b7a7a8,1.5588822183007252
434a5651-9901-4b32-b782-d9a2bb52e805_711-02,4,0,0,3,434a5651-9901-4b32-b782-d9a2bb52e805,0.6555066937638743
439cfa9c-ef6b-41ba-aa5d-2f40b195b374_1380-00,3,1,1,2,439cfa9c-ef6b-41ba-aa5d-2f40b195b374,-0.0026551576559601386
43d83207-9c41-46aa-90c9-e30a6194be11_354-50,1,1,1,0,43d83207-9c41-46aa-90c9-e30a6194be11,0.7873507187035038
43da1507-f497-4393-85a0-08196c04e16b_2646-34,4,1,1,4,43da1507-f497-4393-85a0-08196c04e16b,-0.2131327856159264
44327c5e-9442-4334-b675-8019df3678af_2165-30,1,0,0,4,44327c5e-9442-4334-b675-8019df3678af,0.4686914258302255
444a032d-faef-447e-a5dd-c3c8386672b6_215-22,1,0,0,0,444a032d-faef-447e-a5dd-c3c8386672b6,0.3748907994711941
4469a684-b4f9-4b50-a26f-2943f477a420_980-96,3,1,1,1,4469a684-b4f9-4b50-a26f-2943f477a420,0.7674199626503919
449763d0-a924-40a4-8830-01e7028f9428_3059-66,1,0,0,1,449763d0-a924-40a4-8830-01e7028f9428,-0.21301280275587708
449763d0-a924-40a4-8830-01e7028f9428_3694-63,3,0,0,1,449763d0-a924-40a4-8830-01e7028f9428,-0.626292861189131
449e14cf-f05e-42ac-bb7e-0ba87617f95a_582-28,3,0,0,0,449e14cf-f05e-42ac-bb7e-0ba87617f95a,-0.011683870438224941
44a65997-a52f-4e79-b4bf-cc1d74e39bc2_143-93,3,1,1,3,44a65997-a52f-4e79-b4bf-cc1d74e39bc2,1.0599689885842292
44c5117d-fb5c-4fcf-b648-d7eb76d5f95a_1424-15,0,1,1,2,44c5117d-fb5c-4fcf-b648-d7eb76d5f95a,1.7626385049706723
44c5117d-fb5c-4fcf-b648-d7eb76d5f95a_898-38,1,1,1,2,44c5117d-fb5c-4fcf-b648-d7eb76d5f95a,0.6605233871304379
45c274b8-54e6-4187-9fd9-73c0b0ada28d_109-66,1,1,1,4,45c274b8-54e6-4187-9fd9-73c0b0ada28d,1.3560549048183757
45c274b8-54e6-4187-9fd9-73c0b0ada28d_1281-25,1,0,0,4,45c274b8-54e6-4187-9fd9-73c0b0ada28d,0.6352410060265354
45ed20a0-ba4b-41f2-9498-6084fc15d1e3_113-72,0,1,1,2,45ed20a0-ba4b-41f2-9498-6084fc15d1e3,0.27016302062018993
45f5f3df-072e-4869-b332-cfc3652092b2_997-48,1,0,0,3,45f5f3df-072e-4869-b332-cfc3652092b2,0.5484210324017935
4651e5c2-4371-4af2-8f05-cb8b0b1ec7fd_233-33,2,0,0,0,4651e5c2-4371-4af2-8f05-cb8b0b1ec7fd,0.6488675880923682
46c3b557-dbda-4868-a9c8-43741d5815e1_288-99,2,1,1,4,46c3b557-dbda-4868-a9c8-43741d5815e1,0.6588358410263488
470499d1-e015-4d45-a858-ca3e9566085e_2490-62,1,1,1,4,470499d1-e015-4d45-a858-ca3e9566085e,0.9718872464388224
470499d1-e015-4d45-a858-ca3e9566085e_2861-64,1,1,1,4,470499d1-e015-4d45-a858-ca3e9566085e,0.7415808794602738
470499d1-e015-4d45-a858-ca3e9566085e_961-34,1,0,0,4,470499d1-e015-4d45-a858-ca3e9566085e,1.4923510180838089
4756ab70-a3dc-4855-b015-70fd744ea8e8_82-91,1,1,1,3,4756ab70-a3dc-4855-b015-70fd744ea8e8,0.17499760579177503
4767de01-96e1-4cf4-80f4-1c9d3acd26ed_650-13,1,0,0,0,4767de01-96e1-4cf4-80f4-1c9d3acd26ed,0.7681256476076355
4840195a-580a-44c9-b1de-4bbb792473b5_487-41,0,0,0,1,4840195a-580a-44c9-b1de-4bbb792473b5,0.21951255080244603
48acd7ed-cafc-494b-9e47-8dddcdf0fa75_819-59,3,0,0,4,48acd7ed-cafc-494b-9e47-8dddcdf0fa75,1.2208938775953424
48bd6bfb-1322-41b5-9641-20a647976ea8_10-49,0,0,0,4,48bd6bfb-1322-41b5-9641-20a647976ea8,1.951750510898572
48bd6bfb-1322-41b5-9641-20a647976ea8_261-42,3,1,1,4,48bd6bfb-1322-41b5-9641-20a647976ea8,0.6342916335261966
48d7d009-425f-4d1a-a6a9-a4742bd0d9fe_2349-91,0,1,1,0,48d7d009-425f-4d1a-a6a9-a4742bd0d9fe,0.7560397007722082
48d7d009-425f-4d1a-a6a9-a4742bd0d9fe_2561-43,2,1,1,0,48d7d009-425f-4d1a-a6a9-a4742bd0d9fe,1.36182857711071
48d7d009-425f-4d1a-a6a9-a4742bd0d9fe_30-60,3,0,0,0,48d7d009-425f-4d1a-a6a9-a4742bd0d9fe,0.2322677983588466
490b4f30-9bb5-4bf2-966b-13d509b5709b_1247-51,2,1,1,1,490b4f30-9bb5-4bf2-966b-13d509b5709b,0.9865891833061744
4930cced-9b84-464e-88ce-3990188efed6_1781-50,0,0,0,3,4930cced-9b84-464e-88ce-3990188efed6,0.9349621967109756
493dbd4d-bfc7-4086-b4ee-f3d081c34697_864-22,3,0,0,3,493dbd4d-bfc7-4086-b4ee-f3d081c34697,0.8402399488362478
49925bc0-d1f2-4623-891f-147641b0e94f_1165-19,2,1,1,2,49925bc0-d1f2-4623-891f-147641b0e94f,0.48945583743682963
49b14463-2172-4b0e-ad13-fdf9383e9a77_284-00,2,1,1,4,49b14463-2172-4b0e-ad13-fdf9383e9a77,0.325724342238517
49b14463-2172-4b0e-ad13-fdf9383e9a77_426-72,1,1,1,4,49b14463-2172-4b0e-ad13-fdf9383e9a77,-0.21838411663748536
49f87e0a-cc34-447e-87ba-209e430aafb0_2852-27,2,0,0,2,49f87e0a-cc34-447e-87ba-209e430aafb0,1.4092791489464203
49f87e0a-cc34-447e-87ba-209e430aafb0_4558-50,0,1,1,2,49f87e0a-cc34-447e-87ba-209e430aafb0,1.2988954253546976
4ac57aee-4ac0-457e-b9de-9419056e4bbd_295-55,0,1,1,1,4ac57aee-4ac0-457e-b9de-9419056e4bbd,0.6151731138887342
4b5de875-cc82-494e-b768-8ac0ae3bb279_1405-68,2,0,0,3,4b5de875-cc82-494e-b768-8ac0ae3bb279,-0.22253302084257887
4b5de875-cc82-494e-b768-8ac0ae3bb279_668-27,1,0,0,3,4b5de875-cc82-494e-b768-8ac0ae3bb279,-0.9243123164388906
4b5de875-cc82-494e-b768-8ac0ae3bb279_930-87,0,1,1,3,4b5de875-cc82-494e-b768-8ac0ae3bb279,0.15233648716370296
4b5de875-cc82-494e-b768-8ac0ae3bb279_997-77,2,1,1,3,4b5de875-cc82-494e-b768-8ac0ae3bb279,1.2552679937811213
4bd37cff-a43b-4843-b0ff-06ecfe00017e_258-98,1,0,0,3,4bd37cff-a43b-4843-b0ff-06ecfe00017e,0.7596801529492536
4bd37cff-a43b-4843-b0ff-06ecfe00017e_270-00,0,0,0,3,4bd37cff-a43b-4843-b0ff-06ecfe00017e,1.276161488887921
4bea2a96-1f1f-4149-8447-766553bbba22_1364-79,3,1,1,0,4bea2a96-1f1f-4149-8447-766553bbba22,1.028533584678327
4bea2a96-1f1f-4149-8447-766553bbba22_1922-01,0,1,1,0,4bea2a96-1f1f-4149-8447-766553bbba22,1.4514447567893658
4bf46557-3c5a-4a89-840d-158403590c9f_1472-48,0,1,1,3,4bf46557-3c5a-4a89-840d-158403590c9f,1.0599517946715071
4bf46557-3c5a-4a89-840d-158403590c9f_3598-37,0,1,1,3,4bf46557-3c5a-4a89-840d-158403590c9f,1.5108478245667976
4bf46557-3c5a-4a89-840d-158403590c9f_3687-37,0,0,0,3,4bf46557-3c5a-4a89-840d-158403590c9f,0.7255760397596984
4c53aaac-76f0-4874-ab1c-738286b9698e_727-03,2,0,0,2,4c53aaac-76f0-4874-ab1c-738286b9698e,0.05820117671679692
4c53aaac-76f0-4874-ab1c-738286b9698e_902-84,0,0,0,2,4c53aaac-76f0-4874-ab1c-738286b9698e,0.12888388226048675
4c642620-db0e-4096-9ece-2b2c6fdb47b0_3829-12,0,1,1,4,4c642620-db0e-4096-9ece-2b2c6fdb47b0,0.7004787675849422
4c64e0d9-72f4-427f-995d-112ef1a2b7a1_210-26,1,1,1,0,4c64e0d9-72f4-427f-995d-112ef1a2b7a1,2.865507629974059
4c6f009a-f0ca-4557-8723-4111761e0a9a_879-68,3,0,0,2,4c6f009a-f0ca-4557-8723-4111761e0a9a,-0.39893801717486266
4c70179a-f411-4f81-b44d-cfe34b8f9180_356-35,3,1,1,2,4c70179a-f411-4f81-b44d-cfe34b8f9180,0.4580764277087037
4c70179a-f411-4f81-b44d-cfe34b8f9180_551-50,2,0,0,2,4c70179a-f411-4f81-b44d-cfe34b8f9180,-0.22429169207074184
4c70179a-f411-4f81-b44d-cfe34b8f9180_800-64,2,1,1,2,4c70179a-f411-4f81-b44d-cfe34b8f9180,1.8995138660295732
4c9777fc-1997-4dc8-a2d2-ea59c50b32f4_573-78,0,1,1,1,4c9777fc-1997-4dc8-a2d2-ea59c50b32f4,-0.004666834763512595
4ca97ff8-bc2a-462b-b4c9-b1a878564bea_94-99,0,0,0,2,4ca97ff8-bc2a-462b-b4c9-b1a878564bea,0.8935190497557088
4cd086c9-e7d4-4cb9-bdfe-9e55830cf52e_3435-93,2,1,1,0,4cd086c9-e7d4-4cb9-bdfe-9e55830cf52e,-0.11706750415405343
4d1b11b2-e53a-40a5-a3a5-2b2441c60e17_621-95,1,1,1,1,4d1b11b2-e53a-40a5-a3a5-2b2441c60e17,1.0824179433502434
4d24d57d-96ba-4ea1-9542-ee0520d20d3e_1879-56,3,0,0,1,4d24d57d-96ba-4ea1-9542-ee0520d20d3e,0.4466917886144208
4d45174a-6a77-48cd-a8f2-9b93e2d47f07_0-01,1,1,1,0,4d45174a-6a77-48cd-a8f2-9b93e2d47f07,0.08101611569973732
4d45174a-6a77-48cd-a8f2-9b93e2d47f07_604-84,2,1,1,0,4d45174a-6a77-48cd-a8f2-9b93e2d47f07,0.5404235273858524
4d45174a-6a77-48cd-a8f2-9b93e2d47f07_653-18,2,0,0,0,4d45174a-6a77-48cd-a8f2-9b93e2d47f07,0.9947650104941577
4d63c029-fd1d-48f2-9f61-7246bb9ef6fc_2979-35,3,0,0,1,4d63c029-fd1d-48f2-9f61-7246bb9ef6fc,0.6826775311757622
4d76c2c7-c6a2-46a6-bc94-0033c629f040_291-37,0,1,1,4,4d76c2c7-c6a2-46a6-bc94-0033c629f040,1.2413464604952162
4d89d233-dbcf-4ea2-a90f-9a2c3b42d1d5_442-41,1,1,1,4,4d89d233-dbcf-4ea2-a90f-9a2c3b42d1d5,0.14620702899379334
4dc1caff-6353-4a05-9382-92031b25f783_279-42,1,1,1,3,4dc1caff-6353-4a05-9382-92031b25f783,0.8183876631978957
4de25e28-5a34-4fbe-bc83-200d513b4d9a_1123-59,3,0,0,2,4de25e28-5a34-4fbe-bc83-200d513b4d9a,1.3431892086080324
4efdd63d-515c-401a-a5b0-e2c84cbee0e6_2722-42,1,0,0,1,4efdd63d-515c-401a-a5b0-e2c84cbee0e6,-0.0941371241978417
4efdd63d-515c-401a-a5b0-e2c84cbee0e6_4175-60,1,1,1,1,4efdd63d-515c-401a-a5b0-e2c84cbee0e6,-0.06643925943711748
4f549225-e82e-4294-9379-4891e47725c7_1121-97,3,1,1,0,4f549225-e82e-4294-9379-4891e47725c7,1.5392860374536608
4f549225-e82e-4294-9379-4891e47725c7_299-04,0,1,1,0,4f549225-e82e-4294-9379-4891e47725c7,1.1406851108676372
4f549225-e82e-4294-9379-4891e47725c7_982-80,0,1,1,0,4f549225-e82e-4294-9379-4891e47725c7,1.4059512398081853
4f80ac6f-b78f-441b-b80d-fa8dd10756c4_471-91,3,1,1,1,4f80ac6f-b78f-441b-b80d-fa8dd10756c4,-0.07737808846789074
4fde0689-6bc3-49d4-8d54-bf4cfe0ad287_403-70,1,0,0,3,4fde0689-6bc3-49d4-8d54-bf4cfe0ad287,0.48277001199604297
4ff2e551-1ccb-44ce-8b68-09666397f681_554-17,2,1,1,4,4ff2e551-1ccb-44ce-8b68-09666397f681,1.2758473116963374
500be78a-0a13-44c5-8bc6-bafaa9b94354_17-35,3,1,1,0,500be78a-0a13-44c5-8bc6-bafaa9b94354,0.25172663157951614
501d1e55-968d-4c10-9d29-e0f4bee907a0_654-33,1,1,1,3,501d1e55-968d-4c10-9d29-e0f4bee907a0,1.3010520195824427
502debb3-c5f1-4dba-b2d4-b191d40da77a_5606-91,2,1,1,4,502debb3-c5f1-4dba-b2d4-b191d40da77a,1.9554791950223405
508cf068-6523-4368-a6b1-76ba538f1fc9_1359-08,0,0,0,1,508cf068-6523-4368-a6b1-76ba538f1fc9,1.1962289815927318
50c1df1c-e016-472a-b0ac-d297b0c82e87_3264-37,3,0,0,2,50c1df1c-e016-472a-b0ac-d297b0c82e87,0.21834856721556073
50f31d76-6f29-4f80-b654-9437a0113bf5_2211-90,3,0,0,4,50f31d76-6f29-4f80-b654-9437a0113bf5,0.4124166472040274
51364391-163c-484c-8de5-122abb5898de_1080-80,3,1,1,1,51364391-163c-484c-8de5-122abb5898de,0.6420708798980963
51364391-163c-484c-8de5-122abb5898de_1357-07,2,1,1,1,51364391-163c-484c-8de5-122abb5898de,2.5136628336676132
51364391-163c-484c-8de5-122abb5898de_1359-23,1,1,1,1,51364391-163c-484c-8de5-122abb5898de,-0.011802812747530256
513f572f-6d1c-4a8a-8b57-9c1d0aa363f7_1015-09,3,1,1,3,513f572f-6d1c-4a8a-8b57-9c1d0aa363f7,0.6073102177615994
513f572f-6d1c-4a8a-8b57-9c1d0aa363f7_843-40,3,1,1,3,513f572f-6d1c-4a8a-8b57-9c1d0aa363f7,0.7678224052347731
513f572f-6d1c-4a8a-8b57-9c1d0aa363f7_969-20,1,1,1,3,513f572f-6d1c-4a8a-8b57-9c1d0aa363f7,-0.025674440521581632
516ba1f4-5cfd-4dd7-b4b6-a4c0605d1281_1838-55,0,1,1,2,516ba1f4-5cfd-4dd7-b4b6-a4c0605d1281,0.7627066214992166
5181422f-0b2c-4a39-af52-b2ca683e5451_1147-87,0,1,1,1,5181422f-0b2c-4a39-af52-b2ca683e5451,-0.15162505377782054
5185ad85-6751-481e-8b28-2d93d2e20770_961-05,0,0,0,3,5185ad85-6751-481e-8b28-2d93d2e20770,-0.0665655812895587
5185ad85-6751-481e-8b28-2d93d2e20770_964-94,0,1,1,3,5185ad85-6751-481e-8b28-2d93d2e20770,0.9191668984976906
520374ca-09f9-4716-8176-dd289ea7baa9_540-00,2,1,1,0,520374ca-09f9-4716-8176-dd289ea7baa9,0.3008648014301576
520374ca-09f9-4716-8176-dd289ea7baa9_659-75,0,1,1,0,520374ca-09f9-4716-8176-dd289ea7baa9,1.2237316312991378
526675a3-acea-4d5b-b5c9-ccb1b89f6e58_421-44,3,0,0,1,526675a3-acea-4d5b-b5c9-ccb1b89f6e58,1.2782190768725126
52c312b2-b47d-498d-a368-20db6a8bc879_1510-20,3,1,1,0,52c312b2-b47d-498d-a368-20db6a8bc879,0.8531349287683092
5300d3f7-0674-4e08-bf1d-47b8c38a2842_39-70,2,0,0,1,5300d3f7-0674-4e08-bf1d-47b8c38a2842,1.0680651134093775
5315437a-2530-47e5-a0e4-4ac656c7cfa4_570-57,3,0,0,2,5315437a-2530-47e5-a0e4-4ac656c7cfa4,1.0631350458367894
5318b45a-f8be-4ab2-a807-564d734527fb_1369-45,0,0,0,3,5318b45a-f8be-4ab2-a807-564d734527fb,0.7373862534440723
53bab63b-b6fa-494c-9dc7-c3fe61f234de_999-56,3,0,0,0,53bab63b-b6fa-494c-9dc7-c3fe61f234de,0.7965726169507228
53e92e25-fe03-4311-9a17-c4f6a29ccad1_1365-15,0,1,1,0,53e92e25-fe03-4311-9a17-c4f6a29ccad1,0.8197163081467407
53e92e25-fe03-4311-9a17-c4f6a29ccad1_3512-58,0,0,0,0,53e92e25-fe03-4311-9a17-c4f6a29ccad1,1.1853573006146854
53e92e25-fe03-4311-9a17-c4f6a29ccad1_983-79,1,0,0,0,53e92e25-fe03-4311-9a17-c4f6a29ccad1,0.03689161190767076
54a421d2-763e-4751-a6b4-54e3d6c46cc1_1143-22,4,0,0,4,54a421d2-763e-4751-a6b4-54e3d6c46cc1,1.119707086777673
54a421d2-763e-4751-a6b4-54e3d6c46cc1_1361-15,0,0,0,4,54a421d2-763e-4751-a6b4-54e3d6c46cc1,0.18736744427535124
54a421d2-763e-4751-a6b4-54e3d6c46cc1_1458-60,2,1,1,4,54a421d2-763e-4751-a6b4-54e3d6c46cc1,0.5215544351874701
54a421d2-763e-4751-a6b4-54e3d6c46cc1_1553-16,0,1,1,4,54a421d2-763e-4751-a6b4-54e3d6c46cc1,0.7643021892592037
54a421d2-763e-4751-a6b4-54e3d6c46cc1_242-12,3,1,1,4,54a421d2-763e-4751-a6b4-54e3d6c46cc1,0.7377144018418171
54a421d2-763e-4751-a6b4-54e3d6c46cc1_676-59,2,0,0,4,54a421d2-763e-4751-a6b4-54e3d6c46cc1,0.8680463824105518
54a421d2-763e-4751-a6b4-54e3d6c46cc1_692-41,2,0,0,4,54a421d2-763e-4751-a6b4-54e3d6c46cc1,0.171203789755225
54a421d2-763e-4751-a6b4-54e3d6c46cc1_715-92,0,0,0,4,54a421d2-763e-4751-a6b4-54e3d6c46cc1,0.4031309374473051
54adfe07-dcc1-4c3f-90a2-ac93ea7ff6df_173-06,4,0,0,4,54adfe07-dcc1-4c3f-90a2-ac93ea7ff6df,1.8506396473598472
54adfe07-dcc1-4c3f-90a2-ac93ea7ff6df_76-91,3,0,0,4,54adfe07-dcc1-4c3f-90a2-ac93ea7ff6df,0.03539717885982929
555ff1a5-c30b-434c-a251-b5105cdc1fb9_1647-31,2,1,1,2,555ff1a5-c30b-434c-a251-b5105cdc1fb9,-0.2773069592623545
55ef5db5-af7c-4ccd-9c7d-a4d415e195b7_753-73,2,1,1,3,55ef5db5-af7c-4ccd-9c7d-a4d415e195b7,0.044579390027948085
55ef5db5-af7c-4ccd-9c7d-a4d415e195b7_857-01,1,1,1,3,55ef5db5-af7c-4ccd-9c7d-a4d415e195b7,-0.1919164651994263
5605bd9a-d151-4d5b-b0f6-cfc28ae6937e_2980-56,2,1,1,2,5605bd9a-d151-4d5b-b0f6-cfc28ae6937e,-0.13096654306871014
5605bd9a-d151-4d5b-b0f6-cfc28ae6937e_3534-55,3,1,1,2,5605bd9a-d151-4d5b-b0f6-cfc28ae6937e,0.5700125241996412
5605bd9a-d151-4d5b-b0f6-cfc28ae6937e_4053-60,2,0,0,2,5605bd9a-d151-4d5b-b0f6-cfc28ae6937e,1.6073809390462404
5605bd9a-d151-4d5b-b0f6-cfc28ae6937e_457-07,3,0,0,2,5605bd9a-d151-4d5b-b0f6-cfc28ae6937e,0.09391051910056158
5605bd9a-d151-4d5b-b0f6-cfc28ae6937e_709-52,0,0,0,2,5605bd9a-d151-4d5b-b0f6-cfc28ae6937e,1.5603277260862387
5605bd9a-d151-4d5b-b0f6-cfc28ae6937e_999-27,2,1,1,2,5605bd9a-d151-4d5b-b0f6-cfc28ae6937e,0.7744347272273528
564c0350-9fbf-4659-b310-a929fa3c82e4_555-36,3,1,1,1,564c0350-9fbf-4659-b310-a929fa3c82e4,1.4645075277216548
56504e4e-a228-4b28-baa4-1ce2de03c2d4_1630-93,2,1,1,2,56504e4e-a228-4b28-baa4-1ce2de03c2d4,-0.5168698833375253
56c5fea0-73fb-4239-b740-1faf19e75e6f_1246-35,1,1,1,0,56c5fea0-73fb-4239-b740-1faf19e75e6f,1.5099583679618416
56da7a14-f3fe-4dd9-9acb-92917603f42c_469-73,2,1,1,3,56da7a14-f3fe-4dd9-9acb-92917603f42c,1.034664892311549
56da7a14-f3fe-4dd9-9acb-92917603f42c_521-16,0,1,1,3,56da7a14-f3fe-4dd9-9acb-92917603f42c,0.20266446836389584
570fc280-231c-4a3e-99c2-12eefed1c122_925-58,3,0,0,0,570fc280-231c-4a3e-99c2-12eefed1c122,0.863330691569832
57467033-41ad-48f8-bc45-26f0b92a1b48_681-96,2,1,1,3,57467033-41ad-48f8-bc45-26f0b92a1b48,0.6681848411821893
57ac6d7c-d317-4f85-aab1-d95ecaaacd5b_290-69,2,1,1,1,57ac6d7c-d317-4f85-aab1-d95ecaaacd5b,0.9362349609774061
57e88d87-257e-434d-953e-6025367e99fe_446-64,2,1,1,4,57e88d87-257e-434d-953e-6025367e99fe,0.837945080008816
57e88d87-257e-434d-953e-6025367e99fe_448-77,0,0,0,4,57e88d87-257e-434d-953e-6025367e99fe,0.790555885945381
5826d5ed-1456-443f-b333-202bb216a31d_1637-74,0,0,0,3,5826d5ed-1456-443f-b333-202bb216a31d,1.009751157381682
583dc873-0ccd-4d04-bb56-4d403ab28e85_218-71,1,1,1,0,583dc873-0ccd-4d04-bb56-4d403ab28e85,0.613650670545268
584f625d-15b0-49e8-bfa6-718b9cf010e0_834-78,3,0,0,2,584f625d-15b0-49e8-bfa6-718b9cf010e0,-0.5360184666366423
584fd34c-9bd5-44fd-8266-9d3161d8c790_3302-91,0,1,1,3,584fd34c-9bd5-44fd-8266-9d3161d8c790,2.09852240806172
596760c3-b1d6-453c-916c-ecbc30ab1c5d_1349-91,2,1,1,1,596760c3-b1d6-453c-916c-ecbc30ab1c5d,0.014931855835811803
596760c3-b1d6-453c-916c-ecbc30ab1c5d_1392-89,1,1,1,1,596760c3-b1d6-453c-916c-ecbc30ab1c5d,-0.4682217198396428
596760c3-b1d6-453c-916c-ecbc30ab1c5d_1448-53,0,0,0,1,596760c3-b1d6-453c-916c-ecbc30ab1c5d,1.527670190198079
59764b58-1523-48b3-88d2-9fc07880e597_1504-77,0,1,1,2,59764b58-1523-48b3-88d2-9fc07880e597,1.0042539594661086
59857657-5cb1-4268-9c8f-ab6cb3c3ad3b_5306-98,2,1,1,4,59857657-5cb1-4268-9c8f-ab6cb3c3ad3b,0.5724252607838536
59857657-5cb1-4268-9c8f-ab6cb3c3ad3b_5438-01,3,1,1,4,59857657-5cb1-4268-9c8f-ab6cb3c3ad3b,0.8190723502376458
59857657-5cb1-4268-9c8f-ab6cb3c3ad3b_9450-00,1,1,1,4,59857657-5cb1-4268-9c8f-ab6cb3c3ad3b,0.36697142726141574
59857657-5cb1-4268-9c8f-ab6cb3c3ad3b_979-26,2,1,1,4,59857657-5cb1-4268-9c8f-ab6cb3c3ad3b,0.6912768937482516
59976b3b-2328-47f2-a7b3-6f982497ed65_622-81,3,1,1,4,59976b3b-2328-47f2-a7b3-6f982497ed65,0.42602777518630264
5a009b9f-fed2-45a8-8006-b59b655334d1_50-58,1,1,1,0,5a009b9f-fed2-45a8-8006-b59b655334d1,0.6027965271482927
5a9ca82c-bb33-4f05-9e08-efd614269566_1201-43,2,1,1,1,5a9ca82c-bb33-4f05-9e08-efd614269566,0.6796885112108353
5aa01f1b-351d-428b-a1be-1f2edaff6a0c_693-84,2,1,1,0,5aa01f1b-351d-428b-a1be-1f2edaff6a0c,0.6934614821672311
5aa8f84b-aea8-4e40-b710-82b93875e1ae_422-21,2,0,0,4,5aa8f84b-aea8-4e40-b710-82b93875e1ae,0.1421421173454105
5ab334f2-ecc8-4a05-96f8-4320225379b2_1773-43,0,1,1,3,5ab334f2-ecc8-4a05-96f8-4320225379b2,0.4963681776341504
5ab334f2-ecc8-4a05-96f8-4320225379b2_214-77,2,1,1,3,5ab334f2-ecc8-4a05-96f8-4320225379b2,0.5946413082568776
5ab334f2-ecc8-4a05-96f8-4320225379b2_70-12,1,1,1,3,5ab334f2-ecc8-4a05-96f8-4320225379b2,1.0212784734869222
5ab334f2-ecc8-4a05-96f8-4320225379b2_879-22,1,1,1,3,5ab334f2-ecc8-4a05-96f8-4320225379b2,1.6524603291144047
5ab334f2-ecc8-4a05-96f8-4320225379b2_905-78,2,0,0,3,5ab334f2-ecc8-4a05-96f8-4320225379b2,2.182016155547969
5b0225e8-b81b-42fe-aa08-b0732b46c8bd_1082-56,2,0,0,0,5b0225e8-b81b-42fe-aa08-b0732b46c8bd,0.15439194664046685
5b0225e8-b81b-42fe-aa08-b0732b46c8bd_1130-00,1,0,0,0,5b0225e8-b81b-42fe-aa08-b0732b46c8bd,1.1424517408730006
5b0225e8-b81b-42fe-aa08-b0732b46c8bd_1130-47,3,1,1,0,5b0225e8-b81b-42fe-aa08-b0732b46c8bd,-0.026668808317405146
5b0225e8-b81b-42fe-aa08-b0732b46c8bd_1131-66,1,1,1,0,5b0225e8-b81b-42fe-aa08-b0732b46c8bd,0.50708988532119
5b0225e8-b81b-42fe-aa08-b0732b46c8bd_381-48,3,0,0,0,5b0225e8-b81b-42fe-aa08-b0732b46c8bd,0.5867923910787751
5b0c9075-f81d-488c-9862-c9c3b9ca27b5_843-40,2,0,0,0,5b0c9075-f81d-488c-9862-c9c3b9ca27b5,1.4348900656231627
5b329676-c4f5-49a7-9999-fa3884190b1e_91-50,1,1,1,3,5b329676-c4f5-49a7-9999-fa3884190b1e,0.8908179628266035
5c172db2-eca2-4f9a-8963-b2111123fef2_81-63,3,1,1,0,5c172db2-eca2-4f9a-8963-b2111123fef2,1.1490183585556752
5c3be03c-07a5-4427-a2fe-449f16e8017b_787-88,0,0,0,3,5c3be03c-07a5-4427-a2fe-449f16e8017b,0.26906705383019514
5c9b85ea-24a9-4bfd-8ac2-4ca6f9090231_3247-42,1,0,0,3,5c9b85ea-24a9-4bfd-8ac2-4ca6f9090231,1.9091300144992611
5c9b85ea-24a9-4bfd-8ac2-4ca6f9090231_3510-00,1,1,1,3,5c9b85ea-24a9-4bfd-8ac2-4ca6f9090231,1.0868569815374851
5c9b85ea-24a9-4bfd-8ac2-4ca6f9090231_4576-22,3,1,1,3,5c9b85ea-24a9-4bfd-8ac2-4ca6f9090231,-0.37870205674950164
5cab806a-3794-4578-94f2-33c3093151d1_391-05,0,0,0,2,5cab806a-3794-4578-94f2-33c3093151d1,0.15519245848087393
5cab806a-3794-4578-94f2-33c3093151d1_433-69,2,1,1,2,5cab806a-3794-4578-94f2-33c3093151d1,1.431816274789508
5cab806a-3794-4578-94f2-33c3093151d1_546-82,3,1,1,2,5cab806a-3794-4578-94f2-33c3093151d1,0.6868491150221394
5cee04cd-4adb-4a12-a476-1ba1db44865c_1289-65,1,1,1,0,5cee04cd-4adb-4a12-a476-1ba1db44865c,1.4238559170919363
5cf98bc1-012f-482d-86ee-9337d8747dce_1374-50,2,0,0,1,5cf98bc1-012f-482d-86ee-9337d8747dce,-0.4303971379245104
5cf98bc1-012f-482d-86ee-9337d8747dce_2305-61,1,1,1,1,5cf98bc1-012f-482d-86ee-9337d8747dce,0.42128269404967256
5cff48d5-d4e3-465f-8302-64cd493aba53_0-01,2,1,1,3,5cff48d5-d4e3-465f-8302-64cd493aba53,0.056323790067906776
5cff48d5-d4e3-465f-8302-64cd493aba53_399-10,3,1,1,3,5cff48d5-d4e3-465f-8302-64cd493aba53,-0.21351238616852264
5d00d9ae-e932-42d5-8eee-ed24f83c8661_0-06,3,0,0,2,5d00d9ae-e932-42d5-8eee-ed24f83c8661,-0.25561701419801075
5d090853-467e-4f95-9f9e-ac0582023111_504-40,2,1,1,0,5d090853-467e-4f95-9f9e-ac0582023111,1.2381318176812348
5d8dfcfe-93e4-465e-a548-44c1442ffa29_291-14,3,0,0,1,5d8dfcfe-93e4-465e-a548-44c1442ffa29,0.37293134583397114
5dac9d4b-1ac8-468b-a51b-8b7e0dbe554b_1086-76,2,1,1,1,5dac9d4b-1ac8-468b-a51b-8b7e0dbe554b,0.8862787822590377
5dde766e-e93a-4d48-b3c7-96774f24d39d_560-47,0,0,0,3,5dde766e-e93a-4d48-b3c7-96774f24d39d,0.5461932464538584
5e193b30-3e79-4851-801b-dab99125cd44_2971-00,0,0,0,3,5e193b30-3e79-4851-801b-dab99125cd44,0.7216635821920052
5e193b30-3e79-4851-801b-dab99125cd44_3348-61,1,0,0,3,5e193b30-3e79-4851-801b-dab99125cd44,0.6471695452553807
5e7a6a04-70d3-4ce5-82ff-971ca6478328_1045-51,2,1,1,1,5e7a6a04-70d3-4ce5-82ff-971ca6478328,1.4369868349480186
5e7dbc32-08e0-4266-9bd3-27c412d1af7c_182-45,2,0,0,3,5e7dbc32-08e0-4266-9bd3-27c412d1af7c,0.21632694978529465
5e97e33c-b3ca-48b2-9e7e-069fe39199fb_1921-41,3,0,0,0,5e97e33c-b3ca-48b2-9e7e-069fe39199fb,-0.05208040867864416
5e97e33c-b3ca-48b2-9e7e-069fe39199fb_509-89,0,0,0,0,5e97e33c-b3ca-48b2-9e7e-069fe39199fb,0.3744461198449882
5ead8e7c-2600-44b1-afd6-b82cb5f7b9ce_119-97,2,0,0,0,5ead8e7c-2600-44b1-afd6-b82cb5f7b9ce,1.1036766091181014
5ead8e7c-2600-44b1-afd6-b82cb5f7b9ce_195-55,0,1,1,0,5ead8e7c-2600-44b1-afd6-b82cb5f7b9ce,1.3675287993696226
5ead8e7c-2600-44b1-afd6-b82cb5f7b9ce_3241-48,2,0,0,0,5ead8e7c-2600-44b1-afd6-b82cb5f7b9ce,0.5468835482546188
5ead8e7c-2600-44b1-afd6-b82cb5f7b9ce_567-35,0,0,0,0,5ead8e7c-2600-44b1-afd6-b82cb5f7b9ce,0.2554171341894511
5ead8e7c-2600-44b1-afd6-b82cb5f7b9ce_568-30,0,0,0,0,5ead8e7c-2600-44b1-afd6-b82cb5f7b9ce,0.39930033044176283
5ed59c41-af9e-4368-a0ce-30d536d34895_1493-26,3,1,1,4,5ed59c41-af9e-4368-a0ce-30d536d34895,1.1701380268748949
5ed59c41-af9e-4368-a0ce-30d536d34895_1575-15,2,1,1,4,5ed59c41-af9e-4368-a0ce-30d536d34895,0.632170408140555
5ed59c41-af9e-4368-a0ce-30d536d34895_494-33,1,0,0,4,5ed59c41-af9e-4368-a0ce-30d536d34895,0.623646105354736
5f0ed597-4f1e-4075-81dc-64a3c0bb81f3_3-80,1,0,0,0,5f0ed597-4f1e-4075-81dc-64a3c0bb81f3,0.3161918784548228
5f26c69f-6f1c-4041-a81f-3c4808e0a385_1353-30,2,0,0,1,5f26c69f-6f1c-4041-a81f-3c4808e0a385,0.803659356945597
5f26c69f-6f1c-4041-a81f-3c4808e0a385_151-47,0,0,0,1,5f26c69f-6f1c-4041-a81f-3c4808e0a385,0.8214161071836117
5f26c69f-6f1c-4041-a81f-3c4808e0a385_156-09,2,0,0,1,5f26c69f-6f1c-4041-a81f-3c4808e0a385,2.2725854935338763
5f2d9e8b-6e0b-4e36-9f5b-d26bbe0a7c7c_1129-51,2,1,1,2,5f2d9e8b-6e0b-4e36-9f5b-d26bbe0a7c7c,0.44348616687794795
600e392c-4be6-4b8b-bef8-e789ce3d8915_2298-42,1,0,0,1,600e392c-4be6-4b8b-bef8-e789ce3d8915,0.14218772907591326
600e392c-4be6-4b8b-bef8-e789ce3d8915_3230-09,1,1,1,1,600e392c-4be6-4b8b-bef8-e789ce3d8915,0.7439354545797288
600e392c-4be6-4b8b-bef8-e789ce3d8915_6486-35,1,0,0,1,600e392c-4be6-4b8b-bef8-e789ce3d8915,0.2605015595193021
600e392c-4be6-4b8b-bef8-e789ce3d8915_7199-73,0,0,0,1,600e392c-4be6-4b8b-bef8-e789ce3d8915,-0.007943861329955837
60209262-ab8e-4214-a8dd-4764a9a4b26d_842-54,3,0,0,2,60209262-ab8e-4214-a8dd-4764a9a4b26d,1.2106423169881415
606a91df-fc77-444e-988d-e0178c83c586_342-58,1,0,0,1,606a91df-fc77-444e-988d-e0178c83c586,1.3128266867057226
6070d9d1-9962-49f3-8ac7-4e29ca07e104_164-20,0,0,0,2,6070d9d1-9962-49f3-8ac7-4e29ca07e104,-0.21008188686245588
6070d9d1-9962-49f3-8ac7-4e29ca07e104_284-21,0,0,0,2,6070d9d1-9962-49f3-8ac7-4e29ca07e104,-0.13060386384476863
608f2b9c-d004-42db-9f0c-e89b203dfb01_8-92,0,1,1,0,608f2b9c-d004-42db-9f0c-e89b203dfb01,1.2713575186334003
615c5cd1-1dab-4667-94ce-30bfe52e7cd4_821-72,1,0,0,4,615c5cd1-1dab-4667-94ce-30bfe52e7cd4,0.45079905527422404
615edb9e-bfc7-4080-afb3-d29e98ce2216_816-65,0,0,0,3,615edb9e-bfc7-4080-afb3-d29e98ce2216,2.13620860652417
61da558c-b125-4e65-a8a6-28f0eae34c1a_156-26,0,1,1,2,61da558c-b125-4e65-a8a6-28f0eae34c1a,1.7624683364835092
620d3087-c6fb-4b08-bb6a-4dc4ede3b994_1607-58,0,1,1,0,620d3087-c6fb-4b08-bb6a-4dc4ede3b994,0.6868570209785378
620d3087-c6fb-4b08-bb6a-4dc4ede3b994_232-40,0,0,0,0,620d3087-c6fb-4b08-bb6a-4dc4ede3b994,0.2262501901079208
620d3087-c6fb-4b08-bb6a-4dc4ede3b994_2651-56,1,1,1,0,620d3087-c6fb-4b08-bb6a-4dc4ede3b994,-0.1384734697060328
620d3087-c6fb-4b08-bb6a-4dc4ede3b994_432-70,3,1,1,0,620d3087-c6fb-4b08-bb6a-4dc4ede3b994,0.9939514598668189
62103d3d-d89d-4f54-a766-1beb22eb994b_179-41,1,0,0,1,62103d3d-d89d-4f54-a766-1beb22eb994b,0.1327438287464333
62103d3d-d89d-4f54-a766-1beb22eb994b_617-19,1,0,0,1,62103d3d-d89d-4f54-a766-1beb22eb994b,-0.14242680059840995
622ab8aa-21f8-4ad0-99c3-7f4876850df7_193-96,1,1,1,1,622ab8aa-21f8-4ad0-99c3-7f4876850df7,2.287604023995356
6243586b-a8df-4c37-95f8-da7f4f5d57d6_513-82,2,0,0,3,6243586b-a8df-4c37-95f8-da7f4f5d57d6,-0.08973580607084197
6243586b-a8df-4c37-95f8-da7f4f5d57d6_868-79,1,0,0,3,6243586b-a8df-4c37-95f8-da7f4f5d57d6,-0.6242697528464793
624a6c0a-a4cb-4073-b501-48e4b6b679e4_1095-75,2,1,1,1,624a6c0a-a4cb-4073-b501-48e4b6b679e4,0.26914660140478364
624a6c0a-a4cb-4073-b501-48e4b6b679e4_1105-28,0,0,0,1,624a6c0a-a4cb-4073-b501-48e4b6b679e4,-0.1641959468014209
624a6c0a-a4cb-4073-b501-48e4b6b679e4_1105-63,0,0,0,1,624a6c0a-a4cb-4073-b501-48e4b6b679e4,2.333857419384799
62abef54-29ef-43ec-ba1d-43496d986e89_2257-41,0,1,1,0,62abef54-29ef-43ec-ba1d-43496d986e89,1.504022112379742
62baa1d3-a742-4d3d-a978-537a7988e13e_1461-40,0,1,1,4,62baa1d3-a742-4d3d-a978-537a7988e13e,-0.22622438381840304
62e3b74a-01ad-4824-aace-5cc12ebd2c47_228-93,2,0,0,3,62e3b74a-01ad-4824-aace-5cc12ebd2c47,-0.1417414049525738
6306375a-1533-4f3c-843b-0cd51b4bf449_1-23,1,0,0,1,6306375a-1533-4f3c-843b-0cd51b4bf449,0.5005587982909045
6322a6f2-f271-4335-bf46-d428a5a58298_0-02,3,0,0,0,6322a6f2-f271-4335-bf46-d428a5a58298,0.6459787742456524
635cb327-1636-4fbc-a9ca-5a7adfc34b2e_0-40,2,0,0,0,635cb327-1636-4fbc-a9ca-5a7adfc34b2e,0.7305237543735577
6395f964-0122-4f16-b036-337c28488504_1626-75,2,1,1,4,6395f964-0122-4f16-b036-337c28488504,-0.6658614029169634
63d56e4c-e454-48c2-a8f2-5bc2c34622ca_1218-51,1,1,1,4,63d56e4c-e454-48c2-a8f2-5bc2c34622ca,1.0472933085972507
63d56e4c-e454-48c2-a8f2-5bc2c34622ca_172-69,2,0,0,4,63d56e4c-e454-48c2-a8f2-5bc2c34622ca,0.17816302004809126
63d56e4c-e454-48c2-a8f2-5bc2c34622ca_903-77,1,1,1,4,63d56e4c-e454-48c2-a8f2-5bc2c34622ca,0.8727071500046861
63e9e643-25c5-435d-b6f0-0aab1af76e68_28-98,1,0,0,3,63e9e643-25c5-435d-b6f0-0aab1af76e68,1.041770939609607
64049385-6855-4eed-8b3c-ce3e8d704008_1157-10,2,0,0,2,64049385-6855-4eed-8b3c-ce3e8d704008,0.6725006908471998
64747fa7-c7b9-46fc-ac9d-ea9a514d91df_73-27,0,0,0,1,64747fa7-c7b9-46fc-ac9d-ea9a514d91df,0.24729153651521107
64792a03-b8ea-4fdc-96d8-1e1199b73658_1352-24,1,0,0,0,64792a03-b8ea-4fdc-96d8-1e1199b73658,-1.1193105170672046
64ec6de1-0e86-49de-889c-4a0fdcba6658_808-22,3,1,1,4,64ec6de1-0e86-49de-889c-4a0fdcba6658,0.8855834036381705
652f0590-aab5-4de1-b578-238adb54fa0e_3914-88,3,0,0,3,652f0590-aab5-4de1-b578-238adb54fa0e,2.381845452049936
65d6d7a3-11f7-4472-82b9-527ca04fe25b_1274-77,1,1,1,4,65d6d7a3-11f7-4472-82b9-527ca04fe25b,-0.25084936434935745
65d6d7a3-11f7-4472-82b9-527ca04fe25b_633-02,0,1,1,4,65d6d7a3-11f7-4472-82b9-527ca04fe25b,1.4719990708540975
65f4949e-e8fe-4b77-972e-35d368ca546a_1165-75,3,0,0,2,65f4949e-e8fe-4b77-972e-35d368ca546a,0.5288351219817309
6639f53c-701d-4fe7-adcd-55d040ce8afe_0-03,1,1,1,1,6639f53c-701d-4fe7-adcd-55d040ce8afe,0.15250775980134823
668962c9-ecae-4b8f-bdc1-a6aeab093d88_1261-54,0,0,0,1,668962c9-ecae-4b8f-bdc1-a6aeab093d88,0.8374150309530795
668962c9-ecae-4b8f-bdc1-a6aeab093d88_1333-29,1,0,0,1,668962c9-ecae-4b8f-bdc1-a6aeab093d88,0.3331445093916039
668962c9-ecae-4b8f-bdc1-a6aeab093d88_811-44,2,0,0,1,668962c9-ecae-4b8f-bdc1-a6aeab093d88,0.13717411357777798
66bf8281-f77c-4e37-b9a8-5f2aabf73ef9_943-34,2,1,1,3,66bf8281-f77c-4e37-b9a8-5f2aabf73ef9,1.0319376137520826
67a8114b-7f37-443d-8beb-64886095f935_184-82,1,1,1,0,67a8114b-7f37-443d-8beb-64886095f935,0.46301082101942415
67a8114b-7f37-443d-8beb-64886095f935_636-28,0,0,0,0,67a8114b-7f37-443d-8beb-64886095f935,1.903354737523189
67a8114b-7f37-443d-8beb-64886095f935_797-83,2,1,1,0,67a8114b-7f37-443d-8beb-64886095f935,0.3534181656050577
67b78a5b-ab72-4483-95c4-33e837013e93_2874-42,3,1,1,2,67b78a5b-ab72-4483-95c4-33e837013e93,0.805647641323016
67bc312a-3b49-4847-aa79-63ad7d3e4217_303-11,1,0,0,3,67bc312a-3b49-4847-aa79-63ad7d3e4217,1.3169694276342585
67bc312a-3b49-4847-aa79-63ad7d3e4217_537-95,3,1,1,3,67bc312a-3b49-4847-aa79-63ad7d3e4217,0.8302574803012712
67bc312a-3b49-4847-aa79-63ad7d3e4217_554-07,2,1,1,3,67bc312a-3b49-4847-aa79-63ad7d3e4217,1.7106828756688444
68134357-62e5-4f0b-8300-2e661763aeb5_374-98,1,0,0,4,68134357-62e5-4f0b-8300-2e661763aeb5,1.7955637557981263
68134357-62e5-4f0b-8300-2e661763aeb5_389-26,1,0,0,4,68134357-62e5-4f0b-8300-2e661763aeb5,-0.3462571126505951
68150eb1-47cd-4617-953a-0afdf67b2adb_2839-25,2,1,1,4,68150eb1-47cd-4617-953a-0afdf67b2adb,0.22476689332868083
68a03b86-201f-4935-9847-f2753905f298_1057-96,2,0,0,3,68a03b86-201f-4935-9847-f2753905f298,0.5734102785852215
69190e7c-457f-489d-9071-c2a9185e4853_144-34,2,0,0,3,69190e7c-457f-489d-9071-c2a9185e4853,-0.35455059742260797
69366f34-43c0-4d11-bec4-3c1c945cbfd4_4408-78,2,0,0,2,69366f34-43c0-4d11-bec4-3c1c945cbfd4,0.9169084222602266
6956cb48-951c-4607-a42b-a66de2c186be_292-00,1,1,1,2,6956cb48-951c-4607-a42b-a66de2c186be,2.2126672615962284
6956cb48-951c-4607-a42b-a66de2c186be_59-73,1,1,1,2,6956cb48-951c-4607-a42b-a66de2c186be,0.8083286339265539
695cefe9-04c0-42fb-80fc-d308b314b788_1-28,0,1,1,0,695cefe9-04c0-42fb-80fc-d308b314b788,-0.1207189824030237
695cefe9-04c0-42fb-80fc-d308b314b788_303-92,1,1,1,0,695cefe9-04c0-42fb-80fc-d308b314b788,-0.37906812548521973
695cefe9-04c0-42fb-80fc-d308b314b788_330-48,2,0,0,0,695cefe9-04c0-42fb-80fc-d308b314b788,0.2827068485163806
695cefe9-04c0-42fb-80fc-d308b314b788_437-09,1,1,1,0,695cefe9-04c0-42fb-80fc-d308b314b788,1.369908736415677
695cefe9-04c0-42fb-80fc-d308b314b788_443-90,0,0,0,0,695cefe9-04c0-42fb-80fc-d308b314b788,0.7081377524345012
695cefe9-04c0-42fb-80fc-d308b314b788_662-96,3,0,0,0,695cefe9-04c0-42fb-80fc-d308b314b788,0.32567456134196937
695cefe9-04c0-42fb-80fc-d308b314b788_68-11,3,0,0,0,695cefe9-04c0-42fb-80fc-d308b314b788,0.595444371645224
695cefe9-04c0-42fb-80fc-d308b314b788_789-70,2,1,1,0,695cefe9-04c0-42fb-80fc-d308b314b788,2.200699621415022
6989df0e-b8da-48a4-bc69-b01f6f8aef1a_378-59,2,1,1,1,6989df0e-b8da-48a4-bc69-b01f6f8aef1a,0.02150435792736638
699b47de-9fc5-4b98-ba35-ecf79886a8db_1850-50,2,0,0,3,699b47de-9fc5-4b98-ba35-ecf79886a8db,-0.6033416955104625
699b47de-9fc5-4b98-ba35-ecf79886a8db_782-75,1,1,1,3,699b47de-9fc5-4b98-ba35-ecf79886a8db,0.8052648181073154
69ae6e65-a60b-46b0-b256-9d1aeaf34b0a_3951-27,3,0,0,0,69ae6e65-a60b-46b0-b256-9d1aeaf34b0a,0.5323899963024563
69c7d261-18f8-4a1d-9f56-6b4e8eac4d23_601-00,0,0,0,4,69c7d261-18f8-4a1d-9f56-6b4e8eac4d23,-0.28358739863059945
69f1101f-cb9e-4ad1-8fe6-ed840e5bcf9b_1263-46,1,1,1,1,69f1101f-cb9e-4ad1-8fe6-ed840e5bcf9b,1.4016830674178886
69f1101f-cb9e-4ad1-8fe6-ed840e5bcf9b_1350-51,3,0,0,1,69f1101f-cb9e-4ad1-8fe6-ed840e5bcf9b,0.7975136627929607
6a793116-6fc3-4706-9bbb-8ba2088ec8db_746-34,2,1,1,3,6a793116-6fc3-4706-9bbb-8ba2088ec8db,0.4349797108583615
6a847d75-e20f-409d-8b91-77ada97d8fb9_1499-90,3,0,0,4,6a847d75-e20f-409d-8b91-77ada97d8fb9,1.510370402333581
6a847d75-e20f-409d-8b91-77ada97d8fb9_1545-09,1,1,1,4,6a847d75-e20f-409d-8b91-77ada97d8fb9,0.8731529770248101
6a847d75-e20f-409d-8b91-77ada97d8fb9_1582-87,0,0,0,4,6a847d75-e20f-409d-8b91-77ada97d8fb9,1.6541869196112007
6a847d75-e20f-409d-8b91-77ada97d8fb9_168-24,1,1,1,4,6a847d75-e20f-409d-8b91-77ada97d8fb9,0.4690159983004234
6a847d75-e20f-409d-8b91-77ada97d8fb9_1826-29,1,1,1,4,6a847d75-e20f-409d-8b91-77ada97d8fb9,0.10328487370883765
6aa13fb1-5440-424e-a021-06a2da215e63_165-83,1,1,1,4,6aa13fb1-5440-424e-a021-06a2da215e63,1.0358120438683023
6aa13fb1-5440-424e-a021-06a2da215e63_273-88,1,1,1,4,6aa13fb1-5440-424e-a021-06a2da215e63,0.790090871228804
6ac035af-4851-4afb-af6c-c00edb7bdbe6_768-70,3,1,1,3,6ac035af-4851-4afb-af6c-c00edb7bdbe6,1.2220794040891856
6ac035af-4851-4afb-af6c-c00edb7bdbe6_801-00,0,0,0,3,6ac035af-4851-4afb-af6c-c00edb7bdbe6,1.9417954327715692
6af6234f-abfe-48ac-9dde-399f25d9cb43_931-51,1,1,1,2,6af6234f-abfe-48ac-9dde-399f25d9cb43,1.1656299369445962
6b6fde45-51e9-4c60-8305-27e45883ee7b_270-11,1,1,1,1,6b6fde45-51e9-4c60-8305-27e45883ee7b,1.4400666486479563
6b7e79ad-68c1-4637-a2d1-d7b8f92ac8a4_166-07,0,1,1,0,6b7e79ad-68c1-4637-a2d1-d7b8f92ac8a4,0.793815992113375
6b7fc6db-e979-43a0-b61f-7dced89d423d_168-56,1,1,1,2,6b7fc6db-e979-43a0-b61f-7dced89d423d,0.7860704331957953
6b7fc6db-e979-43a0-b61f-7dced89d423d_229-56,0,1,1,2,6b7fc6db-e979-43a0-b61f-7dced89d423d,0.27543742995367415
6b7fc6db-e979-43a0-b61f-7dced89d423d_347-96,1,0,0,2,6b7fc6db-e979-43a0-b61f-7dced89d423d,1.0671928680568254
6ba5f052-a1cd-46ba-83f2-1be480387020_599-71,3,1,1,4,6ba5f052-a1cd-46ba-83f2-1be480387020,0.22950526685016182
6baa673a-0cc6-4da2-a481-877de0d2faa5_1148-60,1,0,0,2,6baa673a-0cc6-4da2-a481-877de0d2faa5,0.1219788133385804
6c0ca07f-6bb2-4db4-a0c3-5926726493fc_124-14,2,1,1,3,6c0ca07f-6bb2-4db4-a0c3-5926726493fc,2.0085143459006516
6c0ca07f-6bb2-4db4-a0c3-5926726493fc_1648-38,2,1,1,3,6c0ca07f-6bb2-4db4-a0c3-5926726493fc,0.14304102712130584
6c0ca07f-6bb2-4db4-a0c3-5926726493fc_272-36,1,0,0,3,6c0ca07f-6bb2-4db4-a0c3-5926726493fc,0.9575610369713115
6c1c5527-30a4-421f-bb78-906adffa7c46_357-45,2,1,1,1,6c1c5527-30a4-421f-bb78-906adffa7c46,1.0319019588779244
6cd8942a-866f-46ef-af6d-5d895723f439_1831-82,1,1,1,1,6cd8942a-866f-46ef-af6d-5d895723f439,1.3713662885447808
6d14a0fe-6fd1-4c6b-aaec-a7c38dcd7294_661-60,1,0,0,0,6d14a0fe-6fd1-4c6b-aaec-a7c38dcd7294,-0.1351625477695686
6e0c294c-d634-4804-8d41-cd6e9d79f0b9_1656-45,1,1,1,2,6e0c294c-d634-4804-8d41-cd6e9d79f0b9,0.673501498029506
6e0c294c-d634-4804-8d41-cd6e9d79f0b9_384-20,2,0,0,2,6e0c294c-d634-4804-8d41-cd6e9d79f0b9,1.4731318015192625
6e330145-3fe9-44f7-8f84-801717da9ea2_766-46,1,0,0,4,6e330145-3fe9-44f7-8f84-801717da9ea2,-0.04489293988019005
6e4baf27-2090-4a90-816b-a35a0aff0e56_1023-43,2,0,0,2,6e4baf27-2090-4a90-816b-a35a0aff0e56,-0.4390699368219978
6e4baf27-2090-4a90-816b-a35a0aff0e56_1099-34,0,1,1,2,6e4baf27-2090-4a90-816b-a35a0aff0e56,0.5815469249930887
6e68d2f9-6d37-4317-a3eb-9541321d558e_2271-24,0,0,0,0,6e68d2f9-6d37-4317-a3eb-9541321d558e,0.31735637381352033
6e68d2f9-6d37-4317-a3eb-9541321d558e_977-72,2,1,1,0,6e68d2f9-6d37-4317-a3eb-9541321d558e,0.8852163027143005
6edb5c87-ae95-4185-807f-06d37124d2b7_659-31,2,1,1,3,6edb5c87-ae95-4185-807f-06d37124d2b7,0.360818066443769
6ef5aab3-db5f-4fdb-9c39-b37bd497e7d8_638-66,1,0,0,2,6ef5aab3-db5f-4fdb-9c39-b37bd497e7d8,1.1894445739534492
6ef7f9c0-30eb-4280-acc1-55f22f6e2924_2998-83,3,0,0,1,6ef7f9c0-30eb-4280-acc1-55f22f6e2924,0.20320842406974537
6f27deaa-7133-4bbb-b9ed-5310d6d05a50_336-16,1,1,1,3,6f27deaa-7133-4bbb-b9ed-5310d6d05a50,1.512557047721503
6f27deaa-7133-4bbb-b9ed-5310d6d05a50_549-73,0,0,0,3,6f27deaa-7133-4bbb-b9ed-5310d6d05a50,2.089101190194527
6f37694e-26b8-4dc6-9942-567e1e912cda_452-75,3,0,0,0,6f37694e-26b8-4dc6-9942-567e1e912cda,0.1810300942386327
6f7f3410-1e20-4eb2-b7b0-088c1500054b_299-75,0,0,0,4,6f7f3410-1e20-4eb2-b7b0-088c1500054b,0.10940627446111018
6f93978d-a3d0-467d-b401-e23b3c92f3bf_5298-67,3,1,1,4,6f93978d-a3d0-467d-b401-e23b3c92f3bf,-0.11853743292122054
6f93978d-a3d0-467d-b401-e23b3c92f3bf_5299-41,3,1,1,4,6f93978d-a3d0-467d-b401-e23b3c92f3bf,0.7840960337871206
6fc30ceb-ace8-49f8-8244-71f14c6d773c_936-70,1,0,0,3,6fc30ceb-ace8-49f8-8244-71f14c6d773c,2.6499133610075565
6fd026d8-b68c-46bc-93de-ccfa08809a9d_603-53,3,0,0,2,6fd026d8-b68c-46bc-93de-ccfa08809a9d,2.1541702909187124
6fd90f8d-7a4d-425d-a812-3268db0b0342_1001-51,3,1,1,0,6fd90f8d-7a4d-425d-a812-3268db0b0342,1.047257425904157
706de1df-babc-4e54-a310-1d9070140197_195-59,1,0,0,3,706de1df-babc-4e54-a310-1d9070140197,0.8576737637622465
70c8bd4f-bfe1-4fb5-82ad-7d763cc28935_732-98,1,0,0,2,70c8bd4f-bfe1-4fb5-82ad-7d763cc28935,0.8256602613482245
70c8bd4f-bfe1-4fb5-82ad-7d763cc28935_756-65,0,1,1,2,70c8bd4f-bfe1-4fb5-82ad-7d763cc28935,0.6440133400683274
71024373-484f-4270-82a4-2251997f3a9f_44-61,1,1,1,3,71024373-484f-4270-82a4-2251997f3a9f,-0.09170825698700025
71504f29-61c1-49e5-8617-d0e71144c077_652-01,2,1,1,2,71504f29-61c1-49e5-8617-d0e71144c077,1.2836303801991238
7152d311-7801-487c-a6ed-a746e6abaa1f_286-31,3,0,0,0,7152d311-7801-487c-a6ed-a746e6abaa1f,-0.5452639381047446
71d5f5dc-fff6-4352-b37c-a8e1ed3b39bd_541-68,1,1,1,4,71d5f5dc-fff6-4352-b37c-a8e1ed3b39bd,0.6761441666215391
720da14e-0ef5-4968-87e9-270fce0a9a18_73-28,1,1,1,3,720da14e-0ef5-4968-87e9-270fce0a9a18,1.0339814383315096
721455cc-1e09-44a3-a579-d9e90db85227_1577-57,2,0,0,2,721455cc-1e09-44a3-a579-d9e90db85227,0.9858443865546307
7220ce3a-b740-44db-815d-222d914e2dfd_114-26,3,1,1,1,7220ce3a-b740-44db-815d-222d914e2dfd,-0.33506888811986824
7245d60b-1245-49ad-b025-b59da57dd8e8_664-70,1,1,1,0,7245d60b-1245-49ad-b025-b59da57dd8e8,1.4419144076922206
72c81e60-8604-4897-8cd5-71df5244acaa_1172-93,1,0,0,0,72c81e60-8604-4897-8cd5-71df5244acaa,-0.010668919714350578
72c81e60-8604-4897-8cd5-71df5244acaa_246-30,1,0,0,0,72c81e60-8604-4897-8cd5-71df5244acaa,0.7197734230438222
72d6a00b-0554-41cd-a00d-0c1e64e400df_2501-79,3,1,1,4,72d6a00b-0554-41cd-a00d-0c1e64e400df,0.9733827287289434
73f94b03-b777-481d-b342-10c516f192a2_3-08,4,0,0,3,73f94b03-b777-481d-b342-10c516f192a2,0.8700026323553964
744c58f8-9a76-40d4-838f-8c7676fcb316_139-70,2,0,0,2,744c58f8-9a76-40d4-838f-8c7676fcb316,0.15962330935343583
744c58f8-9a76-40d4-838f-8c7676fcb316_140-01,3,1,1,2,744c58f8-9a76-40d4-838f-8c7676fcb316,0.630498294185434
7474f654-b43a-463c-a1a1-f8c62cef1e64_1721-20,3,1,1,2,7474f654-b43a-463c-a1a1-f8c62cef1e64,0.7723201079463893
74d38b4a-6f22-43b3-b631-9234c05f27ab_270-80,0,1,1,1,74d38b4a-6f22-43b3-b631-9234c05f27ab,0.3174723503396324
750c5383-58f6-4063-8cc8-50691a68994d_562-01,2,0,0,2,750c5383-58f6-4063-8cc8-50691a68994d,1.274918076513166
750c5383-58f6-4063-8cc8-50691a68994d_870-14,1,1,1,2,750c5383-58f6-4063-8cc8-50691a68994d,0.8908881197987037
75141dec-d6b3-4e2e-a144-5a126abf7dac_584-16,3,1,1,4,75141dec-d6b3-4e2e-a144-5a126abf7dac,0.48793092550806705
759c5c60-f1af-4476-94b2-e79a51fd44e3_668-31,1,0,0,3,759c5c60-f1af-4476-94b2-e79a51fd44e3,0.3677787674057331
75ee5afa-d891-4653-ac4c-d81db1a90af7_32-52,0,0,0,3,75ee5afa-d891-4653-ac4c-d81db1a90af7,1.4822995074771517
7627344d-503f-4a25-b418-10a6929d5a18_842-97,4,1,1,2,7627344d-503f-4a25-b418-10a6929d5a18,0.7084486011839055
7665b96d-1a30-435b-9679-e7defed426e6_99-13,2,0,0,1,7665b96d-1a30-435b-9679-e7defed426e6,0.27728131407180046
7696b38a-59d3-4b85-966f-3522f9792966_89-69,1,0,0,0,7696b38a-59d3-4b85-966f-3522f9792966,1.2112348411193468
76f450c1-3542-4f8a-964c-66c857a23601_1422-15,1,1,1,1,76f450c1-3542-4f8a-964c-66c857a23601,2.0857309045800188
76f450c1-3542-4f8a-964c-66c857a23601_671-42,3,1,1,1,76f450c1-3542-4f8a-964c-66c857a23601,1.3462186889145038
77cdd8dd-402b-45d7-a16c-a16520c737e3_1834-33,1,1,1,4,77cdd8dd-402b-45d7-a16c-a16520c737e3,0.7593944079479003
77e28690-2ab1-414e-86ed-285ec1d15bd1_315-49,3,1,1,2,77e28690-2ab1-414e-86ed-285ec1d15bd1,0.586628328956917
77e28690-2ab1-414e-86ed-285ec1d15bd1_705-46,2,1,1,2,77e28690-2ab1-414e-86ed-285ec1d15bd1,1.5561740555522872
7836e736-ef0a-40ed-9b77-b4c12a08b236_3090-06,3,1,1,3,7836e736-ef0a-40ed-9b77-b4c12a08b236,0.9599480188953047
786877d8-e353-4fae-b488-8d7443646882_1021-24,3,0,0,3,786877d8-e353-4fae-b488-8d7443646882,-0.49990820248789547
786877d8-e353-4fae-b488-8d7443646882_1042-29,0,0,0,3,786877d8-e353-4fae-b488-8d7443646882,0.7871819562449822
786877d8-e353-4fae-b488-8d7443646882_224-14,0,0,0,3,786877d8-e353-4fae-b488-8d7443646882,0.650200709920028
786877d8-e353-4fae-b488-8d7443646882_883-95,0,0,0,3,786877d8-e353-4fae-b488-8d7443646882,-0.6197351121671344
786877d8-e353-4fae-b488-8d7443646882_952-74,3,1,1,3,786877d8-e353-4fae-b488-8d7443646882,0.5486863687931929
792d0000-7dcd-4e6c-a486-7befe397233d_917-53,2,1,1,2,792d0000-7dcd-4e6c-a486-7befe397233d,1.5581147065918182
79c62f24-488e-4a69-8220-3b20cb4bf72b_4957-40,1,0,0,1,79c62f24-488e-4a69-8220-3b20cb4bf72b,0.6209732825940624
79c62f24-488e-4a69-8220-3b20cb4bf72b_611-49,3,0,0,1,79c62f24-488e-4a69-8220-3b20cb4bf72b,1.0253761034776214
79c62f24-488e-4a69-8220-3b20cb4bf72b_722-05,2,1,1,1,79c62f24-488e-4a69-8220-3b20cb4bf72b,0.2590876663489521
7a33ca42-9a39-4d59-ba82-c9667c250f48_2200-51,1,0,0,1,7a33ca42-9a39-4d59-ba82-c9667c250f48,1.5411859613260612
7a3479a4-b903-4d20-bdc4-98d93ceb3c36_1392-00,3,1,1,0,7a3479a4-b903-4d20-bdc4-98d93ceb3c36,-0.23846379398491124
7a680a9a-dd7b-467a-a724-a597f1be9f06_2545-71,3,1,1,0,7a680a9a-dd7b-467a-a724-a597f1be9f06,0.44428546101255284
7a680a9a-dd7b-467a-a724-a597f1be9f06_2545-86,3,0,0,0,7a680a9a-dd7b-467a-a724-a597f1be9f06,0.27265962522060816
7a680a9a-dd7b-467a-a724-a597f1be9f06_2608-93,2,1,1,0,7a680a9a-dd7b-467a-a724-a597f1be9f06,0.6761612465126992
7a680a9a-dd7b-467a-a724-a597f1be9f06_3668-06,0,1,1,0,7a680a9a-dd7b-467a-a724-a597f1be9f06,0.5460166163861833
7ac6dc03-7c8d-4de8-99af-03268c780ea2_1031-44,2,0,0,4,7ac6dc03-7c8d-4de8-99af-03268c780ea2,0.5811723529495176
7acd59a8-ed64-4a99-a469-3d5529a4098a_270-66,2,1,1,1,7acd59a8-ed64-4a99-a469-3d5529a4098a,1.249134524730221
7b277350-9926-42ef-b5f7-3ee000f3350a_53-51,1,1,1,0,7b277350-9926-42ef-b5f7-3ee000f3350a,0.04266186731044219
7b5fafdb-136a-4722-84a4-cffb213a224a_1092-90,2,0,0,4,7b5fafdb-136a-4722-84a4-cffb213a224a,0.7673507391450411
7b5fafdb-136a-4722-84a4-cffb213a224a_1908-63,2,0,0,4,7b5fafdb-136a-4722-84a4-cffb213a224a,1.6776360098542922
7b5fafdb-136a-4722-84a4-cffb213a224a_2353-21,3,0,0,4,7b5fafdb-136a-4722-84a4-cffb213a224a,-0.031405230144354146
7c0c0057-3bbc-40ef-a91e-4d6e1a637642_1139-91,2,0,0,2,7c0c0057-3bbc-40ef-a91e-4d6e1a637642,0.20025888114534185
7c1c5dca-5856-4997-8cda-9fa3bca10a3b_1061-91,2,0,0,0,7c1c5dca-5856-4997-8cda-9fa3bca10a3b,0.9781726304809948
7c1c5dca-5856-4997-8cda-9fa3bca10a3b_1969-00,1,1,1,0,7c1c5dca-5856-4997-8cda-9fa3bca10a3b,1.1234538744815072
7c1c5dca-5856-4997-8cda-9fa3bca10a3b_1973-06,2,0,0,0,7c1c5dca-5856-4997-8cda-9fa3bca10a3b,1.0004131742386528
7c1c5dca-5856-4997-8cda-9fa3bca10a3b_2494-15,2,0,0,0,7c1c5dca-5856-4997-8cda-9fa3bca10a3b,1.1267089952685554
7c1c5dca-5856-4997-8cda-9fa3bca10a3b_37-44,2,1,1,0,7c1c5dca-5856-4997-8cda-9fa3bca10a3b,0.26778908173857774
7c4f8ef4-c126-46b7-8fa9-1b2daf5b41de_2272-79,2,0,0,1,7c4f8ef4-c126-46b7-8fa9-1b2daf5b41de,0.8268447871712812
7c925095-c62a-4a7a-a2ca-118ca3f0176a_2-34,1,1,1,1,7c925095-c62a-4a7a-a2ca-118ca3f0176a,1.6896443404020711
7c969dc3-aea2-49d4-bd0e-48191b4e5a51_3982-40,2,0,0,3,7c969dc3-aea2-49d4-bd0e-48191b4e5a51,0.3992642377308817
7c969dc3-aea2-49d4-bd0e-48191b4e5a51_6350-49,3,1,1,3,7c969dc3-aea2-49d4-bd0e-48191b4e5a51,1.0191169939179923
7cad84ff-4d08-4e18-8784-aaf4e9341264_333-06,1,1,1,0,7cad84ff-4d08-4e18-8784-aaf4e9341264,1.2508838096456718
7d444081-73d8-405d-9bcc-9620e5feefaf_729-22,1,1,1,4,7d444081-73d8-405d-9bcc-9620e5feefaf,0.9913125110243843
7ddc2c83-3cb0-4bb1-8e91-3ef60f88864d_1433-25,1,0,0,3,7ddc2c83-3cb0-4bb1-8e91-3ef60f88864d,0.5701512230212082
7e80931a-2067-419d-8f9e-2aff41dd330c_2937-25,2,0,0,4,7e80931a-2067-419d-8f9e-2aff41dd330c,1.1412670156426046
7f296d37-a819-408f-aa34-80b63a40f01e_28-00,3,1,1,1,7f296d37-a819-408f-aa34-80b63a40f01e,0.7363843731657014
7f5ed6e1-aca1-40d5-87c6-d156c5f02263_213-21,0,0,0,1,7f5ed6e1-aca1-40d5-87c6-d156c5f02263,1.8436585857142227
7f5ed6e1-aca1-40d5-87c6-d156c5f02263_213-34,2,0,0,1,7f5ed6e1-aca1-40d5-87c6-d156c5f02263,2.0500777319303074
7f5ed6e1-aca1-40d5-87c6-d156c5f02263_220-16,2,0,0,1,7f5ed6e1-aca1-40d5-87c6-d156c5f02263,0.7768409931270621
7f5ed6e1-aca1-40d5-87c6-d156c5f02263_222-42,1,1,1,1,7f5ed6e1-aca1-40d5-87c6-d156c5f02263,1.2473520401497764
7fc72743-4b55-48de-b988-4c690bda912f_1613-32,2,1,1,0,7fc72743-4b55-48de-b988-4c690bda912f,2.758651949606969
7ff0900d-1bca-4aa7-aedd-ab0fb0a12371_0-04,1,0,0,4,7ff0900d-1bca-4aa7-aedd-ab0fb0a12371,1.130933370798656
803d0524-47c8-45fe-a5d1-c6a71e2cd54b_786-81,3,1,1,3,803d0524-47c8-45fe-a5d1-c6a71e2cd54b,0.4753122002585166
80c74a5b-81e0-4bc1-bc09-2f146351fe70_545-79,1,1,1,2,80c74a5b-81e0-4bc1-bc09-2f146351fe70,0.9645467041011191
817170ad-1f3b-44b1-9772-fe914fa17f30_1178-10,3,1,1,4,817170ad-1f3b-44b1-9772-fe914fa17f30,0.7144977542489794
817170ad-1f3b-44b1-9772-fe914fa17f30_1211-20,0,1,1,4,817170ad-1f3b-44b1-9772-fe914fa17f30,1.4046056598638241
81fb9f8f-be18-4833-a899-4fbcef82a634_2169-64,3,1,1,1,81fb9f8f-be18-4833-a899-4fbcef82a634,0.31091935670634885
81fb9f8f-be18-4833-a899-4fbcef82a634_270-26,3,1,1,1,81fb9f8f-be18-4833-a899-4fbcef82a634,-0.0118883157963523
81fff27c-97c0-483a-ad42-47fa947977a9_456-39,0,0,0,0,81fff27c-97c0-483a-ad42-47fa947977a9,-0.4905486688085765
820d4b9e-6fba-472f-aa45-25b27241d4af_366-20,3,0,0,4,820d4b9e-6fba-472f-aa45-25b27241d4af,1.4322741447112244
824e7896-904a-4ff5-b7ee-e21df21918c2_2003-17,2,0,0,4,824e7896-904a-4ff5-b7ee-e21df21918c2,0.2384685297630429
828ef13f-f52a-4a16-b206-4ec7e471f025_147-18,2,0,0,2,828ef13f-f52a-4a16-b206-4ec7e471f025,0.06275008863478981
828ef13f-f52a-4a16-b206-4ec7e471f025_238-90,0,0,0,2,828ef13f-f52a-4a16-b206-4ec7e471f025,-0.1304937441417544
828ef13f-f52a-4a16-b206-4ec7e471f025_274-71,0,0,0,2,828ef13f-f52a-4a16-b206-4ec7e471f025,0.3028367388757842
82e96128-1242-4e57-8a3e-9ea222df022c_2985-80,2,1,1,0,82e96128-1242-4e57-8a3e-9ea222df022c,0.5494508108180058
82e96128-1242-4e57-8a3e-9ea222df022c_2999-35,2,0,0,0,82e96128-1242-4e57-8a3e-9ea222df022c,0.06366967528133927
82e96128-1242-4e57-8a3e-9ea222df022c_3264-64,0,1,1,0,82e96128-1242-4e57-8a3e-9ea222df022c,-0.08486873182018462
82e96128-1242-4e57-8a3e-9ea222df022c_3386-01,3,0,0,0,82e96128-1242-4e57-8a3e-9ea222df022c,1.103855968173026
82e96128-1242-4e57-8a3e-9ea222df022c_3457-40,3,0,0,0,82e96128-1242-4e57-8a3e-9ea222df022c,0.030677390992193132
830bd10c-4eb5-477d-9166-7d41ca86880a_963-23,1,1,1,3,830bd10c-4eb5-477d-9166-7d41ca86880a,0.6926562168777988
839c2689-76f1-4e8c-893d-93675663dd93_582-68,2,0,0,2,839c2689-76f1-4e8c-893d-93675663dd93,0.4153273265154305
83f18213-f8f8-44fa-b9ce-104c6ddbcd57_1657-94,1,0,0,1,83f18213-f8f8-44fa-b9ce-104c6ddbcd57,0.9332892073748671
8447cf7c-d919-449a-be90-cdd05910fd9b_29-57,3,1,1,0,8447cf7c-d919-449a-be90-cdd05910fd9b,0.9251750535615484
845cb298-d60b-4106-8213-d2aca821740a_14-13,3,1,1,4,845cb298-d60b-4106-8213-d2aca821740a,2.1035455440948607
8483fa90-f5dc-4d50-9561-244bfdf12ea3_659-48,3,0,0,3,8483fa90-f5dc-4d50-9561-244bfdf12ea3,0.2483697353820744
84ec85f6-c167-413c-829d-9c6915519c57_249-09,2,0,0,0,84ec85f6-c167-413c-829d-9c6915519c57,1.9288203201315381
84ec85f6-c167-413c-829d-9c6915519c57_3997-33,2,1,1,0,84ec85f6-c167-413c-829d-9c6915519c57,1.1227106440619838
84ec85f6-c167-413c-829d-9c6915519c57_919-33,1,1,1,0,84ec85f6-c167-413c-829d-9c6915519c57,1.8848439271337383
85020424-0ed9-4dcd-9a39-e5ab84ec6b6d_896-84,1,1,1,2,85020424-0ed9-4dcd-9a39-e5ab84ec6b6d,0.37239846166808577
85782c5f-a240-44d9-951c-27f0bb3f7f4c_375-79,3,0,0,1,85782c5f-a240-44d9-951c-27f0bb3f7f4c,0.8795590488833256
85b87948-4578-4912-95cb-addd19cfd31a_1580-85,0,0,0,4,85b87948-4578-4912-95cb-addd19cfd31a,0.7168757609022558
85b87948-4578-4912-95cb-addd19cfd31a_1581-49,3,0,0,4,85b87948-4578-4912-95cb-addd19cfd31a,0.13348474357682627
85b87948-4578-4912-95cb-addd19cfd31a_3435-98,1,1,1,4,85b87948-4578-4912-95cb-addd19cfd31a,0.7369062895940308
860be163-394f-48bb-9068-37e1c383ff73_736-68,3,0,0,0,860be163-394f-48bb-9068-37e1c383ff73,0.24455873854756405
860be163-394f-48bb-9068-37e1c383ff73_764-03,2,1,1,0,860be163-394f-48bb-9068-37e1c383ff73,0.5277566652695818
862f0fa5-2c3e-4a6c-ab93-c059637eee8c_49-84,0,0,0,0,862f0fa5-2c3e-4a6c-ab93-c059637eee8c,0.21095460438091296
8645cc8f-2a69-4a50-bf90-9faec8d80386_717-84,0,1,1,4,8645cc8f-2a69-4a50-bf90-9faec8d80386,1.2038820162164825
864618d9-cc17-4e90-8c64-7a1e4ba23d17_294-04,3,1,1,0,864618d9-cc17-4e90-8c64-7a1e4ba23d17,1.5484937337041873
865ff1fd-d17e-4642-b111-8f1a1da5a2d4_748-29,2,0,0,1,865ff1fd-d17e-4642-b111-8f1a1da5a2d4,1.2092912521439134
8672b38a-7682-4244-ad7a-a336c81c2d0e_1054-38,1,0,0,3,8672b38a-7682-4244-ad7a-a336c81c2d0e,1.8205135454841352
8672b38a-7682-4244-ad7a-a336c81c2d0e_1056-99,2,1,1,3,8672b38a-7682-4244-ad7a-a336c81c2d0e,2.165471013862258
8677afac-95b4-4ec1-aec5-39c90fd8374c_271-68,1,0,0,2,8677afac-95b4-4ec1-aec5-39c90fd8374c,0.6122758811530815
86fb4797-274f-4807-848a-8b1ddc5c29e8_728-96,0,0,0,2,86fb4797-274f-4807-848a-8b1ddc5c29e8,0.22869989088837395
86fb4797-274f-4807-848a-8b1ddc5c29e8_730-35,3,0,0,2,86fb4797-274f-4807-848a-8b1ddc5c29e8,0.9267044876470636
86fb4797-274f-4807-848a-8b1ddc5c29e8_769-33,1,1,1,2,86fb4797-274f-4807-848a-8b1ddc5c29e8,1.3565241508688088
86fb4797-274f-4807-848a-8b1ddc5c29e8_808-67,3,0,0,2,86fb4797-274f-4807-848a-8b1ddc5c29e8,0.6489474738730769
8774b5c6-83aa-43b0-8a51-00f173949944_3529-30,1,1,1,2,8774b5c6-83aa-43b0-8a51-00f173949944,1.5516727657149776
8774b5c6-83aa-43b0-8a51-00f173949944_421-89,3,1,1,2,8774b5c6-83aa-43b0-8a51-00f173949944,2.3644990248092888
878666b9-5f3d-476a-960f-3a5d02da7619_15170-34,0,1,1,1,878666b9-5f3d-476a-960f-3a5d02da7619,-0.24235003549638168
878666b9-5f3d-476a-960f-3a5d02da7619_16974-50,3,0,0,1,878666b9-5f3d-476a-960f-3a5d02da7619,1.3225991693649914
878666b9-5f3d-476a-960f-3a5d02da7619_18455-07,2,0,0,1,878666b9-5f3d-476a-960f-3a5d02da7619,-0.32783357648689115
878666b9-5f3d-476a-960f-3a5d02da7619_19280-23,1,1,1,1,878666b9-5f3d-476a-960f-3a5d02da7619,-0.03686206161213845
878666b9-5f3d-476a-960f-3a5d02da7619_19281-22,2,1,1,1,878666b9-5f3d-476a-960f-3a5d02da7619,0.7555025713985672
878666b9-5f3d-476a-960f-3a5d02da7619_22412-01,0,1,1,1,878666b9-5f3d-476a-960f-3a5d02da7619,0.25101119506502934
878666b9-5f3d-476a-960f-3a5d02da7619_6890-95,1,0,0,1,878666b9-5f3d-476a-960f-3a5d02da7619,0.5688425236954762
878666b9-5f3d-476a-960f-3a5d02da7619_7108-62,1,0,0,1,878666b9-5f3d-476a-960f-3a5d02da7619,0.5943014020833683
88193924-6780-4290-b8ba-85676e98387a_783-81,1,1,1,1,88193924-6780-4290-b8ba-85676e98387a,1.1640529485441855
88193924-6780-4290-b8ba-85676e98387a_791-58,4,1,1,1,88193924-6780-4290-b8ba-85676e98387a,0.6410820283382594
88faccde-dd5d-4af2-b769-8f0547c2c6a3_826-95,1,0,0,1,88faccde-dd5d-4af2-b769-8f0547c2c6a3,0.87070447635925
891169d0-2846-47ce-9f3e-13ac1e6ff85a_10-93,1,0,0,0,891169d0-2846-47ce-9f3e-13ac1e6ff85a,0.03394802340960501
89d8c9c5-fa11-4674-b08f-007f81958555_1391-21,0,0,0,4,89d8c9c5-fa11-4674-b08f-007f81958555,1.4716560642737333
89d8c9c5-fa11-4674-b08f-007f81958555_1484-97,2,1,1,4,89d8c9c5-fa11-4674-b08f-007f81958555,0.7492166355847725
89d8c9c5-fa11-4674-b08f-007f81958555_1642-22,0,0,0,4,89d8c9c5-fa11-4674-b08f-007f81958555,-1.2044842089168473
89d8c9c5-fa11-4674-b08f-007f81958555_1665-43,0,0,0,4,89d8c9c5-fa11-4674-b08f-007f81958555,0.7935901403112444
89d8c9c5-fa11-4674-b08f-007f81958555_179-03,0,1,1,4,89d8c9c5-fa11-4674-b08f-007f81958555,1.1842295100096902
89d8c9c5-fa11-4674-b08f-007f81958555_2-14,1,1,1,4,89d8c9c5-fa11-4674-b08f-007f81958555,0.8682614323555131
89d8c9c5-fa11-4674-b08f-007f81958555_227-24,0,1,1,4,89d8c9c5-fa11-4674-b08f-007f81958555,-0.7198974608390748
89d8c9c5-fa11-4674-b08f-007f81958555_240-15,1,0,0,4,89d8c9c5-fa11-4674-b08f-007f81958555,0.8226615117823721
89d8c9c5-fa11-4674-b08f-007f81958555_252-29,0,0,0,4,89d8c9c5-fa11-4674-b08f-007f81958555,1.1790535412134395
8a0de6d0-5d28-43f5-91e6-48f41eeb3752_1038-76,1,0,0,0,8a0de6d0-5d28-43f5-91e6-48f41eeb3752,-0.0655191447372867
8a0de6d0-5d28-43f5-91e6-48f41eeb3752_1074-03,3,0,0,0,8a0de6d0-5d28-43f5-91e6-48f41eeb3752,-0.03073606405258955
8a431195-083a-4e07-a99d-28c2591beaef_13-09,1,0,0,4,8a431195-083a-4e07-a99d-28c2591beaef,0.3824825880747753
8b1d4210-a174-4617-8311-df4b32785d28_1114-53,0,1,1,3,8b1d4210-a174-4617-8311-df4b32785d28,1.0171199724477957
8b72b54f-f87c-4fdb-84dc-97e42ab111ac_824-00,1,0,0,2,8b72b54f-f87c-4fdb-84dc-97e42ab111ac,0.23422809388473032
8b82316c-c293-49a7-b401-a3cc026ab1d0_2095-46,3,0,0,2,8b82316c-c293-49a7-b401-a3cc026ab1d0,0.7994087695762313
8b82316c-c293-49a7-b401-a3cc026ab1d0_2988-29,3,0,0,2,8b82316c-c293-49a7-b401-a3cc026ab1d0,-0.18257846735745842
8b82316c-c293-49a7-b401-a3cc026ab1d0_3206-95,0,0,0,2,8b82316c-c293-49a7-b401-a3cc026ab1d0,0.266014124377389
8b82316c-c293-49a7-b401-a3cc026ab1d0_3445-90,1,1,1,2,8b82316c-c293-49a7-b401-a3cc026ab1d0,-0.006541108500495607
8b82db7f-5c39-4850-8a70-97e2615d4faa_508-54,0,1,1,1,8b82db7f-5c39-4850-8a70-97e2615d4faa,1.39292922734265
8b89d35d-5e19-4240-b45e-7a692cf962e3_392-22,0,1,1,0,8b89d35d-5e19-4240-b45e-7a692cf962e3,0.4591197006429635
8bb4369f-a6e0-45a3-9d2d-fd5d5c686ccc_246-04,2,1,1,4,8bb4369f-a6e0-45a3-9d2d-fd5d5c686ccc,1.2015292239082802
8bb4369f-a6e0-45a3-9d2d-fd5d5c686ccc_276-24,1,1,1,4,8bb4369f-a6e0-45a3-9d2d-fd5d5c686ccc,0.9480948489537808
8bb4369f-a6e0-45a3-9d2d-fd5d5c686ccc_315-76,1,1,1,4,8bb4369f-a6e0-45a3-9d2d-fd5d5c686ccc,1.2015292239082802
8bb4369f-a6e0-45a3-9d2d-fd5d5c686ccc_70-57,2,1,1,4,8bb4369f-a6e0-45a3-9d2d-fd5d5c686ccc,1.2015292239082802
8be6e0c4-a80d-41a3-a1c5-5911ae236990_317-18,1,1,1,4,8be6e0c4-a80d-41a3-a1c5-5911ae236990,-0.021880210313940385
8c075dc9-9c6a-43cf-8c6e-fb1af3624cf0_842-26,1,0,0,3,8c075dc9-9c6a-43cf-8c6e-fb1af3624cf0,1.3396774482466887
8c3c68c9-eeec-4f51-881f-3cc6340679ec_0-04,1,1,1,0,8c3c68c9-eeec-4f51-881f-3cc6340679ec,0.27094040216798754
8c3c68c9-eeec-4f51-881f-3cc6340679ec_1138-68,1,0,0,0,8c3c68c9-eeec-4f51-881f-3cc6340679ec,0.5273077145421734
8caa3009-10ad-407b-b837-ec1a26759089_1828-86,2,1,1,2,8caa3009-10ad-407b-b837-ec1a26759089,-0.12281501951703566
8cda2388-6f45-46d4-8ded-4ba2e23b309f_463-28,2,1,1,0,8cda2388-6f45-46d4-8ded-4ba2e23b309f,0.5719555746895364
8d3b84a9-e747-47c1-8f09-726fdde7986c_1371-62,0,1,1,4,8d3b84a9-e747-47c1-8f09-726fdde7986c,1.956749929587927
8d4895eb-b2d1-43b8-90f1-e80fcc37797b_2448-11,3,1,1,3,8d4895eb-b2d1-43b8-90f1-e80fcc37797b,0.28258494897704445
8d4895eb-b2d1-43b8-90f1-e80fcc37797b_9565-47,1,0,0,3,8d4895eb-b2d1-43b8-90f1-e80fcc37797b,0.03805062895038369
8d4adc89-dcec-42ca-aebc-0d05cafa8f26_21-35,0,0,0,4,8d4adc89-dcec-42ca-aebc-0d05cafa8f26,0.3624071987135207
8d50f526-624c-40bd-b696-7ad6ce5746ab_22-55,1,0,0,3,8d50f526-624c-40bd-b696-7ad6ce5746ab,1.6987642251376567
8d85aa58-438d-413c-b8b3-ae5417737c5c_1900-47,2,0,0,2,8d85aa58-438d-413c-b8b3-ae5417737c5c,-0.17460201574891965
8d900b59-e95d-4c9b-9432-8f5096aac2db_503-05,3,1,1,1,8d900b59-e95d-4c9b-9432-8f5096aac2db,1.4261621520303474
8dd6490b-6291-4793-b05e-79250f87925f_101-76,1,1,1,4,8dd6490b-6291-4793-b05e-79250f87925f,0.5179777328358008
8dd6490b-6291-4793-b05e-79250f87925f_1530-13,3,1,1,4,8dd6490b-6291-4793-b05e-79250f87925f,0.5962550749630817
8dd6490b-6291-4793-b05e-79250f87925f_1553-75,3,1,1,4,8dd6490b-6291-4793-b05e-79250f87925f,0.5371282362354797
8dd6490b-6291-4793-b05e-79250f87925f_396-12,1,0,0,4,8dd6490b-6291-4793-b05e-79250f87925f,0.9708456840547548
8dd6490b-6291-4793-b05e-79250f87925f_402-15,1,1,1,4,8dd6490b-6291-4793-b05e-79250f87925f,-0.16949011620929255
8e2b02c8-9927-4039-8407-514c2709de95_1125-83,2,0,0,0,8e2b02c8-9927-4039-8407-514c2709de95,0.5564575414826791
8e605fdf-a4f1-4393-975a-f332ab6b5f79_167-81,1,0,0,0,8e605fdf-a4f1-4393-975a-f332ab6b5f79,0.4821603154501659
8e605fdf-a4f1-4393-975a-f332ab6b5f79_44-53,3,0,0,0,8e605fdf-a4f1-4393-975a-f332ab6b5f79,0.3202998224320064
8e748fd1-e30e-4bf6-a04f-5f570ca075ac_351-84,2,1,1,4,8e748fd1-e30e-4bf6-a04f-5f570ca075ac,0.8018741076367397
8ea5ddc3-ae53-4cff-b457-ba425c6bec97_5750-66,3,0,0,3,8ea5ddc3-ae53-4cff-b457-ba425c6bec97,-0.1230697339602922
8ed40810-09cf-4061-953c-9fff6e6d6aeb_103-16,2,1,1,2,8ed40810-09cf-4061-953c-9fff6e6d6aeb,0.9663806688023504
8ed40810-09cf-4061-953c-9fff6e6d6aeb_122-51,1,1,1,2,8ed40810-09cf-4061-953c-9fff6e6d6aeb,-0.5423137395069886
8ed40810-09cf-4061-953c-9fff6e6d6aeb_589-93,0,0,0,2,8ed40810-09cf-4061-953c-9fff6e6d6aeb,2.169786647850919
8ee6764a-4ef2-4359-9cf1-03a5f4dbcc79_593-30,0,1,1,2,8ee6764a-4ef2-4359-9cf1-03a5f4dbcc79,-0.037724937604054265
8f05300f-1200-4c18-937b-b8e23dc92505_261-93,3,1,1,1,8f05300f-1200-4c18-937b-b8e23dc92505,1.4536692328148122
8f0f8606-b696-4bb2-909d-703e4e076d80_641-77,2,1,1,3,8f0f8606-b696-4bb2-909d-703e4e076d80,1.2270845269468156
8f0f8606-b696-4bb2-909d-703e4e076d80_725-88,2,0,0,3,8f0f8606-b696-4bb2-909d-703e4e076d80,-0.19945031823615733
8f4008a5-18c9-464b-9bce-1ffa824f238d_1620-01,0,0,0,1,8f4008a5-18c9-464b-9bce-1ffa824f238d,0.03653744214399324
8f4008a5-18c9-464b-9bce-1ffa824f238d_96-39,2,0,0,1,8f4008a5-18c9-464b-9bce-1ffa824f238d,1.4083863113294253
8f47201d-0398-4442-af65-0dde73284c7f_1370-37,1,0,0,0,8f47201d-0398-4442-af65-0dde73284c7f,1.628207182771416
8fafc02a-ef7a-46f4-ae97-b0c68c8bb207_14026-98,2,1,1,2,8fafc02a-ef7a-46f4-ae97-b0c68c8bb207,1.4972270938388617
8fafc02a-ef7a-46f4-ae97-b0c68c8bb207_16014-05,0,1,1,2,8fafc02a-ef7a-46f4-ae97-b0c68c8bb207,0.7302248888692682
8fafc02a-ef7a-46f4-ae97-b0c68c8bb207_7571-93,0,0,0,2,8fafc02a-ef7a-46f4-ae97-b0c68c8bb207,0.6375436924072231
8ff25fe1-3a42-4449-bd91-b3ac2adf9143_380-26,3,1,1,2,8ff25fe1-3a42-4449-bd91-b3ac2adf9143,2.385328563622182
90398a2b-de6b-4232-9bea-149c48cb1326_334-80,1,0,0,0,90398a2b-de6b-4232-9bea-149c48cb1326,-0.03698218308920809
90398a2b-de6b-4232-9bea-149c48cb1326_984-97,1,1,1,0,90398a2b-de6b-4232-9bea-149c48cb1326,0.5243137499801516
906a5fbf-a335-4134-a23a-ece71a9683eb_1213-24,1,1,1,3,906a5fbf-a335-4134-a23a-ece71a9683eb,1.6412003699440638
9148ceed-6983-4303-a560-2cbde805ee85_493-46,3,1,1,3,9148ceed-6983-4303-a560-2cbde805ee85,0.37855082773110604
9148ceed-6983-4303-a560-2cbde805ee85_529-14,1,0,0,3,9148ceed-6983-4303-a560-2cbde805ee85,-0.8602557057147194
9155f5b9-6235-484f-990d-fbd3010a791e_1650-00,3,0,0,2,9155f5b9-6235-484f-990d-fbd3010a791e,-0.18636342667025163
9155f5b9-6235-484f-990d-fbd3010a791e_2163-97,2,1,1,2,9155f5b9-6235-484f-990d-fbd3010a791e,1.8812596024253714
92153977-6016-4863-be78-c4af25a56a0f_1117-24,1,1,1,1,92153977-6016-4863-be78-c4af25a56a0f,1.8302088977769102
92153977-6016-4863-be78-c4af25a56a0f_394-80,2,0,0,1,92153977-6016-4863-be78-c4af25a56a0f,0.1472135091332578
929a6fbb-3fda-45af-95bf-144d851761f4_1114-91,1,1,1,4,929a6fbb-3fda-45af-95bf-144d851761f4,1.6146351570568855
932dfe2f-0cf1-4b76-b41a-4ca03f6945e5_1575-94,3,1,1,0,932dfe2f-0cf1-4b76-b41a-4ca03f6945e5,1.9753122737976505
933a8f93-2881-458d-93ec-8c072f2a1474_2356-83,1,0,0,1,933a8f93-2881-458d-93ec-8c072f2a1474,0.39998850708725464
935bc36b-27aa-4c83-89fd-221feca0030e_1080-82,0,1,1,0,935bc36b-27aa-4c83-89fd-221feca0030e,0.6054522914659701
937e5809-09d0-4c6b-8d9e-9329e0cf6218_148-21,0,0,0,0,937e5809-09d0-4c6b-8d9e-9329e0cf6218,1.571756197551947
937e5809-09d0-4c6b-8d9e-9329e0cf6218_2515-56,0,0,0,0,937e5809-09d0-4c6b-8d9e-9329e0cf6218,-0.13526579825385388
93a5f8cb-d7eb-4e5a-9913-77ef1487ce61_2462-55,1,1,1,4,93a5f8cb-d7eb-4e5a-9913-77ef1487ce61,0.5653733932538159
93a5f8cb-d7eb-4e5a-9913-77ef1487ce61_3858-22,3,1,1,4,93a5f8cb-d7eb-4e5a-9913-77ef1487ce61,2.3132633635643147
93f78437-229d-4824-a8c1-68d9b17e754d_1063-13,0,1,1,2,93f78437-229d-4824-a8c1-68d9b17e754d,1.8886466060989098
93f78437-229d-4824-a8c1-68d9b17e754d_1063-21,2,1,1,2,93f78437-229d-4824-a8c1-68d9b17e754d,0.5553870547951127
944aacb0-f596-460d-b5a6-9ae05df1d430_3528-77,0,1,1,1,944aacb0-f596-460d-b5a6-9ae05df1d430,1.5371140563083812
944aacb0-f596-460d-b5a6-9ae05df1d430_3858-37,2,1,1,1,944aacb0-f596-460d-b5a6-9ae05df1d430,0.8367905782058223
94734a4a-4fb2-4d45-a47f-9d3d0ad70071_1049-90,0,1,1,4,94734a4a-4fb2-4d45-a47f-9d3d0ad70071,2.4580876322231586
948317e1-7426-4bfa-b25a-a476ee69797f_845-76,3,1,1,3,948317e1-7426-4bfa-b25a-a476ee69797f,1.8461523575379069
9490a06b-3fa1-47b6-b470-facb3d61ac57_1071-05,2,1,1,1,9490a06b-3fa1-47b6-b470-facb3d61ac57,-0.5102572922796151
9490a06b-3fa1-47b6-b470-facb3d61ac57_153-78,1,1,1,1,9490a06b-3fa1-47b6-b470-facb3d61ac57,0.8275217817958012
9490a06b-3fa1-47b6-b470-facb3d61ac57_599-12,3,1,1,1,9490a06b-3fa1-47b6-b470-facb3d61ac57,0.6979152814026015
949b2e8a-83f9-4b89-b29b-9e8d81600dd8_2242-73,3,0,0,2,949b2e8a-83f9-4b89-b29b-9e8d81600dd8,0.43841862260493714
949b2e8a-83f9-4b89-b29b-9e8d81600dd8_2250-47,0,1,1,2,949b2e8a-83f9-4b89-b29b-9e8d81600dd8,-0.06915387415513874
949b2e8a-83f9-4b89-b29b-9e8d81600dd8_2981-03,0,1,1,2,949b2e8a-83f9-4b89-b29b-9e8d81600dd8,-0.5170359811490427
949b2e8a-83f9-4b89-b29b-9e8d81600dd8_3511-42,3,1,1,2,949b2e8a-83f9-4b89-b29b-9e8d81600dd8,0.8343038798816536
949c5a8f-7aa7-4566-a04c-531961cbcc16_1433-64,0,0,0,2,949c5a8f-7aa7-4566-a04c-531961cbcc16,0.09610738056565915
94d5eff8-0fac-4719-adf2-5c0208ab89f7_1110-52,1,0,0,3,94d5eff8-0fac-4719-adf2-5c0208ab89f7,0.4625375770339575
94d5eff8-0fac-4719-adf2-5c0208ab89f7_3271-35,1,0,0,3,94d5eff8-0fac-4719-adf2-5c0208ab89f7,0.2681230901398437
9520f703-8904-4123-bd7f-873b0b42074b_224-60,1,1,1,2,9520f703-8904-4123-bd7f-873b0b42074b,1.2473796944785756
9520f703-8904-4123-bd7f-873b0b42074b_239-07,0,1,1,2,9520f703-8904-4123-bd7f-873b0b42074b,1.397316765394696
9520f703-8904-4123-bd7f-873b0b42074b_989-29,0,1,1,2,9520f703-8904-4123-bd7f-873b0b42074b,0.7968565028676351
952d5295-06f4-4578-929b-4113e4ff9201_741-67,2,0,0,3,952d5295-06f4-4578-929b-4113e4ff9201,0.10142688202810568
952d5295-06f4-4578-929b-4113e4ff9201_769-29,1,1,1,3,952d5295-06f4-4578-929b-4113e4ff9201,0.423178914560691
952d5295-06f4-4578-929b-4113e4ff9201_792-75,1,1,1,3,952d5295-06f4-4578-929b-4113e4ff9201,1.6584700222964055
952d5295-06f4-4578-929b-4113e4ff9201_808-38,0,1,1,3,952d5295-06f4-4578-929b-4113e4ff9201,0.7559900212294273
952f40df-b1d7-4562-afe4-2a4ff569e949_2108-64,1,1,1,1,952f40df-b1d7-4562-afe4-2a4ff569e949,1.0572315848010867
9531cee8-0f60-4a68-8243-397ab7670a75_270-43,3,0,0,0,9531cee8-0f60-4a68-8243-397ab7670a75,1.1915806274896958
959bc769-a40e-4f4b-ba45-5adf32b8f26e_201-77,1,1,1,4,959bc769-a40e-4f4b-ba45-5adf32b8f26e,0.4214774201718299
95abf338-cf33-43f4-a8d0-44d6ea691d0f_44-58,3,0,0,3,95abf338-cf33-43f4-a8d0-44d6ea691d0f,0.6881593992019588
95c0a226-5cb1-4380-af73-db2fcdbdbb76_174-41,1,0,0,2,95c0a226-5cb1-4380-af73-db2fcdbdbb76,-0.44116826495534056
95f2caf6-c6f5-4471-9763-2957e248eb58_503-77,2,1,1,4,95f2caf6-c6f5-4471-9763-2957e248eb58,0.8300194358632549
95f2caf6-c6f5-4471-9763-2957e248eb58_588-89,1,0,0,4,95f2caf6-c6f5-4471-9763-2957e248eb58,0.33596125029565793
9632b0a9-cf21-4773-b95b-83aae9a23d0a_17-58,2,0,0,0,9632b0a9-cf21-4773-b95b-83aae9a23d0a,0.12397541517108235
9632b0a9-cf21-4773-b95b-83aae9a23d0a_630-61,0,0,0,0,9632b0a9-cf21-4773-b95b-83aae9a23d0a,0.8288621909002862
963b09ff-1da2-4168-bed2-fe1d2531dd98_1393-91,2,1,1,1,963b09ff-1da2-4168-bed2-fe1d2531dd98,0.33343914847486444
963c1ecc-d25e-4c0a-b447-9b26f3778efc_207-31,2,1,1,0,963c1ecc-d25e-4c0a-b447-9b26f3778efc,1.3628766896206481
968d25eb-ab49-4a12-8b53-c5d98b091353_1212-82,0,1,1,4,968d25eb-ab49-4a12-8b53-c5d98b091353,1.61044981769819
969866a7-2393-4bca-851a-885ddd7f627d_2129-17,1,1,1,0,969866a7-2393-4bca-851a-885ddd7f627d,0.6969155061983852
969866a7-2393-4bca-851a-885ddd7f627d_2446-72,1,1,1,0,969866a7-2393-4bca-851a-885ddd7f627d,1.247779498051223
969866a7-2393-4bca-851a-885ddd7f627d_2662-28,0,1,1,0,969866a7-2393-4bca-851a-885ddd7f627d,2.74896294845721
972f2966-c368-4344-a9ca-5bd8a277f177_1110-10,0,1,1,4,972f2966-c368-4344-a9ca-5bd8a277f177,0.46006561644530897
972f2966-c368-4344-a9ca-5bd8a277f177_602-22,0,0,0,4,972f2966-c368-4344-a9ca-5bd8a277f177,0.8306626048942545
97811639-7def-4034-8083-a82a59156234_468-38,3,1,1,3,97811639-7def-4034-8083-a82a59156234,0.887196177358673
97ab9564-34c2-4272-97ec-8c4f2f76e117_1373-58,2,1,1,2,97ab9564-34c2-4272-97ec-8c4f2f76e117,1.5979760126181302
97ba861b-605c-4942-8e15-95953a3032e1_583-02,0,1,1,1,97ba861b-605c-4942-8e15-95953a3032e1,0.545718337092812
97bd40e4-be39-403d-b9ae-f7eb006c51e2_914-45,3,1,1,0,97bd40e4-be39-403d-b9ae-f7eb006c51e2,1.3416266179569911
97d62297-ee2c-482f-aec2-4f73448c3a03_538-31,0,1,1,4,97d62297-ee2c-482f-aec2-4f73448c3a03,1.1850885488370562
97eaf9ae-9b92-493d-a555-4fcdb7c039a1_1485-95,2,0,0,3,97eaf9ae-9b92-493d-a555-4fcdb7c039a1,1.1369789959977559
98334b78-967f-4980-ba86-56d34b4aaf2e_1109-83,2,1,1,2,98334b78-967f-4980-ba86-56d34b4aaf2e,1.0933716270125196
98439a73-2aa4-4071-bee3-00973a58a70d_291-10,1,0,0,1,98439a73-2aa4-4071-bee3-00973a58a70d,0.7422348947919135
9848e52e-e6f3-4190-9c42-f85cd9847e10_807-44,1,0,0,1,9848e52e-e6f3-4190-9c42-f85cd9847e10,1.205318823723576
989f3c2c-edd2-4f30-9925-56771e2bf7cc_6090-07,2,0,0,3,989f3c2c-edd2-4f30-9925-56771e2bf7cc,0.04061475962235428
989f3c2c-edd2-4f30-9925-56771e2bf7cc_6720-40,2,0,0,3,989f3c2c-edd2-4f30-9925-56771e2bf7cc,-0.5692135733445988
98fcbc28-9542-4f3c-9a03-73af08fb989d_1063-08,3,1,1,2,98fcbc28-9542-4f3c-9a03-73af08fb989d,2.4663913661245864
98fcbc28-9542-4f3c-9a03-73af08fb989d_1376-40,2,0,0,2,98fcbc28-9542-4f3c-9a03-73af08fb989d,0.26629525858704683
98ff21ab-6151-4429-a6ff-39d3c6fa173b_1442-50,0,1,1,3,98ff21ab-6151-4429-a6ff-39d3c6fa173b,0.1541606513028122
992af5dc-64ff-4e24-b324-cc3df15be595_656-31,1,1,1,2,992af5dc-64ff-4e24-b324-cc3df15be595,0.9066323630653486
994616c8-63b0-47bd-a526-0680f4acff9e_109-35,3,0,0,1,994616c8-63b0-47bd-a526-0680f4acff9e,0.3941498033036659
998d4e6e-f579-4872-b706-767c5f392825_2418-72,0,1,1,3,998d4e6e-f579-4872-b706-767c5f392825,-0.02600663042874185
998d4e6e-f579-4872-b706-767c5f392825_4715-59,1,0,0,3,998d4e6e-f579-4872-b706-767c5f392825,0.07314145779677772
998d4e6e-f579-4872-b706-767c5f392825_4762-05,0,1,1,3,998d4e6e-f579-4872-b706-767c5f392825,0.5512520986356702
998d4e6e-f579-4872-b706-767c5f392825_5068-97,2,0,0,3,998d4e6e-f579-4872-b706-767c5f392825,0.9831427006550371
998d4e6e-f579-4872-b706-767c5f392825_5282-59,0,0,0,3,998d4e6e-f579-4872-b706-767c5f392825,0.5944173744494523
998d4e6e-f579-4872-b706-767c5f392825_698-26,1,1,1,3,998d4e6e-f579-4872-b706-767c5f392825,1.5321807867588753
99a89af1-a535-477c-88a8-c0830ba33486_1246-37,0,0,0,4,99a89af1-a535-477c-88a8-c0830ba33486,0.6243358003915658
99f41d39-cc65-4aad-b186-23b66e282f19_1295-59,1,0,0,1,99f41d39-cc65-4aad-b186-23b66e282f19,2.2395582737093367
99f41d39-cc65-4aad-b186-23b66e282f19_141-65,3,1,1,1,99f41d39-cc65-4aad-b186-23b66e282f19,2.2198670093671335
99f41d39-cc65-4aad-b186-23b66e282f19_68-52,0,1,1,1,99f41d39-cc65-4aad-b186-23b66e282f19,2.2198670093671335
9a33e9f1-a740-4810-a624-62b0c9935741_115-86,1,1,1,3,9a33e9f1-a740-4810-a624-62b0c9935741,0.9178833586876185
9a33e9f1-a740-4810-a624-62b0c9935741_1702-28,1,0,0,3,9a33e9f1-a740-4810-a624-62b0c9935741,1.0144252721161795
9a33e9f1-a740-4810-a624-62b0c9935741_1894-42,2,1,1,3,9a33e9f1-a740-4810-a624-62b0c9935741,0.605274895468547
9a33e9f1-a740-4810-a624-62b0c9935741_2385-44,2,1,1,3,9a33e9f1-a740-4810-a624-62b0c9935741,2.4615627229528814
9a33e9f1-a740-4810-a624-62b0c9935741_2416-26,1,1,1,3,9a33e9f1-a740-4810-a624-62b0c9935741,0.8708438961115017
9a33e9f1-a740-4810-a624-62b0c9935741_636-64,0,1,1,3,9a33e9f1-a740-4810-a624-62b0c9935741,1.5523065929476285
9a33e9f1-a740-4810-a624-62b0c9935741_831-69,3,0,0,3,9a33e9f1-a740-4810-a624-62b0c9935741,1.4657635470735317
9a622b20-b234-4237-a3aa-c76b350e82dd_477-13,3,0,0,3,9a622b20-b234-4237-a3aa-c76b350e82dd,0.985502076306012
9a732221-3adb-4903-b61d-9b8097965fbf_2751-77,1,0,0,4,9a732221-3adb-4903-b61d-9b8097965fbf,-0.21020887981475567
9a732221-3adb-4903-b61d-9b8097965fbf_3781-26,0,0,0,4,9a732221-3adb-4903-b61d-9b8097965fbf,0.9571542799185133
9b34e344-494d-4664-8180-a8ff2a692ab2_35-55,1,0,0,2,9b34e344-494d-4664-8180-a8ff2a692ab2,1.6516964295682683
9b8a4b28-b831-417b-83dd-deb7890908c0_1561-56,0,1,1,1,9b8a4b28-b831-417b-83dd-deb7890908c0,2.1702128698319507
9c07f3a2-5033-4f78-a377-a4cf5a7d7add_2010-42,1,0,0,3,9c07f3a2-5033-4f78-a377-a4cf5a7d7add,1.9000430466746403
9c07f3a2-5033-4f78-a377-a4cf5a7d7add_2093-33,0,1,1,3,9c07f3a2-5033-4f78-a377-a4cf5a7d7add,1.0897535061392323
9c15ab39-2b2b-4eb1-a93d-4dd3b9711fc6_321-25,0,1,1,0,9c15ab39-2b2b-4eb1-a93d-4dd3b9711fc6,0.6794768086315748
9ced9631-9c8f-4a69-9984-e6b0763d11ba_278-77,1,0,0,4,9ced9631-9c8f-4a69-9984-e6b0763d11ba,0.7270816211016387
9d0c46d6-ea9a-43e6-8b8a-4b2972eb6ef4_551-12,1,0,0,3,9d0c46d6-ea9a-43e6-8b8a-4b2972eb6ef4,1.1008850111207207
9d26362a-4411-4d8b-b114-03f4f89928d7_1156-78,3,1,1,3,9d26362a-4411-4d8b-b114-03f4f89928d7,2.2767017567271726
9d26362a-4411-4d8b-b114-03f4f89928d7_1588-24,0,1,1,3,9d26362a-4411-4d8b-b114-03f4f89928d7,1.2388612978516287
9d26362a-4411-4d8b-b114-03f4f89928d7_694-92,3,1,1,3,9d26362a-4411-4d8b-b114-03f4f89928d7,0.816406469613292
9d2ec4ad-945f-4614-b41f-24260de662f6_1664-30,0,0,0,2,9d2ec4ad-945f-4614-b41f-24260de662f6,0.5891192049025276
9d965c16-0014-45e5-b37b-50a786971470_2004-75,2,1,1,0,9d965c16-0014-45e5-b37b-50a786971470,0.6751794838434901
9d965c16-0014-45e5-b37b-50a786971470_2476-67,0,1,1,0,9d965c16-0014-45e5-b37b-50a786971470,1.4604494344552421
9d965c16-0014-45e5-b37b-50a786971470_6156-96,2,0,0,0,9d965c16-0014-45e5-b37b-50a786971470,0.47644378537511867
9d965c16-0014-45e5-b37b-50a786971470_8107-86,0,1,1,0,9d965c16-0014-45e5-b37b-50a786971470,0.5102380718188677
9dd29951-5080-4392-8bcd-2446e6af90fe_1166-46,3,0,0,1,9dd29951-5080-4392-8bcd-2446e6af90fe,0.8698651714605192
9df7c322-0e66-491d-bcf8-f10038b1eccf_229-80,2,1,1,0,9df7c322-0e66-491d-bcf8-f10038b1eccf,0.4908147566043932
9e0594bd-15a5-4ae7-afa0-9283683ae1f2_1106-88,1,1,1,3,9e0594bd-15a5-4ae7-afa0-9283683ae1f2,2.243008791074038
9e08a7b1-eb04-4d11-bb0b-f4cd42f0a819_3434-14,0,0,0,2,9e08a7b1-eb04-4d11-bb0b-f4cd42f0a819,0.1724994538453266
9e579570-0541-49d6-bf0e-35483e949296_653-37,2,1,1,2,9e579570-0541-49d6-bf0e-35483e949296,0.6101205911726071
9e9c5b05-c7d4-450d-9850-e6ae83caa9a5_3282-52,0,1,1,2,9e9c5b05-c7d4-450d-9850-e6ae83caa9a5,0.9662656638049891
9e9c5b05-c7d4-450d-9850-e6ae83caa9a5_3297-13,1,1,1,2,9e9c5b05-c7d4-450d-9850-e6ae83caa9a5,1.1470647776224538
9f4e5f51-eac3-4070-9097-f6e18a7b90f9_1289-99,3,1,1,1,9f4e5f51-eac3-4070-9097-f6e18a7b90f9,1.1998869448188973
9f8d9232-a78e-4e14-9a0f-944a325efa19_133-97,1,1,1,0,9f8d9232-a78e-4e14-9a0f-944a325efa19,0.6744967963771837
9fb1ce25-8a99-45ed-a28c-1492192d4964_1100-54,2,1,1,1,9fb1ce25-8a99-45ed-a28c-1492192d4964,1.0794311835310804
9fb1ce25-8a99-45ed-a28c-1492192d4964_1946-35,2,0,0,1,9fb1ce25-8a99-45ed-a28c-1492192d4964,0.33031003268155845
9fb1ce25-8a99-45ed-a28c-1492192d4964_1957-11,2,0,0,1,9fb1ce25-8a99-45ed-a28c-1492192d4964,-0.6243212111696608
9fc3678b-86e2-44ab-adbc-9aeda78ceb60_957-19,3,0,0,3,9fc3678b-86e2-44ab-adbc-9aeda78ceb60,0.4024431354923961
9fc3678b-86e2-44ab-adbc-9aeda78ceb60_992-74,0,1,1,3,9fc3678b-86e2-44ab-adbc-9aeda78ceb60,1.5046628145764251
a055e4e8-cc07-47c1-a438-06f45c4f724c_2257-57,2,1,1,2,a055e4e8-cc07-47c1-a438-06f45c4f724c,0.7468329396013393
a055e4e8-cc07-47c1-a438-06f45c4f724c_2341-22,0,0,0,2,a055e4e8-cc07-47c1-a438-06f45c4f724c,0.17946367560027587
a12f0a2e-e066-4b65-8603-6754bb73e196_30-04,0,0,0,4,a12f0a2e-e066-4b65-8603-6754bb73e196,0.26323644193909645
a13a145f-920a-44ec-8aef-b489c097f4a7_171-91,2,1,1,3,a13a145f-920a-44ec-8aef-b489c097f4a7,-0.597504893560154
a1b38e9d-7225-46ab-ab17-a61b261faa36_1920-36,2,1,1,2,a1b38e9d-7225-46ab-ab17-a61b261faa36,0.1661079129799874
a1e8d35f-2dad-495c-ac00-b056f710c706_1381-64,3,1,1,1,a1e8d35f-2dad-495c-ac00-b056f710c706,1.2817221886153611
a23540b7-3588-48ad-b84a-1b5935db856a_235-41,1,0,0,0,a23540b7-3588-48ad-b84a-1b5935db856a,0.5834109558691818
a267b011-b1db-4e3c-aa49-438e2afdd6dc_116-72,0,0,0,4,a267b011-b1db-4e3c-aa49-438e2afdd6dc,1.7675716517688063
a2c3a84e-ae75-4e72-8a52-64511ed67080_919-81,1,0,0,3,a2c3a84e-ae75-4e72-8a52-64511ed67080,1.6037817177263953
a2f25985-0589-42ca-af57-58930079dfb9_1082-02,1,0,0,4,a2f25985-0589-42ca-af57-58930079dfb9,0.8738552982238699
a2f25985-0589-42ca-af57-58930079dfb9_1096-32,3,0,0,4,a2f25985-0589-42ca-af57-58930079dfb9,0.7972998017457895
a2f25985-0589-42ca-af57-58930079dfb9_7290-57,3,1,1,4,a2f25985-0589-42ca-af57-58930079dfb9,1.0269910533596947
a32e3749-3ec6-4865-b5f2-067d05c04190_1229-02,0,1,1,3,a32e3749-3ec6-4865-b5f2-067d05c04190,1.1751145166984895
a32e3749-3ec6-4865-b5f2-067d05c04190_230-06,2,0,0,3,a32e3749-3ec6-4865-b5f2-067d05c04190,0.44007144947662447
a3c41b4b-6dc7-4e69-b04b-ca30b4f1c185_1014-12,3,1,1,0,a3c41b4b-6dc7-4e69-b04b-ca30b4f1c185,0.6936289694839215
a3f1b2f3-0735-4c65-b66e-5c397f3126c7_276-64,0,0,0,4,a3f1b2f3-0735-4c65-b66e-5c397f3126c7,0.34893284975347316
a3f6b937-bb29-4cc4-9f4b-27080ddca7c7_437-97,2,0,0,1,a3f6b937-bb29-4cc4-9f4b-27080ddca7c7,1.2288070016834467
a4048b30-d9a8-4653-a2d6-d07422e3449e_739-24,1,1,1,0,a4048b30-d9a8-4653-a2d6-d07422e3449e,0.3156652833725644
a40f2c59-c795-4893-9ec5-6a58632a2b49_635-34,0,0,0,0,a40f2c59-c795-4893-9ec5-6a58632a2b49,0.823134038573849
a4375d98-e295-4e7d-a718-d8af066e3d57_1708-23,0,1,1,4,a4375d98-e295-4e7d-a718-d8af066e3d57,0.8132391129284193
a437e059-78be-4894-a7ab-dc27fa16d3f8_178-53,3,0,0,4,a437e059-78be-4894-a7ab-dc27fa16d3f8,0.7965337169564508
a437e059-78be-4894-a7ab-dc27fa16d3f8_6770-46,1,1,1,4,a437e059-78be-4894-a7ab-dc27fa16d3f8,0.5385786514866111
a437e059-78be-4894-a7ab-dc27fa16d3f8_6791-07,0,1,1,4,a437e059-78be-4894-a7ab-dc27fa16d3f8,0.581337957643727
a437e059-78be-4894-a7ab-dc27fa16d3f8_7188-07,2,0,0,4,a437e059-78be-4894-a7ab-dc27fa16d3f8,0.3059350836845818
a437e059-78be-4894-a7ab-dc27fa16d3f8_9861-81,2,1,1,4,a437e059-78be-4894-a7ab-dc27fa16d3f8,0.45952733632893494
a448297b-ae62-4712-bc4f-849b39176558_2443-39,3,1,1,2,a448297b-ae62-4712-bc4f-849b39176558,1.6082699989676148
a448297b-ae62-4712-bc4f-849b39176558_2588-08,3,1,1,2,a448297b-ae62-4712-bc4f-849b39176558,0.9230891306162596
a448297b-ae62-4712-bc4f-849b39176558_3322-55,0,0,0,2,a448297b-ae62-4712-bc4f-849b39176558,0.6512539481269943
a454e4d7-7ead-41ea-bfcf-db8300ad34d9_72-86,3,0,0,3,a454e4d7-7ead-41ea-bfcf-db8300ad34d9,0.06190211433186499
a48f66dc-d07c-4ca9-aa3b-b08ea5802194_1914-01,1,0,0,2,a48f66dc-d07c-4ca9-aa3b-b08ea5802194,-0.0471831094985109
a49bdcc8-8f23-445d-bae0-8d9e5c4d9c63_1749-02,2,0,0,1,a49bdcc8-8f23-445d-bae0-8d9e5c4d9c63,0.7631414366176041
a4bbdddc-c222-4535-a616-57ccbc8f9b9e_1495-45,3,1,1,1,a4bbdddc-c222-4535-a616-57ccbc8f9b9e,1.4745640952070336
a4bbdddc-c222-4535-a616-57ccbc8f9b9e_4898-52,1,0,0,1,a4bbdddc-c222-4535-a616-57ccbc8f9b9e,0.33041342180144606
a4bbdddc-c222-4535-a616-57ccbc8f9b9e_5519-45,2,0,0,1,a4bbdddc-c222-4535-a616-57ccbc8f9b9e,0.3489241897058104
a4bbdddc-c222-4535-a616-57ccbc8f9b9e_7343-01,1,0,0,1,a4bbdddc-c222-4535-a616-57ccbc8f9b9e,1.366431008603336
a4c1f23e-702e-49a1-9600-0538e4e2e7db_2889-59,3,0,0,0,a4c1f23e-702e-49a1-9600-0538e4e2e7db,0.41725233089171554
a5bd4711-275b-4bbf-96fe-37553e5d3e93_1416-31,2,1,1,1,a5bd4711-275b-4bbf-96fe-37553e5d3e93,0.18936218830960083
a5bd4711-275b-4bbf-96fe-37553e5d3e93_156-00,2,0,0,1,a5bd4711-275b-4bbf-96fe-37553e5d3e93,1.8264554176320391
a5bd4711-275b-4bbf-96fe-37553e5d3e93_1659-18,1,1,1,1,a5bd4711-275b-4bbf-96fe-37553e5d3e93,0.9154928268409923
a5bd4711-275b-4bbf-96fe-37553e5d3e93_1662-76,2,0,0,1,a5bd4711-275b-4bbf-96fe-37553e5d3e93,0.19808627100814458
a5bd4711-275b-4bbf-96fe-37553e5d3e93_297-73,1,1,1,1,a5bd4711-275b-4bbf-96fe-37553e5d3e93,0.07205503471821118
a5bd4711-275b-4bbf-96fe-37553e5d3e93_480-52,2,1,1,1,a5bd4711-275b-4bbf-96fe-37553e5d3e93,1.1100623424546041
a5bd4711-275b-4bbf-96fe-37553e5d3e93_484-64,3,1,1,1,a5bd4711-275b-4bbf-96fe-37553e5d3e93,1.4144667112595222
a5bd4711-275b-4bbf-96fe-37553e5d3e93_499-12,2,0,0,1,a5bd4711-275b-4bbf-96fe-37553e5d3e93,2.055248824835621
a5e74924-6083-4618-b830-f528c5199ed9_5985-35,1,0,0,4,a5e74924-6083-4618-b830-f528c5199ed9,1.1562430802281694
a6264c7d-d42a-4708-8fc2-b35ad0c5fe42_55-09,0,1,1,1,a6264c7d-d42a-4708-8fc2-b35ad0c5fe42,0.16276982870364654
a6264c7d-d42a-4708-8fc2-b35ad0c5fe42_990-06,2,1,1,1,a6264c7d-d42a-4708-8fc2-b35ad0c5fe42,1.0644284022725052
a6ae81d6-f014-4902-bae6-b06373b31c55_153-41,0,1,1,3,a6ae81d6-f014-4902-bae6-b06373b31c55,0.19422133502300132
a7062d19-5af7-42fe-ad8c-2d7442ddbe48_514-59,2,0,0,2,a7062d19-5af7-42fe-ad8c-2d7442ddbe48,1.2959924097569941
a717f100-51ec-4316-92b8-282aeecc805b_724-56,4,0,0,1,a717f100-51ec-4316-92b8-282aeecc805b,1.0896132280923438
a71f72c5-5225-4b12-aba3-01fa46f53427_914-96,2,1,1,4,a71f72c5-5225-4b12-aba3-01fa46f53427,1.3172354528819938
a743a90e-f46c-4e55-a94d-a7f11c771207_51-51,1,0,0,3,a743a90e-f46c-4e55-a94d-a7f11c771207,0.11196531625331518
a7448853-2414-42b1-998c-0f56594e437a_155-55,3,1,1,3,a7448853-2414-42b1-998c-0f56594e437a,-0.43049048730900985
a8197601-7474-4cb0-8d08-e8a8febcecfc_13-71,0,0,0,1,a8197601-7474-4cb0-8d08-e8a8febcecfc,0.5105148320015935
a8197601-7474-4cb0-8d08-e8a8febcecfc_222-15,0,1,1,1,a8197601-7474-4cb0-8d08-e8a8febcecfc,0.7411113040830897
a8197601-7474-4cb0-8d08-e8a8febcecfc_854-68,3,1,1,1,a8197601-7474-4cb0-8d08-e8a8febcecfc,0.5417041291620055
a8197601-7474-4cb0-8d08-e8a8febcecfc_997-91,3,1,1,1,a8197601-7474-4cb0-8d08-e8a8febcecfc,0.07109089664160839
a84e378e-c9d5-4ace-8e42-e07b95784746_180-55,0,1,1,2,a84e378e-c9d5-4ace-8e42-e07b95784746,0.24585436459379295
a8983a14-da13-4e54-bc7a-b027b374c710_536-56,2,1,1,1,a8983a14-da13-4e54-bc7a-b027b374c710,1.7581289201864025
a95545b6-8b1e-4d77-a209-c1accf3b057b_17-67,3,0,0,2,a95545b6-8b1e-4d77-a209-c1accf3b057b,1.2290363198130962
a95545b6-8b1e-4d77-a209-c1accf3b057b_34-20,4,1,1,2,a95545b6-8b1e-4d77-a209-c1accf3b057b,0.5146806568193831
a99c5790-b590-4c29-98b3-004bbf106ce7_312-10,1,0,0,0,a99c5790-b590-4c29-98b3-004bbf106ce7,-0.07496377886718197
a99c5790-b590-4c29-98b3-004bbf106ce7_315-27,0,0,0,0,a99c5790-b590-4c29-98b3-004bbf106ce7,1.21651348310793
aa19d5c0-35b6-4ec2-9865-07f556c341de_34-98,2,1,1,4,aa19d5c0-35b6-4ec2-9865-07f556c341de,0.3218143341465891
aa19d5c0-35b6-4ec2-9865-07f556c341de_76-28,2,1,1,4,aa19d5c0-35b6-4ec2-9865-07f556c341de,1.0091936307021991
aa3237b2-4a62-4676-b81c-a9726003b420_1532-19,3,1,1,0,aa3237b2-4a62-4676-b81c-a9726003b420,0.9683189057403694
aabc5114-a6a1-459d-81ed-99370385a7e4_2460-69,2,1,1,4,aabc5114-a6a1-459d-81ed-99370385a7e4,-0.6059153172319056
aad332b0-a437-4bd9-9147-f580bb58c3f5_3472-99,1,1,1,3,aad332b0-a437-4bd9-9147-f580bb58c3f5,0.5118043184039827
aae90bb1-c8b8-433c-98b6-2bc5f20af6ea_569-99,4,0,0,2,aae90bb1-c8b8-433c-98b6-2bc5f20af6ea,0.4721100673937275
ab6f68a2-e5ba-48ce-ac24-7fb3df0584f2_326-63,3,0,0,1,ab6f68a2-e5ba-48ce-ac24-7fb3df0584f2,-1.0438475076490805
ab865129-78fa-47d4-8a50-ff8c5533246f_1028-44,2,0,0,3,ab865129-78fa-47d4-8a50-ff8c5533246f,-1.3221067905873038
ab865129-78fa-47d4-8a50-ff8c5533246f_318-49,3,1,1,3,ab865129-78fa-47d4-8a50-ff8c5533246f,-0.7809461380502943
abbc5555-7816-4288-8d4d-f42b0683fc44_774-93,2,1,1,0,abbc5555-7816-4288-8d4d-f42b0683fc44,2.061673577832567
abca0171-5e73-426e-9ba1-49a6339b2ef5_1825-89,3,0,0,2,abca0171-5e73-426e-9ba1-49a6339b2ef5,0.2553655172291871
abca0171-5e73-426e-9ba1-49a6339b2ef5_885-53,0,1,1,2,abca0171-5e73-426e-9ba1-49a6339b2ef5,0.3960400324623983
abca0171-5e73-426e-9ba1-49a6339b2ef5_979-03,0,1,1,2,abca0171-5e73-426e-9ba1-49a6339b2ef5,0.14613962563746674
ac582760-09b1-4a6e-be08-f19f9bf5dfcb_391-13,2,0,0,4,ac582760-09b1-4a6e-be08-f19f9bf5dfcb,1.0671840457558326
ac8704d3-ab1c-4412-a10e-befb387063b2_270-04,2,0,0,4,ac8704d3-ab1c-4412-a10e-befb387063b2,-0.0006132611478684158
ac8dba37-ce09-4dc5-b478-8194e41353c3_2812-63,1,0,0,3,ac8dba37-ce09-4dc5-b478-8194e41353c3,0.4259389867264294
ac8dba37-ce09-4dc5-b478-8194e41353c3_5240-05,2,0,0,3,ac8dba37-ce09-4dc5-b478-8194e41353c3,-0.0378605476445677
ac8dba37-ce09-4dc5-b478-8194e41353c3_748-30,3,1,1,3,ac8dba37-ce09-4dc5-b478-8194e41353c3,0.7705193578298495
ac8dba37-ce09-4dc5-b478-8194e41353c3_9451-92,3,0,0,3,ac8dba37-ce09-4dc5-b478-8194e41353c3,0.662583749645203
aca9e131-8b44-4e59-8394-24a494c19801_183-42,2,0,0,1,aca9e131-8b44-4e59-8394-24a494c19801,-0.6781029229436422
acef7751-e40a-4fb7-91ea-3ba56ef46aed_103-55,3,0,0,2,acef7751-e40a-4fb7-91ea-3ba56ef46aed,0.9548254085339694
ad851441-1f15-467e-83d8-48c764e220a8_875-32,1,1,1,1,ad851441-1f15-467e-83d8-48c764e220a8,1.0640900170213163
ad851441-1f15-467e-83d8-48c764e220a8_975-45,3,0,0,1,ad851441-1f15-467e-83d8-48c764e220a8,1.769388275822805
ada73c3a-765f-46de-afb5-d152d058d7e2_17044-72,1,1,1,4,ada73c3a-765f-46de-afb5-d152d058d7e2,-0.6920923096305857
ada73c3a-765f-46de-afb5-d152d058d7e2_7766-82,1,1,1,4,ada73c3a-765f-46de-afb5-d152d058d7e2,0.5032184858247244
adb9100b-45da-449a-94b1-ae29e107e4c5_72-02,3,1,1,0,adb9100b-45da-449a-94b1-ae29e107e4c5,0.7703646697408786
ade9b865-951f-4a27-b6cb-ce12cb613de8_887-25,1,1,1,0,ade9b865-951f-4a27-b6cb-ce12cb613de8,1.95775270566324
adf11624-aca0-4bad-a35f-51b9f330ee74_2900-34,3,0,0,4,adf11624-aca0-4bad-a35f-51b9f330ee74,0.11470630825057682
adf65602-f5ee-456a-a098-db19a521ce38_500-23,1,1,1,3,adf65602-f5ee-456a-a098-db19a521ce38,-0.04580374694052258
ae56fbda-009b-485c-9dfa-72ce89e847bf_668-09,0,0,0,1,ae56fbda-009b-485c-9dfa-72ce89e847bf,1.0115610580780345
ae56fbda-009b-485c-9dfa-72ce89e847bf_742-92,1,1,1,1,ae56fbda-009b-485c-9dfa-72ce89e847bf,1.0716704090332405
ae59dda2-8aa0-40e1-bd48-af368ea8e149_1550-40,2,0,0,0,ae59dda2-8aa0-40e1-bd48-af368ea8e149,0.943514536000762
ae59dda2-8aa0-40e1-bd48-af368ea8e149_1585-64,1,0,0,0,ae59dda2-8aa0-40e1-bd48-af368ea8e149,0.33681850387888956
ae59dda2-8aa0-40e1-bd48-af368ea8e149_1586-25,3,0,0,0,ae59dda2-8aa0-40e1-bd48-af368ea8e149,0.27495935007319394
ae85c74a-0963-469b-93f9-cdfe3f898e5f_1781-47,0,1,1,2,ae85c74a-0963-469b-93f9-cdfe3f898e5f,2.074783019175269
af06acee-b948-4950-a653-53d76b03a010_809-86,1,0,0,1,af06acee-b948-4950-a653-53d76b03a010,2.182792122297932
af06acee-b948-4950-a653-53d76b03a010_920-06,3,1,1,1,af06acee-b948-4950-a653-53d76b03a010,2.0482306794486727
af0cc15a-5452-42fb-92dd-a3f50136bf12_3147-74,2,1,1,1,af0cc15a-5452-42fb-92dd-a3f50136bf12,-0.1568629296931925
af215e0f-56c7-4356-9aad-a3a5fb7bbc4f_1332-04,1,1,1,1,af215e0f-56c7-4356-9aad-a3a5fb7bbc4f,-0.10045321653981576
af215e0f-56c7-4356-9aad-a3a5fb7bbc4f_4328-60,2,1,1,1,af215e0f-56c7-4356-9aad-a3a5fb7bbc4f,0.6291104070608935
af215e0f-56c7-4356-9aad-a3a5fb7bbc4f_4362-30,2,1,1,1,af215e0f-56c7-4356-9aad-a3a5fb7bbc4f,1.6816646692429262
af215e0f-56c7-4356-9aad-a3a5fb7bbc4f_709-03,1,1,1,1,af215e0f-56c7-4356-9aad-a3a5fb7bbc4f,0.9708210153091217
af400f98-3c57-46ad-acac-eaca6f940180_2315-10,0,1,1,0,af400f98-3c57-46ad-acac-eaca6f940180,2.10088597007046
af400f98-3c57-46ad-acac-eaca6f940180_3131-59,1,1,1,0,af400f98-3c57-46ad-acac-eaca6f940180,2.589600443288257
af400f98-3c57-46ad-acac-eaca6f940180_3432-31,2,1,1,0,af400f98-3c57-46ad-acac-eaca6f940180,2.4128360675996063
af400f98-3c57-46ad-acac-eaca6f940180_508-42,2,1,1,0,af400f98-3c57-46ad-acac-eaca6f940180,2.1847691714946302
af43394e-d24c-40c2-b03a-f3cdff888370_762-90,0,1,1,0,af43394e-d24c-40c2-b03a-f3cdff888370,0.27853335601229956
af72c57c-b242-48b2-8d00-aea29f4e37ac_1063-17,1,0,0,4,af72c57c-b242-48b2-8d00-aea29f4e37ac,-0.881200301519574
af862b37-12f1-4b55-a1ca-1c162c4f98a0_3380-57,1,1,1,1,af862b37-12f1-4b55-a1ca-1c162c4f98a0,0.23224384823674127
af862b37-12f1-4b55-a1ca-1c162c4f98a0_431-14,3,0,0,1,af862b37-12f1-4b55-a1ca-1c162c4f98a0,-0.24857086710523757
af8dda66-0025-4ee4-9888-b568b28986e6_3283-52,3,1,1,3,af8dda66-0025-4ee4-9888-b568b28986e6,1.7851752145033206
afd5c197-7b14-4e21-ac56-d23b6a5543d0_1256-20,2,0,0,4,afd5c197-7b14-4e21-ac56-d23b6a5543d0,0.4647768540314057
afd5c197-7b14-4e21-ac56-d23b6a5543d0_1411-24,2,1,1,4,afd5c197-7b14-4e21-ac56-d23b6a5543d0,1.3433498394699628
b08cc451-bab8-4ab1-a0a2-102582d9f778_398-19,3,0,0,2,b08cc451-bab8-4ab1-a0a2-102582d9f778,0.926216926185031
b0937ec3-7645-4f68-b9cd-549ff7c01819_2030-83,3,1,1,1,b0937ec3-7645-4f68-b9cd-549ff7c01819,0.6524867892279962
b0a30641-ad93-4d6a-92a9-f277c78f1aa5_112-83,1,0,0,2,b0a30641-ad93-4d6a-92a9-f277c78f1aa5,0.12351060572046269
b0a30641-ad93-4d6a-92a9-f277c78f1aa5_295-10,3,1,1,2,b0a30641-ad93-4d6a-92a9-f277c78f1aa5,0.9095813001540942
b0a30641-ad93-4d6a-92a9-f277c78f1aa5_473-69,0,1,1,2,b0a30641-ad93-4d6a-92a9-f277c78f1aa5,0.5645863461064913
b1543ea3-e86b-4545-9195-f1bf83e02b41_4163-19,0,0,0,4,b1543ea3-e86b-4545-9195-f1bf83e02b41,0.21137742036112006
b2508929-e3e4-4583-b1db-41dc3bb0fd21_542-36,3,1,1,3,b2508929-e3e4-4583-b1db-41dc3bb0fd21,0.8279998202066121
b264c17e-145a-4dd0-90c4-397d0f5b8057_51-64,0,0,0,3,b264c17e-145a-4dd0-90c4-397d0f5b8057,1.0848279050566014
b2e6a3f7-aa49-42c5-990a-8ef89d2c9d33_987-28,3,1,1,2,b2e6a3f7-aa49-42c5-990a-8ef89d2c9d33,2.285111979354869
b2ebded2-4c94-473d-b9e4-8dd3556a3152_31-51,0,1,1,1,b2ebded2-4c94-473d-b9e4-8dd3556a3152,2.045104230465082
b2f487cb-83b2-4e60-855d-1750938d0f1a_4050-16,3,0,0,0,b2f487cb-83b2-4e60-855d-1750938d0f1a,0.828307526943346
b390f179-78cb-4522-9abc-467e0597d4b7_597-75,3,1,1,4,b390f179-78cb-4522-9abc-467e0597d4b7,0.12381768915601654
b3a0d595-d5b4-4e4b-9c52-337053871604_278-40,3,1,1,3,b3a0d595-d5b4-4e4b-9c52-337053871604,0.677736389549521
b4068f40-69e9-4217-81ba-84e59c25f125_887-13,1,1,1,2,b4068f40-69e9-4217-81ba-84e59c25f125,0.619458662172311
b449ae20-0dd5-468e-ad86-daac0180046d_22-83,1,0,0,1,b449ae20-0dd5-468e-ad86-daac0180046d,0.5889503313464692
b4814b66-f564-48cb-a11f-3b0a1ee73704_24-49,3,0,0,0,b4814b66-f564-48cb-a11f-3b0a1ee73704,1.9399341485875645
b4814b66-f564-48cb-a11f-3b0a1ee73704_27-72,0,0,0,0,b4814b66-f564-48cb-a11f-3b0a1ee73704,1.2393485389072523
b4814b66-f564-48cb-a11f-3b0a1ee73704_42-69,0,0,0,0,b4814b66-f564-48cb-a11f-3b0a1ee73704,0.8834372265281369
b4b27c5b-2b73-4083-a41c-a6a960475c1a_1618-99,2,0,0,0,b4b27c5b-2b73-4083-a41c-a6a960475c1a,1.1462328310652814
b513c72d-8b77-4bee-96b6-b5f57977a3eb_765-76,1,1,1,4,b513c72d-8b77-4bee-96b6-b5f57977a3eb,0.9909060620670798
b57a2268-9cac-491d-b737-ad8dc28b15fb_1546-09,3,0,0,1,b57a2268-9cac-491d-b737-ad8dc28b15fb,1.6338980990264844
b57a2268-9cac-491d-b737-ad8dc28b15fb_2224-77,1,1,1,1,b57a2268-9cac-491d-b737-ad8dc28b15fb,0.3139572870776297
b5c3c1e3-7ee7-4b4a-b938-4d008d5aa49b_521-60,3,1,1,4,b5c3c1e3-7ee7-4b4a-b938-4d008d5aa49b,0.159834502536494
b5c3c1e3-7ee7-4b4a-b938-4d008d5aa49b_644-73,3,0,0,4,b5c3c1e3-7ee7-4b4a-b938-4d008d5aa49b,-0.23259202683469327
b5c3c1e3-7ee7-4b4a-b938-4d008d5aa49b_757-55,1,0,0,4,b5c3c1e3-7ee7-4b4a-b938-4d008d5aa49b,1.2938269707681265
b5c5d054-4cc3-4e54-b283-6845ca022eb8_0-00,0,1,1,1,b5c5d054-4cc3-4e54-b283-6845ca022eb8,0.5320219579530232
b5d691f6-1618-467e-9fc9-d2ebd8eaafe4_488-95,1,1,1,3,b5d691f6-1618-467e-9fc9-d2ebd8eaafe4,0.8822290072779588
b5d691f6-1618-467e-9fc9-d2ebd8eaafe4_836-72,1,1,1,3,b5d691f6-1618-467e-9fc9-d2ebd8eaafe4,0.4765875467422134
b61b0b56-a852-47e2-ab09-9380d8465162_180-44,0,0,0,0,b61b0b56-a852-47e2-ab09-9380d8465162,0.7387047222052505
b6474db0-090c-40df-8d65-0a52dd0578cc_984-29,3,0,0,2,b6474db0-090c-40df-8d65-0a52dd0578cc,0.8394194739042034
b68e46bf-2cc5-4c6b-895a-1f8c6cad959a_2324-99,1,1,1,1,b68e46bf-2cc5-4c6b-895a-1f8c6cad959a,0.5927900393684922
b68f87f0-29be-4516-a34a-dda69dd84a56_274-36,3,1,1,1,b68f87f0-29be-4516-a34a-dda69dd84a56,1.1306406175627541
b68f87f0-29be-4516-a34a-dda69dd84a56_471-46,0,0,0,1,b68f87f0-29be-4516-a34a-dda69dd84a56,1.2563458639583225
b68f87f0-29be-4516-a34a-dda69dd84a56_524-12,1,1,1,1,b68f87f0-29be-4516-a34a-dda69dd84a56,1.3827524388749064
b68f87f0-29be-4516-a34a-dda69dd84a56_953-32,1,0,0,1,b68f87f0-29be-4516-a34a-dda69dd84a56,1.3123061822939717
b6ae365a-dd70-42c4-90d6-e0351778d991_277-06,0,1,1,4,b6ae365a-dd70-42c4-90d6-e0351778d991,0.5828312666747935
b6ae365a-dd70-42c4-90d6-e0351778d991_416-05,1,1,1,4,b6ae365a-dd70-42c4-90d6-e0351778d991,0.750957310638817
b6bee905-eddf-4b41-bfe6-d57c9059fe61_1119-76,0,1,1,0,b6bee905-eddf-4b41-bfe6-d57c9059fe61,2.536550762699435
b6bee905-eddf-4b41-bfe6-d57c9059fe61_1128-22,0,1,1,0,b6bee905-eddf-4b41-bfe6-d57c9059fe61,0.455413346399695
b6d64c01-1462-4ebf-9eb5-44585cdd8ac4_2907-39,3,1,1,1,b6d64c01-1462-4ebf-9eb5-44585cdd8ac4,0.8498362993415209
b7022084-61ea-470f-b2cd-49be2ecaf3aa_18-42,0,1,1,1,b7022084-61ea-470f-b2cd-49be2ecaf3aa,0.8626260953428859
b7022084-61ea-470f-b2cd-49be2ecaf3aa_688-07,0,1,1,1,b7022084-61ea-470f-b2cd-49be2ecaf3aa,1.3662068920977009
b71166c2-c723-4f91-89b7-3a484e14079e_1586-58,3,1,1,0,b71166c2-c723-4f91-89b7-3a484e14079e,0.7457009022910683
b79c342b-db1e-407e-958a-e1585c6c3ddd_3-67,1,0,0,4,b79c342b-db1e-407e-958a-e1585c6c3ddd,-0.061652875270689744
b7ae78cd-458a-4fbc-b9d8-212fe98a5095_270-04,0,0,0,3,b7ae78cd-458a-4fbc-b9d8-212fe98a5095,-0.598884543703591
b8ba4ac1-4134-44aa-99db-25efaa058e98_277-37,3,1,1,2,b8ba4ac1-4134-44aa-99db-25efaa058e98,0.8063516999397704
b8ead1f7-ae4c-4c7c-8b2a-35599fc310c7_1079-80,2,0,0,1,b8ead1f7-ae4c-4c7c-8b2a-35599fc310c7,0.9063454525978443
b925520a-853c-442e-8a39-6679cce1e9f4_1253-01,0,0,0,0,b925520a-853c-442e-8a39-6679cce1e9f4,1.3731068398865967
b959f479-0508-4f1b-96a5-1b17e86af8ce_1110-67,3,0,0,4,b959f479-0508-4f1b-96a5-1b17e86af8ce,0.586624195514013
b99ceea4-7fa3-407c-9b9f-1347645d23f2_13-11,2,1,1,3,b99ceea4-7fa3-407c-9b9f-1347645d23f2,0.9719171990194138
b9b65293-fec8-494e-81e7-c4496aafba6f_1524-26,3,0,0,2,b9b65293-fec8-494e-81e7-c4496aafba6f,0.8593005124216524
b9b65293-fec8-494e-81e7-c4496aafba6f_2296-78,0,1,1,2,b9b65293-fec8-494e-81e7-c4496aafba6f,1.1669052427757163
b9bc5b47-ae9a-4220-84c7-ada93722c4fe_909-02,2,0,0,2,b9bc5b47-ae9a-4220-84c7-ada93722c4fe,0.8690664324088622
b9de7a2c-d02e-4d66-9556-381f0b7ca51a_3648-36,1,0,0,3,b9de7a2c-d02e-4d66-9556-381f0b7ca51a,-0.2021389973541976
b9de7a2c-d02e-4d66-9556-381f0b7ca51a_3795-42,2,1,1,3,b9de7a2c-d02e-4d66-9556-381f0b7ca51a,0.12415915044959647
b9de7a2c-d02e-4d66-9556-381f0b7ca51a_3961-43,3,1,1,3,b9de7a2c-d02e-4d66-9556-381f0b7ca51a,1.2444931535992287
b9fd76c5-1f9b-4d82-b9ee-2e0615561765_364-29,0,0,0,0,b9fd76c5-1f9b-4d82-b9ee-2e0615561765,0.755484844204612
ba078478-13a5-4e7f-8ee4-61620f84cb7a_2830-69,0,1,1,3,ba078478-13a5-4e7f-8ee4-61620f84cb7a,0.7140360914129231
ba078478-13a5-4e7f-8ee4-61620f84cb7a_3101-09,3,1,1,3,ba078478-13a5-4e7f-8ee4-61620f84cb7a,0.564878751927528
ba1de596-15f4-45f3-bab3-dbf7283490be_5-13,2,1,1,4,ba1de596-15f4-45f3-bab3-dbf7283490be,0.11998326954542948
ba28e9d5-5a78-44c0-b985-2249dcc05956_17-90,0,1,1,4,ba28e9d5-5a78-44c0-b985-2249dcc05956,1.4916691938159135
ba28e9d5-5a78-44c0-b985-2249dcc05956_212-90,1,1,1,4,ba28e9d5-5a78-44c0-b985-2249dcc05956,0.3307299855317414
ba44d0ee-9aba-4d05-8d1b-1eac7346f479_1433-66,2,0,0,4,ba44d0ee-9aba-4d05-8d1b-1eac7346f479,1.2806618329780002
baaf6d24-7117-4b0b-acdf-a79765036d84_1340-93,0,1,1,3,baaf6d24-7117-4b0b-acdf-a79765036d84,1.3193072215811088
baaffbad-76a7-458a-8a54-7b593ab073f6_329-73,1,1,1,2,baaffbad-76a7-458a-8a54-7b593ab073f6,0.030603977041008035
baaffbad-76a7-458a-8a54-7b593ab073f6_979-89,2,0,0,2,baaffbad-76a7-458a-8a54-7b593ab073f6,0.41089470304499853
bac30fe6-c597-4f1a-add1-d8d989205d98_1087-36,1,1,1,2,bac30fe6-c597-4f1a-add1-d8d989205d98,0.8066363619545918
bae603bd-dc3d-46a4-90b7-9c1e2bcd3970_966-87,2,0,0,1,bae603bd-dc3d-46a4-90b7-9c1e2bcd3970,1.2267454395364943
baf15309-e865-4e9e-9efd-09097f1d5a43_341-69,0,1,1,4,baf15309-e865-4e9e-9efd-09097f1d5a43,1.0945663244776926
baf15309-e865-4e9e-9efd-09097f1d5a43_412-45,0,0,0,4,baf15309-e865-4e9e-9efd-09097f1d5a43,0.03478417739330841
bb04b03d-ae0d-416a-8c4c-b2325edec070_287-86,1,0,0,0,bb04b03d-ae0d-416a-8c4c-b2325edec070,0.7198212851077836
bb2297d3-91b7-4ec4-b39b-cc64694929db_0-03,1,0,0,0,bb2297d3-91b7-4ec4-b39b-cc64694929db,0.83236853469502
bb2297d3-91b7-4ec4-b39b-cc64694929db_412-95,2,1,1,0,bb2297d3-91b7-4ec4-b39b-cc64694929db,0.9668188754822502
bbd30b78-137a-4c75-a4e9-b51f62b3f04e_184-26,3,0,0,4,bbd30b78-137a-4c75-a4e9-b51f62b3f04e,0.9265657780302861
bc215572-bd4c-4457-bbc1-58cdd6398cc7_2751-16,1,1,1,3,bc215572-bd4c-4457-bbc1-58cdd6398cc7,1.0846491750243747
bcfbfdd9-1f37-4edf-8ea0-114a92806d08_1826-13,0,1,1,2,bcfbfdd9-1f37-4edf-8ea0-114a92806d08,1.2381610977601323
bd31c2eb-4faa-467d-8c71-89a55b0a4be5_275-56,2,1,1,1,bd31c2eb-4faa-467d-8c71-89a55b0a4be5,0.753341027153198
bd96484b-6f8c-492b-8969-cae99c868b4d_2411-56,2,0,0,1,bd96484b-6f8c-492b-8969-cae99c868b4d,1.3400218761037028
bd96484b-6f8c-492b-8969-cae99c868b4d_2855-28,0,1,1,1,bd96484b-6f8c-492b-8969-cae99c868b4d,2.11305042044925
bdb29a9e-d6d4-4918-9870-464abeae48d2_837-68,2,0,0,0,bdb29a9e-d6d4-4918-9870-464abeae48d2,-0.30373106045084297
bdd32b96-5baf-4d67-9975-34cdce64b0cc_240-16,0,0,0,3,bdd32b96-5baf-4d67-9975-34cdce64b0cc,0.5665515444692661
bdeb0df9-2983-41bb-ba27-c431d9ef3163_1770-19,3,0,0,0,bdeb0df9-2983-41bb-ba27-c431d9ef3163,1.9621780311338788
bdeb0df9-2983-41bb-ba27-c431d9ef3163_1772-82,2,1,1,0,bdeb0df9-2983-41bb-ba27-c431d9ef3163,0.9505584116740242
be1da89b-976b-4e71-a42a-7621b522db46_179-53,1,1,1,1,be1da89b-976b-4e71-a42a-7621b522db46,0.3755718600263258
be462bcf-13ad-446a-8dfb-248cb2e3417a_379-26,3,1,1,2,be462bcf-13ad-446a-8dfb-248cb2e3417a,0.06529124382592166
be462bcf-13ad-446a-8dfb-248cb2e3417a_825-06,2,0,0,2,be462bcf-13ad-446a-8dfb-248cb2e3417a,0.4264516524637123
be7ede7a-c212-45ff-8601-e15dd2f7e531_1651-77,1,0,0,1,be7ede7a-c212-45ff-8601-e15dd2f7e531,0.15010220626195792
be7ede7a-c212-45ff-8601-e15dd2f7e531_928-33,0,1,1,1,be7ede7a-c212-45ff-8601-e15dd2f7e531,2.2532643446375147
be82ebf1-5feb-4c1b-a71a-f668e3a17726_27-55,3,0,0,1,be82ebf1-5feb-4c1b-a71a-f668e3a17726,-0.4156175047665307
bebfd0fa-93bc-41a3-886d-e04a3675fc6d_293-94,0,0,0,0,bebfd0fa-93bc-41a3-886d-e04a3675fc6d,-0.27688768035690137
bef6d752-a5f2-405f-bf3a-71e400bd8b06_1634-83,2,0,0,3,bef6d752-a5f2-405f-bf3a-71e400bd8b06,-0.3398975847592165
bf4a69c2-2c0b-4810-991b-3eb35e7dd2f3_1088-56,0,1,1,2,bf4a69c2-2c0b-4810-991b-3eb35e7dd2f3,0.3761246212927678
bf9354ab-541d-4c1c-aa3e-8a3bfd8fb51b_443-31,3,1,1,1,bf9354ab-541d-4c1c-aa3e-8a3bfd8fb51b,0.38942019938802463
bff1d1da-957f-42ea-8c98-61eaca98b5f1_1049-58,3,1,1,0,bff1d1da-957f-42ea-8c98-61eaca98b5f1,1.3593606386259602
c00a27da-98bb-4761-8093-45fd30a3f43f_1156-34,3,1,1,4,c00a27da-98bb-4761-8093-45fd30a3f43f,1.2075521325227334
c00d3596-99db-4ea7-9a65-57ab4319d640_329-17,2,0,0,1,c00d3596-99db-4ea7-9a65-57ab4319d640,1.353109839657605
c00d3596-99db-4ea7-9a65-57ab4319d640_370-19,1,0,0,1,c00d3596-99db-4ea7-9a65-57ab4319d640,-0.2524144017869341
c05389ca-2d74-4889-a8dd-a0f89d28a4b7_2763-64,0,0,0,3,c05389ca-2d74-4889-a8dd-a0f89d28a4b7,1.1958458481906984
c06532d8-f1cd-477f-b9f3-e8e980d73b2e_1339-60,3,0,0,2,c06532d8-f1cd-477f-b9f3-e8e980d73b2e,0.5116887066459728
c0a19ccf-66ad-44b5-9b3d-2f20d49bc0a8_296-47,3,1,1,1,c0a19ccf-66ad-44b5-9b3d-2f20d49bc0a8,-0.2254947318827556
c0eea386-412b-4127-a2d3-352322a0038c_1313-16,2,0,0,3,c0eea386-412b-4127-a2d3-352322a0038c,-0.21293535046145529
c0eea386-412b-4127-a2d3-352322a0038c_719-09,3,0,0,3,c0eea386-412b-4127-a2d3-352322a0038c,-0.6045674163889349
c0eea386-412b-4127-a2d3-352322a0038c_830-51,0,1,1,3,c0eea386-412b-4127-a2d3-352322a0038c,-0.07353276504839923
c1626bce-83ba-49da-921c-7b60243c19ea_7-12,0,0,0,3,c1626bce-83ba-49da-921c-7b60243c19ea,0.3468586209091946
c1626bce-83ba-49da-921c-7b60243c19ea_8-38,3,0,0,3,c1626bce-83ba-49da-921c-7b60243c19ea,0.7191727985229028
c1dc6626-34c8-4367-a80a-42a44057f47b_737-27,0,1,1,0,c1dc6626-34c8-4367-a80a-42a44057f47b,1.6079639481089014
c1f4d37c-bfd8-4722-b1c4-767f8426ccfd_867-73,2,1,1,4,c1f4d37c-bfd8-4722-b1c4-767f8426ccfd,0.7281577582254162
c2071026-add0-4546-8374-b6d04ddd94b1_0-04,1,0,0,2,c2071026-add0-4546-8374-b6d04ddd94b1,2.8252028783845984
c20e2722-11e5-4181-960c-305cfcd7cfec_183-32,0,0,0,1,c20e2722-11e5-4181-960c-305cfcd7cfec,0.836806641330692
c23eaef5-7441-42b4-9456-9f5a4a1bd615_11-29,3,1,1,1,c23eaef5-7441-42b4-9456-9f5a4a1bd615,0.2554165517845144
c25111f0-0c78-4bf8-a16d-57a6c25c2169_10881-80,2,1,1,4,c25111f0-0c78-4bf8-a16d-57a6c25c2169,0.7804160439059755
c25111f0-0c78-4bf8-a16d-57a6c25c2169_3852-71,4,1,1,4,c25111f0-0c78-4bf8-a16d-57a6c25c2169,0.6419277570163437
c2d28dd4-4416-4300-bbbe-23911487776a_1418-50,3,0,0,4,c2d28dd4-4416-4300-bbbe-23911487776a,-0.36909070468214944
c2d28dd4-4416-4300-bbbe-23911487776a_1894-07,2,1,1,4,c2d28dd4-4416-4300-bbbe-23911487776a,-0.02197932924690771
c2d28dd4-4416-4300-bbbe-23911487776a_2076-47,1,0,0,4,c2d28dd4-4416-4300-bbbe-23911487776a,0.950477794416047
c2d28dd4-4416-4300-bbbe-23911487776a_3669-01,1,0,0,4,c2d28dd4-4416-4300-bbbe-23911487776a,0.06942611115559272
c2d28dd4-4416-4300-bbbe-23911487776a_426-99,0,0,0,4,c2d28dd4-4416-4300-bbbe-23911487776a,0.8810520285797456
c2d28dd4-4416-4300-bbbe-23911487776a_6637-37,0,0,0,4,c2d28dd4-4416-4300-bbbe-23911487776a,0.39806267692520736
c34effc7-6198-4c85-80c7-c8be85b77dd3_1105-03,2,0,0,0,c34effc7-6198-4c85-80c7-c8be85b77dd3,0.3310888113336845
c34effc7-6198-4c85-80c7-c8be85b77dd3_1620-55,3,1,1,0,c34effc7-6198-4c85-80c7-c8be85b77dd3,0.8984505828211677
c34effc7-6198-4c85-80c7-c8be85b77dd3_2128-22,1,0,0,0,c34effc7-6198-4c85-80c7-c8be85b77dd3,1.8169574785288685
c34effc7-6198-4c85-80c7-c8be85b77dd3_2648-25,1,0,0,0,c34effc7-6198-4c85-80c7-c8be85b77dd3,1.416660736412258
c34effc7-6198-4c85-80c7-c8be85b77dd3_2681-98,2,1,1,0,c34effc7-6198-4c85-80c7-c8be85b77dd3,1.2231733749470912
c34effc7-6198-4c85-80c7-c8be85b77dd3_2970-00,1,1,1,0,c34effc7-6198-4c85-80c7-c8be85b77dd3,1.688736527732662
c34effc7-6198-4c85-80c7-c8be85b77dd3_2993-26,1,1,1,0,c34effc7-6198-4c85-80c7-c8be85b77dd3,1.7586943387497622
c34effc7-6198-4c85-80c7-c8be85b77dd3_4366-00,3,1,1,0,c34effc7-6198-4c85-80c7-c8be85b77dd3,0.697337216887167
c34effc7-6198-4c85-80c7-c8be85b77dd3_5191-41,1,1,1,0,c34effc7-6198-4c85-80c7-c8be85b77dd3,1.0657922324844065
c34effc7-6198-4c85-80c7-c8be85b77dd3_5200-39,2,0,0,0,c34effc7-6198-4c85-80c7-c8be85b77dd3,0.8637307147673852
c34effc7-6198-4c85-80c7-c8be85b77dd3_5220-71,1,1,1,0,c34effc7-6198-4c85-80c7-c8be85b77dd3,1.104669590692581
c34effc7-6198-4c85-80c7-c8be85b77dd3_5294-07,2,1,1,0,c34effc7-6198-4c85-80c7-c8be85b77dd3,0.6062944669603474
c34effc7-6198-4c85-80c7-c8be85b77dd3_5341-13,1,0,0,0,c34effc7-6198-4c85-80c7-c8be85b77dd3,1.0743432213888306
c34effc7-6198-4c85-80c7-c8be85b77dd3_694-72,3,0,0,0,c34effc7-6198-4c85-80c7-c8be85b77dd3,0.8381202492563982
c3acdda3-cd92-48c3-9052-45b57cb27e5a_1390-16,3,1,1,3,c3acdda3-cd92-48c3-9052-45b57cb27e5a,0.4979884556210945
c3acdda3-cd92-48c3-9052-45b57cb27e5a_1467-01,2,1,1,3,c3acdda3-cd92-48c3-9052-45b57cb27e5a,-0.3263137436726766
c4333895-ed19-42fe-9323-271a41bdfe4c_8-13,1,1,1,0,c4333895-ed19-42fe-9323-271a41bdfe4c,0.7243366519181458
c463128d-18cc-44ad-abf6-03ee87534919_120-41,2,0,0,4,c463128d-18cc-44ad-abf6-03ee87534919,0.10608838924326669
c495da06-2baf-4f62-958d-5ef2e6da08c4_28-94,2,0,0,3,c495da06-2baf-4f62-958d-5ef2e6da08c4,1.4363711308319576
c5270067-6c25-45f2-b63a-1a55b85020ad_568-80,3,0,0,3,c5270067-6c25-45f2-b63a-1a55b85020ad,0.9702407449002446
c5270067-6c25-45f2-b63a-1a55b85020ad_569-44,0,1,1,3,c5270067-6c25-45f2-b63a-1a55b85020ad,2.2499681479337443
c586c267-9ac3-45d5-a9aa-6deab0b9608d_246-72,3,1,1,2,c586c267-9ac3-45d5-a9aa-6deab0b9608d,0.5623045300160492
c58e1887-0314-4cb3-a09d-5ba529d8eda0_6-27,1,1,1,1,c58e1887-0314-4cb3-a09d-5ba529d8eda0,1.6448686283862097
c5938442-90c1-413c-be06-186222d8274f_0-03,1,1,1,0,c5938442-90c1-413c-be06-186222d8274f,0.6366307767825337
c615d305-14fe-41cd-9099-caf420beb604_1090-50,0,1,1,0,c615d305-14fe-41cd-9099-caf420beb604,1.4777627634435748
c615d305-14fe-41cd-9099-caf420beb604_955-84,2,0,0,0,c615d305-14fe-41cd-9099-caf420beb604,0.2669192354164527
c6534c1f-765e-42e7-86f4-da210d5211c3_764-77,0,1,1,4,c6534c1f-765e-42e7-86f4-da210d5211c3,0.6879610065105863
c67cb1da-90ac-4da8-af17-4f8b77da9b9d_291-33,2,1,1,3,c67cb1da-90ac-4da8-af17-4f8b77da9b9d,1.0697872147883065
c6b1f7dc-3301-46e6-867a-312a5f8e7a0f_13-11,0,1,1,2,c6b1f7dc-3301-46e6-867a-312a5f8e7a0f,1.8244970888867775
c6b5d782-d267-410e-8566-f7fe5d4a78a9_2700-04,1,1,1,3,c6b5d782-d267-410e-8566-f7fe5d4a78a9,1.0613094595641912
c6b5d782-d267-410e-8566-f7fe5d4a78a9_98-99,0,0,0,3,c6b5d782-d267-410e-8566-f7fe5d4a78a9,1.4025237770617602
c79e05d5-eaf6-4323-a707-744020743037_763-82,2,0,0,4,c79e05d5-eaf6-4323-a707-744020743037,0.21928794187084466
c7da3efd-4a18-458e-90fd-f757ed966a63_380-64,2,1,1,4,c7da3efd-4a18-458e-90fd-f757ed966a63,0.28975712278947263
c7da3efd-4a18-458e-90fd-f757ed966a63_8-87,2,1,1,4,c7da3efd-4a18-458e-90fd-f757ed966a63,1.7881748386491143
c7e8af35-608f-4d18-b752-2f3140f5fcc4_772-15,1,1,1,3,c7e8af35-608f-4d18-b752-2f3140f5fcc4,0.3443840269647567
c7f71299-a622-4a9a-b225-019335d6f2d2_607-47,2,0,0,1,c7f71299-a622-4a9a-b225-019335d6f2d2,-0.2095950827079034
c7f71299-a622-4a9a-b225-019335d6f2d2_658-88,0,0,0,1,c7f71299-a622-4a9a-b225-019335d6f2d2,0.18081637966769493
c824d4e5-298a-462b-a408-28a85a7364af_126-28,1,1,1,3,c824d4e5-298a-462b-a408-28a85a7364af,0.7257006335306073
c824d4e5-298a-462b-a408-28a85a7364af_683-96,0,1,1,3,c824d4e5-298a-462b-a408-28a85a7364af,1.4845087199081082
c85251fa-eb44-4903-b27f-9cdee26e0ed5_1618-20,2,1,1,4,c85251fa-eb44-4903-b27f-9cdee26e0ed5,2.0336440080250013
c85251fa-eb44-4903-b27f-9cdee26e0ed5_1632-58,0,1,1,4,c85251fa-eb44-4903-b27f-9cdee26e0ed5,0.7187986475259369
c864505c-9d49-4da4-bf7e-254b4c348c03_191-07,0,0,0,0,c864505c-9d49-4da4-bf7e-254b4c348c03,-0.3258625924066525
c864505c-9d49-4da4-bf7e-254b4c348c03_242-94,3,0,0,0,c864505c-9d49-4da4-bf7e-254b4c348c03,0.4055023680003207
c864505c-9d49-4da4-bf7e-254b4c348c03_540-20,1,0,0,0,c864505c-9d49-4da4-bf7e-254b4c348c03,-0.28261738674519754
c8b61175-cfa4-44f9-a88b-76609ffa4ca3_3008-85,0,0,0,0,c8b61175-cfa4-44f9-a88b-76609ffa4ca3,0.3544953004733462
c8d51f6b-7329-4367-9b24-941fa79794d2_2516-44,1,1,1,4,c8d51f6b-7329-4367-9b24-941fa79794d2,0.769638963556273
c92cfd96-21ca-4b52-a56a-6345fbf57de0_233-46,1,1,1,2,c92cfd96-21ca-4b52-a56a-6345fbf57de0,1.281026826010939
c92cfd96-21ca-4b52-a56a-6345fbf57de0_2877-33,1,1,1,2,c92cfd96-21ca-4b52-a56a-6345fbf57de0,0.1831842115780149
c93e077c-9f51-449c-b130-8be107c8a7d5_152-99,0,1,1,0,c93e077c-9f51-449c-b130-8be107c8a7d5,0.5041848023538058
c93e077c-9f51-449c-b130-8be107c8a7d5_199-82,1,1,1,0,c93e077c-9f51-449c-b130-8be107c8a7d5,1.045512470066861
c9595c28-a46b-4571-9796-3802af307bf2_188-17,3,0,0,4,c9595c28-a46b-4571-9796-3802af307bf2,0.49303938209880993
c97a7ee8-1fd4-4092-8c47-ef93dea1c8aa_539-98,3,0,0,3,c97a7ee8-1fd4-4092-8c47-ef93dea1c8aa,0.7126977062007467
ca03dcd8-9e87-4da5-9f9d-eac37ed6e9fd_320-42,2,1,1,2,ca03dcd8-9e87-4da5-9f9d-eac37ed6e9fd,0.5205772198514989
ca1773b8-ec8e-4f61-8e8f-7e4211830793_1043-00,2,1,1,4,ca1773b8-ec8e-4f61-8e8f-7e4211830793,1.0951354633568386
ca1773b8-ec8e-4f61-8e8f-7e4211830793_835-99,3,1,1,4,ca1773b8-ec8e-4f61-8e8f-7e4211830793,1.09158148670965
ca22ace6-2d0e-4e0b-98d4-60544e5af4d5_1194-22,1,0,0,0,ca22ace6-2d0e-4e0b-98d4-60544e5af4d5,0.5205925561788116
ca22ace6-2d0e-4e0b-98d4-60544e5af4d5_139-96,1,0,0,0,ca22ace6-2d0e-4e0b-98d4-60544e5af4d5,0.7877864376323518
ca22ace6-2d0e-4e0b-98d4-60544e5af4d5_4682-68,1,0,0,0,ca22ace6-2d0e-4e0b-98d4-60544e5af4d5,0.3160609788346591
ca800ee3-fea2-4825-ba1d-8eaace908135_5734-95,3,1,1,1,ca800ee3-fea2-4825-ba1d-8eaace908135,0.02983306764852478
ca800ee3-fea2-4825-ba1d-8eaace908135_6490-17,2,0,0,1,ca800ee3-fea2-4825-ba1d-8eaace908135,0.45392402547194677
caa17bb0-2b04-49b0-8ccc-38b2803a3b1f_26-31,2,0,0,1,caa17bb0-2b04-49b0-8ccc-38b2803a3b1f,0.5677180393368932
cab3c095-8054-4794-81c5-ef9dce1d1373_376-97,3,0,0,0,cab3c095-8054-4794-81c5-ef9dce1d1373,1.4847279005176648
cb0013d1-84a7-42c7-962a-3b00043365e5_1957-07,0,0,0,4,cb0013d1-84a7-42c7-962a-3b00043365e5,0.23720843643614375
cb1f1ddf-f4f6-4b0e-ab73-0285729ba790_40-06,0,0,0,3,cb1f1ddf-f4f6-4b0e-ab73-0285729ba790,0.9331136197369596
cb87d2ca-dc4f-4e1c-a13f-a8fe7dc952e9_11-49,3,1,1,2,cb87d2ca-dc4f-4e1c-a13f-a8fe7dc952e9,0.48413105411621005
cb87d2ca-dc4f-4e1c-a13f-a8fe7dc952e9_115-52,3,0,0,2,cb87d2ca-dc4f-4e1c-a13f-a8fe7dc952e9,0.048645280339448815
cb87d2ca-dc4f-4e1c-a13f-a8fe7dc952e9_23-76,2,0,0,2,cb87d2ca-dc4f-4e1c-a13f-a8fe7dc952e9,1.0649416550603616
cb87d2ca-dc4f-4e1c-a13f-a8fe7dc952e9_98-75,3,1,1,2,cb87d2ca-dc4f-4e1c-a13f-a8fe7dc952e9,1.5528075419553296
cb8df5e7-af5c-4211-b779-0568f94c7ded_1890-31,2,1,1,4,cb8df5e7-af5c-4211-b779-0568f94c7ded,0.3448781580741811
cb8df5e7-af5c-4211-b779-0568f94c7ded_3375-73,0,1,1,4,cb8df5e7-af5c-4211-b779-0568f94c7ded,1.2951300305987297
cb8df5e7-af5c-4211-b779-0568f94c7ded_3449-61,0,1,1,4,cb8df5e7-af5c-4211-b779-0568f94c7ded,1.5174776489128674
cb987dd4-f0ec-46ed-8bf0-3fee8c84fc90_2701-67,3,1,1,2,cb987dd4-f0ec-46ed-8bf0-3fee8c84fc90,0.15804533892323325
cb9de2c6-ff1a-48e8-b170-047e9471b588_1100-53,1,1,1,3,cb9de2c6-ff1a-48e8-b170-047e9471b588,0.542137821558053
cb9de2c6-ff1a-48e8-b170-047e9471b588_836-21,1,1,1,3,cb9de2c6-ff1a-48e8-b170-047e9471b588,0.7315390565916347
cb9de2c6-ff1a-48e8-b170-047e9471b588_884-63,3,0,0,3,cb9de2c6-ff1a-48e8-b170-047e9471b588,1.1002217670521448
cb9de2c6-ff1a-48e8-b170-047e9471b588_931-60,0,1,1,3,cb9de2c6-ff1a-48e8-b170-047e9471b588,-0.27335186763187824
cbc5c4fe-ed66-4525-a3d8-d691064db66b_262-02,2,1,1,0,cbc5c4fe-ed66-4525-a3d8-d691064db66b,-0.2669423665947588
cbc5c4fe-ed66-4525-a3d8-d691064db66b_527-23,3,0,0,0,cbc5c4fe-ed66-4525-a3d8-d691064db66b,1.3106256001249985
cbc5c4fe-ed66-4525-a3d8-d691064db66b_545-69,1,1,1,0,cbc5c4fe-ed66-4525-a3d8-d691064db66b,0.13750784040333053
cbc5c4fe-ed66-4525-a3d8-d691064db66b_729-17,3,1,1,0,cbc5c4fe-ed66-4525-a3d8-d691064db66b,-0.5979941727353286
cbfeb6c8-ec1f-4884-bcbf-14d7764c4a36_0-01,0,1,1,1,cbfeb6c8-ec1f-4884-bcbf-14d7764c4a36,1.084143675554688
cc82c3dc-caf7-4d64-9c84-b4701e205344_230-08,1,1,1,0,cc82c3dc-caf7-4d64-9c84-b4701e205344,-0.3526846567150186
cc83fb01-1904-4917-8d11-2fe2c66a990c_5792-18,1,1,1,3,cc83fb01-1904-4917-8d11-2fe2c66a990c,0.3901476284391068
cce59bcd-0ebc-463e-bbb1-094186a6ed8d_1562-00,4,1,1,2,cce59bcd-0ebc-463e-bbb1-094186a6ed8d,0.9285720443553909
cce59bcd-0ebc-463e-bbb1-094186a6ed8d_36-05,1,1,1,2,cce59bcd-0ebc-463e-bbb1-094186a6ed8d,-0.17429058497142336
cd0c7d35-19cf-4ce2-9b40-0209547acde5_1364-91,0,1,1,4,cd0c7d35-19cf-4ce2-9b40-0209547acde5,0.23803412054752449
cd0c7d35-19cf-4ce2-9b40-0209547acde5_1365-10,2,1,1,4,cd0c7d35-19cf-4ce2-9b40-0209547acde5,1.8363518310447353
cd0c7d35-19cf-4ce2-9b40-0209547acde5_1447-25,2,1,1,4,cd0c7d35-19cf-4ce2-9b40-0209547acde5,1.636007232641914
cd0c7d35-19cf-4ce2-9b40-0209547acde5_284-45,3,1,1,4,cd0c7d35-19cf-4ce2-9b40-0209547acde5,1.3262276584904202
cd1d3c56-69ca-4602-944e-bb9fabb9710b_1637-32,1,0,0,3,cd1d3c56-69ca-4602-944e-bb9fabb9710b,0.9482295498475288
cd1d3c56-69ca-4602-944e-bb9fabb9710b_1865-43,0,1,1,3,cd1d3c56-69ca-4602-944e-bb9fabb9710b,0.6167388721191593
cdaee0ff-a9ab-4935-91a2-45042d55b39c_353-27,1,1,1,2,cdaee0ff-a9ab-4935-91a2-45042d55b39c,0.3949620477099731
cdfd99eb-88c6-4bc7-8f66-e0318216feab_820-48,0,0,0,2,cdfd99eb-88c6-4bc7-8f66-e0318216feab,0.14828988853248615
ce121331-6a77-44c0-9c0d-8d6b21f73b24_67-61,1,1,1,1,ce121331-6a77-44c0-9c0d-8d6b21f73b24,1.5241678680069841
ce19b572-7341-426a-8c2f-fe067344c98d_1914-35,1,1,1,0,ce19b572-7341-426a-8c2f-fe067344c98d,0.12360079951113967
ce19b572-7341-426a-8c2f-fe067344c98d_1972-11,2,0,0,0,ce19b572-7341-426a-8c2f-fe067344c98d,-0.5770124433356635
cea9a5cc-6682-474f-bae4-483ca722ec43_359-69,0,0,0,0,cea9a5cc-6682-474f-bae4-483ca722ec43,0.9244065501060952
cebb6331-2a18-454a-862b-3aa502267017_1587-77,0,0,0,4,cebb6331-2a18-454a-862b-3aa502267017,0.45402884072589766
cf3956a7-8cc6-4a99-8770-71a15c7e69c7_4456-62,1,1,1,4,cf3956a7-8cc6-4a99-8770-71a15c7e69c7,0.7394135519259808
cf3956a7-8cc6-4a99-8770-71a15c7e69c7_4824-79,2,1,1,4,cf3956a7-8cc6-4a99-8770-71a15c7e69c7,1.2551069923912106
cf3956a7-8cc6-4a99-8770-71a15c7e69c7_5040-48,2,1,1,4,cf3956a7-8cc6-4a99-8770-71a15c7e69c7,0.28261427026111785
cfa58f86-6a63-46fc-8510-6a8d517f933b_689-38,3,1,1,3,cfa58f86-6a63-46fc-8510-6a8d517f933b,1.5777957955953816
cfa595aa-c467-48fe-a86b-2e9b1a63ccab_1218-24,2,1,1,2,cfa595aa-c467-48fe-a86b-2e9b1a63ccab,0.19938188203093143
cfc42371-cd58-48df-8bc5-f2fb29a6091e_1191-27,1,0,0,2,cfc42371-cd58-48df-8bc5-f2fb29a6091e,0.3014552840137261
cfc42371-cd58-48df-8bc5-f2fb29a6091e_1271-05,3,1,1,2,cfc42371-cd58-48df-8bc5-f2fb29a6091e,0.8603388836582533
cfc42371-cd58-48df-8bc5-f2fb29a6091e_1273-98,0,1,1,2,cfc42371-cd58-48df-8bc5-f2fb29a6091e,0.14393163054672709
d013010f-fca0-4fc0-9545-500318a8e91f_511-08,0,0,0,1,d013010f-fca0-4fc0-9545-500318a8e91f,-0.5120244882366631
d0396c77-6ecc-4d9f-bda1-af051699d0cf_1049-41,4,1,1,0,d0396c77-6ecc-4d9f-bda1-af051699d0cf,-0.3186805037625986
d0396c77-6ecc-4d9f-bda1-af051699d0cf_3645-32,1,1,1,0,d0396c77-6ecc-4d9f-bda1-af051699d0cf,1.389083903189496
d0396c77-6ecc-4d9f-bda1-af051699d0cf_4546-97,2,1,1,0,d0396c77-6ecc-4d9f-bda1-af051699d0cf,1.8515202606102998
d08cd963-d98b-4c9b-ba9f-cf7763e4b94e_1184-89,0,0,0,0,d08cd963-d98b-4c9b-ba9f-cf7763e4b94e,-0.38464704520777504
d0925317-dc23-4cb4-a375-a7baddc06b27_901-57,1,1,1,4,d0925317-dc23-4cb4-a375-a7baddc06b27,1.4342089168486014
d0a861f7-3e5c-4836-9b43-29a0b3288165_1279-67,2,1,1,4,d0a861f7-3e5c-4836-9b43-29a0b3288165,1.653090129792961
d0a861f7-3e5c-4836-9b43-29a0b3288165_550-69,2,1,1,4,d0a861f7-3e5c-4836-9b43-29a0b3288165,0.2113262665125546
d0a861f7-3e5c-4836-9b43-29a0b3288165_829-52,0,0,0,4,d0a861f7-3e5c-4836-9b43-29a0b3288165,1.5268958346235295
d0aedb4e-82cc-406a-a395-3573049a49ee_4319-84,1,0,0,4,d0aedb4e-82cc-406a-a395-3573049a49ee,-0.0015667982239400136
d0aedb4e-82cc-406a-a395-3573049a49ee_596-85,3,0,0,4,d0aedb4e-82cc-406a-a395-3573049a49ee,1.5046243775058805
d0c0065b-79d2-4e6f-9c0f-e212dd17a0ca_31-42,1,0,0,3,d0c0065b-79d2-4e6f-9c0f-e212dd17a0ca,0.6130887998931565
d10798c3-6b79-4c0d-aafd-8daad36c51db_44-79,1,1,1,2,d10798c3-6b79-4c0d-aafd-8daad36c51db,1.2553151841653465
d1952343-6eaf-4317-ae19-6b48b292ad24_877-17,3,0,0,3,d1952343-6eaf-4317-ae19-6b48b292ad24,0.7674387949857739
d1a27322-8acd-4297-9029-db45af8d7cc2_127-67,3,1,1,4,d1a27322-8acd-4297-9029-db45af8d7cc2,1.4171803349791192
d1a27322-8acd-4297-9029-db45af8d7cc2_164-10,0,1,1,4,d1a27322-8acd-4297-9029-db45af8d7cc2,0.236701298002006
d1a27322-8acd-4297-9029-db45af8d7cc2_34-04,2,0,0,4,d1a27322-8acd-4297-9029-db45af8d7cc2,1.5976673073452066
d1c2a107-ba9a-4615-83e1-f609864b8541_35-35,2,0,0,4,d1c2a107-ba9a-4615-83e1-f609864b8541,0.9302762699624703
d1c7b7ec-506e-4c02-b008-8b5aaaf442d7_1891-93,1,1,1,1,d1c7b7ec-506e-4c02-b008-8b5aaaf442d7,0.28829839305256444
d1c7b7ec-506e-4c02-b008-8b5aaaf442d7_847-39,2,1,1,1,d1c7b7ec-506e-4c02-b008-8b5aaaf442d7,0.23703176402215975
d27c5c7e-db9c-48f4-bea5-9970078d352e_1216-84,2,0,0,1,d27c5c7e-db9c-48f4-bea5-9970078d352e,0.40491831680893564
d27c5c7e-db9c-48f4-bea5-9970078d352e_1570-49,1,1,1,1,d27c5c7e-db9c-48f4-bea5-9970078d352e,1.0851722120512532
d27c5c7e-db9c-48f4-bea5-9970078d352e_1635-43,2,1,1,1,d27c5c7e-db9c-48f4-bea5-9970078d352e,1.968785219439671
d27c5c7e-db9c-48f4-bea5-9970078d352e_87-62,3,0,0,1,d27c5c7e-db9c-48f4-bea5-9970078d352e,1.1873342520487606
d27c5c7e-db9c-48f4-bea5-9970078d352e_90-20,0,0,0,1,d27c5c7e-db9c-48f4-bea5-9970078d352e,1.0798193893233836
d2985e7b-6dc8-4c7e-9aef-40d633895aa0_1413-23,0,1,1,1,d2985e7b-6dc8-4c7e-9aef-40d633895aa0,-0.1215820021348124
d2985e7b-6dc8-4c7e-9aef-40d633895aa0_448-20,1,1,1,1,d2985e7b-6dc8-4c7e-9aef-40d633895aa0,0.7846998031747774
d29b209e-cbc7-40a7-a0d6-acf803b86c78_4-53,0,0,0,0,d29b209e-cbc7-40a7-a0d6-acf803b86c78,0.7458521490573022
d3279f4f-eea5-448f-a930-aafac6b668ac_1962-11,2,0,0,4,d3279f4f-eea5-448f-a930-aafac6b668ac,1.3567793282554166
d36cf2fd-8916-4b69-b7a2-e9743675fb38_3568-39,3,1,1,2,d36cf2fd-8916-4b69-b7a2-e9743675fb38,0.8235151123557527
d36cf2fd-8916-4b69-b7a2-e9743675fb38_3851-77,0,1,1,2,d36cf2fd-8916-4b69-b7a2-e9743675fb38,0.8248525391937713
d3980f7e-2ef1-4b2b-b73a-2a7db7465660_117-14,2,0,0,3,d3980f7e-2ef1-4b2b-b73a-2a7db7465660,0.066985135687605
d3980f7e-2ef1-4b2b-b73a-2a7db7465660_452-63,0,0,0,3,d3980f7e-2ef1-4b2b-b73a-2a7db7465660,-0.6451458922945008
d3a0899e-2093-454c-9f65-30087883193a_399-22,1,1,1,3,d3a0899e-2093-454c-9f65-30087883193a,0.718596584119358
d3dafc0b-c623-4c4b-9a4a-ee56538e257c_519-43,0,0,0,2,d3dafc0b-c623-4c4b-9a4a-ee56538e257c,0.30164304811374953
d3de44fb-a6e8-4815-b28f-798de4bfd7eb_1337-08,1,1,1,1,d3de44fb-a6e8-4815-b28f-798de4bfd7eb,0.8809141331219703
d3f76c88-5996-4da0-8b8f-6c1b8f85a4d8_18062-30,1,1,1,1,d3f76c88-5996-4da0-8b8f-6c1b8f85a4d8,1.3634512545363686
d3f76c88-5996-4da0-8b8f-6c1b8f85a4d8_5099-68,0,1,1,1,d3f76c88-5996-4da0-8b8f-6c1b8f85a4d8,-0.1040286756671891
d3f76c88-5996-4da0-8b8f-6c1b8f85a4d8_9209-81,0,1,1,1,d3f76c88-5996-4da0-8b8f-6c1b8f85a4d8,0.08152993613860127
d40be91b-85bb-4c47-ac18-52c4d044e3fc_13523-54,3,1,1,4,d40be91b-85bb-4c47-ac18-52c4d044e3fc,1.7399206934621314
d40be91b-85bb-4c47-ac18-52c4d044e3fc_2988-20,1,1,1,4,d40be91b-85bb-4c47-ac18-52c4d044e3fc,1.040393958183493
d40be91b-85bb-4c47-ac18-52c4d044e3fc_5905-56,1,1,1,4,d40be91b-85bb-4c47-ac18-52c4d044e3fc,-0.5116356243794512
d521d31b-83aa-48ef-9ccf-eee9773c50dc_3808-98,1,1,1,0,d521d31b-83aa-48ef-9ccf-eee9773c50dc,0.36690125774510673
d551e6e5-50b5-4eab-88df-f213e6509ea0_1428-48,2,1,1,4,d551e6e5-50b5-4eab-88df-f213e6509ea0,0.8140384610974722
d55c3204-8dfe-44c4-8822-d748e6fe6d8a_600-02,1,1,1,0,d55c3204-8dfe-44c4-8822-d748e6fe6d8a,2.9978763176907406
d55c3204-8dfe-44c4-8822-d748e6fe6d8a_759-81,1,1,1,0,d55c3204-8dfe-44c4-8822-d748e6fe6d8a,3.305190540272221
d6491872-31a0-4015-b9e1-ae992406f849_51-07,0,1,1,3,d6491872-31a0-4015-b9e1-ae992406f849,2.3035483567902553
d64fb34a-08fd-416c-ac6f-86a0813869a8_275-80,0,0,0,3,d64fb34a-08fd-416c-ac6f-86a0813869a8,0.5914065481172854
d64fb34a-08fd-416c-ac6f-86a0813869a8_290-32,1,1,1,3,d64fb34a-08fd-416c-ac6f-86a0813869a8,-0.28011279903378106
d64fb34a-08fd-416c-ac6f-86a0813869a8_437-60,1,0,0,3,d64fb34a-08fd-416c-ac6f-86a0813869a8,0.16475138051886518
d64fb34a-08fd-416c-ac6f-86a0813869a8_466-80,3,0,0,3,d64fb34a-08fd-416c-ac6f-86a0813869a8,0.43913665428669324
d64fb34a-08fd-416c-ac6f-86a0813869a8_494-32,1,0,0,3,d64fb34a-08fd-416c-ac6f-86a0813869a8,0.35276415328221433
d64fb34a-08fd-416c-ac6f-86a0813869a8_512-82,3,0,0,3,d64fb34a-08fd-416c-ac6f-86a0813869a8,0.37563777481283567
d64fb34a-08fd-416c-ac6f-86a0813869a8_810-92,1,0,0,3,d64fb34a-08fd-416c-ac6f-86a0813869a8,-0.9637512091436803
d66f42bb-822b-444a-bce0-ddd15b29bd1b_149-48,3,0,0,1,d66f42bb-822b-444a-bce0-ddd15b29bd1b,0.15134784417661562
d66f42bb-822b-444a-bce0-ddd15b29bd1b_7-30,2,0,0,1,d66f42bb-822b-444a-bce0-ddd15b29bd1b,0.5121312129353839
d6e0bff0-9501-4750-b97f-95f134f6618b_781-93,0,0,0,2,d6e0bff0-9501-4750-b97f-95f134f6618b,1.3932828932461985
d6f9d174-2d42-49e7-83e4-daa9e8b0aa25_1070-43,3,1,1,4,d6f9d174-2d42-49e7-83e4-daa9e8b0aa25,1.2896236372672307
d6f9d174-2d42-49e7-83e4-daa9e8b0aa25_1389-10,0,1,1,4,d6f9d174-2d42-49e7-83e4-daa9e8b0aa25,1.1516920397606225
d6f9d174-2d42-49e7-83e4-daa9e8b0aa25_211-63,0,1,1,4,d6f9d174-2d42-49e7-83e4-daa9e8b0aa25,1.9522410296594455
d6f9d174-2d42-49e7-83e4-daa9e8b0aa25_270-04,0,1,1,4,d6f9d174-2d42-49e7-83e4-daa9e8b0aa25,1.2216488652896529
d6f9d174-2d42-49e7-83e4-daa9e8b0aa25_432-24,3,1,1,4,d6f9d174-2d42-49e7-83e4-daa9e8b0aa25,0.07694108513051656
d6f9d174-2d42-49e7-83e4-daa9e8b0aa25_64-13,3,0,0,4,d6f9d174-2d42-49e7-83e4-daa9e8b0aa25,0.13275824513492296
d6f9d174-2d42-49e7-83e4-daa9e8b0aa25_831-84,3,0,0,4,d6f9d174-2d42-49e7-83e4-daa9e8b0aa25,0.1735990962098628
d70be6cb-867f-4657-9a87-5d44ab30527a_887-35,2,0,0,1,d70be6cb-867f-4657-9a87-5d44ab30527a,-0.25884244198651896
d730a47a-013d-4cd3-b478-370f2fb0d918_1149-88,2,0,0,0,d730a47a-013d-4cd3-b478-370f2fb0d918,0.7927633953655335
d7480d27-f607-4a5a-8c31-9d299f70a4b8_1934-95,2,0,0,0,d7480d27-f607-4a5a-8c31-9d299f70a4b8,0.3463525971893444
d7480d27-f607-4a5a-8c31-9d299f70a4b8_3616-43,2,1,1,0,d7480d27-f607-4a5a-8c31-9d299f70a4b8,0.6264817726655725
d7480d27-f607-4a5a-8c31-9d299f70a4b8_406-05,0,0,0,0,d7480d27-f607-4a5a-8c31-9d299f70a4b8,0.9600163846657508
d74c95ba-e072-44f8-bb2f-2631379af06d_1057-19,0,0,0,3,d74c95ba-e072-44f8-bb2f-2631379af06d,-0.05528359666908855
d752fc52-9592-4cb5-910b-d09bb39261fd_420-77,2,1,1,2,d752fc52-9592-4cb5-910b-d09bb39261fd,0.49012368235282966
d7d516f6-4ba0-4ea7-a18f-f943abc50ff8_869-60,1,1,1,2,d7d516f6-4ba0-4ea7-a18f-f943abc50ff8,0.20546260807540206
d813a821-8cc1-4700-a7a4-d4e6edfed26e_449-05,3,1,1,1,d813a821-8cc1-4700-a7a4-d4e6edfed26e,1.887634677797706
d813a821-8cc1-4700-a7a4-d4e6edfed26e_57-94,0,0,0,1,d813a821-8cc1-4700-a7a4-d4e6edfed26e,1.1438426646969317
d8915c4c-6534-4b0a-b46a-02a03d8031da_0-20,3,1,1,1,d8915c4c-6534-4b0a-b46a-02a03d8031da,-0.17359038273570704
d8936caf-0142-4ceb-bacc-70313a19f169_142-89,3,1,1,3,d8936caf-0142-4ceb-bacc-70313a19f169,1.1973279079452697
d8936caf-0142-4ceb-bacc-70313a19f169_660-34,2,1,1,3,d8936caf-0142-4ceb-bacc-70313a19f169,1.634096622879957
d8936caf-0142-4ceb-bacc-70313a19f169_694-31,3,0,0,3,d8936caf-0142-4ceb-bacc-70313a19f169,1.0864341248529112
d8936caf-0142-4ceb-bacc-70313a19f169_805-14,4,1,1,3,d8936caf-0142-4ceb-bacc-70313a19f169,0.6595290328076713
d8936caf-0142-4ceb-bacc-70313a19f169_888-66,1,0,0,3,d8936caf-0142-4ceb-bacc-70313a19f169,1.4167041298485565
d8c7bf34-0440-48b3-bf22-263d7c926074_109-23,3,0,0,0,d8c7bf34-0440-48b3-bf22-263d7c926074,0.8287885052089501
d9bc2b47-181e-4fea-b153-15272b1646e1_589-30,3,1,1,4,d9bc2b47-181e-4fea-b153-15272b1646e1,-0.361794864460687
daf5384b-ea5c-4cce-bb8a-540a360075bf_1127-92,2,1,1,3,daf5384b-ea5c-4cce-bb8a-540a360075bf,1.3612487658941843
daf5384b-ea5c-4cce-bb8a-540a360075bf_676-16,0,0,0,3,daf5384b-ea5c-4cce-bb8a-540a360075bf,0.18564034416442987
db00f224-0dba-4c50-975a-178e0e1033fe_290-41,0,0,0,3,db00f224-0dba-4c50-975a-178e0e1033fe,0.41672294397673526
db35b386-4c65-4c5e-a488-51b2aa5eb1fb_1982-83,2,0,0,4,db35b386-4c65-4c5e-a488-51b2aa5eb1fb,1.2089626120752945
db35b386-4c65-4c5e-a488-51b2aa5eb1fb_481-32,0,0,0,4,db35b386-4c65-4c5e-a488-51b2aa5eb1fb,0.8515356148714615
db35b386-4c65-4c5e-a488-51b2aa5eb1fb_554-63,2,0,0,4,db35b386-4c65-4c5e-a488-51b2aa5eb1fb,-0.08652874997265525
db35b386-4c65-4c5e-a488-51b2aa5eb1fb_589-73,0,0,0,4,db35b386-4c65-4c5e-a488-51b2aa5eb1fb,-0.2198093456612149
dbcca18b-4b62-4ba1-b799-a6a65231d084_2471-26,1,1,1,3,dbcca18b-4b62-4ba1-b799-a6a65231d084,0.18663510376261194
dbcca18b-4b62-4ba1-b799-a6a65231d084_3794-64,0,0,0,3,dbcca18b-4b62-4ba1-b799-a6a65231d084,0.22017692090640084
dbcca18b-4b62-4ba1-b799-a6a65231d084_3795-07,3,0,0,3,dbcca18b-4b62-4ba1-b799-a6a65231d084,0.012179767589183488
dc16fb2a-7caf-41f4-b2a3-d2ff8cd38255_65-68,0,1,1,2,dc16fb2a-7caf-41f4-b2a3-d2ff8cd38255,1.407217678999158
dc4d0940-b35c-4700-af77-5f13bb530ad8_1063-54,3,1,1,1,dc4d0940-b35c-4700-af77-5f13bb530ad8,1.1181881291883202
dca2e9e2-acde-49b7-8b0e-5a150e536769_3059-39,3,0,0,0,dca2e9e2-acde-49b7-8b0e-5a150e536769,-0.5926572195617773
dced4894-d13a-4222-941b-5e4ecf1e3299_1046-91,3,0,0,0,dced4894-d13a-4222-941b-5e4ecf1e3299,0.13769951268726044
dced4894-d13a-4222-941b-5e4ecf1e3299_1473-25,2,0,0,0,dced4894-d13a-4222-941b-5e4ecf1e3299,0.10945856913348129
dced4894-d13a-4222-941b-5e4ecf1e3299_629-13,1,1,1,0,dced4894-d13a-4222-941b-5e4ecf1e3299,0.3983367853582711
dced4894-d13a-4222-941b-5e4ecf1e3299_663-36,0,0,0,0,dced4894-d13a-4222-941b-5e4ecf1e3299,-0.4341251816001723
dd0aa717-59d8-4d8a-9f11-21be827fb184_1260-03,3,1,1,0,dd0aa717-59d8-4d8a-9f11-21be827fb184,0.8671114073433821
dd0aa717-59d8-4d8a-9f11-21be827fb184_406-80,0,0,0,0,dd0aa717-59d8-4d8a-9f11-21be827fb184,0.7180665996640836
dd0aa717-59d8-4d8a-9f11-21be827fb184_600-81,0,1,1,0,dd0aa717-59d8-4d8a-9f11-21be827fb184,0.6589903490437772
dd508a2a-1ea7-43d2-805a-8080eeae9985_1035-99,3,1,1,1,dd508a2a-1ea7-43d2-805a-8080eeae9985,0.19764563048010908
dd508a2a-1ea7-43d2-805a-8080eeae9985_1133-08,2,1,1,1,dd508a2a-1ea7-43d2-805a-8080eeae9985,0.7836862110573615
dd508a2a-1ea7-43d2-805a-8080eeae9985_27-58,0,0,0,1,dd508a2a-1ea7-43d2-805a-8080eeae9985,0.6065677578509832
dd508a2a-1ea7-43d2-805a-8080eeae9985_36-14,2,0,0,1,dd508a2a-1ea7-43d2-805a-8080eeae9985,0.5154882504279346
dd508a2a-1ea7-43d2-805a-8080eeae9985_856-81,1,1,1,1,dd508a2a-1ea7-43d2-805a-8080eeae9985,2.025910785542753
dd508a2a-1ea7-43d2-805a-8080eeae9985_886-44,1,1,1,1,dd508a2a-1ea7-43d2-805a-8080eeae9985,0.16431830578582618
dd5214e7-85bb-41b4-93e0-5ef34b8af687_1307-52,3,0,0,4,dd5214e7-85bb-41b4-93e0-5ef34b8af687,0.9583727658872467
dd82f801-fc96-4ced-b066-ad559da3faab_124-35,3,0,0,4,dd82f801-fc96-4ced-b066-ad559da3faab,0.8147623574530622
dd82f801-fc96-4ced-b066-ad559da3faab_1750-27,0,0,0,4,dd82f801-fc96-4ced-b066-ad559da3faab,0.9014316728105531
dd82f801-fc96-4ced-b066-ad559da3faab_1757-91,0,1,1,4,dd82f801-fc96-4ced-b066-ad559da3faab,0.5883938495930194
dd82f801-fc96-4ced-b066-ad559da3faab_1788-27,3,1,1,4,dd82f801-fc96-4ced-b066-ad559da3faab,0.5253753997667805
dd82f801-fc96-4ced-b066-ad559da3faab_284-37,1,0,0,4,dd82f801-fc96-4ced-b066-ad559da3faab,-0.15132050950723963
dd82f801-fc96-4ced-b066-ad559da3faab_601-49,3,1,1,4,dd82f801-fc96-4ced-b066-ad559da3faab,0.2360816753705297
dd82f801-fc96-4ced-b066-ad559da3faab_621-91,3,1,1,4,dd82f801-fc96-4ced-b066-ad559da3faab,0.5492975186780529
dd82f801-fc96-4ced-b066-ad559da3faab_818-04,2,0,0,4,dd82f801-fc96-4ced-b066-ad559da3faab,0.5328666734717769
dd82f801-fc96-4ced-b066-ad559da3faab_836-46,2,0,0,4,dd82f801-fc96-4ced-b066-ad559da3faab,0.7512766585822175
dd82f801-fc96-4ced-b066-ad559da3faab_905-66,2,0,0,4,dd82f801-fc96-4ced-b066-ad559da3faab,1.9197126102291917
de37a11d-1dcd-4f5b-9054-155093b3a073_1154-49,1,1,1,4,de37a11d-1dcd-4f5b-9054-155093b3a073,0.8640194221878614
de37a11d-1dcd-4f5b-9054-155093b3a073_1242-75,2,1,1,4,de37a11d-1dcd-4f5b-9054-155093b3a073,1.1042722206901154
de37a11d-1dcd-4f5b-9054-155093b3a073_6370-24,2,0,0,4,de37a11d-1dcd-4f5b-9054-155093b3a073,-0.5241167983809839
de37a11d-1dcd-4f5b-9054-155093b3a073_7411-22,1,0,0,4,de37a11d-1dcd-4f5b-9054-155093b3a073,1.3221595273004279
de37a11d-1dcd-4f5b-9054-155093b3a073_8700-46,3,1,1,4,de37a11d-1dcd-4f5b-9054-155093b3a073,1.5235021054563287
dedaa2ad-306d-47b3-a4c4-90b6b2c37e78_8149-03,2,0,0,3,dedaa2ad-306d-47b3-a4c4-90b6b2c37e78,0.42790975134644404
df0b81a6-826c-4e9b-8921-392304716c0e_525-16,0,1,1,2,df0b81a6-826c-4e9b-8921-392304716c0e,0.12288410852090981
df0b81a6-826c-4e9b-8921-392304716c0e_554-75,0,0,0,2,df0b81a6-826c-4e9b-8921-392304716c0e,0.19061676713555853
df1a31a9-6508-4d9d-b1c7-cffc7bcc5d29_41-87,1,0,0,0,df1a31a9-6508-4d9d-b1c7-cffc7bcc5d29,0.2693946920445025
df630387-82c6-4c90-95e8-6ba558c907a2_202-79,0,1,1,1,df630387-82c6-4c90-95e8-6ba558c907a2,0.8171010049809191
dfd0bc0c-28fc-4302-9a75-77df6c53ab31_658-80,3,1,1,2,dfd0bc0c-28fc-4302-9a75-77df6c53ab31,0.6687040285586412
dfe44f90-17f9-43eb-adf4-da35f15002ed_1647-36,2,0,0,4,dfe44f90-17f9-43eb-adf4-da35f15002ed,1.5837408203128351
dfe44f90-17f9-43eb-adf4-da35f15002ed_825-32,1,1,1,4,dfe44f90-17f9-43eb-adf4-da35f15002ed,0.3351102684822498
e00d8164-9996-48ed-8645-bb88ab30cc09_113-51,1,1,1,3,e00d8164-9996-48ed-8645-bb88ab30cc09,2.0582060744384254
e0d46807-4c3b-44a0-ac59-cb970c8d5a5a_6-18,0,1,1,4,e0d46807-4c3b-44a0-ac59-cb970c8d5a5a,1.0249659654404426
e14bb000-250b-4f3d-aec6-e72d4f29d123_1299-73,1,1,1,2,e14bb000-250b-4f3d-aec6-e72d4f29d123,1.6913760474883142
e14bb000-250b-4f3d-aec6-e72d4f29d123_367-23,0,1,1,2,e14bb000-250b-4f3d-aec6-e72d4f29d123,0.20437480497848948
e14bb000-250b-4f3d-aec6-e72d4f29d123_968-06,2,0,0,2,e14bb000-250b-4f3d-aec6-e72d4f29d123,0.5627578058078613
e14bb000-250b-4f3d-aec6-e72d4f29d123_97-24,2,1,1,2,e14bb000-250b-4f3d-aec6-e72d4f29d123,0.054000362333321617
e14bb000-250b-4f3d-aec6-e72d4f29d123_977-37,0,1,1,2,e14bb000-250b-4f3d-aec6-e72d4f29d123,1.2235562700163842
e18a43a4-1e7b-4478-bc7f-16cb55a8ac16_875-97,1,1,1,3,e18a43a4-1e7b-4478-bc7f-16cb55a8ac16,1.2760435764452924
e1b0b312-ce2d-41a0-be5a-70c807fcc5ef_2287-10,1,1,1,3,e1b0b312-ce2d-41a0-be5a-70c807fcc5ef,0.7763912399850081
e1b0b312-ce2d-41a0-be5a-70c807fcc5ef_2428-09,0,1,1,3,e1b0b312-ce2d-41a0-be5a-70c807fcc5ef,0.20265432770967395
e21a6f09-3df0-4bfb-a23b-47a1866aadf1_511-16,3,1,1,1,e21a6f09-3df0-4bfb-a23b-47a1866aadf1,1.1449188923931668
e21a6f09-3df0-4bfb-a23b-47a1866aadf1_526-23,1,0,0,1,e21a6f09-3df0-4bfb-a23b-47a1866aadf1,2.0864998541162922
e21a6f09-3df0-4bfb-a23b-47a1866aadf1_540-06,2,0,0,1,e21a6f09-3df0-4bfb-a23b-47a1866aadf1,0.4079802359939828
e2a1583d-7460-4d02-ac29-6968f16812c3_338-61,0,0,0,2,e2a1583d-7460-4d02-ac29-6968f16812c3,-0.13675543124481004
e2dd39cb-63e2-4ebb-b99a-ad7ff579b048_78-33,1,0,0,1,e2dd39cb-63e2-4ebb-b99a-ad7ff579b048,1.0867179094623152
e2e46fb1-9014-426b-9bd4-ea0b995feb31_1007-32,0,1,1,0,e2e46fb1-9014-426b-9bd4-ea0b995feb31,1.40698559031352
e3283ef1-1659-4d5c-a09d-fd0f4df98aba_73-31,1,1,1,4,e3283ef1-1659-4d5c-a09d-fd0f4df98aba,1.2368678735327663
e339898f-5e79-4723-89d7-44ba33b163de_500-86,3,1,1,3,e339898f-5e79-4723-89d7-44ba33b163de,0.34805776333327776
e3f37c38-bf24-481f-b1c6-8d472fab4290_1679-92,1,0,0,4,e3f37c38-bf24-481f-b1c6-8d472fab4290,0.7134154325180959
e3f37c38-bf24-481f-b1c6-8d472fab4290_3800-16,0,1,1,4,e3f37c38-bf24-481f-b1c6-8d472fab4290,-0.23068537546434809
e3f37c38-bf24-481f-b1c6-8d472fab4290_5304-28,1,1,1,4,e3f37c38-bf24-481f-b1c6-8d472fab4290,0.8833495160549854
e402df54-0a64-424e-a7e6-3e68b18a761c_1045-12,1,1,1,2,e402df54-0a64-424e-a7e6-3e68b18a761c,1.3604099563554266
e402df54-0a64-424e-a7e6-3e68b18a761c_1064-59,1,0,0,2,e402df54-0a64-424e-a7e6-3e68b18a761c,0.43942824975033523
e402df54-0a64-424e-a7e6-3e68b18a761c_242-70,0,0,0,2,e402df54-0a64-424e-a7e6-3e68b18a761c,0.6514702915852486
e402df54-0a64-424e-a7e6-3e68b18a761c_62-43,3,1,1,2,e402df54-0a64-424e-a7e6-3e68b18a761c,1.1801212858963788
e54d654b-86ca-4219-bbf4-68575fffa098_2992-60,1,0,0,2,e54d654b-86ca-4219-bbf4-68575fffa098,0.18087822748873172
e55e4faf-dec5-40ee-b375-f0b049b9b280_285-98,4,0,0,1,e55e4faf-dec5-40ee-b375-f0b049b9b280,1.4955162329665745
e55e4faf-dec5-40ee-b375-f0b049b9b280_342-72,1,0,0,1,e55e4faf-dec5-40ee-b375-f0b049b9b280,0.43607191141796475
e579ef82-c68f-44dc-8b0f-7fe62e20974c_2509-16,0,1,1,1,e579ef82-c68f-44dc-8b0f-7fe62e20974c,0.9657494518181073
e58207f1-84ec-424b-a997-ff64a57eb13b_1893-21,1,0,0,3,e58207f1-84ec-424b-a997-ff64a57eb13b,0.001849104620298414
e58207f1-84ec-424b-a997-ff64a57eb13b_3524-37,1,1,1,3,e58207f1-84ec-424b-a997-ff64a57eb13b,0.7494239916054495
e5d2cc2c-0a36-4bad-bf50-bc9347e99eca_1120-59,0,1,1,0,e5d2cc2c-0a36-4bad-bf50-bc9347e99eca,0.5963975476788579
e5fea731-7b32-4857-a86b-587eda0ff334_979-09,0,0,0,4,e5fea731-7b32-4857-a86b-587eda0ff334,0.539098706118418
e623faab-101a-41a6-83ac-8e22b4371aba_1053-43,2,1,1,3,e623faab-101a-41a6-83ac-8e22b4371aba,1.0421734461145848
e623faab-101a-41a6-83ac-8e22b4371aba_1141-39,0,1,1,3,e623faab-101a-41a6-83ac-8e22b4371aba,1.4471481298366107
e623faab-101a-41a6-83ac-8e22b4371aba_357-75,1,0,0,3,e623faab-101a-41a6-83ac-8e22b4371aba,1.2340128843492355
e65cdb37-b00c-44b1-909f-068022d804cb_868-94,1,1,1,3,e65cdb37-b00c-44b1-909f-068022d804cb,0.8061243423377604
e6958f57-5769-46f6-be27-b879059ff2a4_927-40,3,1,1,2,e6958f57-5769-46f6-be27-b879059ff2a4,0.31771292156292774
e6b7692d-5e35-4524-8d2a-385475b95806_1667-07,3,0,0,1,e6b7692d-5e35-4524-8d2a-385475b95806,0.6667464626499526
e6b7692d-5e35-4524-8d2a-385475b95806_3085-37,0,0,0,1,e6b7692d-5e35-4524-8d2a-385475b95806,1.1382451258681596
e6d852dd-2510-482f-ad25-3d731388ea44_0-00,0,1,1,2,e6d852dd-2510-482f-ad25-3d731388ea44,1.306110726661247
e6d852dd-2510-482f-ad25-3d731388ea44_105-51,3,1,1,2,e6d852dd-2510-482f-ad25-3d731388ea44,0.5957719259696281
e6d852dd-2510-482f-ad25-3d731388ea44_141-52,3,0,0,2,e6d852dd-2510-482f-ad25-3d731388ea44,0.7654352095861499
e6e3919c-7c2e-491e-bde8-053715f0d851_1353-28,2,1,1,3,e6e3919c-7c2e-491e-bde8-053715f0d851,1.1963488532273514
e6e3919c-7c2e-491e-bde8-053715f0d851_466-43,1,0,0,3,e6e3919c-7c2e-491e-bde8-053715f0d851,0.2761234630612943
e6e3919c-7c2e-491e-bde8-053715f0d851_472-28,3,1,1,3,e6e3919c-7c2e-491e-bde8-053715f0d851,2.2793720938073454
e6f1accd-e18d-43ec-b854-e7633b15cbf7_1189-37,1,0,0,4,e6f1accd-e18d-43ec-b854-e7633b15cbf7,0.025737514501517733
e6f1accd-e18d-43ec-b854-e7633b15cbf7_1189-42,0,0,0,4,e6f1accd-e18d-43ec-b854-e7633b15cbf7,0.8559754451542672
e6fdec5a-21e1-43e8-b662-9376538394d5_3510-00,2,0,0,1,e6fdec5a-21e1-43e8-b662-9376538394d5,1.326975281113514
e70f4b34-432f-47dc-834f-5bc6bd67dc62_166-47,3,1,1,3,e70f4b34-432f-47dc-834f-5bc6bd67dc62,1.596771335746797
e70f4b34-432f-47dc-834f-5bc6bd67dc62_676-86,3,1,1,3,e70f4b34-432f-47dc-834f-5bc6bd67dc62,1.1231005451897338
e70f4b34-432f-47dc-834f-5bc6bd67dc62_78-75,0,1,1,3,e70f4b34-432f-47dc-834f-5bc6bd67dc62,1.455055696924871
e7752106-8e0c-47b5-a639-e701e659718c_740-06,1,0,0,0,e7752106-8e0c-47b5-a639-e701e659718c,2.4950766370594977
e7eead9a-5f4e-47af-8f54-2dd3fd453a2d_49-96,2,0,0,4,e7eead9a-5f4e-47af-8f54-2dd3fd453a2d,-0.003991029890483722
e7eead9a-5f4e-47af-8f54-2dd3fd453a2d_55-37,3,1,1,4,e7eead9a-5f4e-47af-8f54-2dd3fd453a2d,-0.25138028004825097
e87752b1-35a5-4cd7-9b95-a4b28129f9f3_932-40,1,1,1,4,e87752b1-35a5-4cd7-9b95-a4b28129f9f3,1.1803649308520874
e8ed2917-9442-4237-b15e-cd0b6c839d38_167-12,1,0,0,3,e8ed2917-9442-4237-b15e-cd0b6c839d38,0.28895591191275494
e9343bd2-cd48-4abe-902a-3d3f6a0b51d8_1795-21,3,0,0,2,e9343bd2-cd48-4abe-902a-3d3f6a0b51d8,1.9661280843972349
e9343bd2-cd48-4abe-902a-3d3f6a0b51d8_1810-91,1,1,1,2,e9343bd2-cd48-4abe-902a-3d3f6a0b51d8,0.0025864577823095924
e9350702-f77c-4112-9f57-3ed08bc4b98a_0-04,2,0,0,2,e9350702-f77c-4112-9f57-3ed08bc4b98a,0.11747289844089526
e93fdf27-c14c-4794-b4b7-20685b40156f_1304-45,0,1,1,0,e93fdf27-c14c-4794-b4b7-20685b40156f,1.6372748722636175
e93fdf27-c14c-4794-b4b7-20685b40156f_1313-69,1,1,1,0,e93fdf27-c14c-4794-b4b7-20685b40156f,0.5500216143250536
e95dbd21-3017-48f5-8f36-46531f053ab1_339-47,3,1,1,3,e95dbd21-3017-48f5-8f36-46531f053ab1,1.43723770043181
e95dbd21-3017-48f5-8f36-46531f053ab1_424-29,1,1,1,3,e95dbd21-3017-48f5-8f36-46531f053ab1,2.051428379517895
e95dbd21-3017-48f5-8f36-46531f053ab1_547-92,1,1,1,3,e95dbd21-3017-48f5-8f36-46531f053ab1,1.8808863374300797
e95dbd21-3017-48f5-8f36-46531f053ab1_835-77,2,1,1,3,e95dbd21-3017-48f5-8f36-46531f053ab1,1.0506006846583755
e9957d35-9c4d-44cc-b3b6-267dfa13841a_896-74,2,0,0,1,e9957d35-9c4d-44cc-b3b6-267dfa13841a,0.17532361055659007
e99a32fa-19c9-41e6-be66-37869bd26583_542-40,0,1,1,0,e99a32fa-19c9-41e6-be66-37869bd26583,1.9415537626502997
e9e0f26d-3005-436a-a70f-7d99977808c8_1359-76,2,1,1,4,e9e0f26d-3005-436a-a70f-7d99977808c8,-0.1282349072304847
e9e0f26d-3005-436a-a70f-7d99977808c8_1362-45,3,1,1,4,e9e0f26d-3005-436a-a70f-7d99977808c8,1.3789176854455043
e9e0f26d-3005-436a-a70f-7d99977808c8_1554-09,0,0,0,4,e9e0f26d-3005-436a-a70f-7d99977808c8,0.0830757759632228
e9e0f26d-3005-436a-a70f-7d99977808c8_1690-81,1,0,0,4,e9e0f26d-3005-436a-a70f-7d99977808c8,1.9639061929079684
e9ea573a-3972-48ea-b946-6cb069497bab_1785-52,1,0,0,4,e9ea573a-3972-48ea-b946-6cb069497bab,1.2509921808407172
ea1818bb-a882-4de4-9e31-993f4cb98aa1_1361-82,2,1,1,2,ea1818bb-a882-4de4-9e31-993f4cb98aa1,0.26216298348458
ea1818bb-a882-4de4-9e31-993f4cb98aa1_1362-76,0,1,1,2,ea1818bb-a882-4de4-9e31-993f4cb98aa1,0.8159643898099782
ea1818bb-a882-4de4-9e31-993f4cb98aa1_622-65,0,1,1,2,ea1818bb-a882-4de4-9e31-993f4cb98aa1,1.9125602386404847
ea417823-8ca0-417c-8901-114fa4f2d47f_254-62,2,1,1,3,ea417823-8ca0-417c-8901-114fa4f2d47f,1.2411200410982595
ea417823-8ca0-417c-8901-114fa4f2d47f_258-70,1,0,0,3,ea417823-8ca0-417c-8901-114fa4f2d47f,0.4506984086916841
ea5bb387-a22a-4b49-8aa5-35cbf0d3563d_205-22,0,0,0,2,ea5bb387-a22a-4b49-8aa5-35cbf0d3563d,0.7248009098973913
ea5bb387-a22a-4b49-8aa5-35cbf0d3563d_32-89,0,1,1,2,ea5bb387-a22a-4b49-8aa5-35cbf0d3563d,-0.16773604820455823
eaa560d5-6432-4030-a03a-b6ba512e621d_61-64,0,0,0,4,eaa560d5-6432-4030-a03a-b6ba512e621d,0.2380989311668944
eabf19d3-4e52-4aee-8f14-5118626a078f_778-52,3,1,1,1,eabf19d3-4e52-4aee-8f14-5118626a078f,2.1007928566924434
eb20bebd-41e5-4a02-aa7e-73d3da5bc97e_1106-81,0,1,1,2,eb20bebd-41e5-4a02-aa7e-73d3da5bc97e,1.2215794280188415
eb20bebd-41e5-4a02-aa7e-73d3da5bc97e_1223-78,1,1,1,2,eb20bebd-41e5-4a02-aa7e-73d3da5bc97e,0.9057921073130739
eb20bebd-41e5-4a02-aa7e-73d3da5bc97e_1253-80,1,1,1,2,eb20bebd-41e5-4a02-aa7e-73d3da5bc97e,0.7041526383774626
eb20bebd-41e5-4a02-aa7e-73d3da5bc97e_1624-37,1,1,1,2,eb20bebd-41e5-4a02-aa7e-73d3da5bc97e,1.7758547266363922
eb20bebd-41e5-4a02-aa7e-73d3da5bc97e_275-45,3,0,0,2,eb20bebd-41e5-4a02-aa7e-73d3da5bc97e,0.7718899942258002
eb20bebd-41e5-4a02-aa7e-73d3da5bc97e_389-33,2,0,0,2,eb20bebd-41e5-4a02-aa7e-73d3da5bc97e,0.9462396265312032
eb20bebd-41e5-4a02-aa7e-73d3da5bc97e_68-58,2,0,0,2,eb20bebd-41e5-4a02-aa7e-73d3da5bc97e,0.6532340360162547
eb20bebd-41e5-4a02-aa7e-73d3da5bc97e_70-42,1,1,1,2,eb20bebd-41e5-4a02-aa7e-73d3da5bc97e,1.757474606565836
eb2c9739-dba0-479c-81b7-9dda51c4ac20_1388-02,1,1,1,1,eb2c9739-dba0-479c-81b7-9dda51c4ac20,0.09814354059842567
eb2c9739-dba0-479c-81b7-9dda51c4ac20_1465-40,3,0,0,1,eb2c9739-dba0-479c-81b7-9dda51c4ac20,0.5460003005672174
eb2c9739-dba0-479c-81b7-9dda51c4ac20_148-23,0,1,1,1,eb2c9739-dba0-479c-81b7-9dda51c4ac20,0.4005090305809105
eb2c9739-dba0-479c-81b7-9dda51c4ac20_1679-45,3,1,1,1,eb2c9739-dba0-479c-81b7-9dda51c4ac20,0.33495721406963797
eb2c9739-dba0-479c-81b7-9dda51c4ac20_249-20,0,1,1,1,eb2c9739-dba0-479c-81b7-9dda51c4ac20,1.1513452862097149
eb2c9739-dba0-479c-81b7-9dda51c4ac20_275-35,1,1,1,1,eb2c9739-dba0-479c-81b7-9dda51c4ac20,0.24897111168606512
eb575f9b-6a52-45fb-98d8-5e9dbdd8dd63_703-22,0,1,1,0,eb575f9b-6a52-45fb-98d8-5e9dbdd8dd63,1.3839445808552884
eb5cb2b0-59e6-45da-af1b-ba86c7ab0b54_1263-17,1,1,1,1,eb5cb2b0-59e6-45da-af1b-ba86c7ab0b54,0.616298852172086
eb5cb2b0-59e6-45da-af1b-ba86c7ab0b54_705-79,1,1,1,1,eb5cb2b0-59e6-45da-af1b-ba86c7ab0b54,0.7491871125312615
eb5cb2b0-59e6-45da-af1b-ba86c7ab0b54_824-48,2,1,1,1,eb5cb2b0-59e6-45da-af1b-ba86c7ab0b54,0.022073551433297478
eb5cb2b0-59e6-45da-af1b-ba86c7ab0b54_922-64,0,0,0,1,eb5cb2b0-59e6-45da-af1b-ba86c7ab0b54,0.462905578212812
eb81442c-a322-49ea-b243-a39d2e288b9b_414-51,1,1,1,4,eb81442c-a322-49ea-b243-a39d2e288b9b,1.5819023578341338
eb81442c-a322-49ea-b243-a39d2e288b9b_838-90,3,1,1,4,eb81442c-a322-49ea-b243-a39d2e288b9b,1.6620764418026588
ec02ed27-b697-44b0-ae18-a9275205bfee_9-72,0,1,1,4,ec02ed27-b697-44b0-ae18-a9275205bfee,1.0198625775360748
ec3556de-be79-4ad4-aa0f-eaca48abb5d5_547-69,1,0,0,2,ec3556de-be79-4ad4-aa0f-eaca48abb5d5,0.48170756847787266
ec75d692-c261-4df5-9939-b0edfaa309a5_1168-60,0,1,1,1,ec75d692-c261-4df5-9939-b0edfaa309a5,1.7247885263990226
ec85a806-d47f-4555-8c4c-20f59927e580_1424-09,0,0,0,0,ec85a806-d47f-4555-8c4c-20f59927e580,-0.9684167395009753
ec85a806-d47f-4555-8c4c-20f59927e580_1435-56,2,0,0,0,ec85a806-d47f-4555-8c4c-20f59927e580,0.5988166697979573
ec85a806-d47f-4555-8c4c-20f59927e580_3835-48,0,1,1,0,ec85a806-d47f-4555-8c4c-20f59927e580,0.9778546429815576
ec85a806-d47f-4555-8c4c-20f59927e580_909-71,0,0,0,0,ec85a806-d47f-4555-8c4c-20f59927e580,0.07612132797764048
ec86fee5-ee10-46c5-b835-07c8a8d9651e_362-34,2,1,1,0,ec86fee5-ee10-46c5-b835-07c8a8d9651e,0.8669144500964858
ecdc4071-1903-4024-a357-d0082720168e_107-60,1,1,1,0,ecdc4071-1903-4024-a357-d0082720168e,-0.024049613860724905
ecdc4071-1903-4024-a357-d0082720168e_115-49,3,0,0,0,ecdc4071-1903-4024-a357-d0082720168e,0.2565594387161627
ecdc4071-1903-4024-a357-d0082720168e_125-53,0,0,0,0,ecdc4071-1903-4024-a357-d0082720168e,-0.0004087047775935826
ecdc4071-1903-4024-a357-d0082720168e_295-94,0,0,0,0,ecdc4071-1903-4024-a357-d0082720168e,0.02363069294895359
ecdc4071-1903-4024-a357-d0082720168e_3-20,1,0,0,0,ecdc4071-1903-4024-a357-d0082720168e,1.038467234103722
ecdc4071-1903-4024-a357-d0082720168e_44-12,2,1,1,0,ecdc4071-1903-4024-a357-d0082720168e,0.1618026146686966
ecdc4071-1903-4024-a357-d0082720168e_454-42,1,0,0,0,ecdc4071-1903-4024-a357-d0082720168e,-0.9243605050538835
ed027cb2-5b92-4de2-ab58-69d42325ef15_1281-72,0,1,1,3,ed027cb2-5b92-4de2-ab58-69d42325ef15,2.165471013862258
ed027cb2-5b92-4de2-ab58-69d42325ef15_266-43,0,0,0,3,ed027cb2-5b92-4de2-ab58-69d42325ef15,0.4963916260825345
ed027cb2-5b92-4de2-ab58-69d42325ef15_890-73,1,0,0,3,ed027cb2-5b92-4de2-ab58-69d42325ef15,1.447648596271435
ed027cb2-5b92-4de2-ab58-69d42325ef15_965-69,0,1,1,3,ed027cb2-5b92-4de2-ab58-69d42325ef15,-0.06428326198070633
ed31f134-b3f0-4f50-b8ae-d956b2f9ccfd_2025-02,2,0,0,4,ed31f134-b3f0-4f50-b8ae-d956b2f9ccfd,-0.2260005983327602
ed792c47-5cb3-427c-a0e9-5dac33456e6a_1026-89,3,1,1,2,ed792c47-5cb3-427c-a0e9-5dac33456e6a,0.9200899579413524
ed792c47-5cb3-427c-a0e9-5dac33456e6a_3277-79,1,0,0,2,ed792c47-5cb3-427c-a0e9-5dac33456e6a,0.5019585897721381
ed792c47-5cb3-427c-a0e9-5dac33456e6a_3373-63,3,0,0,2,ed792c47-5cb3-427c-a0e9-5dac33456e6a,0.26017496260602146
ed792c47-5cb3-427c-a0e9-5dac33456e6a_38-58,1,1,1,2,ed792c47-5cb3-427c-a0e9-5dac33456e6a,-0.022184496062463976
ed792c47-5cb3-427c-a0e9-5dac33456e6a_662-64,1,1,1,2,ed792c47-5cb3-427c-a0e9-5dac33456e6a,-0.7158863854910309
ed792c47-5cb3-427c-a0e9-5dac33456e6a_968-42,3,1,1,2,ed792c47-5cb3-427c-a0e9-5dac33456e6a,0.15859556818982834
edaf03e3-3021-4140-8434-dc9e744ae492_178-18,2,0,0,3,edaf03e3-3021-4140-8434-dc9e744ae492,0.5302677428078442
edd0cb68-87be-4cfe-9f2d-b0b64ea8d3e2_2291-45,0,0,0,4,edd0cb68-87be-4cfe-9f2d-b0b64ea8d3e2,1.0377693516662907
edd0cb68-87be-4cfe-9f2d-b0b64ea8d3e2_4865-28,2,1,1,4,edd0cb68-87be-4cfe-9f2d-b0b64ea8d3e2,2.0351592238386416
ede3176b-2e12-4d2d-b9e2-40a2c4e93916_78-06,0,1,1,2,ede3176b-2e12-4d2d-b9e2-40a2c4e93916,-0.22409423343673018
ee1eea29-aaad-41a4-b299-c72ed26c9da5_801-68,2,1,1,1,ee1eea29-aaad-41a4-b299-c72ed26c9da5,1.6500914370395836
ee3c00d5-9759-43b3-9116-3375227aadfd_15-30,1,1,1,0,ee3c00d5-9759-43b3-9116-3375227aadfd,1.0148017250539216
ee708878-5d10-4bf3-bd8a-6d72d5cceca6_570-90,3,0,0,4,ee708878-5d10-4bf3-bd8a-6d72d5cceca6,0.5014144432417753
eea4b231-055e-4c4e-8f95-8dd043601da6_1144-34,1,0,0,3,eea4b231-055e-4c4e-8f95-8dd043601da6,0.20096041788521357
eefcde42-5ea1-4a85-9f34-72c3ceca50f6_817-78,0,1,1,1,eefcde42-5ea1-4a85-9f34-72c3ceca50f6,1.422619043197577
ef641454-94d5-4fe4-bf21-710144143967_723-67,3,1,1,0,ef641454-94d5-4fe4-bf21-710144143967,0.9163732314991626
ef641454-94d5-4fe4-bf21-710144143967_760-02,3,1,1,0,ef641454-94d5-4fe4-bf21-710144143967,0.4755340449198968
f0041c6c-06b2-4c3b-b8e6-934305b4226e_3757-69,0,1,1,1,f0041c6c-06b2-4c3b-b8e6-934305b4226e,0.3461865395742558
f0041c6c-06b2-4c3b-b8e6-934305b4226e_6185-52,4,1,1,1,f0041c6c-06b2-4c3b-b8e6-934305b4226e,1.9679229041458226
f0041c6c-06b2-4c3b-b8e6-934305b4226e_6269-35,0,1,1,1,f0041c6c-06b2-4c3b-b8e6-934305b4226e,3.2389980517837227
f00ec54c-9ed4-4a23-9cd7-f8728cb9d6c7_1080-52,2,0,0,3,f00ec54c-9ed4-4a23-9cd7-f8728cb9d6c7,0.6013836248411817
f00ec54c-9ed4-4a23-9cd7-f8728cb9d6c7_1322-65,0,1,1,3,f00ec54c-9ed4-4a23-9cd7-f8728cb9d6c7,2.491680474698998
f0b8d19e-28c0-4d11-bb2d-5c6576eb7dcb_138-10,1,0,0,3,f0b8d19e-28c0-4d11-bb2d-5c6576eb7dcb,0.5446863558373507
f0b8d19e-28c0-4d11-bb2d-5c6576eb7dcb_67-04,1,1,1,3,f0b8d19e-28c0-4d11-bb2d-5c6576eb7dcb,1.086180407584048
f1253f94-69c2-4f65-b8dc-e0f24c7677b4_1541-37,2,1,1,0,f1253f94-69c2-4f65-b8dc-e0f24c7677b4,0.43301072709083854
f17f0d96-4d93-4e4b-83c5-fddfbc581bb3_963-95,0,0,0,0,f17f0d96-4d93-4e4b-83c5-fddfbc581bb3,1.0654277586081884
f1b5ae1e-742c-4802-9e61-ff8aae83e12e_459-05,3,0,0,4,f1b5ae1e-742c-4802-9e61-ff8aae83e12e,0.12468928221027142
f1f8d17c-3d2a-4a2a-9482-0a8e385e77ae_365-24,0,0,0,3,f1f8d17c-3d2a-4a2a-9482-0a8e385e77ae,1.9607092181552814
f2017e02-2e5b-419c-8216-5a256a925c68_269-97,2,1,1,2,f2017e02-2e5b-419c-8216-5a256a925c68,0.7424884935647755
f22115b5-b9be-4e30-8576-7c1fcecec480_12-52,3,1,1,1,f22115b5-b9be-4e30-8576-7c1fcecec480,0.015051116034064282
f22115b5-b9be-4e30-8576-7c1fcecec480_21-27,3,1,1,1,f22115b5-b9be-4e30-8576-7c1fcecec480,0.21083535006310528
f2420e55-e559-40e1-9c96-863c6be763fd_1649-73,1,1,1,1,f2420e55-e559-40e1-9c96-863c6be763fd,1.2899033074912232
f246429f-404e-4023-9b82-bfe6bf1e50cd_78-11,0,1,1,0,f246429f-404e-4023-9b82-bfe6bf1e50cd,0.7020749548975815
f26eb8a6-2ac4-4aa4-a500-1e738d8c8b13_1596-52,0,1,1,4,f26eb8a6-2ac4-4aa4-a500-1e738d8c8b13,0.05984269046083002
f330e671-6ad4-49d4-8d59-e2493119ac43_8211-68,3,1,1,4,f330e671-6ad4-49d4-8d59-e2493119ac43,0.9970432858473179
f330e671-6ad4-49d4-8d59-e2493119ac43_9479-43,3,1,1,4,f330e671-6ad4-49d4-8d59-e2493119ac43,0.39518801196498976
f374039b-7f08-4dc3-af64-4e9ff61db531_2262-81,0,0,0,1,f374039b-7f08-4dc3-af64-4e9ff61db531,-0.5437951728213343
f374039b-7f08-4dc3-af64-4e9ff61db531_425-13,0,0,0,1,f374039b-7f08-4dc3-af64-4e9ff61db531,1.7595137494247453
f3c557d2-1170-4979-9a70-96d9b51fa987_228-25,2,1,1,0,f3c557d2-1170-4979-9a70-96d9b51fa987,1.1838570233801913
f3c557d2-1170-4979-9a70-96d9b51fa987_265-90,0,0,0,0,f3c557d2-1170-4979-9a70-96d9b51fa987,0.5741125739444475
f488287d-ea74-4836-9ea4-e137ac6c8233_333-32,2,1,1,3,f488287d-ea74-4836-9ea4-e137ac6c8233,0.8207190098110906
f51552ce-3d91-448c-8770-9800a6b5aa50_1666-29,1,1,1,2,f51552ce-3d91-448c-8770-9800a6b5aa50,1.1873282433853336
f543a47a-c081-481b-a415-cfe732ad74fe_1737-03,1,1,1,1,f543a47a-c081-481b-a415-cfe732ad74fe,0.8296155231673443
f576f1bf-5433-488b-8833-8320f087e72b_48-29,1,1,1,3,f576f1bf-5433-488b-8833-8320f087e72b,0.21211154647480357
f5778003-9aea-4ca0-9398-69299ba0331c_124-11,2,0,0,2,f5778003-9aea-4ca0-9398-69299ba0331c,-0.6167664303171053
f58900c3-5747-447c-9fa2-04c608e7f40a_18-05,3,0,0,0,f58900c3-5747-447c-9fa2-04c608e7f40a,0.030254874252668706
f58900c3-5747-447c-9fa2-04c608e7f40a_18-07,2,1,1,0,f58900c3-5747-447c-9fa2-04c608e7f40a,0.06365362630089444
f5ac654b-8f39-427b-856f-4a9a2d4a3020_9-20,0,0,0,4,f5ac654b-8f39-427b-856f-4a9a2d4a3020,0.5223739806504655
f5accd2a-0799-4345-9e0d-eb8d87a677a4_1449-87,0,0,0,3,f5accd2a-0799-4345-9e0d-eb8d87a677a4,0.7591360564867031
f5bdefb3-f57c-4270-bf31-7939ecd45c86_1289-58,1,0,0,2,f5bdefb3-f57c-4270-bf31-7939ecd45c86,0.7246016960096222
f5bdefb3-f57c-4270-bf31-7939ecd45c86_1324-59,1,0,0,2,f5bdefb3-f57c-4270-bf31-7939ecd45c86,1.1704355607130084
f5bdefb3-f57c-4270-bf31-7939ecd45c86_1815-24,0,0,0,2,f5bdefb3-f57c-4270-bf31-7939ecd45c86,0.6079553870672423
f5bdefb3-f57c-4270-bf31-7939ecd45c86_2347-29,1,0,0,2,f5bdefb3-f57c-4270-bf31-7939ecd45c86,0.4297615780834909
f5bdefb3-f57c-4270-bf31-7939ecd45c86_788-76,3,0,0,2,f5bdefb3-f57c-4270-bf31-7939ecd45c86,0.5930003491033915
f62011c7-dd9b-4dd7-abbb-d4cb891c388e_1080-00,0,0,0,3,f62011c7-dd9b-4dd7-abbb-d4cb891c388e,0.9806331758777986
f668b2c9-d376-411b-96e5-7d7379fae824_107-18,0,1,1,1,f668b2c9-d376-411b-96e5-7d7379fae824,1.4865322140401387
f668b2c9-d376-411b-96e5-7d7379fae824_151-21,1,1,1,1,f668b2c9-d376-411b-96e5-7d7379fae824,0.9358967105180394
f6da4761-4774-4e05-bb2a-beca6db68f51_2233-75,3,1,1,2,f6da4761-4774-4e05-bb2a-beca6db68f51,0.7764763567100905
f6da4761-4774-4e05-bb2a-beca6db68f51_4196-85,1,0,0,2,f6da4761-4774-4e05-bb2a-beca6db68f51,0.7514540033395201
f7148e30-2ded-4d14-a8bb-f50813da26df_84-22,0,1,1,2,f7148e30-2ded-4d14-a8bb-f50813da26df,-0.53031044411677
f77f437c-4e60-43ef-a5e1-ce3881409455_1543-97,1,0,0,1,f77f437c-4e60-43ef-a5e1-ce3881409455,0.2132060915149463
f7d99eca-11d5-4d45-8d60-695c3cb2f07c_431-32,0,1,1,0,f7d99eca-11d5-4d45-8d60-695c3cb2f07c,1.8381732613519168
f8c9dee9-a82f-46e8-9cd5-9380e197ac25_28-43,3,0,0,4,f8c9dee9-a82f-46e8-9cd5-9380e197ac25,0.30544699925249086
f965d286-b521-402f-9a0e-c73b49e9806e_1758-84,0,1,1,0,f965d286-b521-402f-9a0e-c73b49e9806e,0.3760342209569647
f965d286-b521-402f-9a0e-c73b49e9806e_32-71,2,1,1,0,f965d286-b521-402f-9a0e-c73b49e9806e,0.24950564764747507
f9a49dfd-e6f1-4827-9903-73a562ab32cd_444-64,1,0,0,3,f9a49dfd-e6f1-4827-9903-73a562ab32cd,-0.21612344098226988
f9c337af-fdf9-4737-b4c2-c5f68cd18d6a_553-83,2,1,1,2,f9c337af-fdf9-4737-b4c2-c5f68cd18d6a,1.5256445305893864
fa35a547-13b5-4355-873c-322c1860349a_1250-17,1,0,0,4,fa35a547-13b5-4355-873c-322c1860349a,0.14013471532833388
fa35a547-13b5-4355-873c-322c1860349a_128-66,4,1,1,4,fa35a547-13b5-4355-873c-322c1860349a,2.3456402418026
fa35a547-13b5-4355-873c-322c1860349a_166-55,1,1,1,4,fa35a547-13b5-4355-873c-322c1860349a,0.40424137660800574
fa53388f-58ab-41a8-9f0d-55407cae3973_757-23,1,1,1,1,fa53388f-58ab-41a8-9f0d-55407cae3973,1.1455600875669274
fab481c0-842c-4536-9126-9dc375464685_728-84,1,0,0,0,fab481c0-842c-4536-9126-9dc375464685,0.38001512229409773
facdbd7a-da79-48bd-9bb0-c866f675699b_1484-63,2,0,0,4,facdbd7a-da79-48bd-9bb0-c866f675699b,1.5665494605625212
fb8a0650-986c-4c08-9d97-ac432cca424e_70-34,1,0,0,2,fb8a0650-986c-4c08-9d97-ac432cca424e,1.0445984791823335
fb92d350-9bf9-4b16-8a1f-7858de276226_1246-08,0,1,1,1,fb92d350-9bf9-4b16-8a1f-7858de276226,2.3955557238328877
fb92d350-9bf9-4b16-8a1f-7858de276226_2190-65,0,1,1,1,fb92d350-9bf9-4b16-8a1f-7858de276226,0.9646807668960913
fb92d350-9bf9-4b16-8a1f-7858de276226_2422-37,0,1,1,1,fb92d350-9bf9-4b16-8a1f-7858de276226,1.7796067701958054
fb92d350-9bf9-4b16-8a1f-7858de276226_2423-62,2,1,1,1,fb92d350-9bf9-4b16-8a1f-7858de276226,1.4797544405952612
fb92d350-9bf9-4b16-8a1f-7858de276226_2438-10,0,0,0,1,fb92d350-9bf9-4b16-8a1f-7858de276226,-0.044950235053905496
fb92d350-9bf9-4b16-8a1f-7858de276226_32-25,3,1,1,1,fb92d350-9bf9-4b16-8a1f-7858de276226,2.108208180943179
fb92d350-9bf9-4b16-8a1f-7858de276226_540-00,0,0,0,1,fb92d350-9bf9-4b16-8a1f-7858de276226,1.4150258120170267
fb92d350-9bf9-4b16-8a1f-7858de276226_561-78,0,0,0,1,fb92d350-9bf9-4b16-8a1f-7858de276226,0.39099444976136866
fb92d350-9bf9-4b16-8a1f-7858de276226_599-33,1,0,0,1,fb92d350-9bf9-4b16-8a1f-7858de276226,1.488179330134986
fb92d350-9bf9-4b16-8a1f-7858de276226_603-23,2,0,0,1,fb92d350-9bf9-4b16-8a1f-7858de276226,0.7171510962409424
fb92d350-9bf9-4b16-8a1f-7858de276226_625-71,3,0,0,1,fb92d350-9bf9-4b16-8a1f-7858de276226,0.6147604868060725
fb92d350-9bf9-4b16-8a1f-7858de276226_688-12,2,0,0,1,fb92d350-9bf9-4b16-8a1f-7858de276226,1.046279760041976
fb9fda68-f264-465d-9208-19876f5ef90f_63-03,1,0,0,3,fb9fda68-f264-465d-9208-19876f5ef90f,0.14129597482600853
fb9fda68-f264-465d-9208-19876f5ef90f_887-23,0,1,1,3,fb9fda68-f264-465d-9208-19876f5ef90f,1.454477412915017
fbc425c4-def6-49a7-8b88-5d5d00b5524e_278-29,0,0,0,1,fbc425c4-def6-49a7-8b88-5d5d00b5524e,0.5380364084314095
fc0450d5-00cd-4d55-9a8e-68628c38ddd2_87-11,0,0,0,1,fc0450d5-00cd-4d55-9a8e-68628c38ddd2,-0.0696316596884059
fc201765-9b2e-4bb3-8ca0-84bd1732fd40_335-09,2,1,1,0,fc201765-9b2e-4bb3-8ca0-84bd1732fd40,0.6021002707664556
fcb62109-9f54-42d7-9ecd-7a60817868dc_663-41,0,0,0,4,fcb62109-9f54-42d7-9ecd-7a60817868dc,0.4002454099755184
fcc14fe4-35e1-4854-b368-4541ae7bcf58_1063-13,0,0,0,3,fcc14fe4-35e1-4854-b368-4541ae7bcf58,-0.01911575302970059
fd2ae8b4-b683-4c4b-935c-78b4dadbdbf8_2447-28,0,1,1,3,fd2ae8b4-b683-4c4b-935c-78b4dadbdbf8,1.2353365880833982
fd2ae8b4-b683-4c4b-935c-78b4dadbdbf8_2975-44,0,1,1,3,fd2ae8b4-b683-4c4b-935c-78b4dadbdbf8,1.1369089922010764
fd2ae8b4-b683-4c4b-935c-78b4dadbdbf8_3041-68,0,1,1,3,fd2ae8b4-b683-4c4b-935c-78b4dadbdbf8,0.8626669527872948
fd2ae8b4-b683-4c4b-935c-78b4dadbdbf8_3860-90,3,1,1,3,fd2ae8b4-b683-4c4b-935c-78b4dadbdbf8,1.4362731744662187
fd2ae8b4-b683-4c4b-935c-78b4dadbdbf8_4020-41,0,1,1,3,fd2ae8b4-b683-4c4b-935c-78b4dadbdbf8,1.3493001386044852
fd2ae8b4-b683-4c4b-935c-78b4dadbdbf8_4100-48,1,1,1,3,fd2ae8b4-b683-4c4b-935c-78b4dadbdbf8,1.1908262297592702
fd2ae8b4-b683-4c4b-935c-78b4dadbdbf8_4288-89,1,1,1,3,fd2ae8b4-b683-4c4b-935c-78b4dadbdbf8,1.007425020611755
fd2ae8b4-b683-4c4b-935c-78b4dadbdbf8_565-30,2,1,1,3,fd2ae8b4-b683-4c4b-935c-78b4dadbdbf8,0.964403974132277
fd2ae8b4-b683-4c4b-935c-78b4dadbdbf8_966-80,2,1,1,3,fd2ae8b4-b683-4c4b-935c-78b4dadbdbf8,1.4040254527678204
fdbe0fbc-90a3-41b9-8898-a0c7ce3f966c_672-30,3,0,0,3,fdbe0fbc-90a3-41b9-8898-a0c7ce3f966c,1.8835548802505144
fdbe0fbc-90a3-41b9-8898-a0c7ce3f966c_696-68,0,0,0,3,fdbe0fbc-90a3-41b9-8898-a0c7ce3f966c,0.9683466160990992
fdc39d01-44cb-431a-96a1-558ebf4c15ae_933-99,3,1,1,2,fdc39d01-44cb-431a-96a1-558ebf4c15ae,1.0589627233261125
fdfa65a5-9d90-4d27-8667-cd2c511614e3_513-55,3,1,1,1,fdfa65a5-9d90-4d27-8667-cd2c511614e3,2.4531865985648222
fdfa65a5-9d90-4d27-8667-cd2c511614e3_70-13,0,0,0,1,fdfa65a5-9d90-4d27-8667-cd2c511614e3,2.9266027559144616
fe0b10e2-7fbb-4abc-ab5f-87ffaef34b3f_111-04,1,0,0,1,fe0b10e2-7fbb-4abc-ab5f-87ffaef34b3f,0.9936645657134717
fe0d5ffc-686e-4846-bce0-1a18e513bf95_2543-03,0,1,1,3,fe0d5ffc-686e-4846-bce0-1a18e513bf95,1.306465296736607
fe0d5ffc-686e-4846-bce0-1a18e513bf95_483-81,3,1,1,3,fe0d5ffc-686e-4846-bce0-1a18e513bf95,1.1100843982188797
fe231042-6163-48cc-a1c4-1d1163b0a440_494-51,1,1,1,0,fe231042-6163-48cc-a1c4-1d1163b0a440,1.0290215214013503
fe827643-62c3-4cb9-b009-7ed43731c9bd_0-00,3,1,1,1,fe827643-62c3-4cb9-b009-7ed43731c9bd,0.6108859548531698
fe827643-62c3-4cb9-b009-7ed43731c9bd_273-13,2,1,1,1,fe827643-62c3-4cb9-b009-7ed43731c9bd,0.6854227327277573
fec2a5e2-615f-46b3-a320-b8741c2b6365_562-48,0,1,1,4,fec2a5e2-615f-46b3-a320-b8741c2b6365,1.29601602034124
fec31c20-1910-4ab1-afc5-6aa3057a45f5_381-77,0,1,1,0,fec31c20-1910-4ab1-afc5-6aa3057a45f5,1.6668627667049911
fec31c20-1910-4ab1-afc5-6aa3057a45f5_810-30,3,1,1,0,fec31c20-1910-4ab1-afc5-6aa3057a45f5,2.9978763176907406
fec31c20-1910-4ab1-afc5-6aa3057a45f5_825-86,3,0,0,0,fec31c20-1910-4ab1-afc5-6aa3057a45f5,0.5543318161278785
ff15140a-4747-4c45-b95f-ff2bd36ef178_1065-69,0,0,0,3,ff15140a-4747-4c45-b95f-ff2bd36ef178,0.8029950425134231
ff425cc6-7577-444b-b6f7-e250c22a1ed5_831-75,1,1,1,2,ff425cc6-7577-444b-b6f7-e250c22a1ed5,0.08377979839576843
ffa4f27f-4e66-4b8c-ba6a-9a94f3491eb6_1093-00,3,1,1,2,ffa4f27f-4e66-4b8c-ba6a-9a94f3491eb6,0.7478841661237623
fffbaeef-577f-45f0-baa9-f10cabf62dfb_278-37,2,0,0,3,fffbaeef-577f-45f0-baa9-f10cabf62dfb,0.21307212927043206
