item,fold,Safety,Privacy,Proxemics,Politeness,Cooperation,Coordination/Proactivity,Communication/Legibility
51364391-163c-484c-8de5-122abb5898de_1359-23,4,-5.381734709114195,-4.165907536141161,-1.1665511373234887,2.6486825765278876,0.9756876237384255,-0.5657661312985729,4.154288395792719
5ab334f2-ecc8-4a05-96f8-4320225379b2_214-77,4,-4.0638834124545475,-1.014237160589074,3.4124856217193678,-0.5072125961095931,-1.255071445111113,1.8433420104177136,-3.0538719626304793
af72c57c-b242-48b2-8d00-aea29f4e37ac_1063-17,2,-2.589960176960365,-10.338701632160955,-3.0138368004939036,-6.41756224201412,1.5426871662161337,0.7613987474561128,-1.2468844429923442
1f4a4d13-f083-4464-8c03-5e09f55e3f63_764-04,3,-3.2329062757697953,-7.645398419816889,-1.5931679049126326,3.0680261754753997,0.3786925055161851,-5.36230974167492,-0.6193441830529063
40b33c95-3689-4ec8-8765-7e926f623b75_1593-37,1,-8.772331631152651,-10.315295970116262,-0.6819132446338151,4.0009266992284545,-2.1379309947663825,1.1400996056180106,-7.511380951874799
cbc5c4fe-ed66-4525-a3d8-d691064db66b_729-17,2,-6.566932201913644,-6.936271394910295,4.0437264890196145,1.5292335241709596,-2.9426193437214843,-2.0519413282013934,-4.528366551589508
07536df6-9813-42d9-93df-35835407d8ee_170-76,4,4.079714234676423,-3.3533026311583836,1.3201835650225067,1.1681720159470954,1.4061310699748935,-4.402747428011832,-3.383809506454382
89d8c9c5-fa11-4674-b08f-007f81958555_240-15,4,-6.2306942917354675,-11.195708713554104,-1.5703760001190932,-1.5055529535352337,4.016752498150057,-0.2275741626675689,3.208060505697847
9a33e9f1-a740-4810-a624-62b0c9935741_2416-26,3,-4.047289014980028,-2.912468339886698,1.1642531599510506,1.2168182469297846,1.8116972735441006,-1.653274790313542,-1.417043477476884
8d85aa58-438d-413c-b8b3-ae5417737c5c_1900-47,4,-14.428074231789656,0.8337471855919514,2.5164704304555445,2.286385812616576,5.998814580512886,-6.766152187224962,5.1096821851674825
5ed59c41-af9e-4368-a0ce-30d536d34895_1575-15,3,3.71900181175297,-14.588365397250126,-0.7802201672403677,-1.0544462657869116,-1.4892061003538635,-1.3627715313612496,-3.8954048551050677
a4375d98-e295-4e7d-a718-d8af066e3d57_1708-23,1,0.2801243138412872,-11.685126398186993,-5.88741029307246,0.3423738795621003,-2.26332097610106,1.2973447090231205,-0.44712679746222217
5cab806a-3794-4578-94f2-33c3093151d1_433-69,3,-0.7131269833565461,0.1964871507490482,0.3534502459326876,-3.1508851673271088,3.803072293634202,-1.7036088402101228,-1.5189879967268367
44a65997-a52f-4e79-b4bf-cc1d74e39bc2_143-93,2,-2.9181062387128724,4.2723408860966545,2.72435534237031,-0.1679205341613197,-3.3556192207544635,-2.2348629694497992,-6.743812605023139
54a421d2-763e-4751-a6b4-54e3d6c46cc1_1143-22,2,0.0647912430456572,-8.084488380711923,6.204570503850134,-2.2183719347939013,0.10079620910779812,-5.0739633712349566,-5.3299625774915835
6243586b-a8df-4c37-95f8-da7f4f5d57d6_513-82,0,-2.5154040546459857,-4.091225284266117,-0.6396493027549349,-1.0243272562528747,1.4487477848176178,-0.2905569913639734,1.5502623767894883
c463128d-18cc-44ad-abf6-03ee87534919_120-41,3,3.455877172597689,-5.034754907200396,1.9304172074112866,-5.136767856405526,1.5490990613666293,-3.268254215169822,-7.222932739776852
2d01625b-b7c4-41aa-989b-2d0b392d8b54_1323-22,1,2.036982447398529,-0.08316552285944745,0.43555561006639476,-1.3472974749080735,0.14507111311160828,1.1434223089773217,-3.138940533376105
aca9e131-8b44-4e59-8394-24a494c19801_183-42,0,-4.540301509633213,-2.0357145754953496,2.27156917277358,2.156381513147351,-2.383679140670284,-4.149931919020548,0.3558502168740316
5ab334f2-ecc8-4a05-96f8-4320225379b2_70-12,4,-5.936349825524175,-1.8897144402073724,2.9678312169598353,-0.7662427835874858,0.23350728425396608,2.7026559542823163,-7.035337115421155
b925520a-853c-442e-8a39-6679cce1e9f4_1253-01,4,-11.466726078362475,-3.860875097995004,-1.7902756766675205,1.674825165944811,1.1832895608600897,-7.177541310374953,7.330717601863161
6f93978d-a3d0-467d-b401-e23b3c92f3bf_5299-41,4,0.9934554346541637,-8.268706032548227,-1.3392634897128177,2.4738354115728667,1.0820850445302175,-2.734591352598886,-5.37275280505588
92153977-6016-4863-be78-c4af25a56a0f_394-80,4,0.929713625046499,1.306947581130605,-4.748802412882631,-6.793973317613118,-1.3456021132696043,-0.16397996517175617,-2.8692011649847062
2d76e155-dcae-4fdb-be83-a37f09e699a8_46-48,1,3.598686529303146,-11.250221571964483,0.3198351838031216,-0.8857433561390216,-1.8437405230850286,0.5572588401989553,-2.437380404720791
1f6eb61d-74fa-411e-979c-2e66e71f2b7d_501-62,4,-3.2000104037246873,-9.93481597741292,-5.280360716052789,4.5557217655285935,-7.024853503583878,-1.737831401315315,-2.306777184031114
c6b1f7dc-3301-46e6-867a-312a5f8e7a0f_13-11,1,-2.741015029922049,-13.666916241261564,0.9180578595916452,3.3268635918459073,-3.574440452739916,-7.446443224050098,-2.1146961322708444
5e97e33c-b3ca-48b2-9e7e-069fe39199fb_509-89,2,-1.7518449304833605,-1.959749867807683,1.91258528879674,-4.1551865575210725,-2.275688860602268,6.632473176266964,-2.4756855765921406
fd2ae8b4-b683-4c4b-935c-78b4dadbdbf8_3860-90,3,-0.38168521998667093,-0.625008614565985,-2.2971528124746983,0.20563426462183132,1.040739352573279,-2.3809826419506144,2.0928502678728327
adf65602-f5ee-456a-a098-db19a521ce38_500-23,1,-3.772676832731949,-13.693923804790249,-5.074214789411598,-3.2086783090932545,1.567010047807742,-3.827120748130548,0.6596662183529418
5605bd9a-d151-4d5b-b0f6-cfc28ae6937e_4053-60,1,-0.2033702480067512,-8.950806231191237,-3.7173447060757647,-2.7837375863401674,1.5534560473848145,-2.4611458879132058,-4.717823339072283
7220ce3a-b740-44db-815d-222d914e2dfd_114-26,4,-2.947224570692811,-8.0525680050461,0.5184147483860286,3.7243882573612135,-3.700698560511261,-2.542885020740542,-2.369104401829765
5cab806a-3794-4578-94f2-33c3093151d1_391-05,3,-2.5313984388444264,1.2235084692901177,-0.867161966994852,0.08570682793517947,0.20894243062245427,3.230047621739889,1.531121800920068
ef641454-94d5-4fe4-bf21-710144143967_723-67,4,4.395089453546936,-1.9075424508569405,-2.019189366435599,1.4437865827536163,-4.11756249957211,-6.579317909190979,1.5128976673305978
a1e8d35f-2dad-495c-ac00-b056f710c706_1381-64,3,-0.21456780348907212,-17.217841759851503,-5.427992428606165,-4.898950942519113,10.99053429126349,-2.8184557399523777,-2.5972495240604907
9e9c5b05-c7d4-450d-9850-e6ae83caa9a5_3297-13,1,-2.8367388019195294,9.621165109718056,2.447515995040448,-2.115059015961217,-0.904616069166226,-0.7113966419246642,-5.947696311929616
cb0013d1-84a7-42c7-962a-3b00043365e5_1957-07,3,2.305599906839193,-2.504943126336844,-5.4091408627486,0.38314437165334014,-4.073661278842057,-5.278108937643755,-0.9834364116323069
e21a6f09-3df0-4bfb-a23b-47a1866aadf1_511-16,3,5.288144982977046,-10.186650931949819,-0.6571806048398479,-5.570018903397224,0.3207374514022036,-2.1681493082279175,3.411316284818125
c58e1887-0314-4cb3-a09d-5ba529d8eda0_6-27,0,-8.221847917347112,0.24363847924100224,-2.0881395153819406,-3.9998724875494904,4.634346882606561,-5.24473591935049,-5.784938104704995
cd1d3c56-69ca-4602-944e-bb9fabb9710b_1865-43,2,-0.5598873743111648,3.169759431234355,-3.246242440049831,-2.8443109793639314,2.683959275883231,-4.468269431369657,1.9442179231302554
eb2c9739-dba0-479c-81b7-9dda51c4ac20_1465-40,4,-12.9522686903231,-2.3209769750881737,2.020060948694601,-1.6982854343379534,1.984756661576144,-3.79276232621839,0.08849919225330738
41ebc581-9f9a-44d5-9c73-8bf287c43856_3353-58,2,4.0754145670967485,-4.820711955914139,-3.986950212367339,-3.7333629914348707,0.7939963748899044,-3.4364886738720424,-5.982014884718536
358e65ba-1ce0-46f6-a1b4-1c85569ef628_3143-38,2,-2.9976076150084596,-5.447013448957633,-3.4711260100046637,-0.22787934011681177,-1.2070299251542203,-5.88652674024781,-1.2256570835421985
860be163-394f-48bb-9068-37e1c383ff73_736-68,3,-2.5421083746100956,2.8865288150315687,6.258317522135714,-0.9672503594442304,-4.474342144566588,0.7345067609624181,-0.6355606233092208
426eb9d9-d4cf-4acc-9efb-979f61a5be91_785-24,1,-1.2438457210479228,-6.611386203440389,3.2437653302386966,-3.990947416537345,-1.002538554580934,-0.42358013394752314,-0.023919940487802327
a95545b6-8b1e-4d77-a209-c1accf3b057b_34-20,1,0.6703386323834504,-7.694076842408862,1.4461292309294151,-3.2770928286456273,0.09034308131569804,0.43933256530240916,-2.4685169128608004
eb20bebd-41e5-4a02-aa7e-73d3da5bc97e_1624-37,1,0.6557118162795483,-1.3112458343868765,-1.4933489359592844,0.6590993750644878,-0.2958974472792568,-6.41122526184181,-0.07348877059238457
ea1818bb-a882-4de4-9e31-993f4cb98aa1_1361-82,1,-4.39272118386312,-9.155528873435113,4.73571182685696,2.3572674708666734,-3.129531343081982,-2.6098760711508144,1.2511020087445754
ad851441-1f15-467e-83d8-48c764e220a8_975-45,4,-2.8763997946276416,1.0116972594303526,-1.1877617195905419,0.18650602855319975,0.536528676870295,2.5026803724256146,-2.591826427823496
a5bd4711-275b-4bbf-96fe-37553e5d3e93_1662-76,4,0.6055126972778822,-8.98659128469985,-1.2728672743610758,-5.598531728737192,-2.265521060625758,1.2573177724235367,-0.7034204245431737
d9bc2b47-181e-4fea-b153-15272b1646e1_589-30,3,-6.380316505590757,-4.290581447402072,1.1479350918898867,-0.038671060267268964,0.7650925605545024,-1.8825329442043985,-4.363841614141627
878666b9-5f3d-476a-960f-3a5d02da7619_6890-95,2,3.77689500320649,-0.8175994555943564,-1.3836344156854958,-1.8681960813846121,2.0060966311965642,-2.5632506431255857,-5.562507772059737
eb20bebd-41e5-4a02-aa7e-73d3da5bc97e_1106-81,1,0.5016825567900078,1.1562167528346512,-6.303151440850944,-1.0973990966659106,2.8672293549519376,-9.745859843011466,1.2051021484078988
3024e27a-237a-4b48-8ea9-b9b16181eaf1_49-89,1,-7.9169487804955745,-2.2051710436971383,2.5255271149496377,1.5718143791107484,2.173099713829903,-5.774919229782002,-2.7221672353146387
af215e0f-56c7-4356-9aad-a3a5fb7bbc4f_4362-30,1,1.2278411445239101,-10.053009547760492,1.2722262955439652,0.11698657876913199,0.6692645367821952,-6.914382012972144,-0.09178079846464171
3c54ff87-27c0-4ab8-b934-4f0289221bff_279-60,3,-4.443614621507472,-5.965462003587709,-0.2264008796335859,1.9831294422667516,-1.758181622152126,-1.01870278656975,-3.03191904901667
262fd2ec-8eba-44d9-8082-4d0574f7a515_3060-97,0,1.3096530587790811,-4.714213375550381,1.2157057986556254,-1.6879762692491085,-1.8428527148241634,-3.288647313162783,2.905741536904201
9155f5b9-6235-484f-990d-fbd3010a791e_1650-00,2,-5.629688455683351,0.7980637057226527,-5.9435815276750565,3.475581508966619,-3.9909449170721114,-0.3113140018107492,0.7743769553336713
4335b0cc-e10c-45df-aad3-a1fa66b7a7a8_2029-73,3,-3.8172171270673463,-4.796822957558897,0.5090100423348618,0.12847306626242083,2.377199130904861,-4.260058078564853,4.641959866062748
59857657-5cb1-4268-9c8f-ab6cb3c3ad3b_9450-00,2,5.3682810650958555,-4.714209352135783,-5.767358989798313,-5.040906024557166,1.4561036109530296,-7.252285459631721,1.6857423552075343
c34effc7-6198-4c85-80c7-c8be85b77dd3_5220-71,0,3.8815188419376576,-2.6675190542811373,-5.145323860146896,1.30522964875081,1.373834825098735,-3.258437116879141,1.3802458975970249
f246429f-404e-4023-9b82-bfe6bf1e50cd_78-11,4,-13.34699678397162,0.015322473145506166,1.084710619238618,-2.0249648684472534,3.5956979586785454,-5.246682329815237,0.7420059235192087
342cb558-ab3e-4b04-8169-a68bbf06a448_1575-74,0,-1.6175569057911272,0.10734832583699028,1.3520166118750194,2.8379959659618033,-1.9988933363017043,-4.911634705740747,-2.8070135425081286
0b530687-26d8-4c9d-9771-c758ecd2ecbf_3386-79,3,1.5086525443853362,-4.925634782516828,-0.5637320110578785,-0.9968151024456763,0.481701572424791,-0.11408034167422088,-4.127116361667052
d1a27322-8acd-4297-9029-db45af8d7cc2_164-10,0,3.697675930095578,-2.6654764632010135,2.8486667980871383,-1.5103067324724624,-3.516038080217579,-5.2262073019050925,-9.806041565500221
38b56399-3b1c-421d-8a80-1e5f54fcd667_0-84,0,-4.258752069666618,-3.1777047156050466,1.378576589139703,1.2374444088239278,-6.021161166099644,2.2084482862102597,-4.326073784238369
699b47de-9fc5-4b98-ba35-ecf79886a8db_782-75,2,1.875505617830788,-8.83929322786043,-0.9466454576088401,-4.983354242161927,1.4065507126926762,0.20769990125468585,-3.2891279087256176
86fb4797-274f-4807-848a-8b1ddc5c29e8_769-33,2,0.5024815259800499,-6.306765759691491,2.4850564946233957,0.09077541759535723,2.724148192621707,-0.44417452579263417,3.639358098863172
6e0c294c-d634-4804-8d41-cd6e9d79f0b9_1656-45,2,-5.401730775287994,-14.15685187398805,-1.4228188833253317,-4.779390289569136,6.388898539837418,0.2283563937732067,4.35017281125984
3024e27a-237a-4b48-8ea9-b9b16181eaf1_310-08,1,-2.4640150494015494,-9.798567348006848,-3.3487762732844795,4.687928285096264,0.5416639905100644,-6.253842991700628,0.6795743982730278
0ece1a2a-2da0-4b28-ac8c-bf9f04c0d17c_713-12,1,-0.8846682471673135,-5.280309235660086,-5.386683882507677,-2.641965074955194,2.588216306267753,-2.532931495909352,-1.3024948119913473
3091004e-8606-417e-8bc2-7922f951845f_73-46,0,-2.870938816180266,-18.395056066786342,-1.002659856045896,-4.873721691407045,0.15305289473693567,1.687399642036419,1.1221299396486175
11f247e0-179a-4b9d-8244-16fb918010a1_1002-90,3,2.029033799264777,-9.961558306841251,-6.245450704115143,-3.308481182388507,-2.070992222076464,-6.17168971587648,1.9715903544796627
5ead8e7c-2600-44b1-afd6-b82cb5f7b9ce_195-55,2,3.927390365532305,-10.346677037368577,0.6282998598406564,-6.352745599506968,2.131189683034269,-5.136933636139533,1.5941984616054632
f0041c6c-06b2-4c3b-b8e6-934305b4226e_6269-35,2,-2.4492446297293657,-14.067823988642584,-4.001365060460108,2.272395009489834,-0.4353796902482125,-5.2251732390564,2.4020780363871332
b68f87f0-29be-4516-a34a-dda69dd84a56_274-36,4,0.33981912280936966,-0.8072481099801418,-2.820508556100771,-0.5057262483905175,-3.038214644849726,-10.64290714004256,-3.362902768797582
a48f66dc-d07c-4ca9-aa3b-b08ea5802194_1914-01,4,3.439896299768392,-2.2065331793768888,-0.6152390564882992,-1.931868831287562,0.5011621894134017,-6.948438239234569,-3.1248327883190177
470499d1-e015-4d45-a858-ca3e9566085e_2861-64,4,-6.139098187935451,-2.024462649507912,-2.365378388563311,2.386840060937659,-10.99354493024939,-7.418034965542577,2.9870605266342976
1c983176-b07a-4a69-ae51-de7829de6b6a_1090-54,4,-2.970296502654112,-2.3128110676377687,1.0340033862494593,2.021115776329333,-1.0700163591059693,-2.7627271182128865,3.4267953761416754
85b87948-4578-4912-95cb-addd19cfd31a_1580-85,1,-3.335405521678058,-20.39130913072769,-4.600336439095764,-5.651538754607769,6.027047423982422,-1.0339358147360413,-4.091967093293164
7c969dc3-aea2-49d4-bd0e-48191b4e5a51_3982-40,2,-0.7016082885237214,0.02886340589299241,-3.713862132295227,-2.1890711522948605,-0.5179163824080315,1.2912047977346912,-0.6628142546960746
4d45174a-6a77-48cd-a8f2-9b93e2d47f07_0-01,3,-5.66144179242366,1.3267565673560728,2.0444040951446314,0.8819782475835115,6.29677540976558,-4.122596129158637,1.0226662700454698
23ac2590-b25f-4718-8c9b-89d32eb992b2_641-98,3,-9.942261227530068,-12.989182507743697,-6.211593087380997,-3.107267480956233,9.244929733119793,-4.432355834751024,8.811566250161052
70c8bd4f-bfe1-4fb5-82ad-7d763cc28935_756-65,3,1.9236242016199274,-20.320687710411683,-6.521211542355353,-9.367025833215925,1.6118298800253459,-3.5471066620916565,-2.0981311198432104
8bb4369f-a6e0-45a3-9d2d-fd5d5c686ccc_276-24,0,-1.68720681950614,-3.588843333918846,-3.0589620153111445,4.91184629053138,-4.167904893919973,-3.494112273809159,-5.64392272963434
38b6d0fe-e317-47a1-8fa3-87e7a4a21183_375-27,3,0.6200568958446746,-1.3281766635249808,1.1389029633349588,-0.5408291876348997,-2.5501753213500185,0.41623703312448246,-4.6765373847569425
ea1818bb-a882-4de4-9e31-993f4cb98aa1_1362-76,1,-7.991044785920482,-7.055478026558841,-0.6584449695994515,4.235247811801868,-2.654417771833503,-8.39745203052867,1.6202917411486866
6f27deaa-7133-4bbb-b9ed-5310d6d05a50_549-73,3,-0.3726409603933265,-4.787840465978895,-2.4323574007494995,-1.8779504882509,3.6976709441642837,2.817647092745534,-3.4170578345483964
02ca6897-bf08-4cfb-bbc7-7810dbf5cca2_2974-75,3,0.06951397827040062,-3.4430079636479287,3.1109048717573518,2.974555785623434,-10.652006619138486,-4.505666078083499,-3.436614323281179
963c1ecc-d25e-4c0a-b447-9b26f3778efc_207-31,2,3.4909275049010526,-3.829034656535105,-9.493003433541665,2.3135266700952544,-0.8566582330455259,-12.522145424601916,-3.0257962201011934
4efdd63d-515c-401a-a5b0-e2c84cbee0e6_4175-60,3,1.9336311988437875,-7.568459435839667,-2.952239779694566,-3.4615575371407257,4.124889074996435,1.2748307765530953,1.068549641373288
d66f42bb-822b-444a-bce0-ddd15b29bd1b_149-48,0,-3.089423159064641,-7.920898227959585,-4.937607718582992,-2.0084395442574987,5.970696563487402,-4.580293592857233,2.3088017597977144
759c5c60-f1af-4476-94b2-e79a51fd44e3_668-31,2,8.788171564759693,-6.120462228322667,-6.731230026429038,-6.901397129993286,6.147681839912412,-1.052888116254251,1.2209492949852252
aa3237b2-4a62-4676-b81c-a9726003b420_1532-19,2,0.7917779079422227,-10.73460006284702,-6.857225664010591,-0.12962045619700202,5.39399016530148,-2.197462527460053,5.099388000803545
8d50f526-624c-40bd-b696-7ad6ce5746ab_22-55,0,5.15443153938417,-23.92019073648526,-4.887757853167951,-9.973643891300702,4.93226084229925,0.9989649224804056,-6.898906210098893
eb2c9739-dba0-479c-81b7-9dda51c4ac20_1679-45,4,-12.90927417410653,-1.5822895029013786,2.1625868337070258,2.306361666128053,2.3516586873195773,-3.249479809512823,3.8603643176682043
6956cb48-951c-4607-a42b-a66de2c186be_292-00,3,3.5429730432747437,-1.7875927775967861,1.203851417876717,-1.5335268111714977,-1.2179690147310966,2.990496422050069,-7.895297054166221
e93fdf27-c14c-4794-b4b7-20685b40156f_1304-45,4,-8.903107980838898,-2.8253046364099523,-0.8430331932698176,0.8821120714681615,1.995446599314929,-1.3410522256615955,6.548162884244715
5c3be03c-07a5-4427-a2fe-449f16e8017b_787-88,2,-1.1796724079235321,0.6259107201902117,-4.778535229317847,-1.5778455327405307,-4.9954145917088,-9.501650467265119,8.668548511178592
6cd8942a-866f-46ef-af6d-5d895723f439_1831-82,4,-4.589524423420792,-3.3835645733742,-7.100927354672807,-2.620160798574523,0.6375891540402141,-6.993929054714079,3.7941173761756897
0b530687-26d8-4c9d-9771-c758ecd2ecbf_16957-98,3,4.526837397223708,-3.749502265606033,-1.758232670369273,-5.88994119058349,-2.2338088069814748,-4.458735482463795,-2.643532076746353
8ed40810-09cf-4061-953c-9fff6e6d6aeb_122-51,4,0.062257083860485896,-5.408295580152171,-2.3668448170690137,1.8699840470127054,-2.822314925777131,-4.375210060439242,-0.7201300177393246
af215e0f-56c7-4356-9aad-a3a5fb7bbc4f_4328-60,1,-0.6559120371601483,-9.75133660255963,-8.858157134776267,-5.912629949464856,2.4522470586447347,-7.234164408593738,1.9337365587275734
e18a43a4-1e7b-4478-bc7f-16cb55a8ac16_875-97,2,4.455312780482393,-4.837573354896536,0.6265545529383469,-3.179398279038897,0.4561770781421673,-3.2724292131073014,-1.6307179017982274
ca22ace6-2d0e-4e0b-98d4-60544e5af4d5_4682-68,0,-7.244736657701857,-2.094229264177419,-2.5164129408864566,-0.9830668889522396,-7.19851588114592,-6.87024390695625,-0.01186568559357526
e3283ef1-1659-4d5c-a09d-fd0f4df98aba_73-31,3,0.9465036403700575,-3.6472705376832746,-0.7576650196715904,0.6271536263835612,-0.6017841559757823,-14.362288824421391,-3.8377898242901347
56504e4e-a228-4b28-baa4-1ce2de03c2d4_1630-93,3,-3.374616184834644,3.7964633146290607,-7.163674156818603,1.7038926179042257,-5.732785388802969,-7.528761411583299,6.762104788590437
c23eaef5-7441-42b4-9456-9f5a4a1bd615_11-29,0,-9.074208348412057,-7.0752615419729,1.0304569000704,-1.0626436471688587,1.5723692071498017,-1.9855438135244492,-2.5093920941953156
ec02ed27-b697-44b0-ae18-a9275205bfee_9-72,3,1.1673769651563817,-3.3777300810220554,0.4394757899370858,-2.474320920368899,-0.7981739482478626,-2.5516204793322395,-8.471957419060741
750c5383-58f6-4063-8cc8-50691a68994d_562-01,3,-3.425913045468606,0.30358798306580326,-1.4547226542045677,0.0011884601413315599,-0.012544641553434769,-0.44536380952669186,-0.45248573310710927
46c3b557-dbda-4868-a9c8-43741d5815e1_288-99,3,-0.9164970044032488,-23.707518422826844,-0.6735419634014979,-7.257575113805585,3.2060251012268224,-1.079437642116111,2.260296992389925
c93e077c-9f51-449c-b130-8be107c8a7d5_152-99,4,-2.2071931226242243,-6.592345017834887,-4.875765595290309,4.499964560980384,4.317646100705002,3.004718933224133,2.9005257341209516
d0c0065b-79d2-4e6f-9c0f-e212dd17a0ca_31-42,2,0.012882853968793961,13.29501430066431,-5.903655746227185,2.4028164924991597,-4.678136706450131,-9.829761791668183,-4.9129570576642445
182dffe9-d2bf-4a7d-b1d8-137470f0143d_1670-78,1,-1.109422553682571,-9.85164844206636,1.5811177547975115,-2.902296603650647,3.8222935112497263,-0.5495402989475837,-5.120917646478482
5f2d9e8b-6e0b-4e36-9f5b-d26bbe0a7c7c_1129-51,1,-9.285720325348606,-7.97160473855511,4.574527805991573,2.7313781369498895,0.23029337445704126,-2.725064602656998,-2.2862903730876187
5605bd9a-d151-4d5b-b0f6-cfc28ae6937e_457-07,1,4.2543525041489145,-14.43077980078085,-6.673791898912477,-2.370253262337359,0.33761084810323716,-3.2332169929251005,0.2709967300242593
69c7d261-18f8-4a1d-9f56-6b4e8eac4d23_601-00,2,-5.164871372538234,-12.586225774335674,1.1127444184275175,-2.74639869962306,-1.6158409499103823,1.423785080609365,-2.2464219585507226
948317e1-7426-4bfa-b25a-a476ee69797f_845-76,0,-11.128895781367842,0.24079655617207063,0.3663370187159546,0.9173476545541737,0.7547071302963311,0.18825269150803536,2.390676031389008
23ac3708-df1d-4bb0-a4c7-b2a66855dccb_447-26,1,-11.89033660922131,1.7746797300624246,2.118913331801991,1.6064665851910784,0.008554188676820139,-2.9974409783910203,1.9764139285680742
10a848ed-f258-4930-abdd-1fd60b788abc_294-40,1,-4.065842616361318,-3.1423445473832623,2.845639958567938,1.9553513825180806,-0.12007559094137618,-5.1384482951746655,-1.9518312382979073
bb2297d3-91b7-4ec4-b39b-cc64694929db_0-03,2,0.9179433390506972,-12.125574771098567,0.7718440248019298,-1.373031074467293,3.6178068325455657,-3.1949393330171154,0.4844448517336909
0cd16e31-6045-45ea-b0d7-105116f9e6d1_1433-59,0,-3.1361147060304413,-4.947853972539582,0.8778285715908573,1.6335865622904804,3.2956581059210794,-3.1631131540602926,1.9512780996660248
09690df3-0715-4875-8745-7e8830c761d0_341-62,1,-1.3724271738842233,-5.7723811998856975,-1.7899258469943202,-1.0844017549767795,-3.137309543668905,-8.186699525847931,-1.9481884000554281
c7f71299-a622-4a9a-b225-019335d6f2d2_607-47,0,-1.642746039132589,-0.9795762961679069,-0.17820787879359934,1.4665919258075177,-0.2790696741853759,-1.3185260209117036,-2.825671499681075
50c1df1c-e016-472a-b0ac-d297b0c82e87_3264-37,1,1.6986482591786658,-6.64705804817456,-3.708931520869977,0.4237759027518364,-3.6244338489105483,-5.811672270644097,-1.6923890683968412
2cddb76f-24d1-4863-bd91-9a5d1922a543_1368-59,2,0.4627041087387511,-7.937680950162789,-4.480927562812382,-5.166209939022712,6.801916064083636,5.103847461125587,-2.4425065217410946
3ffb9247-a141-4056-a644-dd3fbab708a4_364-69,3,-0.8198097417815464,-11.53532804364116,-0.8002711370180564,-4.932183897487221,-0.668189451834737,2.901626980447168,-2.2435909361265036
d0396c77-6ecc-4d9f-bda1-af051699d0cf_3645-32,4,2.1918560291078317,-1.2471642013060018,-4.488718082562569,0.4099671574571263,3.8850464847475377,-1.5258675187429835,-3.5932955551979644
406f3614-0b99-4b3f-b3cb-a4590bad9e27_811-10,1,0.2979382474733414,-3.8122476292426812,2.0501129910680973,-3.1472071989141175,-1.176213368783888,-6.331759414455449,-1.9935672406995926
4c53aaac-76f0-4874-ab1c-738286b9698e_902-84,3,-1.5543034679459662,-5.063070499728347,-4.870656576261407,-3.675308164561359,-5.048774955731551,-8.32951754087591,4.732785341681539
40b33c95-3689-4ec8-8765-7e926f623b75_726-75,1,-9.80504205281133,-11.431630745917118,1.1198077459224511,3.774630125739425,0.4187112455580846,4.059815526899527,3.0538307412016295
5d8dfcfe-93e4-465e-a548-44c1442ffa29_291-14,2,-7.246258863031475,-11.320676140026222,1.1382622540923102,-4.779676961293992,-1.843812624552609,1.401338409306656,1.8060202337084896
4ca97ff8-bc2a-462b-b4c9-b1a878564bea_94-99,2,-11.171365337999655,-6.080440680814277,-0.10275523254972607,3.4801954200264404,-0.6105586607643008,-0.5545096420890561,3.5833982717133748
c9595c28-a46b-4571-9796-3802af307bf2_188-17,3,-5.958826532230028,-3.297557418985927,-0.03588548062821717,0.9229985589743478,-1.5424266253614543,3.2102417853365885,0.6376031550269627
e2e46fb1-9014-426b-9bd4-ea0b995feb31_1007-32,4,-4.106135929764166,-7.481644130270322,-1.596050891956646,1.576930532803118,-3.7360018448355805,-3.5502240660862796,1.3588392967792002
d6f9d174-2d42-49e7-83e4-daa9e8b0aa25_831-84,4,-3.7093714446974317,-5.801244789227258,2.169316410758857,-0.34176618381102364,-1.6242394590660085,-7.091851036238175,1.4222161500273345
2a2ff7db-5460-4296-a8a7-946ba628226d_1549-08,3,-4.170446203734606,-4.774896468609914,0.33056699482590934,-2.3304715137915095,0.3291705161277984,-0.28706856468245157,-2.9995346712790134
786877d8-e353-4fae-b488-8d7443646882_1042-29,3,-3.4331897668941105,-3.9976299780720677,-1.0986698877055088,1.582809267789996,-1.9728863029195198,-3.390841198800731,3.9863852403305593
42d72164-8f4a-49e4-8b95-b3ad423ba65b_81-84,1,0.09623289762362153,3.4300954008544204,-3.256753339947478,1.9263445994946742,3.194529941120035,-1.9944200374260173,-4.910102438281599
a448297b-ae62-4712-bc4f-849b39176558_2588-08,3,5.220469140807167,-11.727048892399985,-6.143729898068576,-6.447435561286308,5.580418523234334,0.5052998302074441,4.319763351018976
214b62df-2fb1-4b0e-af9d-42b0dd37defb_2020-07,3,1.062571266351455,-6.531038703991813,-0.34579992321331376,-0.6580623110760243,-4.713233171450986,-7.932290197768351,1.0933720169389727
eb81442c-a322-49ea-b243-a39d2e288b9b_414-51,2,-2.393657101419498,-3.2877777302693403,-6.8302746059626696,-1.5425577358293667,3.7169299246612346,-2.1277561789691055,-4.362847386795773
ade9b865-951f-4a27-b6cb-ce12cb613de8_887-25,3,-1.0029432010810984,-10.140629023235402,-3.029718519827688,-0.07046272251837793,-0.1470213137448651,-2.5345330559071004,-1.3308287560155863
e6d852dd-2510-482f-ad25-3d731388ea44_0-00,3,3.026769128506861,-6.9420253724606065,-1.3914370377104945,-1.221707415515692,1.1286920837886487,-0.9920444347642716,-4.027105816549547
e9957d35-9c4d-44cc-b3b6-267dfa13841a_896-74,0,-7.564843809835894,12.454356150702548,-1.3393356031716421,-3.047610960238041,-1.7776326100786235,-3.9575324120418776,1.1579545246661034
1a50cd38-dda2-41d0-8a6f-294f17373d97_2805-73,4,3.250198601949456,-8.39864928106407,-4.794262929905566,-1.6972705416478426,2.7606193047708936,-3.563943903112107,-3.1402279348836695
dd82f801-fc96-4ced-b066-ad559da3faab_284-37,4,1.8499703387149116,-8.926596102966743,1.5130809648392525,-0.9050241013038934,0.9881128061373876,-2.8539789698270672,-6.1225899937751755
1acd2d5c-b0d4-4ec5-a54c-6a9c84cb11f6_23-18,4,-6.050422613600954,2.845556509629061,4.660483851036951,-0.575992133705599,-1.8134484722008515,-2.3095612813925035,1.6948377372699113
2dfec7b6-c8b0-4cd0-baf6-4a963aed1d6a_1906-66,1,1.9606547262652427,-18.278533421018675,-4.926181872713316,-6.111249200517511,6.229813433659015,-4.436401814429766,3.8818903273040153
cc82c3dc-caf7-4d64-9c84-b4701e205344_230-08,4,-0.47553692464270636,-5.823671928062913,-3.041466389433996,-2.289556297359538,0.39680641193605615,-2.228779239909075,0.887027853628289
de37a11d-1dcd-4f5b-9054-155093b3a073_7411-22,1,-2.358797788101697,-5.59260545779529,-0.7509495146980995,-1.8017252358834617,1.9734202418058495,3.176507186136693,-0.5852921290676198
ed027cb2-5b92-4de2-ab58-69d42325ef15_266-43,1,-5.7719182237777185,-2.0855995490828176,8.382446435501357,2.2887150435357966,-4.274227333063054,-12.732252453405051,-0.6319220252261857
af0cc15a-5452-42fb-92dd-a3f50136bf12_3147-74,4,-5.390550991171038,-1.3120239398662523,0.4560247405679614,-0.9632931250480913,-0.7273006342724586,-6.297835436249318,-0.5338047985352794
8b89d35d-5e19-4240-b45e-7a692cf962e3_392-22,2,2.9096917895082166,-14.016812022000757,-2.673526286112545,0.09758154552774023,-2.077621817387667,-8.625268040643896,4.125274803772929
c7da3efd-4a18-458e-90fd-f757ed966a63_8-87,3,-5.232187958028036,-18.131767800713895,2.0949526566010515,-0.04103217684510485,-1.8311600528406216,2.549389914312533,-4.642805993183915
aae90bb1-c8b8-433c-98b6-2bc5f20af6ea_569-99,4,-11.843054388756066,-13.170551636566433,-1.5065885149684455,1.2833768318736993,3.1193477596384658,1.0725102341509656,2.6735321025788465
e55e4faf-dec5-40ee-b375-f0b049b9b280_285-98,0,-2.9233903955778593,-5.476997123092232,-1.139871021708013,-2.0077222724357107,0.023144667694334587,-8.194562753260415,-2.0633994479213618
214b62df-2fb1-4b0e-af9d-42b0dd37defb_1955-31,3,4.2869278950746486,-7.39762195125077,0.23931951210662694,-0.313794933939218,1.012595991065872,-12.326035245458943,-2.8081897679166783
ab6f68a2-e5ba-48ce-ac24-7fb3df0584f2_326-63,3,1.277530724141687,-10.060514399221447,-1.5024634355556343,-0.12027509971572992,1.614732448487186,1.3040494019251216,0.5922260258539789
abca0171-5e73-426e-9ba1-49a6339b2ef5_979-03,1,-3.8588910218617203,-4.278020417099471,1.63220335791973,-1.7175488946012343,-0.2766874823717571,0.4936656899602929,0.48940581102132286
744c58f8-9a76-40d4-838f-8c7676fcb316_140-01,4,0.715379461051318,-16.30317224129669,-3.5445660828050016,-5.457407896494583,2.2529137224917206,-1.5861221301726802,-3.3602539857330695
0b530687-26d8-4c9d-9771-c758ecd2ecbf_14330-76,3,-4.139531406541903,-10.925378257154815,-5.2007662118426445,1.3673730570268847,2.5971794355163023,-2.047446103729782,-0.8882844397983065
134a4c63-583a-4e64-8cf9-002b6d26cdf1_464-01,1,7.499767667185371,-17.98069315390191,-2.703839521491575,-4.318382960693805,2.4253209575609627,1.296386215697602,-5.32604986776034
b5d691f6-1618-467e-9fc9-d2ebd8eaafe4_488-95,4,1.2252719251829696,-10.038040131540866,3.2896915433361436,-1.155288937924039,-0.3204498729984313,-2.729284741383113,-1.9566044629419495
5e193b30-3e79-4851-801b-dab99125cd44_3348-61,1,-5.8038362262323355,-9.206500111175592,-1.4771596410263799,1.0419076728643293,-2.335756484248006,-5.344078087513926,-0.07902049720499238
c0eea386-412b-4127-a2d3-352322a0038c_830-51,3,-9.975824930757822,-11.425589737054324,-3.1242972300902605,-5.68881364067521,-7.456335511173033,-5.540849299353304,-2.3470334363511434
0f038f2a-7b3d-40ec-a22a-9f764bfbde74_4-93,1,-6.324744045397288,-5.7700601896091985,-0.07975594263744845,2.7560778977223834,1.3163768926169674,-5.810786684620736,-2.4635271487410444
fb92d350-9bf9-4b16-8a1f-7858de276226_2190-65,1,2.6250400963560034,-3.498933084034184,-3.154949593917244,3.7751442012205465,-2.184338419641679,-9.545456166186487,-6.448171023373832
75ee5afa-d891-4653-ac4c-d81db1a90af7_32-52,1,-1.8633229507244418,-9.71894176620621,-2.5230844299636317,-0.7873773142673186,3.4131194837808976,2.406289323035733,0.10543779167917022
11586867-f4d9-4341-9532-4de21a47585d_394-60,1,-2.254547415431989,-10.912498618181239,0.7103856584764642,-1.1367061764130555,-0.34790749417692846,4.723294312879325,-5.836181515814339
1b4b9493-2f3b-48e2-ba96-4feb9b9e98a1_408-70,4,-5.078247226395096,-1.297048394557022,-2.2164841086183875,0.41885449263863694,-1.2235088748130258,-1.9175954365867671,1.5698231154877214
62e3b74a-01ad-4824-aace-5cc12ebd2c47_228-93,2,1.555133254255017,-7.962008852255918,3.315708174096369,-4.346112670995178,1.214653643275963,1.6565791591107777,-3.5900056202126582
db35b386-4c65-4c5e-a488-51b2aa5eb1fb_554-63,0,0.35839063944274807,-9.533381092221747,-2.868696559365712,-4.45779472458614,5.351882111851717,2.460901262534648,-3.304576521899129
a267b011-b1db-4e3c-aa49-438e2afdd6dc_116-72,1,0.9319637466866102,-6.874982769027296,3.3094744465469095,-7.8935857736654835,-0.31327435736403153,3.8689836140875413,-5.562164492380831
2d01625b-b7c4-41aa-989b-2d0b392d8b54_328-63,1,-4.869266316426323,-5.295165029231903,1.9838390271673063,-0.6572238241478483,-1.4183976664396432,-7.375243500906002,0.2001928904104695
0d08f503-89df-4dd8-a238-4e1749d2fe22_5-63,1,1.3700857435540794,-13.405125109785246,-0.5941674895678534,-1.3356745433331887,-1.5118945141169884,-2.810104276685155,-1.5907784734880297
8cda2388-6f45-46d4-8ded-4ba2e23b309f_463-28,2,0.09451242355552858,-11.284055376467144,3.85787304372662,-2.904921263996452,-1.3520039388124283,-0.17100687411410576,-1.6712838034237638
54a421d2-763e-4751-a6b4-54e3d6c46cc1_676-59,2,-0.35271635670231505,-5.036052775635343,-4.502281865120034,0.2421109675184594,6.334596598392575,-1.0481091171902825,-2.9835373611887177
ec3556de-be79-4ad4-aa0f-eaca48abb5d5_547-69,1,-3.06036848553303,-9.228881878600308,0.32720746684847424,0.4771565997863392,0.732635361028952,1.8319581039215174,-2.5559634706034924
d64fb34a-08fd-416c-ac6f-86a0813869a8_810-92,3,-1.576456491238759,-2.059539095655638,-2.2178571964181737,-0.8585792598907963,-2.7478876832986416,2.856632717841711,-3.558224027656215
a5bd4711-275b-4bbf-96fe-37553e5d3e93_297-73,4,-3.494181319449129,-8.520151425777428,2.447490940616441,0.4198708930120122,4.329371866262215,-4.088266747553882,-0.14016576552551352
48acd7ed-cafc-494b-9e47-8dddcdf0fa75_819-59,4,-1.2295873204101233,-12.633304409893423,-0.49371195314394,2.9365994818511583,-3.0532669930770067,1.51320720239088,3.6703340706347607
3c5841d6-8d79-4aa7-b020-bbb6ef114b42_402-54,1,-0.907000814442952,-7.760765408326004,-2.1810001002098467,2.4052756424095243,-0.2404204703172725,-2.4109433395919235,1.600574675757642
ecdc4071-1903-4024-a357-d0082720168e_44-12,0,-1.5200466639396284,-6.676036763767343,-0.027478576366555818,-4.810719466475145,4.456078264503559,1.294635978564916,-3.2787285772354906
88faccde-dd5d-4af2-b769-8f0547c2c6a3_826-95,3,-0.17197188946161668,-12.40071203590114,1.3145466680697573,-0.4955500640148337,-1.1968056570100238,-4.963881368768662,1.891530815303277
f543a47a-c081-481b-a415-cfe732ad74fe_1737-03,0,2.767353530994868,-22.15530330775243,1.764161165641183,-4.008485794496755,4.472072860909613,-6.218837777867384,-2.876701982418079
bd96484b-6f8c-492b-8969-cae99c868b4d_2855-28,1,-5.252410457104712,-4.608588699160523,0.7742586591063257,-4.56766403121485,1.4814139309334204,2.9709654670142664,2.2363509430668804
721455cc-1e09-44a3-a579-d9e90db85227_1577-57,0,-2.6492934170554547,-7.998532948356684,-3.8502999611764346,4.001907054763904,-0.34783588869389187,-2.8162992673922504,7.1656939599395795
e21a6f09-3df0-4bfb-a23b-47a1866aadf1_526-23,3,0.6781283285471151,-9.793239286446259,-0.9286847288304796,-6.972928471413347,3.3681465586190646,2.0340933041768974,2.1339677993576505
dd82f801-fc96-4ced-b066-ad559da3faab_1788-27,4,1.2365817403910504,-10.746764055831479,0.9091273387295278,-1.4555310357021924,-1.6724419585574712,2.2624962709302467,-1.7741527375694337
d55c3204-8dfe-44c4-8822-d748e6fe6d8a_759-81,4,-3.7452532212162892,3.867047695482837,0.9165356617101703,-5.385674145981418,0.3726671247284674,-3.9166338460119237,-5.47939495557022
520374ca-09f9-4716-8176-dd289ea7baa9_659-75,2,1.4896963885462642,-8.891638265936361,-3.507430581808049,-0.7316841493853987,1.1353692642607585,-1.0823973781478182,-1.4539574591242093
09690df3-0715-4875-8745-7e8830c761d0_2258-64,1,-2.7298342854380113,-5.322234404767388,3.1206006009504694,0.702422344956112,-2.6465088867302544,-10.301594077544134,-3.094773234500016
3e418323-3ff7-4d03-9b60-275f1e20f5dc_589-19,1,-8.174798800862877,-2.5657968696571487,1.5321111774066902,2.2207321264160544,-2.971193105770934,-2.8036733354802235,2.5350153986826607
d64fb34a-08fd-416c-ac6f-86a0813869a8_494-32,3,-3.2887478185136496,-5.570696392871899,1.7735133266806318,-3.6889566885435765,4.965365650827216,1.5565238077921508,-0.22077665685356984
c3acdda3-cd92-48c3-9052-45b57cb27e5a_1390-16,4,-4.919587992675826,-11.515974462200244,-3.7060058818803228,0.0810227236158173,5.87885435799487,-1.6097643959068715,2.992867775733429
a5e74924-6083-4618-b830-f528c5199ed9_5985-35,1,-8.927359563934308,-10.812210108127553,-3.1300636652263485,-6.218131182776462,1.889363270948262,-4.02816894860781,-0.41122418988906584
1f5ca4f1-6200-4a9a-86af-150824b51f67_821-58,1,3.2265878497610396,-5.744528774984731,-3.603581689738271,-0.8879039752358309,-2.6979652485545844,0.4491308047867908,3.5622909008195354
072623e8-1889-4580-8175-ddc05a3dceb3_89-78,3,-1.0882529453965464,-14.637535906904393,0.0524204636113903,-5.287999630558076,2.3121689885335948,1.968060889471368,1.22050381944921
b9de7a2c-d02e-4d66-9556-381f0b7ca51a_3795-42,4,-3.495090612919504,-9.943905650497467,0.7174963947506354,-1.3520021950545082,-0.7174320560136365,-2.822300328352223,-0.40780567203850526
652f0590-aab5-4de1-b578-238adb54fa0e_3914-88,2,-3.618690886585198,-2.734228083986093,1.8921893247192332,1.693449349936373,1.0983248348724564,-0.13013281530819176,-6.7638389511191415
3decc0f8-9806-40dd-83d5-26c495dd7830_5147-61,0,-4.990747457154395,-5.673039230754133,2.028552182769523,-0.0810717746122942,2.398246631057911,-3.916119517536975,-4.356236811962872
fb9fda68-f264-465d-9208-19876f5ef90f_63-03,2,0.42910020163160234,-4.814274287316595,0.8445414324261618,-1.609417525545517,-1.945210739707005,-0.6486190094487174,-0.12510077926660934
b2e6a3f7-aa49-42c5-990a-8ef89d2c9d33_987-28,0,4.090456267834613,-0.8684095451517395,-2.4340344007004697,-0.9591030729087688,2.5262362028325427,-2.3866091913015754,-6.713699767549942
24e24f1f-af43-4ee5-86be-2a4d5cf772c5_194-62,3,-1.6576862890606356,-10.496860589984955,-1.664745860982633,-1.1375375230239229,-0.522295560087512,-0.2815664324193605,-6.018167523152367
998d4e6e-f579-4872-b706-767c5f392825_5282-59,2,1.7159707630699497,-9.401102450204553,-3.5456919365034256,-4.103488600829338,1.1688187305415312,-1.8747809268528801,-3.8007579365837896
82e96128-1242-4e57-8a3e-9ea222df022c_2985-80,4,-5.416345987240527,-2.990887105123436,-1.611690870144777,1.1773833640905922,-1.0197441180579836,-9.405570890404249,-1.654846060403046
98fcbc28-9542-4f3c-9a03-73af08fb989d_1063-08,2,-8.132244913913611,-8.148234548795438,3.553068280585733,-0.600963051331985,1.1474818657209613,-1.4794109373302815,0.1751553833966225
40f3258a-f7d8-4b05-8b6a-bd9f8d5b85fb_792-58,2,-2.3278451142765917,-5.242735277297886,-0.005552616454401305,0.5246733892330746,0.6851568777535171,-0.1633730029307605,-1.8283487376533425
f8c9dee9-a82f-46e8-9cd5-9380e197ac25_28-43,3,-1.8000208455261995,-4.902160192551901,-1.1742653552554683,2.102644066830868,1.9562929420310657,0.9520566034537756,-0.4450517993595777
182dffe9-d2bf-4a7d-b1d8-137470f0143d_1327-77,1,-0.9948672815310269,-6.310997285984175,0.499790566705801,-3.776334534216734,2.116873081716841,-1.4878040613591375,-4.028110142736054
3c9ce1b1-9eaa-4e3d-9ebb-91f9d904178e_1420-03,3,5.161185238015628,-25.51082186986523,-4.398209347781988,-5.90680021732542,-0.34762915205698725,-0.22744037535489614,-0.5945116821070113
378af037-7200-4d75-8f83-ddc74e1cd2dc_3193-87,4,-3.4561852234092716,-0.3987785987177759,1.1500168173893819,1.1341458424023942,-2.424339853370597,-3.9157919831143806,1.5799744374732223
fdbe0fbc-90a3-41b9-8898-a0c7ce3f966c_696-68,2,-1.1951536658092612,-8.94332318195067,-0.07166706932241151,-0.4620621897834045,-1.2663715455391102,-6.950983702457747,-1.8754676944917583
1eee4aaf-a21c-4ae5-82cd-96fdccae6742_761-92,4,1.1403636116520794,-10.77955930993322,-2.9856187117569215,-2.25557165965557,-3.1811238022779533,2.2023964148741433,1.5506120578193159
d64fb34a-08fd-416c-ac6f-86a0813869a8_466-80,3,-4.166893019646099,1.9829165560951703,4.5632998432841845,0.47376550022024533,-4.3096508436870495,-5.994551418910254,0.15132205713359048
3efc152d-ea0e-4372-b552-7d5e1cf07259_6116-76,1,-3.656123796714817,-5.386842508484143,-1.1555522288050586,2.098041819872018,2.5560341210877415,-2.171059051641543,3.8850456779779563
24c447b6-094f-49a6-9c20-ed594ab0da65_0-04,4,-1.6951811823251028,-8.559862163646482,-3.757139585870048,6.305742813330093,1.0285721270249923,0.7057887211172664,3.5228398760207735
6edb5c87-ae95-4185-807f-06d37124d2b7_659-31,1,1.98974285068062,-2.7517025662531016,1.3640525388901565,-4.753043205865936,4.0925791200323385,1.154410154288016,-4.435672604033556
348180aa-c90b-463a-8b3f-0743469a8b59_7135-61,3,-4.419335856960362,1.0670239364182228,-2.6726843155611997,3.1823811946970317,1.0361716164463772,1.842226153369368,-6.074527494504482
df0b81a6-826c-4e9b-8921-392304716c0e_554-75,1,-0.4633228288896889,-11.363234827973315,-1.8981463071375817,-2.696214100579246,-0.7481208074757242,2.891237510828082,-2.6761767642582415
c8b61175-cfa4-44f9-a88b-76609ffa4ca3_3008-85,4,-6.619158841970872,-10.01020856354722,-1.9403583181223212,3.4475625959069944,-1.0643931956963653,-2.6148177409157682,-2.2353542943407687
214b62df-2fb1-4b0e-af9d-42b0dd37defb_1307-44,3,-1.7398404324633574,-3.027258023320403,1.9722511913815555,-0.228955136604453,-3.1518623624822735,-4.3658078640184055,-2.913202035117287
620d3087-c6fb-4b08-bb6a-4dc4ede3b994_232-40,0,1.7870822292950188,-22.976654527658447,-6.175714245047081,-3.693926237232115,2.180887219059869,-1.5657967605723344,-2.497586704447146
c92cfd96-21ca-4b52-a56a-6345fbf57de0_2877-33,1,-5.431138007327955,6.472971785781836,0.15856927833404433,1.5411106592208528,-5.7098707087274505,-3.8685598225448614,-0.23216505232512108
38737402-19bd-4689-9e74-3af391b15feb_1017-05,3,1.6702834933602155,-1.8758799626991385,2.5449450791274777,-3.067126418106397,0.5653134709821291,-3.7248725469726613,-6.5648541575714585
aa19d5c0-35b6-4ec2-9865-07f556c341de_76-28,4,0.9324610093159547,-5.4824948113739875,1.1585524252945545,-5.585353043071626,1.2587827187857497,-1.5015145676342483,-1.6180759098582562
e00d8164-9996-48ed-8645-bb88ab30cc09_113-51,2,1.3134221942925126,-14.5238164606615,-3.676988890391624,-6.151600294849842,3.347370508891627,2.5193927190451335,-3.2061130940982383
0235dafb-ec68-4177-8aff-e36d6c63742d_15-76,4,0.5123561579452107,-0.6491971852336658,-4.5698055609346,0.8156196310059664,2.6970212232722486,-9.135948488051774,1.482887471721994
e1b0b312-ce2d-41a0-be5a-70c807fcc5ef_2287-10,2,-1.3108817541206725,-20.04033224159483,-1.988785836565117,-0.20789039932376774,2.406953573428288,-0.9665652585738052,-1.5916542808352019
d27c5c7e-db9c-48f4-bea5-9970078d352e_87-62,0,-0.6651090767066479,-5.405027797571118,2.5584120250747535,-0.11996271429464955,1.2211776447035423,2.9126818555348803,-3.053330223910872
817170ad-1f3b-44b1-9772-fe914fa17f30_1178-10,1,1.4814317924933664,-13.215496756429397,-0.8010509266639655,-6.818924587999916,1.6105602942170214,3.9842861561628147,3.096523309252615
59857657-5cb1-4268-9c8f-ab6cb3c3ad3b_5306-98,2,-1.443568154376959,-1.3472257903103486,-0.007856842534637698,-0.4503124855073093,0.2902031808170658,-4.551717757749853,-2.043951108469034
356661f5-767b-495d-95c7-03dcc46f85c6_1860-68,2,1.8894945455370673,-1.4392396075782186,-1.75989825126712,3.1736369875182655,-4.992179972823732,-8.124163971793955,2.085369186910579
ea417823-8ca0-417c-8901-114fa4f2d47f_254-62,3,-0.23713811819784492,-0.9370635001827035,3.3834089156577147,-1.1540025259546458,-2.757630749557521,-4.794475825107912,-5.113243086729881
0548b16c-cc3f-475d-82a4-9a73109d4327_1779-11,0,-0.30998809481250555,-4.544429027710088,-2.041229147569852,1.2448939733213107,1.5687719339632735,-1.9789513777313184,-4.435614561309514
dd0aa717-59d8-4d8a-9f11-21be827fb184_406-80,3,-6.581741853943151,-4.118557898119206,4.169734084210733,0.35681224473642226,-0.617478851520007,1.470021089151206,-2.360639269801718
baaffbad-76a7-458a-8a54-7b593ab073f6_329-73,2,-0.5242896908155446,-10.322190338168255,-3.4973482055425062,-0.9531842258233532,-2.8539082922569055,-0.5374417817852706,2.8066424942988846
af400f98-3c57-46ad-acac-eaca6f940180_3432-31,3,0.695652439690231,-8.61754136945633,1.3535006059602632,-1.5054110936695744,-1.5321268869241902,1.5858583089059017,-1.2891752579542215
edd0cb68-87be-4cfe-9f2d-b0b64ea8d3e2_4865-28,3,-2.525161675085946,-6.527748023944857,0.2210834251375211,0.3489495969156401,-0.017824797673208718,-0.8505370423298801,6.020378176415546
54adfe07-dcc1-4c3f-90a2-ac93ea7ff6df_76-91,0,0.9053540028006535,-12.150580982677166,-2.58671107857219,1.593851187961344,-0.3439933037757152,-2.219207397260491,-7.996196150124518
38a7b760-56f9-4565-8b70-f8dad5768ace_296-28,1,-6.6776181766008404,-5.355614285406196,-3.6517699845666316,-1.5593563609060959,-0.7766133939924491,-16.178582409982305,5.106399097188104
ed792c47-5cb3-427c-a0e9-5dac33456e6a_38-58,3,2.6611164490824546,-8.395889965132351,-4.775566328790957,-0.5051650812313749,6.724016142190358,-9.108871091164193,0.3669623705840517
0ece1a2a-2da0-4b28-ac8c-bf9f04c0d17c_2285-27,1,2.271603385157605,-15.188564828137281,-9.536495916795056,-3.556740340793148,6.654455516700265,-2.570506984936601,0.037642092770239666
ed792c47-5cb3-427c-a0e9-5dac33456e6a_3373-63,3,-2.8580493104474245,-10.720049622763455,-4.99300889929442,-1.4204162908382054,6.625019388171594,-2.069513827609373,-4.459237235648709
600e392c-4be6-4b8b-bef8-e789ce3d8915_3230-09,1,2.7085236669341146,0.9838154223336346,-1.7858543264771427,-1.8228657224884262,0.6721979251363019,0.03041568550135798,-4.370230409648295
0a4c05df-f522-4a33-862f-0d89824e7300_1283-75,0,-1.385285892007094,-17.283366343766136,-1.5718001895415155,-8.37926269420803,-1.1640551593587516,-4.132868078726849,2.8283174561869213
99f41d39-cc65-4aad-b186-23b66e282f19_141-65,2,2.979465415124591,-1.5843963949000015,0.6047721658243244,-1.9274996798680748,2.8625536682670947,-1.574847228199082,-1.5619670337239704
1aa426b2-4d83-4b56-9d3c-4616adc464c8_300-08,3,-0.6955514288445925,-6.236274805052074,1.3949714209272943,-0.5980413455476091,2.589758920061072,-4.29220616327429,0.5172725756858834
31254977-d873-4b22-ba1a-aca3fe028ba8_233-94,0,0.5685564719782366,-19.73208670665575,-0.7687707071437445,-0.293448974310458,1.0401892718981285,1.173714290340625,-4.752139130600141
2893d559-89cb-4125-a761-3ff8e68768a9_88-42,4,-4.021597658132778,-11.489722185945721,1.3878516073715055,0.609801231645834,-0.17203371718657354,-6.19727347067396,0.4119253851442517
af8dda66-0025-4ee4-9888-b568b28986e6_3283-52,1,-9.885277486106663,-6.154075396787646,-1.91198741732694,-0.7290237490766631,-1.1472740566670008,-6.5134709506632955,-1.8754546581387161
2dfec7b6-c8b0-4cd0-baf6-4a963aed1d6a_1092-32,1,-3.0959990745872803,-13.562226114842968,1.075082847015747,-2.250010916467033,4.1036345060615576,-4.206917475179196,-1.6064379496988124
5cab806a-3794-4578-94f2-33c3093151d1_546-82,3,3.032081671988397,-9.30585269198745,2.9151194242528233,-6.304268038204001,0.7215674880191459,0.12020122751979434,-5.482368881890888
bdb29a9e-d6d4-4918-9870-464abeae48d2_837-68,4,3.098060682346247,-15.794338999543694,-1.160992794562607,4.346645901119852,-1.9582721832292864,5.830992397370756,-4.423425066578155
9d965c16-0014-45e5-b37b-50a786971470_2004-75,2,1.0802259460808552,-8.204132229447572,-1.786706760720658,0.8694763901112781,-2.136356732999571,-3.235452131616012,2.595693213357429
dd508a2a-1ea7-43d2-805a-8080eeae9985_1133-08,0,-2.770728520176078,-10.669242769073497,-0.7858831173780035,4.338130450464543,-3.261818876247109,-6.882577415374524,1.5643143810949314
f5accd2a-0799-4345-9e0d-eb8d87a677a4_1449-87,2,-3.9557217769079003,-16.253532413556485,-1.1578220245763522,-4.701918812175698,6.577106687045195,-4.545292010830962,1.809132398415557
1f61d972-e61b-4846-af3a-d09db9f111f8_17-26,0,-1.0443679648742905,-10.891067467252872,1.4627636516455906,-0.20030011542384707,-0.40948579801517243,-7.0377960477766734,2.9527878481211385
45c274b8-54e6-4187-9fd9-73c0b0ada28d_109-66,4,1.4720261092814697,-9.131525294259038,0.4635712354689545,2.9945585234087075,1.1451964059120396,-4.284672135160306,-1.3933020728914876
9490a06b-3fa1-47b6-b470-facb3d61ac57_153-78,2,-0.08504877690435886,-3.8062152998778784,1.5522674452967624,-11.37464306324459,-1.7617469983517338,-4.836762456579437,-2.582124110715338
35ab724d-5dba-4094-927b-e7bc5ad8cf41_56-56,1,-2.954238453816541,-8.040581155885153,-2.8197704974465907,-0.3963700104743526,1.208072042798856,-1.308713331067067,-0.6070180958986395
62103d3d-d89d-4f54-a766-1beb22eb994b_179-41,4,-11.204023446042198,-7.621261396452732,0.11216571433250166,-0.11928127458420079,-2.480025837107282,-0.005651192827003548,0.3104573667243564
624a6c0a-a4cb-4073-b501-48e4b6b679e4_1105-63,1,0.6426913977319855,-16.488664054489902,-1.0410164021400927,-9.559680607848934,1.4769563477345993,1.3455169931604058,-2.3942237107386015
839c2689-76f1-4e8c-893d-93675663dd93_582-68,0,-3.9360853832561493,-7.033306254852503,2.9727901221313466,-0.004098762390985167,-3.8911245066986684,2.1704217190269617,-4.2960365548925274
5b0c9075-f81d-488c-9862-c9c3b9ca27b5_843-40,4,1.0609711438556495,-2.4566437352743096,0.1750523750239008,-1.5259496663704555,2.407480818175377,-5.554057771838232,-2.7746719498751675
56c5fea0-73fb-4239-b740-1faf19e75e6f_1246-35,0,-0.4594696756812311,-3.312005370824733,1.185845140618774,-0.19144511230657257,0.5895357160355592,1.4750687921854093,-1.6250445957539148
f5bdefb3-f57c-4270-bf31-7939ecd45c86_1815-24,1,-3.453235870822371,-9.72913583137711,-0.8637572083421484,-2.115289894376104,-3.3437240802793355,-7.097848672472534,-2.814522850593181
b7022084-61ea-470f-b2cd-49be2ecaf3aa_18-42,4,-1.5655037879037308,-0.29335110428457334,0.16815716550873372,1.2594654763887974,-1.9108075771618354,-2.6226584291473722,1.371958554103702
c8d51f6b-7329-4367-9b24-941fa79794d2_2516-44,3,-7.025906961385075,-11.8577465958553,1.1095733682469624,1.8036688638543121,-2.40716186777723,-5.743554083454153,4.089514182681072
0b530687-26d8-4c9d-9771-c758ecd2ecbf_14604-13,3,-5.116226978624052,-14.526199269566359,-1.5367959541214935,3.9609160514113593,-2.8083031445985536,-1.3283018702678508,1.4129907446687773
4d45174a-6a77-48cd-a8f2-9b93e2d47f07_604-84,3,-6.727668257300221,0.47713601875027845,8.146097843321716,-2.263627638820267,1.5514186038553797,-2.895354671449935,1.5187109629467115
c864505c-9d49-4da4-bf7e-254b4c348c03_191-07,1,-10.157858588875447,-2.893468539339342,0.24735513795606334,0.7508070898578612,2.7865469528421847,-6.620877802957207,6.081573196296525
620d3087-c6fb-4b08-bb6a-4dc4ede3b994_1607-58,0,1.0161587096993103,-14.65838219430416,-8.893911435679032,-2.5836349974340482,6.5639125453635625,-5.182876119392598,-6.106706272703244
b8ead1f7-ae4c-4c7c-8b2a-35599fc310c7_1079-80,0,-1.9892403717043536,-0.8970441191241472,-0.5791824100057924,-0.6459096680556258,-0.9273137254333206,0.9405671893082028,-2.3258359856375
dd82f801-fc96-4ced-b066-ad559da3faab_905-66,4,7.380391384162085,-12.296428359981121,1.6200797499011754,1.6416413634945775,-0.9637649773244168,0.09978851431130842,-6.987935553162046
b7ae78cd-458a-4fbc-b9d8-212fe98a5095_270-04,2,-0.24248246325690825,-0.2472185870454302,-2.016282103591509,-0.857198188347378,0.28134718236725537,-0.2160560656272965,0.8712920730545702
7f5ed6e1-aca1-40d5-87c6-d156c5f02263_213-21,4,-0.9150715196299104,-1.9616777235776723,-0.8842856382424693,1.2472395044713007,-1.6996212377272615,-4.248699345191061,2.090370852255954
65f4949e-e8fe-4b77-972e-35d368ca546a_1165-75,1,0.4238277087329332,-13.586238105345384,-4.154858018138576,-2.9617330263188957,3.92979030034063,-3.554387213946413,-5.675778998316281
5cff48d5-d4e3-465f-8302-64cd493aba53_0-01,2,-1.8577808713862882,-13.343683819653624,6.135400655906842,-6.002093598679076,4.166709863410378,-6.331102737928405,0.40755361427571113
49f87e0a-cc34-447e-87ba-209e430aafb0_4558-50,4,-4.2090036312127435,-9.924963531989787,-3.5302660863138886,-1.3175399817306097,3.2007022821629616,-3.3350604917638753,0.07010442232852054
bcfbfdd9-1f37-4edf-8ea0-114a92806d08_1826-13,1,-0.7659605693140221,-12.56294722902046,-5.858459060365371,-1.671286220338449,2.2182722465158364,1.670082988495324,-3.014535958664957
a4bbdddc-c222-4535-a616-57ccbc8f9b9e_1495-45,0,-4.825668901194907,-8.908990075119174,-2.3219196201792647,-2.1577503916879452,-1.1949948186423425,-0.8356078773942486,-2.5327753733948866
668962c9-ecae-4b8f-bdc1-a6aeab093d88_1333-29,0,-4.314807014526037,-6.396178999724285,-3.556977022756655,3.56662371496022,0.757514298775954,-2.3160761587152567,6.011158776817569
eb81442c-a322-49ea-b243-a39d2e288b9b_838-90,2,-2.1957633060811546,-5.840862596743896,-1.3932357442806256,3.906131511200372,2.097937158868199,0.8709535516006026,-2.11813035210781
bf4a69c2-2c0b-4810-991b-3eb35e7dd2f3_1088-56,1,0.513738088152768,-12.715076134690891,-3.1161416534041138,6.493489044835368,0.8546430224708494,-2.979645541496201,0.8866393072035925
d8936caf-0142-4ceb-bacc-70313a19f169_805-14,2,-1.2951721465442974,-7.695577291063372,-0.10402526828164604,-1.2703935162010902,0.2962606114447435,-0.23885606290601213,-2.7690792542186364
86fb4797-274f-4807-848a-8b1ddc5c29e8_728-96,2,2.6628618039282204,-10.964503338145871,-0.3639345811960093,-0.18543378340263938,1.490967399854489,-2.548179711450649,3.3595312228858574
8bb4369f-a6e0-45a3-9d2d-fd5d5c686ccc_315-76,0,3.5575832885712493,-9.892572031917966,-1.9854539674785587,-14.173930549597427,0.42862802600852506,-9.615920057017055,-0.25738539852939013
9d965c16-0014-45e5-b37b-50a786971470_8107-86,2,-1.07692446349135,-5.172746515859811,2.392404706597058,0.5712871308463803,-1.087350985694564,2.0588884583609177,-2.051594781646615
2b7ace86-149f-4354-b617-c8ebd08c5310_381-65,3,-4.975478782803411,-0.613208298548316,0.2755416220497664,2.234788563953647,2.652936961948566,-4.3247806617712605,1.1222570933068179
d2985e7b-6dc8-4c7e-9aef-40d633895aa0_1413-23,0,-8.018614609928242,0.24028967752499497,-4.199116903378711,6.427751760723108,2.588671370329407,-4.4616666027656064,2.039496236255953
8d900b59-e95d-4c9b-9432-8f5096aac2db_503-05,3,-3.9098221638284,-0.3101183577846962,-0.2544736002543204,-0.37519858460133204,-1.6841648818870973,-9.07624356974615,-1.9482168407901275
937e5809-09d0-4c6b-8d9e-9329e0cf6218_148-21,2,-5.451665671152403,-5.724029220762927,1.26570559812886,-3.703997741174974,0.8854871683323258,-2.091393550310803,0.21856268951337687
c6b5d782-d267-410e-8566-f7fe5d4a78a9_2700-04,2,2.0243062364399904,-23.42515432583245,-1.0597012562361696,1.1252360212001316,4.298343923776396,-9.430359697200712,0.20521559714436177
ff15140a-4747-4c45-b95f-ff2bd36ef178_1065-69,2,5.420416209708777,-13.157320669328715,-2.938878900109021,-4.852149279232159,-1.1257599731774905,-1.5525810107999396,-0.8521774302510737
a454e4d7-7ead-41ea-bfcf-db8300ad34d9_72-86,0,-3.548412525849328,-0.24967352010523935,-2.8694453835821845,0.39457215345767627,3.868201788372331,-2.6343243380153893,0.33020383010087007
b2508929-e3e4-4583-b1db-41dc3bb0fd21_542-36,2,-0.33801362000387125,-10.151658297034217,2.4685722726743675,-8.049779472625637,4.683224675831156,-0.478194156691921,-0.6871536873641576
59857657-5cb1-4268-9c8f-ab6cb3c3ad3b_979-26,2,-2.1098402517089427,-11.061765138629601,-2.128380487456634,2.14368795968043,-3.0410006555180438,-3.6548369222257655,2.0676973198132695
3455a3f3-1657-46bb-ae42-52d16ec5ffaa_4842-46,0,-4.067721252362894,-0.7903325749330703,3.9118614843916566,0.1183569519201837,-1.5809004599370644,-1.5575311566202765,-3.794173049308002
1ea95f25-81f9-46b1-b7a1-c4ca58251c6f_1359-12,0,-0.89645519777013,-4.622338265037429,-0.29699619617107154,-7.975600821499603,3.675107873921097,4.744475260535474,-6.354188153931178
4f549225-e82e-4294-9379-4891e47725c7_982-80,0,-3.704393588021189,-6.054953261874149,-1.2996281552150561,-0.0320466998894815,3.5883879432674193,-1.4269481098597494,5.053504520496795
f26eb8a6-2ac4-4aa4-a500-1e738d8c8b13_1596-52,3,-5.378522284855219,-14.083839591252607,-4.34645997188249,3.8387503431409287,-1.8621226730769556,-12.671858101017854,1.6930345180723603
10a848ed-f258-4930-abdd-1fd60b788abc_345-05,1,-3.8033404538517352,0.14823156613589372,-1.2589037510268763,4.313580494406475,1.4635076227581307,-2.1932269578803525,-0.4659319995486537
6b7fc6db-e979-43a0-b61f-7dced89d423d_168-56,1,0.02583609978970336,-18.94025715898476,-8.574366487069664,-0.6129617314357514,2.086227272636934,-10.213124099545448,-6.073162795816498
600e392c-4be6-4b8b-bef8-e789ce3d8915_2298-42,1,-0.3247686694197476,4.7164655924503025,-2.067007913850935,0.0034096758016004536,1.0220479416653627,-0.7545022576106821,-3.6515992710010057
620d3087-c6fb-4b08-bb6a-4dc4ede3b994_2651-56,0,2.3567826086004016,-16.20617217696655,-9.684903443498047,-4.549456026903311,5.666989692348113,-1.1237647302316454,-4.003603272216601
d36cf2fd-8916-4b69-b7a2-e9743675fb38_3568-39,1,1.6063623059650205,-5.673889118982721,0.7452473779225427,-4.376488701924323,-9.32915584657268,-5.42800583324688,3.207070060944411
5ab334f2-ecc8-4a05-96f8-4320225379b2_879-22,4,-3.3081227816750656,-4.747366794620934,0.47723912085998066,-3.443438470151251,-1.9778470154914944,4.720914800276762,-0.018055584451445617
4bea2a96-1f1f-4149-8447-766553bbba22_1922-01,3,-3.402999787573205,-8.516073988248884,-2.4364716942340885,0.8529062620281426,1.855490221584778,-2.8833855596591507,-0.441230590068425
952d5295-06f4-4578-929b-4113e4ff9201_741-67,4,-7.155100803519003,4.185681853519167,0.05196416069574994,-1.0837848839877564,-5.442993116057182,-2.988061384508913,-0.3451678406935883
615edb9e-bfc7-4080-afb3-d29e98ce2216_816-65,2,2.679369830694272,-7.49074302767002,-1.1462778988302997,-2.397229659185437,0.5093859588199856,-2.043829024518357,1.7234013530584655
eb2c9739-dba0-479c-81b7-9dda51c4ac20_1388-02,4,-12.910925926412185,1.4989451963538052,2.7285328775572766,2.0334347578503342,2.568133804979657,0.2859207652374218,3.1033640407524556
3f292ce2-fb0d-477e-b6b5-18c6ef38366e_2018-00,0,-0.6829987443524934,-4.630141584624624,-3.3458160270750748,-4.2895974176187,0.4821774033638862,-4.698880282484407,-4.124402216834039
214b62df-2fb1-4b0e-af9d-42b0dd37defb_2040-30,3,0.5870820020077201,-3.0046713393574267,-6.459784479340058,-3.8920297000549358,-2.2673655568554323,-4.28998254802485,-0.17290754289117882
38a66acf-33c8-4ed5-b814-7322087b2e21_835-53,4,-7.586215693997367,0.43579648539639315,-0.9459015107929618,-2.571428890227468,-1.120665401538608,0.6263811462523066,-0.8725837289239695
5ed59c41-af9e-4368-a0ce-30d536d34895_1493-26,3,4.561373519640593,-8.808644321858766,-5.3312759184162815,-5.229836694063048,-0.23166503710568415,4.529160470153755,-2.8608894784790095
4c70179a-f411-4f81-b44d-cfe34b8f9180_356-35,0,-1.743538677153507,-2.4551801393591726,2.177452447229033,-0.9392664870119167,-9.214136135050424,-9.154971339004616,-1.417954242487052
17cd1d99-044c-4b1b-97b4-f3de34f8e55b_252-07,3,7.02096906381774,-16.541555724725363,-5.352234381341049,-2.854769598455835,0.009913198821960897,-1.2250649616647253,-5.7608692163869835
b0a30641-ad93-4d6a-92a9-f277c78f1aa5_295-10,0,-5.393727913202918,-7.986318915855884,0.9101534064912155,2.737209107838275,5.63017138440301,-10.852199346635436,-1.1149797072323866
1f4a4d13-f083-4464-8c03-5e09f55e3f63_125-54,3,-3.6175387528335703,-0.5173901529775149,-3.6443854004212786,2.220349071825995,-1.957101906974674,-7.760472752602042,1.9162795600090636
9155f5b9-6235-484f-990d-fbd3010a791e_2163-97,2,-9.435096592191508,-1.2604897269440016,-4.646856004185531,1.7544061578123036,-2.5877991452376623,-0.32367719902778713,-2.4819128653176694
10a848ed-f258-4930-abdd-1fd60b788abc_489-09,1,-3.264381791283353,-0.9206446754981847,-4.097315205792189,-2.2282146473612623,-0.4586313759657399,-5.625519610562955,1.2866686050366927
cb8df5e7-af5c-4211-b779-0568f94c7ded_3449-61,2,-0.188655146540057,-18.903258967249645,-8.462006760280767,2.4651652747551775,-1.4663332125855884,-5.900773110601478,-0.4167168144932726
baf15309-e865-4e9e-9efd-09097f1d5a43_341-69,4,-0.8273036931994922,-11.40528379282512,-0.5012131666573598,-2.2694917713955025,2.9872540816922935,3.0323719311387256,-3.2127677819164484
11f247e0-179a-4b9d-8244-16fb918010a1_1085-16,3,2.004655680236052,-9.329383697063172,-1.6419339148983645,-4.324379341776882,-4.962702594324042,3.13641056900856,-5.4850509384722725
5ab334f2-ecc8-4a05-96f8-4320225379b2_905-78,4,-0.7489360906423834,-11.067086531486101,-1.360282905437356,-1.0512709352418046,-2.348161465760725,0.41482729839655175,-5.492975788533342
0619c3d0-aebe-4414-b977-f2027271b267_566-56,2,-3.710232117768135,-18.78127268415358,-0.36405127283890626,-9.313107364581505,-6.975163456731165,1.2338185978857812,0.7686716843721445
6e68d2f9-6d37-4317-a3eb-9541321d558e_977-72,3,-1.1270150189332317,-13.040560043760458,2.8862046895429505,-4.5246928147134895,3.460680227183836,5.992786179341441,-5.850635304895231
dd82f801-fc96-4ced-b066-ad559da3faab_1750-27,4,-1.9866688378013362,-7.151102147715765,4.705464152579676,-2.1857340399979868,1.861869782170908,3.815743717835411,-4.836431993866631
c2d28dd4-4416-4300-bbbe-23911487776a_2076-47,2,2.2512836362305455,-8.766332145767098,-2.2181902573817878,-2.4805930961383202,-2.514763749389729,0.9243101639655635,1.2160545850698736
c824d4e5-298a-462b-a408-28a85a7364af_126-28,1,0.4877916306610677,-16.23095607867491,-3.1396266581703416,2.1378011517296236,2.4295534738272777,1.5925939266969302,-0.7938460015810846
6a793116-6fc3-4706-9bbb-8ba2088ec8db_746-34,1,0.11049360503728756,-9.796117279481814,-3.8416280116387407,-2.443475651492371,4.866290600404833,-3.726491563329945,-5.38607814044108
eb5cb2b0-59e6-45da-af1b-ba86c7ab0b54_824-48,2,1.4306874356747354,-6.555859931862758,-2.6914700742735223,-2.1458940256977206,-1.0789824816176596,-0.937261803469926,0.6733478290335121
695cefe9-04c0-42fb-80fc-d308b314b788_303-92,0,-6.532386211773854,-5.491944653056243,-0.5289626102816735,2.8416500703242065,-1.860735561249377,-2.5452141603178173,-1.386872435313056
421a0364-6ed6-4bd4-8db2-5de8e245c9bc_549-95,1,-0.8569161649412134,-3.7021961747726286,-0.5894698963976291,-0.54093119790894,3.2221988979664196,-0.057751309908331105,2.1614700872939165
356661f5-767b-495d-95c7-03dcc46f85c6_1826-46,2,4.997953396824494,-19.72803273764664,-7.3579316139326805,4.336878687015612,3.196686069818347,-9.028099161332626,2.9018138505324287
1a50cd38-dda2-41d0-8a6f-294f17373d97_3680-47,4,-4.131405974423092,-13.711695469542596,1.4810740111879053,-1.2026155421580942,0.560540985501325,-3.203015429462554,-3.7171749174869158
8ea5ddc3-ae53-4cff-b457-ba425c6bec97_5750-66,0,-2.89574900073827,-12.057203243400483,0.35331108162465796,-0.9741332015495889,-0.5479605309823434,-1.8452097851319074,-1.990024409842252
878666b9-5f3d-476a-960f-3a5d02da7619_19281-22,2,2.471829230639627,-0.20082364438660427,-3.3970630721312416,-0.6074709109089689,-2.466318747661465,-3.976495385060505,0.3269471292234435
08e65366-36a3-4146-bec6-043286cedf16_741-63,3,-3.4185260468566128,-14.423710482687103,3.885985890453021,0.16491801479910906,1.1982768094091225,-2.8340917660947116,0.9280239848841767
ba28e9d5-5a78-44c0-b985-2249dcc05956_212-90,0,-1.2765599168899548,-8.673337885772177,2.2126134209351935,-1.1529565687134398,2.316336793450816,1.1956526072639921,1.0383254701997815
2893d559-89cb-4125-a761-3ff8e68768a9_84-09,4,0.11794499017484794,-8.18323681362627,3.9986753086336684,-3.653306762004007,-1.8395534545290455,5.9934195842704545,-2.304035655195144
8c3c68c9-eeec-4f51-881f-3cc6340679ec_0-04,1,-1.3832035478890103,-8.152472206275302,0.8687580832831402,-1.9605453888211355,-4.325838673580043,-0.43820154419281954,-0.21248783734860122
ec85a806-d47f-4555-8c4c-20f59927e580_1424-09,3,-1.950050134466318,-10.946098152603303,-1.1632879352896421,0.09143999424890692,0.7335540750021489,-4.949952963153997,-3.9131326517054577
ecdc4071-1903-4024-a357-d0082720168e_3-20,0,4.653022226020896,-17.631254646146786,0.848205756413721,3.5128126107760114,-0.5668725464917979,-4.368594275774647,-8.190045263429118
8ff25fe1-3a42-4449-bd91-b3ac2adf9143_380-26,1,6.504468559876266,-7.928973093458015,2.1235212225982143,-1.4549507525993373,-2.5516972396744104,-0.19293687735301646,-2.902089063511397
7c925095-c62a-4a7a-a2ca-118ca3f0176a_2-34,4,2.9721652894844417,-5.009982740129333,4.75354952822393,-3.3752277237853523,-2.457379984197965,6.361540096035479,-7.02013644522181
abca0171-5e73-426e-9ba1-49a6339b2ef5_885-53,1,-1.5927928095162234,-10.01579204413275,-1.177032602718774,-4.163049294196654,0.8482560088480944,1.4788741825669063,1.7334383454139835
214b62df-2fb1-4b0e-af9d-42b0dd37defb_138-53,3,-1.7563194083496494,-2.734730317041822,5.1462259411135935,-4.78596148792778,-1.4193584716633973,3.319367084067049,-3.3735043874521526
e95dbd21-3017-48f5-8f36-46531f053ab1_547-92,1,-4.205116091996137,-4.925801835955958,4.886586690615519,-0.053668645816485894,-3.8202105079744713,-1.9982641558305487,-4.312676874316828
a2c3a84e-ae75-4e72-8a52-64511ed67080_919-81,3,-10.497783800116729,-4.207875397116681,4.473187366474475,1.7357821221716745,1.0092177067629002,-5.445210092481996,-2.6256945992201697
9632b0a9-cf21-4773-b95b-83aae9a23d0a_630-61,0,-2.001253424053354,-3.803435381798475,-0.2977424463107844,1.987989440218324,-1.8787271913114199,1.5778154135113331,0.8922687611361064
470499d1-e015-4d45-a858-ca3e9566085e_2490-62,4,-8.008515334761702,-3.18145238327381,-3.3174899196437266,-0.13106284185894224,-7.804240890326708,-7.906751684881066,3.482575216158099
9531cee8-0f60-4a68-8243-397ab7670a75_270-43,2,6.6442833728333275,-8.03320059959383,1.8849365806484266,-3.802867305020377,0.7194058587977481,-1.2002267897935148,1.379641722058031
0a02a1ed-a327-4753-b270-e95298984b96_534-33,4,0.7559427995706689,-7.801271401545353,-1.69166456503612,-6.305523511659305,0.041785127996363275,2.2630838080184352,-1.0854848227248712
e21a6f09-3df0-4bfb-a23b-47a1866aadf1_540-06,3,0.08552559700522022,-7.20614761997428,-4.960167450152376,-3.3662889171720933,4.050033716933429,-4.98954023017597,7.134181589278077
99f41d39-cc65-4aad-b186-23b66e282f19_68-52,2,5.508389028613045,-2.3227056722463546,-4.067368739446104,3.5121568660523232,-2.5225900251885633,1.4140728280288402,1.4482743113295382
2cddb76f-24d1-4863-bd91-9a5d1922a543_1681-29,2,-2.016646848632912,-8.306056017368435,-3.6979155680715357,0.2575841239824852,5.105653675402201,2.964848829442295,0.2102021918239524
7474f654-b43a-463c-a1a1-f8c62cef1e64_1721-20,0,-0.40481246888509315,-3.9348416200409932,0.9276728262122694,2.0324551174230914,1.3676328079963396,-0.2546712826438824,-1.2292176908702415
05d5d7cf-9fb9-4390-bcd3-dd626b948771_1543-50,3,1.8075167524511084,-9.318302795361982,-4.311064293723518,-2.699158100385245,4.680871661042495,1.9474778110751272,-4.24364254809705
14a3d52a-e66c-4a4c-8f71-d86f7199993c_10-64,0,-0.12915082335808536,-11.63752263345948,1.8192015520955502,-2.1917069767642285,1.8953325555353242,-6.895018037308337,-5.74921075276282
6e4baf27-2090-4a90-816b-a35a0aff0e56_1099-34,1,-1.6673437775794564,-8.292046940198782,-4.420449589656809,3.5040678856861365,3.3709968873444605,1.6018641945713425,1.8300447376590785
93f78437-229d-4824-a8c1-68d9b17e754d_1063-13,0,-4.824933560056584,3.3333288688985734,-1.9736436134255007,2.211081264871984,1.8144907385914848,-0.8994772133188171,-6.198935392555763
378af037-7200-4d75-8f83-ddc74e1cd2dc_3511-24,4,-4.142186939752122,-17.81392732151207,-2.570874170024674,-3.369663056196024,-4.4360633409327574,0.9661248963888687,-0.6129878649993656
d2985e7b-6dc8-4c7e-9aef-40d633895aa0_448-20,0,4.77629317644177,-5.789807993028527,0.9155463420647648,-5.6476397459712,3.154869177875506,2.3664565040462744,-0.9945921098705297
e7eead9a-5f4e-47af-8f54-2dd3fd453a2d_49-96,3,-5.422193769666325,-5.025543689767435,1.1981360797164071,4.346537954146021,-3.1314659100820896,-4.0445556537881115,-4.1338231694040175
eaa560d5-6432-4030-a03a-b6ba512e621d_61-64,3,-3.326956706727236,6.735255927818783,0.2955611639208464,-5.040361766683066,-3.582567658225789,-6.391585787080655,-7.253644069235435
6f37694e-26b8-4dc6-9942-567e1e912cda_452-75,3,-4.652724507916866,-4.226946935328502,-0.7899882863498608,2.380749614357535,1.020750568187428,-0.8641491306065481,-0.04782255820798076
5cff48d5-d4e3-465f-8302-64cd493aba53_399-10,2,-3.2129463111341368,-20.330855861430745,-3.5643993619709047,-4.960128528506854,5.0594844641043695,-5.944180171562452,2.2615659052039256
b61b0b56-a852-47e2-ab09-9380d8465162_180-44,1,3.4451816747601693,-5.600252995145555,-1.6163127428885962,1.5160607521413128,-6.323028711886868,-11.490002407920128,-0.9640885420073129
1270f0e2-1bc0-4225-bf6e-3dd68c594c8b_1984-62,4,2.4933416671805317,-9.765949990514464,3.586273126406587,-3.047746062792293,-1.469166952729474,-2.7876387732422474,-2.990325711239575
ed027cb2-5b92-4de2-ab58-69d42325ef15_1281-72,1,-4.803440526665264,-5.459559637434584,-1.780571461997995,-1.362956754681322,-1.6773465858679617,-11.186558684711734,-0.3088845393295603
55ef5db5-af7c-4ccd-9c7d-a4d415e195b7_857-01,0,-2.906261343550192,-5.991849532138873,-4.422385389504454,3.7967494993445037,1.2247002800220899,-2.586793513199292,-0.14385069326698852
4d76c2c7-c6a2-46a6-bc94-0033c629f040_291-37,1,5.976088969615277,-3.955714742735729,-1.2331178399088065,-5.844987744442985,0.18980854516710058,3.62330788842977,-1.0929726227892906
3de48a49-665d-4c1b-9655-82532e108e6a_1393-69,4,-10.50110346202363,-2.944707884835113,-3.3497013649484177,-9.804931938214514,4.020226467558385,0.15875674311676047,-1.9824327605762437
8f0f8606-b696-4bb2-909d-703e4e076d80_641-77,3,-0.7248605559250001,-13.388775217706378,-1.0916024942177347,-2.132596322727292,-0.49325774365436487,-10.352735796332524,1.5833365597457087
513f572f-6d1c-4a8a-8b57-9c1d0aa363f7_1015-09,0,-1.4091130577086193,-7.401665611234253,-2.397878090668013,0.04392849242767993,-2.9706094640850544,-3.1100478599891463,-8.529742618654764
67a8114b-7f37-443d-8beb-64886095f935_636-28,1,-1.1889155322579128,-8.093404052394085,0.3865358307465733,-1.0427428968349637,-1.5799225419449923,-9.01712016086418,-2.1152407358288743
4c53aaac-76f0-4874-ab1c-738286b9698e_727-03,3,-10.73428784591469,-18.989377741107166,-3.8691523624039497,2.8185651496595967,-2.362389351802937,3.434759427778026,4.069566510117722
c5270067-6c25-45f2-b63a-1a55b85020ad_569-44,0,-7.336192851029413,6.51315682618075,9.009243873914121,0.12436103576021718,-7.326192184221112,10.635654875601501,-6.635469578489603
2eb4e516-9d71-4b68-847e-e1b0cb339b0a_684-96,3,2.3698067168937698,-4.240173385878755,0.3087210435040695,0.38987695276622814,0.4067685031435488,-4.107437703507546,-1.367775442568618
6e68d2f9-6d37-4317-a3eb-9541321d558e_2271-24,3,-0.08814305057447958,-4.587062986274513,-0.9286446308577703,4.269318663573312,3.491129794126301,-4.5571073525868595,-2.199905663875022
1eee4aaf-a21c-4ae5-82cd-96fdccae6742_917-84,4,-4.369500727145448,-7.215601627634632,1.0762505803800053,-0.5479270543646338,3.3479137503403007,2.829969959409742,-1.914993480299518
3091004e-8606-417e-8bc2-7922f951845f_1921-59,0,3.986219956999172,-18.603357808417258,-5.69003442034069,-6.814003976051869,9.43531660686274,1.509475492054092,7.682716053243363
695cefe9-04c0-42fb-80fc-d308b314b788_789-70,0,-4.080003621928228,1.3078454760959337,-4.122773814729818,3.3044006634242304,-9.394587128930807,3.5159000693397484,3.20817140341995
e95dbd21-3017-48f5-8f36-46531f053ab1_424-29,1,-0.30311756941294754,-4.7126921047387915,-1.7782261317754715,1.0587189447014316,-1.3082246781357623,-4.7850801492417325,-2.1992475867055097
c20e2722-11e5-4181-960c-305cfcd7cfec_183-32,0,-6.6441160296181625,-3.3683504858731657,-0.9910073288870215,0.5964378171991391,2.4329521576691358,1.1221604704986439,-4.959716471935986
2dbdd409-0be0-447c-8ae8-3f107fe9af80_19-50,2,1.5805300888715925,6.998254137493167,-2.515750650929486,1.2694270323406043,-3.5546147418047807,-12.485116850459704,0.9286810789129224
8ee6764a-4ef2-4359-9cf1-03a5f4dbcc79_593-30,4,0.3496535915860455,-1.3260644383728595,-3.8618385471226535,2.0911242319871173,4.362496627263443,-9.48389841410158,-0.06656579504045612
949b2e8a-83f9-4b89-b29b-9e8d81600dd8_2981-03,2,-8.478409410332613,-6.024722595413676,2.9837859234385746,-2.8855850751089256,2.9573891776962467,4.9927978939424,-5.89867641338865
dfe44f90-17f9-43eb-adf4-da35f15002ed_825-32,2,-4.975752867322506,-8.44300414542778,-1.2945179584349884,4.815859485074565,-0.8233805907720622,-5.410306940912514,5.588507627002947
e2dd39cb-63e2-4ebb-b99a-ad7ff579b048_78-33,0,-9.369749153718653,-5.986433139936301,-10.173681106690049,-0.6907234525287087,5.266033869791985,2.014503943058438,0.41165597840476376
8e605fdf-a4f1-4393-975a-f332ab6b5f79_44-53,0,0.6251696176771149,-16.087961522479425,1.3430381511480816,-1.9809545332308789,3.7101364409894892,-0.8011551343968255,-6.638629140799241
5315437a-2530-47e5-a0e4-4ac656c7cfa4_570-57,1,-1.1335762244365586,-14.86726836647836,1.120016048189945,-6.28947422617971,0.6713534819720848,-4.8183596479767195,-0.0924466359776408
b4814b66-f564-48cb-a11f-3b0a1ee73704_24-49,2,-3.8552258524561527,-14.548287844912931,0.99783930381836,4.598601510076324,-2.354188323734401,-0.6811842670529549,-2.999634891671023
42d72164-8f4a-49e4-8b95-b3ad423ba65b_1368-26,1,0.7884101786486559,-4.8453866235261085,0.9729077746192286,-3.211447662562175,-3.348347731465904,0.13229591139789632,-1.0211340727702152
4065f62a-faae-4926-aee8-1d5bf73661a3_382-42,2,1.2139479554380588,-17.87328620274948,-0.16178177872548294,-1.465078487828844,0.799173761139599,-4.796701616582678,-0.435821705825601
4c642620-db0e-4096-9ece-2b2c6fdb47b0_3829-12,0,5.347927711417057,-14.564435835930894,-5.676008670639949,5.659697519150924,1.8905609177238814,-4.45300901847917,-2.641868650319256
1f4a4d13-f083-4464-8c03-5e09f55e3f63_781-81,3,-5.39788377687703,-5.8330557434875905,0.4438159218966664,1.9563339822060901,1.6800818609278074,-0.21220758654730965,4.698909919826705
878666b9-5f3d-476a-960f-3a5d02da7619_19280-23,2,-1.7548732505733928,-3.620277281358031,-5.729643776555039,1.0104716215486622,-2.64398974566002,-2.9726265001552017,-1.8729365138238623
502debb3-c5f1-4dba-b2d4-b191d40da77a_5606-91,4,-1.576579411292153,-10.902093822992988,3.7152404723847665,3.3458266844031916,-1.3316164772010417,-1.8645809455676465,-0.7554353096174771
214b62df-2fb1-4b0e-af9d-42b0dd37defb_2189-63,3,-2.603501511344305,-3.2393287683718697,0.3267979456042176,0.21067789676246862,-0.6360810624890746,-5.174245086002581,-1.9904643197160856
d70be6cb-867f-4657-9a87-5d44ab30527a_887-35,0,3.358393087635092,-9.08670516054594,-2.4915967324033113,-1.0895491627711993,-3.6103969442276114,-0.615283022999703,-3.0038793865155435
262fd2ec-8eba-44d9-8082-4d0574f7a515_1038-82,0,-8.427925451321116,-1.2464093999708359,-1.0445166357841194,1.4209810950607176,-6.516674800759121,3.073655340077279,6.260156891399999
a5bd4711-275b-4bbf-96fe-37553e5d3e93_499-12,4,-8.169573268558878,-10.577769535939042,2.468742667505783,0.9096166739349137,4.897718345776352,4.146508528641815,-7.872074405975186
fd2ae8b4-b683-4c4b-935c-78b4dadbdbf8_4100-48,3,6.030850799958356,-3.056741732712589,-5.18631487408139,1.2997685812364153,2.0549268012879334,-9.60469797659034,-2.2076168665811515
06ee22fd-ecfc-4e34-9ed2-a330548abf71_519-15,3,-4.459664448596814,-14.941482874057435,-3.107519198402717,-2.91592703832468,2.4967764172387636,5.127876087146366,3.7789259162921294
dd508a2a-1ea7-43d2-805a-8080eeae9985_1035-99,0,2.114964379825619,-12.977432387290719,-0.5130547112581355,-2.3660195009046365,-0.08344870416543256,-6.716006455471529,6.403626477769447
c586c267-9ac3-45d5-a9aa-6deab0b9608d_246-72,1,0.8033826977713436,0.7318310585476917,-0.5822455150128948,-0.9904787336883243,-4.182102129472652,-0.27269751517188245,-0.42010508717555284
07ad0112-22da-4f0e-be4f-2debe7fec15c_608-22,2,-5.8289501738572,-19.557461886206347,-1.453107954597731,-0.44802621160318434,2.1692388997463037,-5.733347512526135,1.9683787408317666
a8197601-7474-4cb0-8d08-e8a8febcecfc_997-91,1,0.12525800299258116,-14.214514780994861,0.14759170645829822,-4.330027466652023,-0.6740935780388555,0.3988764595214236,-2.6684146784068004
eefcde42-5ea1-4a85-9f34-72c3ceca50f6_817-78,0,4.380816801178581,-11.14447210578364,-1.6913180776303784,-1.793449415044764,2.2455502441792454,0.18925692716441866,-3.204604579009141
fb92d350-9bf9-4b16-8a1f-7858de276226_1246-08,1,-3.1445620042077342,-2.4805459500187057,2.4269203216239292,-1.5992674470528976,-0.6804438937300366,-10.72906235325455,5.0662989060403065
d6f9d174-2d42-49e7-83e4-daa9e8b0aa25_211-63,4,-3.2778769028232895,-4.635313163711979,-0.18127156022488933,-0.2411290952757309,0.8234536710091374,-6.042134349739922,-5.620213876763265
d64fb34a-08fd-416c-ac6f-86a0813869a8_290-32,3,1.0138147831650335,-11.790137320461191,-1.236533639235995,0.7243381003556529,-3.735695175511172,-4.8224179028453795,-0.8148008561089053
5ead8e7c-2600-44b1-afd6-b82cb5f7b9ce_568-30,2,-7.199675737643946,-10.34619224251474,-0.045649144001919995,-4.16423520221125,0.4210441730714157,2.0109218558972826,-1.6847534562455144
5b0225e8-b81b-42fe-aa08-b0732b46c8bd_1131-66,0,-5.666160865211756,-11.94853229942574,0.8740126075967444,3.8593222066266275,-3.7163643581706336,4.895573653469419,-8.695504801145304
b5c3c1e3-7ee7-4b4a-b938-4d008d5aa49b_521-60,1,-2.8676530888623786,-2.736580352432976,0.6572542461175593,2.296623656310811,-3.1092154013176327,-5.406346396395117,-0.18246506382217365
2911fa95-30ca-4524-8876-85a90f1fd221_19-38,3,1.2492127950275693,-21.03729470684963,-3.344673629257621,-8.077985534609017,2.1300497438135806,3.661627139062568,-5.365334124223083
8672b38a-7682-4244-ad7a-a336c81c2d0e_1056-99,2,-7.755288396867679,-9.035277165457224,3.2101946111450568,0.8376562016047808,-0.6163552422289551,-0.20375681320791594,2.4426981642061905
695cefe9-04c0-42fb-80fc-d308b314b788_443-90,0,-6.287185994552557,-4.73583344154975,-4.27534225620019,4.301931539024964,0.6499731368108395,-3.804295686995915,5.346033630230195
214b62df-2fb1-4b0e-af9d-42b0dd37defb_800-76,3,-3.294355062802552,-4.110845053818564,-1.2430229299393138,0.7556703978958249,0.541666426653508,-1.3518413219982568,0.18345213338160016
c25111f0-0c78-4bf8-a16d-57a6c25c2169_3852-71,1,-0.8245128263771668,-4.3886120624974065,0.6741926759749629,-2.104108613518834,4.208445601225115,-1.3563204477881166,-0.7122719739607135
8fafc02a-ef7a-46f4-ae97-b0c68c8bb207_14026-98,0,0.2747136172674087,-1.5199531903496348,3.690209769848546,-4.941577682733483,0.2157024988956609,-4.005725757324644,1.7765935168016405
cfc42371-cd58-48df-8bc5-f2fb29a6091e_1273-98,1,-4.974683121166421,-8.320576900028136,-2.079596469053995,3.506185044791233,-0.4075078364689402,-0.15596679740263175,-0.9709269022575933
3455a3f3-1657-46bb-ae42-52d16ec5ffaa_6236-63,0,-1.6464990401624058,1.7330539437750678,6.334051839161092,-2.005961873682999,4.006282748018506,-4.025068119227061,-6.730894633806445
998d4e6e-f579-4872-b706-767c5f392825_4762-05,2,5.230042742643328,-4.7844695938058095,-8.026729239513715,-4.172956967731467,2.355625033008376,3.7559885345019817,-2.1139815911640576
786877d8-e353-4fae-b488-8d7443646882_952-74,3,-6.34657442819343,-5.3788149529356994,0.7895761408862718,0.15748121012748084,0.35907418828300103,2.424388373747604,3.44418904256921
ca800ee3-fea2-4825-ba1d-8eaace908135_5734-95,0,0.976193384289231,-11.047588091467311,-0.28714759646762567,-1.3005584192915765,-0.6338328931098742,-0.5638038299171202,4.144785712005122
998d4e6e-f579-4872-b706-767c5f392825_2418-72,2,5.522625177822863,-1.2583612104365294,-1.570386841989284,-4.334709817500087,0.34483440003405313,0.40328446166136533,-3.1105070140761772
fe0d5ffc-686e-4846-bce0-1a18e513bf95_483-81,1,2.3846567996697576,-17.859775153288837,-1.0089015774798469,-4.502430219770277,0.637317863963349,3.0497446663614904,-4.4342701520351415
d7480d27-f607-4a5a-8c31-9d299f70a4b8_1934-95,3,-0.10233825575198874,-1.1548484396954244,-4.337516790540638,-0.7476325574884563,-0.4875494858749401,-3.146064795738824,2.3317228827454235
214b62df-2fb1-4b0e-af9d-42b0dd37defb_2181-76,3,0.662220555884822,-1.4793836370099358,-1.5400446823542753,2.6292822607957427,-2.6020968869380092,-3.3541225876550085,-1.7272705907602182
bf9354ab-541d-4c1c-aa3e-8a3bfd8fb51b_443-31,0,0.119018938327216,-10.614559338647103,1.8341935355150163,1.703353412973127,0.2475574187809622,-4.06589139991479,-0.2049697150726344
d3de44fb-a6e8-4815-b28f-798de4bfd7eb_1337-08,0,4.0456353726244245,-7.999258426886374,0.2927494471814117,-8.680485513674776,-2.762146037644797,-2.5094391639666505,-5.407011175137852
8d4adc89-dcec-42ca-aebc-0d05cafa8f26_21-35,1,-7.416971844003313,0.017923845192448162,4.97321680018274,1.1675076513286275,0.7131190001429046,-5.2337996782358935,0.6015918148951711
10a848ed-f258-4930-abdd-1fd60b788abc_75-21,1,-3.3997477507593494,-1.4565522075964648,2.5700542508086985,-1.827109642098654,-0.4674539062099936,7.965322627254759,-0.8872356386529245
9520f703-8904-4123-bd7f-873b0b42074b_989-29,0,-0.5074704405933339,-5.832749797812177,-0.1996302760693115,-3.6992253358464007,1.9249584343842432,-0.21482554751442406,-2.376161023268149
dd82f801-fc96-4ced-b066-ad559da3faab_621-91,4,0.5120032730542321,-3.4275566545856124,4.2229967665230355,-1.6566908532058364,0.3759391710331408,-6.761756417393568,-5.057831481332742
d6f9d174-2d42-49e7-83e4-daa9e8b0aa25_270-04,4,-5.1508115283045,3.663863243572475,0.7376114673571876,1.443178045905257,-0.7523191223181931,-5.1284494570824215,-2.9010533805530363
81fb9f8f-be18-4833-a899-4fbcef82a634_2169-64,4,-8.347069051054827,-9.455046212239157,-3.255499763733913,-5.872648790439958,3.854010083696021,3.748643598528294,0.6789397718397978
8dd6490b-6291-4793-b05e-79250f87925f_1530-13,4,-0.0817026525788056,-10.493751767194054,2.737978382759895,-2.9974940080335015,-1.0443795419417197,-2.9806468293459156,-2.8014757805922974
2d01625b-b7c4-41aa-989b-2d0b392d8b54_113-94,1,-12.299164361621756,-7.430376468967996,1.1660485632255568,0.5009935699774186,1.2650999126078282,-11.462156035032871,2.768268125168585
a6264c7d-d42a-4708-8fc2-b35ad0c5fe42_55-09,1,-0.8424473516013851,-13.4361525544005,0.21194931831392083,-5.734200865594367,1.1258817323851154,7.940468870817423,2.955516904183132
428a80ce-ccc8-46e3-9cbb-419d224f148a_679-57,3,-3.4962633554931424,1.2517883158959444,-1.6640987381823602,-1.2418525242366836,2.316944386816568,2.690631837914326,-0.35728065536058984
989f3c2c-edd2-4f30-9925-56771e2bf7cc_6720-40,3,4.53585598740582,-6.476400661814874,1.7850602984113766,-4.335955685551845,-5.105548934197571,-1.4499764612214676,-1.6433762962879193
969866a7-2393-4bca-851a-885ddd7f627d_2662-28,3,-0.10241796992667118,-9.211274307137746,-2.890150907765522,2.825811790763735,0.07460410458067707,-7.039302102341969,1.6450145248653774
85b87948-4578-4912-95cb-addd19cfd31a_3435-98,1,-5.374670337687223,-15.288084660804735,-2.0071515964196287,-2.3401805991740843,4.760360376591817,-5.644698106477928,-0.7018264355655928
b08cc451-bab8-4ab1-a0a2-102582d9f778_398-19,0,-3.2842868358787443,0.6499399794593375,3.6474515623280332,-0.31411148618124796,-1.1979547088786278,-5.015135771100132,-0.7210089938068178
cfc42371-cd58-48df-8bc5-f2fb29a6091e_1271-05,1,1.5953620105749178,-9.063627666100206,-4.063993808596859,1.3226792492749202,-2.3743426489288804,-0.5918862184338249,2.601770998838373
e3f37c38-bf24-481f-b1c6-8d472fab4290_3800-16,0,1.4213615329062845,-17.136115539603395,-2.544043581083577,-5.973930695489781,-0.4035054445118164,-2.9766024102204796,-5.9251420049175225
2ebcbb25-b099-44fa-8e8d-94d574413db9_5599-48,2,1.4843715332443377,-0.8682955802716963,-3.7565524819250564,-2.5599361285811124,-2.5226576768035387,-1.6594820714197498,-2.054902289752929
2ac65951-49b0-4629-981e-edc34b8cdb0f_1091-69,2,0.3966430183162364,-12.630750765986818,0.021510309617569723,7.6383287525848,4.7620707825741775,-4.292594569482089,-0.9937521016036036
c34effc7-6198-4c85-80c7-c8be85b77dd3_5191-41,0,-1.9796777737238442,-11.697941908103427,0.6996627524535585,-0.13586346126366267,0.35978698648416235,0.49017109659710356,1.2024759063979185
93a5f8cb-d7eb-4e5a-9913-77ef1487ce61_3858-22,4,6.890237497785334,3.9710552450869425,-0.9216328309325208,-2.9594877810387343,-10.982870093582648,-5.009746189768905,-2.5341302402918204
42d72164-8f4a-49e4-8b95-b3ad423ba65b_1575-60,1,-2.1241607087978167,-6.212046321801828,-0.3752471641007541,3.26789420114932,-0.6311316673033152,-2.340974519000714,0.5266786740514104
af400f98-3c57-46ad-acac-eaca6f940180_3131-59,3,0.10927402505873429,-6.738624556599462,-0.30705062558803364,-0.8413482260223978,-1.7092516573886682,0.25422617830775085,-3.2026392556629357
5a009b9f-fed2-45a8-8006-b59b655334d1_50-58,2,-5.310799312828343,-3.9135900886633914,0.31914429479090844,-5.906803175917058,1.4284509239038177,3.3024098560071335,-6.222593019783875
4bf46557-3c5a-4a89-840d-158403590c9f_3598-37,3,5.490461795383143,-16.333551839014433,-4.17235518315568,-2.4348122519715765,1.067090753106404,2.205302979681786,-3.0500667126338508
d0396c77-6ecc-4d9f-bda1-af051699d0cf_1049-41,4,6.689441728186017,-8.716820694727954,-6.455771090207188,-0.5446171824456717,-0.10363117233892735,-0.3727776963000773,-1.9019525304868707
ed792c47-5cb3-427c-a0e9-5dac33456e6a_662-64,3,-0.8738175946612203,-12.45249437037243,-3.1782920510684276,1.5281924974238454,5.711139935956302,-7.038929205434446,-2.4201404325725457
22f68c6a-b8dd-44e6-b1fe-d4e619e72f59_662-18,0,1.3694455786611752,-18.54898695638092,-1.5087838241492233,-2.6746611399094826,5.820052341517557,2.079945787926743,-6.128093927025581
3fffb452-1c17-43fa-b473-c9e19ac21433_2774-23,2,-0.9817509512138212,-8.368692859832162,-1.9497585213761053,3.0786883998564276,-1.1718471955321985,-2.6566356230111787,0.3340538038693154
3efc152d-ea0e-4372-b552-7d5e1cf07259_6416-63,1,-5.73935709929155,-2.689326859840377,-1.0341900796789478,-8.859017741696874,1.2038598205699613,-3.224101379376027,3.22012535812934
38b56399-3b1c-421d-8a80-1e5f54fcd667_806-77,0,1.297801630826823,-4.845706904548713,3.2006389579851717,-5.426714846754847,-2.5946437239191047,-0.29419993652606613,-3.5572138154336654
06cf946b-4713-4ca2-addf-55ce95a26d98_1071-13,2,-14.024278275128616,-3.1935432471070477,-3.031076704805322,-6.135820774186683,3.62220307090244,-5.363932059714161,-13.563864643726989
d0396c77-6ecc-4d9f-bda1-af051699d0cf_4546-97,4,2.385684366764679,-14.187471258141471,-2.9389495873850997,-3.045960983357055,2.488255895358537,0.7309609321575614,-0.5996326604730295
a4bbdddc-c222-4535-a616-57ccbc8f9b9e_4898-52,0,-0.025058832981923906,-6.26633129106107,-1.0259643745628884,-0.13005128218818407,2.6175360321740015,0.3090124452692542,-2.4680543703172058
70c8bd4f-bfe1-4fb5-82ad-7d763cc28935_732-98,3,2.815097178740986,-22.165632421536888,-1.137581644155024,-6.0243062680170905,8.402134111323498e-05,-2.168289587456805,-2.659058346374051
22653c79-369f-4a0d-a663-33a1da378fe0_245-16,2,-3.907439005686075,-12.909376747318802,1.3887129299793066,-3.12322880309483,1.4999348845908327,1.5792480457324878,0.1043471209202721
b79c342b-db1e-407e-958a-e1585c6c3ddd_3-67,3,-0.4944260097542934,-0.16766223389238633,-2.5083271094012756,1.4104243987815583,-0.8634311294711136,-3.1227902126396847,-3.2949687706158146
087e11d0-5984-4365-989d-7365294ddaec_7175-71,1,0.3820827296223721,-4.921350707185965,-2.7961813154255073,1.185878511989968,-1.3194766025979305,0.5570415745899084,-1.2412522649998239
2dbdd409-0be0-447c-8ae8-3f107fe9af80_1872-88,2,-3.307902077092213,9.211508176256455,-2.047990383171581,7.15209933762445,-1.99016047161034,-9.522477163624451,-1.4407957349206897
8bb4369f-a6e0-45a3-9d2d-fd5d5c686ccc_70-57,0,-3.2429757592729938,-3.90863003321802,-1.8325189988481432,2.797615526515278,-0.8229176180206486,-9.990708605575245,-5.135742895783342
d3f76c88-5996-4da0-8b8f-6c1b8f85a4d8_5099-68,4,-3.380206732290207,-13.218880775121015,-5.064167594473459,1.5847863280641974,2.6584293475946423,-2.976504269366889,0.5852063275081758
9490a06b-3fa1-47b6-b470-facb3d61ac57_1071-05,2,-0.4882328727432237,-14.997744404324557,-5.593376320113026,-8.730413797025847,-0.6416918265575102,-5.043428349718418,4.3090751413310695
be7ede7a-c212-45ff-8601-e15dd2f7e531_1651-77,3,-2.2528824740104136,-7.021400891562779,1.3842371142663423,0.858701857194624,-1.7902260268842751,-0.6794079703847569,-4.617664317203269
087e11d0-5984-4365-989d-7365294ddaec_3198-91,1,1.2236157889898356,-5.442411238741891,-2.3497451811232652,3.6482686005127163,-3.3539248257587198,-3.6173281648253552,-1.5235628005586956
3761fbb4-3e0e-4b15-a277-fec95edacf04_4702-37,2,-2.289461538182846,-11.94925884786943,-4.879006230371525,-3.2723842358030257,3.3733130675308343,-5.562638105911983,1.582880646889166
c0a19ccf-66ad-44b5-9b3d-2f20d49bc0a8_296-47,0,-11.513709128791199,-1.0390754870918402,-1.31290092290189,-7.244306473359564,1.6897426446877069,2.2825340002202115,-0.48118272338890944
2680068d-b3ae-42d8-971f-e842c2d4fbb4_1248-72,1,-8.369175340150043,-6.414096950295376,-1.8899748227432864,6.907520904665301,-5.179474566945277,-4.226500031062228,-1.1650084575085369
e9e0f26d-3005-436a-a70f-7d99977808c8_1554-09,3,-1.647607479615388,-19.476257136464213,-1.0961236213683416,1.3768817879396256,-2.67270392364228,-2.5267515307278376,1.9021082240090543
d1a27322-8acd-4297-9029-db45af8d7cc2_127-67,0,1.489533292431242,-0.56244837341794,1.5794636230432815,0.5231237637588124,-5.208086640555042,-8.636384421351028,-7.946225246293043
42d72164-8f4a-49e4-8b95-b3ad423ba65b_1273-76,1,-1.47053702877501,-3.7728126490370997,0.941235848521557,1.43895313401613,-4.514734032061095,-2.0056168637391916,-3.7737983724552207
edd0cb68-87be-4cfe-9f2d-b0b64ea8d3e2_2291-45,3,6.242776882197735,-14.411763915096326,0.5870878408361866,-10.880879409322503,1.8853723670100055,1.523013753234637,-7.354614657297516
1a2a8e0b-747e-43e3-9618-fc3f55f662b6_0-00,0,-1.803135034724447,-1.6109950859428022,-2.1784888956046107,1.4919695219719527,2.0620632859765156,-2.8402012141814663,-2.1801683615504324
3761fbb4-3e0e-4b15-a277-fec95edacf04_1783-59,2,-1.4752042620061319,-12.056714151602309,-4.804689985713075,-0.9269105627209355,2.3669039164062045,-6.38409969058803,3.905353967804514
878666b9-5f3d-476a-960f-3a5d02da7619_15170-34,2,-5.664751738031224,2.5639470426465865,3.534769000780602,1.5048203931580657,-2.4567005218457214,2.1419336441458627,-4.063303700605944
998d4e6e-f579-4872-b706-767c5f392825_5068-97,2,5.392919140282588,-5.406052831618202,-6.679144566099773,-6.211100421224823,-0.198418385202705,0.25016271409587,-6.055111815501851
4b5de875-cc82-494e-b768-8ac0ae3bb279_1405-68,0,-0.991280216277862,-7.315294318328035,-8.356132802759614,-0.49712455245176845,0.5262988419688093,-4.182975426741502,1.6646954027159706
214b62df-2fb1-4b0e-af9d-42b0dd37defb_1128-08,3,-3.584440475737958,3.52531729220303,-0.753702009315258,0.2517613121161991,-2.941183950147702,-0.5215136316027116,-0.780889743335506
e99a32fa-19c9-41e6-be66-37869bd26583_542-40,4,-1.3056500194846428,-5.648416498895669,4.204311819458569,-1.72027188652062,-1.6361085319645157,-4.795298279890347,0.27371013652744325
a40f2c59-c795-4893-9ec5-6a58632a2b49_635-34,2,-4.182198096776559,-3.974967760585198,-5.248952155225926,5.347719048359207,-2.262510425398078,-1.8370500123130231,1.9192815351310517
eb20bebd-41e5-4a02-aa7e-73d3da5bc97e_275-45,1,-0.6840680844956182,-2.955954293636502,-0.48312561621430594,4.727352676770801,-2.843720161955529,-1.155758832498142,-2.290429512742807
5b0225e8-b81b-42fe-aa08-b0732b46c8bd_1130-47,0,-0.3203614289249592,-5.962102611544266,-0.12720210208069538,1.268190750051916,1.1599413956133249,-4.759254055299815,-5.56959688523866
8caa3009-10ad-407b-b837-ec1a26759089_1828-86,3,4.706737050572662,-13.559145713486654,-0.34600486476678816,2.6272518090685186,-2.497691032702693,-0.7251471623107983,-1.4666714348862404
b4b27c5b-2b73-4083-a41c-a6a960475c1a_1618-99,3,-4.778222725627077,-3.18743202390461,-0.9225687568223022,1.254239107653647,0.32291863315342323,-6.339680228781018,3.1428326109531035
3ce37765-7d70-4dd6-991c-a83286ba05b2_1423-56,1,4.846465821482859,-10.361337939062743,-1.85107968791357,-4.958721056073781,-2.0454367798252755,-2.058130193996138,-2.785351959214517
720da14e-0ef5-4968-87e9-270fce0a9a18_73-28,1,-3.106645361895036,-11.253155893457805,-3.9660655902434003,1.3763275869761693,-1.2571691916695777,-4.472898035349688,1.4222959781253561
11f247e0-179a-4b9d-8244-16fb918010a1_1106-33,3,-9.395056809497667,-13.429787036633996,14.65613278364709,-4.094421287844122,2.5906560980021447,-0.8242011091765091,-8.733821782280938
35d92405-7ebf-4e54-8b9a-7cce8af30a79_63-09,3,-2.965212833426788,-2.366884599995653,0.9107227541024918,-1.3269860371753084,2.968216360607185,-2.493959571598777,-4.665479948797127
01db7c39-a512-4bac-b284-dff8c7360e80_385-35,3,-0.2981376810569347,3.481009268980176,-2.438717347183276,-2.130464551903018,1.231057117658178,-3.5586166804739343,5.5243940830224165
43da1507-f497-4393-85a0-08196c04e16b_2646-34,3,-0.3011692490336111,0.9926060862563846,1.12963054600861,-2.0413369275892785,1.2300518357606551,-3.787537725794002,-1.820077299430095
7c1c5dca-5856-4997-8cda-9fa3bca10a3b_1973-06,1,-1.9605519819731632,-8.928605200114285,-0.033877668395718596,-3.6508792687974476,-0.6627807315421319,3.130691078364681,0.09552444969683216
eabf19d3-4e52-4aee-8f14-5118626a078f_778-52,0,2.70229942478522,6.364069212271292,-0.24342729334933388,-2.2592726750783427,2.5783310041506944,1.5635470370980025,-3.874880287625425
65d6d7a3-11f7-4472-82b9-527ca04fe25b_633-02,3,-2.8256790578871493,-17.13006679037984,-0.5103613571556482,-1.7640570399910436,1.5744092880228377,-5.103910348653648,-2.389555208505575
2a97736a-4fff-4753-84de-e6586a5603cc_185-44,3,-1.06981670254622,-13.558873637858222,5.249264340816348,-0.6338325783444919,-3.4640011548538707,-1.7202772170308043,1.1107176559387695
dd508a2a-1ea7-43d2-805a-8080eeae9985_886-44,0,-1.6250905650288527,-9.17854907256571,1.776850841056791,8.939588873832324,-2.572913274771399,-6.357638236391148,2.361615908056656
615c5cd1-1dab-4667-94ce-30bfe52e7cd4_821-72,3,-2.235226288594345,1.5302629409037527,4.202221414844503,1.1377977065892284,0.049170720728834716,-10.053540895822994,-0.10626778979662466
d36cf2fd-8916-4b69-b7a2-e9743675fb38_3851-77,1,-1.5980390704699843,-12.172327164513575,1.1798689815489833,0.16054346234674322,-6.848211770208268,-7.134723761314566,2.878509197671298
9d965c16-0014-45e5-b37b-50a786971470_2476-67,2,-4.554500069067985,-8.349814685462329,-2.754335942256934,-0.4093711257304138,-1.3468115885583791,-0.36215501185083365,1.718956218543481
2a97736a-4fff-4753-84de-e6586a5603cc_297-35,3,2.2367661404151526,-11.266414576205356,4.042305897835053,-1.3745510524973752,-1.4951293897892504,3.2812296494795126,-0.6507342248420824
7ff0900d-1bca-4aa7-aedd-ab0fb0a12371_0-04,2,-9.603807490555528,8.657935991422342,-2.673625449302679,-2.2574754524944627,-4.279560355518668,0.5769904583536194,-3.5285549327576557
d55c3204-8dfe-44c4-8822-d748e6fe6d8a_600-02,4,-7.401393851794241,-6.972480688190347,-0.4711464263959071,4.38714492995732,4.610755563018872,-9.061316504548515,-3.4146336767308467
63d56e4c-e454-48c2-a8f2-5bc2c34622ca_172-69,1,-5.492604454338016,-5.242285381529967,-2.216115790776768,4.745899619208245,-0.3451071570796529,-10.635014931744575,0.19173728034180937
e54d654b-86ca-4219-bbf4-68575fffa098_2992-60,1,-2.9512086252268457,-9.109098262027173,2.041488134998297,0.03545284901090939,-5.577188064960937,-6.154615227853574,1.454531128034579
45c274b8-54e6-4187-9fd9-73c0b0ada28d_1281-25,4,-2.0238368235223443,-8.875310677258156,-0.3427420111833239,3.014590551581289,2.487979879867533,-3.0500835892168188,-1.1860503630884611
d27c5c7e-db9c-48f4-bea5-9970078d352e_1570-49,0,-0.8969844679072423,-9.502007144839425,-0.8109137148899991,-1.7070528853244389,3.6586152046642644,-2.954811942265801,-4.004417825800056
fd2ae8b4-b683-4c4b-935c-78b4dadbdbf8_3041-68,3,-2.785906966884358,-3.9730675115506484,-0.12667930744329192,3.3689808139280557,-4.979032008473014,-4.902377862766699,1.086806445211476
fe0b10e2-7fbb-4abc-ab5f-87ffaef34b3f_111-04,0,4.406611469072612,-10.000539201057217,-3.481193525700819,-1.0008489675947045,-1.751847865352367,-0.8686356071542976,-4.832995161076481
5f0ed597-4f1e-4075-81dc-64a3c0bb81f3_3-80,4,-4.563696048938954,-1.2820522204319298,-1.1562061379741726,0.9790442588468061,-0.39338006950791105,-8.213490022700007,3.741305143501748
fb92d350-9bf9-4b16-8a1f-7858de276226_32-25,1,-1.1391641249789541,-3.281395103607662,-0.6460660411862634,0.8716900214203849,-1.1942057876626166,-7.579860441550027,-5.055225105943385
53e92e25-fe03-4311-9a17-c4f6a29ccad1_3512-58,4,0.4606176792706722,-1.5235431529737005,-2.742719477345818,-0.2120109021165827,6.015007984919281,-1.4697469275731327,0.4503728385187138
ab865129-78fa-47d4-8a50-ff8c5533246f_318-49,2,-3.256272681626621,-10.23759996159924,-1.5154909339690117,-9.962779618321782,0.906667620427918,-7.191090727617149,1.7310291954776806
b8ba4ac1-4134-44aa-99db-25efaa058e98_277-37,1,3.814721894299919,-3.25034256595737,-1.2149782396540338,-1.0422434218603032,1.463675377448158,0.5355528687417799,-1.1247426362948105
ab865129-78fa-47d4-8a50-ff8c5533246f_1028-44,2,-1.0897387354162535,-10.204227355430106,-1.226290765727476,-14.516605145553662,-3.005668333615337,2.498219277798581,0.01744105046615585
ff425cc6-7577-444b-b6f7-e250c22a1ed5_831-75,1,-6.671922844704656,7.42616173105066,4.666572605667925,-0.0929536750427582,-3.0906973954508192,-10.12873961383798,-1.1142256457187394
35e004f4-ad64-4835-9358-38a58b431252_2629-86,2,-0.8546056198821936,-6.0922349004454155,-5.167720470330463,2.5101578116493117,4.507279382257354,-15.672849200427812,3.247590155575812
4b5de875-cc82-494e-b768-8ac0ae3bb279_668-27,0,-3.5060981370008673,-1.8719483867497466,-9.584487881447505,-0.935094140750419,5.500316029632543,-14.510643701638356,11.85052068654668
6b7fc6db-e979-43a0-b61f-7dced89d423d_347-96,1,-2.153416595833071,-6.012023316743872,-15.531867025626962,5.382437229474867,-6.057364840100929,-6.2788158638479565,-0.26612464940884695
b4068f40-69e9-4217-81ba-84e59c25f125_887-13,0,-3.3739355814560557,-5.83286714271365,1.2874284773546334,-0.7171327463652053,-0.8722250018435522,2.243822500772488,-2.0595711715893854
078634f1-0e81-455d-b771-3d35b65a2645_411-53,1,1.6546371405304472,-7.697860962086771,0.8158601505050013,-2.0580847661547486,-3.968713318197971,-11.630130587384967,1.0279603043780685
828ef13f-f52a-4a16-b206-4ec7e471f025_274-71,4,4.927919050177978,-12.328895587121314,-0.680692047957697,-8.902711332846778,0.16916205978240487,2.0229929290381437,-5.435643913887164
033520cd-e7e4-4649-b551-83bb451a4802_382-12,2,-1.7370464023779015,1.6268460206755018,-5.906489660519722,3.690924750304357,4.609610922852482,-5.997631304325853,-2.2907495811418186
214b62df-2fb1-4b0e-af9d-42b0dd37defb_1599-71,3,-6.73283271726038,1.2550437061849458,-1.1885987420023683,0.755571159771579,-3.135223532417515,-5.263541959820871,3.30958714437873
9fc3678b-86e2-44ab-adbc-9aeda78ceb60_957-19,0,-4.945274866406015,-7.154525068451645,-2.199372231513016,1.7072945746334083,1.26578484002579,2.1061801910847464,1.539983807692528
15223229-8273-4f28-9bc0-1266e7c210d8_1078-65,3,-7.707579671186176,-5.197571052983261,-0.8257681245883646,1.358766208193197,1.055640275021126,-2.274181809476274,1.2220315659898955
695cefe9-04c0-42fb-80fc-d308b314b788_1-28,0,-3.3856253160040577,-9.311498543530707,-1.2824445085130964,-1.0785958041159625,0.7715042453537566,-1.826063188659045,-0.5747511415972559
d64fb34a-08fd-416c-ac6f-86a0813869a8_275-80,3,-7.057095692992865,3.4134003657959786,-0.2954090747749647,0.5073995649426472,0.045732451227739446,-3.8271730577565246,-1.5699217850105762
9dd29951-5080-4392-8bcd-2446e6af90fe_1166-46,3,-2.5935283577632218,-11.948001769612631,-3.9896596872693326,12.16542790475995,-8.200765945787401,0.4344395790388038,3.983815680257565
35b37e37-6bb1-4131-be37-693e9b794a97_1345-02,4,-2.51214445784564,11.560381241858757,-6.0151946508523055,-8.904968251429484,7.235481980310541,0.33814211211358636,3.9274009972695954
89d8c9c5-fa11-4674-b08f-007f81958555_227-24,4,-4.1628932935602805,-6.022460594765762,-0.06082342047698397,-0.5931592412813745,2.940447044214428,-1.7891946416874225,-0.1846050212078214
7f5ed6e1-aca1-40d5-87c6-d156c5f02263_220-16,4,-4.793004229900447,-0.42207062081526914,-3.247389277856806,1.1628729401172242,-3.1708761387401476,-9.528986368917826,1.051216426541209
d8915c4c-6534-4b0a-b46a-02a03d8031da_0-20,0,-6.293205128103613,-13.066847463685907,-1.1148707203001607,-6.8801049509688035,1.4003474379785696,-2.7888257454870073,6.549501652163158
f1253f94-69c2-4f65-b8dc-e0f24c7677b4_1541-37,4,-6.595519459453699,-0.5221823552811289,-2.8299512190462783,-6.751772919547524,2.2337624416939073,5.166354357955663,-0.9437542373457879
fb92d350-9bf9-4b16-8a1f-7858de276226_2422-37,1,3.9887319041170644,-0.9343968473479434,0.4340191981702991,2.668388950556048,-1.744892115545356,-5.713929153944669,-5.57148969310136
2ec3c123-0a04-46d7-97d5-8b85b5e6d06f_249-67,4,3.1813338992179108,-2.7201967758500007,2.392451323835922,-7.714421162815403,-6.609001650138631,6.445076639404035,1.5024275427761735
cebb6331-2a18-454a-862b-3aa502267017_1587-77,3,-5.125085296421496,-0.9718189831844528,-5.5971000543177585,1.5738724966525575,1.95542431848101,-6.766196078652215,3.586185323461179
45ed20a0-ba4b-41f2-9498-6084fc15d1e3_113-72,1,1.3861218739290535,-11.542262807789019,-1.1421017999256016,2.4446204465464016,-1.001113488304552,3.9437567380765413,-4.162852217101083
cd0c7d35-19cf-4ce2-9b40-0209547acde5_1365-10,1,-3.4383795372949537,2.0504994713832483,1.1031423881087772,-2.8857175919048057,-0.816942803996318,-9.23329487387735,5.689928497949688
89d8c9c5-fa11-4674-b08f-007f81958555_1665-43,4,2.226978868251281,-7.633886193117429,-2.9714828812724026,-8.809457197806326,1.25452123039672,-12.389853051865142,-1.2718567282564315
c3acdda3-cd92-48c3-9052-45b57cb27e5a_1467-01,4,-2.036225892908379,-8.11836548918472,-3.12631369200386,-2.530304997388181,1.5235581114382621,-4.101271585268528,2.207222253520701
53e92e25-fe03-4311-9a17-c4f6a29ccad1_983-79,4,1.29604236122207,-9.095279975112772,-4.92231701817947,-3.6987520229722364,-2.8646857559536794,1.233316754902928,-2.513863768217437
9490a06b-3fa1-47b6-b470-facb3d61ac57_599-12,2,-5.311879053786284,-5.048063675256987,-2.817540119756705,-7.799309226099439,-1.3613934768735834,-2.8504895992400767,-1.148136016118149
8f47201d-0398-4442-af65-0dde73284c7f_1370-37,0,-5.088630715451881,-2.8038751916623195,-0.26221947073598895,-1.2904290713938311,-0.076546661797485,-3.8412463804578856,2.068749986230623
c2071026-add0-4546-8374-b6d04ddd94b1_0-04,1,-7.962526464454354,-5.41245996875809,-0.4694648465585355,0.046303400030511366,-1.412646617190425,-4.972289026357185,9.099713976773032
4930cced-9b84-464e-88ce-3990188efed6_1781-50,1,0.7130500540054119,1.884635537455897,0.08647100401271512,-0.6642300767717173,-1.8168754788567418,-3.793423018418158,-2.5299488744387197
f668b2c9-d376-411b-96e5-7d7379fae824_107-18,4,1.0804523133756185,-3.353865974122097,3.113146435415735,-0.4008948876959738,-0.7865883318591087,-6.683067847166565,-2.2822187118069044
cd0c7d35-19cf-4ce2-9b40-0209547acde5_1447-25,1,-7.914804927311599,-8.242457896330485,0.09465291473547055,-0.611695905944559,1.226329020341768,-7.3252089710474895,1.2975850287903399
d7d516f6-4ba0-4ea7-a18f-f943abc50ff8_869-60,1,0.034238542141628914,-3.961511619812471,-2.908347640861174,-0.8119712687279459,-0.7312012601447715,-7.955944011558373,-1.2203306387523944
b4814b66-f564-48cb-a11f-3b0a1ee73704_42-69,2,-1.555077057114674,-10.646666873782486,-2.3039202239342798,3.6558894365445296,-2.368890648639061,-3.7818790532776196,-3.1784173497800867
64792a03-b8ea-4fdc-96d8-1e1199b73658_1352-24,4,-3.280017475190935,-11.77350416686265,-1.3049294323527052,1.2792423909618638,-2.550400433475793,-7.702746646000262,1.7672009942117797
62103d3d-d89d-4f54-a766-1beb22eb994b_617-19,4,2.3416029550101007,-11.89297704560353,-3.3334002045764315,-2.1641269624350037,1.209644863173406,-0.7555156853138003,-4.825999188919899
ecdc4071-1903-4024-a357-d0082720168e_454-42,0,1.4890450018551156,-8.850489878622154,-1.8299985318063685,-6.22552081847727,2.511495136698579,2.5397662514854806,-4.515351684332897
4efdd63d-515c-401a-a5b0-e2c84cbee0e6_2722-42,3,0.6491349522480945,-3.5747286369692004,1.8612507872971338,-5.1068315921438305,0.8445090412266311,0.6518458157129814,-1.356255818433289
c2d28dd4-4416-4300-bbbe-23911487776a_3669-01,2,-2.9862979453413585,-13.94599916701894,-3.7851582598763267,2.624149978644767,3.2700495146796387,2.775098315648222,0.8827589067521874
7c1c5dca-5856-4997-8cda-9fa3bca10a3b_37-44,1,1.4390396497384421,-10.729559138126323,-3.564763459058755,1.7637753031476162,-1.8628367117791247,-4.952091135570342,0.9552648605735972
fb92d350-9bf9-4b16-8a1f-7858de276226_2423-62,1,0.9936990916944215,-4.8650097758553255,-1.5176582499263813,-1.1803783692716765,-1.2785322154247107,-5.210757867362027,-4.90779852217377
fd2ae8b4-b683-4c4b-935c-78b4dadbdbf8_2447-28,3,0.4214496565336454,-7.558555884887036,-0.6236602096097354,0.13382153741195502,-1.2113144372872562,-5.845106097327963,-1.6437545163073402
6306375a-1533-4f3c-843b-0cd51b4bf449_1-23,0,-6.085586097428573,-6.42110409479508,0.9056836215408673,4.896824906433946,-2.409766790305164,-2.0329766550349726,2.0263387864684965
261edec2-f089-4a74-b25f-ddf32c92f90c_801-93,4,-1.1293319523516345,-6.547776790483328,4.296667890110207,-3.49723838307837,0.12382478313390924,0.05298491934947158,-0.059659546096804794
db35b386-4c65-4c5e-a488-51b2aa5eb1fb_1982-83,0,-2.8863047284979335,-10.425909697679788,-0.4168937399274749,-0.9519203929628397,3.26394783983031,-2.3025354685077595,2.1114907338448807
e95dbd21-3017-48f5-8f36-46531f053ab1_835-77,1,-5.571411992661165,-3.7067713540389553,2.6987217717430854,1.463266153160792,0.7891810142081757,1.669887091745467,0.521160501766017
6fc30ceb-ace8-49f8-8244-71f14c6d773c_936-70,1,-3.7409112632990107,4.3962175303739395,-3.4338873346826273,8.127944596150478,-3.123112436567268,-3.664345001718352,-0.8593752455189569
6b7fc6db-e979-43a0-b61f-7dced89d423d_229-56,1,-9.07630958841201,-2.52063073130181,-8.76946043023663,8.574150123568405,-4.283706924088804,-8.356407183348427,2.5885509363199892
57467033-41ad-48f8-bc45-26f0b92a1b48_681-96,3,-1.2825102417141314,-8.786817374333204,0.8834163497904952,-4.318105393027169,0.68428378181301,-3.1481809914459253,-6.614945388970247
1fe55d7f-85e4-4cb5-a536-7a2aa623630b_1246-18,0,-3.5360250372022817,-6.931951935711676,-1.411323588975947,-1.2293309261981717,0.8045148283915788,0.3864507167961093,-1.0226901305472211
6b6fde45-51e9-4c60-8305-27e45883ee7b_270-11,4,-0.24824517849692973,-9.036535183417913,-3.743670033038848,0.8838156144905874,-6.239714167929355,-10.27017163857306,-2.104089183678126
98334b78-967f-4980-ba86-56d34b4aaf2e_1109-83,4,-7.742743488221548,-1.5988251652340928,2.052345009715049,1.797536848561025,-3.677120920898698,-5.091340786071039,2.0301854571885194
2cd9a214-b950-49b6-aa04-0cfd0f85fe5f_528-48,2,4.613841997621515,6.052611235879406,-2.5752608738445657,-4.003477036451333,1.5803039223598812,-4.705822754264936,-2.3543249368732027
d8936caf-0142-4ceb-bacc-70313a19f169_888-66,2,-0.0628692149546497,-7.65441168541976,-1.7072281063933736,-5.961108131000421,1.0870416324229066,2.1262387369004587,-8.395017069467212
6322a6f2-f271-4335-bf46-d428a5a58298_0-02,4,-2.91139159016597,-4.528553295854284,-0.6445035325162456,0.9184379226834277,2.6888702490245495,0.45310709573613916,-4.9963118039643115
2dbdd409-0be0-447c-8ae8-3f107fe9af80_164-34,2,3.3453726426336265,-7.143273515601527,-1.1055295111953207,-1.6511551584273088,-3.2811795060778866,-0.1504098665476974,-4.873686672804647
14c123f4-06ab-4b51-aa26-95b0e3adf6eb_61-25,1,-3.108316706999311,-2.608537065432116,-0.2585898569024513,-0.0020609958856696586,1.5689005310889406,-5.869563635666847,-1.8547082885289814
54a421d2-763e-4751-a6b4-54e3d6c46cc1_1553-16,2,-3.0621471118880974,-3.242705362831761,-1.5828722292233686,2.6499235493013176,1.4005012842552138,-6.253623919322921,-1.6440410710684605
5318b45a-f8be-4ab2-a807-564d734527fb_1369-45,3,-7.757055725354989,-3.070091665927851,-1.1046693172687498,2.847521284578671,-1.924359146565413,-6.899747356040218,-1.1860709259732471
8b82db7f-5c39-4850-8a70-97e2615d4faa_508-54,3,2.0331064927605,-16.745990944553355,-4.978497075238814,-8.149632005522715,4.3960680613551855,2.475551922754242,-2.420194524459003
dced4894-d13a-4222-941b-5e4ecf1e3299_629-13,0,-3.624774506948943,-2.1639316061262965,0.9512695704211244,-5.339244715840341,-1.8856148948428528,-0.47339237042064997,2.1636201526266703
3761fbb4-3e0e-4b15-a277-fec95edacf04_2287-87,2,-3.4101370066403454,-9.726882202720873,-5.581824671614462,-1.8972418472797479,2.717663566145171,-4.003224632130563,2.483842836325002
c864505c-9d49-4da4-bf7e-254b4c348c03_540-20,1,3.5324899058691708,-1.8590228856184545,-0.9159772298119727,-3.1704143288825715,-5.789818149476238,-7.689893946823446,-6.44310143166636
8a0de6d0-5d28-43f5-91e6-48f41eeb3752_1074-03,0,1.4056643312264763,-2.84905011308148,0.4843906611333092,-0.4841778184650567,-2.300539974515509,-6.416391597427003,-1.97263746469619
baaffbad-76a7-458a-8a54-7b593ab073f6_979-89,2,4.213960542116074,-6.445371844083807,-5.322202122039349,-1.0364790672448523,-5.564443679286308,4.2087817931961204,-1.7069073890099586
600e392c-4be6-4b8b-bef8-e789ce3d8915_7199-73,1,-14.046320910897323,-1.8155075895859154,-2.0339229346669887,1.813746588805087,3.3146880067028346,-5.281175083130762,3.0069782287985953
6956cb48-951c-4607-a42b-a66de2c186be_59-73,3,2.5444072579865784,-8.745607289727676,-2.9545414008230866,-4.683015369900231,-2.8393461464974705,1.606708708747676,-8.980649612044893
89d8c9c5-fa11-4674-b08f-007f81958555_1642-22,4,-1.5227742068994385,-7.420750109088802,-5.943808518778613,-8.74320649348049,-1.9461831341536273,-2.321886464640918,6.853549599014983
0f82d425-f8be-4e69-8c59-0a1a2e980b20_518-50,3,-4.488225945815164,-2.6509788017283453,2.140436278531513,2.380516868650901,-4.407473594254875,1.4587374807084466,0.3892537987164235
cf3956a7-8cc6-4a99-8770-71a15c7e69c7_5040-48,0,1.1026799550508941,-16.09229274267719,2.122838640141442,2.1486869651515663,-1.7904425191611602,-3.122719285674881,-4.825484145339212
2ac65951-49b0-4629-981e-edc34b8cdb0f_1349-72,2,1.762266489974394,-14.685088697409231,1.1971783901818627,-4.818422431033856,-4.391620601569259,-0.44193009318465704,0.157667098675779
3dd08c84-ee0a-4fa6-a859-98fd969ec720_1276-65,1,-3.5869439737591575,-3.8814836278251557,-2.8685192175285614,1.3295525783583781,0.7553669320024627,-13.09605731047663,-3.5808750322411997
3ffeedef-3088-4e70-a21d-3578f07546a2_2438-39,1,0.09375569866442057,-0.22384060572925701,0.00904395263784441,-1.4735056444841703,-2.344229099799861,-2.1719985548167347,-0.34379224773762274
9b34e344-494d-4664-8180-a8ff2a692ab2_35-55,4,-4.179536611089228,-0.3359888923485812,-2.566068156134171,0.8946932180062065,-3.2544717262638465,4.671944136526446,0.9086092242542165
49b14463-2172-4b0e-ad13-fdf9383e9a77_426-72,1,-0.895061880315352,-10.701714788370973,2.5385688122837373,-5.314190898660378,0.35396087137485566,-3.1037028593776093,-4.911887409047787
63d56e4c-e454-48c2-a8f2-5bc2c34622ca_903-77,1,-7.686991610950936,-5.597024914475222,-0.3043083860468435,1.8434261631217246,1.3867057910012601,-9.43028640564001,-0.6571824363795968
b6bee905-eddf-4b41-bfe6-d57c9059fe61_1119-76,0,-0.5034436974940548,-7.944222815849203,-3.2949912294639283,-3.5275428780288722,0.6042661059149876,-0.5710313557515574,-0.9017131395984601
9d965c16-0014-45e5-b37b-50a786971470_6156-96,2,-0.5165963708465824,-7.368459571769386,-1.5987315126871249,0.49159902231433517,-0.8572962780997844,-0.882487942335854,0.9383421003560984
df1a31a9-6508-4d9d-b1c7-cffc7bcc5d29_41-87,4,3.554443502061184,-7.426373558140668,-0.20016050637747007,-4.426727628327703,-0.7914372594407211,-10.13678915233087,-4.593841892617694
38737402-19bd-4689-9e74-3af391b15feb_1338-80,3,1.7483663212746283,-6.922060362479583,-2.5724560710774353,1.681080498033673,-3.825362962626608,0.6519834087517049,0.7081053696708157
e0d46807-4c3b-44a0-ac59-cb970c8d5a5a_6-18,3,-0.4827756501354077,-6.566651515763503,-3.2381252943579417,1.126576046549682,-0.9372920761595428,-3.158342542752819,0.7065918241495714
4d1b11b2-e53a-40a5-a3a5-2b2441c60e17_621-95,4,0.062295815898380624,-0.40326256633332225,2.6032454989048768,-4.8926663350731605,-4.518651114777928,-5.786838587493019,-4.290933302244381
d0a861f7-3e5c-4836-9b43-29a0b3288165_829-52,2,-5.824228983939059,5.297308002946324,-1.965105054334994,13.445483012157009,-8.919133915966597,-2.067524129204462,-2.7358018228990573
3b021bad-6945-4be2-a7db-44af3db1eae8_2667-18,3,-5.198041496693788,6.3972900835767,1.8314677846207679,0.8691518538106177,1.2250348561862754,-1.5754011428887655,3.008927451338659
bd96484b-6f8c-492b-8969-cae99c868b4d_2411-56,1,-3.041193024044781,-1.3007916253448002,-6.830689570190268,-2.2978165582498042,0.02430430221910098,-0.63704122879501,-1.7215781080940864
c615d305-14fe-41cd-9099-caf420beb604_955-84,4,-1.5899724772469814,2.4786097110812833,4.591205306194482,-3.688838820082946,-6.4958308942809,1.504484850640619,-4.069449386703786
0ece1a2a-2da0-4b28-ac8c-bf9f04c0d17c_335-84,1,-2.3843788877287944,-0.20517448514929537,-4.101465078143576,-6.962190778266027,4.745478536250244,-1.6954707929656592,0.27031830197777507
e7eead9a-5f4e-47af-8f54-2dd3fd453a2d_55-37,3,-3.031250501619769,-5.322449064454751,3.1058873305568,4.998998667061614,-1.9405641253713826,-8.1596652995837,-5.316691202720778
ec85a806-d47f-4555-8c4c-20f59927e580_1435-56,3,1.7368559371877759,-18.27830293709928,0.17975080877549976,-1.3068972981565774,-1.1334131267483871,-0.8257451985149062,-4.712581262124154
366b71ad-3f35-4704-b6ef-e793c7e73ac6_1040-50,0,-2.059114970813742,-13.027207704329918,-1.7580005452990273,-2.0557016924994684,6.71754974343353,-1.21111425602961,-2.5244359816888844
348180aa-c90b-463a-8b3f-0743469a8b59_5526-16,3,-3.2459805595757487,-6.996971058226099,1.0641205443057298,-0.5829153910098507,4.87851130690456,1.2210799911332169,-1.60884596201772
8c3c68c9-eeec-4f51-881f-3cc6340679ec_1138-68,1,-2.0929558086879103,-2.2625025755763266,-3.545833686115828,1.0847987841492093,-1.5225813901632201,-4.493048865933155,5.338627127900523
eb20bebd-41e5-4a02-aa7e-73d3da5bc97e_1223-78,1,-3.606563248123229,-2.4826032834331064,-0.4606214793320137,-1.7711016393287218,0.04263175886679129,-2.1983276138983503,-7.1118642270265555
ba28e9d5-5a78-44c0-b985-2249dcc05956_17-90,0,5.561750213140806,-7.856100014182787,-3.1826659003159503,-2.634674433965694,-0.6031702457395556,-5.521093151679298,1.690255694368547
20525d50-586a-4792-bfdb-fd941ee64ea9_547-93,0,1.964210587096081,-1.6478587190418574,-0.46304345045346007,-0.2539662314082689,-3.9200509020869783,-3.5143815493417074,-0.3959260598155778
27f9cd4e-8b61-477c-9b63-ca3d437a0dff_250-50,0,2.011626772835611,-7.01802282825316,-2.7700368952414305,-3.7410653982103206,-1.9498138407122936,-2.897526606085588,-5.282106948989245
e402df54-0a64-424e-a7e6-3e68b18a761c_242-70,4,-4.819720683458781,-4.732512683621291,1.238920284329378,-1.7291361047207738,-4.03324140191848,0.5234460301328303,-4.301447214796608
0cd16e31-6045-45ea-b0d7-105116f9e6d1_646-65,0,-2.2780704649458214,1.382823961966917,0.3499540410216725,1.0606072453189437,-1.6079554342597169,0.48179295448774195,-3.018207522788411
a7448853-2414-42b1-998c-0f56594e437a_155-55,0,-6.099978695088012,-8.174796015605367,-2.581079083274873,-0.1419101908258631,-1.3053961492360744,-1.7484755903850198,1.0450584820519004
03ca4970-374e-4901-9895-81f262c0da5c_817-27,4,-5.041929425015102,-2.430228224208471,-0.4684695987514633,-0.7393965126117489,-1.1116031807141153,-4.324379069123273,-2.98083533620429
aabc5114-a6a1-459d-81ed-99370385a7e4_2460-69,1,-0.9344875710475977,-14.806960616418635,-1.0706840226586767,-4.407088197937436,0.7208661642204031,-8.137330841567291,-6.121548334591775
dd508a2a-1ea7-43d2-805a-8080eeae9985_36-14,0,-1.7453998056759867,-7.061021680962204,-1.1024178609380675,-1.080948169002464,0.7739897094284414,-4.881845647350317,-1.7853664441702064
0f82d425-f8be-4e69-8c59-0a1a2e980b20_1108-13,3,-0.861569776108073,-1.1329846126880252,-0.012448088808550306,-1.296072499879663,-3.688804146753862,-5.593685069411737,-1.0481634260542136
4dc1caff-6353-4a05-9382-92031b25f783_279-42,2,-1.1061153387578242,-6.23207049199791,0.19621902424552995,-2.577562194304475,0.9015068597094875,3.368536119616958,-5.044940223726138
abca0171-5e73-426e-9ba1-49a6339b2ef5_1825-89,1,-3.5963562708598733,-13.155431245161747,0.9431946334762024,-1.4848191015697307,0.46316458125909676,-1.0044460961379182,1.205856785506224
ac8dba37-ce09-4dc5-b478-8194e41353c3_9451-92,0,-5.880760819471753,-3.9112909506618623,-3.0398725747711444,1.6425196322283406,-3.007647746018455,2.4683833014363223,-0.640171432500708
5605bd9a-d151-4d5b-b0f6-cfc28ae6937e_709-52,1,-2.0176880851099392,-12.160294170508482,-6.385018667529245,-0.09299382016121793,1.8018568908959254,-7.8576796151638035,0.5659628696980861
dfe44f90-17f9-43eb-adf4-da35f15002ed_1647-36,2,-0.7764961428333217,-9.644904628391284,-6.391052999924095,0.9428486204332449,-0.18775712997073896,-3.4306222462792073,-0.2481735867828242
72d6a00b-0554-41cd-a00d-0c1e64e400df_2501-79,2,-1.9109065743561173,-14.127149894444312,-1.993815774765513,-3.5498479489607635,7.230653226653145,-5.3050851404572565,4.403374598905767
0696265e-aba2-401b-9316-c380c30c901e_878-07,3,-3.1859147043933866,-4.049685434178612,-0.6735758872335913,1.7864232006813445,-1.542129392771437,-0.2058834440583155,1.4696399521192804
93a5f8cb-d7eb-4e5a-9913-77ef1487ce61_2462-55,4,-2.5316631737040693,-10.76796760022313,2.8499307019418696,-2.4769200177554636,1.5883502162825924,-12.31036685139484,-0.9253108154173011
f0041c6c-06b2-4c3b-b8e6-934305b4226e_3757-69,2,2.062570698323367,-4.394258066836432,0.0378064312084303,-5.517328496260961,2.7675405984431145,3.605180569898918,-1.5298290478642471
937e5809-09d0-4c6b-8d9e-9329e0cf6218_2515-56,2,-12.973269146162831,-7.187174998544494,-3.7324353532185217,-6.0865347054222285,5.3872446864900825,4.482593427073171,1.4768206705634692
7a3479a4-b903-4d20-bdc4-98d93ceb3c36_1392-00,3,1.0898517108735273,1.1832462705961868,3.4140397257110613,2.0181870843433063,2.4969957729229493,-2.8648113517929352,-4.547785119542962
ea1818bb-a882-4de4-9e31-993f4cb98aa1_622-65,1,-7.109156782085999,-8.386467317142253,1.2190875122373956,-1.5529222943003194,-1.2512608683567135,0.3597265256277371,-1.4245538736164256
7cad84ff-4d08-4e18-8784-aaf4e9341264_333-06,3,-2.359982897176595,-6.422346369735801,-0.43571091980629495,1.541910813999769,-1.2471407033382145,-0.4492770520404994,0.5037245040851765
d40be91b-85bb-4c47-ac18-52c4d044e3fc_13523-54,3,-2.6912677719213716,5.315286698268312,0.3428167887782556,-1.9839402039222942,3.2824855323443303,-7.189377201099046,2.95457041417421
e9343bd2-cd48-4abe-902a-3d3f6a0b51d8_1810-91,1,-4.5854185149258155,-10.646977178906543,-3.1613486741881704,-2.9848635625584543,-2.654664019523459,-0.6102357930246187,5.497255276043913
63d56e4c-e454-48c2-a8f2-5bc2c34622ca_1218-51,1,-3.3238678643207624,-14.938215447084172,-2.598400592132001,1.3603665332146924,0.08382080327155841,-5.403632205251995,-0.24250728952117195
89d8c9c5-fa11-4674-b08f-007f81958555_179-03,4,4.39155569232933,1.0238914225191387,-4.162702969772569,-4.249738685924403,0.4726478762904791,-2.7435082092914245,-2.067244841889516
878666b9-5f3d-476a-960f-3a5d02da7619_18455-07,2,1.0758097835898692,-10.497775941602267,3.8401924679067383,-4.59354608495205,-2.12224338213695,1.1035080909561614,-1.2329704648983761
a99c5790-b590-4c29-98b3-004bbf106ce7_315-27,2,3.8954661512204494,2.411387450001002,0.16423861148651997,-0.7804233978511972,4.082600474897523,-3.604520051224596,-2.13862892723651
fcb62109-9f54-42d7-9ecd-7a60817868dc_663-41,3,-10.550922436243454,0.1961489428884713,6.347211784027541,5.287237059512163,0.9390667315793056,-2.1735863370217636,-0.19627843927658595
9fb1ce25-8a99-45ed-a28c-1492192d4964_1957-11,3,4.819701489139548,-21.77848349791202,-9.03829849595328,2.2645621945402845,-0.10766286520242324,-5.207779952389249,8.231764089393824
fdbe0fbc-90a3-41b9-8898-a0c7ce3f966c_672-30,2,-4.664008413694757,-3.0323246878871233,0.9565673611335865,-1.2991099220439644,0.8576662936916262,0.755971239750969,-0.9888147868083422
9d26362a-4411-4d8b-b114-03f4f89928d7_1156-78,1,-1.6552838392417824,-9.6165656956767,-0.5773136506358781,-1.6499748875406097,-1.5243239519406433,-9.023394429930217,-1.0099443134043653
42c08776-8832-4d37-8844-3ce89e405c62_1474-11,4,-6.452198050579238,-9.035030238849988,1.415154239521061,0.13892301998142365,1.8692852032481606,-1.2334515279451859,4.006744843130931
b2f487cb-83b2-4e60-855d-1750938d0f1a_4050-16,3,-4.904248312944396,-2.2690513863830777,-4.458578556725989,-3.0198924698102765,6.238375297505324,-3.3302876960926273,2.213963400605052
8645cc8f-2a69-4a50-bf90-9faec8d80386_717-84,2,0.5642630692597888,-7.379761977741389,-1.629151644096008,-1.165276445722938,3.018550514766694,0.7932050515491378,3.9622026328023296
eb2c9739-dba0-479c-81b7-9dda51c4ac20_148-23,4,-13.75987934070975,-3.4837634444487233,0.27628503907875857,4.3119879324258275,-1.7007821360488626,-7.950088489544789,3.0641927827319178
8d4895eb-b2d1-43b8-90f1-e80fcc37797b_9565-47,0,-5.983012254373129,5.527057757491387,1.463609553131155,0.7433806227445745,-1.7888225554764718,-11.74184879408416,-1.0641990571867253
0f82d425-f8be-4e69-8c59-0a1a2e980b20_295-56,3,-9.828864631306773,0.002752559848619107,2.0003923877908147,-1.569274550702326,-1.1362326288903974,-0.9457610856347163,2.037688732521879
cf3956a7-8cc6-4a99-8770-71a15c7e69c7_4824-79,0,-0.19678831704440203,-5.14357822754993,-0.7151299516942605,5.4053850328836495,-3.405839112324694,-3.505374293772662,1.3365302250037716
608f2b9c-d004-42db-9f0c-e89b203dfb01_8-92,4,-6.748299016042438,-4.066132546828079,6.469544335815129,2.9944823726434704,-2.392674321057213,-12.043024668374613,-3.140903749174906
dbcca18b-4b62-4ba1-b799-a6a65231d084_3795-07,3,-1.7677388486301921,-11.763228173825308,-6.0210598266966535,-4.4597071240765285,4.981403136760308,4.41825066964615,-6.7384173642063665
d64fb34a-08fd-416c-ac6f-86a0813869a8_512-82,3,-4.492733004604106,-9.004615062042394,2.914182304842487,-1.7126160025608872,5.253131717661717,0.5470733087819193,-5.892595102983536
e9e0f26d-3005-436a-a70f-7d99977808c8_1690-81,3,3.4244847852968165,-6.482922294359711,-3.539582342291069,-8.712864899454695,3.355727607328068,-1.39647229177418,6.687204680636485
998d4e6e-f579-4872-b706-767c5f392825_698-26,2,-2.2621580280849622,-8.874171682482606,0.5880397184334611,-1.39474393964508,1.1482485021405933,0.04259316472364727,0.7621203790305596
fd2ae8b4-b683-4c4b-935c-78b4dadbdbf8_2975-44,3,1.3482875032580337,0.6802307640952661,1.2104960560268228,-5.665598013874467,1.1120515196650673,3.4467338813971784,-3.1268423952391498
ecdc4071-1903-4024-a357-d0082720168e_107-60,0,-0.665655785511206,-8.161411508280947,-0.2273473663337927,-3.1826431520536387,0.44028964817941835,-2.778749743248296,0.6555324980191568
1acd2d5c-b0d4-4ec5-a54c-6a9c84cb11f6_742-55,4,-7.423722308614119,-5.425752557338173,-0.31300840814803355,-3.82929660598118,0.8611342206090957,3.185854707187283,2.1689025644144975
9fb1ce25-8a99-45ed-a28c-1492192d4964_1100-54,3,0.03460106620910364,-6.605740754301099,0.18973979541731945,-3.6417932425679793,0.5166646346597857,5.772951816603688,-6.498356628074497
b0937ec3-7645-4f68-b9cd-549ff7c01819_2030-83,3,-10.708182844716625,3.13453863941207,2.007031779466379,6.182986626043318,-3.731797075455005,-10.228794793382924,-3.774134681212809
fdc39d01-44cb-431a-96a1-558ebf4c15ae_933-99,1,0.5459684816355665,-6.143169757770786,-2.8362261220796934,3.3067673916132265,-0.8932911153383096,-1.7693401363281285,-0.6857612876120966
77e28690-2ab1-414e-86ed-285ec1d15bd1_315-49,0,-0.8659091562953019,1.438403304563324,0.605159329698118,0.0204674891944856,-4.564481642197145,-1.5540578096090172,3.489117648806113
624a6c0a-a4cb-4073-b501-48e4b6b679e4_1095-75,1,-2.8770022871633243,6.665798429985377,2.015122626504431,3.3613466473224887,-3.3018665119032735,-1.4201842290686262,-0.9127921721770291
13bbcf71-cc9d-40f9-b072-77841ea8b7a2_38-55,2,-1.4218164532979667,-20.951853393386614,-6.103098852050617,-0.20061996226477552,-0.6394177042135172,-5.1882833940738875,-3.028588122025516
9fb1ce25-8a99-45ed-a28c-1492192d4964_1946-35,3,3.8131636340580295,-18.02371080973204,-5.066187779050416,-3.2356714950499117,0.23416941086636517,0.20933836171440046,2.389787051270475
ed027cb2-5b92-4de2-ab58-69d42325ef15_890-73,1,1.0670759716823828,-3.110002936128984,-4.8692468109361045,-0.4335974387162618,-1.8398232431371837,-7.909142903395566,-0.49287752669957063
54a421d2-763e-4751-a6b4-54e3d6c46cc1_1458-60,2,-4.902646287931337,-4.343799094341154,1.1628601754043622,1.0241250536703683,-1.5196059101786812,-9.20600332380361,-1.013668806888917
ef641454-94d5-4fe4-bf21-710144143967_760-02,4,-1.2245955536463442,-1.6025455958631145,0.9430968088525353,0.3625304364738494,-0.7333883471806852,-3.311786090191301,1.97841725286236
fec31c20-1910-4ab1-afc5-6aa3057a45f5_825-86,2,0.10953302841903434,-2.5736546815124983,0.836380317097621,1.8202268869360263,-3.016801640868241,-3.2822735906056444,-2.007361941778363
2dbdd409-0be0-447c-8ae8-3f107fe9af80_1697-32,2,0.11492089134243977,-2.075141719203386,-1.7573058952729623,0.5082745332484526,-3.0937756934156804,-6.23843161682428,-5.761562112549619
7b5fafdb-136a-4722-84a4-cffb213a224a_1908-63,4,3.7395039011088307,-8.461922875602703,-1.4461772107898678,2.493057996091486,2.1697176406737335,-4.365298470215596,-6.119185049415738
b0a30641-ad93-4d6a-92a9-f277c78f1aa5_473-69,0,-0.9644662153639305,1.2587068632552043,-0.1663471702828857,-6.362342994610053,-0.656972921075502,-6.098809754980171,0.12759257042451178
214b62df-2fb1-4b0e-af9d-42b0dd37defb_2076-23,3,-2.763456000761437,4.1796232524357455,-3.2205999741189357,2.1767599328770255,-1.2676317092687948,-3.490832574537577,1.5963359759256692
d8936caf-0142-4ceb-bacc-70313a19f169_142-89,2,-0.6899900580137197,-6.180384346740783,-1.4371041144153003,-0.09422359574633443,-1.6154805417296338,-4.93465725188275,-0.8755054436631707
c00d3596-99db-4ea7-9a65-57ab4319d640_370-19,0,-0.28101773023437593,-4.922171388437173,-2.165813554919633,-5.600700027271632,3.2092822715050486,-0.7245260950548704,-1.3593941102772613
c34effc7-6198-4c85-80c7-c8be85b77dd3_4366-00,0,-1.3614796489249188,-10.57062833330209,2.8997971455742686,-3.3885161951501868,1.4084449094122478,-0.5616843319066245,-0.44478925337777686
635cb327-1636-4fbc-a9ca-5a7adfc34b2e_0-40,4,5.8452068353543964,-0.15240914037851017,-1.0525945667760777,-2.565587515540977,-4.614747491050385,-9.985459498240056,-9.728312535265486
59764b58-1523-48b3-88d2-9fc07880e597_1504-77,2,-5.392404046223269,-4.656268569685407,-0.9799539758227509,2.909019995595484,-2.2469341235535247,-4.263537560653414,2.0325793915151196
25f88143-835a-4ac9-9272-eada5dbb8440_162-66,1,-3.9376943178123316,-3.206173312696804,2.810051025436753,-3.861775613185024,-2.1732409358030047,4.221598475069497,-2.496126743333284
5aa8f84b-aea8-4e40-b710-82b93875e1ae_422-21,4,-2.3472320334945036,-0.7423098099242269,1.1297923393554585,2.025168511039266,-7.646334084426271,-5.374029458029759,4.611100378668493
261edec2-f089-4a74-b25f-ddf32c92f90c_1105-51,4,1.0635685787762665,-8.000135805482802,0.31662809747294496,0.5616700924989227,-2.4351369685163053,-1.7407511547287777,-1.0474683036503414
5f26c69f-6f1c-4041-a81f-3c4808e0a385_151-47,4,-3.669974196822332,-1.7732616965102732,-0.7061635234467913,-1.8585849692631946,-4.782170841521956,-0.8053655997963478,2.9933197988400835
a4bbdddc-c222-4535-a616-57ccbc8f9b9e_7343-01,0,-0.38076610526392196,-6.44263576152634,4.69676300755163,-5.695393510318876,0.12225592702852044,-1.9566836903991296,0.11150348841712066
2efc9b47-0a23-4247-89a6-db46dae6c998_416-58,4,5.299331583676082,-13.996497027062865,-3.9423963171772325,-3.006951247246494,0.23065972397630222,-2.9880385439787753,-0.05056444972547136
9a33e9f1-a740-4810-a624-62b0c9935741_2385-44,3,-5.482786218648598,-3.969592698118171,4.760583606618159,0.04273104262600025,-1.3989604836869083,-0.18066034545519694,-5.4678312105793205
e9ea573a-3972-48ea-b946-6cb069497bab_1785-52,3,5.156877076986501,-10.752495342426638,-0.4523230021439182,-6.810354333282101,-4.510953066229067,-0.27503576862429213,2.749196451668201
e579ef82-c68f-44dc-8b0f-7fe62e20974c_2509-16,0,-1.4192420306686295,-22.540351550074433,-5.323088121100057,-5.544796348260079,-4.872848804936913,-6.635652414718745,-10.31731935659726
be462bcf-13ad-446a-8dfb-248cb2e3417a_379-26,1,-3.9158323271823807,2.005464918562713,-0.4818419840817202,-1.3766848470214206,1.7911853229492283,-10.393098426258872,-0.7574006040364833
2137f7a2-dce3-4d95-859d-ad2a50b0cd09_1373-29,0,-0.622831588943281,-5.230535073228109,-1.1608485415268968,3.754524236579323,-0.6812907046707857,-3.460808367874183,3.4594103392370172
42d72164-8f4a-49e4-8b95-b3ad423ba65b_138-24,1,-2.3603383893697867,-0.45403335316207727,-3.0908668364603527,2.4705895452670217,2.008131003996688,0.4685792856956561,-4.431624200399782
c34effc7-6198-4c85-80c7-c8be85b77dd3_5341-13,0,3.597592157122055,-12.066904153084442,-3.089540962020954,1.181216720648617,0.17103526447513123,-1.0202480848642408,-1.9083698567901946
b5c3c1e3-7ee7-4b4a-b938-4d008d5aa49b_757-55,1,-4.9279636508329085,0.3559731346033841,2.7787740634497338,-0.28634342126832046,-2.6858116939422874,-3.3952210561561755,-0.37362315024613824
3178c414-453e-44e9-b192-67dba2ccc982_565-83,1,-0.5449520498352325,-1.2088820283614732,1.7153105291784136,-0.9868513209064109,1.3997306544862265,-0.6497109919817556,0.49687285416660676
f6da4761-4774-4e05-bb2a-beca6db68f51_4196-85,2,-2.218572405904202,-14.3802377880405,-1.8834669201950984,-1.6265839579791832,4.28848214459671,1.1841901947352707,0.18294062555649615
7a680a9a-dd7b-467a-a724-a597f1be9f06_3668-06,4,-7.590305455834164,-4.430156736589837,-10.467562741927523,-3.45535104916998,-3.416244481943076,-6.738859484402943,6.426137624407221
b9bc5b47-ae9a-4220-84c7-ada93722c4fe_909-02,1,0.4175841019225508,-3.1535713375390455,-1.574221798182092,5.1540975811199665,1.2938178401564022,-2.3056138876945744,-1.542642180883713
878666b9-5f3d-476a-960f-3a5d02da7619_22412-01,2,-0.37951887784921357,-13.241736456436541,3.441864345705566,2.735865050959296,-1.4531596373513982,-5.276733681497537,-0.40312802332916997
17be1d0a-f213-4126-ab6e-08e5c8ee5b93_1922-28,0,0.618638919103311,-3.060637336885945,-1.7864855660374515,-1.7129054161017676,-4.217841039141439,0.38889199879335234,-3.2133708969649266
17be1d0a-f213-4126-ab6e-08e5c8ee5b93_1968-69,0,-1.184453712693886,-4.408638513627855,-1.1346586080253163,0.6835734766038291,-0.8893534364128388,0.8220508900925128,1.2613388624280397
972f2966-c368-4344-a9ca-5bd8a277f177_1110-10,2,-1.591305095344063,12.777685214935904,-6.711031941989061,-0.875166522848823,-3.6369674237538407,5.024233965268299,-4.655807876392481
af400f98-3c57-46ad-acac-eaca6f940180_508-42,3,-1.5050545491317509,-7.218795631647993,-0.9482545350614018,-0.4866589815742254,-3.240906514959978,-3.9054925669692433,0.24003331758849833
11f247e0-179a-4b9d-8244-16fb918010a1_1376-89,3,2.6921260038364148,-13.705373563192342,2.4187275535143002,-4.51472587336082,-3.322269112801058,-0.7227868967259878,-1.2373845187383201
ada73c3a-765f-46de-afb5-d152d058d7e2_7766-82,3,-1.7346526591541733,-3.29999349205337,-2.1056436248476946,-3.548959238633326,6.2728134874427255,-3.190979930132441,-2.117323441381144
82e96128-1242-4e57-8a3e-9ea222df022c_2999-35,4,-7.736567266330091,-2.8337885880049756,-4.153797727168216,1.616145673594093,-1.3294991360147912,-6.169754047249345,0.8251793240589322
146a4b4b-96a5-4d8f-a5b1-78dbb6ee5edf_4571-18,3,-2.500308914481006,-6.805347299726059,1.8402616505198095,1.3042864565334997,0.3646834587854168,-0.07649675904776698,-3.131719966396899
949b2e8a-83f9-4b89-b29b-9e8d81600dd8_2250-47,2,-2.3419457567408903,-13.188122911060072,3.1877961738072207,-0.5568538945095867,1.0339208371122424,0.44494449339325026,-0.303537862766461
786877d8-e353-4fae-b488-8d7443646882_883-95,3,-9.726021298792398,-0.2023440866261188,3.056651619628472,-1.4080829107599033,-0.7746789267774566,1.8442803317229801,-1.9716538155395769
5ead8e7c-2600-44b1-afd6-b82cb5f7b9ce_567-35,2,-2.1852053819258606,-13.591816489335638,-1.0622630292162774,-5.191574961807457,2.248170923434335,-5.165718376386849,2.4264163846007425
b6ae365a-dd70-42c4-90d6-e0351778d991_277-06,1,5.967291202890889,-0.025581464603222415,-6.302996752035144,-7.389745662834292,-0.2323981399625112,2.128813148249169,-7.609449283864519
d40be91b-85bb-4c47-ac18-52c4d044e3fc_5905-56,3,2.2797264960202357,-13.937175611520694,-3.654062868205838,-2.070937258836284,1.7205889150686742,6.184119803123065,-0.6270250029295228
8ed40810-09cf-4061-953c-9fff6e6d6aeb_589-93,4,-2.754383090696535,-3.4299529167417844,4.452158874961484,-2.1671936497932025,0.12362030568899443,-2.0708942949834057,-1.062552605085824
8bb4369f-a6e0-45a3-9d2d-fd5d5c686ccc_246-04,0,-3.075933105740477,-5.618134514866304,-0.7593181327978701,3.641986127390272,-4.1345932437609125,-10.241071130301657,-6.674671205821082
a8197601-7474-4cb0-8d08-e8a8febcecfc_222-15,1,-2.7267024295227253,-12.891299265223623,-6.142979565270665,-4.378743349176382,-1.5266702741549945,1.4978454004650037,-1.664673001463927
2a831288-6e91-4aba-9385-f22f666fab99_525-32,0,0.8910721239475121,-6.286170695501517,-0.21515642330376938,-5.895176114653456,-2.1191928784577883,-7.34170978773483,-1.9820371304839794
cb9de2c6-ff1a-48e8-b170-047e9471b588_931-60,1,-1.1471506921153323,-8.207149212464644,-1.1341674015132552,-1.6268289095628092,1.484675809083003,-4.172669778838163,-1.5312576797061659
7627344d-503f-4a25-b418-10a6929d5a18_842-97,0,-1.47445173456726,-6.763641387895362,-5.416974943233661,-2.8406521668142055,7.144484482743314,3.977378606550621,2.2660997370738274
82e96128-1242-4e57-8a3e-9ea222df022c_3264-64,4,0.21213432830555723,1.9402605535272812,-3.6704082649304492,-3.3772030610219392,0.21176746190936638,-5.394154998603262,-5.166153760781875
044a7a23-9305-4971-82ac-aa1a3dc154be_214-77,0,-7.465882971014722,-18.506744306198012,-0.5444027374114128,-2.3463930636538866,-0.22417660328256356,-8.454489512466223,2.5510222017652335
cdfd99eb-88c6-4bc7-8f66-e0318216feab_820-48,1,-4.080346177524153,-9.221433861404622,-3.0526417914708563,-5.512383943776777,0.06379834372627372,6.925606461905732,-2.4844582107325985
c00a27da-98bb-4761-8093-45fd30a3f43f_1156-34,3,4.151241567822347,-16.92768455063732,-0.35799117809278913,-5.357187872404026,-3.6851607717817076,4.749970729895337,-2.076098442988724
449763d0-a924-40a4-8830-01e7028f9428_3059-66,2,-3.5140478114414604,-20.940762440624795,-0.5468225522291885,2.3672449357227086,-1.080528276467915,1.8264739074179657,2.3786743312388716
de37a11d-1dcd-4f5b-9054-155093b3a073_1154-49,1,-2.417741702809179,-11.731910136332637,-2.7176430226333492,0.6278933581099193,-0.2838638011531369,-0.6418466275648176,-3.6090411147457244
af215e0f-56c7-4356-9aad-a3a5fb7bbc4f_1332-04,1,-2.5481202664916514,-10.321559812007738,2.499803620357379,2.243259704533806,-3.8188891815623944,-1.705729285179057,-0.573936595402669
087e11d0-5984-4365-989d-7365294ddaec_7351-39,1,-6.103900446400931,-0.2051183399626142,3.010558910133664,-2.2402527622956985,1.5310158829229255,2.1527532593606327,5.774275443608313
6989df0e-b8da-48a4-bc69-b01f6f8aef1a_378-59,4,0.758759180100602,-7.045746326993919,4.497903249152191,-4.344806881624378,1.7711505633034044,3.8917117761783073,-3.208475032536641
c2d28dd4-4416-4300-bbbe-23911487776a_426-99,2,-4.608222519155509,-4.496309938544053,-3.81918027540694,0.8116152086001316,3.605252031749727,1.1903677929621903,-2.838987894129452
dd0aa717-59d8-4d8a-9f11-21be827fb184_1260-03,3,-5.809941280865647,0.7493380852499385,-2.960665639596512,-0.38458684353063044,-5.120630214640283,-2.0963844876020357,-1.5204589483114368
85020424-0ed9-4dcd-9a39-e5ab84ec6b6d_896-84,0,7.77269627773596,-5.079471285853871,-0.10061942323377482,-10.461092258746707,1.175018703643963,-1.8494274332585394,-3.9270432931871095
19f2ea20-5041-4be2-bdc9-714473f16236_5269-91,2,4.5471668855306975,-8.049670454503662,-1.7482652765679003,-3.3886093277054306,-0.2183483885801087,3.304602000738865,-0.6125536101068741
9fc3678b-86e2-44ab-adbc-9aeda78ceb60_992-74,0,1.6398682071490738,-12.074538709959175,-1.4807744043683106,0.18077799932492078,0.20854181272560518,0.7977558702355145,-0.0076148416213384085
eb20bebd-41e5-4a02-aa7e-73d3da5bc97e_389-33,1,-4.934248220787652,0.4925151932935199,-0.6133116948515872,3.2000764069291354,4.647621310727275,-2.9091715877142468,-6.202979092676656
eb2c9739-dba0-479c-81b7-9dda51c4ac20_275-35,4,-13.012552931153675,-2.028966552786777,1.93430705758575,4.526049790088317,1.7152849228507308,-7.296524121981931,4.018429881696484
555ff1a5-c30b-434c-a251-b5105cdc1fb9_1647-31,0,-6.645116925414236,-11.193136077850397,-3.9422055646800143,0.20011108315904003,1.1618492114677108,-5.641692974956682,2.64420261666349
3d93c92c-8c12-4972-9f29-c8bef5c321ba_1742-89,4,2.684409215893614,4.824425643012406,0.40476548263428036,-5.117223717369392,2.4965138437459626,-2.0409093594869487,-2.817109705116172
622ab8aa-21f8-4ad0-99c3-7f4876850df7_193-96,0,4.0986740854068895,-12.181821030708685,8.352364092063219,-3.378647484149054,0.7180667853133735,-1.851470559620276,-3.780346630008503
cb87d2ca-dc4f-4e1c-a13f-a8fe7dc952e9_98-75,4,2.022649354867427,-3.810856831133859,0.559097220524956,0.9645009111769286,0.8495438296853917,-5.2376352241399955,-4.724926878503697
17be1d0a-f213-4126-ab6e-08e5c8ee5b93_1056-33,0,0.36379996160162564,-10.224183459976224,0.10029843697083851,-0.2817109467054346,-0.6280185527714319,2.158393761774886,-5.095700469685125
52c312b2-b47d-498d-a368-20db6a8bc879_1510-20,3,-1.0698416535697526,3.2097978694938805,-0.8850739613205403,-4.284056010510318,-2.8944048480249616,-4.686614862201819,-1.0198813603991208
969866a7-2393-4bca-851a-885ddd7f627d_2446-72,3,-3.2097018225851484,-6.125103615566695,0.06035012097692993,-0.6781208570566825,2.385752926273842,-0.2528325306956365,-2.907951755136086
5f26c69f-6f1c-4041-a81f-3c4808e0a385_156-09,4,1.1602315627056847,-3.175281906129137,0.27236283573142805,-5.680729518192133,-2.848047375984898,-1.1994379612601147,-1.3424298177747402
4fde0689-6bc3-49d4-8d54-bf4cfe0ad287_403-70,3,-0.015774466156937228,-1.5580572664118781,-6.774447799204541,-3.971985945935909,8.171059718618558,-7.832003164459486,1.3365988379070288
8fafc02a-ef7a-46f4-ae97-b0c68c8bb207_7571-93,0,-4.984464235914466,-16.279930945312177,3.4134781398909,2.2992856320700508,-0.2482014986831153,-7.180362044887017,3.7077690919846944
29e45749-f8d5-42c7-af09-7fbb3d6697e9_876-21,1,-2.914965012540823,-18.561166851222207,-4.7612426659081155,-3.6311659934387577,3.335078181575932,-2.805818812447749,2.6158746135428723
3d93c92c-8c12-4972-9f29-c8bef5c321ba_832-45,4,-13.49240933489368,6.693601250449788,-0.6842379171667545,-6.206003080224755,6.152538010082497,8.112743302462185,2.15819374028381
e339898f-5e79-4723-89d7-44ba33b163de_500-86,2,-3.3107782411515774,-5.360182448242033,-8.423762860473502,-1.879563216426825,2.163312232897231,5.484946916480696,1.2529810140989377
cb8df5e7-af5c-4211-b779-0568f94c7ded_3375-73,2,-6.971621531494871,-4.598978521318237,2.723449970931748,1.7790952338738286,-5.945310491123789,-5.077589034300619,1.817671202708254
596760c3-b1d6-453c-916c-ecbc30ab1c5d_1349-91,4,5.238918052058548,-12.557426491068195,1.9612599308596637,-2.5349435179741455,3.9827713028682203,-4.148939029577713,-9.685286511332716
f6da4761-4774-4e05-bb2a-beca6db68f51_2233-75,2,1.4258834624043437,-9.102505822650283,-0.11130036807537214,-4.837718524667185,-2.1325451727713243,-1.9812383887198157,1.5229365959328995
f374039b-7f08-4dc3-af64-4e9ff61db531_425-13,2,2.118169920258355,-20.221153682583257,-5.3208323343391895,-0.13447265223532678,2.0244763030508537,2.5337511167202473,0.3837375945915834
9148ceed-6983-4303-a560-2cbde805ee85_529-14,3,1.9640913804071112,-12.337258504919694,-6.636298086823151,-0.4868155390642045,1.6534327924218315,1.736582124187418,-8.941763250304357
ba078478-13a5-4e7f-8ee4-61620f84cb7a_3101-09,3,1.5585585481476045,-10.94166484923174,-3.699306837103906,0.3325130131801334,-0.4358192694323127,0.8832153348390435,0.20631565054085255
a437e059-78be-4894-a7ab-dc27fa16d3f8_6770-46,2,3.4184574624613235,-5.012839635526554,-0.3583041084695149,-0.45112927840065264,2.2346688682477294,-0.9813056123529691,-1.850566907193906
1c983176-b07a-4a69-ae51-de7829de6b6a_1270-21,4,-5.318923303729638,-6.353109770053798,0.1912821764779249,3.1416914845295594,-2.5393176957233163,-4.233590294237081,4.217040750304099
5b0225e8-b81b-42fe-aa08-b0732b46c8bd_1082-56,0,-2.5390566740143883,-12.923834132651422,-1.96047036766055,-0.9057080609838872,1.9159732702530874,2.8576953550051574,-5.370826866266452
7c4f8ef4-c126-46b7-8fa9-1b2daf5b41de_2272-79,0,-1.233996037268366,-0.9462867214924673,2.005619590836891,-0.32039628484282545,-4.004993031039808,0.6219719051544417,1.8770149400479264
01ccf6b0-5e95-4b18-acd4-a8cc1fd31ddf_849-71,4,3.505737187820555,-7.072694573738903,0.04462769419523438,-1.3952601241623572,1.022540854574694,-1.1053796194996233,-4.0389777880356394
3c9ce1b1-9eaa-4e3d-9ebb-91f9d904178e_2453-52,3,0.3014633176375672,-4.1895445995041305,-3.091485282455817,0.7595766885997502,-5.535412344211853,-5.485282670013084,0.9819660745500587
c1dc6626-34c8-4367-a80a-42a44057f47b_737-27,4,-1.7794265383232966,-9.4167669343524,-3.2656831945938594,1.4506961691182791,-1.5652464720611357,0.7197795455258564,0.48202864644191057
878666b9-5f3d-476a-960f-3a5d02da7619_16974-50,2,1.1271184753131742,-4.128627906474032,3.2731703433442734,-7.225343498821277,-5.589072490229876,0.8047098110000848,2.0163004918565317
c34effc7-6198-4c85-80c7-c8be85b77dd3_1105-03,0,-1.434101064237825,-15.706494686757729,5.5260501072213595,-3.616537704229363,-3.188646214697775,-4.978793554016997,-0.7394054551960398
e14bb000-250b-4f3d-aec6-e72d4f29d123_97-24,0,-8.297831864976576,-4.7504806154780805,1.4983951198986603,0.23102296458447724,-1.6232341065192444,-0.788043055086886,-2.5861500730051947
4d45174a-6a77-48cd-a8f2-9b93e2d47f07_653-18,3,-9.21761683033791,1.9389983110662454,4.857365807795841,3.2944547567075486,1.6405401763972687,-5.297226592789503,-1.161041216132366
7245d60b-1245-49ad-b025-b59da57dd8e8_664-70,3,-0.10156240180916298,-8.076583210548314,-2.0463808491376008,-4.832198456631144,2.7582521269741433,3.2690024696179654,-3.429348682217464
6a847d75-e20f-409d-8b91-77ada97d8fb9_1826-29,3,-7.649583824672331,-2.9962740958754988,1.2585803494171297,-0.9172393760969438,-0.12086428262303645,-1.9418860422591004,-6.347929197383407
ec75d692-c261-4df5-9939-b0edfaa309a5_1168-60,0,-4.8398453625391245,1.8509134664532363,1.6021360510488352,0.056401644934824136,-0.9145811759633935,0.5996580810827485,2.762597865804877
4bf46557-3c5a-4a89-840d-158403590c9f_3687-37,3,3.8309317349427987,-13.18217477051893,-4.521755979534932,-2.324005368650011,6.235743296188241,1.2000880166555552,-5.788027423722661
d3dafc0b-c623-4c4b-9a4a-ee56538e257c_519-43,1,-8.78864927161568,6.785612827322329,1.6883155534240588,4.016784421423681,-1.2085156815920137,-4.588209836578944,3.639656566786539
22653c79-369f-4a0d-a663-33a1da378fe0_292-96,2,-4.715677644049972,-12.418304327985599,-1.8217819357753406,-3.6832345698100513,-1.3282832821571389,1.818885820113358,-0.09413342882926978
95f2caf6-c6f5-4471-9763-2957e248eb58_503-77,3,-1.7466120624009023,-8.110771205785436,-2.5512015911206722,1.5963859651828112,-2.467697793501085,-8.555597804759044,2.5082250572072464
b71166c2-c723-4f91-89b7-3a484e14079e_1586-58,4,0.35824092463185764,-0.08808939268148386,-1.2813537694015085,-2.766604260118519,-2.7162958860798727,2.7619666699296346,-4.6886597367265725
2dbdd409-0be0-447c-8ae8-3f107fe9af80_1764-16,2,-2.219060060041264,-3.3710375883703576,1.7729015784817859,0.7188561001718279,-1.6506670806790207,-3.3215982661670145,-7.6778365614514765
18ac02cb-20eb-4eed-b735-04aff3573422_38-16,2,-0.47459671218675825,-1.438205508188667,3.1802649997986823,0.4584702813981929,2.3091487560907384,-1.9360197509027017,-1.2769553448637052
3b3ecf0c-ee8d-4518-bf1c-3301ba44c743_226-48,0,-0.6211574665590835,-2.4180768918792337,2.695215765294847,0.4820864975271786,-1.8570137424142874,-8.018908131907253,2.1607408599771
65d6d7a3-11f7-4472-82b9-527ca04fe25b_1274-77,3,-1.0638807796700576,-18.663342103434147,1.5712480533324924,-2.754999765078045,2.9259748833764925,-0.5160691382276203,0.29744892113959853
b2ebded2-4c94-473d-b9e4-8dd3556a3152_31-51,4,2.9380506994707676,-9.42482822194929,0.8095329382779202,-2.7954998771455397,0.3627051019840004,-2.164760527741376,-5.220859357614941
5605bd9a-d151-4d5b-b0f6-cfc28ae6937e_3534-55,1,0.5878975355639409,-14.002619774558056,-1.275019051431276,-0.8666299281841865,0.28720256017758583,-5.711184309261208,-1.8072648480625346
4c9777fc-1997-4dc8-a2d2-ea59c50b32f4_573-78,1,6.241507323435041,-5.719904837072842,1.5692284357982973,-3.3729297168138443,-2.303786266463729,-1.2014322470836993,-8.502493624458271
2131b8e4-79b5-48f7-b092-e4a13ed96749_1086-27,3,-1.6171911513795039,-6.078763199098342,0.12550998033636196,-2.152087505175572,-0.11430223957285551,-0.08690220587698416,-2.9049793936389623
76f450c1-3542-4f8a-964c-66c857a23601_671-42,4,-6.533160550321371,-0.6577136503610719,-2.1982591682983212,1.2035682452599383,-0.9481290084482112,-12.862041866164482,-0.7560812060172981
dca2e9e2-acde-49b7-8b0e-5a150e536769_3059-39,4,-2.6790822810275183,-0.8243574158905345,0.13310162186663366,0.46951617118202515,-1.4084802268804686,-1.706343621328564,-0.1326573148526442
2a97736a-4fff-4753-84de-e6586a5603cc_2707-05,3,3.646700356839494,-20.116622726368657,6.712780354383053,-5.058100038955448,-1.6235496823137308,-1.0313888930997086,-0.6642763131859277
8672b38a-7682-4244-ad7a-a336c81c2d0e_1054-38,2,-3.2222485910029937,-8.842043657684766,1.4767542403181098,3.1089782163513604,-1.9064046791121019,-0.08534223940395513,2.9971357926737388
5ed59c41-af9e-4368-a0ce-30d536d34895_494-33,3,0.13830811405664112,-4.604467263456249,-3.9303926307833907,2.7781914578150366,-0.38629584416115065,-5.223887365015852,0.6906570388485156
3ab744ba-9969-452c-a825-38affebd4139_319-13,4,-7.313131957569107,-18.561055491761334,4.555308889780839,-0.6607642959381242,4.822250373578838,-3.9866623335176277,0.8569074520044568
ad851441-1f15-467e-83d8-48c764e220a8_875-32,4,-5.992976842309989,-4.314493011802842,-3.749467456948678,1.935257966529572,1.7163829024466986,0.7893165425206918,1.276116157165944
c2d28dd4-4416-4300-bbbe-23911487776a_1418-50,2,-4.41890487610419,-10.536794599313573,-2.038989366532191,4.287857247019132,0.03173392488255593,2.3561549315994954,-0.44558861361730495
6a847d75-e20f-409d-8b91-77ada97d8fb9_1582-87,3,-1.4824965993960657,-15.718898732267796,-9.22788952315405,-5.927830439956859,1.2547861712005302,-6.27034089427564,1.67434642867776
36baa5a9-16bf-4ad6-b011-4d7daae6b8f9_641-91,2,0.8936747212538878,-11.321356224213982,-2.5162959584700237,1.3027024582745517,-0.7578880299258821,-5.286314968352832,-1.2457812848439116
cfc42371-cd58-48df-8bc5-f2fb29a6091e_1191-27,1,-5.150285527962812,-3.6390556130840848,0.9018645576343577,-6.456603442759462,-3.1963457538928806,-7.201157712903221,-3.884285367118287
fcc14fe4-35e1-4854-b368-4541ae7bcf58_1063-13,2,1.7410445251786337,-9.96025828100132,0.7319344478678456,-1.6400211149059398,0.8522162807112761,-2.5497210712188263,-6.011609972573682
c34effc7-6198-4c85-80c7-c8be85b77dd3_5294-07,0,-2.3009578069377024,-7.480546288537116,0.8786274935418711,0.6786353895310648,0.6076891662933688,-1.674514739351008,-1.7988229658422203
5ab334f2-ecc8-4a05-96f8-4320225379b2_1773-43,4,-3.128246959073327,2.912599092608863,4.479246218940274,-0.8355127516010518,-1.6977216294091817,0.6299631546745017,-6.770948025129768
e3f37c38-bf24-481f-b1c6-8d472fab4290_1679-92,0,1.9722703480762234,-26.34363886746707,2.161200627647747,-4.642681774201404,-5.181371143969116,-0.7265678145952228,-5.319999968672791
053ae0a6-937d-4bdc-8001-d3dfe7899811_1085-52,2,1.4956032550288396,3.3891472532352678,-3.724974413895768,-2.4516637086502877,-1.0018244625518862,-6.165698089614126,-6.678722614999858
0d5f2917-e0bd-47cb-b887-1c14c69568f9_848-84,3,-2.8157733222174324,-9.87563708829406,-0.7571685777425556,-1.365509284207437,-1.458671180097275,0.7546627664242802,-0.7174748657488685
f9c337af-fdf9-4737-b4c2-c5f68cd18d6a_553-83,1,-1.5146722640741597,5.794196611529958,-3.933772156683167,5.469148191641176,-2.8102887227963014,-3.467470167105762,-2.8115544426783883
a743a90e-f46c-4e55-a94d-a7f11c771207_51-51,1,-5.731391002744382,-7.774400760961277,2.3098030905975566,-9.145568329852539,3.738085708627349,-3.8889354810616203,-1.8936404275211511
72c81e60-8604-4897-8cd5-71df5244acaa_1172-93,1,-2.8503680309511505,1.9948916911469707,1.6222692301846813,-2.0776879750555723,-1.7696914929830043,-4.313768558144652,-1.0002560462556416
d1c7b7ec-506e-4c02-b008-8b5aaaf442d7_1891-93,0,-4.71751331429399,-9.552612747001788,0.38120336708316926,-2.630334333195931,-2.114587500330271,-4.245449959958597,0.9417310617721737
2cc2710e-aae0-41eb-9a70-deb9217bb7ea_3838-38,3,-4.959525833246,0.9126289983528508,-3.777696163033695,1.6733669812642415,1.3400783212770955,-8.568707743109908,0.08095610859611635
aad332b0-a437-4bd9-9147-f580bb58c3f5_3472-99,0,2.5794829387848277,-16.571226000902058,-0.7937530072576507,-4.468485804154111,2.5310439713407766,1.4408896030590441,-2.1154150600522907
6070d9d1-9962-49f3-8ac7-4e29ca07e104_164-20,3,1.9991012876276566,-15.349145254667462,2.563509921350916,-0.9036377055148558,-0.8618794579997918,0.8283257724120281,-2.7003147010781863
348180aa-c90b-463a-8b3f-0743469a8b59_7126-75,3,-4.146151338910184,2.7425952702829095,1.069437613178684,0.9152254483362231,3.2437864689622153,1.8262921506716348,-3.982758462846891
a6264c7d-d42a-4708-8fc2-b35ad0c5fe42_990-06,1,1.4097680188134796,-8.191966633790452,1.4676722293376052,0.6209562158414204,-1.3985090424613738,-0.5989969007922524,-0.19266071087453063
48d7d009-425f-4d1a-a6a9-a4742bd0d9fe_2349-91,2,-4.234739713234433,-21.66069055593292,2.3729798580881907,-0.8891093285031322,3.675345056641881,0.13378577201469088,0.7681133502639031
45f5f3df-072e-4869-b332-cfc3652092b2_997-48,0,4.5672750384260095,-12.263863668303795,-0.032059196940355084,-5.468123272262759,5.353620549981409,2.0623235337173185,-2.5486039847086026
5aa01f1b-351d-428b-a1be-1f2edaff6a0c_693-84,2,1.5495128922781103,-10.88817757038029,-2.932254870537723,-2.043123525304847,0.9898679893343325,-6.575894255969678,-2.783719134554613
949b2e8a-83f9-4b89-b29b-9e8d81600dd8_3511-42,2,-7.061023356362933,-4.209672672986472,2.7389145404084987,-5.877277254697882,6.660169735294732,6.679158791749164,-7.225500046411382
81fb9f8f-be18-4833-a899-4fbcef82a634_270-26,4,2.4586396430814017,-8.107751433028078,-4.51494426236575,-0.72488027537222,3.1747805701196103,-2.9510935265316247,-2.9992269346449874
5a9ca82c-bb33-4f05-9e08-efd614269566_1201-43,1,2.154871071867084,-14.48373290120959,-1.4714629866169906,-7.3587657603956735,0.07654407827347812,-4.424651328030919,-0.32011747258854983
5c9b85ea-24a9-4bfd-8ac2-4ca6f9090231_4576-22,0,-1.0419240742651947,-6.18658889995903,1.330922541203686,-0.31390150276284445,1.5412872081880307,1.2076195432372858,-6.812481705120847
1106ee5c-8829-460f-8454-c4a8348f5400_10077-91,4,-2.631371184448967,-10.053610760836133,1.8356108052168807,5.402135889540291,-4.971765882689074,-9.203806418179187,5.386906567558843
ea5bb387-a22a-4b49-8aa5-35cbf0d3563d_32-89,1,0.9253897466569929,-13.02905720899142,-1.0864097911611297,-0.29663654543686446,0.0015809716540354998,-2.464595377133048,-1.3325027814391859
b5c3c1e3-7ee7-4b4a-b938-4d008d5aa49b_644-73,1,-3.8627609759046484,-4.800737780146201,1.0729874452361265,-6.439652694680236,2.019322648507907,-6.931899949326423,-3.6562470242928713
74d38b4a-6f22-43b3-b631-9234c05f27ab_270-80,3,-0.002384427184636939,-0.6076997320537503,-3.3673363952442155,1.850803776978578,-1.1829177165732763,-0.43299470337206714,0.6369086009946383
9f8d9232-a78e-4e14-9a0f-944a325efa19_133-97,2,2.9093471584300845,-10.012470846103342,8.481354861441616,-4.006734114602583,-4.815651674600619,2.2424488704874337,-0.6815040517196748
a437e059-78be-4894-a7ab-dc27fa16d3f8_9861-81,2,1.2340073183509948,-6.342355480411722,-1.419421012345097,-0.4475161129579872,2.092997849678738,4.828591208766536,-3.729885854710529
c2d28dd4-4416-4300-bbbe-23911487776a_6637-37,2,-3.3205966761520207,-4.479770866670144,-1.4085314613210536,2.0089152330623152,-3.795774861696809,2.929992411332889,0.9103753012724066
f7d99eca-11d5-4d45-8d60-695c3cb2f07c_431-32,4,0.6539589681742277,-12.716308959194217,-4.739927790218283,-5.709294634941461,2.411099943418616,-5.220792807717941,-0.1944731302109186
19f2ea20-5041-4be2-bdc9-714473f16236_4525-17,2,0.27358857495999733,-2.324460192945687,-1.7086474756415004,-1.2482199205678546,2.3286760694790094,-0.34161675783632184,-5.713128603957125
bc215572-bd4c-4457-bbc1-58cdd6398cc7_2751-16,2,-0.24311580435602376,-15.78474936080221,1.4999973130952158,-5.020639792909237,3.0782111472470297,2.74699152900899,-11.714555902052025
1e96ede3-aa85-4162-a32f-c565e5194cab_995-46,0,0.11101408048135886,-7.794525049855471,-2.2235874651716845,1.8973471771395205,0.48210019991436487,-1.94372408647395,-4.845938843878313
2a97736a-4fff-4753-84de-e6586a5603cc_2712-24,3,1.883665936983877,-13.765903342194864,3.8267874561297996,-3.7957979162904603,0.6317993216420309,2.345010973705814,3.8089543580413014
2dbdd409-0be0-447c-8ae8-3f107fe9af80_989-72,2,0.914978079518795,-6.710301612199646,0.04503449745563315,-0.11168287975088997,1.017099414058714,-0.5168614768038395,1.9675847191399765
366b71ad-3f35-4704-b6ef-e793c7e73ac6_15-36,0,-1.4622139048488485,-4.576511344563204,-0.4130892972971637,0.0937608885327037,0.2968430931271207,-0.33424308680970927,0.250345576535546
584f625d-15b0-49e8-bfa6-718b9cf010e0_834-78,4,5.988377428655669,-7.837409485072672,-4.09553684175577,-6.005895756293524,4.051228137055423,5.004359509731287,6.1457645182590595
520374ca-09f9-4716-8176-dd289ea7baa9_540-00,2,3.323149286875454,-9.35743997646488,-0.3800508813483916,0.03584673353130885,-0.46331850952226666,0.43975307737698444,-4.007638878845604
dbcca18b-4b62-4ba1-b799-a6a65231d084_2471-26,3,-6.396553702476873,-17.59392776659942,-1.0760196461092106,-2.3546955137402072,-2.9042034802388543,-1.186372146011247,1.5274340336083079
3c9ce1b1-9eaa-4e3d-9ebb-91f9d904178e_2345-99,3,2.4374875280931088,-12.096303384268644,-0.880049948124126,-0.850289609113824,3.275111420375457,-12.751004489489482,4.216393947417409
c00d3596-99db-4ea7-9a65-57ab4319d640_329-17,0,0.952692100823648,-9.586757468498798,-1.8315043608177484,-5.9134406323763935,2.070613805007696,-1.7542431620650671,-4.432385712433471
a5bd4711-275b-4bbf-96fe-37553e5d3e93_1659-18,4,4.737735818601216,-9.032364379871368,-3.243792163467555,-3.414983156113754,1.366328677997768,1.002103895444698,-3.9202933859673
4840195a-580a-44c9-b1de-4bbb792473b5_487-41,0,3.4343192754000467,5.603266402092367,-5.51966338264862,0.9820007631532899,3.2824067123405127,-8.242764498163407,-3.4634337414156713
1f4a4d13-f083-4464-8c03-5e09f55e3f63_332-95,3,-5.606725636477299,-8.312833250738631,-1.4636591974952737,4.793496386669648,-0.7756333113438906,-2.4132443346047627,-0.4503415893266631
6f93978d-a3d0-467d-b401-e23b3c92f3bf_5298-67,4,-1.2613503976750908,-11.832099664464543,-4.277100286311102,1.3401737189671197,1.9170105668523578,0.6145205984276112,-7.705173107017427
2893d559-89cb-4125-a761-3ff8e68768a9_638-82,4,0.14310619347294518,-13.227347068500366,2.0157374830847696,-2.464345554372527,-4.158538213253208,3.611702406512574,2.0069673305548337
7a680a9a-dd7b-467a-a724-a597f1be9f06_2545-71,4,-4.731835345256114,-6.438248892229847,5.306657797470919,-7.593353520365321,5.47683981948788,-10.4588545103631,-6.792886213207741
15c5a595-c577-4b4b-b26a-639517f140c9_1-82,1,-3.91790183228491,-12.68882993459993,-3.6128551462191725,4.098979156889476,1.6887276650464464,-9.86981089653746,4.031450628545999
95f2caf6-c6f5-4471-9763-2957e248eb58_588-89,3,-4.832308772346315,-4.093499701748285,-5.825100665723028,-2.369272949495467,-0.6091338913381342,-9.927013560378008,3.7945471787540743
8ed40810-09cf-4061-953c-9fff6e6d6aeb_103-16,4,-1.8916002935130973,-3.2284496421294344,0.2640857081492367,-0.1080485613508918,-7.154486306410262,-11.84901007007344,-1.5960995609437227
51364391-163c-484c-8de5-122abb5898de_1357-07,4,-5.113182622682951,-6.989621426328574,0.4320504228496649,4.70495285134009,0.9016334757603874,1.2034122112968868,-4.901534881224972
18189ea3-00fd-428a-bbae-7549ddd9a97e_803-15,4,-3.9949284343021847,-4.492593641229142,-5.365066462139797,-2.9961243102710906,0.5865006756534359,1.881291952184144,-0.11726391397686142
bd31c2eb-4faa-467d-8c71-89a55b0a4be5_275-56,0,4.7229426731645265,0.14313247905190085,-0.03633670563352631,-3.562668721999664,-6.793645040484778,-8.594764655417436,-9.95092670529945
5c9b85ea-24a9-4bfd-8ac2-4ca6f9090231_3510-00,0,-6.0381407424792695,-1.4062378819230412,-1.1346308899009543,-1.0394130842281948,-1.8498230324324914,-10.22337034110169,-4.55242920269533
083b7556-9dff-40e2-9fad-bef3f82dbf37_635-98,2,0.44114940588708884,3.0678531963195885,-1.0875936125575196,-9.271858192219305,2.1717514257501453,2.3955258942433497,-10.635620781150967
f5bdefb3-f57c-4270-bf31-7939ecd45c86_1289-58,1,-4.790853820511176,-21.82776820426095,-5.960696592835358,-0.9538440768437826,-1.188944712387281,-1.3547991903619434,-2.4022378418365298
db35b386-4c65-4c5e-a488-51b2aa5eb1fb_589-73,0,2.7001221715619805,-11.56230511918281,-5.205445917915592,-1.5736428758078687,2.9779588958485013,5.888000055099637,-4.218679245898212
2d13c92e-f43f-40f2-b603-cb749e5fee70_2243-41,4,0.6919537859854383,-8.648714106386588,-2.1393042795837536,-3.235185061747276,3.1187064407696417,-3.7126188308079735,-1.0138965625518181
dd82f801-fc96-4ced-b066-ad559da3faab_601-49,4,4.930819257852704,-3.1333329822437506,2.410132786446188,0.5278166899479774,0.7598830996421153,-0.6191935437238394,-4.244347836819972
fd2ae8b4-b683-4c4b-935c-78b4dadbdbf8_4288-89,3,2.0252116623005545,-3.9169137663677533,1.7573216251295292,2.6394224753229034,-0.0718161244304894,-3.7464111731512064,-5.3314615115034005
97d62297-ee2c-482f-aec2-4f73448c3a03_538-31,1,-3.1185252853525753,-14.27166452060169,3.054911973656221,-6.664725349666867,-2.243049867360769,3.0475797969516614,-1.7505937698870457
998d4e6e-f579-4872-b706-767c5f392825_4715-59,2,5.357487897255157,-5.857714764075957,-10.152221222962217,-3.8075762195976948,2.0325157990108407,-0.5206373755888691,-1.4147534581581565
3de48a49-665d-4c1b-9655-82532e108e6a_1395-29,4,-8.054138877714276,3.5848998218027255,-3.1988713811438494,-4.436504499426266,3.1186159306265115,-3.8258502310252736,-4.000069035793235
6395f964-0122-4f16-b036-337c28488504_1626-75,3,1.4922145006505756,-5.892905847732981,-0.768527226862584,-0.7319141871206934,-0.7949626705779161,-1.7380413649293125,-1.9848384469131248
54a421d2-763e-4751-a6b4-54e3d6c46cc1_1361-15,2,-4.315774175008667,-3.815243427583232,-1.390364887721257,1.9106343606334262,1.0204733758906994,-12.235299093869951,-1.7828901015326735
38a66acf-33c8-4ed5-b814-7322087b2e21_4267-76,4,-3.8691949508840544,-4.661903804745325,-1.5036700946010502,3.9298843679533784,-4.762730817107167,-11.504357972640562,0.33147783950819654
f965d286-b521-402f-9a0e-c73b49e9806e_32-71,3,-1.3570610163241834,-6.272862381031457,-6.363051073568126,-2.2180122916572342,0.9125763091597371,0.41672353599629375,4.153427241033688
d3a0899e-2093-454c-9f65-30087883193a_399-22,2,-11.171782733838693,-8.74820618378144,4.664040499509549,3.8956574993822892,3.1110308498756596,-1.8209193604612954,4.9314823817382685
8b82316c-c293-49a7-b401-a3cc026ab1d0_3445-90,0,-2.899826754138024,-10.057146168207545,-6.279563740251272,-1.0780806973238783,6.073838167998325,3.960003382216353,-8.27621274824598
4c70179a-f411-4f81-b44d-cfe34b8f9180_800-64,0,-3.1619368014668825,-9.198131228256818,-5.133291602990449,-4.002092321038421,0.23469039265141128,1.9557129370930764,-2.862682805751291
2859218c-84ee-4e85-833f-74255b355032_1032-03,2,1.6983764105276278,-13.322517775432246,3.965191284300065,-6.068436145713894,1.3194495692584334,-6.410346079425418,-7.492714909841826
e6e3919c-7c2e-491e-bde8-053715f0d851_472-28,4,1.005779559108372,-2.8234704957079204,-1.1592185902899113,3.669570270694181,0.03446692298424339,-14.967774064323937,2.6127342983820965
9a732221-3adb-4903-b61d-9b8097965fbf_2751-77,2,-10.027525200584309,2.239450578040958,-2.6338445651970526,3.158167350469899,-1.6862269419197986,-2.8299558838237995,2.965128512070516
b5d691f6-1618-467e-9fc9-d2ebd8eaafe4_836-72,4,2.4764203623395855,-10.972599338355021,3.2544886839293294,-2.614138853486626,-4.378594332455353,-2.422929908117852,-3.0596635867533237
cb87d2ca-dc4f-4e1c-a13f-a8fe7dc952e9_11-49,4,-2.8489729828458494,-11.8071643553835,4.85584402565161,1.9798517132677782,-4.9587046623839806,-8.77018606973538,-4.672305638786533
cb87d2ca-dc4f-4e1c-a13f-a8fe7dc952e9_115-52,4,0.13284330779039477,-8.872287155846928,1.9022825942411892,-2.7774660569147285,2.8895641377857237,-4.1854364224081,-3.7496923141595575
7152d311-7801-487c-a6ed-a746e6abaa1f_286-31,3,6.102672864519026,-28.5336799101873,-1.1271476294435812,-12.676292251303925,0.6534060270472307,-1.5712415844890275,-8.246453603668147
1c983176-b07a-4a69-ae51-de7829de6b6a_261-56,4,-3.9817484752326675,2.7066551925310876,-0.8220158670226971,-4.80182008735215,-1.788639221926592,-9.86257392383422,7.14822672315043
ede3176b-2e12-4d2d-b9e2-40a2c4e93916_78-06,1,-3.5709265374586776,-19.462786790952666,-3.4929681480066552,-1.3351763108710402,-1.3321465732832025,-6.553492054351276,0.6438785913857707
88193924-6780-4290-b8ba-85676e98387a_791-58,4,-4.125784537486469,-11.758921258350217,0.777291017540839,0.3401739323676608,-0.32308354609312095,0.44421157498963915,0.6103486829980824
944aacb0-f596-460d-b5a6-9ae05df1d430_3528-77,1,0.16648489171737624,-21.043996929428246,-2.7857526805627293,-6.631208229405194,0.5245202777897142,-3.087470546593933,-6.686070485843077
069c1058-881d-49da-b45d-b9f7e08fe932_475-96,3,-1.77780282847155,-4.877504184284112,-6.757033989768791,-1.1190592391595486,5.771431084830361,3.3692192524114954,-1.9276326460687867
406f3614-0b99-4b3f-b3cb-a4590bad9e27_288-93,1,-4.006522862298149,-8.574406007534618,3.693379095139271,-4.555584087917778,0.9931045067212092,-0.15727075073547914,-3.084754422630236
fd2ae8b4-b683-4c4b-935c-78b4dadbdbf8_966-80,3,-1.7609806972531004,3.11558298761184,-1.9222976063770543,-1.2591786954368227,-0.7734945484548893,-3.1648194160974716,-2.837775586209121
d6f9d174-2d42-49e7-83e4-daa9e8b0aa25_432-24,4,-6.878630143284729,2.1462545657040923,4.0240756036283925,0.7903840431997143,-3.4327087560654106,-4.800723950064448,-3.3947585487272303
225a1ffe-3e7e-4ff8-a47e-2e80989077fe_94-47,0,2.0199576954786385,-17.994758317739468,-2.056945140503619,-7.550498475640589,-4.9130691413109915,-8.5173504260385,-12.930925645051868
eb5cb2b0-59e6-45da-af1b-ba86c7ab0b54_1263-17,2,-3.2183038606916474,-7.750208540847409,0.8811817000196045,1.7274230850279801,-3.774355749564816,-0.11796965737369369,-4.829804850353776
a8197601-7474-4cb0-8d08-e8a8febcecfc_854-68,1,3.0527041651374054,-12.299307826398651,-2.969268224543219,0.09895733899101211,4.08881037266494,-5.347175336682918,0.750893449010438
9d26362a-4411-4d8b-b114-03f4f89928d7_694-92,1,-0.5732339776593081,-11.443962525270802,-4.305252329807694,-3.4348795500019915,1.9276099119497279,-9.441961562081966,-2.469456328106202
3ea1662a-6766-4bc9-8d42-9b48d4e8384c_132-89,2,0.9837216285706696,-9.638334053550057,-1.0678437922644097,-6.282958521589099,4.47062919662586,-5.397731644209298,0.7160692211456906
624a6c0a-a4cb-4073-b501-48e4b6b679e4_1105-28,1,3.8096318653851773,-13.962700916071245,-4.08195882666109,-9.469267117454843,-0.9379086754928623,-1.1547339675602761,-2.051246802906027
a3f6b937-bb29-4cc4-9f4b-27080ddca7c7_437-97,3,0.1571674655134887,-4.082333539762221,1.7697091746639377,-2.8556279903679527,-2.093400427545075,-3.433227682861723,-2.428084843081656
ada73c3a-765f-46de-afb5-d152d058d7e2_17044-72,3,4.1897661844469125,-11.917246390871977,2.4454196981102556,-5.041617858543804,0.9640587167938751,-0.21287877068599048,1.4419303964751544
41c32675-1cc9-47f2-82e5-5ef1eacb720b_92-49,1,-1.694839900535546,-3.1744726301020934,-0.48970837765679265,-4.735083293609753,2.1486676100552553,-1.4689890582153073,-2.290981522877323
38788778-0822-4c9c-b51e-5bce8a765a97_83-68,2,-1.1438023076442076,-2.1387695358894625,-0.5309775303237816,1.1040039232391456,-1.182601962595899,-1.7878173663595298,0.6513882735106521
a12f0a2e-e066-4b65-8603-6754bb73e196_30-04,1,5.771468849202361,-6.046887268463752,-2.7063936855487523,-4.332244467617636,1.1454770657175222,-3.190003586377878,-0.27635084009866406
44c5117d-fb5c-4fcf-b648-d7eb76d5f95a_898-38,4,0.8822401171207233,-0.6558690778421878,-1.6657156410563543,-3.4114423286041142,2.2547562142197366,1.0914483299520716,0.513020862987861
2efc9b47-0a23-4247-89a6-db46dae6c998_328-94,4,-1.546819129028727,-21.15387708479362,-5.269321658173458,-0.9664292190622269,2.671788299244475,0.4235750108544565,1.2591307112914827
bef6d752-a5f2-405f-bf3a-71e400bd8b06_1634-83,2,-2.184192835189002,-2.6552204938119197,1.0136371903096577,-0.9829727222698721,2.83594188492046,-0.10438986044861842,-3.0248165711173285
84ec85f6-c167-413c-829d-9c6915519c57_919-33,2,0.6047196623554465,-16.47071971259648,-2.992778114379072,-3.014435077666754,2.9557495142388075,-4.273627655834942,0.00141340347230956
76f450c1-3542-4f8a-964c-66c857a23601_1422-15,4,-10.651964823577323,-3.966875544195787,1.8922490643442718,2.4925811471028707,-2.1016274158460297,-0.6392746128141296,-3.5422623340135395
20c165c7-6d47-4264-8e62-9f1e643a4d03_2858-81,1,-6.099923797026125,-8.822727980900595,3.1628361059081085,0.6435822066592158,0.4848267213423556,-4.869798484147131,-3.165586663853775
cb987dd4-f0ec-46ed-8bf0-3fee8c84fc90_2701-67,1,-2.068885760572212,-2.306411887540543,-0.33430005041440836,2.4829542900381303,-0.457199689435678,-7.881261911600157,3.741677203724495
b4814b66-f564-48cb-a11f-3b0a1ee73704_27-72,2,-3.38482284706319,-12.566771893981203,2.390352462116396,4.0713504014609425,-5.845848462233582,-3.361023844148522,-1.690315463690561
182dffe9-d2bf-4a7d-b1d8-137470f0143d_1681-54,1,-0.38329416878492917,-4.564022346808856,1.9600483765732815,0.1057444897070714,-0.31731493859719473,-2.7248295709276174,-5.86153447592248
356661f5-767b-495d-95c7-03dcc46f85c6_1858-56,2,-0.6868301427402626,-4.730559235198367,-1.8360507759691693,6.600520506260874,-9.498302244207395,-3.4002464988028454,-3.526490995406195
be1da89b-976b-4e71-a42a-7621b522db46_179-53,0,-0.35959872251322844,-9.641353624050314,-3.0102034386294756,2.088244120155956,3.5443212499723304,-3.873315643181078,2.1870316452021212
366b71ad-3f35-4704-b6ef-e793c7e73ac6_41-78,0,0.38131410479628114,-2.875441022416963,-1.1976971586808611,-1.4462688871174152,2.006710342552398,-4.748909021562465,-3.7109249530855815
0696265e-aba2-401b-9316-c380c30c901e_540-96,3,-4.150442191553144,-14.26474068211597,1.0067140244770516,-0.4468696325122311,0.31318413833467823,0.4587148780785575,-0.9691228203365172
258a7d18-4e66-4e3a-9fa0-f8daf7315a6d_1387-30,3,2.5373397242740934,-7.3324103116422785,-0.8562115636828334,-2.9807794356512356,3.311911414364855,-1.0124864010481875,1.3437667670964741
cd0c7d35-19cf-4ce2-9b40-0209547acde5_284-45,1,-5.48732783476366,-3.3367212325867133,-0.6457626303837093,-2.4787261360371162,-0.010503138609276631,-7.9423798575581515,7.087785499558469
e3f37c38-bf24-481f-b1c6-8d472fab4290_5304-28,0,0.6927738076970584,-18.355435977295947,-2.0672391918462303,-3.9106139077971793,-1.1173622776597025,0.3192657432948567,-1.799020641181743
e58207f1-84ec-424b-a997-ff64a57eb13b_1893-21,2,4.3929826132660965,-12.708194642466161,-1.345284152576512,-6.409640185972468,-2.058504135576498,0.43976804269328174,-5.269396186728914
97811639-7def-4034-8083-a82a59156234_468-38,0,3.7790313635864377,0.23370672103390522,-0.20074940073962655,0.25693001294616,-0.46187833314878207,-1.5562069301486827,-3.523660997714712
031314bd-fa48-42ef-8341-bc5ca17f6a4a_1127-31,2,6.8191665534582535,-10.199938143278779,-2.2106773240879,-4.376008687044575,-1.5080683273598101,-0.21958522040374406,-3.1809757941378156
4de25e28-5a34-4fbe-bc83-200d513b4d9a_1123-59,2,-4.179792249710627,9.062380576172053,-3.079150509885584,3.067602904027895,-4.101805350311599,-3.233246426818215,-2.205344292570734
10a848ed-f258-4930-abdd-1fd60b788abc_788-28,1,-0.8515391274611293,-3.430643436160267,1.0379422492595154,-2.3568824059160103,0.6237553150755306,-0.9370453140216017,0.1011194419831527
c34effc7-6198-4c85-80c7-c8be85b77dd3_2970-00,0,-2.9012126888823087,-12.974693387033012,3.1787272789151864,-0.8082109949367153,-2.7083151461141974,-5.030694318819479,4.8077396311556955
a055e4e8-cc07-47c1-a438-06f45c4f724c_2257-57,1,-10.17445790843342,-16.169694302431033,-0.48059178749441933,-3.1398527444523334,2.316215734995604,-2.256338136161497,-3.2607310829248783
38737402-19bd-4689-9e74-3af391b15feb_650-15,3,-0.38032849821357906,-1.9823349950584452,-1.876429918299309,-1.5738782439875605,0.3394073812341582,3.6186122628345165,-1.5098140399748399
b68f87f0-29be-4516-a34a-dda69dd84a56_524-12,4,-2.518730131037606,4.496926633658671,0.05833993352552014,-3.7178711451725754,-1.7562003805140414,-12.630677344510922,-4.460952876542722
088add57-cf62-4ddd-9908-7eb738b0ec22_2767-48,0,-2.6212047347684315,-16.8700245291057,-4.5384985501322115,1.3482669237580283,2.680083231850542,3.5298288662149613,-0.4951970268472832
9d0c46d6-ea9a-43e6-8b8a-4b2972eb6ef4_551-12,0,-8.803010439402419,-2.212713419346591,1.7919987214236484,1.7110420739668541,0.7466762197868857,-3.1607001034098126,2.283045656114992
67b78a5b-ab72-4483-95c4-33e837013e93_2874-42,3,5.152474914895624,-4.586930491723749,-2.425568224298575,-2.402796866481742,-2.9890124454205798,-6.136820781010073,-5.193394029111005
9e08a7b1-eb04-4d11-bb0b-f4cd42f0a819_3434-14,0,-4.9003519814853576,-4.276166311288361,-1.1028803964056788,-2.1276652037240336,3.7628562632385005,-1.5436079455062506,1.2011540790922923
af862b37-12f1-4b55-a1ca-1c162c4f98a0_431-14,2,-3.374280204004423,-9.293749602602164,-2.559672658830551,-0.08546635860014806,-0.30791245779206683,2.265258243210126,0.3778399459447789
2142bbd6-da88-4976-8668-8f21c27ed456_775-93,4,2.7613632276817124,-17.279533556023402,-6.2748252525956305,-2.5761975537051716,6.491435427476339,0.5704500101338565,0.27967492151501294
d3279f4f-eea5-448f-a930-aafac6b668ac_1962-11,3,-5.437068044034673,-9.802909503368294,-0.43711475898247754,-1.5071462773329354,-0.7754985947715379,2.0895880301874783,-2.109432840273514
f668b2c9-d376-411b-96e5-7d7379fae824_151-21,4,0.01760706718162064,-3.494655987725589,-2.8229413728490194,3.3835101040109725,2.25457840499868,-0.8094437827339664,-4.2161691773782515
03f5b0be-94ac-4d22-9c30-7bf0456ccf0e_1279-00,0,-4.030616645245379,-6.924167727309495,2.898488378584558,-5.68574037555668,-2.6343465656756164,-1.686823566837935,0.9700641414836293
ae59dda2-8aa0-40e1-bd48-af368ea8e149_1550-40,2,-4.382803116854598,-13.606795949652515,-1.7088433883363348,6.900623654122454,-0.3823215826821768,-1.6636684833096078,4.294941837340844
381c4c64-a697-42ab-90ab-a515740bf484_1318-72,2,-7.163722872465697,-3.579810024351861,3.060529001331572,0.006958189158907224,-1.6137715323503143,0.5547868712312978,3.0958271796797265
083b7556-9dff-40e2-9fad-bef3f82dbf37_34-58,2,0.21290113025697477,-5.985145382794399,-0.673520697224711,-2.368375329722757,-0.7704128269137587,3.1079041410054353,-1.9828902398009038
e623faab-101a-41a6-83ac-8e22b4371aba_357-75,2,-8.119751953314886,-4.072611032122804,-0.8627286987071725,2.7653805219279133,0.2837876077717439,-2.7023705908186546,2.2985139200619584
af400f98-3c57-46ad-acac-eaca6f940180_2315-10,3,-2.7883505927621686,-2.8370516416949285,0.899111880751803,-1.1009887791367095,-1.3598894018856413,-0.9539264888578303,0.8388319145122314
3b342c9c-eb30-4cc6-8ced-53c4fb7b3a8d_290-89,2,-4.654137697570098,-3.8787868555855356,-0.6841150409480024,-2.6596781621952825,-2.1235955120382743,-5.9642061035813105,5.468887639406336
61da558c-b125-4e65-a8a6-28f0eae34c1a_156-26,1,-1.0094346761013904,-18.530991702591482,-0.0028087733734530884,-3.491799052813622,-2.07558489108766,4.997511754651345,-2.719652198220005
af06acee-b948-4950-a653-53d76b03a010_920-06,4,1.5600143567920246,-14.920116910575263,0.24323949870324313,-0.5190839308002159,-2.74008878057746,1.2263547206720036,-2.260309692619808
e14bb000-250b-4f3d-aec6-e72d4f29d123_367-23,0,-13.898242819587061,-8.02026740937276,-1.2378566478925737,1.2161648999089463,2.0131432251297974,-3.6406306588646657,9.393830754882774
8b1d4210-a174-4617-8311-df4b32785d28_1114-53,0,-2.3167927325459936,-0.01866933886475053,1.4958804097354683,-5.165272350836172,3.274437222657083,-3.4568475490383035,-6.253412970952578
9520f703-8904-4123-bd7f-873b0b42074b_224-60,0,-7.740858310008118,-6.603592631915526,-1.8881422289560783,5.327189264502763,3.0540347327254946,-0.8518917382321278,1.7779678679569135
fb92d350-9bf9-4b16-8a1f-7858de276226_561-78,1,-2.2595366426083308,-3.4527867228436415,0.7211223450774941,-1.1708460051178986,-2.541290011765055,-2.0254607201322847,-3.8636235237479175
38a8d256-8d63-4f28-8837-ebd80dcd10e7_227-55,0,-2.287956786789362,-18.18150644896926,-1.771416337684189,0.6288518376494439,1.636941044867499,-7.163882385163163,1.4328659533284636
be7ede7a-c212-45ff-8601-e15dd2f7e531_928-33,3,-1.5059965881428512,-0.2763687184135888,4.868207273140971,-3.076748167000362,-5.242659709194976,-5.343471872725993,-5.737216623342283
3a839ee1-2391-43bb-a253-c2c45d753bac_271-43,1,9.22543682637015,-18.161436739266765,-3.8993727860736156,-2.1575330852981565,-2.275696326673744,-6.3358925433146425,2.116407205082755
cf3956a7-8cc6-4a99-8770-71a15c7e69c7_4456-62,0,2.964994611169676,-16.43449095995343,4.876306913810492,-2.64937944434421,-0.1987396598559476,-2.2589901100040164,-2.350638421605286
1de5ae42-ca61-4a76-a514-8b70c40553fc_1576-85,4,-2.9988920722699324,-7.043975349625963,-7.183013239437782,-1.0574233497823866,-0.8614225766773047,-4.903131334461159,-3.4085858979281802
1b1acfa6-ee3b-483c-9c0a-245d70d7125f_3443-49,4,-7.348457657307016,-2.323874269977615,-0.4256914138013643,-0.14798359692965513,0.5529561078405125,-5.971361177665293,3.7321808030146153
48d7d009-425f-4d1a-a6a9-a4742bd0d9fe_30-60,2,2.032137095760529,-18.02427041008374,-7.328926524622418,-1.2990005052507527,1.2283514089443437,2.9720151767437937,-3.17646577903082
6a847d75-e20f-409d-8b91-77ada97d8fb9_1499-90,3,-9.148923188428629,-3.785666023529652,-0.8372361504557384,3.0836846016771466,-0.5948044742062025,-3.0456813964181686,-3.9250725743968324
b9b65293-fec8-494e-81e7-c4496aafba6f_1524-26,3,-6.081418047012099,-0.8975683822435361,-5.180843858572304,2.4276768695555053,-1.0198202181999607,-10.022496592798891,0.8495493227260662
82e96128-1242-4e57-8a3e-9ea222df022c_3386-01,4,-3.112058308235191,5.949857210866938,-6.967859429215161,0.9647739013740643,-4.225525757119997,-6.865669437208724,-0.9483491173885035
2859218c-84ee-4e85-833f-74255b355032_39-61,2,-2.1800353611297387,-9.971482544535222,-2.9794543172891776,-2.336745841043952,2.433407053813268,1.6515401176836972,-0.7623636838491322
a5bd4711-275b-4bbf-96fe-37553e5d3e93_484-64,4,-2.910729515386867,-5.5451890931125885,-0.06704576953085706,-1.1594938344607923,2.2521309988912965,-0.3559519879741595,-0.8470109781337285
c92cfd96-21ca-4b52-a56a-6345fbf57de0_233-46,1,0.23966927424723905,6.550238236883334,-4.43037943214739,-0.6392793711760341,0.37933040910385385,0.8465101586483521,-3.232676090361399
81fff27c-97c0-483a-ad42-47fa947977a9_456-39,3,-2.677539214513591,-14.961733734768366,-4.152793358635721,-3.6072632183141926,1.9402547749602161,-1.291565274837711,0.6833205881144819
c97a7ee8-1fd4-4092-8c47-ef93dea1c8aa_539-98,2,-4.637754219079664,-7.9404544409596856,-0.7114351081510277,2.0798285603034516,-0.28108209985198623,-2.584435776697534,-4.163487279019435
3ce37765-7d70-4dd6-991c-a83286ba05b2_1423-60,1,3.5104588984489835,-4.9993878331147465,-5.700403371452525,-1.230551827910523,-3.4107705708365965,-2.5120829239652465,-2.545984617809279
93f78437-229d-4824-a8c1-68d9b17e754d_1063-21,0,-5.769335968828852,6.232224499473978,-4.276024404848504,6.601345544385252,-1.780807759891269,-2.6570449694475675,-5.085959089151453
f0b8d19e-28c0-4d11-bb2d-5c6576eb7dcb_67-04,2,-3.0499616639757114,-2.092156694229037,1.0122381881773277,-2.6776529044120934,-0.6190087333493266,-1.2905046634816282,-1.4159151182916534
6e4baf27-2090-4a90-816b-a35a0aff0e56_1023-43,1,2.215401595385136,-7.033183540143157,-5.396079300703331,-0.5979659263605588,0.8435143943251937,-0.515494553846342,1.1002510713143654
f7148e30-2ded-4d14-a8bb-f50813da26df_84-22,1,1.0103098748519692,-7.3544948930026095,0.6315120424438484,-4.592207379868238,2.485587856307227,-0.7098238047333898,-3.4624312907348784
7b277350-9926-42ef-b5f7-3ee000f3350a_53-51,1,1.2943893382379248,-8.522360599224717,-11.313545874348055,-3.011523306966629,-0.24064503027490455,1.756617915708358,0.6654142619580787
54a421d2-763e-4751-a6b4-54e3d6c46cc1_715-92,2,0.8291444629619271,2.012965036413507,0.29434345751134816,2.064412363414724,-1.7694853136715434,-8.940439865284876,-5.4727513577392
fc0450d5-00cd-4d55-9a8e-68628c38ddd2_87-11,0,-4.661025589135631,-11.031482054349283,1.4387564155928718,-0.16583734908664982,-0.04080118675011164,-2.29595525508935,-0.44636284658107184
a7062d19-5af7-42fe-ad8c-2d7442ddbe48_514-59,4,5.664242901131336,-12.879796096346105,-1.0505704105875795,-6.323415765288127,-1.1577107047859134,-4.164811489043932,-2.400120527036761
a95545b6-8b1e-4d77-a209-c1accf3b057b_17-67,1,0.3058725013777559,-3.044423232378985,-2.49614708374885,-0.12174044507309856,-1.5902712179985232,-3.0892877737452453,1.85295563050632
3a53bfdc-daf7-4bbc-bb9f-af449021d237_1629-28,3,-3.805997693426284,-28.33101095159147,3.742303206980417,-3.405760451854963,2.678357237021212,-5.035071370771593,-4.207712357827977
a84e378e-c9d5-4ace-8e42-e07b95784746_180-55,4,-1.7541060242321795,5.552720293171774,-6.440535389612523,-2.733674040323873,1.3523567950557038,-4.721074048342559,-4.494626123692109
434a5651-9901-4b32-b782-d9a2bb52e805_711-02,2,0.13460805324586,-1.4610260782582243,-3.760472964108442,-1.1059515788587664,-1.1461148277722635,-3.7545324675735485,-1.9656897750719753
324ec8a1-3bd1-46b6-9abb-a824e53c0879_1801-82,3,-9.41330328374791,-14.888259594231243,-3.4810926008225,2.3624894034735164,2.604020421739596,-0.9793272327400055,-1.3431459596273185
d6f9d174-2d42-49e7-83e4-daa9e8b0aa25_1070-43,4,-7.422696697535567,-1.9648180528943948,0.40499466563523145,3.6600388288290633,1.2315688093467014,-2.2327846362546424,0.7789980706814135
0619c3d0-aebe-4414-b977-f2027271b267_279-15,2,-7.873988666656756,-8.084131608626844,1.6062291556915536,2.003153373293618,-0.4024248788052022,-2.3332923605882687,-1.5647494102672135
792d0000-7dcd-4e6c-a486-7befe397233d_917-53,0,-4.126638273611462,-0.4770444758877792,4.126195011970145,-1.0196492667429455,-2.2327928412235245,-2.38189777171931,0.12410815822759047
1ceb6ff6-da6c-4bbe-b8f1-01a5b27026ce_294-88,2,1.9263788335425753,-5.179342391404448,5.297880480908122,-3.6684406239027996,-2.1376635619945947,-0.7530094733313764,-0.39451107814822406
3925576b-6900-4112-8620-8739de771da9_2447-44,3,5.280959048706838,3.359761674722244,-6.1710694376258175,0.634837536974079,2.4714752824275616,-16.445679728648418,-7.056483341551088
8b82316c-c293-49a7-b401-a3cc026ab1d0_2095-46,0,-1.335655859530275,-14.758678721474492,-2.540392617160172,-0.3321868658079763,-1.2478607714961838,2.9298297237623476,-5.469024677758503
6ba5f052-a1cd-46ba-83f2-1be480387020_599-71,2,-2.567839909944772,-3.9523826867066516,-2.6312085510381475,-0.08994795676714995,0.3226478129545068,1.1679264339435953,-2.1369920424464888
9c15ab39-2b2b-4eb1-a93d-4dd3b9711fc6_321-25,2,-7.820361646420158,-8.603748104580717,0.4657217757416532,-2.8756280742271008,1.46824956737822,2.631271712967128,-0.36327215620987385
570fc280-231c-4a3e-99c2-12eefed1c122_925-58,0,-0.43727670617654457,-8.69564231158856,-2.964481954615632,0.7224181564106853,0.9664183226347538,-0.7848964425680103,0.9203558188552419
f3c557d2-1170-4979-9a70-96d9b51fa987_228-25,4,-5.0229298126698225,-4.233349898333644,0.5321186482503206,-1.4276489126197616,-0.05292796823794485,0.0640259439289439,-1.178801742234162
38a66acf-33c8-4ed5-b814-7322087b2e21_2113-44,4,-2.6473034292095767,-5.3253976585268985,0.32213844683718307,1.0034263659545983,-3.0344455345341874,-4.463814787837527,-0.8845618736485343
f1b5ae1e-742c-4802-9e61-ff8aae83e12e_459-05,3,-9.591135518456912,-17.036655468016107,1.526345520482736,5.2267535636754685,-2.2524233496599204,-2.1385017457648026,0.7171293039086255
f5bdefb3-f57c-4270-bf31-7939ecd45c86_1324-59,1,-0.36994687844753193,-19.429238718107804,-3.62404742548645,-0.31730037441365155,-0.06384680702174125,-6.238953769764366,-1.5863410606444834
3ab744ba-9969-452c-a825-38affebd4139_13-22,4,-2.2674549736519545,-4.072796325443996,3.2890048147107915,-0.33554759141656787,-7.43247597915218,-1.0465847458840338,3.9290811512740946
1e9da62e-72ae-48d2-8b6e-00a5283d213f_1077-48,1,-2.9313161791751243,-2.379418919248642,-1.0731998852764635,-5.049270545047261,-7.368001518123606,-9.889941697333578,8.206382389198607
072623e8-1889-4580-8175-ddc05a3dceb3_11-40,3,-0.04392497551737118,-14.851073752584671,0.6720223238278442,-1.4242125398269514,-1.2958146029134732,-0.48692380648352707,-2.0048426109047135
6ef5aab3-db5f-4fdb-9c39-b37bd497e7d8_638-66,0,-1.6892623446024397,-1.0326014844896898,1.090597150814073,0.5823950167064182,1.2027621120430536,3.6108694338374434,-2.80888167513662
1bfe3bec-79fd-4b1b-8738-4d313f3f79b9_47-86,4,-3.1350402168309324,-11.994040695485468,0.5562379935645074,-1.6922545717742525,-0.5610601348583357,-1.8985058841898637,-0.034209073584648086
a2f25985-0589-42ca-af57-58930079dfb9_1082-02,0,0.1785117865125696,-10.52457922067493,1.617757485935682,6.940910910943279,0.1826477174696411,5.614223168794647,-1.815699053019751
4209376c-04be-47f0-b905-835fedde4cd0_5602-77,4,1.7685451814722981,-8.72310185577706,1.9454433540735856,-0.7158387585153704,-0.006954261264870948,-1.943165184957869,0.4113737418020966
f00ec54c-9ed4-4a23-9cd7-f8728cb9d6c7_1322-65,2,0.22613669962091865,-3.581040754374411,-2.4853838163513133,-1.3485801475589452,-0.23437646820910446,-4.054129152005548,-2.0668899095542486
1acd2d5c-b0d4-4ec5-a54c-6a9c84cb11f6_273-21,4,-7.415167961336607,4.968182625993149,3.5945210850719675,-8.061719535346148,3.199576822657642,-0.4218983156948477,1.2658204086012426
087e11d0-5984-4365-989d-7365294ddaec_1764-07,1,2.292877858584802,1.495530021076596,2.311055011119622,-10.8492105197309,-2.480615890345922,-1.219391509738288,-4.0039110443865615
330c1e0d-b71a-452e-8b68-fdb96fa8a6ca_1228-35,0,-3.0459145693343985,-1.0548341146810651,-4.035547306053846,2.495990265895637,1.9445656648329261,-0.916869418445504,5.137969865357219
a4c1f23e-702e-49a1-9600-0538e4e2e7db_2889-59,2,4.421026881001973,-13.944607004496298,-0.6596100966389644,-6.675828789639878,-0.8541538852498252,-3.848000907740227,0.9511892046718854
19493340-9a5c-406c-9943-712a4a4a073c_634-74,0,-1.2027133375228476,-10.67517569664668,-2.4681260766961897,-1.8565676143468055,-3.171166915659307,6.7714060198591515,-4.284997786419802
4756ab70-a3dc-4855-b015-70fd744ea8e8_82-91,2,-1.8227375444374416,1.7257302282132025,-2.8158517831927012,-3.4291931594678022,3.736294670695542,1.2189290726731032,-3.97741963184299
2a97736a-4fff-4753-84de-e6586a5603cc_2711-38,3,4.065952625590303,-7.316631160060085,0.5472822183687427,-3.3565067103024933,-1.2441986972635724,-1.0605409491770859,4.81236743324536
af215e0f-56c7-4356-9aad-a3a5fb7bbc4f_709-03,1,0.5097872365863172,-17.49535241000419,-3.964816738986277,-5.7131756121632105,-2.911001486812168,-5.046524451242444,0.6393333835634196
b1543ea3-e86b-4545-9195-f1bf83e02b41_4163-19,2,-0.9462208504475879,-8.300186602658316,-1.0459827929156262,1.449876474251694,-1.5775450693275332,-1.1672498348323894,-3.244839943262068
5dac9d4b-1ac8-468b-a51b-8b7e0dbe554b_1086-76,3,-2.8861543860951997,-8.424790758008557,2.3224363553805825,-0.08319131943492908,-1.7298961800076642,0.020064891326519785,-0.2799852293480276
b6ae365a-dd70-42c4-90d6-e0351778d991_416-05,1,3.7952866325666186,-0.05298397454804782,-3.317131432250193,-2.435630988486294,0.20824442301716098,-3.8650300259336556,-8.332875191360586
146a4b4b-96a5-4d8f-a5b1-78dbb6ee5edf_9999-80,3,2.3829345998235185,-14.661329082764016,0.8185856430609022,-1.8486649562525996,-2.1636205616998705,-1.839032015381731,-6.786806042422124
952d5295-06f4-4578-929b-4113e4ff9201_769-29,4,-9.343173652159201,4.4963175805208735,0.6264738893437869,-4.58427224421765,-6.87502754089554,-5.961139954351388,-0.4925123846637731
b264c17e-145a-4dd0-90c4-397d0f5b8057_51-64,1,-0.1494988024349484,3.103621622612242,-2.886297249858475,3.2004612803718033,-6.324470174722915,-5.563868892626735,2.340629848295433
d27c5c7e-db9c-48f4-bea5-9970078d352e_1635-43,0,1.6877686539100885,-14.451711882438499,-1.5701131247902813,-3.437401594182525,3.753767669496929,-4.99671127885785,-2.2948254204117386
5c172db2-eca2-4f9a-8963-b2111123fef2_81-63,3,1.7626891134780582,-2.8923599030804423,-0.9238564677948813,-2.1735877965308794,2.319685047809933,-4.177284661969252,-1.2640059601724543
fe827643-62c3-4cb9-b009-7ed43731c9bd_273-13,0,-7.401311411579654,-10.46360255158812,-0.46125661164021026,3.4512081114897324,-2.1430097873243232,2.9908646053168244,-1.3019135460026539
5cee04cd-4adb-4a12-a476-1ba1db44865c_1289-65,0,-4.030228436456181,-1.0772200658283282,0.09629748294393614,-3.004042197440074,2.2525687633469182,-2.2239366324342082,0.9703286674029703
cbc5c4fe-ed66-4525-a3d8-d691064db66b_527-23,2,-7.132451654842711,-5.425452784488914,5.059832432300647,0.774379970868007,-1.1240563253877354,-3.5780554512048113,1.9613592630168815
97ab9564-34c2-4272-97ec-8c4f2f76e117_1373-58,4,-5.806177537054541,-13.059321152865035,3.015290364731375,-4.225131742533613,-0.7925893945123819,7.63607648479737,-3.6984698531139184
10a848ed-f258-4930-abdd-1fd60b788abc_125-95,1,0.5772690839780108,-10.038490464554648,-2.3489790170478972,0.8497324822159311,4.107019192510973,3.328710037111144,-1.8245060051023014
750c5383-58f6-4063-8cc8-50691a68994d_870-14,3,-6.486807903398505,-2.834513587810236,2.2528095322620625,3.9011880415882927,-0.0555985940242672,-4.952103234162309,1.8772724563671457
596760c3-b1d6-453c-916c-ecbc30ab1c5d_1392-89,4,-1.4721118731856784,-22.007752637530537,0.6716620828957351,-4.913674564503408,4.435651529809164,-1.546584290899414,-4.27916344806652
b6d64c01-1462-4ebf-9eb5-44585cdd8ac4_2907-39,0,-3.4825376488659736,-1.5946474536112705,-1.179487178958932,5.653349593946016,3.2436478592408524,3.3158097659116432,-10.653577740743422
294c8827-a667-49a5-9e7e-9c910001ce54_101-30,0,4.574565013311425,-19.780593640749522,1.0945985574120458,-7.746620983879979,-1.7757488640435697,-8.20756716351562,-6.236808593225681
92153977-6016-4863-be78-c4af25a56a0f_1117-24,4,1.7167819442037326,-6.483514704359417,-2.9162666663714463,-2.695223897952754,-4.355984457348388,0.49427034223523014,1.838499150110924
5b0225e8-b81b-42fe-aa08-b0732b46c8bd_381-48,0,2.718702598625488,-3.4316187842050123,-2.6285924846196753,-4.600325425223193,5.074551984225107,4.463465261119791,-2.9569965120733794
cce59bcd-0ebc-463e-bbb1-094186a6ed8d_1562-00,1,-6.806242821888969,-11.41388902680048,-2.9833718589005316,6.010030739075988,-0.031740533683943785,-4.541786502255233,1.9500353819509482
5b329676-c4f5-49a7-9999-fa3884190b1e_91-50,2,-3.2135927964553916,-7.0580487050431,-4.201798856127183,-2.78947372262881,1.8747777205954717,-4.52955742893042,1.9552632450116385
6af6234f-abfe-48ac-9dde-399f25d9cb43_931-51,0,-4.808391695591499,-8.00631337728628,0.9403218192583912,-0.2397585890391285,-4.253769886661512,-8.35467172918843,-7.158978301232366
3f292ce2-fb0d-477e-b6b5-18c6ef38366e_889-07,0,-4.715138467051904,-3.8298378074445436,-2.496571648453222,1.5536191895310354,5.377278279474087,1.056140548409296,4.7798795353459
0e12d060-f93d-418a-a377-7f2467be9fed_363-39,4,-10.135135754650939,-3.6280628724188,0.6972490140538223,-0.6543705448702025,0.4196671099737861,1.3279735808262654,-0.7560158454086909
254029e5-fed4-40a7-bef1-12b9faff3202_1017-93,2,-7.776065296332342,-8.291925771910071,-3.0694255895240037,6.778431113373432,-1.9792544754864063,-3.884645469776582,2.666253845179058
0f82d425-f8be-4e69-8c59-0a1a2e980b20_554-09,3,-7.238878707882397,-1.3097549317002537,-0.6983595225251573,-0.4737808569982299,-1.3195916717476488,3.220556651283384,4.4517040093044455
d6f9d174-2d42-49e7-83e4-daa9e8b0aa25_1389-10,4,-4.626688899242572,-2.9044376662239535,0.061906928135299744,0.9066524525392515,0.6220934195515286,-6.339903782970406,2.7416686107267
8e605fdf-a4f1-4393-975a-f332ab6b5f79_167-81,0,3.556212115875138,-11.552052611715975,-0.948569725877035,-2.3501063989053605,4.942108124874459,1.554378267084023,-1.6782323315385634
1a7b9b5d-499a-454e-aaee-3758718fb5f2_817-59,4,-2.7008346529950433,-7.019014142341618,-0.17090314337708534,-0.40932355477902427,-0.7462906108508276,-7.2261074699442895,-1.4650020229878147
7b5fafdb-136a-4722-84a4-cffb213a224a_2353-21,4,-2.6489400888369166,-8.127574310559725,0.9908050742448413,-1.098169859042759,0.6592464556610413,-8.112898429176383,-6.585813490156433
b9b65293-fec8-494e-81e7-c4496aafba6f_2296-78,3,-6.0281044836805835,0.18395199910387916,-3.740848499330492,1.978360203000332,-0.7275079924946132,-7.0410187333936305,-0.914587221158006
3a9a814d-222f-4712-97b4-a71d9f8b5a4a_288-34,2,0.44992507690921646,-5.732654507688334,-2.2918957492383063,-4.243219136047109,-3.6022418136098255,-2.7002679523672732,2.560308975378678
d7480d27-f607-4a5a-8c31-9d299f70a4b8_3616-43,3,2.954082896211048,-6.8149736092414095,-10.822694455581853,-6.368749969440699,3.404041950215833,3.7126690777194176,6.0757114314744785
64ec6de1-0e86-49de-889c-4a0fdcba6658_808-22,3,-4.788512821268935,-4.652611702763097,-1.3026764014245065,1.5010459432358076,-1.776522487893714,-3.1015046809071327,0.8003340742236722
e6f1accd-e18d-43ec-b854-e7633b15cbf7_1189-37,3,-0.5619350524102795,1.8945590460031534,-4.7663350993044915,1.6340576237236628,1.9745820858690564,-6.725407946554449,-4.00192665158451
7a33ca42-9a39-4d59-ba82-c9667c250f48_2200-51,4,-2.785679198552873,-9.984512014995016,3.197571910634373,4.8445086013330005,-2.4769860939433275,-0.17933073032190716,2.1766966909361294
fdfa65a5-9d90-4d27-8667-cd2c511614e3_513-55,0,4.589752411971112,-9.15933168986431,1.5051139708277637,-0.16983471894694557,-4.325964650486386,-3.647632385845836,-0.3530194558456341
4f549225-e82e-4294-9379-4891e47725c7_1121-97,0,-3.3500955250285487,-9.263692323223989,-1.3282162539924842,-3.6717822284490564,5.031708554254528,-0.6755942145845182,3.9493788357747945
944aacb0-f596-460d-b5a6-9ae05df1d430_3858-37,1,-0.20206928881638664,-15.237347747968933,-2.380588644445778,-2.515872600838053,1.9483505907854681,-0.3913563942208138,-2.0563209782726988
56da7a14-f3fe-4dd9-9acb-92917603f42c_521-16,3,-5.0633319134621075,-2.234210683267105,-1.8734510373673503,0.8887185858080254,1.3467717231764904,1.3505994621935975,3.197720381851645
307b1878-875f-4703-bfe9-32d11d20853f_32-44,1,3.078357902776932,-29.63819231337602,-1.7094354922265267,-3.252200921976978,1.885422558678243,3.733864694505391,-1.7922936344438944
60209262-ab8e-4214-a8dd-4764a9a4b26d_842-54,1,-0.5834225439762173,-2.949770327797226,-0.17817455097519186,-2.1523812360608825,0.4376017331376425,-4.472084102696167,-3.4253808034577844
428a80ce-ccc8-46e3-9cbb-419d224f148a_1420-33,3,-7.964508611691527,1.5071112724881974,-0.18600215641994255,1.0187141713951546,0.4121606446639949,-5.693393036795187,0.8289114593666016
eb2c9739-dba0-479c-81b7-9dda51c4ac20_249-20,4,-11.643432957479062,-1.0292627584927718,3.395839245389668,1.5908890775287032,3.495237303058971,-2.015273674264667,-0.5012438804405515
17be1d0a-f213-4126-ab6e-08e5c8ee5b93_70-40,0,-4.948880429836876,-10.120759135434376,2.509430456635132,1.6336704866250338,-1.204119876896242,-3.862849552913242,-2.138300662296041
110f9870-6b6c-4a20-a3c8-8c2e29c53bb7_1388-88,1,-3.036908305885145,-0.17967455725513837,-0.468557215245352,-3.3672988264848525,-3.7027910772843033,0.38649546199760687,-0.789999459514912
98439a73-2aa4-4071-bee3-00973a58a70d_291-10,4,-5.971262826728411,-6.5241246508860105,-1.4004953028956288,-0.9090012995836095,2.2298832015217807,-4.503764527847581,1.0717744124310211
989f3c2c-edd2-4f30-9925-56771e2bf7cc_6090-07,3,0.9864084985582651,-3.676406252510186,1.8423400951197393,-6.155730294739773,-3.3679650899084215,-2.058176270969226,2.291865075092833
b9de7a2c-d02e-4d66-9556-381f0b7ca51a_3961-43,4,0.6849465010259945,-3.2794987303563863,0.9038924429238406,0.4880385355822855,-3.79761827479559,-5.171405576761127,1.2341730666468813
db00f224-0dba-4c50-975a-178e0e1033fe_290-41,2,3.4659010848214544,-14.305500556010477,-4.867670286181403,-3.5657398422128512,-0.2310237272779116,-1.5642217215477876,-1.1995310458943194
de37a11d-1dcd-4f5b-9054-155093b3a073_1242-75,1,-0.10652716083640601,-7.028344602015473,-1.3702246249766388,-1.8179602323237325,4.79330083545384,4.864756021933745,-2.188806724810063
ecdc4071-1903-4024-a357-d0082720168e_125-53,0,0.14484504473076987,-0.6052746543149299,-3.0857797702004364,-1.539060836905832,6.41343348346233,-3.395252514036371,3.3077787135854697
fa35a547-13b5-4355-873c-322c1860349a_128-66,0,-2.8359766583474917,-3.7771049113494675,1.8522913351595003,-0.9822474406534834,-0.5580485122860346,-0.9491957861037024,-4.057836382059053
d3f76c88-5996-4da0-8b8f-6c1b8f85a4d8_9209-81,4,-2.196932478893098,-17.313761986960827,-0.15720890167617485,-5.22874346713025,0.8377174216769903,-1.2763620713564547,1.4404878532660923
ba078478-13a5-4e7f-8ee4-61620f84cb7a_2830-69,3,-2.774759460248257,-16.579505580702197,-6.468294396533027,-0.4787804538958361,0.42707999558351933,-1.6555734836175469,-1.1801229020208692
6ac035af-4851-4afb-af6c-c00edb7bdbe6_801-00,3,-1.0731757383292286,-11.872085180899973,-3.1007208175976224,1.6534462673826398,2.5342040871645435,-2.720795630905995,-0.4467902106414543
68150eb1-47cd-4617-953a-0afdf67b2adb_2839-25,4,-6.368364418771696,-17.26207755367875,-2.178286240347729,4.819908282161329,-0.7608196568627679,-6.9126926217804385,-8.219153355490338
ce121331-6a77-44c0-9c0d-8d6b21f73b24_67-61,0,-5.281370747999198,-3.436133206005474,-0.5014095208206918,0.5328978010629599,-3.4878053601690278,-2.4062171241012233,-1.941152929146255
9848e52e-e6f3-4190-9c42-f85cd9847e10_807-44,1,-0.27817167132536214,-8.904317596641047,-0.897835863510286,3.582500964604907,-3.4877155460384617,-0.4226256519853462,-2.2334804847869787
933a8f93-2881-458d-93ec-8c072f2a1474_2356-83,3,-6.963458282090833,-6.710109555991715,-2.50054012586818,1.1910154481367567,-0.854237563779212,3.644404693595095,0.4830590669573074
d74c95ba-e072-44f8-bb2f-2631379af06d_1057-19,2,-1.230072706199002,-16.48912374494136,-0.11656623230495922,2.558695321899221,-1.9709550473751754,-5.562770987033919,0.8694295795924226
94734a4a-4fb2-4d45-a47f-9d3d0ad70071_1049-90,1,-0.09198361427196344,-5.667628350432085,3.7325770053367426,-4.122304445153848,-4.4365391955628635,-2.0426624109520612,0.5918701201192367
6aa13fb1-5440-424e-a021-06a2da215e63_273-88,3,-2.6243216080893825,-4.2493728940410405,-0.24117327401561228,-0.4865903398319792,-4.106549182081085,0.2621498034931795,-3.108061648700585
ca1773b8-ec8e-4f61-8e8f-7e4211830793_835-99,3,2.3545312687208027,-1.0813257083135133,-3.1141868316283774,1.1159398873037945,3.6258058538652707,4.122559922830569,-2.4463896368513884
a6ae81d6-f014-4902-bae6-b06373b31c55_153-41,0,0.4194974275283152,0.003082293186440488,4.082532053462891,2.3689138487361925,-2.0734400542275457,2.5313334868175037,3.367093563378292
932dfe2f-0cf1-4b76-b41a-4ca03f6945e5_1575-94,4,-6.7764863470782455,9.205928072149153,-0.7321101467118591,2.3855505500946217,0.17034753400716832,0.004360384196003153,-2.4462804984707702
caa17bb0-2b04-49b0-8ccc-38b2803a3b1f_26-31,0,3.4590163269120127,-6.572640571983732,-4.266983151732887,-3.9319887936809934,-3.5360113281269623,0.6997800564288961,-0.24019677260670602
168f91fd-53c2-4eee-9d2d-e25e1ad73438_99-46,2,2.8057545075626154,-5.842808186479944,-3.6251475692597843,1.210581409125692,-3.035038250695423,-5.500239568411901,-0.15845777382872728
01f9f9d6-2871-4913-99ea-8ffb7780fc8d_1491-41,4,-3.806155805868156,-6.40665615832127,3.710664320557907,0.5271674015985991,3.994537921322675,-7.088323731410192,-3.0872659062643306
cfa58f86-6a63-46fc-8510-6a8d517f933b_689-38,2,-2.8983350967438364,-13.411362981746874,3.730216353841784,1.8925877160901479,0.024008667169742412,3.957827697210411,-2.3334262470643417
470499d1-e015-4d45-a858-ca3e9566085e_961-34,4,-10.705047552050928,-4.35550137661126,-1.5953993418981502,0.2927882555404463,-0.465115918113729,2.0657049990668908,-1.5815804858757312
53bab63b-b6fa-494c-9dc7-c3fe61f234de_999-56,4,-2.206714547090056,-5.740627646019395,0.632687962987307,1.075557982769138,4.062562894836405,-7.7810453105893735,-1.5519502864943238
7f296d37-a819-408f-aa34-80b63a40f01e_28-00,4,5.941826116667073,-12.262164816500674,-3.6093392543736478,-1.5422975884019205,1.324598542051934,-1.6701777754285567,-3.1597828880087855
17be1d0a-f213-4126-ab6e-08e5c8ee5b93_4479-70,0,-2.2139865615985994,-10.932083275504173,-0.41666699049882105,-1.6801134784215146,0.670842929066567,-0.5573303588855383,-0.322879275651321
ca03dcd8-9e87-4da5-9f9d-eac37ed6e9fd_320-42,1,-6.645062861631127,-3.521054893043152,-0.8371636143374078,1.7040638581809673,1.8619651401010704,1.0613626583449727,0.9565243898034346
39a53568-d759-4f19-ac19-bc4ba29b5c17_726-07,2,5.13584861480229,-8.316090279992777,-10.442949382413762,2.164168592242439,1.8353603550251418,-1.3419952584100172,4.635806718439598
5cf98bc1-012f-482d-86ee-9337d8747dce_1374-50,2,-2.9011075564165942,-10.315211083117099,-0.19401102395284053,-1.027373608724413,-1.1597395824553387,1.8021771058011815,0.17769205363990748
b5c5d054-4cc3-4e54-b283-6845ca022eb8_0-00,4,-1.8760954930662241,1.1010938528973897,1.255685835877042,2.2828748378023205,4.64383876639137,-0.2641996858143427,-2.029671738592282
7c1c5dca-5856-4997-8cda-9fa3bca10a3b_2494-15,1,0.40393342350843153,-8.087511298134848,-3.861527090323812,-5.094819679743127,1.344203974276936,-0.07742344690072889,-5.6419724395038715
5e97e33c-b3ca-48b2-9e7e-069fe39199fb_1921-41,2,-9.196339141350968,-8.703140742141317,-1.9730674266253871,6.095145893868321,-0.9824212321125372,-2.182558421745374,0.6777760110011818
d1952343-6eaf-4317-ae19-6b48b292ad24_877-17,2,-4.95161526214191,-8.420730146378851,-0.16993971518000106,-4.267872492931731,-2.022178474034349,1.642326585870765,-2.4763350648625377
817170ad-1f3b-44b1-9772-fe914fa17f30_1211-20,1,1.7721998224493556,-8.371009736082346,-4.467696420586379,-3.120363002661955,2.6130584887319332,2.1068578100165465,3.1301983013677175
963b09ff-1da2-4168-bed2-fe1d2531dd98_1393-91,3,3.0894696927881933,-8.809633570714839,-5.425879059190985,-1.4638777501358642,-2.755423058555943,-6.737834090439935,-1.7174926102539085
087e11d0-5984-4365-989d-7365294ddaec_5378-93,1,-2.5998725961916485,9.660503915194486,6.307124787033684,-0.7908092319669886,-2.569418604731784,-6.876563663383797,-2.3699936518150277
668962c9-ecae-4b8f-bdc1-a6aeab093d88_811-44,0,-6.674552401632267,-8.880492895354905,-5.031856159516075,-3.208844890291317,8.624330049758107,-4.078320323433681,-2.0482763246495814
f5bdefb3-f57c-4270-bf31-7939ecd45c86_2347-29,1,-3.3252412272216114,-9.136244560348132,1.0774887283218906,-5.221684837684931,0.4274458281225244,-5.773663363955297,-6.8320360642906195
15f1a422-327d-4dab-b14d-7003544c5817_1292-11,1,-6.506597028257525,-12.198338728201286,-0.47918684409389634,1.477402240062443,2.3304409109889836,5.740911929220131,-5.600624557848759
bdeb0df9-2983-41bb-ba27-c431d9ef3163_1772-82,1,-1.1112713175722237,-5.553574268498916,-0.01647448873830404,4.694423017888832,-0.09770111270311152,-3.2425719716557997,-1.449146826457351
7acd59a8-ed64-4a99-a469-3d5529a4098a_270-66,4,-1.688256738429585,-7.703841079227956,2.1517106461754496,-5.770690369177932,-0.18308737142043927,-12.055326616321917,-4.104262174071902
98fcbc28-9542-4f3c-9a03-73af08fb989d_1376-40,2,-4.293162949966687,-3.374095175948709,0.5183501145276164,0.23782691157984126,3.470036443974007,-6.151769669511188,1.9215082932645964
083b7556-9dff-40e2-9fad-bef3f82dbf37_1003-31,2,0.30566513829691755,-8.839310599809998,-2.080582798986348,-2.52934504384558,-0.16781391502821513,0.4971090722050606,-2.9397866733706675
25ade38d-3e6b-4aa1-851d-7fbf791201c0_887-41,0,-4.933862886077296,0.3808761543842021,0.5680705713789508,2.5876171973639233,-1.0802336646605843,-12.231514674120618,0.26418881305842823
7a680a9a-dd7b-467a-a724-a597f1be9f06_2545-86,4,-6.306583904052594,-7.71963085789425,0.47468107010185534,-12.48128384948161,-1.5618794041471618,-9.401541329824859,-5.836062377829909
4d63c029-fd1d-48f2-9f61-7246bb9ef6fc_2979-35,0,-0.047804899962000214,-12.60283087987068,-0.18251487312913028,-8.678438873854928,4.349031962268899,-3.8503742222179547,2.26280663650045
ea5bb387-a22a-4b49-8aa5-35cbf0d3563d_205-22,1,-0.49853336948504334,-6.7404281727868565,-0.6730451133905831,-0.3958634272189423,-0.6695548504686735,-1.0045895775313762,-3.254543370792554
ae59dda2-8aa0-40e1-bd48-af368ea8e149_1585-64,2,-3.988507595129528,-20.84462126237455,-2.78056445085888,1.8593377391767238,2.5501385386878703,0.91871725960294,0.0644725239444538
9148ceed-6983-4303-a560-2cbde805ee85_493-46,3,3.53228771910102,-3.9349108383289417,5.371933310229101,-2.984665730767689,-4.550657745803512,-8.46652100972585,1.4185959739213623
ec85a806-d47f-4555-8c4c-20f59927e580_909-71,3,-3.806462833475493,-13.452145282389179,4.353237248086764,-8.324586380835374,6.573773193203756,3.9798785969602335,-6.197439133224055
0f574f9b-00bc-479d-894b-9e7c999fe13a_303-78,0,0.6041581221120746,-3.2998672227196986,4.164370018999505,-0.9870218783865286,-1.079084827867143,-5.703970907896363,-0.8540181263258082
444a032d-faef-447e-a5dd-c3c8386672b6_215-22,4,3.8538114390684135,-5.726618235267893,-2.964047712870709,-4.755582175161096,3.163018735570834,-4.476261752608808,-2.6138512785973935
89d8c9c5-fa11-4674-b08f-007f81958555_252-29,4,-7.758456969690593,-10.99445875157922,-1.6273094044821672,-6.563699557186468,5.0865409458026365,-0.016166261485845546,3.410461043342309
4469a684-b4f9-4b50-a26f-2943f477a420_980-96,4,-8.481224645104813,-5.959497908729317,0.9650647095374634,5.796458273975412,1.8888917076406697,-8.238993593122597,2.120795143306924
ffa4f27f-4e66-4b8c-ba6a-9a94f3491eb6_1093-00,1,-4.356478641148427,-5.785887078653033,3.4991957563013782,4.985388698980271,1.5800651115702897,-7.165590482879457,0.8576661212995773
2ac8acbc-9ea4-4bed-bbc2-aa53cc5f098a_1105-87,1,9.471625015334382,-5.512137000016356,-4.489659073519992,-6.307101941602676,-2.197234206362062,9.09524329021207,1.2107332442493963
a2f25985-0589-42ca-af57-58930079dfb9_1096-32,0,-1.3686488418889131,-7.631573946567734,2.13830959579862,3.0281412535262646,-4.272700665883772,4.062565917000717,-3.084376578423287
20525d50-586a-4792-bfdb-fd941ee64ea9_89-29,0,-7.144773645496066,1.5803644661583656,2.621265300501412,4.419451388778899,-4.227188813918062,-7.603929609479099,3.5004640296938394
6ac035af-4851-4afb-af6c-c00edb7bdbe6_768-70,3,-2.682682983306454,-8.88400509806053,1.9002042495915288,0.5897652395175527,-4.298579533293815,-10.95822873422556,4.969289184136933
32c34069-0111-4d89-9e55-1c68f18705ad_8758-17,1,-1.2363986059052352,-6.337914543052955,-1.887911121239787,0.44118780406076796,-3.0276328114299793,-1.58439427313604,4.1064878724525675
afd5c197-7b14-4e21-ac56-d23b6a5543d0_1411-24,0,0.7747604939401538,-1.7795893825033762,-1.364004507391697,2.2431628643281476,-3.5580946178171224,-8.362560848957257,0.2782285165445548
526675a3-acea-4d5b-b5c9-ccb1b89f6e58_421-44,2,0.6128376413978989,3.053547434529098,-4.531040107599988,-6.121409753215987,-2.507665686391706,-6.29449933934371,-2.234961592345956
7665b96d-1a30-435b-9679-e7defed426e6_99-13,4,3.084282924981389,-3.1186873687846424,-6.0843570724354965,-2.913526166059584,0.6115180309834143,2.2437877530146233,-5.859437766644699
e6b7692d-5e35-4524-8d2a-385475b95806_3085-37,0,-2.8923794998534613,8.657334316507033,4.428555115972551,-4.52199832446475,1.7007205333314406,-6.68525257362427,3.2587414516051894
e6f1accd-e18d-43ec-b854-e7633b15cbf7_1189-42,3,0.8819646715513401,-2.104825081866527,-7.058474515113684,2.0813093702585133,-0.6515992798368758,-3.7970885897219553,-1.7721578752024476
4cd086c9-e7d4-4cb9-bdfe-9e55830cf52e_3435-93,2,-3.750515815563487,-3.0273237451037436,-1.3537235563118972,-1.2475353275557692,5.439585433180374,3.464597600632562,0.8401254647885555
3dd00666-a34d-4b45-bb4c-7a4c2342e475_1264-75,0,-5.567219094663159,-1.031129233497091,-1.609803720428224,1.2134060199359886,2.5475682300036477,-1.0540186036951462,2.213976184547904
9b8a4b28-b831-417b-83dd-deb7890908c0_1561-56,3,-3.3702662340424823,-5.686778508962069,2.087024335024527,-0.6296626862055713,0.2755104794334355,1.1046619805589009,-3.8984016396660053
c0eea386-412b-4127-a2d3-352322a0038c_1313-16,3,-11.11893522183972,-8.720154642415398,3.469344485183288,-6.880840639226934,-3.138443254662699,-9.14054280532892,-6.056057165514931
b6474db0-090c-40df-8d65-0a52dd0578cc_984-29,0,-2.1361785020936876,1.2177564010935749,4.191598958896878,-3.7783950422444903,-5.853840689646276,-1.259976370710622,-2.2093794245132656
2b012751-2e50-4acb-b645-c864930e92c8_1119-28,2,-3.84095465537718,-8.478444776089878,-0.0446713091534654,0.15283976312876302,-0.9973622848694927,-5.402321415157377,-3.2433462639808615
348180aa-c90b-463a-8b3f-0743469a8b59_3591-71,3,-1.0053519819492205,-3.941364365654339,0.5672142674168783,-4.92584169688703,5.039587736263123,1.408897188653909,-4.879568437932587
6e330145-3fe9-44f7-8f84-801717da9ea2_766-46,2,-8.769632274969423,-5.784249031591758,-3.180298941389517,8.219544752538265,-2.1120426475948766,-2.2811888342264934,9.77603682978857
67a8114b-7f37-443d-8beb-64886095f935_797-83,1,-0.9676535672724114,-10.682962935344008,-2.786072864654658,-2.483314322513159,6.610655486371937,-4.5635874809044825,-1.0607786862322948
cb1f1ddf-f4f6-4b0e-ab73-0285729ba790_40-06,2,-1.002924310866869,-15.22298196340704,-1.507470980536023,-5.679140189025877,5.785409660978895,-2.998191007232836,1.4167110245015917
c79e05d5-eaf6-4323-a707-744020743037_763-82,3,0.8383632034142405,0.8408024968946757,-3.4974246796516906,2.5229946958111413,-0.2601325971463904,-7.5741631570394645,1.3423049081221878
3178c414-453e-44e9-b192-67dba2ccc982_1088-81,1,-10.141073062012456,-4.219216739750509,0.33179011339543074,4.152977273363749,3.6662117081680146,1.7482894192310696,5.00472853618101
5cf98bc1-012f-482d-86ee-9337d8747dce_2305-61,2,0.18372265211212135,-9.392417783415603,-3.6498685860842084,2.1234179978380388,0.950272345848822,0.7808526489107672,0.37378691591332147
ba44d0ee-9aba-4d05-8d1b-1eac7346f479_1433-66,3,-5.262347569271044,3.7778599334516256,-5.635225658504403,-0.6277145254190156,3.846708065997349,-5.021007369706292,5.66792509619278
d1c7b7ec-506e-4c02-b008-8b5aaaf442d7_847-39,0,-6.343825967850439,-3.3602149540081863,7.547725954328961,-9.83627356604335,-1.2108595710993593,-7.6923500933602895,0.42158589060264773
500be78a-0a13-44c5-8bc6-bafaa9b94354_17-35,1,2.1433492798337133,-3.909370120714157,2.8436157495243877,-0.9634500485080824,-3.3280148057170655,-5.641449933528154,-6.105119102012509
706de1df-babc-4e54-a310-1d9070140197_195-59,2,-4.46562529178068,1.188615428183427,-0.9254901262927702,0.0775275397064803,1.5397818228030649,0.7741566757697109,-2.730377539191715
79c62f24-488e-4a69-8220-3b20cb4bf72b_4957-40,2,-1.7572184065341723,-12.014399247430356,-4.077771910913811,-3.9617280153245753,3.8272510143439997,-2.5484019105637774,5.126832954429645
343f8d57-6331-40f3-823c-2aee4d5cc10f_1162-80,0,0.8201360193944072,-9.001997547169037,-2.316303887178211,1.0353154280399155,-0.04359492453474108,0.6763935659592721,-2.509799175579367
824e7896-904a-4ff5-b7ee-e21df21918c2_2003-17,2,-1.581402349752248,-3.2487006146473645,-6.363259839159626,-8.612337085081542,2.1648031520296454,-10.117939859167953,0.7045248358788697
be82ebf1-5feb-4c1b-a71a-f668e3a17726_27-55,0,-6.769047266869073,-4.991714276232891,-0.9281640388156124,2.6635087354889304,-4.393165333990992,-3.3970248661891116,8.994253298985202
0d572bb4-543a-4fa2-afce-876f854a559a_484-84,4,-8.267316664946211,-2.440334466054339,-1.239457074569775,2.41026309356581,1.697825602664334,-6.159263230611243,2.399154436879626
3b342c9c-eb30-4cc6-8ced-53c4fb7b3a8d_783-98,2,-6.931810499112418,-2.5793509357781894,-0.5681912778463041,-1.729278860378641,-0.6054151060376571,-3.4695574041287065,3.048897886150128
c93e077c-9f51-449c-b130-8be107c8a7d5_199-82,4,4.5234932865486215,-7.644452406281064,3.3701964936146664,-8.417727989068972,6.545159442309151,4.379544776872941,-6.1532468082593885
7f5ed6e1-aca1-40d5-87c6-d156c5f02263_213-34,4,-2.5515015936958263,-6.077243213283682,-1.605162549201493,2.2652973752825556,1.9500855507569361,-0.2275280329522742,-2.354908092523055
8f05300f-1200-4c18-937b-b8e23dc92505_261-93,3,-1.6376529699749278,-10.99981139402481,-0.3852361710462735,0.3309626068202286,3.0899355910054322,-9.645226762752056,0.9676252976050324
77cdd8dd-402b-45d7-a16c-a16520c737e3_1834-33,2,-0.6045682539735127,-11.529940923353092,-3.8831744385525644,1.230801165385801,0.25199620149432406,-1.4260721389134288,-2.538253142133651
3a718f0f-a85e-4461-b5bc-94c5a8d300a8_648-56,2,-10.637026328745382,1.5585833871254478,-4.04443019634821,7.479968665210545,-0.10441262789266888,-1.0652435352759522,1.6394353243596096
dc16fb2a-7caf-41f4-b2a3-d2ff8cd38255_65-68,1,-3.6861284806918126,-6.876802612460241,-3.483356007296376,-5.885957755927434,-1.2892398642700553,8.158033600381481,2.3728954037984273
c7e8af35-608f-4d18-b752-2f3140f5fcc4_772-15,2,2.9154418911695945,-9.452384992547758,3.257855622179812,-0.8984788558543402,-0.9030277518037741,-0.8651096567497207,0.8814688238312897
5ead8e7c-2600-44b1-afd6-b82cb5f7b9ce_3241-48,2,-3.2322379127774132,-14.871402123361602,-2.123784386178987,-3.1227352452295287,2.692872280316299,-0.5368633259811304,-0.2271183838953662
8774b5c6-83aa-43b0-8a51-00f173949944_3529-30,1,-4.775584606357621,4.6868543734489245,7.325647739411323,-2.8825958136299783,-1.7084934586101572,-12.752895084350351,-1.9004207596037215
49b14463-2172-4b0e-ad13-fdf9383e9a77_284-00,1,-4.228650509540032,-8.020317547791656,-2.3900924948444615,-2.4269952231442296,-2.4314167204440795,-6.398779531889252,-0.49241050069293135
f22115b5-b9be-4e30-8576-7c1fcecec480_12-52,0,-1.9025028889274722,-18.367609625334445,-5.953727122053491,-11.759687249629017,13.156819683093234,0.9568087884456309,3.6110460778366678
803d0524-47c8-45fe-a5d1-c6a71e2cd54b_786-81,1,1.8724631816044697,-8.869737192846257,1.704439911971436,-5.5845773255406375,0.8488338207664983,-3.0588936678423377,-3.9532816435320273
fc201765-9b2e-4bb3-8ca0-84bd1732fd40_335-09,4,4.845612503357156,-10.454648685558764,-2.9984120973019284,-5.125540157110426,5.669374144073799,-2.401744997406298,-1.7441311422785446
d6491872-31a0-4015-b9e1-ae992406f849_51-07,2,-2.101978924009617,-16.7025746173,1.1014662677985718,-0.2218211489066615,-1.720341221512061,-1.5440527514818436,1.4228195930709533
d10798c3-6b79-4c0d-aafd-8daad36c51db_44-79,1,4.616665363887406,-2.0066416781791023,-0.3857254314771622,-1.4652438977371491,-2.5696744753961767,-3.3664815403374493,-2.976536523720541
10c73f89-cc7d-4d43-b1df-b56703de1b24_711-97,2,-4.005104726805358,0.5698529159008086,-3.620466167916912,-6.799904842226784,1.8515863515924553,-0.010409595365364233,-1.3881295415879484
a3f1b2f3-0735-4c65-b66e-5c397f3126c7_276-64,4,-1.8307616850874755,-6.574174645766359,-2.7749884315689624,2.334920264480001,-0.5472794524565141,-1.6840575062822611,1.1045484369346863
508cf068-6523-4368-a6b1-76ba538f1fc9_1359-08,0,-7.832723088745141,-0.8168191837430872,-2.1088762697424372,5.769250329531282,0.06724692623599386,-4.481465533682172,0.12445436568083079
59976b3b-2328-47f2-a7b3-6f982497ed65_622-81,2,1.477379597930333,-20.141162031618357,-2.4337444569392916,0.8042967687082707,4.142696984301792,-2.763616702286501,0.21537336240128224
f17f0d96-4d93-4e4b-83c5-fddfbc581bb3_963-95,4,-6.648215446424343,-3.0026203568520433,1.10609661663959,-2.098944407549027,0.10120586711530913,-0.728236057643938,-2.360252451861025
bb2297d3-91b7-4ec4-b39b-cc64694929db_412-95,2,1.448634282573247,-4.882350017592202,0.007362939118072065,-1.1627621406684843,-1.364988309950785,-4.522216735785055,-2.519505246766358
a13a145f-920a-44ec-8aef-b489c097f4a7_171-91,0,-3.7203956216071403,-5.32165179872617,3.568749354653023,0.29101635209936716,-1.9668376382571493,0.3452813880086276,4.37107273463897
18a3840b-7463-43c4-9aa9-b1d8e486fa84_2172-38,1,-2.082969762222648,-3.185208465414653,-2.9136871457116946,-1.1536615711938465,5.968074992342985,-3.3117479935825673,-3.1221933322240147
1309c412-1d3b-449a-95d7-853616686f89_980-21,0,-4.153662686815131,-4.2020103083683455,-0.8883933258098394,1.9829195699535276,-0.05225500622238384,-2.1612235162876026,2.223536258068682
2ec3c123-0a04-46d7-97d5-8b85b5e6d06f_1372-45,4,-2.1793484565485626,-4.055433916471639,-1.6206512457046083,-4.205977004409445,-2.877048118187379,0.12552465354934395,-1.304132643392036
2e04b2bb-e5d3-4f66-a16e-f7756e14e749_392-62,2,0.9176611644006931,8.74759723483323,3.2259182666388435,-4.09739297984257,-4.585236325791964,4.33766738395296,-0.06901961527816669
744c58f8-9a76-40d4-838f-8c7676fcb316_139-70,4,3.966285259402381,-12.771692425239221,0.8500172191218578,-7.891860319852405,4.9866806395255505,-0.9473545926520286,-11.879589432455237
3df50de7-7ef7-4938-9cdb-fb2d07751084_666-85,1,-3.7619686343942798,2.364915350420838,3.386843760870957,2.7925207652848143,-1.6952467386795425,-5.548277660169031,-4.00252456083231
f488287d-ea74-4836-9ea4-e137ac6c8233_333-32,2,-4.325160526238766,-16.680369853480023,-4.656667582047846,-1.8126992267785385,5.004926921826,1.4405244524716783,1.1109176441440938
0dca9b08-f9c6-446f-8754-3c1312fa3274_101-78,3,-2.5103916687600973,-4.366754469557149,-2.5538052501768083,-0.041052938858249566,-2.7964163477472943,-7.76332314208385,4.388857788823856
786877d8-e353-4fae-b488-8d7443646882_1021-24,3,-4.205070370975087,-2.6718521508913335,3.240578904505919,-2.8509595810407067,1.2819894968778252,-0.2850919546511763,2.1179810226439866
8774b5c6-83aa-43b0-8a51-00f173949944_421-89,1,-1.4613031745053628,0.5608465557156039,0.8305197937031809,3.021729055741677,-1.029856872199543,-10.895305076378547,3.400739149690917
39208fca-0c54-48e9-b4f3-b4803bb67661_3315-32,4,-5.516335726707155,-8.969401007392353,-4.946417961074407,-2.2247949360655563,3.8472472796561585,-7.8070410099861105,1.800953105029601
48d7d009-425f-4d1a-a6a9-a4742bd0d9fe_2561-43,2,0.16182785137070188,-12.11828908006434,-3.493149906647404,-1.8572302923144783,0.4893030941862931,3.4604423467825294,0.6388088965983044
6a847d75-e20f-409d-8b91-77ada97d8fb9_1545-09,3,-3.5440681279117037,-16.033668029746668,-3.747721566272514,-5.948299248893411,3.5776644538721416,-3.5680373564017556,2.761931031418194
4bf46557-3c5a-4a89-840d-158403590c9f_1472-48,3,3.6240327097355776,-9.003532424050462,-3.420699454805258,-1.546287775942916,0.9178969697433402,2.05351760730795,-5.660991619258303
348f0f69-cd49-4c00-af91-f1765155e858_1127-21,1,2.2004919722398055,-14.790701170754666,-1.044966834152392,-3.6739133765902117,0.229606649949488,-2.6433699522358114,-4.504207195994604
3f712a5b-c1cf-4f2a-b0ab-ca0e2e4f0e3c_1166-83,2,1.9233021637303882,-16.042394672668653,-3.699368970858975,-2.2309870402701963,4.299801673635832,1.0379646787126493,-2.3828838291192906
6b7e79ad-68c1-4637-a2d1-d7b8f92ac8a4_166-07,3,-2.880803995550947,-10.48929437210164,2.53671767786996,1.104773515077095,-0.5119195326261717,-10.176447421386644,-0.32473521525185567
71d5f5dc-fff6-4352-b37c-a8e1ed3b39bd_541-68,2,-8.032576674881211,-2.160472195583888,-2.0219140452322213,-1.7706893108241069,2.3998159501958445,-1.5192148494098214,-0.76395694823484
09fe2f2d-7d90-4d7d-9dcd-baec4704f4cc_4409-86,0,-1.1171807849857527,-10.714245624171323,6.446607602230082,-2.3182443379570126,0.38946963867557455,-1.711031450975401,4.752201740423462
54a421d2-763e-4751-a6b4-54e3d6c46cc1_692-41,2,0.44681716349460987,-1.1338620505559858,6.910894952101484,-0.14387053140966932,1.2326184283543768,-12.05455722582871,-4.329767962174149
19f2ea20-5041-4be2-bdc9-714473f16236_2706-11,2,-1.6120536043012252,0.14356648384037118,-5.291461624111306,-4.168662942723279,2.0973830540670684,1.6971905026184801,1.5177798482961689
dced4894-d13a-4222-941b-5e4ecf1e3299_1046-91,0,-2.5830633757159833,-3.750520992421055,-1.6147531390868997,1.5259038940502305,0.5142343221627867,0.8447237631053028,1.4925193805941948
69f1101f-cb9e-4ad1-8fe6-ed840e5bcf9b_1263-46,0,3.608433546043019,2.038252189696329,-5.649778996273589,0.2923405734642761,4.447993357902058,-5.254007707274746,1.8872260443111182
968d25eb-ab49-4a12-8b53-c5d98b091353_1212-82,1,-0.11469938025334758,-12.557357173021547,-1.1543952621485207,-0.9990837484886614,-1.1822165521942094,-0.1017971785695777,0.605662194846335
0475a0b9-9445-4083-8c6a-42f0171ff3e4_1943-55,4,-3.6457725137630477,-5.301616778486855,-3.2995344384013463,-4.586356204905852,-2.1484302669074826,3.481411013338213,1.7960245802031622
e6e3919c-7c2e-491e-bde8-053715f0d851_466-43,4,1.4475973215511533,-10.368221661511793,-0.3231447663473599,1.4013995305332343,-0.08482794996793294,-9.832323466516122,0.003510523407119548
e402df54-0a64-424e-a7e6-3e68b18a761c_1064-59,4,2.418885842854143,-5.1911802468559145,-1.5251318948725192,5.108143394343003,2.848786231780623,-0.446382042812588,-3.2650806871186004
97bd40e4-be39-403d-b9ae-f7eb006c51e2_914-45,2,-0.8995176156119793,-0.172973292930501,2.9965395062421054,-2.2192409297920226,-2.3307020217872547,-7.41529782956244,0.974267551077561
d551e6e5-50b5-4eab-88df-f213e6509ea0_1428-48,3,-5.669687204902277,2.0764382935522496,1.674189251161601,-0.9360809848665742,-5.149258261012767,-6.4391152899031745,-3.617851606438993
2dbdd409-0be0-447c-8ae8-3f107fe9af80_1626-43,2,-2.2004061127003967,-4.528050935894587,0.9956335581591222,1.2353058576464488,-3.489341809589685,-0.18888746194867512,1.717205177490945
8b82316c-c293-49a7-b401-a3cc026ab1d0_3206-95,0,-0.8396794001318129,-7.152105894670469,-4.9960625767458495,-2.3423488453483,4.564286303174452,4.01608275793362,-7.012957715143141
5605bd9a-d151-4d5b-b0f6-cfc28ae6937e_2980-56,1,-2.82828210344379,-12.201997485602924,-4.480554783469836,-0.8798415687867682,3.056310017155679,-0.21149097175653386,-2.06441751541455
069c1058-881d-49da-b45d-b9f7e08fe932_1164-27,3,6.153492661010033,-9.874070926928168,-14.576792568052452,-3.5639943944316674,3.621350642076874,6.066772722819343,-3.837235264775371
bae603bd-dc3d-46a4-90b7-9c1e2bcd3970_966-87,0,-6.656177267816519,-14.685703715276766,-1.8021295079415856,2.320957518083432,5.695577161246392,-0.048246846796405896,-4.689192287215841
d752fc52-9592-4cb5-910b-d09bb39261fd_420-77,1,-1.5407209386821286,-17.423998390267382,0.4646956451496099,-1.8230154770775298,1.624482822216376,-1.084209589834526,0.50968992725137
4ff2e551-1ccb-44ce-8b68-09666397f681_554-17,4,-3.2128010117649866,4.262422210671691,-0.31299021949759,-1.315373573415358,0.6167510617319905,-6.15802483960307,1.3422313624235944
cb87d2ca-dc4f-4e1c-a13f-a8fe7dc952e9_23-76,4,-5.724855017159294,-5.834103390580113,3.133147951789054,2.514887720594314,-5.34758814411611,-8.134632335193707,1.6150546779695525
fe827643-62c3-4cb9-b009-7ed43731c9bd_0-00,0,-4.776077015917739,-6.079696777203484,4.682556285685053,1.5297854232698016,1.384680623392723,0.7809583522983339,-6.165669895199619
eb5cb2b0-59e6-45da-af1b-ba86c7ab0b54_922-64,2,-2.2119913616800755,-1.713296971944274,-1.5950258160140482,3.9842868348158076,-0.9711405357716765,-1.9626103132251238,-0.48231618681355004
1a9a07d5-70ad-4e18-9740-66ea985a527b_945-60,2,-5.438389726889311,-8.438622307296079,0.8333271660357642,-6.527984471254224,-1.7418716670261154,9.70411988460798,-5.151171514212495
f77f437c-4e60-43ef-a5e1-ce3881409455_1543-97,0,-3.7777867154126445,-3.2976025345208826,1.2743043728614163,-0.15221083134372493,-3.0531803592934468,1.6589475095274915,-4.172537906084039
c7da3efd-4a18-458e-90fd-f757ed966a63_380-64,3,-1.902282435034764,-17.02270544782422,0.6907563579399589,-8.127521144990169,0.3251022899807389,7.179508710244275,-2.0780268055794924
62abef54-29ef-43ec-ba1d-43496d986e89_2257-41,4,-0.19594610376883326,-5.11908821337664,-0.5586214539126653,-1.0031372810360226,1.561453976832106,-6.827732565951552,0.16483707650675616
71504f29-61c1-49e5-8617-d0e71144c077_652-01,4,3.4797537585179987,-12.656584967317169,-0.7382773902855808,-4.749813700469274,-3.37479500757708,-7.681600095662108,-4.439952183620706
6ef7f9c0-30eb-4280-acc1-55f22f6e2924_2998-83,4,-6.378429727343862,-17.70833527438395,1.8495283807496827,0.5139118521940923,1.1379256783506873,-6.818278067225884,1.2791029656776207
ac8704d3-ab1c-4412-a10e-befb387063b2_270-04,1,-1.7656645250865826,-10.880138756021072,-5.132506517579452,-0.07659674132928118,-2.8765555311924556,2.9349714071738684,-1.8986933611701369
af06acee-b948-4950-a653-53d76b03a010_809-86,4,6.068488345365184,-11.172759042521273,-6.2325237062774,-4.861579203651227,0.07060834926745277,3.1729072208319975,0.8411677561783286
d8936caf-0142-4ceb-bacc-70313a19f169_694-31,2,-1.0230030294795653,-7.503738296138798,1.5740866623233731,2.4894212561882254,0.7058768806963447,-5.023727653742671,-1.2001199229007713
d29b209e-cbc7-40a7-a0d6-acf803b86c78_4-53,4,-3.5559684740004673,14.091849512771397,0.5531113860680019,-5.142531148430305,-0.7360706459673314,-5.931863330002862,0.7221114697130206
5d090853-467e-4f95-9f9e-ac0582023111_504-40,3,-0.6451973268424662,-3.190440465920278,-3.158047033883124,-7.386592110293127,2.7617245491263414,6.682669190652136,-11.115118998307667
1e90b2b5-5483-4ecc-b8e0-fb0bf63ccac3_546-46,4,-2.76074875721489,-5.562246274328328,0.28015917001314783,-2.5701452956933015,1.1511385529462301,1.3696599586028375,4.795516372391459
ac8dba37-ce09-4dc5-b478-8194e41353c3_748-30,0,-1.175121550106979,-2.2202064984141128,-3.6890365805934424,-4.86597276939189,-2.7283140008343985,-7.550157070673508,-4.72570265588412
d3980f7e-2ef1-4b2b-b73a-2a7db7465660_117-14,2,-4.734211931701637,-19.029356458759583,-0.10267911849474065,0.9948095161753612,-5.4425674728967595,-0.3754206284611241,-3.663547197286554
ed792c47-5cb3-427c-a0e9-5dac33456e6a_1026-89,3,-3.225876260389958,-4.34612488121919,-2.1526994495485785,0.39378041841273814,4.653045129046025,-7.338828077734274,-5.118877878785771
66bf8281-f77c-4e37-b9a8-5f2aabf73ef9_943-34,2,-9.44200234668381,-8.298946495211862,2.1586545051243133,0.814203315562086,2.608426656336678,0.010702856836950936,0.3131514866019959
f3c557d2-1170-4979-9a70-96d9b51fa987_265-90,4,-3.776553815067841,-6.418752141702921,-0.5124679888397055,-5.135217677761329,4.97373379578701,-1.3487491171064123,-6.957066507113583
3dbe950d-163c-40a4-9590-494748e1dd39_1644-63,0,-1.5379734641989682,3.789609276926835,-1.0886866694370942,2.3196600584038194,-2.29463570920102,-11.003932089951517,1.7210818136903423
3588502f-e1c1-426c-81d6-6fac28e6c81a_531-41,4,0.8148420901727298,-5.948692210609781,-4.67430896559178,2.1142399597527213,2.2848511944187355,-1.1944892775061984,-3.961273031487824
09aa2849-b299-4e30-ab69-1213c6f96581_1101-28,3,-1.9434922929315455,-8.756604916048849,-1.0949180950671344,-0.9308084197289507,2.9476167407338894,4.193646311126506,-0.48952257866669124
235b49d2-b59c-4079-81cc-ad9c01dbd2df_22-56,2,2.5957814092735285,-11.028397484166806,-9.16716057725103,-6.2526876018538395,-1.7656372698721827,-6.119032034721166,-1.4847997803228252
df0b81a6-826c-4e9b-8921-392304716c0e_525-16,1,7.297571462751592,-12.477282505488619,-4.627068713713007,-12.252956075092644,0.41740711178208256,-1.8593569973120845,-0.03584363445674543
d1a27322-8acd-4297-9029-db45af8d7cc2_34-04,0,-0.31314981141741205,-0.41816300140219553,0.9500555898862281,-1.207599294591969,-0.8072925268376443,-4.112825119425892,-7.33132790237144
2876b375-e848-412c-8a6f-0664cbab6a33_474-94,0,-7.409192253417936,-6.957326805330789,0.18408796095596835,-3.086366757765873,-1.8620348612739923,-0.16412969584001602,-1.7890465135297557
f1f8d17c-3d2a-4a2a-9482-0a8e385e77ae_365-24,2,1.2240212979265312,-18.610583808194384,-4.054191181857845,-7.187087880832311,0.7261160152786741,-3.948518603454617,4.684750130580224
17be1d0a-f213-4126-ab6e-08e5c8ee5b93_4986-86,0,1.2301974623234133,-8.471424383377443,1.7731695764899045,0.9372751419274239,-1.5646265672735489,-2.1768709903489634,-3.0223523586538628
ca22ace6-2d0e-4e0b-98d4-60544e5af4d5_1194-22,0,-4.0786216783016,-2.11806469269282,-0.7046082902281504,-3.444570137939232,-1.768359070784012,-1.581694174308385,0.1547023297609902
b449ae20-0dd5-468e-ad86-daac0180046d_22-83,4,-5.677256526237292,-9.280297309556408,-2.8857746434900857,-0.12066222873351562,-1.119961617934519,-3.8742716614177173,2.9876861786586373
49f87e0a-cc34-447e-87ba-209e430aafb0_2852-27,4,-1.3136090048022617,-2.735121538535489,-5.339250848505077,-2.2241655732564696,1.5587763381901358,0.5442944029433106,2.286573232652149
b959f479-0508-4f1b-96a5-1b17e86af8ce_1110-67,3,-6.154566374070814,-9.461846550988525,0.8502394319380149,1.0572326289072138,-2.5942237818248164,4.816578895807525,0.6747555007363861
865ff1fd-d17e-4642-b111-8f1a1da5a2d4_748-29,0,-0.7955068560560019,-10.53624906676653,-8.22121671576977,-10.611776980455424,14.919110366662531,4.245151873203056,-2.023526427337374
262fd2ec-8eba-44d9-8082-4d0574f7a515_3000-11,0,-2.3126986012633366,-7.071741100569175,-6.1086393447666145,-0.9987079612188519,4.126925567320043,-4.492231172050486,3.452723705714229
cab3c095-8054-4794-81c5-ef9dce1d1373_376-97,4,2.2895023409103,1.112785246666264,-0.28396313084463776,2.356070568884135,3.109946519761071,1.669019440178606,-4.797500433341977
5e7dbc32-08e0-4266-9bd3-27c412d1af7c_182-45,1,-2.2830423634697548,-12.004353130907853,-2.4425381819016905,-7.263134744098668,0.4887664565573959,1.854049624480313,-3.644713549650586
0b38da1c-2b62-4c05-a68e-e8f2aafa47a8_1227-10,3,-2.983853363182745,-8.13470306472275,-7.2432942760156305,4.688286712967774,-1.3361817442448627,-1.0139934759232072,-8.854988470597867
fb92d350-9bf9-4b16-8a1f-7858de276226_688-12,1,-5.30101107472617,-3.481919878811811,1.7550740364170818,0.2704583407382626,-0.49208642402631897,-5.680495340466633,-0.5377610949897569
54adfe07-dcc1-4c3f-90a2-ac93ea7ff6df_173-06,0,2.0442237844821034,-13.376135857458406,-0.08728501606909866,-9.150147144777339,-0.1802159415252262,3.2998910272837776,-3.792952985127908
50f31d76-6f29-4f80-b654-9437a0113bf5_2211-90,2,3.1670925785646586,2.6833208192712723,-2.8476285830470216,-0.862769411226826,-11.077498513265953,-8.889962084565429,0.3179563103294786
2c5d38ed-012f-4732-9eb8-89beddb07641_447-87,4,7.564665254332839,1.6529024753531205,0.5987461240354852,-8.514884954357331,2.7713740683334573,-4.9119035983824855,-5.342582500769882
fb92d350-9bf9-4b16-8a1f-7858de276226_540-00,1,1.190717564380843,2.604651699037725,-1.8813449779559948,-0.1589660236989805,0.8061303432039186,-5.2142691905633605,0.6155151929359193
31bb1175-5459-4812-bb9e-f9300e2733f1_3549-55,2,-5.923786025167627,-18.412078259205018,-3.5345129322576527,0.6593920115998655,-0.15723875663372228,-3.198982984193461,-1.4820722465200826
eb575f9b-6a52-45fb-98d8-5e9dbdd8dd63_703-22,4,0.2264588509568033,-4.662315093387209,-9.125332796850456,-2.2535089781526128,-2.3063221118562196,2.2282953044062035,1.991838345244598
f0041c6c-06b2-4c3b-b8e6-934305b4226e_6185-52,2,0.23701185077968767,-8.854286499124939,2.8777320225484955,-2.3438879182650583,-3.9152246802661663,-0.4978158942634474,-0.3727118209317465
4c6f009a-f0ca-4557-8723-4111761e0a9a_879-68,2,-2.0731834323682445,-1.233707825605105,-1.7284850812712922,-5.7560825227984305,-2.8155857137653677,7.931071263681422,-4.380837445057583
38737402-19bd-4689-9e74-3af391b15feb_1424-12,3,2.1095496083444623,-3.5756713046631714,-0.7488042974847162,-5.842734360506995,1.5699962827661895,-10.386737064636328,0.14397607189734019
85b87948-4578-4912-95cb-addd19cfd31a_1581-49,1,0.17921239027745517,-19.701973329950803,-7.030399836219539,-0.44701737503648786,7.2875254882493365,2.2319665689640336,-0.33294683655726653
bdd32b96-5baf-4d67-9975-34cdce64b0cc_240-16,2,4.859579276707289,-6.227528822251478,-5.971443410349858,-0.7840968964584665,-5.4092821915657,-0.5173748021629347,1.3418190633657971
84ec85f6-c167-413c-829d-9c6915519c57_249-09,2,-3.9655274808997616,-19.276467373923598,-0.9885425741134555,0.5121813257795429,4.996548120532808,0.7032586523639663,-1.109905218795182
f330e671-6ad4-49d4-8d59-e2493119ac43_9479-43,3,-2.1753434508134353,-8.014572733362119,-2.551037108476459,-1.9613505712253962,-2.2763734429260487,0.6987250123826501,-0.39085364159713065
e8ed2917-9442-4237-b15e-cd0b6c839d38_167-12,2,2.631038100648225,-25.74039525675243,-7.00211793313671,-1.0192198031738036,-7.552926249963567,-8.321946352192658,-0.649480967540114
03d6e9bf-389a-4828-bf82-0ef6decf7671_900-77,1,-3.2116001774272362,0.7643723499808788,-1.0917047599495149,-1.8423712554572478,-0.6548920912616807,-6.430090983192061,-1.2107517234283154
95c0a226-5cb1-4380-af73-db2fcdbdbb76_174-41,4,-3.253634527213386,-4.7425853391058315,1.2116245280642346,1.753046604139755,-1.254908258954099,-6.869982556451403,-1.0449468363527064
695cefe9-04c0-42fb-80fc-d308b314b788_662-96,0,-3.9637602947422668,-9.752128459482261,-4.446841394876237,3.3045852976115384,-4.506228620174291,-3.281265073198325,3.3508328073634663
44c5117d-fb5c-4fcf-b648-d7eb76d5f95a_1424-15,4,3.598568521473737,-3.1259113996423196,-0.10317604067394548,-5.9994540286154825,6.29878829670919,-2.238663792140774,2.187478820096806
69ae6e65-a60b-46b0-b256-9d1aeaf34b0a_3951-27,3,-5.0781015215926715,-8.070606118858777,-1.0476566923594794,-2.624951029641567,3.485961383706655,2.483752414038965,-0.40199969447420014
9c07f3a2-5033-4f78-a377-a4cf5a7d7add_2093-33,0,-0.6734590167309262,-15.936756264120284,-0.6043790035190001,-2.9395146595198156,-1.6677677362268437,1.1250468576685468,-3.5226126164542064
cd0c7d35-19cf-4ce2-9b40-0209547acde5_1364-91,1,-7.333513046828533,-3.026268642349073,4.496616722254694,-1.944238351235347,-3.4203794314483345,-12.724360093585235,7.460882024543115
01ccf6b0-5e95-4b18-acd4-a8cc1fd31ddf_248-81,4,5.989093079605599,-10.699739182393781,-0.8319145333159068,-1.2583105439937698,-1.710960309476588,2.5449370089016794,-3.6202368255695454
acef7751-e40a-4fb7-91ea-3ba56ef46aed_103-55,4,-3.8612862841571087,-3.5984928487338745,5.04312012541565,-6.895779314877389,2.0773316491127827,5.635467737523256,-3.255412995470352
3639ab8f-880a-45bd-b8a9-6ef6bdaad4ff_355-03,4,-11.60136306259354,8.564355857745314,1.7639810622516752,-2.675421459423389,-5.920637558219673,-7.364430823473,3.5786333916807855
40b33c95-3689-4ec8-8765-7e926f623b75_530-94,1,-5.6086630141559715,-10.793575879806305,-1.287742977303505,0.5761725494105865,-3.6821636174253727,5.567392635390286,-2.4414235251255203
94d5eff8-0fac-4719-adf2-5c0208ab89f7_1110-52,0,1.5433420692133955,-2.0005539520773237,-5.862572430219287,-4.587240529318804,-0.04419841216336824,0.4636505810371483,-3.467960644975684
42263a6a-e984-4dd9-82db-a43d6e879c8f_828-54,3,-3.1520867736916456,-6.972804691329206,5.948823419673115,-1.4429692052942378,1.0143349467179534,2.2808889685632368,1.4862420877863338
307b1878-875f-4703-bfe9-32d11d20853f_94-03,1,1.8543653196273315,-21.687744052048526,-1.5012937304569163,-6.344401264762501,4.291186045831089,5.286815664405312,-1.776920668483349
e6e3919c-7c2e-491e-bde8-053715f0d851_1353-28,4,-3.300910397571145,-13.40980046762329,-1.9401574208486156,4.52084680346078,-0.49415748526065206,-8.15596361469694,3.3812793444672513
596760c3-b1d6-453c-916c-ecbc30ab1c5d_1448-53,4,-4.000038090875403,-9.42739088545068,-0.25614801676151533,-2.2217445846801764,0.606919787477278,-0.5825949421732481,1.3865834465992137
ce19b572-7341-426a-8c2f-fe067344c98d_1972-11,4,-3.3321922845249303,-8.253242787903208,3.403967825327542,1.4885696855400807,2.3859045229509026,-2.451408684829951,0.8650254014403675
b9fd76c5-1f9b-4d82-b9ee-2e0615561765_364-29,4,2.15058878996529,-21.665869020289907,-1.426017679774457,-3.4021706272127696,6.111036765447554,-6.872158993024614,-0.7514604476239606
c34effc7-6198-4c85-80c7-c8be85b77dd3_5200-39,0,1.9284333663569893,-9.002992394565933,-0.38093992717775393,-0.897898970342901,0.02070659962611714,2.450205529212983,-1.006443412379131
e70f4b34-432f-47dc-834f-5bc6bd67dc62_166-47,3,-1.1808054815980082,-3.8661976038876995,-0.13290203974642667,-3.2172046353827004,4.7998520206865605,-1.9360250600402438,-2.391254984794104
929a6fbb-3fda-45af-95bf-144d851761f4_1114-91,3,-10.203656044407586,-13.085858422426217,-1.5140950825597421,8.825444593230523,-6.865160985727873,-2.8961428540986116,1.4710931459553438
7696b38a-59d3-4b85-966f-3522f9792966_89-69,3,-3.8188845429329197,-0.6301504807799843,-7.680425689160867,0.6938565344542068,5.085523263882821,-2.597480971371358,3.1907330162043532
972f2966-c368-4344-a9ca-5bd8a277f177_602-22,2,-4.196680323505134,-4.141174254451897,-1.7653205447771143,-0.10290204452193752,-2.4363539372240375,0.36501531173292623,0.0893235995359315
358b4617-283d-48df-bfd8-523cbb525b5d_227-18,3,-5.772131271788823,-5.734766312954922,-1.4827211530195012,-1.1036564402520601,-3.2418931280616925,6.660929534067329,-5.457306695547908
959bc769-a40e-4f4b-ba45-5adf32b8f26e_201-77,1,-1.340369268570657,-6.892219912423302,3.0807689504450533,-1.144915808948543,0.6060137544979596,-2.023185128536483,0.4600139710289384
89d8c9c5-fa11-4674-b08f-007f81958555_2-14,4,-5.13797205181625,-13.568313768446316,-1.1309047143781914,0.34894899350677366,3.0305007461261373,0.6003717031283373,8.289623351695553
ae56fbda-009b-485c-9dfa-72ce89e847bf_742-92,0,-1.2110316632946732,-8.255221438620932,2.19284013873958,-2.9619938287612797,0.8027053872822252,-5.450111458860893,-4.483324469584483
9a33e9f1-a740-4810-a624-62b0c9935741_115-86,3,-4.535336715559295,-9.793676781312229,3.0204302123979594,2.8505034548252435,3.3794433235932666,-7.3692659047843545,-1.4816463540899425
ee708878-5d10-4bf3-bd8a-6d72d5cceca6_570-90,3,-5.156911230563704,0.24312518041891362,0.5114775317960505,1.1158112771738335,-0.24261308782316987,0.2726367931760798,-0.5323842089488113
fb92d350-9bf9-4b16-8a1f-7858de276226_2438-10,1,2.9235068492606224,-9.782388174886098,-2.9609864606217173,3.300436323021708,0.02690469306137324,-7.1863443822307325,-1.6335397454019922
79c62f24-488e-4a69-8220-3b20cb4bf72b_722-05,2,-3.232904817172683,-13.372601620185286,-5.182344042868975,1.520747954737872,-1.4456171736811902,-2.571777854150084,3.7200549378433263
d1c2a107-ba9a-4615-83e1-f609864b8541_35-35,3,-2.2751499688510206,-3.2028873200134664,-0.293987128727482,-0.5285014623449819,-0.9409531375313632,-1.4854945680063283,3.7230104236313615
57e88d87-257e-434d-953e-6025367e99fe_448-77,4,2.6328506496790607,-15.439075190667541,-2.4110968987532546,0.324844196336329,1.4798976177196814,1.069951492778081,-4.422105840125065
c1626bce-83ba-49da-921c-7b60243c19ea_8-38,4,2.873412251162797,-0.7359117879386501,-1.1132542016455593,-3.022744931168213,-0.4574423881717027,4.013113274550707,-3.401370754550931
a437e059-78be-4894-a7ab-dc27fa16d3f8_178-53,2,-2.1336610288544344,-8.109643524336606,-2.8630628232150297,0.8091474286538212,1.9436495780106582,0.04381840934785508,-4.238247856371333
8dd6490b-6291-4793-b05e-79250f87925f_101-76,4,-0.976194493527228,-1.0672439714023954,3.4992158722956708,4.854777730190919,-0.5545202391716866,-1.6918969392278047,1.668425399343547
348f0f69-cd49-4c00-af91-f1765155e858_1084-90,1,1.0578846431957925,-20.3174426239878,1.656964127200251,-2.3507813760198615,-1.8413804256041995,-2.2078670673059193,-2.0694766766770565
eb20bebd-41e5-4a02-aa7e-73d3da5bc97e_1253-80,1,-1.0326906582346929,2.4522055257529667,-6.123440523656683,-1.2114498963430962,4.846455599421378,-9.4631848969477,4.889561979140674
935bc36b-27aa-4c83-89fd-221feca0030e_1080-82,2,0.9634941693979926,-20.623676024973307,1.6759341598501531,-4.635613628105973,0.07987314190802368,1.096721323670005,-3.65232415998758
9df7c322-0e66-491d-bcf8-f10038b1eccf_229-80,1,-4.7879632304945625,-7.932082734190317,2.7435088928997575,-7.039004415426904,0.2437596516144747,1.1255535408240398,5.855138919067573
7c969dc3-aea2-49d4-bd0e-48191b4e5a51_6350-49,2,-1.6795087951520216,-8.97376076267227,-0.929295407584106,-1.8182126177968003,-2.6701173245661907,-1.747648511227477,-2.5218339602782875
c05389ca-2d74-4889-a8dd-a0f89d28a4b7_2763-64,2,3.8129985197271763,-6.637237511632285,0.27684009835258805,-0.2703102187944202,-5.702800615717883,-4.0509292638173,-8.031965674166088
513f572f-6d1c-4a8a-8b57-9c1d0aa363f7_969-20,0,-1.7092747896137928,-10.911524465527895,-0.5688928501416718,-3.19290593938256,2.6135383026963934,0.031696570098876053,-3.2656375377083187
daf5384b-ea5c-4cce-bb8a-540a360075bf_676-16,2,0.9987629519002736,2.45552273022171,1.2400463863477726,-5.041656747991504,-0.169803386249137,-0.6159882617241497,-0.7292357609727521
182dffe9-d2bf-4a7d-b1d8-137470f0143d_1639-14,1,-2.4786845925523897,-4.890912014926874,2.275196041143177,-1.4761573796267338,4.186000382998467,-2.39222192514652,-5.6092474101477405
aa19d5c0-35b6-4ec2-9865-07f556c341de_34-98,4,-0.5808071758699247,-8.052467522336384,-2.315979942505429,-0.9568106458645805,1.493206460244973,1.5918268321862303,1.7233720123690894
4065f62a-faae-4926-aee8-1d5bf73661a3_2321-27,2,-1.864644350821506,-22.702615126975857,-2.432151014714921,0.7832308423360637,1.3962652963220443,-3.790227239165434,0.4703611487490832
bbd30b78-137a-4c75-a4e9-b51f62b3f04e_184-26,3,0.42218680679308496,-7.6234258677731885,-3.326355503500777,-1.7658520438738523,2.8002041922106513,-2.0732832917000694,4.790148424262563
f576f1bf-5433-488b-8833-8320f087e72b_48-29,2,-0.3372391315191414,-15.075882845032591,-4.372088437045881,-5.987522754809734,-0.9372382286537758,-6.296353455179972,1.8537314468399138
c0eea386-412b-4127-a2d3-352322a0038c_719-09,3,-9.02530689380765,-5.8243171249809045,-0.926021340797885,-3.231478162698154,-0.3362201410411239,-4.03137368007115,-3.384484841895577
7ac6dc03-7c8d-4de8-99af-03268c780ea2_1031-44,0,0.2130977882121674,-11.450671940412533,1.2789026174138742,-3.3240663288254604,0.6805999128106313,0.5243360306690545,-0.17000128717700513
31818126-5e0f-4b01-b532-1514587bceec_1514-30,4,-1.4766339318063602,-1.3712188974142938,4.203712101927136,0.4397491651176727,-2.688942665211455,-11.597436298917518,-3.8045298777086227
2680068d-b3ae-42d8-971f-e842c2d4fbb4_739-57,1,-0.4085612187728007,1.7850778645993541,-1.8096581976472748,-0.20886777642718468,0.6732065142097525,1.7067245104416178,-2.6454759487272934
edaf03e3-3021-4140-8434-dc9e744ae492_178-18,2,0.36848737896457195,4.787807968102512,-6.686927751875994,1.614146035029421,-1.1492778815603626,-6.233015725952521,5.396625152220013
a3c41b4b-6dc7-4e69-b04b-ca30b4f1c185_1014-12,2,-5.450298220036913,-4.205853877162335,-2.5002084980511237,-0.9120648216163438,-0.3895479879067136,-2.9437322473511935,0.3809480632773464
2dbdd409-0be0-447c-8ae8-3f107fe9af80_1439-37,2,-2.0763083303905985,-6.4365476722217485,-0.9237163251931595,1.1877369183460598,-3.5351634728294026,0.37278117280432443,-2.7362376804397393
6243586b-a8df-4c37-95f8-da7f4f5d57d6_868-79,0,-6.474570006230376,3.3351236901985066,1.3199414776782072,-2.0310737490647686,4.046995567692408,-0.3804026961609688,2.6010819031609103
ac582760-09b1-4a6e-be08-f19f9bf5dfcb_391-13,4,-3.330794926642025,1.3385654041646378,-0.07556206159251744,-0.5736179332585817,-3.6823150558949105,-0.39106580061864715,-2.4800941159357555
5300d3f7-0674-4e08-bf1d-47b8c38a2842_39-70,0,5.191342271293562,3.467458610106937,-3.626308677745551,-2.4100996104436465,4.026740355416406,-2.5779301027070343,1.5128957366913365
e58207f1-84ec-424b-a997-ff64a57eb13b_3524-37,2,-9.232405290190906,3.7780456033722745,-6.326065733878601,3.559403334243629,-6.4200822243465945,-2.2799374171376394,0.5889132040700836
153cd84b-0345-4590-90f6-f66c294db429_799-88,1,-3.749835331632398,0.5066401139542895,-0.3621664587587027,-1.995557736389269,0.6796693607831199,3.38772232675726,2.6241587943225477
d64fb34a-08fd-416c-ac6f-86a0813869a8_437-60,3,-4.264144167021764,-0.6024118031967971,4.488160104614739,-2.355534322339833,0.3116689471174598,1.974156412121002,-1.6323553134320947
3ffeedef-3088-4e70-a21d-3578f07546a2_632-12,1,-5.561607559072073,-6.727050250548504,-5.042510096644887,-0.14155693083865595,1.2482089888847727,-4.512775466006794,8.631944256960606
e14bb000-250b-4f3d-aec6-e72d4f29d123_1299-73,0,-2.5491669355146223,-12.2141805718936,-0.12695947797606533,0.526984409135627,-6.699039962371604,-1.0042499068952837,-3.8962222476793507
94d5eff8-0fac-4719-adf2-5c0208ab89f7_3271-35,0,-4.691306755901502,0.31098915076372613,0.15300445711694788,1.0716315680740187,0.975976456939351,2.8560837382432727,-0.8019162596204146
e6d852dd-2510-482f-ad25-3d731388ea44_141-52,3,2.007735582404914,-9.960097170931432,0.7752066051063946,-4.013014962348482,2.635076241577092,0.24530182419754087,-4.567153470137263
2b012751-2e50-4acb-b645-c864930e92c8_822-56,2,-4.41764904946054,-13.503905023509992,-5.296848943089203,-2.240999705378864,-1.6079357371255374,-0.9979754637547278,-3.3649538953595544
48bd6bfb-1322-41b5-9641-20a647976ea8_10-49,3,2.2032610433417554,-4.202156800366769,2.856166343667572,0.913189674721043,-2.418311868070776,-1.4192050354702124,-4.334462886599056
c34effc7-6198-4c85-80c7-c8be85b77dd3_2648-25,0,-2.6420934474214923,-13.618084535425734,1.748626733716212,-0.7932287742983102,-0.21439697684806286,0.7215730173802426,-2.1221184147758665
99f41d39-cc65-4aad-b186-23b66e282f19_1295-59,2,2.684659098369953,-3.787703064793469,-2.991207387738317,1.903090208176657,0.45820249047063216,0.902044102800077,-0.167353462184766
9a33e9f1-a740-4810-a624-62b0c9935741_1702-28,3,-2.2469463811663566,-6.2266183189420525,2.4593917011067963,-0.8986120548609332,0.9507217477566009,-3.7102290684697508,-3.517290700717104
c864505c-9d49-4da4-bf7e-254b4c348c03_242-94,1,-10.012635642091631,-5.741191091669355,3.5876990403512856,-0.7175841041063058,4.693027733621951,-6.703673338794053,0.9037944341026891
e95dbd21-3017-48f5-8f36-46531f053ab1_339-47,1,-8.043294049449047,-8.627283599477217,-5.582619684536205,5.379180519635165,-1.8056902387191873,-15.387810717903553,0.02984002423707044
23ad5ebf-6223-4938-8609-d5df7afcf599_267-76,3,-3.738822651012975,-3.603119505016328,-2.4964338862150814,3.675218073865324,-2.2044686729605316,-2.9445003528769993,-6.521440114061666
c4333895-ed19-42fe-9323-271a41bdfe4c_8-13,4,-8.098418353575335,-15.690892734124773,1.165866882707281,-4.429328803923421,1.6496393936057907,0.3907781329260289,8.205407320940868
668962c9-ecae-4b8f-bdc1-a6aeab093d88_1261-54,0,-8.302581987384874,-0.3180184464476188,-0.6714853750854878,5.177374658735525,-0.12321002052100223,-1.8388059131702386,-0.7765948720618783
e9e0f26d-3005-436a-a70f-7d99977808c8_1359-76,3,4.306020044936297,-10.443082305861783,-0.20438766682807463,-2.8157710827974354,-2.953069335472055,-0.6908429431932057,3.251657579842462
fffbaeef-577f-45f0-baa9-f10cabf62dfb_278-37,2,-6.0607840060481,1.6100703213750576,-1.984765243838081,-0.4066710973006433,0.954878485922185,1.1850592562970315,3.9689136459285455
e402df54-0a64-424e-a7e6-3e68b18a761c_62-43,4,-1.4671795712189248,-4.912819263308325,-0.5028367917039525,4.089292857037093,-0.25986701187888306,-1.227062068556898,-1.394103286591639
dced4894-d13a-4222-941b-5e4ecf1e3299_1473-25,0,-3.848725137685183,-5.042615642453095,0.2660433548296294,-1.5813291387138293,-2.480173234812364,-7.379255590532161,-3.3662791565414736
e623faab-101a-41a6-83ac-8e22b4371aba_1053-43,2,-4.09384553754794,-5.305346074050666,0.7598425308928243,-5.004058495375429,-0.27702695767372004,-3.0171985373433703,-3.170199109264972
49925bc0-d1f2-4623-891f-147641b0e94f_1165-19,4,-9.24895878439711,-9.909822324169212,-1.460278758528582,2.4680566080458792,-1.6851689321814405,-1.6601678833433962,1.3818339268235678
fbc425c4-def6-49a7-8b88-5d5d00b5524e_278-29,0,-6.218684410756762,-8.882864655396256,-3.446193600417432,-1.7824883920851902,-2.3510612863809817,-0.6236498080698336,-2.9622451229606934
1330508f-8168-4408-a4df-79f69fb87c83_1053-45,0,-8.723504167758428,-5.849992638410225,0.572904132928333,3.120593328333835,-3.9353532007142507,-1.1946692774310568,1.9056672096668004
9520f703-8904-4123-bd7f-873b0b42074b_239-07,0,-6.06892329607404,-4.872472300473584,1.906555480314915,-0.1307493902971164,-5.097683566821987,-10.290564553459028,-0.8493560009115815
35b1a8c7-80fd-402f-b240-768926b7bcee_562-55,4,-2.3172288933313676,-8.60365583927187,-2.398540733296116,5.907221616702171,3.091713485525328,-1.1735075456031323,-3.422643839609951
1626db26-0c74-43d6-a5c2-c1a8fa7b1429_730-63,4,-3.6666128119162837,-10.418599598103835,0.09608165491374177,6.409098770427509,-1.4740497354290811,-4.032326429322543,2.6887238028939464
97ba861b-605c-4942-8e15-95953a3032e1_583-02,3,2.288021577430534,-3.2644823737559467,-0.08743593888439749,6.152057928017115,-3.174193582585026,-5.118113406027057,-5.230469518458701
86fb4797-274f-4807-848a-8b1ddc5c29e8_730-35,2,-2.4811187179726186,-6.650620888536634,0.5374678874392991,-1.7246968272706278,2.456024022281556,-6.498155737687507,2.3870956142713413
e5d2cc2c-0a36-4bad-bf50-bc9347e99eca_1120-59,4,-2.4434687567337776,-6.399206380003038,0.7999097251671694,-1.2241024375420482,-2.456790502555813,-2.7884097790477975,0.712432144554499
8a0de6d0-5d28-43f5-91e6-48f41eeb3752_1038-76,0,-2.7287125979203073,-1.0186519442867423,0.9615562843777478,-0.4191469916398376,3.128870965198802,3.051439515096825,-4.128206240568755
f00ec54c-9ed4-4a23-9cd7-f8728cb9d6c7_1080-52,2,3.1735761994498075,3.5401594798140836,-4.724757002000692,-3.9099985502200463,0.3204137436491093,-1.6211273182113919,1.8951630513370952
ed31f134-b3f0-4f50-b8ae-d956b2f9ccfd_2025-02,3,-6.47356381861976,6.796352091818387,2.1260402515595405,1.5235745540475967,-4.9191603236705195,0.38792146442718956,0.2949458604054025
c615d305-14fe-41cd-9099-caf420beb604_1090-50,4,-5.6303539036938535,-3.9660552839549617,2.6882708668146016,2.053818074097192,-6.1364425237657,-0.8333178295022119,-0.7109926491082195
19f2ea20-5041-4be2-bdc9-714473f16236_4520-57,2,-2.612945097062645,-0.3372119388068038,-0.41231358466650136,-2.505001937051291,2.46704218457303,1.7206443140102108,1.2905391516223816
55ef5db5-af7c-4ccd-9c7d-a4d415e195b7_753-73,0,5.591852161023606,-5.542391691560884,-0.7880927535580488,-1.4769844553575144,2.36079477722424,-5.641641527864278,-5.115249029604669
1f216b72-21a2-4463-b5ae-13bffd779b4d_40-21,2,-1.1630927022610689,-8.314052431600782,-0.3296702952793933,2.186191268382312,-4.7855874873466915,-3.56154291653311,1.246487818305806
e55e4faf-dec5-40ee-b375-f0b049b9b280_342-72,0,-2.7286177799286446,-2.0807296910230297,0.25777646733773885,-0.254225028812193,0.38326362246051665,1.0049629607348678,-0.5754698400001799
ac8dba37-ce09-4dc5-b478-8194e41353c3_5240-05,0,-0.7732574636978113,-7.120458375179471,-2.0871196939144685,3.1731729377655284,0.22181853820384562,-3.8476198369712815,-3.22879515622291
2d1baacd-d82b-4e0c-9d85-b420fb9bde91_345-02,3,-5.722442282257081,-2.9054289272524,3.8912832427300077,4.5796679347794,-2.9182564424042305,-6.161648315534761,0.3101420581402208
adf11624-aca0-4bad-a35f-51b9f330ee74_2900-34,2,-1.1896523637869902,-11.308168546090782,3.647514511272493,-5.275371936188497,-2.7883210491404333,2.7970621079962887,-0.5506557156977655
f22115b5-b9be-4e30-8576-7c1fcecec480_21-27,0,-2.6663794806310577,-17.574624684115925,-5.744395782753336,-5.64517051516587,7.537630335147966,3.360647235793122,4.160125260692546
1f216b72-21a2-4463-b5ae-13bffd779b4d_1694-44,2,-5.972296092452985,-3.5717286116816647,-0.04528285058597992,-2.8461424799703177,2.36144968596022,3.065872764963541,3.22764324705193
134d9865-d9ee-47e5-a121-589a26c6b3ba_1573-53,3,-3.2201559101123944,-4.033442578403212,2.478090929189106,0.599078536450293,-2.095609087459174,0.5337826076980745,2.049817847613845
f5bdefb3-f57c-4270-bf31-7939ecd45c86_788-76,1,-1.514546390722227,-12.301168050161834,-6.495352896682525,-1.5011105873200878,-2.738857159139258,-2.0751840215514537,-5.609331842922788
f62011c7-dd9b-4dd7-abbb-d4cb891c388e_1080-00,2,0.6339462981667914,-6.6273089419036495,-2.527215268680303,3.3707580269910986,-4.235512973519498,-2.1816736719868786,-3.824469709926714
5d00d9ae-e932-42d5-8eee-ed24f83c8661_0-06,0,-2.4830662059657045,2.576225719254956,3.2523413385957385,3.1899472789597407,-7.647245169186295,-9.320519197555612,-11.316055369405985
6aa13fb1-5440-424e-a021-06a2da215e63_165-83,3,-1.718863531958427,4.708929931535855,1.3655985523295615,-1.591431226093667,-2.5491732560672893,-3.5347888186395604,-3.0052806376481396
e6958f57-5769-46f6-be27-b879059ff2a4_927-40,1,-1.1843473046141921,-9.840662417299908,-2.271205619736656,-6.2056231702204485,0.45325691559035386,-2.9600605094858703,-1.5838528745586704
d40be91b-85bb-4c47-ac18-52c4d044e3fc_2988-20,3,3.618881658711974,-10.180143413865665,-2.5190762921076373,1.4931756906991707,-5.5419696464697985,3.062575124493244,-2.4999775689141117
9a33e9f1-a740-4810-a624-62b0c9935741_831-69,3,-4.652754751644696,0.5009894454796795,1.2751726270223638,-0.44481870583673955,-2.007428118650204,1.3215454260206831,-1.3060476009873658
f5778003-9aea-4ca0-9398-69299ba0331c_124-11,1,10.79974891764274,-10.802438192048967,-7.465123660346685,-11.761197395742839,-1.4409847604987918,3.6300384524559264,-6.538744204819505
8be6e0c4-a80d-41a3-a1c5-5911ae236990_317-18,1,-1.8232301248394556,-7.538685538024607,-4.436363103597207,8.515495936693856,-0.008172733153152902,-8.831168299950173,3.6870122431522345
42d72164-8f4a-49e4-8b95-b3ad423ba65b_149-58,1,-1.2689804048095403,0.8030305816917505,-2.6237734390855714,0.4966578661621939,3.882893927005917,2.2737498544182615,-5.564958030408328
9f4e5f51-eac3-4070-9097-f6e18a7b90f9_1289-99,3,-0.17218660959586063,-4.139502509380399,-5.161329664813385,-1.4193679747456627,1.192775141025871,1.8321884125471994,-0.7963064720837759
c7f71299-a622-4a9a-b225-019335d6f2d2_658-88,0,-0.5865030709065837,-14.139097095577014,0.5117721106262269,-4.148318025391589,2.029298113661137,0.9215992485931424,-3.6061012840439552
d08cd963-d98b-4c9b-ba9f-cf7763e4b94e_1184-89,4,-8.0207074838755,1.6730019354604257,-1.8911104659497302,-1.6238035362670944,-1.677313564440277,-10.353246348056356,4.982715005519974
2893d559-89cb-4125-a761-3ff8e68768a9_565-53,4,-6.313906929148574,-9.259757144723817,5.878205575802625,-5.607856415117594,-0.05658701722230794,1.6470789498555316,0.46747195456836477
695cefe9-04c0-42fb-80fc-d308b314b788_437-09,0,-4.200856559237611,-6.912685683350314,0.2341499651595721,3.612432109853362,-2.6950405128645647,-6.436086169946381,1.595602724979148
e5fea731-7b32-4857-a86b-587eda0ff334_979-09,3,-6.75271107909563,-7.267840054065181,-2.2959226451372436,2.789240304904403,0.5829305148911802,-0.8470356889497301,-0.7714714899175028
ecdc4071-1903-4024-a357-d0082720168e_115-49,0,-0.5837616784676638,-5.809039690412899,0.4974740363636644,-3.056966380504141,4.301342273561078,-2.6380437755381836,-0.34701553006232744
0f574f9b-00bc-479d-894b-9e7c999fe13a_302-98,0,-1.1255364078154149,-2.010733933062723,3.241829489497917,-5.397464850806948,-0.590901557698871,0.05844792640124763,-3.6690595307821487
516ba1f4-5cfd-4dd7-b4b6-a4c0605d1281_1838-55,0,-6.111843473259146,-16.056829842763506,-2.224607171602126,-1.5738016856003016,-0.2756548363476437,-3.6526343765775113,-2.473274839523821
57e88d87-257e-434d-953e-6025367e99fe_446-64,4,5.801385442695599,-8.21094187774177,-3.422249095774443,-1.7725711046179464,0.3769700204380926,0.5679396461265993,-3.998597100386977
8f0f8606-b696-4bb2-909d-703e4e076d80_725-88,3,1.0272738052292534,-11.983669233719258,-2.499320972988536,-2.9728350517801068,-1.2439783805615676,6.3441227441736165,-0.9890226582172439
5ead8e7c-2600-44b1-afd6-b82cb5f7b9ce_119-97,2,2.2318331547025343,-3.995962758784894,0.047339798504126174,-0.6511268925125089,-0.02205588067954785,-4.3513614266119705,-1.829285446155009
6c1c5527-30a4-421f-bb78-906adffa7c46_357-45,0,3.1214678095131245,-15.845732099804351,-4.994254895408119,-1.325268922269805,1.9777603185717687,-1.3874590951006471,1.8432280042795506
1f6eb61d-74fa-411e-979c-2e66e71f2b7d_345-36,4,-4.288413195396048,-8.399306128616455,-3.6738824600103452,0.9823414063601649,0.009898188844874617,2.641997297841395,-0.6208624392711257
63e9e643-25c5-435d-b6f0-0aab1af76e68_28-98,2,-7.553172150384948,-6.0686547682600365,-2.72880333869261,5.96485101701925,-0.7796300576903787,-1.9981117758771791,-1.0969981631297467
243e800d-fc75-473d-b944-a95844e13a78_1602-75,3,-2.4450710576368992,-5.524060461809809,0.6894731457906036,-4.541212580107957,6.941102205560415,-7.778691306295335,-4.7006848687814085
262fd2ec-8eba-44d9-8082-4d0574f7a515_1440-24,0,-2.730344239698926,-1.63340100667613,2.4169780200017064,-1.509926539547435,-4.710599055015297,-0.2749684857275192,-2.2758621778395476
3761fbb4-3e0e-4b15-a277-fec95edacf04_2288-64,2,-4.621371065391774,-15.125825387505948,-8.508060441982343,1.1148122142699064,1.8821944328654467,-7.141098072793488,6.500716205239245
3f712a5b-c1cf-4f2a-b0ab-ca0e2e4f0e3c_119-87,2,-2.54330134008445,-16.530726756766352,-0.8752684277818965,-5.2528304773135925,3.5593250950962916,0.7541379769460779,-1.3619440607242743
84ec85f6-c167-413c-829d-9c6915519c57_3997-33,2,-5.959616760051151,-24.17042705648739,-2.4031328096409164,0.868464759671931,3.7897037804190163,0.7072694416371093,-1.4754131350907538
2b7ace86-149f-4354-b617-c8ebd08c5310_1416-39,3,-1.7848735800067626,-0.5285428089103492,4.563781499300848,-0.6195820381503353,1.621947706118865,-2.211386358520528,-2.8430036322133008
b7022084-61ea-470f-b2cd-49be2ecaf3aa_688-07,4,-4.8993937987084655,-9.787133988157247,-1.025849883172721,-2.578581432266164,-2.5929097129977703,-0.9793946290375919,-10.333946439393229
e87752b1-35a5-4cd7-9b95-a4b28129f9f3_932-40,3,4.35730230242494,-4.6163835713953425,0.16414687046588616,2.304569783476151,0.5872073670713581,-7.685983797839473,-1.9860224899212369
6639f53c-701d-4fe7-adcd-55d040ce8afe_0-03,0,-7.471152902846086,-4.740005215200285,-2.537396767167995,-5.394173930369076,1.9813132988096214,-4.5019633360100855,-3.513103358070582
8d3b84a9-e747-47c1-8f09-726fdde7986c_1371-62,2,-1.4429835585376438,-2.374111067642315,-1.0143952875589772,0.34347282849886174,2.7272629243094424,-2.629149668683497,-1.5603017075762842
2ec3c123-0a04-46d7-97d5-8b85b5e6d06f_432-01,4,-1.801490376727346,-0.7609783044898002,2.1778234317401113,-1.0936474701703278,3.388463842123845,4.414162717822198,-3.5325315152258794
e9350702-f77c-4112-9f57-3ed08bc4b98a_0-04,1,0.7060688682152525,-6.673372125727934,-4.263864131583531,-1.1429972129483712,2.2675190637321907,2.328975368961864,-3.0638883962775534
a71f72c5-5225-4b12-aba3-01fa46f53427_914-96,1,-5.921260172548947,-8.425471765663431,0.3263945225358188,0.5695502729856661,2.439217461461826,-0.6780242902496765,-1.2349319659701454
ae85c74a-0963-469b-93f9-cdfe3f898e5f_1781-47,0,-3.973177877497688,0.19533324407520336,2.388606200086082,-4.02852477120887,3.5715043928025545,-1.733370152691523,-2.1775372855470323
584fd34c-9bd5-44fd-8266-9d3161d8c790_3302-91,3,1.6409024492569488,-6.949157500850198,10.724276395025557,-11.482690853062008,-1.9714348213852253,4.457634040274173,-4.520944153615768
501d1e55-968d-4c10-9d29-e0f4bee907a0_654-33,3,1.066281332274204,-12.387392503441262,-4.461216174311549,-3.258311986906516,-2.8211475045122225,-4.117110354324636,-0.5632814332777578
6baa673a-0cc6-4da2-a481-877de0d2faa5_1148-60,1,-12.225873475905923,-10.535867992551161,-2.447188947885052,4.632382325703416,0.23299242706536696,-7.715864286400185,2.374903892382254
a23540b7-3588-48ad-b84a-1b5935db856a_235-41,2,-0.03678841580636738,-15.303388021771976,-0.2182874044220704,-0.4628176918520084,1.328216443756736,-5.727368315359767,1.4770622749908928
cb9de2c6-ff1a-48e8-b170-047e9471b588_836-21,1,-9.254429408254515,-4.217700101438949,1.8356812794417543,1.6972892344123385,-0.8291529207303241,-3.1656795371719255,4.345260506225733
01d301c9-9dbf-4da2-9181-d66a6688f5e6_817-64,0,1.083940717552426,-12.619812987512685,-4.690810931960864,-3.1260111401764785,6.848112890761792,0.03574063194976973,-0.28477628939122
36baa5a9-16bf-4ad6-b011-4d7daae6b8f9_423-57,2,-0.742835375228047,-3.9827008609261254,-1.8113392367322867,5.054891722911859,0.15454912838777318,-5.364231830990897,4.691113457420065
2dbdd409-0be0-447c-8ae8-3f107fe9af80_1502-69,2,4.55705004044461,-6.958564458585507,2.154102194396758,2.784431166635203,-2.863262631938181,0.4722781806326646,-5.902160053639837
fec2a5e2-615f-46b3-a320-b8741c2b6365_562-48,3,-3.910827633515151,1.0981203211664683,-1.124828411355955,1.7934783435254338,0.5019125670978296,-3.035831389677704,0.02637216343335358
afd5c197-7b14-4e21-ac56-d23b6a5543d0_1256-20,0,-3.532616687460069,-1.3760258098322824,-0.36436144596876485,4.904955819374421,-0.2162020747861761,-6.386165243523953,3.071215330094528
85782c5f-a240-44d9-951c-27f0bb3f7f4c_375-79,4,0.05156095447694975,-13.443973130681247,-2.648431848647804,0.3841184545708999,1.9010397409129527,-3.404699676156878,4.726185846163469
e623faab-101a-41a6-83ac-8e22b4371aba_1141-39,2,-10.045990688420732,-9.832714641518294,2.5491681957777024,0.33215170057940924,1.6124784557317895,0.36970981864976427,-0.7848837321643011
fb92d350-9bf9-4b16-8a1f-7858de276226_599-33,1,-1.2273384129835214,1.9548541276658762,0.4736242742711124,1.5568931556352732,-3.542367451432796,-2.452407834221967,-3.5525653791798257
ed792c47-5cb3-427c-a0e9-5dac33456e6a_3277-79,3,0.8962540877188776,-10.350288343250313,3.5204372847658445,-2.4506097765385753,5.752595429656327,-4.611699280107404,-4.662578687067622
f9a49dfd-e6f1-4827-9903-73a562ab32cd_444-64,2,3.5284020860751264,-3.8513723730748994,-11.02437137224796,-4.142122767134301,1.6914723628989266,2.700314147871646,-4.385036494718085
7c1c5dca-5856-4997-8cda-9fa3bca10a3b_1969-00,1,-2.7140167053146778,-10.893361323399933,1.4176735998920096,1.4534943399234863,4.0725996046885715,4.148113739830567,-1.7636540820133193
949c5a8f-7aa7-4566-a04c-531961cbcc16_1433-64,4,-1.9515304699343883,-11.045588296818863,-1.8689210516609744,-3.113060926954856,5.219268576688859,3.8873999983161234,-0.24000671008705043
dd508a2a-1ea7-43d2-805a-8080eeae9985_856-81,0,-2.8306477367918528,-18.056968456961254,5.023476302016001,6.538378117502462,-5.5781158024605,-6.711059156379921,3.544337973816873
891169d0-2846-47ce-9f3e-13ac1e6ff85a_10-93,2,2.2027250466099586,-0.07051450914275481,-2.1125612143338293,-5.0630948183633135,2.5298878148051958,0.3283330772791224,0.1071841187161503
c1626bce-83ba-49da-921c-7b60243c19ea_7-12,4,2.0259400823125033,-0.4010804757873565,-2.626224139468567,-1.578571839099463,-0.6834005200804252,3.867264431322673,-2.117012414448479
695cefe9-04c0-42fb-80fc-d308b314b788_68-11,0,1.691462283108835,-6.217056252833561,-0.838320608518628,-0.1669541890393289,0.7031945494485015,-4.67272494281537,2.181153174380958
0f1024e6-ff80-46e2-aea8-3878f11bc1d7_201-92,0,-1.8710959812622057,-10.459097793158517,2.6128761511586083,-1.1050272878431733,-3.1576320347629423,-1.0422158459202266,-1.0639090828062392
83f18213-f8f8-44fa-b9ce-104c6ddbcd57_1657-94,4,-9.061269379689431,0.9308599111505913,-1.527697906267079,-1.6768567069251032,0.9686752859862211,-1.6532215589055448,1.4295402610679677
baf15309-e865-4e9e-9efd-09097f1d5a43_412-45,4,-1.3198823165006863,-5.920579118815815,-2.748397627765918,0.1039469346572347,1.1700184566426632,-1.4318839270793209,-3.5940540686667264
600e392c-4be6-4b8b-bef8-e789ce3d8915_6486-35,1,3.5772463899057962,4.545742936271915,-0.5203890125731706,-0.30257164897957756,-4.0581081177669684,0.6065651802788437,-3.605368755448805
069c1058-881d-49da-b45d-b9f7e08fe932_2408-86,3,5.250988899542813,-17.2594662791834,-3.8437700545240685,-6.105364727847713,-1.0855395889189887,-3.2767404691268,-5.8979203819443935
4651e5c2-4371-4af2-8f05-cb8b0b1ec7fd_233-33,4,-8.983678835287664,2.443043099785344,-0.6298385858995186,3.460118083599533,-0.24874756975918375,-1.530608889988983,2.3759432404811394
2859218c-84ee-4e85-833f-74255b355032_2390-60,2,0.4079036121445798,-9.041633382472542,-7.166381866927745,-0.6221049523922548,5.397425726491314,-2.568085933903654,6.57917305697137
046855d7-41d7-4f41-a6a7-fce921ea8133_335-77,1,0.23204508413094804,-10.134164380874076,4.408569866052417,-8.342172922384126,-3.186707687844414,-5.13797012873367,-2.371262896155028
7ddc2c83-3cb0-4bb1-8e91-3ef60f88864d_1433-25,3,-1.7511360253372816,-3.8889661814837218,1.4123450501591148,0.48260394268019435,-2.882838422705802,-2.0638380211322085,1.5136561772061665
73f94b03-b777-481d-b342-10c516f192a2_3-08,1,0.18524595149487522,-8.660125125846628,0.3765939154056629,-0.7911143198601072,3.1505265938977325,-0.8535641937691707,-3.8454555745423082
38b6d0fe-e317-47a1-8fa3-87e7a4a21183_80-19,3,-3.6097684339932457,0.060285160575204166,0.4678415346437066,-0.4171874878925991,4.422054199141986,2.605173016420191,-4.398644476656911
9a622b20-b234-4237-a3aa-c76b350e82dd_477-13,0,3.3845329651056066,-6.5016948591711285,1.5802797245943627,-0.2194176755519266,-1.5430231508025287,-5.323534445730732,-0.48797641416880766
a99c5790-b590-4c29-98b3-004bbf106ce7_312-10,2,1.4258860996422211,-3.0537656430080977,-2.2105460378311044,-4.298476192208208,3.417680181577988,-1.2751698041615294,-6.113205754506127
3455a3f3-1657-46bb-ae42-52d16ec5ffaa_959-38,0,-8.657641317446883,-8.16431402440251,-0.969417467024747,4.646487471352291,-2.8867945100685137,3.6929751732033083,4.502784050230696
88193924-6780-4290-b8ba-85676e98387a_783-81,4,-6.872791805952394,1.4830782116944938,1.0627560859025178,4.173429973191218,0.771730469026928,-4.445435880950817,-1.7559671993125583
d7480d27-f607-4a5a-8c31-9d299f70a4b8_406-05,3,6.207133623900846,-10.235894377252508,-5.444025519293868,-4.480208838062722,-1.6830980407615581,-4.395745480191363,3.0009176635740964
439cfa9c-ef6b-41ba-aa5d-2f40b195b374_1380-00,0,0.34171396836276324,-9.875144990770274,-3.323122852816253,3.3165499128926683,4.029076695777324,0.37904411634354607,-8.14979810210424
fb92d350-9bf9-4b16-8a1f-7858de276226_625-71,1,1.3806809151946429,-8.26625559261308,1.1156561186054157,-0.38929386988726433,0.7685411800833992,-4.279275314086352,-6.24263656534118
3fb410d6-e5aa-49d3-b184-75ec9651550f_2226-52,4,4.2309216249983095,-8.462701829615424,5.9586811107588495,-10.781611680112809,2.5386322597087934,-3.600626281409883,-4.963370417931827
e6d852dd-2510-482f-ad25-3d731388ea44_105-51,3,0.633242778327251,-10.130533519807646,-0.3053749166074833,-3.0430772285232894,2.1705345732863814,-1.032163134845394,-1.4793831783637115
d813a821-8cc1-4700-a7a4-d4e6edfed26e_57-94,4,-0.8679874255233844,-6.487385818748309,-4.048344735457106,-1.9796698455530861,-1.947399949680905,-11.32038174916708,1.0754925661067822
2131b8e4-79b5-48f7-b092-e4a13ed96749_2003-33,3,-3.851103570801115,-5.117291030012991,3.7175844093285906,-0.6231147581491762,-0.23352282116718565,0.8114788266077655,-1.2557613072877805
54a421d2-763e-4751-a6b4-54e3d6c46cc1_242-12,2,4.350579112395196,-0.3961589546977651,1.4899812224975963,1.3804703423950118,-1.4723024004318508,-10.064044919943438,-1.8411332632096147
2dbdd409-0be0-447c-8ae8-3f107fe9af80_163-46,2,1.1141663812454932,-7.549864938923406,1.9334577615181743,-3.2812989417383083,1.07294807867623,-0.8275543660171047,-1.5479985121309854
a4048b30-d9a8-4653-a2d6-d07422e3449e_739-24,3,0.7722742706421146,-8.700010047793146,1.2642113635781054,-5.4522437434260675,-0.47004839517137437,-4.98815011474421,-4.355402673368806
44327c5e-9442-4334-b675-8019df3678af_2165-30,3,-6.828922111107583,-4.81349791764291,-2.7822044425821155,-6.882384885339755,3.2126670228962166,4.162745331913345,-5.387527813139119
ca1773b8-ec8e-4f61-8e8f-7e4211830793_1043-00,3,2.5873163890394464,0.6449489637370549,-5.832153666460078,1.214354166459684,2.33257087848464,0.8564331309280053,0.752969983535974
c06532d8-f1cd-477f-b9f3-e8e980d73b2e_1339-60,1,-3.843379709125199,-19.431336003060824,-3.0068316872221765,-4.164144693412098,3.2186401530829674,-0.10580793775027564,4.1474954078024995
d27c5c7e-db9c-48f4-bea5-9970078d352e_1216-84,0,1.2719848298872027,-7.83459087957432,-0.29527502880550405,-1.8855575910133473,-2.7797761691641742,-1.5431477418474315,-3.3590064608156247
cd1d3c56-69ca-4602-944e-bb9fabb9710b_1637-32,2,-0.5990439378854961,-16.19751702053376,5.634858139270139,1.1877351930808873,3.5797555048288965,-10.549244718213725,-6.07011943712697
f58900c3-5747-447c-9fa2-04c608e7f40a_18-07,4,-6.398710468909828,1.9000625138018208,-8.076855838251394,-3.8669673165139047,0.44324234604745705,-1.3763329510321656,5.403458196340062
620d3087-c6fb-4b08-bb6a-4dc4ede3b994_432-70,0,1.5028883875868275,-12.422906237256285,-8.450051800573386,-3.42178037474563,3.0870889545051963,-0.7575606982617986,-8.695322966542571
13a15553-2fdb-4d04-a7b4-2efc33538525_875-77,0,-2.9469623037861092,-10.790014694216481,-3.9195455317330596,-0.2899241913098918,-1.292776950926005,-13.220940783039321,-1.4124972943991276
d0aedb4e-82cc-406a-a395-3573049a49ee_4319-84,3,6.392523918216663,-35.86526298450917,-0.3873311074074881,-9.16796221378958,-0.2500829360000288,4.318265955713211,-6.004481965253312
e70f4b34-432f-47dc-834f-5bc6bd67dc62_676-86,3,-1.0655425109808638,-10.53628233510155,0.711585799305007,-7.504703343938505,3.375453326424641,2.8081545978405096,-1.351736966180068
cfa595aa-c467-48fe-a86b-2e9b1a63ccab_1218-24,1,2.0121262890874254,-8.3165438147179,-1.5931190126101153,-3.094594422605456,-3.1873008854301226,-3.1279513972141753,-1.0570103096105634
1246d6ec-5620-4f71-8b4b-d823775f58c2_29-81,1,-4.638150532709336,-8.440028065085558,5.016730349707806,-1.569023576917798,0.7291035404859207,-4.0992027322807925,-3.306365869217447
25beabfc-48c0-4f81-b419-c47297aecf6f_203-09,4,-2.932261637385666,-7.562844271943017,-2.6096163752012815,-5.527281257042918,2.304698097175327,0.6939583278683017,3.1000704877793046
7c0c0057-3bbc-40ef-a91e-4d6e1a637642_1139-91,0,-7.442241740135605,-30.642302139827947,-0.7278333621415675,-5.474673365270583,-2.19491354244283,3.368400896880658,-6.093324975173321
8483fa90-f5dc-4d50-9561-244bfdf12ea3_659-48,1,-6.059782367971454,0.7208162391077897,-2.5969206248589507,-5.980798850546808,8.634791700000441,2.020125224999776,2.1101828729863277
862f0fa5-2c3e-4a6c-ab93-c059637eee8c_49-84,2,-1.9980164390855009,-8.765308528053449,-2.0977906608282755,-3.930886303078389,0.45078285602416607,-1.825616427222517,-11.64589662706239
f0b8d19e-28c0-4d11-bb2d-5c6576eb7dcb_138-10,2,-0.7326770977016273,3.3032812046471216,-0.3603171870799722,-0.8953099831401798,0.42278169650252156,1.8245224070213348,-0.006963587654201908
1b6c9a8b-baec-44ac-ab24-f482d0c30117_42-25,0,3.310715378433517,-19.514986106411424,5.734483671443607,-5.494488315738049,-0.21076656841849245,3.372786262838421,-0.6212838255028592
a717f100-51ec-4316-92b8-282aeecc805b_724-56,2,5.625331392601793,-11.648055087294015,-0.09728746151023704,-7.613849085492389,-2.1574285387560432,0.48549241854926084,0.14043767804148855
5c9b85ea-24a9-4bfd-8ac2-4ca6f9090231_3247-42,0,-9.397809523631524,-4.329142124941342,-2.7386556504296027,-2.113429031388616,4.573227125557007,2.6598282698998865,0.2910811619890852
dd82f801-fc96-4ced-b066-ad559da3faab_818-04,4,0.2572176010832887,-1.4469579050048633,8.41929590081999,1.1777734138335862,0.21229245325283144,-5.987097659828528,-2.008767312394247
8f4008a5-18c9-464b-9bce-1ffa824f238d_1620-01,0,4.085613762323941,-13.800624504045278,-5.791631187772043,-1.4089891899126543,1.285569938226377,1.9043746955393497,-2.856080084317905
e6b7692d-5e35-4524-8d2a-385475b95806_1667-07,0,2.748190935266113,-7.901898792439463,-0.7111281078594401,-0.6233639295133175,1.0227285423796493,-5.576244501297805,0.5496314251860557
134a4c63-583a-4e64-8cf9-002b6d26cdf1_375-78,1,7.267596123490679,-18.9865987615216,-4.499880677773508,-7.783604154456533,-0.43403420911630475,-0.4462319103304373,-5.703568010681776
daf5384b-ea5c-4cce-bb8a-540a360075bf_1127-92,2,2.537770693801309,-3.0094791416367643,-1.779955169460323,-2.09870520469012,-1.1026881697895123,-5.300754190852189,-6.96758394739437
490b4f30-9bb5-4bf2-966b-13d509b5709b_1247-51,4,-8.621737666266414,-10.247646142285168,0.31178712433835987,2.162171020409299,0.47298684521940926,-4.5281388601955035,4.568244764408123
ee3c00d5-9759-43b3-9116-3375227aadfd_15-30,4,3.8080033164934437,-6.681479392387931,-3.3829948719479166,-3.2754649260601716,-0.7691704422558678,-0.22503424039819775,-5.771262175390801
fb8a0650-986c-4c08-9d97-ac432cca424e_70-34,1,-2.3093751540136482,-7.390928598598199,-4.526160414941184,0.5012103435006527,3.2927176245099754,3.757221922816504,-0.5585606154959748
23ac3708-df1d-4bb0-a4c7-b2a66855dccb_950-08,1,0.3455207878773068,0.5632876002934175,0.7053525186923332,-1.7717821681273533,-1.9919532635461517,1.4638426275126695,-2.22821737895889
67bc312a-3b49-4847-aa79-63ad7d3e4217_537-95,2,-6.120369855249943,-18.45507757237169,-8.83321743207496,-6.576386119278152,4.234801245431421,-0.8793385581400068,0.9785494758728358
8447cf7c-d919-449a-be90-cdd05910fd9b_29-57,3,-3.4841078737559714,-1.8154332628314798,-0.37012255759055057,1.8904787784686907,-1.735141490845692,-5.0216457396320875,1.4593393563738897
c34effc7-6198-4c85-80c7-c8be85b77dd3_694-72,0,1.8772179331641032,-13.346927482621666,2.242098553170627,0.5907591642263428,-7.632696739745332,-8.141973154071637,4.775937908073546
a5bd4711-275b-4bbf-96fe-37553e5d3e93_480-52,4,0.6584637859627409,-12.642967147456364,0.3520033669009681,-1.9282841588390252,1.43205104924218,0.7955800145056582,-3.574331560432811
10019839-9ded-439f-a573-5ccacd7d829d_650-42,0,0.02296304185195419,-7.194308413940334,-1.2748669974511815,-3.9566638626110455,1.969042157522363,-1.614049159777928,-3.263866177913042
13488a91-cef6-46f4-8007-9453d5d49925_44-43,1,-3.0664590525055813,-2.1491942959627464,-2.3051450934650237,-3.5066871541492963,1.5290757193190063,-4.9876440930673756,0.55450429652525
13d7173f-e8d1-4124-a66b-2ae648da9dbd_510-46,3,-6.327664639542891,-6.609322802044895,-2.828052334783122,6.602749480353719,-0.34107700744236685,-14.779890658496566,3.6963612601479996
5826d5ed-1456-443f-b333-202bb216a31d_1637-74,2,-7.293774010796738,-3.252867079617455,-7.953651938868396,0.9382301836910272,-2.50310032241456,-1.7648890573097225,3.089149304287105
2dbdd409-0be0-447c-8ae8-3f107fe9af80_1653-80,2,-0.20353279096152366,-2.3264586694381046,0.9513359197735001,-0.1157658145547582,-4.274167580449937,-8.87875800397305,-4.9222717978082775
820d4b9e-6fba-472f-aa45-25b27241d4af_366-20,3,-6.769950282118734,-15.414415219242805,-6.012698487943807,0.6805807875406845,5.735952037397221,-0.02156499294549974,4.115177485411424
878666b9-5f3d-476a-960f-3a5d02da7619_7108-62,2,-7.32096646621625,-0.5988490424387445,-3.778657601481526,-3.2520896518166795,1.8320750403976667,3.6330865837601296,-2.2809356743325573
01ef2c24-ab95-46c0-a76a-7ec2f66aa5df_978-48,3,-6.9774650598453105,6.015536215971765,0.5114259781262276,0.010678381990268604,1.214311860322413,-8.318878470383325,2.3959456927713854
9632b0a9-cf21-4773-b95b-83aae9a23d0a_17-58,0,-1.749538963033611,-14.935360708211707,-4.838240609051179,1.0035771714190214,1.3664279954736378,-2.392553935391434,1.847851293822597
7c1c5dca-5856-4997-8cda-9fa3bca10a3b_1061-91,1,0.6190398444468495,-12.504389494376175,-3.631314590357123,0.7383054238547082,-1.7123044994066308,-0.029728773698088684,-0.9489943742294071
5605bd9a-d151-4d5b-b0f6-cfc28ae6937e_999-27,1,4.517453885277362,-11.1296514467359,-0.37060654038884866,0.14877666072238815,1.6295809305302877,-2.635357479672203,-4.978207552023314
7a680a9a-dd7b-467a-a724-a597f1be9f06_2608-93,4,-9.870569433150116,0.2827534638537754,-0.9403275183900974,-0.294648684668526,1.541755563130478,-8.091841372965149,0.07130603520206269
e93fdf27-c14c-4794-b4b7-20685b40156f_1313-69,4,-6.018216375937731,-3.1993890829052263,-0.5814070693402567,3.7982980301400397,-2.382788076634346,-3.089101254299657,4.021222540674775
283a15b5-59ae-4f04-9738-bf49c97496a8_102-60,3,-6.43440646876889,-10.683367779737141,-3.0450944288105584,-0.8457957545151921,0.9106415697724725,-1.4947050121438425,2.4039294048979665
77e28690-2ab1-414e-86ed-285ec1d15bd1_705-46,0,-7.319344322070203,-4.467667812712258,0.09628144193248989,0.7989368936259884,2.598941762102821,-1.6226978425062464,-2.118523581247512
4d24d57d-96ba-4ea1-9542-ee0520d20d3e_1879-56,3,8.286416314794906,-3.2202566315224646,-3.2027339689850574,-15.21750944374315,2.6863057752989326,5.373871358365572,-7.563428272493864
1ce16a97-f614-4660-b21c-4205b33c8bab_1988-77,2,-7.763166186293326,-1.627877517288602,-6.307686538314087,4.402840208854616,-3.0044863232599197,-1.6341811364034937,-4.5202864498953215
1acd2d5c-b0d4-4ec5-a54c-6a9c84cb11f6_773-39,4,-3.243349273293371,-8.790733001901245,3.146771071694925,0.832042720927208,0.39262167439412954,-4.386256005588906,0.7662263719770805
c34effc7-6198-4c85-80c7-c8be85b77dd3_2993-26,0,4.316446322480942,-14.056714623921177,-2.6266268289644037,-4.301182304300196,0.7988291929155802,4.415286919514616,-4.001485184633916
11663dd8-aa9d-429d-80e2-2807b341350e_224-01,2,-6.937389691820428,-2.687775427921517,-1.0038047394212282,2.779528145424986,-2.415024024376624,-2.3385680411712375,-0.5126848091745814
845cb298-d60b-4106-8213-d2aca821740a_14-13,2,-3.628879053633028,-0.9579295093401656,-2.177981266318546,-3.251795680164481,-3.4868649048792295,0.8961267063248561,0.7866424922018299
6e0c294c-d634-4804-8d41-cd6e9d79f0b9_384-20,2,-6.860400217351974,6.313992122244271,-2.1815609802595217,-1.6648016793159448,-1.3871180576810047,-3.401343039226841,-0.770495994626737
14e96091-4011-4557-95b3-a195fb5c39d8_919-08,1,-8.653352257069676,-8.007388713953643,-4.241765519680091,-0.1305368186504241,-5.775934104004992,-19.95979386497076,5.107423402586355
31bb1175-5459-4812-bb9e-f9300e2733f1_3707-13,2,-9.86036303812467,-6.237125213792231,0.05346984432390767,-4.821305044655171,3.5059873796180288,0.9096269416195009,2.8014618891771277
ec86fee5-ee10-46c5-b835-07c8a8d9651e_362-34,4,0.5815973336758922,-13.516596735926257,-5.255077390086249,-4.286866343795443,5.032283802884405,-2.3769856458648206,-1.6091315554362644
af862b37-12f1-4b55-a1ca-1c162c4f98a0_3380-57,2,2.2893166862920316,-0.7393800425162151,-1.7825866004763038,-1.8568164948997852,0.042090301465625576,1.8084410264696302,-3.0390614939865084
62baa1d3-a742-4d3d-a978-537a7988e13e_1461-40,3,-2.3863516290409192,-12.13023769176304,0.4299030679165319,-5.108956802070013,1.3597430605099123,3.5648284000719945,-1.5002707049026076
d521d31b-83aa-48ef-9ccf-eee9773c50dc_3808-98,4,-0.7091410887449339,-11.384206016589909,-6.1368172854003795,3.379454409855735,-1.1305046590529702,-4.770959323840266,2.2242810308805465
fec31c20-1910-4ab1-afc5-6aa3057a45f5_810-30,2,2.294673941568906,-8.841644802613057,-1.056930797018645,-0.6554559721356723,-3.9867414872012907,-2.3902357633770137,-3.9852626714408035
af43394e-d24c-40c2-b03a-f3cdff888370_762-90,3,-5.417971528478297,2.603368926957793,5.629865844231224,0.24738367930804317,0.5102875868620836,-2.616194299419454,-5.311586100798412
375ca7e7-1e3c-4159-9f7f-4691ef11f322_70-62,1,1.2065136417303937,-3.43210739876164,-5.619864300065788,-4.068592568858335,-3.175150390233464,1.9866148313882328,-7.265350333750386
0d6a065b-3fcd-4537-8148-bc55d2ee3055_19-05,3,-3.2620126796032647,-10.81168059773702,-2.304830835922998,-6.7349872964195985,5.55160169493972,-2.4664224303786315,-1.7951756954428133
ed792c47-5cb3-427c-a0e9-5dac33456e6a_968-42,3,-0.07508136418338629,-11.58661902843965,-4.2821064038003875,-1.2122193096075513,2.1406926011328338,-4.153850218912911,-2.0382219903260648
c6534c1f-765e-42e7-86f4-da210d5211c3_764-77,3,-1.5751907000826513,-10.382277489522876,3.123027453072384,-0.8496794158346003,-5.595372829725297,-6.384205811446059,0.29832165587634507
828ef13f-f52a-4a16-b206-4ec7e471f025_147-18,4,-0.6688305086270003,-3.1726839361230987,-9.134755793125894,-5.923386582376495,3.634296833435354,-0.4206513721430887,-4.585452916409783
8b82316c-c293-49a7-b401-a3cc026ab1d0_2988-29,0,-5.598487371217146,-5.4892527409541385,-4.034561192124519,-1.3299817565578358,5.324517680727149,1.1316926252186106,-2.854513040210028
170fb6c9-8550-4e82-bb9a-4ad574c0f0fa_7137-29,3,0.025464733512813753,1.2776175327722843,-6.816835773326355,-3.4677641355370166,-1.4147224831304224,-4.046370113478984,2.8704992283254276
f2420e55-e559-40e1-9c96-863c6be763fd_1649-73,0,0.5398091407718577,7.24040786899156,1.603142864363174,-3.185223246678932,-5.343634397588146,-2.323625144599034,-0.04611235293077143
69f1101f-cb9e-4ad1-8fe6-ed840e5bcf9b_1350-51,0,-4.752810412602068,-8.894789246382148,-4.385600554733164,-1.8691692029537272,0.5639178649174388,-2.456820054912389,3.995782084016202
786877d8-e353-4fae-b488-8d7443646882_224-14,3,-8.951026987992785,-1.8143792367291818,4.946920351924753,4.808105922912427,0.4159136924240909,-1.4405142777904736,-1.9007796522330762
4ac57aee-4ac0-457e-b9de-9419056e4bbd_295-55,2,2.5815609960292543,-1.8621945830240723,-1.921021857141475,0.3443504735442309,0.4454006045153603,4.876100478716634,-0.7834865269180084
513f572f-6d1c-4a8a-8b57-9c1d0aa363f7_843-40,0,-4.043488794046892,-11.576479926597365,-3.9622860687299832,-5.171414462423131,3.269697692926542,-0.23620865393845825,-6.9132575221198245
3e418323-3ff7-4d03-9b60-275f1e20f5dc_315-49,1,-4.035363603515185,-1.5180654471296977,-2.900708550509315,0.7855880302573497,-0.6325228757206793,-4.741466895778761,0.10488825906974353
fe0d5ffc-686e-4846-bce0-1a18e513bf95_2543-03,1,-4.973833151073671,-13.727129111957936,2.3444978251595217,-3.1140038010848303,-4.717607261930823,1.0988576744870104,-0.3615997249461882
4767de01-96e1-4cf4-80f4-1c9d3acd26ed_650-13,3,-2.5653942995640273,-10.580354578610866,1.9205592416221213,1.3861331233065215,-0.8747257852750362,-0.3381689506646923,3.080478460769016
3d98a5d2-a34b-499e-98f2-9195f300394a_3004-17,1,-1.3550794886169122,-8.466675636542355,-1.75270118459574,1.7600457381560863,-1.0904024319929735,-2.964755569690831,-3.0473618421225313
34590a11-c136-4423-bdc4-c6a45221e546_565-25,2,-6.941326451519294,-5.459645125979807,-6.643572973247967,0.3068231590178945,-1.3709641768033083,-6.467099216824384,1.8108061440544057
6c0ca07f-6bb2-4db4-a0c3-5926726493fc_1648-38,0,-2.439519368474208,6.329791672031813,8.163197594997165,0.20797928361521012,-4.707956644594592,-11.108983249667086,-8.230201674556566
b57a2268-9cac-491d-b737-ad8dc28b15fb_1546-09,0,1.516609631743354,-0.9947801814302055,7.757149758132507,-4.991533701445729,-5.358158143088658,3.086039953418898,-6.816024294529538
f51552ce-3d91-448c-8770-9800a6b5aa50_1666-29,1,1.885304372726509,-2.530356883639433,-4.745536444132004,-3.8084803197037336,2.477987318638099,-2.479618392206714,-3.0740633286791503
ae56fbda-009b-485c-9dfa-72ce89e847bf_668-09,0,-7.48109566077656,-16.54152771231489,0.2773591011213544,2.4228587785742404,-5.640815281078268,-3.537167439947976,-1.7782358624738517
8c075dc9-9c6a-43cf-8c6e-fb1af3624cf0_842-26,0,-4.767421866641895,-3.386516893585549,1.4521197061380469,2.0175546407411877,2.653091055669966,-4.071091045359477,-0.31361650105422023
a8983a14-da13-4e54-bc7a-b027b374c710_536-56,3,-1.1606966015427826,-5.782312724362512,-2.9150495091838513,0.40031655409326683,-2.878202307745517,-4.853710080526528,2.6411008159272606
64049385-6855-4eed-8b3c-ce3e8d704008_1157-10,1,2.3415872270580342,-6.8363854334091165,4.114581917994875,0.30069606430598483,-1.8827254976718883,-6.2445650627071085,-1.8352273035927043
1f4a4d13-f083-4464-8c03-5e09f55e3f63_1207-44,3,-3.887757787997926,-8.362181539900332,3.5773233804576905,2.548634922502372,-1.3002200466512444,3.1553160256450594,-1.9773314403184787
1bfe3bec-79fd-4b1b-8738-4d313f3f79b9_355-45,4,0.2569874962232217,2.0452597589755186,-6.270663895510572,1.2218942406564115,10.335517237305208,-2.4536253194759903,-4.5572384356745745
2d01625b-b7c4-41aa-989b-2d0b392d8b54_195-58,1,-8.642695529222106,1.3483744874475692,1.125497668128336,0.5358678940099701,0.743803485269567,-3.47983440769903,1.1903926978123593
fec31c20-1910-4ab1-afc5-6aa3057a45f5_381-77,2,-0.47623835940994197,-5.719934981163931,-3.397701081152534,0.591660287420595,2.999985630590335,-2.004211532363504,1.337161549153914
cea9a5cc-6682-474f-bae4-483ca722ec43_359-69,4,2.4134413743616707,-8.465613709421062,-3.393989909988811,-2.550807481204571,-3.128761736987767,-3.1022506280633086,-2.1758874262124026
bdeb0df9-2983-41bb-ba27-c431d9ef3163_1770-19,1,0.19839339608422701,-11.824399276332608,0.7724471365162088,0.3751702959449257,0.7647527339393585,2.389617319078877,-3.283725668981906
3f7f5927-02e7-42ea-a31a-edea41bc17f9_565-60,1,-2.3875964834222367,-8.006784862076424,-2.9149338218770806,-6.080601829937645,-0.5707541551202122,2.7743270659868915,-2.375170471104603
9a33e9f1-a740-4810-a624-62b0c9935741_1894-42,3,-8.311995992925437,-0.9150225017974103,-1.8603084517966502,4.038998008788777,-1.7039903916038865,1.9783250085182766,-0.1489436592946387
307b1878-875f-4703-bfe9-32d11d20853f_63-96,1,2.6640401331051056,-16.640565084832822,2.21484052294699,-6.824219068228226,1.0116228814226669,2.51896560513403,-3.162076690496214
864618d9-cc17-4e90-8c64-7a1e4ba23d17_294-04,3,3.0142095453815143,-9.233031111275292,-0.006116556604775614,-4.521728835330822,-0.9740513588292078,3.7667795385517246,-2.597905201362334
a437e059-78be-4894-a7ab-dc27fa16d3f8_6791-07,2,3.0014967936244776,0.06218098005524286,-3.4036933348011464,-1.214267982824314,1.313871388624158,0.11876573904074839,1.5857698202541983
583dc873-0ccd-4d04-bb56-4d403ab28e85_218-71,4,-3.5945856228480446,-9.238229001927431,-1.3886557259378467,-2.9808550293112943,3.8401453561731214,-2.6364638940949936,0.6392649920104916
5e193b30-3e79-4851-801b-dab99125cd44_2971-00,1,4.125786051439999,-11.033504371292835,-12.550884736343727,-10.43981762375953,1.6915663130922591,7.462805377540299,-1.9606911054260923
8f4008a5-18c9-464b-9bce-1ffa824f238d_96-39,0,4.275302228153178,-6.572140087837448,-0.8578612590966542,-0.6569546534867203,0.927533850330813,0.24490433373918497,-3.4637262953365777
c85251fa-eb44-4903-b27f-9cdee26e0ed5_1632-58,2,4.720489047005812,3.2047736867191245,2.2071906809421353,-0.8610241037745188,-1.8938450686531927,-0.8928245401700039,-1.191164386845713
db35b386-4c65-4c5e-a488-51b2aa5eb1fb_481-32,0,2.9960348083485155,-13.94551658588569,-4.176750394739929,-3.186990388781834,3.069141061803786,1.5811680279415221,-2.44951882746427
2638b358-6b13-434c-bf03-a48bca96f287_636-40,1,0.22847873768909843,-6.866641603309934,-1.946980139874694,-2.8829451852393455,4.050334330946135,2.117277992851925,-2.7405966373675588
ce19b572-7341-426a-8c2f-fe067344c98d_1914-35,4,-0.7526576567532008,-0.4552231759037664,2.8515924774192634,-1.6162147183904438,0.5821394178052706,-10.483012120412777,0.46031084652393095
110352df-c7a3-4fec-a707-42936d101c28_3-37,4,-4.384466944175797,-14.44708018873014,0.6470349993786222,-0.7834741709806919,2.525790971861524,-6.043599132079445,-4.532048371384684
e65cdb37-b00c-44b1-909f-068022d804cb_868-94,2,2.1009603251020286,-2.4820372033095195,-1.2944066836211,-3.7108849807107314,-2.023961891557796,1.3079760523387902,-1.0831828938401329
baaf6d24-7117-4b0b-acdf-a79765036d84_1340-93,2,-5.384445368372471,0.7313571545226569,-0.9549936158226784,-0.06293954691577053,-1.981817503895512,-5.685498628318403,1.45390493377413
fdfa65a5-9d90-4d27-8667-cd2c511614e3_70-13,0,4.029599964456828,-15.597655159468797,1.5746853482818244,0.8048244693377249,-1.3348603311456417,-0.6783563306152931,-0.11662647914184832
1e9da62e-72ae-48d2-8b6e-00a5283d213f_571-85,1,-4.971328675844885,-6.293950037949468,0.07846129410113811,3.887717094666885,-0.5668568153676099,5.565005471357699,-0.8520057169385342
3decc0f8-9806-40dd-83d5-26c495dd7830_2268-25,0,-5.982396625051107,-6.120708744828175,-4.182588399818135,0.11599347424219686,-0.9340849917290914,-0.8720653313252622,-1.9125165730233766
1c0ba820-4a30-47dd-852d-c30685c7051e_36-98,3,-3.1550036920215234,-3.5467313624215144,-0.33151605263948314,-5.592414195156611,-1.795248225442838,-11.93149190611555,0.18832169853049163
1f5ca4f1-6200-4a9a-86af-150824b51f67_717-00,1,-2.326068557246364,-4.310977064608668,2.786094421693609,-1.628984013171507,-4.800150186736318,1.4496950740993655,-1.9840479979280337
24e24f1f-af43-4ee5-86be-2a4d5cf772c5_40-56,3,-1.4649151075732678,4.233769599993024,-7.3465125829499485,-6.824492613358293,0.5004223119405765,4.708640746159161,-1.0780085032107818
7b5fafdb-136a-4722-84a4-cffb213a224a_1092-90,4,1.9873545023850716,3.557227066754038,-3.3194070293312548,-1.5414167991583283,6.096745921691165,-9.543348793042114,-4.524431290075704
68134357-62e5-4f0b-8300-2e661763aeb5_389-26,1,-1.2950606939428206,-6.30891493020174,-1.519691567526083,0.1940377780792546,0.7635002460207505,-1.9693207037717877,2.779174203747072
7e80931a-2067-419d-8f9e-2aff41dd330c_2937-25,0,-4.760531991602123,1.341181760088289,-1.793493413194775,-1.1289190875461605,3.378617953308221,-1.012274061347158,-5.095396614158605
eb20bebd-41e5-4a02-aa7e-73d3da5bc97e_68-58,1,0.6276595975724881,1.2869947915380173,-2.919027106944174,-1.272396900534981,0.5258241538633368,-1.5680772604064317,0.10290869363216726
11fb6f55-4bf0-4992-ad15-d30a51447ab3_745-24,0,-0.5379765242813366,-11.213803693345213,1.3699026888952184,4.8447461317702345,-0.9485103017171899,-6.34700619008146,1.7945240612853428
bac30fe6-c597-4f1a-add1-d8d989205d98_1087-36,1,-1.6779046647980287,-7.9845512327096,-0.629028039435873,-0.6338710581557598,2.38528911644327,-2.740640363567768,-3.0592881864514387
ca800ee3-fea2-4825-ba1d-8eaace908135_6490-17,0,2.0232661891821384,-12.253462822668093,-3.3525192402240274,-2.1419811143888206,1.2093160567214714,-3.4819736314181444,-0.6448561341082295
e1b0b312-ce2d-41a0-be5a-70c807fcc5ef_2428-09,2,-3.0697890564515493,-20.52042459833863,-2.4635561780860344,0.25345666084919927,3.6244088827716334,1.794644067953175,-1.720941482056595
b513c72d-8b77-4bee-96b6-b5f57977a3eb_765-76,0,-11.787185633575273,-3.1654582611618878,-4.695981961028701,2.8537137022570134,4.911538685137889,-3.271999397576197,9.028175366488183
17cd1d99-044c-4b1b-97b4-f3de34f8e55b_251-62,3,5.895777230830004,-15.135516662959983,-4.58752004589207,-4.84581735008354,-2.7569255392345666,1.7734767378699452,-4.510395615087702
bebfd0fa-93bc-41a3-886d-e04a3675fc6d_293-94,4,-1.3557735636343948,-7.516110354189892,-2.9365467769552227,0.6927198403671534,-0.20504291018149698,2.1566680510307137,-1.2081360412518964
2c77de23-cd87-4a41-a83c-4bdc0170f45c_80-46,2,-4.94804574744461,3.0017304735645984,-9.742044496135465,1.4609378115425562,-1.908078225180558,-2.099571155078457,-0.1316871804093559
2876b375-e848-412c-8a6f-0664cbab6a33_574-54,0,-2.9406459861105865,-1.839641863029052,-0.6386789206191527,1.600249432337957,-1.5242688442790528,3.649388782391531,-1.0551943274354267
2ec3c123-0a04-46d7-97d5-8b85b5e6d06f_271-92,4,0.576688586140599,-2.7738240192745516,0.0545772647442444,-4.170475520947293,-1.5247888034210733,-1.8732729271692357,0.7840888656110059
1f61d972-e61b-4846-af3a-d09db9f111f8_1079-93,0,-2.2960093139214965,-10.03114482684245,-2.3221690348285113,2.6287322150485544,0.17691571785807608,-6.048513151417281,2.8752761555745376
d013010f-fca0-4fc0-9545-500318a8e91f_511-08,0,0.6185584266007269,2.061461278827566,0.7076511420703601,0.4055626419909324,3.0661999455594797,-3.375807018118996,-5.147625292970234
9a33e9f1-a740-4810-a624-62b0c9935741_636-64,3,-3.8337300062647355,-5.877244385333728,0.5789351210554474,0.9604016643782475,0.5589804106456678,2.5804986004261554,-2.205402525800208
b99ceea4-7fa3-407c-9b9f-1347645d23f2_13-11,2,-1.3484287330366909,-8.302768557002928,0.26271438612548415,0.7897927066710055,-2.643630379279943,-1.7608119877339905,-0.7651502282038211
fd2ae8b4-b683-4c4b-935c-78b4dadbdbf8_565-30,3,-1.2935498634398825,-2.6150015347098634,-2.358965246561167,1.0542485903718313,-0.06594115768381165,-3.115384738751687,-3.7137022353732174
d813a821-8cc1-4700-a7a4-d4e6edfed26e_449-05,4,3.487106428125434,-12.742867102501624,-8.266856877455865,-2.167384614600194,2.9726707373892745,-8.915510160540315,5.04303774856508
268a17eb-3f11-45d4-a671-9e0d8a637363_2969-91,2,-0.34082175761860056,-17.274579001899255,-3.671018056348246,-1.690328757018372,2.191165991569499,-0.5878880771830248,0.36489695019395574
a1b38e9d-7225-46ab-ab17-a61b261faa36_1920-36,4,-3.77600737780752,-13.06629907688777,-0.06287437704798648,1.043188696648115,-3.926868523444694,-5.199078672735492,-4.356518520339692
c5938442-90c1-413c-be06-186222d8274f_0-03,4,0.6528273585613706,-3.9022089220695655,-1.7795204219278897,-3.280583818201385,1.3375041415834383,3.1504890387910613,-5.582528671832573
4d89d233-dbcf-4ea2-a90f-9a2c3b42d1d5_442-41,4,5.930292922684648,-2.112144988467235,-2.0759949541059184,-5.699459582102922,-1.1301616544723045,-4.845680118260515,-1.7753412998804678
64747fa7-c7b9-46fc-ac9d-ea9a514d91df_73-27,0,-3.7040310935859178,-4.303469287209236,-2.807299699190196,3.093625643999717,-1.5008370018482504,-2.399517344280425,-1.1665961522517183
2dff68c2-6310-4763-8d39-05a1dbe40fda_501-39,1,0.059762400446453645,3.8718696557601335,-4.445795978435582,-2.7888894588096345,-6.5325999635947944,-2.2591484470918135,-3.3406783857575695
24c447b6-094f-49a6-9c20-ed594ab0da65_947-73,4,-4.008345505509647,3.7538951892579497,-1.6241491861300266,1.6790656123245578,0.12678017767570318,-9.446050855624957,-2.4358211829265786
6d14a0fe-6fd1-4c6b-aaec-a7c38dcd7294_661-60,3,-8.485663465084079,3.3818213755795297,1.0176040647534754,2.2547709643600307,-0.39477137473552065,-3.724504051118074,0.08637195292032862
8dd6490b-6291-4793-b05e-79250f87925f_1553-75,4,1.0732014050269902,-4.5983640879755345,-0.3232438274223153,-3.052612833582125,-3.7367017330139136,5.075780351348247,-0.5913090687731148
0ca15932-2ede-4802-8f8d-68555c68c0b8_525-50,0,2.575497353256051,-0.4064076760743811,-2.1732674668775234,-0.9773652707500398,-0.27210359465602724,-0.45322389095865545,-3.0026745248848083
21438820-16d7-4fcd-b0d0-5def201fc65e_1321-22,1,-1.2309356887775922,-4.55440980273019,-0.6081778176717626,-0.6052607624620916,-1.5843649510283768,1.096222710843597,1.5032713908985056
a5bd4711-275b-4bbf-96fe-37553e5d3e93_156-00,4,-3.6259127835124585,-10.788436256653773,4.298962630961512,-2.185018150531202,0.26361301727591924,-2.017929392866706,-0.9097746788640932
cc83fb01-1904-4917-8d11-2fe2c66a990c_5792-18,2,-3.5002792436942087,1.3144670405206895,-1.3369616574663497,2.389555484170135,-6.87676511160974,-13.06652169917746,-1.6584284823779583
56da7a14-f3fe-4dd9-9acb-92917603f42c_469-73,3,-5.102334479742188,7.746577369922625,-4.849791640506387,0.13938454316130622,0.9647796373030207,-3.661454658346766,0.051621507226171426
dd82f801-fc96-4ced-b066-ad559da3faab_836-46,4,1.438526574612506,-8.900050852352322,3.4051022779630262,-6.842800569933946,1.4710712172435851,0.2025006633183759,-5.751917670699676
ba1de596-15f4-45f3-bab3-dbf7283490be_5-13,3,-4.0440348564775315,-3.715482108777845,-1.6677199004039918,3.644418375582673,1.3923192328110023,-3.2351022378229652,0.5540294080195303
4c70179a-f411-4f81-b44d-cfe34b8f9180_551-50,0,-6.0673759789788555,0.14036991845698754,1.661977875668594,-2.286597546875944,-4.162429476312687,-2.1615102214137325,-0.5881305473789331
992af5dc-64ff-4e24-b324-cc3df15be595_656-31,4,-7.925554260936487,-4.5663318266365405,-0.8932461451769882,-8.082225731650446,1.4577788703419747,0.6415911613177605,-2.384126512459355
dedaa2ad-306d-47b3-a4c4-90b6b2c37e78_8149-03,2,-5.075302698868378,-1.216427676448541,0.051695747151899285,6.510384931907343,-1.748240569428714,-3.7652415318638406,0.22270752818427952
f2017e02-2e5b-419c-8216-5a256a925c68_269-97,1,2.5153142305885288,0.2752279649410818,-3.815210529216354,-4.917760462047079,2.3080337498444385,0.7311481638982529,-3.459809833592053
b390f179-78cb-4522-9abc-467e0597d4b7_597-75,2,2.512362080366562,-3.3517616642183095,3.8594331454260518,0.21554882807878384,-2.1695691483809396,-9.499949457395395,-2.4954115039639704
083b7556-9dff-40e2-9fad-bef3f82dbf37_51-98,2,-2.604997724600527,-5.4495029040327685,0.6997294705495818,-2.2017881252347644,-0.9651518269846711,1.2069535372268732,-2.329403062575753
ea417823-8ca0-417c-8901-114fa4f2d47f_258-70,3,2.401210726808853,-0.46221454700590225,-1.3169802062200913,-5.23185801625838,1.059159411709621,-5.708016621907368,-3.351723485724447
d0aedb4e-82cc-406a-a395-3573049a49ee_596-85,3,-0.8753614940399796,-7.058305083562819,-3.913503911122033,-1.211795731104384,1.4925146801668967,-1.790087724959827,0.7189536746780012
67a8114b-7f37-443d-8beb-64886095f935_184-82,1,6.321224579216518,-12.427321029055392,-3.284219997587666,-9.072500630478796,1.910081095467128,-1.5121268337034761,-5.668983876690693
1ea95f25-81f9-46b1-b7a1-c4ca58251c6f_1089-87,0,1.097028528041541,-11.011652766844652,-2.9910469389598795,-5.665861921705435,2.469700668130057,0.7038537925411659,-5.526367080720599
39af7641-e376-4a99-977f-4d7f746e14ba_79-79,1,0.3788979513636692,-10.753409469070181,1.2308156373067112,0.376291598090321,-1.2928360990123409,-3.6741696460197786,1.0070933127553652
375ca7e7-1e3c-4159-9f7f-4691ef11f322_68-87,1,2.119114330615403,-3.8800886981244735,-5.8504879458885615,-5.166351272958588,-3.7985822959218574,2.7393360080964952,-7.046286001184773
14e96091-4011-4557-95b3-a195fb5c39d8_273-80,1,-6.353227333006762,-10.687773128383672,-2.2069371632299664,7.229496282348661,-6.687022811248838,-8.237480219099023,0.8468297877989592
fd2ae8b4-b683-4c4b-935c-78b4dadbdbf8_4020-41,3,-1.4085317619459665,-0.9531445785335997,0.724668018263412,2.504921608114535,-1.298685313993991,-5.563139391356523,0.07673467772614839
90398a2b-de6b-4232-9bea-149c48cb1326_334-80,4,-1.5147042486269668,-18.478573383723408,-0.623580709061855,-2.8938350675194275,2.392869805213446,-4.152491936253876,-4.135781467365259
343f8d57-6331-40f3-823c-2aee4d5cc10f_686-43,0,3.1817299031204276,-9.449812195191509,-9.33489916407315,-5.109193042295036,6.188137735776245,4.210080342332644,-6.059216731389803
38788778-0822-4c9c-b51e-5bce8a765a97_91-28,2,-3.5006819509044522,-1.9688503473695302,2.7363629954451767,2.5732562285756906,1.4170057939197527,-5.705122247968686,1.34412592560949
449763d0-a924-40a4-8830-01e7028f9428_3694-63,2,0.5337265776386408,-9.760517875509091,1.1261640032909022,0.9864394624865787,3.5625106295207094,0.04760986158673308,-6.044761968755282
449e14cf-f05e-42ac-bb7e-0ba87617f95a_582-28,3,0.5154577414865547,-3.2516261349669104,3.084669178582876,0.49217570123495,-3.6934709724105876,1.7222132386765256,-3.4006973584315148
b9de7a2c-d02e-4d66-9556-381f0b7ca51a_3648-36,4,1.11239041330952,-8.91671627985515,-0.6148173230800329,1.191769897094456,-2.167349537494291,-0.3707209070013482,-0.3659973984504752
e70f4b34-432f-47dc-834f-5bc6bd67dc62_78-75,3,-1.0235563090642608,-8.066449027106737,-2.989392683635766,-1.342778091381926,2.6051584582418124,-4.68483842959997,-5.228087792607772
9e0594bd-15a5-4ae7-afa0-9283683ae1f2_1106-88,0,-5.470677206125611,-4.10127770438559,-0.14447649636260274,0.435753790441028,5.201972039013665,-3.9955840731977146,3.6403007328464927
bb04b03d-ae0d-416a-8c4c-b2325edec070_287-86,4,-14.170608369162414,-14.571048174572548,-2.370520938667715,0.030568113667444385,-4.200888885743059,-7.377073446940358,-0.598730022250989
0f3fa455-3622-4fb4-a3be-0c1a7fd697a7_1157-44,4,-1.7194172229522153,-4.929592459109001,2.32131587867174,2.5316859667507323,-1.1271544658778354,-2.2084259990984876,-2.580806443517962
6a847d75-e20f-409d-8b91-77ada97d8fb9_168-24,3,-5.650015661147131,1.9455038871333512,0.1822108929958728,3.990168887385925,0.4360685925746847,-4.657785889787213,-2.7162287258697715
9a732221-3adb-4903-b61d-9b8097965fbf_3781-26,2,-0.5183405748981296,-3.094342353551924,-6.599500732691646,-5.515516088884692,-0.2635476850724143,-1.7041118770649302,1.3002916232412387
42263a6a-e984-4dd9-82db-a43d6e879c8f_528-58,3,2.682777552523767,-10.178239370660116,7.011953032676031,-2.6308667249357085,-1.1724571030909712,-1.6688696957517104,2.666321122368444
3be8d10c-8e88-4f29-af13-6eab7b509ed8_7-19,1,0.4332235409476366,-4.696405377726936,-3.4192913335092197,1.1037384551376297,2.432637885485566,-3.0936534355667447,-1.015160487319524
8e2b02c8-9927-4039-8407-514c2709de95_1125-83,2,-2.4759812267727126,-10.3220286046019,3.58599455837149,-3.57166492594351,-0.858248056142537,-3.577264066709943,-3.315841785065665
ac8dba37-ce09-4dc5-b478-8194e41353c3_2812-63,0,3.391473436427012,-1.7250904028008138,0.5053481299403678,-0.026772370739076345,1.4079699339127256,-0.7432432481483022,-4.921383658382133
9ced9631-9c8f-4a69-9984-e6b0763d11ba_278-77,1,-5.776988462690508,0.9255652115943134,-4.595251539806305,-4.5948014926745575,-1.6425004258124614,-7.833075460470189,-1.8431669528339085
11e56f1e-baef-4fe8-ad0f-a7ec8788ea3a_836-51,3,-1.8965715176261384,-18.035028201147103,-9.361568480523268,-2.776262953536253,1.387100094704263,-0.7279321622426866,0.2811722433982653
89d8c9c5-fa11-4674-b08f-007f81958555_1391-21,4,-8.853453028390868,-12.542713913706539,-1.564069392082267,-0.5521998181694602,5.805826914020066,-1.7357410834971132,8.227775081867554
35b1a8c7-80fd-402f-b240-768926b7bcee_285-73,4,-5.5457847779452365,-10.240917036443037,2.098649170326306,3.531418958011887,3.634956794468938,-2.1284894995700094,3.3998112365368174
fe231042-6163-48cc-a1c4-1d1163b0a440_494-51,4,0.406153239198237,-8.954447300996923,1.1009819631217894,-2.5915583297054257,-0.4493693988909846,-2.9107871832917107,-0.645425375960939
d0a861f7-3e5c-4836-9b43-29a0b3288165_1279-67,2,0.70806566653476,4.922561715191567,-3.8799058240903417,4.416221191334603,-2.6634349405412,-1.5080017117501456,-1.9419166734833
8d4895eb-b2d1-43b8-90f1-e80fcc37797b_2448-11,0,0.3128683012959299,-12.834571038133461,-3.508412404753165,2.3357873472560913,-1.1877104803191847,-1.342940527381846,1.7110992350084009
72c81e60-8604-4897-8cd5-71df5244acaa_246-30,1,-9.58685889513789,8.167146114644677,-1.9193494403696119,5.119507614874886,-7.80047256603017,-0.25314593843994393,-1.1532019684614798
421a0364-6ed6-4bd4-8db2-5de8e245c9bc_455-02,1,2.4394448074449233,-0.14364771715270397,-1.7011003145341026,-2.4208111186206485,0.6097244456100035,1.7830425259815077,-1.3442240740166411
952f40df-b1d7-4562-afe4-2a4ff569e949_2108-64,3,-3.786488676423051,-4.451028266603142,-9.902990619536062,1.09421019276706,3.3852874641617547,5.549160726615445,2.679634935170945
c2d28dd4-4416-4300-bbbe-23911487776a_1894-07,2,2.5631740959275344,-9.453092765429819,-1.607221052383607,-0.9319192557620672,-4.948108013645191,-2.2484186142302605,2.125275997286906
994616c8-63b0-47bd-a526-0680f4acff9e_109-35,2,-5.407745552850061,-4.963666799340535,-0.2750695211756604,2.1394507214004337,0.39090057356285396,-10.017691929284256,-2.682919369801232
e402df54-0a64-424e-a7e6-3e68b18a761c_1045-12,4,-6.365086527620068,-1.192972308426766,2.3143900676766798,-3.034182383816458,0.7117280901321537,3.390622625285192,-5.620903047601705
3dbe950d-163c-40a4-9590-494748e1dd39_6666-20,0,-1.4859602350139602,4.2384315783387345,-4.299830301356932,-8.976492780455493,-0.49224272826141674,1.4746268289586155,-7.734872682574029
80c74a5b-81e0-4bc1-bc09-2f146351fe70_545-79,4,-1.7696140834707657,-1.1329393806101375,0.630889358636443,-1.2348151127767029,0.4237752677278017,-5.828605503329449,1.0966595823518628
eb5cb2b0-59e6-45da-af1b-ba86c7ab0b54_705-79,2,-6.0130971461428855,-6.537775633941021,-4.036098349806477,1.9679556437896357,-2.597915751560959,-1.928739886518013,0.9135230200185219
95abf338-cf33-43f4-a8d0-44d6ea691d0f_44-58,0,-1.0893267084927114,-0.0028670616903712087,0.037344692887716024,0.6620624987253685,-0.7618814168559298,1.1189709497016451,1.1007183325971013
de37a11d-1dcd-4f5b-9054-155093b3a073_6370-24,1,-7.014448350587913,-6.187310285697984,-0.9508546077794343,0.3271560186319111,7.997257673588427,1.4372139804876105,3.548939902842183
4f80ac6f-b78f-441b-b80d-fa8dd10756c4_471-91,0,-11.414988909820682,-5.926802731798861,2.615820451999835,-4.800678621875047,-0.3155909012121942,0.7611341552785722,-0.786124727433754
c67cb1da-90ac-4da8-af17-4f8b77da9b9d_291-33,2,-5.362193056629458,-2.675169592344799,2.0187732353333905,-0.9566730765835496,1.883377235353966,-4.631858009756604,-0.5130425918080702
048d34c9-bf3f-4dd9-9da2-5f7da60ac2c8_955-97,1,-5.4074790847994105,-14.190827768485068,6.0016910291987875,-8.850517288485705,2.2130919934657522,3.8440559323235797,-3.5530560117361505
a448297b-ae62-4712-bc4f-849b39176558_2443-39,3,-0.686881421572999,-11.141091407218177,-5.670840716604484,-6.955446362225526,5.242088467221359,1.6683566406272345,5.322060025590476
51364391-163c-484c-8de5-122abb5898de_1080-80,4,-4.486861599234553,-4.602031762323183,2.9530280906463506,-0.5034255748258004,0.36479290307952583,4.9651228267389245,-3.2173563774980796
a448297b-ae62-4712-bc4f-849b39176558_3322-55,3,5.936821437897491,-11.627823087095074,5.090118564971645,-5.55104782875482,-2.4269141109060137,-1.318650902484931,-3.780508062055434
1c0ba820-4a30-47dd-852d-c30685c7051e_0-00,3,-5.2471134830416295,-6.024400583668732,-1.57046543480994,-3.341445307459185,-6.5922774310290855,-0.6360393278478886,-8.024591420908903
102dc7b7-a8fb-419e-9a18-b679e7157d99_517-02,4,-1.0911444195922049,-11.205374213000582,2.066795973825779,-0.6693074305512511,1.3356172434536533,-4.273569751356789,-2.9733517334793103
fa35a547-13b5-4355-873c-322c1860349a_1250-17,0,0.06987492881177149,3.2877483694813803,3.298486028950994,-6.729143259407493,-0.011707725928822476,4.74542325541243,-2.601882115444832
3a9a814d-222f-4712-97b4-a71d9f8b5a4a_277-20,2,-3.4646652523527184,-7.4510442011349864,-1.971948565686165,-3.9756954151598594,-0.6262089429072444,2.395964812382961,-2.376896141535917
6fd90f8d-7a4d-425d-a812-3268db0b0342_1001-51,3,-0.24684432225837427,-2.85983039797845,-2.4166003804553724,1.9059616665455121,1.3098376257217976,-3.2267126484135087,2.849605029696809
b68f87f0-29be-4516-a34a-dda69dd84a56_953-32,4,-4.441639485797408,-2.8748912184996183,1.1512637089105886,1.6020278183335144,-2.5069530698274627,-9.585078570430905,-1.7238565167866635
53e92e25-fe03-4311-9a17-c4f6a29ccad1_1365-15,4,5.734178305525402,1.2162236223199017,-4.873684900897381,-1.513674983170418,1.7106801150461535,-1.735482177437512,-5.856878776154254
ee1eea29-aaad-41a4-b299-c72ed26c9da5_801-68,0,0.21511234517151623,-4.414413051060831,3.489720810954653,-2.048356170705966,-3.690123007823704,-3.9689022859601373,-3.3975022949646405
6f7f3410-1e20-4eb2-b7b0-088c1500054b_299-75,2,6.120810714575071,-10.491487202890092,-3.9149999080509748,-2.2471862444940296,0.5396021027087365,2.2211750883778256,-2.2260813984396823
070776bf-f15a-4b6e-a906-d1ef9e132592_598-54,1,-1.8081077603979512,-14.930074872748857,-3.59228860532537,-0.46376757693013415,-5.072394289346074,-5.93576001702791,-1.822605738785448
c85251fa-eb44-4903-b27f-9cdee26e0ed5_1618-20,2,6.075872163496891,-1.3565590798213254,2.1394371845136355,-1.6594162840954212,-1.34922847110581,-2.714288744891604,-1.9405682804697988
e14bb000-250b-4f3d-aec6-e72d4f29d123_968-06,0,-13.625337024458874,-9.720424898238353,-0.15095894997783887,-0.7944734449181421,0.9851467548369379,-2.0189538337878927,2.4015865688315694
ed027cb2-5b92-4de2-ab58-69d42325ef15_965-69,1,-1.9309713183709774,-2.3354672245486583,-0.579024704894599,2.2291996215688443,-5.158947952337114,-7.15892308264714,2.094228053323855
d730a47a-013d-4cd3-b478-370f2fb0d918_1149-88,4,-4.04396655371626,-3.2913845933500885,-4.77077998185218,2.5578523292366033,-1.1892185767910108,-1.4261157021396231,2.809806745751386
c6b5d782-d267-410e-8566-f7fe5d4a78a9_98-99,2,-3.804438228843596,-9.431897482910582,3.3365909301794225,1.365163310769408,3.763030431168796,-0.38767598888508115,1.1553044704131383
a32e3749-3ec6-4865-b5f2-067d05c04190_230-06,1,-2.964437337792991,6.5805030544601,-0.44365588067954376,3.1055195003639686,-1.7447156973244105,-10.226737321600146,6.464815826514858
c1f4d37c-bfd8-4722-b1c4-767f8426ccfd_867-73,3,-7.4895663595333,-5.110667673518698,1.674643431136595,0.29877908121619023,0.9079726359141237,-0.2904009746067526,2.827686960704529
7fc72743-4b55-48de-b988-4c690bda912f_1613-32,3,0.8033679641405016,6.938396208842067,-3.1850077427975303,-1.1260682745208999,-2.0445250721785286,-4.184400584584185,4.567226585104827
9d2ec4ad-945f-4614-b41f-24260de662f6_1664-30,4,-3.468415333022692,-5.1636886342456485,-4.790460826211103,-1.2220051650050299,0.7133089202946077,0.2962114062054466,1.134570623303641
03fb98b9-e732-4265-a2a3-9809183acaa7_1123-20,4,-1.0676235437796575,2.168290584060916,-1.5228373926364411,2.0869545357585304,-0.9390106484385945,-1.6987865142503433,4.969009547393352
f58900c3-5747-447c-9fa2-04c608e7f40a_18-05,4,-6.302083835669336,4.244114981737962,-3.859756409880668,-0.7770044993182087,0.06216896821049869,-0.5009440531857186,5.484779851277723
110f9870-6b6c-4a20-a3c8-8c2e29c53bb7_1386-55,1,-6.156697010057099,-10.439253644974038,0.15602052764016439,2.3950432910512647,2.172997227431497,-1.0236482104130915,4.465180451806323
313cc9d1-c87f-44ec-9900-3ee8d75389be_148-43,3,-1.5054992607816835,-22.346851892374172,-9.340410050939674,-4.603173013463552,-0.6495275964711448,-4.178607629961041,-2.9819909634220068
dc4d0940-b35c-4700-af77-5f13bb530ad8_1063-54,0,-6.660061057895348,-5.948791999463668,2.236485257828404,-4.41425956497891,-2.268417828263283,-0.42612792029538027,2.1689003818360364
fb92d350-9bf9-4b16-8a1f-7858de276226_603-23,1,-0.20659245460555087,-4.968313647354798,1.052947123089318,0.08598149287448953,-0.2791208307661961,-0.01915384581631452,-5.663210071553054
d8936caf-0142-4ceb-bacc-70313a19f169_660-34,2,-2.3498867498996114,-9.70176158839967,-1.2814813396856568,-3.267317622287001,0.8573668320065839,-3.4232436143628524,-5.1382053214922045
79c62f24-488e-4a69-8220-3b20cb4bf72b_611-49,2,-0.7133433792858621,-11.980866211749657,-2.814818414558145,1.2667415965920652,-4.464005748777661,-4.41303989478613,2.591544882042196
86fb4797-274f-4807-848a-8b1ddc5c29e8_808-67,2,3.756931067700455,-11.46955879951931,-5.495343269575484,-1.35996365592941,0.43242871762337615,1.0283281947819205,0.5039710025364833
27f9cd4e-8b61-477c-9b63-ca3d437a0dff_855-42,0,-6.5570798173089155,-6.05306449087512,-1.3527371180771626,1.125364609343572,6.818668890503519,0.7458046858844629,2.3657287539467307
d66f42bb-822b-444a-bce0-ddd15b29bd1b_7-30,0,0.8888900879949113,7.878270360373025,1.7848915328489263,-2.752356801223195,-0.33307028646123554,-13.338712593947559,3.6455684577973706
6c0ca07f-6bb2-4db4-a0c3-5926726493fc_272-36,0,-3.3780593529662575,-3.7822017800927172,-1.8282108699079358,3.6628460947140926,-4.8533647665641455,1.0826469403089496,-0.3115141543651856
2c9a2cb8-93fd-4932-bb76-60e80822b70b_782-07,4,5.1954013274979705,-2.7708098839298945,-2.382325397989934,1.906550873768004,0.982257242649959,-2.103672413348745,-5.143659280623804
39d0559a-d1e8-4fca-b7f4-db87bbbbde7e_857-69,4,0.7660259214283776,-1.0178166659492565,-5.08962817249626,-1.1971318940125073,1.0796458185521671,-7.2948272875507225,0.6726453403069457
1c35e580-0eb1-485f-98d5-48f1f968e952_519-81,4,-0.5597647776296548,-11.160184435919042,0.6933502565179808,-0.017806690664270097,2.9666333291624447,0.2951988710913467,-0.7810839623750307
99a89af1-a535-477c-88a8-c0830ba33486_1246-37,1,-3.8508129320365656,-6.7661902074980995,-2.256075134071475,0.40379856119345403,0.4715141522163089,-9.15505535975112,-0.7505756549857032
830bd10c-4eb5-477d-9166-7d41ca86880a_963-23,1,-3.841818833375531,-3.724782528554867,1.040758300575265,-0.38752700356934744,-0.7166638462833297,-0.5798361029657133,-2.3539447084021496
68134357-62e5-4f0b-8300-2e661763aeb5_374-98,1,3.6011116841080106,-6.653859420118161,-2.6320457304089158,-0.6446990997488427,0.9931886116495412,0.35458834754206947,-0.938531316761428
7836e736-ef0a-40ed-9b77-b4c12a08b236_3090-06,1,-6.871788618342474,-7.540630961994682,3.4184960280854355,-1.3089031975463956,-2.984108526399846,-2.8669839254309326,-0.8193039876374912
2d1bf98e-a133-4f63-bc1d-91f718078a52_337-47,2,5.102193068727031,-11.303746351952448,-6.737544135100234,-2.3851651700967276,-4.816264385567684,-7.844810587220718,-3.1675632968628213
dbcca18b-4b62-4ba1-b799-a6a65231d084_3794-64,3,-4.977323448023198,-3.4196698007169526,0.6359157031872402,-2.771032084796168,1.295410384736314,2.047929870105226,-4.07840809297493
2859218c-84ee-4e85-833f-74255b355032_596-50,2,3.144350858781638,-13.364135410110315,-5.726982436860009,-3.789970876158362,4.784709065258517,3.4404863012739444,-3.9761752213322086
1a50cd38-dda2-41d0-8a6f-294f17373d97_2829-22,4,0.22114290716834395,-3.418575505102644,-5.330514889055305,-2.171174402578305,2.6642607289045452,-6.092782546903925,-1.7602180042443425
dd508a2a-1ea7-43d2-805a-8080eeae9985_27-58,0,2.0468148593488897,-12.580688200341624,-2.290389103713177,-0.6385804076330566,-1.0681859556446935,-2.576956487332911,-2.258863911887749
6c0ca07f-6bb2-4db4-a0c3-5926726493fc_124-14,0,-5.194747110029789,-6.8190194539470745,-1.7223189733766358,4.795974269942817,-4.074576375411158,-6.290178395277849,6.816973403899298
4c64e0d9-72f4-427f-995d-112ef1a2b7a1_210-26,1,-0.5057688058957399,-10.494421823403265,-1.3993002752275956,0.8160331590703067,-2.2290368038089334,-5.798395278240903,-4.197305138649688
493dbd4d-bfc7-4086-b4ee-f3d081c34697_864-22,2,-2.159248993228844,2.3852116472525493,-0.6390043582612102,-0.18107560647653465,3.788367768813273,-3.4677817505852806,-1.1998860347824851
e9e0f26d-3005-436a-a70f-7d99977808c8_1362-45,3,5.0731363182788725,-9.899098199187023,-5.046008550007738,-6.040040245511939,3.764953297044286,-0.8744678639660468,1.3941455433373096
15f1a422-327d-4dab-b14d-7003544c5817_1304-02,1,-1.2758812645954534,-0.7906679829586345,0.5793532472839128,-0.4682747370894744,-0.13541636962644674,5.18149764719532,-6.498663191560023
ec85a806-d47f-4555-8c4c-20f59927e580_3835-48,3,6.272338446012125,-14.68781826016265,-3.4412690410262443,-3.4003100388792453,-0.741691854865476,-1.1014383530431635,-3.646100792990774
89d8c9c5-fa11-4674-b08f-007f81958555_1484-97,4,-7.343729860815538,-3.6492051255056728,0.9317256833127634,-3.7517136479607327,3.677898964346808,3.2714051240244304,6.390911941964229
adb9100b-45da-449a-94b1-ae29e107e4c5_72-02,4,-1.6177425229234919,-12.204670695160985,-3.682934157755465,-4.481964107889321,2.691600696137305,3.081245298552294,-4.156027752500487
134d9865-d9ee-47e5-a121-589a26c6b3ba_1586-50,3,-3.765041945205361,-9.266241890511061,0.992951035647808,1.3652592840169646,-1.409233669275505,-1.215567507632124,0.4127776955397471
949b2e8a-83f9-4b89-b29b-9e8d81600dd8_2242-73,2,-4.197434405927668,-9.540025869294785,1.0485916054089344,4.276620886751309,-0.27668469209190055,-2.9667119667318795,4.122543698320005
0655e194-9ddc-41c4-9708-7e6c7a256fa0_300-01,1,-3.08280718729842,-7.8383184612944365,-6.610683990686194,7.01896659882083,-3.304518419914475,-9.071771994617295,-4.716644049673784
cbc5c4fe-ed66-4525-a3d8-d691064db66b_262-02,2,-5.317354899987737,-0.9035866906584928,2.154272723276727,5.482979834645829,-1.8783378263891133,-6.0298663682235585,-8.760848034466562
287c98fa-f0a4-4944-b798-bcae618258d3_1087-69,0,-5.494191111809537,1.364985909008964,0.9391814170018796,4.469538522137411,-2.435894210755948,-8.808259909598467,-0.45924427605037477
7d444081-73d8-405d-9bcc-9620e5feefaf_729-22,2,-5.320451786160239,-14.283482181344091,0.2408949668839926,-1.1263579444576903,-1.2423633345123828,-9.130660139312205,-0.716761489707555
b3a0d595-d5b4-4e4b-9c52-337053871604_278-40,1,-6.835529180921324,-5.84760899389285,-3.2841327639764684,-4.411091978405523,3.9715344675715145,-0.7046185172959185,2.1719183613426845
366b71ad-3f35-4704-b6ef-e793c7e73ac6_1178-68,0,-1.1320121627014557,-7.395412243777329,0.199792157779897,-1.9517154608930432,4.484149908337696,-1.4259637757649242,-4.385945417146097
9c07f3a2-5033-4f78-a377-a4cf5a7d7add_2010-42,0,-1.5122411038980959,-19.281581848225212,-1.3989848126302116,-10.40066262799925,0.4611537685332954,7.5773605062456095,-4.630520975025091
6f27deaa-7133-4bbb-b9ed-5310d6d05a50_336-16,3,-0.595086471660407,-2.1020454827350026,2.7350739780103797,-3.2147132735250987,1.3586837823484748,-0.03180673005406476,-1.428607291956199
8677afac-95b4-4ec1-aec5-39c90fd8374c_271-68,4,-9.409810885933316,-13.497927898614483,1.1588588009442882,-0.1481408916930499,1.2404851502439045,-2.4132257760373594,1.4062068582063285
57ac6d7c-d317-4f85-aab1-d95ecaaacd5b_290-69,1,0.02604972528074101,-9.268678713289713,-3.784302400946215,-0.9663663484821237,5.7133681891700085,3.2992637765215336,-1.4791116053614377
860be163-394f-48bb-9068-37e1c383ff73_764-03,3,-0.10161602002584469,0.6527098108388483,4.3228305797302,-0.8935892036810952,-1.5117408857559684,-6.802277960153334,-5.741989848607428
4b5de875-cc82-494e-b768-8ac0ae3bb279_930-87,0,-0.7275832595747658,1.7109408903075929,-2.8676143836585606,-4.006402096648193,-2.957460499109472,-9.79535429007318,-5.662631594418747
fa53388f-58ab-41a8-9f0d-55407cae3973_757-23,0,-5.679809518626838,-5.260678619646802,2.268084777333325,0.7099958298169036,-1.3523075381314842,-5.013666160545203,-0.07774412810290454
69366f34-43c0-4d11-bec4-3c1c945cbfd4_4408-78,0,-4.888268256006043,-3.7501609431531175,2.476673569994462,0.5989398640379757,1.4220404440093677,2.4366200387189547,-3.281864800239253
c495da06-2baf-4f62-958d-5ef2e6da08c4_28-94,2,-7.805821123153522,-7.9430211540985365,-5.098183091096929,3.806734030477765,-3.56524840191778,-4.748283546556541,4.035845745621399
04b2f7a8-1d95-43c2-8b3b-8053b22dda52_810-37,1,2.5164846292425542,-18.708974410131418,-1.7159080304351546,-4.050247354110426,2.4433088835284713,-6.817867447893244,-6.5242717920967666
f5ac654b-8f39-427b-856f-4a9a2d4a3020_9-20,3,-2.325743109540584,2.9216753372722577,-1.3519086091699521,-3.2823104112486345,1.230933191156051,-3.4587583916397877,-0.8796866328925061
356dd07e-8165-494c-9be8-b82d314bf88d_895-74,1,-5.741256258377613,-2.199774728633412,-2.536602460204568,4.081747338725524,1.0421587579336187,0.1414475978369052,-0.32054994337511755
4bd37cff-a43b-4843-b0ff-06ecfe00017e_270-00,0,4.123337812595619,-2.2251671861839695,-4.504875243101648,-3.3902411005610036,-0.22390533008838637,-5.201854397771884,-2.0449429171672833
c824d4e5-298a-462b-a408-28a85a7364af_683-96,1,-2.6452339356390766,1.4250453793522704,1.215058638844,1.4006236911131178,-2.131563330716917,1.710843719336626,-2.564906530366894
6fd026d8-b68c-46bc-93de-ccfa08809a9d_603-53,1,1.8023956590582657,-24.737371732337376,0.9062174572876095,-5.436902016865753,-3.738308396586444,0.013431956246749532,-1.0431069431589426
258a7d18-4e66-4e3a-9fa0-f8daf7315a6d_1892-58,3,0.4711754719748471,-7.878661656455349,0.20697461420254326,-2.53898781363378,1.6175728905589695,0.4853115950251441,-1.4412699987827133
d0925317-dc23-4cb4-a375-a7baddc06b27_901-57,3,-4.627350324374563,-6.300597881631114,0.05321726297584228,-0.7518718476619212,1.26451949743102,-1.5320673474185336,1.7217536426435898
1b6c9a8b-baec-44ac-ab24-f482d0c30117_216-86,0,7.072566619612186,-14.923906806943354,-0.38879121463747357,-0.27180734762095304,-3.5208424357838677,-4.614193934892868,-2.0379977027555682
dd5214e7-85bb-41b4-93e0-5ef34b8af687_1307-52,3,1.8374842067846517,-0.8207440190077646,-4.544680680475415,-2.981234084366491,-1.0880213622294497,-0.5356901189038927,-6.166170880498658
d3f76c88-5996-4da0-8b8f-6c1b8f85a4d8_18062-30,4,2.5051383030051535,-17.326198519709095,2.553024829465284,-5.667203511535283,2.3478678395238792,-2.4572001613201975,-5.905212753764141
102dc7b7-a8fb-419e-9a18-b679e7157d99_754-92,4,-4.928204169238443,-9.608859548928312,2.130020939704519,-0.07183087476727057,0.2965997067240118,-1.1469592523373757,1.0187671848430087
d3980f7e-2ef1-4b2b-b73a-2a7db7465660_452-63,2,-2.7814128944862473,-7.459720180983571,0.3059267504059704,4.478931172028745,-4.938844891157994,-0.42154151776440774,-0.953416891592974
39d1462e-506c-482b-9c9e-a94cffd71563_2316-87,2,3.34950840665397,-12.067406378781374,-3.4307391156242213,2.6992848954788453,-2.2118204186343164,-4.855052715986667,0.7133343179647004
5e7a6a04-70d3-4ce5-82ff-971ca6478328_1045-51,0,5.69650806307482,6.435566014471143,-0.9344365809934855,-0.08785169816619409,-3.791781273813381,-1.7328626875807658,0.9496394576113969
3c9b7fa8-5588-46a7-aafa-0a1404bfbbd7_1020-57,0,-4.833981332042904,-15.864969323792188,-9.973004406735141,-2.3185385387891806,0.5199754005336426,-3.3052744986963383,-3.7468363007385683
606a91df-fc77-444e-988d-e0178c83c586_342-58,0,0.29934963042669116,-1.9542141076140132,2.3884621856296926,-1.0117422376073668,-2.3910741180589556,-0.8027019463405931,-0.7166123444642694
ae59dda2-8aa0-40e1-bd48-af368ea8e149_1586-25,2,0.6732830263922944,-19.689818878962047,-5.645947297041502,1.9092315400709676,1.7712502061224176,2.242992438430954,-0.01683616538739685
906a5fbf-a335-4134-a23a-ece71a9683eb_1213-24,2,-0.7143273138829513,3.0740013045611105,0.0023373862898281583,1.9056029577508715,-6.0189848558787595,-3.3162951242681595,-1.4138885445517788
90398a2b-de6b-4232-9bea-149c48cb1326_984-97,4,9.169199122640654,-16.293287920902053,-6.0991831738030164,-2.3422456722147924,0.16355587465929713,-4.916457518674914,-7.074319569016742
3ae05e5a-f724-41e8-9000-90b7dd31379b_288-48,4,1.9085629165463964,-2.534572389882911,-0.7285310100592208,-0.8663961088761901,0.08290899628937257,0.5303999251366553,-3.381768749091684
f374039b-7f08-4dc3-af64-4e9ff61db531_2262-81,2,0.8867415110402412,-12.86732129058581,0.48658125505379135,-2.366537458682606,4.63650088338262,-0.6590062562763113,0.7915812868220357
8fafc02a-ef7a-46f4-ae97-b0c68c8bb207_16014-05,0,-0.09986060858395751,0.7332486522258188,-0.048406601191023246,1.5959746576572893,-2.3061707405308525,-5.4845322424076866,-4.975167389983552
abbc5555-7816-4288-8d4d-f42b0683fc44_774-93,2,-8.945830108162797,-2.0081980961753443,-3.0074396897532765,2.246678215770822,-3.169421495261758,-7.343419910730347,4.543850719002758
828ef13f-f52a-4a16-b206-4ec7e471f025_238-90,4,3.480943246611998,-12.723187188264916,-3.4467335950250098,-6.497314886750297,-0.5536874312988977,0.33619796148837455,-3.714914410486852
10a848ed-f258-4930-abdd-1fd60b788abc_549-51,1,-6.000811003181185,-0.40793859525678844,-0.6347008266957114,-1.402216970638714,-0.8086041021354866,1.274158269953214,0.9638408289221234
10a848ed-f258-4930-abdd-1fd60b788abc_475-65,1,1.0837936276990556,-5.702071216475912,-0.3116420564037411,-4.644363976660802,-1.7443829115225715,-1.70823006138184,0.049414280053257764
98ff21ab-6151-4429-a6ff-39d3c6fa173b_1442-50,0,-1.3527595770343877,-4.320051660798602,-4.406408549346773,-7.378142981719013,4.128857525056121,7.0703189218093545,-2.027337326187249
4bd37cff-a43b-4843-b0ff-06ecfe00017e_258-98,0,4.668534346308363,-5.31827621098042,-0.14965957744990643,-0.2780527541167286,1.4685972250624766,-1.2938662747915683,1.7812059193940237
407df63f-c7a8-4c18-aa0f-b8e6ae16a938_620-12,0,-3.1857573161213453,-4.601237302442528,-2.985322049552262,0.639230049571555,-0.9088722589440132,-2.41624017103958,0.9847233486228697
8b72b54f-f87c-4fdb-84dc-97e42ab111ac_824-00,4,-5.587249143094006,-9.57829093792254,0.4380384034663596,-4.1182901820750315,2.1594088825075746,-11.170921215941952,-5.836223929181945
1bfac46e-f957-4495-9583-dbd7fa683225_823-65,3,-2.731115803771937,0.7357771340367174,-4.511941871022849,0.5231284266732906,-2.1311197772751,-4.472590350529775,2.9054190870236978
67bc312a-3b49-4847-aa79-63ad7d3e4217_303-11,2,5.4945123200349535,-9.069756247604825,-6.1709996367283475,1.0351118620141895,2.735580970021372,-4.98650147771914,-0.3908393042751893
3625b3d9-e323-4c05-a27a-aba79f01a5bd_18-58,0,1.8817965248517088,10.171599362575542,-5.038301761093531,-3.1741168162922415,2.5846433157241657,-4.077660975441834,-0.788300839373248
4f549225-e82e-4294-9379-4891e47725c7_299-04,0,-1.8040663161707005,0.8629910438718484,-4.715548419731891,-1.5747292008853047,3.2717526509272155,3.0590681128500066,4.661273167933107
df630387-82c6-4c90-95e8-6ba558c907a2_202-79,0,-0.9951878273381922,-8.904366386835964,-1.7576416895115239,2.0172268279501733,-1.7481009688797722,-1.1332126514260572,3.278813317603234
952d5295-06f4-4578-929b-4113e4ff9201_792-75,4,-11.38118545713922,2.979022547724284,-0.9373795241402494,-2.4939290765721127,-8.341283809732065,-4.367069394673856,-0.5628418048364352
19f2ea20-5041-4be2-bdc9-714473f16236_4524-38,2,3.571489205840252,1.4729594896086589,-1.1675911293955041,-2.166088539205915,3.816707544123149,1.4401298369285103,-6.8756509415321805
7f5ed6e1-aca1-40d5-87c6-d156c5f02263_222-42,4,-4.60079291709642,-0.1502048418812727,-0.5573429545677397,2.629485958467035,-3.7822734140285568,-9.92537728626942,1.2439372313188966
156823e7-0339-4f64-9c89-80044fc8b218_782-84,3,-3.9966853991107723,-12.501885653539304,2.9792090889015728,1.7999691796627832,3.9631218867451135,-5.984588924656118,-2.5087968566444667
dd0aa717-59d8-4d8a-9f11-21be827fb184_600-81,3,-6.887052011484765,-4.451144571402382,-3.282244523511847,-1.419348011121206,2.4227361664688867,1.241817525369144,3.845238068534476
b57a2268-9cac-491d-b737-ad8dc28b15fb_2224-77,0,-0.5635224389855047,-10.176806916735577,4.352565938492395,-4.758936727429393,2.0632283901587796,-3.8650968110899635,-2.072116277606395
1e90b2b5-5483-4ecc-b8e0-fb0bf63ccac3_3303-65,4,-6.2662546883910295,-4.813887572105909,-5.226853854260843,2.897958077293319,-1.7634851856674634,-7.628899392850573,2.8978892058866235
8dd6490b-6291-4793-b05e-79250f87925f_396-12,4,-3.8504040461720828,1.2274569544587184,3.9847454672807725,1.2711912866141253,-1.1569659171421818,0.46563540097999123,-0.43116958963131724
8e748fd1-e30e-4bf6-a04f-5f570ca075ac_351-84,1,-1.9075631508128097,-6.007718556003182,-3.5836917849264918,4.150904990121255,-1.0463196549953953,-14.831018016568406,-1.2853812287256294
a437e059-78be-4894-a7ab-dc27fa16d3f8_7188-07,2,5.279503795793488,0.43290995203284677,-5.420986266731368,2.6739788095460666,-1.4724139399057394,2.05176335706875,-4.440503883791351
a8197601-7474-4cb0-8d08-e8a8febcecfc_13-71,1,-2.782144460903833,-6.548485906488741,-2.2981903138394024,1.7289733981338657,-1.2751083342139933,-1.5737467070767046,-4.399296619908035
c34effc7-6198-4c85-80c7-c8be85b77dd3_2681-98,0,-2.719858432384068,-10.645216445886604,3.302753596181314,-6.311610463262646,-0.0313535060232943,-0.5819430520728772,-2.63264933140335
9e9c5b05-c7d4-450d-9850-e6ae83caa9a5_3282-52,1,-2.922476244111606,4.9096256377462675,-0.5319962407841919,8.768456627929794,3.1840650455098776,-0.8375469885040636,-7.91058236429632
408acdc8-c286-482b-91ba-3fcda24fedc3_1554-86,4,-1.5467056046264265,1.4707934284404658,-1.99164676441643,2.721445376938658,1.3559951637224574,-7.646670377493381,-2.2750133649399604
bff1d1da-957f-42ea-8c98-61eaca98b5f1_1049-58,4,-4.574274605934884,-5.732330071493629,-4.304027878519812,3.2277715720583595,4.17890586421749,-2.9067502246873107,-1.0999229328585682
cb8df5e7-af5c-4211-b779-0568f94c7ded_1890-31,2,-10.34368947061131,-7.164217510746309,-5.483355865532248,-0.08563255112916135,0.7830604443176505,-0.2962217689621687,1.569573030826064
28ff9118-e876-497c-9901-cb89a62509fc_432-66,1,-0.8661291800457238,0.2992429556250409,-2.5711758161814418,3.0260480068943667,-4.008131936638365,-4.309688035205777,-5.030970831941107
201af2e0-72dd-466c-8280-8c3dc00a7981_602-53,1,-2.3297061886907935,-14.917386718648647,2.7545326685056306,0.2708962889179536,-4.2872089383867,-9.644145626512527,-5.268936067986053
59857657-5cb1-4268-9c8f-ab6cb3c3ad3b_5438-01,2,0.8587074952044358,-11.435936933691423,3.5194969508885023,-4.666227073940113,-4.772928034319228,-3.816813348859875,-3.3077929717866748
a2f25985-0589-42ca-af57-58930079dfb9_7290-57,0,-3.7185232348624475,1.0232922639514683,-0.3253307457813718,-3.8276798708607123,-4.906623153947808,3.2857251792008615,0.9320076775424269
1042ea39-9256-4593-a4c6-a0d0393da739_524-37,2,-8.154443767924672,-13.07662254641152,1.0782328145798805,0.5398314889223217,-1.1391848411575691,-2.2444492917819927,5.557341175980133
cb9de2c6-ff1a-48e8-b170-047e9471b588_884-63,1,-8.385185205196045,-5.520857115657632,-2.1862218027132574,5.232089094636317,-1.502848710713486,-7.918112421171104,0.7457520038654863
1a7e6155-3613-4f55-865c-00e196db0da0_3573-11,0,-1.025560919010346,-10.037146736100013,0.31478068756095634,-0.5925169243197039,-2.820557046087589,-5.126841254411126,4.995619136779855
cce59bcd-0ebc-463e-bbb1-094186a6ed8d_36-05,1,-0.6219622471721198,-10.738211093191062,-1.2804190235310529,1.9126212918710959,0.7990784393219346,1.521451860423927,0.21367867794016315
e14bb000-250b-4f3d-aec6-e72d4f29d123_977-37,0,-8.870283287733582,-5.235340984852708,0.9895425879820746,1.106165772886597,1.6167936385609656,-11.488232124993543,3.826747323075838
b68f87f0-29be-4516-a34a-dda69dd84a56_471-46,4,-3.1924940395517436,-3.451200348389161,-0.9974490155645768,-2.9168911290271975,0.5181789578989866,-4.144067240556119,-4.19100454881163
48bd6bfb-1322-41b5-9641-20a647976ea8_261-42,3,11.501503827080176,-14.223969475109023,-3.62014867552019,-7.003257468503898,9.205292496634314,0.6948088108396009,-3.443442776344998
9d26362a-4411-4d8b-b114-03f4f89928d7_1588-24,1,0.8061267443134537,-10.322050234126035,-2.609268989643118,2.011098475145897,0.04055991792620008,0.6939806412637561,0.91011273169723
cb9de2c6-ff1a-48e8-b170-047e9471b588_1100-53,1,-8.183727162077934,-5.933133932812278,2.540901137101951,3.5023992638970687,0.05424522763253805,-3.580527500756899,0.9704612303348326
67bc312a-3b49-4847-aa79-63ad7d3e4217_554-07,2,-6.011567151465582,-15.019728589050619,-6.54458314249728,-6.5234611558176505,-0.03507223449040127,-1.550114565046898,0.9489846631317217
2cc2710e-aae0-41eb-9a70-deb9217bb7ea_3646-90,3,3.031348933038804,0.8831657339149706,0.4279208511449286,0.624415988683748,-1.254580168165764,-3.581564500923439,-1.7544210998700203
43d83207-9c41-46aa-90c9-e30a6194be11_354-50,4,-4.124034869247971,-5.154237937213335,1.5118934717091435,2.198905765043805,-0.6308198840378241,-8.417049810908818,-3.997760943358707
c34effc7-6198-4c85-80c7-c8be85b77dd3_2128-22,0,-1.3871092667602327,-8.625370683741272,2.9027300714799837,-1.42751168024672,-4.11235194765793,-6.215271759911616,6.111673457928336
952d5295-06f4-4578-929b-4113e4ff9201_808-38,4,-7.725663741003439,-0.5629500191954264,-0.570730319380047,0.33141533636760634,-7.577703021317383,-4.0170932958026535,-1.0239115758562967
1626db26-0c74-43d6-a5c2-c1a8fa7b1429_2450-13,4,-8.927431369792474,3.7260338664431636,-3.7879359308168574,-8.867051986793438,2.7891236570694127,-2.707335318061756,-1.7647711545350073
a4bbdddc-c222-4535-a616-57ccbc8f9b9e_5519-45,0,-5.117851875602611,10.770150648236363,-9.326691082998074,1.2955810275955455,3.556087507003662,-3.696301266659689,0.5925903086490363
6070d9d1-9962-49f3-8ac7-4e29ca07e104_284-21,3,4.8647431590238375,-2.147092884794188,-11.041262414816456,1.876149678314412,-2.1564906926696454,-7.293784819349917,1.6225625572249822
564c0350-9fbf-4659-b310-a929fa3c82e4_555-36,4,-0.5129591791707564,-4.28801292771724,1.182383854923068,-1.956207927772256,2.174443837967481,-0.28619424431056206,-1.6145730666989582
1acd2d5c-b0d4-4ec5-a54c-6a9c84cb11f6_776-54,4,-3.9278640304858445,-9.92008756227478,3.4820671236854075,-1.7253749288098028,1.6833541255391125,-4.818110372725344,-1.4307437546740343
75141dec-d6b3-4e2e-a144-5a126abf7dac_584-16,2,1.730116698373185,-2.952131091571119,-5.944295100529932,-8.994735742236326,-1.5915519512550524,-5.197264224872773,-0.8321585093322353
e2a1583d-7460-4d02-ac29-6968f16812c3_338-61,1,-1.0478591902850318,-16.439675210414286,0.24987192158846316,-3.4996928806387957,1.9369333443916736,1.1260065915583426,-3.913241134814883
fb9fda68-f264-465d-9208-19876f5ef90f_887-23,2,-4.155972420386096,2.354179095269383,3.1261578452280006,-2.6168267697150136,1.3456698669207943,-7.520840582963955,-4.737581037884627
f965d286-b521-402f-9a0e-c73b49e9806e_1758-84,3,-10.06401945409312,-2.5519603764824494,-8.131040605307668,0.05930843808378794,5.817797271647729,0.7115442102559473,-1.071449749565286
ca22ace6-2d0e-4e0b-98d4-60544e5af4d5_139-96,0,-3.181108821838286,-13.138766298939267,2.484886474543189,-2.2429551479029186,-1.8794907558429197,-2.073094099579209,3.030604056737017
e6fdec5a-21e1-43e8-b662-9376538394d5_3510-00,0,-2.6243543800692293,-3.8625790923011842,-6.431114695388916,-0.1057448033098185,1.1678040522007886,-6.005675121772717,-3.2245734908265273
68a03b86-201f-4935-9847-f2753905f298_1057-96,0,-1.7788698459897963,-0.06858289350521929,-1.5706145297687284,0.8435422691242811,1.4434120697373964,-3.4220030571574203,-0.6040240915907382
d6f9d174-2d42-49e7-83e4-daa9e8b0aa25_64-13,4,-11.433375394130929,-9.142900733701966,1.8834033435885447,-1.1223451777853612,3.441593264840708,-5.956149671943919,6.1808804983229955
26192bcd-7240-4d7b-8306-fa4eed0264f2_4935-17,4,-3.113886575992564,-1.128933426148098,-0.0866630390520493,4.23645585274464,-5.809314378069426,-4.683589716489836,4.0147461425447135
5185ad85-6751-481e-8b28-2d93d2e20770_961-05,4,-3.107210983449438,-6.2155591953344675,-0.6338142479410664,5.995666593089739,1.345487294879141,-2.86238249000486,-0.3556007046545362
a49bdcc8-8f23-445d-bae0-8d9e5c4d9c63_1749-02,3,1.8137791289198797,-2.603340896684624,-7.967024359131207,-1.9575849933000748,-0.6430251898975902,-2.9766997719628754,-0.6672057645370131
a32e3749-3ec6-4865-b5f2-067d05c04190_1229-02,1,-3.634567498858842,2.222378054949192,-1.516184288040896,4.562074258169499,0.04290234851385002,-8.737878651915661,1.1611869111883781
1eee4aaf-a21c-4ae5-82cd-96fdccae6742_876-68,4,-1.555231841241476,-13.827425677173299,0.31979887481961367,-1.4666693672556237,-0.29159854843539934,0.06913564478770473,-1.0437629948124443
381c4c64-a697-42ab-90ab-a515740bf484_578-95,2,-5.031785182005431,-1.7866706746677457,-3.728020909779338,2.748918099451328,-0.28729173259419144,-5.858964512938722,-2.243576837320537
d27c5c7e-db9c-48f4-bea5-9970078d352e_90-20,0,1.106532264070545,-5.63098903065506,0.022143000313682104,-1.0422691701289966,2.1827857621633706,0.6042708427607686,-5.793197217414244
d8c7bf34-0440-48b3-bf22-263d7c926074_109-23,4,-8.929913126561718,-11.117939787392157,2.678822758674313,4.189591622225378,4.3737589326780375,11.563787427238335,-6.8049994001003435
1bfe3bec-79fd-4b1b-8738-4d313f3f79b9_548-41,4,-3.4478334356096974,-10.109118017235787,-1.348991835076883,-0.7917158214036314,0.07113597890458648,-2.999706895852925,-1.121325037594019
eb20bebd-41e5-4a02-aa7e-73d3da5bc97e_70-42,1,2.802231426584119,1.4743668464532194,-3.2759454282359686,-0.4751562587129383,-2.1751831252469036,-2.080011410636889,-5.677425587523474
b6bee905-eddf-4b41-bfe6-d57c9059fe61_1128-22,0,0.10866848014846875,3.205261946567261,0.3204249029604255,-2.2062338232075467,2.4474987955949956,0.7067570768850937,-5.054837346402629
e7752106-8e0c-47b5-a639-e701e659718c_740-06,4,-13.982300840216709,-6.013747304790273,2.855330413248244,4.063535502770391,-4.9912916846181625,-2.19091046336317,-1.3463379041436496
a5bd4711-275b-4bbf-96fe-37553e5d3e93_1416-31,4,-5.0040030890592195,-9.232394289337531,-0.5742895436926143,-2.9709949621095513,-6.612828153025763,-5.035529770606495,-0.968941794722975
5f26c69f-6f1c-4041-a81f-3c4808e0a385_1353-30,4,-3.5226051369712965,-3.9145163791744,-1.802057966569755,1.781099387992744,-1.3118998564459106,-8.010353856652646,2.4318319905587815
1106ee5c-8829-460f-8454-c4a8348f5400_1134-19,4,-3.9081143339557234,-5.096904293395742,-3.1256049869196785,1.0188634402878844,-1.8042003545692662,-0.3885833145606783,1.354537918881406
dd82f801-fc96-4ced-b066-ad559da3faab_124-35,4,-0.08048318079755079,-11.058068288279852,2.0681862896103556,3.6649816113940483,-1.32195793266111,0.5399942758430365,-6.530075313707425
facdbd7a-da79-48bd-9bb0-c866f675699b_1484-63,3,-2.9928377036390597,-2.986420417463296,-2.239446802407394,5.802222492336461,-2.916384021961371,-2.958886807983945,1.25920990771614
cbc5c4fe-ed66-4525-a3d8-d691064db66b_545-69,2,-6.677785043137726,-8.127030233121289,1.0698270213237222,2.553470190879948,-1.7946928236659212,-6.038611049875567,5.081368002685551
cbfeb6c8-ec1f-4884-bcbf-14d7764c4a36_0-01,0,-5.264780517558583,-18.665590994397196,-4.547586640526332,-1.9675231332952567,0.7982738199561805,-3.0334391788759847,-7.71952828388381
69190e7c-457f-489d-9071-c2a9185e4853_144-34,1,-2.252626156957442,-0.02674512235014337,-4.6739912380206246,0.37410280907266147,-0.3752819153836495,-8.392343977682188,-4.631461483906866
01111831-9107-43c4-bf0e-6b26e9b32a2b_1351-09,0,-3.5073995891988194,-16.33567561832956,-5.526660722376096,-1.6043789171890535,4.271958978423777,2.2875731513218236,-0.24340921346723032
9e579570-0541-49d6-bf0e-35483e949296_653-37,4,-3.820744844229488,-9.02570543825291,-0.8136852284485174,-1.3086376334999419,2.223474054888434,-6.950654224813051,3.216179199081303
97eaf9ae-9b92-493d-a555-4fcdb7c039a1_1485-95,0,-4.085331992329298,-10.40940463391249,-6.920592853652891,0.8913737057905606,0.07327691268903162,-2.7028728403253393,1.3127464187225033
699b47de-9fc5-4b98-ba35-ecf79886a8db_1850-50,2,1.444593738896747,-7.774166729154939,-6.790085934011715,-2.739825237847593,-0.4804044504146891,-1.1087198359938828,0.6495033001429839
cdaee0ff-a9ab-4935-91a2-45042d55b39c_353-27,1,4.295161588209348,7.425564646862402,-1.2020471161390756,-4.511353991274241,-2.9380067046001606,-7.564567065463816,0.22611365265411254
8dd6490b-6291-4793-b05e-79250f87925f_402-15,4,-7.603250031125816,0.31832285771366475,4.744763760811954,-3.7655453444763634,6.580246058326831,2.6624234621994542,-1.9281098093503164
3dd08c84-ee0a-4fa6-a859-98fd969ec720_518-21,1,0.7082383059852992,-7.650163567192626,-0.7418913036109672,3.1446856264275547,1.4735568188301653,-4.595620341651548,-2.6069931069263523
d0a861f7-3e5c-4836-9b43-29a0b3288165_550-69,2,-1.9634764658637944,3.10979478898144,-0.08101281872868893,5.182622542996081,-3.6479098967283488,2.100486485848055,-3.928994141083836
4bea2a96-1f1f-4149-8447-766553bbba22_1364-79,3,0.7195044939687365,-6.170716782792797,2.160006996676485,-10.41732392479997,1.6727846835681082,0.40398554626374406,-8.413058622958383
201af2e0-72dd-466c-8280-8c3dc00a7981_1276-29,1,-5.937634463462098,-8.874617001661843,-0.668150974999321,1.1867737486386818,0.8865349218492264,-4.764121800770692,-3.5122100268500667
fa35a547-13b5-4355-873c-322c1860349a_166-55,0,-2.493729954574904,-0.6993431635421992,-0.818454389355023,1.5601162199251004,-0.6710615260493837,-2.0380809586300934,2.527813521477875
82e96128-1242-4e57-8a3e-9ea222df022c_3457-40,4,-1.0797522008290161,0.04525226288338402,-0.7650553426186999,-1.862573403268545,-3.3763897615668483,-11.210614454586825,-1.2713256845835381
de37a11d-1dcd-4f5b-9054-155093b3a073_8700-46,1,-3.844981320160268,-0.3077006028515532,-2.783138358922356,4.511899499976963,0.5767306734071727,-7.385838320942442,3.13630007528159
dced4894-d13a-4222-941b-5e4ecf1e3299_663-36,0,-0.7455955788068462,-6.576445998223233,-2.0639448252532384,0.020737456573566737,-3.1630266100578526,-4.036704417473215,-1.4380774229822724
3f8dbb4f-ad5e-4d54-bf95-3ddbe968a85d_27-63,0,0.5979811220293727,-7.261476734662664,4.690745354211464,0.015694296828117293,-1.2458769479473222,4.499666086537883,-6.380608567771885
ecdc4071-1903-4024-a357-d0082720168e_295-94,0,-0.6000025152825481,-10.05364408017557,-1.927208018025202,-3.6409985994636047,3.6236164099574717,0.9055099629347392,0.9124972068384183
c5270067-6c25-45f2-b63a-1a55b85020ad_568-80,0,-8.283719084953438,1.7331710944288465,6.287976087173148,-1.502904461664624,-5.928160898142648,7.439401857255614,-2.421991112533645
dd82f801-fc96-4ced-b066-ad559da3faab_1757-91,4,0.03229348020744771,-11.50237250892549,1.274151250502185,-3.217677908749539,4.384781860985261,4.42910514275856,-4.454591760894195
3efc152d-ea0e-4372-b552-7d5e1cf07259_14658-02,1,-5.425197068698325,-3.0453174523171684,-0.04734883033513071,4.382085680188604,-3.4922520401856603,-6.232997204500728,-1.6950952857158368
d6e0bff0-9501-4750-b97f-95f134f6618b_781-93,1,-2.6128374652460957,-8.256277436377504,-2.6858682151663285,-3.698912723757098,1.0176351527563372,2.9151812744904757,-3.266943196578681
5185ad85-6751-481e-8b28-2d93d2e20770_964-94,4,-6.41943731115205,-8.31568659388103,0.3958541152979027,4.395108280203637,1.6305334839088723,-2.579852459120689,-2.3095104043371837
4b5de875-cc82-494e-b768-8ac0ae3bb279_997-77,0,0.4047025455931412,3.5416928272429464,-7.8250762587745095,-0.5347461119033758,7.284117662340162,-11.858477068933821,1.6386274556947302
a055e4e8-cc07-47c1-a438-06f45c4f724c_2341-22,1,0.27588813436538406,0.006474860840106622,-1.293441630924348,-1.8722659081787056,1.0830058022504274,-1.739858946210826,-2.363354971538989
8a431195-083a-4e07-a99d-28c2591beaef_13-09,1,4.338897990391488,-15.62849993578871,-5.799145270157627,-6.2615629186494,-2.7767835836386783,2.194356113870304,-5.02923450073128
969866a7-2393-4bca-851a-885ddd7f627d_2129-17,3,0.914568548759463,-12.553083364406836,0.05451314711600963,0.8436289452160478,-3.8308911847532574,-4.5120646946864005,1.8155773291091502
fab481c0-842c-4536-9126-9dc375464685_728-84,4,-6.589746421987334,-0.7371251087972732,2.236886373010167,2.0369696824360934,-0.35610652459505454,-5.9755927969180584,0.6921904638747052
36baa5a9-16bf-4ad6-b011-4d7daae6b8f9_1264-03,2,-0.7760245196558164,-2.323772384262665,0.03646241868633626,4.541423033706723,-2.0019132738344925,-3.6310399820185153,3.122360165880178
b0a30641-ad93-4d6a-92a9-f277c78f1aa5_112-83,0,-1.8731583025876124,-3.6656730129955926,1.314715059494445,2.248610144208129,2.44988511387872,-7.203840049949612,-5.430841730797907
71024373-484f-4270-82a4-2251997f3a9f_44-61,1,6.783229738861796,-22.01736358861081,-1.8777803372460053,-7.626122274288528,0.13745572418085453,-1.4487996162236132,1.304754459448031
5b0225e8-b81b-42fe-aa08-b0732b46c8bd_1130-00,0,-6.5744918969395325,-11.506792989985154,0.3075058108077918,3.858324345304868,-1.748533207469942,-0.7734207696109159,-5.041100515527592
5181422f-0b2c-4a39-af52-b2ca683e5451_1147-87,1,-3.3825528852298956,0.8930568817074951,-1.6680197299392505,1.807834487555644,3.7600410835280393,-3.023739109816276,-0.8760048533659706
695cefe9-04c0-42fb-80fc-d308b314b788_330-48,0,-8.661591875585938,-5.177313844621293,2.0080292553382337,-0.4433242299822935,4.351029827107046,-6.733441122416588,6.204944001510343
dfd0bc0c-28fc-4302-9a75-77df6c53ab31_658-80,1,4.178905257796582,-10.394633359197854,-1.1277786331668587,-5.041636663784601,-1.2407520560244993,3.9368541135279513,3.690722218036421
2dbdd409-0be0-447c-8ae8-3f107fe9af80_1058-94,2,-1.2540117298928097,-6.533571620808376,0.19121364672121,2.7749032919448022,-1.5637689037802462,-2.9545940533487154,-0.9606358301629477
be462bcf-13ad-446a-8dfb-248cb2e3417a_825-06,1,-1.4944104495703703,-1.6828718963579972,-2.2591660331675705,-3.4520441178820014,5.421141316699236,1.7808478518376467,-3.8504689879046383
f330e671-6ad4-49d4-8d59-e2493119ac43_8211-68,3,-1.609761250338069,-3.9568972534013733,-0.36803072129085246,-0.9830721756338449,-4.038784156267397,-11.128001433529079,-1.9976508369571346
eea4b231-055e-4c4e-8f95-8dd043601da6_1144-34,2,-9.762167045303906,-1.745180755765257,5.620309093155688,4.072032741037577,-8.03142769960868,-0.03728898479192111,0.8194972123354723
c25111f0-0c78-4bf8-a16d-57a6c25c2169_10881-80,1,4.298940206999782,-5.474902750356743,-2.3205588189626054,-6.475537227143258,0.6080210851264991,-0.39752119850280243,1.1362105520814418
e9343bd2-cd48-4abe-902a-3d3f6a0b51d8_1795-21,1,-8.51267742897413,-7.419362614999884,-3.6145058418172544,0.9549847538607685,-0.9027746354381514,1.9920027721550775,0.13212764550684786
c34effc7-6198-4c85-80c7-c8be85b77dd3_1620-55,0,-2.5191783029934225,-14.40076172753556,4.069986468782282,1.8706307307579075,-1.6559991783399932,0.013957625508933313,-0.24788705502988972
5dde766e-e93a-4d48-b3c7-96774f24d39d_560-47,1,-4.031024928067023,-9.778704355300514,-1.1410306136721315,1.8968232134358556,-2.052267787958455,-3.570828397758168,-2.8696419019169395
