item,option,category,x,y
5ab334f2-ecc8-4a05-96f8-4320225379b2_214-77,2,Proxemics,-47.94834,18.799162
af72c57c-b242-48b2-8d00-aea29f4e37ac_1063-17,0,Communication/Legibility,-12.911302,33.002655
af72c57c-b242-48b2-8d00-aea29f4e37ac_1063-17,2,Proxemics,-33.75602,-14.474504
af72c57c-b242-48b2-8d00-aea29f4e37ac_1063-17,3,Safety,-31.301916,-5.6774044
1f4a4d13-f083-4464-8c03-5e09f55e3f63_764-04,3,Safety,-27.354832,7.923105
40b33c95-3689-4ec8-8765-7e926f623b75_1593-37,1,Privacy,-19.515419,23.235922
40b33c95-3689-4ec8-8765-7e926f623b75_1593-37,4,Coordination/Proactivity,17.484407,-34.720406
cbc5c4fe-ed66-4525-a3d8-d691064db66b_729-17,1,Safety,-0.92787915,-12.992209
cbc5c4fe-ed66-4525-a3d8-d691064db66b_729-17,3,Politeness,19.007067,7.3363743
07536df6-9813-42d9-93df-35835407d8ee_170-76,2,Politeness,-2.1059413,18.283169
89d8c9c5-fa11-4674-b08f-007f81958555_240-15,2,Politeness,9.831681,25.080364
9a33e9f1-a740-4810-a624-62b0c9935741_2416-26,2,Cooperation,-0.94889617,30.204243
8d85aa58-438d-413c-b8b3-ae5417737c5c_1900-47,0,Privacy,14.585437,4.8122826
8d85aa58-438d-413c-b8b3-ae5417737c5c_1900-47,1,Safety,-1.1727959,-23.014801
5ed59c41-af9e-4368-a0ce-30d536d34895_1575-15,2,Proxemics,-15.480386,14.412314
a4375d98-e295-4e7d-a718-d8af066e3d57_1708-23,0,Safety,-4.8914757,-30.396946
a4375d98-e295-4e7d-a718-d8af066e3d57_1708-23,1,Safety,-2.8892245,-19.604895
44a65997-a52f-4e79-b4bf-cc1d74e39bc2_143-93,1,Cooperation,-25.870483,-3.6603055
44a65997-a52f-4e79-b4bf-cc1d74e39bc2_143-93,3,Politeness,-13.989578,21.432146
54a421d2-763e-4751-a6b4-54e3d6c46cc1_1143-22,0,Communication/Legibility,-27.448185,10.656481
54a421d2-763e-4751-a6b4-54e3d6c46cc1_1143-22,4,Safety,-30.694084,4.71893
6243586b-a8df-4c37-95f8-da7f4f5d57d6_513-82,3,Cooperation,0.8737073,1.8716578
c463128d-18cc-44ad-abf6-03ee87534919_120-41,2,Safety,-22.46455,10.739432
2d01625b-b7c4-41aa-989b-2d0b392d8b54_1323-22,0,Cooperation,10.756801,12.440378
92153977-6016-4863-be78-c4af25a56a0f_394-80,0,Cooperation,10.833377,-10.041619
92153977-6016-4863-be78-c4af25a56a0f_394-80,2,Proxemics,12.729266,10.434449
2d76e155-dcae-4fdb-be83-a37f09e699a8_46-48,2,Safety,-20.07357,3.8493855
fd2ae8b4-b683-4c4b-935c-78b4dadbdbf8_3860-90,0,Safety,42.38241,-6.0761085
fd2ae8b4-b683-4c4b-935c-78b4dadbdbf8_3860-90,1,Communication/Legibility,2.9908805,30.909996
fd2ae8b4-b683-4c4b-935c-78b4dadbdbf8_3860-90,3,Politeness,38.68924,-7.4437094
adf65602-f5ee-456a-a098-db19a521ce38_500-23,0,Safety,1.1466693,-16.49155
adf65602-f5ee-456a-a098-db19a521ce38_500-23,2,Communication/Legibility,11.596034,5.575171
5605bd9a-d151-4d5b-b0f6-cfc28ae6937e_4053-60,3,Communication/Legibility,15.999829,-22.188755
7220ce3a-b740-44db-815d-222d914e2dfd_114-26,0,Communication/Legibility,13.616952,25.07351
7220ce3a-b740-44db-815d-222d914e2dfd_114-26,2,Communication/Legibility,16.62562,23.69255
a1e8d35f-2dad-495c-ac00-b056f710c706_1381-64,1,Safety,2.8387475,-25.789618
9e9c5b05-c7d4-450d-9850-e6ae83caa9a5_3297-13,0,Safety,30.369614,-3.4420884
cd1d3c56-69ca-4602-944e-bb9fabb9710b_1865-43,2,Communication/Legibility,-29.677992,17.400797
cd1d3c56-69ca-4602-944e-bb9fabb9710b_1865-43,3,Politeness,-23.88348,29.023027
41ebc581-9f9a-44d5-9c73-8bf287c43856_3353-58,2,Proxemics,0.92265713,24.386045
426eb9d9-d4cf-4acc-9efb-979f61a5be91_785-24,0,Safety,-19.326214,4.9990783
426eb9d9-d4cf-4acc-9efb-979f61a5be91_785-24,2,Coordination/Proactivity,10.769479,2.9835064
a95545b6-8b1e-4d77-a209-c1accf3b057b_34-20,0,Safety,8.728216,0.047081802
a95545b6-8b1e-4d77-a209-c1accf3b057b_34-20,4,Cooperation,17.648897,-8.000029
ea1818bb-a882-4de4-9e31-993f4cb98aa1_1361-82,0,Cooperation,32.15665,5.20011
ad851441-1f15-467e-83d8-48c764e220a8_975-45,1,Safety,-43.472664,10.8210945
ad851441-1f15-467e-83d8-48c764e220a8_975-45,2,Proxemics,-46.13531,11.926615
a5bd4711-275b-4bbf-96fe-37553e5d3e93_1662-76,2,Cooperation,11.268508,11.879942
d9bc2b47-181e-4fea-b153-15272b1646e1_589-30,0,Safety,-10.306164,-1.1094524
d9bc2b47-181e-4fea-b153-15272b1646e1_589-30,1,Safety,-10.082539,-1.1486362
d9bc2b47-181e-4fea-b153-15272b1646e1_589-30,2,Politeness,-8.077215,3.771407
d9bc2b47-181e-4fea-b153-15272b1646e1_589-30,3,Cooperation,-9.552579,-0.90699476
878666b9-5f3d-476a-960f-3a5d02da7619_6890-95,3,Privacy,-10.69483,-0.5233345
eb20bebd-41e5-4a02-aa7e-73d3da5bc97e_1106-81,0,Safety,39.423325,-6.765132
eb20bebd-41e5-4a02-aa7e-73d3da5bc97e_1106-81,1,Politeness,-24.071781,27.550346
eb20bebd-41e5-4a02-aa7e-73d3da5bc97e_1106-81,3,Communication/Legibility,41.57268,-8.431512
3024e27a-237a-4b48-8ea9-b9b16181eaf1_49-89,2,Cooperation,-6.185205,3.6440494
af215e0f-56c7-4356-9aad-a3a5fb7bbc4f_4362-30,2,Proxemics,-31.906462,5.8415422
3c54ff87-27c0-4ab8-b934-4f0289221bff_279-60,0,Safety,-41.582245,12.875557
9155f5b9-6235-484f-990d-fbd3010a791e_1650-00,0,Communication/Legibility,-11.264649,24.11997
9155f5b9-6235-484f-990d-fbd3010a791e_1650-00,3,Communication/Legibility,-11.236878,25.143024
4335b0cc-e10c-45df-aad3-a1fa66b7a7a8_2029-73,1,Proxemics,-6.0193872,22.027498
59857657-5cb1-4268-9c8f-ab6cb3c3ad3b_9450-00,0,Communication/Legibility,-4.8462048,24.390146
f246429f-404e-4023-9b82-bfe6bf1e50cd_78-11,0,Safety,-3.2784116,-2.3218415
f246429f-404e-4023-9b82-bfe6bf1e50cd_78-11,1,Cooperation,-6.5161605,0.8522712
f246429f-404e-4023-9b82-bfe6bf1e50cd_78-11,2,Communication/Legibility,22.852081,23.119041
0b530687-26d8-4c9d-9771-c758ecd2ecbf_3386-79,2,Safety,-5.8294716,-16.42602
0b530687-26d8-4c9d-9771-c758ecd2ecbf_3386-79,3,Safety,12.635937,-24.830343
38b56399-3b1c-421d-8a80-1e5f54fcd667_0-84,0,Safety,-40.233162,22.009094
699b47de-9fc5-4b98-ba35-ecf79886a8db_782-75,1,Cooperation,2.5924168,11.111323
699b47de-9fc5-4b98-ba35-ecf79886a8db_782-75,3,Cooperation,22.167559,-31.696163
86fb4797-274f-4807-848a-8b1ddc5c29e8_769-33,3,Politeness,-15.542218,-13.473176
3024e27a-237a-4b48-8ea9-b9b16181eaf1_310-08,0,Politeness,-4.38352,9.199108
3024e27a-237a-4b48-8ea9-b9b16181eaf1_310-08,3,Coordination/Proactivity,-6.4916687,2.735153
0ece1a2a-2da0-4b28-ac8c-bf9f04c0d17c_713-12,0,Communication/Legibility,7.4125957,27.596205
11f247e0-179a-4b9d-8244-16fb918010a1_1002-90,1,Safety,-38.772224,17.729023
b68f87f0-29be-4516-a34a-dda69dd84a56_274-36,3,Safety,31.806345,0.518155
a48f66dc-d07c-4ca9-aa3b-b08ea5802194_1914-01,2,Cooperation,12.722312,10.129128
470499d1-e015-4d45-a858-ca3e9566085e_2861-64,2,Communication/Legibility,-15.018009,31.322361
1c983176-b07a-4a69-ae51-de7829de6b6a_1090-54,0,Cooperation,1.3539935,-13.004244
7c969dc3-aea2-49d4-bd0e-48191b4e5a51_3982-40,1,Proxemics,-24.745996,-12.324833
4d45174a-6a77-48cd-a8f2-9b93e2d47f07_0-01,2,Communication/Legibility,-2.4552088,-8.76182
70c8bd4f-bfe1-4fb5-82ad-7d763cc28935_756-65,0,Safety,-6.974274,-27.274483
70c8bd4f-bfe1-4fb5-82ad-7d763cc28935_756-65,2,Safety,-8.092597,-27.64724
8bb4369f-a6e0-45a3-9d2d-fd5d5c686ccc_276-24,0,Safety,-38.120518,12.21613
38b6d0fe-e317-47a1-8fa3-87e7a4a21183_375-27,3,Communication/Legibility,-47.315422,10.9548435
6f27deaa-7133-4bbb-b9ed-5310d6d05a50_549-73,2,Proxemics,-1.7349756,8.828561
02ca6897-bf08-4cfb-bbc7-7810dbf5cca2_2974-75,1,Cooperation,-15.313087,8.59724
963c1ecc-d25e-4c0a-b447-9b26f3778efc_207-31,0,Privacy,-29.848267,8.195998
759c5c60-f1af-4476-94b2-e79a51fd44e3_668-31,0,Safety,30.642162,-19.204933
aa3237b2-4a62-4676-b81c-a9726003b420_1532-19,3,Politeness,10.047914,-36.552162
8d50f526-624c-40bd-b696-7ad6ce5746ab_22-55,2,Proxemics,10.241731,-35.836735
8d50f526-624c-40bd-b696-7ad6ce5746ab_22-55,3,Politeness,-29.737112,26.02418
eb2c9739-dba0-479c-81b7-9dda51c4ac20_1679-45,0,Communication/Legibility,-7.428973,24.581398
e93fdf27-c14c-4794-b4b7-20685b40156f_1304-45,1,Safety,-1.7239698,-15.809553
0b530687-26d8-4c9d-9771-c758ecd2ecbf_16957-98,3,Cooperation,11.351555,3.698605
af215e0f-56c7-4356-9aad-a3a5fb7bbc4f_4328-60,0,Communication/Legibility,4.673681,24.30894
e18a43a4-1e7b-4478-bc7f-16cb55a8ac16_875-97,2,Politeness,-49.941723,17.766857
e3283ef1-1659-4d5c-a09d-fd0f4df98aba_73-31,2,Safety,-32.580822,10.763486
56504e4e-a228-4b28-baa4-1ce2de03c2d4_1630-93,0,Communication/Legibility,-3.8066206,34.086784
56504e4e-a228-4b28-baa4-1ce2de03c2d4_1630-93,1,Privacy,-2.848687,34.983982
56504e4e-a228-4b28-baa4-1ce2de03c2d4_1630-93,2,Communication/Legibility,-5.2105484,35.095093
56504e4e-a228-4b28-baa4-1ce2de03c2d4_1630-93,3,Communication/Legibility,-2.0695662,35.48885
ec02ed27-b697-44b0-ae18-a9275205bfee_9-72,0,Safety,-16.538612,13.616425
c93e077c-9f51-449c-b130-8be107c8a7d5_152-99,2,Proxemics,17.928156,0.14614037
182dffe9-d2bf-4a7d-b1d8-137470f0143d_1670-78,0,Cooperation,-3.8565,2.5797906
182dffe9-d2bf-4a7d-b1d8-137470f0143d_1670-78,2,Cooperation,-5.579632,1.1364425
182dffe9-d2bf-4a7d-b1d8-137470f0143d_1670-78,3,Politeness,-5.3683286,-1.5280846
5f2d9e8b-6e0b-4e36-9f5b-d26bbe0a7c7c_1129-51,0,Cooperation,-9.251413,16.730726
69c7d261-18f8-4a1d-9f56-6b4e8eac4d23_601-00,0,Communication/Legibility,-13.155788,33.932713
69c7d261-18f8-4a1d-9f56-6b4e8eac4d23_601-00,1,Proxemics,-14.967215,29.426857
69c7d261-18f8-4a1d-9f56-6b4e8eac4d23_601-00,2,Coordination/Proactivity,-18.11172,-6.3102827
69c7d261-18f8-4a1d-9f56-6b4e8eac4d23_601-00,3,Privacy,-4.8294554,32.720066
10a848ed-f258-4930-abdd-1fd60b788abc_294-40,0,Safety,-42.99838,13.410575
bb2297d3-91b7-4ec4-b39b-cc64694929db_0-03,0,Safety,23.63827,-11.503162
bb2297d3-91b7-4ec4-b39b-cc64694929db_0-03,2,Safety,24.566912,-4.4872255
bb2297d3-91b7-4ec4-b39b-cc64694929db_0-03,3,Cooperation,11.0723295,-12.715965
3ffb9247-a141-4056-a644-dd3fbab708a4_364-69,0,Politeness,-1.8776561,12.456274
3ffb9247-a141-4056-a644-dd3fbab708a4_364-69,2,Privacy,8.4558735,14.262864
d0396c77-6ecc-4d9f-bda1-af051699d0cf_3645-32,2,Communication/Legibility,38.802223,-18.07761
406f3614-0b99-4b3f-b3cb-a4590bad9e27_811-10,0,Cooperation,-49.649307,17.719557
40b33c95-3689-4ec8-8765-7e926f623b75_726-75,0,Cooperation,17.874767,-34.469128
4ca97ff8-bc2a-462b-b4c9-b1a878564bea_94-99,2,Proxemics,4.838134,15.790681
d6f9d174-2d42-49e7-83e4-daa9e8b0aa25_831-84,2,Proxemics,-6.900524,-2.7122831
a448297b-ae62-4712-bc4f-849b39176558_2588-08,1,Proxemics,-22.780813,35.32682
214b62df-2fb1-4b0e-af9d-42b0dd37defb_2020-07,0,Safety,-30.62907,13.762926
214b62df-2fb1-4b0e-af9d-42b0dd37defb_2020-07,1,Privacy,-14.391199,-8.089279
e6d852dd-2510-482f-ad25-3d731388ea44_0-00,2,Safety,-4.0245953,-33.925613
1a50cd38-dda2-41d0-8a6f-294f17373d97_2805-73,2,Safety,-22.505913,9.271931
af0cc15a-5452-42fb-92dd-a3f50136bf12_3147-74,0,Communication/Legibility,-17.89402,36.814743
af0cc15a-5452-42fb-92dd-a3f50136bf12_3147-74,2,Communication/Legibility,-16.839432,37.176014
8b89d35d-5e19-4240-b45e-7a692cf962e3_392-22,0,Safety,-6.439898,-29.389412
c7da3efd-4a18-458e-90fd-f757ed966a63_8-87,2,Proxemics,-12.949184,12.640985
aae90bb1-c8b8-433c-98b6-2bc5f20af6ea_569-99,2,Proxemics,-0.9300811,38.24314
e55e4faf-dec5-40ee-b375-f0b049b9b280_285-98,1,Safety,-45.671776,9.339702
214b62df-2fb1-4b0e-af9d-42b0dd37defb_1955-31,0,Safety,-13.295065,-12.001655
214b62df-2fb1-4b0e-af9d-42b0dd37defb_1955-31,1,Cooperation,39.785603,-22.6501
744c58f8-9a76-40d4-838f-8c7676fcb316_140-01,0,Communication/Legibility,-4.264393,-5.830043
744c58f8-9a76-40d4-838f-8c7676fcb316_140-01,1,Communication/Legibility,-4.2959805,-5.8293805
134a4c63-583a-4e64-8cf9-002b6d26cdf1_464-01,2,Proxemics,16.564745,-2.9064372
b5d691f6-1618-467e-9fc9-d2ebd8eaafe4_488-95,0,Safety,-45.04856,3.4248583
0f038f2a-7b3d-40ec-a22a-9f764bfbde74_4-93,2,Proxemics,5.562474,9.59292
fb92d350-9bf9-4b16-8a1f-7858de276226_2190-65,0,Safety,40.993916,-6.6386147
fb92d350-9bf9-4b16-8a1f-7858de276226_2190-65,2,Proxemics,40.294872,-23.96578
75ee5afa-d891-4653-ac4c-d81db1a90af7_32-52,1,Proxemics,-27.653194,2.5860474
62e3b74a-01ad-4824-aace-5cc12ebd2c47_228-93,1,Communication/Legibility,-24.03041,-13.557365
62e3b74a-01ad-4824-aace-5cc12ebd2c47_228-93,2,Proxemics,-23.115286,-12.070426
a267b011-b1db-4e3c-aa49-438e2afdd6dc_116-72,4,Politeness,-47.973755,17.57652
0d08f503-89df-4dd8-a238-4e1749d2fe22_5-63,3,Politeness,26.909895,-8.532075
ec3556de-be79-4ad4-aa0f-eaca48abb5d5_547-69,2,Safety,-22.860085,10.166665
a5bd4711-275b-4bbf-96fe-37553e5d3e93_297-73,0,Safety,-15.488112,-13.218426
48acd7ed-cafc-494b-9e47-8dddcdf0fa75_819-59,0,Cooperation,-11.705279,13.577544
3c5841d6-8d79-4aa7-b020-bbb6ef114b42_402-54,2,Politeness,-2.7284894,12.588618
f543a47a-c081-481b-a415-cfe732ad74fe_1737-03,0,Safety,-28.619802,25.851341
f543a47a-c081-481b-a415-cfe732ad74fe_1737-03,1,Proxemics,-28.899078,25.926575
bd96484b-6f8c-492b-8969-cae99c868b4d_2855-28,3,Communication/Legibility,6.301946,25.847406
721455cc-1e09-44a3-a579-d9e90db85227_1577-57,2,Safety,21.011534,0.5443451
520374ca-09f9-4716-8176-dd289ea7baa9_659-75,1,Communication/Legibility,-22.762499,-19.913866
520374ca-09f9-4716-8176-dd289ea7baa9_659-75,2,Safety,-4.5695386,-33.46821
09690df3-0715-4875-8745-7e8830c761d0_2258-64,3,Communication/Legibility,-1.1382418,36.55033
d64fb34a-08fd-416c-ac6f-86a0813869a8_494-32,2,Safety,23.02418,-9.15889
b9de7a2c-d02e-4d66-9556-381f0b7ca51a_3795-42,0,Safety,-28.290087,18.026438
b9de7a2c-d02e-4d66-9556-381f0b7ca51a_3795-42,1,Cooperation,11.243867,6.423811
652f0590-aab5-4de1-b578-238adb54fa0e_3914-88,1,Safety,2.0943897,21.0281
3decc0f8-9806-40dd-83d5-26c495dd7830_5147-61,2,Proxemics,-0.36310664,22.467018
fb9fda68-f264-465d-9208-19876f5ef90f_63-03,2,Communication/Legibility,-20.416676,20.878883
998d4e6e-f579-4872-b706-767c5f392825_5282-59,0,Safety,-6.8326015,-34.44478
998d4e6e-f579-4872-b706-767c5f392825_5282-59,3,Safety,-3.3310516,-33.98902
182dffe9-d2bf-4a7d-b1d8-137470f0143d_1327-77,2,Proxemics,-4.2151155,3.3506424
3c9ce1b1-9eaa-4e3d-9ebb-91f9d904178e_1420-03,1,Safety,-31.391506,-5.7456427
3c9ce1b1-9eaa-4e3d-9ebb-91f9d904178e_1420-03,2,Communication/Legibility,21.847172,26.701292
378af037-7200-4d75-8f83-ddc74e1cd2dc_3193-87,0,Safety,23.588009,-11.675015
d64fb34a-08fd-416c-ac6f-86a0813869a8_466-80,2,Privacy,-12.928101,-15.062
3efc152d-ea0e-4372-b552-7d5e1cf07259_6116-76,0,Cooperation,-51.207405,15.944869
24c447b6-094f-49a6-9c20-ed594ab0da65_0-04,0,Coordination/Proactivity,-8.824166,33.792175
6edb5c87-ae95-4185-807f-06d37124d2b7_659-31,0,Safety,-42.398113,-1.6891572
6edb5c87-ae95-4185-807f-06d37124d2b7_659-31,1,Safety,-42.585987,-0.93570095
6edb5c87-ae95-4185-807f-06d37124d2b7_659-31,2,Proxemics,-42.522003,-1.1561092
df0b81a6-826c-4e9b-8921-392304716c0e_554-75,2,Communication/Legibility,-10.869458,-25.720945
df0b81a6-826c-4e9b-8921-392304716c0e_554-75,3,Cooperation,-10.693951,-25.73863
214b62df-2fb1-4b0e-af9d-42b0dd37defb_1307-44,2,Communication/Legibility,41.597122,-8.685143
620d3087-c6fb-4b08-bb6a-4dc4ede3b994_232-40,1,Safety,-4.9282207,-35.87679
c92cfd96-21ca-4b52-a56a-6345fbf57de0_2877-33,1,Politeness,-4.8758826,11.954776
38737402-19bd-4689-9e74-3af391b15feb_1017-05,0,Safety,-38.98031,16.26874
38737402-19bd-4689-9e74-3af391b15feb_1017-05,1,Safety,-41.81842,9.358029
38737402-19bd-4689-9e74-3af391b15feb_1017-05,2,Safety,-42.028942,10.435219
38737402-19bd-4689-9e74-3af391b15feb_1017-05,3,Politeness,-42.624714,19.876827
e1b0b312-ce2d-41a0-be5a-70c807fcc5ef_2287-10,2,Safety,26.877678,-29.87023
e1b0b312-ce2d-41a0-be5a-70c807fcc5ef_2287-10,3,Cooperation,37.71305,-11.220221
59857657-5cb1-4268-9c8f-ab6cb3c3ad3b_5306-98,2,Proxemics,-12.110839,18.192652
59857657-5cb1-4268-9c8f-ab6cb3c3ad3b_5306-98,3,Safety,-7.720794,-15.099022
356661f5-767b-495d-95c7-03dcc46f85c6_1860-68,0,Safety,-16.255201,10.039898
ea417823-8ca0-417c-8901-114fa4f2d47f_254-62,1,Proxemics,-45.117947,13.754554
ea417823-8ca0-417c-8901-114fa4f2d47f_254-62,3,Communication/Legibility,-47.0561,9.773505
dd0aa717-59d8-4d8a-9f11-21be827fb184_406-80,0,Cooperation,5.4656854,13.924292
af400f98-3c57-46ad-acac-eaca6f940180_3432-31,2,Proxemics,-12.807429,16.254253
edd0cb68-87be-4cfe-9f2d-b0b64ea8d3e2_4865-28,0,Safety,0.8192163,24.493063
54adfe07-dcc1-4c3f-90a2-ac93ea7ff6df_76-91,0,Safety,-3.894006,-16.496746
38a7b760-56f9-4565-8b70-f8dad5768ace_296-28,2,Safety,-23.933197,4.2464705
ed792c47-5cb3-427c-a0e9-5dac33456e6a_38-58,3,Politeness,-42.732395,17.829039
0ece1a2a-2da0-4b28-ac8c-bf9f04c0d17c_2285-27,2,Communication/Legibility,-2.1043813,-9.587897
600e392c-4be6-4b8b-bef8-e789ce3d8915_3230-09,0,Cooperation,-2.3848648,20.597765
af8dda66-0025-4ee4-9888-b568b28986e6_3283-52,2,Politeness,-23.272594,30.726809
5cab806a-3794-4578-94f2-33c3093151d1_546-82,1,Cooperation,1.4836619,8.490062
bdb29a9e-d6d4-4918-9870-464abeae48d2_837-68,0,Communication/Legibility,-4.7475247,18.365412
dd508a2a-1ea7-43d2-805a-8080eeae9985_1133-08,2,Cooperation,-6.9676156,16.737247
f5accd2a-0799-4345-9e0d-eb8d87a677a4_1449-87,0,Safety,8.084826,-39.73716
35ab724d-5dba-4094-927b-e7bc5ad8cf41_56-56,1,Cooperation,-43.86863,15.638987
35ab724d-5dba-4094-927b-e7bc5ad8cf41_56-56,2,Safety,-46.959896,6.6744094
62103d3d-d89d-4f54-a766-1beb22eb994b_179-41,0,Cooperation,1.3208796,5.909511
624a6c0a-a4cb-4073-b501-48e4b6b679e4_1105-63,0,Communication/Legibility,-12.783407,3.9311252
624a6c0a-a4cb-4073-b501-48e4b6b679e4_1105-63,3,Politeness,-4.75628,11.643447
839c2689-76f1-4e8c-893d-93675663dd93_582-68,1,Cooperation,11.205095,-9.514416
839c2689-76f1-4e8c-893d-93675663dd93_582-68,2,Safety,-45.071896,2.5568235
56c5fea0-73fb-4239-b740-1faf19e75e6f_1246-35,2,Cooperation,1.9659476,3.6318324
f5bdefb3-f57c-4270-bf31-7939ecd45c86_1815-24,2,Cooperation,-11.008736,-23.03303
4d45174a-6a77-48cd-a8f2-9b93e2d47f07_604-84,2,Privacy,24.691423,15.675583
dd82f801-fc96-4ced-b066-ad559da3faab_905-66,1,Cooperation,-25.155993,9.155082
5cff48d5-d4e3-465f-8302-64cd493aba53_0-01,1,Cooperation,38.539726,-26.34248
bcfbfdd9-1f37-4edf-8ea0-114a92806d08_1826-13,0,Cooperation,10.410466,-34.955772
bcfbfdd9-1f37-4edf-8ea0-114a92806d08_1826-13,3,Safety,-21.1823,10.839525
8bb4369f-a6e0-45a3-9d2d-fd5d5c686ccc_315-76,3,Safety,-37.52257,16.806002
8d900b59-e95d-4c9b-9432-8f5096aac2db_503-05,1,Safety,-42.64274,11.073541
8d900b59-e95d-4c9b-9432-8f5096aac2db_503-05,2,Cooperation,-51.491596,12.56548
8d900b59-e95d-4c9b-9432-8f5096aac2db_503-05,3,Politeness,-46.318317,16.676367
937e5809-09d0-4c6b-8d9e-9329e0cf6218_148-21,2,Proxemics,-19.863209,14.068763
a454e4d7-7ead-41ea-bfcf-db8300ad34d9_72-86,2,Proxemics,9.171758,0.6299862
b2508929-e3e4-4583-b1db-41dc3bb0fd21_542-36,0,Cooperation,3.615048,13.155019
b2508929-e3e4-4583-b1db-41dc3bb0fd21_542-36,3,Communication/Legibility,-10.536026,23.753107
1ea95f25-81f9-46b1-b7a1-c4ca58251c6f_1359-12,1,Cooperation,36.121662,-19.37429
1ea95f25-81f9-46b1-b7a1-c4ca58251c6f_1359-12,3,Politeness,31.849293,-16.26477
4f549225-e82e-4294-9379-4891e47725c7_982-80,2,Proxemics,34.709766,-19.111433
4f549225-e82e-4294-9379-4891e47725c7_982-80,3,Safety,6.293405,-27.972656
f26eb8a6-2ac4-4aa4-a500-1e738d8c8b13_1596-52,2,Proxemics,-5.017084,0.17180781
10a848ed-f258-4930-abdd-1fd60b788abc_345-05,0,Communication/Legibility,-48.430637,15.555749
6b7fc6db-e979-43a0-b61f-7dced89d423d_168-56,1,Proxemics,16.286488,34.110714
600e392c-4be6-4b8b-bef8-e789ce3d8915_2298-42,0,Communication/Legibility,-1.5959743,36.17093
600e392c-4be6-4b8b-bef8-e789ce3d8915_2298-42,1,Communication/Legibility,-5.834668,36.050613
600e392c-4be6-4b8b-bef8-e789ce3d8915_2298-42,2,Politeness,-22.529104,28.03719
620d3087-c6fb-4b08-bb6a-4dc4ede3b994_2651-56,0,Safety,-10.131953,-12.39844
d36cf2fd-8916-4b69-b7a2-e9743675fb38_3568-39,1,Cooperation,11.112545,3.5143793
5ab334f2-ecc8-4a05-96f8-4320225379b2_879-22,3,Safety,-43.65959,12.418864
4bea2a96-1f1f-4149-8447-766553bbba22_1922-01,0,Safety,24.189686,-29.89074
4bea2a96-1f1f-4149-8447-766553bbba22_1922-01,1,Safety,29.475372,-33.967865
4bea2a96-1f1f-4149-8447-766553bbba22_1922-01,2,Safety,-32.223507,18.432825
4bea2a96-1f1f-4149-8447-766553bbba22_1922-01,3,Safety,-8.551995,-9.545084
3f292ce2-fb0d-477e-b6b5-18c6ef38366e_2018-00,0,Communication/Legibility,0.49708048,30.326954
214b62df-2fb1-4b0e-af9d-42b0dd37defb_2040-30,2,Proxemics,40.76835,-22.62282
38a66acf-33c8-4ed5-b814-7322087b2e21_835-53,0,Proxemics,-17.599813,30.833542
5ed59c41-af9e-4368-a0ce-30d536d34895_1493-26,3,Safety,-30.61877,3.4819028
17cd1d99-044c-4b1b-97b4-f3de34f8e55b_252-07,1,Coordination/Proactivity,-9.1492,39.115818
b0a30641-ad93-4d6a-92a9-f277c78f1aa5_295-10,0,Safety,-21.060453,2.5190709
b0a30641-ad93-4d6a-92a9-f277c78f1aa5_295-10,3,Proxemics,-26.321712,2.7522259
cb8df5e7-af5c-4211-b779-0568f94c7ded_3449-61,1,Cooperation,-13.445725,-4.830309
baf15309-e865-4e9e-9efd-09097f1d5a43_341-69,0,Safety,-34.708218,4.2810016
baf15309-e865-4e9e-9efd-09097f1d5a43_341-69,2,Proxemics,-35.17657,4.46775
0619c3d0-aebe-4414-b977-f2027271b267_566-56,0,Privacy,-14.036035,23.42167
0619c3d0-aebe-4414-b977-f2027271b267_566-56,1,Privacy,-31.36034,19.121222
6e68d2f9-6d37-4317-a3eb-9541321d558e_977-72,3,Coordination/Proactivity,-22.66632,-19.802172
dd82f801-fc96-4ced-b066-ad559da3faab_1750-27,1,Cooperation,38.047955,-10.877829
dd82f801-fc96-4ced-b066-ad559da3faab_1750-27,3,Safety,-27.8127,5.100822
c2d28dd4-4416-4300-bbbe-23911487776a_2076-47,3,Politeness,17.36214,33.210346
c824d4e5-298a-462b-a408-28a85a7364af_126-28,2,Proxemics,-16.188818,-18.007084
695cefe9-04c0-42fb-80fc-d308b314b788_303-92,0,Communication/Legibility,8.983504,31.24726
356661f5-767b-495d-95c7-03dcc46f85c6_1826-46,0,Safety,-19.33881,-6.145715
1a50cd38-dda2-41d0-8a6f-294f17373d97_3680-47,2,Safety,-22.07237,9.510121
1a50cd38-dda2-41d0-8a6f-294f17373d97_3680-47,3,Politeness,9.025095,23.65566
08e65366-36a3-4146-bec6-043286cedf16_741-63,2,Proxemics,9.219784,0.759002
08e65366-36a3-4146-bec6-043286cedf16_741-63,3,Coordination/Proactivity,9.023475,7.5856586
8c3c68c9-eeec-4f51-881f-3cc6340679ec_0-04,0,Cooperation,0.41996384,14.44692
ec85a806-d47f-4555-8c4c-20f59927e580_1424-09,2,Cooperation,-35.57304,-3.5318837
ecdc4071-1903-4024-a357-d0082720168e_3-20,0,Safety,4.6240644,-20.875498
8ff25fe1-3a42-4449-bd91-b3ac2adf9143_380-26,3,Proxemics,-51.36081,7.027729
7c925095-c62a-4a7a-a2ca-118ca3f0176a_2-34,0,Safety,-16.51524,-2.5169897
7c925095-c62a-4a7a-a2ca-118ca3f0176a_2-34,2,Cooperation,-3.7707827,20.452057
214b62df-2fb1-4b0e-af9d-42b0dd37defb_138-53,1,Cooperation,38.99113,-20.798145
e95dbd21-3017-48f5-8f36-46531f053ab1_547-92,2,Communication/Legibility,6.869756,14.438816
a2c3a84e-ae75-4e72-8a52-64511ed67080_919-81,2,Communication/Legibility,-27.60122,8.78396
470499d1-e015-4d45-a858-ca3e9566085e_2490-62,1,Proxemics,-17.92189,30.462671
9531cee8-0f60-4a68-8243-397ab7670a75_270-43,0,Communication/Legibility,-16.58247,33.58289
e21a6f09-3df0-4bfb-a23b-47a1866aadf1_540-06,1,Proxemics,-11.834303,22.112833
2cddb76f-24d1-4863-bd91-9a5d1922a543_1681-29,2,Proxemics,-22.97486,-12.055837
05d5d7cf-9fb9-4390-bcd3-dd626b948771_1543-50,0,Cooperation,0.7233684,2.5085304
05d5d7cf-9fb9-4390-bcd3-dd626b948771_1543-50,1,Safety,-4.323002,18.481167
14a3d52a-e66c-4a4c-8f71-d86f7199993c_10-64,1,Safety,-39.77702,16.823961
6e4baf27-2090-4a90-816b-a35a0aff0e56_1099-34,1,Politeness,-5.8263435,10.270027
378af037-7200-4d75-8f83-ddc74e1cd2dc_3511-24,1,Privacy,-19.998537,23.306812
e7eead9a-5f4e-47af-8f54-2dd3fd453a2d_49-96,0,Safety,-37.954376,12.23576
e7eead9a-5f4e-47af-8f54-2dd3fd453a2d_49-96,3,Politeness,-39.13712,21.543
5cff48d5-d4e3-465f-8302-64cd493aba53_399-10,2,Proxemics,44.69292,-10.586007
b61b0b56-a852-47e2-ab09-9380d8465162_180-44,0,Safety,-49.90094,9.608922
55ef5db5-af7c-4ccd-9c7d-a4d415e195b7_857-01,0,Safety,-21.905457,8.691697
4d76c2c7-c6a2-46a6-bc94-0033c629f040_291-37,1,Cooperation,4.903422,-30.432367
4d76c2c7-c6a2-46a6-bc94-0033c629f040_291-37,3,Cooperation,28.369432,-32.78331
3de48a49-665d-4c1b-9655-82532e108e6a_1393-69,2,Politeness,-37.93291,1.6714193
8f0f8606-b696-4bb2-909d-703e4e076d80_641-77,0,Safety,-43.17517,11.715011
8f0f8606-b696-4bb2-909d-703e4e076d80_641-77,3,Politeness,-47.220997,12.600667
513f572f-6d1c-4a8a-8b57-9c1d0aa363f7_1015-09,0,Safety,3.8821416,-6.4188685
67a8114b-7f37-443d-8beb-64886095f935_636-28,2,Communication/Legibility,1.3075672,27.173918
1eee4aaf-a21c-4ae5-82cd-96fdccae6742_917-84,3,Safety,32.85752,-1.5937114
e95dbd21-3017-48f5-8f36-46531f053ab1_424-29,0,Privacy,16.274452,9.458327
c20e2722-11e5-4181-960c-305cfcd7cfec_183-32,3,Safety,-14.929048,13.180247
8e605fdf-a4f1-4393-975a-f332ab6b5f79_44-53,1,Cooperation,-7.0142484,0.9686129
5315437a-2530-47e5-a0e4-4ac656c7cfa4_570-57,0,Cooperation,3.2975688,10.903125
5315437a-2530-47e5-a0e4-4ac656c7cfa4_570-57,3,Politeness,-0.5070823,10.277973
b4814b66-f564-48cb-a11f-3b0a1ee73704_24-49,0,Safety,-44.500362,12.356808
b4814b66-f564-48cb-a11f-3b0a1ee73704_24-49,2,Cooperation,-51.138645,15.913984
42d72164-8f4a-49e4-8b95-b3ad423ba65b_1368-26,2,Coordination/Proactivity,0.35979775,-8.644872
4065f62a-faae-4926-aee8-1d5bf73661a3_382-42,0,Communication/Legibility,9.471282,25.561823
4c642620-db0e-4096-9ece-2b2c6fdb47b0_3829-12,0,Safety,28.738789,-37.702404
878666b9-5f3d-476a-960f-3a5d02da7619_19280-23,3,Cooperation,-44.997627,7.889112
214b62df-2fb1-4b0e-af9d-42b0dd37defb_2189-63,3,Cooperation,-7.985552,36.967472
c586c267-9ac3-45d5-a9aa-6deab0b9608d_246-72,2,Safety,-32.305397,11.852491
07ad0112-22da-4f0e-be4f-2debe7fec15c_608-22,0,Safety,32.83089,-13.251134
07ad0112-22da-4f0e-be4f-2debe7fec15c_608-22,2,Safety,-5.351155,-29.835903
fb92d350-9bf9-4b16-8a1f-7858de276226_1246-08,2,Safety,-31.8114,12.510822
d6f9d174-2d42-49e7-83e4-daa9e8b0aa25_211-63,2,Proxemics,24.896143,12.2889805
5ead8e7c-2600-44b1-afd6-b82cb5f7b9ce_568-30,3,Cooperation,-34.071312,-14.3356695
5b0225e8-b81b-42fe-aa08-b0732b46c8bd_1131-66,3,Coordination/Proactivity,-19.90724,-6.1492023
b5c3c1e3-7ee7-4b4a-b938-4d008d5aa49b_521-60,0,Communication/Legibility,36.271046,1.9234926
b5c3c1e3-7ee7-4b4a-b938-4d008d5aa49b_521-60,2,Communication/Legibility,11.119575,20.021698
2911fa95-30ca-4524-8876-85a90f1fd221_19-38,0,Safety,21.930174,-19.0062
2911fa95-30ca-4524-8876-85a90f1fd221_19-38,2,Safety,23.439476,-27.064049
8672b38a-7682-4244-ad7a-a336c81c2d0e_1056-99,1,Communication/Legibility,7.3717294,29.706074
214b62df-2fb1-4b0e-af9d-42b0dd37defb_800-76,1,Cooperation,-0.7769415,32.29764
214b62df-2fb1-4b0e-af9d-42b0dd37defb_800-76,3,Politeness,39.616886,-5.5429196
8fafc02a-ef7a-46f4-ae97-b0c68c8bb207_14026-98,2,Proxemics,-11.877898,14.962262
cfc42371-cd58-48df-8bc5-f2fb29a6091e_1273-98,1,Safety,-41.448544,10.72794
3455a3f3-1657-46bb-ae42-52d16ec5ffaa_6236-63,2,Proxemics,-27.522165,24.897896
786877d8-e353-4fae-b488-8d7443646882_952-74,2,Politeness,-23.440304,31.010319
786877d8-e353-4fae-b488-8d7443646882_952-74,3,Proxemics,-8.205631,22.102718
ca800ee3-fea2-4825-ba1d-8eaace908135_5734-95,0,Cooperation,-23.617079,-11.199429
bf9354ab-541d-4c1c-aa3e-8a3bfd8fb51b_443-31,2,Proxemics,10.327491,5.1902685
d3de44fb-a6e8-4815-b28f-798de4bfd7eb_1337-08,2,Communication/Legibility,-2.3924038,-10.096879
9520f703-8904-4123-bd7f-873b0b42074b_989-29,0,Communication/Legibility,9.330306,16.061697
9520f703-8904-4123-bd7f-873b0b42074b_989-29,2,Proxemics,6.571883,19.13641
dd82f801-fc96-4ced-b066-ad559da3faab_621-91,3,Safety,-27.78073,4.39202
d6f9d174-2d42-49e7-83e4-daa9e8b0aa25_270-04,2,Coordination/Proactivity,8.40833,-6.836419
d6f9d174-2d42-49e7-83e4-daa9e8b0aa25_270-04,3,Politeness,14.3256855,8.772644
81fb9f8f-be18-4833-a899-4fbcef82a634_2169-64,0,Communication/Legibility,-6.7146387,-3.9314787
81fb9f8f-be18-4833-a899-4fbcef82a634_2169-64,1,Communication/Legibility,-6.619767,-4.1144624
8dd6490b-6291-4793-b05e-79250f87925f_1530-13,2,Cooperation,34.18922,-22.779825
a6264c7d-d42a-4708-8fc2-b35ad0c5fe42_55-09,2,Safety,-32.46218,1.470851
989f3c2c-edd2-4f30-9925-56771e2bf7cc_6720-40,0,Safety,-18.566591,21.871632
989f3c2c-edd2-4f30-9925-56771e2bf7cc_6720-40,3,Safety,-21.41088,8.226312
969866a7-2393-4bca-851a-885ddd7f627d_2662-28,0,Safety,-13.762936,14.698999
b08cc451-bab8-4ab1-a0a2-102582d9f778_398-19,1,Politeness,-44.437542,15.728846
2ac65951-49b0-4629-981e-edc34b8cdb0f_1091-69,0,Safety,-41.88745,13.989241
2ac65951-49b0-4629-981e-edc34b8cdb0f_1091-69,1,Proxemics,-11.464234,15.225826
2ac65951-49b0-4629-981e-edc34b8cdb0f_1091-69,3,Safety,-46.836403,6.2921877
93a5f8cb-d7eb-4e5a-9913-77ef1487ce61_3858-22,0,Communication/Legibility,4.4999657,23.155493
d0396c77-6ecc-4d9f-bda1-af051699d0cf_1049-41,4,Cooperation,22.417791,-31.62062
ed792c47-5cb3-427c-a0e9-5dac33456e6a_662-64,3,Safety,-19.820606,2.079411
22f68c6a-b8dd-44e6-b1fe-d4e619e72f59_662-18,2,Proxemics,25.195105,-25.101187
3fffb452-1c17-43fa-b473-c9e19ac21433_2774-23,1,Safety,28.87246,-38.526337
3efc152d-ea0e-4372-b552-7d5e1cf07259_6416-63,0,Privacy,-19.754162,20.96208
38b56399-3b1c-421d-8a80-1e5f54fcd667_806-77,2,Safety,34.058434,11.676165
06cf946b-4713-4ca2-addf-55ce95a26d98_1071-13,3,Politeness,-1.3034729,10.697302
70c8bd4f-bfe1-4fb5-82ad-7d763cc28935_732-98,1,Cooperation,32.22953,-13.379487
70c8bd4f-bfe1-4fb5-82ad-7d763cc28935_732-98,3,Privacy,-15.982744,-20.002083
22653c79-369f-4a0d-a663-33a1da378fe0_245-16,2,Proxemics,6.566724,-23.421946
b79c342b-db1e-407e-958a-e1585c6c3ddd_3-67,2,Safety,-20.058332,4.3896403
2dbdd409-0be0-447c-8ae8-3f107fe9af80_1872-88,0,Politeness,-7.6881967,9.415749
2dbdd409-0be0-447c-8ae8-3f107fe9af80_1872-88,2,Proxemics,7.4091854,-10.020514
2dbdd409-0be0-447c-8ae8-3f107fe9af80_1872-88,3,Safety,-7.7254157,-12.579544
8bb4369f-a6e0-45a3-9d2d-fd5d5c686ccc_70-57,0,Communication/Legibility,-38.91215,13.332815
8bb4369f-a6e0-45a3-9d2d-fd5d5c686ccc_70-57,1,Safety,-37.872726,15.968485
9490a06b-3fa1-47b6-b470-facb3d61ac57_1071-05,1,Privacy,-12.925386,30.273745
9490a06b-3fa1-47b6-b470-facb3d61ac57_1071-05,2,Proxemics,32.028515,5.624623
9490a06b-3fa1-47b6-b470-facb3d61ac57_1071-05,3,Privacy,-16.8954,-6.837694
c0a19ccf-66ad-44b5-9b3d-2f20d49bc0a8_296-47,1,Cooperation,-2.0865028,-11.020009
c0a19ccf-66ad-44b5-9b3d-2f20d49bc0a8_296-47,2,Safety,-4.582513,-12.303881
2680068d-b3ae-42d8-971f-e842c2d4fbb4_1248-72,0,Communication/Legibility,8.942614,16.51395
e9e0f26d-3005-436a-a70f-7d99977808c8_1554-09,3,Politeness,-22.712128,35.135826
d1a27322-8acd-4297-9029-db45af8d7cc2_127-67,3,Politeness,-34.822742,23.038605
edd0cb68-87be-4cfe-9f2d-b0b64ea8d3e2_2291-45,0,Safety,-3.396991,-34.554848
878666b9-5f3d-476a-960f-3a5d02da7619_15170-34,2,Privacy,-12.538557,19.20602
998d4e6e-f579-4872-b706-767c5f392825_5068-97,0,Safety,-6.590348,-35.614716
4b5de875-cc82-494e-b768-8ac0ae3bb279_1405-68,0,Safety,-7.938447,-17.05938
214b62df-2fb1-4b0e-af9d-42b0dd37defb_1128-08,0,Safety,29.515894,-2.7893076
214b62df-2fb1-4b0e-af9d-42b0dd37defb_1128-08,2,Proxemics,39.320107,-5.5052586
e99a32fa-19c9-41e6-be66-37869bd26583_542-40,0,Proxemics,-13.561396,15.988808
e99a32fa-19c9-41e6-be66-37869bd26583_542-40,1,Privacy,-11.427668,19.903345
a40f2c59-c795-4893-9ec5-6a58632a2b49_635-34,0,Safety,-4.1786156,16.254543
a40f2c59-c795-4893-9ec5-6a58632a2b49_635-34,2,Communication/Legibility,2.8570018,23.027458
eb20bebd-41e5-4a02-aa7e-73d3da5bc97e_275-45,2,Privacy,40.958397,-3.0872495
b4b27c5b-2b73-4083-a41c-a6a960475c1a_1618-99,1,Cooperation,0.09871686,-15.056414
720da14e-0ef5-4968-87e9-270fce0a9a18_73-28,1,Cooperation,-30.656725,6.4615207
720da14e-0ef5-4968-87e9-270fce0a9a18_73-28,2,Cooperation,-24.510538,8.754131
11f247e0-179a-4b9d-8244-16fb918010a1_1106-33,3,Cooperation,-43.562374,18.069546
43da1507-f497-4393-85a0-08196c04e16b_2646-34,0,Safety,-13.674619,-19.784588
43da1507-f497-4393-85a0-08196c04e16b_2646-34,2,Privacy,-10.660961,20.01859
dd508a2a-1ea7-43d2-805a-8080eeae9985_886-44,0,Politeness,-23.554209,30.839487
dd508a2a-1ea7-43d2-805a-8080eeae9985_886-44,1,Cooperation,-7.037943,16.570272
d36cf2fd-8916-4b69-b7a2-e9743675fb38_3851-77,0,Safety,-17.051495,8.955541
d55c3204-8dfe-44c4-8822-d748e6fe6d8a_600-02,0,Cooperation,17.079294,19.325935
d55c3204-8dfe-44c4-8822-d748e6fe6d8a_600-02,1,Communication/Legibility,-5.7846217,23.909966
d55c3204-8dfe-44c4-8822-d748e6fe6d8a_600-02,2,Communication/Legibility,-2.4970236,26.237478
d55c3204-8dfe-44c4-8822-d748e6fe6d8a_600-02,3,Politeness,-4.1574707,8.233742
63d56e4c-e454-48c2-a8f2-5bc2c34622ca_172-69,0,Safety,19.336271,5.283039
e54d654b-86ca-4219-bbf4-68575fffa098_2992-60,2,Privacy,32.117607,-10.515348
45c274b8-54e6-4187-9fd9-73c0b0ada28d_1281-25,0,Communication/Legibility,-7.016829,22.78109
d27c5c7e-db9c-48f4-bea5-9970078d352e_1570-49,2,Safety,6.753474,-24.56361
fd2ae8b4-b683-4c4b-935c-78b4dadbdbf8_3041-68,2,Cooperation,-1.2221652,30.403584
fb92d350-9bf9-4b16-8a1f-7858de276226_32-25,2,Proxemics,39.309555,-24.008137
ab865129-78fa-47d4-8a50-ff8c5533246f_318-49,0,Privacy,-39.4126,5.462838
b8ba4ac1-4134-44aa-99db-25efaa058e98_277-37,2,Safety,-32.6049,10.570443
ff425cc6-7577-444b-b6f7-e250c22a1ed5_831-75,2,Coordination/Proactivity,28.274881,-18.249004
35e004f4-ad64-4835-9358-38a58b431252_2629-86,0,Privacy,-33.090252,7.8046107
35e004f4-ad64-4835-9358-38a58b431252_2629-86,2,Privacy,-33.135834,7.8736243
4b5de875-cc82-494e-b768-8ac0ae3bb279_668-27,0,Privacy,-12.984836,34.669056
4b5de875-cc82-494e-b768-8ac0ae3bb279_668-27,1,Proxemics,-13.122393,34.336044
4b5de875-cc82-494e-b768-8ac0ae3bb279_668-27,2,Privacy,-15.156179,33.346207
6b7fc6db-e979-43a0-b61f-7dced89d423d_347-96,0,Privacy,15.50272,33.88096
828ef13f-f52a-4a16-b206-4ec7e471f025_274-71,3,Safety,23.397324,-17.936462
214b62df-2fb1-4b0e-af9d-42b0dd37defb_1599-71,0,Safety,-14.41983,-8.003906
15223229-8273-4f28-9bc0-1266e7c210d8_1078-65,1,Privacy,16.326723,10.200749
695cefe9-04c0-42fb-80fc-d308b314b788_1-28,0,Proxemics,-20.1998,14.913495
695cefe9-04c0-42fb-80fc-d308b314b788_1-28,2,Safety,31.01338,-11.079808
89d8c9c5-fa11-4674-b08f-007f81958555_227-24,0,Safety,-25.94247,3.4791815
d8915c4c-6534-4b0a-b46a-02a03d8031da_0-20,2,Proxemics,-14.403543,28.312054
fb92d350-9bf9-4b16-8a1f-7858de276226_2422-37,2,Proxemics,39.73605,-23.538935
cebb6331-2a18-454a-862b-3aa502267017_1587-77,3,Politeness,-49.71402,18.897457
cd0c7d35-19cf-4ce2-9b40-0209547acde5_1365-10,0,Cooperation,-1.377453,-11.42955
89d8c9c5-fa11-4674-b08f-007f81958555_1665-43,3,Safety,-25.94076,2.3615534
53e92e25-fe03-4311-9a17-c4f6a29ccad1_983-79,0,Safety,-9.898303,-16.28879
53e92e25-fe03-4311-9a17-c4f6a29ccad1_983-79,2,Cooperation,4.705784,6.130696
8f47201d-0398-4442-af65-0dde73284c7f_1370-37,2,Politeness,-22.795887,28.380447
c2071026-add0-4546-8374-b6d04ddd94b1_0-04,1,Proxemics,-14.29513,14.006505
b4814b66-f564-48cb-a11f-3b0a1ee73704_42-69,0,Safety,-49.1846,8.246665
b4814b66-f564-48cb-a11f-3b0a1ee73704_42-69,2,Proxemics,-45.399864,13.578797
b4814b66-f564-48cb-a11f-3b0a1ee73704_42-69,3,Politeness,-45.001106,11.7267685
64792a03-b8ea-4fdc-96d8-1e1199b73658_1352-24,0,Communication/Legibility,-1.4998536,26.373816
62103d3d-d89d-4f54-a766-1beb22eb994b_617-19,2,Proxemics,13.4981365,-5.184852
62103d3d-d89d-4f54-a766-1beb22eb994b_617-19,3,Communication/Legibility,36.625294,-27.93615
c2d28dd4-4416-4300-bbbe-23911487776a_3669-01,3,Safety,-8.619065,-14.873998
7c1c5dca-5856-4997-8cda-9fa3bca10a3b_37-44,0,Cooperation,0.5808731,14.626387
6306375a-1533-4f3c-843b-0cd51b4bf449_1-23,2,Communication/Legibility,13.306189,21.288996
e95dbd21-3017-48f5-8f36-46531f053ab1_835-77,0,Privacy,-13.961236,23.128809
6fc30ceb-ace8-49f8-8244-71f14c6d773c_936-70,2,Cooperation,-0.8645993,32.20503
1fe55d7f-85e4-4cb5-a536-7a2aa623630b_1246-18,2,Privacy,-16.514462,-8.798505
6b6fde45-51e9-4c60-8305-27e45883ee7b_270-11,0,Safety,-37.13822,16.129147
6b6fde45-51e9-4c60-8305-27e45883ee7b_270-11,2,Safety,-38.438,13.545016
98334b78-967f-4980-ba86-56d34b4aaf2e_1109-83,0,Communication/Legibility,-7.0996413,34.213238
2cd9a214-b950-49b6-aa04-0cfd0f85fe5f_528-48,0,Safety,-43.45721,8.197402
5318b45a-f8be-4ab2-a807-564d734527fb_1369-45,0,Safety,-42.421852,19.553617
5318b45a-f8be-4ab2-a807-564d734527fb_1369-45,3,Safety,-39.053463,16.286055
dced4894-d13a-4222-941b-5e4ecf1e3299_629-13,0,Safety,-2.8792334,-17.54488
8a0de6d0-5d28-43f5-91e6-48f41eeb3752_1074-03,0,Communication/Legibility,4.8349366,28.139402
8a0de6d0-5d28-43f5-91e6-48f41eeb3752_1074-03,1,Communication/Legibility,9.5863085,25.863794
8a0de6d0-5d28-43f5-91e6-48f41eeb3752_1074-03,2,Communication/Legibility,6.1775103,22.623203
baaffbad-76a7-458a-8a54-7b593ab073f6_979-89,0,Cooperation,3.366331,3.7868724
baaffbad-76a7-458a-8a54-7b593ab073f6_979-89,1,Safety,23.10026,21.665781
600e392c-4be6-4b8b-bef8-e789ce3d8915_7199-73,2,Proxemics,-17.915245,-5.6149325
600e392c-4be6-4b8b-bef8-e789ce3d8915_7199-73,3,Privacy,-17.868862,-5.134525
6956cb48-951c-4607-a42b-a66de2c186be_59-73,0,Safety,-43.877117,18.588156
cf3956a7-8cc6-4a99-8770-71a15c7e69c7_5040-48,2,Proxemics,-25.239117,-13.473977
2ac65951-49b0-4629-981e-edc34b8cdb0f_1349-72,2,Proxemics,-12.4557295,16.334265
3dd08c84-ee0a-4fa6-a859-98fd969ec720_1276-65,0,Safety,-29.471027,4.720305
b6bee905-eddf-4b41-bfe6-d57c9059fe61_1119-76,1,Cooperation,-17.378456,-12.970454
9d965c16-0014-45e5-b37b-50a786971470_6156-96,0,Communication/Legibility,-6.2942786,26.316893
9d965c16-0014-45e5-b37b-50a786971470_6156-96,1,Proxemics,-27.769894,25.255482
df1a31a9-6508-4d9d-b1c7-cffc7bcc5d29_41-87,2,Coordination/Proactivity,22.631836,32.96912
df1a31a9-6508-4d9d-b1c7-cffc7bcc5d29_41-87,3,Politeness,-2.8073943,7.6510878
38737402-19bd-4689-9e74-3af391b15feb_1338-80,2,Proxemics,-47.764565,7.760961
e0d46807-4c3b-44a0-ac59-cb970c8d5a5a_6-18,3,Coordination/Proactivity,12.815716,16.732544
4d1b11b2-e53a-40a5-a3a5-2b2441c60e17_621-95,2,Communication/Legibility,22.857815,23.235998
3b021bad-6945-4be2-a7db-44af3db1eae8_2667-18,2,Proxemics,-14.479099,21.156006
bd96484b-6f8c-492b-8969-cae99c868b4d_2411-56,1,Proxemics,-14.480918,-0.4348297
e7eead9a-5f4e-47af-8f54-2dd3fd453a2d_55-37,2,Proxemics,-37.41339,14.748011
e7eead9a-5f4e-47af-8f54-2dd3fd453a2d_55-37,3,Politeness,-39.13539,21.555035
e402df54-0a64-424e-a7e6-3e68b18a761c_242-70,2,Proxemics,-43.695496,19.311626
e402df54-0a64-424e-a7e6-3e68b18a761c_242-70,3,Safety,-38.858467,17.132902
a7448853-2414-42b1-998c-0f56594e437a_155-55,3,Communication/Legibility,-0.33018982,-25.695276
dd508a2a-1ea7-43d2-805a-8080eeae9985_36-14,0,Safety,-37.944893,2.9661577
0f82d425-f8be-4e69-8c59-0a1a2e980b20_1108-13,0,Safety,-47.8381,12.41459
5605bd9a-d151-4d5b-b0f6-cfc28ae6937e_709-52,2,Cooperation,0.89353055,6.7619524
72d6a00b-0554-41cd-a00d-0c1e64e400df_2501-79,2,Proxemics,-0.11159713,25.203959
93a5f8cb-d7eb-4e5a-9913-77ef1487ce61_2462-55,0,Safety,-23.113901,4.6481876
7a3479a4-b903-4d20-bdc4-98d93ceb3c36_1392-00,0,Safety,-26.28263,6.6681004
ea1818bb-a882-4de4-9e31-993f4cb98aa1_622-65,1,Proxemics,25.385519,6.101839
89d8c9c5-fa11-4674-b08f-007f81958555_179-03,3,Safety,-24.695599,2.9362655
878666b9-5f3d-476a-960f-3a5d02da7619_18455-07,0,Safety,-46.887047,5.2833233
a99c5790-b590-4c29-98b3-004bbf106ce7_315-27,0,Safety,-49.120888,7.969917
9fb1ce25-8a99-45ed-a28c-1492192d4964_1957-11,2,Cooperation,0.120437965,12.79629
fdbe0fbc-90a3-41b9-8898-a0c7ce3f966c_672-30,0,Communication/Legibility,-47.524693,14.179151
fdbe0fbc-90a3-41b9-8898-a0c7ce3f966c_672-30,1,Cooperation,-41.202694,15.268793
fdbe0fbc-90a3-41b9-8898-a0c7ce3f966c_672-30,3,Politeness,-7.607996,22.455902
0f82d425-f8be-4e69-8c59-0a1a2e980b20_295-56,2,Proxemics,8.148993,6.7649183
dbcca18b-4b62-4ba1-b799-a6a65231d084_3795-07,1,Safety,4.874127,-6.0818524
d64fb34a-08fd-416c-ac6f-86a0813869a8_512-82,3,Politeness,34.919636,1.5666033
1acd2d5c-b0d4-4ec5-a54c-6a9c84cb11f6_742-55,3,Politeness,-32.27236,2.4357266
9fb1ce25-8a99-45ed-a28c-1492192d4964_1100-54,0,Privacy,-29.505053,16.41339
fdc39d01-44cb-431a-96a1-558ebf4c15ae_933-99,1,Safety,-40.375725,9.781394
624a6c0a-a4cb-4073-b501-48e4b6b679e4_1095-75,0,Safety,-12.05974,6.9182177
624a6c0a-a4cb-4073-b501-48e4b6b679e4_1095-75,2,Proxemics,-12.803413,3.8771074
624a6c0a-a4cb-4073-b501-48e4b6b679e4_1095-75,3,Safety,-11.651981,6.8272333
9fb1ce25-8a99-45ed-a28c-1492192d4964_1946-35,0,Safety,-5.0323772,-15.288643
ed027cb2-5b92-4de2-ab58-69d42325ef15_890-73,0,Safety,14.107208,12.52865
54a421d2-763e-4751-a6b4-54e3d6c46cc1_1458-60,0,Safety,-28.865791,4.44282
54a421d2-763e-4751-a6b4-54e3d6c46cc1_1458-60,1,Cooperation,-29.457191,7.9821978
54a421d2-763e-4751-a6b4-54e3d6c46cc1_1458-60,3,Cooperation,-28.490047,6.3858767
ef641454-94d5-4fe4-bf21-710144143967_760-02,1,Safety,-22.686869,15.225125
ef641454-94d5-4fe4-bf21-710144143967_760-02,2,Proxemics,-22.725723,15.784617
fec31c20-1910-4ab1-afc5-6aa3057a45f5_825-86,2,Politeness,-24.083006,28.482115
2dbdd409-0be0-447c-8ae8-3f107fe9af80_1697-32,0,Safety,32.79425,-19.420807
2dbdd409-0be0-447c-8ae8-3f107fe9af80_1697-32,2,Proxemics,38.86541,-4.776591
7b5fafdb-136a-4722-84a4-cffb213a224a_1908-63,0,Cooperation,-13.131551,-11.964753
7b5fafdb-136a-4722-84a4-cffb213a224a_1908-63,1,Cooperation,1.8618836,5.1149244
b0a30641-ad93-4d6a-92a9-f277c78f1aa5_473-69,1,Politeness,-21.577457,34.15917
214b62df-2fb1-4b0e-af9d-42b0dd37defb_2076-23,0,Cooperation,39.93416,-22.052324
214b62df-2fb1-4b0e-af9d-42b0dd37defb_2076-23,2,Cooperation,37.73016,-20.01921
d8936caf-0142-4ceb-bacc-70313a19f169_142-89,2,Safety,-41.11638,14.010352
c00d3596-99db-4ea7-9a65-57ab4319d640_370-19,0,Communication/Legibility,38.951763,-18.14659
c34effc7-6198-4c85-80c7-c8be85b77dd3_4366-00,3,Politeness,33.038933,-1.5308326
59764b58-1523-48b3-88d2-9fc07880e597_1504-77,0,Cooperation,23.518473,11.255409
5f26c69f-6f1c-4041-a81f-3c4808e0a385_151-47,3,Politeness,-3.4475617,11.8763
a4bbdddc-c222-4535-a616-57ccbc8f9b9e_7343-01,3,Safety,-23.311525,-13.501798
9a33e9f1-a740-4810-a624-62b0c9935741_2385-44,0,Cooperation,9.733117,39.15108
9a33e9f1-a740-4810-a624-62b0c9935741_2385-44,2,Proxemics,35.34408,-2.7079055
be462bcf-13ad-446a-8dfb-248cb2e3417a_379-26,2,Communication/Legibility,-4.3509564,-0.39878124
2137f7a2-dce3-4d95-859d-ad2a50b0cd09_1373-29,0,Safety,-8.2908945,-22.285398
b5c3c1e3-7ee7-4b4a-b938-4d008d5aa49b_757-55,0,Safety,25.310913,-4.043976
3178c414-453e-44e9-b192-67dba2ccc982_565-83,1,Communication/Legibility,4.9285507,28.371653
7a680a9a-dd7b-467a-a724-a597f1be9f06_3668-06,0,Communication/Legibility,7.1181526,38.682037
7a680a9a-dd7b-467a-a724-a597f1be9f06_3668-06,1,Coordination/Proactivity,7.058059,38.58452
7a680a9a-dd7b-467a-a724-a597f1be9f06_3668-06,2,Communication/Legibility,7.873634,38.644646
7a680a9a-dd7b-467a-a724-a597f1be9f06_3668-06,3,Cooperation,8.073574,38.48003
b9bc5b47-ae9a-4220-84c7-ada93722c4fe_909-02,0,Safety,-39.59454,10.6257105
b9bc5b47-ae9a-4220-84c7-ada93722c4fe_909-02,3,Communication/Legibility,-39.29466,7.4901986
972f2966-c368-4344-a9ca-5bd8a277f177_1110-10,2,Cooperation,32.179676,-20.916332
972f2966-c368-4344-a9ca-5bd8a277f177_1110-10,3,Cooperation,5.7280807,-34.61406
af400f98-3c57-46ad-acac-eaca6f940180_508-42,0,Communication/Legibility,3.4431906,23.485023
af400f98-3c57-46ad-acac-eaca6f940180_508-42,3,Proxemics,-12.861386,17.565916
11f247e0-179a-4b9d-8244-16fb918010a1_1376-89,3,Politeness,-50.533165,6.657086
146a4b4b-96a5-4d8f-a5b1-78dbb6ee5edf_4571-18,0,Communication/Legibility,2.9759622,24.031004
146a4b4b-96a5-4d8f-a5b1-78dbb6ee5edf_4571-18,3,Safety,-20.090624,1.1139814
b6ae365a-dd70-42c4-90d6-e0351778d991_277-06,0,Safety,-4.8008924,-28.0444
b6ae365a-dd70-42c4-90d6-e0351778d991_277-06,1,Cooperation,-3.8578131,-28.090916
b6ae365a-dd70-42c4-90d6-e0351778d991_277-06,3,Safety,-4.5972614,-27.746218
8bb4369f-a6e0-45a3-9d2d-fd5d5c686ccc_246-04,3,Safety,-35.102573,14.476437
7627344d-503f-4a25-b418-10a6929d5a18_842-97,2,Politeness,-7.741866,28.227945
82e96128-1242-4e57-8a3e-9ea222df022c_3264-64,0,Cooperation,13.220353,14.051803
044a7a23-9305-4971-82ac-aa1a3dc154be_214-77,1,Proxemics,-25.793118,26.492332
087e11d0-5984-4365-989d-7365294ddaec_7351-39,1,Politeness,-19.944618,33.49473
087e11d0-5984-4365-989d-7365294ddaec_7351-39,2,Proxemics,3.442036,0.20583875
6989df0e-b8da-48a4-bc69-b01f6f8aef1a_378-59,2,Safety,31.840471,-16.197065
85020424-0ed9-4dcd-9a39-e5ab84ec6b6d_896-84,2,Communication/Legibility,-32.551548,-6.185582
19f2ea20-5041-4be2-bdc9-714473f16236_5269-91,0,Politeness,-6.5796933,10.718261
19f2ea20-5041-4be2-bdc9-714473f16236_5269-91,3,Communication/Legibility,3.333695,26.337
eb20bebd-41e5-4a02-aa7e-73d3da5bc97e_389-33,2,Proxemics,39.274597,-7.0415163
555ff1a5-c30b-434c-a251-b5105cdc1fb9_1647-31,2,Communication/Legibility,-26.012253,5.1007957
622ab8aa-21f8-4ad0-99c3-7f4876850df7_193-96,0,Safety,-42.16578,11.840214
cb87d2ca-dc4f-4e1c-a13f-a8fe7dc952e9_98-75,0,Safety,-48.389774,6.7493434
cb87d2ca-dc4f-4e1c-a13f-a8fe7dc952e9_98-75,2,Proxemics,-49.812946,7.3760934
17be1d0a-f213-4126-ab6e-08e5c8ee5b93_1056-33,2,Communication/Legibility,4.456838,31.282598
969866a7-2393-4bca-851a-885ddd7f627d_2446-72,1,Proxemics,-14.397404,11.52032
4fde0689-6bc3-49d4-8d54-bf4cfe0ad287_403-70,0,Communication/Legibility,-5.7900267,26.860102
8fafc02a-ef7a-46f4-ae97-b0c68c8bb207_7571-93,0,Privacy,12.047334,13.373633
3d93c92c-8c12-4972-9f29-c8bef5c321ba_832-45,3,Safety,-25.922928,4.078881
e339898f-5e79-4723-89d7-44ba33b163de_500-86,2,Communication/Legibility,-1.9081422,0.262567
596760c3-b1d6-453c-916c-ecbc30ab1c5d_1349-91,0,Communication/Legibility,-28.604195,17.840204
f6da4761-4774-4e05-bb2a-beca6db68f51_2233-75,2,Proxemics,5.9095526,-33.7063
f374039b-7f08-4dc3-af64-4e9ff61db531_425-13,0,Cooperation,2.4255347,12.419456
f374039b-7f08-4dc3-af64-4e9ff61db531_425-13,1,Politeness,-24.492039,29.079147
f374039b-7f08-4dc3-af64-4e9ff61db531_425-13,2,Cooperation,-0.6425006,4.9571333
f374039b-7f08-4dc3-af64-4e9ff61db531_425-13,3,Communication/Legibility,-10.889724,16.56181
9148ceed-6983-4303-a560-2cbde805ee85_529-14,1,Safety,-4.447791,-22.12825
9148ceed-6983-4303-a560-2cbde805ee85_529-14,3,Safety,1.8457892,-30.39054
ba078478-13a5-4e7f-8ee4-61620f84cb7a_3101-09,1,Privacy,-6.28913,33.160465
ba078478-13a5-4e7f-8ee4-61620f84cb7a_3101-09,2,Privacy,16.08037,19.484886
ba078478-13a5-4e7f-8ee4-61620f84cb7a_3101-09,3,Politeness,-3.272631,11.995851
7c4f8ef4-c126-46b7-8fa9-1b2daf5b41de_2272-79,1,Communication/Legibility,-32.686222,17.89281
01ccf6b0-5e95-4b18-acd4-a8cc1fd31ddf_849-71,0,Safety,-19.498201,2.570365
3c9ce1b1-9eaa-4e3d-9ebb-91f9d904178e_2453-52,0,Communication/Legibility,5.386825,25.125378
3c9ce1b1-9eaa-4e3d-9ebb-91f9d904178e_2453-52,2,Proxemics,-12.450673,16.070042
c34effc7-6198-4c85-80c7-c8be85b77dd3_1105-03,2,Politeness,17.327202,33.349464
4d45174a-6a77-48cd-a8f2-9b93e2d47f07_653-18,0,Communication/Legibility,44.735397,-10.258508
d3dafc0b-c623-4c4b-9a4a-ee56538e257c_519-43,0,Cooperation,23.137743,11.068981
d3dafc0b-c623-4c4b-9a4a-ee56538e257c_519-43,1,Cooperation,22.111315,8.670787
d3dafc0b-c623-4c4b-9a4a-ee56538e257c_519-43,2,Cooperation,21.765467,8.459196
d3dafc0b-c623-4c4b-9a4a-ee56538e257c_519-43,3,Communication/Legibility,24.286097,7.0125775
22653c79-369f-4a0d-a663-33a1da378fe0_292-96,0,Communication/Legibility,2.273,31.06866
22653c79-369f-4a0d-a663-33a1da378fe0_292-96,2,Safety,-26.03703,26.799465
2dbdd409-0be0-447c-8ae8-3f107fe9af80_1764-16,2,Coordination/Proactivity,6.2521286,-10.7724
18ac02cb-20eb-4eed-b735-04aff3573422_38-16,0,Safety,-33.59149,3.8568318
76f450c1-3542-4f8a-964c-66c857a23601_671-42,0,Cooperation,11.145173,9.940657
76f450c1-3542-4f8a-964c-66c857a23601_671-42,2,Cooperation,11.482462,10.065433
dca2e9e2-acde-49b7-8b0e-5a150e536769_3059-39,0,Politeness,-22.295563,16.320496
2a97736a-4fff-4753-84de-e6586a5603cc_2707-05,0,Safety,-20.810663,5.060938
2a97736a-4fff-4753-84de-e6586a5603cc_2707-05,2,Cooperation,-16.174137,8.244246
8672b38a-7682-4244-ad7a-a336c81c2d0e_1054-38,0,Safety,4.9171357,0.5627769
8672b38a-7682-4244-ad7a-a336c81c2d0e_1054-38,2,Cooperation,7.277602,-7.0750475
5ed59c41-af9e-4368-a0ce-30d536d34895_494-33,2,Privacy,-43.699173,17.410065
3ab744ba-9969-452c-a825-38affebd4139_319-13,0,Cooperation,-22.829031,35.362713
3ab744ba-9969-452c-a825-38affebd4139_319-13,2,Communication/Legibility,-32.93032,-6.3757296
ad851441-1f15-467e-83d8-48c764e220a8_875-32,0,Privacy,-19.660301,24.918497
ad851441-1f15-467e-83d8-48c764e220a8_875-32,2,Cooperation,-22.204184,22.523554
c2d28dd4-4416-4300-bbbe-23911487776a_1418-50,1,Safety,-14.743659,-24.30511
36baa5a9-16bf-4ad6-b011-4d7daae6b8f9_641-91,0,Coordination/Proactivity,13.070485,-13.708017
36baa5a9-16bf-4ad6-b011-4d7daae6b8f9_641-91,2,Politeness,-0.51158065,18.557455
cfc42371-cd58-48df-8bc5-f2fb29a6091e_1191-27,2,Proxemics,-51.576168,12.496964
c34effc7-6198-4c85-80c7-c8be85b77dd3_5294-07,2,Proxemics,-1.5463868,15.974022
5ab334f2-ecc8-4a05-96f8-4320225379b2_1773-43,2,Politeness,-42.512,15.122451
053ae0a6-937d-4bdc-8001-d3dfe7899811_1085-52,0,Safety,-20.28833,1.1232947
0d5f2917-e0bd-47cb-b887-1c14c69568f9_848-84,3,Cooperation,7.6495886,-2.8203132
72c81e60-8604-4897-8cd5-71df5244acaa_1172-93,1,Politeness,-19.894892,33.482185
d1c7b7ec-506e-4c02-b008-8b5aaaf442d7_1891-93,2,Privacy,-29.54042,16.145561
d1c7b7ec-506e-4c02-b008-8b5aaaf442d7_1891-93,3,Cooperation,-1.741642,30.43079
348180aa-c90b-463a-8b3f-0743469a8b59_7126-75,1,Communication/Legibility,-8.937983,-2.6459067
48d7d009-425f-4d1a-a6a9-a4742bd0d9fe_2349-91,0,Cooperation,2.4952612,12.269207
45f5f3df-072e-4869-b332-cfc3652092b2_997-48,3,Cooperation,37.423687,-15.44667
5aa01f1b-351d-428b-a1be-1f2edaff6a0c_693-84,0,Safety,27.243013,-3.5230906
5aa01f1b-351d-428b-a1be-1f2edaff6a0c_693-84,1,Privacy,-19.601542,-9.715243
5aa01f1b-351d-428b-a1be-1f2edaff6a0c_693-84,2,Safety,21.4473,-4.843679
949b2e8a-83f9-4b89-b29b-9e8d81600dd8_3511-42,2,Proxemics,-13.443377,-4.7833233
5c9b85ea-24a9-4bfd-8ac2-4ca6f9090231_4576-22,2,Safety,-6.46008,-10.638736
5c9b85ea-24a9-4bfd-8ac2-4ca6f9090231_4576-22,3,Politeness,-2.7912114,5.889338
ea5bb387-a22a-4b49-8aa5-35cbf0d3563d_32-89,2,Proxemics,-2.4465835,19.141563
b5c3c1e3-7ee7-4b4a-b938-4d008d5aa49b_644-73,0,Safety,25.63898,-2.6617022
9f8d9232-a78e-4e14-9a0f-944a325efa19_133-97,2,Communication/Legibility,-16.643934,-12.301994
9f8d9232-a78e-4e14-9a0f-944a325efa19_133-97,3,Cooperation,12.691328,-40.17132
a437e059-78be-4894-a7ab-dc27fa16d3f8_9861-81,3,Cooperation,-14.873795,-14.165757
c2d28dd4-4416-4300-bbbe-23911487776a_6637-37,2,Safety,-22.86957,-14.77332
bc215572-bd4c-4457-bbc1-58cdd6398cc7_2751-16,0,Safety,-16.923134,-8.56453
2dbdd409-0be0-447c-8ae8-3f107fe9af80_989-72,0,Cooperation,39.611305,-4.511966
2dbdd409-0be0-447c-8ae8-3f107fe9af80_989-72,2,Proxemics,38.9803,-6.5978
366b71ad-3f35-4704-b6ef-e793c7e73ac6_15-36,2,Proxemics,4.5816345,-20.7961
584f625d-15b0-49e8-bfa6-718b9cf010e0_834-78,3,Safety,-18.021008,1.5146378
520374ca-09f9-4716-8176-dd289ea7baa9_540-00,1,Safety,26.92009,-1.2782787
dbcca18b-4b62-4ba1-b799-a6a65231d084_2471-26,0,Communication/Legibility,41.028576,-12.849596
dbcca18b-4b62-4ba1-b799-a6a65231d084_2471-26,1,Cooperation,39.07403,-14.869013
c00d3596-99db-4ea7-9a65-57ab4319d640_329-17,0,Safety,-17.518658,7.4849005
c00d3596-99db-4ea7-9a65-57ab4319d640_329-17,3,Cooperation,-0.8302154,-4.967554
a5bd4711-275b-4bbf-96fe-37553e5d3e93_1659-18,0,Safety,-4.69656,-16.379368
a5bd4711-275b-4bbf-96fe-37553e5d3e93_1659-18,2,Communication/Legibility,-22.17324,-12.75685
6f93978d-a3d0-467d-b401-e23b3c92f3bf_5298-67,0,Communication/Legibility,6.9847684,32.34428
2893d559-89cb-4125-a761-3ff8e68768a9_638-82,2,Proxemics,-12.918396,15.552919
7a680a9a-dd7b-467a-a724-a597f1be9f06_2545-71,0,Safety,-24.650671,5.111634
15c5a595-c577-4b4b-b26a-639517f140c9_1-82,0,Cooperation,2.2608685,14.909478
51364391-163c-484c-8de5-122abb5898de_1357-07,2,Proxemics,-43.906315,20.119059
18189ea3-00fd-428a-bbae-7549ddd9a97e_803-15,3,Safety,34.814735,-23.865242
bd31c2eb-4faa-467d-8c71-89a55b0a4be5_275-56,2,Proxemics,28.747066,-37.74407
083b7556-9dff-40e2-9fad-bef3f82dbf37_635-98,2,Safety,-6.486553,-23.061022
db35b386-4c65-4c5e-a488-51b2aa5eb1fb_589-73,2,Coordination/Proactivity,17.251354,-27.385489
db35b386-4c65-4c5e-a488-51b2aa5eb1fb_589-73,3,Politeness,17.307144,-27.443268
2d13c92e-f43f-40f2-b603-cb749e5fee70_2243-41,2,Cooperation,5.46168,8.07869
dd82f801-fc96-4ced-b066-ad559da3faab_601-49,2,Proxemics,-39.31627,5.8507543
fd2ae8b4-b683-4c4b-935c-78b4dadbdbf8_4288-89,0,Cooperation,37.942112,-21.82507
fd2ae8b4-b683-4c4b-935c-78b4dadbdbf8_4288-89,1,Politeness,38.016365,-6.117675
fd2ae8b4-b683-4c4b-935c-78b4dadbdbf8_4288-89,2,Safety,29.596222,-3.164057
97d62297-ee2c-482f-aec2-4f73448c3a03_538-31,0,Safety,-6.331403,39.545143
998d4e6e-f579-4872-b706-767c5f392825_4715-59,0,Safety,-7.4817047,-35.9549
998d4e6e-f579-4872-b706-767c5f392825_4715-59,2,Proxemics,-11.261655,-7.4787126
3de48a49-665d-4c1b-9655-82532e108e6a_1395-29,1,Proxemics,-37.953465,1.4381795
38a66acf-33c8-4ed5-b814-7322087b2e21_4267-76,0,Communication/Legibility,6.689857,15.34527
d3a0899e-2093-454c-9f65-30087883193a_399-22,0,Cooperation,-15.859921,-14.848377
d3a0899e-2093-454c-9f65-30087883193a_399-22,1,Cooperation,3.7854896,-17.421354
d3a0899e-2093-454c-9f65-30087883193a_399-22,2,Cooperation,-17.934502,-14.293168
d3a0899e-2093-454c-9f65-30087883193a_399-22,3,Privacy,-19.24086,-10.173795
4c70179a-f411-4f81-b44d-cfe34b8f9180_800-64,0,Safety,27.105972,-15.876001
4c70179a-f411-4f81-b44d-cfe34b8f9180_800-64,1,Cooperation,37.96253,-26.190144
9a732221-3adb-4903-b61d-9b8097965fbf_2751-77,0,Cooperation,-5.806607,35.87522
b5d691f6-1618-467e-9fc9-d2ebd8eaafe4_836-72,2,Privacy,-28.343758,16.9776
cb87d2ca-dc4f-4e1c-a13f-a8fe7dc952e9_11-49,2,Proxemics,-46.470444,11.400702
7152d311-7801-487c-a6ed-a746e6abaa1f_286-31,0,Safety,-6.917196,-26.443567
ede3176b-2e12-4d2d-b9e2-40a2c4e93916_78-06,2,Politeness,-50.561546,19.676666
ede3176b-2e12-4d2d-b9e2-40a2c4e93916_78-06,3,Safety,-24.699305,-0.977729
88193924-6780-4290-b8ba-85676e98387a_791-58,0,Communication/Legibility,16.492682,19.219461
fd2ae8b4-b683-4c4b-935c-78b4dadbdbf8_966-80,0,Cooperation,39.27021,-22.030916
fd2ae8b4-b683-4c4b-935c-78b4dadbdbf8_966-80,2,Politeness,40.269062,-6.598966
fd2ae8b4-b683-4c4b-935c-78b4dadbdbf8_966-80,3,Safety,-30.469992,13.788958
d6f9d174-2d42-49e7-83e4-daa9e8b0aa25_432-24,3,Politeness,18.787842,8.916267
225a1ffe-3e7e-4ff8-a47e-2e80989077fe_94-47,2,Coordination/Proactivity,0.387915,-6.2882886
eb5cb2b0-59e6-45da-af1b-ba86c7ab0b54_1263-17,3,Safety,-42.036686,14.40637
3ea1662a-6766-4bc9-8d42-9b48d4e8384c_132-89,1,Cooperation,2.1454756,7.2133245
3ea1662a-6766-4bc9-8d42-9b48d4e8384c_132-89,2,Safety,-9.18522,-11.781001
3ea1662a-6766-4bc9-8d42-9b48d4e8384c_132-89,3,Privacy,-14.981014,-10.004078
41c32675-1cc9-47f2-82e5-5ef1eacb720b_92-49,1,Cooperation,13.709601,4.1534233
41c32675-1cc9-47f2-82e5-5ef1eacb720b_92-49,2,Proxemics,13.353656,3.682988
84ec85f6-c167-413c-829d-9c6915519c57_919-33,2,Cooperation,4.0439653,6.4511514
cb987dd4-f0ec-46ed-8bf0-3fee8c84fc90_2701-67,1,Proxemics,15.144128,33.58674
b4814b66-f564-48cb-a11f-3b0a1ee73704_27-72,0,Safety,-48.647068,9.066122
b4814b66-f564-48cb-a11f-3b0a1ee73704_27-72,1,Cooperation,-39.519695,17.26822
b4814b66-f564-48cb-a11f-3b0a1ee73704_27-72,3,Politeness,-49.81562,13.092819
356661f5-767b-495d-95c7-03dcc46f85c6_1858-56,2,Safety,-17.037285,8.903862
366b71ad-3f35-4704-b6ef-e793c7e73ac6_41-78,0,Safety,13.748086,-29.933144
366b71ad-3f35-4704-b6ef-e793c7e73ac6_41-78,1,Cooperation,13.448649,-30.480629
0696265e-aba2-401b-9316-c380c30c901e_540-96,0,Cooperation,-8.85283,-0.31396043
0696265e-aba2-401b-9316-c380c30c901e_540-96,2,Safety,-10.358212,-3.6992438
258a7d18-4e66-4e3a-9fa0-f8daf7315a6d_1387-30,0,Communication/Legibility,2.132803,22.14316
258a7d18-4e66-4e3a-9fa0-f8daf7315a6d_1387-30,3,Politeness,-2.994794,9.638007
e58207f1-84ec-424b-a997-ff64a57eb13b_1893-21,3,Communication/Legibility,19.498539,15.129591
10a848ed-f258-4930-abdd-1fd60b788abc_788-28,2,Proxemics,-43.37623,2.3990052
10a848ed-f258-4930-abdd-1fd60b788abc_788-28,3,Communication/Legibility,-40.282333,7.2080193
c34effc7-6198-4c85-80c7-c8be85b77dd3_2970-00,2,Cooperation,36.196297,-13.145637
c34effc7-6198-4c85-80c7-c8be85b77dd3_2970-00,3,Safety,-5.81756,-23.324972
38737402-19bd-4689-9e74-3af391b15feb_650-15,2,Proxemics,-43.41707,2.3985634
67b78a5b-ab72-4483-95c4-33e837013e93_2874-42,2,Proxemics,28.671005,-8.744316
9e08a7b1-eb04-4d11-bb0b-f4cd42f0a819_3434-14,1,Coordination/Proactivity,-30.229622,-11.20195
d3279f4f-eea5-448f-a930-aafac6b668ac_1962-11,3,Cooperation,30.735765,-25.900904
03f5b0be-94ac-4d22-9c30-7bf0456ccf0e_1279-00,2,Cooperation,-12.464759,-15.383808
381c4c64-a697-42ab-90ab-a515740bf484_1318-72,3,Politeness,10.314322,12.612999
083b7556-9dff-40e2-9fad-bef3f82dbf37_34-58,2,Proxemics,7.7244043,-19.315928
3b342c9c-eb30-4cc6-8ced-53c4fb7b3a8d_290-89,0,Communication/Legibility,-3.5312908,27.87359
3b342c9c-eb30-4cc6-8ced-53c4fb7b3a8d_290-89,2,Communication/Legibility,-3.1550694,27.981668
38a8d256-8d63-4f28-8837-ebd80dcd10e7_227-55,2,Proxemics,22.829311,-17.6467
be7ede7a-c212-45ff-8601-e15dd2f7e531_928-33,3,Safety,-32.706497,-15.056595
3a839ee1-2391-43bb-a253-c2c45d753bac_271-43,0,Safety,33.838493,11.7806
3a839ee1-2391-43bb-a253-c2c45d753bac_271-43,2,Cooperation,14.438262,-12.177559
cf3956a7-8cc6-4a99-8770-71a15c7e69c7_4456-62,2,Proxemics,29.016502,-35.166958
1b1acfa6-ee3b-483c-9c0a-245d70d7125f_3443-49,0,Safety,-0.2301179,20.862658
6a847d75-e20f-409d-8b91-77ada97d8fb9_1499-90,2,Cooperation,-2.4004345,1.9088392
82e96128-1242-4e57-8a3e-9ea222df022c_3386-01,1,Safety,-5.8855824,-9.601651
2859218c-84ee-4e85-833f-74255b355032_39-61,1,Cooperation,10.195463,-37.464336
2859218c-84ee-4e85-833f-74255b355032_39-61,2,Cooperation,9.207399,-14.29797
2859218c-84ee-4e85-833f-74255b355032_39-61,3,Cooperation,5.0096784,-34.201336
c92cfd96-21ca-4b52-a56a-6345fbf57de0_233-46,1,Proxemics,39.71339,-14.588866
c97a7ee8-1fd4-4092-8c47-ef93dea1c8aa_539-98,2,Proxemics,-10.998923,6.7915373
6e4baf27-2090-4a90-816b-a35a0aff0e56_1023-43,2,Cooperation,30.911633,-27.755629
f7148e30-2ded-4d14-a8bb-f50813da26df_84-22,2,Safety,-8.051212,-13.525892
7b277350-9926-42ef-b5f7-3ee000f3350a_53-51,0,Safety,-5.126355,-20.366005
7b277350-9926-42ef-b5f7-3ee000f3350a_53-51,1,Coordination/Proactivity,11.644216,-38.033413
fc0450d5-00cd-4d55-9a8e-68628c38ddd2_87-11,2,Proxemics,-15.879992,-15.345513
fc0450d5-00cd-4d55-9a8e-68628c38ddd2_87-11,3,Safety,-11.927944,-16.626675
a95545b6-8b1e-4d77-a209-c1accf3b057b_17-67,0,Safety,22.400652,-9.095719
3a53bfdc-daf7-4bbc-bb9f-af449021d237_1629-28,2,Proxemics,-5.0236874,39.42081
a84e378e-c9d5-4ace-8e42-e07b95784746_180-55,0,Cooperation,25.522575,-22.631626
d6f9d174-2d42-49e7-83e4-daa9e8b0aa25_1070-43,3,Politeness,8.651127,-2.7948325
3925576b-6900-4112-8620-8739de771da9_2447-44,0,Safety,-9.339687,-18.952173
9c15ab39-2b2b-4eb1-a93d-4dd3b9711fc6_321-25,0,Cooperation,14.787206,12.067343
570fc280-231c-4a3e-99c2-12eefed1c122_925-58,0,Safety,26.827993,-20.83847
38a66acf-33c8-4ed5-b814-7322087b2e21_2113-44,0,Safety,43.514072,-14.183293
3ab744ba-9969-452c-a825-38affebd4139_13-22,2,Proxemics,20.82676,-25.964502
1e9da62e-72ae-48d2-8b6e-00a5283d213f_1077-48,2,Cooperation,-6.3464904,34.850784
072623e8-1889-4580-8175-ddc05a3dceb3_11-40,2,Safety,23.666502,-7.9268227
330c1e0d-b71a-452e-8b68-fdb96fa8a6ca_1228-35,0,Safety,3.993083,18.25681
4756ab70-a3dc-4855-b015-70fd744ea8e8_82-91,2,Cooperation,1.6737216,-4.207148
b1543ea3-e86b-4545-9195-f1bf83e02b41_4163-19,0,Safety,19.017725,-4.4374437
b1543ea3-e86b-4545-9195-f1bf83e02b41_4163-19,3,Politeness,-4.6123304,7.272865
5dac9d4b-1ac8-468b-a51b-8b7e0dbe554b_1086-76,2,Proxemics,-7.7936954,19.820456
b6ae365a-dd70-42c4-90d6-e0351778d991_416-05,0,Safety,29.738026,-13.493508
b6ae365a-dd70-42c4-90d6-e0351778d991_416-05,1,Safety,22.671095,-7.678159
b6ae365a-dd70-42c4-90d6-e0351778d991_416-05,2,Safety,21.758722,-10.576601
b6ae365a-dd70-42c4-90d6-e0351778d991_416-05,3,Cooperation,11.950944,-14.969423
146a4b4b-96a5-4d8f-a5b1-78dbb6ee5edf_9999-80,0,Cooperation,8.409536,20.351994
952d5295-06f4-4578-929b-4113e4ff9201_769-29,0,Safety,27.055,-4.434423
952d5295-06f4-4578-929b-4113e4ff9201_769-29,2,Safety,26.547157,-6.413523
d27c5c7e-db9c-48f4-bea5-9970078d352e_1635-43,1,Cooperation,8.085532,-18.176447
d27c5c7e-db9c-48f4-bea5-9970078d352e_1635-43,2,Cooperation,7.5438356,-19.443586
d27c5c7e-db9c-48f4-bea5-9970078d352e_1635-43,3,Safety,8.759135,-19.293678
fe827643-62c3-4cb9-b009-7ed43731c9bd_273-13,2,Proxemics,7.281063,24.897722
cbc5c4fe-ed66-4525-a3d8-d691064db66b_527-23,0,Safety,-0.14858863,-12.312806
596760c3-b1d6-453c-916c-ecbc30ab1c5d_1392-89,1,Cooperation,23.879856,-26.457102
596760c3-b1d6-453c-916c-ecbc30ab1c5d_1392-89,3,Cooperation,37.06431,-25.096539
3f292ce2-fb0d-477e-b6b5-18c6ef38366e_889-07,1,Safety,-9.786995,-17.34431
3f292ce2-fb0d-477e-b6b5-18c6ef38366e_889-07,2,Cooperation,36.10289,-23.055058
254029e5-fed4-40a7-bef1-12b9faff3202_1017-93,0,Politeness,-3.7787545,6.092885
254029e5-fed4-40a7-bef1-12b9faff3202_1017-93,2,Safety,27.13008,-0.58227515
8e605fdf-a4f1-4393-975a-f332ab6b5f79_167-81,0,Safety,2.026555,-24.159723
8e605fdf-a4f1-4393-975a-f332ab6b5f79_167-81,2,Cooperation,13.855858,-8.514776
1a7b9b5d-499a-454e-aaee-3758718fb5f2_817-59,2,Communication/Legibility,-17.737034,-24.734312
1a7b9b5d-499a-454e-aaee-3758718fb5f2_817-59,3,Safety,-17.6078,-24.70605
7b5fafdb-136a-4722-84a4-cffb213a224a_2353-21,0,Safety,20.236012,-20.044516
b9b65293-fec8-494e-81e7-c4496aafba6f_2296-78,0,Cooperation,6.734993,-12.487098
b9b65293-fec8-494e-81e7-c4496aafba6f_2296-78,2,Cooperation,6.978903,-12.922328
d7480d27-f607-4a5a-8c31-9d299f70a4b8_3616-43,1,Safety,17.540306,-15.053244
d7480d27-f607-4a5a-8c31-9d299f70a4b8_3616-43,3,Cooperation,20.780935,-20.601822
64ec6de1-0e86-49de-889c-4a0fdcba6658_808-22,0,Communication/Legibility,13.8948,16.41274
e6f1accd-e18d-43ec-b854-e7633b15cbf7_1189-37,1,Safety,20.999125,-7.07374
e6f1accd-e18d-43ec-b854-e7633b15cbf7_1189-37,2,Cooperation,28.173967,-35.575146
4f549225-e82e-4294-9379-4891e47725c7_1121-97,2,Proxemics,36.15626,-23.931477
944aacb0-f596-460d-b5a6-9ae05df1d430_3858-37,2,Safety,16.72449,-15.974402
307b1878-875f-4703-bfe9-32d11d20853f_32-44,2,Proxemics,20.159529,-24.085686
60209262-ab8e-4214-a8dd-4764a9a4b26d_842-54,0,Safety,-8.091832,7.2599444
428a80ce-ccc8-46e3-9cbb-419d224f148a_1420-33,3,Politeness,3.0865886,-9.974242
98439a73-2aa4-4071-bee3-00973a58a70d_291-10,2,Coordination/Proactivity,8.349341,-11.834101
98439a73-2aa4-4071-bee3-00973a58a70d_291-10,3,Cooperation,15.762391,-33.36994
b9de7a2c-d02e-4d66-9556-381f0b7ca51a_3961-43,1,Coordination/Proactivity,-25.502144,-12.798498
b9de7a2c-d02e-4d66-9556-381f0b7ca51a_3961-43,2,Proxemics,-26.34668,-12.527714
db00f224-0dba-4c50-975a-178e0e1033fe_290-41,2,Proxemics,-46.935524,19.339027
ecdc4071-1903-4024-a357-d0082720168e_125-53,2,Cooperation,4.2289166,-36.22731
ecdc4071-1903-4024-a357-d0082720168e_125-53,3,Safety,6.0299973,-22.628637
fa35a547-13b5-4355-873c-322c1860349a_128-66,2,Safety,4.2888274,-7.9557476
ba078478-13a5-4e7f-8ee4-61620f84cb7a_2830-69,0,Cooperation,-22.632952,17.269058
68150eb1-47cd-4617-953a-0afdf67b2adb_2839-25,3,Safety,-20.744701,-2.1211653
ce121331-6a77-44c0-9c0d-8d6b21f73b24_67-61,0,Communication/Legibility,14.499454,26.38826
ce121331-6a77-44c0-9c0d-8d6b21f73b24_67-61,1,Proxemics,0.2534436,17.767973
9848e52e-e6f3-4190-9c42-f85cd9847e10_807-44,0,Cooperation,15.71837,13.806561
9848e52e-e6f3-4190-9c42-f85cd9847e10_807-44,1,Cooperation,17.910032,14.71777
9848e52e-e6f3-4190-9c42-f85cd9847e10_807-44,2,Cooperation,19.064697,15.238386
d74c95ba-e072-44f8-bb2f-2631379af06d_1057-19,1,Cooperation,28.350187,-33.390488
a6ae81d6-f014-4902-bae6-b06373b31c55_153-41,0,Safety,19.678383,-5.3957424
a6ae81d6-f014-4902-bae6-b06373b31c55_153-41,3,Politeness,29.711658,-9.294958
caa17bb0-2b04-49b0-8ccc-38b2803a3b1f_26-31,0,Safety,-27.362768,-10.488374
caa17bb0-2b04-49b0-8ccc-38b2803a3b1f_26-31,2,Proxemics,-27.117952,-8.267221
168f91fd-53c2-4eee-9d2d-e25e1ad73438_99-46,0,Communication/Legibility,13.049486,26.648941
470499d1-e015-4d45-a858-ca3e9566085e_961-34,1,Proxemics,-11.252447,18.061213
53bab63b-b6fa-494c-9dc7-c3fe61f234de_999-56,0,Cooperation,19.849707,16.163813
53bab63b-b6fa-494c-9dc7-c3fe61f234de_999-56,2,Proxemics,8.852426,37.773735
7f296d37-a819-408f-aa34-80b63a40f01e_28-00,0,Cooperation,28.11071,-34.242176
7f296d37-a819-408f-aa34-80b63a40f01e_28-00,2,Cooperation,37.584587,-11.485107
7f296d37-a819-408f-aa34-80b63a40f01e_28-00,3,Cooperation,25.35716,-28.372467
ca03dcd8-9e87-4da5-9f9d-eac37ed6e9fd_320-42,0,Safety,-44.497234,9.704081
39a53568-d759-4f19-ac19-bc4ba29b5c17_726-07,0,Safety,10.308052,-23.964354
39a53568-d759-4f19-ac19-bc4ba29b5c17_726-07,2,Proxemics,12.068456,0.17709525
5e97e33c-b3ca-48b2-9e7e-069fe39199fb_1921-41,0,Safety,24.206188,-1.6921835
5e97e33c-b3ca-48b2-9e7e-069fe39199fb_1921-41,2,Proxemics,-14.77962,17.3243
d1952343-6eaf-4317-ae19-6b48b292ad24_877-17,3,Politeness,13.7677,-7.6091332
817170ad-1f3b-44b1-9772-fe914fa17f30_1211-20,0,Safety,22.779526,-17.433369
963b09ff-1da2-4168-bed2-fe1d2531dd98_1393-91,0,Safety,8.141494,-27.053844
963b09ff-1da2-4168-bed2-fe1d2531dd98_1393-91,1,Proxemics,41.817936,-17.930418
963b09ff-1da2-4168-bed2-fe1d2531dd98_1393-91,3,Cooperation,8.860433,-14.157843
668962c9-ecae-4b8f-bdc1-a6aeab093d88_811-44,0,Communication/Legibility,-2.0122273,-8.63804
668962c9-ecae-4b8f-bdc1-a6aeab093d88_811-44,2,Coordination/Proactivity,5.992856,-9.169125
668962c9-ecae-4b8f-bdc1-a6aeab093d88_811-44,3,Communication/Legibility,14.384701,8.447061
f5bdefb3-f57c-4270-bf31-7939ecd45c86_2347-29,2,Proxemics,17.469707,-18.740526
7acd59a8-ed64-4a99-a469-3d5529a4098a_270-66,0,Safety,-0.27156934,-17.921738
7acd59a8-ed64-4a99-a469-3d5529a4098a_270-66,2,Proxemics,9.917159,13.976281
98fcbc28-9542-4f3c-9a03-73af08fb989d_1376-40,0,Safety,13.029959,15.9031725
083b7556-9dff-40e2-9fad-bef3f82dbf37_1003-31,2,Proxemics,6.7172914,-19.355536
25ade38d-3e6b-4aa1-851d-7fbf791201c0_887-41,2,Proxemics,6.1667166,4.100591
4d63c029-fd1d-48f2-9f61-7246bb9ef6fc_2979-35,2,Safety,10.696631,-22.60051
ea5bb387-a22a-4b49-8aa5-35cbf0d3563d_205-22,0,Safety,15.036273,-19.060953
ea5bb387-a22a-4b49-8aa5-35cbf0d3563d_205-22,1,Cooperation,-43.369305,22.246407
9148ceed-6983-4303-a560-2cbde805ee85_493-46,0,Safety,-2.4032493,-24.718885
ec85a806-d47f-4555-8c4c-20f59927e580_909-71,2,Coordination/Proactivity,5.385379,-8.290503
ec85a806-d47f-4555-8c4c-20f59927e580_909-71,3,Safety,-2.5093875,-14.451221
89d8c9c5-fa11-4674-b08f-007f81958555_252-29,0,Safety,21.36629,-8.648889
4469a684-b4f9-4b50-a26f-2943f477a420_980-96,0,Politeness,-5.8814874,6.805151
2ac8acbc-9ea4-4bed-bbc2-aa53cc5f098a_1105-87,2,Cooperation,-0.1916836,-32.948162
a2f25985-0589-42ca-af57-58930079dfb9_1096-32,2,Proxemics,-30.231909,-11.197056
32c34069-0111-4d89-9e55-1c68f18705ad_8758-17,0,Safety,-19.379646,-14.818955
afd5c197-7b14-4e21-ac56-d23b6a5543d0_1411-24,2,Proxemics,-47.658455,18.469639
526675a3-acea-4d5b-b5c9-ccb1b89f6e58_421-44,1,Cooperation,11.826632,-17.23079
e6f1accd-e18d-43ec-b854-e7633b15cbf7_1189-42,1,Cooperation,26.547358,-31.706596
4cd086c9-e7d4-4cb9-bdfe-9e55830cf52e_3435-93,0,Safety,4.0393853,-29.824137
b6474db0-090c-40df-8d65-0a52dd0578cc_984-29,2,Cooperation,16.455444,-23.06732
348180aa-c90b-463a-8b3f-0743469a8b59_3591-71,0,Safety,-14.65853,-24.649967
348180aa-c90b-463a-8b3f-0743469a8b59_3591-71,3,Politeness,28.266777,-19.299385
6e330145-3fe9-44f7-8f84-801717da9ea2_766-46,0,Cooperation,2.3771846,6.585101
67a8114b-7f37-443d-8beb-64886095f935_797-83,1,Cooperation,19.440042,-13.33471
cb1f1ddf-f4f6-4b0e-ab73-0285729ba790_40-06,2,Proxemics,38.004894,-24.264025
c79e05d5-eaf6-4323-a707-744020743037_763-82,3,Politeness,10.853816,-5.4276667
3178c414-453e-44e9-b192-67dba2ccc982_1088-81,0,Communication/Legibility,10.767696,18.028189
3178c414-453e-44e9-b192-67dba2ccc982_1088-81,2,Proxemics,15.5696745,15.613385
500be78a-0a13-44c5-8bc6-bafaa9b94354_17-35,3,Politeness,-19.592733,-16.816801
79c62f24-488e-4a69-8220-3b20cb4bf72b_4957-40,3,Cooperation,14.930038,-33.575577
343f8d57-6331-40f3-823c-2aee4d5cc10f_1162-80,1,Coordination/Proactivity,9.4655485,-9.8682785
343f8d57-6331-40f3-823c-2aee4d5cc10f_1162-80,2,Cooperation,9.77116,-11.241939
824e7896-904a-4ff5-b7ee-e21df21918c2_2003-17,0,Safety,30.371086,-20.800816
be82ebf1-5feb-4c1b-a71a-f668e3a17726_27-55,3,Safety,-3.8476357,-22.564512
0d572bb4-543a-4fa2-afce-876f854a559a_484-84,2,Proxemics,5.1658106,-11.70195
3b342c9c-eb30-4cc6-8ced-53c4fb7b3a8d_783-98,2,Communication/Legibility,1.9067063,37.904755
77cdd8dd-402b-45d7-a16c-a16520c737e3_1834-33,1,Cooperation,26.449614,-31.093018
77cdd8dd-402b-45d7-a16c-a16520c737e3_1834-33,2,Communication/Legibility,25.483232,-31.571424
77cdd8dd-402b-45d7-a16c-a16520c737e3_1834-33,3,Cooperation,26.333477,-31.675112
49b14463-2172-4b0e-ad13-fdf9383e9a77_284-00,2,Safety,-29.507462,2.1830485
f22115b5-b9be-4e30-8576-7c1fcecec480_12-52,0,Safety,-9.447724,-12.081549
f22115b5-b9be-4e30-8576-7c1fcecec480_12-52,3,Cooperation,17.96672,-22.948603
fc201765-9b2e-4bb3-8ca0-84bd1732fd40_335-09,1,Cooperation,28.0299,-34.944927
d10798c3-6b79-4c0d-aafd-8daad36c51db_44-79,3,Cooperation,19.127058,-6.1732626
a3f1b2f3-0735-4c65-b66e-5c397f3126c7_276-64,1,Cooperation,16.03954,-13.122463
59976b3b-2328-47f2-a7b3-6f982497ed65_622-81,0,Cooperation,35.635406,-18.042933
f17f0d96-4d93-4e4b-83c5-fddfbc581bb3_963-95,2,Proxemics,17.382828,7.0242743
bb2297d3-91b7-4ec4-b39b-cc64694929db_412-95,0,Safety,-7.573092,5.6765003
18a3840b-7463-43c4-9aa9-b1d8e486fa84_2172-38,0,Safety,24.434092,-14.207303
18a3840b-7463-43c4-9aa9-b1d8e486fa84_2172-38,3,Safety,11.05754,-39.506912
744c58f8-9a76-40d4-838f-8c7676fcb316_139-70,2,Cooperation,24.280163,-27.44622
3df50de7-7ef7-4938-9cdb-fb2d07751084_666-85,1,Politeness,-8.50408,-3.3524947
3df50de7-7ef7-4938-9cdb-fb2d07751084_666-85,2,Proxemics,-6.3025475,14.15963
f488287d-ea74-4836-9ea4-e137ac6c8233_333-32,2,Proxemics,23.407501,-29.935173
6a847d75-e20f-409d-8b91-77ada97d8fb9_1545-09,1,Coordination/Proactivity,28.270847,-22.38932
6a847d75-e20f-409d-8b91-77ada97d8fb9_1545-09,3,Safety,13.114832,-32.145275
3f712a5b-c1cf-4f2a-b0ab-ca0e2e4f0e3c_1166-83,0,Safety,-9.836351,-16.180191
71d5f5dc-fff6-4352-b37c-a8e1ed3b39bd_541-68,2,Cooperation,13.611034,-2.1723576
71d5f5dc-fff6-4352-b37c-a8e1ed3b39bd_541-68,3,Politeness,4.061006,9.551946
09fe2f2d-7d90-4d7d-9dcd-baec4704f4cc_4409-86,0,Safety,-27.648523,27.631721
54a421d2-763e-4751-a6b4-54e3d6c46cc1_692-41,2,Cooperation,20.304537,-6.8785877
0475a0b9-9445-4083-8c6a-42f0171ff3e4_1943-55,2,Communication/Legibility,3.7921293,-33.096733
e402df54-0a64-424e-a7e6-3e68b18a761c_1064-59,0,Safety,-45.57009,12.428288
97bd40e4-be39-403d-b9ae-f7eb006c51e2_914-45,2,Politeness,19.207697,-10.392099
2dbdd409-0be0-447c-8ae8-3f107fe9af80_1626-43,0,Safety,26.52941,-4.3248405
2dbdd409-0be0-447c-8ae8-3f107fe9af80_1626-43,1,Cooperation,27.523668,-6.747828
2dbdd409-0be0-447c-8ae8-3f107fe9af80_1626-43,2,Proxemics,38.253975,-3.9875777
2dbdd409-0be0-447c-8ae8-3f107fe9af80_1626-43,3,Cooperation,26.114817,-6.2092338
5605bd9a-d151-4d5b-b0f6-cfc28ae6937e_2980-56,3,Cooperation,21.602308,-25.71699
069c1058-881d-49da-b45d-b9f7e08fe932_1164-27,1,Proxemics,36.57193,-17.203276
069c1058-881d-49da-b45d-b9f7e08fe932_1164-27,2,Proxemics,29.983315,-15.205482
fe827643-62c3-4cb9-b009-7ed43731c9bd_0-00,3,Safety,-16.730099,15.435837
f77f437c-4e60-43ef-a5e1-ce3881409455_1543-97,0,Cooperation,3.1083636,18.427671
c7da3efd-4a18-458e-90fd-f757ed966a63_380-64,2,Safety,-7.2210984,-20.027214
71504f29-61c1-49e5-8617-d0e71144c077_652-01,1,Safety,28.080635,-14.584962
6ef7f9c0-30eb-4280-acc1-55f22f6e2924_2998-83,2,Communication/Legibility,-1.399363,23.30122
d29b209e-cbc7-40a7-a0d6-acf803b86c78_4-53,0,Safety,0.772193,-25.59649
d29b209e-cbc7-40a7-a0d6-acf803b86c78_4-53,2,Safety,1.0895625,-25.509533
235b49d2-b59c-4079-81cc-ad9c01dbd2df_22-56,3,Safety,32.551456,-26.31486
df0b81a6-826c-4e9b-8921-392304716c0e_525-16,0,Safety,27.406046,-11.127427
d1a27322-8acd-4297-9029-db45af8d7cc2_34-04,1,Safety,14.413593,-12.53296
2876b375-e848-412c-8a6f-0664cbab6a33_474-94,3,Safety,6.868858,17.02486
f1f8d17c-3d2a-4a2a-9482-0a8e385e77ae_365-24,2,Safety,-4.7230635,-30.625673
17be1d0a-f213-4126-ab6e-08e5c8ee5b93_4986-86,0,Safety,35.583385,-0.69031215
17be1d0a-f213-4126-ab6e-08e5c8ee5b93_4986-86,2,Cooperation,30.280207,-25.434546
b959f479-0508-4f1b-96a5-1b17e86af8ce_1110-67,2,Proxemics,8.45301,11.471132
cab3c095-8054-4794-81c5-ef9dce1d1373_376-97,3,Cooperation,-11.318884,19.902288
0b38da1c-2b62-4c05-a68e-e8f2aafa47a8_1227-10,0,Safety,-0.6693058,-28.201565
54adfe07-dcc1-4c3f-90a2-ac93ea7ff6df_173-06,1,Proxemics,5.882266,-18.9942
54adfe07-dcc1-4c3f-90a2-ac93ea7ff6df_173-06,4,Cooperation,-16.214077,16.97248
31bb1175-5459-4812-bb9e-f9300e2733f1_3549-55,2,Coordination/Proactivity,-16.469154,37.23294
eb575f9b-6a52-45fb-98d8-5e9dbdd8dd63_703-22,2,Cooperation,-1.0259025,4.0174623
bdd32b96-5baf-4d67-9975-34cdce64b0cc_240-16,1,Cooperation,32.056786,-25.628536
e8ed2917-9442-4237-b15e-cd0b6c839d38_167-12,0,Safety,32.937702,12.272301
e8ed2917-9442-4237-b15e-cd0b6c839d38_167-12,1,Safety,4.483482,-34.509426
e8ed2917-9442-4237-b15e-cd0b6c839d38_167-12,3,Safety,3.134695,-34.47182
03d6e9bf-389a-4828-bf82-0ef6decf7671_900-77,3,Cooperation,25.247494,-34.57218
695cefe9-04c0-42fb-80fc-d308b314b788_662-96,2,Politeness,-3.7942426,13.621162
44c5117d-fb5c-4fcf-b648-d7eb76d5f95a_1424-15,1,Cooperation,34.24282,-14.678938
44c5117d-fb5c-4fcf-b648-d7eb76d5f95a_1424-15,3,Communication/Legibility,-11.08713,-19.290081
9c07f3a2-5033-4f78-a377-a4cf5a7d7add_2093-33,2,Safety,12.221374,-21.150095
9c07f3a2-5033-4f78-a377-a4cf5a7d7add_2093-33,3,Cooperation,2.4346843,-33.835224
acef7751-e40a-4fb7-91ea-3ba56ef46aed_103-55,2,Proxemics,-50.73277,5.151654
40b33c95-3689-4ec8-8765-7e926f623b75_530-94,0,Safety,18.353395,-32.46581
42263a6a-e984-4dd9-82db-a43d6e879c8f_828-54,1,Communication/Legibility,-10.97755,10.225555
42263a6a-e984-4dd9-82db-a43d6e879c8f_828-54,2,Communication/Legibility,-10.99284,10.171089
307b1878-875f-4703-bfe9-32d11d20853f_94-03,2,Proxemics,19.704329,-21.045597
e6e3919c-7c2e-491e-bde8-053715f0d851_1353-28,2,Proxemics,18.614883,-3.2296915
596760c3-b1d6-453c-916c-ecbc30ab1c5d_1448-53,2,Safety,17.76825,-22.239775
c34effc7-6198-4c85-80c7-c8be85b77dd3_5200-39,2,Proxemics,30.594124,-6.543272
959bc769-a40e-4f4b-ba45-5adf32b8f26e_201-77,3,Politeness,28.96608,-19.705206
fb92d350-9bf9-4b16-8a1f-7858de276226_2438-10,2,Proxemics,24.085705,-6.4077187
79c62f24-488e-4a69-8220-3b20cb4bf72b_722-05,2,Proxemics,18.116068,-31.05347
c1626bce-83ba-49da-921c-7b60243c19ea_8-38,2,Proxemics,-19.721628,-16.932287
348f0f69-cd49-4c00-af91-f1765155e858_1084-90,0,Safety,20.508957,-15.58102
348f0f69-cd49-4c00-af91-f1765155e858_1084-90,1,Cooperation,20.223726,-16.187086
348f0f69-cd49-4c00-af91-f1765155e858_1084-90,2,Proxemics,19.990759,-16.150599
348f0f69-cd49-4c00-af91-f1765155e858_1084-90,3,Cooperation,20.612606,-16.337076
eb20bebd-41e5-4a02-aa7e-73d3da5bc97e_1253-80,0,Cooperation,23.14423,6.2707276
eb20bebd-41e5-4a02-aa7e-73d3da5bc97e_1253-80,2,Proxemics,42.618492,-14.130396
935bc36b-27aa-4c83-89fd-221feca0030e_1080-82,2,Cooperation,22.076828,-26.18542
513f572f-6d1c-4a8a-8b57-9c1d0aa363f7_969-20,2,Proxemics,12.3488035,-3.260215
aa19d5c0-35b6-4ec2-9865-07f556c341de_34-98,2,Proxemics,5.473458,7.978636
4065f62a-faae-4926-aee8-1d5bf73661a3_2321-27,0,Safety,7.2316427,-30.566313
4065f62a-faae-4926-aee8-1d5bf73661a3_2321-27,1,Cooperation,27.375416,-13.882398
4065f62a-faae-4926-aee8-1d5bf73661a3_2321-27,3,Communication/Legibility,34.517582,-16.052423
f576f1bf-5433-488b-8833-8320f087e72b_48-29,2,Safety,21.362139,-21.367393
c0eea386-412b-4127-a2d3-352322a0038c_719-09,0,Communication/Legibility,21.35341,28.6467
7ac6dc03-7c8d-4de8-99af-03268c780ea2_1031-44,3,Politeness,-4.9811916,2.538947
31818126-5e0f-4b01-b532-1514587bceec_1514-30,2,Proxemics,-18.129515,17.510935
edaf03e3-3021-4140-8434-dc9e744ae492_178-18,0,Communication/Legibility,42.122864,-18.021822
edaf03e3-3021-4140-8434-dc9e744ae492_178-18,2,Coordination/Proactivity,34.4748,-7.618411
2dbdd409-0be0-447c-8ae8-3f107fe9af80_1439-37,2,Communication/Legibility,37.461777,-5.169651
ac582760-09b1-4a6e-be08-f19f9bf5dfcb_391-13,2,Proxemics,-5.0254045,5.6093197
3ffeedef-3088-4e70-a21d-3578f07546a2_632-12,1,Proxemics,-10.7755165,5.82825
3ffeedef-3088-4e70-a21d-3578f07546a2_632-12,3,Coordination/Proactivity,0.05526918,22.128284
c34effc7-6198-4c85-80c7-c8be85b77dd3_2648-25,2,Cooperation,33.823742,-1.0123441
9a33e9f1-a740-4810-a624-62b0c9935741_1702-28,1,Coordination/Proactivity,35.823772,-0.5556324
9a33e9f1-a740-4810-a624-62b0c9935741_1702-28,2,Coordination/Proactivity,36.33619,0.03411752
c864505c-9d49-4da4-bf7e-254b4c348c03_242-94,0,Communication/Legibility,12.96658,9.609221
c864505c-9d49-4da4-bf7e-254b4c348c03_242-94,2,Cooperation,14.254602,14.770487
23ad5ebf-6223-4938-8609-d5df7afcf599_267-76,2,Cooperation,16.145706,-15.490478
fffbaeef-577f-45f0-baa9-f10cabf62dfb_278-37,3,Politeness,16.684523,23.638939
e402df54-0a64-424e-a7e6-3e68b18a761c_62-43,0,Safety,-44.996998,10.867689
e402df54-0a64-424e-a7e6-3e68b18a761c_62-43,3,Politeness,-46.046196,17.080309
9520f703-8904-4123-bd7f-873b0b42074b_239-07,1,Proxemics,6.989501,-1.0439727
35b1a8c7-80fd-402f-b240-768926b7bcee_562-55,0,Communication/Legibility,4.9785314,26.7944
97ba861b-605c-4942-8e15-95953a3032e1_583-02,0,Communication/Legibility,14.157528,25.757126
97ba861b-605c-4942-8e15-95953a3032e1_583-02,2,Cooperation,30.26631,13.506016
ed31f134-b3f0-4f50-b8ae-d956b2f9ccfd_2025-02,2,Proxemics,3.8094103,-14.907492
c615d305-14fe-41cd-9099-caf420beb604_1090-50,2,Politeness,-4.1491723,7.3690133
55ef5db5-af7c-4ccd-9c7d-a4d415e195b7_753-73,0,Safety,-1.0294762,-15.845077
ac8dba37-ce09-4dc5-b478-8194e41353c3_5240-05,2,Cooperation,6.498427,3.3641012
f5bdefb3-f57c-4270-bf31-7939ecd45c86_788-76,0,Communication/Legibility,31.710495,13.227057
f5bdefb3-f57c-4270-bf31-7939ecd45c86_788-76,3,Communication/Legibility,31.795223,13.275356
5d00d9ae-e932-42d5-8eee-ed24f83c8661_0-06,0,Safety,18.122019,-8.585604
5d00d9ae-e932-42d5-8eee-ed24f83c8661_0-06,2,Proxemics,17.954048,-9.126492
9a33e9f1-a740-4810-a624-62b0c9935741_831-69,0,Safety,30.34019,-6.9377036
8be6e0c4-a80d-41a3-a1c5-5911ae236990_317-18,0,Safety,10.05271,-21.278831
8be6e0c4-a80d-41a3-a1c5-5911ae236990_317-18,1,Cooperation,9.833124,-17.06759
8be6e0c4-a80d-41a3-a1c5-5911ae236990_317-18,2,Cooperation,10.644144,-16.432442
d08cd963-d98b-4c9b-ba9f-cf7763e4b94e_1184-89,0,Communication/Legibility,12.950658,-2.4713316
2893d559-89cb-4125-a761-3ff8e68768a9_565-53,0,Safety,-50.740406,8.8184395
e5fea731-7b32-4857-a86b-587eda0ff334_979-09,2,Proxemics,-19.028084,18.496458
ecdc4071-1903-4024-a357-d0082720168e_115-49,2,Safety,-4.6661844,-18.858757
ecdc4071-1903-4024-a357-d0082720168e_115-49,3,Coordination/Proactivity,3.9183354,-33.3379
57e88d87-257e-434d-953e-6025367e99fe_446-64,2,Coordination/Proactivity,27.296654,-35.616207
8f0f8606-b696-4bb2-909d-703e4e076d80_725-88,0,Safety,-1.088441,-20.5733
8f0f8606-b696-4bb2-909d-703e4e076d80_725-88,3,Safety,-4.370937,-31.776318
6c1c5527-30a4-421f-bb78-906adffa7c46_357-45,2,Cooperation,19.487823,-13.385046
6c1c5527-30a4-421f-bb78-906adffa7c46_357-45,3,Cooperation,18.524307,-20.450241
63e9e643-25c5-435d-b6f0-0aab1af76e68_28-98,2,Safety,1.5768082,-39.057312
63e9e643-25c5-435d-b6f0-0aab1af76e68_28-98,3,Communication/Legibility,10.100532,28.966272
243e800d-fc75-473d-b944-a95844e13a78_1602-75,0,Safety,-44.08184,10.210802
262fd2ec-8eba-44d9-8082-4d0574f7a515_1440-24,2,Safety,3.0663905,-36.029194
3761fbb4-3e0e-4b15-a277-fec95edacf04_2288-64,1,Cooperation,17.825941,-33.935184
3f712a5b-c1cf-4f2a-b0ab-ca0e2e4f0e3c_119-87,0,Cooperation,3.785068,7.9876795
3f712a5b-c1cf-4f2a-b0ab-ca0e2e4f0e3c_119-87,2,Proxemics,37.79327,-24.473177
84ec85f6-c167-413c-829d-9c6915519c57_3997-33,2,Safety,25.956064,-30.12646
84ec85f6-c167-413c-829d-9c6915519c57_3997-33,3,Cooperation,31.865637,-25.540182
2b7ace86-149f-4354-b617-c8ebd08c5310_1416-39,0,Safety,13.151172,-13.1443205
b7022084-61ea-470f-b2cd-49be2ecaf3aa_688-07,2,Cooperation,0.6065634,4.329503
6639f53c-701d-4fe7-adcd-55d040ce8afe_0-03,0,Safety,2.0526292,-20.266266
6639f53c-701d-4fe7-adcd-55d040ce8afe_0-03,3,Safety,5.222883,-23.333067
2ec3c123-0a04-46d7-97d5-8b85b5e6d06f_432-01,0,Safety,-0.339294,-17.88211
e9350702-f77c-4112-9f57-3ed08bc4b98a_0-04,0,Safety,26.841085,-20.397726
e9350702-f77c-4112-9f57-3ed08bc4b98a_0-04,2,Proxemics,27.615007,-20.182804
a71f72c5-5225-4b12-aba3-01fa46f53427_914-96,0,Safety,8.599885,-4.0295963
6baa673a-0cc6-4da2-a481-877de0d2faa5_1148-60,2,Safety,-2.682329,-24.546768
a23540b7-3588-48ad-b84a-1b5935db856a_235-41,0,Safety,-41.40878,2.8784106
a23540b7-3588-48ad-b84a-1b5935db856a_235-41,2,Proxemics,-14.810958,15.18496
cb9de2c6-ff1a-48e8-b170-047e9471b588_836-21,1,Proxemics,-8.277176,19.054873
01d301c9-9dbf-4da2-9181-d66a6688f5e6_817-64,2,Communication/Legibility,1.9760156,38.07162
36baa5a9-16bf-4ad6-b011-4d7daae6b8f9_423-57,0,Communication/Legibility,4.624194,30.50821
2dbdd409-0be0-447c-8ae8-3f107fe9af80_1502-69,0,Safety,25.923746,-12.61884
2dbdd409-0be0-447c-8ae8-3f107fe9af80_1502-69,2,Proxemics,37.16423,-5.1179175
85782c5f-a240-44d9-951c-27f0bb3f7f4c_375-79,3,Cooperation,4.685352,-3.0594797
e623faab-101a-41a6-83ac-8e22b4371aba_1141-39,2,Proxemics,14.669399,1.0096561
fb92d350-9bf9-4b16-8a1f-7858de276226_599-33,2,Proxemics,37.155407,-24.463375
ed792c47-5cb3-427c-a0e9-5dac33456e6a_3277-79,2,Proxemics,14.862145,-13.878158
f9a49dfd-e6f1-4827-9903-73a562ab32cd_444-64,3,Safety,10.649744,-26.409939
7c1c5dca-5856-4997-8cda-9fa3bca10a3b_1969-00,0,Safety,17.424578,-11.742475
7c1c5dca-5856-4997-8cda-9fa3bca10a3b_1969-00,3,Cooperation,1.7672485,-35.9522
891169d0-2846-47ce-9f3e-13ac1e6ff85a_10-93,0,Safety,14.103106,-14.035221
891169d0-2846-47ce-9f3e-13ac1e6ff85a_10-93,2,Safety,17.750986,-11.490461
c1626bce-83ba-49da-921c-7b60243c19ea_7-12,2,Proxemics,-16.733057,-15.590506
069c1058-881d-49da-b45d-b9f7e08fe932_2408-86,0,Safety,12.481374,-27.002954
069c1058-881d-49da-b45d-b9f7e08fe932_2408-86,3,Safety,7.8858466,-15.404935
4651e5c2-4371-4af2-8f05-cb8b0b1ec7fd_233-33,0,Safety,31.168713,-24.152542
2859218c-84ee-4e85-833f-74255b355032_2390-60,0,Safety,0.9821463,-40.98728
2859218c-84ee-4e85-833f-74255b355032_2390-60,1,Proxemics,1.0724926,-40.831207
2859218c-84ee-4e85-833f-74255b355032_2390-60,2,Proxemics,1.433745,-40.102985
9a622b20-b234-4237-a3aa-c76b350e82dd_477-13,1,Cooperation,-15.861797,6.799
a99c5790-b590-4c29-98b3-004bbf106ce7_312-10,3,Safety,-44.151638,10.83916
3455a3f3-1657-46bb-ae42-52d16ec5ffaa_959-38,0,Communication/Legibility,4.5234876,26.507418
d7480d27-f607-4a5a-8c31-9d299f70a4b8_406-05,2,Proxemics,19.038612,-19.292137
439cfa9c-ef6b-41ba-aa5d-2f40b195b374_1380-00,0,Safety,35.99094,-26.250298
439cfa9c-ef6b-41ba-aa5d-2f40b195b374_1380-00,1,Cooperation,11.469045,-30.405802
439cfa9c-ef6b-41ba-aa5d-2f40b195b374_1380-00,3,Safety,34.928764,-26.883625
fb92d350-9bf9-4b16-8a1f-7858de276226_625-71,0,Safety,31.722372,0.5723412
fb92d350-9bf9-4b16-8a1f-7858de276226_625-71,2,Proxemics,-27.87593,27.643618
d813a821-8cc1-4700-a7a4-d4e6edfed26e_57-94,1,Cooperation,-43.38999,21.734716
2dbdd409-0be0-447c-8ae8-3f107fe9af80_163-46,2,Proxemics,25.350685,11.525552
2dbdd409-0be0-447c-8ae8-3f107fe9af80_163-46,3,Politeness,40.811623,-4.027901
a4048b30-d9a8-4653-a2d6-d07422e3449e_739-24,1,Cooperation,-1.1361959,-28.964363
44327c5e-9442-4334-b675-8019df3678af_2165-30,2,Safety,28.41162,-10.037365
ca1773b8-ec8e-4f61-8e8f-7e4211830793_1043-00,0,Safety,19.709969,-4.9908857
ca1773b8-ec8e-4f61-8e8f-7e4211830793_1043-00,2,Proxemics,-6.104025,5.227191
c06532d8-f1cd-477f-b9f3-e8e980d73b2e_1339-60,2,Safety,-28.284927,-10.149474
cd1d3c56-69ca-4602-944e-bb9fabb9710b_1637-32,2,Proxemics,-2.5290542,-23.111057
620d3087-c6fb-4b08-bb6a-4dc4ede3b994_432-70,0,Safety,8.174383,-27.259497
d0aedb4e-82cc-406a-a395-3573049a49ee_4319-84,3,Safety,21.805056,-25.01246
7c0c0057-3bbc-40ef-a91e-4d6e1a637642_1139-91,3,Communication/Legibility,7.681125,-39.73935
8483fa90-f5dc-4d50-9561-244bfdf12ea3_659-48,2,Safety,-5.251871,-11.069483
862f0fa5-2c3e-4a6c-ab93-c059637eee8c_49-84,0,Safety,-1.4386252,-34.39089
862f0fa5-2c3e-4a6c-ab93-c059637eee8c_49-84,3,Cooperation,-0.21481627,-32.644787
f0b8d19e-28c0-4d11-bb2d-5c6576eb7dcb_138-10,2,Proxemics,5.4641705,9.807944
1b6c9a8b-baec-44ac-ab24-f482d0c30117_42-25,1,Safety,-16.505936,-15.424255
1b6c9a8b-baec-44ac-ab24-f482d0c30117_42-25,3,Safety,-25.648932,-11.770292
a717f100-51ec-4316-92b8-282aeecc805b_724-56,4,Communication/Legibility,-13.115051,14.228366
e6b7692d-5e35-4524-8d2a-385475b95806_1667-07,2,Proxemics,-26.971043,3.8192153
134a4c63-583a-4e64-8cf9-002b6d26cdf1_375-78,3,Cooperation,-2.949117,4.012694
daf5384b-ea5c-4cce-bb8a-540a360075bf_1127-92,2,Safety,3.4045682,-25.196188
daf5384b-ea5c-4cce-bb8a-540a360075bf_1127-92,3,Safety,2.7545843,-24.769684
490b4f30-9bb5-4bf2-966b-13d509b5709b_1247-51,2,Proxemics,15.79179,15.67458
ee3c00d5-9759-43b3-9116-3375227aadfd_15-30,0,Safety,-9.789845,-18.621864
ee3c00d5-9759-43b3-9116-3375227aadfd_15-30,2,Proxemics,34.75913,-19.691854
fb8a0650-986c-4c08-9d97-ac432cca424e_70-34,2,Communication/Legibility,-16.570532,-14.203573
23ac3708-df1d-4bb0-a4c7-b2a66855dccb_950-08,2,Cooperation,8.095394,-7.77273
67bc312a-3b49-4847-aa79-63ad7d3e4217_537-95,3,Safety,-6.4747915,-7.5740886
c34effc7-6198-4c85-80c7-c8be85b77dd3_694-72,0,Communication/Legibility,36.663937,2.2372215
10019839-9ded-439f-a573-5ccacd7d829d_650-42,3,Politeness,16.752537,-8.140903
13488a91-cef6-46f4-8007-9453d5d49925_44-43,1,Cooperation,-9.730968,33.39272
13d7173f-e8d1-4124-a66b-2ae648da9dbd_510-46,2,Cooperation,-3.8472345,4.5002875
5826d5ed-1456-443f-b333-202bb216a31d_1637-74,3,Safety,36.064827,-12.5819235
878666b9-5f3d-476a-960f-3a5d02da7619_7108-62,0,Privacy,14.763724,0.9388919
878666b9-5f3d-476a-960f-3a5d02da7619_7108-62,2,Proxemics,30.492695,-31.463116
9632b0a9-cf21-4773-b95b-83aae9a23d0a_17-58,2,Coordination/Proactivity,-16.188755,38.71203
5605bd9a-d151-4d5b-b0f6-cfc28ae6937e_999-27,0,Safety,29.871157,-13.51151
5605bd9a-d151-4d5b-b0f6-cfc28ae6937e_999-27,3,Safety,2.5209103,-23.993061
283a15b5-59ae-4f04-9738-bf49c97496a8_102-60,2,Proxemics,-1.804297,-14.469762
4d24d57d-96ba-4ea1-9542-ee0520d20d3e_1879-56,0,Safety,-5.703737,-24.6525
1ce16a97-f614-4660-b21c-4205b33c8bab_1988-77,0,Safety,20.951263,-4.999038
1acd2d5c-b0d4-4ec5-a54c-6a9c84cb11f6_773-39,0,Safety,12.2332,-10.746526
c34effc7-6198-4c85-80c7-c8be85b77dd3_2993-26,2,Proxemics,33.97209,-17.266878
c34effc7-6198-4c85-80c7-c8be85b77dd3_2993-26,3,Communication/Legibility,37.94294,-13.68855
31bb1175-5459-4812-bb9e-f9300e2733f1_3707-13,0,Communication/Legibility,-5.415482,29.407066
62baa1d3-a742-4d3d-a978-537a7988e13e_1461-40,1,Proxemics,17.659712,-23.886555
fec31c20-1910-4ab1-afc5-6aa3057a45f5_810-30,3,Communication/Legibility,-5.6521564,24.069555
ed792c47-5cb3-427c-a0e9-5dac33456e6a_968-42,2,Proxemics,22.778725,-25.01413
828ef13f-f52a-4a16-b206-4ec7e471f025_147-18,0,Safety,-2.6756477,-20.459953
828ef13f-f52a-4a16-b206-4ec7e471f025_147-18,2,Proxemics,18.258083,-19.99719
8b82316c-c293-49a7-b401-a3cc026ab1d0_2988-29,1,Cooperation,13.067646,-21.827883
f2420e55-e559-40e1-9c96-863c6be763fd_1649-73,2,Proxemics,-11.132895,23.166792
513f572f-6d1c-4a8a-8b57-9c1d0aa363f7_843-40,0,Safety,12.168019,-22.118982
513f572f-6d1c-4a8a-8b57-9c1d0aa363f7_843-40,2,Cooperation,9.380233,-13.466213
3e418323-3ff7-4d03-9b60-275f1e20f5dc_315-49,0,Safety,-0.10742331,-13.360984
fe0d5ffc-686e-4846-bce0-1a18e513bf95_2543-03,2,Cooperation,5.713645,-4.634781
4767de01-96e1-4cf4-80f4-1c9d3acd26ed_650-13,3,Coordination/Proactivity,10.73046,5.834011
3d98a5d2-a34b-499e-98f2-9195f300394a_3004-17,1,Proxemics,14.184433,33.102245
3d98a5d2-a34b-499e-98f2-9195f300394a_3004-17,3,Coordination/Proactivity,13.555766,31.046156
34590a11-c136-4423-bdc4-c6a45221e546_565-25,0,Cooperation,8.042527,-8.365171
34590a11-c136-4423-bdc4-c6a45221e546_565-25,1,Cooperation,15.141232,-33.11269
6c0ca07f-6bb2-4db4-a0c3-5926726493fc_1648-38,0,Safety,12.256052,-14.628534
b57a2268-9cac-491d-b737-ad8dc28b15fb_1546-09,0,Communication/Legibility,9.709247,18.212978
8c075dc9-9c6a-43cf-8c6e-fb1af3624cf0_842-26,0,Safety,2.5468967,-10.697721
8c075dc9-9c6a-43cf-8c6e-fb1af3624cf0_842-26,2,Proxemics,24.15032,10.121906
64049385-6855-4eed-8b3c-ce3e8d704008_1157-10,0,Safety,4.2359014,1.2185543
1f4a4d13-f083-4464-8c03-5e09f55e3f63_1207-44,2,Cooperation,12.315196,-11.662975
1bfe3bec-79fd-4b1b-8738-4d313f3f79b9_355-45,0,Cooperation,-2.941948,-2.4314194
1bfe3bec-79fd-4b1b-8738-4d313f3f79b9_355-45,3,Cooperation,11.713244,-7.0580225
307b1878-875f-4703-bfe9-32d11d20853f_63-96,0,Safety,-20.896555,-1.8785228
307b1878-875f-4703-bfe9-32d11d20853f_63-96,3,Cooperation,18.21031,-16.497057
864618d9-cc17-4e90-8c64-7a1e4ba23d17_294-04,1,Safety,-45.256664,9.854207
583dc873-0ccd-4d04-bb56-4d403ab28e85_218-71,2,Proxemics,35.96192,-24.428883
8f4008a5-18c9-464b-9bce-1ffa824f238d_96-39,2,Cooperation,35.397755,-13.704643
2638b358-6b13-434c-bf03-a48bca96f287_636-40,1,Cooperation,22.533604,-24.847616
2638b358-6b13-434c-bf03-a48bca96f287_636-40,3,Safety,27.038363,-12.452775
ce19b572-7341-426a-8c2f-fe067344c98d_1914-35,2,Proxemics,5.431355,-3.8471706
110352df-c7a3-4fec-a707-42936d101c28_3-37,2,Proxemics,24.711569,-35.78592
3decc0f8-9806-40dd-83d5-26c495dd7830_2268-25,3,Safety,-6.2669,-8.515994
24e24f1f-af43-4ee5-86be-2a4d5cf772c5_40-56,2,Proxemics,40.529247,-15.560945
7b5fafdb-136a-4722-84a4-cffb213a224a_1092-90,3,Safety,18.889338,-18.825125
68134357-62e5-4f0b-8300-2e661763aeb5_389-26,2,Safety,-32.001186,-15.544415
7e80931a-2067-419d-8f9e-2aff41dd330c_2937-25,3,Politeness,22.121132,-5.4288154
bac30fe6-c597-4f1a-add1-d8d989205d98_1087-36,0,Safety,0.29950085,-1.2538114
ca800ee3-fea2-4825-ba1d-8eaace908135_6490-17,0,Safety,29.712715,-12.238269
e1b0b312-ce2d-41a0-be5a-70c807fcc5ef_2428-09,2,Cooperation,30.781267,-28.035458
17cd1d99-044c-4b1b-97b4-f3de34f8e55b_251-62,2,Cooperation,8.284736,-10.561133
2c77de23-cd87-4a41-a83c-4bdc0170f45c_80-46,2,Politeness,-5.9035954,8.782434
2876b375-e848-412c-8a6f-0664cbab6a33_574-54,0,Safety,6.1529756,-21.66672
9a33e9f1-a740-4810-a624-62b0c9935741_636-64,2,Proxemics,39.957138,-15.018999
b99ceea4-7fa3-407c-9b9f-1347645d23f2_13-11,2,Safety,-17.978645,20.70718
268a17eb-3f11-45d4-a671-9e0d8a637363_2969-91,0,Safety,9.746503,-31.366087
268a17eb-3f11-45d4-a671-9e0d8a637363_2969-91,1,Safety,25.760885,-11.751453
a1b38e9d-7225-46ab-ab17-a61b261faa36_1920-36,1,Cooperation,14.031971,-14.686391
a1b38e9d-7225-46ab-ab17-a61b261faa36_1920-36,2,Proxemics,23.274965,-26.077524
4d89d233-dbcf-4ea2-a90f-9a2c3b42d1d5_442-41,1,Coordination/Proactivity,9.6983595,-37.14753
64747fa7-c7b9-46fc-ac9d-ea9a514d91df_73-27,0,Safety,8.686128,-1.4857365
8dd6490b-6291-4793-b05e-79250f87925f_1553-75,0,Communication/Legibility,-14.207493,3.2726185
0ca15932-2ede-4802-8f8d-68555c68c0b8_525-50,0,Safety,27.251362,-12.986154
0ca15932-2ede-4802-8f8d-68555c68c0b8_525-50,1,Cooperation,9.237271,-31.440804
0ca15932-2ede-4802-8f8d-68555c68c0b8_525-50,2,Communication/Legibility,37.468777,-13.449084
cc83fb01-1904-4917-8d11-2fe2c66a990c_5792-18,2,Privacy,-18.002138,17.572401
ba1de596-15f4-45f3-bab3-dbf7283490be_5-13,2,Proxemics,-30.949266,6.1252384
4c70179a-f411-4f81-b44d-cfe34b8f9180_551-50,1,Safety,3.7609723,-29.686886
4c70179a-f411-4f81-b44d-cfe34b8f9180_551-50,2,Cooperation,27.444262,0.08356998
992af5dc-64ff-4e24-b324-cc3df15be595_656-31,0,Safety,16.54642,-32.188446
992af5dc-64ff-4e24-b324-cc3df15be595_656-31,3,Safety,12.743537,-31.723623
f2017e02-2e5b-419c-8216-5a256a925c68_269-97,2,Proxemics,3.9807,-24.155838
f2017e02-2e5b-419c-8216-5a256a925c68_269-97,3,Cooperation,9.307468,-10.648077
b390f179-78cb-4522-9abc-467e0597d4b7_597-75,0,Politeness,-5.9056153,8.153748
ea417823-8ca0-417c-8901-114fa4f2d47f_258-70,2,Politeness,-46.442223,17.405603
67a8114b-7f37-443d-8beb-64886095f935_184-82,0,Safety,26.283453,-20.745731
1ea95f25-81f9-46b1-b7a1-c4ca58251c6f_1089-87,2,Cooperation,14.595128,-15.84394
1ea95f25-81f9-46b1-b7a1-c4ca58251c6f_1089-87,3,Safety,-1.6888567,-19.739223
14e96091-4011-4557-95b3-a195fb5c39d8_273-80,2,Communication/Legibility,2.0593987,31.586496
fd2ae8b4-b683-4c4b-935c-78b4dadbdbf8_4020-41,0,Safety,40.773212,-4.910289
90398a2b-de6b-4232-9bea-149c48cb1326_334-80,0,Safety,-5.863772,-36.082073
343f8d57-6331-40f3-823c-2aee4d5cc10f_686-43,1,Cooperation,11.713661,-14.25343
343f8d57-6331-40f3-823c-2aee4d5cc10f_686-43,2,Coordination/Proactivity,5.655501,-5.8494487
38788778-0822-4c9c-b51e-5bce8a765a97_91-28,1,Communication/Legibility,-5.5977592,-14.999938
449e14cf-f05e-42ac-bb7e-0ba87617f95a_582-28,2,Cooperation,5.524006,1.135296
ac8dba37-ce09-4dc5-b478-8194e41353c3_2812-63,0,Safety,11.061249,-5.5538106
9ced9631-9c8f-4a69-9984-e6b0763d11ba_278-77,3,Politeness,10.21609,-2.3107247
11e56f1e-baef-4fe8-ad0f-a7ec8788ea3a_836-51,2,Proxemics,19.210949,-8.537208
fe231042-6163-48cc-a1c4-1d1163b0a440_494-51,2,Safety,2.5793154,-30.30548
fe231042-6163-48cc-a1c4-1d1163b0a440_494-51,3,Communication/Legibility,9.718953,-39.25505
8d4895eb-b2d1-43b8-90f1-e80fcc37797b_2448-11,0,Communication/Legibility,3.6184366,30.617983
952f40df-b1d7-4562-afe4-2a4ff569e949_2108-64,0,Safety,12.247475,-20.670723
c2d28dd4-4416-4300-bbbe-23911487776a_1894-07,3,Safety,-1.245752,-36.156063
994616c8-63b0-47bd-a526-0680f4acff9e_109-35,1,Cooperation,-2.7185736,-2.4251158
3dbe950d-163c-40a4-9590-494748e1dd39_6666-20,3,Safety,25.812656,-2.893124
eb5cb2b0-59e6-45da-af1b-ba86c7ab0b54_705-79,0,Safety,14.458346,15.741029
95abf338-cf33-43f4-a8d0-44d6ea691d0f_44-58,0,Cooperation,7.295531,-1.7153732
4f80ac6f-b78f-441b-b80d-fa8dd10756c4_471-91,0,Communication/Legibility,8.3812475,25.585938
4f80ac6f-b78f-441b-b80d-fa8dd10756c4_471-91,1,Communication/Legibility,8.285799,33.60838
4f80ac6f-b78f-441b-b80d-fa8dd10756c4_471-91,2,Communication/Legibility,8.271003,33.541176
048d34c9-bf3f-4dd9-9da2-5f7da60ac2c8_955-97,0,Safety,35.52071,-20.391321
a448297b-ae62-4712-bc4f-849b39176558_3322-55,3,Safety,-25.659197,-8.378523
102dc7b7-a8fb-419e-9a18-b679e7157d99_517-02,0,Safety,-32.38773,4.2406745
3a9a814d-222f-4712-97b4-a71d9f8b5a4a_277-20,1,Cooperation,11.6326275,-22.680086
3a9a814d-222f-4712-97b4-a71d9f8b5a4a_277-20,2,Proxemics,11.135368,-39.802845
6fd90f8d-7a4d-425d-a812-3268db0b0342_1001-51,3,Politeness,-4.2832546,4.9201503
ee1eea29-aaad-41a4-b299-c72ed26c9da5_801-68,0,Safety,-14.225415,-20.301218
ee1eea29-aaad-41a4-b299-c72ed26c9da5_801-68,2,Proxemics,-16.17814,10.205674
6f7f3410-1e20-4eb2-b7b0-088c1500054b_299-75,0,Safety,5.143179,-0.28536785
c85251fa-eb44-4903-b27f-9cdee26e0ed5_1618-20,2,Proxemics,-14.6846485,16.289543
e14bb000-250b-4f3d-aec6-e72d4f29d123_968-06,0,Privacy,6.595015,18.633505
e14bb000-250b-4f3d-aec6-e72d4f29d123_968-06,1,Proxemics,14.785058,12.60016
ed027cb2-5b92-4de2-ab58-69d42325ef15_965-69,0,Communication/Legibility,8.499036,18.242104
ed027cb2-5b92-4de2-ab58-69d42325ef15_965-69,2,Proxemics,19.811104,6.999246
d730a47a-013d-4cd3-b478-370f2fb0d918_1149-88,0,Safety,-16.153416,26.706005
c6b5d782-d267-410e-8566-f7fe5d4a78a9_98-99,0,Safety,-8.6198635,14.140936
a32e3749-3ec6-4865-b5f2-067d05c04190_230-06,0,Safety,-23.093575,0.093041025
a32e3749-3ec6-4865-b5f2-067d05c04190_230-06,3,Communication/Legibility,-19.560925,-14.972271
c1f4d37c-bfd8-4722-b1c4-767f8426ccfd_867-73,2,Proxemics,17.65871,6.696952
c1f4d37c-bfd8-4722-b1c4-767f8426ccfd_867-73,3,Safety,-1.3109937,-13.165644
9d2ec4ad-945f-4614-b41f-24260de662f6_1664-30,1,Cooperation,12.0235195,-22.995468
f58900c3-5747-447c-9fa2-04c608e7f40a_18-05,2,Proxemics,-20.22551,19.368391
110f9870-6b6c-4a20-a3c8-8c2e29c53bb7_1386-55,3,Coordination/Proactivity,3.2781262,-9.717237
313cc9d1-c87f-44ec-9900-3ee8d75389be_148-43,2,Safety,-4.5999627,-25.724804
79c62f24-488e-4a69-8220-3b20cb4bf72b_611-49,1,Cooperation,11.984347,-31.29583
27f9cd4e-8b61-477c-9b63-ca3d437a0dff_855-42,0,Communication/Legibility,36.624958,-17.828472
27f9cd4e-8b61-477c-9b63-ca3d437a0dff_855-42,2,Safety,25.052546,-9.777435
d66f42bb-822b-444a-bce0-ddd15b29bd1b_7-30,2,Communication/Legibility,-16.353851,37.7683
6c0ca07f-6bb2-4db4-a0c3-5926726493fc_272-36,1,Proxemics,-10.388439,17.82316
68134357-62e5-4f0b-8300-2e661763aeb5_374-98,0,Safety,5.290307,-2.853526
68134357-62e5-4f0b-8300-2e661763aeb5_374-98,3,Cooperation,15.158483,26.845198
7836e736-ef0a-40ed-9b77-b4c12a08b236_3090-06,0,Safety,1.5275254,-20.809986
7836e736-ef0a-40ed-9b77-b4c12a08b236_3090-06,2,Privacy,3.6335588,-6.419785
7836e736-ef0a-40ed-9b77-b4c12a08b236_3090-06,3,Politeness,-20.34116,15.187691
2d1bf98e-a133-4f63-bc1d-91f718078a52_337-47,2,Cooperation,10.048502,-14.853036
1a50cd38-dda2-41d0-8a6f-294f17373d97_2829-22,3,Politeness,23.926304,-24.666565
6c0ca07f-6bb2-4db4-a0c3-5926726493fc_124-14,2,Proxemics,-9.422144,11.512102
e9e0f26d-3005-436a-a70f-7d99977808c8_1362-45,2,Cooperation,16.923641,-17.999582
ec85a806-d47f-4555-8c4c-20f59927e580_3835-48,3,Safety,-1.9431477,-19.058914
89d8c9c5-fa11-4674-b08f-007f81958555_1484-97,0,Safety,-9.47764,-14.6454315
89d8c9c5-fa11-4674-b08f-007f81958555_1484-97,1,Coordination/Proactivity,-25.755589,-10.49427
89d8c9c5-fa11-4674-b08f-007f81958555_1484-97,2,Proxemics,-26.350586,-8.208034
adb9100b-45da-449a-94b1-ae29e107e4c5_72-02,0,Cooperation,37.01676,-23.387072
adb9100b-45da-449a-94b1-ae29e107e4c5_72-02,1,Cooperation,10.211176,-13.076977
cbc5c4fe-ed66-4525-a3d8-d691064db66b_262-02,1,Safety,-2.6492705,-13.423539
cbc5c4fe-ed66-4525-a3d8-d691064db66b_262-02,2,Proxemics,24.184233,11.575172
7d444081-73d8-405d-9bcc-9620e5feefaf_729-22,2,Proxemics,23.063343,-24.066132
b3a0d595-d5b4-4e4b-9c52-337053871604_278-40,3,Politeness,-31.63178,-15.8737
57ac6d7c-d317-4f85-aab1-d95ecaaacd5b_290-69,2,Proxemics,35.264248,-12.530479
04b2f7a8-1d95-43c2-8b3b-8053b22dda52_810-37,0,Safety,-40.373283,-4.8023963
f5ac654b-8f39-427b-856f-4a9a2d4a3020_9-20,2,Safety,0.7440827,-23.551485
356dd07e-8165-494c-9be8-b82d314bf88d_895-74,2,Proxemics,10.473117,-2.107161
4bd37cff-a43b-4843-b0ff-06ecfe00017e_270-00,1,Safety,-5.2499957,-10.9751005
4bd37cff-a43b-4843-b0ff-06ecfe00017e_270-00,2,Proxemics,-4.2580247,12.6909895
258a7d18-4e66-4e3a-9fa0-f8daf7315a6d_1892-58,2,Cooperation,9.178636,-31.327442
258a7d18-4e66-4e3a-9fa0-f8daf7315a6d_1892-58,3,Communication/Legibility,37.326694,-22.739035
1b6c9a8b-baec-44ac-ab24-f482d0c30117_216-86,2,Proxemics,-23.831448,-15.142586
dd5214e7-85bb-41b4-93e0-5ef34b8af687_1307-52,1,Cooperation,13.529641,-16.907234
dd5214e7-85bb-41b4-93e0-5ef34b8af687_1307-52,2,Safety,12.478194,-26.44836
102dc7b7-a8fb-419e-9a18-b679e7157d99_754-92,0,Safety,-0.06208477,-23.577654
5e7a6a04-70d3-4ce5-82ff-971ca6478328_1045-51,2,Cooperation,13.492214,30.869186
3c9b7fa8-5588-46a7-aafa-0a1404bfbbd7_1020-57,0,Safety,2.9131563,-37.115326
3c9b7fa8-5588-46a7-aafa-0a1404bfbbd7_1020-57,3,Safety,9.588864,-22.328247
606a91df-fc77-444e-988d-e0178c83c586_342-58,3,Politeness,-5.0521083,7.2236357
90398a2b-de6b-4232-9bea-149c48cb1326_984-97,3,Safety,-5.7254715,-36.217266
8fafc02a-ef7a-46f4-ae97-b0c68c8bb207_16014-05,0,Safety,-11.195127,13.021159
828ef13f-f52a-4a16-b206-4ec7e471f025_238-90,0,Safety,-0.66394585,-31.67054
10a848ed-f258-4930-abdd-1fd60b788abc_549-51,1,Proxemics,-16.593964,-2.1018195
98ff21ab-6151-4429-a6ff-39d3c6fa173b_1442-50,1,Cooperation,32.249046,-20.711067
98ff21ab-6151-4429-a6ff-39d3c6fa173b_1442-50,2,Cooperation,13.2860985,-17.015406
98ff21ab-6151-4429-a6ff-39d3c6fa173b_1442-50,3,Safety,6.392892,-28.397055
4bd37cff-a43b-4843-b0ff-06ecfe00017e_258-98,3,Safety,-6.555759,-10.585664
407df63f-c7a8-4c18-aa0f-b8e6ae16a938_620-12,1,Safety,25.469244,-9.9215555
8b72b54f-f87c-4fdb-84dc-97e42ab111ac_824-00,0,Safety,20.703066,-3.1072009
8b72b54f-f87c-4fdb-84dc-97e42ab111ac_824-00,2,Politeness,0.14098857,-1.0159762
67bc312a-3b49-4847-aa79-63ad7d3e4217_303-11,2,Communication/Legibility,-18.926233,3.69699
4f549225-e82e-4294-9379-4891e47725c7_299-04,2,Safety,-8.007138,-24.256824
df630387-82c6-4c90-95e8-6ba558c907a2_202-79,0,Privacy,34.569233,-9.361883
df630387-82c6-4c90-95e8-6ba558c907a2_202-79,2,Proxemics,-13.961133,30.906443
df630387-82c6-4c90-95e8-6ba558c907a2_202-79,3,Privacy,17.484348,25.995165
952d5295-06f4-4578-929b-4113e4ff9201_792-75,2,Privacy,32.77937,-9.7871895
19f2ea20-5041-4be2-bdc9-714473f16236_4524-38,0,Privacy,0.5117758,27.502615
19f2ea20-5041-4be2-bdc9-714473f16236_4524-38,2,Privacy,-41.00463,3.0679216
7f5ed6e1-aca1-40d5-87c6-d156c5f02263_222-42,0,Privacy,24.383938,5.511859
156823e7-0339-4f64-9c89-80044fc8b218_782-84,0,Privacy,-32.132923,18.49025
1e90b2b5-5483-4ecc-b8e0-fb0bf63ccac3_3303-65,2,Privacy,1.7038921,34.9808
8e748fd1-e30e-4bf6-a04f-5f570ca075ac_351-84,0,Privacy,-1.1099937,27.873274
a437e059-78be-4894-a7ab-dc27fa16d3f8_7188-07,2,Proxemics,-29.509455,-1.1855241
c34effc7-6198-4c85-80c7-c8be85b77dd3_2681-98,0,Privacy,3.5789633,33.051212
9e9c5b05-c7d4-450d-9850-e6ae83caa9a5_3282-52,2,Cooperation,-2.0684,1.0363406
201af2e0-72dd-466c-8280-8c3dc00a7981_602-53,0,Privacy,10.183981,22.554712
201af2e0-72dd-466c-8280-8c3dc00a7981_602-53,3,Politeness,-4.308881,-0.26084578
59857657-5cb1-4268-9c8f-ab6cb3c3ad3b_5438-01,0,Privacy,5.248375,21.457495
a2f25985-0589-42ca-af57-58930079dfb9_7290-57,2,Safety,24.504066,5.6010017
1a7e6155-3613-4f55-865c-00e196db0da0_3573-11,2,Communication/Legibility,32.34817,4.995148
1a7e6155-3613-4f55-865c-00e196db0da0_3573-11,3,Privacy,37.2974,3.0457497
cce59bcd-0ebc-463e-bbb1-094186a6ed8d_36-05,2,Cooperation,13.469923,18.449621
e14bb000-250b-4f3d-aec6-e72d4f29d123_977-37,0,Privacy,-17.857113,22.221846
48bd6bfb-1322-41b5-9641-20a647976ea8_261-42,0,Privacy,-5.373775,22.581587
48bd6bfb-1322-41b5-9641-20a647976ea8_261-42,1,Safety,-29.458487,-2.4737442
43d83207-9c41-46aa-90c9-e30a6194be11_354-50,2,Cooperation,-6.364543,33.328514
c34effc7-6198-4c85-80c7-c8be85b77dd3_2128-22,0,Privacy,-17.951797,23.621264
c34effc7-6198-4c85-80c7-c8be85b77dd3_2128-22,3,Politeness,-1.4819458,15.740496
952d5295-06f4-4578-929b-4113e4ff9201_808-38,1,Proxemics,41.5497,-10.309827
1626db26-0c74-43d6-a5c2-c1a8fa7b1429_2450-13,0,Privacy,-8.418554,31.682209
564c0350-9fbf-4659-b310-a929fa3c82e4_555-36,0,Privacy,9.68522,4.5914464
1acd2d5c-b0d4-4ec5-a54c-6a9c84cb11f6_776-54,2,Cooperation,15.531383,-10.091301
75141dec-d6b3-4e2e-a144-5a126abf7dac_584-16,0,Privacy,-9.797869,-23.564117
e2a1583d-7460-4d02-ac29-6968f16812c3_338-61,3,Safety,-11.08514,-9.573208
fb9fda68-f264-465d-9208-19876f5ef90f_887-23,0,Privacy,-8.877666,25.088984
f965d286-b521-402f-9a0e-c73b49e9806e_1758-84,3,Politeness,18.931957,-18.333323
ca22ace6-2d0e-4e0b-98d4-60544e5af4d5_139-96,0,Privacy,-9.722736,25.26061
e6fdec5a-21e1-43e8-b662-9376538394d5_3510-00,0,Privacy,-6.8407316,-1.16315
e6fdec5a-21e1-43e8-b662-9376538394d5_3510-00,3,Privacy,15.893962,18.585157
68a03b86-201f-4935-9847-f2753905f298_1057-96,0,Privacy,-3.4990852,23.275766
d6f9d174-2d42-49e7-83e4-daa9e8b0aa25_64-13,0,Privacy,11.545486,-18.292883
26192bcd-7240-4d7b-8306-fa4eed0264f2_4935-17,2,Privacy,-11.653134,29.40922
a49bdcc8-8f23-445d-bae0-8d9e5c4d9c63_1749-02,2,Cooperation,16.802952,-5.3979926
a32e3749-3ec6-4865-b5f2-067d05c04190_1229-02,2,Safety,-24.4798,-1.3550683
eb20bebd-41e5-4a02-aa7e-73d3da5bc97e_70-42,0,Privacy,41.788006,-4.3421106
b6bee905-eddf-4b41-bfe6-d57c9059fe61_1128-22,3,Cooperation,-18.231512,-12.149177
5f26c69f-6f1c-4041-a81f-3c4808e0a385_1353-30,1,Privacy,20.18869,8.281984
dd82f801-fc96-4ced-b066-ad559da3faab_124-35,2,Cooperation,-29.46434,-0.98371184
facdbd7a-da79-48bd-9bb0-c866f675699b_1484-63,1,Proxemics,4.3243566,18.208456
facdbd7a-da79-48bd-9bb0-c866f675699b_1484-63,2,Cooperation,8.600164,11.638212
cbc5c4fe-ed66-4525-a3d8-d691064db66b_545-69,0,Privacy,7.9501586,-6.4466834
cbfeb6c8-ec1f-4884-bcbf-14d7764c4a36_0-01,1,Privacy,-5.4343443,37.1225
01111831-9107-43c4-bf0e-6b26e9b32a2b_1351-09,0,Privacy,-11.415132,29.22096
9e579570-0541-49d6-bf0e-35483e949296_653-37,0,Privacy,1.6285866,-3.5042272
9e579570-0541-49d6-bf0e-35483e949296_653-37,3,Cooperation,6.964072,14.848992
97eaf9ae-9b92-493d-a555-4fcdb7c039a1_1485-95,0,Privacy,7.172128,19.088104
97eaf9ae-9b92-493d-a555-4fcdb7c039a1_1485-95,2,Coordination/Proactivity,9.198151,20.596416
97eaf9ae-9b92-493d-a555-4fcdb7c039a1_1485-95,3,Privacy,9.501659,14.182355
699b47de-9fc5-4b98-ba35-ecf79886a8db_1850-50,2,Proxemics,-19.177649,24.265352
8dd6490b-6291-4793-b05e-79250f87925f_402-15,2,Proxemics,-27.709278,0.26756048
3dd08c84-ee0a-4fa6-a859-98fd969ec720_518-21,0,Privacy,-3.183354,2.2564473
201af2e0-72dd-466c-8280-8c3dc00a7981_1276-29,1,Privacy,-26.747843,11.596513
82e96128-1242-4e57-8a3e-9ea222df022c_3457-40,0,Privacy,6.4527903,21.483938
de37a11d-1dcd-4f5b-9054-155093b3a073_8700-46,3,Privacy,-17.938303,26.358261
3f8dbb4f-ad5e-4d54-bf95-3ddbe968a85d_27-63,1,Privacy,-11.363079,-8.305836
3f8dbb4f-ad5e-4d54-bf95-3ddbe968a85d_27-63,2,Privacy,-27.26293,11.632557
ecdc4071-1903-4024-a357-d0082720168e_295-94,3,Politeness,-22.908003,-4.858438
c5270067-6c25-45f2-b63a-1a55b85020ad_568-80,0,Privacy,2.37946,36.338696
c5270067-6c25-45f2-b63a-1a55b85020ad_568-80,2,Proxemics,-16.44381,25.186468
dd82f801-fc96-4ced-b066-ad559da3faab_1757-91,0,Privacy,-25.861494,1.3042606
dd82f801-fc96-4ced-b066-ad559da3faab_1757-91,2,Communication/Legibility,-24.403624,-1.495223
3efc152d-ea0e-4372-b552-7d5e1cf07259_14658-02,3,Politeness,-12.222365,30.562695
d6e0bff0-9501-4750-b97f-95f134f6618b_781-93,0,Privacy,2.966548,6.553069
4b5de875-cc82-494e-b768-8ac0ae3bb279_997-77,0,Privacy,-16.11604,33.89781
a055e4e8-cc07-47c1-a438-06f45c4f724c_2341-22,2,Proxemics,1.2620498,34.580105
8a431195-083a-4e07-a99d-28c2591beaef_13-09,3,Privacy,7.846035,6.2820997
36baa5a9-16bf-4ad6-b011-4d7daae6b8f9_1264-03,2,Proxemics,-16.442451,27.557108
b0a30641-ad93-4d6a-92a9-f277c78f1aa5_112-83,0,Privacy,-14.67792,28.552174
b0a30641-ad93-4d6a-92a9-f277c78f1aa5_112-83,1,Safety,-13.72856,31.530743
b0a30641-ad93-4d6a-92a9-f277c78f1aa5_112-83,2,Proxemics,-12.031234,-9.755218
71024373-484f-4270-82a4-2251997f3a9f_44-61,2,Safety,-6.3086615,-18.354507
71024373-484f-4270-82a4-2251997f3a9f_44-61,3,Cooperation,-10.038683,-23.593292
5b0225e8-b81b-42fe-aa08-b0732b46c8bd_1130-00,2,Privacy,23.354887,2.7761543
5181422f-0b2c-4a39-af52-b2ca683e5451_1147-87,0,Privacy,13.619549,17.212313
695cefe9-04c0-42fb-80fc-d308b314b788_330-48,0,Privacy,19.004223,10.518923
695cefe9-04c0-42fb-80fc-d308b314b788_330-48,2,Communication/Legibility,19.888163,9.306381
2dbdd409-0be0-447c-8ae8-3f107fe9af80_1058-94,0,Privacy,43.17667,-8.736712
2dbdd409-0be0-447c-8ae8-3f107fe9af80_1058-94,1,Cooperation,4.3440633,33.790844
2dbdd409-0be0-447c-8ae8-3f107fe9af80_1058-94,2,Proxemics,35.197018,-7.565048
be462bcf-13ad-446a-8dfb-248cb2e3417a_825-06,0,Privacy,-13.35911,28.515842
be462bcf-13ad-446a-8dfb-248cb2e3417a_825-06,1,Proxemics,1.2136217,34.569214
eea4b231-055e-4c4e-8f95-8dd043601da6_1144-34,0,Privacy,10.023313,-7.942271
5dde766e-e93a-4d48-b3c7-96774f24d39d_560-47,0,Privacy,-1.6996703,6.5015287
19f2ea20-5041-4be2-bdc9-714473f16236_1915-00,2,Cooperation,-19.006157,11.680352
19f2ea20-5041-4be2-bdc9-714473f16236_1915-00,3,Safety,-17.363914,12.181539
