item,idx,correct,fold,score
01111831-9107-43c4-bf0e-6b26e9b32a2b_1351-09,2,1,2,4.707570285879453
01ccf6b0-5e95-4b18-acd4-a8cc1fd31ddf_248-81,0,1,2,1.567921000395503
01ccf6b0-5e95-4b18-acd4-a8cc1fd31ddf_849-71,1,0,2,3.05140805954595
01d301c9-9dbf-4da2-9181-d66a6688f5e6_817-64,3,1,2,-1.569125889500677
01db7c39-a512-4bac-b284-dff8c7360e80_385-35,2,0,3,-0.718911960384836
01ef2c24-ab95-46c0-a76a-7ec2f66aa5df_978-48,3,0,0,0.8898182912578025
01f9f9d6-2871-4913-99ea-8ffb7780fc8d_1491-41,1,1,4,0.7140622478487608
0235dafb-ec68-4177-8aff-e36d6c63742d_15-76,1,0,2,1.4253651985069469
02ca6897-bf08-4cfb-bbc7-7810dbf5cca2_2974-75,3,0,4,0.4877198423714235
031314bd-fa48-42ef-8341-bc5ca17f6a4a_1127-31,1,1,1,2.8630177862965986
033520cd-e7e4-4649-b551-83bb451a4802_382-12,2,0,0,1.4870820496135353
03ca4970-374e-4901-9895-81f262c0da5c_817-27,1,1,3,0.6389905637141977
03d6e9bf-389a-4828-bf82-0ef6decf7671_900-77,2,0,2,3.8212365869323675
03f5b0be-94ac-4d22-9c30-7bf0456ccf0e_1279-00,3,1,4,0.1357506891359661
03fb98b9-e732-4265-a2a3-9809183acaa7_1123-20,3,0,3,-0.1624282069872085
044a7a23-9305-4971-82ac-aa1a3dc154be_214-77,3,0,1,1.4709686849544812
046855d7-41d7-4f41-a6a7-fce921ea8133_335-77,3,1,0,0.6085164506275091
0475a0b9-9445-4083-8c6a-42f0171ff3e4_1943-55,0,0,4,1.90122713273665
048d34c9-bf3f-4dd9-9da2-5f7da60ac2c8_955-97,3,0,1,1.4797218554922171
04b2f7a8-1d95-43c2-8b3b-8053b22dda52_810-37,3,1,4,3.8482245383509026
053ae0a6-937d-4bdc-8001-d3dfe7899811_1085-52,2,1,1,3.427442704392808
0548b16c-cc3f-475d-82a4-9a73109d4327_1779-11,3,0,4,1.4462149541775748
05d5d7cf-9fb9-4390-bcd3-dd626b948771_1543-50,2,1,2,0.3354298265854372
0619c3d0-aebe-4414-b977-f2027271b267_279-15,1,1,0,1.629743530897709
0619c3d0-aebe-4414-b977-f2027271b267_566-56,1,0,0,0.3255477789277299
0655e194-9ddc-41c4-9708-7e6c7a256fa0_300-01,3,0,2,-1.151523231205837
0696265e-aba2-401b-9316-c380c30c901e_540-96,0,0,2,0.11582423406098008
0696265e-aba2-401b-9316-c380c30c901e_878-07,2,1,2,3.730924285603587
069c1058-881d-49da-b45d-b9f7e08fe932_1164-27,3,1,1,0.5343599490606549
069c1058-881d-49da-b45d-b9f7e08fe932_2408-86,1,0,1,1.301155681460667
069c1058-881d-49da-b45d-b9f7e08fe932_475-96,1,1,1,0.8048951873643929
06cf946b-4713-4ca2-addf-55ce95a26d98_1071-13,2,0,3,1.5405732813557393
06ee22fd-ecfc-4e34-9ed2-a330548abf71_519-15,0,0,3,0.3645330819648187
070776bf-f15a-4b6e-a906-d1ef9e132592_598-54,1,1,2,-0.4783806081999671
072623e8-1889-4580-8175-ddc05a3dceb3_11-40,0,0,4,0.317061158592981
072623e8-1889-4580-8175-ddc05a3dceb3_89-78,1,0,4,2.045211978066341
07536df6-9813-42d9-93df-35835407d8ee_170-76,2,0,4,1.5109046473075243
078634f1-0e81-455d-b771-3d35b65a2645_411-53,0,0,0,2.4995964367791634
07ad0112-22da-4f0e-be4f-2debe7fec15c_608-22,2,1,2,2.095196305936021
083b7556-9dff-40e2-9fad-bef3f82dbf37_1003-31,2,1,2,1.2861154305692162
083b7556-9dff-40e2-9fad-bef3f82dbf37_34-58,0,1,2,0.7462072233989439
083b7556-9dff-40e2-9fad-bef3f82dbf37_51-98,3,0,2,2.749438405459612
083b7556-9dff-40e2-9fad-bef3f82dbf37_635-98,3,1,2,0.312155334770172
087e11d0-5984-4365-989d-7365294ddaec_1764-07,2,1,2,-0.13227413561090962
087e11d0-5984-4365-989d-7365294ddaec_3198-91,2,1,2,0.6840291787999841
087e11d0-5984-4365-989d-7365294ddaec_5378-93,2,0,2,1.545036887919229
087e11d0-5984-4365-989d-7365294ddaec_7175-71,3,0,2,1.5287966558549277
087e11d0-5984-4365-989d-7365294ddaec_7351-39,3,0,2,2.3682970201786535
088add57-cf62-4ddd-9908-7eb738b0ec22_2767-48,0,0,3,0.039894936286363314
08e65366-36a3-4146-bec6-043286cedf16_741-63,1,1,4,2.2086507978921954
09690df3-0715-4875-8745-7e8830c761d0_2258-64,2,0,2,3.2437891690876794
09690df3-0715-4875-8745-7e8830c761d0_341-62,3,1,2,1.593421031443152
09aa2849-b299-4e30-ab69-1213c6f96581_1101-28,0,0,0,1.5545505319272477
09fe2f2d-7d90-4d7d-9dcd-baec4704f4cc_4409-86,1,1,1,2.4594680575232135
0a02a1ed-a327-4753-b270-e95298984b96_534-33,0,1,4,2.402911810835845
0a4c05df-f522-4a33-862f-0d89824e7300_1283-75,3,1,2,0.5251006622727379
0b38da1c-2b62-4c05-a68e-e8f2aafa47a8_1227-10,1,1,3,3.008359529898956
0b530687-26d8-4c9d-9771-c758ecd2ecbf_14330-76,1,0,2,0.1430313990847758
0b530687-26d8-4c9d-9771-c758ecd2ecbf_14604-13,3,0,2,1.8483651527926532
0b530687-26d8-4c9d-9771-c758ecd2ecbf_16957-98,0,1,2,3.194384247452313
0b530687-26d8-4c9d-9771-c758ecd2ecbf_3386-79,0,1,2,0.5600724164686566
0ca15932-2ede-4802-8f8d-68555c68c0b8_525-50,3,1,0,2.889919286256114
0cd16e31-6045-45ea-b0d7-105116f9e6d1_1433-59,2,1,0,-0.019422314233124238
0cd16e31-6045-45ea-b0d7-105116f9e6d1_646-65,0,0,0,2.142715685953376
0d08f503-89df-4dd8-a238-4e1749d2fe22_5-63,3,0,4,1.230218275002289
0d572bb4-543a-4fa2-afce-876f854a559a_484-84,1,1,0,2.7263645313468823
0d5f2917-e0bd-47cb-b887-1c14c69568f9_848-84,3,1,3,0.7356983532994583
0d6a065b-3fcd-4537-8148-bc55d2ee3055_19-05,0,0,4,0.21207458018682313
0dca9b08-f9c6-446f-8754-3c1312fa3274_101-78,3,1,3,3.547842268066923
0e12d060-f93d-418a-a377-7f2467be9fed_363-39,3,1,4,2.3386741055617177
0ece1a2a-2da0-4b28-ac8c-bf9f04c0d17c_2285-27,0,0,4,-1.511508154075012
0ece1a2a-2da0-4b28-ac8c-bf9f04c0d17c_335-84,1,0,4,-1.5405465589008194
0ece1a2a-2da0-4b28-ac8c-bf9f04c0d17c_713-12,2,1,4,2.011760520570726
0f038f2a-7b3d-40ec-a22a-9f764bfbde74_4-93,3,0,4,0.8501930423518795
0f1024e6-ff80-46e2-aea8-3878f11bc1d7_201-92,1,0,3,0.9006858266183597
0f3fa455-3622-4fb4-a3be-0c1a7fd697a7_1157-44,2,1,2,4.273450968231935
0f574f9b-00bc-479d-894b-9e7c999fe13a_302-98,2,0,1,2.1768359459794357
0f574f9b-00bc-479d-894b-9e7c999fe13a_303-78,3,1,1,5.273533216959845
0f82d425-f8be-4e69-8c59-0a1a2e980b20_1108-13,1,1,4,2.7238402068394727
0f82d425-f8be-4e69-8c59-0a1a2e980b20_295-56,2,1,4,1.3763503432854678
0f82d425-f8be-4e69-8c59-0a1a2e980b20_518-50,4,1,4,4.667543601834785
0f82d425-f8be-4e69-8c59-0a1a2e980b20_554-09,3,1,4,0.6964609578204939
10019839-9ded-439f-a573-5ccacd7d829d_650-42,1,0,0,1.910906865703773
102dc7b7-a8fb-419e-9a18-b679e7157d99_517-02,1,0,0,1.6398096953246932
102dc7b7-a8fb-419e-9a18-b679e7157d99_754-92,0,0,0,3.1238273924535838
1042ea39-9256-4593-a4c6-a0d0393da739_524-37,3,1,0,2.7651098185618723
10a848ed-f258-4930-abdd-1fd60b788abc_125-95,1,0,2,2.1289983072404315
10a848ed-f258-4930-abdd-1fd60b788abc_294-40,3,1,2,3.6144159944844265
10a848ed-f258-4930-abdd-1fd60b788abc_345-05,2,1,2,4.070677407493629
10a848ed-f258-4930-abdd-1fd60b788abc_475-65,2,1,2,2.0362079234986448
10a848ed-f258-4930-abdd-1fd60b788abc_489-09,1,1,2,2.6833533635939073
10a848ed-f258-4930-abdd-1fd60b788abc_549-51,1,0,2,1.764105184581086
10a848ed-f258-4930-abdd-1fd60b788abc_75-21,0,0,2,-0.3946584144161056
10a848ed-f258-4930-abdd-1fd60b788abc_788-28,0,1,2,0.08480390151218109
10c73f89-cc7d-4d43-b1df-b56703de1b24_711-97,3,1,4,3.793170923815312
110352df-c7a3-4fec-a707-42936d101c28_3-37,1,1,3,0.3760561627144141
1106ee5c-8829-460f-8454-c4a8348f5400_10077-91,3,1,0,1.8645402626924736
1106ee5c-8829-460f-8454-c4a8348f5400_1134-19,1,0,0,1.756812634497266
110f9870-6b6c-4a20-a3c8-8c2e29c53bb7_1386-55,2,1,2,-0.23746313158206522
110f9870-6b6c-4a20-a3c8-8c2e29c53bb7_1388-88,0,1,2,1.1522415806969553
11586867-f4d9-4341-9532-4de21a47585d_394-60,2,1,1,1.9112449884861538
11663dd8-aa9d-429d-80e2-2807b341350e_224-01,1,1,2,6.323384967202585
11e56f1e-baef-4fe8-ad0f-a7ec8788ea3a_836-51,0,0,4,0.5701553496392713
11f247e0-179a-4b9d-8244-16fb918010a1_1002-90,0,1,3,2.1346820475265313
11f247e0-179a-4b9d-8244-16fb918010a1_1085-16,3,0,3,0.08930148434101692
11f247e0-179a-4b9d-8244-16fb918010a1_1106-33,2,0,3,-0.5040408055239087
11f247e0-179a-4b9d-8244-16fb918010a1_1376-89,3,1,3,0.5688372132495805
11fb6f55-4bf0-4992-ad15-d30a51447ab3_745-24,1,1,1,2.784622871682329
1246d6ec-5620-4f71-8b4b-d823775f58c2_29-81,0,1,2,2.84506085037261
1270f0e2-1bc0-4225-bf6e-3dd68c594c8b_1984-62,0,1,4,1.4825776779559805
1309c412-1d3b-449a-95d7-853616686f89_980-21,2,0,1,2.6713330897712853
1330508f-8168-4408-a4df-79f69fb87c83_1053-45,0,0,0,0.4911558877404918
13488a91-cef6-46f4-8007-9453d5d49925_44-43,0,1,1,4.069170931677203
134a4c63-583a-4e64-8cf9-002b6d26cdf1_375-78,0,0,2,1.6731161837829427
134a4c63-583a-4e64-8cf9-002b6d26cdf1_464-01,1,1,2,4.181150541189221
134d9865-d9ee-47e5-a121-589a26c6b3ba_1573-53,1,1,3,0.8678460200412133
134d9865-d9ee-47e5-a121-589a26c6b3ba_1586-50,3,1,3,0.761823736385363
13a15553-2fdb-4d04-a7b4-2efc33538525_875-77,3,0,1,1.3863236946544952
13bbcf71-cc9d-40f9-b072-77841ea8b7a2_38-55,0,1,3,1.4539831346923493
13d7173f-e8d1-4124-a66b-2ae648da9dbd_510-46,1,1,4,3.3693151112387625
146a4b4b-96a5-4d8f-a5b1-78dbb6ee5edf_4571-18,2,1,4,2.684996942495684
146a4b4b-96a5-4d8f-a5b1-78dbb6ee5edf_9999-80,1,0,4,-0.3416633144685812
14a3d52a-e66c-4a4c-8f71-d86f7199993c_10-64,0,1,0,2.736073064690631
14c123f4-06ab-4b51-aa26-95b0e3adf6eb_61-25,2,1,1,3.2991348531563887
14e96091-4011-4557-95b3-a195fb5c39d8_273-80,1,0,2,2.3183304174648747
14e96091-4011-4557-95b3-a195fb5c39d8_919-08,3,1,2,1.2886061193208584
15223229-8273-4f28-9bc0-1266e7c210d8_1078-65,0,1,3,1.9203587282252688
153cd84b-0345-4590-90f6-f66c294db429_799-88,2,0,4,2.127990976770552
156823e7-0339-4f64-9c89-80044fc8b218_782-84,1,1,4,0.8833718619289692
15c5a595-c577-4b4b-b26a-639517f140c9_1-82,3,0,2,-0.6291810495162307
15f1a422-327d-4dab-b14d-7003544c5817_1292-11,1,0,2,-0.15885474552660583
15f1a422-327d-4dab-b14d-7003544c5817_1304-02,0,0,2,0.1475638998822928
1626db26-0c74-43d6-a5c2-c1a8fa7b1429_2450-13,0,0,0,3.690422402829162
1626db26-0c74-43d6-a5c2-c1a8fa7b1429_730-63,3,0,0,1.4004103410126347
168f91fd-53c2-4eee-9d2d-e25e1ad73438_99-46,1,0,3,-1.7617815792071867
170fb6c9-8550-4e82-bb9a-4ad574c0f0fa_7137-29,1,0,4,2.192980391901611
17be1d0a-f213-4126-ab6e-08e5c8ee5b93_1056-33,1,1,0,2.3520180819126297
17be1d0a-f213-4126-ab6e-08e5c8ee5b93_1922-28,0,0,0,1.888697860597009
17be1d0a-f213-4126-ab6e-08e5c8ee5b93_1968-69,2,0,0,1.386422154345379
17be1d0a-f213-4126-ab6e-08e5c8ee5b93_4479-70,2,0,0,2.3277364467130335
17be1d0a-f213-4126-ab6e-08e5c8ee5b93_4986-86,0,1,0,2.5424249166863797
17be1d0a-f213-4126-ab6e-08e5c8ee5b93_70-40,1,0,0,1.2424377996023124
17cd1d99-044c-4b1b-97b4-f3de34f8e55b_251-62,0,0,4,3.5378521058907975
17cd1d99-044c-4b1b-97b4-f3de34f8e55b_252-07,0,1,4,0.7499603800585122
18189ea3-00fd-428a-bbae-7549ddd9a97e_803-15,2,1,0,3.767541991943319
182dffe9-d2bf-4a7d-b1d8-137470f0143d_1327-77,2,1,4,0.16721260492563794
182dffe9-d2bf-4a7d-b1d8-137470f0143d_1639-14,0,1,4,1.7374056931889126
182dffe9-d2bf-4a7d-b1d8-137470f0143d_1670-78,1,1,4,-0.25506216606658993
182dffe9-d2bf-4a7d-b1d8-137470f0143d_1681-54,0,1,4,0.9339031344612934
18a3840b-7463-43c4-9aa9-b1d8e486fa84_2172-38,3,1,2,2.327555184855214
18ac02cb-20eb-4eed-b735-04aff3573422_38-16,1,0,3,4.417377043783096
19493340-9a5c-406c-9943-712a4a4a073c_634-74,1,1,1,4.835614040079939
19f2ea20-5041-4be2-bdc9-714473f16236_1915-00,1,0,1,2.256155549682264
19f2ea20-5041-4be2-bdc9-714473f16236_2706-11,1,1,1,1.7029084796019767
19f2ea20-5041-4be2-bdc9-714473f16236_4520-57,1,1,1,0.8138170831983519
19f2ea20-5041-4be2-bdc9-714473f16236_4524-38,1,1,1,1.2302221733563865
19f2ea20-5041-4be2-bdc9-714473f16236_4525-17,1,1,1,1.3072800140235477
19f2ea20-5041-4be2-bdc9-714473f16236_5269-91,2,1,1,1.3971692972542815
1a2a8e0b-747e-43e3-9618-fc3f55f662b6_0-00,0,1,1,0.6199311055682931
1a50cd38-dda2-41d0-8a6f-294f17373d97_2805-73,3,1,0,0.7654576853950334
1a50cd38-dda2-41d0-8a6f-294f17373d97_2829-22,3,0,0,3.7777263216970605
1a50cd38-dda2-41d0-8a6f-294f17373d97_3680-47,3,0,0,-1.4907620950581515
1a7b9b5d-499a-454e-aaee-3758718fb5f2_817-59,2,0,3,-3.027774187456523
1a7e6155-3613-4f55-865c-00e196db0da0_3573-11,3,1,0,1.5436786457707126
1a9a07d5-70ad-4e18-9740-66ea985a527b_945-60,2,1,3,1.1046002916665896
1aa426b2-4d83-4b56-9d3c-4616adc464c8_300-08,3,1,4,-1.3541219538542173
1acd2d5c-b0d4-4ec5-a54c-6a9c84cb11f6_23-18,3,1,3,3.0850913368314283
1acd2d5c-b0d4-4ec5-a54c-6a9c84cb11f6_273-21,3,1,3,0.2859170907168962
1acd2d5c-b0d4-4ec5-a54c-6a9c84cb11f6_742-55,0,0,3,1.9167779453761926
1acd2d5c-b0d4-4ec5-a54c-6a9c84cb11f6_773-39,0,1,3,4.246902400180222
1acd2d5c-b0d4-4ec5-a54c-6a9c84cb11f6_776-54,0,0,3,1.3615641702875583
1b1acfa6-ee3b-483c-9c0a-245d70d7125f_3443-49,0,1,0,3.090452389625436
1b4b9493-2f3b-48e2-ba96-4feb9b9e98a1_408-70,1,1,0,2.171186500165601
1b6c9a8b-baec-44ac-ab24-f482d0c30117_216-86,3,1,1,2.2855569273977707
1b6c9a8b-baec-44ac-ab24-f482d0c30117_42-25,3,1,1,0.2570031136744185
1bfac46e-f957-4495-9583-dbd7fa683225_823-65,2,1,4,1.8980141219760254
1bfe3bec-79fd-4b1b-8738-4d313f3f79b9_355-45,0,1,3,1.8696633216213683
1bfe3bec-79fd-4b1b-8738-4d313f3f79b9_47-86,2,1,3,-0.8166793110310031
1bfe3bec-79fd-4b1b-8738-4d313f3f79b9_548-41,3,1,3,-0.09988536224432132
1c0ba820-4a30-47dd-852d-c30685c7051e_0-00,0,1,4,3.3956737371984627
1c0ba820-4a30-47dd-852d-c30685c7051e_36-98,0,1,4,5.270790896213711
1c35e580-0eb1-485f-98d5-48f1f968e952_519-81,1,0,0,1.1112635358028038
1c983176-b07a-4a69-ae51-de7829de6b6a_1090-54,1,1,0,3.7692406029072894
1c983176-b07a-4a69-ae51-de7829de6b6a_1270-21,2,1,0,0.812770717335703
1c983176-b07a-4a69-ae51-de7829de6b6a_261-56,2,1,0,5.457696483646277
1ce16a97-f614-4660-b21c-4205b33c8bab_1988-77,0,1,2,0.34511116231145955
1ceb6ff6-da6c-4bbe-b8f1-01a5b27026ce_294-88,2,1,4,4.496740100225303
1de5ae42-ca61-4a76-a514-8b70c40553fc_1576-85,2,1,1,0.9921292344273634
1e90b2b5-5483-4ecc-b8e0-fb0bf63ccac3_3303-65,1,0,0,1.0634293261284709
1e90b2b5-5483-4ecc-b8e0-fb0bf63ccac3_546-46,0,1,0,-0.7933100921636957
1e96ede3-aa85-4162-a32f-c565e5194cab_995-46,2,1,0,0.9025571595695923
1e9da62e-72ae-48d2-8b6e-00a5283d213f_1077-48,2,1,3,-0.8553641553981657
1e9da62e-72ae-48d2-8b6e-00a5283d213f_571-85,2,0,3,2.720543881076698
1ea95f25-81f9-46b1-b7a1-c4ca58251c6f_1089-87,1,0,2,1.7350271647217126
1ea95f25-81f9-46b1-b7a1-c4ca58251c6f_1359-12,2,0,2,1.5830629389452866
1eee4aaf-a21c-4ae5-82cd-96fdccae6742_761-92,0,1,2,2.5105440323781227
1eee4aaf-a21c-4ae5-82cd-96fdccae6742_876-68,3,0,2,1.9417670064622008
1eee4aaf-a21c-4ae5-82cd-96fdccae6742_917-84,3,1,2,2.227300145998983
1f216b72-21a2-4463-b5ae-13bffd779b4d_1694-44,2,0,3,1.1942565110139283
1f216b72-21a2-4463-b5ae-13bffd779b4d_40-21,0,1,3,0.5917490806715426
1f4a4d13-f083-4464-8c03-5e09f55e3f63_1207-44,3,1,2,1.2460697286756985
1f4a4d13-f083-4464-8c03-5e09f55e3f63_125-54,3,0,2,0.9479863287602661
1f4a4d13-f083-4464-8c03-5e09f55e3f63_332-95,3,0,2,2.133844083468177
1f4a4d13-f083-4464-8c03-5e09f55e3f63_764-04,2,1,2,1.0162016089696044
1f4a4d13-f083-4464-8c03-5e09f55e3f63_781-81,1,1,2,-0.984483155037917
1f5ca4f1-6200-4a9a-86af-150824b51f67_717-00,3,0,2,0.4461852794821024
1f5ca4f1-6200-4a9a-86af-150824b51f67_821-58,1,0,2,1.777498734472801
1f61d972-e61b-4846-af3a-d09db9f111f8_1079-93,3,1,1,2.0657311396230162
1f61d972-e61b-4846-af3a-d09db9f111f8_17-26,0,1,1,1.7785109234589052
1f6eb61d-74fa-411e-979c-2e66e71f2b7d_345-36,1,1,0,1.161677956936776
1f6eb61d-74fa-411e-979c-2e66e71f2b7d_501-62,1,1,0,1.3915315322888329
1fe55d7f-85e4-4cb5-a536-7a2aa623630b_1246-18,1,1,1,0.737290481122063
201af2e0-72dd-466c-8280-8c3dc00a7981_1276-29,1,1,2,0.08024369083436533
201af2e0-72dd-466c-8280-8c3dc00a7981_602-53,1,1,2,1.549284701313453
20525d50-586a-4792-bfdb-fd941ee64ea9_547-93,0,1,1,-1.629526104805766
20525d50-586a-4792-bfdb-fd941ee64ea9_89-29,0,0,1,1.0724895552285059
20c165c7-6d47-4264-8e62-9f1e643a4d03_2858-81,3,1,2,2.222167206810341
2131b8e4-79b5-48f7-b092-e4a13ed96749_1086-27,3,0,4,3.3928398397712396
2131b8e4-79b5-48f7-b092-e4a13ed96749_2003-33,3,0,4,2.2618404802300907
2137f7a2-dce3-4d95-859d-ad2a50b0cd09_1373-29,3,1,1,2.2922675514737345
2142bbd6-da88-4976-8668-8f21c27ed456_775-93,3,0,0,1.288052997255731
21438820-16d7-4fcd-b0d0-5def201fc65e_1321-22,0,0,1,3.0688524913855453
214b62df-2fb1-4b0e-af9d-42b0dd37defb_1128-08,2,1,3,0.35652050051569817
214b62df-2fb1-4b0e-af9d-42b0dd37defb_1307-44,0,1,3,1.7026987664960753
214b62df-2fb1-4b0e-af9d-42b0dd37defb_138-53,3,1,3,1.9345260470366417
214b62df-2fb1-4b0e-af9d-42b0dd37defb_1599-71,2,1,3,1.9345260470366417
214b62df-2fb1-4b0e-af9d-42b0dd37defb_1955-31,3,0,3,3.880351792649497
214b62df-2fb1-4b0e-af9d-42b0dd37defb_2020-07,2,1,3,2.445690905465422
214b62df-2fb1-4b0e-af9d-42b0dd37defb_2040-30,0,1,3,3.0119293303998957
214b62df-2fb1-4b0e-af9d-42b0dd37defb_2076-23,1,1,3,2.025663495527535
214b62df-2fb1-4b0e-af9d-42b0dd37defb_2181-76,1,1,3,3.6208171211885687
214b62df-2fb1-4b0e-af9d-42b0dd37defb_2189-63,0,1,3,3.118342730361746
214b62df-2fb1-4b0e-af9d-42b0dd37defb_800-76,3,1,3,1.0408275911461893
225a1ffe-3e7e-4ff8-a47e-2e80989077fe_94-47,0,1,1,2.12176003449082
22653c79-369f-4a0d-a663-33a1da378fe0_245-16,0,0,0,2.8895649154265577
22653c79-369f-4a0d-a663-33a1da378fe0_292-96,1,1,0,3.722240894162727
22f68c6a-b8dd-44e6-b1fe-d4e619e72f59_662-18,0,1,0,1.8480448734487311
235b49d2-b59c-4079-81cc-ad9c01dbd2df_22-56,0,1,3,1.3107504980644262
23ac2590-b25f-4718-8c9b-89d32eb992b2_641-98,3,0,4,4.1250148651652445
23ac3708-df1d-4bb0-a4c7-b2a66855dccb_447-26,2,0,1,2.0213681034029687
23ac3708-df1d-4bb0-a4c7-b2a66855dccb_950-08,3,1,1,3.9286209457489054
23ad5ebf-6223-4938-8609-d5df7afcf599_267-76,4,1,4,1.4617748670418071
243e800d-fc75-473d-b944-a95844e13a78_1602-75,1,1,4,3.4545462423398874
24c447b6-094f-49a6-9c20-ed594ab0da65_0-04,3,0,0,2.5944296610019073
24c447b6-094f-49a6-9c20-ed594ab0da65_947-73,2,1,0,2.5293859261969818
24e24f1f-af43-4ee5-86be-2a4d5cf772c5_194-62,0,1,4,3.4581990191138523
24e24f1f-af43-4ee5-86be-2a4d5cf772c5_40-56,1,1,4,4.575275226956173
254029e5-fed4-40a7-bef1-12b9faff3202_1017-93,0,0,2,0.37888463119854365
258a7d18-4e66-4e3a-9fa0-f8daf7315a6d_1387-30,2,0,2,3.4081425518984787
258a7d18-4e66-4e3a-9fa0-f8daf7315a6d_1892-58,0,1,2,1.5444407415216614
25ade38d-3e6b-4aa1-851d-7fbf791201c0_887-41,2,1,1,2.2966747326157666
25beabfc-48c0-4f81-b419-c47297aecf6f_203-09,1,0,0,3.6440784534962782
25f88143-835a-4ac9-9272-eada5dbb8440_162-66,0,0,2,0.8871893329631888
26192bcd-7240-4d7b-8306-fa4eed0264f2_4935-17,1,0,4,1.0386091387573229
261edec2-f089-4a74-b25f-ddf32c92f90c_1105-51,1,0,4,0.794743995099757
261edec2-f089-4a74-b25f-ddf32c92f90c_801-93,3,0,4,-1.036486384804349
262fd2ec-8eba-44d9-8082-4d0574f7a515_1038-82,1,0,4,1.5950091369576256
262fd2ec-8eba-44d9-8082-4d0574f7a515_1440-24,1,0,4,2.6759659696712728
262fd2ec-8eba-44d9-8082-4d0574f7a515_3000-11,2,0,4,1.144778047947158
262fd2ec-8eba-44d9-8082-4d0574f7a515_3060-97,0,1,4,-0.18658608927870168
2638b358-6b13-434c-bf03-a48bca96f287_636-40,0,1,2,2.7236936392115725
2680068d-b3ae-42d8-971f-e842c2d4fbb4_1248-72,0,0,4,3.922597317671528
2680068d-b3ae-42d8-971f-e842c2d4fbb4_739-57,3,1,4,4.013266238883933
268a17eb-3f11-45d4-a671-9e0d8a637363_2969-91,2,1,3,2.519008111931487
27f9cd4e-8b61-477c-9b63-ca3d437a0dff_250-50,2,1,2,2.6664501589783782
27f9cd4e-8b61-477c-9b63-ca3d437a0dff_855-42,3,1,2,0.8405395204690538
283a15b5-59ae-4f04-9738-bf49c97496a8_102-60,0,0,4,0.7972615387186617
2859218c-84ee-4e85-833f-74255b355032_1032-03,1,1,0,1.302659235114864
2859218c-84ee-4e85-833f-74255b355032_2390-60,0,1,0,-1.6631976664384036
2859218c-84ee-4e85-833f-74255b355032_39-61,1,1,0,1.0835958871118117
2859218c-84ee-4e85-833f-74255b355032_596-50,1,1,0,1.5024967492342889
2876b375-e848-412c-8a6f-0664cbab6a33_474-94,0,0,0,-0.05877177026894975
2876b375-e848-412c-8a6f-0664cbab6a33_574-54,2,0,0,1.7619146859719879
287c98fa-f0a4-4944-b798-bcae618258d3_1087-69,1,0,1,2.416198033414303
2893d559-89cb-4125-a761-3ff8e68768a9_565-53,2,1,2,1.8801799831469317
2893d559-89cb-4125-a761-3ff8e68768a9_638-82,2,1,2,5.2673216607930415
2893d559-89cb-4125-a761-3ff8e68768a9_84-09,3,1,2,0.6629846691619379
2893d559-89cb-4125-a761-3ff8e68768a9_88-42,1,1,2,0.8661192183810249
28ff9118-e876-497c-9901-cb89a62509fc_432-66,3,1,2,4.58904336224379
2911fa95-30ca-4524-8876-85a90f1fd221_19-38,3,0,3,2.173201331367504
294c8827-a667-49a5-9e7e-9c910001ce54_101-30,0,0,1,-0.925631435651635
29e45749-f8d5-42c7-af09-7fbb3d6697e9_876-21,2,0,2,0.8865333584376267
2a2ff7db-5460-4296-a8a7-946ba628226d_1549-08,2,0,4,-0.2854136040325781
2a831288-6e91-4aba-9385-f22f666fab99_525-32,0,1,1,0.4715094795283389
2a97736a-4fff-4753-84de-e6586a5603cc_185-44,0,0,1,2.1911366320707337
2a97736a-4fff-4753-84de-e6586a5603cc_2707-05,2,0,1,0.9568062491972383
2a97736a-4fff-4753-84de-e6586a5603cc_2711-38,2,1,1,0.650862746769335
2a97736a-4fff-4753-84de-e6586a5603cc_2712-24,0,0,1,1.5999453253012073
2a97736a-4fff-4753-84de-e6586a5603cc_297-35,3,1,1,1.1645896445010027
2ac65951-49b0-4629-981e-edc34b8cdb0f_1091-69,1,1,3,4.782747292204313
2ac65951-49b0-4629-981e-edc34b8cdb0f_1349-72,2,1,3,2.6790600750831195
2ac8acbc-9ea4-4bed-bbc2-aa53cc5f098a_1105-87,3,1,2,3.329672537014977
2b012751-2e50-4acb-b645-c864930e92c8_1119-28,0,0,4,1.9860372549379666
2b012751-2e50-4acb-b645-c864930e92c8_822-56,0,0,4,5.126497290989416
2b7ace86-149f-4354-b617-c8ebd08c5310_1416-39,2,1,2,3.208897242504624
2b7ace86-149f-4354-b617-c8ebd08c5310_381-65,1,0,2,3.043193374227532
2c5d38ed-012f-4732-9eb8-89beddb07641_447-87,0,0,0,1.6514407119497168
2c77de23-cd87-4a41-a83c-4bdc0170f45c_80-46,1,1,3,1.2090269900054773
2c9a2cb8-93fd-4932-bb76-60e80822b70b_782-07,1,1,0,3.9735884363552803
2cc2710e-aae0-41eb-9a70-deb9217bb7ea_3646-90,2,1,0,2.7989382101031035
2cc2710e-aae0-41eb-9a70-deb9217bb7ea_3838-38,1,0,0,0.2218336094981208
2cd9a214-b950-49b6-aa04-0cfd0f85fe5f_528-48,0,0,4,-0.37447298066693313
2cddb76f-24d1-4863-bd91-9a5d1922a543_1368-59,3,1,4,0.1647139575951837
2cddb76f-24d1-4863-bd91-9a5d1922a543_1681-29,3,1,4,0.07575727612282002
2d01625b-b7c4-41aa-989b-2d0b392d8b54_113-94,0,1,3,4.624558939017403
2d01625b-b7c4-41aa-989b-2d0b392d8b54_1323-22,3,0,3,0.8895183999345413
2d01625b-b7c4-41aa-989b-2d0b392d8b54_195-58,1,1,3,0.7737657707945498
2d01625b-b7c4-41aa-989b-2d0b392d8b54_328-63,3,1,3,3.4743939025768813
2d13c92e-f43f-40f2-b603-cb749e5fee70_2243-41,2,1,0,2.553621595583457
2d1baacd-d82b-4e0c-9d85-b420fb9bde91_345-02,2,1,4,1.9770362622465985
2d1bf98e-a133-4f63-bc1d-91f718078a52_337-47,3,1,3,0.9471843349026274
2d76e155-dcae-4fdb-be83-a37f09e699a8_46-48,2,1,2,0.030082393944113273
2dbdd409-0be0-447c-8ae8-3f107fe9af80_1058-94,0,0,2,3.4061800745628767
2dbdd409-0be0-447c-8ae8-3f107fe9af80_1439-37,0,0,2,3.9432214902781695
2dbdd409-0be0-447c-8ae8-3f107fe9af80_1502-69,2,1,2,4.017586975450989
2dbdd409-0be0-447c-8ae8-3f107fe9af80_1626-43,2,1,2,1.1094585863327635
2dbdd409-0be0-447c-8ae8-3f107fe9af80_163-46,2,0,2,3.017173733158981
2dbdd409-0be0-447c-8ae8-3f107fe9af80_164-34,2,1,2,1.7010266590994199
2dbdd409-0be0-447c-8ae8-3f107fe9af80_1653-80,3,0,2,0.945979623286844
2dbdd409-0be0-447c-8ae8-3f107fe9af80_1697-32,2,0,2,3.0605127473682234
2dbdd409-0be0-447c-8ae8-3f107fe9af80_1764-16,0,0,2,-0.24016367246440162
2dbdd409-0be0-447c-8ae8-3f107fe9af80_1872-88,0,1,2,-0.1622644138743744
2dbdd409-0be0-447c-8ae8-3f107fe9af80_19-50,0,1,2,4.835652107928154
2dbdd409-0be0-447c-8ae8-3f107fe9af80_989-72,2,1,2,4.042723428059042
2dfec7b6-c8b0-4cd0-baf6-4a963aed1d6a_1092-32,0,1,1,3.4238978558440483
2dfec7b6-c8b0-4cd0-baf6-4a963aed1d6a_1906-66,0,1,1,3.4335605751417626
2dff68c2-6310-4763-8d39-05a1dbe40fda_501-39,2,0,2,1.443562066751262
2e04b2bb-e5d3-4f66-a16e-f7756e14e749_392-62,1,1,3,4.281408157156573
2eb4e516-9d71-4b68-847e-e1b0cb339b0a_684-96,3,0,4,-0.20730506279098182
2ebcbb25-b099-44fa-8e8d-94d574413db9_5599-48,0,0,3,1.1871373568842363
2ec3c123-0a04-46d7-97d5-8b85b5e6d06f_1372-45,1,0,1,0.7232971370519331
2ec3c123-0a04-46d7-97d5-8b85b5e6d06f_249-67,1,1,1,1.177523810554173
2ec3c123-0a04-46d7-97d5-8b85b5e6d06f_271-92,3,0,1,2.3900396709618805
2ec3c123-0a04-46d7-97d5-8b85b5e6d06f_432-01,2,1,1,0.4747884267484793
2efc9b47-0a23-4247-89a6-db46dae6c998_328-94,3,1,4,2.797091525907984
2efc9b47-0a23-4247-89a6-db46dae6c998_416-58,1,1,4,2.3928222561053145
3024e27a-237a-4b48-8ea9-b9b16181eaf1_310-08,3,0,0,1.532113428899249
3024e27a-237a-4b48-8ea9-b9b16181eaf1_49-89,3,0,0,1.5691456966539936
307b1878-875f-4703-bfe9-32d11d20853f_32-44,1,1,3,3.548000449945103
307b1878-875f-4703-bfe9-32d11d20853f_63-96,2,1,3,3.7479133384532326
307b1878-875f-4703-bfe9-32d11d20853f_94-03,0,1,3,1.90312300153199
3091004e-8606-417e-8bc2-7922f951845f_1921-59,2,1,1,1.8013976066097745
3091004e-8606-417e-8bc2-7922f951845f_73-46,1,1,1,1.1339020239371633
31254977-d873-4b22-ba1a-aca3fe028ba8_233-94,1,1,1,4.154981124416528
313cc9d1-c87f-44ec-9900-3ee8d75389be_148-43,0,1,0,1.1193808594583377
3178c414-453e-44e9-b192-67dba2ccc982_1088-81,2,1,2,3.6150296377173587
3178c414-453e-44e9-b192-67dba2ccc982_565-83,2,1,2,1.4351139014526948
31818126-5e0f-4b01-b532-1514587bceec_1514-30,1,0,0,3.7829533137206512
31bb1175-5459-4812-bb9e-f9300e2733f1_3549-55,1,0,0,0.98700769114013
31bb1175-5459-4812-bb9e-f9300e2733f1_3707-13,3,0,0,1.2939883111805572
324ec8a1-3bd1-46b6-9abb-a824e53c0879_1801-82,2,1,4,2.738856395075574
32c34069-0111-4d89-9e55-1c68f18705ad_8758-17,1,0,3,1.0711576113611616
330c1e0d-b71a-452e-8b68-fdb96fa8a6ca_1228-35,2,1,1,1.6817023519694931
342cb558-ab3e-4b04-8169-a68bbf06a448_1575-74,2,0,1,2.5261182085576337
343f8d57-6331-40f3-823c-2aee4d5cc10f_1162-80,3,0,2,-0.03003662854692779
343f8d57-6331-40f3-823c-2aee4d5cc10f_686-43,1,0,2,-1.4699435766545952
3455a3f3-1657-46bb-ae42-52d16ec5ffaa_4842-46,2,1,1,2.993722915579379
3455a3f3-1657-46bb-ae42-52d16ec5ffaa_6236-63,0,1,1,4.506535130145625
3455a3f3-1657-46bb-ae42-52d16ec5ffaa_959-38,2,1,1,-0.5624803928075525
34590a11-c136-4423-bdc4-c6a45221e546_565-25,1,1,3,0.26172131731272286
348180aa-c90b-463a-8b3f-0743469a8b59_3591-71,1,0,1,-0.2260148944256194
348180aa-c90b-463a-8b3f-0743469a8b59_5526-16,0,1,1,3.8940328392041135
348180aa-c90b-463a-8b3f-0743469a8b59_7126-75,3,0,1,-0.7335502040837893
348180aa-c90b-463a-8b3f-0743469a8b59_7135-61,0,1,1,2.0215222231794607
348f0f69-cd49-4c00-af91-f1765155e858_1084-90,1,1,0,0.4084889221951866
348f0f69-cd49-4c00-af91-f1765155e858_1127-21,0,1,0,0.3556450014586334
356661f5-767b-495d-95c7-03dcc46f85c6_1826-46,1,0,4,-1.6146107508689247
356661f5-767b-495d-95c7-03dcc46f85c6_1858-56,2,1,4,0.5366884435920578
356661f5-767b-495d-95c7-03dcc46f85c6_1860-68,1,0,4,2.7925461738687725
356dd07e-8165-494c-9be8-b82d314bf88d_895-74,2,1,2,0.38898845185390885
3588502f-e1c1-426c-81d6-6fac28e6c81a_531-41,2,0,1,1.2650916269802752
358b4617-283d-48df-bfd8-523cbb525b5d_227-18,1,0,4,0.11230183033468788
358e65ba-1ce0-46f6-a1b4-1c85569ef628_3143-38,2,1,3,-0.0572606651757499
35ab724d-5dba-4094-927b-e7bc5ad8cf41_56-56,1,0,2,3.871121928980795
35b1a8c7-80fd-402f-b240-768926b7bcee_285-73,1,1,0,1.6854496912505679
35b1a8c7-80fd-402f-b240-768926b7bcee_562-55,1,1,0,1.3323565537156286
35b37e37-6bb1-4131-be37-693e9b794a97_1345-02,2,0,0,0.42110918105900885
35d92405-7ebf-4e54-8b9a-7cce8af30a79_63-09,3,0,4,-0.8642754082103259
35e004f4-ad64-4835-9358-38a58b431252_2629-86,0,0,3,0.9664253171871526
3625b3d9-e323-4c05-a27a-aba79f01a5bd_18-58,2,0,2,-0.4145041837469603
3639ab8f-880a-45bd-b8a9-6ef6bdaad4ff_355-03,0,1,0,0.19476237155264897
366b71ad-3f35-4704-b6ef-e793c7e73ac6_1040-50,1,0,2,-0.37820173016697134
366b71ad-3f35-4704-b6ef-e793c7e73ac6_1178-68,2,1,2,0.25863087949719143
366b71ad-3f35-4704-b6ef-e793c7e73ac6_15-36,0,1,2,0.6632033371381734
366b71ad-3f35-4704-b6ef-e793c7e73ac6_41-78,2,0,2,2.0932988806707673
36baa5a9-16bf-4ad6-b011-4d7daae6b8f9_1264-03,2,0,1,1.7629106504217078
36baa5a9-16bf-4ad6-b011-4d7daae6b8f9_423-57,2,1,1,2.1271522309129547
36baa5a9-16bf-4ad6-b011-4d7daae6b8f9_641-91,4,1,1,1.4926124562658987
375ca7e7-1e3c-4159-9f7f-4691ef11f322_68-87,2,0,3,0.9848588260389874
375ca7e7-1e3c-4159-9f7f-4691ef11f322_70-62,3,0,3,1.3442567790792648
3761fbb4-3e0e-4b15-a277-fec95edacf04_1783-59,1,0,3,1.0040063590546402
3761fbb4-3e0e-4b15-a277-fec95edacf04_2287-87,1,1,3,2.069403775828193
3761fbb4-3e0e-4b15-a277-fec95edacf04_2288-64,3,1,3,2.658204491132121
3761fbb4-3e0e-4b15-a277-fec95edacf04_4702-37,3,1,3,1.576988151440808
378af037-7200-4d75-8f83-ddc74e1cd2dc_3193-87,4,1,3,1.792074891510655
378af037-7200-4d75-8f83-ddc74e1cd2dc_3511-24,3,1,3,3.419452945183385
381c4c64-a697-42ab-90ab-a515740bf484_1318-72,0,0,2,3.9195822302977845
381c4c64-a697-42ab-90ab-a515740bf484_578-95,3,0,2,0.3942483387931599
38737402-19bd-4689-9e74-3af391b15feb_1017-05,3,1,1,0.22908047172439894
38737402-19bd-4689-9e74-3af391b15feb_1338-80,2,0,1,0.1485092552004207
38737402-19bd-4689-9e74-3af391b15feb_1424-12,3,1,1,4.904104483961637
38737402-19bd-4689-9e74-3af391b15feb_650-15,1,1,1,5.110050022183412
38788778-0822-4c9c-b51e-5bce8a765a97_83-68,2,1,4,1.2933208997304628
38788778-0822-4c9c-b51e-5bce8a765a97_91-28,3,1,4,-0.36701248336808834
38a66acf-33c8-4ed5-b814-7322087b2e21_2113-44,2,1,3,0.5207458460215202
38a66acf-33c8-4ed5-b814-7322087b2e21_4267-76,3,1,3,5.384960982498338
38a66acf-33c8-4ed5-b814-7322087b2e21_835-53,0,0,3,2.526898970709659
38a7b760-56f9-4565-8b70-f8dad5768ace_296-28,3,0,2,1.0132880268552493
38a8d256-8d63-4f28-8837-ebd80dcd10e7_227-55,2,1,1,5.0619145700644514
38b56399-3b1c-421d-8a80-1e5f54fcd667_0-84,3,0,0,-0.5248516099106348
38b56399-3b1c-421d-8a80-1e5f54fcd667_806-77,3,1,0,0.8062505572131069
38b6d0fe-e317-47a1-8fa3-87e7a4a21183_375-27,1,1,1,2.4685404936698467
38b6d0fe-e317-47a1-8fa3-87e7a4a21183_80-19,0,1,1,2.736426951620313
39208fca-0c54-48e9-b4f3-b4803bb67661_3315-32,2,1,0,-1.1672821955252115
3925576b-6900-4112-8620-8739de771da9_2447-44,2,0,4,-0.010080309282892275
39a53568-d759-4f19-ac19-bc4ba29b5c17_726-07,1,1,3,0.0028234905198498694
39af7641-e376-4a99-977f-4d7f746e14ba_79-79,3,1,2,1.2140274032454699
39d0559a-d1e8-4fca-b7f4-db87bbbbde7e_857-69,2,0,0,4.097046708907811
39d1462e-506c-482b-9c9e-a94cffd71563_2316-87,2,1,3,3.482981311094863
3a53bfdc-daf7-4bbc-bb9f-af449021d237_1629-28,2,0,4,-1.9014329118493591
3a718f0f-a85e-4461-b5bc-94c5a8d300a8_648-56,2,0,3,0.4686581507718841
3a839ee1-2391-43bb-a253-c2c45d753bac_271-43,1,1,2,2.347737349141747
3a9a814d-222f-4712-97b4-a71d9f8b5a4a_277-20,3,0,1,1.177407316434226
3a9a814d-222f-4712-97b4-a71d9f8b5a4a_288-34,1,1,1,1.973473931653337
3ab744ba-9969-452c-a825-38affebd4139_13-22,2,0,2,2.7358697604819
3ab744ba-9969-452c-a825-38affebd4139_319-13,0,0,2,4.642012354849209
3ae05e5a-f724-41e8-9000-90b7dd31379b_288-48,2,1,1,-0.06396573058456456
3b021bad-6945-4be2-a7db-44af3db1eae8_2667-18,3,0,4,0.9053908922024032
3b342c9c-eb30-4cc6-8ced-53c4fb7b3a8d_290-89,3,1,0,1.9873676732690366
3b342c9c-eb30-4cc6-8ced-53c4fb7b3a8d_783-98,3,0,0,0.34936001223212876
3b3ecf0c-ee8d-4518-bf1c-3301ba44c743_226-48,1,1,0,4.512311212190293
3be8d10c-8e88-4f29-af13-6eab7b509ed8_7-19,3,1,2,0.9680530491588237
3c54ff87-27c0-4ab8-b934-4f0289221bff_279-60,2,0,3,2.8872757073154656
3c5841d6-8d79-4aa7-b020-bbb6ef114b42_402-54,1,0,3,1.3243339108338632
3c9b7fa8-5588-46a7-aafa-0a1404bfbbd7_1020-57,3,0,1,1.1780778563131316
3c9ce1b1-9eaa-4e3d-9ebb-91f9d904178e_1420-03,0,1,2,1.5381377387025117
3c9ce1b1-9eaa-4e3d-9ebb-91f9d904178e_2345-99,3,0,2,-0.41548572710114606
3c9ce1b1-9eaa-4e3d-9ebb-91f9d904178e_2453-52,2,1,2,3.231130476054047
3ce37765-7d70-4dd6-991c-a83286ba05b2_1423-56,0,1,0,3.6916126736858788
3ce37765-7d70-4dd6-991c-a83286ba05b2_1423-60,2,1,0,1.750049176676659
3d93c92c-8c12-4972-9f29-c8bef5c321ba_1742-89,1,0,1,4.772548237583082
3d93c92c-8c12-4972-9f29-c8bef5c321ba_832-45,3,1,1,2.7114441158424176
3d98a5d2-a34b-499e-98f2-9195f300394a_3004-17,1,0,2,5.745317924411892
3dbe950d-163c-40a4-9590-494748e1dd39_1644-63,1,0,4,1.9405753200092664
3dbe950d-163c-40a4-9590-494748e1dd39_6666-20,1,1,4,2.5864115084064885
3dd00666-a34d-4b45-bb4c-7a4c2342e475_1264-75,2,1,1,2.0042381764351687
3dd08c84-ee0a-4fa6-a859-98fd969ec720_1276-65,1,0,0,1.408298409156531
3dd08c84-ee0a-4fa6-a859-98fd969ec720_518-21,0,1,0,0.3130013496218369
3de48a49-665d-4c1b-9655-82532e108e6a_1393-69,0,1,1,2.5917713726410474
3de48a49-665d-4c1b-9655-82532e108e6a_1395-29,1,1,1,4.867676891527097
3decc0f8-9806-40dd-83d5-26c495dd7830_2268-25,0,1,2,1.9018087405961916
3decc0f8-9806-40dd-83d5-26c495dd7830_5147-61,1,0,2,4.460598317443469
3df50de7-7ef7-4938-9cdb-fb2d07751084_666-85,2,0,2,0.5319324932380274
3e418323-3ff7-4d03-9b60-275f1e20f5dc_315-49,3,0,3,2.900242560990954
3e418323-3ff7-4d03-9b60-275f1e20f5dc_589-19,3,1,3,1.4131066425203969
3ea1662a-6766-4bc9-8d42-9b48d4e8384c_132-89,1,1,1,0.08872189754670512
3efc152d-ea0e-4372-b552-7d5e1cf07259_14658-02,0,1,4,2.248676685661245
3efc152d-ea0e-4372-b552-7d5e1cf07259_6116-76,1,1,4,1.2292766670248623
3efc152d-ea0e-4372-b552-7d5e1cf07259_6416-63,0,1,4,3.2000677971394698
3f292ce2-fb0d-477e-b6b5-18c6ef38366e_2018-00,1,1,1,3.140359671724946
3f292ce2-fb0d-477e-b6b5-18c6ef38366e_889-07,0,1,1,0.6914250013406235
3f712a5b-c1cf-4f2a-b0ab-ca0e2e4f0e3c_1166-83,1,1,2,2.371416072448868
3f712a5b-c1cf-4f2a-b0ab-ca0e2e4f0e3c_119-87,1,1,2,1.0123930950569264
3f7f5927-02e7-42ea-a31a-edea41bc17f9_565-60,0,1,2,3.052616760687016
3f8dbb4f-ad5e-4d54-bf95-3ddbe968a85d_27-63,1,0,1,0.8453155974440382
3fb410d6-e5aa-49d3-b184-75ec9651550f_2226-52,3,1,0,4.4062153941011655
3ffb9247-a141-4056-a644-dd3fbab708a4_364-69,3,1,4,1.9077584534879286
3ffeedef-3088-4e70-a21d-3578f07546a2_2438-39,0,1,3,1.377809128327931
3ffeedef-3088-4e70-a21d-3578f07546a2_632-12,2,0,3,1.154448514539427
3fffb452-1c17-43fa-b473-c9e19ac21433_2774-23,3,1,3,0.7380972089937343
4065f62a-faae-4926-aee8-1d5bf73661a3_2321-27,2,0,0,2.8662559044376303
4065f62a-faae-4926-aee8-1d5bf73661a3_382-42,3,0,0,2.4250715914178365
406f3614-0b99-4b3f-b3cb-a4590bad9e27_288-93,1,0,4,3.700235447627021
406f3614-0b99-4b3f-b3cb-a4590bad9e27_811-10,0,1,4,0.5360309989260734
407df63f-c7a8-4c18-aa0f-b8e6ae16a938_620-12,3,1,1,3.1774524801646153
408acdc8-c286-482b-91ba-3fcda24fedc3_1554-86,1,1,0,2.5818501130882847
40b33c95-3689-4ec8-8765-7e926f623b75_1593-37,1,0,1,1.5845019156525804
40b33c95-3689-4ec8-8765-7e926f623b75_530-94,2,0,1,2.2748679022707265
40b33c95-3689-4ec8-8765-7e926f623b75_726-75,0,1,1,4.435062145940983
40f3258a-f7d8-4b05-8b6a-bd9f8d5b85fb_792-58,2,0,2,0.22435633778275577
41c32675-1cc9-47f2-82e5-5ef1eacb720b_92-49,2,0,2,2.071046311915617
41ebc581-9f9a-44d5-9c73-8bf287c43856_3353-58,3,0,3,7.13948222704623
4209376c-04be-47f0-b905-835fedde4cd0_5602-77,3,1,2,3.8821257701275753
421a0364-6ed6-4bd4-8db2-5de8e245c9bc_455-02,0,1,4,1.8892371523441611
421a0364-6ed6-4bd4-8db2-5de8e245c9bc_549-95,2,1,4,1.0687258852721515
42263a6a-e984-4dd9-82db-a43d6e879c8f_528-58,3,0,0,1.4382353689213632
42263a6a-e984-4dd9-82db-a43d6e879c8f_828-54,4,1,0,3.4121666021952475
426eb9d9-d4cf-4acc-9efb-979f61a5be91_785-24,0,1,2,1.3985261986184903
428a80ce-ccc8-46e3-9cbb-419d224f148a_1420-33,0,1,2,0.9136818771063051
428a80ce-ccc8-46e3-9cbb-419d224f148a_679-57,0,1,2,1.9529554590239113
42c08776-8832-4d37-8844-3ce89e405c62_1474-11,1,1,0,3.427595816639519
42d72164-8f4a-49e4-8b95-b3ad423ba65b_1273-76,0,0,0,1.1790445338353035
42d72164-8f4a-49e4-8b95-b3ad423ba65b_1368-26,1,1,0,1.7257318222881952
42d72164-8f4a-49e4-8b95-b3ad423ba65b_138-24,2,0,0,-1.7738848365054427
42d72164-8f4a-49e4-8b95-b3ad423ba65b_149-58,2,0,0,2.1232378944981036
42d72164-8f4a-49e4-8b95-b3ad423ba65b_1575-60,3,0,0,-0.03823078508589206
42d72164-8f4a-49e4-8b95-b3ad423ba65b_81-84,0,0,0,-0.3427725328732294
4335b0cc-e10c-45df-aad3-a1fa66b7a7a8_2029-73,1,0,4,2.714467938732917
434a5651-9901-4b32-b782-d9a2bb52e805_711-02,4,0,3,1.8052738844533809
439cfa9c-ef6b-41ba-aa5d-2f40b195b374_1380-00,3,1,2,2.41878469458356
43d83207-9c41-46aa-90c9-e30a6194be11_354-50,3,0,0,1.796031310629446
43da1507-f497-4393-85a0-08196c04e16b_2646-34,1,0,4,2.6763208417261115
44327c5e-9442-4334-b675-8019df3678af_2165-30,2,1,4,0.8409757865052925
444a032d-faef-447e-a5dd-c3c8386672b6_215-22,0,1,0,1.8770256334608886
4469a684-b4f9-4b50-a26f-2943f477a420_980-96,3,1,1,3.1884763530020477
449763d0-a924-40a4-8830-01e7028f9428_3059-66,1,0,1,0.9548485135933017
449763d0-a924-40a4-8830-01e7028f9428_3694-63,0,1,1,-0.05660565151345798
449e14cf-f05e-42ac-bb7e-0ba87617f95a_582-28,0,1,0,3.7920431058773225
44a65997-a52f-4e79-b4bf-cc1d74e39bc2_143-93,3,1,3,1.7880636712199856
44c5117d-fb5c-4fcf-b648-d7eb76d5f95a_1424-15,0,1,2,2.039535456002616
44c5117d-fb5c-4fcf-b648-d7eb76d5f95a_898-38,1,1,2,3.238867174820143
45c274b8-54e6-4187-9fd9-73c0b0ada28d_109-66,1,1,4,1.173352481565894
45c274b8-54e6-4187-9fd9-73c0b0ada28d_1281-25,0,1,4,4.289104662330233
45ed20a0-ba4b-41f2-9498-6084fc15d1e3_113-72,0,1,2,1.1039754727174287
45f5f3df-072e-4869-b332-cfc3652092b2_997-48,3,1,3,2.158746491284187
4651e5c2-4371-4af2-8f05-cb8b0b1ec7fd_233-33,1,1,0,1.841444718954574
46c3b557-dbda-4868-a9c8-43741d5815e1_288-99,0,0,4,2.564196405826264
470499d1-e015-4d45-a858-ca3e9566085e_2490-62,1,1,4,1.4398360614035777
470499d1-e015-4d45-a858-ca3e9566085e_2861-64,1,1,4,1.613822864193595
470499d1-e015-4d45-a858-ca3e9566085e_961-34,1,0,4,1.7461741778594508
4756ab70-a3dc-4855-b015-70fd744ea8e8_82-91,1,1,3,2.3501962290803284
4767de01-96e1-4cf4-80f4-1c9d3acd26ed_650-13,0,1,0,1.0764309851670937
4840195a-580a-44c9-b1de-4bbb792473b5_487-41,0,0,1,1.6991078497631484
48acd7ed-cafc-494b-9e47-8dddcdf0fa75_819-59,0,1,4,0.7891662037621312
48bd6bfb-1322-41b5-9641-20a647976ea8_10-49,1,0,4,4.588008609478415
48bd6bfb-1322-41b5-9641-20a647976ea8_261-42,0,0,4,1.9566940168956235
48d7d009-425f-4d1a-a6a9-a4742bd0d9fe_2349-91,0,1,0,2.532722896262837
48d7d009-425f-4d1a-a6a9-a4742bd0d9fe_2561-43,2,1,0,4.112155717343487
48d7d009-425f-4d1a-a6a9-a4742bd0d9fe_30-60,0,1,0,3.1425712031961437
490b4f30-9bb5-4bf2-966b-13d509b5709b_1247-51,2,1,1,0.29983584139270125
4930cced-9b84-464e-88ce-3990188efed6_1781-50,1,1,3,1.5020372846373333
493dbd4d-bfc7-4086-b4ee-f3d081c34697_864-22,3,0,3,2.2895810850098544
49925bc0-d1f2-4623-891f-147641b0e94f_1165-19,3,0,2,0.7014804607160556
49b14463-2172-4b0e-ad13-fdf9383e9a77_284-00,2,1,4,1.0347293946262177
49b14463-2172-4b0e-ad13-fdf9383e9a77_426-72,1,1,4,1.3368595854632084
49f87e0a-cc34-447e-87ba-209e430aafb0_2852-27,0,1,2,1.4328114599273196
49f87e0a-cc34-447e-87ba-209e430aafb0_4558-50,1,0,2,2.622562532955145
4ac57aee-4ac0-457e-b9de-9419056e4bbd_295-55,0,1,1,0.9066186100290862
4b5de875-cc82-494e-b768-8ac0ae3bb279_1405-68,2,0,3,0.29385289760155753
4b5de875-cc82-494e-b768-8ac0ae3bb279_668-27,3,0,3,-1.3210461342266524
4b5de875-cc82-494e-b768-8ac0ae3bb279_930-87,3,0,3,0.23905682940180295
4b5de875-cc82-494e-b768-8ac0ae3bb279_997-77,1,0,3,1.827140779297359
4bd37cff-a43b-4843-b0ff-06ecfe00017e_258-98,0,0,3,1.8199431453788075
4bd37cff-a43b-4843-b0ff-06ecfe00017e_270-00,3,0,3,3.7932770636606112
4bea2a96-1f1f-4149-8447-766553bbba22_1364-79,3,1,0,1.8410712599618557
4bea2a96-1f1f-4149-8447-766553bbba22_1922-01,0,1,0,2.6316344122260515
4bf46557-3c5a-4a89-840d-158403590c9f_1472-48,0,1,3,1.3811611443269554
4bf46557-3c5a-4a89-840d-158403590c9f_3598-37,2,0,3,2.0380286970818986
4bf46557-3c5a-4a89-840d-158403590c9f_3687-37,2,1,3,1.255721580907304
4c53aaac-76f0-4874-ab1c-738286b9698e_727-03,2,0,2,0.2333327088133983
4c53aaac-76f0-4874-ab1c-738286b9698e_902-84,1,0,2,0.5976910062915415
4c642620-db0e-4096-9ece-2b2c6fdb47b0_3829-12,0,1,4,-0.13298042903030072
4c64e0d9-72f4-427f-995d-112ef1a2b7a1_210-26,1,1,0,0.8473423638418378
4c6f009a-f0ca-4557-8723-4111761e0a9a_879-68,1,0,2,2.27240140704618
4c70179a-f411-4f81-b44d-cfe34b8f9180_356-35,3,1,2,-1.4689452796087912
4c70179a-f411-4f81-b44d-cfe34b8f9180_551-50,1,0,2,0.13219435878449048
4c70179a-f411-4f81-b44d-cfe34b8f9180_800-64,2,1,2,1.9598772908029087
4c9777fc-1997-4dc8-a2d2-ea59c50b32f4_573-78,0,1,1,0.4106957251313138
4ca97ff8-bc2a-462b-b4c9-b1a878564bea_94-99,0,0,2,3.2871737655707696
4cd086c9-e7d4-4cb9-bdfe-9e55830cf52e_3435-93,2,1,0,4.47563785535093
4d1b11b2-e53a-40a5-a3a5-2b2441c60e17_621-95,1,1,1,3.786370907909345
4d24d57d-96ba-4ea1-9542-ee0520d20d3e_1879-56,1,1,1,2.430900204433073
4d45174a-6a77-48cd-a8f2-9b93e2d47f07_0-01,3,0,0,-0.0576594380611124
4d45174a-6a77-48cd-a8f2-9b93e2d47f07_604-84,1,0,0,1.144089624748945
4d45174a-6a77-48cd-a8f2-9b93e2d47f07_653-18,2,0,0,1.6026142284601252
4d63c029-fd1d-48f2-9f61-7246bb9ef6fc_2979-35,0,0,1,3.9383498732539355
4d76c2c7-c6a2-46a6-bc94-0033c629f040_291-37,0,1,4,4.8918685689482935
4d89d233-dbcf-4ea2-a90f-9a2c3b42d1d5_442-41,1,1,4,-0.17579582900001234
4dc1caff-6353-4a05-9382-92031b25f783_279-42,0,0,3,2.164745537716256
4de25e28-5a34-4fbe-bc83-200d513b4d9a_1123-59,2,1,2,3.957551811695481
4efdd63d-515c-401a-a5b0-e2c84cbee0e6_2722-42,3,1,1,1.6584776614575003
4efdd63d-515c-401a-a5b0-e2c84cbee0e6_4175-60,0,0,1,2.3646068109162792
4f549225-e82e-4294-9379-4891e47725c7_1121-97,3,1,0,1.5192155676855685
4f549225-e82e-4294-9379-4891e47725c7_299-04,0,1,0,2.564132671284937
4f549225-e82e-4294-9379-4891e47725c7_982-80,0,1,0,2.303777072213056
4f80ac6f-b78f-441b-b80d-fa8dd10756c4_471-91,3,1,1,1.0477145139517985
4fde0689-6bc3-49d4-8d54-bf4cfe0ad287_403-70,3,1,3,-0.9334914943227322
4ff2e551-1ccb-44ce-8b68-09666397f681_554-17,2,1,4,2.495297293881584
500be78a-0a13-44c5-8bc6-bafaa9b94354_17-35,3,1,0,0.5496004630304221
501d1e55-968d-4c10-9d29-e0f4bee907a0_654-33,1,1,3,0.6733399114646927
502debb3-c5f1-4dba-b2d4-b191d40da77a_5606-91,1,0,4,1.6675397768306068
508cf068-6523-4368-a6b1-76ba538f1fc9_1359-08,0,0,1,3.942335216640558
50c1df1c-e016-472a-b0ac-d297b0c82e87_3264-37,1,0,2,0.4009543466579799
50f31d76-6f29-4f80-b654-9437a0113bf5_2211-90,0,0,4,-0.40792567506884914
51364391-163c-484c-8de5-122abb5898de_1080-80,3,1,1,3.5546124072926055
51364391-163c-484c-8de5-122abb5898de_1357-07,3,0,1,1.8664988571386507
51364391-163c-484c-8de5-122abb5898de_1359-23,2,0,1,0.8902801429346646
513f572f-6d1c-4a8a-8b57-9c1d0aa363f7_1015-09,3,1,3,-0.3529199601195576
513f572f-6d1c-4a8a-8b57-9c1d0aa363f7_843-40,3,1,3,2.47187817732285
513f572f-6d1c-4a8a-8b57-9c1d0aa363f7_969-20,2,0,3,4.701543303683264
516ba1f4-5cfd-4dd7-b4b6-a4c0605d1281_1838-55,0,1,2,1.9898536077903006
5181422f-0b2c-4a39-af52-b2ca683e5451_1147-87,2,0,1,1.6203867947470325
5185ad85-6751-481e-8b28-2d93d2e20770_961-05,1,0,3,0.6016796525947512
5185ad85-6751-481e-8b28-2d93d2e20770_964-94,0,1,3,-1.8529442637829914
520374ca-09f9-4716-8176-dd289ea7baa9_540-00,0,0,0,0.6944182936063199
520374ca-09f9-4716-8176-dd289ea7baa9_659-75,0,1,0,2.84978159076178
526675a3-acea-4d5b-b5c9-ccb1b89f6e58_421-44,2,1,1,0.6969428171095463
52c312b2-b47d-498d-a368-20db6a8bc879_1510-20,0,0,0,0.4810376409823982
5300d3f7-0674-4e08-bf1d-47b8c38a2842_39-70,2,0,1,0.5649323185451608
5315437a-2530-47e5-a0e4-4ac656c7cfa4_570-57,0,0,2,2.2768829113060978
5318b45a-f8be-4ab2-a807-564d734527fb_1369-45,1,1,3,3.5401444206955976
53bab63b-b6fa-494c-9dc7-c3fe61f234de_999-56,1,0,0,1.861753681434123
53e92e25-fe03-4311-9a17-c4f6a29ccad1_1365-15,0,1,0,1.5712048774588234
53e92e25-fe03-4311-9a17-c4f6a29ccad1_3512-58,2,0,0,1.3333171418197993
53e92e25-fe03-4311-9a17-c4f6a29ccad1_983-79,2,1,0,1.5009586508811659
54a421d2-763e-4751-a6b4-54e3d6c46cc1_1143-22,4,0,4,4.5814466157304885
54a421d2-763e-4751-a6b4-54e3d6c46cc1_1361-15,3,1,4,0.39895644863196433
54a421d2-763e-4751-a6b4-54e3d6c46cc1_1458-60,3,0,4,1.5051692418781843
54a421d2-763e-4751-a6b4-54e3d6c46cc1_1553-16,0,1,4,-0.1085958760416621
54a421d2-763e-4751-a6b4-54e3d6c46cc1_242-12,0,0,4,2.0108740516757866
54a421d2-763e-4751-a6b4-54e3d6c46cc1_676-59,3,1,4,4.018386548689686
54a421d2-763e-4751-a6b4-54e3d6c46cc1_692-41,2,0,4,1.1340433967946464
54a421d2-763e-4751-a6b4-54e3d6c46cc1_715-92,2,1,4,3.746824755116479
54adfe07-dcc1-4c3f-90a2-ac93ea7ff6df_173-06,4,0,4,5.08213532851988
54adfe07-dcc1-4c3f-90a2-ac93ea7ff6df_76-91,3,0,4,1.786127506034996
555ff1a5-c30b-434c-a251-b5105cdc1fb9_1647-31,1,0,2,-0.2318190869685035
55ef5db5-af7c-4ccd-9c7d-a4d415e195b7_753-73,2,1,3,1.8754368535510597
55ef5db5-af7c-4ccd-9c7d-a4d415e195b7_857-01,1,1,3,2.1308291169220346
5605bd9a-d151-4d5b-b0f6-cfc28ae6937e_2980-56,2,1,2,0.38578338679200885
5605bd9a-d151-4d5b-b0f6-cfc28ae6937e_3534-55,3,1,2,1.7104251410328548
5605bd9a-d151-4d5b-b0f6-cfc28ae6937e_4053-60,2,0,2,1.5298119596442235
5605bd9a-d151-4d5b-b0f6-cfc28ae6937e_457-07,0,1,2,0.3960166191110135
5605bd9a-d151-4d5b-b0f6-cfc28ae6937e_709-52,0,0,2,0.9475083886040545
5605bd9a-d151-4d5b-b0f6-cfc28ae6937e_999-27,3,0,2,3.3262991162866333
564c0350-9fbf-4659-b310-a929fa3c82e4_555-36,3,1,1,2.8368561282824167
56504e4e-a228-4b28-baa4-1ce2de03c2d4_1630-93,0,0,2,0.5608435503388616
56c5fea0-73fb-4239-b740-1faf19e75e6f_1246-35,1,1,0,1.0746717278050635
56da7a14-f3fe-4dd9-9acb-92917603f42c_469-73,0,0,3,-0.491081945426336
56da7a14-f3fe-4dd9-9acb-92917603f42c_521-16,2,0,3,-1.064084932861251
570fc280-231c-4a3e-99c2-12eefed1c122_925-58,0,0,0,2.3196848031609916
57467033-41ad-48f8-bc45-26f0b92a1b48_681-96,1,0,3,3.709368328858704
57ac6d7c-d317-4f85-aab1-d95ecaaacd5b_290-69,2,1,1,3.340596145775482
57e88d87-257e-434d-953e-6025367e99fe_446-64,0,0,4,-0.6974297308474506
57e88d87-257e-434d-953e-6025367e99fe_448-77,0,0,4,-0.42938730557340166
5826d5ed-1456-443f-b333-202bb216a31d_1637-74,0,0,3,1.3538311205719276
583dc873-0ccd-4d04-bb56-4d403ab28e85_218-71,1,1,0,2.735333326038843
584f625d-15b0-49e8-bfa6-718b9cf010e0_834-78,0,1,2,0.37529774418649153
584fd34c-9bd5-44fd-8266-9d3161d8c790_3302-91,0,1,3,3.37538733870266
596760c3-b1d6-453c-916c-ecbc30ab1c5d_1349-91,2,1,1,2.1425794862428944
596760c3-b1d6-453c-916c-ecbc30ab1c5d_1392-89,2,0,1,-0.7766406208183153
596760c3-b1d6-453c-916c-ecbc30ab1c5d_1448-53,0,0,1,2.0824261379483207
59764b58-1523-48b3-88d2-9fc07880e597_1504-77,2,0,2,2.417008937193189
59857657-5cb1-4268-9c8f-ab6cb3c3ad3b_5306-98,2,1,4,1.5515720676861646
59857657-5cb1-4268-9c8f-ab6cb3c3ad3b_5438-01,3,1,4,2.7650559399473336
59857657-5cb1-4268-9c8f-ab6cb3c3ad3b_9450-00,1,1,4,-0.4208854083596869
59857657-5cb1-4268-9c8f-ab6cb3c3ad3b_979-26,2,1,4,1.6083420410087508
59976b3b-2328-47f2-a7b3-6f982497ed65_622-81,3,1,4,2.428560934603026
5a009b9f-fed2-45a8-8006-b59b655334d1_50-58,0,0,0,2.2486770589176484
5a9ca82c-bb33-4f05-9e08-efd614269566_1201-43,0,0,1,1.71978605522844
5aa01f1b-351d-428b-a1be-1f2edaff6a0c_693-84,2,1,0,2.4270231922908776
5aa8f84b-aea8-4e40-b710-82b93875e1ae_422-21,2,0,4,0.4776944859747305
5ab334f2-ecc8-4a05-96f8-4320225379b2_1773-43,0,1,3,0.381359522896608
5ab334f2-ecc8-4a05-96f8-4320225379b2_214-77,2,1,3,1.4835592450859925
5ab334f2-ecc8-4a05-96f8-4320225379b2_70-12,1,1,3,2.114280439888339
5ab334f2-ecc8-4a05-96f8-4320225379b2_879-22,1,1,3,2.9953018748350897
5ab334f2-ecc8-4a05-96f8-4320225379b2_905-78,3,1,3,2.483832965244613
5b0225e8-b81b-42fe-aa08-b0732b46c8bd_1082-56,0,1,0,2.7941124569745943
5b0225e8-b81b-42fe-aa08-b0732b46c8bd_1130-00,3,1,0,2.8992858652708264
5b0225e8-b81b-42fe-aa08-b0732b46c8bd_1130-47,3,1,0,3.3926325209264077
5b0225e8-b81b-42fe-aa08-b0732b46c8bd_1131-66,1,1,0,1.2761427409854729
5b0225e8-b81b-42fe-aa08-b0732b46c8bd_381-48,3,0,0,1.9962758285360314
5b0c9075-f81d-488c-9862-c9c3b9ca27b5_843-40,2,0,0,0.6349676498075258
5b329676-c4f5-49a7-9999-fa3884190b1e_91-50,3,0,3,1.297314479891258
5c172db2-eca2-4f9a-8963-b2111123fef2_81-63,3,1,0,0.15193796004287186
5c3be03c-07a5-4427-a2fe-449f16e8017b_787-88,0,0,3,0.9232965295789537
5c9b85ea-24a9-4bfd-8ac2-4ca6f9090231_3247-42,1,0,3,1.9144509904691493
5c9b85ea-24a9-4bfd-8ac2-4ca6f9090231_3510-00,0,0,3,1.4316295652281252
5c9b85ea-24a9-4bfd-8ac2-4ca6f9090231_4576-22,3,1,3,-0.4124057639025871
5cab806a-3794-4578-94f2-33c3093151d1_391-05,0,0,2,-0.5943821123266144
5cab806a-3794-4578-94f2-33c3093151d1_433-69,2,1,2,-0.5095747529729715
5cab806a-3794-4578-94f2-33c3093151d1_546-82,3,1,2,1.1562950964454777
5cee04cd-4adb-4a12-a476-1ba1db44865c_1289-65,1,1,0,0.15745905779729763
5cf98bc1-012f-482d-86ee-9337d8747dce_1374-50,1,0,1,0.36933952958290306
5cf98bc1-012f-482d-86ee-9337d8747dce_2305-61,1,1,1,1.4648469868359952
5cff48d5-d4e3-465f-8302-64cd493aba53_0-01,2,1,3,1.6042250921475216
5cff48d5-d4e3-465f-8302-64cd493aba53_399-10,1,0,3,-0.3872524417523362
5d00d9ae-e932-42d5-8eee-ed24f83c8661_0-06,1,1,2,2.703094285517297
5d090853-467e-4f95-9f9e-ac0582023111_504-40,2,1,0,5.402524069283392
5d8dfcfe-93e4-465e-a548-44c1442ffa29_291-14,1,1,1,3.361262523530737
5dac9d4b-1ac8-468b-a51b-8b7e0dbe554b_1086-76,2,1,1,2.5747472943845535
5dde766e-e93a-4d48-b3c7-96774f24d39d_560-47,2,1,3,0.5737743541014868
5e193b30-3e79-4851-801b-dab99125cd44_2971-00,2,1,3,1.870743874304694
5e193b30-3e79-4851-801b-dab99125cd44_3348-61,0,1,3,3.82250300011486
5e7a6a04-70d3-4ce5-82ff-971ca6478328_1045-51,0,0,1,1.3302618228955745
5e7dbc32-08e0-4266-9bd3-27c412d1af7c_182-45,0,1,3,0.2698440046340336
5e97e33c-b3ca-48b2-9e7e-069fe39199fb_1921-41,2,0,0,0.16130898803676041
5e97e33c-b3ca-48b2-9e7e-069fe39199fb_509-89,0,0,0,0.9445701910367192
5ead8e7c-2600-44b1-afd6-b82cb5f7b9ce_119-97,3,1,0,1.604753761471794
5ead8e7c-2600-44b1-afd6-b82cb5f7b9ce_195-55,0,1,0,0.8650160771705326
5ead8e7c-2600-44b1-afd6-b82cb5f7b9ce_3241-48,2,0,0,2.0872088648637286
5ead8e7c-2600-44b1-afd6-b82cb5f7b9ce_567-35,1,1,0,1.129001421482435
5ead8e7c-2600-44b1-afd6-b82cb5f7b9ce_568-30,1,0,0,-0.5175240493505824
5ed59c41-af9e-4368-a0ce-30d536d34895_1493-26,0,0,4,3.148822024061606
5ed59c41-af9e-4368-a0ce-30d536d34895_1575-15,2,1,4,1.6063632417174298
5ed59c41-af9e-4368-a0ce-30d536d34895_494-33,0,1,4,0.6165942984590946
5f0ed597-4f1e-4075-81dc-64a3c0bb81f3_3-80,3,1,0,1.6858127998395938
5f26c69f-6f1c-4041-a81f-3c4808e0a385_1353-30,2,0,1,1.735758078535898
5f26c69f-6f1c-4041-a81f-3c4808e0a385_151-47,2,0,1,1.9059965674537462
5f26c69f-6f1c-4041-a81f-3c4808e0a385_156-09,2,0,1,7.1848089711047205
5f2d9e8b-6e0b-4e36-9f5b-d26bbe0a7c7c_1129-51,2,1,2,-0.4242912132903085
600e392c-4be6-4b8b-bef8-e789ce3d8915_2298-42,2,0,1,0.0498408286769908
600e392c-4be6-4b8b-bef8-e789ce3d8915_3230-09,0,0,1,3.4976186266537335
600e392c-4be6-4b8b-bef8-e789ce3d8915_6486-35,3,0,1,1.2951049737731823
600e392c-4be6-4b8b-bef8-e789ce3d8915_7199-73,0,0,1,0.4315245604145709
60209262-ab8e-4214-a8dd-4764a9a4b26d_842-54,0,1,2,1.0846756739327883
606a91df-fc77-444e-988d-e0178c83c586_342-58,1,0,1,1.3606665567859935
6070d9d1-9962-49f3-8ac7-4e29ca07e104_164-20,3,1,2,-0.7942097369135752
6070d9d1-9962-49f3-8ac7-4e29ca07e104_284-21,0,0,2,2.8427274647673517
608f2b9c-d004-42db-9f0c-e89b203dfb01_8-92,0,1,0,0.8969820988777171
615c5cd1-1dab-4667-94ce-30bfe52e7cd4_821-72,1,0,4,1.8930835712859178
615edb9e-bfc7-4080-afb3-d29e98ce2216_816-65,0,0,3,1.7444439222534531
61da558c-b125-4e65-a8a6-28f0eae34c1a_156-26,0,1,2,3.3251889940777666
620d3087-c6fb-4b08-bb6a-4dc4ede3b994_1607-58,1,0,0,3.321496127723896
620d3087-c6fb-4b08-bb6a-4dc4ede3b994_232-40,2,0,0,0.40646041673762645
620d3087-c6fb-4b08-bb6a-4dc4ede3b994_2651-56,2,0,0,1.1493957138125575
620d3087-c6fb-4b08-bb6a-4dc4ede3b994_432-70,0,0,0,0.6102892208521853
62103d3d-d89d-4f54-a766-1beb22eb994b_179-41,1,0,1,2.6958769842415107
62103d3d-d89d-4f54-a766-1beb22eb994b_617-19,2,1,1,1.1730635814309212
622ab8aa-21f8-4ad0-99c3-7f4876850df7_193-96,1,1,1,1.7500061677578955
6243586b-a8df-4c37-95f8-da7f4f5d57d6_513-82,2,0,3,2.548802922909896
6243586b-a8df-4c37-95f8-da7f4f5d57d6_868-79,1,0,3,-0.12950123828169202
624a6c0a-a4cb-4073-b501-48e4b6b679e4_1095-75,1,0,1,3.0433787531780725
624a6c0a-a4cb-4073-b501-48e4b6b679e4_1105-28,1,1,1,1.3129609928101464
624a6c0a-a4cb-4073-b501-48e4b6b679e4_1105-63,1,0,1,0.4340652623260929
62abef54-29ef-43ec-ba1d-43496d986e89_2257-41,0,1,0,2.1965885097529254
62baa1d3-a742-4d3d-a978-537a7988e13e_1461-40,3,0,4,0.2575791314461904
62e3b74a-01ad-4824-aace-5cc12ebd2c47_228-93,1,0,3,0.8265674124901743
6306375a-1533-4f3c-843b-0cd51b4bf449_1-23,1,0,1,-0.3449066417259189
6322a6f2-f271-4335-bf46-d428a5a58298_0-02,3,0,0,2.0850269562726957
635cb327-1636-4fbc-a9ca-5a7adfc34b2e_0-40,1,1,0,0.9775901311638548
6395f964-0122-4f16-b036-337c28488504_1626-75,1,0,4,1.5723605106683485
63d56e4c-e454-48c2-a8f2-5bc2c34622ca_1218-51,1,1,4,1.0896512676822943
63d56e4c-e454-48c2-a8f2-5bc2c34622ca_172-69,1,1,4,0.9579680578989638
63d56e4c-e454-48c2-a8f2-5bc2c34622ca_903-77,1,1,4,-0.4094648470089506
63e9e643-25c5-435d-b6f0-0aab1af76e68_28-98,2,1,3,2.3189022871403275
64049385-6855-4eed-8b3c-ce3e8d704008_1157-10,3,1,2,-0.8386999201973142
64747fa7-c7b9-46fc-ac9d-ea9a514d91df_73-27,2,0,1,3.266934992637781
64792a03-b8ea-4fdc-96d8-1e1199b73658_1352-24,0,0,0,-1.1827502668889365
64ec6de1-0e86-49de-889c-4a0fdcba6658_808-22,0,0,4,0.20563796116815602
652f0590-aab5-4de1-b578-238adb54fa0e_3914-88,2,0,3,1.1384921536732668
65d6d7a3-11f7-4472-82b9-527ca04fe25b_1274-77,0,0,4,3.237036002652877
65d6d7a3-11f7-4472-82b9-527ca04fe25b_633-02,0,1,4,2.3005708100926814
65f4949e-e8fe-4b77-972e-35d368ca546a_1165-75,2,0,2,1.357532605917121
6639f53c-701d-4fe7-adcd-55d040ce8afe_0-03,0,0,1,0.6264296663445558
668962c9-ecae-4b8f-bdc1-a6aeab093d88_1261-54,0,0,1,1.7213584074193662
668962c9-ecae-4b8f-bdc1-a6aeab093d88_1333-29,3,1,1,0.7888792063966182
668962c9-ecae-4b8f-bdc1-a6aeab093d88_811-44,2,0,1,0.018445425234111634
66bf8281-f77c-4e37-b9a8-5f2aabf73ef9_943-34,2,1,3,2.0008339732447795
67a8114b-7f37-443d-8beb-64886095f935_184-82,2,0,0,1.2333877807933618
67a8114b-7f37-443d-8beb-64886095f935_636-28,1,0,0,0.21611195077503287
67a8114b-7f37-443d-8beb-64886095f935_797-83,0,0,0,1.6545895565816051
67b78a5b-ab72-4483-95c4-33e837013e93_2874-42,3,1,2,2.3241649347737185
67bc312a-3b49-4847-aa79-63ad7d3e4217_303-11,1,0,3,1.1427745054525413
67bc312a-3b49-4847-aa79-63ad7d3e4217_537-95,0,0,3,1.3132011118469147
67bc312a-3b49-4847-aa79-63ad7d3e4217_554-07,2,1,3,3.3169122995194766
68134357-62e5-4f0b-8300-2e661763aeb5_374-98,3,1,4,0.7534454753065725
68134357-62e5-4f0b-8300-2e661763aeb5_389-26,0,0,4,0.680944493433121
68150eb1-47cd-4617-953a-0afdf67b2adb_2839-25,0,0,4,1.3432506051102406
68a03b86-201f-4935-9847-f2753905f298_1057-96,0,0,3,0.6688992678077392
69190e7c-457f-489d-9071-c2a9185e4853_144-34,1,0,3,-1.3239941222702414
69366f34-43c0-4d11-bec4-3c1c945cbfd4_4408-78,3,1,2,2.524325329370578
6956cb48-951c-4607-a42b-a66de2c186be_292-00,2,0,2,-1.7919590563912113
6956cb48-951c-4607-a42b-a66de2c186be_59-73,1,1,2,0.5645250105383524
695cefe9-04c0-42fb-80fc-d308b314b788_1-28,0,1,0,1.0891610151223803
695cefe9-04c0-42fb-80fc-d308b314b788_303-92,1,1,0,0.6030937550693449
695cefe9-04c0-42fb-80fc-d308b314b788_330-48,0,1,0,2.1939201096368928
695cefe9-04c0-42fb-80fc-d308b314b788_437-09,1,1,0,2.837238340966998
695cefe9-04c0-42fb-80fc-d308b314b788_443-90,3,0,0,1.14644350827987
695cefe9-04c0-42fb-80fc-d308b314b788_662-96,2,1,0,1.2749635838585076
695cefe9-04c0-42fb-80fc-d308b314b788_68-11,1,1,0,1.5653195186189401
695cefe9-04c0-42fb-80fc-d308b314b788_789-70,0,0,0,2.2158155029134967
6989df0e-b8da-48a4-bc69-b01f6f8aef1a_378-59,2,1,1,1.2930306660325437
699b47de-9fc5-4b98-ba35-ecf79886a8db_1850-50,1,0,3,1.6421374220844562
699b47de-9fc5-4b98-ba35-ecf79886a8db_782-75,1,1,3,1.9485054129333768
69ae6e65-a60b-46b0-b256-9d1aeaf34b0a_3951-27,2,0,0,2.37464787872055
69c7d261-18f8-4a1d-9f56-6b4e8eac4d23_601-00,3,0,4,0.481017020106693
69f1101f-cb9e-4ad1-8fe6-ed840e5bcf9b_1263-46,0,0,1,1.1132893004781756
69f1101f-cb9e-4ad1-8fe6-ed840e5bcf9b_1350-51,2,1,1,2.2399939016082913
6a793116-6fc3-4706-9bbb-8ba2088ec8db_746-34,3,0,3,-1.1588117347816254
6a847d75-e20f-409d-8b91-77ada97d8fb9_1499-90,2,1,4,1.2459607121137293
6a847d75-e20f-409d-8b91-77ada97d8fb9_1545-09,3,0,4,-0.14044934290118083
6a847d75-e20f-409d-8b91-77ada97d8fb9_1582-87,1,1,4,0.5894452703949506
6a847d75-e20f-409d-8b91-77ada97d8fb9_168-24,0,0,4,3.762932309392615
6a847d75-e20f-409d-8b91-77ada97d8fb9_1826-29,3,0,4,0.47675167695308684
6aa13fb1-5440-424e-a021-06a2da215e63_165-83,0,0,4,-0.004821251717513908
6aa13fb1-5440-424e-a021-06a2da215e63_273-88,1,1,4,1.7202283628965056
6ac035af-4851-4afb-af6c-c00edb7bdbe6_768-70,3,1,3,1.2367936714641847
6ac035af-4851-4afb-af6c-c00edb7bdbe6_801-00,0,0,3,2.857466438566225
6af6234f-abfe-48ac-9dde-399f25d9cb43_931-51,0,0,2,0.5736543805525611
6b6fde45-51e9-4c60-8305-27e45883ee7b_270-11,1,1,1,2.860846290103491
6b7e79ad-68c1-4637-a2d1-d7b8f92ac8a4_166-07,0,1,0,1.942015600267555
6b7fc6db-e979-43a0-b61f-7dced89d423d_168-56,1,1,2,-0.8727511662661052
6b7fc6db-e979-43a0-b61f-7dced89d423d_229-56,0,1,2,-0.4821552614661073
6b7fc6db-e979-43a0-b61f-7dced89d423d_347-96,1,0,2,3.090648850769978
6ba5f052-a1cd-46ba-83f2-1be480387020_599-71,1,0,4,0.08880671102537252
6baa673a-0cc6-4da2-a481-877de0d2faa5_1148-60,3,1,2,0.4302147455559744
6c0ca07f-6bb2-4db4-a0c3-5926726493fc_124-14,3,0,3,-0.24601887090326513
6c0ca07f-6bb2-4db4-a0c3-5926726493fc_1648-38,2,1,3,0.5163305397382487
6c0ca07f-6bb2-4db4-a0c3-5926726493fc_272-36,2,0,3,2.560099482725802
6c1c5527-30a4-421f-bb78-906adffa7c46_357-45,1,0,1,0.7182627839335202
6cd8942a-866f-46ef-af6d-5d895723f439_1831-82,0,0,1,1.6426044008844878
6d14a0fe-6fd1-4c6b-aaec-a7c38dcd7294_661-60,1,0,0,4.303636925942571
6e0c294c-d634-4804-8d41-cd6e9d79f0b9_1656-45,0,0,2,3.2975508895579937
6e0c294c-d634-4804-8d41-cd6e9d79f0b9_384-20,0,0,2,2.4830214320305464
6e330145-3fe9-44f7-8f84-801717da9ea2_766-46,1,0,4,1.566808719656134
6e4baf27-2090-4a90-816b-a35a0aff0e56_1023-43,3,1,2,1.6755788951841557
6e4baf27-2090-4a90-816b-a35a0aff0e56_1099-34,1,0,2,1.2083364928884393
6e68d2f9-6d37-4317-a3eb-9541321d558e_2271-24,0,0,0,1.0282802605886772
6e68d2f9-6d37-4317-a3eb-9541321d558e_977-72,2,1,0,0.7439320209158775
6edb5c87-ae95-4185-807f-06d37124d2b7_659-31,3,0,3,-1.5720216536840212
6ef5aab3-db5f-4fdb-9c39-b37bd497e7d8_638-66,2,0,2,4.660269313098968
6ef7f9c0-30eb-4280-acc1-55f22f6e2924_2998-83,0,0,1,-0.31735062994541774
6f27deaa-7133-4bbb-b9ed-5310d6d05a50_336-16,2,0,3,1.2291813164153482
6f27deaa-7133-4bbb-b9ed-5310d6d05a50_549-73,4,1,3,1.0319598941534036
6f37694e-26b8-4dc6-9942-567e1e912cda_452-75,3,0,0,1.3947467010375403
6f7f3410-1e20-4eb2-b7b0-088c1500054b_299-75,0,0,4,3.35710376917792
6f93978d-a3d0-467d-b401-e23b3c92f3bf_5298-67,3,1,4,0.24883145518977057
6f93978d-a3d0-467d-b401-e23b3c92f3bf_5299-41,0,0,4,0.15924030995764427
6fc30ceb-ace8-49f8-8244-71f14c6d773c_936-70,1,0,3,1.6292861002639873
6fd026d8-b68c-46bc-93de-ccfa08809a9d_603-53,2,0,2,3.0625471228146504
6fd90f8d-7a4d-425d-a812-3268db0b0342_1001-51,2,0,0,0.38858889035646027
706de1df-babc-4e54-a310-1d9070140197_195-59,0,0,3,2.0819769959733807
70c8bd4f-bfe1-4fb5-82ad-7d763cc28935_732-98,0,1,2,1.6155286873397092
70c8bd4f-bfe1-4fb5-82ad-7d763cc28935_756-65,3,0,2,2.254841338299155
71024373-484f-4270-82a4-2251997f3a9f_44-61,2,0,3,1.2646124448458562
71504f29-61c1-49e5-8617-d0e71144c077_652-01,3,0,2,1.8321643049889642
7152d311-7801-487c-a6ed-a746e6abaa1f_286-31,3,0,0,-1.0647527177584462
71d5f5dc-fff6-4352-b37c-a8e1ed3b39bd_541-68,2,0,4,1.6628285684858917
720da14e-0ef5-4968-87e9-270fce0a9a18_73-28,1,1,3,-1.673639183051555
721455cc-1e09-44a3-a579-d9e90db85227_1577-57,0,1,2,0.0855592304313697
7220ce3a-b740-44db-815d-222d914e2dfd_114-26,3,1,1,1.4379767758423303
7245d60b-1245-49ad-b025-b59da57dd8e8_664-70,1,1,0,3.837902918334665
72c81e60-8604-4897-8cd5-71df5244acaa_1172-93,3,0,0,2.949989697248375
72c81e60-8604-4897-8cd5-71df5244acaa_246-30,1,0,0,1.5160788388809043
72d6a00b-0554-41cd-a00d-0c1e64e400df_2501-79,3,1,4,1.4282527397895797
73f94b03-b777-481d-b342-10c516f192a2_3-08,4,0,3,1.2606527397082354
744c58f8-9a76-40d4-838f-8c7676fcb316_139-70,2,0,2,2.7739664728816065
744c58f8-9a76-40d4-838f-8c7676fcb316_140-01,3,1,2,0.8820839811469061
7474f654-b43a-463c-a1a1-f8c62cef1e64_1721-20,3,1,2,2.727087634152583
74d38b4a-6f22-43b3-b631-9234c05f27ab_270-80,0,1,1,-0.4254405608323344
750c5383-58f6-4063-8cc8-50691a68994d_562-01,2,0,2,1.3013169834688545
750c5383-58f6-4063-8cc8-50691a68994d_870-14,0,0,2,0.10121970175503425
75141dec-d6b3-4e2e-a144-5a126abf7dac_584-16,1,0,4,-0.6352964371383267
759c5c60-f1af-4476-94b2-e79a51fd44e3_668-31,1,0,3,-1.6143173762093785
75ee5afa-d891-4653-ac4c-d81db1a90af7_32-52,3,0,3,-0.5532467950617429
7627344d-503f-4a25-b418-10a6929d5a18_842-97,4,1,2,4.8805940716267395
7665b96d-1a30-435b-9679-e7defed426e6_99-13,1,0,1,2.049247510437183
7696b38a-59d3-4b85-966f-3522f9792966_89-69,3,1,0,2.0692741451583556
76f450c1-3542-4f8a-964c-66c857a23601_1422-15,1,1,1,0.7217474687231412
76f450c1-3542-4f8a-964c-66c857a23601_671-42,3,1,1,1.038672400805929
77cdd8dd-402b-45d7-a16c-a16520c737e3_1834-33,1,1,4,1.5983870858940168
77e28690-2ab1-414e-86ed-285ec1d15bd1_315-49,1,0,2,1.5975533220544709
77e28690-2ab1-414e-86ed-285ec1d15bd1_705-46,2,1,2,3.234173835333161
7836e736-ef0a-40ed-9b77-b4c12a08b236_3090-06,3,1,3,2.7622589959959054
786877d8-e353-4fae-b488-8d7443646882_1021-24,3,0,3,2.6947105333971506
786877d8-e353-4fae-b488-8d7443646882_1042-29,2,0,3,1.7514455078488838
786877d8-e353-4fae-b488-8d7443646882_224-14,0,0,3,2.5547715677060583
786877d8-e353-4fae-b488-8d7443646882_883-95,2,0,3,1.273297068126253
786877d8-e353-4fae-b488-8d7443646882_952-74,3,1,3,1.2304929147432664
792d0000-7dcd-4e6c-a486-7befe397233d_917-53,2,1,2,2.8276493977381314
79c62f24-488e-4a69-8220-3b20cb4bf72b_4957-40,1,0,1,0.6813436773010989
79c62f24-488e-4a69-8220-3b20cb4bf72b_611-49,0,0,1,2.132103312906753
79c62f24-488e-4a69-8220-3b20cb4bf72b_722-05,0,0,1,4.044944213879396
7a33ca42-9a39-4d59-ba82-c9667c250f48_2200-51,1,0,1,3.672764340952722
7a3479a4-b903-4d20-bdc4-98d93ceb3c36_1392-00,1,0,0,0.655484643685053
7a680a9a-dd7b-467a-a724-a597f1be9f06_2545-71,0,0,0,1.0049031290753623
7a680a9a-dd7b-467a-a724-a597f1be9f06_2545-86,2,1,0,1.0939146609081687
7a680a9a-dd7b-467a-a724-a597f1be9f06_2608-93,2,1,0,1.9165750057424293
7a680a9a-dd7b-467a-a724-a597f1be9f06_3668-06,2,0,0,-0.7297985185949203
7ac6dc03-7c8d-4de8-99af-03268c780ea2_1031-44,0,1,4,1.5651087212658903
7acd59a8-ed64-4a99-a469-3d5529a4098a_270-66,1,0,1,0.8391302273035409
7b277350-9926-42ef-b5f7-3ee000f3350a_53-51,1,1,0,1.2301516324417612
7b5fafdb-136a-4722-84a4-cffb213a224a_1092-90,3,1,4,1.579501936336109
7b5fafdb-136a-4722-84a4-cffb213a224a_1908-63,2,0,4,1.3750820696212254
7b5fafdb-136a-4722-84a4-cffb213a224a_2353-21,0,1,4,2.277658146737285
7c0c0057-3bbc-40ef-a91e-4d6e1a637642_1139-91,2,0,2,0.7239423938954817
7c1c5dca-5856-4997-8cda-9fa3bca10a3b_1061-91,2,0,0,0.9004151893360743
7c1c5dca-5856-4997-8cda-9fa3bca10a3b_1969-00,1,1,0,4.075131269789961
7c1c5dca-5856-4997-8cda-9fa3bca10a3b_1973-06,2,0,0,0.4795662099075859
7c1c5dca-5856-4997-8cda-9fa3bca10a3b_2494-15,1,1,0,0.5213563652891122
7c1c5dca-5856-4997-8cda-9fa3bca10a3b_37-44,3,0,0,1.7635788199959148
7c4f8ef4-c126-46b7-8fa9-1b2daf5b41de_2272-79,3,1,1,2.429906557428958
7c925095-c62a-4a7a-a2ca-118ca3f0176a_2-34,2,0,1,2.3977820571817765
7c969dc3-aea2-49d4-bd0e-48191b4e5a51_3982-40,0,1,3,-0.04562727758169327
7c969dc3-aea2-49d4-bd0e-48191b4e5a51_6350-49,2,0,3,1.919119403522663
7cad84ff-4d08-4e18-8784-aaf4e9341264_333-06,1,1,0,4.61757451402045
7d444081-73d8-405d-9bcc-9620e5feefaf_729-22,0,0,4,0.5000350993312959
7ddc2c83-3cb0-4bb1-8e91-3ef60f88864d_1433-25,1,0,3,3.0981720141977562
7e80931a-2067-419d-8f9e-2aff41dd330c_2937-25,2,0,4,-0.1903755045622446
7f296d37-a819-408f-aa34-80b63a40f01e_28-00,3,1,1,1.9313110765942176
7f5ed6e1-aca1-40d5-87c6-d156c5f02263_213-21,0,0,1,2.6100184465301615
7f5ed6e1-aca1-40d5-87c6-d156c5f02263_213-34,1,0,1,2.203145574378711
7f5ed6e1-aca1-40d5-87c6-d156c5f02263_220-16,1,0,1,2.2745816563875954
7f5ed6e1-aca1-40d5-87c6-d156c5f02263_222-42,1,1,1,4.063066519282448
7fc72743-4b55-48de-b988-4c690bda912f_1613-32,2,1,0,1.7421841199546122
7ff0900d-1bca-4aa7-aedd-ab0fb0a12371_0-04,1,0,4,1.447049874990004
803d0524-47c8-45fe-a5d1-c6a71e2cd54b_786-81,3,1,3,2.000016013212935
80c74a5b-81e0-4bc1-bc09-2f146351fe70_545-79,1,1,2,3.433169378325231
817170ad-1f3b-44b1-9772-fe914fa17f30_1178-10,3,1,4,0.7119910085241055
817170ad-1f3b-44b1-9772-fe914fa17f30_1211-20,0,1,4,4.014976883099961
81fb9f8f-be18-4833-a899-4fbcef82a634_2169-64,2,0,1,-0.2896493555243197
81fb9f8f-be18-4833-a899-4fbcef82a634_270-26,3,1,1,0.40296296443405033
81fff27c-97c0-483a-ad42-47fa947977a9_456-39,1,1,0,-1.2664006808356418
820d4b9e-6fba-472f-aa45-25b27241d4af_366-20,0,0,4,0.4026770072533201
824e7896-904a-4ff5-b7ee-e21df21918c2_2003-17,2,0,4,-0.21450218576558844
828ef13f-f52a-4a16-b206-4ec7e471f025_147-18,2,0,2,0.9285637501796884
828ef13f-f52a-4a16-b206-4ec7e471f025_238-90,2,0,2,1.1673525912648202
828ef13f-f52a-4a16-b206-4ec7e471f025_274-71,3,1,2,0.10522769620808625
82e96128-1242-4e57-8a3e-9ea222df022c_2985-80,1,0,0,1.515101814965525
82e96128-1242-4e57-8a3e-9ea222df022c_2999-35,1,0,0,0.3287530468851265
82e96128-1242-4e57-8a3e-9ea222df022c_3264-64,0,1,0,1.8909824360429373
82e96128-1242-4e57-8a3e-9ea222df022c_3386-01,3,0,0,2.0448496212934337
82e96128-1242-4e57-8a3e-9ea222df022c_3457-40,1,1,0,-0.11474004036538821
830bd10c-4eb5-477d-9166-7d41ca86880a_963-23,1,1,3,1.8568095237943796
839c2689-76f1-4e8c-893d-93675663dd93_582-68,3,1,2,0.30069383892028756
83f18213-f8f8-44fa-b9ce-104c6ddbcd57_1657-94,1,0,1,-1.4406323334497437
8447cf7c-d919-449a-be90-cdd05910fd9b_29-57,3,1,0,3.822777204556326
845cb298-d60b-4106-8213-d2aca821740a_14-13,3,1,4,1.8269347912954823
8483fa90-f5dc-4d50-9561-244bfdf12ea3_659-48,0,0,3,2.738219498523445
84ec85f6-c167-413c-829d-9c6915519c57_249-09,2,0,0,2.8782184241497966
84ec85f6-c167-413c-829d-9c6915519c57_3997-33,0,0,0,1.6305278538086154
84ec85f6-c167-413c-829d-9c6915519c57_919-33,1,1,0,1.9212599013234388
85020424-0ed9-4dcd-9a39-e5ab84ec6b6d_896-84,1,1,2,1.565985649816122
85782c5f-a240-44d9-951c-27f0bb3f7f4c_375-79,3,0,1,2.4624195659616137
85b87948-4578-4912-95cb-addd19cfd31a_1580-85,3,1,4,1.644912358385228
85b87948-4578-4912-95cb-addd19cfd31a_1581-49,1,1,4,0.33168562617625885
85b87948-4578-4912-95cb-addd19cfd31a_3435-98,1,1,4,3.3016837361713343
860be163-394f-48bb-9068-37e1c383ff73_736-68,1,0,0,0.16419960342079265
860be163-394f-48bb-9068-37e1c383ff73_764-03,1,0,0,0.06854117471769627
862f0fa5-2c3e-4a6c-ab93-c059637eee8c_49-84,2,1,0,-0.7909150138011427
8645cc8f-2a69-4a50-bf90-9faec8d80386_717-84,3,0,4,5.143984578116747
864618d9-cc17-4e90-8c64-7a1e4ba23d17_294-04,3,1,0,2.9174402132382165
865ff1fd-d17e-4642-b111-8f1a1da5a2d4_748-29,2,0,1,3.226748652932425
8672b38a-7682-4244-ad7a-a336c81c2d0e_1054-38,1,0,3,4.207206293732268
8672b38a-7682-4244-ad7a-a336c81c2d0e_1056-99,2,1,3,2.7059645331358855
8677afac-95b4-4ec1-aec5-39c90fd8374c_271-68,3,0,2,1.8393949103915832
86fb4797-274f-4807-848a-8b1ddc5c29e8_728-96,0,0,2,2.949114675573041
86fb4797-274f-4807-848a-8b1ddc5c29e8_730-35,3,0,2,3.914624538468871
86fb4797-274f-4807-848a-8b1ddc5c29e8_769-33,1,1,2,3.8348909094303547
86fb4797-274f-4807-848a-8b1ddc5c29e8_808-67,3,0,2,1.7404000811488698
8774b5c6-83aa-43b0-8a51-00f173949944_3529-30,1,1,2,1.6656613008458405
8774b5c6-83aa-43b0-8a51-00f173949944_421-89,3,1,2,2.9807007777423884
878666b9-5f3d-476a-960f-3a5d02da7619_15170-34,0,1,1,3.8703589884663376
878666b9-5f3d-476a-960f-3a5d02da7619_16974-50,3,0,1,1.4223951564307722
878666b9-5f3d-476a-960f-3a5d02da7619_18455-07,1,1,1,1.1128355980589077
878666b9-5f3d-476a-960f-3a5d02da7619_19280-23,1,1,1,1.3703523115629732
878666b9-5f3d-476a-960f-3a5d02da7619_19281-22,2,1,1,2.060534159457937
878666b9-5f3d-476a-960f-3a5d02da7619_22412-01,0,1,1,1.3881771237286902
878666b9-5f3d-476a-960f-3a5d02da7619_6890-95,3,1,1,1.157952444568477
878666b9-5f3d-476a-960f-3a5d02da7619_7108-62,1,0,1,2.2217784287890066
88193924-6780-4290-b8ba-85676e98387a_783-81,1,1,1,3.4740148974743965
88193924-6780-4290-b8ba-85676e98387a_791-58,4,1,1,2.72017614286416
88faccde-dd5d-4af2-b769-8f0547c2c6a3_826-95,2,0,1,3.8606649962237185
891169d0-2846-47ce-9f3e-13ac1e6ff85a_10-93,2,0,0,1.7911715048087264
89d8c9c5-fa11-4674-b08f-007f81958555_1391-21,0,0,4,1.0642529777934657
89d8c9c5-fa11-4674-b08f-007f81958555_1484-97,2,1,4,2.590602916504346
89d8c9c5-fa11-4674-b08f-007f81958555_1642-22,1,0,4,-0.8852330006563472
89d8c9c5-fa11-4674-b08f-007f81958555_1665-43,1,1,4,0.7378591341070089
89d8c9c5-fa11-4674-b08f-007f81958555_179-03,2,0,4,-0.014334748058135505
89d8c9c5-fa11-4674-b08f-007f81958555_2-14,1,1,4,2.56893920372874
89d8c9c5-fa11-4674-b08f-007f81958555_227-24,2,0,4,1.8826449856429204
89d8c9c5-fa11-4674-b08f-007f81958555_240-15,1,0,4,0.29698182206960966
89d8c9c5-fa11-4674-b08f-007f81958555_252-29,2,1,4,3.8490968714249956
8a0de6d0-5d28-43f5-91e6-48f41eeb3752_1038-76,2,1,0,0.8956527204188658
8a0de6d0-5d28-43f5-91e6-48f41eeb3752_1074-03,0,1,0,-0.24880302057657588
8a431195-083a-4e07-a99d-28c2591beaef_13-09,0,0,4,1.169139108926679
8b1d4210-a174-4617-8311-df4b32785d28_1114-53,0,1,3,2.2050643440568454
8b72b54f-f87c-4fdb-84dc-97e42ab111ac_824-00,3,1,2,1.1063689477337444
8b82316c-c293-49a7-b401-a3cc026ab1d0_2095-46,0,0,2,-0.8773844447586969
8b82316c-c293-49a7-b401-a3cc026ab1d0_2988-29,2,1,2,3.270649546550665
8b82316c-c293-49a7-b401-a3cc026ab1d0_3206-95,0,0,2,4.805609208433162
8b82316c-c293-49a7-b401-a3cc026ab1d0_3445-90,0,0,2,-0.3254250654482933
8b82db7f-5c39-4850-8a70-97e2615d4faa_508-54,2,0,1,0.6300276950491704
8b89d35d-5e19-4240-b45e-7a692cf962e3_392-22,0,1,0,0.7419671441779541
8bb4369f-a6e0-45a3-9d2d-fd5d5c686ccc_246-04,2,1,4,1.861678769948518
8bb4369f-a6e0-45a3-9d2d-fd5d5c686ccc_276-24,1,1,4,4.6732426034812224
8bb4369f-a6e0-45a3-9d2d-fd5d5c686ccc_315-76,1,1,4,1.8773040647741686
8bb4369f-a6e0-45a3-9d2d-fd5d5c686ccc_70-57,2,1,4,2.2161654586832205
8be6e0c4-a80d-41a3-a1c5-5911ae236990_317-18,0,0,4,-0.5398724243135178
8c075dc9-9c6a-43cf-8c6e-fb1af3624cf0_842-26,1,0,3,3.4941487606100288
8c3c68c9-eeec-4f51-881f-3cc6340679ec_0-04,1,1,0,1.9181675090750694
8c3c68c9-eeec-4f51-881f-3cc6340679ec_1138-68,1,0,0,1.818920941476535
8caa3009-10ad-407b-b837-ec1a26759089_1828-86,2,1,2,0.20632678169041285
8cda2388-6f45-46d4-8ded-4ba2e23b309f_463-28,2,1,0,1.2809719673796904
8d3b84a9-e747-47c1-8f09-726fdde7986c_1371-62,0,1,4,3.7313812112302953
8d4895eb-b2d1-43b8-90f1-e80fcc37797b_2448-11,2,0,3,1.5731669551423235
8d4895eb-b2d1-43b8-90f1-e80fcc37797b_9565-47,0,1,3,0.7503199125735578
8d4adc89-dcec-42ca-aebc-0d05cafa8f26_21-35,0,0,4,-0.7777813637506454
8d50f526-624c-40bd-b696-7ad6ce5746ab_22-55,2,1,3,1.4248458073719106
8d85aa58-438d-413c-b8b3-ae5417737c5c_1900-47,2,0,2,1.8165033447261913
8d900b59-e95d-4c9b-9432-8f5096aac2db_503-05,3,1,1,2.356266436229905
8dd6490b-6291-4793-b05e-79250f87925f_101-76,2,0,4,2.4944166456444066
8dd6490b-6291-4793-b05e-79250f87925f_1530-13,3,1,4,1.1694839072534073
8dd6490b-6291-4793-b05e-79250f87925f_1553-75,3,1,4,1.4163449392159329
8dd6490b-6291-4793-b05e-79250f87925f_396-12,0,0,4,0.9613234540705444
8dd6490b-6291-4793-b05e-79250f87925f_402-15,0,0,4,2.731836207656926
8e2b02c8-9927-4039-8407-514c2709de95_1125-83,1,1,0,2.2122328270539384
8e605fdf-a4f1-4393-975a-f332ab6b5f79_167-81,1,0,0,1.334415763947282
8e605fdf-a4f1-4393-975a-f332ab6b5f79_44-53,0,1,0,2.1061565552623716
8e748fd1-e30e-4bf6-a04f-5f570ca075ac_351-84,1,0,4,0.8138602473142516
8ea5ddc3-ae53-4cff-b457-ba425c6bec97_5750-66,3,0,3,0.6002603676755467
8ed40810-09cf-4061-953c-9fff6e6d6aeb_103-16,2,1,2,4.708309922401203
8ed40810-09cf-4061-953c-9fff6e6d6aeb_122-51,3,0,2,1.562123007373614
8ed40810-09cf-4061-953c-9fff6e6d6aeb_589-93,0,0,2,3.885585740916434
8ee6764a-4ef2-4359-9cf1-03a5f4dbcc79_593-30,3,0,2,2.1363314989209465
8f05300f-1200-4c18-937b-b8e23dc92505_261-93,3,1,1,3.459508801893179
8f0f8606-b696-4bb2-909d-703e4e076d80_641-77,2,1,3,1.2306294083044125
8f0f8606-b696-4bb2-909d-703e4e076d80_725-88,2,0,3,2.374017840981557
8f4008a5-18c9-464b-9bce-1ffa824f238d_1620-01,1,0,1,2.3154703436315462
8f4008a5-18c9-464b-9bce-1ffa824f238d_96-39,2,0,1,1.8707223299631845
8f47201d-0398-4442-af65-0dde73284c7f_1370-37,1,0,0,2.407664356329824
8fafc02a-ef7a-46f4-ae97-b0c68c8bb207_14026-98,2,1,2,4.175637704023609
8fafc02a-ef7a-46f4-ae97-b0c68c8bb207_16014-05,0,1,2,2.5480010234550443
8fafc02a-ef7a-46f4-ae97-b0c68c8bb207_7571-93,0,0,2,1.9869536490131476
8ff25fe1-3a42-4449-bd91-b3ac2adf9143_380-26,3,1,2,3.4847400873658065
90398a2b-de6b-4232-9bea-149c48cb1326_334-80,1,0,0,0.38416063198802997
90398a2b-de6b-4232-9bea-149c48cb1326_984-97,1,1,0,0.3924584878218125
906a5fbf-a335-4134-a23a-ece71a9683eb_1213-24,1,1,3,2.319099545553492
9148ceed-6983-4303-a560-2cbde805ee85_493-46,3,1,3,1.1305367662007115
9148ceed-6983-4303-a560-2cbde805ee85_529-14,3,1,3,-0.6613581378531348
9155f5b9-6235-484f-990d-fbd3010a791e_1650-00,0,1,2,4.672061411815919
9155f5b9-6235-484f-990d-fbd3010a791e_2163-97,2,1,2,1.3812197238863557
92153977-6016-4863-be78-c4af25a56a0f_1117-24,3,0,1,2.8554260805160103
92153977-6016-4863-be78-c4af25a56a0f_394-80,2,0,1,0.5029309641212053
929a6fbb-3fda-45af-95bf-144d851761f4_1114-91,0,0,4,1.021350051437975
932dfe2f-0cf1-4b76-b41a-4ca03f6945e5_1575-94,3,1,0,2.1154595344266545
933a8f93-2881-458d-93ec-8c072f2a1474_2356-83,1,0,1,2.03970625380811
935bc36b-27aa-4c83-89fd-221feca0030e_1080-82,0,1,0,3.5967363867283026
937e5809-09d0-4c6b-8d9e-9329e0cf6218_148-21,0,0,0,4.931985173321986
937e5809-09d0-4c6b-8d9e-9329e0cf6218_2515-56,1,1,0,-0.2314462169025886
93a5f8cb-d7eb-4e5a-9913-77ef1487ce61_2462-55,1,1,4,1.6554527143441897
93a5f8cb-d7eb-4e5a-9913-77ef1487ce61_3858-22,3,1,4,1.6181500530897381
93f78437-229d-4824-a8c1-68d9b17e754d_1063-13,3,0,2,-0.4918167343839739
93f78437-229d-4824-a8c1-68d9b17e754d_1063-21,2,1,2,3.5426428304542297
944aacb0-f596-460d-b5a6-9ae05df1d430_3528-77,0,1,1,2.0325927565589725
944aacb0-f596-460d-b5a6-9ae05df1d430_3858-37,3,0,1,1.283663360997081
94734a4a-4fb2-4d45-a47f-9d3d0ad70071_1049-90,0,1,4,4.151194055963861
948317e1-7426-4bfa-b25a-a476ee69797f_845-76,3,1,3,2.080817612276801
9490a06b-3fa1-47b6-b470-facb3d61ac57_1071-05,1,0,1,-0.7456343328782062
9490a06b-3fa1-47b6-b470-facb3d61ac57_153-78,3,0,1,-0.9334825473576104
9490a06b-3fa1-47b6-b470-facb3d61ac57_599-12,3,1,1,1.0116254698280782
949b2e8a-83f9-4b89-b29b-9e8d81600dd8_2242-73,0,0,2,0.2263397205276101
949b2e8a-83f9-4b89-b29b-9e8d81600dd8_2250-47,1,0,2,0.1084593407132528
949b2e8a-83f9-4b89-b29b-9e8d81600dd8_2981-03,0,1,2,1.3453987675378338
949b2e8a-83f9-4b89-b29b-9e8d81600dd8_3511-42,3,1,2,-0.6181232364400573
949c5a8f-7aa7-4566-a04c-531961cbcc16_1433-64,2,1,2,3.9745941620095566
94d5eff8-0fac-4719-adf2-5c0208ab89f7_1110-52,4,1,3,1.549574881644825
94d5eff8-0fac-4719-adf2-5c0208ab89f7_3271-35,1,0,3,1.4796312140084087
9520f703-8904-4123-bd7f-873b0b42074b_224-60,1,1,2,0.16048105191984052
9520f703-8904-4123-bd7f-873b0b42074b_239-07,0,1,2,1.52873386445709
9520f703-8904-4123-bd7f-873b0b42074b_989-29,0,1,2,1.6757214763740713
952d5295-06f4-4578-929b-4113e4ff9201_741-67,2,0,3,3.3294745217763118
952d5295-06f4-4578-929b-4113e4ff9201_769-29,2,0,3,2.4545283244779736
952d5295-06f4-4578-929b-4113e4ff9201_792-75,1,1,3,1.3819325443542074
952d5295-06f4-4578-929b-4113e4ff9201_808-38,0,1,3,1.3450035763651615
952f40df-b1d7-4562-afe4-2a4ff569e949_2108-64,2,0,1,1.6949641477886201
9531cee8-0f60-4a68-8243-397ab7670a75_270-43,2,1,0,1.4762194709339613
959bc769-a40e-4f4b-ba45-5adf32b8f26e_201-77,1,1,4,1.6110103583022017
95abf338-cf33-43f4-a8d0-44d6ea691d0f_44-58,1,1,3,4.326404252118234
95c0a226-5cb1-4380-af73-db2fcdbdbb76_174-41,3,0,2,1.7329568853630828
95f2caf6-c6f5-4471-9763-2957e248eb58_503-77,2,1,4,3.5881389198333995
95f2caf6-c6f5-4471-9763-2957e248eb58_588-89,4,1,4,1.170243941315101
9632b0a9-cf21-4773-b95b-83aae9a23d0a_17-58,2,0,0,5.2880206226492605
9632b0a9-cf21-4773-b95b-83aae9a23d0a_630-61,0,0,0,3.4381024952029025
963b09ff-1da2-4168-bed2-fe1d2531dd98_1393-91,2,1,1,0.3441520576625373
963c1ecc-d25e-4c0a-b447-9b26f3778efc_207-31,2,1,0,1.152510008412407
968d25eb-ab49-4a12-8b53-c5d98b091353_1212-82,0,1,4,1.4372860611416798
969866a7-2393-4bca-851a-885ddd7f627d_2129-17,1,1,0,0.899919678253488
969866a7-2393-4bca-851a-885ddd7f627d_2446-72,1,1,0,2.757457600837091
969866a7-2393-4bca-851a-885ddd7f627d_2662-28,0,1,0,1.2670637435495828
972f2966-c368-4344-a9ca-5bd8a277f177_1110-10,0,1,4,1.158550127580112
972f2966-c368-4344-a9ca-5bd8a277f177_602-22,1,0,4,1.417700808068932
97811639-7def-4034-8083-a82a59156234_468-38,1,0,3,0.8351497379875417
97ab9564-34c2-4272-97ec-8c4f2f76e117_1373-58,2,1,2,5.838300940618797
97ba861b-605c-4942-8e15-95953a3032e1_583-02,1,0,1,2.2983638097243095
97bd40e4-be39-403d-b9ae-f7eb006c51e2_914-45,3,1,0,2.8503250297379816
97d62297-ee2c-482f-aec2-4f73448c3a03_538-31,0,1,4,1.9631594680447797
97eaf9ae-9b92-493d-a555-4fcdb7c039a1_1485-95,3,0,3,2.3637156328136193
98334b78-967f-4980-ba86-56d34b4aaf2e_1109-83,2,1,2,1.8040558347835314
98439a73-2aa4-4071-bee3-00973a58a70d_291-10,2,0,1,0.10509346823750587
9848e52e-e6f3-4190-9c42-f85cd9847e10_807-44,0,0,1,1.8171017030962977
989f3c2c-edd2-4f30-9925-56771e2bf7cc_6090-07,1,0,3,1.6708133244017103
989f3c2c-edd2-4f30-9925-56771e2bf7cc_6720-40,2,0,3,-0.7661214883238011
98fcbc28-9542-4f3c-9a03-73af08fb989d_1063-08,3,1,2,3.578118525944827
98fcbc28-9542-4f3c-9a03-73af08fb989d_1376-40,1,0,2,1.2625707702927753
98ff21ab-6151-4429-a6ff-39d3c6fa173b_1442-50,0,1,3,1.8932599547632694
992af5dc-64ff-4e24-b324-cc3df15be595_656-31,0,0,2,3.195803152979666
994616c8-63b0-47bd-a526-0680f4acff9e_109-35,3,0,1,0.19764372177033407
998d4e6e-f579-4872-b706-767c5f392825_2418-72,0,1,3,1.3968272585036154
998d4e6e-f579-4872-b706-767c5f392825_4715-59,3,1,3,2.1165278974503474
998d4e6e-f579-4872-b706-767c5f392825_4762-05,0,1,3,1.6008357842353185
998d4e6e-f579-4872-b706-767c5f392825_5068-97,2,0,3,1.278393970738394
998d4e6e-f579-4872-b706-767c5f392825_5282-59,1,1,3,0.5531901606918972
998d4e6e-f579-4872-b706-767c5f392825_698-26,1,1,3,1.4017961329248934
99a89af1-a535-477c-88a8-c0830ba33486_1246-37,1,1,4,5.2422500841048985
99f41d39-cc65-4aad-b186-23b66e282f19_1295-59,1,0,1,4.56620628470055
99f41d39-cc65-4aad-b186-23b66e282f19_141-65,3,1,1,2.7932301263571735
99f41d39-cc65-4aad-b186-23b66e282f19_68-52,0,1,1,2.393627810306506
9a33e9f1-a740-4810-a624-62b0c9935741_115-86,1,1,3,3.0616114376855044
9a33e9f1-a740-4810-a624-62b0c9935741_1702-28,3,0,3,0.619953762455729
9a33e9f1-a740-4810-a624-62b0c9935741_1894-42,2,1,3,2.8325724256069935
9a33e9f1-a740-4810-a624-62b0c9935741_2385-44,0,0,3,2.550668806325613
9a33e9f1-a740-4810-a624-62b0c9935741_2416-26,1,1,3,3.0555237423693042
9a33e9f1-a740-4810-a624-62b0c9935741_636-64,0,1,3,2.875516009428267
9a33e9f1-a740-4810-a624-62b0c9935741_831-69,1,1,3,3.593710835670064
9a622b20-b234-4237-a3aa-c76b350e82dd_477-13,3,0,3,4.740766434820054
9a732221-3adb-4903-b61d-9b8097965fbf_2751-77,1,0,4,3.052455025248805
9a732221-3adb-4903-b61d-9b8097965fbf_3781-26,0,0,4,1.45523315561959
9b34e344-494d-4664-8180-a8ff2a692ab2_35-55,1,0,2,1.4360706779247312
9b8a4b28-b831-417b-83dd-deb7890908c0_1561-56,0,1,1,3.6419902096663517
9c07f3a2-5033-4f78-a377-a4cf5a7d7add_2010-42,1,0,3,1.7719324012911764
9c07f3a2-5033-4f78-a377-a4cf5a7d7add_2093-33,0,1,3,2.456562676712964
9c15ab39-2b2b-4eb1-a93d-4dd3b9711fc6_321-25,0,1,0,3.3249016915019904
9ced9631-9c8f-4a69-9984-e6b0763d11ba_278-77,1,0,4,1.4550168614418582
9d0c46d6-ea9a-43e6-8b8a-4b2972eb6ef4_551-12,2,1,3,1.477895495876397
9d26362a-4411-4d8b-b114-03f4f89928d7_1156-78,0,0,3,1.8823031956438139
9d26362a-4411-4d8b-b114-03f4f89928d7_1588-24,0,1,3,4.412838406071863
9d26362a-4411-4d8b-b114-03f4f89928d7_694-92,2,0,3,-0.07363248892007279
9d2ec4ad-945f-4614-b41f-24260de662f6_1664-30,2,1,2,0.030882203179859458
9d965c16-0014-45e5-b37b-50a786971470_2004-75,2,1,0,1.2807693555346973
9d965c16-0014-45e5-b37b-50a786971470_2476-67,0,1,0,4.025930483186384
9d965c16-0014-45e5-b37b-50a786971470_6156-96,2,0,0,5.649206344574585
9d965c16-0014-45e5-b37b-50a786971470_8107-86,0,1,0,1.2658163224730334
9dd29951-5080-4392-8bcd-2446e6af90fe_1166-46,3,0,1,0.21425879133193526
9df7c322-0e66-491d-bcf8-f10038b1eccf_229-80,2,1,0,3.0020405156013394
9e0594bd-15a5-4ae7-afa0-9283683ae1f2_1106-88,1,1,3,2.0143348472873472
9e08a7b1-eb04-4d11-bb0b-f4cd42f0a819_3434-14,2,0,2,0.2345191936953961
9e579570-0541-49d6-bf0e-35483e949296_653-37,2,1,2,8.159164298227305
9e9c5b05-c7d4-450d-9850-e6ae83caa9a5_3282-52,0,1,2,3.2845203678804946
9e9c5b05-c7d4-450d-9850-e6ae83caa9a5_3297-13,1,1,2,2.720538636729122
9f4e5f51-eac3-4070-9097-f6e18a7b90f9_1289-99,1,0,1,0.40061524980388097
9f8d9232-a78e-4e14-9a0f-944a325efa19_133-97,3,0,0,2.186553147090077
9fb1ce25-8a99-45ed-a28c-1492192d4964_1100-54,2,1,1,5.102595295869302
9fb1ce25-8a99-45ed-a28c-1492192d4964_1946-35,2,0,1,1.4980125705830738
9fb1ce25-8a99-45ed-a28c-1492192d4964_1957-11,2,0,1,0.23781205720493193
9fc3678b-86e2-44ab-adbc-9aeda78ceb60_957-19,0,1,3,0.14555289397408377
9fc3678b-86e2-44ab-adbc-9aeda78ceb60_992-74,0,1,3,0.5649359722666736
a055e4e8-cc07-47c1-a438-06f45c4f724c_2257-57,2,1,2,1.6621535764622777
a055e4e8-cc07-47c1-a438-06f45c4f724c_2341-22,3,0,2,0.3394223837871919
a12f0a2e-e066-4b65-8603-6754bb73e196_30-04,0,0,4,0.16426969961392723
a13a145f-920a-44ec-8aef-b489c097f4a7_171-91,2,1,3,0.8933931211920854
a1b38e9d-7225-46ab-ab17-a61b261faa36_1920-36,2,1,2,1.345533411745844
a1e8d35f-2dad-495c-ac00-b056f710c706_1381-64,2,0,1,2.7291545113254334
a23540b7-3588-48ad-b84a-1b5935db856a_235-41,2,1,0,1.8863269113249677
a267b011-b1db-4e3c-aa49-438e2afdd6dc_116-72,4,1,4,2.5328534666869382
a2c3a84e-ae75-4e72-8a52-64511ed67080_919-81,4,1,3,3.617598803906913
a2f25985-0589-42ca-af57-58930079dfb9_1082-02,1,0,4,3.0703966560996747
a2f25985-0589-42ca-af57-58930079dfb9_1096-32,0,1,4,2.2942428927496605
a2f25985-0589-42ca-af57-58930079dfb9_7290-57,3,1,4,1.4585534301647132
a32e3749-3ec6-4865-b5f2-067d05c04190_1229-02,1,0,3,0.520300507874784
a32e3749-3ec6-4865-b5f2-067d05c04190_230-06,1,1,3,3.4917029677912192
a3c41b4b-6dc7-4e69-b04b-ca30b4f1c185_1014-12,0,0,0,2.765734680671387
a3f1b2f3-0735-4c65-b66e-5c397f3126c7_276-64,0,0,4,1.1417863276731819
a3f6b937-bb29-4cc4-9f4b-27080ddca7c7_437-97,2,0,1,1.460680468431383
a4048b30-d9a8-4653-a2d6-d07422e3449e_739-24,1,1,0,2.5731123961857305
a40f2c59-c795-4893-9ec5-6a58632a2b49_635-34,0,0,0,0.3937873536927603
a4375d98-e295-4e7d-a718-d8af066e3d57_1708-23,0,1,4,5.1146182058294345
a437e059-78be-4894-a7ab-dc27fa16d3f8_178-53,1,1,4,1.4016592973656155
a437e059-78be-4894-a7ab-dc27fa16d3f8_6770-46,1,1,4,1.8911373020545386
a437e059-78be-4894-a7ab-dc27fa16d3f8_6791-07,0,1,4,1.577431267176719
a437e059-78be-4894-a7ab-dc27fa16d3f8_7188-07,0,1,4,0.28480826414650773
a437e059-78be-4894-a7ab-dc27fa16d3f8_9861-81,0,0,4,2.0410004467067706
a448297b-ae62-4712-bc4f-849b39176558_2443-39,3,1,2,0.04767231097434732
a448297b-ae62-4712-bc4f-849b39176558_2588-08,1,0,2,3.0820559309042244
a448297b-ae62-4712-bc4f-849b39176558_3322-55,3,1,2,2.3116291590308373
a454e4d7-7ead-41ea-bfcf-db8300ad34d9_72-86,3,0,3,0.7799439199590608
a48f66dc-d07c-4ca9-aa3b-b08ea5802194_1914-01,0,1,2,0.5679674649527868
a49bdcc8-8f23-445d-bae0-8d9e5c4d9c63_1749-02,0,1,1,-0.17190955192511925
a4bbdddc-c222-4535-a616-57ccbc8f9b9e_1495-45,3,1,1,2.083100484769463
a4bbdddc-c222-4535-a616-57ccbc8f9b9e_4898-52,3,0,1,-0.399640421279955
a4bbdddc-c222-4535-a616-57ccbc8f9b9e_5519-45,2,0,1,1.4489483893931379
a4bbdddc-c222-4535-a616-57ccbc8f9b9e_7343-01,1,0,1,2.6364806270230137
a4c1f23e-702e-49a1-9600-0538e4e2e7db_2889-59,1,1,0,1.6646321059920355
a5bd4711-275b-4bbf-96fe-37553e5d3e93_1416-31,2,1,1,1.1130767090472835
a5bd4711-275b-4bbf-96fe-37553e5d3e93_156-00,2,0,1,4.917962892434271
a5bd4711-275b-4bbf-96fe-37553e5d3e93_1659-18,1,1,1,1.5327158067469115
a5bd4711-275b-4bbf-96fe-37553e5d3e93_1662-76,3,0,1,1.2611291259473365
a5bd4711-275b-4bbf-96fe-37553e5d3e93_297-73,1,1,1,0.5495437748511268
a5bd4711-275b-4bbf-96fe-37553e5d3e93_480-52,2,1,1,0.7718972782708423
a5bd4711-275b-4bbf-96fe-37553e5d3e93_484-64,1,0,1,0.4326829866131007
a5bd4711-275b-4bbf-96fe-37553e5d3e93_499-12,2,0,1,0.6884401039037525
a5e74924-6083-4618-b830-f528c5199ed9_5985-35,1,0,4,2.237293862000919
a6264c7d-d42a-4708-8fc2-b35ad0c5fe42_55-09,2,0,1,1.0519790771735265
a6264c7d-d42a-4708-8fc2-b35ad0c5fe42_990-06,2,1,1,0.24394987914750887
a6ae81d6-f014-4902-bae6-b06373b31c55_153-41,3,0,3,0.09592534472154535
a7062d19-5af7-42fe-ad8c-2d7442ddbe48_514-59,1,1,2,2.759651858500149
a717f100-51ec-4316-92b8-282aeecc805b_724-56,4,0,1,4.241979755700491
a71f72c5-5225-4b12-aba3-01fa46f53427_914-96,2,1,4,1.1271121850170547
a743a90e-f46c-4e55-a94d-a7f11c771207_51-51,0,0,3,-2.17984911843473
a7448853-2414-42b1-998c-0f56594e437a_155-55,3,1,3,1.0053918563636461
a8197601-7474-4cb0-8d08-e8a8febcecfc_13-71,0,0,1,2.2020474678177333
a8197601-7474-4cb0-8d08-e8a8febcecfc_222-15,3,0,1,2.018765274697757
a8197601-7474-4cb0-8d08-e8a8febcecfc_854-68,0,0,1,1.2610327030675759
a8197601-7474-4cb0-8d08-e8a8febcecfc_997-91,3,1,1,4.301599537475398
a84e378e-c9d5-4ace-8e42-e07b95784746_180-55,1,0,2,0.3284809182884212
a8983a14-da13-4e54-bc7a-b027b374c710_536-56,2,1,1,2.4351512159526942
a95545b6-8b1e-4d77-a209-c1accf3b057b_17-67,0,1,2,-0.08785199063740667
a95545b6-8b1e-4d77-a209-c1accf3b057b_34-20,4,1,2,3.838054442997798
a99c5790-b590-4c29-98b3-004bbf106ce7_312-10,2,1,0,2.891685205936927
a99c5790-b590-4c29-98b3-004bbf106ce7_315-27,0,0,0,2.715018118494017
aa19d5c0-35b6-4ec2-9865-07f556c341de_34-98,2,1,4,4.321002709809626
aa19d5c0-35b6-4ec2-9865-07f556c341de_76-28,2,1,4,2.5999208382196626
aa3237b2-4a62-4676-b81c-a9726003b420_1532-19,3,1,0,1.0194773947942244
aabc5114-a6a1-459d-81ed-99370385a7e4_2460-69,3,0,4,0.2690616682488749
aad332b0-a437-4bd9-9147-f580bb58c3f5_3472-99,1,1,3,0.10796943322899066
aae90bb1-c8b8-433c-98b6-2bc5f20af6ea_569-99,4,0,2,3.7971936218646443
ab6f68a2-e5ba-48ce-ac24-7fb3df0584f2_326-63,0,1,1,1.390617598956191
ab865129-78fa-47d4-8a50-ff8c5533246f_1028-44,3,1,3,-1.3592376114144655
ab865129-78fa-47d4-8a50-ff8c5533246f_318-49,2,0,3,-0.4189702935414529
abbc5555-7816-4288-8d4d-f42b0683fc44_774-93,2,1,0,4.097584794668549
abca0171-5e73-426e-9ba1-49a6339b2ef5_1825-89,3,0,2,2.804797697860997
abca0171-5e73-426e-9ba1-49a6339b2ef5_885-53,1,0,2,0.3366145723160352
abca0171-5e73-426e-9ba1-49a6339b2ef5_979-03,0,1,2,-0.19441658426002006
ac582760-09b1-4a6e-be08-f19f9bf5dfcb_391-13,3,0,4,-0.2219405531888332
ac8704d3-ab1c-4412-a10e-befb387063b2_270-04,2,0,4,-1.6316851050382402
ac8dba37-ce09-4dc5-b478-8194e41353c3_2812-63,0,1,3,1.6135399957169958
ac8dba37-ce09-4dc5-b478-8194e41353c3_5240-05,1,0,3,-0.07898533947181319
ac8dba37-ce09-4dc5-b478-8194e41353c3_748-30,0,0,3,1.9822872102010702
ac8dba37-ce09-4dc5-b478-8194e41353c3_9451-92,0,0,3,0.7441721955400995
aca9e131-8b44-4e59-8394-24a494c19801_183-42,1,0,1,0.2658753967944262
acef7751-e40a-4fb7-91ea-3ba56ef46aed_103-55,3,0,2,2.5502624060292014
ad851441-1f15-467e-83d8-48c764e220a8_875-32,1,1,1,1.9942724311773414
ad851441-1f15-467e-83d8-48c764e220a8_975-45,0,1,1,2.2553800621322124
ada73c3a-765f-46de-afb5-d152d058d7e2_17044-72,1,1,4,0.743416818768492
ada73c3a-765f-46de-afb5-d152d058d7e2_7766-82,2,0,4,3.650211773923191
adb9100b-45da-449a-94b1-ae29e107e4c5_72-02,3,1,0,1.7886982288294193
ade9b865-951f-4a27-b6cb-ce12cb613de8_887-25,1,1,0,2.8452638527063803
adf11624-aca0-4bad-a35f-51b9f330ee74_2900-34,1,1,4,0.743855063451307
adf65602-f5ee-456a-a098-db19a521ce38_500-23,1,1,3,-0.4256438335730921
ae56fbda-009b-485c-9dfa-72ce89e847bf_668-09,3,0,1,-0.7942775190076717
ae56fbda-009b-485c-9dfa-72ce89e847bf_742-92,3,0,1,1.7931961234591234
ae59dda2-8aa0-40e1-bd48-af368ea8e149_1550-40,1,1,0,2.373032260607128
ae59dda2-8aa0-40e1-bd48-af368ea8e149_1585-64,0,1,0,0.7497707417128334
ae59dda2-8aa0-40e1-bd48-af368ea8e149_1586-25,3,0,0,3.2841306695763093
ae85c74a-0963-469b-93f9-cdfe3f898e5f_1781-47,0,1,2,4.921081505589463
af06acee-b948-4950-a653-53d76b03a010_809-86,1,0,1,3.2499467329994642
af06acee-b948-4950-a653-53d76b03a010_920-06,3,1,1,3.2389187587383095
af0cc15a-5452-42fb-92dd-a3f50136bf12_3147-74,2,1,1,2.4423634476381126
af215e0f-56c7-4356-9aad-a3a5fb7bbc4f_1332-04,2,0,1,1.410032675466585
af215e0f-56c7-4356-9aad-a3a5fb7bbc4f_4328-60,2,1,1,0.6371881183535572
af215e0f-56c7-4356-9aad-a3a5fb7bbc4f_4362-30,1,0,1,3.234639111204176
af215e0f-56c7-4356-9aad-a3a5fb7bbc4f_709-03,1,1,1,1.0830722462821463
af400f98-3c57-46ad-acac-eaca6f940180_2315-10,0,1,0,4.820065898104004
af400f98-3c57-46ad-acac-eaca6f940180_3131-59,1,1,0,1.6310699823306665
af400f98-3c57-46ad-acac-eaca6f940180_3432-31,2,1,0,2.0357744851823583
af400f98-3c57-46ad-acac-eaca6f940180_508-42,2,1,0,5.041747620448564
af43394e-d24c-40c2-b03a-f3cdff888370_762-90,2,0,0,1.1337368541790063
af72c57c-b242-48b2-8d00-aea29f4e37ac_1063-17,3,0,4,-1.0042632109771494
af862b37-12f1-4b55-a1ca-1c162c4f98a0_3380-57,1,1,1,-0.8011627000387714
af862b37-12f1-4b55-a1ca-1c162c4f98a0_431-14,2,0,1,1.4370272427853408
af8dda66-0025-4ee4-9888-b568b28986e6_3283-52,3,1,3,3.2071719620936867
afd5c197-7b14-4e21-ac56-d23b6a5543d0_1256-20,2,0,4,1.9128631392345563
afd5c197-7b14-4e21-ac56-d23b6a5543d0_1411-24,2,1,4,2.080266362195549
b08cc451-bab8-4ab1-a0a2-102582d9f778_398-19,2,0,2,2.6114124455597896
b0937ec3-7645-4f68-b9cd-549ff7c01819_2030-83,3,1,1,2.152066078837305
b0a30641-ad93-4d6a-92a9-f277c78f1aa5_112-83,1,0,2,0.7517834917757718
b0a30641-ad93-4d6a-92a9-f277c78f1aa5_295-10,3,1,2,2.0882748415491985
b0a30641-ad93-4d6a-92a9-f277c78f1aa5_473-69,0,1,2,2.29646516299697
b1543ea3-e86b-4545-9195-f1bf83e02b41_4163-19,0,0,4,1.5817037293578855
b2508929-e3e4-4583-b1db-41dc3bb0fd21_542-36,3,1,3,4.688902154675995
b264c17e-145a-4dd0-90c4-397d0f5b8057_51-64,4,1,3,3.616353013798634
b2e6a3f7-aa49-42c5-990a-8ef89d2c9d33_987-28,3,1,2,1.4536596241832231
b2ebded2-4c94-473d-b9e4-8dd3556a3152_31-51,0,1,1,2.8166136601127305
b2f487cb-83b2-4e60-855d-1750938d0f1a_4050-16,1,1,0,2.109463795621151
b390f179-78cb-4522-9abc-467e0597d4b7_597-75,3,1,4,2.7618968611508308
b3a0d595-d5b4-4e4b-9c52-337053871604_278-40,3,1,3,2.855953003913299
b4068f40-69e9-4217-81ba-84e59c25f125_887-13,1,1,2,-0.04411981248385333
b449ae20-0dd5-468e-ad86-daac0180046d_22-83,3,0,1,0.5015959724586901
b4814b66-f564-48cb-a11f-3b0a1ee73704_24-49,3,0,0,3.263584236376267
b4814b66-f564-48cb-a11f-3b0a1ee73704_27-72,0,0,0,1.4124889509769651
b4814b66-f564-48cb-a11f-3b0a1ee73704_42-69,0,0,0,1.6614328336548405
b4b27c5b-2b73-4083-a41c-a6a960475c1a_1618-99,2,0,0,2.1913833003824603
b513c72d-8b77-4bee-96b6-b5f57977a3eb_765-76,1,1,4,1.0168393240794986
b57a2268-9cac-491d-b737-ad8dc28b15fb_1546-09,3,0,1,3.0152423862013484
b57a2268-9cac-491d-b737-ad8dc28b15fb_2224-77,0,0,1,2.557590688664135
b5c3c1e3-7ee7-4b4a-b938-4d008d5aa49b_521-60,3,1,4,0.7182205558223533
b5c3c1e3-7ee7-4b4a-b938-4d008d5aa49b_644-73,1,1,4,1.0499101265809354
b5c3c1e3-7ee7-4b4a-b938-4d008d5aa49b_757-55,2,0,4,0.8020871334636317
b5c5d054-4cc3-4e54-b283-6845ca022eb8_0-00,1,0,1,3.7840950572571455
b5d691f6-1618-467e-9fc9-d2ebd8eaafe4_488-95,0,0,3,-0.4467638687252702
b5d691f6-1618-467e-9fc9-d2ebd8eaafe4_836-72,1,1,3,-1.9089041088334282
b61b0b56-a852-47e2-ab09-9380d8465162_180-44,0,0,0,3.3184749300316314
b6474db0-090c-40df-8d65-0a52dd0578cc_984-29,2,1,2,1.0106760366590546
b68e46bf-2cc5-4c6b-895a-1f8c6cad959a_2324-99,1,1,1,1.5392850452133158
b68f87f0-29be-4516-a34a-dda69dd84a56_274-36,2,0,1,3.640173194487385
b68f87f0-29be-4516-a34a-dda69dd84a56_471-46,2,1,1,2.294429284889792
b68f87f0-29be-4516-a34a-dda69dd84a56_524-12,1,1,1,4.643032289724185
b68f87f0-29be-4516-a34a-dda69dd84a56_953-32,1,0,1,3.78319753517843
b6ae365a-dd70-42c4-90d6-e0351778d991_277-06,0,1,4,1.5536359391256107
b6ae365a-dd70-42c4-90d6-e0351778d991_416-05,1,1,4,0.4169111970722337
b6bee905-eddf-4b41-bfe6-d57c9059fe61_1119-76,0,1,0,1.1268362705882644
b6bee905-eddf-4b41-bfe6-d57c9059fe61_1128-22,1,0,0,1.5438750871105762
b6d64c01-1462-4ebf-9eb5-44585cdd8ac4_2907-39,0,0,1,1.4989302637068551
b7022084-61ea-470f-b2cd-49be2ecaf3aa_18-42,0,1,1,0.4284147385804037
b7022084-61ea-470f-b2cd-49be2ecaf3aa_688-07,3,0,1,0.8596084278150303
b71166c2-c723-4f91-89b7-3a484e14079e_1586-58,0,0,0,1.7240106918448175
b79c342b-db1e-407e-958a-e1585c6c3ddd_3-67,2,1,4,0.5087046835330036
b7ae78cd-458a-4fbc-b9d8-212fe98a5095_270-04,0,0,3,0.6113074352523531
b8ba4ac1-4134-44aa-99db-25efaa058e98_277-37,3,1,2,3.7424196545675166
b8ead1f7-ae4c-4c7c-8b2a-35599fc310c7_1079-80,1,0,1,4.51112041551295
b925520a-853c-442e-8a39-6679cce1e9f4_1253-01,0,0,0,4.657726460351477
b959f479-0508-4f1b-96a5-1b17e86af8ce_1110-67,3,0,4,1.8254036869845705
b99ceea4-7fa3-407c-9b9f-1347645d23f2_13-11,2,1,3,2.0826819557233316
b9b65293-fec8-494e-81e7-c4496aafba6f_1524-26,1,1,2,2.8428569552307534
b9b65293-fec8-494e-81e7-c4496aafba6f_2296-78,0,1,2,-1.1499449745581314
b9bc5b47-ae9a-4220-84c7-ada93722c4fe_909-02,1,1,2,1.4412458211513932
b9de7a2c-d02e-4d66-9556-381f0b7ca51a_3648-36,2,0,3,3.2026816584001847
b9de7a2c-d02e-4d66-9556-381f0b7ca51a_3795-42,1,0,3,0.7895611541795531
b9de7a2c-d02e-4d66-9556-381f0b7ca51a_3961-43,0,0,3,1.5556965462697483
b9fd76c5-1f9b-4d82-b9ee-2e0615561765_364-29,3,1,0,1.8573757289402224
ba078478-13a5-4e7f-8ee4-61620f84cb7a_2830-69,0,1,3,1.9292608219330254
ba078478-13a5-4e7f-8ee4-61620f84cb7a_3101-09,3,1,3,1.0731874546013587
ba1de596-15f4-45f3-bab3-dbf7283490be_5-13,2,1,4,0.9566774324840044
ba28e9d5-5a78-44c0-b985-2249dcc05956_17-90,2,0,4,1.1582035471335195
ba28e9d5-5a78-44c0-b985-2249dcc05956_212-90,1,1,4,1.0087749903597485
ba44d0ee-9aba-4d05-8d1b-1eac7346f479_1433-66,3,0,4,2.7426094629969686
baaf6d24-7117-4b0b-acdf-a79765036d84_1340-93,0,1,3,3.330300075616186
baaffbad-76a7-458a-8a54-7b593ab073f6_329-73,2,0,2,-0.2635795474484748
baaffbad-76a7-458a-8a54-7b593ab073f6_979-89,2,0,2,0.7774195009527138
bac30fe6-c597-4f1a-add1-d8d989205d98_1087-36,1,1,2,3.1885889025626133
bae603bd-dc3d-46a4-90b7-9c1e2bcd3970_966-87,2,0,1,4.243536886647036
baf15309-e865-4e9e-9efd-09097f1d5a43_341-69,0,1,4,1.6512546131220203
baf15309-e865-4e9e-9efd-09097f1d5a43_412-45,3,0,4,2.553422062010826
bb04b03d-ae0d-416a-8c4c-b2325edec070_287-86,0,1,0,1.8600590968059778
bb2297d3-91b7-4ec4-b39b-cc64694929db_0-03,1,0,0,2.1765702470197574
bb2297d3-91b7-4ec4-b39b-cc64694929db_412-95,3,0,0,1.63094562888658
bbd30b78-137a-4c75-a4e9-b51f62b3f04e_184-26,2,1,4,0.7061197096810932
bc215572-bd4c-4457-bbc1-58cdd6398cc7_2751-16,1,1,3,1.7615782232822856
bcfbfdd9-1f37-4edf-8ea0-114a92806d08_1826-13,0,1,2,0.9029443108659465
bd31c2eb-4faa-467d-8c71-89a55b0a4be5_275-56,2,1,1,1.9730734379027508
bd96484b-6f8c-492b-8969-cae99c868b4d_2411-56,1,0,1,2.487656453700766
bd96484b-6f8c-492b-8969-cae99c868b4d_2855-28,0,1,1,1.4303939365038594
bdb29a9e-d6d4-4918-9870-464abeae48d2_837-68,1,0,0,-0.6457718841788449
bdd32b96-5baf-4d67-9975-34cdce64b0cc_240-16,3,1,3,3.0457634263639317
bdeb0df9-2983-41bb-ba27-c431d9ef3163_1770-19,1,0,0,3.6735042547328787
bdeb0df9-2983-41bb-ba27-c431d9ef3163_1772-82,2,1,0,3.974687739759127
be1da89b-976b-4e71-a42a-7621b522db46_179-53,1,1,1,4.1046914901798734
be462bcf-13ad-446a-8dfb-248cb2e3417a_379-26,3,1,2,1.4531224675256318
be462bcf-13ad-446a-8dfb-248cb2e3417a_825-06,3,1,2,4.280173712170767
be7ede7a-c212-45ff-8601-e15dd2f7e531_1651-77,0,1,1,4.163641896790051
be7ede7a-c212-45ff-8601-e15dd2f7e531_928-33,0,1,1,5.172535294904778
be82ebf1-5feb-4c1b-a71a-f668e3a17726_27-55,0,0,1,2.7343411464039784
bebfd0fa-93bc-41a3-886d-e04a3675fc6d_293-94,1,0,0,1.1567963583869976
bef6d752-a5f2-405f-bf3a-71e400bd8b06_1634-83,1,1,3,1.008212088837409
bf4a69c2-2c0b-4810-991b-3eb35e7dd2f3_1088-56,0,1,2,0.40559498848202646
bf9354ab-541d-4c1c-aa3e-8a3bfd8fb51b_443-31,1,0,1,0.8690205035348989
bff1d1da-957f-42ea-8c98-61eaca98b5f1_1049-58,0,0,0,0.5479843328972822
c00a27da-98bb-4761-8093-45fd30a3f43f_1156-34,3,1,4,2.420451334731087
c00d3596-99db-4ea7-9a65-57ab4319d640_329-17,2,0,1,0.9092926740777943
c00d3596-99db-4ea7-9a65-57ab4319d640_370-19,3,1,1,-0.050853404047483064
c05389ca-2d74-4889-a8dd-a0f89d28a4b7_2763-64,2,0,3,-2.178069737638844
c06532d8-f1cd-477f-b9f3-e8e980d73b2e_1339-60,0,0,2,-0.8458002274729017
c0a19ccf-66ad-44b5-9b3d-2f20d49bc0a8_296-47,3,1,1,1.2970336240184919
c0eea386-412b-4127-a2d3-352322a0038c_1313-16,2,0,3,0.8847111233617238
c0eea386-412b-4127-a2d3-352322a0038c_719-09,3,0,3,-1.0719692758516723
c0eea386-412b-4127-a2d3-352322a0038c_830-51,1,0,3,1.4491667391660852
c1626bce-83ba-49da-921c-7b60243c19ea_7-12,0,0,3,1.240445871052938
c1626bce-83ba-49da-921c-7b60243c19ea_8-38,3,0,3,-0.9568813920630876
c1dc6626-34c8-4367-a80a-42a44057f47b_737-27,0,1,0,2.202524039859714
c1f4d37c-bfd8-4722-b1c4-767f8426ccfd_867-73,2,1,4,1.1124597415543993
c2071026-add0-4546-8374-b6d04ddd94b1_0-04,1,0,2,3.676807463683697
c20e2722-11e5-4181-960c-305cfcd7cfec_183-32,2,0,1,1.5582934471144458
c23eaef5-7441-42b4-9456-9f5a4a1bd615_11-29,3,1,1,0.3601788193304404
c25111f0-0c78-4bf8-a16d-57a6c25c2169_10881-80,2,1,4,0.15183032686532827
c25111f0-0c78-4bf8-a16d-57a6c25c2169_3852-71,2,0,4,0.5350005386387038
c2d28dd4-4416-4300-bbbe-23911487776a_1418-50,2,1,4,0.9263471995412089
c2d28dd4-4416-4300-bbbe-23911487776a_1894-07,2,1,4,1.8850851081697362
c2d28dd4-4416-4300-bbbe-23911487776a_2076-47,1,0,4,2.312556655469563
c2d28dd4-4416-4300-bbbe-23911487776a_3669-01,0,1,4,0.10292802869794859
c2d28dd4-4416-4300-bbbe-23911487776a_426-99,3,0,4,1.2889285604633598
c2d28dd4-4416-4300-bbbe-23911487776a_6637-37,1,0,4,1.160025737266998
c34effc7-6198-4c85-80c7-c8be85b77dd3_1105-03,2,0,0,-0.437715835404086
c34effc7-6198-4c85-80c7-c8be85b77dd3_1620-55,2,0,0,-0.4512817203106978
c34effc7-6198-4c85-80c7-c8be85b77dd3_2128-22,0,1,0,1.1123513637160232
c34effc7-6198-4c85-80c7-c8be85b77dd3_2648-25,4,1,0,0.758202880000755
c34effc7-6198-4c85-80c7-c8be85b77dd3_2681-98,2,1,0,3.693931668595174
c34effc7-6198-4c85-80c7-c8be85b77dd3_2970-00,1,1,0,2.4905327343772203
c34effc7-6198-4c85-80c7-c8be85b77dd3_2993-26,1,1,0,1.755555639915199
c34effc7-6198-4c85-80c7-c8be85b77dd3_4366-00,3,1,0,2.9706671499338047
c34effc7-6198-4c85-80c7-c8be85b77dd3_5191-41,1,1,0,0.8038728037415634
c34effc7-6198-4c85-80c7-c8be85b77dd3_5200-39,1,1,0,2.3355621728663047
c34effc7-6198-4c85-80c7-c8be85b77dd3_5220-71,1,1,0,0.9356638899272731
c34effc7-6198-4c85-80c7-c8be85b77dd3_5294-07,2,1,0,1.357834575820114
c34effc7-6198-4c85-80c7-c8be85b77dd3_5341-13,1,0,0,1.558416963661233
c34effc7-6198-4c85-80c7-c8be85b77dd3_694-72,2,1,0,1.8791741297738385
c3acdda3-cd92-48c3-9052-45b57cb27e5a_1390-16,0,0,3,0.45247858725323065
c3acdda3-cd92-48c3-9052-45b57cb27e5a_1467-01,2,1,3,0.7003250834603181
c4333895-ed19-42fe-9323-271a41bdfe4c_8-13,1,1,0,1.8942674720094261
c463128d-18cc-44ad-abf6-03ee87534919_120-41,1,1,4,0.7704375650882345
c495da06-2baf-4f62-958d-5ef2e6da08c4_28-94,3,0,3,2.6670266654502712
c5270067-6c25-45f2-b63a-1a55b85020ad_568-80,1,1,3,1.4445297197579823
c5270067-6c25-45f2-b63a-1a55b85020ad_569-44,0,1,3,2.8674711658067102
c586c267-9ac3-45d5-a9aa-6deab0b9608d_246-72,3,1,2,3.657738786252419
c58e1887-0314-4cb3-a09d-5ba529d8eda0_6-27,2,0,1,-0.7370101774671473
c5938442-90c1-413c-be06-186222d8274f_0-03,0,0,0,2.391439318232192
c615d305-14fe-41cd-9099-caf420beb604_1090-50,3,0,0,1.4765807267912636
c615d305-14fe-41cd-9099-caf420beb604_955-84,2,0,0,2.7722447444423386
c6534c1f-765e-42e7-86f4-da210d5211c3_764-77,2,0,4,-0.019978573226829166
c67cb1da-90ac-4da8-af17-4f8b77da9b9d_291-33,2,1,3,0.25128749320369725
c6b1f7dc-3301-46e6-867a-312a5f8e7a0f_13-11,1,0,2,2.4282468684241385
c6b5d782-d267-410e-8566-f7fe5d4a78a9_2700-04,2,0,3,-0.15871538178962874
c6b5d782-d267-410e-8566-f7fe5d4a78a9_98-99,0,0,3,2.859638981021694
c79e05d5-eaf6-4323-a707-744020743037_763-82,0,1,4,1.4872014167227616
c7da3efd-4a18-458e-90fd-f757ed966a63_380-64,1,0,4,0.8056451891188703
c7da3efd-4a18-458e-90fd-f757ed966a63_8-87,2,1,4,2.1007182918456992
c7e8af35-608f-4d18-b752-2f3140f5fcc4_772-15,1,1,3,0.8517792269595841
c7f71299-a622-4a9a-b225-019335d6f2d2_607-47,0,0,1,2.1458466372017115
c7f71299-a622-4a9a-b225-019335d6f2d2_658-88,3,1,1,0.10719664454651567
c824d4e5-298a-462b-a408-28a85a7364af_126-28,1,1,3,0.39233115238855754
c824d4e5-298a-462b-a408-28a85a7364af_683-96,0,1,3,1.1694466730486597
c85251fa-eb44-4903-b27f-9cdee26e0ed5_1618-20,2,1,4,5.016585752914738
c85251fa-eb44-4903-b27f-9cdee26e0ed5_1632-58,0,1,4,0.8866904747778532
c864505c-9d49-4da4-bf7e-254b4c348c03_191-07,1,1,0,0.11419678506159125
c864505c-9d49-4da4-bf7e-254b4c348c03_242-94,3,0,0,2.0095492851897774
c864505c-9d49-4da4-bf7e-254b4c348c03_540-20,1,0,0,-0.3467073071099709
c8b61175-cfa4-44f9-a88b-76609ffa4ca3_3008-85,3,1,0,1.7292679628785164
c8d51f6b-7329-4367-9b24-941fa79794d2_2516-44,3,0,4,-0.9659510607247777
c92cfd96-21ca-4b52-a56a-6345fbf57de0_233-46,1,1,2,-0.6048624507049957
c92cfd96-21ca-4b52-a56a-6345fbf57de0_2877-33,1,1,2,-0.10009038611500487
c93e077c-9f51-449c-b130-8be107c8a7d5_152-99,3,0,0,1.4068190285892166
c93e077c-9f51-449c-b130-8be107c8a7d5_199-82,1,1,0,2.573986241256261
c9595c28-a46b-4571-9796-3802af307bf2_188-17,2,0,4,2.913486124018802
c97a7ee8-1fd4-4092-8c47-ef93dea1c8aa_539-98,0,0,3,4.994866868487945
ca03dcd8-9e87-4da5-9f9d-eac37ed6e9fd_320-42,3,0,2,0.0665061179141413
ca1773b8-ec8e-4f61-8e8f-7e4211830793_1043-00,2,1,4,4.789836387983698
ca1773b8-ec8e-4f61-8e8f-7e4211830793_835-99,3,1,4,2.8725413757814655
ca22ace6-2d0e-4e0b-98d4-60544e5af4d5_1194-22,2,0,0,1.3961419616135704
ca22ace6-2d0e-4e0b-98d4-60544e5af4d5_139-96,3,0,0,1.409860249729056
ca22ace6-2d0e-4e0b-98d4-60544e5af4d5_4682-68,0,0,0,1.460045887321402
ca800ee3-fea2-4825-ba1d-8eaace908135_5734-95,3,1,1,0.1801724764826963
ca800ee3-fea2-4825-ba1d-8eaace908135_6490-17,1,1,1,-0.5146825344653371
caa17bb0-2b04-49b0-8ccc-38b2803a3b1f_26-31,2,0,1,1.361717657117092
cab3c095-8054-4794-81c5-ef9dce1d1373_376-97,1,0,0,3.3261694197195464
cb0013d1-84a7-42c7-962a-3b00043365e5_1957-07,0,0,4,0.7925678589855261
cb1f1ddf-f4f6-4b0e-ab73-0285729ba790_40-06,1,1,3,1.8581234785982725
cb87d2ca-dc4f-4e1c-a13f-a8fe7dc952e9_11-49,1,0,2,3.2585099269592943
cb87d2ca-dc4f-4e1c-a13f-a8fe7dc952e9_115-52,3,0,2,2.1126622092414475
cb87d2ca-dc4f-4e1c-a13f-a8fe7dc952e9_23-76,2,0,2,2.2864277791688288
cb87d2ca-dc4f-4e1c-a13f-a8fe7dc952e9_98-75,3,1,2,1.9097104069833193
cb8df5e7-af5c-4211-b779-0568f94c7ded_1890-31,3,0,4,4.365792874265644
cb8df5e7-af5c-4211-b779-0568f94c7ded_3375-73,0,1,4,2.581419866061559
cb8df5e7-af5c-4211-b779-0568f94c7ded_3449-61,2,0,4,1.7972333850829003
cb987dd4-f0ec-46ed-8bf0-3fee8c84fc90_2701-67,1,0,2,3.587504953899397
cb9de2c6-ff1a-48e8-b170-047e9471b588_1100-53,1,1,3,1.4101409070109394
cb9de2c6-ff1a-48e8-b170-047e9471b588_836-21,1,1,3,2.8500026443108233
cb9de2c6-ff1a-48e8-b170-047e9471b588_884-63,0,0,3,1.6179482232954623
cb9de2c6-ff1a-48e8-b170-047e9471b588_931-60,3,0,3,4.053404638201076
cbc5c4fe-ed66-4525-a3d8-d691064db66b_262-02,0,0,0,0.6858708777552047
cbc5c4fe-ed66-4525-a3d8-d691064db66b_527-23,3,0,0,-0.7652163862102861
cbc5c4fe-ed66-4525-a3d8-d691064db66b_545-69,1,1,0,1.6945256124569246
cbc5c4fe-ed66-4525-a3d8-d691064db66b_729-17,0,0,0,1.1836847822291212
cbfeb6c8-ec1f-4884-bcbf-14d7764c4a36_0-01,3,0,1,2.192261708672124
cc82c3dc-caf7-4d64-9c84-b4701e205344_230-08,1,1,0,1.0055264726883342
cc83fb01-1904-4917-8d11-2fe2c66a990c_5792-18,1,1,3,4.4414106165871825
cce59bcd-0ebc-463e-bbb1-094186a6ed8d_1562-00,2,0,2,2.044358955603152
cce59bcd-0ebc-463e-bbb1-094186a6ed8d_36-05,1,1,2,2.278283644260961
cd0c7d35-19cf-4ce2-9b40-0209547acde5_1364-91,1,0,4,1.7095643694043166
cd0c7d35-19cf-4ce2-9b40-0209547acde5_1365-10,2,1,4,4.422922657915499
cd0c7d35-19cf-4ce2-9b40-0209547acde5_1447-25,2,1,4,1.6013911296227212
cd0c7d35-19cf-4ce2-9b40-0209547acde5_284-45,3,1,4,1.8695701643852274
cd1d3c56-69ca-4602-944e-bb9fabb9710b_1637-32,3,0,3,0.6899341611923444
cd1d3c56-69ca-4602-944e-bb9fabb9710b_1865-43,1,0,3,0.39723719348100306
cdaee0ff-a9ab-4935-91a2-45042d55b39c_353-27,1,1,2,2.0058608733785297
cdfd99eb-88c6-4bc7-8f66-e0318216feab_820-48,0,0,2,0.9872589446170237
ce121331-6a77-44c0-9c0d-8d6b21f73b24_67-61,1,1,1,0.6128559278938278
ce19b572-7341-426a-8c2f-fe067344c98d_1914-35,1,1,0,0.3991536009434835
ce19b572-7341-426a-8c2f-fe067344c98d_1972-11,2,0,0,-0.001074016549405643
cea9a5cc-6682-474f-bae4-483ca722ec43_359-69,3,0,0,0.9178349305864109
cebb6331-2a18-454a-862b-3aa502267017_1587-77,0,0,4,1.0565303581333725
cf3956a7-8cc6-4a99-8770-71a15c7e69c7_4456-62,2,0,4,2.061161858210596
cf3956a7-8cc6-4a99-8770-71a15c7e69c7_4824-79,0,0,4,1.6272963301667323
cf3956a7-8cc6-4a99-8770-71a15c7e69c7_5040-48,2,1,4,2.6392499537067726
cfa58f86-6a63-46fc-8510-6a8d517f933b_689-38,3,1,3,3.1967712429276776
cfa595aa-c467-48fe-a86b-2e9b1a63ccab_1218-24,1,0,2,-0.4948466586111897
cfc42371-cd58-48df-8bc5-f2fb29a6091e_1191-27,0,0,2,0.43092624232216425
cfc42371-cd58-48df-8bc5-f2fb29a6091e_1271-05,1,0,2,0.7887601242456179
cfc42371-cd58-48df-8bc5-f2fb29a6091e_1273-98,0,1,2,0.22428335851734005
d013010f-fca0-4fc0-9545-500318a8e91f_511-08,3,1,1,0.3161502951676235
d0396c77-6ecc-4d9f-bda1-af051699d0cf_1049-41,4,1,0,1.080358868752853
d0396c77-6ecc-4d9f-bda1-af051699d0cf_3645-32,1,1,0,1.2880809281007484
d0396c77-6ecc-4d9f-bda1-af051699d0cf_4546-97,2,1,0,3.120211676520335
d08cd963-d98b-4c9b-ba9f-cf7763e4b94e_1184-89,3,1,0,5.128180257539346
d0925317-dc23-4cb4-a375-a7baddc06b27_901-57,1,1,4,0.346087281190641
d0a861f7-3e5c-4836-9b43-29a0b3288165_1279-67,2,1,4,1.5240104274430049
d0a861f7-3e5c-4836-9b43-29a0b3288165_550-69,3,0,4,0.6671181099204995
d0a861f7-3e5c-4836-9b43-29a0b3288165_829-52,1,0,4,-0.09253803681781869
d0aedb4e-82cc-406a-a395-3573049a49ee_4319-84,2,0,4,1.3622973361982862
d0aedb4e-82cc-406a-a395-3573049a49ee_596-85,2,1,4,2.0386385242951004
d0c0065b-79d2-4e6f-9c0f-e212dd17a0ca_31-42,0,0,3,0.19443166818840463
d10798c3-6b79-4c0d-aafd-8daad36c51db_44-79,1,1,2,3.6173977965040374
d1952343-6eaf-4317-ae19-6b48b292ad24_877-17,0,0,3,1.2455319430072733
d1a27322-8acd-4297-9029-db45af8d7cc2_127-67,3,1,4,2.895113285634789
d1a27322-8acd-4297-9029-db45af8d7cc2_164-10,2,0,4,0.015689983836148835
d1a27322-8acd-4297-9029-db45af8d7cc2_34-04,1,0,4,-0.9565303328042598
d1c2a107-ba9a-4615-83e1-f609864b8541_35-35,3,0,4,0.34276433069494083
d1c7b7ec-506e-4c02-b008-8b5aaaf442d7_1891-93,1,1,1,1.8508182788821
d1c7b7ec-506e-4c02-b008-8b5aaaf442d7_847-39,0,0,1,0.4350084272112037
d27c5c7e-db9c-48f4-bea5-9970078d352e_1216-84,3,0,1,1.855099457362639
d27c5c7e-db9c-48f4-bea5-9970078d352e_1570-49,1,1,1,-0.1459512690326722
d27c5c7e-db9c-48f4-bea5-9970078d352e_1635-43,0,0,1,-0.5063002844229293
d27c5c7e-db9c-48f4-bea5-9970078d352e_87-62,1,0,1,1.999227963217586
d27c5c7e-db9c-48f4-bea5-9970078d352e_90-20,0,0,1,2.8866150144739273
d2985e7b-6dc8-4c7e-9aef-40d633895aa0_1413-23,0,1,1,0.9962352861041514
d2985e7b-6dc8-4c7e-9aef-40d633895aa0_448-20,3,0,1,0.6474729695420952
d29b209e-cbc7-40a7-a0d6-acf803b86c78_4-53,0,0,0,1.6354674323399163
d3279f4f-eea5-448f-a930-aafac6b668ac_1962-11,2,0,4,2.3522347348604358
d36cf2fd-8916-4b69-b7a2-e9743675fb38_3568-39,0,0,2,2.6548149741398444
d36cf2fd-8916-4b69-b7a2-e9743675fb38_3851-77,2,0,2,2.7786738265174433
d3980f7e-2ef1-4b2b-b73a-2a7db7465660_117-14,1,0,3,-0.8125302733752475
d3980f7e-2ef1-4b2b-b73a-2a7db7465660_452-63,0,0,3,2.0347003160494768
d3a0899e-2093-454c-9f65-30087883193a_399-22,1,1,3,0.1760637508984888
d3dafc0b-c623-4c4b-9a4a-ee56538e257c_519-43,0,0,2,-0.43123156029632737
d3de44fb-a6e8-4815-b28f-798de4bfd7eb_1337-08,1,1,1,2.631528420883119
d3f76c88-5996-4da0-8b8f-6c1b8f85a4d8_18062-30,0,0,1,0.7501282648898219
d3f76c88-5996-4da0-8b8f-6c1b8f85a4d8_5099-68,2,0,1,2.8740837441683937
d3f76c88-5996-4da0-8b8f-6c1b8f85a4d8_9209-81,0,1,1,0.9079963400847016
d40be91b-85bb-4c47-ac18-52c4d044e3fc_13523-54,3,1,4,2.360938891719676
d40be91b-85bb-4c47-ac18-52c4d044e3fc_2988-20,1,1,4,2.521455592801991
d40be91b-85bb-4c47-ac18-52c4d044e3fc_5905-56,3,0,4,-1.9746291880312077
d521d31b-83aa-48ef-9ccf-eee9773c50dc_3808-98,1,1,0,3.949317355779155
d551e6e5-50b5-4eab-88df-f213e6509ea0_1428-48,3,0,4,0.8450078028040593
d55c3204-8dfe-44c4-8822-d748e6fe6d8a_600-02,1,1,0,3.380455079052024
d55c3204-8dfe-44c4-8822-d748e6fe6d8a_759-81,1,1,0,4.12536531345818
d6491872-31a0-4015-b9e1-ae992406f849_51-07,0,1,3,4.669828647009345
d64fb34a-08fd-416c-ac6f-86a0813869a8_275-80,0,0,3,2.7015019134350244
d64fb34a-08fd-416c-ac6f-86a0813869a8_290-32,1,1,3,-1.095327132285477
d64fb34a-08fd-416c-ac6f-86a0813869a8_437-60,3,1,3,2.1538086931492186
d64fb34a-08fd-416c-ac6f-86a0813869a8_466-80,1,1,3,1.0756933447628612
d64fb34a-08fd-416c-ac6f-86a0813869a8_494-32,4,1,3,3.1186978064383015
d64fb34a-08fd-416c-ac6f-86a0813869a8_512-82,1,1,3,1.503678921817397
d64fb34a-08fd-416c-ac6f-86a0813869a8_810-92,1,0,3,0.8394186407732587
d66f42bb-822b-444a-bce0-ddd15b29bd1b_149-48,1,0,1,2.668376315376259
d66f42bb-822b-444a-bce0-ddd15b29bd1b_7-30,0,0,1,-0.3925979835268515
d6e0bff0-9501-4750-b97f-95f134f6618b_781-93,2,0,2,3.1631776645615703
d6f9d174-2d42-49e7-83e4-daa9e8b0aa25_1070-43,3,1,4,-0.6314062486034181
d6f9d174-2d42-49e7-83e4-daa9e8b0aa25_1389-10,0,1,4,1.434521769570461
d6f9d174-2d42-49e7-83e4-daa9e8b0aa25_211-63,0,1,4,3.388640000944222
d6f9d174-2d42-49e7-83e4-daa9e8b0aa25_270-04,0,1,4,1.2586936524572583
d6f9d174-2d42-49e7-83e4-daa9e8b0aa25_432-24,1,0,4,1.9159482488773734
d6f9d174-2d42-49e7-83e4-daa9e8b0aa25_64-13,2,1,4,3.46856746081789
d6f9d174-2d42-49e7-83e4-daa9e8b0aa25_831-84,1,1,4,0.9115035125008353
d70be6cb-867f-4657-9a87-5d44ab30527a_887-35,2,0,1,1.340630876296716
d730a47a-013d-4cd3-b478-370f2fb0d918_1149-88,0,1,0,5.0060844529105175
d7480d27-f607-4a5a-8c31-9d299f70a4b8_1934-95,2,0,0,2.7826471711077794
d7480d27-f607-4a5a-8c31-9d299f70a4b8_3616-43,2,1,0,1.0070085500195047
d7480d27-f607-4a5a-8c31-9d299f70a4b8_406-05,3,0,0,0.955114737559424
d74c95ba-e072-44f8-bb2f-2631379af06d_1057-19,0,0,3,2.3391269226328
d752fc52-9592-4cb5-910b-d09bb39261fd_420-77,2,1,2,1.8005573101568972
d7d516f6-4ba0-4ea7-a18f-f943abc50ff8_869-60,2,0,2,1.2018067114358606
d813a821-8cc1-4700-a7a4-d4e6edfed26e_449-05,3,1,1,5.197281677648446
d813a821-8cc1-4700-a7a4-d4e6edfed26e_57-94,0,0,1,1.4214647795783217
d8915c4c-6534-4b0a-b46a-02a03d8031da_0-20,3,1,1,0.5994416276829263
d8936caf-0142-4ceb-bacc-70313a19f169_142-89,3,1,3,2.9463456200166718
d8936caf-0142-4ceb-bacc-70313a19f169_660-34,2,1,3,2.874683210141019
d8936caf-0142-4ceb-bacc-70313a19f169_694-31,1,0,3,0.15313149065078502
d8936caf-0142-4ceb-bacc-70313a19f169_805-14,4,1,3,2.11212554522698
d8936caf-0142-4ceb-bacc-70313a19f169_888-66,1,0,3,1.2992495714646908
d8c7bf34-0440-48b3-bf22-263d7c926074_109-23,1,0,0,-0.6795105132487248
d9bc2b47-181e-4fea-b153-15272b1646e1_589-30,3,1,4,1.1722354318098411
daf5384b-ea5c-4cce-bb8a-540a360075bf_1127-92,0,0,3,1.980926471434017
daf5384b-ea5c-4cce-bb8a-540a360075bf_676-16,3,1,3,1.9252530954883476
db00f224-0dba-4c50-975a-178e0e1033fe_290-41,2,1,3,2.496995313282396
db35b386-4c65-4c5e-a488-51b2aa5eb1fb_1982-83,0,1,4,0.8104931680984955
db35b386-4c65-4c5e-a488-51b2aa5eb1fb_481-32,1,1,4,3.2528279265007045
db35b386-4c65-4c5e-a488-51b2aa5eb1fb_554-63,1,1,4,1.4374261327929208
db35b386-4c65-4c5e-a488-51b2aa5eb1fb_589-73,2,1,4,1.5507706053399952
dbcca18b-4b62-4ba1-b799-a6a65231d084_2471-26,0,0,3,1.4658568993757606
dbcca18b-4b62-4ba1-b799-a6a65231d084_3794-64,0,0,3,1.3366695991205453
dbcca18b-4b62-4ba1-b799-a6a65231d084_3795-07,0,1,3,3.0044946248649946
dc16fb2a-7caf-41f4-b2a3-d2ff8cd38255_65-68,0,1,2,-0.6318776145065417
dc4d0940-b35c-4700-af77-5f13bb530ad8_1063-54,3,1,1,3.151478240264627
dca2e9e2-acde-49b7-8b0e-5a150e536769_3059-39,0,1,0,0.29497630673868414
dced4894-d13a-4222-941b-5e4ecf1e3299_1046-91,1,0,0,0.1406036852840813
dced4894-d13a-4222-941b-5e4ecf1e3299_1473-25,3,1,0,0.5755513048111831
dced4894-d13a-4222-941b-5e4ecf1e3299_629-13,1,1,0,1.7037061710383539
dced4894-d13a-4222-941b-5e4ecf1e3299_663-36,3,1,0,0.9351516892533442
dd0aa717-59d8-4d8a-9f11-21be827fb184_1260-03,3,1,0,2.6880894644781224
dd0aa717-59d8-4d8a-9f11-21be827fb184_406-80,0,0,0,1.061953004628571
dd0aa717-59d8-4d8a-9f11-21be827fb184_600-81,0,1,0,4.096555294813862
dd508a2a-1ea7-43d2-805a-8080eeae9985_1035-99,3,1,1,1.7140353336449046
dd508a2a-1ea7-43d2-805a-8080eeae9985_1133-08,3,0,1,3.111394350614483
dd508a2a-1ea7-43d2-805a-8080eeae9985_27-58,2,1,1,0.041915930044544525
dd508a2a-1ea7-43d2-805a-8080eeae9985_36-14,0,0,1,0.7286198342817035
dd508a2a-1ea7-43d2-805a-8080eeae9985_856-81,1,1,1,0.7961080273367532
dd508a2a-1ea7-43d2-805a-8080eeae9985_886-44,3,0,1,-0.3446563663249266
dd5214e7-85bb-41b4-93e0-5ef34b8af687_1307-52,0,0,4,0.4872184380891267
dd82f801-fc96-4ced-b066-ad559da3faab_124-35,3,0,4,1.3782372874469397
dd82f801-fc96-4ced-b066-ad559da3faab_1750-27,0,0,4,1.1008709870077384
dd82f801-fc96-4ced-b066-ad559da3faab_1757-91,0,1,4,0.9279664592118608
dd82f801-fc96-4ced-b066-ad559da3faab_1788-27,3,1,4,1.977755085716001
dd82f801-fc96-4ced-b066-ad559da3faab_284-37,0,1,4,0.17542582784748206
dd82f801-fc96-4ced-b066-ad559da3faab_601-49,3,1,4,2.117973207669362
dd82f801-fc96-4ced-b066-ad559da3faab_621-91,0,0,4,1.623360918348615
dd82f801-fc96-4ced-b066-ad559da3faab_818-04,0,1,4,-0.47053103560730136
dd82f801-fc96-4ced-b066-ad559da3faab_836-46,1,1,4,1.6283812790851495
dd82f801-fc96-4ced-b066-ad559da3faab_905-66,2,0,4,1.2453584882508661
de37a11d-1dcd-4f5b-9054-155093b3a073_1154-49,1,1,4,0.5957620139947915
de37a11d-1dcd-4f5b-9054-155093b3a073_1242-75,2,1,4,3.4289703065502035
de37a11d-1dcd-4f5b-9054-155093b3a073_6370-24,2,0,4,1.3140407584714733
de37a11d-1dcd-4f5b-9054-155093b3a073_7411-22,2,1,4,1.6346929375165729
de37a11d-1dcd-4f5b-9054-155093b3a073_8700-46,3,1,4,3.907922292589932
dedaa2ad-306d-47b3-a4c4-90b6b2c37e78_8149-03,2,0,3,1.1509873993923372
df0b81a6-826c-4e9b-8921-392304716c0e_525-16,0,1,2,0.38590130074664697
df0b81a6-826c-4e9b-8921-392304716c0e_554-75,3,0,2,1.172919166738869
df1a31a9-6508-4d9d-b1c7-cffc7bcc5d29_41-87,1,0,0,0.4879365388670249
df630387-82c6-4c90-95e8-6ba558c907a2_202-79,2,0,1,1.2406364776909853
dfd0bc0c-28fc-4302-9a75-77df6c53ab31_658-80,3,1,2,2.6833022882814026
dfe44f90-17f9-43eb-adf4-da35f15002ed_1647-36,1,0,4,1.0378466800463502
dfe44f90-17f9-43eb-adf4-da35f15002ed_825-32,1,1,4,-0.30669972291004566
e00d8164-9996-48ed-8645-bb88ab30cc09_113-51,3,0,3,2.2293709441895557
e0d46807-4c3b-44a0-ac59-cb970c8d5a5a_6-18,0,1,4,-0.25680460262529736
e14bb000-250b-4f3d-aec6-e72d4f29d123_1299-73,1,1,2,3.588066880522727
e14bb000-250b-4f3d-aec6-e72d4f29d123_367-23,0,1,2,0.490682485275556
e14bb000-250b-4f3d-aec6-e72d4f29d123_968-06,1,0,2,4.406281601671409
e14bb000-250b-4f3d-aec6-e72d4f29d123_97-24,2,1,2,3.9222995415975213
e14bb000-250b-4f3d-aec6-e72d4f29d123_977-37,1,0,2,4.531765361287483
e18a43a4-1e7b-4478-bc7f-16cb55a8ac16_875-97,1,1,3,2.5010164452293995
e1b0b312-ce2d-41a0-be5a-70c807fcc5ef_2287-10,0,0,3,2.137754294731622
e1b0b312-ce2d-41a0-be5a-70c807fcc5ef_2428-09,2,0,3,1.4204641299449823
e21a6f09-3df0-4bfb-a23b-47a1866aadf1_511-16,1,0,1,1.6547189297513656
e21a6f09-3df0-4bfb-a23b-47a1866aadf1_526-23,1,0,1,2.53471978303016
e21a6f09-3df0-4bfb-a23b-47a1866aadf1_540-06,2,0,1,3.490653052619612
e2a1583d-7460-4d02-ac29-6968f16812c3_338-61,1,1,2,2.3273062706712677
e2dd39cb-63e2-4ebb-b99a-ad7ff579b048_78-33,3,1,1,2.643366401470868
e2e46fb1-9014-426b-9bd4-ea0b995feb31_1007-32,0,1,0,1.8971615060575922
e3283ef1-1659-4d5c-a09d-fd0f4df98aba_73-31,1,1,4,1.5490502838504725
e339898f-5e79-4723-89d7-44ba33b163de_500-86,3,1,3,0.8572965561412238
e3f37c38-bf24-481f-b1c6-8d472fab4290_1679-92,2,0,4,1.9984800829517317
e3f37c38-bf24-481f-b1c6-8d472fab4290_3800-16,0,1,4,-0.058998936237988575
e3f37c38-bf24-481f-b1c6-8d472fab4290_5304-28,2,0,4,-1.3206216993252724
e402df54-0a64-424e-a7e6-3e68b18a761c_1045-12,3,0,2,0.11745937847610644
e402df54-0a64-424e-a7e6-3e68b18a761c_1064-59,1,0,2,3.7144643470238954
e402df54-0a64-424e-a7e6-3e68b18a761c_242-70,0,0,2,0.645772099187117
e402df54-0a64-424e-a7e6-3e68b18a761c_62-43,2,0,2,3.080818819333011
e54d654b-86ca-4219-bbf4-68575fffa098_2992-60,3,1,2,3.5567011773945953
e55e4faf-dec5-40ee-b375-f0b049b9b280_285-98,0,0,1,0.10787651312418822
e55e4faf-dec5-40ee-b375-f0b049b9b280_342-72,1,0,1,1.9245529470474656
e579ef82-c68f-44dc-8b0f-7fe62e20974c_2509-16,2,0,1,2.6414828869690887
e58207f1-84ec-424b-a997-ff64a57eb13b_1893-21,3,1,3,2.753105477843785
e58207f1-84ec-424b-a997-ff64a57eb13b_3524-37,1,1,3,0.5841592505468252
e5d2cc2c-0a36-4bad-bf50-bc9347e99eca_1120-59,1,0,0,2.289046921999975
e5fea731-7b32-4857-a86b-587eda0ff334_979-09,0,0,4,4.916372789957108
e623faab-101a-41a6-83ac-8e22b4371aba_1053-43,0,0,3,1.2503109947134114
e623faab-101a-41a6-83ac-8e22b4371aba_1141-39,2,0,3,4.654928459503351
e623faab-101a-41a6-83ac-8e22b4371aba_357-75,2,1,3,3.3686844049610403
e65cdb37-b00c-44b1-909f-068022d804cb_868-94,1,1,3,2.013713963532773
e6958f57-5769-46f6-be27-b879059ff2a4_927-40,2,0,2,0.009865129317533805
e6b7692d-5e35-4524-8d2a-385475b95806_1667-07,1,0,1,0.09251441818285844
e6b7692d-5e35-4524-8d2a-385475b95806_3085-37,0,0,1,4.126592134968623
e6d852dd-2510-482f-ad25-3d731388ea44_0-00,0,1,2,2.5085805657147455
e6d852dd-2510-482f-ad25-3d731388ea44_105-51,3,1,2,2.0046121960668133
e6d852dd-2510-482f-ad25-3d731388ea44_141-52,0,0,2,-0.9357549114484363
e6e3919c-7c2e-491e-bde8-053715f0d851_1353-28,2,1,3,1.822049358124782
e6e3919c-7c2e-491e-bde8-053715f0d851_466-43,3,1,3,-0.12726407441254883
e6e3919c-7c2e-491e-bde8-053715f0d851_472-28,0,0,3,2.4051695382307794
e6f1accd-e18d-43ec-b854-e7633b15cbf7_1189-37,3,1,4,2.0822296075163855
e6f1accd-e18d-43ec-b854-e7633b15cbf7_1189-42,1,1,4,3.9857242421461656
e6fdec5a-21e1-43e8-b662-9376538394d5_3510-00,3,1,1,2.1060405917316483
e70f4b34-432f-47dc-834f-5bc6bd67dc62_166-47,3,1,3,1.4898579756109567
e70f4b34-432f-47dc-834f-5bc6bd67dc62_676-86,3,1,3,2.229176200191847
e70f4b34-432f-47dc-834f-5bc6bd67dc62_78-75,0,1,3,2.690669481558993
e7752106-8e0c-47b5-a639-e701e659718c_740-06,2,0,0,2.6546027905644207
e7eead9a-5f4e-47af-8f54-2dd3fd453a2d_49-96,3,1,4,2.2048527591989275
e7eead9a-5f4e-47af-8f54-2dd3fd453a2d_55-37,3,1,4,2.484261212922215
e87752b1-35a5-4cd7-9b95-a4b28129f9f3_932-40,2,0,4,0.5243222380320778
e8ed2917-9442-4237-b15e-cd0b6c839d38_167-12,2,1,3,-0.9668164592414263
e9343bd2-cd48-4abe-902a-3d3f6a0b51d8_1795-21,1,1,2,0.448685870292459
e9343bd2-cd48-4abe-902a-3d3f6a0b51d8_1810-91,2,0,2,0.14273572493413167
e9350702-f77c-4112-9f57-3ed08bc4b98a_0-04,2,0,2,-0.31136433159250854
e93fdf27-c14c-4794-b4b7-20685b40156f_1304-45,2,0,0,1.1808972523699757
e93fdf27-c14c-4794-b4b7-20685b40156f_1313-69,2,0,0,0.539193941687552
e95dbd21-3017-48f5-8f36-46531f053ab1_339-47,3,1,3,5.989544974812921
e95dbd21-3017-48f5-8f36-46531f053ab1_424-29,1,1,3,3.818424307099217
e95dbd21-3017-48f5-8f36-46531f053ab1_547-92,1,1,3,1.15538811111804
e95dbd21-3017-48f5-8f36-46531f053ab1_835-77,2,1,3,2.143686313897289
e9957d35-9c4d-44cc-b3b6-267dfa13841a_896-74,2,0,1,1.094122468556804
e99a32fa-19c9-41e6-be66-37869bd26583_542-40,0,1,0,1.077316617370064
e9e0f26d-3005-436a-a70f-7d99977808c8_1359-76,3,0,4,0.7438199269416066
e9e0f26d-3005-436a-a70f-7d99977808c8_1362-45,3,1,4,1.723801844172416
e9e0f26d-3005-436a-a70f-7d99977808c8_1554-09,0,0,4,0.42269237612637545
e9e0f26d-3005-436a-a70f-7d99977808c8_1690-81,3,1,4,4.465505465239801
e9ea573a-3972-48ea-b946-6cb069497bab_1785-52,3,1,4,0.7857994993430089
ea1818bb-a882-4de4-9e31-993f4cb98aa1_1361-82,0,0,2,3.2606842882154057
ea1818bb-a882-4de4-9e31-993f4cb98aa1_1362-76,0,1,2,4.067637799841151
ea1818bb-a882-4de4-9e31-993f4cb98aa1_622-65,0,1,2,1.914541572123419
ea417823-8ca0-417c-8901-114fa4f2d47f_254-62,2,1,3,1.116834712411666
ea417823-8ca0-417c-8901-114fa4f2d47f_258-70,2,1,3,2.9046097882269
ea5bb387-a22a-4b49-8aa5-35cbf0d3563d_205-22,0,0,2,1.9080017007780914
ea5bb387-a22a-4b49-8aa5-35cbf0d3563d_32-89,0,1,2,1.6049528767202668
eaa560d5-6432-4030-a03a-b6ba512e621d_61-64,1,1,4,2.6966802964699648
eabf19d3-4e52-4aee-8f14-5118626a078f_778-52,3,1,1,1.4951596404744771
eb20bebd-41e5-4a02-aa7e-73d3da5bc97e_1106-81,0,1,2,6.594070983513179
eb20bebd-41e5-4a02-aa7e-73d3da5bc97e_1223-78,1,1,2,7.450143398550595
eb20bebd-41e5-4a02-aa7e-73d3da5bc97e_1253-80,1,1,2,3.57775568714145
eb20bebd-41e5-4a02-aa7e-73d3da5bc97e_1624-37,1,1,2,4.224132104086607
eb20bebd-41e5-4a02-aa7e-73d3da5bc97e_275-45,2,1,2,1.3733879094757209
eb20bebd-41e5-4a02-aa7e-73d3da5bc97e_389-33,2,0,2,6.973647793599126
eb20bebd-41e5-4a02-aa7e-73d3da5bc97e_68-58,1,0,2,1.484370821738828
eb20bebd-41e5-4a02-aa7e-73d3da5bc97e_70-42,1,1,2,3.6517802500237506
eb2c9739-dba0-479c-81b7-9dda51c4ac20_1388-02,3,0,1,-0.03257463751813805
eb2c9739-dba0-479c-81b7-9dda51c4ac20_1465-40,3,0,1,4.278114081160439
eb2c9739-dba0-479c-81b7-9dda51c4ac20_148-23,3,0,1,-0.26102550547381165
eb2c9739-dba0-479c-81b7-9dda51c4ac20_1679-45,0,0,1,3.411952699081885
eb2c9739-dba0-479c-81b7-9dda51c4ac20_249-20,0,1,1,3.008935156317713
eb2c9739-dba0-479c-81b7-9dda51c4ac20_275-35,0,0,1,-0.20625418406261187
eb575f9b-6a52-45fb-98d8-5e9dbdd8dd63_703-22,2,0,0,2.445846588627057
eb5cb2b0-59e6-45da-af1b-ba86c7ab0b54_1263-17,1,1,1,1.5713446822216999
eb5cb2b0-59e6-45da-af1b-ba86c7ab0b54_705-79,2,0,1,2.281182973669244
eb5cb2b0-59e6-45da-af1b-ba86c7ab0b54_824-48,2,1,1,1.5652128054395877
eb5cb2b0-59e6-45da-af1b-ba86c7ab0b54_922-64,1,0,1,3.2962907742726326
eb81442c-a322-49ea-b243-a39d2e288b9b_414-51,1,1,4,0.1690261652734868
eb81442c-a322-49ea-b243-a39d2e288b9b_838-90,0,0,4,0.5252025541414052
ec02ed27-b697-44b0-ae18-a9275205bfee_9-72,0,1,4,4.213898340091118
ec3556de-be79-4ad4-aa0f-eaca48abb5d5_547-69,1,0,2,0.4902197545279676
ec75d692-c261-4df5-9939-b0edfaa309a5_1168-60,0,1,1,2.872367603407739
ec85a806-d47f-4555-8c4c-20f59927e580_1424-09,1,1,0,0.24132449500537034
ec85a806-d47f-4555-8c4c-20f59927e580_1435-56,3,0,0,3.3876852205878203
ec85a806-d47f-4555-8c4c-20f59927e580_3835-48,0,1,0,1.9752207715436414
ec85a806-d47f-4555-8c4c-20f59927e580_909-71,0,0,0,1.7388174887272816
ec86fee5-ee10-46c5-b835-07c8a8d9651e_362-34,3,0,0,2.2736368199622055
ecdc4071-1903-4024-a357-d0082720168e_107-60,1,1,0,1.2404438344980988
ecdc4071-1903-4024-a357-d0082720168e_115-49,3,0,0,-0.057583468393861414
ecdc4071-1903-4024-a357-d0082720168e_125-53,1,1,0,2.101855468197292
ecdc4071-1903-4024-a357-d0082720168e_295-94,2,1,0,4.465804107129498
ecdc4071-1903-4024-a357-d0082720168e_3-20,1,0,0,0.09379276491347688
ecdc4071-1903-4024-a357-d0082720168e_44-12,2,1,0,1.5066596705633535
ecdc4071-1903-4024-a357-d0082720168e_454-42,2,1,0,2.292122549931836
ed027cb2-5b92-4de2-ab58-69d42325ef15_1281-72,0,1,3,3.0733718118220232
ed027cb2-5b92-4de2-ab58-69d42325ef15_266-43,2,0,3,3.3881359632691317
ed027cb2-5b92-4de2-ab58-69d42325ef15_890-73,1,0,3,2.05611068736963
ed027cb2-5b92-4de2-ab58-69d42325ef15_965-69,0,1,3,2.1219888996247422
ed31f134-b3f0-4f50-b8ae-d956b2f9ccfd_2025-02,0,1,4,0.8331614440964896
ed792c47-5cb3-427c-a0e9-5dac33456e6a_1026-89,1,0,2,-0.03826282869450459
ed792c47-5cb3-427c-a0e9-5dac33456e6a_3277-79,2,1,2,-0.3056431795373682
ed792c47-5cb3-427c-a0e9-5dac33456e6a_3373-63,2,1,2,1.0507278734627528
ed792c47-5cb3-427c-a0e9-5dac33456e6a_38-58,0,0,2,0.2637323004019405
ed792c47-5cb3-427c-a0e9-5dac33456e6a_662-64,3,0,2,1.6273417406058097
ed792c47-5cb3-427c-a0e9-5dac33456e6a_968-42,2,0,2,1.3454613373893156
edaf03e3-3021-4140-8434-dc9e744ae492_178-18,3,1,3,2.5907302016659943
edd0cb68-87be-4cfe-9f2d-b0b64ea8d3e2_2291-45,0,0,4,1.7103689543010254
edd0cb68-87be-4cfe-9f2d-b0b64ea8d3e2_4865-28,2,1,4,4.1030477959900455
ede3176b-2e12-4d2d-b9e2-40a2c4e93916_78-06,2,0,2,-0.5814951003449178
ee1eea29-aaad-41a4-b299-c72ed26c9da5_801-68,3,0,1,1.1852136751772937
ee3c00d5-9759-43b3-9116-3375227aadfd_15-30,1,1,0,1.8004703523786454
ee708878-5d10-4bf3-bd8a-6d72d5cceca6_570-90,1,1,4,0.3300454684610967
eea4b231-055e-4c4e-8f95-8dd043601da6_1144-34,3,1,3,0.12278668151605898
eefcde42-5ea1-4a85-9f34-72c3ceca50f6_817-78,0,1,1,0.5092139641025418
ef641454-94d5-4fe4-bf21-710144143967_723-67,3,1,0,0.38106916572293814
ef641454-94d5-4fe4-bf21-710144143967_760-02,2,0,0,1.0968049000628752
f0041c6c-06b2-4c3b-b8e6-934305b4226e_3757-69,0,1,1,1.8739660162248697
f0041c6c-06b2-4c3b-b8e6-934305b4226e_6185-52,4,1,1,4.325534205585012
f0041c6c-06b2-4c3b-b8e6-934305b4226e_6269-35,0,1,1,2.6531271426939287
f00ec54c-9ed4-4a23-9cd7-f8728cb9d6c7_1080-52,3,0,3,1.8446346370018931
f00ec54c-9ed4-4a23-9cd7-f8728cb9d6c7_1322-65,0,1,3,1.398765711684034
f0b8d19e-28c0-4d11-bb2d-5c6576eb7dcb_138-10,1,0,3,0.24721261911238868
f0b8d19e-28c0-4d11-bb2d-5c6576eb7dcb_67-04,1,1,3,2.51200028460782
f1253f94-69c2-4f65-b8dc-e0f24c7677b4_1541-37,2,1,0,3.3302084039730913
f17f0d96-4d93-4e4b-83c5-fddfbc581bb3_963-95,2,1,0,4.265968687930316
f1b5ae1e-742c-4802-9e61-ff8aae83e12e_459-05,3,0,4,0.27797710838143996
f1f8d17c-3d2a-4a2a-9482-0a8e385e77ae_365-24,3,0,3,3.741816055246836
f2017e02-2e5b-419c-8216-5a256a925c68_269-97,1,0,2,1.9092987215875017
f22115b5-b9be-4e30-8576-7c1fcecec480_12-52,0,0,1,-0.1056441875973867
f22115b5-b9be-4e30-8576-7c1fcecec480_21-27,3,1,1,-1.5193884557608839
f2420e55-e559-40e1-9c96-863c6be763fd_1649-73,2,0,1,2.997478297058765
f246429f-404e-4023-9b82-bfe6bf1e50cd_78-11,0,1,0,1.2902153562056744
f26eb8a6-2ac4-4aa4-a500-1e738d8c8b13_1596-52,0,1,4,0.7461718882970032
f330e671-6ad4-49d4-8d59-e2493119ac43_8211-68,3,1,4,0.25552938662114255
f330e671-6ad4-49d4-8d59-e2493119ac43_9479-43,3,1,4,0.6068017125106653
f374039b-7f08-4dc3-af64-4e9ff61db531_2262-81,1,1,1,0.42323633205633115
f374039b-7f08-4dc3-af64-4e9ff61db531_425-13,0,0,1,2.322185223747345
f3c557d2-1170-4979-9a70-96d9b51fa987_228-25,2,1,0,1.914025749891657
f3c557d2-1170-4979-9a70-96d9b51fa987_265-90,0,0,0,1.9628361305299442
f488287d-ea74-4836-9ea4-e137ac6c8233_333-32,2,1,3,1.5905415605180258
f51552ce-3d91-448c-8770-9800a6b5aa50_1666-29,1,1,2,4.498101825085932
f543a47a-c081-481b-a415-cfe732ad74fe_1737-03,3,0,1,0.8490283738644032
f576f1bf-5433-488b-8833-8320f087e72b_48-29,0,0,3,1.3415003974882365
f5778003-9aea-4ca0-9398-69299ba0331c_124-11,1,1,2,-0.03159246505315849
f58900c3-5747-447c-9fa2-04c608e7f40a_18-05,2,1,0,1.1735372382610827
f58900c3-5747-447c-9fa2-04c608e7f40a_18-07,2,1,0,2.96895507596129
f5ac654b-8f39-427b-856f-4a9a2d4a3020_9-20,0,0,4,2.901396388988922
f5accd2a-0799-4345-9e0d-eb8d87a677a4_1449-87,3,0,3,0.7865727333816879
f5bdefb3-f57c-4270-bf31-7939ecd45c86_1289-58,1,0,2,0.7821991357118316
f5bdefb3-f57c-4270-bf31-7939ecd45c86_1324-59,0,0,2,3.6075891972762895
f5bdefb3-f57c-4270-bf31-7939ecd45c86_1815-24,0,0,2,1.0256582907154002
f5bdefb3-f57c-4270-bf31-7939ecd45c86_2347-29,2,0,2,0.36634089436863815
f5bdefb3-f57c-4270-bf31-7939ecd45c86_788-76,1,1,2,-0.527616399407856
f62011c7-dd9b-4dd7-abbb-d4cb891c388e_1080-00,0,0,3,1.3539627059181583
f668b2c9-d376-411b-96e5-7d7379fae824_107-18,0,1,1,2.2956955029057737
f668b2c9-d376-411b-96e5-7d7379fae824_151-21,1,1,1,0.5171335687822428
f6da4761-4774-4e05-bb2a-beca6db68f51_2233-75,3,1,2,1.4326237341030852
f6da4761-4774-4e05-bb2a-beca6db68f51_4196-85,1,0,2,1.1889233723033932
f7148e30-2ded-4d14-a8bb-f50813da26df_84-22,3,0,2,1.361497851938157
f77f437c-4e60-43ef-a5e1-ce3881409455_1543-97,1,0,1,0.2589243595156273
f7d99eca-11d5-4d45-8d60-695c3cb2f07c_431-32,0,1,0,2.6010416982062425
f8c9dee9-a82f-46e8-9cd5-9380e197ac25_28-43,0,1,4,1.374212461501726
f965d286-b521-402f-9a0e-c73b49e9806e_1758-84,3,0,0,0.91873368471
f965d286-b521-402f-9a0e-c73b49e9806e_32-71,2,1,0,-0.13070470578579463
f9a49dfd-e6f1-4827-9903-73a562ab32cd_444-64,2,1,3,2.2501954621543727
f9c337af-fdf9-4737-b4c2-c5f68cd18d6a_553-83,3,0,2,1.9487735670930462
fa35a547-13b5-4355-873c-322c1860349a_1250-17,2,0,4,0.8332255337818104
fa35a547-13b5-4355-873c-322c1860349a_128-66,4,1,4,2.3320831405951115
fa35a547-13b5-4355-873c-322c1860349a_166-55,3,0,4,1.0254346773464222
fa53388f-58ab-41a8-9f0d-55407cae3973_757-23,1,1,1,2.4855249413848277
fab481c0-842c-4536-9126-9dc375464685_728-84,3,1,0,1.979027777736946
facdbd7a-da79-48bd-9bb0-c866f675699b_1484-63,0,1,4,2.4471602854685326
fb8a0650-986c-4c08-9d97-ac432cca424e_70-34,1,0,2,2.9378297282798735
fb92d350-9bf9-4b16-8a1f-7858de276226_1246-08,0,1,1,2.8970880016018983
fb92d350-9bf9-4b16-8a1f-7858de276226_2190-65,0,1,1,2.5418348286866745
fb92d350-9bf9-4b16-8a1f-7858de276226_2422-37,0,1,1,2.6093936993333733
fb92d350-9bf9-4b16-8a1f-7858de276226_2423-62,2,1,1,3.1144815755969892
fb92d350-9bf9-4b16-8a1f-7858de276226_2438-10,1,1,1,2.21311139262077
fb92d350-9bf9-4b16-8a1f-7858de276226_32-25,3,1,1,2.445129482540363
fb92d350-9bf9-4b16-8a1f-7858de276226_540-00,2,1,1,2.301050741482202
fb92d350-9bf9-4b16-8a1f-7858de276226_561-78,0,0,1,2.7976157109247946
fb92d350-9bf9-4b16-8a1f-7858de276226_599-33,1,0,1,2.978832036004522
fb92d350-9bf9-4b16-8a1f-7858de276226_603-23,1,1,1,3.559951332328829
fb92d350-9bf9-4b16-8a1f-7858de276226_625-71,3,0,1,4.625378179242537
fb92d350-9bf9-4b16-8a1f-7858de276226_688-12,2,0,1,1.741091527547253
fb9fda68-f264-465d-9208-19876f5ef90f_63-03,4,1,3,4.364404613569949
fb9fda68-f264-465d-9208-19876f5ef90f_887-23,2,0,3,2.5845548678141124
fbc425c4-def6-49a7-8b88-5d5d00b5524e_278-29,2,1,1,1.502843987198483
fc0450d5-00cd-4d55-9a8e-68628c38ddd2_87-11,0,0,1,2.163360973635041
fc201765-9b2e-4bb3-8ca0-84bd1732fd40_335-09,1,0,0,1.5653490914940693
fcb62109-9f54-42d7-9ecd-7a60817868dc_663-41,3,1,4,1.0368306311962585
fcc14fe4-35e1-4854-b368-4541ae7bcf58_1063-13,3,1,3,1.6617566495672214
fd2ae8b4-b683-4c4b-935c-78b4dadbdbf8_2447-28,0,1,3,4.066769367102317
fd2ae8b4-b683-4c4b-935c-78b4dadbdbf8_2975-44,2,0,3,2.682186044469252
fd2ae8b4-b683-4c4b-935c-78b4dadbdbf8_3041-68,0,1,3,1.0392473955241504
fd2ae8b4-b683-4c4b-935c-78b4dadbdbf8_3860-90,3,1,3,6.948622254673218
fd2ae8b4-b683-4c4b-935c-78b4dadbdbf8_4020-41,0,1,3,2.8307955605047206
fd2ae8b4-b683-4c4b-935c-78b4dadbdbf8_4100-48,1,1,3,2.9189366374200914
fd2ae8b4-b683-4c4b-935c-78b4dadbdbf8_4288-89,1,1,3,2.0265181414723505
fd2ae8b4-b683-4c4b-935c-78b4dadbdbf8_565-30,2,1,3,2.6064045882444264
fd2ae8b4-b683-4c4b-935c-78b4dadbdbf8_966-80,2,1,3,4.454376950185349
fdbe0fbc-90a3-41b9-8898-a0c7ce3f966c_672-30,3,0,3,2.4918003190714297
fdbe0fbc-90a3-41b9-8898-a0c7ce3f966c_696-68,0,0,3,2.5469253382320507
fdc39d01-44cb-431a-96a1-558ebf4c15ae_933-99,3,1,2,2.6242705207946164
fdfa65a5-9d90-4d27-8667-cd2c511614e3_513-55,3,1,1,4.613080815711993
fdfa65a5-9d90-4d27-8667-cd2c511614e3_70-13,0,0,1,3.48975429314212
fe0b10e2-7fbb-4abc-ab5f-87ffaef34b3f_111-04,1,0,1,2.5025152959969494
fe0d5ffc-686e-4846-bce0-1a18e513bf95_2543-03,0,1,3,1.3760051934473192
fe0d5ffc-686e-4846-bce0-1a18e513bf95_483-81,3,1,3,0.5534975917740819
fe231042-6163-48cc-a1c4-1d1163b0a440_494-51,1,1,0,2.7273253772781727
fe827643-62c3-4cb9-b009-7ed43731c9bd_0-00,3,1,1,3.593283185482383
fe827643-62c3-4cb9-b009-7ed43731c9bd_273-13,1,0,1,-1.2477677874312616
fec2a5e2-615f-46b3-a320-b8741c2b6365_562-48,0,1,4,3.275512963503873
fec31c20-1910-4ab1-afc5-6aa3057a45f5_381-77,1,0,0,-0.014186796813573599
fec31c20-1910-4ab1-afc5-6aa3057a45f5_810-30,3,1,0,2.5759426731956285
fec31c20-1910-4ab1-afc5-6aa3057a45f5_825-86,2,0,0,0.822147326028843
ff15140a-4747-4c45-b95f-ff2bd36ef178_1065-69,3,0,3,3.3944332918652003
ff425cc6-7577-444b-b6f7-e250c22a1ed5_831-75,0,0,2,1.315794256189444
ffa4f27f-4e66-4b8c-ba6a-9a94f3491eb6_1093-00,1,0,2,-0.28045845261796365
fffbaeef-577f-45f0-baa9-f10cabf62dfb_278-37,3,0,3,-0.16018401088222334
