id,video_uid,timestamp_sec,video_source,correct_norm_categories,n_categories,cat_communication_legibility,cat_cooperation,cat_coordination_proactivity,cat_politeness,cat_privacy,cat_proxemics,cat_safety
af72c57c-b242-48b2-8d00-aea29f4e37ac_1063-17,af72c57c-b242-48b2-8d00-aea29f4e37ac,1063.17,minnesota,Proxemics,1,0,0,0,0,0,1,0
1f4a4d13-f083-4464-8c03-5e09f55e3f63_764-04,1f4a4d13-f083-4464-8c03-5e09f55e3f63,764.04,minnesota,Politeness|Proxemics,2,0,0,0,1,0,1,0
40b33c95-3689-4ec8-8765-7e926f623b75_1593-37,40b33c95-3689-4ec8-8765-7e926f623b75,1593.37,iiith,Coordination/Proactivity,1,0,0,1,0,0,0,0
cbc5c4fe-ed66-4525-a3d8-d691064db66b_729-17,cbc5c4fe-ed66-4525-a3d8-d691064db66b,729.17,frl_track_1_public,Politeness,1,0,0,0,1,0,0,0
07536df6-9813-42d9-93df-35835407d8ee_170-76,07536df6-9813-42d9-93df-35835407d8ee,170.76,minnesota,Proxemics|Coordination/Proactivity,2,0,0,1,0,0,1,0
89d8c9c5-fa11-4674-b08f-007f81958555_240-15,89d8c9c5-fa11-4674-b08f-007f81958555,240.15,minnesota,Safety|Cooperation,2,0,1,0,0,0,0,1
8d85aa58-438d-413c-b8b3-ae5417737c5c_1900-47,8d85aa58-438d-413c-b8b3-ae5417737c5c,1900.47,iiith,Cooperation|Communication/Legibility,2,1,1,0,0,0,0,0
5ed59c41-af9e-4368-a0ce-30d536d34895_1575-15,5ed59c41-af9e-4368-a0ce-30d536d34895,1575.15,kaust,Proxemics,1,0,0,0,0,0,1,0
54a421d2-763e-4751-a6b4-54e3d6c46cc1_1143-22,54a421d2-763e-4751-a6b4-54e3d6c46cc1,1143.22,minnesota,Politeness|Proxemics,2,0,0,0,1,0,1,0
6243586b-a8df-4c37-95f8-da7f4f5d57d6_513-82,6243586b-a8df-4c37-95f8-da7f4f5d57d6,513.82,frl_track_1_public,Cooperation,1,0,1,0,0,0,0,0
2d01625b-b7c4-41aa-989b-2d0b392d8b54_1323-22,2d01625b-b7c4-41aa-989b-2d0b392d8b54,1323.22,frl_track_1_public,Cooperation,1,0,1,0,0,0,0,0
aca9e131-8b44-4e59-8394-24a494c19801_183-42,aca9e131-8b44-4e59-8394-24a494c19801,183.42,minnesota,Politeness|Cooperation,2,0,1,0,1,0,0,0
b925520a-853c-442e-8a39-6679cce1e9f4_1253-01,b925520a-853c-442e-8a39-6679cce1e9f4,1253.01,frl_track_1_public,Politeness|Communication/Legibility,2,1,0,0,1,0,0,0
6f93978d-a3d0-467d-b401-e23b3c92f3bf_5299-41,6f93978d-a3d0-467d-b401-e23b3c92f3bf,5299.41,iiith,Politeness|Safety,2,0,0,0,1,0,0,1
92153977-6016-4863-be78-c4af25a56a0f_394-80,92153977-6016-4863-be78-c4af25a56a0f,394.8,minnesota,,0,0,0,0,0,0,0,0
1f6eb61d-74fa-411e-979c-2e66e71f2b7d_501-62,1f6eb61d-74fa-411e-979c-2e66e71f2b7d,501.62,minnesota,Safety|Cooperation|Coordination/Proactivity,3,0,1,1,0,0,0,1
c6b1f7dc-3301-46e6-867a-312a5f8e7a0f_13-11,c6b1f7dc-3301-46e6-867a-312a5f8e7a0f,13.11,nus,Politeness|Communication/Legibility,2,1,0,0,1,0,0,0
5605bd9a-d151-4d5b-b0f6-cfc28ae6937e_4053-60,5605bd9a-d151-4d5b-b0f6-cfc28ae6937e,4053.6,iiith,Communication/Legibility,1,1,0,0,0,0,0,0
7220ce3a-b740-44db-815d-222d914e2dfd_114-26,7220ce3a-b740-44db-815d-222d914e2dfd,114.26,frl_track_1_public,Cooperation|Communication/Legibility,2,1,1,0,0,0,0,0
ef641454-94d5-4fe4-bf21-710144143967_723-67,ef641454-94d5-4fe4-bf21-710144143967,723.67,minnesota,Safety|Politeness,2,0,0,0,1,0,0,1
9e9c5b05-c7d4-450d-9850-e6ae83caa9a5_3297-13,9e9c5b05-c7d4-450d-9850-e6ae83caa9a5,3297.13,iiith,Proxemics|Cooperation,2,0,1,0,0,0,1,0
cb0013d1-84a7-42c7-962a-3b00043365e5_1957-07,cb0013d1-84a7-42c7-962a-3b00043365e5,1957.07,iiith,Cooperation|Communication/Legibility|Coordination/Proactivity,3,1,1,1,0,0,0,0
e21a6f09-3df0-4bfb-a23b-47a1866aadf1_511-16,e21a6f09-3df0-4bfb-a23b-47a1866aadf1,511.16,minnesota,Cooperation|Communication/Legibility,2,1,1,0,0,0,0,0
c58e1887-0314-4cb3-a09d-5ba529d8eda0_6-27,c58e1887-0314-4cb3-a09d-5ba529d8eda0,6.27,minnesota,Cooperation|Communication/Legibility,2,1,1,0,0,0,0,0
cd1d3c56-69ca-4602-944e-bb9fabb9710b_1865-43,cd1d3c56-69ca-4602-944e-bb9fabb9710b,1865.43,nus,Communication/Legibility|Cooperation,2,1,1,0,0,0,0,0
41ebc581-9f9a-44d5-9c73-8bf287c43856_3353-58,41ebc581-9f9a-44d5-9c73-8bf287c43856,3353.58,frl_track_1_public,,0,0,0,0,0,0,0,0
358e65ba-1ce0-46f6-a1b4-1c85569ef628_3143-38,358e65ba-1ce0-46f6-a1b4-1c85569ef628,3143.38,frl_track_1_public,Politeness|Proxemics,2,0,0,0,1,0,1,0
860be163-394f-48bb-9068-37e1c383ff73_736-68,860be163-394f-48bb-9068-37e1c383ff73,736.68,iiith,Safety|Proxemics|Coordination/Proactivity,3,0,0,1,0,0,1,1
426eb9d9-d4cf-4acc-9efb-979f61a5be91_785-24,426eb9d9-d4cf-4acc-9efb-979f61a5be91,785.24,iiith,Safety,1,0,0,0,0,0,0,1
a95545b6-8b1e-4d77-a209-c1accf3b057b_34-20,a95545b6-8b1e-4d77-a209-c1accf3b057b,34.2,minnesota,Cooperation,1,0,1,0,0,0,0,0
ea1818bb-a882-4de4-9e31-993f4cb98aa1_1361-82,ea1818bb-a882-4de4-9e31-993f4cb98aa1,1361.82,frl_track_1_public,Politeness|Communication/Legibility,2,1,0,0,1,0,0,0
d9bc2b47-181e-4fea-b153-15272b1646e1_589-30,d9bc2b47-181e-4fea-b153-15272b1646e1,589.3,frl_track_1_public,Cooperation,1,0,1,0,0,0,0,0
3024e27a-237a-4b48-8ea9-b9b16181eaf1_49-89,3024e27a-237a-4b48-8ea9-b9b16181eaf1,49.89,nus,Cooperation|Coordination/Proactivity|Communication/Legibility,3,1,1,1,0,0,0,0
af215e0f-56c7-4356-9aad-a3a5fb7bbc4f_4362-30,af215e0f-56c7-4356-9aad-a3a5fb7bbc4f,4362.3,iiith,Proxemics,1,0,0,0,0,0,1,0
3c54ff87-27c0-4ab8-b934-4f0289221bff_279-60,3c54ff87-27c0-4ab8-b934-4f0289221bff,279.6,minnesota,Proxemics|Politeness|Cooperation,3,0,1,0,1,0,1,0
262fd2ec-8eba-44d9-8082-4d0574f7a515_3060-97,262fd2ec-8eba-44d9-8082-4d0574f7a515,3060.97,frl_track_1_public,Politeness|Communication/Legibility|Proxemics,3,1,0,0,1,0,1,0
9155f5b9-6235-484f-990d-fbd3010a791e_1650-00,9155f5b9-6235-484f-990d-fbd3010a791e,1650.0,kaust,Communication/Legibility,1,1,0,0,0,0,0,0
f246429f-404e-4023-9b82-bfe6bf1e50cd_78-11,f246429f-404e-4023-9b82-bfe6bf1e50cd,78.11,minnesota,Safety,1,0,0,0,0,0,0,1
342cb558-ab3e-4b04-8169-a68bbf06a448_1575-74,342cb558-ab3e-4b04-8169-a68bbf06a448,1575.74,minnesota,Safety|Cooperation,2,0,1,0,0,0,0,1
699b47de-9fc5-4b98-ba35-ecf79886a8db_782-75,699b47de-9fc5-4b98-ba35-ecf79886a8db,782.75,iiith,Cooperation,1,0,1,0,0,0,0,0
6e0c294c-d634-4804-8d41-cd6e9d79f0b9_1656-45,6e0c294c-d634-4804-8d41-cd6e9d79f0b9,1656.45,frl_track_1_public,Politeness|Cooperation,2,0,1,0,1,0,0,0
3024e27a-237a-4b48-8ea9-b9b16181eaf1_310-08,3024e27a-237a-4b48-8ea9-b9b16181eaf1,310.08,nus,Politeness|Cooperation,2,0,1,0,1,0,0,0
0ece1a2a-2da0-4b28-ac8c-bf9f04c0d17c_713-12,0ece1a2a-2da0-4b28-ac8c-bf9f04c0d17c,713.12,iiith,Politeness|Proxemics,2,0,0,0,1,0,1,0
3091004e-8606-417e-8bc2-7922f951845f_73-46,3091004e-8606-417e-8bc2-7922f951845f,73.46,iiith,Cooperation|Communication/Legibility|Politeness,3,1,1,0,1,0,0,0
5ead8e7c-2600-44b1-afd6-b82cb5f7b9ce_195-55,5ead8e7c-2600-44b1-afd6-b82cb5f7b9ce,195.55,minnesota,Safety|Cooperation|Communication/Legibility,3,1,1,0,0,0,0,1
b68f87f0-29be-4516-a34a-dda69dd84a56_274-36,b68f87f0-29be-4516-a34a-dda69dd84a56,274.36,bristol,Safety,1,0,0,0,0,0,0,1
a48f66dc-d07c-4ca9-aa3b-b08ea5802194_1914-01,a48f66dc-d07c-4ca9-aa3b-b08ea5802194,1914.01,nus,Communication/Legibility|Cooperation,2,1,1,0,0,0,0,0
1c983176-b07a-4a69-ae51-de7829de6b6a_1090-54,1c983176-b07a-4a69-ae51-de7829de6b6a,1090.54,frl_track_1_public,Proxemics|Politeness|Communication/Legibility,3,1,0,0,1,0,1,0
85b87948-4578-4912-95cb-addd19cfd31a_1580-85,85b87948-4578-4912-95cb-addd19cfd31a,1580.85,iiith,Politeness|Cooperation|Communication/Legibility,3,1,1,0,1,0,0,0
8bb4369f-a6e0-45a3-9d2d-fd5d5c686ccc_276-24,8bb4369f-a6e0-45a3-9d2d-fd5d5c686ccc,276.24,kaust,Proxemics|Politeness,2,0,0,0,1,0,1,0
ea1818bb-a882-4de4-9e31-993f4cb98aa1_1362-76,ea1818bb-a882-4de4-9e31-993f4cb98aa1,1362.76,frl_track_1_public,Politeness|Communication/Legibility,2,1,0,0,1,0,0,0
6f27deaa-7133-4bbb-b9ed-5310d6d05a50_549-73,6f27deaa-7133-4bbb-b9ed-5310d6d05a50,549.73,iiith,Cooperation|Coordination/Proactivity,2,0,1,1,0,0,0,0
963c1ecc-d25e-4c0a-b447-9b26f3778efc_207-31,963c1ecc-d25e-4c0a-b447-9b26f3778efc,207.31,minnesota,Proxemics|Safety,2,0,0,0,0,0,1,1
8d50f526-624c-40bd-b696-7ad6ce5746ab_22-55,8d50f526-624c-40bd-b696-7ad6ce5746ab,22.55,unict,Proxemics,1,0,0,0,0,0,1,0
e93fdf27-c14c-4794-b4b7-20685b40156f_1304-45,e93fdf27-c14c-4794-b4b7-20685b40156f,1304.45,frl_track_1_public,Politeness|Communication/Legibility,2,1,0,0,1,0,0,0
6cd8942a-866f-46ef-af6d-5d895723f439_1831-82,6cd8942a-866f-46ef-af6d-5d895723f439,1831.82,iiith,Proxemics|Cooperation|Communication/Legibility,3,1,1,0,0,0,1,0
af215e0f-56c7-4356-9aad-a3a5fb7bbc4f_4328-60,af215e0f-56c7-4356-9aad-a3a5fb7bbc4f,4328.6,iiith,Politeness|Proxemics|Cooperation,3,0,1,0,1,0,1,0
ca22ace6-2d0e-4e0b-98d4-60544e5af4d5_4682-68,ca22ace6-2d0e-4e0b-98d4-60544e5af4d5,4682.68,indiana,Politeness|Communication/Legibility,2,1,0,0,1,0,0,0
e3283ef1-1659-4d5c-a09d-fd0f4df98aba_73-31,e3283ef1-1659-4d5c-a09d-fd0f4df98aba,73.31,minnesota,Proxemics|Cooperation,2,0,1,0,0,0,1,0
56504e4e-a228-4b28-baa4-1ce2de03c2d4_1630-93,56504e4e-a228-4b28-baa4-1ce2de03c2d4,1630.93,iiith,Communication/Legibility,1,1,0,0,0,0,0,0
c23eaef5-7441-42b4-9456-9f5a4a1bd615_11-29,c23eaef5-7441-42b4-9456-9f5a4a1bd615,11.29,frl_track_1_public,,0,0,0,0,0,0,0,0
750c5383-58f6-4063-8cc8-50691a68994d_562-01,750c5383-58f6-4063-8cc8-50691a68994d,562.01,frl_track_1_public,Safety|Cooperation,2,0,1,0,0,0,0,1
46c3b557-dbda-4868-a9c8-43741d5815e1_288-99,46c3b557-dbda-4868-a9c8-43741d5815e1,288.99,iiith,Safety|Proxemics,2,0,0,0,0,0,1,1
c93e077c-9f51-449c-b130-8be107c8a7d5_152-99,c93e077c-9f51-449c-b130-8be107c8a7d5,152.99,iiith,Cooperation|Coordination/Proactivity,2,0,1,1,0,0,0,0
d0c0065b-79d2-4e6f-9c0f-e212dd17a0ca_31-42,d0c0065b-79d2-4e6f-9c0f-e212dd17a0ca,31.42,unict,Politeness|Proxemics|Communication/Legibility,3,1,0,0,1,0,1,0
5f2d9e8b-6e0b-4e36-9f5b-d26bbe0a7c7c_1129-51,5f2d9e8b-6e0b-4e36-9f5b-d26bbe0a7c7c,1129.51,frl_track_1_public,Proxemics|Politeness|Communication/Legibility,3,1,0,0,1,0,1,0
5605bd9a-d151-4d5b-b0f6-cfc28ae6937e_457-07,5605bd9a-d151-4d5b-b0f6-cfc28ae6937e,457.07,iiith,Cooperation|Communication/Legibility,2,1,1,0,0,0,0,0
69c7d261-18f8-4a1d-9f56-6b4e8eac4d23_601-00,69c7d261-18f8-4a1d-9f56-6b4e8eac4d23,601.0,iiith,Proxemics,1,0,0,0,0,0,1,0
23ac3708-df1d-4bb0-a4c7-b2a66855dccb_447-26,23ac3708-df1d-4bb0-a4c7-b2a66855dccb,447.26,frl_track_1_public,,0,0,0,0,0,0,0,0
0cd16e31-6045-45ea-b0d7-105116f9e6d1_1433-59,0cd16e31-6045-45ea-b0d7-105116f9e6d1,1433.59,minnesota,Proxemics|Cooperation,2,0,1,0,0,0,1,0
c7f71299-a622-4a9a-b225-019335d6f2d2_607-47,c7f71299-a622-4a9a-b225-019335d6f2d2,607.47,iiith,Cooperation|Safety,2,0,1,0,0,0,0,1
50c1df1c-e016-472a-b0ac-d297b0c82e87_3264-37,50c1df1c-e016-472a-b0ac-d297b0c82e87,3264.37,iiith,Cooperation|Coordination/Proactivity,2,0,1,1,0,0,0,0
3ffb9247-a141-4056-a644-dd3fbab708a4_364-69,3ffb9247-a141-4056-a644-dd3fbab708a4,364.69,minnesota,Politeness|Communication/Legibility,2,1,0,0,1,0,0,0
d0396c77-6ecc-4d9f-bda1-af051699d0cf_3645-32,d0396c77-6ecc-4d9f-bda1-af051699d0cf,3645.32,iiith,Cooperation|Communication/Legibility,2,1,1,0,0,0,0,0
406f3614-0b99-4b3f-b3cb-a4590bad9e27_811-10,406f3614-0b99-4b3f-b3cb-a4590bad9e27,811.1,minnesota,Cooperation,1,0,1,0,0,0,0,0
4c53aaac-76f0-4874-ab1c-738286b9698e_902-84,4c53aaac-76f0-4874-ab1c-738286b9698e,902.84,nus,Cooperation|Coordination/Proactivity,2,0,1,1,0,0,0,0
40b33c95-3689-4ec8-8765-7e926f623b75_726-75,40b33c95-3689-4ec8-8765-7e926f623b75,726.75,iiith,Cooperation,1,0,1,0,0,0,0,0
5d8dfcfe-93e4-465e-a548-44c1442ffa29_291-14,5d8dfcfe-93e4-465e-a548-44c1442ffa29,291.14,frl_track_1_public,Proxemics|Politeness|Communication/Legibility,3,1,0,0,1,0,1,0
c9595c28-a46b-4571-9796-3802af307bf2_188-17,c9595c28-a46b-4571-9796-3802af307bf2,188.17,frl_track_1_public,,0,0,0,0,0,0,0,0
e2e46fb1-9014-426b-9bd4-ea0b995feb31_1007-32,e2e46fb1-9014-426b-9bd4-ea0b995feb31,1007.32,frl_track_1_public,Cooperation|Politeness,2,0,1,0,1,0,0,0
d6f9d174-2d42-49e7-83e4-daa9e8b0aa25_831-84,d6f9d174-2d42-49e7-83e4-daa9e8b0aa25,831.84,frl_track_1_public,Proxemics|Coordination/Proactivity,2,0,0,1,0,0,1,0
2a2ff7db-5460-4296-a8a7-946ba628226d_1549-08,2a2ff7db-5460-4296-a8a7-946ba628226d,1549.08,iiith,Safety|Cooperation,2,0,1,0,0,0,0,1
a448297b-ae62-4712-bc4f-849b39176558_2588-08,a448297b-ae62-4712-bc4f-849b39176558,2588.08,minnesota,Cooperation|Communication/Legibility,2,1,1,0,0,0,0,0
eb81442c-a322-49ea-b243-a39d2e288b9b_414-51,eb81442c-a322-49ea-b243-a39d2e288b9b,414.51,minnesota,Politeness|Cooperation,2,0,1,0,1,0,0,0
ade9b865-951f-4a27-b6cb-ce12cb613de8_887-25,ade9b865-951f-4a27-b6cb-ce12cb613de8,887.25,iiith,Proxemics|Cooperation|Communication/Legibility,3,1,1,0,0,0,1,0
1a50cd38-dda2-41d0-8a6f-294f17373d97_2805-73,1a50cd38-dda2-41d0-8a6f-294f17373d97,2805.73,iiith,Safety|Communication/Legibility,2,1,0,0,0,0,0,1
dd82f801-fc96-4ced-b066-ad559da3faab_284-37,dd82f801-fc96-4ced-b066-ad559da3faab,284.37,minnesota,Safety|Cooperation,2,0,1,0,0,0,0,1
1acd2d5c-b0d4-4ec5-a54c-6a9c84cb11f6_23-18,1acd2d5c-b0d4-4ec5-a54c-6a9c84cb11f6,23.18,minnesota,Politeness|Coordination/Proactivity,2,0,0,1,1,0,0,0
2dfec7b6-c8b0-4cd0-baf6-4a963aed1d6a_1906-66,2dfec7b6-c8b0-4cd0-baf6-4a963aed1d6a,1906.66,minnesota,Safety|Cooperation|Communication/Legibility,3,1,1,0,0,0,0,1
ed027cb2-5b92-4de2-ab58-69d42325ef15_266-43,ed027cb2-5b92-4de2-ab58-69d42325ef15,266.43,frl_track_1_public,Safety|Politeness|Privacy,3,0,0,0,1,1,0,1
af0cc15a-5452-42fb-92dd-a3f50136bf12_3147-74,af0cc15a-5452-42fb-92dd-a3f50136bf12,3147.74,frl_track_1_public,Communication/Legibility,1,1,0,0,0,0,0,0
8b89d35d-5e19-4240-b45e-7a692cf962e3_392-22,8b89d35d-5e19-4240-b45e-7a692cf962e3,392.22,unict,Safety,1,0,0,0,0,0,0,1
c7da3efd-4a18-458e-90fd-f757ed966a63_8-87,c7da3efd-4a18-458e-90fd-f757ed966a63,8.87,iiith,Proxemics,1,0,0,0,0,0,1,0
aae90bb1-c8b8-433c-98b6-2bc5f20af6ea_569-99,aae90bb1-c8b8-433c-98b6-2bc5f20af6ea,569.99,iiith,,0,0,0,0,0,0,0,0
abca0171-5e73-426e-9ba1-49a6339b2ef5_979-03,abca0171-5e73-426e-9ba1-49a6339b2ef5,979.03,iiith,Cooperation|Coordination/Proactivity,2,0,1,1,0,0,0,0
744c58f8-9a76-40d4-838f-8c7676fcb316_140-01,744c58f8-9a76-40d4-838f-8c7676fcb316,140.01,iiith,Safety|Cooperation|Politeness,3,0,1,0,1,0,0,1
134a4c63-583a-4e64-8cf9-002b6d26cdf1_464-01,134a4c63-583a-4e64-8cf9-002b6d26cdf1,464.01,kaust,Safety|Cooperation,2,0,1,0,0,0,0,1
b5d691f6-1618-467e-9fc9-d2ebd8eaafe4_488-95,b5d691f6-1618-467e-9fc9-d2ebd8eaafe4,488.95,iiith,Safety|Cooperation,2,0,1,0,0,0,0,1
5e193b30-3e79-4851-801b-dab99125cd44_3348-61,5e193b30-3e79-4851-801b-dab99125cd44,3348.61,frl_track_1_public,Safety|Cooperation,2,0,1,0,0,0,0,1
c0eea386-412b-4127-a2d3-352322a0038c_830-51,c0eea386-412b-4127-a2d3-352322a0038c,830.51,kaust,Cooperation|Communication/Legibility,2,1,1,0,0,0,0,0
75ee5afa-d891-4653-ac4c-d81db1a90af7_32-52,75ee5afa-d891-4653-ac4c-d81db1a90af7,32.52,minnesota,Proxemics,1,0,0,0,0,0,1,0
1b4b9493-2f3b-48e2-ba96-4feb9b9e98a1_408-70,1b4b9493-2f3b-48e2-ba96-4feb9b9e98a1,408.7,frl_track_1_public,Proxemics|Coordination/Proactivity,2,0,0,1,0,0,1,0
db35b386-4c65-4c5e-a488-51b2aa5eb1fb_554-63,db35b386-4c65-4c5e-a488-51b2aa5eb1fb,554.63,iiith,Safety|Coordination/Proactivity,2,0,0,1,0,0,0,1
2d01625b-b7c4-41aa-989b-2d0b392d8b54_328-63,2d01625b-b7c4-41aa-989b-2d0b392d8b54,328.63,frl_track_1_public,Politeness|Communication/Legibility,2,1,0,0,1,0,0,0
0d08f503-89df-4dd8-a238-4e1749d2fe22_5-63,0d08f503-89df-4dd8-a238-4e1749d2fe22,5.63,minnesota,Cooperation|Communication/Legibility,2,1,1,0,0,0,0,0
8cda2388-6f45-46d4-8ded-4ba2e23b309f_463-28,8cda2388-6f45-46d4-8ded-4ba2e23b309f,463.28,minnesota,Proxemics|Communication/Legibility|Politeness,3,1,0,0,1,0,1,0
54a421d2-763e-4751-a6b4-54e3d6c46cc1_676-59,54a421d2-763e-4751-a6b4-54e3d6c46cc1,676.59,minnesota,Politeness|Communication/Legibility,2,1,0,0,1,0,0,0
d64fb34a-08fd-416c-ac6f-86a0813869a8_810-92,d64fb34a-08fd-416c-ac6f-86a0813869a8,810.92,minnesota,Cooperation|Coordination/Proactivity,2,0,1,1,0,0,0,0
48acd7ed-cafc-494b-9e47-8dddcdf0fa75_819-59,48acd7ed-cafc-494b-9e47-8dddcdf0fa75,819.59,minnesota,Cooperation,1,0,1,0,0,0,0,0
bd96484b-6f8c-492b-8969-cae99c868b4d_2855-28,bd96484b-6f8c-492b-8969-cae99c868b4d,2855.28,iiith,Cooperation|Communication/Legibility,2,1,1,0,0,0,0,0
e21a6f09-3df0-4bfb-a23b-47a1866aadf1_526-23,e21a6f09-3df0-4bfb-a23b-47a1866aadf1,526.23,minnesota,Proxemics|Politeness|Communication/Legibility,3,1,0,0,1,0,1,0
dd82f801-fc96-4ced-b066-ad559da3faab_1788-27,dd82f801-fc96-4ced-b066-ad559da3faab,1788.27,minnesota,Politeness|Safety|Communication/Legibility,3,1,0,0,1,0,0,1
3e418323-3ff7-4d03-9b60-275f1e20f5dc_589-19,3e418323-3ff7-4d03-9b60-275f1e20f5dc,589.19,frl_track_1_public,Politeness|Cooperation,2,0,1,0,1,0,0,0
d64fb34a-08fd-416c-ac6f-86a0813869a8_494-32,d64fb34a-08fd-416c-ac6f-86a0813869a8,494.32,minnesota,Safety|Politeness|Cooperation,3,0,1,0,1,0,0,1
c3acdda3-cd92-48c3-9052-45b57cb27e5a_1390-16,c3acdda3-cd92-48c3-9052-45b57cb27e5a,1390.16,minnesota,Politeness|Communication/Legibility,2,1,0,0,1,0,0,0
072623e8-1889-4580-8175-ddc05a3dceb3_89-78,072623e8-1889-4580-8175-ddc05a3dceb3,89.78,iiith,Politeness|Safety,2,0,0,0,1,0,0,1
fb9fda68-f264-465d-9208-19876f5ef90f_63-03,fb9fda68-f264-465d-9208-19876f5ef90f,63.03,frl_track_1_public,Politeness|Cooperation,2,0,1,0,1,0,0,0
b2e6a3f7-aa49-42c5-990a-8ef89d2c9d33_987-28,b2e6a3f7-aa49-42c5-990a-8ef89d2c9d33,987.28,iiith,Cooperation|Coordination/Proactivity,2,0,1,1,0,0,0,0
24e24f1f-af43-4ee5-86be-2a4d5cf772c5_194-62,24e24f1f-af43-4ee5-86be-2a4d5cf772c5,194.62,minnesota,Safety|Cooperation|Communication/Legibility,3,1,1,0,0,0,0,1
998d4e6e-f579-4872-b706-767c5f392825_5282-59,998d4e6e-f579-4872-b706-767c5f392825,5282.59,iiith,Safety|Cooperation,2,0,1,0,0,0,0,1
82e96128-1242-4e57-8a3e-9ea222df022c_2985-80,82e96128-1242-4e57-8a3e-9ea222df022c,2985.8,iiith,Proxemics|Communication/Legibility,2,1,0,0,0,0,1,0
98fcbc28-9542-4f3c-9a03-73af08fb989d_1063-08,98fcbc28-9542-4f3c-9a03-73af08fb989d,1063.08,frl_track_1_public,Politeness|Communication/Legibility,2,1,0,0,1,0,0,0
40f3258a-f7d8-4b05-8b6a-bd9f8d5b85fb_792-58,40f3258a-f7d8-4b05-8b6a-bd9f8d5b85fb,792.58,frl_track_1_public,Proxemics|Cooperation|Politeness,3,0,1,0,1,0,1,0
f8c9dee9-a82f-46e8-9cd5-9380e197ac25_28-43,f8c9dee9-a82f-46e8-9cd5-9380e197ac25,28.43,frl_track_1_public,Politeness|Cooperation|Communication/Legibility,3,1,1,0,1,0,0,0
378af037-7200-4d75-8f83-ddc74e1cd2dc_3193-87,378af037-7200-4d75-8f83-ddc74e1cd2dc,3193.87,frl_track_1_public,,0,0,0,0,0,0,0,0
fdbe0fbc-90a3-41b9-8898-a0c7ce3f966c_696-68,fdbe0fbc-90a3-41b9-8898-a0c7ce3f966c,696.68,minnesota,Politeness|Cooperation,2,0,1,0,1,0,0,0
d64fb34a-08fd-416c-ac6f-86a0813869a8_466-80,d64fb34a-08fd-416c-ac6f-86a0813869a8,466.8,minnesota,Proxemics|Politeness|Cooperation,3,0,1,0,1,0,1,0
6edb5c87-ae95-4185-807f-06d37124d2b7_659-31,6edb5c87-ae95-4185-807f-06d37124d2b7,659.31,minnesota,Proxemics,1,0,0,0,0,0,1,0
c8b61175-cfa4-44f9-a88b-76609ffa4ca3_3008-85,c8b61175-cfa4-44f9-a88b-76609ffa4ca3,3008.85,frl_track_1_public,Politeness|Cooperation,2,0,1,0,1,0,0,0
620d3087-c6fb-4b08-bb6a-4dc4ede3b994_232-40,620d3087-c6fb-4b08-bb6a-4dc4ede3b994,232.4,iiith,Safety,1,0,0,0,0,0,0,1
c92cfd96-21ca-4b52-a56a-6345fbf57de0_2877-33,c92cfd96-21ca-4b52-a56a-6345fbf57de0,2877.33,iiith,Politeness,1,0,0,0,1,0,0,0
aa19d5c0-35b6-4ec2-9865-07f556c341de_76-28,aa19d5c0-35b6-4ec2-9865-07f556c341de,76.28,iiith,Safety|Proxemics|Cooperation,3,0,1,0,0,0,1,1
e00d8164-9996-48ed-8645-bb88ab30cc09_113-51,e00d8164-9996-48ed-8645-bb88ab30cc09,113.51,iiith,Cooperation|Coordination/Proactivity|Proxemics,3,0,1,1,0,0,1,0
e1b0b312-ce2d-41a0-be5a-70c807fcc5ef_2287-10,e1b0b312-ce2d-41a0-be5a-70c807fcc5ef,2287.1,iiith,Safety|Cooperation,2,0,1,0,0,0,0,1
ea417823-8ca0-417c-8901-114fa4f2d47f_254-62,ea417823-8ca0-417c-8901-114fa4f2d47f,254.62,minnesota,Politeness|Proxemics,2,0,0,0,1,0,1,0
0548b16c-cc3f-475d-82a4-9a73109d4327_1779-11,0548b16c-cc3f-475d-82a4-9a73109d4327,1779.11,minnesota,Politeness|Cooperation|Communication/Legibility,3,1,1,0,1,0,0,0
dd0aa717-59d8-4d8a-9f11-21be827fb184_406-80,dd0aa717-59d8-4d8a-9f11-21be827fb184,406.8,frl_track_1_public,Communication/Legibility|Politeness,2,1,0,0,1,0,0,0
baaffbad-76a7-458a-8a54-7b593ab073f6_329-73,baaffbad-76a7-458a-8a54-7b593ab073f6,329.73,iiith,Safety|Cooperation|Coordination/Proactivity,3,0,1,1,0,0,0,1
af400f98-3c57-46ad-acac-eaca6f940180_3432-31,af400f98-3c57-46ad-acac-eaca6f940180,3432.31,iiith,Proxemics,1,0,0,0,0,0,1,0
ed792c47-5cb3-427c-a0e9-5dac33456e6a_38-58,ed792c47-5cb3-427c-a0e9-5dac33456e6a,38.58,iiith,Cooperation|Proxemics,2,0,1,0,0,0,1,0
0ece1a2a-2da0-4b28-ac8c-bf9f04c0d17c_2285-27,0ece1a2a-2da0-4b28-ac8c-bf9f04c0d17c,2285.27,iiith,Safety|Cooperation,2,0,1,0,0,0,0,1
ed792c47-5cb3-427c-a0e9-5dac33456e6a_3373-63,ed792c47-5cb3-427c-a0e9-5dac33456e6a,3373.63,iiith,Proxemics|Cooperation,2,0,1,0,0,0,1,0
1aa426b2-4d83-4b56-9d3c-4616adc464c8_300-08,1aa426b2-4d83-4b56-9d3c-4616adc464c8,300.08,frl_track_1_public,Politeness|Coordination/Proactivity,2,0,0,1,1,0,0,0
2893d559-89cb-4125-a761-3ff8e68768a9_88-42,2893d559-89cb-4125-a761-3ff8e68768a9,88.42,minnesota,Proxemics|Politeness|Coordination/Proactivity,3,0,0,1,1,0,1,0
af8dda66-0025-4ee4-9888-b568b28986e6_3283-52,af8dda66-0025-4ee4-9888-b568b28986e6,3283.52,frl_track_1_public,Politeness|Communication/Legibility,2,1,0,0,1,0,0,0
2dfec7b6-c8b0-4cd0-baf6-4a963aed1d6a_1092-32,2dfec7b6-c8b0-4cd0-baf6-4a963aed1d6a,1092.32,minnesota,Safety|Cooperation|Communication/Legibility,3,1,1,0,0,0,0,1
bdb29a9e-d6d4-4918-9870-464abeae48d2_837-68,bdb29a9e-d6d4-4918-9870-464abeae48d2,837.68,kaust,Communication/Legibility,1,1,0,0,0,0,0,0
dd508a2a-1ea7-43d2-805a-8080eeae9985_1133-08,dd508a2a-1ea7-43d2-805a-8080eeae9985,1133.08,iiith,Cooperation,1,0,1,0,0,0,0,0
1f61d972-e61b-4846-af3a-d09db9f111f8_17-26,1f61d972-e61b-4846-af3a-d09db9f111f8,17.26,nus,Cooperation|Politeness,2,0,1,0,1,0,0,0
45c274b8-54e6-4187-9fd9-73c0b0ada28d_109-66,45c274b8-54e6-4187-9fd9-73c0b0ada28d,109.66,nus,Politeness|Communication/Legibility|Cooperation,3,1,1,0,1,0,0,0
9490a06b-3fa1-47b6-b470-facb3d61ac57_153-78,9490a06b-3fa1-47b6-b470-facb3d61ac57,153.78,nus,Proxemics|Communication/Legibility|Cooperation,3,1,1,0,0,0,1,0
62103d3d-d89d-4f54-a766-1beb22eb994b_179-41,62103d3d-d89d-4f54-a766-1beb22eb994b,179.41,iiith,Cooperation|Communication/Legibility,2,1,1,0,0,0,0,0
839c2689-76f1-4e8c-893d-93675663dd93_582-68,839c2689-76f1-4e8c-893d-93675663dd93,582.68,unict,Politeness|Privacy,2,0,0,0,1,1,0,0
5b0c9075-f81d-488c-9862-c9c3b9ca27b5_843-40,5b0c9075-f81d-488c-9862-c9c3b9ca27b5,843.4,minnesota,,0,0,0,0,0,0,0,0
56c5fea0-73fb-4239-b740-1faf19e75e6f_1246-35,56c5fea0-73fb-4239-b740-1faf19e75e6f,1246.35,frl_track_1_public,Proxemics|Cooperation|Coordination/Proactivity,3,0,1,1,0,0,1,0
f5bdefb3-f57c-4270-bf31-7939ecd45c86_1815-24,f5bdefb3-f57c-4270-bf31-7939ecd45c86,1815.24,iiith,Cooperation|Proxemics,2,0,1,0,0,0,1,0
b7022084-61ea-470f-b2cd-49be2ecaf3aa_18-42,b7022084-61ea-470f-b2cd-49be2ecaf3aa,18.42,frl_track_1_public,Politeness|Communication/Legibility,2,1,0,0,1,0,0,0
c8d51f6b-7329-4367-9b24-941fa79794d2_2516-44,c8d51f6b-7329-4367-9b24-941fa79794d2,2516.44,kaust,Politeness|Proxemics|Cooperation,3,0,1,0,1,0,1,0
4d45174a-6a77-48cd-a8f2-9b93e2d47f07_604-84,4d45174a-6a77-48cd-a8f2-9b93e2d47f07,604.84,iiith,Privacy,1,0,0,0,0,1,0,0
c864505c-9d49-4da4-bf7e-254b4c348c03_191-07,c864505c-9d49-4da4-bf7e-254b4c348c03,191.07,nus,Politeness|Cooperation,2,0,1,0,1,0,0,0
620d3087-c6fb-4b08-bb6a-4dc4ede3b994_1607-58,620d3087-c6fb-4b08-bb6a-4dc4ede3b994,1607.58,iiith,Safety|Cooperation,2,0,1,0,0,0,0,1
b8ead1f7-ae4c-4c7c-8b2a-35599fc310c7_1079-80,b8ead1f7-ae4c-4c7c-8b2a-35599fc310c7,1079.8,minnesota,Cooperation|Coordination/Proactivity,2,0,1,1,0,0,0,0
dd82f801-fc96-4ced-b066-ad559da3faab_905-66,dd82f801-fc96-4ced-b066-ad559da3faab,905.66,minnesota,Cooperation|Politeness,2,0,1,0,1,0,0,0
b7ae78cd-458a-4fbc-b9d8-212fe98a5095_270-04,b7ae78cd-458a-4fbc-b9d8-212fe98a5095,270.04,frl_track_1_public,Communication/Legibility|Politeness|Cooperation,3,1,1,0,1,0,0,0
65f4949e-e8fe-4b77-972e-35d368ca546a_1165-75,65f4949e-e8fe-4b77-972e-35d368ca546a,1165.75,minnesota,Politeness|Cooperation,2,0,1,0,1,0,0,0
49f87e0a-cc34-447e-87ba-209e430aafb0_4558-50,49f87e0a-cc34-447e-87ba-209e430aafb0,4558.5,iiith,Politeness|Communication/Legibility,2,1,0,0,1,0,0,0
bcfbfdd9-1f37-4edf-8ea0-114a92806d08_1826-13,bcfbfdd9-1f37-4edf-8ea0-114a92806d08,1826.13,iiith,Cooperation,1,0,1,0,0,0,0,0
668962c9-ecae-4b8f-bdc1-a6aeab093d88_1333-29,668962c9-ecae-4b8f-bdc1-a6aeab093d88,1333.29,frl_track_1_public,Politeness|Communication/Legibility,2,1,0,0,1,0,0,0
eb81442c-a322-49ea-b243-a39d2e288b9b_838-90,eb81442c-a322-49ea-b243-a39d2e288b9b,838.9,minnesota,Safety|Cooperation,2,0,1,0,0,0,0,1
bf4a69c2-2c0b-4810-991b-3eb35e7dd2f3_1088-56,bf4a69c2-2c0b-4810-991b-3eb35e7dd2f3,1088.56,iiith,Cooperation|Communication/Legibility,2,1,1,0,0,0,0,0
8bb4369f-a6e0-45a3-9d2d-fd5d5c686ccc_315-76,8bb4369f-a6e0-45a3-9d2d-fd5d5c686ccc,315.76,kaust,Proxemics|Politeness,2,0,0,0,1,0,1,0
2b7ace86-149f-4354-b617-c8ebd08c5310_381-65,2b7ace86-149f-4354-b617-c8ebd08c5310,381.65,frl_track_1_public,Politeness|Communication/Legibility|Cooperation,3,1,1,0,1,0,0,0
d2985e7b-6dc8-4c7e-9aef-40d633895aa0_1413-23,d2985e7b-6dc8-4c7e-9aef-40d633895aa0,1413.23,frl_track_1_public,Cooperation|Communication/Legibility,2,1,1,0,0,0,0,0
c6b5d782-d267-410e-8566-f7fe5d4a78a9_2700-04,c6b5d782-d267-410e-8566-f7fe5d4a78a9,2700.04,frl_track_1_public,Politeness|Cooperation,2,0,1,0,1,0,0,0
ff15140a-4747-4c45-b95f-ff2bd36ef178_1065-69,ff15140a-4747-4c45-b95f-ff2bd36ef178,1065.69,minnesota,Proxemics|Communication/Legibility,2,1,0,0,0,0,1,0
a454e4d7-7ead-41ea-bfcf-db8300ad34d9_72-86,a454e4d7-7ead-41ea-bfcf-db8300ad34d9,72.86,frl_track_1_public,Cooperation|Politeness,2,0,1,0,1,0,0,0
b2508929-e3e4-4583-b1db-41dc3bb0fd21_542-36,b2508929-e3e4-4583-b1db-41dc3bb0fd21,542.36,minnesota,Communication/Legibility,1,1,0,0,0,0,0,0
4f549225-e82e-4294-9379-4891e47725c7_982-80,4f549225-e82e-4294-9379-4891e47725c7,982.8,iiith,Safety|Cooperation,2,0,1,0,0,0,0,1
f26eb8a6-2ac4-4aa4-a500-1e738d8c8b13_1596-52,f26eb8a6-2ac4-4aa4-a500-1e738d8c8b13,1596.52,kaust,Cooperation|Communication/Legibility,2,1,1,0,0,0,0,0
6b7fc6db-e979-43a0-b61f-7dced89d423d_168-56,6b7fc6db-e979-43a0-b61f-7dced89d423d,168.56,frl_track_1_public,Proxemics,1,0,0,0,0,0,1,0
620d3087-c6fb-4b08-bb6a-4dc4ede3b994_2651-56,620d3087-c6fb-4b08-bb6a-4dc4ede3b994,2651.56,iiith,Safety|Coordination/Proactivity,2,0,0,1,0,0,0,1
952d5295-06f4-4578-929b-4113e4ff9201_741-67,952d5295-06f4-4578-929b-4113e4ff9201,741.67,iiith,Proxemics|Politeness,2,0,0,0,1,0,1,0
3f292ce2-fb0d-477e-b6b5-18c6ef38366e_2018-00,3f292ce2-fb0d-477e-b6b5-18c6ef38366e,2018.0,iiith,Communication/Legibility|Cooperation,2,1,1,0,0,0,0,0
5ed59c41-af9e-4368-a0ce-30d536d34895_1493-26,5ed59c41-af9e-4368-a0ce-30d536d34895,1493.26,kaust,Safety,1,0,0,0,0,0,0,1
4c70179a-f411-4f81-b44d-cfe34b8f9180_356-35,4c70179a-f411-4f81-b44d-cfe34b8f9180,356.35,minnesota,Politeness|Safety|Communication/Legibility,3,1,0,0,1,0,0,1
b0a30641-ad93-4d6a-92a9-f277c78f1aa5_295-10,b0a30641-ad93-4d6a-92a9-f277c78f1aa5,295.1,minnesota,Proxemics,1,0,0,0,0,0,1,0
1f4a4d13-f083-4464-8c03-5e09f55e3f63_125-54,1f4a4d13-f083-4464-8c03-5e09f55e3f63,125.54,minnesota,Proxemics|Coordination/Proactivity,2,0,0,1,0,0,1,0
9155f5b9-6235-484f-990d-fbd3010a791e_2163-97,9155f5b9-6235-484f-990d-fbd3010a791e,2163.97,kaust,Politeness|Proxemics,2,0,0,0,1,0,1,0
cb8df5e7-af5c-4211-b779-0568f94c7ded_3449-61,cb8df5e7-af5c-4211-b779-0568f94c7ded,3449.61,iiith,Politeness|Cooperation,2,0,1,0,1,0,0,0
baf15309-e865-4e9e-9efd-09097f1d5a43_341-69,baf15309-e865-4e9e-9efd-09097f1d5a43,341.69,kaust,Safety,1,0,0,0,0,0,0,1
0619c3d0-aebe-4414-b977-f2027271b267_566-56,0619c3d0-aebe-4414-b977-f2027271b267,566.56,frl_track_1_public,Safety|Politeness,2,0,0,0,1,0,0,1
dd82f801-fc96-4ced-b066-ad559da3faab_1750-27,dd82f801-fc96-4ced-b066-ad559da3faab,1750.27,minnesota,Safety,1,0,0,0,0,0,0,1
c824d4e5-298a-462b-a408-28a85a7364af_126-28,c824d4e5-298a-462b-a408-28a85a7364af,126.28,frl_track_1_public,Cooperation|Communication/Legibility,2,1,1,0,0,0,0,0
6a793116-6fc3-4706-9bbb-8ba2088ec8db_746-34,6a793116-6fc3-4706-9bbb-8ba2088ec8db,746.34,iiith,Communication/Legibility|Cooperation,2,1,1,0,0,0,0,0
eb5cb2b0-59e6-45da-af1b-ba86c7ab0b54_824-48,eb5cb2b0-59e6-45da-af1b-ba86c7ab0b54,824.48,minnesota,Proxemics|Politeness,2,0,0,0,1,0,1,0
695cefe9-04c0-42fb-80fc-d308b314b788_303-92,695cefe9-04c0-42fb-80fc-d308b314b788,303.92,frl_track_1_public,Communication/Legibility|Politeness,2,1,0,0,1,0,0,0
421a0364-6ed6-4bd4-8db2-5de8e245c9bc_549-95,421a0364-6ed6-4bd4-8db2-5de8e245c9bc,549.95,iiith,Cooperation|Communication/Legibility,2,1,1,0,0,0,0,0
1a50cd38-dda2-41d0-8a6f-294f17373d97_3680-47,1a50cd38-dda2-41d0-8a6f-294f17373d97,3680.47,iiith,Cooperation|Safety,2,0,1,0,0,0,0,1
08e65366-36a3-4146-bec6-043286cedf16_741-63,08e65366-36a3-4146-bec6-043286cedf16,741.63,frl_track_1_public,Proxemics|Cooperation,2,0,1,0,0,0,1,0
ba28e9d5-5a78-44c0-b985-2249dcc05956_212-90,ba28e9d5-5a78-44c0-b985-2249dcc05956,212.9,minnesota,Safety|Proxemics,2,0,0,0,0,0,1,1
2893d559-89cb-4125-a761-3ff8e68768a9_84-09,2893d559-89cb-4125-a761-3ff8e68768a9,84.09,minnesota,Safety|Politeness|Proxemics,3,0,0,0,1,0,1,1
ec85a806-d47f-4555-8c4c-20f59927e580_1424-09,ec85a806-d47f-4555-8c4c-20f59927e580,1424.09,iiith,Safety|Cooperation|Coordination/Proactivity,3,0,1,1,0,0,0,1
abca0171-5e73-426e-9ba1-49a6339b2ef5_885-53,abca0171-5e73-426e-9ba1-49a6339b2ef5,885.53,iiith,Cooperation|Coordination/Proactivity,2,0,1,1,0,0,0,0
e95dbd21-3017-48f5-8f36-46531f053ab1_547-92,e95dbd21-3017-48f5-8f36-46531f053ab1,547.92,frl_track_1_public,Politeness|Communication/Legibility,2,1,0,0,1,0,0,0
a2c3a84e-ae75-4e72-8a52-64511ed67080_919-81,a2c3a84e-ae75-4e72-8a52-64511ed67080,919.81,frl_track_1_public,Proxemics|Politeness,2,0,0,0,1,0,1,0
e21a6f09-3df0-4bfb-a23b-47a1866aadf1_540-06,e21a6f09-3df0-4bfb-a23b-47a1866aadf1,540.06,minnesota,Proxemics,1,0,0,0,0,0,1,0
7474f654-b43a-463c-a1a1-f8c62cef1e64_1721-20,7474f654-b43a-463c-a1a1-f8c62cef1e64,1721.2,minnesota,Politeness|Communication/Legibility,2,1,0,0,1,0,0,0
05d5d7cf-9fb9-4390-bcd3-dd626b948771_1543-50,05d5d7cf-9fb9-4390-bcd3-dd626b948771,1543.5,iiith,Communication/Legibility|Politeness,2,1,0,0,1,0,0,0
14a3d52a-e66c-4a4c-8f71-d86f7199993c_10-64,14a3d52a-e66c-4a4c-8f71-d86f7199993c,10.64,bristol,Politeness|Cooperation,2,0,1,0,1,0,0,0
6e4baf27-2090-4a90-816b-a35a0aff0e56_1099-34,6e4baf27-2090-4a90-816b-a35a0aff0e56,1099.34,iiith,Safety|Cooperation,2,0,1,0,0,0,0,1
93f78437-229d-4824-a8c1-68d9b17e754d_1063-13,93f78437-229d-4824-a8c1-68d9b17e754d,1063.13,bristol,Communication/Legibility|Politeness|Cooperation,3,1,1,0,1,0,0,0
378af037-7200-4d75-8f83-ddc74e1cd2dc_3511-24,378af037-7200-4d75-8f83-ddc74e1cd2dc,3511.24,frl_track_1_public,Politeness|Communication/Legibility,2,1,0,0,1,0,0,0
d2985e7b-6dc8-4c7e-9aef-40d633895aa0_448-20,d2985e7b-6dc8-4c7e-9aef-40d633895aa0,448.2,frl_track_1_public,Cooperation|Coordination/Proactivity,2,0,1,1,0,0,0,0
e7eead9a-5f4e-47af-8f54-2dd3fd453a2d_49-96,e7eead9a-5f4e-47af-8f54-2dd3fd453a2d,49.96,kaust,Politeness,1,0,0,0,1,0,0,0
eaa560d5-6432-4030-a03a-b6ba512e621d_61-64,eaa560d5-6432-4030-a03a-b6ba512e621d,61.64,iiith,Cooperation|Coordination/Proactivity,2,0,1,1,0,0,0,0
6f37694e-26b8-4dc6-9942-567e1e912cda_452-75,6f37694e-26b8-4dc6-9942-567e1e912cda,452.75,minnesota,Cooperation|Coordination/Proactivity,2,0,1,1,0,0,0,0
5cff48d5-d4e3-465f-8302-64cd493aba53_399-10,5cff48d5-d4e3-465f-8302-64cd493aba53,399.1,iiith,Communication/Legibility|Cooperation,2,1,1,0,0,0,0,0
b61b0b56-a852-47e2-ab09-9380d8465162_180-44,b61b0b56-a852-47e2-ab09-9380d8465162,180.44,minnesota,Safety|Cooperation|Proxemics|Coordination/Proactivity,4,0,1,1,0,0,1,1
1270f0e2-1bc0-4225-bf6e-3dd68c594c8b_1984-62,1270f0e2-1bc0-4225-bf6e-3dd68c594c8b,1984.62,iiith,Communication/Legibility|Cooperation,2,1,1,0,0,0,0,0
ed027cb2-5b92-4de2-ab58-69d42325ef15_1281-72,ed027cb2-5b92-4de2-ab58-69d42325ef15,1281.72,frl_track_1_public,Politeness|Communication/Legibility,2,1,0,0,1,0,0,0
55ef5db5-af7c-4ccd-9c7d-a4d415e195b7_857-01,55ef5db5-af7c-4ccd-9c7d-a4d415e195b7,857.01,iiith,Cooperation|Politeness,2,0,1,0,1,0,0,0
3de48a49-665d-4c1b-9655-82532e108e6a_1393-69,3de48a49-665d-4c1b-9655-82532e108e6a,1393.69,minnesota,Proxemics|Safety,2,0,0,0,0,0,1,1
67a8114b-7f37-443d-8beb-64886095f935_636-28,67a8114b-7f37-443d-8beb-64886095f935,636.28,minnesota,Communication/Legibility,1,1,0,0,0,0,0,0
4c53aaac-76f0-4874-ab1c-738286b9698e_727-03,4c53aaac-76f0-4874-ab1c-738286b9698e,727.03,nus,Politeness|Communication/Legibility|Proxemics,3,1,0,0,1,0,1,0
2eb4e516-9d71-4b68-847e-e1b0cb339b0a_684-96,2eb4e516-9d71-4b68-847e-e1b0cb339b0a,684.96,frl_track_1_public,Proxemics|Politeness,2,0,0,0,1,0,1,0
3091004e-8606-417e-8bc2-7922f951845f_1921-59,3091004e-8606-417e-8bc2-7922f951845f,1921.59,iiith,Communication/Legibility|Proxemics,2,1,0,0,0,0,1,0
695cefe9-04c0-42fb-80fc-d308b314b788_789-70,695cefe9-04c0-42fb-80fc-d308b314b788,789.7,frl_track_1_public,Politeness|Proxemics,2,0,0,0,1,0,1,0
e95dbd21-3017-48f5-8f36-46531f053ab1_424-29,e95dbd21-3017-48f5-8f36-46531f053ab1,424.29,frl_track_1_public,Politeness|Communication/Legibility,2,1,0,0,1,0,0,0
c20e2722-11e5-4181-960c-305cfcd7cfec_183-32,c20e2722-11e5-4181-960c-305cfcd7cfec,183.32,minnesota,Safety,1,0,0,0,0,0,0,1
2dbdd409-0be0-447c-8ae8-3f107fe9af80_19-50,2dbdd409-0be0-447c-8ae8-3f107fe9af80,19.5,nus,Safety|Cooperation,2,0,1,0,0,0,0,1
8ee6764a-4ef2-4359-9cf1-03a5f4dbcc79_593-30,8ee6764a-4ef2-4359-9cf1-03a5f4dbcc79,593.3,iiith,Safety|Cooperation,2,0,1,0,0,0,0,1
949b2e8a-83f9-4b89-b29b-9e8d81600dd8_2981-03,949b2e8a-83f9-4b89-b29b-9e8d81600dd8,2981.03,iiith,Safety|Cooperation,2,0,1,0,0,0,0,1
dfe44f90-17f9-43eb-adf4-da35f15002ed_825-32,dfe44f90-17f9-43eb-adf4-da35f15002ed,825.32,iiith,Cooperation|Coordination/Proactivity,2,0,1,1,0,0,0,0
e2dd39cb-63e2-4ebb-b99a-ad7ff579b048_78-33,e2dd39cb-63e2-4ebb-b99a-ad7ff579b048,78.33,iiith,Politeness|Communication/Legibility,2,1,0,0,1,0,0,0
5315437a-2530-47e5-a0e4-4ac656c7cfa4_570-57,5315437a-2530-47e5-a0e4-4ac656c7cfa4,570.57,iiith,Safety|Communication/Legibility|Coordination/Proactivity,3,1,0,1,0,0,0,1
4065f62a-faae-4926-aee8-1d5bf73661a3_382-42,4065f62a-faae-4926-aee8-1d5bf73661a3,382.42,iiith,Proxemics|Politeness,2,0,0,0,1,0,1,0
1f4a4d13-f083-4464-8c03-5e09f55e3f63_781-81,1f4a4d13-f083-4464-8c03-5e09f55e3f63,781.81,minnesota,Proxemics|Cooperation,2,0,1,0,0,0,1,0
262fd2ec-8eba-44d9-8082-4d0574f7a515_1038-82,262fd2ec-8eba-44d9-8082-4d0574f7a515,1038.82,frl_track_1_public,Politeness|Cooperation|Proxemics,3,0,1,0,1,0,1,0
06ee22fd-ecfc-4e34-9ed2-a330548abf71_519-15,06ee22fd-ecfc-4e34-9ed2-a330548abf71,519.15,iiith,Cooperation|Politeness,2,0,1,0,1,0,0,0
dd508a2a-1ea7-43d2-805a-8080eeae9985_1035-99,dd508a2a-1ea7-43d2-805a-8080eeae9985,1035.99,iiith,Cooperation|Communication/Legibility|Politeness,3,1,1,0,1,0,0,0
c586c267-9ac3-45d5-a9aa-6deab0b9608d_246-72,c586c267-9ac3-45d5-a9aa-6deab0b9608d,246.72,minnesota,Politeness|Communication/Legibility,2,1,0,0,1,0,0,0
eefcde42-5ea1-4a85-9f34-72c3ceca50f6_817-78,eefcde42-5ea1-4a85-9f34-72c3ceca50f6,817.78,iiith,Safety|Cooperation|Communication/Legibility,3,1,1,0,0,0,0,1
d6f9d174-2d42-49e7-83e4-daa9e8b0aa25_211-63,d6f9d174-2d42-49e7-83e4-daa9e8b0aa25,211.63,frl_track_1_public,Politeness|Communication/Legibility,2,1,0,0,1,0,0,0
d64fb34a-08fd-416c-ac6f-86a0813869a8_290-32,d64fb34a-08fd-416c-ac6f-86a0813869a8,290.32,minnesota,Proxemics|Cooperation,2,0,1,0,0,0,1,0
5ead8e7c-2600-44b1-afd6-b82cb5f7b9ce_568-30,5ead8e7c-2600-44b1-afd6-b82cb5f7b9ce,568.3,minnesota,Cooperation,1,0,1,0,0,0,0,0
b5c3c1e3-7ee7-4b4a-b938-4d008d5aa49b_521-60,b5c3c1e3-7ee7-4b4a-b938-4d008d5aa49b,521.6,nus,Politeness|Communication/Legibility,2,1,0,0,1,0,0,0
8672b38a-7682-4244-ad7a-a336c81c2d0e_1056-99,8672b38a-7682-4244-ad7a-a336c81c2d0e,1056.99,frl_track_1_public,Politeness|Communication/Legibility,2,1,0,0,1,0,0,0
695cefe9-04c0-42fb-80fc-d308b314b788_443-90,695cefe9-04c0-42fb-80fc-d308b314b788,443.9,frl_track_1_public,Communication/Legibility|Politeness,2,1,0,0,1,0,0,0
cfc42371-cd58-48df-8bc5-f2fb29a6091e_1273-98,cfc42371-cd58-48df-8bc5-f2fb29a6091e,1273.98,minnesota,Safety|Cooperation,2,0,1,0,0,0,0,1
998d4e6e-f579-4872-b706-767c5f392825_4762-05,998d4e6e-f579-4872-b706-767c5f392825,4762.05,iiith,Safety|Cooperation,2,0,1,0,0,0,0,1
998d4e6e-f579-4872-b706-767c5f392825_2418-72,998d4e6e-f579-4872-b706-767c5f392825,2418.72,iiith,Safety|Cooperation,2,0,1,0,0,0,0,1
fe0d5ffc-686e-4846-bce0-1a18e513bf95_483-81,fe0d5ffc-686e-4846-bce0-1a18e513bf95,483.81,iiith,Politeness|Coordination/Proactivity,2,0,0,1,1,0,0,0
d7480d27-f607-4a5a-8c31-9d299f70a4b8_1934-95,d7480d27-f607-4a5a-8c31-9d299f70a4b8,1934.95,iiith,Safety|Cooperation,2,0,1,0,0,0,0,1
d3de44fb-a6e8-4815-b28f-798de4bfd7eb_1337-08,d3de44fb-a6e8-4815-b28f-798de4bfd7eb,1337.08,iiith,Proxemics|Coordination/Proactivity|Cooperation,3,0,1,1,0,0,1,0
8d4adc89-dcec-42ca-aebc-0d05cafa8f26_21-35,8d4adc89-dcec-42ca-aebc-0d05cafa8f26,21.35,minnesota,Cooperation|Communication/Legibility,2,1,1,0,0,0,0,0
9520f703-8904-4123-bd7f-873b0b42074b_989-29,9520f703-8904-4123-bd7f-873b0b42074b,989.29,frl_track_1_public,Communication/Legibility,1,1,0,0,0,0,0,0
dd82f801-fc96-4ced-b066-ad559da3faab_621-91,dd82f801-fc96-4ced-b066-ad559da3faab,621.91,minnesota,Safety,1,0,0,0,0,0,0,1
d6f9d174-2d42-49e7-83e4-daa9e8b0aa25_270-04,d6f9d174-2d42-49e7-83e4-daa9e8b0aa25,270.04,frl_track_1_public,Politeness|Cooperation,2,0,1,0,1,0,0,0
81fb9f8f-be18-4833-a899-4fbcef82a634_2169-64,81fb9f8f-be18-4833-a899-4fbcef82a634,2169.64,iiith,Cooperation|Politeness,2,0,1,0,1,0,0,0
8dd6490b-6291-4793-b05e-79250f87925f_1530-13,8dd6490b-6291-4793-b05e-79250f87925f,1530.13,minnesota,Politeness|Communication/Legibility,2,1,0,0,1,0,0,0
2d01625b-b7c4-41aa-989b-2d0b392d8b54_113-94,2d01625b-b7c4-41aa-989b-2d0b392d8b54,113.94,frl_track_1_public,Politeness|Communication/Legibility,2,1,0,0,1,0,0,0
a6264c7d-d42a-4708-8fc2-b35ad0c5fe42_55-09,a6264c7d-d42a-4708-8fc2-b35ad0c5fe42,55.09,minnesota,Safety|Cooperation,2,0,1,0,0,0,0,1
428a80ce-ccc8-46e3-9cbb-419d224f148a_679-57,428a80ce-ccc8-46e3-9cbb-419d224f148a,679.57,frl_track_1_public,Politeness|Communication/Legibility,2,1,0,0,1,0,0,0
85b87948-4578-4912-95cb-addd19cfd31a_3435-98,85b87948-4578-4912-95cb-addd19cfd31a,3435.98,iiith,Cooperation|Coordination/Proactivity,2,0,1,1,0,0,0,0
cfc42371-cd58-48df-8bc5-f2fb29a6091e_1271-05,cfc42371-cd58-48df-8bc5-f2fb29a6091e,1271.05,minnesota,Safety|Politeness|Communication/Legibility,3,1,0,0,1,0,0,1
e3f37c38-bf24-481f-b1c6-8d472fab4290_3800-16,e3f37c38-bf24-481f-b1c6-8d472fab4290,3800.16,iiith,Safety|Cooperation|Coordination/Proactivity,3,0,1,1,0,0,0,1
2ac65951-49b0-4629-981e-edc34b8cdb0f_1091-69,2ac65951-49b0-4629-981e-edc34b8cdb0f,1091.69,minnesota,Proxemics,1,0,0,0,0,0,1,0
af400f98-3c57-46ad-acac-eaca6f940180_3131-59,af400f98-3c57-46ad-acac-eaca6f940180,3131.59,iiith,Proxemics|Coordination/Proactivity,2,0,0,1,0,0,1,0
4bf46557-3c5a-4a89-840d-158403590c9f_3598-37,4bf46557-3c5a-4a89-840d-158403590c9f,3598.37,iiith,Cooperation|Coordination/Proactivity,2,0,1,1,0,0,0,0
d0396c77-6ecc-4d9f-bda1-af051699d0cf_1049-41,d0396c77-6ecc-4d9f-bda1-af051699d0cf,1049.41,iiith,Cooperation,1,0,1,0,0,0,0,0
ed792c47-5cb3-427c-a0e9-5dac33456e6a_662-64,ed792c47-5cb3-427c-a0e9-5dac33456e6a,662.64,iiith,Cooperation|Coordination/Proactivity,2,0,1,1,0,0,0,0
06cf946b-4713-4ca2-addf-55ce95a26d98_1071-13,06cf946b-4713-4ca2-addf-55ce95a26d98,1071.13,iiith,Politeness,1,0,0,0,1,0,0,0
d0396c77-6ecc-4d9f-bda1-af051699d0cf_4546-97,d0396c77-6ecc-4d9f-bda1-af051699d0cf,4546.97,iiith,Cooperation|Coordination/Proactivity|Communication/Legibility,3,1,1,1,0,0,0,0
2dbdd409-0be0-447c-8ae8-3f107fe9af80_1872-88,2dbdd409-0be0-447c-8ae8-3f107fe9af80,1872.88,nus,Politeness,1,0,0,0,1,0,0,0
8bb4369f-a6e0-45a3-9d2d-fd5d5c686ccc_70-57,8bb4369f-a6e0-45a3-9d2d-fd5d5c686ccc,70.57,kaust,Politeness|Proxemics,2,0,0,0,1,0,1,0
d3f76c88-5996-4da0-8b8f-6c1b8f85a4d8_5099-68,d3f76c88-5996-4da0-8b8f-6c1b8f85a4d8,5099.68,iiith,Cooperation|Politeness,2,0,1,0,1,0,0,0
9490a06b-3fa1-47b6-b470-facb3d61ac57_1071-05,9490a06b-3fa1-47b6-b470-facb3d61ac57,1071.05,nus,Proxemics,1,0,0,0,0,0,1,0
be7ede7a-c212-45ff-8601-e15dd2f7e531_1651-77,be7ede7a-c212-45ff-8601-e15dd2f7e531,1651.77,minnesota,Safety|Cooperation,2,0,1,0,0,0,0,1
3761fbb4-3e0e-4b15-a277-fec95edacf04_4702-37,3761fbb4-3e0e-4b15-a277-fec95edacf04,4702.37,iiith,Politeness|Communication/Legibility|Cooperation,3,1,1,0,1,0,0,0
c0a19ccf-66ad-44b5-9b3d-2f20d49bc0a8_296-47,c0a19ccf-66ad-44b5-9b3d-2f20d49bc0a8,296.47,frl_track_1_public,Politeness|Communication/Legibility,2,1,0,0,1,0,0,0
2680068d-b3ae-42d8-971f-e842c2d4fbb4_1248-72,2680068d-b3ae-42d8-971f-e842c2d4fbb4,1248.72,frl_track_1_public,Politeness|Coordination/Proactivity,2,0,0,1,1,0,0,0
e9e0f26d-3005-436a-a70f-7d99977808c8_1554-09,e9e0f26d-3005-436a-a70f-7d99977808c8,1554.09,minnesota,Politeness|Proxemics,2,0,0,0,1,0,1,0
3761fbb4-3e0e-4b15-a277-fec95edacf04_1783-59,3761fbb4-3e0e-4b15-a277-fec95edacf04,1783.59,iiith,Politeness|Communication/Legibility|Cooperation,3,1,1,0,1,0,0,0
998d4e6e-f579-4872-b706-767c5f392825_5068-97,998d4e6e-f579-4872-b706-767c5f392825,5068.97,iiith,Cooperation|Coordination/Proactivity,2,0,1,1,0,0,0,0
4b5de875-cc82-494e-b768-8ac0ae3bb279_1405-68,4b5de875-cc82-494e-b768-8ac0ae3bb279,1405.68,bristol,Safety|Coordination/Proactivity,2,0,0,1,0,0,0,1
e99a32fa-19c9-41e6-be66-37869bd26583_542-40,e99a32fa-19c9-41e6-be66-37869bd26583,542.4,iiith,Proxemics,1,0,0,0,0,0,1,0
8caa3009-10ad-407b-b837-ec1a26759089_1828-86,8caa3009-10ad-407b-b837-ec1a26759089,1828.86,iiith,Politeness|Cooperation,2,0,1,0,1,0,0,0
b4b27c5b-2b73-4083-a41c-a6a960475c1a_1618-99,b4b27c5b-2b73-4083-a41c-a6a960475c1a,1618.99,frl_track_1_public,Cooperation|Communication/Legibility,2,1,1,0,0,0,0,0
720da14e-0ef5-4968-87e9-270fce0a9a18_73-28,720da14e-0ef5-4968-87e9-270fce0a9a18,73.28,minnesota,Cooperation,1,0,1,0,0,0,0,0
35d92405-7ebf-4e54-8b9a-7cce8af30a79_63-09,35d92405-7ebf-4e54-8b9a-7cce8af30a79,63.09,frl_track_1_public,Politeness|Communication/Legibility|Proxemics,3,1,0,0,1,0,1,0
43da1507-f497-4393-85a0-08196c04e16b_2646-34,43da1507-f497-4393-85a0-08196c04e16b,2646.34,frl_track_1_public,,0,0,0,0,0,0,0,0
7c1c5dca-5856-4997-8cda-9fa3bca10a3b_1973-06,7c1c5dca-5856-4997-8cda-9fa3bca10a3b,1973.06,iiith,Cooperation|Coordination/Proactivity,2,0,1,1,0,0,0,0
eabf19d3-4e52-4aee-8f14-5118626a078f_778-52,eabf19d3-4e52-4aee-8f14-5118626a078f,778.52,minnesota,Proxemics|Coordination/Proactivity,2,0,0,1,0,0,1,0
65d6d7a3-11f7-4472-82b9-527ca04fe25b_633-02,65d6d7a3-11f7-4472-82b9-527ca04fe25b,633.02,nus,Communication/Legibility|Cooperation,2,1,1,0,0,0,0,0
dd508a2a-1ea7-43d2-805a-8080eeae9985_886-44,dd508a2a-1ea7-43d2-805a-8080eeae9985,886.44,iiith,Cooperation,1,0,1,0,0,0,0,0
615c5cd1-1dab-4667-94ce-30bfe52e7cd4_821-72,615c5cd1-1dab-4667-94ce-30bfe52e7cd4,821.72,kaust,Cooperation|Coordination/Proactivity,2,0,1,1,0,0,0,0
63d56e4c-e454-48c2-a8f2-5bc2c34622ca_172-69,63d56e4c-e454-48c2-a8f2-5bc2c34622ca,172.69,frl_track_1_public,Proxemics|Politeness|Cooperation,3,0,1,0,1,0,1,0
45c274b8-54e6-4187-9fd9-73c0b0ada28d_1281-25,45c274b8-54e6-4187-9fd9-73c0b0ada28d,1281.25,nus,Communication/Legibility,1,1,0,0,0,0,0,0
53e92e25-fe03-4311-9a17-c4f6a29ccad1_3512-58,53e92e25-fe03-4311-9a17-c4f6a29ccad1,3512.58,iiith,Cooperation|Politeness|Communication/Legibility,3,1,1,0,1,0,0,0
ab865129-78fa-47d4-8a50-ff8c5533246f_318-49,ab865129-78fa-47d4-8a50-ff8c5533246f,318.49,nus,Cooperation|Communication/Legibility,2,1,1,0,0,0,0,0
b8ba4ac1-4134-44aa-99db-25efaa058e98_277-37,b8ba4ac1-4134-44aa-99db-25efaa058e98,277.37,minnesota,Politeness|Proxemics|Communication/Legibility,3,1,0,0,1,0,1,0
ab865129-78fa-47d4-8a50-ff8c5533246f_1028-44,ab865129-78fa-47d4-8a50-ff8c5533246f,1028.44,nus,Politeness|Communication/Legibility,2,1,0,0,1,0,0,0
ff425cc6-7577-444b-b6f7-e250c22a1ed5_831-75,ff425cc6-7577-444b-b6f7-e250c22a1ed5,831.75,kaust,Proxemics|Cooperation,2,0,1,0,0,0,1,0
35e004f4-ad64-4835-9358-38a58b431252_2629-86,35e004f4-ad64-4835-9358-38a58b431252,2629.86,kaust,,0,0,0,0,0,0,0,0
4b5de875-cc82-494e-b768-8ac0ae3bb279_668-27,4b5de875-cc82-494e-b768-8ac0ae3bb279,668.27,bristol,Privacy,1,0,0,0,0,1,0,0
6b7fc6db-e979-43a0-b61f-7dced89d423d_347-96,6b7fc6db-e979-43a0-b61f-7dced89d423d,347.96,frl_track_1_public,Privacy,1,0,0,0,0,1,0,0
9fc3678b-86e2-44ab-adbc-9aeda78ceb60_957-19,9fc3678b-86e2-44ab-adbc-9aeda78ceb60,957.19,iiith,Safety|Cooperation,2,0,1,0,0,0,0,1
15223229-8273-4f28-9bc0-1266e7c210d8_1078-65,15223229-8273-4f28-9bc0-1266e7c210d8,1078.65,frl_track_1_public,Cooperation|Coordination/Proactivity,2,0,1,1,0,0,0,0
d64fb34a-08fd-416c-ac6f-86a0813869a8_275-80,d64fb34a-08fd-416c-ac6f-86a0813869a8,275.8,minnesota,Politeness|Communication/Legibility|Cooperation,3,1,1,0,1,0,0,0
9dd29951-5080-4392-8bcd-2446e6af90fe_1166-46,9dd29951-5080-4392-8bcd-2446e6af90fe,1166.46,minnesota,Proxemics|Coordination/Proactivity|Cooperation,3,0,1,1,0,0,1,0
35b37e37-6bb1-4131-be37-693e9b794a97_1345-02,35b37e37-6bb1-4131-be37-693e9b794a97,1345.02,bristol,Politeness|Communication/Legibility,2,1,0,0,1,0,0,0
89d8c9c5-fa11-4674-b08f-007f81958555_227-24,89d8c9c5-fa11-4674-b08f-007f81958555,227.24,minnesota,Safety,1,0,0,0,0,0,0,1
f1253f94-69c2-4f65-b8dc-e0f24c7677b4_1541-37,f1253f94-69c2-4f65-b8dc-e0f24c7677b4,1541.37,iiith,Communication/Legibility|Politeness,2,1,0,0,1,0,0,0
2ec3c123-0a04-46d7-97d5-8b85b5e6d06f_249-67,2ec3c123-0a04-46d7-97d5-8b85b5e6d06f,249.67,iiith,Proxemics|Politeness,2,0,0,0,1,0,1,0
cebb6331-2a18-454a-862b-3aa502267017_1587-77,cebb6331-2a18-454a-862b-3aa502267017,1587.77,nus,Proxemics|Communication/Legibility,2,1,0,0,0,0,1,0
45ed20a0-ba4b-41f2-9498-6084fc15d1e3_113-72,45ed20a0-ba4b-41f2-9498-6084fc15d1e3,113.72,frl_track_1_public,Politeness|Communication/Legibility,2,1,0,0,1,0,0,0
cd0c7d35-19cf-4ce2-9b40-0209547acde5_1365-10,cd0c7d35-19cf-4ce2-9b40-0209547acde5,1365.1,frl_track_1_public,Communication/Legibility|Politeness,2,1,0,0,1,0,0,0
89d8c9c5-fa11-4674-b08f-007f81958555_1665-43,89d8c9c5-fa11-4674-b08f-007f81958555,1665.43,minnesota,Safety|Coordination/Proactivity|Cooperation,3,0,1,1,0,0,0,1
c3acdda3-cd92-48c3-9052-45b57cb27e5a_1467-01,c3acdda3-cd92-48c3-9052-45b57cb27e5a,1467.01,minnesota,Cooperation|Communication/Legibility,2,1,1,0,0,0,0,0
53e92e25-fe03-4311-9a17-c4f6a29ccad1_983-79,53e92e25-fe03-4311-9a17-c4f6a29ccad1,983.79,iiith,Cooperation,1,0,1,0,0,0,0,0
9490a06b-3fa1-47b6-b470-facb3d61ac57_599-12,9490a06b-3fa1-47b6-b470-facb3d61ac57,599.12,nus,Politeness|Communication/Legibility,2,1,0,0,1,0,0,0
8f47201d-0398-4442-af65-0dde73284c7f_1370-37,8f47201d-0398-4442-af65-0dde73284c7f,1370.37,frl_track_1_public,Politeness|Communication/Legibility,2,1,0,0,1,0,0,0
4930cced-9b84-464e-88ce-3990188efed6_1781-50,4930cced-9b84-464e-88ce-3990188efed6,1781.5,minnesota,Proxemics|Cooperation,2,0,1,0,0,0,1,0
f668b2c9-d376-411b-96e5-7d7379fae824_107-18,f668b2c9-d376-411b-96e5-7d7379fae824,107.18,minnesota,Cooperation|Communication/Legibility,2,1,1,0,0,0,0,0
cd0c7d35-19cf-4ce2-9b40-0209547acde5_1447-25,cd0c7d35-19cf-4ce2-9b40-0209547acde5,1447.25,frl_track_1_public,Politeness|Proxemics|Cooperation,3,0,1,0,1,0,1,0
d7d516f6-4ba0-4ea7-a18f-f943abc50ff8_869-60,d7d516f6-4ba0-4ea7-a18f-f943abc50ff8,869.6,iiith,Cooperation|Coordination/Proactivity,2,0,1,1,0,0,0,0
64792a03-b8ea-4fdc-96d8-1e1199b73658_1352-24,64792a03-b8ea-4fdc-96d8-1e1199b73658,1352.24,nus,Politeness|Communication/Legibility,2,1,0,0,1,0,0,0
62103d3d-d89d-4f54-a766-1beb22eb994b_617-19,62103d3d-d89d-4f54-a766-1beb22eb994b,617.19,iiith,Proxemics,1,0,0,0,0,0,1,0
7c1c5dca-5856-4997-8cda-9fa3bca10a3b_37-44,7c1c5dca-5856-4997-8cda-9fa3bca10a3b,37.44,iiith,,0,0,0,0,0,0,0,0
db35b386-4c65-4c5e-a488-51b2aa5eb1fb_1982-83,db35b386-4c65-4c5e-a488-51b2aa5eb1fb,1982.83,iiith,Politeness|Proxemics|Communication/Legibility,3,1,0,0,1,0,1,0
e95dbd21-3017-48f5-8f36-46531f053ab1_835-77,e95dbd21-3017-48f5-8f36-46531f053ab1,835.77,frl_track_1_public,Politeness|Proxemics,2,0,0,0,1,0,1,0
6fc30ceb-ace8-49f8-8244-71f14c6d773c_936-70,6fc30ceb-ace8-49f8-8244-71f14c6d773c,936.7,minnesota,Communication/Legibility|Politeness,2,1,0,0,1,0,0,0
6b7fc6db-e979-43a0-b61f-7dced89d423d_229-56,6b7fc6db-e979-43a0-b61f-7dced89d423d,229.56,frl_track_1_public,Communication/Legibility|Politeness,2,1,0,0,1,0,0,0
57467033-41ad-48f8-bc45-26f0b92a1b48_681-96,57467033-41ad-48f8-bc45-26f0b92a1b48,681.96,frl_track_1_public,Proxemics|Cooperation,2,0,1,0,0,0,1,0
98334b78-967f-4980-ba86-56d34b4aaf2e_1109-83,98334b78-967f-4980-ba86-56d34b4aaf2e,1109.83,frl_track_1_public,Politeness|Communication/Legibility|Cooperation,3,1,1,0,1,0,0,0
2dbdd409-0be0-447c-8ae8-3f107fe9af80_164-34,2dbdd409-0be0-447c-8ae8-3f107fe9af80,164.34,nus,Proxemics|Cooperation,2,0,1,0,0,0,1,0
14c123f4-06ab-4b51-aa26-95b0e3adf6eb_61-25,14c123f4-06ab-4b51-aa26-95b0e3adf6eb,61.25,frl_track_1_public,Proxemics|Cooperation,2,0,1,0,0,0,1,0
54a421d2-763e-4751-a6b4-54e3d6c46cc1_1553-16,54a421d2-763e-4751-a6b4-54e3d6c46cc1,1553.16,minnesota,Cooperation|Politeness,2,0,1,0,1,0,0,0
5318b45a-f8be-4ab2-a807-564d734527fb_1369-45,5318b45a-f8be-4ab2-a807-564d734527fb,1369.45,kaust,Proxemics|Politeness,2,0,0,0,1,0,1,0
dced4894-d13a-4222-941b-5e4ecf1e3299_629-13,dced4894-d13a-4222-941b-5e4ecf1e3299,629.13,iiith,Cooperation|Communication/Legibility|Politeness,3,1,1,0,1,0,0,0
3761fbb4-3e0e-4b15-a277-fec95edacf04_2287-87,3761fbb4-3e0e-4b15-a277-fec95edacf04,2287.87,iiith,Cooperation|Coordination/Proactivity,2,0,1,1,0,0,0,0
c864505c-9d49-4da4-bf7e-254b4c348c03_540-20,c864505c-9d49-4da4-bf7e-254b4c348c03,540.2,nus,Politeness|Communication/Legibility,2,1,0,0,1,0,0,0
baaffbad-76a7-458a-8a54-7b593ab073f6_979-89,baaffbad-76a7-458a-8a54-7b593ab073f6,979.89,iiith,Cooperation,1,0,1,0,0,0,0,0
89d8c9c5-fa11-4674-b08f-007f81958555_1642-22,89d8c9c5-fa11-4674-b08f-007f81958555,1642.22,minnesota,Safety|Politeness|Cooperation,3,0,1,0,1,0,0,1
0f82d425-f8be-4e69-8c59-0a1a2e980b20_518-50,0f82d425-f8be-4e69-8c59-0a1a2e980b20,518.5,minnesota,Communication/Legibility|Politeness,2,1,0,0,1,0,0,0
2ac65951-49b0-4629-981e-edc34b8cdb0f_1349-72,2ac65951-49b0-4629-981e-edc34b8cdb0f,1349.72,minnesota,Proxemics,1,0,0,0,0,0,1,0
3dd08c84-ee0a-4fa6-a859-98fd969ec720_1276-65,3dd08c84-ee0a-4fa6-a859-98fd969ec720,1276.65,minnesota,Safety,1,0,0,0,0,0,0,1
49b14463-2172-4b0e-ad13-fdf9383e9a77_426-72,49b14463-2172-4b0e-ad13-fdf9383e9a77,426.72,minnesota,Cooperation|Proxemics,2,0,1,0,0,0,1,0
63d56e4c-e454-48c2-a8f2-5bc2c34622ca_903-77,63d56e4c-e454-48c2-a8f2-5bc2c34622ca,903.77,frl_track_1_public,Proxemics|Coordination/Proactivity|Cooperation,3,0,1,1,0,0,1,0
e0d46807-4c3b-44a0-ac59-cb970c8d5a5a_6-18,e0d46807-4c3b-44a0-ac59-cb970c8d5a5a,6.18,frl_track_1_public,Politeness|Cooperation,2,0,1,0,1,0,0,0
4d1b11b2-e53a-40a5-a3a5-2b2441c60e17_621-95,4d1b11b2-e53a-40a5-a3a5-2b2441c60e17,621.95,nus,Cooperation|Coordination/Proactivity,2,0,1,1,0,0,0,0
d0a861f7-3e5c-4836-9b43-29a0b3288165_829-52,d0a861f7-3e5c-4836-9b43-29a0b3288165,829.52,minnesota,Safety|Politeness,2,0,0,0,1,0,0,1
3b021bad-6945-4be2-a7db-44af3db1eae8_2667-18,3b021bad-6945-4be2-a7db-44af3db1eae8,2667.18,kaust,Proxemics,1,0,0,0,0,0,1,0
bd96484b-6f8c-492b-8969-cae99c868b4d_2411-56,bd96484b-6f8c-492b-8969-cae99c868b4d,2411.56,iiith,Politeness|Cooperation,2,0,1,0,1,0,0,0
c615d305-14fe-41cd-9099-caf420beb604_955-84,c615d305-14fe-41cd-9099-caf420beb604,955.84,nus,Politeness|Coordination/Proactivity,2,0,0,1,1,0,0,0
0ece1a2a-2da0-4b28-ac8c-bf9f04c0d17c_335-84,0ece1a2a-2da0-4b28-ac8c-bf9f04c0d17c,335.84,iiith,Safety|Cooperation,2,0,1,0,0,0,0,1
e7eead9a-5f4e-47af-8f54-2dd3fd453a2d_55-37,e7eead9a-5f4e-47af-8f54-2dd3fd453a2d,55.37,kaust,Politeness,1,0,0,0,1,0,0,0
ec85a806-d47f-4555-8c4c-20f59927e580_1435-56,ec85a806-d47f-4555-8c4c-20f59927e580,1435.56,iiith,Safety|Cooperation,2,0,1,0,0,0,0,1
8c3c68c9-eeec-4f51-881f-3cc6340679ec_1138-68,8c3c68c9-eeec-4f51-881f-3cc6340679ec,1138.68,frl_track_1_public,Politeness|Communication/Legibility|Cooperation,3,1,1,0,1,0,0,0
ba28e9d5-5a78-44c0-b985-2249dcc05956_17-90,ba28e9d5-5a78-44c0-b985-2249dcc05956,17.9,minnesota,Safety|Cooperation,2,0,1,0,0,0,0,1
20525d50-586a-4792-bfdb-fd941ee64ea9_547-93,20525d50-586a-4792-bfdb-fd941ee64ea9,547.93,frl_track_1_public,Communication/Legibility|Cooperation|Politeness,3,1,1,0,1,0,0,0
27f9cd4e-8b61-477c-9b63-ca3d437a0dff_250-50,27f9cd4e-8b61-477c-9b63-ca3d437a0dff,250.5,iiith,Cooperation|Communication/Legibility,2,1,1,0,0,0,0,0
0cd16e31-6045-45ea-b0d7-105116f9e6d1_646-65,0cd16e31-6045-45ea-b0d7-105116f9e6d1,646.65,minnesota,Politeness|Communication/Legibility,2,1,0,0,1,0,0,0
a7448853-2414-42b1-998c-0f56594e437a_155-55,a7448853-2414-42b1-998c-0f56594e437a,155.55,iiith,Communication/Legibility,1,1,0,0,0,0,0,0
03ca4970-374e-4901-9895-81f262c0da5c_817-27,03ca4970-374e-4901-9895-81f262c0da5c,817.27,frl_track_1_public,Coordination/Proactivity|Cooperation,2,0,1,1,0,0,0,0
dd508a2a-1ea7-43d2-805a-8080eeae9985_36-14,dd508a2a-1ea7-43d2-805a-8080eeae9985,36.14,iiith,Politeness|Proxemics,2,0,0,0,1,0,1,0
0f82d425-f8be-4e69-8c59-0a1a2e980b20_1108-13,0f82d425-f8be-4e69-8c59-0a1a2e980b20,1108.13,minnesota,Politeness|Proxemics,2,0,0,0,1,0,1,0
4dc1caff-6353-4a05-9382-92031b25f783_279-42,4dc1caff-6353-4a05-9382-92031b25f783,279.42,kaust,Communication/Legibility|Coordination/Proactivity,2,1,0,1,0,0,0,0
abca0171-5e73-426e-9ba1-49a6339b2ef5_1825-89,abca0171-5e73-426e-9ba1-49a6339b2ef5,1825.89,iiith,Politeness|Cooperation,2,0,1,0,1,0,0,0
ac8dba37-ce09-4dc5-b478-8194e41353c3_9451-92,ac8dba37-ce09-4dc5-b478-8194e41353c3,9451.92,iiith,Proxemics|Cooperation|Communication/Legibility,3,1,1,0,0,0,1,0
5605bd9a-d151-4d5b-b0f6-cfc28ae6937e_709-52,5605bd9a-d151-4d5b-b0f6-cfc28ae6937e,709.52,iiith,Cooperation,1,0,1,0,0,0,0,0
dfe44f90-17f9-43eb-adf4-da35f15002ed_1647-36,dfe44f90-17f9-43eb-adf4-da35f15002ed,1647.36,iiith,,0,0,0,0,0,0,0,0
0696265e-aba2-401b-9316-c380c30c901e_878-07,0696265e-aba2-401b-9316-c380c30c901e,878.07,frl_track_1_public,Politeness|Communication/Legibility,2,1,0,0,1,0,0,0
ea1818bb-a882-4de4-9e31-993f4cb98aa1_622-65,ea1818bb-a882-4de4-9e31-993f4cb98aa1,622.65,frl_track_1_public,Politeness|Communication/Legibility,2,1,0,0,1,0,0,0
e9343bd2-cd48-4abe-902a-3d3f6a0b51d8_1810-91,e9343bd2-cd48-4abe-902a-3d3f6a0b51d8,1810.91,kaust,Safety|Proxemics|Cooperation,3,0,1,0,0,0,1,1
63d56e4c-e454-48c2-a8f2-5bc2c34622ca_1218-51,63d56e4c-e454-48c2-a8f2-5bc2c34622ca,1218.51,frl_track_1_public,Proxemics|Coordination/Proactivity|Communication/Legibility,3,1,0,1,0,0,1,0
89d8c9c5-fa11-4674-b08f-007f81958555_179-03,89d8c9c5-fa11-4674-b08f-007f81958555,179.03,minnesota,Safety|Cooperation,2,0,1,0,0,0,0,1
fcb62109-9f54-42d7-9ecd-7a60817868dc_663-41,fcb62109-9f54-42d7-9ecd-7a60817868dc,663.41,frl_track_1_public,,0,0,0,0,0,0,0,0
9fb1ce25-8a99-45ed-a28c-1492192d4964_1957-11,9fb1ce25-8a99-45ed-a28c-1492192d4964,1957.11,iiith,Politeness|Communication/Legibility,2,1,0,0,1,0,0,0
fdbe0fbc-90a3-41b9-8898-a0c7ce3f966c_672-30,fdbe0fbc-90a3-41b9-8898-a0c7ce3f966c,672.3,minnesota,Communication/Legibility|Politeness,2,1,0,0,1,0,0,0
9d26362a-4411-4d8b-b114-03f4f89928d7_1156-78,9d26362a-4411-4d8b-b114-03f4f89928d7,1156.78,minnesota,Cooperation|Coordination/Proactivity|Communication/Legibility,3,1,1,1,0,0,0,0
42c08776-8832-4d37-8844-3ce89e405c62_1474-11,42c08776-8832-4d37-8844-3ce89e405c62,1474.11,frl_track_1_public,Proxemics|Coordination/Proactivity|Cooperation,3,0,1,1,0,0,1,0
8645cc8f-2a69-4a50-bf90-9faec8d80386_717-84,8645cc8f-2a69-4a50-bf90-9faec8d80386,717.84,iiith,Safety|Cooperation|Communication/Legibility,3,1,1,0,0,0,0,1
0f82d425-f8be-4e69-8c59-0a1a2e980b20_295-56,0f82d425-f8be-4e69-8c59-0a1a2e980b20,295.56,minnesota,Proxemics,1,0,0,0,0,0,1,0
608f2b9c-d004-42db-9f0c-e89b203dfb01_8-92,608f2b9c-d004-42db-9f0c-e89b203dfb01,8.92,iiith,Politeness|Communication/Legibility,2,1,0,0,1,0,0,0
dbcca18b-4b62-4ba1-b799-a6a65231d084_3795-07,dbcca18b-4b62-4ba1-b799-a6a65231d084,3795.07,iiith,Safety|Cooperation|Coordination/Proactivity,3,0,1,1,0,0,0,1
d64fb34a-08fd-416c-ac6f-86a0813869a8_512-82,d64fb34a-08fd-416c-ac6f-86a0813869a8,512.82,minnesota,Proxemics|Cooperation,2,0,1,0,0,0,1,0
e9e0f26d-3005-436a-a70f-7d99977808c8_1690-81,e9e0f26d-3005-436a-a70f-7d99977808c8,1690.81,minnesota,Politeness|Communication/Legibility,2,1,0,0,1,0,0,0
998d4e6e-f579-4872-b706-767c5f392825_698-26,998d4e6e-f579-4872-b706-767c5f392825,698.26,iiith,Cooperation|Coordination/Proactivity,2,0,1,1,0,0,0,0
1acd2d5c-b0d4-4ec5-a54c-6a9c84cb11f6_742-55,1acd2d5c-b0d4-4ec5-a54c-6a9c84cb11f6,742.55,minnesota,Politeness,1,0,0,0,1,0,0,0
9fb1ce25-8a99-45ed-a28c-1492192d4964_1100-54,9fb1ce25-8a99-45ed-a28c-1492192d4964,1100.54,iiith,Cooperation|Communication/Legibility,2,1,1,0,0,0,0,0
b0937ec3-7645-4f68-b9cd-549ff7c01819_2030-83,b0937ec3-7645-4f68-b9cd-549ff7c01819,2030.83,kaust,Politeness|Communication/Legibility,2,1,0,0,1,0,0,0
77e28690-2ab1-414e-86ed-285ec1d15bd1_315-49,77e28690-2ab1-414e-86ed-285ec1d15bd1,315.49,frl_track_1_public,Politeness|Cooperation,2,0,1,0,1,0,0,0
9fb1ce25-8a99-45ed-a28c-1492192d4964_1946-35,9fb1ce25-8a99-45ed-a28c-1492192d4964,1946.35,iiith,Safety,1,0,0,0,0,0,0,1
ed027cb2-5b92-4de2-ab58-69d42325ef15_890-73,ed027cb2-5b92-4de2-ab58-69d42325ef15,890.73,frl_track_1_public,Safety,1,0,0,0,0,0,0,1
54a421d2-763e-4751-a6b4-54e3d6c46cc1_1458-60,54a421d2-763e-4751-a6b4-54e3d6c46cc1,1458.6,minnesota,Politeness|Cooperation,2,0,1,0,1,0,0,0
ef641454-94d5-4fe4-bf21-710144143967_760-02,ef641454-94d5-4fe4-bf21-710144143967,760.02,minnesota,Safety|Coordination/Proactivity,2,0,0,1,0,0,0,1
fec31c20-1910-4ab1-afc5-6aa3057a45f5_825-86,fec31c20-1910-4ab1-afc5-6aa3057a45f5,825.86,frl_track_1_public,Politeness|Communication/Legibility,2,1,0,0,1,0,0,0
2dbdd409-0be0-447c-8ae8-3f107fe9af80_1697-32,2dbdd409-0be0-447c-8ae8-3f107fe9af80,1697.32,nus,Safety|Politeness|Cooperation,3,0,1,0,1,0,0,1
7b5fafdb-136a-4722-84a4-cffb213a224a_1908-63,7b5fafdb-136a-4722-84a4-cffb213a224a,1908.63,kaust,Politeness|Communication/Legibility,2,1,0,0,1,0,0,0
b0a30641-ad93-4d6a-92a9-f277c78f1aa5_473-69,b0a30641-ad93-4d6a-92a9-f277c78f1aa5,473.69,minnesota,Cooperation|Politeness,2,0,1,0,1,0,0,0
c00d3596-99db-4ea7-9a65-57ab4319d640_370-19,c00d3596-99db-4ea7-9a65-57ab4319d640,370.19,iiith,,0,0,0,0,0,0,0,0
59764b58-1523-48b3-88d2-9fc07880e597_1504-77,59764b58-1523-48b3-88d2-9fc07880e597,1504.77,frl_track_1_public,Cooperation,1,0,1,0,0,0,0,0
5aa8f84b-aea8-4e40-b710-82b93875e1ae_422-21,5aa8f84b-aea8-4e40-b710-82b93875e1ae,422.21,minnesota,Politeness|Safety|Cooperation|Communication/Legibility,4,1,1,0,1,0,0,1
5f26c69f-6f1c-4041-a81f-3c4808e0a385_151-47,5f26c69f-6f1c-4041-a81f-3c4808e0a385,151.47,frl_track_1_public,Proxemics|Cooperation|Communication/Legibility,3,1,1,0,0,0,1,0
2efc9b47-0a23-4247-89a6-db46dae6c998_416-58,2efc9b47-0a23-4247-89a6-db46dae6c998,416.58,iiith,Proxemics|Coordination/Proactivity|Cooperation,3,0,1,1,0,0,1,0
e9ea573a-3972-48ea-b946-6cb069497bab_1785-52,e9ea573a-3972-48ea-b946-6cb069497bab,1785.52,unict,Politeness|Safety|Communication/Legibility,3,1,0,0,1,0,0,1
2137f7a2-dce3-4d95-859d-ad2a50b0cd09_1373-29,2137f7a2-dce3-4d95-859d-ad2a50b0cd09,1373.29,frl_track_1_public,Politeness|Communication/Legibility,2,1,0,0,1,0,0,0
b5c3c1e3-7ee7-4b4a-b938-4d008d5aa49b_757-55,b5c3c1e3-7ee7-4b4a-b938-4d008d5aa49b,757.55,nus,Communication/Legibility|Politeness,2,1,0,0,1,0,0,0
3178c414-453e-44e9-b192-67dba2ccc982_565-83,3178c414-453e-44e9-b192-67dba2ccc982,565.83,frl_track_1_public,Politeness|Communication/Legibility,2,1,0,0,1,0,0,0
f6da4761-4774-4e05-bb2a-beca6db68f51_4196-85,f6da4761-4774-4e05-bb2a-beca6db68f51,4196.85,iiith,,0,0,0,0,0,0,0,0
7a680a9a-dd7b-467a-a724-a597f1be9f06_3668-06,7a680a9a-dd7b-467a-a724-a597f1be9f06,3668.06,kaust,Communication/Legibility,1,1,0,0,0,0,0,0
b9bc5b47-ae9a-4220-84c7-ada93722c4fe_909-02,b9bc5b47-ae9a-4220-84c7-ada93722c4fe,909.02,minnesota,Proxemics|Cooperation,2,0,1,0,0,0,1,0
af400f98-3c57-46ad-acac-eaca6f940180_508-42,af400f98-3c57-46ad-acac-eaca6f940180,508.42,iiith,Communication/Legibility|Proxemics,2,1,0,0,0,0,1,0
82e96128-1242-4e57-8a3e-9ea222df022c_2999-35,82e96128-1242-4e57-8a3e-9ea222df022c,2999.35,iiith,Safety|Cooperation|Coordination/Proactivity|Communication/Legibility,4,1,1,1,0,0,0,1
949b2e8a-83f9-4b89-b29b-9e8d81600dd8_2250-47,949b2e8a-83f9-4b89-b29b-9e8d81600dd8,2250.47,iiith,Safety|Cooperation,2,0,1,0,0,0,0,1
5ead8e7c-2600-44b1-afd6-b82cb5f7b9ce_567-35,5ead8e7c-2600-44b1-afd6-b82cb5f7b9ce,567.35,minnesota,Safety|Proxemics,2,0,0,0,0,0,1,1
8bb4369f-a6e0-45a3-9d2d-fd5d5c686ccc_246-04,8bb4369f-a6e0-45a3-9d2d-fd5d5c686ccc,246.04,kaust,Politeness|Proxemics,2,0,0,0,1,0,1,0
2a831288-6e91-4aba-9385-f22f666fab99_525-32,2a831288-6e91-4aba-9385-f22f666fab99,525.32,iiith,Cooperation|Politeness,2,0,1,0,1,0,0,0
cb9de2c6-ff1a-48e8-b170-047e9471b588_931-60,cb9de2c6-ff1a-48e8-b170-047e9471b588,931.6,frl_track_1_public,Politeness|Communication/Legibility,2,1,0,0,1,0,0,0
7627344d-503f-4a25-b418-10a6929d5a18_842-97,7627344d-503f-4a25-b418-10a6929d5a18,842.97,kaust,Communication/Legibility|Privacy,2,1,0,0,0,1,0,0
82e96128-1242-4e57-8a3e-9ea222df022c_3264-64,82e96128-1242-4e57-8a3e-9ea222df022c,3264.64,iiith,Cooperation,1,0,1,0,0,0,0,0
044a7a23-9305-4971-82ac-aa1a3dc154be_214-77,044a7a23-9305-4971-82ac-aa1a3dc154be,214.77,iiith,Cooperation|Communication/Legibility,2,1,1,0,0,0,0,0
cdfd99eb-88c6-4bc7-8f66-e0318216feab_820-48,cdfd99eb-88c6-4bc7-8f66-e0318216feab,820.48,iiith,Politeness|Cooperation,2,0,1,0,1,0,0,0
c00a27da-98bb-4761-8093-45fd30a3f43f_1156-34,c00a27da-98bb-4761-8093-45fd30a3f43f,1156.34,iiith,Safety|Proxemics,2,0,0,0,0,0,1,1
af215e0f-56c7-4356-9aad-a3a5fb7bbc4f_1332-04,af215e0f-56c7-4356-9aad-a3a5fb7bbc4f,1332.04,iiith,Proxemics|Cooperation|Coordination/Proactivity,3,0,1,1,0,0,1,0
6989df0e-b8da-48a4-bc69-b01f6f8aef1a_378-59,6989df0e-b8da-48a4-bc69-b01f6f8aef1a,378.59,unict,Safety,1,0,0,0,0,0,0,1
dd0aa717-59d8-4d8a-9f11-21be827fb184_1260-03,dd0aa717-59d8-4d8a-9f11-21be827fb184,1260.03,frl_track_1_public,Politeness|Communication/Legibility,2,1,0,0,1,0,0,0
9fc3678b-86e2-44ab-adbc-9aeda78ceb60_992-74,9fc3678b-86e2-44ab-adbc-9aeda78ceb60,992.74,iiith,Cooperation|Politeness,2,0,1,0,1,0,0,0
555ff1a5-c30b-434c-a251-b5105cdc1fb9_1647-31,555ff1a5-c30b-434c-a251-b5105cdc1fb9,1647.31,kaust,Communication/Legibility,1,1,0,0,0,0,0,0
3d93c92c-8c12-4972-9f29-c8bef5c321ba_1742-89,3d93c92c-8c12-4972-9f29-c8bef5c321ba,1742.89,minnesota,Safety|Coordination/Proactivity,2,0,0,1,0,0,0,1
cb87d2ca-dc4f-4e1c-a13f-a8fe7dc952e9_98-75,cb87d2ca-dc4f-4e1c-a13f-a8fe7dc952e9,98.75,minnesota,Politeness|Cooperation|Communication/Legibility,3,1,1,0,1,0,0,0
52c312b2-b47d-498d-a368-20db6a8bc879_1510-20,52c312b2-b47d-498d-a368-20db6a8bc879,1510.2,unict,Safety|Privacy,2,0,0,0,0,1,0,1
5f26c69f-6f1c-4041-a81f-3c4808e0a385_156-09,5f26c69f-6f1c-4041-a81f-3c4808e0a385,156.09,frl_track_1_public,Cooperation|Communication/Legibility,2,1,1,0,0,0,0,0
4fde0689-6bc3-49d4-8d54-bf4cfe0ad287_403-70,4fde0689-6bc3-49d4-8d54-bf4cfe0ad287,403.7,frl_track_1_public,Politeness|Communication/Legibility,2,1,0,0,1,0,0,0
29e45749-f8d5-42c7-af09-7fbb3d6697e9_876-21,29e45749-f8d5-42c7-af09-7fbb3d6697e9,876.21,minnesota,Politeness|Cooperation,2,0,1,0,1,0,0,0
3d93c92c-8c12-4972-9f29-c8bef5c321ba_832-45,3d93c92c-8c12-4972-9f29-c8bef5c321ba,832.45,minnesota,Safety,1,0,0,0,0,0,0,1
cb8df5e7-af5c-4211-b779-0568f94c7ded_3375-73,cb8df5e7-af5c-4211-b779-0568f94c7ded,3375.73,iiith,Communication/Legibility|Politeness,2,1,0,0,1,0,0,0
596760c3-b1d6-453c-916c-ecbc30ab1c5d_1349-91,596760c3-b1d6-453c-916c-ecbc30ab1c5d,1349.91,iiith,Politeness|Communication/Legibility,2,1,0,0,1,0,0,0
f6da4761-4774-4e05-bb2a-beca6db68f51_2233-75,f6da4761-4774-4e05-bb2a-beca6db68f51,2233.75,iiith,Politeness|Cooperation,2,0,1,0,1,0,0,0
f374039b-7f08-4dc3-af64-4e9ff61db531_425-13,f374039b-7f08-4dc3-af64-4e9ff61db531,425.13,iiith,Cooperation,1,0,1,0,0,0,0,0
ba078478-13a5-4e7f-8ee4-61620f84cb7a_3101-09,ba078478-13a5-4e7f-8ee4-61620f84cb7a,3101.09,iiith,Politeness,1,0,0,0,1,0,0,0
1c983176-b07a-4a69-ae51-de7829de6b6a_1270-21,1c983176-b07a-4a69-ae51-de7829de6b6a,1270.21,frl_track_1_public,Proxemics|Cooperation,2,0,1,0,0,0,1,0
7c4f8ef4-c126-46b7-8fa9-1b2daf5b41de_2272-79,7c4f8ef4-c126-46b7-8fa9-1b2daf5b41de,2272.79,iiith,Politeness|Communication/Legibility,2,1,0,0,1,0,0,0
e14bb000-250b-4f3d-aec6-e72d4f29d123_97-24,e14bb000-250b-4f3d-aec6-e72d4f29d123,97.24,frl_track_1_public,Politeness|Proxemics|Communication/Legibility,3,1,0,0,1,0,1,0
4d45174a-6a77-48cd-a8f2-9b93e2d47f07_653-18,4d45174a-6a77-48cd-a8f2-9b93e2d47f07,653.18,iiith,Communication/Legibility,1,1,0,0,0,0,0,0
7245d60b-1245-49ad-b025-b59da57dd8e8_664-70,7245d60b-1245-49ad-b025-b59da57dd8e8,664.7,iiith,Cooperation|Coordination/Proactivity,2,0,1,1,0,0,0,0
6a847d75-e20f-409d-8b91-77ada97d8fb9_1826-29,6a847d75-e20f-409d-8b91-77ada97d8fb9,1826.29,iiith,Politeness|Proxemics,2,0,0,0,1,0,1,0
ec75d692-c261-4df5-9939-b0edfaa309a5_1168-60,ec75d692-c261-4df5-9939-b0edfaa309a5,1168.6,frl_track_1_public,Cooperation|Politeness,2,0,1,0,1,0,0,0
4bf46557-3c5a-4a89-840d-158403590c9f_3687-37,4bf46557-3c5a-4a89-840d-158403590c9f,3687.37,iiith,Proxemics|Communication/Legibility,2,1,0,0,0,0,1,0
d3dafc0b-c623-4c4b-9a4a-ee56538e257c_519-43,d3dafc0b-c623-4c4b-9a4a-ee56538e257c,519.43,frl_track_1_public,Cooperation,1,0,1,0,0,0,0,0
2dbdd409-0be0-447c-8ae8-3f107fe9af80_1764-16,2dbdd409-0be0-447c-8ae8-3f107fe9af80,1764.16,nus,Cooperation|Coordination/Proactivity,2,0,1,1,0,0,0,0
18ac02cb-20eb-4eed-b735-04aff3573422_38-16,18ac02cb-20eb-4eed-b735-04aff3573422,38.16,minnesota,Proxemics|Safety,2,0,0,0,0,0,1,1
3b3ecf0c-ee8d-4518-bf1c-3301ba44c743_226-48,3b3ecf0c-ee8d-4518-bf1c-3301ba44c743,226.48,minnesota,Safety|Proxemics,2,0,0,0,0,0,1,1
65d6d7a3-11f7-4472-82b9-527ca04fe25b_1274-77,65d6d7a3-11f7-4472-82b9-527ca04fe25b,1274.77,nus,Proxemics|Cooperation|Coordination/Proactivity,3,0,1,1,0,0,1,0
5605bd9a-d151-4d5b-b0f6-cfc28ae6937e_3534-55,5605bd9a-d151-4d5b-b0f6-cfc28ae6937e,3534.55,iiith,Safety|Proxemics,2,0,0,0,0,0,1,1
2131b8e4-79b5-48f7-b092-e4a13ed96749_1086-27,2131b8e4-79b5-48f7-b092-e4a13ed96749,1086.27,nus,Politeness|Proxemics,2,0,0,0,1,0,1,0
76f450c1-3542-4f8a-964c-66c857a23601_671-42,76f450c1-3542-4f8a-964c-66c857a23601,671.42,frl_track_1_public,Politeness|Communication/Legibility,2,1,0,0,1,0,0,0
dca2e9e2-acde-49b7-8b0e-5a150e536769_3059-39,dca2e9e2-acde-49b7-8b0e-5a150e536769,3059.39,kaust,Politeness,1,0,0,0,1,0,0,0
8672b38a-7682-4244-ad7a-a336c81c2d0e_1054-38,8672b38a-7682-4244-ad7a-a336c81c2d0e,1054.38,frl_track_1_public,Safety,1,0,0,0,0,0,0,1
5ed59c41-af9e-4368-a0ce-30d536d34895_494-33,5ed59c41-af9e-4368-a0ce-30d536d34895,494.33,kaust,Safety|Cooperation|Politeness,3,0,1,0,1,0,0,1
3ab744ba-9969-452c-a825-38affebd4139_319-13,3ab744ba-9969-452c-a825-38affebd4139,319.13,bristol,Cooperation|Coordination/Proactivity|Communication/Legibility,3,1,1,1,0,0,0,0
6a847d75-e20f-409d-8b91-77ada97d8fb9_1582-87,6a847d75-e20f-409d-8b91-77ada97d8fb9,1582.87,iiith,Proxemics|Politeness,2,0,0,0,1,0,1,0
36baa5a9-16bf-4ad6-b011-4d7daae6b8f9_641-91,36baa5a9-16bf-4ad6-b011-4d7daae6b8f9,641.91,minnesota,Cooperation|Politeness,2,0,1,0,1,0,0,0
cfc42371-cd58-48df-8bc5-f2fb29a6091e_1191-27,cfc42371-cd58-48df-8bc5-f2fb29a6091e,1191.27,minnesota,Proxemics,1,0,0,0,0,0,1,0
e3f37c38-bf24-481f-b1c6-8d472fab4290_1679-92,e3f37c38-bf24-481f-b1c6-8d472fab4290,1679.92,iiith,Safety|Cooperation,2,0,1,0,0,0,0,1
d1c7b7ec-506e-4c02-b008-8b5aaaf442d7_1891-93,d1c7b7ec-506e-4c02-b008-8b5aaaf442d7,1891.93,indiana,Politeness|Cooperation,2,0,1,0,1,0,0,0
2cc2710e-aae0-41eb-9a70-deb9217bb7ea_3838-38,2cc2710e-aae0-41eb-9a70-deb9217bb7ea,3838.38,kaust,Cooperation|Politeness,2,0,1,0,1,0,0,0
aad332b0-a437-4bd9-9147-f580bb58c3f5_3472-99,aad332b0-a437-4bd9-9147-f580bb58c3f5,3472.99,iiith,Proxemics|Cooperation|Coordination/Proactivity,3,0,1,1,0,0,1,0
6070d9d1-9962-49f3-8ac7-4e29ca07e104_164-20,6070d9d1-9962-49f3-8ac7-4e29ca07e104,164.2,nus,Communication/Legibility|Politeness,2,1,0,0,1,0,0,0
a6264c7d-d42a-4708-8fc2-b35ad0c5fe42_990-06,a6264c7d-d42a-4708-8fc2-b35ad0c5fe42,990.06,minnesota,Politeness|Cooperation,2,0,1,0,1,0,0,0
48d7d009-425f-4d1a-a6a9-a4742bd0d9fe_2349-91,48d7d009-425f-4d1a-a6a9-a4742bd0d9fe,2349.91,iiith,Cooperation,1,0,1,0,0,0,0,0
45f5f3df-072e-4869-b332-cfc3652092b2_997-48,45f5f3df-072e-4869-b332-cfc3652092b2,997.48,iiith,Cooperation,1,0,1,0,0,0,0,0
5aa01f1b-351d-428b-a1be-1f2edaff6a0c_693-84,5aa01f1b-351d-428b-a1be-1f2edaff6a0c,693.84,frl_track_1_public,Safety,1,0,0,0,0,0,0,1
949b2e8a-83f9-4b89-b29b-9e8d81600dd8_3511-42,949b2e8a-83f9-4b89-b29b-9e8d81600dd8,3511.42,iiith,Cooperation|Politeness,2,0,1,0,1,0,0,0
81fb9f8f-be18-4833-a899-4fbcef82a634_270-26,81fb9f8f-be18-4833-a899-4fbcef82a634,270.26,iiith,Politeness|Coordination/Proactivity,2,0,0,1,1,0,0,0
ea5bb387-a22a-4b49-8aa5-35cbf0d3563d_32-89,ea5bb387-a22a-4b49-8aa5-35cbf0d3563d,32.89,iiith,Politeness|Cooperation,2,0,1,0,1,0,0,0
b5c3c1e3-7ee7-4b4a-b938-4d008d5aa49b_644-73,b5c3c1e3-7ee7-4b4a-b938-4d008d5aa49b,644.73,nus,Proxemics|Cooperation,2,0,1,0,0,0,1,0
74d38b4a-6f22-43b3-b631-9234c05f27ab_270-80,74d38b4a-6f22-43b3-b631-9234c05f27ab,270.8,kaust,Safety|Cooperation|Politeness,3,0,1,0,1,0,0,1
f7d99eca-11d5-4d45-8d60-695c3cb2f07c_431-32,f7d99eca-11d5-4d45-8d60-695c3cb2f07c,431.32,iiith,Cooperation|Coordination/Proactivity,2,0,1,1,0,0,0,0
1e96ede3-aa85-4162-a32f-c565e5194cab_995-46,1e96ede3-aa85-4162-a32f-c565e5194cab,995.46,iiith,Proxemics|Politeness,2,0,0,0,1,0,1,0
2dbdd409-0be0-447c-8ae8-3f107fe9af80_989-72,2dbdd409-0be0-447c-8ae8-3f107fe9af80,989.72,nus,Proxemics,1,0,0,0,0,0,1,0
584f625d-15b0-49e8-bfa6-718b9cf010e0_834-78,584f625d-15b0-49e8-bfa6-718b9cf010e0,834.78,kaust,Safety|Cooperation,2,0,1,0,0,0,0,1
dbcca18b-4b62-4ba1-b799-a6a65231d084_2471-26,dbcca18b-4b62-4ba1-b799-a6a65231d084,2471.26,iiith,Cooperation,1,0,1,0,0,0,0,0
c00d3596-99db-4ea7-9a65-57ab4319d640_329-17,c00d3596-99db-4ea7-9a65-57ab4319d640,329.17,iiith,Cooperation,1,0,1,0,0,0,0,0
1f4a4d13-f083-4464-8c03-5e09f55e3f63_332-95,1f4a4d13-f083-4464-8c03-5e09f55e3f63,332.95,minnesota,Proxemics|Communication/Legibility,2,1,0,0,0,0,1,0
6f93978d-a3d0-467d-b401-e23b3c92f3bf_5298-67,6f93978d-a3d0-467d-b401-e23b3c92f3bf,5298.67,iiith,Cooperation|Communication/Legibility,2,1,1,0,0,0,0,0
2893d559-89cb-4125-a761-3ff8e68768a9_638-82,2893d559-89cb-4125-a761-3ff8e68768a9,638.82,minnesota,Proxemics,1,0,0,0,0,0,1,0
7a680a9a-dd7b-467a-a724-a597f1be9f06_2545-71,7a680a9a-dd7b-467a-a724-a597f1be9f06,2545.71,kaust,Politeness|Communication/Legibility,2,1,0,0,1,0,0,0
18189ea3-00fd-428a-bbae-7549ddd9a97e_803-15,18189ea3-00fd-428a-bbae-7549ddd9a97e,803.15,iiith,Cooperation|Coordination/Proactivity,2,0,1,1,0,0,0,0
bd31c2eb-4faa-467d-8c71-89a55b0a4be5_275-56,bd31c2eb-4faa-467d-8c71-89a55b0a4be5,275.56,iiith,Proxemics,1,0,0,0,0,0,1,0
f5bdefb3-f57c-4270-bf31-7939ecd45c86_1289-58,f5bdefb3-f57c-4270-bf31-7939ecd45c86,1289.58,iiith,Cooperation|Politeness|Proxemics,3,0,1,0,1,0,1,0
db35b386-4c65-4c5e-a488-51b2aa5eb1fb_589-73,db35b386-4c65-4c5e-a488-51b2aa5eb1fb,589.73,iiith,Coordination/Proactivity,1,0,0,1,0,0,0,0
2d13c92e-f43f-40f2-b603-cb749e5fee70_2243-41,2d13c92e-f43f-40f2-b603-cb749e5fee70,2243.41,iiith,Cooperation,1,0,1,0,0,0,0,0
dd82f801-fc96-4ced-b066-ad559da3faab_601-49,dd82f801-fc96-4ced-b066-ad559da3faab,601.49,minnesota,Politeness|Safety,2,0,0,0,1,0,0,1
97d62297-ee2c-482f-aec2-4f73448c3a03_538-31,97d62297-ee2c-482f-aec2-4f73448c3a03,538.31,iiith,Safety,1,0,0,0,0,0,0,1
998d4e6e-f579-4872-b706-767c5f392825_4715-59,998d4e6e-f579-4872-b706-767c5f392825,4715.59,iiith,Cooperation|Coordination/Proactivity,2,0,1,1,0,0,0,0
3de48a49-665d-4c1b-9655-82532e108e6a_1395-29,3de48a49-665d-4c1b-9655-82532e108e6a,1395.29,minnesota,Proxemics,1,0,0,0,0,0,1,0
54a421d2-763e-4751-a6b4-54e3d6c46cc1_1361-15,54a421d2-763e-4751-a6b4-54e3d6c46cc1,1361.15,minnesota,Cooperation|Politeness|Communication/Legibility,3,1,1,0,1,0,0,0
f965d286-b521-402f-9a0e-c73b49e9806e_32-71,f965d286-b521-402f-9a0e-c73b49e9806e,32.71,minnesota,Politeness|Communication/Legibility,2,1,0,0,1,0,0,0
8b82316c-c293-49a7-b401-a3cc026ab1d0_3445-90,8b82316c-c293-49a7-b401-a3cc026ab1d0,3445.9,indiana,Cooperation|Coordination/Proactivity,2,0,1,1,0,0,0,0
4c70179a-f411-4f81-b44d-cfe34b8f9180_800-64,4c70179a-f411-4f81-b44d-cfe34b8f9180,800.64,minnesota,Politeness|Proxemics,2,0,0,0,1,0,1,0
e6e3919c-7c2e-491e-bde8-053715f0d851_472-28,e6e3919c-7c2e-491e-bde8-053715f0d851,472.28,minnesota,Cooperation|Politeness|Communication/Legibility,3,1,1,0,1,0,0,0
9a732221-3adb-4903-b61d-9b8097965fbf_2751-77,9a732221-3adb-4903-b61d-9b8097965fbf,2751.77,kaust,Cooperation,1,0,1,0,0,0,0,0
b5d691f6-1618-467e-9fc9-d2ebd8eaafe4_836-72,b5d691f6-1618-467e-9fc9-d2ebd8eaafe4,836.72,iiith,Politeness|Communication/Legibility,2,1,0,0,1,0,0,0
cb87d2ca-dc4f-4e1c-a13f-a8fe7dc952e9_11-49,cb87d2ca-dc4f-4e1c-a13f-a8fe7dc952e9,11.49,minnesota,Politeness|Communication/Legibility|Cooperation,3,1,1,0,1,0,0,0
cb87d2ca-dc4f-4e1c-a13f-a8fe7dc952e9_115-52,cb87d2ca-dc4f-4e1c-a13f-a8fe7dc952e9,115.52,minnesota,Politeness|Cooperation,2,0,1,0,1,0,0,0
7152d311-7801-487c-a6ed-a746e6abaa1f_286-31,7152d311-7801-487c-a6ed-a746e6abaa1f,286.31,unict,Safety,1,0,0,0,0,0,0,1
1c983176-b07a-4a69-ae51-de7829de6b6a_261-56,1c983176-b07a-4a69-ae51-de7829de6b6a,261.56,frl_track_1_public,Politeness|Communication/Legibility,2,1,0,0,1,0,0,0
88193924-6780-4290-b8ba-85676e98387a_791-58,88193924-6780-4290-b8ba-85676e98387a,791.58,frl_track_1_public,Proxemics|Politeness,2,0,0,0,1,0,1,0
944aacb0-f596-460d-b5a6-9ae05df1d430_3528-77,944aacb0-f596-460d-b5a6-9ae05df1d430,3528.77,iiith,Cooperation|Communication/Legibility,2,1,1,0,0,0,0,0
406f3614-0b99-4b3f-b3cb-a4590bad9e27_288-93,406f3614-0b99-4b3f-b3cb-a4590bad9e27,288.93,minnesota,Safety|Cooperation,2,0,1,0,0,0,0,1
d6f9d174-2d42-49e7-83e4-daa9e8b0aa25_432-24,d6f9d174-2d42-49e7-83e4-daa9e8b0aa25,432.24,frl_track_1_public,Politeness,1,0,0,0,1,0,0,0
eb5cb2b0-59e6-45da-af1b-ba86c7ab0b54_1263-17,eb5cb2b0-59e6-45da-af1b-ba86c7ab0b54,1263.17,minnesota,Safety|Proxemics,2,0,0,0,0,0,1,1
9d26362a-4411-4d8b-b114-03f4f89928d7_694-92,9d26362a-4411-4d8b-b114-03f4f89928d7,694.92,minnesota,Cooperation|Coordination/Proactivity,2,0,1,1,0,0,0,0
a3f6b937-bb29-4cc4-9f4b-27080ddca7c7_437-97,a3f6b937-bb29-4cc4-9f4b-27080ddca7c7,437.97,minnesota,Politeness|Communication/Legibility|Cooperation,3,1,1,0,1,0,0,0
41c32675-1cc9-47f2-82e5-5ef1eacb720b_92-49,41c32675-1cc9-47f2-82e5-5ef1eacb720b,92.49,minnesota,Safety|Politeness,2,0,0,0,1,0,0,1
38788778-0822-4c9c-b51e-5bce8a765a97_83-68,38788778-0822-4c9c-b51e-5bce8a765a97,83.68,frl_track_1_public,Politeness|Proxemics,2,0,0,0,1,0,1,0
a12f0a2e-e066-4b65-8603-6754bb73e196_30-04,a12f0a2e-e066-4b65-8603-6754bb73e196,30.04,unict,Politeness|Cooperation,2,0,1,0,1,0,0,0
44c5117d-fb5c-4fcf-b648-d7eb76d5f95a_898-38,44c5117d-fb5c-4fcf-b648-d7eb76d5f95a,898.38,iiith,Proxemics|Politeness|Cooperation,3,0,1,0,1,0,1,0
2efc9b47-0a23-4247-89a6-db46dae6c998_328-94,2efc9b47-0a23-4247-89a6-db46dae6c998,328.94,iiith,Cooperation|Coordination/Proactivity,2,0,1,1,0,0,0,0
84ec85f6-c167-413c-829d-9c6915519c57_919-33,84ec85f6-c167-413c-829d-9c6915519c57,919.33,iiith,Cooperation|Coordination/Proactivity,2,0,1,1,0,0,0,0
76f450c1-3542-4f8a-964c-66c857a23601_1422-15,76f450c1-3542-4f8a-964c-66c857a23601,1422.15,frl_track_1_public,Proxemics|Politeness|Communication/Legibility,3,1,0,0,1,0,1,0
be1da89b-976b-4e71-a42a-7621b522db46_179-53,be1da89b-976b-4e71-a42a-7621b522db46,179.53,iiith,Proxemics|Cooperation,2,0,1,0,0,0,1,0
0696265e-aba2-401b-9316-c380c30c901e_540-96,0696265e-aba2-401b-9316-c380c30c901e,540.96,frl_track_1_public,,0,0,0,0,0,0,0,0
258a7d18-4e66-4e3a-9fa0-f8daf7315a6d_1387-30,258a7d18-4e66-4e3a-9fa0-f8daf7315a6d,1387.3,iiith,Cooperation|Proxemics,2,0,1,0,0,0,1,0
cd0c7d35-19cf-4ce2-9b40-0209547acde5_284-45,cd0c7d35-19cf-4ce2-9b40-0209547acde5,284.45,frl_track_1_public,Politeness|Communication/Legibility,2,1,0,0,1,0,0,0
e3f37c38-bf24-481f-b1c6-8d472fab4290_5304-28,e3f37c38-bf24-481f-b1c6-8d472fab4290,5304.28,iiith,Proxemics|Cooperation|Communication/Legibility,3,1,1,0,0,0,1,0
e58207f1-84ec-424b-a997-ff64a57eb13b_1893-21,e58207f1-84ec-424b-a997-ff64a57eb13b,1893.21,frl_track_1_public,Communication/Legibility,1,1,0,0,0,0,0,0
031314bd-fa48-42ef-8341-bc5ca17f6a4a_1127-31,031314bd-fa48-42ef-8341-bc5ca17f6a4a,1127.31,iiith,Politeness|Cooperation|Coordination/Proactivity,3,0,1,1,1,0,0,0
4de25e28-5a34-4fbe-bc83-200d513b4d9a_1123-59,4de25e28-5a34-4fbe-bc83-200d513b4d9a,1123.59,frl_track_1_public,Proxemics|Coordination/Proactivity,2,0,0,1,0,0,1,0
a055e4e8-cc07-47c1-a438-06f45c4f724c_2257-57,a055e4e8-cc07-47c1-a438-06f45c4f724c,2257.57,iiith,Proxemics|Coordination/Proactivity,2,0,0,1,0,0,1,0
b68f87f0-29be-4516-a34a-dda69dd84a56_524-12,b68f87f0-29be-4516-a34a-dda69dd84a56,524.12,bristol,Safety|Proxemics|Privacy,3,0,0,0,0,1,1,1
088add57-cf62-4ddd-9908-7eb738b0ec22_2767-48,088add57-cf62-4ddd-9908-7eb738b0ec22,2767.48,iiith,Politeness|Communication/Legibility,2,1,0,0,1,0,0,0
9d0c46d6-ea9a-43e6-8b8a-4b2972eb6ef4_551-12,9d0c46d6-ea9a-43e6-8b8a-4b2972eb6ef4,551.12,frl_track_1_public,Proxemics|Politeness|Communication/Legibility,3,1,0,0,1,0,1,0
67b78a5b-ab72-4483-95c4-33e837013e93_2874-42,67b78a5b-ab72-4483-95c4-33e837013e93,2874.42,kaust,Politeness|Communication/Legibility,2,1,0,0,1,0,0,0
d3279f4f-eea5-448f-a930-aafac6b668ac_1962-11,d3279f4f-eea5-448f-a930-aafac6b668ac,1962.11,iiith,Cooperation,1,0,1,0,0,0,0,0
f668b2c9-d376-411b-96e5-7d7379fae824_151-21,f668b2c9-d376-411b-96e5-7d7379fae824,151.21,minnesota,Cooperation|Communication/Legibility,2,1,1,0,0,0,0,0
03f5b0be-94ac-4d22-9c30-7bf0456ccf0e_1279-00,03f5b0be-94ac-4d22-9c30-7bf0456ccf0e,1279.0,bristol,,0,0,0,0,0,0,0,0
ae59dda2-8aa0-40e1-bd48-af368ea8e149_1550-40,ae59dda2-8aa0-40e1-bd48-af368ea8e149,1550.4,iiith,Politeness|Cooperation,2,0,1,0,1,0,0,0
381c4c64-a697-42ab-90ab-a515740bf484_1318-72,381c4c64-a697-42ab-90ab-a515740bf484,1318.72,frl_track_1_public,Politeness,1,0,0,0,1,0,0,0
e623faab-101a-41a6-83ac-8e22b4371aba_357-75,e623faab-101a-41a6-83ac-8e22b4371aba,357.75,frl_track_1_public,Proxemics|Coordination/Proactivity,2,0,0,1,0,0,1,0
af400f98-3c57-46ad-acac-eaca6f940180_2315-10,af400f98-3c57-46ad-acac-eaca6f940180,2315.1,iiith,Proxemics|Cooperation|Communication/Legibility,3,1,1,0,0,0,1,0
3b342c9c-eb30-4cc6-8ced-53c4fb7b3a8d_290-89,3b342c9c-eb30-4cc6-8ced-53c4fb7b3a8d,290.89,nus,Communication/Legibility|Cooperation|Politeness,3,1,1,0,1,0,0,0
af06acee-b948-4950-a653-53d76b03a010_920-06,af06acee-b948-4950-a653-53d76b03a010,920.06,minnesota,Proxemics|Coordination/Proactivity,2,0,0,1,0,0,1,0
e14bb000-250b-4f3d-aec6-e72d4f29d123_367-23,e14bb000-250b-4f3d-aec6-e72d4f29d123,367.23,frl_track_1_public,Cooperation|Communication/Legibility,2,1,1,0,0,0,0,0
8b1d4210-a174-4617-8311-df4b32785d28_1114-53,8b1d4210-a174-4617-8311-df4b32785d28,1114.53,frl_track_1_public,Cooperation|Communication/Legibility,2,1,1,0,0,0,0,0
9520f703-8904-4123-bd7f-873b0b42074b_224-60,9520f703-8904-4123-bd7f-873b0b42074b,224.6,frl_track_1_public,Proxemics|Cooperation|Communication/Legibility,3,1,1,0,0,0,1,0
be7ede7a-c212-45ff-8601-e15dd2f7e531_928-33,be7ede7a-c212-45ff-8601-e15dd2f7e531,928.33,minnesota,Cooperation|Coordination/Proactivity|Communication/Legibility,3,1,1,1,0,0,0,0
3a839ee1-2391-43bb-a253-c2c45d753bac_271-43,3a839ee1-2391-43bb-a253-c2c45d753bac,271.43,iiith,Cooperation|Coordination/Proactivity,2,0,1,1,0,0,0,0
1de5ae42-ca61-4a76-a514-8b70c40553fc_1576-85,1de5ae42-ca61-4a76-a514-8b70c40553fc,1576.85,minnesota,Proxemics|Safety|Politeness,3,0,0,0,1,0,1,1
1b1acfa6-ee3b-483c-9c0a-245d70d7125f_3443-49,1b1acfa6-ee3b-483c-9c0a-245d70d7125f,3443.49,frl_track_1_public,Safety,1,0,0,0,0,0,0,1
48d7d009-425f-4d1a-a6a9-a4742bd0d9fe_30-60,48d7d009-425f-4d1a-a6a9-a4742bd0d9fe,30.6,iiith,Safety|Cooperation|Communication/Legibility,3,1,1,0,0,0,0,1
6a847d75-e20f-409d-8b91-77ada97d8fb9_1499-90,6a847d75-e20f-409d-8b91-77ada97d8fb9,1499.9,iiith,Cooperation,1,0,1,0,0,0,0,0
b9b65293-fec8-494e-81e7-c4496aafba6f_1524-26,b9b65293-fec8-494e-81e7-c4496aafba6f,1524.26,frl_track_1_public,Proxemics|Coordination/Proactivity,2,0,0,1,0,0,1,0
82e96128-1242-4e57-8a3e-9ea222df022c_3386-01,82e96128-1242-4e57-8a3e-9ea222df022c,3386.01,iiith,Cooperation|Communication/Legibility,2,1,1,0,0,0,0,0
c92cfd96-21ca-4b52-a56a-6345fbf57de0_233-46,c92cfd96-21ca-4b52-a56a-6345fbf57de0,233.46,iiith,Proxemics,1,0,0,0,0,0,1,0
c97a7ee8-1fd4-4092-8c47-ef93dea1c8aa_539-98,c97a7ee8-1fd4-4092-8c47-ef93dea1c8aa,539.98,nus,Proxemics,1,0,0,0,0,0,1,0
93f78437-229d-4824-a8c1-68d9b17e754d_1063-21,93f78437-229d-4824-a8c1-68d9b17e754d,1063.21,bristol,Proxemics|Cooperation,2,0,1,0,0,0,1,0
f0b8d19e-28c0-4d11-bb2d-5c6576eb7dcb_67-04,f0b8d19e-28c0-4d11-bb2d-5c6576eb7dcb,67.04,minnesota,Proxemics|Cooperation|Coordination/Proactivity,3,0,1,1,0,0,1,0
6e4baf27-2090-4a90-816b-a35a0aff0e56_1023-43,6e4baf27-2090-4a90-816b-a35a0aff0e56,1023.43,iiith,Politeness|Communication/Legibility,2,1,0,0,1,0,0,0
7b277350-9926-42ef-b5f7-3ee000f3350a_53-51,7b277350-9926-42ef-b5f7-3ee000f3350a,53.51,unict,Coordination/Proactivity,1,0,0,1,0,0,0,0
54a421d2-763e-4751-a6b4-54e3d6c46cc1_715-92,54a421d2-763e-4751-a6b4-54e3d6c46cc1,715.92,minnesota,Cooperation|Proxemics,2,0,1,0,0,0,1,0
a95545b6-8b1e-4d77-a209-c1accf3b057b_17-67,a95545b6-8b1e-4d77-a209-c1accf3b057b,17.67,minnesota,Safety,1,0,0,0,0,0,0,1
3a53bfdc-daf7-4bbc-bb9f-af449021d237_1629-28,3a53bfdc-daf7-4bbc-bb9f-af449021d237,1629.28,nus,Cooperation|Communication/Legibility,2,1,1,0,0,0,0,0
a84e378e-c9d5-4ace-8e42-e07b95784746_180-55,a84e378e-c9d5-4ace-8e42-e07b95784746,180.55,iiith,Cooperation,1,0,1,0,0,0,0,0
434a5651-9901-4b32-b782-d9a2bb52e805_711-02,434a5651-9901-4b32-b782-d9a2bb52e805,711.02,kaust,,0,0,0,0,0,0,0,0
324ec8a1-3bd1-46b6-9abb-a824e53c0879_1801-82,324ec8a1-3bd1-46b6-9abb-a824e53c0879,1801.82,iiith,Cooperation|Coordination/Proactivity,2,0,1,1,0,0,0,0
d6f9d174-2d42-49e7-83e4-daa9e8b0aa25_1070-43,d6f9d174-2d42-49e7-83e4-daa9e8b0aa25,1070.43,frl_track_1_public,Politeness,1,0,0,0,1,0,0,0
0619c3d0-aebe-4414-b977-f2027271b267_279-15,0619c3d0-aebe-4414-b977-f2027271b267,279.15,frl_track_1_public,Proxemics|Coordination/Proactivity|Cooperation,3,0,1,1,0,0,1,0
3925576b-6900-4112-8620-8739de771da9_2447-44,3925576b-6900-4112-8620-8739de771da9,2447.44,frl_track_1_public,Politeness|Communication/Legibility|Cooperation,3,1,1,0,1,0,0,0
8b82316c-c293-49a7-b401-a3cc026ab1d0_2095-46,8b82316c-c293-49a7-b401-a3cc026ab1d0,2095.46,indiana,Communication/Legibility|Cooperation,2,1,1,0,0,0,0,0
6ba5f052-a1cd-46ba-83f2-1be480387020_599-71,6ba5f052-a1cd-46ba-83f2-1be480387020,599.71,minnesota,Safety|Politeness,2,0,0,0,1,0,0,1
9c15ab39-2b2b-4eb1-a93d-4dd3b9711fc6_321-25,9c15ab39-2b2b-4eb1-a93d-4dd3b9711fc6,321.25,frl_track_1_public,Cooperation,1,0,1,0,0,0,0,0
f5bdefb3-f57c-4270-bf31-7939ecd45c86_1324-59,f5bdefb3-f57c-4270-bf31-7939ecd45c86,1324.59,iiith,Politeness|Cooperation|Communication/Legibility,3,1,1,0,1,0,0,0
3ab744ba-9969-452c-a825-38affebd4139_13-22,3ab744ba-9969-452c-a825-38affebd4139,13.22,bristol,Safety|Cooperation,2,0,1,0,0,0,0,1
1e9da62e-72ae-48d2-8b6e-00a5283d213f_1077-48,1e9da62e-72ae-48d2-8b6e-00a5283d213f,1077.48,nus,Cooperation,1,0,1,0,0,0,0,0
072623e8-1889-4580-8175-ddc05a3dceb3_11-40,072623e8-1889-4580-8175-ddc05a3dceb3,11.4,iiith,Safety,1,0,0,0,0,0,0,1
6ef5aab3-db5f-4fdb-9c39-b37bd497e7d8_638-66,6ef5aab3-db5f-4fdb-9c39-b37bd497e7d8,638.66,frl_track_1_public,Politeness|Communication/Legibility,2,1,0,0,1,0,0,0
f00ec54c-9ed4-4a23-9cd7-f8728cb9d6c7_1322-65,f00ec54c-9ed4-4a23-9cd7-f8728cb9d6c7,1322.65,minnesota,Safety|Cooperation|Communication/Legibility,3,1,1,0,0,0,0,1
1acd2d5c-b0d4-4ec5-a54c-6a9c84cb11f6_273-21,1acd2d5c-b0d4-4ec5-a54c-6a9c84cb11f6,273.21,minnesota,Safety|Politeness,2,0,0,0,1,0,0,1
330c1e0d-b71a-452e-8b68-fdb96fa8a6ca_1228-35,330c1e0d-b71a-452e-8b68-fdb96fa8a6ca,1228.35,frl_track_1_public,Proxemics|Politeness,2,0,0,0,1,0,1,0
a4c1f23e-702e-49a1-9600-0538e4e2e7db_2889-59,a4c1f23e-702e-49a1-9600-0538e4e2e7db,2889.59,iiith,Safety|Coordination/Proactivity,2,0,0,1,0,0,0,1
af215e0f-56c7-4356-9aad-a3a5fb7bbc4f_709-03,af215e0f-56c7-4356-9aad-a3a5fb7bbc4f,709.03,iiith,Coordination/Proactivity|Safety,2,0,0,1,0,0,0,1
b1543ea3-e86b-4545-9195-f1bf83e02b41_4163-19,b1543ea3-e86b-4545-9195-f1bf83e02b41,4163.19,kaust,Politeness,1,0,0,0,1,0,0,0
5dac9d4b-1ac8-468b-a51b-8b7e0dbe554b_1086-76,5dac9d4b-1ac8-468b-a51b-8b7e0dbe554b,1086.76,frl_track_1_public,Proxemics,1,0,0,0,0,0,1,0
952d5295-06f4-4578-929b-4113e4ff9201_769-29,952d5295-06f4-4578-929b-4113e4ff9201,769.29,iiith,Proxemics|Cooperation,2,0,1,0,0,0,1,0
b264c17e-145a-4dd0-90c4-397d0f5b8057_51-64,b264c17e-145a-4dd0-90c4-397d0f5b8057,51.64,frl_track_1_public,Cooperation|Communication/Legibility,2,1,1,0,0,0,0,0
5c172db2-eca2-4f9a-8963-b2111123fef2_81-63,5c172db2-eca2-4f9a-8963-b2111123fef2,81.63,iiith,Politeness|Cooperation|Communication/Legibility,3,1,1,0,1,0,0,0
5cee04cd-4adb-4a12-a476-1ba1db44865c_1289-65,5cee04cd-4adb-4a12-a476-1ba1db44865c,1289.65,frl_track_1_public,Cooperation|Politeness,2,0,1,0,1,0,0,0
cbc5c4fe-ed66-4525-a3d8-d691064db66b_527-23,cbc5c4fe-ed66-4525-a3d8-d691064db66b,527.23,frl_track_1_public,,0,0,0,0,0,0,0,0
750c5383-58f6-4063-8cc8-50691a68994d_870-14,750c5383-58f6-4063-8cc8-50691a68994d,870.14,frl_track_1_public,Proxemics|Politeness,2,0,0,0,1,0,1,0
596760c3-b1d6-453c-916c-ecbc30ab1c5d_1392-89,596760c3-b1d6-453c-916c-ecbc30ab1c5d,1392.89,iiith,Cooperation,1,0,1,0,0,0,0,0
294c8827-a667-49a5-9e7e-9c910001ce54_101-30,294c8827-a667-49a5-9e7e-9c910001ce54,101.3,iiith,Proxemics|Communication/Legibility,2,1,0,0,0,0,1,0
92153977-6016-4863-be78-c4af25a56a0f_1117-24,92153977-6016-4863-be78-c4af25a56a0f,1117.24,minnesota,Cooperation|Coordination/Proactivity,2,0,1,1,0,0,0,0
cce59bcd-0ebc-463e-bbb1-094186a6ed8d_1562-00,cce59bcd-0ebc-463e-bbb1-094186a6ed8d,1562.0,frl_track_1_public,Communication/Legibility|Politeness|Cooperation,3,1,1,0,1,0,0,0
5b329676-c4f5-49a7-9999-fa3884190b1e_91-50,5b329676-c4f5-49a7-9999-fa3884190b1e,91.5,frl_track_1_public,Proxemics|Coordination/Proactivity|Cooperation,3,0,1,1,0,0,1,0
6af6234f-abfe-48ac-9dde-399f25d9cb43_931-51,6af6234f-abfe-48ac-9dde-399f25d9cb43,931.51,frl_track_1_public,Politeness|Cooperation,2,0,1,0,1,0,0,0
3f292ce2-fb0d-477e-b6b5-18c6ef38366e_889-07,3f292ce2-fb0d-477e-b6b5-18c6ef38366e,889.07,iiith,Safety|Cooperation,2,0,1,0,0,0,0,1
0e12d060-f93d-418a-a377-7f2467be9fed_363-39,0e12d060-f93d-418a-a377-7f2467be9fed,363.39,frl_track_1_public,Politeness|Coordination/Proactivity,2,0,0,1,1,0,0,0
0f82d425-f8be-4e69-8c59-0a1a2e980b20_554-09,0f82d425-f8be-4e69-8c59-0a1a2e980b20,554.09,minnesota,Politeness|Communication/Legibility,2,1,0,0,1,0,0,0
d6f9d174-2d42-49e7-83e4-daa9e8b0aa25_1389-10,d6f9d174-2d42-49e7-83e4-daa9e8b0aa25,1389.1,frl_track_1_public,Communication/Legibility|Cooperation,2,1,1,0,0,0,0,0
7b5fafdb-136a-4722-84a4-cffb213a224a_2353-21,7b5fafdb-136a-4722-84a4-cffb213a224a,2353.21,kaust,Safety,1,0,0,0,0,0,0,1
b9b65293-fec8-494e-81e7-c4496aafba6f_2296-78,b9b65293-fec8-494e-81e7-c4496aafba6f,2296.78,frl_track_1_public,Cooperation,1,0,1,0,0,0,0,0
d7480d27-f607-4a5a-8c31-9d299f70a4b8_3616-43,d7480d27-f607-4a5a-8c31-9d299f70a4b8,3616.43,iiith,Cooperation|Coordination/Proactivity,2,0,1,1,0,0,0,0
64ec6de1-0e86-49de-889c-4a0fdcba6658_808-22,64ec6de1-0e86-49de-889c-4a0fdcba6658,808.22,frl_track_1_public,Politeness|Cooperation,2,0,1,0,1,0,0,0
e6f1accd-e18d-43ec-b854-e7633b15cbf7_1189-37,e6f1accd-e18d-43ec-b854-e7633b15cbf7,1189.37,iiith,Cooperation|Coordination/Proactivity,2,0,1,1,0,0,0,0
fdfa65a5-9d90-4d27-8667-cd2c511614e3_513-55,fdfa65a5-9d90-4d27-8667-cd2c511614e3,513.55,minnesota,Proxemics|Communication/Legibility,2,1,0,0,0,0,1,0
4f549225-e82e-4294-9379-4891e47725c7_1121-97,4f549225-e82e-4294-9379-4891e47725c7,1121.97,iiith,Cooperation|Coordination/Proactivity|Communication/Legibility,3,1,1,1,0,0,0,0
944aacb0-f596-460d-b5a6-9ae05df1d430_3858-37,944aacb0-f596-460d-b5a6-9ae05df1d430,3858.37,iiith,Safety,1,0,0,0,0,0,0,1
56da7a14-f3fe-4dd9-9acb-92917603f42c_521-16,56da7a14-f3fe-4dd9-9acb-92917603f42c,521.16,frl_track_1_public,Politeness|Cooperation,2,0,1,0,1,0,0,0
60209262-ab8e-4214-a8dd-4764a9a4b26d_842-54,60209262-ab8e-4214-a8dd-4764a9a4b26d,842.54,minnesota,Safety,1,0,0,0,0,0,0,1
428a80ce-ccc8-46e3-9cbb-419d224f148a_1420-33,428a80ce-ccc8-46e3-9cbb-419d224f148a,1420.33,frl_track_1_public,Communication/Legibility|Cooperation,2,1,1,0,0,0,0,0
110f9870-6b6c-4a20-a3c8-8c2e29c53bb7_1388-88,110f9870-6b6c-4a20-a3c8-8c2e29c53bb7,1388.88,minnesota,Politeness|Cooperation|Coordination/Proactivity,3,0,1,1,1,0,0,0
98439a73-2aa4-4071-bee3-00973a58a70d_291-10,98439a73-2aa4-4071-bee3-00973a58a70d,291.1,iiith,Cooperation,1,0,1,0,0,0,0,0
d3f76c88-5996-4da0-8b8f-6c1b8f85a4d8_9209-81,d3f76c88-5996-4da0-8b8f-6c1b8f85a4d8,9209.81,iiith,Cooperation|Coordination/Proactivity,2,0,1,1,0,0,0,0
ba078478-13a5-4e7f-8ee4-61620f84cb7a_2830-69,ba078478-13a5-4e7f-8ee4-61620f84cb7a,2830.69,iiith,Cooperation,1,0,1,0,0,0,0,0
6ac035af-4851-4afb-af6c-c00edb7bdbe6_801-00,6ac035af-4851-4afb-af6c-c00edb7bdbe6,801.0,minnesota,Cooperation|Politeness|Proxemics,3,0,1,0,1,0,1,0
ce121331-6a77-44c0-9c0d-8d6b21f73b24_67-61,ce121331-6a77-44c0-9c0d-8d6b21f73b24,67.61,frl_track_1_public,Proxemics,1,0,0,0,0,0,1,0
9848e52e-e6f3-4190-9c42-f85cd9847e10_807-44,9848e52e-e6f3-4190-9c42-f85cd9847e10,807.44,minnesota,Cooperation,1,0,1,0,0,0,0,0
d74c95ba-e072-44f8-bb2f-2631379af06d_1057-19,d74c95ba-e072-44f8-bb2f-2631379af06d,1057.19,iiith,Proxemics|Communication/Legibility,2,1,0,0,0,0,1,0
94734a4a-4fb2-4d45-a47f-9d3d0ad70071_1049-90,94734a4a-4fb2-4d45-a47f-9d3d0ad70071,1049.9,minnesota,Safety|Cooperation|Communication/Legibility,3,1,1,0,0,0,0,1
6aa13fb1-5440-424e-a021-06a2da215e63_273-88,6aa13fb1-5440-424e-a021-06a2da215e63,273.88,frl_track_1_public,Proxemics|Coordination/Proactivity,2,0,0,1,0,0,1,0
ca1773b8-ec8e-4f61-8e8f-7e4211830793_835-99,ca1773b8-ec8e-4f61-8e8f-7e4211830793,835.99,nus,Politeness|Communication/Legibility,2,1,0,0,1,0,0,0
a6ae81d6-f014-4902-bae6-b06373b31c55_153-41,a6ae81d6-f014-4902-bae6-b06373b31c55,153.41,utokyo,Safety,1,0,0,0,0,0,0,1
932dfe2f-0cf1-4b76-b41a-4ca03f6945e5_1575-94,932dfe2f-0cf1-4b76-b41a-4ca03f6945e5,1575.94,frl_track_1_public,Politeness|Communication/Legibility,2,1,0,0,1,0,0,0
168f91fd-53c2-4eee-9d2d-e25e1ad73438_99-46,168f91fd-53c2-4eee-9d2d-e25e1ad73438,99.46,minnesota,Cooperation|Coordination/Proactivity|Communication/Legibility,3,1,1,1,0,0,0,0
01f9f9d6-2871-4913-99ea-8ffb7780fc8d_1491-41,01f9f9d6-2871-4913-99ea-8ffb7780fc8d,1491.41,minnesota,Proxemics|Politeness|Cooperation,3,0,1,0,1,0,1,0
cfa58f86-6a63-46fc-8510-6a8d517f933b_689-38,cfa58f86-6a63-46fc-8510-6a8d517f933b,689.38,frl_track_1_public,Politeness|Proxemics,2,0,0,0,1,0,1,0
53bab63b-b6fa-494c-9dc7-c3fe61f234de_999-56,53bab63b-b6fa-494c-9dc7-c3fe61f234de,999.56,minnesota,Cooperation,1,0,1,0,0,0,0,0
7f296d37-a819-408f-aa34-80b63a40f01e_28-00,7f296d37-a819-408f-aa34-80b63a40f01e,28.0,iiith,Cooperation,1,0,1,0,0,0,0,0
7c1c5dca-5856-4997-8cda-9fa3bca10a3b_2494-15,7c1c5dca-5856-4997-8cda-9fa3bca10a3b,2494.15,iiith,Safety|Cooperation|Coordination/Proactivity,3,0,1,1,0,0,0,1
d1952343-6eaf-4317-ae19-6b48b292ad24_877-17,d1952343-6eaf-4317-ae19-6b48b292ad24,877.17,frl_track_1_public,Politeness|Cooperation|Communication/Legibility,3,1,1,0,1,0,0,0
668962c9-ecae-4b8f-bdc1-a6aeab093d88_811-44,668962c9-ecae-4b8f-bdc1-a6aeab093d88,811.44,frl_track_1_public,Communication/Legibility,1,1,0,0,0,0,0,0
f5bdefb3-f57c-4270-bf31-7939ecd45c86_2347-29,f5bdefb3-f57c-4270-bf31-7939ecd45c86,2347.29,iiith,Politeness|Cooperation|Communication/Legibility,3,1,1,0,1,0,0,0
bdeb0df9-2983-41bb-ba27-c431d9ef3163_1772-82,bdeb0df9-2983-41bb-ba27-c431d9ef3163,1772.82,minnesota,Safety|Proxemics,2,0,0,0,0,0,1,1
7acd59a8-ed64-4a99-a469-3d5529a4098a_270-66,7acd59a8-ed64-4a99-a469-3d5529a4098a,270.66,frl_track_1_public,Proxemics,1,0,0,0,0,0,1,0
98fcbc28-9542-4f3c-9a03-73af08fb989d_1376-40,98fcbc28-9542-4f3c-9a03-73af08fb989d,1376.4,frl_track_1_public,Safety,1,0,0,0,0,0,0,1
25ade38d-3e6b-4aa1-851d-7fbf791201c0_887-41,25ade38d-3e6b-4aa1-851d-7fbf791201c0,887.41,kaust,Proxemics,1,0,0,0,0,0,1,0
7a680a9a-dd7b-467a-a724-a597f1be9f06_2545-86,7a680a9a-dd7b-467a-a724-a597f1be9f06,2545.86,kaust,Proxemics|Politeness,2,0,0,0,1,0,1,0
4d63c029-fd1d-48f2-9f61-7246bb9ef6fc_2979-35,4d63c029-fd1d-48f2-9f61-7246bb9ef6fc,2979.35,unict,Safety|Cooperation,2,0,1,0,0,0,0,1
ea5bb387-a22a-4b49-8aa5-35cbf0d3563d_205-22,ea5bb387-a22a-4b49-8aa5-35cbf0d3563d,205.22,iiith,Safety|Cooperation,2,0,1,0,0,0,0,1
ae59dda2-8aa0-40e1-bd48-af368ea8e149_1585-64,ae59dda2-8aa0-40e1-bd48-af368ea8e149,1585.64,iiith,Safety|Cooperation,2,0,1,0,0,0,0,1
ec85a806-d47f-4555-8c4c-20f59927e580_909-71,ec85a806-d47f-4555-8c4c-20f59927e580,909.71,iiith,Safety,1,0,0,0,0,0,0,1
0f574f9b-00bc-479d-894b-9e7c999fe13a_303-78,0f574f9b-00bc-479d-894b-9e7c999fe13a,303.78,iiith,Safety|Politeness,2,0,0,0,1,0,0,1
89d8c9c5-fa11-4674-b08f-007f81958555_252-29,89d8c9c5-fa11-4674-b08f-007f81958555,252.29,minnesota,Safety|Proxemics,2,0,0,0,0,0,1,1
ffa4f27f-4e66-4b8c-ba6a-9a94f3491eb6_1093-00,ffa4f27f-4e66-4b8c-ba6a-9a94f3491eb6,1093.0,frl_track_1_public,Politeness|Communication/Legibility,2,1,0,0,1,0,0,0
20525d50-586a-4792-bfdb-fd941ee64ea9_89-29,20525d50-586a-4792-bfdb-fd941ee64ea9,89.29,frl_track_1_public,Proxemics|Cooperation|Coordination/Proactivity,3,0,1,1,0,0,1,0
6ac035af-4851-4afb-af6c-c00edb7bdbe6_768-70,6ac035af-4851-4afb-af6c-c00edb7bdbe6,768.7,minnesota,Politeness|Communication/Legibility|Safety,3,1,0,0,1,0,0,1
afd5c197-7b14-4e21-ac56-d23b6a5543d0_1411-24,afd5c197-7b14-4e21-ac56-d23b6a5543d0,1411.24,minnesota,Proxemics,1,0,0,0,0,0,1,0
e6f1accd-e18d-43ec-b854-e7633b15cbf7_1189-42,e6f1accd-e18d-43ec-b854-e7633b15cbf7,1189.42,iiith,Cooperation,1,0,1,0,0,0,0,0
4cd086c9-e7d4-4cb9-bdfe-9e55830cf52e_3435-93,4cd086c9-e7d4-4cb9-bdfe-9e55830cf52e,3435.93,indiana,Cooperation|Coordination/Proactivity,2,0,1,1,0,0,0,0
3dd00666-a34d-4b45-bb4c-7a4c2342e475_1264-75,3dd00666-a34d-4b45-bb4c-7a4c2342e475,1264.75,frl_track_1_public,Proxemics|Politeness,2,0,0,0,1,0,1,0
9b8a4b28-b831-417b-83dd-deb7890908c0_1561-56,9b8a4b28-b831-417b-83dd-deb7890908c0,1561.56,frl_track_1_public,Safety|Cooperation|Communication/Legibility,3,1,1,0,0,0,0,1
c0eea386-412b-4127-a2d3-352322a0038c_1313-16,c0eea386-412b-4127-a2d3-352322a0038c,1313.16,kaust,Communication/Legibility|Cooperation,2,1,1,0,0,0,0,0
2b012751-2e50-4acb-b645-c864930e92c8_1119-28,2b012751-2e50-4acb-b645-c864930e92c8,1119.28,frl_track_1_public,Proxemics|Cooperation,2,0,1,0,0,0,1,0
6e330145-3fe9-44f7-8f84-801717da9ea2_766-46,6e330145-3fe9-44f7-8f84-801717da9ea2,766.46,minnesota,Communication/Legibility|Cooperation,2,1,1,0,0,0,0,0
67a8114b-7f37-443d-8beb-64886095f935_797-83,67a8114b-7f37-443d-8beb-64886095f935,797.83,minnesota,Proxemics|Communication/Legibility,2,1,0,0,0,0,1,0
cb1f1ddf-f4f6-4b0e-ab73-0285729ba790_40-06,cb1f1ddf-f4f6-4b0e-ab73-0285729ba790,40.06,iiith,Cooperation|Coordination/Proactivity,2,0,1,1,0,0,0,0
c79e05d5-eaf6-4323-a707-744020743037_763-82,c79e05d5-eaf6-4323-a707-744020743037,763.82,iiith,Safety|Cooperation,2,0,1,0,0,0,0,1
3178c414-453e-44e9-b192-67dba2ccc982_1088-81,3178c414-453e-44e9-b192-67dba2ccc982,1088.81,frl_track_1_public,Proxemics,1,0,0,0,0,0,1,0
ba44d0ee-9aba-4d05-8d1b-1eac7346f479_1433-66,ba44d0ee-9aba-4d05-8d1b-1eac7346f479,1433.66,kaust,Communication/Legibility|Politeness,2,1,0,0,1,0,0,0
d1c7b7ec-506e-4c02-b008-8b5aaaf442d7_847-39,d1c7b7ec-506e-4c02-b008-8b5aaaf442d7,847.39,indiana,,0,0,0,0,0,0,0,0
706de1df-babc-4e54-a310-1d9070140197_195-59,706de1df-babc-4e54-a310-1d9070140197,195.59,minnesota,,0,0,0,0,0,0,0,0
79c62f24-488e-4a69-8220-3b20cb4bf72b_4957-40,79c62f24-488e-4a69-8220-3b20cb4bf72b,4957.4,iiith,Cooperation,1,0,1,0,0,0,0,0
343f8d57-6331-40f3-823c-2aee4d5cc10f_1162-80,343f8d57-6331-40f3-823c-2aee4d5cc10f,1162.8,minnesota,Coordination/Proactivity,1,0,0,1,0,0,0,0
824e7896-904a-4ff5-b7ee-e21df21918c2_2003-17,824e7896-904a-4ff5-b7ee-e21df21918c2,2003.17,kaust,Cooperation|Coordination/Proactivity,2,0,1,1,0,0,0,0
be82ebf1-5feb-4c1b-a71a-f668e3a17726_27-55,be82ebf1-5feb-4c1b-a71a-f668e3a17726,27.55,nus,Communication/Legibility|Cooperation,2,1,1,0,0,0,0,0
0d572bb4-543a-4fa2-afce-876f854a559a_484-84,0d572bb4-543a-4fa2-afce-876f854a559a,484.84,iiith,Cooperation|Politeness|Coordination/Proactivity,3,0,1,1,1,0,0,0
3b342c9c-eb30-4cc6-8ced-53c4fb7b3a8d_783-98,3b342c9c-eb30-4cc6-8ced-53c4fb7b3a8d,783.98,nus,Cooperation|Communication/Legibility,2,1,1,0,0,0,0,0
c93e077c-9f51-449c-b130-8be107c8a7d5_199-82,c93e077c-9f51-449c-b130-8be107c8a7d5,199.82,iiith,Safety|Cooperation,2,0,1,0,0,0,0,1
77cdd8dd-402b-45d7-a16c-a16520c737e3_1834-33,77cdd8dd-402b-45d7-a16c-a16520c737e3,1834.33,iiith,Cooperation,1,0,1,0,0,0,0,0
3a718f0f-a85e-4461-b5bc-94c5a8d300a8_648-56,3a718f0f-a85e-4461-b5bc-94c5a8d300a8,648.56,minnesota,Safety|Cooperation,2,0,1,0,0,0,0,1
dc16fb2a-7caf-41f4-b2a3-d2ff8cd38255_65-68,dc16fb2a-7caf-41f4-b2a3-d2ff8cd38255,65.68,iiith,Cooperation|Coordination/Proactivity|Communication/Legibility,3,1,1,1,0,0,0,0
5ead8e7c-2600-44b1-afd6-b82cb5f7b9ce_3241-48,5ead8e7c-2600-44b1-afd6-b82cb5f7b9ce,3241.48,minnesota,Proxemics|Coordination/Proactivity,2,0,0,1,0,0,1,0
49b14463-2172-4b0e-ad13-fdf9383e9a77_284-00,49b14463-2172-4b0e-ad13-fdf9383e9a77,284.0,minnesota,Safety,1,0,0,0,0,0,0,1
803d0524-47c8-45fe-a5d1-c6a71e2cd54b_786-81,803d0524-47c8-45fe-a5d1-c6a71e2cd54b,786.81,iiith,Politeness|Communication/Legibility,2,1,0,0,1,0,0,0
fc201765-9b2e-4bb3-8ca0-84bd1732fd40_335-09,fc201765-9b2e-4bb3-8ca0-84bd1732fd40,335.09,iiith,Cooperation|Communication/Legibility,2,1,1,0,0,0,0,0
d6491872-31a0-4015-b9e1-ae992406f849_51-07,d6491872-31a0-4015-b9e1-ae992406f849,51.07,minnesota,Proxemics|Communication/Legibility|Cooperation,3,1,1,0,0,0,1,0
d10798c3-6b79-4c0d-aafd-8daad36c51db_44-79,d10798c3-6b79-4c0d-aafd-8daad36c51db,44.79,minnesota,Cooperation|Safety,2,0,1,0,0,0,0,1
10c73f89-cc7d-4d43-b1df-b56703de1b24_711-97,10c73f89-cc7d-4d43-b1df-b56703de1b24,711.97,frl_track_1_public,Politeness|Communication/Legibility,2,1,0,0,1,0,0,0
a3f1b2f3-0735-4c65-b66e-5c397f3126c7_276-64,a3f1b2f3-0735-4c65-b66e-5c397f3126c7,276.64,frl_track_1_public,Proxemics|Politeness,2,0,0,0,1,0,1,0
508cf068-6523-4368-a6b1-76ba538f1fc9_1359-08,508cf068-6523-4368-a6b1-76ba538f1fc9,1359.08,frl_track_1_public,Cooperation|Coordination/Proactivity,2,0,1,1,0,0,0,0
59976b3b-2328-47f2-a7b3-6f982497ed65_622-81,59976b3b-2328-47f2-a7b3-6f982497ed65,622.81,iiith,Politeness|Safety|Privacy|Coordination/Proactivity,4,0,0,1,1,1,0,1
f17f0d96-4d93-4e4b-83c5-fddfbc581bb3_963-95,f17f0d96-4d93-4e4b-83c5-fddfbc581bb3,963.95,frl_track_1_public,Proxemics,1,0,0,0,0,0,1,0
bb2297d3-91b7-4ec4-b39b-cc64694929db_412-95,bb2297d3-91b7-4ec4-b39b-cc64694929db,412.95,minnesota,Proxemics|Politeness,2,0,0,0,1,0,1,0
a13a145f-920a-44ec-8aef-b489c097f4a7_171-91,a13a145f-920a-44ec-8aef-b489c097f4a7,171.91,minnesota,Proxemics|Cooperation,2,0,1,0,0,0,1,0
1309c412-1d3b-449a-95d7-853616686f89_980-21,1309c412-1d3b-449a-95d7-853616686f89,980.21,nus,Politeness|Cooperation,2,0,1,0,1,0,0,0
2ec3c123-0a04-46d7-97d5-8b85b5e6d06f_1372-45,2ec3c123-0a04-46d7-97d5-8b85b5e6d06f,1372.45,iiith,Safety|Proxemics,2,0,0,0,0,0,1,1
744c58f8-9a76-40d4-838f-8c7676fcb316_139-70,744c58f8-9a76-40d4-838f-8c7676fcb316,139.7,iiith,Safety|Communication/Legibility,2,1,0,0,0,0,0,1
f488287d-ea74-4836-9ea4-e137ac6c8233_333-32,f488287d-ea74-4836-9ea4-e137ac6c8233,333.32,iiith,Proxemics,1,0,0,0,0,0,1,0
0dca9b08-f9c6-446f-8754-3c1312fa3274_101-78,0dca9b08-f9c6-446f-8754-3c1312fa3274,101.78,frl_track_1_public,Politeness|Communication/Legibility,2,1,0,0,1,0,0,0
48d7d009-425f-4d1a-a6a9-a4742bd0d9fe_2561-43,48d7d009-425f-4d1a-a6a9-a4742bd0d9fe,2561.43,iiith,Proxemics|Cooperation|Coordination/Proactivity,3,0,1,1,0,0,1,0
6a847d75-e20f-409d-8b91-77ada97d8fb9_1545-09,6a847d75-e20f-409d-8b91-77ada97d8fb9,1545.09,iiith,Coordination/Proactivity,1,0,0,1,0,0,0,0
4bf46557-3c5a-4a89-840d-158403590c9f_1472-48,4bf46557-3c5a-4a89-840d-158403590c9f,1472.48,iiith,Safety|Cooperation,2,0,1,0,0,0,0,1
3f712a5b-c1cf-4f2a-b0ab-ca0e2e4f0e3c_1166-83,3f712a5b-c1cf-4f2a-b0ab-ca0e2e4f0e3c,1166.83,iiith,Cooperation|Coordination/Proactivity|Communication/Legibility,3,1,1,1,0,0,0,0
6b7e79ad-68c1-4637-a2d1-d7b8f92ac8a4_166-07,6b7e79ad-68c1-4637-a2d1-d7b8f92ac8a4,166.07,frl_track_1_public,Communication/Legibility|Politeness,2,1,0,0,1,0,0,0
71d5f5dc-fff6-4352-b37c-a8e1ed3b39bd_541-68,71d5f5dc-fff6-4352-b37c-a8e1ed3b39bd,541.68,iiith,Proxemics|Communication/Legibility|Cooperation,3,1,1,0,0,0,1,0
54a421d2-763e-4751-a6b4-54e3d6c46cc1_692-41,54a421d2-763e-4751-a6b4-54e3d6c46cc1,692.41,minnesota,Cooperation|Politeness|Communication/Legibility,3,1,1,0,1,0,0,0
dced4894-d13a-4222-941b-5e4ecf1e3299_1046-91,dced4894-d13a-4222-941b-5e4ecf1e3299,1046.91,iiith,Safety|Communication/Legibility,2,1,0,0,0,0,0,1
69f1101f-cb9e-4ad1-8fe6-ed840e5bcf9b_1263-46,69f1101f-cb9e-4ad1-8fe6-ed840e5bcf9b,1263.46,frl_track_1_public,Proxemics|Cooperation|Communication/Legibility,3,1,1,0,0,0,1,0
0475a0b9-9445-4083-8c6a-42f0171ff3e4_1943-55,0475a0b9-9445-4083-8c6a-42f0171ff3e4,1943.55,frl_track_1_public,Safety|Coordination/Proactivity|Cooperation,3,0,1,1,0,0,0,1
e6e3919c-7c2e-491e-bde8-053715f0d851_466-43,e6e3919c-7c2e-491e-bde8-053715f0d851,466.43,minnesota,Cooperation|Communication/Legibility,2,1,1,0,0,0,0,0
d551e6e5-50b5-4eab-88df-f213e6509ea0_1428-48,d551e6e5-50b5-4eab-88df-f213e6509ea0,1428.48,minnesota,Proxemics|Cooperation|Coordination/Proactivity,3,0,1,1,0,0,1,0
2dbdd409-0be0-447c-8ae8-3f107fe9af80_1626-43,2dbdd409-0be0-447c-8ae8-3f107fe9af80,1626.43,nus,Proxemics,1,0,0,0,0,0,1,0
8b82316c-c293-49a7-b401-a3cc026ab1d0_3206-95,8b82316c-c293-49a7-b401-a3cc026ab1d0,3206.95,indiana,Politeness|Cooperation|Communication/Legibility,3,1,1,0,1,0,0,0
5605bd9a-d151-4d5b-b0f6-cfc28ae6937e_2980-56,5605bd9a-d151-4d5b-b0f6-cfc28ae6937e,2980.56,iiith,Proxemics|Coordination/Proactivity,2,0,0,1,0,0,1,0
bae603bd-dc3d-46a4-90b7-9c1e2bcd3970_966-87,bae603bd-dc3d-46a4-90b7-9c1e2bcd3970,966.87,kaust,Politeness|Safety,2,0,0,0,1,0,0,1
d752fc52-9592-4cb5-910b-d09bb39261fd_420-77,d752fc52-9592-4cb5-910b-d09bb39261fd,420.77,kaust,Safety|Coordination/Proactivity,2,0,0,1,0,0,0,1
4ff2e551-1ccb-44ce-8b68-09666397f681_554-17,4ff2e551-1ccb-44ce-8b68-09666397f681,554.17,frl_track_1_public,Proxemics|Cooperation,2,0,1,0,0,0,1,0
cb87d2ca-dc4f-4e1c-a13f-a8fe7dc952e9_23-76,cb87d2ca-dc4f-4e1c-a13f-a8fe7dc952e9,23.76,minnesota,Cooperation|Communication/Legibility,2,1,1,0,0,0,0,0
eb5cb2b0-59e6-45da-af1b-ba86c7ab0b54_922-64,eb5cb2b0-59e6-45da-af1b-ba86c7ab0b54,922.64,minnesota,Proxemics|Cooperation,2,0,1,0,0,0,1,0
f77f437c-4e60-43ef-a5e1-ce3881409455_1543-97,f77f437c-4e60-43ef-a5e1-ce3881409455,1543.97,frl_track_1_public,Communication/Legibility|Politeness,2,1,0,0,1,0,0,0
c7da3efd-4a18-458e-90fd-f757ed966a63_380-64,c7da3efd-4a18-458e-90fd-f757ed966a63,380.64,iiith,Safety,1,0,0,0,0,0,0,1
62abef54-29ef-43ec-ba1d-43496d986e89_2257-41,62abef54-29ef-43ec-ba1d-43496d986e89,2257.41,iiith,Safety|Cooperation,2,0,1,0,0,0,0,1
ac8704d3-ab1c-4412-a10e-befb387063b2_270-04,ac8704d3-ab1c-4412-a10e-befb387063b2,270.04,frl_track_1_public,Cooperation|Privacy,2,0,1,0,0,1,0,0
af06acee-b948-4950-a653-53d76b03a010_809-86,af06acee-b948-4950-a653-53d76b03a010,809.86,minnesota,Politeness|Cooperation,2,0,1,0,1,0,0,0
1e90b2b5-5483-4ecc-b8e0-fb0bf63ccac3_546-46,1e90b2b5-5483-4ecc-b8e0-fb0bf63ccac3,546.46,frl_track_1_public,Safety|Cooperation,2,0,1,0,0,0,0,1
ac8dba37-ce09-4dc5-b478-8194e41353c3_748-30,ac8dba37-ce09-4dc5-b478-8194e41353c3,748.3,iiith,Politeness|Communication/Legibility,2,1,0,0,1,0,0,0
d3980f7e-2ef1-4b2b-b73a-2a7db7465660_117-14,d3980f7e-2ef1-4b2b-b73a-2a7db7465660,117.14,nus,Cooperation|Communication/Legibility,2,1,1,0,0,0,0,0
ed792c47-5cb3-427c-a0e9-5dac33456e6a_1026-89,ed792c47-5cb3-427c-a0e9-5dac33456e6a,1026.89,iiith,Cooperation|Coordination/Proactivity|Communication/Legibility,3,1,1,1,0,0,0,0
66bf8281-f77c-4e37-b9a8-5f2aabf73ef9_943-34,66bf8281-f77c-4e37-b9a8-5f2aabf73ef9,943.34,frl_track_1_public,Proxemics|Cooperation,2,0,1,0,0,0,1,0
3588502f-e1c1-426c-81d6-6fac28e6c81a_531-41,3588502f-e1c1-426c-81d6-6fac28e6c81a,531.41,utokyo,Cooperation|Communication/Legibility,2,1,1,0,0,0,0,0
ca22ace6-2d0e-4e0b-98d4-60544e5af4d5_1194-22,ca22ace6-2d0e-4e0b-98d4-60544e5af4d5,1194.22,indiana,Communication/Legibility|Cooperation,2,1,1,0,0,0,0,0
49f87e0a-cc34-447e-87ba-209e430aafb0_2852-27,49f87e0a-cc34-447e-87ba-209e430aafb0,2852.27,iiith,Communication/Legibility|Cooperation,2,1,1,0,0,0,0,0
b959f479-0508-4f1b-96a5-1b17e86af8ce_1110-67,b959f479-0508-4f1b-96a5-1b17e86af8ce,1110.67,frl_track_1_public,Cooperation|Communication/Legibility|Politeness,3,1,1,0,1,0,0,0
262fd2ec-8eba-44d9-8082-4d0574f7a515_3000-11,262fd2ec-8eba-44d9-8082-4d0574f7a515,3000.11,frl_track_1_public,Cooperation|Politeness,2,0,1,0,1,0,0,0
cab3c095-8054-4794-81c5-ef9dce1d1373_376-97,cab3c095-8054-4794-81c5-ef9dce1d1373,376.97,iiith,Politeness|Cooperation,2,0,1,0,1,0,0,0
5e7dbc32-08e0-4266-9bd3-27c412d1af7c_182-45,5e7dbc32-08e0-4266-9bd3-27c412d1af7c,182.45,minnesota,Safety|Cooperation,2,0,1,0,0,0,0,1
eb575f9b-6a52-45fb-98d8-5e9dbdd8dd63_703-22,eb575f9b-6a52-45fb-98d8-5e9dbdd8dd63,703.22,minnesota,Safety|Cooperation,2,0,1,0,0,0,0,1
85b87948-4578-4912-95cb-addd19cfd31a_1581-49,85b87948-4578-4912-95cb-addd19cfd31a,1581.49,iiith,Safety|Cooperation,2,0,1,0,0,0,0,1
bdd32b96-5baf-4d67-9975-34cdce64b0cc_240-16,bdd32b96-5baf-4d67-9975-34cdce64b0cc,240.16,iiith,Safety|Cooperation,2,0,1,0,0,0,0,1
84ec85f6-c167-413c-829d-9c6915519c57_249-09,84ec85f6-c167-413c-829d-9c6915519c57,249.09,iiith,Politeness|Cooperation,2,0,1,0,1,0,0,0
03d6e9bf-389a-4828-bf82-0ef6decf7671_900-77,03d6e9bf-389a-4828-bf82-0ef6decf7671,900.77,minnesota,Cooperation,1,0,1,0,0,0,0,0
95c0a226-5cb1-4380-af73-db2fcdbdbb76_174-41,95c0a226-5cb1-4380-af73-db2fcdbdbb76,174.41,frl_track_1_public,Communication/Legibility|Politeness,2,1,0,0,1,0,0,0
695cefe9-04c0-42fb-80fc-d308b314b788_662-96,695cefe9-04c0-42fb-80fc-d308b314b788,662.96,frl_track_1_public,Politeness,1,0,0,0,1,0,0,0
44c5117d-fb5c-4fcf-b648-d7eb76d5f95a_1424-15,44c5117d-fb5c-4fcf-b648-d7eb76d5f95a,1424.15,iiith,Safety|Cooperation,2,0,1,0,0,0,0,1
cd0c7d35-19cf-4ce2-9b40-0209547acde5_1364-91,cd0c7d35-19cf-4ce2-9b40-0209547acde5,1364.91,frl_track_1_public,Politeness|Communication/Legibility,2,1,0,0,1,0,0,0
3639ab8f-880a-45bd-b8a9-6ef6bdaad4ff_355-03,3639ab8f-880a-45bd-b8a9-6ef6bdaad4ff,355.03,frl_track_1_public,Politeness|Cooperation|Communication/Legibility,3,1,1,0,1,0,0,0
40b33c95-3689-4ec8-8765-7e926f623b75_530-94,40b33c95-3689-4ec8-8765-7e926f623b75,530.94,iiith,Safety,1,0,0,0,0,0,0,1
94d5eff8-0fac-4719-adf2-5c0208ab89f7_1110-52,94d5eff8-0fac-4719-adf2-5c0208ab89f7,1110.52,iiith,,0,0,0,0,0,0,0,0
e6e3919c-7c2e-491e-bde8-053715f0d851_1353-28,e6e3919c-7c2e-491e-bde8-053715f0d851,1353.28,minnesota,Proxemics,1,0,0,0,0,0,1,0
596760c3-b1d6-453c-916c-ecbc30ab1c5d_1448-53,596760c3-b1d6-453c-916c-ecbc30ab1c5d,1448.53,iiith,Safety,1,0,0,0,0,0,0,1
e70f4b34-432f-47dc-834f-5bc6bd67dc62_166-47,e70f4b34-432f-47dc-834f-5bc6bd67dc62,166.47,iiith,Politeness|Communication/Legibility|Cooperation,3,1,1,0,1,0,0,0
929a6fbb-3fda-45af-95bf-144d851761f4_1114-91,929a6fbb-3fda-45af-95bf-144d851761f4,1114.91,minnesota,Proxemics|Cooperation,2,0,1,0,0,0,1,0
959bc769-a40e-4f4b-ba45-5adf32b8f26e_201-77,959bc769-a40e-4f4b-ba45-5adf32b8f26e,201.77,frl_track_1_public,Proxemics|Cooperation,2,0,1,0,0,0,1,0
ee708878-5d10-4bf3-bd8a-6d72d5cceca6_570-90,ee708878-5d10-4bf3-bd8a-6d72d5cceca6,570.9,frl_track_1_public,Proxemics|Cooperation,2,0,1,0,0,0,1,0
79c62f24-488e-4a69-8220-3b20cb4bf72b_722-05,79c62f24-488e-4a69-8220-3b20cb4bf72b,722.05,iiith,Proxemics,1,0,0,0,0,0,1,0
d1c2a107-ba9a-4615-83e1-f609864b8541_35-35,d1c2a107-ba9a-4615-83e1-f609864b8541,35.35,frl_track_1_public,Proxemics|Politeness,2,0,0,0,1,0,1,0
8dd6490b-6291-4793-b05e-79250f87925f_101-76,8dd6490b-6291-4793-b05e-79250f87925f,101.76,minnesota,Proxemics|Cooperation,2,0,1,0,0,0,1,0
935bc36b-27aa-4c83-89fd-221feca0030e_1080-82,935bc36b-27aa-4c83-89fd-221feca0030e,1080.82,iiith,Safety|Cooperation,2,0,1,0,0,0,0,1
9df7c322-0e66-491d-bcf8-f10038b1eccf_229-80,9df7c322-0e66-491d-bcf8-f10038b1eccf,229.8,nus,Politeness|Proxemics|Coordination/Proactivity,3,0,0,1,1,0,1,0
aa19d5c0-35b6-4ec2-9865-07f556c341de_34-98,aa19d5c0-35b6-4ec2-9865-07f556c341de,34.98,iiith,Proxemics,1,0,0,0,0,0,1,0
4065f62a-faae-4926-aee8-1d5bf73661a3_2321-27,4065f62a-faae-4926-aee8-1d5bf73661a3,2321.27,iiith,Safety,1,0,0,0,0,0,0,1
bbd30b78-137a-4c75-a4e9-b51f62b3f04e_184-26,bbd30b78-137a-4c75-a4e9-b51f62b3f04e,184.26,iiith,Cooperation|Communication/Legibility|Proxemics,3,1,1,0,0,0,1,0
f576f1bf-5433-488b-8833-8320f087e72b_48-29,f576f1bf-5433-488b-8833-8320f087e72b,48.29,bristol,Safety|Cooperation,2,0,1,0,0,0,0,1
c0eea386-412b-4127-a2d3-352322a0038c_719-09,c0eea386-412b-4127-a2d3-352322a0038c,719.09,kaust,Communication/Legibility,1,1,0,0,0,0,0,0
7ac6dc03-7c8d-4de8-99af-03268c780ea2_1031-44,7ac6dc03-7c8d-4de8-99af-03268c780ea2,1031.44,nus,Politeness|Communication/Legibility,2,1,0,0,1,0,0,0
31818126-5e0f-4b01-b532-1514587bceec_1514-30,31818126-5e0f-4b01-b532-1514587bceec,1514.3,minnesota,Cooperation|Communication/Legibility,2,1,1,0,0,0,0,0
2680068d-b3ae-42d8-971f-e842c2d4fbb4_739-57,2680068d-b3ae-42d8-971f-e842c2d4fbb4,739.57,frl_track_1_public,Politeness|Communication/Legibility,2,1,0,0,1,0,0,0
a3c41b4b-6dc7-4e69-b04b-ca30b4f1c185_1014-12,a3c41b4b-6dc7-4e69-b04b-ca30b4f1c185,1014.12,frl_track_1_public,Politeness|Communication/Legibility,2,1,0,0,1,0,0,0
2dbdd409-0be0-447c-8ae8-3f107fe9af80_1439-37,2dbdd409-0be0-447c-8ae8-3f107fe9af80,1439.37,nus,Communication/Legibility,1,1,0,0,0,0,0,0
6243586b-a8df-4c37-95f8-da7f4f5d57d6_868-79,6243586b-a8df-4c37-95f8-da7f4f5d57d6,868.79,frl_track_1_public,,0,0,0,0,0,0,0,0
ac582760-09b1-4a6e-be08-f19f9bf5dfcb_391-13,ac582760-09b1-4a6e-be08-f19f9bf5dfcb,391.13,nus,Safety|Cooperation|Politeness,3,0,1,0,1,0,0,1
5300d3f7-0674-4e08-bf1d-47b8c38a2842_39-70,5300d3f7-0674-4e08-bf1d-47b8c38a2842,39.7,iiith,Safety|Cooperation,2,0,1,0,0,0,0,1
e58207f1-84ec-424b-a997-ff64a57eb13b_3524-37,e58207f1-84ec-424b-a997-ff64a57eb13b,3524.37,frl_track_1_public,Proxemics|Politeness,2,0,0,0,1,0,1,0
153cd84b-0345-4590-90f6-f66c294db429_799-88,153cd84b-0345-4590-90f6-f66c294db429,799.88,minnesota,,0,0,0,0,0,0,0,0
d64fb34a-08fd-416c-ac6f-86a0813869a8_437-60,d64fb34a-08fd-416c-ac6f-86a0813869a8,437.6,minnesota,Proxemics|Coordination/Proactivity,2,0,0,1,0,0,1,0
e14bb000-250b-4f3d-aec6-e72d4f29d123_1299-73,e14bb000-250b-4f3d-aec6-e72d4f29d123,1299.73,frl_track_1_public,Proxemics|Politeness|Communication/Legibility,3,1,0,0,1,0,1,0
94d5eff8-0fac-4719-adf2-5c0208ab89f7_3271-35,94d5eff8-0fac-4719-adf2-5c0208ab89f7,3271.35,iiith,Cooperation|Communication/Legibility,2,1,1,0,0,0,0,0
2b012751-2e50-4acb-b645-c864930e92c8_822-56,2b012751-2e50-4acb-b645-c864930e92c8,822.56,frl_track_1_public,Politeness|Communication/Legibility|Cooperation,3,1,1,0,1,0,0,0
48bd6bfb-1322-41b5-9641-20a647976ea8_10-49,48bd6bfb-1322-41b5-9641-20a647976ea8,10.49,minnesota,Proxemics|Politeness|Communication/Legibility,3,1,0,0,1,0,1,0
c864505c-9d49-4da4-bf7e-254b4c348c03_242-94,c864505c-9d49-4da4-bf7e-254b4c348c03,242.94,nus,Cooperation,1,0,1,0,0,0,0,0
e95dbd21-3017-48f5-8f36-46531f053ab1_339-47,e95dbd21-3017-48f5-8f36-46531f053ab1,339.47,frl_track_1_public,Communication/Legibility|Cooperation,2,1,1,0,0,0,0,0
668962c9-ecae-4b8f-bdc1-a6aeab093d88_1261-54,668962c9-ecae-4b8f-bdc1-a6aeab093d88,1261.54,frl_track_1_public,Proxemics|Communication/Legibility,2,1,0,0,0,0,1,0
e9e0f26d-3005-436a-a70f-7d99977808c8_1359-76,e9e0f26d-3005-436a-a70f-7d99977808c8,1359.76,minnesota,Cooperation|Proxemics,2,0,1,0,0,0,1,0
fffbaeef-577f-45f0-baa9-f10cabf62dfb_278-37,fffbaeef-577f-45f0-baa9-f10cabf62dfb,278.37,minnesota,Cooperation|Politeness,2,0,1,0,1,0,0,0
dced4894-d13a-4222-941b-5e4ecf1e3299_1473-25,dced4894-d13a-4222-941b-5e4ecf1e3299,1473.25,iiith,Cooperation|Communication/Legibility|Politeness,3,1,1,0,1,0,0,0
e623faab-101a-41a6-83ac-8e22b4371aba_1053-43,e623faab-101a-41a6-83ac-8e22b4371aba,1053.43,frl_track_1_public,Proxemics|Communication/Legibility,2,1,0,0,0,0,1,0
49925bc0-d1f2-4623-891f-147641b0e94f_1165-19,49925bc0-d1f2-4623-891f-147641b0e94f,1165.19,frl_track_1_public,Cooperation|Communication/Legibility,2,1,1,0,0,0,0,0
1330508f-8168-4408-a4df-79f69fb87c83_1053-45,1330508f-8168-4408-a4df-79f69fb87c83,1053.45,frl_track_1_public,Politeness|Communication/Legibility,2,1,0,0,1,0,0,0
9520f703-8904-4123-bd7f-873b0b42074b_239-07,9520f703-8904-4123-bd7f-873b0b42074b,239.07,frl_track_1_public,Communication/Legibility|Cooperation|Politeness,3,1,1,0,1,0,0,0
35b1a8c7-80fd-402f-b240-768926b7bcee_562-55,35b1a8c7-80fd-402f-b240-768926b7bcee,562.55,bristol,Proxemics|Cooperation,2,0,1,0,0,0,1,0
97ba861b-605c-4942-8e15-95953a3032e1_583-02,97ba861b-605c-4942-8e15-95953a3032e1,583.02,frl_track_1_public,Communication/Legibility,1,1,0,0,0,0,0,0
e5d2cc2c-0a36-4bad-bf50-bc9347e99eca_1120-59,e5d2cc2c-0a36-4bad-bf50-bc9347e99eca,1120.59,frl_track_1_public,Safety|Cooperation|Communication/Legibility,3,1,1,0,0,0,0,1
f00ec54c-9ed4-4a23-9cd7-f8728cb9d6c7_1080-52,f00ec54c-9ed4-4a23-9cd7-f8728cb9d6c7,1080.52,minnesota,Safety|Cooperation,2,0,1,0,0,0,0,1
ed31f134-b3f0-4f50-b8ae-d956b2f9ccfd_2025-02,ed31f134-b3f0-4f50-b8ae-d956b2f9ccfd,2025.02,kaust,Safety|Cooperation|Communication/Legibility,3,1,1,0,0,0,0,1
c615d305-14fe-41cd-9099-caf420beb604_1090-50,c615d305-14fe-41cd-9099-caf420beb604,1090.5,nus,Safety|Cooperation,2,0,1,0,0,0,0,1
55ef5db5-af7c-4ccd-9c7d-a4d415e195b7_753-73,55ef5db5-af7c-4ccd-9c7d-a4d415e195b7,753.73,iiith,Proxemics|Cooperation|Communication/Legibility,3,1,1,0,0,0,1,0
1f216b72-21a2-4463-b5ae-13bffd779b4d_40-21,1f216b72-21a2-4463-b5ae-13bffd779b4d,40.21,minnesota,Safety|Communication/Legibility,2,1,0,0,0,0,0,1
ac8dba37-ce09-4dc5-b478-8194e41353c3_5240-05,ac8dba37-ce09-4dc5-b478-8194e41353c3,5240.05,iiith,Safety|Politeness,2,0,0,0,1,0,0,1
1f216b72-21a2-4463-b5ae-13bffd779b4d_1694-44,1f216b72-21a2-4463-b5ae-13bffd779b4d,1694.44,minnesota,Safety|Cooperation,2,0,1,0,0,0,0,1
134d9865-d9ee-47e5-a121-589a26c6b3ba_1573-53,134d9865-d9ee-47e5-a121-589a26c6b3ba,1573.53,minnesota,Proxemics|Cooperation,2,0,1,0,0,0,1,0
f5bdefb3-f57c-4270-bf31-7939ecd45c86_788-76,f5bdefb3-f57c-4270-bf31-7939ecd45c86,788.76,iiith,Coordination/Proactivity|Communication/Legibility,2,1,0,1,0,0,0,0
6aa13fb1-5440-424e-a021-06a2da215e63_165-83,6aa13fb1-5440-424e-a021-06a2da215e63,165.83,frl_track_1_public,Proxemics|Cooperation,2,0,1,0,0,0,1,0
e6958f57-5769-46f6-be27-b879059ff2a4_927-40,e6958f57-5769-46f6-be27-b879059ff2a4,927.4,minnesota,Safety|Coordination/Proactivity|Politeness,3,0,0,1,1,0,0,1
9f4e5f51-eac3-4070-9097-f6e18a7b90f9_1289-99,9f4e5f51-eac3-4070-9097-f6e18a7b90f9,1289.99,iiith,Politeness|Communication/Legibility,2,1,0,0,1,0,0,0
c7f71299-a622-4a9a-b225-019335d6f2d2_658-88,c7f71299-a622-4a9a-b225-019335d6f2d2,658.88,iiith,Safety|Coordination/Proactivity,2,0,0,1,0,0,0,1
2893d559-89cb-4125-a761-3ff8e68768a9_565-53,2893d559-89cb-4125-a761-3ff8e68768a9,565.53,minnesota,Proxemics|Cooperation,2,0,1,0,0,0,1,0
695cefe9-04c0-42fb-80fc-d308b314b788_437-09,695cefe9-04c0-42fb-80fc-d308b314b788,437.09,frl_track_1_public,Proxemics|Politeness,2,0,0,0,1,0,1,0
0f574f9b-00bc-479d-894b-9e7c999fe13a_302-98,0f574f9b-00bc-479d-894b-9e7c999fe13a,302.98,iiith,Communication/Legibility|Coordination/Proactivity|Cooperation,3,1,1,1,0,0,0,0
516ba1f4-5cfd-4dd7-b4b6-a4c0605d1281_1838-55,516ba1f4-5cfd-4dd7-b4b6-a4c0605d1281,1838.55,iiith,Safety|Cooperation,2,0,1,0,0,0,0,1
5ead8e7c-2600-44b1-afd6-b82cb5f7b9ce_119-97,5ead8e7c-2600-44b1-afd6-b82cb5f7b9ce,119.97,minnesota,Safety|Proxemics|Cooperation|Coordination/Proactivity|Communication/Legibility,5,1,1,1,0,0,1,1
6c1c5527-30a4-421f-bb78-906adffa7c46_357-45,6c1c5527-30a4-421f-bb78-906adffa7c46,357.45,iiith,Cooperation,1,0,1,0,0,0,0,0
1f6eb61d-74fa-411e-979c-2e66e71f2b7d_345-36,1f6eb61d-74fa-411e-979c-2e66e71f2b7d,345.36,minnesota,Proxemics|Cooperation|Coordination/Proactivity,3,0,1,1,0,0,1,0
63e9e643-25c5-435d-b6f0-0aab1af76e68_28-98,63e9e643-25c5-435d-b6f0-0aab1af76e68,28.98,iiith,Safety,1,0,0,0,0,0,0,1
262fd2ec-8eba-44d9-8082-4d0574f7a515_1440-24,262fd2ec-8eba-44d9-8082-4d0574f7a515,1440.24,frl_track_1_public,Politeness|Cooperation,2,0,1,0,1,0,0,0
3761fbb4-3e0e-4b15-a277-fec95edacf04_2288-64,3761fbb4-3e0e-4b15-a277-fec95edacf04,2288.64,iiith,Cooperation|Coordination/Proactivity,2,0,1,1,0,0,0,0
3f712a5b-c1cf-4f2a-b0ab-ca0e2e4f0e3c_119-87,3f712a5b-c1cf-4f2a-b0ab-ca0e2e4f0e3c,119.87,iiith,Cooperation|Coordination/Proactivity,2,0,1,1,0,0,0,0
84ec85f6-c167-413c-829d-9c6915519c57_3997-33,84ec85f6-c167-413c-829d-9c6915519c57,3997.33,iiith,Safety,1,0,0,0,0,0,0,1
2b7ace86-149f-4354-b617-c8ebd08c5310_1416-39,2b7ace86-149f-4354-b617-c8ebd08c5310,1416.39,frl_track_1_public,Proxemics|Cooperation,2,0,1,0,0,0,1,0
b7022084-61ea-470f-b2cd-49be2ecaf3aa_688-07,b7022084-61ea-470f-b2cd-49be2ecaf3aa,688.07,frl_track_1_public,Safety|Cooperation,2,0,1,0,0,0,0,1
8d3b84a9-e747-47c1-8f09-726fdde7986c_1371-62,8d3b84a9-e747-47c1-8f09-726fdde7986c,1371.62,frl_track_1_public,Politeness|Cooperation,2,0,1,0,1,0,0,0
2ec3c123-0a04-46d7-97d5-8b85b5e6d06f_432-01,2ec3c123-0a04-46d7-97d5-8b85b5e6d06f,432.01,iiith,Proxemics|Communication/Legibility|Cooperation,3,1,1,0,0,0,1,0
a71f72c5-5225-4b12-aba3-01fa46f53427_914-96,a71f72c5-5225-4b12-aba3-01fa46f53427,914.96,frl_track_1_public,Proxemics|Cooperation,2,0,1,0,0,0,1,0
ae85c74a-0963-469b-93f9-cdfe3f898e5f_1781-47,ae85c74a-0963-469b-93f9-cdfe3f898e5f,1781.47,minnesota,Politeness|Cooperation|Communication/Legibility,3,1,1,0,1,0,0,0
501d1e55-968d-4c10-9d29-e0f4bee907a0_654-33,501d1e55-968d-4c10-9d29-e0f4bee907a0,654.33,kaust,Safety|Cooperation,2,0,1,0,0,0,0,1
a23540b7-3588-48ad-b84a-1b5935db856a_235-41,a23540b7-3588-48ad-b84a-1b5935db856a,235.41,bristol,Proxemics,1,0,0,0,0,0,1,0
cb9de2c6-ff1a-48e8-b170-047e9471b588_836-21,cb9de2c6-ff1a-48e8-b170-047e9471b588,836.21,frl_track_1_public,Proxemics,1,0,0,0,0,0,1,0
01d301c9-9dbf-4da2-9181-d66a6688f5e6_817-64,01d301c9-9dbf-4da2-9181-d66a6688f5e6,817.64,iiith,Safety|Cooperation|Communication/Legibility,3,1,1,0,0,0,0,1
36baa5a9-16bf-4ad6-b011-4d7daae6b8f9_423-57,36baa5a9-16bf-4ad6-b011-4d7daae6b8f9,423.57,minnesota,Safety|Proxemics,2,0,0,0,0,0,1,1
2dbdd409-0be0-447c-8ae8-3f107fe9af80_1502-69,2dbdd409-0be0-447c-8ae8-3f107fe9af80,1502.69,nus,Proxemics,1,0,0,0,0,0,1,0
fec2a5e2-615f-46b3-a320-b8741c2b6365_562-48,fec2a5e2-615f-46b3-a320-b8741c2b6365,562.48,frl_track_1_public,Proxemics|Communication/Legibility|Cooperation,3,1,1,0,0,0,1,0
afd5c197-7b14-4e21-ac56-d23b6a5543d0_1256-20,afd5c197-7b14-4e21-ac56-d23b6a5543d0,1256.2,minnesota,Proxemics|Politeness|Communication/Legibility|Cooperation,4,1,1,0,1,0,1,0
85782c5f-a240-44d9-951c-27f0bb3f7f4c_375-79,85782c5f-a240-44d9-951c-27f0bb3f7f4c,375.79,indiana,Safety|Proxemics|Coordination/Proactivity,3,0,0,1,0,0,1,1
e623faab-101a-41a6-83ac-8e22b4371aba_1141-39,e623faab-101a-41a6-83ac-8e22b4371aba,1141.39,frl_track_1_public,Proxemics|Politeness|Cooperation,3,0,1,0,1,0,1,0
ed792c47-5cb3-427c-a0e9-5dac33456e6a_3277-79,ed792c47-5cb3-427c-a0e9-5dac33456e6a,3277.79,iiith,Proxemics,1,0,0,0,0,0,1,0
7c1c5dca-5856-4997-8cda-9fa3bca10a3b_1969-00,7c1c5dca-5856-4997-8cda-9fa3bca10a3b,1969.0,iiith,Cooperation|Coordination/Proactivity,2,0,1,1,0,0,0,0
949c5a8f-7aa7-4566-a04c-531961cbcc16_1433-64,949c5a8f-7aa7-4566-a04c-531961cbcc16,1433.64,iiith,Proxemics|Cooperation,2,0,1,0,0,0,1,0
dd508a2a-1ea7-43d2-805a-8080eeae9985_856-81,dd508a2a-1ea7-43d2-805a-8080eeae9985,856.81,iiith,Proxemics|Politeness,2,0,0,0,1,0,1,0
695cefe9-04c0-42fb-80fc-d308b314b788_68-11,695cefe9-04c0-42fb-80fc-d308b314b788,68.11,frl_track_1_public,Proxemics|Politeness|Cooperation,3,0,1,0,1,0,1,0
83f18213-f8f8-44fa-b9ce-104c6ddbcd57_1657-94,83f18213-f8f8-44fa-b9ce-104c6ddbcd57,1657.94,kaust,Politeness|Communication/Legibility,2,1,0,0,1,0,0,0
baf15309-e865-4e9e-9efd-09097f1d5a43_412-45,baf15309-e865-4e9e-9efd-09097f1d5a43,412.45,kaust,Proxemics|Politeness,2,0,0,0,1,0,1,0
4651e5c2-4371-4af2-8f05-cb8b0b1ec7fd_233-33,4651e5c2-4371-4af2-8f05-cb8b0b1ec7fd,233.33,iiith,Proxemics|Cooperation|Communication/Legibility,3,1,1,0,0,0,1,0
046855d7-41d7-4f41-a6a7-fce921ea8133_335-77,046855d7-41d7-4f41-a6a7-fce921ea8133,335.77,minnesota,Proxemics|Cooperation|Coordination/Proactivity,3,0,1,1,0,0,1,0
88193924-6780-4290-b8ba-85676e98387a_783-81,88193924-6780-4290-b8ba-85676e98387a,783.81,frl_track_1_public,Proxemics|Politeness|Cooperation,3,0,1,0,1,0,1,0
d7480d27-f607-4a5a-8c31-9d299f70a4b8_406-05,d7480d27-f607-4a5a-8c31-9d299f70a4b8,406.05,iiith,Proxemics,1,0,0,0,0,0,1,0
439cfa9c-ef6b-41ba-aa5d-2f40b195b374_1380-00,439cfa9c-ef6b-41ba-aa5d-2f40b195b374,1380.0,iiith,Safety,1,0,0,0,0,0,0,1
d813a821-8cc1-4700-a7a4-d4e6edfed26e_57-94,d813a821-8cc1-4700-a7a4-d4e6edfed26e,57.94,utokyo,Politeness|Cooperation,2,0,1,0,1,0,0,0
2131b8e4-79b5-48f7-b092-e4a13ed96749_2003-33,2131b8e4-79b5-48f7-b092-e4a13ed96749,2003.33,nus,Proxemics|Politeness,2,0,0,0,1,0,1,0
54a421d2-763e-4751-a6b4-54e3d6c46cc1_242-12,54a421d2-763e-4751-a6b4-54e3d6c46cc1,242.12,minnesota,Politeness|Communication/Legibility,2,1,0,0,1,0,0,0
2dbdd409-0be0-447c-8ae8-3f107fe9af80_163-46,2dbdd409-0be0-447c-8ae8-3f107fe9af80,163.46,nus,Safety|Cooperation,2,0,1,0,0,0,0,1
ca1773b8-ec8e-4f61-8e8f-7e4211830793_1043-00,ca1773b8-ec8e-4f61-8e8f-7e4211830793,1043.0,nus,Proxemics,1,0,0,0,0,0,1,0
c06532d8-f1cd-477f-b9f3-e8e980d73b2e_1339-60,c06532d8-f1cd-477f-b9f3-e8e980d73b2e,1339.6,minnesota,Safety|Proxemics,2,0,0,0,0,0,1,1
cd1d3c56-69ca-4602-944e-bb9fabb9710b_1637-32,cd1d3c56-69ca-4602-944e-bb9fabb9710b,1637.32,nus,Proxemics,1,0,0,0,0,0,1,0
620d3087-c6fb-4b08-bb6a-4dc4ede3b994_432-70,620d3087-c6fb-4b08-bb6a-4dc4ede3b994,432.7,iiith,Safety|Cooperation,2,0,1,0,0,0,0,1
13a15553-2fdb-4d04-a7b4-2efc33538525_875-77,13a15553-2fdb-4d04-a7b4-2efc33538525,875.77,frl_track_1_public,Proxemics|Communication/Legibility|Cooperation,3,1,1,0,0,0,1,0
d0aedb4e-82cc-406a-a395-3573049a49ee_4319-84,d0aedb4e-82cc-406a-a395-3573049a49ee,4319.84,iiith,Safety,1,0,0,0,0,0,0,1
e70f4b34-432f-47dc-834f-5bc6bd67dc62_676-86,e70f4b34-432f-47dc-834f-5bc6bd67dc62,676.86,iiith,Cooperation|Communication/Legibility,2,1,1,0,0,0,0,0
cfa595aa-c467-48fe-a86b-2e9b1a63ccab_1218-24,cfa595aa-c467-48fe-a86b-2e9b1a63ccab,1218.24,iiith,Cooperation|Coordination/Proactivity,2,0,1,1,0,0,0,0
1246d6ec-5620-4f71-8b4b-d823775f58c2_29-81,1246d6ec-5620-4f71-8b4b-d823775f58c2,29.81,kaust,Politeness|Communication/Legibility,2,1,0,0,1,0,0,0
f0b8d19e-28c0-4d11-bb2d-5c6576eb7dcb_138-10,f0b8d19e-28c0-4d11-bb2d-5c6576eb7dcb,138.1,minnesota,Proxemics,1,0,0,0,0,0,1,0
a717f100-51ec-4316-92b8-282aeecc805b_724-56,a717f100-51ec-4316-92b8-282aeecc805b,724.56,minnesota,,0,0,0,0,0,0,0,0
dd82f801-fc96-4ced-b066-ad559da3faab_818-04,dd82f801-fc96-4ced-b066-ad559da3faab,818.04,minnesota,Safety|Cooperation,2,0,1,0,0,0,0,1
134a4c63-583a-4e64-8cf9-002b6d26cdf1_375-78,134a4c63-583a-4e64-8cf9-002b6d26cdf1,375.78,kaust,Cooperation,1,0,1,0,0,0,0,0
490b4f30-9bb5-4bf2-966b-13d509b5709b_1247-51,490b4f30-9bb5-4bf2-966b-13d509b5709b,1247.51,frl_track_1_public,Proxemics,1,0,0,0,0,0,1,0
23ac3708-df1d-4bb0-a4c7-b2a66855dccb_950-08,23ac3708-df1d-4bb0-a4c7-b2a66855dccb,950.08,frl_track_1_public,Politeness|Communication/Legibility,2,1,0,0,1,0,0,0
8447cf7c-d919-449a-be90-cdd05910fd9b_29-57,8447cf7c-d919-449a-be90-cdd05910fd9b,29.57,kaust,Politeness|Proxemics,2,0,0,0,1,0,1,0
10019839-9ded-439f-a573-5ccacd7d829d_650-42,10019839-9ded-439f-a573-5ccacd7d829d,650.42,bristol,Politeness,1,0,0,0,1,0,0,0
13488a91-cef6-46f4-8007-9453d5d49925_44-43,13488a91-cef6-46f4-8007-9453d5d49925,44.43,minnesota,Communication/Legibility|Cooperation,2,1,1,0,0,0,0,0
13d7173f-e8d1-4124-a66b-2ae648da9dbd_510-46,13d7173f-e8d1-4124-a66b-2ae648da9dbd,510.46,minnesota,Proxemics|Cooperation,2,0,1,0,0,0,1,0
5826d5ed-1456-443f-b333-202bb216a31d_1637-74,5826d5ed-1456-443f-b333-202bb216a31d,1637.74,iiith,Safety|Cooperation,2,0,1,0,0,0,0,1
2dbdd409-0be0-447c-8ae8-3f107fe9af80_1653-80,2dbdd409-0be0-447c-8ae8-3f107fe9af80,1653.8,nus,Safety|Politeness|Cooperation,3,0,1,0,1,0,0,1
01ef2c24-ab95-46c0-a76a-7ec2f66aa5df_978-48,01ef2c24-ab95-46c0-a76a-7ec2f66aa5df,978.48,frl_track_1_public,Communication/Legibility|Cooperation,2,1,1,0,0,0,0,0
7c1c5dca-5856-4997-8cda-9fa3bca10a3b_1061-91,7c1c5dca-5856-4997-8cda-9fa3bca10a3b,1061.91,iiith,Safety|Cooperation|Communication/Legibility,3,1,1,0,0,0,0,1
5605bd9a-d151-4d5b-b0f6-cfc28ae6937e_999-27,5605bd9a-d151-4d5b-b0f6-cfc28ae6937e,999.27,iiith,Cooperation|Coordination/Proactivity,2,0,1,1,0,0,0,0
7a680a9a-dd7b-467a-a724-a597f1be9f06_2608-93,7a680a9a-dd7b-467a-a724-a597f1be9f06,2608.93,kaust,Proxemics|Politeness,2,0,0,0,1,0,1,0
e93fdf27-c14c-4794-b4b7-20685b40156f_1313-69,e93fdf27-c14c-4794-b4b7-20685b40156f,1313.69,frl_track_1_public,Proxemics|Cooperation,2,0,1,0,0,0,1,0
283a15b5-59ae-4f04-9738-bf49c97496a8_102-60,283a15b5-59ae-4f04-9738-bf49c97496a8,102.6,frl_track_1_public,Proxemics,1,0,0,0,0,0,1,0
77e28690-2ab1-414e-86ed-285ec1d15bd1_705-46,77e28690-2ab1-414e-86ed-285ec1d15bd1,705.46,frl_track_1_public,Proxemics|Politeness|Cooperation|Communication/Legibility,4,1,1,0,1,0,1,0
1ce16a97-f614-4660-b21c-4205b33c8bab_1988-77,1ce16a97-f614-4660-b21c-4205b33c8bab,1988.77,kaust,Safety,1,0,0,0,0,0,0,1
1acd2d5c-b0d4-4ec5-a54c-6a9c84cb11f6_773-39,1acd2d5c-b0d4-4ec5-a54c-6a9c84cb11f6,773.39,minnesota,Safety,1,0,0,0,0,0,0,1
11663dd8-aa9d-429d-80e2-2807b341350e_224-01,11663dd8-aa9d-429d-80e2-2807b341350e,224.01,kaust,Proxemics|Politeness|Cooperation,3,0,1,0,1,0,1,0
6e0c294c-d634-4804-8d41-cd6e9d79f0b9_384-20,6e0c294c-d634-4804-8d41-cd6e9d79f0b9,384.2,frl_track_1_public,Cooperation|Communication/Legibility,2,1,1,0,0,0,0,0
14e96091-4011-4557-95b3-a195fb5c39d8_919-08,14e96091-4011-4557-95b3-a195fb5c39d8,919.08,nus,Politeness|Communication/Legibility,2,1,0,0,1,0,0,0
ec86fee5-ee10-46c5-b835-07c8a8d9651e_362-34,ec86fee5-ee10-46c5-b835-07c8a8d9651e,362.34,iiith,Safety|Cooperation,2,0,1,0,0,0,0,1
62baa1d3-a742-4d3d-a978-537a7988e13e_1461-40,62baa1d3-a742-4d3d-a978-537a7988e13e,1461.4,iiith,Safety|Cooperation,2,0,1,0,0,0,0,1
d521d31b-83aa-48ef-9ccf-eee9773c50dc_3808-98,d521d31b-83aa-48ef-9ccf-eee9773c50dc,3808.98,frl_track_1_public,Proxemics|Cooperation,2,0,1,0,0,0,1,0
fec31c20-1910-4ab1-afc5-6aa3057a45f5_810-30,fec31c20-1910-4ab1-afc5-6aa3057a45f5,810.3,frl_track_1_public,Communication/Legibility,1,1,0,0,0,0,0,0
af43394e-d24c-40c2-b03a-f3cdff888370_762-90,af43394e-d24c-40c2-b03a-f3cdff888370,762.9,frl_track_1_public,Politeness|Coordination/Proactivity,2,0,0,1,1,0,0,0
375ca7e7-1e3c-4159-9f7f-4691ef11f322_70-62,375ca7e7-1e3c-4159-9f7f-4691ef11f322,70.62,bristol,Cooperation|Communication/Legibility,2,1,1,0,0,0,0,0
0d6a065b-3fcd-4537-8148-bc55d2ee3055_19-05,0d6a065b-3fcd-4537-8148-bc55d2ee3055,19.05,iiith,Safety|Cooperation|Communication/Legibility,3,1,1,0,0,0,0,1
ed792c47-5cb3-427c-a0e9-5dac33456e6a_968-42,ed792c47-5cb3-427c-a0e9-5dac33456e6a,968.42,iiith,Cooperation|Coordination/Proactivity,2,0,1,1,0,0,0,0
8b82316c-c293-49a7-b401-a3cc026ab1d0_2988-29,8b82316c-c293-49a7-b401-a3cc026ab1d0,2988.29,indiana,Cooperation|Communication/Legibility,2,1,1,0,0,0,0,0
f2420e55-e559-40e1-9c96-863c6be763fd_1649-73,f2420e55-e559-40e1-9c96-863c6be763fd,1649.73,kaust,Proxemics|Coordination/Proactivity|Cooperation,3,0,1,1,0,0,1,0
69f1101f-cb9e-4ad1-8fe6-ed840e5bcf9b_1350-51,69f1101f-cb9e-4ad1-8fe6-ed840e5bcf9b,1350.51,frl_track_1_public,Proxemics|Communication/Legibility,2,1,0,0,0,0,1,0
3e418323-3ff7-4d03-9b60-275f1e20f5dc_315-49,3e418323-3ff7-4d03-9b60-275f1e20f5dc,315.49,frl_track_1_public,Proxemics|Communication/Legibility|Cooperation,3,1,1,0,0,0,1,0
fe0d5ffc-686e-4846-bce0-1a18e513bf95_2543-03,fe0d5ffc-686e-4846-bce0-1a18e513bf95,2543.03,iiith,Safety|Cooperation,2,0,1,0,0,0,0,1
4767de01-96e1-4cf4-80f4-1c9d3acd26ed_650-13,4767de01-96e1-4cf4-80f4-1c9d3acd26ed,650.13,minnesota,Politeness|Communication/Legibility|Cooperation,3,1,1,0,1,0,0,0
3d98a5d2-a34b-499e-98f2-9195f300394a_3004-17,3d98a5d2-a34b-499e-98f2-9195f300394a,3004.17,frl_track_1_public,Communication/Legibility|Proxemics,2,1,0,0,0,0,1,0
34590a11-c136-4423-bdc4-c6a45221e546_565-25,34590a11-c136-4423-bdc4-c6a45221e546,565.25,iiith,Cooperation,1,0,1,0,0,0,0,0
6c0ca07f-6bb2-4db4-a0c3-5926726493fc_1648-38,6c0ca07f-6bb2-4db4-a0c3-5926726493fc,1648.38,frl_track_1_public,Cooperation|Coordination/Proactivity,2,0,1,1,0,0,0,0
f51552ce-3d91-448c-8770-9800a6b5aa50_1666-29,f51552ce-3d91-448c-8770-9800a6b5aa50,1666.29,indiana,Proxemics|Coordination/Proactivity,2,0,0,1,0,0,1,0
8c075dc9-9c6a-43cf-8c6e-fb1af3624cf0_842-26,8c075dc9-9c6a-43cf-8c6e-fb1af3624cf0,842.26,frl_track_1_public,Proxemics|Privacy,2,0,0,0,0,1,1,0
1f4a4d13-f083-4464-8c03-5e09f55e3f63_1207-44,1f4a4d13-f083-4464-8c03-5e09f55e3f63,1207.44,minnesota,Politeness|Communication/Legibility,2,1,0,0,1,0,0,0
2d01625b-b7c4-41aa-989b-2d0b392d8b54_195-58,2d01625b-b7c4-41aa-989b-2d0b392d8b54,195.58,frl_track_1_public,Proxemics|Cooperation|Communication/Legibility,3,1,1,0,0,0,1,0
fec31c20-1910-4ab1-afc5-6aa3057a45f5_381-77,fec31c20-1910-4ab1-afc5-6aa3057a45f5,381.77,frl_track_1_public,Safety|Cooperation,2,0,1,0,0,0,0,1
cea9a5cc-6682-474f-bae4-483ca722ec43_359-69,cea9a5cc-6682-474f-bae4-483ca722ec43,359.69,minnesota,Cooperation|Coordination/Proactivity,2,0,1,1,0,0,0,0
bdeb0df9-2983-41bb-ba27-c431d9ef3163_1770-19,bdeb0df9-2983-41bb-ba27-c431d9ef3163,1770.19,minnesota,Safety|Proxemics,2,0,0,0,0,0,1,1
583dc873-0ccd-4d04-bb56-4d403ab28e85_218-71,583dc873-0ccd-4d04-bb56-4d403ab28e85,218.71,iiith,Safety|Cooperation|Coordination/Proactivity,3,0,1,1,0,0,0,1
5e193b30-3e79-4851-801b-dab99125cd44_2971-00,5e193b30-3e79-4851-801b-dab99125cd44,2971.0,frl_track_1_public,Proxemics|Coordination/Proactivity,2,0,0,1,0,0,1,0
c85251fa-eb44-4903-b27f-9cdee26e0ed5_1632-58,c85251fa-eb44-4903-b27f-9cdee26e0ed5,1632.58,iiith,Proxemics|Privacy,2,0,0,0,0,1,1,0
db35b386-4c65-4c5e-a488-51b2aa5eb1fb_481-32,db35b386-4c65-4c5e-a488-51b2aa5eb1fb,481.32,iiith,Proxemics|Coordination/Proactivity|Cooperation|Communication/Legibility,4,1,1,1,0,0,1,0
2638b358-6b13-434c-bf03-a48bca96f287_636-40,2638b358-6b13-434c-bf03-a48bca96f287,636.4,iiith,Cooperation|Coordination/Proactivity,2,0,1,1,0,0,0,0
baaf6d24-7117-4b0b-acdf-a79765036d84_1340-93,baaf6d24-7117-4b0b-acdf-a79765036d84,1340.93,frl_track_1_public,Cooperation|Communication/Legibility,2,1,1,0,0,0,0,0
fdfa65a5-9d90-4d27-8667-cd2c511614e3_70-13,fdfa65a5-9d90-4d27-8667-cd2c511614e3,70.13,minnesota,Proxemics|Coordination/Proactivity|Cooperation,3,0,1,1,0,0,1,0
1e9da62e-72ae-48d2-8b6e-00a5283d213f_571-85,1e9da62e-72ae-48d2-8b6e-00a5283d213f,571.85,nus,Politeness|Cooperation,2,0,1,0,1,0,0,0
24e24f1f-af43-4ee5-86be-2a4d5cf772c5_40-56,24e24f1f-af43-4ee5-86be-2a4d5cf772c5,40.56,minnesota,Safety|Proxemics|Coordination/Proactivity,3,0,0,1,0,0,1,1
7b5fafdb-136a-4722-84a4-cffb213a224a_1092-90,7b5fafdb-136a-4722-84a4-cffb213a224a,1092.9,kaust,Safety,1,0,0,0,0,0,0,1
68134357-62e5-4f0b-8300-2e661763aeb5_389-26,68134357-62e5-4f0b-8300-2e661763aeb5,389.26,frl_track_1_public,Safety,1,0,0,0,0,0,0,1
7e80931a-2067-419d-8f9e-2aff41dd330c_2937-25,7e80931a-2067-419d-8f9e-2aff41dd330c,2937.25,kaust,Politeness,1,0,0,0,1,0,0,0
e1b0b312-ce2d-41a0-be5a-70c807fcc5ef_2428-09,e1b0b312-ce2d-41a0-be5a-70c807fcc5ef,2428.09,iiith,Cooperation|Communication/Legibility,2,1,1,0,0,0,0,0
b513c72d-8b77-4bee-96b6-b5f57977a3eb_765-76,b513c72d-8b77-4bee-96b6-b5f57977a3eb,765.76,nus,Proxemics|Cooperation|Communication/Legibility,3,1,1,0,0,0,1,0
bebfd0fa-93bc-41a3-886d-e04a3675fc6d_293-94,bebfd0fa-93bc-41a3-886d-e04a3675fc6d,293.94,frl_track_1_public,Safety|Communication/Legibility,2,1,0,0,0,0,0,1
2c77de23-cd87-4a41-a83c-4bdc0170f45c_80-46,2c77de23-cd87-4a41-a83c-4bdc0170f45c,80.46,minnesota,Proxemics|Cooperation,2,0,1,0,0,0,1,0
2ec3c123-0a04-46d7-97d5-8b85b5e6d06f_271-92,2ec3c123-0a04-46d7-97d5-8b85b5e6d06f,271.92,iiith,Safety|Proxemics|Cooperation,3,0,1,0,0,0,1,1
1f61d972-e61b-4846-af3a-d09db9f111f8_1079-93,1f61d972-e61b-4846-af3a-d09db9f111f8,1079.93,nus,Politeness|Communication/Legibility,2,1,0,0,1,0,0,0
b99ceea4-7fa3-407c-9b9f-1347645d23f2_13-11,b99ceea4-7fa3-407c-9b9f-1347645d23f2,13.11,frl_track_1_public,Safety,1,0,0,0,0,0,0,1
d813a821-8cc1-4700-a7a4-d4e6edfed26e_449-05,d813a821-8cc1-4700-a7a4-d4e6edfed26e,449.05,utokyo,Politeness|Communication/Legibility,2,1,0,0,1,0,0,0
268a17eb-3f11-45d4-a671-9e0d8a637363_2969-91,268a17eb-3f11-45d4-a671-9e0d8a637363,2969.91,iiith,Proxemics|Cooperation,2,0,1,0,0,0,1,0
64747fa7-c7b9-46fc-ac9d-ea9a514d91df_73-27,64747fa7-c7b9-46fc-ac9d-ea9a514d91df,73.27,iiith,Cooperation|Coordination/Proactivity,2,0,1,1,0,0,0,0
2dff68c2-6310-4763-8d39-05a1dbe40fda_501-39,2dff68c2-6310-4763-8d39-05a1dbe40fda,501.39,iiith,Politeness|Safety,2,0,0,0,1,0,0,1
24c447b6-094f-49a6-9c20-ed594ab0da65_947-73,24c447b6-094f-49a6-9c20-ed594ab0da65,947.73,frl_track_1_public,Proxemics|Politeness,2,0,0,0,1,0,1,0
6d14a0fe-6fd1-4c6b-aaec-a7c38dcd7294_661-60,6d14a0fe-6fd1-4c6b-aaec-a7c38dcd7294,661.6,frl_track_1_public,Proxemics|Politeness,2,0,0,0,1,0,1,0
8dd6490b-6291-4793-b05e-79250f87925f_1553-75,8dd6490b-6291-4793-b05e-79250f87925f,1553.75,minnesota,Politeness|Cooperation,2,0,1,0,1,0,0,0
0ca15932-2ede-4802-8f8d-68555c68c0b8_525-50,0ca15932-2ede-4802-8f8d-68555c68c0b8,525.5,iiith,Cooperation|Coordination/Proactivity,2,0,1,1,0,0,0,0
21438820-16d7-4fcd-b0d0-5def201fc65e_1321-22,21438820-16d7-4fcd-b0d0-5def201fc65e,1321.22,frl_track_1_public,Cooperation|Communication/Legibility|Politeness,3,1,1,0,1,0,0,0
56da7a14-f3fe-4dd9-9acb-92917603f42c_469-73,56da7a14-f3fe-4dd9-9acb-92917603f42c,469.73,frl_track_1_public,Proxemics|Politeness|Cooperation,3,0,1,0,1,0,1,0
dd82f801-fc96-4ced-b066-ad559da3faab_836-46,dd82f801-fc96-4ced-b066-ad559da3faab,836.46,minnesota,Safety|Politeness|Proxemics,3,0,0,0,1,0,1,1
ba1de596-15f4-45f3-bab3-dbf7283490be_5-13,ba1de596-15f4-45f3-bab3-dbf7283490be,5.13,minnesota,Proxemics,1,0,0,0,0,0,1,0
4c70179a-f411-4f81-b44d-cfe34b8f9180_551-50,4c70179a-f411-4f81-b44d-cfe34b8f9180,551.5,minnesota,Communication/Legibility|Cooperation,2,1,1,0,0,0,0,0
992af5dc-64ff-4e24-b324-cc3df15be595_656-31,992af5dc-64ff-4e24-b324-cc3df15be595,656.31,iiith,Cooperation|Coordination/Proactivity,2,0,1,1,0,0,0,0
f2017e02-2e5b-419c-8216-5a256a925c68_269-97,f2017e02-2e5b-419c-8216-5a256a925c68,269.97,minnesota,Proxemics,1,0,0,0,0,0,1,0
b390f179-78cb-4522-9abc-467e0597d4b7_597-75,b390f179-78cb-4522-9abc-467e0597d4b7,597.75,minnesota,Politeness|Cooperation,2,0,1,0,1,0,0,0
ea417823-8ca0-417c-8901-114fa4f2d47f_258-70,ea417823-8ca0-417c-8901-114fa4f2d47f,258.7,minnesota,Politeness,1,0,0,0,1,0,0,0
d0aedb4e-82cc-406a-a395-3573049a49ee_596-85,d0aedb4e-82cc-406a-a395-3573049a49ee,596.85,iiith,Proxemics|Cooperation,2,0,1,0,0,0,1,0
67a8114b-7f37-443d-8beb-64886095f935_184-82,67a8114b-7f37-443d-8beb-64886095f935,184.82,minnesota,Cooperation|Coordination/Proactivity,2,0,1,1,0,0,0,0
39af7641-e376-4a99-977f-4d7f746e14ba_79-79,39af7641-e376-4a99-977f-4d7f746e14ba,79.79,frl_track_1_public,Politeness|Communication/Legibility,2,1,0,0,1,0,0,0
375ca7e7-1e3c-4159-9f7f-4691ef11f322_68-87,375ca7e7-1e3c-4159-9f7f-4691ef11f322,68.87,bristol,Cooperation|Coordination/Proactivity,2,0,1,1,0,0,0,0
14e96091-4011-4557-95b3-a195fb5c39d8_273-80,14e96091-4011-4557-95b3-a195fb5c39d8,273.8,nus,Communication/Legibility,1,1,0,0,0,0,0,0
90398a2b-de6b-4232-9bea-149c48cb1326_334-80,90398a2b-de6b-4232-9bea-149c48cb1326,334.8,iiith,Safety,1,0,0,0,0,0,0,1
343f8d57-6331-40f3-823c-2aee4d5cc10f_686-43,343f8d57-6331-40f3-823c-2aee4d5cc10f,686.43,minnesota,Coordination/Proactivity,1,0,0,1,0,0,0,0
38788778-0822-4c9c-b51e-5bce8a765a97_91-28,38788778-0822-4c9c-b51e-5bce8a765a97,91.28,frl_track_1_public,Politeness|Communication/Legibility,2,1,0,0,1,0,0,0
449e14cf-f05e-42ac-bb7e-0ba87617f95a_582-28,449e14cf-f05e-42ac-bb7e-0ba87617f95a,582.28,minnesota,Cooperation|Communication/Legibility,2,1,1,0,0,0,0,0
e70f4b34-432f-47dc-834f-5bc6bd67dc62_78-75,e70f4b34-432f-47dc-834f-5bc6bd67dc62,78.75,iiith,Cooperation|Communication/Legibility,2,1,1,0,0,0,0,0
9e0594bd-15a5-4ae7-afa0-9283683ae1f2_1106-88,9e0594bd-15a5-4ae7-afa0-9283683ae1f2,1106.88,iiith,Safety|Coordination/Proactivity,2,0,0,1,0,0,0,1
bb04b03d-ae0d-416a-8c4c-b2325edec070_287-86,bb04b03d-ae0d-416a-8c4c-b2325edec070,287.86,iiith,Cooperation|Politeness|Coordination/Proactivity,3,0,1,1,1,0,0,0
0f3fa455-3622-4fb4-a3be-0c1a7fd697a7_1157-44,0f3fa455-3622-4fb4-a3be-0c1a7fd697a7,1157.44,frl_track_1_public,Proxemics|Cooperation,2,0,1,0,0,0,1,0
6a847d75-e20f-409d-8b91-77ada97d8fb9_168-24,6a847d75-e20f-409d-8b91-77ada97d8fb9,168.24,iiith,Safety|Cooperation,2,0,1,0,0,0,0,1
9a732221-3adb-4903-b61d-9b8097965fbf_3781-26,9a732221-3adb-4903-b61d-9b8097965fbf,3781.26,kaust,Proxemics|Coordination/Proactivity,2,0,0,1,0,0,1,0
3be8d10c-8e88-4f29-af13-6eab7b509ed8_7-19,3be8d10c-8e88-4f29-af13-6eab7b509ed8,7.19,iiith,Politeness|Communication/Legibility|Cooperation,3,1,1,0,1,0,0,0
8e2b02c8-9927-4039-8407-514c2709de95_1125-83,8e2b02c8-9927-4039-8407-514c2709de95,1125.83,frl_track_1_public,Proxemics|Coordination/Proactivity,2,0,0,1,0,0,1,0
ac8dba37-ce09-4dc5-b478-8194e41353c3_2812-63,ac8dba37-ce09-4dc5-b478-8194e41353c3,2812.63,iiith,Safety,1,0,0,0,0,0,0,1
9ced9631-9c8f-4a69-9984-e6b0763d11ba_278-77,9ced9631-9c8f-4a69-9984-e6b0763d11ba,278.77,frl_track_1_public,Politeness,1,0,0,0,1,0,0,0
11e56f1e-baef-4fe8-ad0f-a7ec8788ea3a_836-51,11e56f1e-baef-4fe8-ad0f-a7ec8788ea3a,836.51,iiith,Politeness|Communication/Legibility,2,1,0,0,1,0,0,0
89d8c9c5-fa11-4674-b08f-007f81958555_1391-21,89d8c9c5-fa11-4674-b08f-007f81958555,1391.21,minnesota,Proxemics|Politeness|Coordination/Proactivity,3,0,0,1,1,0,1,0
35b1a8c7-80fd-402f-b240-768926b7bcee_285-73,35b1a8c7-80fd-402f-b240-768926b7bcee,285.73,bristol,Proxemics|Cooperation,2,0,1,0,0,0,1,0
fe231042-6163-48cc-a1c4-1d1163b0a440_494-51,fe231042-6163-48cc-a1c4-1d1163b0a440,494.51,iiith,Safety|Cooperation,2,0,1,0,0,0,0,1
d0a861f7-3e5c-4836-9b43-29a0b3288165_1279-67,d0a861f7-3e5c-4836-9b43-29a0b3288165,1279.67,minnesota,Safety|Proxemics|Cooperation,3,0,1,0,0,0,1,1
421a0364-6ed6-4bd4-8db2-5de8e245c9bc_455-02,421a0364-6ed6-4bd4-8db2-5de8e245c9bc,455.02,iiith,Safety|Cooperation,2,0,1,0,0,0,0,1
80c74a5b-81e0-4bc1-bc09-2f146351fe70_545-79,80c74a5b-81e0-4bc1-bc09-2f146351fe70,545.79,frl_track_1_public,Proxemics|Politeness|Cooperation,3,0,1,0,1,0,1,0
eb5cb2b0-59e6-45da-af1b-ba86c7ab0b54_705-79,eb5cb2b0-59e6-45da-af1b-ba86c7ab0b54,705.79,minnesota,Proxemics|Cooperation,2,0,1,0,0,0,1,0
95abf338-cf33-43f4-a8d0-44d6ea691d0f_44-58,95abf338-cf33-43f4-a8d0-44d6ea691d0f,44.58,frl_track_1_public,Communication/Legibility|Politeness|Cooperation,3,1,1,0,1,0,0,0
4f80ac6f-b78f-441b-b80d-fa8dd10756c4_471-91,4f80ac6f-b78f-441b-b80d-fa8dd10756c4,471.91,frl_track_1_public,Communication/Legibility|Politeness,2,1,0,0,1,0,0,0
a448297b-ae62-4712-bc4f-849b39176558_2443-39,a448297b-ae62-4712-bc4f-849b39176558,2443.39,minnesota,Safety|Cooperation,2,0,1,0,0,0,0,1
a448297b-ae62-4712-bc4f-849b39176558_3322-55,a448297b-ae62-4712-bc4f-849b39176558,3322.55,minnesota,Safety,1,0,0,0,0,0,0,1
102dc7b7-a8fb-419e-9a18-b679e7157d99_517-02,102dc7b7-a8fb-419e-9a18-b679e7157d99,517.02,minnesota,Proxemics|Safety,2,0,0,0,0,0,1,1
6fd90f8d-7a4d-425d-a812-3268db0b0342_1001-51,6fd90f8d-7a4d-425d-a812-3268db0b0342,1001.51,kaust,Politeness,1,0,0,0,1,0,0,0
b68f87f0-29be-4516-a34a-dda69dd84a56_953-32,b68f87f0-29be-4516-a34a-dda69dd84a56,953.32,bristol,Proxemics|Cooperation,2,0,1,0,0,0,1,0
53e92e25-fe03-4311-9a17-c4f6a29ccad1_1365-15,53e92e25-fe03-4311-9a17-c4f6a29ccad1,1365.15,iiith,Safety|Cooperation,2,0,1,0,0,0,0,1
6f7f3410-1e20-4eb2-b7b0-088c1500054b_299-75,6f7f3410-1e20-4eb2-b7b0-088c1500054b,299.75,minnesota,Cooperation|Coordination/Proactivity,2,0,1,1,0,0,0,0
c85251fa-eb44-4903-b27f-9cdee26e0ed5_1618-20,c85251fa-eb44-4903-b27f-9cdee26e0ed5,1618.2,iiith,Proxemics,1,0,0,0,0,0,1,0
e14bb000-250b-4f3d-aec6-e72d4f29d123_968-06,e14bb000-250b-4f3d-aec6-e72d4f29d123,968.06,frl_track_1_public,Privacy,1,0,0,0,0,1,0,0
ed027cb2-5b92-4de2-ab58-69d42325ef15_965-69,ed027cb2-5b92-4de2-ab58-69d42325ef15,965.69,frl_track_1_public,Communication/Legibility,1,1,0,0,0,0,0,0
d730a47a-013d-4cd3-b478-370f2fb0d918_1149-88,d730a47a-013d-4cd3-b478-370f2fb0d918,1149.88,frl_track_1_public,Safety,1,0,0,0,0,0,0,1
c6b5d782-d267-410e-8566-f7fe5d4a78a9_98-99,c6b5d782-d267-410e-8566-f7fe5d4a78a9,98.99,frl_track_1_public,Politeness|Communication/Legibility,2,1,0,0,1,0,0,0
c1f4d37c-bfd8-4722-b1c4-767f8426ccfd_867-73,c1f4d37c-bfd8-4722-b1c4-767f8426ccfd,867.73,frl_track_1_public,Proxemics,1,0,0,0,0,0,1,0
7fc72743-4b55-48de-b988-4c690bda912f_1613-32,7fc72743-4b55-48de-b988-4c690bda912f,1613.32,frl_track_1_public,Proxemics|Politeness,2,0,0,0,1,0,1,0
9d2ec4ad-945f-4614-b41f-24260de662f6_1664-30,9d2ec4ad-945f-4614-b41f-24260de662f6,1664.3,bristol,Cooperation|Coordination/Proactivity,2,0,1,1,0,0,0,0
03fb98b9-e732-4265-a2a3-9809183acaa7_1123-20,03fb98b9-e732-4265-a2a3-9809183acaa7,1123.2,frl_track_1_public,Safety|Cooperation,2,0,1,0,0,0,0,1
110f9870-6b6c-4a20-a3c8-8c2e29c53bb7_1386-55,110f9870-6b6c-4a20-a3c8-8c2e29c53bb7,1386.55,minnesota,Politeness|Proxemics,2,0,0,0,1,0,1,0
dc4d0940-b35c-4700-af77-5f13bb530ad8_1063-54,dc4d0940-b35c-4700-af77-5f13bb530ad8,1063.54,minnesota,Cooperation|Communication/Legibility,2,1,1,0,0,0,0,0
79c62f24-488e-4a69-8220-3b20cb4bf72b_611-49,79c62f24-488e-4a69-8220-3b20cb4bf72b,611.49,iiith,Cooperation,1,0,1,0,0,0,0,0
27f9cd4e-8b61-477c-9b63-ca3d437a0dff_855-42,27f9cd4e-8b61-477c-9b63-ca3d437a0dff,855.42,iiith,,0,0,0,0,0,0,0,0
6c0ca07f-6bb2-4db4-a0c3-5926726493fc_272-36,6c0ca07f-6bb2-4db4-a0c3-5926726493fc,272.36,frl_track_1_public,Safety|Cooperation,2,0,1,0,0,0,0,1
2c9a2cb8-93fd-4932-bb76-60e80822b70b_782-07,2c9a2cb8-93fd-4932-bb76-60e80822b70b,782.07,iiith,Proxemics|Coordination/Proactivity,2,0,0,1,0,0,1,0
39d0559a-d1e8-4fca-b7f4-db87bbbbde7e_857-69,39d0559a-d1e8-4fca-b7f4-db87bbbbde7e,857.69,iiith,Safety|Coordination/Proactivity,2,0,0,1,0,0,0,1
99a89af1-a535-477c-88a8-c0830ba33486_1246-37,99a89af1-a535-477c-88a8-c0830ba33486,1246.37,nus,Proxemics|Politeness,2,0,0,0,1,0,1,0
830bd10c-4eb5-477d-9166-7d41ca86880a_963-23,830bd10c-4eb5-477d-9166-7d41ca86880a,963.23,frl_track_1_public,Proxemics|Coordination/Proactivity|Cooperation,3,0,1,1,0,0,1,0
68134357-62e5-4f0b-8300-2e661763aeb5_374-98,68134357-62e5-4f0b-8300-2e661763aeb5,374.98,frl_track_1_public,Cooperation,1,0,1,0,0,0,0,0
7836e736-ef0a-40ed-9b77-b4c12a08b236_3090-06,7836e736-ef0a-40ed-9b77-b4c12a08b236,3090.06,iiith,Politeness,1,0,0,0,1,0,0,0
dbcca18b-4b62-4ba1-b799-a6a65231d084_3794-64,dbcca18b-4b62-4ba1-b799-a6a65231d084,3794.64,iiith,Safety|Cooperation|Coordination/Proactivity,3,0,1,1,0,0,0,1
1a50cd38-dda2-41d0-8a6f-294f17373d97_2829-22,1a50cd38-dda2-41d0-8a6f-294f17373d97,2829.22,iiith,,0,0,0,0,0,0,0,0
dd508a2a-1ea7-43d2-805a-8080eeae9985_27-58,dd508a2a-1ea7-43d2-805a-8080eeae9985,27.58,iiith,,0,0,0,0,0,0,0,0
6c0ca07f-6bb2-4db4-a0c3-5926726493fc_124-14,6c0ca07f-6bb2-4db4-a0c3-5926726493fc,124.14,frl_track_1_public,Proxemics,1,0,0,0,0,0,1,0
4c64e0d9-72f4-427f-995d-112ef1a2b7a1_210-26,4c64e0d9-72f4-427f-995d-112ef1a2b7a1,210.26,minnesota,Proxemics|Politeness|Cooperation,3,0,1,0,1,0,1,0
493dbd4d-bfc7-4086-b4ee-f3d081c34697_864-22,493dbd4d-bfc7-4086-b4ee-f3d081c34697,864.22,frl_track_1_public,Proxemics|Politeness|Communication/Legibility,3,1,0,0,1,0,1,0
e9e0f26d-3005-436a-a70f-7d99977808c8_1362-45,e9e0f26d-3005-436a-a70f-7d99977808c8,1362.45,minnesota,Cooperation|Coordination/Proactivity,2,0,1,1,0,0,0,0
ec85a806-d47f-4555-8c4c-20f59927e580_3835-48,ec85a806-d47f-4555-8c4c-20f59927e580,3835.48,iiith,Cooperation|Coordination/Proactivity,2,0,1,1,0,0,0,0
89d8c9c5-fa11-4674-b08f-007f81958555_1484-97,89d8c9c5-fa11-4674-b08f-007f81958555,1484.97,minnesota,Proxemics,1,0,0,0,0,0,1,0
adb9100b-45da-449a-94b1-ae29e107e4c5_72-02,adb9100b-45da-449a-94b1-ae29e107e4c5,72.02,iiith,Cooperation|Coordination/Proactivity,2,0,1,1,0,0,0,0
134d9865-d9ee-47e5-a121-589a26c6b3ba_1586-50,134d9865-d9ee-47e5-a121-589a26c6b3ba,1586.5,minnesota,Politeness|Cooperation,2,0,1,0,1,0,0,0
949b2e8a-83f9-4b89-b29b-9e8d81600dd8_2242-73,949b2e8a-83f9-4b89-b29b-9e8d81600dd8,2242.73,iiith,Proxemics|Cooperation,2,0,1,0,0,0,1,0
0655e194-9ddc-41c4-9708-7e6c7a256fa0_300-01,0655e194-9ddc-41c4-9708-7e6c7a256fa0,300.01,unict,,0,0,0,0,0,0,0,0
cbc5c4fe-ed66-4525-a3d8-d691064db66b_262-02,cbc5c4fe-ed66-4525-a3d8-d691064db66b,262.02,frl_track_1_public,Proxemics,1,0,0,0,0,0,1,0
287c98fa-f0a4-4944-b798-bcae618258d3_1087-69,287c98fa-f0a4-4944-b798-bcae618258d3,1087.69,minnesota,Politeness|Cooperation,2,0,1,0,1,0,0,0
b3a0d595-d5b4-4e4b-9c52-337053871604_278-40,b3a0d595-d5b4-4e4b-9c52-337053871604,278.4,frl_track_1_public,Politeness,1,0,0,0,1,0,0,0
6f27deaa-7133-4bbb-b9ed-5310d6d05a50_336-16,6f27deaa-7133-4bbb-b9ed-5310d6d05a50,336.16,iiith,Cooperation|Coordination/Proactivity|Safety,3,0,1,1,0,0,0,1
8677afac-95b4-4ec1-aec5-39c90fd8374c_271-68,8677afac-95b4-4ec1-aec5-39c90fd8374c,271.68,kaust,Politeness|Proxemics,2,0,0,0,1,0,1,0
57ac6d7c-d317-4f85-aab1-d95ecaaacd5b_290-69,57ac6d7c-d317-4f85-aab1-d95ecaaacd5b,290.69,iiith,Proxemics,1,0,0,0,0,0,1,0
860be163-394f-48bb-9068-37e1c383ff73_764-03,860be163-394f-48bb-9068-37e1c383ff73,764.03,iiith,Safety|Proxemics|Coordination/Proactivity,3,0,0,1,0,0,1,1
4b5de875-cc82-494e-b768-8ac0ae3bb279_930-87,4b5de875-cc82-494e-b768-8ac0ae3bb279,930.87,bristol,Safety|Cooperation,2,0,1,0,0,0,0,1
fa53388f-58ab-41a8-9f0d-55407cae3973_757-23,fa53388f-58ab-41a8-9f0d-55407cae3973,757.23,frl_track_1_public,Proxemics|Coordination/Proactivity,2,0,0,1,0,0,1,0
c495da06-2baf-4f62-958d-5ef2e6da08c4_28-94,c495da06-2baf-4f62-958d-5ef2e6da08c4,28.94,iiith,Safety|Cooperation,2,0,1,0,0,0,0,1
f5ac654b-8f39-427b-856f-4a9a2d4a3020_9-20,f5ac654b-8f39-427b-856f-4a9a2d4a3020,9.2,minnesota,Politeness|Cooperation,2,0,1,0,1,0,0,0
356dd07e-8165-494c-9be8-b82d314bf88d_895-74,356dd07e-8165-494c-9be8-b82d314bf88d,895.74,frl_track_1_public,Proxemics,1,0,0,0,0,0,1,0
c824d4e5-298a-462b-a408-28a85a7364af_683-96,c824d4e5-298a-462b-a408-28a85a7364af,683.96,frl_track_1_public,Cooperation|Communication/Legibility,2,1,1,0,0,0,0,0
258a7d18-4e66-4e3a-9fa0-f8daf7315a6d_1892-58,258a7d18-4e66-4e3a-9fa0-f8daf7315a6d,1892.58,iiith,Safety|Cooperation,2,0,1,0,0,0,0,1
d0925317-dc23-4cb4-a375-a7baddc06b27_901-57,d0925317-dc23-4cb4-a375-a7baddc06b27,901.57,frl_track_1_public,Proxemics|Cooperation|Coordination/Proactivity,3,0,1,1,0,0,1,0
d3f76c88-5996-4da0-8b8f-6c1b8f85a4d8_18062-30,d3f76c88-5996-4da0-8b8f-6c1b8f85a4d8,18062.3,iiith,Proxemics|Coordination/Proactivity,2,0,0,1,0,0,1,0
102dc7b7-a8fb-419e-9a18-b679e7157d99_754-92,102dc7b7-a8fb-419e-9a18-b679e7157d99,754.92,minnesota,Politeness|Cooperation,2,0,1,0,1,0,0,0
d3980f7e-2ef1-4b2b-b73a-2a7db7465660_452-63,d3980f7e-2ef1-4b2b-b73a-2a7db7465660,452.63,nus,Communication/Legibility|Cooperation|Coordination/Proactivity,3,1,1,1,0,0,0,0
39d1462e-506c-482b-9c9e-a94cffd71563_2316-87,39d1462e-506c-482b-9c9e-a94cffd71563,2316.87,iiith,Communication/Legibility|Cooperation,2,1,1,0,0,0,0,0
606a91df-fc77-444e-988d-e0178c83c586_342-58,606a91df-fc77-444e-988d-e0178c83c586,342.58,minnesota,Cooperation|Proxemics,2,0,1,0,0,0,1,0
ae59dda2-8aa0-40e1-bd48-af368ea8e149_1586-25,ae59dda2-8aa0-40e1-bd48-af368ea8e149,1586.25,iiith,,0,0,0,0,0,0,0,0
906a5fbf-a335-4134-a23a-ece71a9683eb_1213-24,906a5fbf-a335-4134-a23a-ece71a9683eb,1213.24,frl_track_1_public,Proxemics|Coordination/Proactivity|Cooperation|Politeness,4,0,1,1,1,0,1,0
90398a2b-de6b-4232-9bea-149c48cb1326_984-97,90398a2b-de6b-4232-9bea-149c48cb1326,984.97,iiith,Safety|Cooperation,2,0,1,0,0,0,0,1
3ae05e5a-f724-41e8-9000-90b7dd31379b_288-48,3ae05e5a-f724-41e8-9000-90b7dd31379b,288.48,bristol,Politeness|Proxemics,2,0,0,0,1,0,1,0
f374039b-7f08-4dc3-af64-4e9ff61db531_2262-81,f374039b-7f08-4dc3-af64-4e9ff61db531,2262.81,iiith,Cooperation|Communication/Legibility,2,1,1,0,0,0,0,0
407df63f-c7a8-4c18-aa0f-b8e6ae16a938_620-12,407df63f-c7a8-4c18-aa0f-b8e6ae16a938,620.12,iiith,Cooperation|Communication/Legibility,2,1,1,0,0,0,0,0
8b72b54f-f87c-4fdb-84dc-97e42ab111ac_824-00,8b72b54f-f87c-4fdb-84dc-97e42ab111ac,824.0,bristol,,0,0,0,0,0,0,0,0
3625b3d9-e323-4c05-a27a-aba79f01a5bd_18-58,3625b3d9-e323-4c05-a27a-aba79f01a5bd,18.58,kaust,Proxemics|Cooperation,2,0,1,0,0,0,1,0
4f549225-e82e-4294-9379-4891e47725c7_299-04,4f549225-e82e-4294-9379-4891e47725c7,299.04,iiith,Safety|Cooperation,2,0,1,0,0,0,0,1
952d5295-06f4-4578-929b-4113e4ff9201_792-75,952d5295-06f4-4578-929b-4113e4ff9201,792.75,iiith,Proxemics|Communication/Legibility|Cooperation|Privacy,4,1,1,0,0,1,1,0
156823e7-0339-4f64-9c89-80044fc8b218_782-84,156823e7-0339-4f64-9c89-80044fc8b218,782.84,frl_track_1_public,Politeness|Cooperation|Coordination/Proactivity|Privacy,4,0,1,1,1,1,0,0
dd0aa717-59d8-4d8a-9f11-21be827fb184_600-81,dd0aa717-59d8-4d8a-9f11-21be827fb184,600.81,frl_track_1_public,Privacy|Proxemics|Communication/Legibility,3,1,0,0,0,1,1,0
1e90b2b5-5483-4ecc-b8e0-fb0bf63ccac3_3303-65,1e90b2b5-5483-4ecc-b8e0-fb0bf63ccac3,3303.65,frl_track_1_public,Safety|Cooperation|Privacy,3,0,1,0,0,1,0,1
8dd6490b-6291-4793-b05e-79250f87925f_396-12,8dd6490b-6291-4793-b05e-79250f87925f,396.12,minnesota,Politeness|Communication/Legibility|Privacy,3,1,0,0,1,1,0,0
8e748fd1-e30e-4bf6-a04f-5f570ca075ac_351-84,8e748fd1-e30e-4bf6-a04f-5f570ca075ac,351.84,frl_track_1_public,Proxemics|Privacy,2,0,0,0,0,1,1,0
9e9c5b05-c7d4-450d-9850-e6ae83caa9a5_3282-52,9e9c5b05-c7d4-450d-9850-e6ae83caa9a5,3282.52,iiith,Privacy|Politeness,2,0,0,0,1,1,0,0
408acdc8-c286-482b-91ba-3fcda24fedc3_1554-86,408acdc8-c286-482b-91ba-3fcda24fedc3,1554.86,iiith,Proxemics|Politeness|Privacy,3,0,0,0,1,1,1,0
cb8df5e7-af5c-4211-b779-0568f94c7ded_1890-31,cb8df5e7-af5c-4211-b779-0568f94c7ded,1890.31,iiith,Proxemics|Cooperation|Communication/Legibility|Privacy,4,1,1,0,0,1,1,0
28ff9118-e876-497c-9901-cb89a62509fc_432-66,28ff9118-e876-497c-9901-cb89a62509fc,432.66,kaust,Politeness|Cooperation|Privacy,3,0,1,0,1,1,0,0
201af2e0-72dd-466c-8280-8c3dc00a7981_602-53,201af2e0-72dd-466c-8280-8c3dc00a7981,602.53,minnesota,Communication/Legibility|Privacy,2,1,0,0,0,1,0,0
1042ea39-9256-4593-a4c6-a0d0393da739_524-37,1042ea39-9256-4593-a4c6-a0d0393da739,524.37,frl_track_1_public,Politeness|Communication/Legibility|Privacy,3,1,0,0,1,1,0,0
cb9de2c6-ff1a-48e8-b170-047e9471b588_884-63,cb9de2c6-ff1a-48e8-b170-047e9471b588,884.63,frl_track_1_public,Proxemics|Coordination/Proactivity|Cooperation|Privacy,4,0,1,1,0,1,1,0
1a7e6155-3613-4f55-865c-00e196db0da0_3573-11,1a7e6155-3613-4f55-865c-00e196db0da0,3573.11,kaust,Privacy,1,0,0,0,0,1,0,0
cce59bcd-0ebc-463e-bbb1-094186a6ed8d_36-05,cce59bcd-0ebc-463e-bbb1-094186a6ed8d,36.05,frl_track_1_public,Safety|Proxemics|Coordination/Proactivity|Privacy,4,0,0,1,0,1,1,1
e14bb000-250b-4f3d-aec6-e72d4f29d123_977-37,e14bb000-250b-4f3d-aec6-e72d4f29d123,977.37,frl_track_1_public,Privacy,1,0,0,0,0,1,0,0
b68f87f0-29be-4516-a34a-dda69dd84a56_471-46,b68f87f0-29be-4516-a34a-dda69dd84a56,471.46,bristol,Proxemics|Communication/Legibility|Privacy,3,1,0,0,0,1,1,0
48bd6bfb-1322-41b5-9641-20a647976ea8_261-42,48bd6bfb-1322-41b5-9641-20a647976ea8,261.42,minnesota,Politeness|Communication/Legibility|Privacy,3,1,0,0,1,1,0,0
9d26362a-4411-4d8b-b114-03f4f89928d7_1588-24,9d26362a-4411-4d8b-b114-03f4f89928d7,1588.24,minnesota,Privacy|Proxemics,2,0,0,0,0,1,1,0
cb9de2c6-ff1a-48e8-b170-047e9471b588_1100-53,cb9de2c6-ff1a-48e8-b170-047e9471b588,1100.53,frl_track_1_public,Proxemics|Coordination/Proactivity|Cooperation|Communication/Legibility|Privacy,5,1,1,1,0,1,1,0
2cc2710e-aae0-41eb-9a70-deb9217bb7ea_3646-90,2cc2710e-aae0-41eb-9a70-deb9217bb7ea,3646.9,kaust,Proxemics|Politeness|Communication/Legibility|Privacy,4,1,0,0,1,1,1,0
952d5295-06f4-4578-929b-4113e4ff9201_808-38,952d5295-06f4-4578-929b-4113e4ff9201,808.38,iiith,Privacy|Proxemics|Politeness|Cooperation,4,0,1,0,1,1,1,0
6070d9d1-9962-49f3-8ac7-4e29ca07e104_284-21,6070d9d1-9962-49f3-8ac7-4e29ca07e104,284.21,nus,Proxemics|Safety|Cooperation|Privacy,4,0,1,0,0,1,1,1
1acd2d5c-b0d4-4ec5-a54c-6a9c84cb11f6_776-54,1acd2d5c-b0d4-4ec5-a54c-6a9c84cb11f6,776.54,minnesota,Politeness|Cooperation|Privacy,3,0,1,0,1,1,0,0
fb9fda68-f264-465d-9208-19876f5ef90f_887-23,fb9fda68-f264-465d-9208-19876f5ef90f,887.23,frl_track_1_public,Privacy,1,0,0,0,0,1,0,0
f965d286-b521-402f-9a0e-c73b49e9806e_1758-84,f965d286-b521-402f-9a0e-c73b49e9806e,1758.84,minnesota,Privacy|Politeness|Communication/Legibility,3,1,0,0,1,1,0,0
ca22ace6-2d0e-4e0b-98d4-60544e5af4d5_139-96,ca22ace6-2d0e-4e0b-98d4-60544e5af4d5,139.96,indiana,Privacy,1,0,0,0,0,1,0,0
68a03b86-201f-4935-9847-f2753905f298_1057-96,68a03b86-201f-4935-9847-f2753905f298,1057.96,frl_track_1_public,Politeness|Privacy,2,0,0,0,1,1,0,0
d6f9d174-2d42-49e7-83e4-daa9e8b0aa25_64-13,d6f9d174-2d42-49e7-83e4-daa9e8b0aa25,64.13,frl_track_1_public,Proxemics|Privacy,2,0,0,0,0,1,1,0
a49bdcc8-8f23-445d-bae0-8d9e5c4d9c63_1749-02,a49bdcc8-8f23-445d-bae0-8d9e5c4d9c63,1749.02,minnesota,Privacy|Politeness|Proxemics,3,0,0,0,1,1,1,0
381c4c64-a697-42ab-90ab-a515740bf484_578-95,381c4c64-a697-42ab-90ab-a515740bf484,578.95,frl_track_1_public,Communication/Legibility|Proxemics|Privacy,3,1,0,0,0,1,1,0
d8c7bf34-0440-48b3-bf22-263d7c926074_109-23,d8c7bf34-0440-48b3-bf22-263d7c926074,109.23,minnesota,Privacy|Politeness|Proxemics,3,0,0,0,1,1,1,0
e7752106-8e0c-47b5-a639-e701e659718c_740-06,e7752106-8e0c-47b5-a639-e701e659718c,740.06,iiith,Politeness|Communication/Legibility|Privacy,3,1,0,0,1,1,0,0
5f26c69f-6f1c-4041-a81f-3c4808e0a385_1353-30,5f26c69f-6f1c-4041-a81f-3c4808e0a385,1353.3,frl_track_1_public,Proxemics|Politeness|Privacy,3,0,0,0,1,1,1,0
dd82f801-fc96-4ced-b066-ad559da3faab_124-35,dd82f801-fc96-4ced-b066-ad559da3faab,124.35,minnesota,Privacy|Politeness|Cooperation,3,0,1,0,1,1,0,0
facdbd7a-da79-48bd-9bb0-c866f675699b_1484-63,facdbd7a-da79-48bd-9bb0-c866f675699b,1484.63,frl_track_1_public,Privacy|Politeness,2,0,0,0,1,1,0,0
cbc5c4fe-ed66-4525-a3d8-d691064db66b_545-69,cbc5c4fe-ed66-4525-a3d8-d691064db66b,545.69,frl_track_1_public,Proxemics|Cooperation|Privacy,3,0,1,0,0,1,1,0
69190e7c-457f-489d-9071-c2a9185e4853_144-34,69190e7c-457f-489d-9071-c2a9185e4853,144.34,minnesota,Politeness|Communication/Legibility|Privacy,3,1,0,0,1,1,0,0
01111831-9107-43c4-bf0e-6b26e9b32a2b_1351-09,01111831-9107-43c4-bf0e-6b26e9b32a2b,1351.09,kaust,Cooperation|Communication/Legibility|Coordination/Proactivity|Privacy,4,1,1,1,0,1,0,0
9e579570-0541-49d6-bf0e-35483e949296_653-37,9e579570-0541-49d6-bf0e-35483e949296,653.37,frl_track_1_public,Proxemics|Cooperation|Privacy,3,0,1,0,0,1,1,0
97eaf9ae-9b92-493d-a555-4fcdb7c039a1_1485-95,97eaf9ae-9b92-493d-a555-4fcdb7c039a1,1485.95,kaust,Proxemics|Politeness|Privacy,3,0,0,0,1,1,1,0
699b47de-9fc5-4b98-ba35-ecf79886a8db_1850-50,699b47de-9fc5-4b98-ba35-ecf79886a8db,1850.5,iiith,Privacy|Politeness,2,0,0,0,1,1,0,0
8dd6490b-6291-4793-b05e-79250f87925f_402-15,8dd6490b-6291-4793-b05e-79250f87925f,402.15,minnesota,Privacy|Proxemics|Politeness,3,0,0,0,1,1,1,0
3dd08c84-ee0a-4fa6-a859-98fd969ec720_518-21,3dd08c84-ee0a-4fa6-a859-98fd969ec720,518.21,minnesota,Privacy,1,0,0,0,0,1,0,0
d0a861f7-3e5c-4836-9b43-29a0b3288165_550-69,d0a861f7-3e5c-4836-9b43-29a0b3288165,550.69,minnesota,Proxemics|Cooperation|Privacy,3,0,1,0,0,1,1,0
201af2e0-72dd-466c-8280-8c3dc00a7981_1276-29,201af2e0-72dd-466c-8280-8c3dc00a7981,1276.29,minnesota,Privacy,1,0,0,0,0,1,0,0
82e96128-1242-4e57-8a3e-9ea222df022c_3457-40,82e96128-1242-4e57-8a3e-9ea222df022c,3457.4,iiith,Proxemics|Communication/Legibility|Cooperation|Privacy,4,1,1,0,0,1,1,0
dced4894-d13a-4222-941b-5e4ecf1e3299_663-36,dced4894-d13a-4222-941b-5e4ecf1e3299,663.36,iiith,Safety|Privacy,2,0,0,0,0,1,0,1
dd82f801-fc96-4ced-b066-ad559da3faab_1757-91,dd82f801-fc96-4ced-b066-ad559da3faab,1757.91,minnesota,Privacy,1,0,0,0,0,1,0,0
4b5de875-cc82-494e-b768-8ac0ae3bb279_997-77,4b5de875-cc82-494e-b768-8ac0ae3bb279,997.77,bristol,Privacy|Proxemics,2,0,0,0,0,1,1,0
a055e4e8-cc07-47c1-a438-06f45c4f724c_2341-22,a055e4e8-cc07-47c1-a438-06f45c4f724c,2341.22,iiith,Cooperation|Politeness|Privacy,3,0,1,0,1,1,0,0
8a431195-083a-4e07-a99d-28c2591beaef_13-09,8a431195-083a-4e07-a99d-28c2591beaef,13.09,bristol,Privacy,1,0,0,0,0,1,0,0
fab481c0-842c-4536-9126-9dc375464685_728-84,fab481c0-842c-4536-9126-9dc375464685,728.84,frl_track_1_public,Politeness|Communication/Legibility|Privacy,3,1,0,0,1,1,0,0
36baa5a9-16bf-4ad6-b011-4d7daae6b8f9_1264-03,36baa5a9-16bf-4ad6-b011-4d7daae6b8f9,1264.03,minnesota,Privacy|Politeness,2,0,0,0,1,1,0,0
b0a30641-ad93-4d6a-92a9-f277c78f1aa5_112-83,b0a30641-ad93-4d6a-92a9-f277c78f1aa5,112.83,minnesota,Privacy,1,0,0,0,0,1,0,0
71024373-484f-4270-82a4-2251997f3a9f_44-61,71024373-484f-4270-82a4-2251997f3a9f,44.61,iiith,Proxemics|Coordination/Proactivity|Cooperation|Communication/Legibility|Privacy,5,1,1,1,0,1,1,0
5181422f-0b2c-4a39-af52-b2ca683e5451_1147-87,5181422f-0b2c-4a39-af52-b2ca683e5451,1147.87,frl_track_1_public,Privacy,1,0,0,0,0,1,0,0
695cefe9-04c0-42fb-80fc-d308b314b788_330-48,695cefe9-04c0-42fb-80fc-d308b314b788,330.48,frl_track_1_public,Privacy,1,0,0,0,0,1,0,0
dfd0bc0c-28fc-4302-9a75-77df6c53ab31_658-80,dfd0bc0c-28fc-4302-9a75-77df6c53ab31,658.8,minnesota,Politeness|Communication/Legibility|Privacy,3,1,0,0,1,1,0,0
2dbdd409-0be0-447c-8ae8-3f107fe9af80_1058-94,2dbdd409-0be0-447c-8ae8-3f107fe9af80,1058.94,nus,Politeness|Communication/Legibility|Privacy,3,1,0,0,1,1,0,0
eea4b231-055e-4c4e-8f95-8dd043601da6_1144-34,eea4b231-055e-4c4e-8f95-8dd043601da6,1144.34,frl_track_1_public,Communication/Legibility|Politeness|Privacy,3,1,0,0,1,1,0,0
e9343bd2-cd48-4abe-902a-3d3f6a0b51d8_1795-21,e9343bd2-cd48-4abe-902a-3d3f6a0b51d8,1795.21,kaust,Communication/Legibility|Privacy,2,1,0,0,0,1,0,0
