id,video_uid,timestamp_sec,in_ego4d_json,has_audio,audio_covers_window,video_source,scenarios,has_redacted_regions,window_overlaps_redaction,split_av,correct_norm_categories
51364391-163c-484c-8de5-122abb5898de_1359-23,51364391-163c-484c-8de5-122abb5898de,1359.23,True,False,False,minnesota,Cooking,False,False,,Cooperation|Coordination/Proactivity
5ab334f2-ecc8-4a05-96f8-4320225379b2_214-77,5ab334f2-ecc8-4a05-96f8-4320225379b2,214.77,True,False,False,minnesota,Going to the park|Playing with pets|Talking with family members,False,False,,Proxemics
af72c57c-b242-48b2-8d00-aea29f4e37ac_1063-17,af72c57c-b242-48b2-8d00-aea29f4e37ac,1063.17,True,True,True,minnesota,"BasketBall|Car - commuting, road trip|Going to the park",False,False,,Proxemics
1f4a4d13-f083-4464-8c03-5e09f55e3f63_764-04,1f4a4d13-f083-4464-8c03-5e09f55e3f63,764.04,True,True,True,minnesota,Household management - caring for kids|Walking on street,False,False,,Politeness|Proxemics
40b33c95-3689-4ec8-8765-7e926f623b75_1593-37,40b33c95-3689-4ec8-8765-7e926f623b75,1593.37,True,True,True,iiith,Cooking,False,False,,Coordination/Proactivity
cbc5c4fe-ed66-4525-a3d8-d691064db66b_729-17,cbc5c4fe-ed66-4525-a3d8-d691064db66b,729.17,True,True,True,frl_track_1_public,"Clothes, other shopping",False,False,,Politeness
07536df6-9813-42d9-93df-35835407d8ee_170-76,07536df6-9813-42d9-93df-35835407d8ee,170.76,True,True,True,minnesota,Grocery shopping indoors|Walking on street,False,False,,Proxemics|Coordination/Proactivity
89d8c9c5-fa11-4674-b08f-007f81958555_240-15,89d8c9c5-fa11-4674-b08f-007f81958555,240.15,True,True,True,minnesota,Going to the park,False,False,,Safety|Cooperation
9a33e9f1-a740-4810-a624-62b0c9935741_2416-26,9a33e9f1-a740-4810-a624-62b0c9935741,2416.26,True,False,False,uniandes,Hair and Makeup stylist|Indoor Navigation (walking)|On a screen (phone/laptop),False,False,,Proxemics|Cooperation
8d85aa58-438d-413c-b8b3-ae5417737c5c_1900-47,8d85aa58-438d-413c-b8b3-ae5417737c5c,1900.47,True,True,True,iiith,Participating in a meeting,False,False,,Cooperation|Communication/Legibility
5ed59c41-af9e-4368-a0ce-30d536d34895_1575-15,5ed59c41-af9e-4368-a0ce-30d536d34895,1575.15,True,True,True,kaust,Cooking|Eating|Household management - caring for kids|Talking with family members|Walking on street|Walking the dog / pet|Watching tv,False,False,,Proxemics
a4375d98-e295-4e7d-a718-d8af066e3d57_1708-23,a4375d98-e295-4e7d-a718-d8af066e3d57,1708.23,True,False,False,cmu,Car mechanic,False,False,,Safety
5cab806a-3794-4578-94f2-33c3093151d1_433-69,5cab806a-3794-4578-94f2-33c3093151d1,433.69,True,False,False,minnesota,Camp setup/pack-up/chores,False,False,,Cooperation|Proxemics
44a65997-a52f-4e79-b4bf-cc1d74e39bc2_143-93,44a65997-a52f-4e79-b4bf-cc1d74e39bc2,143.93,True,False,False,kaust,Working at desk,False,False,,Politeness
54a421d2-763e-4751-a6b4-54e3d6c46cc1_1143-22,54a421d2-763e-4751-a6b4-54e3d6c46cc1,1143.22,True,True,True,minnesota,Household management - caring for kids,False,False,,Politeness|Proxemics
6243586b-a8df-4c37-95f8-da7f4f5d57d6_513-82,6243586b-a8df-4c37-95f8-da7f4f5d57d6,513.82,True,True,True,frl_track_1_public,Grocery shopping indoors,False,False,,Cooperation
c463128d-18cc-44ad-abf6-03ee87534919_120-41,c463128d-18cc-44ad-abf6-03ee87534919,120.41,True,False,False,minnesota,Hiking,False,False,,Cooperation|Coordination/Proactivity
2d01625b-b7c4-41aa-989b-2d0b392d8b54_1323-22,2d01625b-b7c4-41aa-989b-2d0b392d8b54,1323.22,True,True,True,frl_track_1_public,Grocery shopping indoors,False,False,train,Cooperation
aca9e131-8b44-4e59-8394-24a494c19801_183-42,aca9e131-8b44-4e59-8394-24a494c19801,183.42,True,True,True,minnesota,Playing games / video games,False,False,,Politeness|Cooperation
5ab334f2-ecc8-4a05-96f8-4320225379b2_70-12,5ab334f2-ecc8-4a05-96f8-4320225379b2,70.12,True,False,False,minnesota,Going to the park|Playing with pets|Talking with family members,False,False,,Proxemics|Cooperation
b925520a-853c-442e-8a39-6679cce1e9f4_1253-01,b925520a-853c-442e-8a39-6679cce1e9f4,1253.01,True,True,True,frl_track_1_public,"Clothes, other shopping",False,False,,Politeness|Communication/Legibility
6f93978d-a3d0-467d-b401-e23b3c92f3bf_5299-41,6f93978d-a3d0-467d-b401-e23b3c92f3bf,5299.41,True,True,True,iiith,Cooking,False,False,,Politeness|Safety
92153977-6016-4863-be78-c4af25a56a0f_394-80,92153977-6016-4863-be78-c4af25a56a0f,394.8,True,True,True,minnesota,Crafting/knitting/sewing/drawing/painting,False,False,,
2d76e155-dcae-4fdb-be83-a37f09e699a8_46-48,2d76e155-dcae-4fdb-be83-a37f09e699a8,46.48,True,False,False,uniandes,On a screen (phone/laptop)|Tourism|Walking on street,False,False,,Safety
1f6eb61d-74fa-411e-979c-2e66e71f2b7d_501-62,1f6eb61d-74fa-411e-979c-2e66e71f2b7d,501.62,True,True,True,minnesota,Cleaning / laundry|Household management - caring for kids|Talking with family members,False,False,,Safety|Cooperation|Coordination/Proactivity
c6b1f7dc-3301-46e6-867a-312a5f8e7a0f_13-11,c6b1f7dc-3301-46e6-867a-312a5f8e7a0f,13.11,True,True,True,nus,Eating in hawker center|Talking with friends/housemates,False,False,train,Politeness|Communication/Legibility
5e97e33c-b3ca-48b2-9e7e-069fe39199fb_509-89,5e97e33c-b3ca-48b2-9e7e-069fe39199fb,509.89,True,False,False,kaust,"Car - commuting, road trip|Skateboard/scooter",False,False,,Proxemics|Cooperation
fd2ae8b4-b683-4c4b-935c-78b4dadbdbf8_3860-90,fd2ae8b4-b683-4c4b-935c-78b4dadbdbf8,3860.9,True,False,False,uniandes,Hair and Makeup stylist|Indoor Navigation (walking)|On a screen (phone/laptop),False,False,,Politeness
adf65602-f5ee-456a-a098-db19a521ce38_500-23,adf65602-f5ee-456a-a098-db19a521ce38,500.23,True,False,False,cmu,Car mechanic,False,False,,Coordination/Proactivity|Cooperation
5605bd9a-d151-4d5b-b0f6-cfc28ae6937e_4053-60,5605bd9a-d151-4d5b-b0f6-cfc28ae6937e,4053.6,True,True,True,iiith,Making Bricks,False,False,,Communication/Legibility
7220ce3a-b740-44db-815d-222d914e2dfd_114-26,7220ce3a-b740-44db-815d-222d914e2dfd,114.26,True,True,True,frl_track_1_public,Making coffee,False,False,,Cooperation|Communication/Legibility
5cab806a-3794-4578-94f2-33c3093151d1_391-05,5cab806a-3794-4578-94f2-33c3093151d1,391.05,True,False,False,minnesota,Camp setup/pack-up/chores,False,False,,Cooperation|Politeness
ef641454-94d5-4fe4-bf21-710144143967_723-67,ef641454-94d5-4fe4-bf21-710144143967,723.67,True,True,True,minnesota,Cleaning / laundry|Household management - caring for kids,False,False,,Safety|Politeness
a1e8d35f-2dad-495c-ac00-b056f710c706_1381-64,a1e8d35f-2dad-495c-ac00-b056f710c706,1381.64,True,False,False,cmu,"jobs related to construction/renovation company
(Director of work, tiler, plumber, Electrician, Handyman, etc)",False,False,,Politeness|Cooperation
9e9c5b05-c7d4-450d-9850-e6ae83caa9a5_3297-13,9e9c5b05-c7d4-450d-9850-e6ae83caa9a5,3297.13,True,True,True,iiith,Cooking,False,False,,Proxemics|Cooperation
cb0013d1-84a7-42c7-962a-3b00043365e5_1957-07,cb0013d1-84a7-42c7-962a-3b00043365e5,1957.07,True,True,True,iiith,Carpenter,False,False,,Cooperation|Communication/Legibility|Coordination/Proactivity
e21a6f09-3df0-4bfb-a23b-47a1866aadf1_511-16,e21a6f09-3df0-4bfb-a23b-47a1866aadf1,511.16,True,True,True,minnesota,Baseball,False,False,,Cooperation|Communication/Legibility
c58e1887-0314-4cb3-a09d-5ba529d8eda0_6-27,c58e1887-0314-4cb3-a09d-5ba529d8eda0,6.27,True,True,True,minnesota,Gaming arcade / pool / billiards,False,False,,Cooperation|Communication/Legibility
cd1d3c56-69ca-4602-944e-bb9fabb9710b_1865-43,cd1d3c56-69ca-4602-944e-bb9fabb9710b,1865.43,True,True,True,nus,Participating in a meeting|Talking to colleagues,False,False,train,Communication/Legibility|Cooperation
eb2c9739-dba0-479c-81b7-9dda51c4ac20_1465-40,eb2c9739-dba0-479c-81b7-9dda51c4ac20,1465.4,True,False,False,kaust,Playing badminton,False,False,,Proxemics|Cooperation|Politeness
41ebc581-9f9a-44d5-9c73-8bf287c43856_3353-58,41ebc581-9f9a-44d5-9c73-8bf287c43856,3353.58,True,True,True,frl_track_1_public,Cleaning / laundry|Making coffee,False,False,,
358e65ba-1ce0-46f6-a1b4-1c85569ef628_3143-38,358e65ba-1ce0-46f6-a1b4-1c85569ef628,3143.38,True,True,True,frl_track_1_public,Cleaning / laundry|Eating,False,False,,Politeness|Proxemics
860be163-394f-48bb-9068-37e1c383ff73_736-68,860be163-394f-48bb-9068-37e1c383ff73,736.68,True,True,True,iiith,Cycling / jogging,False,False,,Safety|Proxemics|Coordination/Proactivity
426eb9d9-d4cf-4acc-9efb-979f61a5be91_785-24,426eb9d9-d4cf-4acc-9efb-979f61a5be91,785.24,True,True,True,iiith,Bike,False,False,,Safety
a95545b6-8b1e-4d77-a209-c1accf3b057b_34-20,a95545b6-8b1e-4d77-a209-c1accf3b057b,34.2,True,True,True,minnesota,Cleaning / laundry|Eating,False,False,,Cooperation
eb20bebd-41e5-4a02-aa7e-73d3da5bc97e_1624-37,eb20bebd-41e5-4a02-aa7e-73d3da5bc97e,1624.37,True,False,False,uniandes,Hair and Makeup stylist|Indoor Navigation (walking)|On a screen (phone/laptop),False,False,,Proxemics|Politeness
ea1818bb-a882-4de4-9e31-993f4cb98aa1_1361-82,ea1818bb-a882-4de4-9e31-993f4cb98aa1,1361.82,True,True,True,frl_track_1_public,"Clothes, other shopping",False,False,,Politeness|Communication/Legibility
ad851441-1f15-467e-83d8-48c764e220a8_975-45,ad851441-1f15-467e-83d8-48c764e220a8,975.45,True,False,False,minnesota,Cleaning / laundry,False,False,,Safety|Coordination/Proactivity
a5bd4711-275b-4bbf-96fe-37553e5d3e93_1662-76,a5bd4711-275b-4bbf-96fe-37553e5d3e93,1662.76,True,False,False,minnesota,Camp setup/pack-up/chores,False,False,,Safety|Cooperation|Politeness
d9bc2b47-181e-4fea-b153-15272b1646e1_589-30,d9bc2b47-181e-4fea-b153-15272b1646e1,589.3,True,True,True,frl_track_1_public,"Clothes, other shopping",False,False,,Cooperation
878666b9-5f3d-476a-960f-3a5d02da7619_6890-95,878666b9-5f3d-476a-960f-3a5d02da7619,6890.95,True,False,False,uniandes,Eating at a restaurant|Hiking|Indoor Navigation (walking)|On a screen (phone/laptop)|Talking with friends/housemates,False,False,,Privacy
eb20bebd-41e5-4a02-aa7e-73d3da5bc97e_1106-81,eb20bebd-41e5-4a02-aa7e-73d3da5bc97e,1106.81,True,False,False,uniandes,Hair and Makeup stylist|Indoor Navigation (walking)|On a screen (phone/laptop),False,False,,Safety
3024e27a-237a-4b48-8ea9-b9b16181eaf1_49-89,3024e27a-237a-4b48-8ea9-b9b16181eaf1,49.89,True,True,True,nus,Eating at a restaurant|Talking with family members|Talking with friends/housemates,False,False,,Cooperation|Coordination/Proactivity|Communication/Legibility
af215e0f-56c7-4356-9aad-a3a5fb7bbc4f_4362-30,af215e0f-56c7-4356-9aad-a3a5fb7bbc4f,4362.3,True,True,True,iiith,Pulp Traces Factory (Egges),False,False,,Proxemics
3c54ff87-27c0-4ab8-b934-4f0289221bff_279-60,3c54ff87-27c0-4ab8-b934-4f0289221bff,279.6,True,True,True,minnesota,Cleaning / laundry|Playing with pets,False,False,,Proxemics|Politeness|Cooperation
262fd2ec-8eba-44d9-8082-4d0574f7a515_3060-97,262fd2ec-8eba-44d9-8082-4d0574f7a515,3060.97,True,True,True,frl_track_1_public,Cleaning / laundry|Making coffee,False,False,,Politeness|Communication/Legibility|Proxemics
9155f5b9-6235-484f-990d-fbd3010a791e_1650-00,9155f5b9-6235-484f-990d-fbd3010a791e,1650.0,True,True,True,kaust,"Car - commuting, road trip",False,False,,Communication/Legibility
4335b0cc-e10c-45df-aad3-a1fa66b7a7a8_2029-73,4335b0cc-e10c-45df-aad3-a1fa66b7a7a8,2029.73,True,False,False,kaust,"Car - commuting, road trip|Household management - caring for kids|Indoor Navigation (walking)|Listening to music|Talking with family members|Visiting exhibition|Walking on street",False,False,,Safety|Cooperation
59857657-5cb1-4268-9c8f-ab6cb3c3ad3b_9450-00,59857657-5cb1-4268-9c8f-ab6cb3c3ad3b,9450.0,True,False,False,uniandes,On a screen (phone/laptop)|Tourism|Walking on street,False,False,,Politeness|Proxemics
c34effc7-6198-4c85-80c7-c8be85b77dd3_5220-71,c34effc7-6198-4c85-80c7-c8be85b77dd3,5220.71,True,False,False,uniandes,Hair and Makeup stylist|Indoor Navigation (walking)|On a screen (phone/laptop),False,False,,Coordination/Proactivity|Communication/Legibility
f246429f-404e-4023-9b82-bfe6bf1e50cd_78-11,f246429f-404e-4023-9b82-bfe6bf1e50cd,78.11,True,True,True,minnesota,Cooking,False,False,,Safety
342cb558-ab3e-4b04-8169-a68bbf06a448_1575-74,342cb558-ab3e-4b04-8169-a68bbf06a448,1575.74,True,True,True,minnesota,Cleaning / laundry|Cooking|Talking with family members,False,False,,Safety|Cooperation
0b530687-26d8-4c9d-9771-c758ecd2ecbf_3386-79,0b530687-26d8-4c9d-9771-c758ecd2ecbf,3386.79,True,False,False,uniandes,Eating at a restaurant|Hiking|Indoor Navigation (walking)|On a screen (phone/laptop)|Talking with friends/housemates,False,False,,Safety|Cooperation|Coordination/Proactivity
d1a27322-8acd-4297-9029-db45af8d7cc2_164-10,d1a27322-8acd-4297-9029-db45af8d7cc2,164.1,True,False,False,unict,,False,False,,Safety|Privacy
38b56399-3b1c-421d-8a80-1e5f54fcd667_0-84,38b56399-3b1c-421d-8a80-1e5f54fcd667,0.84,True,False,False,unict,,False,False,,Safety
699b47de-9fc5-4b98-ba35-ecf79886a8db_782-75,699b47de-9fc5-4b98-ba35-ecf79886a8db,782.75,True,True,True,iiith,"jobs related to construction/renovation company
(Director of work, tiler, plumber, Electrician, Handyman, etc)",False,False,,Cooperation
86fb4797-274f-4807-848a-8b1ddc5c29e8_769-33,86fb4797-274f-4807-848a-8b1ddc5c29e8,769.33,True,False,False,minnesota,Outdoor social (includes campfire)|Outdoor technical climbing/belaying/rappelling (includes ropework),False,False,,Cooperation|Communication/Legibility
6e0c294c-d634-4804-8d41-cd6e9d79f0b9_1656-45,6e0c294c-d634-4804-8d41-cd6e9d79f0b9,1656.45,True,True,True,frl_track_1_public,Cleaning / laundry|Making coffee,False,False,,Politeness|Cooperation
3024e27a-237a-4b48-8ea9-b9b16181eaf1_310-08,3024e27a-237a-4b48-8ea9-b9b16181eaf1,310.08,True,True,True,nus,Eating at a restaurant|Talking with family members|Talking with friends/housemates,False,False,,Politeness|Cooperation
0ece1a2a-2da0-4b28-ac8c-bf9f04c0d17c_713-12,0ece1a2a-2da0-4b28-ac8c-bf9f04c0d17c,713.12,True,True,True,iiith,Grocery shopping indoors,False,False,,Politeness|Proxemics
3091004e-8606-417e-8bc2-7922f951845f_73-46,3091004e-8606-417e-8bc2-7922f951845f,73.46,True,True,True,iiith,"jobs related to construction/renovation company
(Director of work, tiler, plumber, Electrician, Handyman, etc)",False,False,,Cooperation|Communication/Legibility|Politeness
11f247e0-179a-4b9d-8244-16fb918010a1_1002-90,11f247e0-179a-4b9d-8244-16fb918010a1,1002.9,True,False,False,minnesota,Walking the dog / pet,False,False,,Safety|Cooperation
5ead8e7c-2600-44b1-afd6-b82cb5f7b9ce_195-55,5ead8e7c-2600-44b1-afd6-b82cb5f7b9ce,195.55,True,True,True,minnesota,Baseball|Going to the park,False,False,,Safety|Cooperation|Communication/Legibility
f0041c6c-06b2-4c3b-b8e6-934305b4226e_6269-35,f0041c6c-06b2-4c3b-b8e6-934305b4226e,6269.35,True,False,False,uniandes,Eating at a restaurant|Hiking|Indoor Navigation (walking)|On a screen (phone/laptop)|Talking with friends/housemates,False,False,,Cooperation|Coordination/Proactivity|Communication/Legibility
b68f87f0-29be-4516-a34a-dda69dd84a56_274-36,b68f87f0-29be-4516-a34a-dda69dd84a56,274.36,True,True,True,bristol,Doing hair/make-up,False,False,,Safety
a48f66dc-d07c-4ca9-aa3b-b08ea5802194_1914-01,a48f66dc-d07c-4ca9-aa3b-b08ea5802194,1914.01,True,True,True,nus,Eating at a restaurant|Talking with family members|Talking with friends/housemates,False,False,,Communication/Legibility|Cooperation
470499d1-e015-4d45-a858-ca3e9566085e_2861-64,470499d1-e015-4d45-a858-ca3e9566085e,2861.64,True,False,False,uniandes,Dancing,False,False,,Proxemics|Privacy
1c983176-b07a-4a69-ae51-de7829de6b6a_1090-54,1c983176-b07a-4a69-ae51-de7829de6b6a,1090.54,True,True,True,frl_track_1_public,"Clothes, other shopping",False,False,,Proxemics|Politeness|Communication/Legibility
85b87948-4578-4912-95cb-addd19cfd31a_1580-85,85b87948-4578-4912-95cb-addd19cfd31a,1580.85,True,True,True,iiith,Farmer,False,False,,Politeness|Cooperation|Communication/Legibility
7c969dc3-aea2-49d4-bd0e-48191b4e5a51_3982-40,7c969dc3-aea2-49d4-bd0e-48191b4e5a51,3982.4,True,False,False,uniandes,Climbing|Eating at a restaurant|Indoor Navigation (walking)|On a screen (phone/laptop)|Walking on street,False,False,,Politeness|Communication/Legibility
4d45174a-6a77-48cd-a8f2-9b93e2d47f07_0-01,4d45174a-6a77-48cd-a8f2-9b93e2d47f07,0.01,True,True,False,iiith,Mehandi,False,False,,Proxemics|Politeness
23ac2590-b25f-4718-8c9b-89d32eb992b2_641-98,23ac2590-b25f-4718-8c9b-89d32eb992b2,641.98,True,False,False,minnesota,Going to the park,False,False,,Safety|Cooperation|Communication/Legibility
70c8bd4f-bfe1-4fb5-82ad-7d763cc28935_756-65,70c8bd4f-bfe1-4fb5-82ad-7d763cc28935,756.65,True,False,False,unict,Scooter mechanic,False,False,,Safety
8bb4369f-a6e0-45a3-9d2d-fd5d5c686ccc_276-24,8bb4369f-a6e0-45a3-9d2d-fd5d5c686ccc,276.24,True,True,True,kaust,"Walking the dog / pet|Washing the dog / pet, grooming horse",False,False,,Proxemics|Politeness
38b6d0fe-e317-47a1-8fa3-87e7a4a21183_375-27,38b6d0fe-e317-47a1-8fa3-87e7a4a21183,375.27,True,False,False,minnesota,Indoor Navigation (walking)|Walking the dog / pet,False,False,,Proxemics|Safety|Coordination/Proactivity
ea1818bb-a882-4de4-9e31-993f4cb98aa1_1362-76,ea1818bb-a882-4de4-9e31-993f4cb98aa1,1362.76,True,True,True,frl_track_1_public,"Clothes, other shopping",False,False,,Politeness|Communication/Legibility
6f27deaa-7133-4bbb-b9ed-5310d6d05a50_549-73,6f27deaa-7133-4bbb-b9ed-5310d6d05a50,549.73,True,True,True,iiith,"jobs related to construction/renovation company
(Director of work, tiler, plumber, Electrician, Handyman, etc)",False,False,,Cooperation|Coordination/Proactivity
02ca6897-bf08-4cfb-bbc7-7810dbf5cca2_2974-75,02ca6897-bf08-4cfb-bbc7-7810dbf5cca2,2974.75,True,False,False,kaust,Bike|Cycling / jogging,False,False,,Proxemics|Communication/Legibility
963c1ecc-d25e-4c0a-b447-9b26f3778efc_207-31,963c1ecc-d25e-4c0a-b447-9b26f3778efc,207.31,True,True,True,minnesota,BBQ'ing/picnics,False,False,,Proxemics|Safety
4efdd63d-515c-401a-a5b0-e2c84cbee0e6_4175-60,4efdd63d-515c-401a-a5b0-e2c84cbee0e6,4175.6,True,False,False,uniandes,Hiking|On a screen (phone/laptop)|Talking with friends/housemates,False,False,,Cooperation|Coordination/Proactivity
d66f42bb-822b-444a-bce0-ddd15b29bd1b_149-48,d66f42bb-822b-444a-bce0-ddd15b29bd1b,149.48,True,False,False,kaust,Attending a festival or fair,False,False,,Cooperation|Coordination/Proactivity
759c5c60-f1af-4476-94b2-e79a51fd44e3_668-31,759c5c60-f1af-4476-94b2-e79a51fd44e3,668.31,True,False,False,unict,Crafting/knitting/sewing/drawing/painting,False,False,,Safety
aa3237b2-4a62-4676-b81c-a9726003b420_1532-19,aa3237b2-4a62-4676-b81c-a9726003b420,1532.19,True,False,False,cmu,Carpenter,False,False,,Politeness
8d50f526-624c-40bd-b696-7ad6ce5746ab_22-55,8d50f526-624c-40bd-b696-7ad6ce5746ab,22.55,True,True,True,unict,Carpenter,False,False,,Proxemics
eb2c9739-dba0-479c-81b7-9dda51c4ac20_1679-45,eb2c9739-dba0-479c-81b7-9dda51c4ac20,1679.45,True,False,False,kaust,Playing badminton,False,False,,
6956cb48-951c-4607-a42b-a66de2c186be_292-00,6956cb48-951c-4607-a42b-a66de2c186be,292.0,True,False,False,minnesota,Walking the dog / pet,False,False,,Safety|Coordination/Proactivity
e93fdf27-c14c-4794-b4b7-20685b40156f_1304-45,e93fdf27-c14c-4794-b4b7-20685b40156f,1304.45,True,True,True,frl_track_1_public,"Clothes, other shopping",False,False,,Politeness|Communication/Legibility
5c3be03c-07a5-4427-a2fe-449f16e8017b_787-88,5c3be03c-07a5-4427-a2fe-449f16e8017b,787.88,True,False,False,cmu,Crafting/knitting/sewing/drawing/painting,False,False,,Politeness|Privacy
6cd8942a-866f-46ef-af6d-5d895723f439_1831-82,6cd8942a-866f-46ef-af6d-5d895723f439,1831.82,True,True,True,iiith,Blacksmith,False,False,,Proxemics|Cooperation|Communication/Legibility
0b530687-26d8-4c9d-9771-c758ecd2ecbf_16957-98,0b530687-26d8-4c9d-9771-c758ecd2ecbf,16957.98,True,False,False,uniandes,Eating at a restaurant|Hiking|Indoor Navigation (walking)|On a screen (phone/laptop)|Talking with friends/housemates,False,False,,Safety|Cooperation
8ed40810-09cf-4061-953c-9fff6e6d6aeb_122-51,8ed40810-09cf-4061-953c-9fff6e6d6aeb,122.51,True,False,False,kaust,Bike,False,False,,Safety|Communication/Legibility|Coordination/Proactivity
af215e0f-56c7-4356-9aad-a3a5fb7bbc4f_4328-60,af215e0f-56c7-4356-9aad-a3a5fb7bbc4f,4328.6,True,True,True,iiith,Pulp Traces Factory (Egges),False,False,,Politeness|Proxemics|Cooperation
e18a43a4-1e7b-4478-bc7f-16cb55a8ac16_875-97,e18a43a4-1e7b-4478-bc7f-16cb55a8ac16,875.97,True,False,False,minnesota,Walking the dog / pet,False,False,,Proxemics|Coordination/Proactivity|Cooperation
ca22ace6-2d0e-4e0b-98d4-60544e5af4d5_4682-68,ca22ace6-2d0e-4e0b-98d4-60544e5af4d5,4682.68,True,True,True,indiana,building lego models / plastic models|Playing games / video games,False,False,,Politeness|Communication/Legibility
e3283ef1-1659-4d5c-a09d-fd0f4df98aba_73-31,e3283ef1-1659-4d5c-a09d-fd0f4df98aba,73.31,True,True,True,minnesota,Cleaning / laundry|Eating,False,False,,Proxemics|Cooperation
56504e4e-a228-4b28-baa4-1ce2de03c2d4_1630-93,56504e4e-a228-4b28-baa4-1ce2de03c2d4,1630.93,True,True,True,iiith,writing on book,False,False,,Communication/Legibility
c23eaef5-7441-42b4-9456-9f5a4a1bd615_11-29,c23eaef5-7441-42b4-9456-9f5a4a1bd615,11.29,True,True,True,frl_track_1_public,Eating,False,False,,
ec02ed27-b697-44b0-ae18-a9275205bfee_9-72,ec02ed27-b697-44b0-ae18-a9275205bfee,9.72,True,False,False,kaust,Walking on street,False,False,,Safety
750c5383-58f6-4063-8cc8-50691a68994d_562-01,750c5383-58f6-4063-8cc8-50691a68994d,562.01,True,True,True,frl_track_1_public,Grocery shopping indoors,False,False,train,Safety|Cooperation
46c3b557-dbda-4868-a9c8-43741d5815e1_288-99,46c3b557-dbda-4868-a9c8-43741d5815e1,288.99,True,True,True,iiith,Cycling / jogging,False,False,,Safety|Proxemics
c93e077c-9f51-449c-b130-8be107c8a7d5_152-99,c93e077c-9f51-449c-b130-8be107c8a7d5,152.99,True,True,True,iiith,Sleeping,False,False,,Cooperation|Coordination/Proactivity
d0c0065b-79d2-4e6f-9c0f-e212dd17a0ca_31-42,d0c0065b-79d2-4e6f-9c0f-e212dd17a0ca,31.42,True,True,True,unict,,False,False,,Politeness|Proxemics|Communication/Legibility
182dffe9-d2bf-4a7d-b1d8-137470f0143d_1670-78,182dffe9-d2bf-4a7d-b1d8-137470f0143d,1670.78,True,False,False,minnesota,Outdoor cooking,False,False,,Cooperation|Politeness|Proxemics
5f2d9e8b-6e0b-4e36-9f5b-d26bbe0a7c7c_1129-51,5f2d9e8b-6e0b-4e36-9f5b-d26bbe0a7c7c,1129.51,True,True,True,frl_track_1_public,"Clothes, other shopping",False,False,,Proxemics|Politeness|Communication/Legibility
5605bd9a-d151-4d5b-b0f6-cfc28ae6937e_457-07,5605bd9a-d151-4d5b-b0f6-cfc28ae6937e,457.07,True,True,True,iiith,Making Bricks,False,False,,Cooperation|Communication/Legibility
69c7d261-18f8-4a1d-9f56-6b4e8eac4d23_601-00,69c7d261-18f8-4a1d-9f56-6b4e8eac4d23,601.0,True,True,True,iiith,Cooking,False,False,,Proxemics
948317e1-7426-4bfa-b25a-a476ee69797f_845-76,948317e1-7426-4bfa-b25a-a476ee69797f,845.76,True,False,False,uniandes,Dancing,False,False,,Cooperation|Politeness|Communication/Legibility
23ac3708-df1d-4bb0-a4c7-b2a66855dccb_447-26,23ac3708-df1d-4bb0-a4c7-b2a66855dccb,447.26,True,True,True,frl_track_1_public,Grocery shopping indoors,False,False,train,
10a848ed-f258-4930-abdd-1fd60b788abc_294-40,10a848ed-f258-4930-abdd-1fd60b788abc,294.4,True,False,False,minnesota,Playing with pets|Walking the dog / pet,False,False,,Politeness|Communication/Legibility
bb2297d3-91b7-4ec4-b39b-cc64694929db_0-03,bb2297d3-91b7-4ec4-b39b-cc64694929db,0.03,True,True,False,minnesota,Cooking|Daily hygiene|Talking with family members,False,False,,Safety
0cd16e31-6045-45ea-b0d7-105116f9e6d1_1433-59,0cd16e31-6045-45ea-b0d7-105116f9e6d1,1433.59,True,True,True,minnesota,Fixing something in the home,False,False,,Proxemics|Cooperation
09690df3-0715-4875-8745-7e8830c761d0_341-62,09690df3-0715-4875-8745-7e8830c761d0,341.62,True,False,False,uniandes,Hiking|On a screen (phone/laptop)|Walking on street,False,False,,Politeness|Communication/Legibility
c7f71299-a622-4a9a-b225-019335d6f2d2_607-47,c7f71299-a622-4a9a-b225-019335d6f2d2,607.47,True,True,True,iiith,"jobs related to construction/renovation company
(Director of work, tiler, plumber, Electrician, Handyman, etc)",False,False,,Cooperation|Safety
50c1df1c-e016-472a-b0ac-d297b0c82e87_3264-37,50c1df1c-e016-472a-b0ac-d297b0c82e87,3264.37,True,True,True,iiith,Carpenter,False,False,,Cooperation|Coordination/Proactivity
2cddb76f-24d1-4863-bd91-9a5d1922a543_1368-59,2cddb76f-24d1-4863-bd91-9a5d1922a543,1368.59,True,False,False,minnesota,Outdoor social (includes campfire),False,False,,Safety|Coordination/Proactivity|Communication/Legibility
3ffb9247-a141-4056-a644-dd3fbab708a4_364-69,3ffb9247-a141-4056-a644-dd3fbab708a4,364.69,True,True,True,minnesota,Carpenter,False,False,,Politeness|Communication/Legibility
d0396c77-6ecc-4d9f-bda1-af051699d0cf_3645-32,d0396c77-6ecc-4d9f-bda1-af051699d0cf,3645.32,True,True,True,iiith,"jobs related to construction/renovation company
(Director of work, tiler, plumber, Electrician, Handyman, etc)",False,False,,Cooperation|Communication/Legibility
406f3614-0b99-4b3f-b3cb-a4590bad9e27_811-10,406f3614-0b99-4b3f-b3cb-a4590bad9e27,811.1,True,True,True,minnesota,Walking the dog / pet,False,False,,Cooperation
4c53aaac-76f0-4874-ab1c-738286b9698e_902-84,4c53aaac-76f0-4874-ab1c-738286b9698e,902.84,True,True,True,nus,Working in milktea shop,False,False,,Cooperation|Coordination/Proactivity
40b33c95-3689-4ec8-8765-7e926f623b75_726-75,40b33c95-3689-4ec8-8765-7e926f623b75,726.75,True,True,True,iiith,Cooking,False,False,,Cooperation
5d8dfcfe-93e4-465e-a548-44c1442ffa29_291-14,5d8dfcfe-93e4-465e-a548-44c1442ffa29,291.14,True,True,True,frl_track_1_public,Grocery shopping indoors,False,False,train,Proxemics|Politeness|Communication/Legibility
4ca97ff8-bc2a-462b-b4c9-b1a878564bea_94-99,4ca97ff8-bc2a-462b-b4c9-b1a878564bea,94.99,True,False,False,uniandes,Dancing,False,False,,Proxemics
c9595c28-a46b-4571-9796-3802af307bf2_188-17,c9595c28-a46b-4571-9796-3802af307bf2,188.17,True,True,True,frl_track_1_public,"Clothes, other shopping",False,False,,
e2e46fb1-9014-426b-9bd4-ea0b995feb31_1007-32,e2e46fb1-9014-426b-9bd4-ea0b995feb31,1007.32,True,True,True,frl_track_1_public,Eating,False,False,,Cooperation|Politeness
d6f9d174-2d42-49e7-83e4-daa9e8b0aa25_831-84,d6f9d174-2d42-49e7-83e4-daa9e8b0aa25,831.84,True,True,True,frl_track_1_public,"Clothes, other shopping",False,False,,Proxemics|Coordination/Proactivity
2a2ff7db-5460-4296-a8a7-946ba628226d_1549-08,2a2ff7db-5460-4296-a8a7-946ba628226d,1549.08,True,True,True,iiith,Cooking,False,False,,Safety|Cooperation
786877d8-e353-4fae-b488-8d7443646882_1042-29,786877d8-e353-4fae-b488-8d7443646882,1042.29,True,False,False,uniandes,Dancing,False,False,,Cooperation|Politeness
42d72164-8f4a-49e4-8b95-b3ad423ba65b_81-84,42d72164-8f4a-49e4-8b95-b3ad423ba65b,81.84,True,False,False,uniandes,Hair and Makeup stylist|Indoor Navigation (walking)|On a screen (phone/laptop),False,False,,Safety|Proxemics
a448297b-ae62-4712-bc4f-849b39176558_2588-08,a448297b-ae62-4712-bc4f-849b39176558,2588.08,True,True,True,minnesota,"Baseball|Car - commuting, road trip|Indoor Navigation (walking)",False,False,,Cooperation|Communication/Legibility
214b62df-2fb1-4b0e-af9d-42b0dd37defb_2020-07,214b62df-2fb1-4b0e-af9d-42b0dd37defb,2020.07,True,False,False,uniandes,Hair and Makeup stylist|Indoor Navigation (walking)|On a screen (phone/laptop),False,False,,Proxemics|Politeness
eb81442c-a322-49ea-b243-a39d2e288b9b_414-51,eb81442c-a322-49ea-b243-a39d2e288b9b,414.51,True,True,True,minnesota,Outdoor social (includes campfire),False,False,train,Politeness|Cooperation
ade9b865-951f-4a27-b6cb-ce12cb613de8_887-25,ade9b865-951f-4a27-b6cb-ce12cb613de8,887.25,True,True,True,iiith,Crafting/knitting/sewing/drawing/painting,False,False,,Proxemics|Cooperation|Communication/Legibility
e6d852dd-2510-482f-ad25-3d731388ea44_0-00,e6d852dd-2510-482f-ad25-3d731388ea44,0.0,True,False,False,minnesota,Outdoor technical climbing/belaying/rappelling (includes ropework),False,False,,Safety|Cooperation
e9957d35-9c4d-44cc-b3b6-267dfa13841a_896-74,e9957d35-9c4d-44cc-b3b6-267dfa13841a,896.74,True,False,False,kaust,Bike|Working at desk,False,False,,Cooperation|Communication/Legibility
1a50cd38-dda2-41d0-8a6f-294f17373d97_2805-73,1a50cd38-dda2-41d0-8a6f-294f17373d97,2805.73,True,True,True,iiith,"jobs related to construction/renovation company
(Director of work, tiler, plumber, Electrician, Handyman, etc)",False,False,,Safety|Communication/Legibility
dd82f801-fc96-4ced-b066-ad559da3faab_284-37,dd82f801-fc96-4ced-b066-ad559da3faab,284.37,True,True,True,minnesota,BBQ'ing/picnics,False,False,,Safety|Cooperation
1acd2d5c-b0d4-4ec5-a54c-6a9c84cb11f6_23-18,1acd2d5c-b0d4-4ec5-a54c-6a9c84cb11f6,23.18,True,True,True,minnesota,Household management - caring for kids,False,False,,Politeness|Coordination/Proactivity
2dfec7b6-c8b0-4cd0-baf6-4a963aed1d6a_1906-66,2dfec7b6-c8b0-4cd0-baf6-4a963aed1d6a,1906.66,True,True,True,minnesota,"Baseball|Car - commuting, road trip|Indoor Navigation (walking)",False,False,,Safety|Cooperation|Communication/Legibility
cc82c3dc-caf7-4d64-9c84-b4701e205344_230-08,cc82c3dc-caf7-4d64-9c84-b4701e205344,230.08,True,False,False,kaust,Walking on street,False,False,,Politeness|Cooperation
de37a11d-1dcd-4f5b-9054-155093b3a073_7411-22,de37a11d-1dcd-4f5b-9054-155093b3a073,7411.22,True,False,False,uniandes,Climbing|Eating at a restaurant|Indoor Navigation (walking)|On a screen (phone/laptop)|Walking on street,False,False,,Proxemics|Politeness
ed027cb2-5b92-4de2-ab58-69d42325ef15_266-43,ed027cb2-5b92-4de2-ab58-69d42325ef15,266.43,True,True,True,frl_track_1_public,"Clothes, other shopping",False,False,,Safety|Politeness|Privacy
af0cc15a-5452-42fb-92dd-a3f50136bf12_3147-74,af0cc15a-5452-42fb-92dd-a3f50136bf12,3147.74,True,True,True,frl_track_1_public,Practicing a musical instrument,False,False,,Communication/Legibility
8b89d35d-5e19-4240-b45e-7a692cf962e3_392-22,8b89d35d-5e19-4240-b45e-7a692cf962e3,392.22,True,True,True,unict,,False,False,,Safety
c7da3efd-4a18-458e-90fd-f757ed966a63_8-87,c7da3efd-4a18-458e-90fd-f757ed966a63,8.87,True,True,True,iiith,Pulp Traces Factory (Egges),False,False,,Proxemics
aae90bb1-c8b8-433c-98b6-2bc5f20af6ea_569-99,aae90bb1-c8b8-433c-98b6-2bc5f20af6ea,569.99,True,True,True,iiith,Grocery shopping indoors,False,False,,
e55e4faf-dec5-40ee-b375-f0b049b9b280_285-98,e55e4faf-dec5-40ee-b375-f0b049b9b280,285.98,True,False,False,minnesota,Cleaning / laundry|Daily hygiene|Playing with pets,False,False,,Safety|Proxemics
214b62df-2fb1-4b0e-af9d-42b0dd37defb_1955-31,214b62df-2fb1-4b0e-af9d-42b0dd37defb,1955.31,True,False,False,uniandes,Hair and Makeup stylist|Indoor Navigation (walking)|On a screen (phone/laptop),False,False,,Safety|Privacy
ab6f68a2-e5ba-48ce-ac24-7fb3df0584f2_326-63,ab6f68a2-e5ba-48ce-ac24-7fb3df0584f2,326.63,True,False,False,minnesota,Outdoor technical climbing/belaying/rappelling (includes ropework),False,False,,Cooperation|Coordination/Proactivity
abca0171-5e73-426e-9ba1-49a6339b2ef5_979-03,abca0171-5e73-426e-9ba1-49a6339b2ef5,979.03,True,True,True,iiith,Pulp Traces Factory (Egges),False,False,,Cooperation|Coordination/Proactivity
744c58f8-9a76-40d4-838f-8c7676fcb316_140-01,744c58f8-9a76-40d4-838f-8c7676fcb316,140.01,True,True,True,iiith,Gardening,False,False,,Safety|Cooperation|Politeness
0b530687-26d8-4c9d-9771-c758ecd2ecbf_14330-76,0b530687-26d8-4c9d-9771-c758ecd2ecbf,14330.76,True,False,False,uniandes,Eating at a restaurant|Hiking|Indoor Navigation (walking)|On a screen (phone/laptop)|Talking with friends/housemates,False,False,,Cooperation|Coordination/Proactivity
134a4c63-583a-4e64-8cf9-002b6d26cdf1_464-01,134a4c63-583a-4e64-8cf9-002b6d26cdf1,464.01,True,True,True,kaust,Attending religious activity,False,False,,Safety|Cooperation
b5d691f6-1618-467e-9fc9-d2ebd8eaafe4_488-95,b5d691f6-1618-467e-9fc9-d2ebd8eaafe4,488.95,True,True,True,iiith,Blacksmith,False,False,,Safety|Cooperation
5e193b30-3e79-4851-801b-dab99125cd44_3348-61,5e193b30-3e79-4851-801b-dab99125cd44,3348.61,True,True,True,frl_track_1_public,Cleaning / laundry|Making coffee,False,False,,Safety|Cooperation
c0eea386-412b-4127-a2d3-352322a0038c_830-51,c0eea386-412b-4127-a2d3-352322a0038c,830.51,True,True,True,kaust,Talking with family members,False,False,,Cooperation|Communication/Legibility
0f038f2a-7b3d-40ec-a22a-9f764bfbde74_4-93,0f038f2a-7b3d-40ec-a22a-9f764bfbde74,4.93,True,True,False,frl_track_1_public,"Clothes, other shopping",False,False,,Proxemics
fb92d350-9bf9-4b16-8a1f-7858de276226_2190-65,fb92d350-9bf9-4b16-8a1f-7858de276226,2190.65,True,False,False,uniandes,Hair and Makeup stylist|Indoor Navigation (walking)|On a screen (phone/laptop),False,False,,Safety
75ee5afa-d891-4653-ac4c-d81db1a90af7_32-52,75ee5afa-d891-4653-ac4c-d81db1a90af7,32.52,True,True,True,minnesota,Gardening,False,False,,Proxemics
11586867-f4d9-4341-9532-4de21a47585d_394-60,11586867-f4d9-4341-9532-4de21a47585d,394.6,True,False,False,minnesota,Walking the dog / pet,False,False,,Safety|Proxemics
1b4b9493-2f3b-48e2-ba96-4feb9b9e98a1_408-70,1b4b9493-2f3b-48e2-ba96-4feb9b9e98a1,408.7,True,True,True,frl_track_1_public,Eating,False,False,,Proxemics|Coordination/Proactivity
62e3b74a-01ad-4824-aace-5cc12ebd2c47_228-93,62e3b74a-01ad-4824-aace-5cc12ebd2c47,228.93,True,False,False,minnesota,Outdoor technical climbing/belaying/rappelling (includes ropework),False,False,,Politeness|Communication/Legibility
db35b386-4c65-4c5e-a488-51b2aa5eb1fb_554-63,db35b386-4c65-4c5e-a488-51b2aa5eb1fb,554.63,True,True,True,iiith,Pulp Traces Factory (Egges),False,False,,Safety|Coordination/Proactivity
a267b011-b1db-4e3c-aa49-438e2afdd6dc_116-72,a267b011-b1db-4e3c-aa49-438e2afdd6dc,116.72,True,False,False,minnesota,Cooking|Talking with family members,False,False,,Politeness
2d01625b-b7c4-41aa-989b-2d0b392d8b54_328-63,2d01625b-b7c4-41aa-989b-2d0b392d8b54,328.63,True,True,True,frl_track_1_public,Grocery shopping indoors,False,False,train,Politeness|Communication/Legibility
0d08f503-89df-4dd8-a238-4e1749d2fe22_5-63,0d08f503-89df-4dd8-a238-4e1749d2fe22,5.63,True,True,True,minnesota,Crafting/knitting/sewing/drawing/painting|Indoor Navigation (walking),False,False,,Cooperation|Communication/Legibility
8cda2388-6f45-46d4-8ded-4ba2e23b309f_463-28,8cda2388-6f45-46d4-8ded-4ba2e23b309f,463.28,True,True,True,minnesota,Gaming arcade / pool / billiards|Talking with friends/housemates,False,False,val,Proxemics|Communication/Legibility|Politeness
54a421d2-763e-4751-a6b4-54e3d6c46cc1_676-59,54a421d2-763e-4751-a6b4-54e3d6c46cc1,676.59,True,True,True,minnesota,Household management - caring for kids,False,False,,Politeness|Communication/Legibility
ec3556de-be79-4ad4-aa0f-eaca48abb5d5_547-69,ec3556de-be79-4ad4-aa0f-eaca48abb5d5,547.69,True,False,False,minnesota,Cooking|Daily hygiene|Talking with friends/housemates,False,False,,Cooperation|Coordination/Proactivity
d64fb34a-08fd-416c-ac6f-86a0813869a8_810-92,d64fb34a-08fd-416c-ac6f-86a0813869a8,810.92,True,True,True,minnesota,Cleaning / laundry|Household management - caring for kids,False,False,,Cooperation|Coordination/Proactivity
a5bd4711-275b-4bbf-96fe-37553e5d3e93_297-73,a5bd4711-275b-4bbf-96fe-37553e5d3e93,297.73,True,False,False,minnesota,Camp setup/pack-up/chores,False,False,,Proxemics|Cooperation
48acd7ed-cafc-494b-9e47-8dddcdf0fa75_819-59,48acd7ed-cafc-494b-9e47-8dddcdf0fa75,819.59,True,True,True,minnesota,"Car - commuting, road trip",False,False,,Cooperation
3c5841d6-8d79-4aa7-b020-bbb6ef114b42_402-54,3c5841d6-8d79-4aa7-b020-bbb6ef114b42,402.54,True,False,False,minnesota,"Car - commuting, road trip|Cleaning / laundry|Playing with pets|Talking with family members",False,False,,Safety|Coordination/Proactivity
ecdc4071-1903-4024-a357-d0082720168e_44-12,ecdc4071-1903-4024-a357-d0082720168e,44.12,True,False,False,minnesota,Camp setup/pack-up/chores,False,False,,Cooperation|Politeness
88faccde-dd5d-4af2-b769-8f0547c2c6a3_826-95,88faccde-dd5d-4af2-b769-8f0547c2c6a3,826.95,True,False,False,cmu,"jobs related to construction/renovation company
(Director of work, tiler, plumber, Electrician, Handyman, etc)",False,False,,Safety|Cooperation
f543a47a-c081-481b-a415-cfe732ad74fe_1737-03,f543a47a-c081-481b-a415-cfe732ad74fe,1737.03,True,False,False,kaust,Listening to music|Reading books|Skateboard/scooter|Walking on street,False,False,,Proxemics
bd96484b-6f8c-492b-8969-cae99c868b4d_2855-28,bd96484b-6f8c-492b-8969-cae99c868b4d,2855.28,True,True,True,iiith,"jobs related to construction/renovation company
(Director of work, tiler, plumber, Electrician, Handyman, etc)",False,False,,Cooperation|Communication/Legibility
721455cc-1e09-44a3-a579-d9e90db85227_1577-57,721455cc-1e09-44a3-a579-d9e90db85227,1577.57,True,False,False,kaust,Walking on street,False,False,,Safety|Cooperation
e21a6f09-3df0-4bfb-a23b-47a1866aadf1_526-23,e21a6f09-3df0-4bfb-a23b-47a1866aadf1,526.23,True,True,True,minnesota,Baseball,False,False,,Proxemics|Politeness|Communication/Legibility
dd82f801-fc96-4ced-b066-ad559da3faab_1788-27,dd82f801-fc96-4ced-b066-ad559da3faab,1788.27,True,True,True,minnesota,BBQ'ing/picnics,False,False,,Politeness|Safety|Communication/Legibility
d55c3204-8dfe-44c4-8822-d748e6fe6d8a_759-81,d55c3204-8dfe-44c4-8822-d748e6fe6d8a,759.81,True,False,False,kaust,Eating|Grocery shopping indoors|Talking to colleagues,False,False,,Proxemics|Communication/Legibility|Politeness
520374ca-09f9-4716-8176-dd289ea7baa9_659-75,520374ca-09f9-4716-8176-dd289ea7baa9,659.75,True,False,False,minnesota,Outdoor technical climbing/belaying/rappelling (includes ropework),False,False,,Safety|Cooperation
09690df3-0715-4875-8745-7e8830c761d0_2258-64,09690df3-0715-4875-8745-7e8830c761d0,2258.64,True,False,False,uniandes,Hiking|On a screen (phone/laptop)|Walking on street,False,False,,Proxemics|Coordination/Proactivity
3e418323-3ff7-4d03-9b60-275f1e20f5dc_589-19,3e418323-3ff7-4d03-9b60-275f1e20f5dc,589.19,True,True,True,frl_track_1_public,Grocery shopping indoors,False,False,train,Politeness|Cooperation
d64fb34a-08fd-416c-ac6f-86a0813869a8_494-32,d64fb34a-08fd-416c-ac6f-86a0813869a8,494.32,True,True,True,minnesota,Cleaning / laundry|Household management - caring for kids,False,False,,Safety|Politeness|Cooperation
c3acdda3-cd92-48c3-9052-45b57cb27e5a_1390-16,c3acdda3-cd92-48c3-9052-45b57cb27e5a,1390.16,True,True,True,minnesota,Cleaning / laundry,False,False,,Politeness|Communication/Legibility
a5e74924-6083-4618-b830-f528c5199ed9_5985-35,a5e74924-6083-4618-b830-f528c5199ed9,5985.35,True,False,False,uniandes,Hiking|On a screen (phone/laptop)|Talking with friends/housemates,False,False,,Communication/Legibility|Cooperation
1f5ca4f1-6200-4a9a-86af-150824b51f67_821-58,1f5ca4f1-6200-4a9a-86af-150824b51f67,821.58,True,False,False,cmu,"jobs related to construction/renovation company
(Director of work, tiler, plumber, Electrician, Handyman, etc)",False,False,,Safety|Cooperation
072623e8-1889-4580-8175-ddc05a3dceb3_89-78,072623e8-1889-4580-8175-ddc05a3dceb3,89.78,True,True,True,iiith,"jobs related to construction/renovation company
(Director of work, tiler, plumber, Electrician, Handyman, etc)",False,False,,Politeness|Safety
b9de7a2c-d02e-4d66-9556-381f0b7ca51a_3795-42,b9de7a2c-d02e-4d66-9556-381f0b7ca51a,3795.42,True,False,False,uniandes,Climbing|Eating at a restaurant|Indoor Navigation (walking)|On a screen (phone/laptop)|Walking on street,False,False,,Politeness|Communication/Legibility
652f0590-aab5-4de1-b578-238adb54fa0e_3914-88,652f0590-aab5-4de1-b578-238adb54fa0e,3914.88,True,False,False,kaust,"BasketBall|Car - commuting, road trip|Going to the gym - exercise machine, class, weights",False,False,,Politeness|Communication/Legibility
3decc0f8-9806-40dd-83d5-26c495dd7830_5147-61,3decc0f8-9806-40dd-83d5-26c495dd7830,5147.61,True,False,False,uniandes,Eating|On a screen (phone/laptop)|Visiting exhibition|Walking on street,False,False,,Politeness|Communication/Legibility|Cooperation
fb9fda68-f264-465d-9208-19876f5ef90f_63-03,fb9fda68-f264-465d-9208-19876f5ef90f,63.03,True,True,True,frl_track_1_public,Making coffee,False,False,,Politeness|Cooperation
b2e6a3f7-aa49-42c5-990a-8ef89d2c9d33_987-28,b2e6a3f7-aa49-42c5-990a-8ef89d2c9d33,987.28,True,True,True,iiith,"jobs related to construction/renovation company
(Director of work, tiler, plumber, Electrician, Handyman, etc)",False,False,,Cooperation|Coordination/Proactivity
24e24f1f-af43-4ee5-86be-2a4d5cf772c5_194-62,24e24f1f-af43-4ee5-86be-2a4d5cf772c5,194.62,True,True,True,minnesota,Outdoor social (includes campfire),False,False,,Safety|Cooperation|Communication/Legibility
998d4e6e-f579-4872-b706-767c5f392825_5282-59,998d4e6e-f579-4872-b706-767c5f392825,5282.59,True,True,True,iiith,Blacksmith,False,False,,Safety|Cooperation
82e96128-1242-4e57-8a3e-9ea222df022c_2985-80,82e96128-1242-4e57-8a3e-9ea222df022c,2985.8,True,True,True,iiith,Sleeping,False,False,,Proxemics|Communication/Legibility
98fcbc28-9542-4f3c-9a03-73af08fb989d_1063-08,98fcbc28-9542-4f3c-9a03-73af08fb989d,1063.08,True,True,True,frl_track_1_public,"Clothes, other shopping",False,False,,Politeness|Communication/Legibility
40f3258a-f7d8-4b05-8b6a-bd9f8d5b85fb_792-58,40f3258a-f7d8-4b05-8b6a-bd9f8d5b85fb,792.58,True,True,True,frl_track_1_public,Grocery shopping indoors,False,False,,Proxemics|Cooperation|Politeness
f8c9dee9-a82f-46e8-9cd5-9380e197ac25_28-43,f8c9dee9-a82f-46e8-9cd5-9380e197ac25,28.43,True,True,True,frl_track_1_public,Practicing a musical instrument,False,False,,Politeness|Cooperation|Communication/Legibility
182dffe9-d2bf-4a7d-b1d8-137470f0143d_1327-77,182dffe9-d2bf-4a7d-b1d8-137470f0143d,1327.77,True,False,False,minnesota,Outdoor cooking,False,False,,Proxemics
3c9ce1b1-9eaa-4e3d-9ebb-91f9d904178e_1420-03,3c9ce1b1-9eaa-4e3d-9ebb-91f9d904178e,1420.03,True,False,False,kaust,Golfing|Walking on street,False,False,,Safety|Cooperation
378af037-7200-4d75-8f83-ddc74e1cd2dc_3193-87,378af037-7200-4d75-8f83-ddc74e1cd2dc,3193.87,True,True,True,frl_track_1_public,Cleaning / laundry|Making coffee,False,False,,
fdbe0fbc-90a3-41b9-8898-a0c7ce3f966c_696-68,fdbe0fbc-90a3-41b9-8898-a0c7ce3f966c,696.68,True,True,True,minnesota,Cooking|Walking the dog / pet,False,False,,Politeness|Cooperation
1eee4aaf-a21c-4ae5-82cd-96fdccae6742_761-92,1eee4aaf-a21c-4ae5-82cd-96fdccae6742,761.92,True,False,False,uniandes,Hair and Makeup stylist|Indoor Navigation (walking)|On a screen (phone/laptop),False,False,,Safety|Cooperation
d64fb34a-08fd-416c-ac6f-86a0813869a8_466-80,d64fb34a-08fd-416c-ac6f-86a0813869a8,466.8,True,True,True,minnesota,Cleaning / laundry|Household management - caring for kids,False,False,,Proxemics|Politeness|Cooperation
3efc152d-ea0e-4372-b552-7d5e1cf07259_6116-76,3efc152d-ea0e-4372-b552-7d5e1cf07259,6116.76,True,False,False,uniandes,Eating at a restaurant|Hiking|Indoor Navigation (walking)|On a screen (phone/laptop)|Talking with friends/housemates,False,False,,Proxemics|Cooperation
24c447b6-094f-49a6-9c20-ed594ab0da65_0-04,24c447b6-094f-49a6-9c20-ed594ab0da65,0.04,True,True,False,frl_track_1_public,Grocery shopping indoors,False,False,,Proxemics|Politeness
6edb5c87-ae95-4185-807f-06d37124d2b7_659-31,6edb5c87-ae95-4185-807f-06d37124d2b7,659.31,True,True,True,minnesota,"Cleaning / laundry|Playing with pets|Washing the dog / pet, grooming horse",False,False,,Proxemics
348180aa-c90b-463a-8b3f-0743469a8b59_7135-61,348180aa-c90b-463a-8b3f-0743469a8b59,7135.61,True,False,False,uniandes,Eating at a restaurant|Hiking|Indoor Navigation (walking)|On a screen (phone/laptop)|Talking with friends/housemates,False,False,,Communication/Legibility|Cooperation
df0b81a6-826c-4e9b-8921-392304716c0e_554-75,df0b81a6-826c-4e9b-8921-392304716c0e,554.75,True,False,False,cmu,Car mechanic,False,False,,Communication/Legibility
c8b61175-cfa4-44f9-a88b-76609ffa4ca3_3008-85,c8b61175-cfa4-44f9-a88b-76609ffa4ca3,3008.85,True,True,True,frl_track_1_public,Cleaning / laundry|Making coffee,False,False,,Politeness|Cooperation
214b62df-2fb1-4b0e-af9d-42b0dd37defb_1307-44,214b62df-2fb1-4b0e-af9d-42b0dd37defb,1307.44,True,False,False,uniandes,Hair and Makeup stylist|Indoor Navigation (walking)|On a screen (phone/laptop),False,False,,Safety|Cooperation
620d3087-c6fb-4b08-bb6a-4dc4ede3b994_232-40,620d3087-c6fb-4b08-bb6a-4dc4ede3b994,232.4,True,True,True,iiith,Blacksmith,False,False,,Safety
c92cfd96-21ca-4b52-a56a-6345fbf57de0_2877-33,c92cfd96-21ca-4b52-a56a-6345fbf57de0,2877.33,True,True,True,iiith,Crafting/knitting/sewing/drawing/painting,False,False,,Politeness
38737402-19bd-4689-9e74-3af391b15feb_1017-05,38737402-19bd-4689-9e74-3af391b15feb,1017.05,True,False,False,minnesota,Cleaning / laundry,False,False,,Politeness
aa19d5c0-35b6-4ec2-9865-07f556c341de_76-28,aa19d5c0-35b6-4ec2-9865-07f556c341de,76.28,True,True,True,iiith,"jobs related to construction/renovation company
(Director of work, tiler, plumber, Electrician, Handyman, etc)",False,False,,Safety|Proxemics|Cooperation
e00d8164-9996-48ed-8645-bb88ab30cc09_113-51,e00d8164-9996-48ed-8645-bb88ab30cc09,113.51,True,True,True,iiith,"jobs related to construction/renovation company
(Director of work, tiler, plumber, Electrician, Handyman, etc)",False,False,,Cooperation|Coordination/Proactivity|Proxemics
0235dafb-ec68-4177-8aff-e36d6c63742d_15-76,0235dafb-ec68-4177-8aff-e36d6c63742d,15.76,True,False,False,minnesota,Playing with pets|Walking the dog / pet,False,False,,Politeness|Communication/Legibility
e1b0b312-ce2d-41a0-be5a-70c807fcc5ef_2287-10,e1b0b312-ce2d-41a0-be5a-70c807fcc5ef,2287.1,True,True,True,iiith,"jobs related to construction/renovation company
(Director of work, tiler, plumber, Electrician, Handyman, etc)",False,False,,Safety|Cooperation
d27c5c7e-db9c-48f4-bea5-9970078d352e_87-62,d27c5c7e-db9c-48f4-bea5-9970078d352e,87.62,True,False,False,minnesota,Camp setup/pack-up/chores,False,False,,Cooperation|Coordination/Proactivity|Communication/Legibility
817170ad-1f3b-44b1-9772-fe914fa17f30_1178-10,817170ad-1f3b-44b1-9772-fe914fa17f30,1178.1,True,False,False,cmu,Doing yardwork / shoveling snow,False,False,,Politeness|Communication/Legibility
59857657-5cb1-4268-9c8f-ab6cb3c3ad3b_5306-98,59857657-5cb1-4268-9c8f-ab6cb3c3ad3b,5306.98,True,False,False,uniandes,On a screen (phone/laptop)|Tourism|Walking on street,False,False,,Proxemics
356661f5-767b-495d-95c7-03dcc46f85c6_1860-68,356661f5-767b-495d-95c7-03dcc46f85c6,1860.68,True,False,False,kaust,"Car - commuting, road trip|Drone flying",False,False,,Safety
ea417823-8ca0-417c-8901-114fa4f2d47f_254-62,ea417823-8ca0-417c-8901-114fa4f2d47f,254.62,True,True,True,minnesota,Cleaning / laundry,False,False,,Politeness|Proxemics
0548b16c-cc3f-475d-82a4-9a73109d4327_1779-11,0548b16c-cc3f-475d-82a4-9a73109d4327,1779.11,True,True,True,minnesota,Talking with family members,False,False,,Politeness|Cooperation|Communication/Legibility
dd0aa717-59d8-4d8a-9f11-21be827fb184_406-80,dd0aa717-59d8-4d8a-9f11-21be827fb184,406.8,True,True,True,frl_track_1_public,"Clothes, other shopping",False,False,,Communication/Legibility|Politeness
baaffbad-76a7-458a-8a54-7b593ab073f6_329-73,baaffbad-76a7-458a-8a54-7b593ab073f6,329.73,True,True,True,iiith,Pulp Traces Factory (Egges),False,False,,Safety|Cooperation|Coordination/Proactivity
af400f98-3c57-46ad-acac-eaca6f940180_3432-31,af400f98-3c57-46ad-acac-eaca6f940180,3432.31,True,True,True,iiith,Working out outside,False,False,,Proxemics
edd0cb68-87be-4cfe-9f2d-b0b64ea8d3e2_4865-28,edd0cb68-87be-4cfe-9f2d-b0b64ea8d3e2,4865.28,True,False,False,uniandes,Climbing|Eating at a restaurant|Indoor Navigation (walking)|On a screen (phone/laptop)|Walking on street,False,False,,Proxemics|Coordination/Proactivity
54adfe07-dcc1-4c3f-90a2-ac93ea7ff6df_76-91,54adfe07-dcc1-4c3f-90a2-ac93ea7ff6df,76.91,True,False,False,minnesota,Camp setup/pack-up/chores,False,False,,Safety|Coordination/Proactivity
38a7b760-56f9-4565-8b70-f8dad5768ace_296-28,38a7b760-56f9-4565-8b70-f8dad5768ace,296.28,True,False,False,minnesota,Cleaning / laundry|Household management - caring for kids,False,False,,Cooperation|Politeness
ed792c47-5cb3-427c-a0e9-5dac33456e6a_38-58,ed792c47-5cb3-427c-a0e9-5dac33456e6a,38.58,True,True,True,iiith,Farmer,False,False,,Cooperation|Proxemics
0ece1a2a-2da0-4b28-ac8c-bf9f04c0d17c_2285-27,0ece1a2a-2da0-4b28-ac8c-bf9f04c0d17c,2285.27,True,True,True,iiith,Grocery shopping indoors,False,False,,Safety|Cooperation
ed792c47-5cb3-427c-a0e9-5dac33456e6a_3373-63,ed792c47-5cb3-427c-a0e9-5dac33456e6a,3373.63,True,True,True,iiith,Farmer,False,False,,Proxemics|Cooperation
600e392c-4be6-4b8b-bef8-e789ce3d8915_3230-09,600e392c-4be6-4b8b-bef8-e789ce3d8915,3230.09,True,False,False,uniandes,Eating at a restaurant|Hiking|Indoor Navigation (walking)|On a screen (phone/laptop)|Talking with friends/housemates,False,False,,Proxemics|Politeness|Cooperation
0a4c05df-f522-4a33-862f-0d89824e7300_1283-75,0a4c05df-f522-4a33-862f-0d89824e7300,1283.75,True,False,False,minnesota,Outdoor technical climbing/belaying/rappelling (includes ropework),False,False,,Communication/Legibility|Cooperation
99f41d39-cc65-4aad-b186-23b66e282f19_141-65,99f41d39-cc65-4aad-b186-23b66e282f19,141.65,True,False,False,minnesota,Indoor Navigation (walking)|Walking the dog / pet,False,False,,Proxemics|Safety
1aa426b2-4d83-4b56-9d3c-4616adc464c8_300-08,1aa426b2-4d83-4b56-9d3c-4616adc464c8,300.08,True,True,True,frl_track_1_public,Practicing a musical instrument,False,False,,Politeness|Coordination/Proactivity
31254977-d873-4b22-ba1a-aca3fe028ba8_233-94,31254977-d873-4b22-ba1a-aca3fe028ba8,233.94,True,False,False,cmu,"jobs related to construction/renovation company
(Director of work, tiler, plumber, Electrician, Handyman, etc)",False,False,,Proxemics|Coordination/Proactivity|Cooperation
2893d559-89cb-4125-a761-3ff8e68768a9_88-42,2893d559-89cb-4125-a761-3ff8e68768a9,88.42,True,True,True,minnesota,Cycling / jogging,False,False,,Proxemics|Politeness|Coordination/Proactivity
af8dda66-0025-4ee4-9888-b568b28986e6_3283-52,af8dda66-0025-4ee4-9888-b568b28986e6,3283.52,True,True,True,frl_track_1_public,Cleaning / laundry|Making coffee,False,False,,Politeness|Communication/Legibility
2dfec7b6-c8b0-4cd0-baf6-4a963aed1d6a_1092-32,2dfec7b6-c8b0-4cd0-baf6-4a963aed1d6a,1092.32,True,True,True,minnesota,"Baseball|Car - commuting, road trip|Indoor Navigation (walking)",False,False,,Safety|Cooperation|Communication/Legibility
5cab806a-3794-4578-94f2-33c3093151d1_546-82,5cab806a-3794-4578-94f2-33c3093151d1,546.82,True,False,False,minnesota,Camp setup/pack-up/chores,False,False,,Politeness|Cooperation
bdb29a9e-d6d4-4918-9870-464abeae48d2_837-68,bdb29a9e-d6d4-4918-9870-464abeae48d2,837.68,True,True,True,kaust,"Car - commuting, road trip|Riding motorcycle",False,False,,Communication/Legibility
9d965c16-0014-45e5-b37b-50a786971470_2004-75,9d965c16-0014-45e5-b37b-50a786971470,2004.75,True,False,False,uniandes,Climbing|Eating at a restaurant|Indoor Navigation (walking)|On a screen (phone/laptop)|Walking on street,False,False,,Proxemics|Politeness
dd508a2a-1ea7-43d2-805a-8080eeae9985_1133-08,dd508a2a-1ea7-43d2-805a-8080eeae9985,1133.08,True,True,True,iiith,Attending religious activity,False,False,,Cooperation
f5accd2a-0799-4345-9e0d-eb8d87a677a4_1449-87,f5accd2a-0799-4345-9e0d-eb8d87a677a4,1449.87,True,False,False,cmu,"jobs related to construction/renovation company
(Director of work, tiler, plumber, Electrician, Handyman, etc)",False,False,,Cooperation|Coordination/Proactivity|Politeness
1f61d972-e61b-4846-af3a-d09db9f111f8_17-26,1f61d972-e61b-4846-af3a-d09db9f111f8,17.26,True,True,True,nus,Eating in hawker center|Talking with friends/housemates,False,False,,Cooperation|Politeness
45c274b8-54e6-4187-9fd9-73c0b0ada28d_109-66,45c274b8-54e6-4187-9fd9-73c0b0ada28d,109.66,True,True,True,nus,Eating at a restaurant|Talking with family members|Talking with friends/housemates,False,False,,Politeness|Communication/Legibility|Cooperation
9490a06b-3fa1-47b6-b470-facb3d61ac57_153-78,9490a06b-3fa1-47b6-b470-facb3d61ac57,153.78,True,True,True,nus,Taking photos in photography studio|Talking with friends/housemates,False,False,,Proxemics|Communication/Legibility|Cooperation
35ab724d-5dba-4094-927b-e7bc5ad8cf41_56-56,35ab724d-5dba-4094-927b-e7bc5ad8cf41,56.56,True,False,False,minnesota,Cooking|Dancing|Playing with pets|Talking with family members,False,False,,Cooperation|Communication/Legibility
62103d3d-d89d-4f54-a766-1beb22eb994b_179-41,62103d3d-d89d-4f54-a766-1beb22eb994b,179.41,True,True,True,iiith,Pulp Traces Factory (Egges),False,False,,Cooperation|Communication/Legibility
624a6c0a-a4cb-4073-b501-48e4b6b679e4_1105-63,624a6c0a-a4cb-4073-b501-48e4b6b679e4,1105.63,True,False,False,cmu,Car mechanic,False,False,,Politeness
839c2689-76f1-4e8c-893d-93675663dd93_582-68,839c2689-76f1-4e8c-893d-93675663dd93,582.68,True,True,True,unict,,False,False,,Politeness|Privacy
5b0c9075-f81d-488c-9862-c9c3b9ca27b5_843-40,5b0c9075-f81d-488c-9862-c9c3b9ca27b5,843.4,True,True,True,minnesota,Cleaning / laundry,False,False,,
56c5fea0-73fb-4239-b740-1faf19e75e6f_1246-35,56c5fea0-73fb-4239-b740-1faf19e75e6f,1246.35,True,True,True,frl_track_1_public,"Clothes, other shopping",False,False,,Proxemics|Cooperation|Coordination/Proactivity
f5bdefb3-f57c-4270-bf31-7939ecd45c86_1815-24,f5bdefb3-f57c-4270-bf31-7939ecd45c86,1815.24,True,True,True,iiith,Farmer,False,False,,Cooperation|Proxemics
b7022084-61ea-470f-b2cd-49be2ecaf3aa_18-42,b7022084-61ea-470f-b2cd-49be2ecaf3aa,18.42,True,True,True,frl_track_1_public,Grocery shopping indoors,False,False,,Politeness|Communication/Legibility
c8d51f6b-7329-4367-9b24-941fa79794d2_2516-44,c8d51f6b-7329-4367-9b24-941fa79794d2,2516.44,True,True,True,kaust,Eating|Talking on the phone|Talking with family members|Watching tv,False,False,,Politeness|Proxemics|Cooperation
0b530687-26d8-4c9d-9771-c758ecd2ecbf_14604-13,0b530687-26d8-4c9d-9771-c758ecd2ecbf,14604.13,True,False,False,uniandes,Eating at a restaurant|Hiking|Indoor Navigation (walking)|On a screen (phone/laptop)|Talking with friends/housemates,False,False,,Safety|Politeness
4d45174a-6a77-48cd-a8f2-9b93e2d47f07_604-84,4d45174a-6a77-48cd-a8f2-9b93e2d47f07,604.84,True,True,True,iiith,Mehandi,False,False,,Privacy
c864505c-9d49-4da4-bf7e-254b4c348c03_191-07,c864505c-9d49-4da4-bf7e-254b4c348c03,191.07,True,True,True,nus,Working in milktea shop,False,False,,Politeness|Cooperation
620d3087-c6fb-4b08-bb6a-4dc4ede3b994_1607-58,620d3087-c6fb-4b08-bb6a-4dc4ede3b994,1607.58,True,True,True,iiith,Blacksmith,False,False,,Safety|Cooperation
b8ead1f7-ae4c-4c7c-8b2a-35599fc310c7_1079-80,b8ead1f7-ae4c-4c7c-8b2a-35599fc310c7,1079.8,True,True,True,minnesota,Cleaning / laundry|Talking with family members|Walking the dog / pet,False,False,,Cooperation|Coordination/Proactivity
dd82f801-fc96-4ced-b066-ad559da3faab_905-66,dd82f801-fc96-4ced-b066-ad559da3faab,905.66,True,True,True,minnesota,BBQ'ing/picnics,False,False,,Cooperation|Politeness
b7ae78cd-458a-4fbc-b9d8-212fe98a5095_270-04,b7ae78cd-458a-4fbc-b9d8-212fe98a5095,270.04,True,True,True,frl_track_1_public,Making coffee,False,False,,Communication/Legibility|Politeness|Cooperation
7f5ed6e1-aca1-40d5-87c6-d156c5f02263_213-21,7f5ed6e1-aca1-40d5-87c6-d156c5f02263,213.21,True,False,False,minnesota,Camp setup/pack-up/chores,False,False,,Proxemics|Cooperation|Coordination/Proactivity
65f4949e-e8fe-4b77-972e-35d368ca546a_1165-75,65f4949e-e8fe-4b77-972e-35d368ca546a,1165.75,True,True,True,minnesota,Doing yardwork / shoveling snow,False,False,,Politeness|Cooperation
5cff48d5-d4e3-465f-8302-64cd493aba53_0-01,5cff48d5-d4e3-465f-8302-64cd493aba53,0.01,True,True,False,iiith,Crafting/knitting/sewing/drawing/painting,False,False,,Safety|Coordination/Proactivity
49f87e0a-cc34-447e-87ba-209e430aafb0_4558-50,49f87e0a-cc34-447e-87ba-209e430aafb0,4558.5,True,True,True,iiith,Crafting/knitting/sewing/drawing/painting,False,False,,Politeness|Communication/Legibility
bcfbfdd9-1f37-4edf-8ea0-114a92806d08_1826-13,bcfbfdd9-1f37-4edf-8ea0-114a92806d08,1826.13,True,True,True,iiith,Carpenter,False,False,,Cooperation
a4bbdddc-c222-4535-a616-57ccbc8f9b9e_1495-45,a4bbdddc-c222-4535-a616-57ccbc8f9b9e,1495.45,True,False,False,uniandes,Hiking|On a screen (phone/laptop)|Talking with friends/housemates,False,False,,Cooperation|Coordination/Proactivity
668962c9-ecae-4b8f-bdc1-a6aeab093d88_1333-29,668962c9-ecae-4b8f-bdc1-a6aeab093d88,1333.29,True,True,True,frl_track_1_public,"Clothes, other shopping",False,False,,Politeness|Communication/Legibility
eb81442c-a322-49ea-b243-a39d2e288b9b_838-90,eb81442c-a322-49ea-b243-a39d2e288b9b,838.9,True,True,True,minnesota,Outdoor social (includes campfire),False,False,train,Safety|Cooperation
bf4a69c2-2c0b-4810-991b-3eb35e7dd2f3_1088-56,bf4a69c2-2c0b-4810-991b-3eb35e7dd2f3,1088.56,True,True,True,iiith,Blacksmith,False,False,,Cooperation|Communication/Legibility
d8936caf-0142-4ceb-bacc-70313a19f169_805-14,d8936caf-0142-4ceb-bacc-70313a19f169,805.14,True,False,False,minnesota,Cooking,False,False,,Proxemics|Politeness|Cooperation
86fb4797-274f-4807-848a-8b1ddc5c29e8_728-96,86fb4797-274f-4807-848a-8b1ddc5c29e8,728.96,True,False,False,minnesota,Outdoor social (includes campfire)|Outdoor technical climbing/belaying/rappelling (includes ropework),False,False,,
8bb4369f-a6e0-45a3-9d2d-fd5d5c686ccc_315-76,8bb4369f-a6e0-45a3-9d2d-fd5d5c686ccc,315.76,True,True,True,kaust,"Walking the dog / pet|Washing the dog / pet, grooming horse",False,False,,Proxemics|Politeness
9d965c16-0014-45e5-b37b-50a786971470_8107-86,9d965c16-0014-45e5-b37b-50a786971470,8107.86,True,False,False,uniandes,Climbing|Eating at a restaurant|Indoor Navigation (walking)|On a screen (phone/laptop)|Walking on street,False,False,,Proxemics|Cooperation|Politeness
2b7ace86-149f-4354-b617-c8ebd08c5310_381-65,2b7ace86-149f-4354-b617-c8ebd08c5310,381.65,True,True,True,frl_track_1_public,Grocery shopping indoors,False,False,,Politeness|Communication/Legibility|Cooperation
d2985e7b-6dc8-4c7e-9aef-40d633895aa0_1413-23,d2985e7b-6dc8-4c7e-9aef-40d633895aa0,1413.23,True,True,True,frl_track_1_public,Making coffee,False,False,,Cooperation|Communication/Legibility
8d900b59-e95d-4c9b-9432-8f5096aac2db_503-05,8d900b59-e95d-4c9b-9432-8f5096aac2db,503.05,True,False,False,minnesota,Cleaning / laundry|Playing with pets,False,False,,Politeness
937e5809-09d0-4c6b-8d9e-9329e0cf6218_148-21,937e5809-09d0-4c6b-8d9e-9329e0cf6218,148.21,True,False,False,kaust,BasketBall,False,False,,Cooperation|Communication/Legibility|Politeness
c6b5d782-d267-410e-8566-f7fe5d4a78a9_2700-04,c6b5d782-d267-410e-8566-f7fe5d4a78a9,2700.04,True,True,True,frl_track_1_public,Cleaning / laundry|Making coffee,False,False,,Politeness|Cooperation
ff15140a-4747-4c45-b95f-ff2bd36ef178_1065-69,ff15140a-4747-4c45-b95f-ff2bd36ef178,1065.69,True,True,True,minnesota,"Cycling / jogging|Going to the gym - exercise machine, class, weights",False,False,,Proxemics|Communication/Legibility
a454e4d7-7ead-41ea-bfcf-db8300ad34d9_72-86,a454e4d7-7ead-41ea-bfcf-db8300ad34d9,72.86,True,True,True,frl_track_1_public,Grocery shopping indoors,False,False,,Cooperation|Politeness
b2508929-e3e4-4583-b1db-41dc3bb0fd21_542-36,b2508929-e3e4-4583-b1db-41dc3bb0fd21,542.36,True,True,True,minnesota,Playing games / video games,False,False,,Communication/Legibility
59857657-5cb1-4268-9c8f-ab6cb3c3ad3b_979-26,59857657-5cb1-4268-9c8f-ab6cb3c3ad3b,979.26,True,False,False,uniandes,On a screen (phone/laptop)|Tourism|Walking on street,False,False,,Proxemics|Politeness
3455a3f3-1657-46bb-ae42-52d16ec5ffaa_4842-46,3455a3f3-1657-46bb-ae42-52d16ec5ffaa,4842.46,True,False,False,uniandes,On a screen (phone/laptop)|Tourism|Walking on street,False,False,,Proxemics|Safety
1ea95f25-81f9-46b1-b7a1-c4ca58251c6f_1359-12,1ea95f25-81f9-46b1-b7a1-c4ca58251c6f,1359.12,True,False,False,cmu,Doing yardwork / shoveling snow,False,False,,Politeness
4f549225-e82e-4294-9379-4891e47725c7_982-80,4f549225-e82e-4294-9379-4891e47725c7,982.8,True,True,True,iiith,"jobs related to construction/renovation company
(Director of work, tiler, plumber, Electrician, Handyman, etc)",False,False,,Safety|Cooperation
f26eb8a6-2ac4-4aa4-a500-1e738d8c8b13_1596-52,f26eb8a6-2ac4-4aa4-a500-1e738d8c8b13,1596.52,True,True,True,kaust,Cleaning / laundry|Cooking|Talking with family members,False,False,,Cooperation|Communication/Legibility
10a848ed-f258-4930-abdd-1fd60b788abc_345-05,10a848ed-f258-4930-abdd-1fd60b788abc,345.05,True,False,False,minnesota,Playing with pets|Walking the dog / pet,False,False,,Cooperation|Proxemics
6b7fc6db-e979-43a0-b61f-7dced89d423d_168-56,6b7fc6db-e979-43a0-b61f-7dced89d423d,168.56,True,True,True,frl_track_1_public,Grocery shopping indoors,False,False,train,Proxemics
600e392c-4be6-4b8b-bef8-e789ce3d8915_2298-42,600e392c-4be6-4b8b-bef8-e789ce3d8915,2298.42,True,False,False,uniandes,Eating at a restaurant|Hiking|Indoor Navigation (walking)|On a screen (phone/laptop)|Talking with friends/housemates,False,False,,Politeness|Communication/Legibility
620d3087-c6fb-4b08-bb6a-4dc4ede3b994_2651-56,620d3087-c6fb-4b08-bb6a-4dc4ede3b994,2651.56,True,True,True,iiith,Blacksmith,False,False,,Safety|Coordination/Proactivity
d36cf2fd-8916-4b69-b7a2-e9743675fb38_3568-39,d36cf2fd-8916-4b69-b7a2-e9743675fb38,3568.39,True,False,False,kaust,Roller skating,False,False,,Safety|Communication/Legibility
5ab334f2-ecc8-4a05-96f8-4320225379b2_879-22,5ab334f2-ecc8-4a05-96f8-4320225379b2,879.22,True,False,False,minnesota,Going to the park|Playing with pets|Talking with family members,False,False,,Proxemics|Coordination/Proactivity|Cooperation
4bea2a96-1f1f-4149-8447-766553bbba22_1922-01,4bea2a96-1f1f-4149-8447-766553bbba22,1922.01,True,False,False,cmu,"jobs related to construction/renovation company
(Director of work, tiler, plumber, Electrician, Handyman, etc)",False,False,,Safety
952d5295-06f4-4578-929b-4113e4ff9201_741-67,952d5295-06f4-4578-929b-4113e4ff9201,741.67,True,True,True,iiith,Mehandi,False,False,,Proxemics|Politeness
615edb9e-bfc7-4080-afb3-d29e98ce2216_816-65,615edb9e-bfc7-4080-afb3-d29e98ce2216,816.65,True,False,False,kaust,Cycling / jogging|Indoor Navigation (walking)|Walking on street,False,False,,Proxemics|Politeness|Communication/Legibility
eb2c9739-dba0-479c-81b7-9dda51c4ac20_1388-02,eb2c9739-dba0-479c-81b7-9dda51c4ac20,1388.02,True,False,False,kaust,Playing badminton,False,False,,Proxemics|Cooperation|Coordination/Proactivity
3f292ce2-fb0d-477e-b6b5-18c6ef38366e_2018-00,3f292ce2-fb0d-477e-b6b5-18c6ef38366e,2018.0,True,True,True,iiith,"jobs related to construction/renovation company
(Director of work, tiler, plumber, Electrician, Handyman, etc)",False,False,,Communication/Legibility|Cooperation
214b62df-2fb1-4b0e-af9d-42b0dd37defb_2040-30,214b62df-2fb1-4b0e-af9d-42b0dd37defb,2040.3,True,False,False,uniandes,Hair and Makeup stylist|Indoor Navigation (walking)|On a screen (phone/laptop),False,False,,Safety|Politeness
38a66acf-33c8-4ed5-b814-7322087b2e21_835-53,38a66acf-33c8-4ed5-b814-7322087b2e21,835.53,True,False,False,uniandes,Dancing,False,False,,Politeness|Cooperation
5ed59c41-af9e-4368-a0ce-30d536d34895_1493-26,5ed59c41-af9e-4368-a0ce-30d536d34895,1493.26,True,True,True,kaust,Cooking|Eating|Household management - caring for kids|Talking with family members|Walking on street|Walking the dog / pet|Watching tv,False,False,,Safety
4c70179a-f411-4f81-b44d-cfe34b8f9180_356-35,4c70179a-f411-4f81-b44d-cfe34b8f9180,356.35,True,True,True,minnesota,Fixing something in the home,False,False,,Politeness|Safety|Communication/Legibility
17cd1d99-044c-4b1b-97b4-f3de34f8e55b_252-07,17cd1d99-044c-4b1b-97b4-f3de34f8e55b,252.07,True,False,False,minnesota,Camp setup/pack-up/chores,False,False,,Cooperation|Coordination/Proactivity
b0a30641-ad93-4d6a-92a9-f277c78f1aa5_295-10,b0a30641-ad93-4d6a-92a9-f277c78f1aa5,295.1,True,True,True,minnesota,Outdoor social (includes campfire),False,False,,Proxemics
1f4a4d13-f083-4464-8c03-5e09f55e3f63_125-54,1f4a4d13-f083-4464-8c03-5e09f55e3f63,125.54,True,True,True,minnesota,Household management - caring for kids|Walking on street,False,False,,Proxemics|Coordination/Proactivity
9155f5b9-6235-484f-990d-fbd3010a791e_2163-97,9155f5b9-6235-484f-990d-fbd3010a791e,2163.97,True,True,True,kaust,"Car - commuting, road trip",False,False,,Politeness|Proxemics
10a848ed-f258-4930-abdd-1fd60b788abc_489-09,10a848ed-f258-4930-abdd-1fd60b788abc,489.09,True,False,False,minnesota,Playing with pets|Walking the dog / pet,False,False,,Proxemics|Cooperation
cb8df5e7-af5c-4211-b779-0568f94c7ded_3449-61,cb8df5e7-af5c-4211-b779-0568f94c7ded,3449.61,True,True,True,iiith,Sleeping,False,False,,Politeness|Cooperation
baf15309-e865-4e9e-9efd-09097f1d5a43_341-69,baf15309-e865-4e9e-9efd-09097f1d5a43,341.69,True,True,True,kaust,Eating|Household management - caring for kids|Talking with family members,False,False,,Safety
11f247e0-179a-4b9d-8244-16fb918010a1_1085-16,11f247e0-179a-4b9d-8244-16fb918010a1,1085.16,True,False,False,minnesota,Walking the dog / pet,False,False,,Proxemics|Safety
5ab334f2-ecc8-4a05-96f8-4320225379b2_905-78,5ab334f2-ecc8-4a05-96f8-4320225379b2,905.78,True,False,False,minnesota,Going to the park|Playing with pets|Talking with family members,False,False,,Cooperation|Politeness
0619c3d0-aebe-4414-b977-f2027271b267_566-56,0619c3d0-aebe-4414-b977-f2027271b267,566.56,True,True,True,frl_track_1_public,Making coffee,False,False,,Safety|Politeness
6e68d2f9-6d37-4317-a3eb-9541321d558e_977-72,6e68d2f9-6d37-4317-a3eb-9541321d558e,977.72,True,False,False,uniandes,Climbing,False,False,,Safety|Politeness
dd82f801-fc96-4ced-b066-ad559da3faab_1750-27,dd82f801-fc96-4ced-b066-ad559da3faab,1750.27,True,True,True,minnesota,BBQ'ing/picnics,False,False,,Safety
c2d28dd4-4416-4300-bbbe-23911487776a_2076-47,c2d28dd4-4416-4300-bbbe-23911487776a,2076.47,True,False,False,uniandes,Climbing,False,False,,Safety|Cooperation
c824d4e5-298a-462b-a408-28a85a7364af_126-28,c824d4e5-298a-462b-a408-28a85a7364af,126.28,True,True,True,frl_track_1_public,Eating,False,False,,Cooperation|Communication/Legibility
6a793116-6fc3-4706-9bbb-8ba2088ec8db_746-34,6a793116-6fc3-4706-9bbb-8ba2088ec8db,746.34,True,True,True,iiith,Blacksmith,False,False,,Communication/Legibility|Cooperation
eb5cb2b0-59e6-45da-af1b-ba86c7ab0b54_824-48,eb5cb2b0-59e6-45da-af1b-ba86c7ab0b54,824.48,True,True,True,minnesota,Outdoor social (includes campfire),False,False,train,Proxemics|Politeness
695cefe9-04c0-42fb-80fc-d308b314b788_303-92,695cefe9-04c0-42fb-80fc-d308b314b788,303.92,True,True,True,frl_track_1_public,Making coffee,False,False,,Communication/Legibility|Politeness
421a0364-6ed6-4bd4-8db2-5de8e245c9bc_549-95,421a0364-6ed6-4bd4-8db2-5de8e245c9bc,549.95,True,True,True,iiith,"jobs related to construction/renovation company
(Director of work, tiler, plumber, Electrician, Handyman, etc)",False,False,,Cooperation|Communication/Legibility
356661f5-767b-495d-95c7-03dcc46f85c6_1826-46,356661f5-767b-495d-95c7-03dcc46f85c6,1826.46,True,False,False,kaust,"Car - commuting, road trip|Drone flying",False,False,,Politeness|Communication/Legibility
1a50cd38-dda2-41d0-8a6f-294f17373d97_3680-47,1a50cd38-dda2-41d0-8a6f-294f17373d97,3680.47,True,True,True,iiith,"jobs related to construction/renovation company
(Director of work, tiler, plumber, Electrician, Handyman, etc)",False,False,,Cooperation|Safety
8ea5ddc3-ae53-4cff-b457-ba425c6bec97_5750-66,8ea5ddc3-ae53-4cff-b457-ba425c6bec97,5750.66,True,False,False,uniandes,Hiking|On a screen (phone/laptop)|Walking on street,False,False,,Politeness|Cooperation
878666b9-5f3d-476a-960f-3a5d02da7619_19281-22,878666b9-5f3d-476a-960f-3a5d02da7619,19281.22,True,False,False,uniandes,Eating at a restaurant|Hiking|Indoor Navigation (walking)|On a screen (phone/laptop)|Talking with friends/housemates,False,False,,Proxemics|Safety
08e65366-36a3-4146-bec6-043286cedf16_741-63,08e65366-36a3-4146-bec6-043286cedf16,741.63,True,True,True,frl_track_1_public,Grocery shopping indoors,False,False,,Proxemics|Cooperation
ba28e9d5-5a78-44c0-b985-2249dcc05956_212-90,ba28e9d5-5a78-44c0-b985-2249dcc05956,212.9,True,True,True,minnesota,Walking on street,False,False,,Safety|Proxemics
2893d559-89cb-4125-a761-3ff8e68768a9_84-09,2893d559-89cb-4125-a761-3ff8e68768a9,84.09,True,True,True,minnesota,Cycling / jogging,False,False,,Safety|Politeness|Proxemics
8c3c68c9-eeec-4f51-881f-3cc6340679ec_0-04,8c3c68c9-eeec-4f51-881f-3cc6340679ec,0.04,True,True,False,frl_track_1_public,Eating,False,False,,
ec85a806-d47f-4555-8c4c-20f59927e580_1424-09,ec85a806-d47f-4555-8c4c-20f59927e580,1424.09,True,True,True,iiith,Pulp Traces Factory (Egges),False,False,,Safety|Cooperation|Coordination/Proactivity
ecdc4071-1903-4024-a357-d0082720168e_3-20,ecdc4071-1903-4024-a357-d0082720168e,3.2,True,False,False,minnesota,Camp setup/pack-up/chores,False,False,,Communication/Legibility|Cooperation
8ff25fe1-3a42-4449-bd91-b3ac2adf9143_380-26,8ff25fe1-3a42-4449-bd91-b3ac2adf9143,380.26,True,False,False,minnesota,Talking with family members|Walking the dog / pet,False,False,,Proxemics
7c925095-c62a-4a7a-a2ca-118ca3f0176a_2-34,7c925095-c62a-4a7a-a2ca-118ca3f0176a,2.34,True,True,False,iiith,Pulp Traces Factory (Egges),False,False,,Proxemics|Politeness|Cooperation
abca0171-5e73-426e-9ba1-49a6339b2ef5_885-53,abca0171-5e73-426e-9ba1-49a6339b2ef5,885.53,True,True,True,iiith,Pulp Traces Factory (Egges),False,False,,Cooperation|Coordination/Proactivity
214b62df-2fb1-4b0e-af9d-42b0dd37defb_138-53,214b62df-2fb1-4b0e-af9d-42b0dd37defb,138.53,True,False,False,uniandes,Hair and Makeup stylist|Indoor Navigation (walking)|On a screen (phone/laptop),False,False,,Politeness|Privacy
e95dbd21-3017-48f5-8f36-46531f053ab1_547-92,e95dbd21-3017-48f5-8f36-46531f053ab1,547.92,True,True,True,frl_track_1_public,Grocery shopping indoors,False,False,,Politeness|Communication/Legibility
a2c3a84e-ae75-4e72-8a52-64511ed67080_919-81,a2c3a84e-ae75-4e72-8a52-64511ed67080,919.81,True,True,True,frl_track_1_public,Making coffee,False,False,,Proxemics|Politeness
9632b0a9-cf21-4773-b95b-83aae9a23d0a_630-61,9632b0a9-cf21-4773-b95b-83aae9a23d0a,630.61,True,False,False,kaust,Playing badminton,False,False,,Politeness|Communication/Legibility|Cooperation
470499d1-e015-4d45-a858-ca3e9566085e_2490-62,470499d1-e015-4d45-a858-ca3e9566085e,2490.62,True,False,False,uniandes,Dancing,False,False,,Proxemics
9531cee8-0f60-4a68-8243-397ab7670a75_270-43,9531cee8-0f60-4a68-8243-397ab7670a75,270.43,True,False,False,kaust,Cycling / jogging|Table tennis,False,False,,Safety|Communication/Legibility
0a02a1ed-a327-4753-b270-e95298984b96_534-33,0a02a1ed-a327-4753-b270-e95298984b96,534.33,True,False,False,cmu,Doing yardwork / shoveling snow,False,False,,Safety|Cooperation
e21a6f09-3df0-4bfb-a23b-47a1866aadf1_540-06,e21a6f09-3df0-4bfb-a23b-47a1866aadf1,540.06,True,True,True,minnesota,Baseball,False,False,,Proxemics
99f41d39-cc65-4aad-b186-23b66e282f19_68-52,99f41d39-cc65-4aad-b186-23b66e282f19,68.52,True,False,False,minnesota,Indoor Navigation (walking)|Walking the dog / pet,False,False,,Safety|Proxemics
2cddb76f-24d1-4863-bd91-9a5d1922a543_1681-29,2cddb76f-24d1-4863-bd91-9a5d1922a543,1681.29,True,False,False,minnesota,Outdoor social (includes campfire),False,False,,Politeness|Communication/Legibility
7474f654-b43a-463c-a1a1-f8c62cef1e64_1721-20,7474f654-b43a-463c-a1a1-f8c62cef1e64,1721.2,True,True,True,minnesota,"Car - commuting, road trip",False,False,,Politeness|Communication/Legibility
05d5d7cf-9fb9-4390-bcd3-dd626b948771_1543-50,05d5d7cf-9fb9-4390-bcd3-dd626b948771,1543.5,True,True,True,iiith,Pulp Traces Factory (Egges),False,False,,Communication/Legibility|Politeness
14a3d52a-e66c-4a4c-8f71-d86f7199993c_10-64,14a3d52a-e66c-4a4c-8f71-d86f7199993c,10.64,True,True,True,bristol,Reading books,False,False,,Politeness|Cooperation
6e4baf27-2090-4a90-816b-a35a0aff0e56_1099-34,6e4baf27-2090-4a90-816b-a35a0aff0e56,1099.34,True,True,True,iiith,Cooking,False,False,,Safety|Cooperation
93f78437-229d-4824-a8c1-68d9b17e754d_1063-13,93f78437-229d-4824-a8c1-68d9b17e754d,1063.13,True,True,True,bristol,Cooking,False,False,,Communication/Legibility|Politeness|Cooperation
378af037-7200-4d75-8f83-ddc74e1cd2dc_3511-24,378af037-7200-4d75-8f83-ddc74e1cd2dc,3511.24,True,True,True,frl_track_1_public,Cleaning / laundry|Making coffee,False,False,,Politeness|Communication/Legibility
d2985e7b-6dc8-4c7e-9aef-40d633895aa0_448-20,d2985e7b-6dc8-4c7e-9aef-40d633895aa0,448.2,True,True,True,frl_track_1_public,Making coffee,False,False,,Cooperation|Coordination/Proactivity
e7eead9a-5f4e-47af-8f54-2dd3fd453a2d_49-96,e7eead9a-5f4e-47af-8f54-2dd3fd453a2d,49.96,True,True,True,kaust,Playing with pets,False,False,,Politeness
eaa560d5-6432-4030-a03a-b6ba512e621d_61-64,eaa560d5-6432-4030-a03a-b6ba512e621d,61.64,True,True,True,iiith,Cooking,False,False,,Cooperation|Coordination/Proactivity
6f37694e-26b8-4dc6-9942-567e1e912cda_452-75,6f37694e-26b8-4dc6-9942-567e1e912cda,452.75,True,True,True,minnesota,Cleaning / laundry|Talking with family members,False,False,,Cooperation|Coordination/Proactivity
5cff48d5-d4e3-465f-8302-64cd493aba53_399-10,5cff48d5-d4e3-465f-8302-64cd493aba53,399.1,True,True,True,iiith,Crafting/knitting/sewing/drawing/painting,False,False,,Communication/Legibility|Cooperation
b61b0b56-a852-47e2-ab09-9380d8465162_180-44,b61b0b56-a852-47e2-ab09-9380d8465162,180.44,True,True,True,minnesota,Doing yardwork / shoveling snow,False,False,,Safety|Cooperation|Proxemics|Coordination/Proactivity
1270f0e2-1bc0-4225-bf6e-3dd68c594c8b_1984-62,1270f0e2-1bc0-4225-bf6e-3dd68c594c8b,1984.62,True,True,True,iiith,Blacksmith,False,False,,Communication/Legibility|Cooperation
ed027cb2-5b92-4de2-ab58-69d42325ef15_1281-72,ed027cb2-5b92-4de2-ab58-69d42325ef15,1281.72,True,True,True,frl_track_1_public,"Clothes, other shopping",False,False,,Politeness|Communication/Legibility
55ef5db5-af7c-4ccd-9c7d-a4d415e195b7_857-01,55ef5db5-af7c-4ccd-9c7d-a4d415e195b7,857.01,True,True,True,iiith,Grocery shopping indoors,False,False,,Cooperation|Politeness
4d76c2c7-c6a2-46a6-bc94-0033c629f040_291-37,4d76c2c7-c6a2-46a6-bc94-0033c629f040,291.37,True,False,False,cmu,"jobs related to construction/renovation company
(Director of work, tiler, plumber, Electrician, Handyman, etc)",False,False,,Safety|Cooperation
3de48a49-665d-4c1b-9655-82532e108e6a_1393-69,3de48a49-665d-4c1b-9655-82532e108e6a,1393.69,True,True,True,minnesota,Playing games / video games,False,False,,Proxemics|Safety
b68e46bf-2cc5-4c6b-895a-1f8c6cad959a_2324-99,b68e46bf-2cc5-4c6b-895a-1f8c6cad959a,2324.99,True,False,False,uniandes,Hiking|On a screen (phone/laptop)|Walking on street,False,False,,Proxemics|Coordination/Proactivity|Communication/Legibility
8f0f8606-b696-4bb2-909d-703e4e076d80_641-77,8f0f8606-b696-4bb2-909d-703e4e076d80,641.77,True,False,False,cmu,Car mechanic,False,False,,Politeness|Proxemics
513f572f-6d1c-4a8a-8b57-9c1d0aa363f7_1015-09,513f572f-6d1c-4a8a-8b57-9c1d0aa363f7,1015.09,True,False,False,cmu,"jobs related to construction/renovation company
(Director of work, tiler, plumber, Electrician, Handyman, etc)",False,False,,Politeness|Coordination/Proactivity
67a8114b-7f37-443d-8beb-64886095f935_636-28,67a8114b-7f37-443d-8beb-64886095f935,636.28,True,True,True,minnesota,Swimming in a pool/ocean,False,False,,Communication/Legibility
4c53aaac-76f0-4874-ab1c-738286b9698e_727-03,4c53aaac-76f0-4874-ab1c-738286b9698e,727.03,True,True,True,nus,Working in milktea shop,False,False,,Politeness|Communication/Legibility|Proxemics
c5270067-6c25-45f2-b63a-1a55b85020ad_569-44,c5270067-6c25-45f2-b63a-1a55b85020ad,569.44,True,False,False,uniandes,biology experiments|Eating|Indoor Navigation (walking)|Labwork|Listening to music|On a screen (phone/laptop)|Talking to colleagues,False,False,,Safety|Cooperation|Communication/Legibility
2eb4e516-9d71-4b68-847e-e1b0cb339b0a_684-96,2eb4e516-9d71-4b68-847e-e1b0cb339b0a,684.96,True,True,True,frl_track_1_public,Making coffee,False,False,,Proxemics|Politeness
6e68d2f9-6d37-4317-a3eb-9541321d558e_2271-24,6e68d2f9-6d37-4317-a3eb-9541321d558e,2271.24,True,False,False,uniandes,Climbing,False,False,,
1eee4aaf-a21c-4ae5-82cd-96fdccae6742_917-84,1eee4aaf-a21c-4ae5-82cd-96fdccae6742,917.84,True,False,False,uniandes,Hair and Makeup stylist|Indoor Navigation (walking)|On a screen (phone/laptop),False,False,,Safety
3091004e-8606-417e-8bc2-7922f951845f_1921-59,3091004e-8606-417e-8bc2-7922f951845f,1921.59,True,True,True,iiith,"jobs related to construction/renovation company
(Director of work, tiler, plumber, Electrician, Handyman, etc)",False,False,,Communication/Legibility|Proxemics
695cefe9-04c0-42fb-80fc-d308b314b788_789-70,695cefe9-04c0-42fb-80fc-d308b314b788,789.7,True,True,True,frl_track_1_public,Making coffee,False,False,,Politeness|Proxemics
e95dbd21-3017-48f5-8f36-46531f053ab1_424-29,e95dbd21-3017-48f5-8f36-46531f053ab1,424.29,True,True,True,frl_track_1_public,Grocery shopping indoors,False,False,,Politeness|Communication/Legibility
c20e2722-11e5-4181-960c-305cfcd7cfec_183-32,c20e2722-11e5-4181-960c-305cfcd7cfec,183.32,True,True,True,minnesota,"Car - commuting, road trip",False,False,,Safety
2dbdd409-0be0-447c-8ae8-3f107fe9af80_19-50,2dbdd409-0be0-447c-8ae8-3f107fe9af80,19.5,True,True,True,nus,"Going to a salon (nail, hair, spa)",False,False,,Safety|Cooperation
8ee6764a-4ef2-4359-9cf1-03a5f4dbcc79_593-30,8ee6764a-4ef2-4359-9cf1-03a5f4dbcc79,593.3,True,True,True,iiith,"jobs related to construction/renovation company
(Director of work, tiler, plumber, Electrician, Handyman, etc)",False,False,,Safety|Cooperation
949b2e8a-83f9-4b89-b29b-9e8d81600dd8_2981-03,949b2e8a-83f9-4b89-b29b-9e8d81600dd8,2981.03,True,True,True,iiith,Farmer,False,False,,Safety|Cooperation
dfe44f90-17f9-43eb-adf4-da35f15002ed_825-32,dfe44f90-17f9-43eb-adf4-da35f15002ed,825.32,True,True,True,iiith,Crafting/knitting/sewing/drawing/painting,False,False,,Cooperation|Coordination/Proactivity
e2dd39cb-63e2-4ebb-b99a-ad7ff579b048_78-33,e2dd39cb-63e2-4ebb-b99a-ad7ff579b048,78.33,True,True,True,iiith,Crafting/knitting/sewing/drawing/painting,False,False,,Politeness|Communication/Legibility
8e605fdf-a4f1-4393-975a-f332ab6b5f79_44-53,8e605fdf-a4f1-4393-975a-f332ab6b5f79,44.53,True,False,False,minnesota,Camp setup/pack-up/chores,False,False,,Safety|Cooperation|Coordination/Proactivity
5315437a-2530-47e5-a0e4-4ac656c7cfa4_570-57,5315437a-2530-47e5-a0e4-4ac656c7cfa4,570.57,True,True,True,iiith,Community cleaning,False,False,,Safety|Communication/Legibility|Coordination/Proactivity
b4814b66-f564-48cb-a11f-3b0a1ee73704_24-49,b4814b66-f564-48cb-a11f-3b0a1ee73704,24.49,True,False,False,minnesota,Playing with pets,False,False,,Safety
42d72164-8f4a-49e4-8b95-b3ad423ba65b_1368-26,42d72164-8f4a-49e4-8b95-b3ad423ba65b,1368.26,True,False,False,uniandes,Hair and Makeup stylist|Indoor Navigation (walking)|On a screen (phone/laptop),False,False,,Politeness|Proxemics
4065f62a-faae-4926-aee8-1d5bf73661a3_382-42,4065f62a-faae-4926-aee8-1d5bf73661a3,382.42,True,True,True,iiith,"jobs related to construction/renovation company
(Director of work, tiler, plumber, Electrician, Handyman, etc)",False,False,,Proxemics|Politeness
4c642620-db0e-4096-9ece-2b2c6fdb47b0_3829-12,4c642620-db0e-4096-9ece-2b2c6fdb47b0,3829.12,True,False,False,unict,Baker,False,False,,Safety
1f4a4d13-f083-4464-8c03-5e09f55e3f63_781-81,1f4a4d13-f083-4464-8c03-5e09f55e3f63,781.81,True,True,True,minnesota,Household management - caring for kids|Walking on street,False,False,,Proxemics|Cooperation
878666b9-5f3d-476a-960f-3a5d02da7619_19280-23,878666b9-5f3d-476a-960f-3a5d02da7619,19280.23,True,False,False,uniandes,Eating at a restaurant|Hiking|Indoor Navigation (walking)|On a screen (phone/laptop)|Talking with friends/housemates,False,False,,Safety|Coordination/Proactivity
502debb3-c5f1-4dba-b2d4-b191d40da77a_5606-91,502debb3-c5f1-4dba-b2d4-b191d40da77a,5606.91,True,False,False,uniandes,Eating at a restaurant|Hiking|Indoor Navigation (walking)|On a screen (phone/laptop)|Talking with friends/housemates,False,False,,Proxemics|Safety
214b62df-2fb1-4b0e-af9d-42b0dd37defb_2189-63,214b62df-2fb1-4b0e-af9d-42b0dd37defb,2189.63,True,False,False,uniandes,Hair and Makeup stylist|Indoor Navigation (walking)|On a screen (phone/laptop),False,False,,Safety|Cooperation
d70be6cb-867f-4657-9a87-5d44ab30527a_887-35,d70be6cb-867f-4657-9a87-5d44ab30527a,887.35,True,False,False,minnesota,Outdoor technical climbing/belaying/rappelling (includes ropework),False,False,,Safety|Cooperation|Coordination/Proactivity
262fd2ec-8eba-44d9-8082-4d0574f7a515_1038-82,262fd2ec-8eba-44d9-8082-4d0574f7a515,1038.82,True,True,True,frl_track_1_public,Cleaning / laundry|Making coffee,False,False,,Politeness|Cooperation|Proxemics
a5bd4711-275b-4bbf-96fe-37553e5d3e93_499-12,a5bd4711-275b-4bbf-96fe-37553e5d3e93,499.12,True,False,False,minnesota,Camp setup/pack-up/chores,False,False,,Safety|Cooperation
fd2ae8b4-b683-4c4b-935c-78b4dadbdbf8_4100-48,fd2ae8b4-b683-4c4b-935c-78b4dadbdbf8,4100.48,True,False,False,uniandes,Hair and Makeup stylist|Indoor Navigation (walking)|On a screen (phone/laptop),False,False,,Proxemics|Politeness
06ee22fd-ecfc-4e34-9ed2-a330548abf71_519-15,06ee22fd-ecfc-4e34-9ed2-a330548abf71,519.15,True,True,True,iiith,Community cleaning,False,False,,Cooperation|Politeness
dd508a2a-1ea7-43d2-805a-8080eeae9985_1035-99,dd508a2a-1ea7-43d2-805a-8080eeae9985,1035.99,True,True,True,iiith,Attending religious activity,False,False,,Cooperation|Communication/Legibility|Politeness
c586c267-9ac3-45d5-a9aa-6deab0b9608d_246-72,c586c267-9ac3-45d5-a9aa-6deab0b9608d,246.72,True,True,True,minnesota,Cleaning / laundry,False,False,,Politeness|Communication/Legibility
07ad0112-22da-4f0e-be4f-2debe7fec15c_608-22,07ad0112-22da-4f0e-be4f-2debe7fec15c,608.22,True,False,False,cmu,Car mechanic,False,False,,Safety
a8197601-7474-4cb0-8d08-e8a8febcecfc_997-91,a8197601-7474-4cb0-8d08-e8a8febcecfc,997.91,True,False,False,kaust,Bike|Cycling / jogging,False,False,,Safety|Proxemics
eefcde42-5ea1-4a85-9f34-72c3ceca50f6_817-78,eefcde42-5ea1-4a85-9f34-72c3ceca50f6,817.78,True,True,True,iiith,"jobs related to construction/renovation company
(Director of work, tiler, plumber, Electrician, Handyman, etc)",False,False,,Safety|Cooperation|Communication/Legibility
fb92d350-9bf9-4b16-8a1f-7858de276226_1246-08,fb92d350-9bf9-4b16-8a1f-7858de276226,1246.08,True,False,False,uniandes,Hair and Makeup stylist|Indoor Navigation (walking)|On a screen (phone/laptop),False,False,,Safety|Politeness
d6f9d174-2d42-49e7-83e4-daa9e8b0aa25_211-63,d6f9d174-2d42-49e7-83e4-daa9e8b0aa25,211.63,True,True,True,frl_track_1_public,"Clothes, other shopping",False,False,,Politeness|Communication/Legibility
d64fb34a-08fd-416c-ac6f-86a0813869a8_290-32,d64fb34a-08fd-416c-ac6f-86a0813869a8,290.32,True,True,True,minnesota,Cleaning / laundry|Household management - caring for kids,False,False,,Proxemics|Cooperation
5ead8e7c-2600-44b1-afd6-b82cb5f7b9ce_568-30,5ead8e7c-2600-44b1-afd6-b82cb5f7b9ce,568.3,True,True,True,minnesota,Baseball|Going to the park,False,False,,Cooperation
5b0225e8-b81b-42fe-aa08-b0732b46c8bd_1131-66,5b0225e8-b81b-42fe-aa08-b0732b46c8bd,1131.66,True,False,False,minnesota,Camp setup/pack-up/chores,False,False,,Proxemics|Politeness
b5c3c1e3-7ee7-4b4a-b938-4d008d5aa49b_521-60,b5c3c1e3-7ee7-4b4a-b938-4d008d5aa49b,521.6,True,True,True,nus,"Going to a salon (nail, hair, spa)",False,False,,Politeness|Communication/Legibility
2911fa95-30ca-4524-8876-85a90f1fd221_19-38,2911fa95-30ca-4524-8876-85a90f1fd221,19.38,True,False,False,cmu,"jobs related to construction/renovation company
(Director of work, tiler, plumber, Electrician, Handyman, etc)",False,False,,Communication/Legibility|Cooperation|Safety
8672b38a-7682-4244-ad7a-a336c81c2d0e_1056-99,8672b38a-7682-4244-ad7a-a336c81c2d0e,1056.99,True,True,True,frl_track_1_public,"Clothes, other shopping",False,False,,Politeness|Communication/Legibility
695cefe9-04c0-42fb-80fc-d308b314b788_443-90,695cefe9-04c0-42fb-80fc-d308b314b788,443.9,True,True,True,frl_track_1_public,Making coffee,False,False,,Communication/Legibility|Politeness
214b62df-2fb1-4b0e-af9d-42b0dd37defb_800-76,214b62df-2fb1-4b0e-af9d-42b0dd37defb,800.76,True,False,False,uniandes,Hair and Makeup stylist|Indoor Navigation (walking)|On a screen (phone/laptop),False,False,,Politeness
c25111f0-0c78-4bf8-a16d-57a6c25c2169_3852-71,c25111f0-0c78-4bf8-a16d-57a6c25c2169,3852.71,True,False,False,uniandes,On a screen (phone/laptop)|Tourism|Walking on street,False,False,,Communication/Legibility|Politeness
8fafc02a-ef7a-46f4-ae97-b0c68c8bb207_14026-98,8fafc02a-ef7a-46f4-ae97-b0c68c8bb207,14026.98,True,False,False,uniandes,On a screen (phone/laptop)|Tourism|Walking on street,False,False,,Proxemics
cfc42371-cd58-48df-8bc5-f2fb29a6091e_1273-98,cfc42371-cd58-48df-8bc5-f2fb29a6091e,1273.98,True,True,True,minnesota,Talking with family members,False,False,,Safety|Cooperation
3455a3f3-1657-46bb-ae42-52d16ec5ffaa_6236-63,3455a3f3-1657-46bb-ae42-52d16ec5ffaa,6236.63,True,False,False,uniandes,On a screen (phone/laptop)|Tourism|Walking on street,False,False,,Safety|Cooperation|Communication/Legibility
998d4e6e-f579-4872-b706-767c5f392825_4762-05,998d4e6e-f579-4872-b706-767c5f392825,4762.05,True,True,True,iiith,Blacksmith,False,False,,Safety|Cooperation
786877d8-e353-4fae-b488-8d7443646882_952-74,786877d8-e353-4fae-b488-8d7443646882,952.74,True,False,False,uniandes,Dancing,False,False,,Proxemics
ca800ee3-fea2-4825-ba1d-8eaace908135_5734-95,ca800ee3-fea2-4825-ba1d-8eaace908135,5734.95,True,False,False,uniandes,Climbing|Eating at a restaurant|Indoor Navigation (walking)|On a screen (phone/laptop)|Walking on street,False,False,,Politeness|Communication/Legibility
998d4e6e-f579-4872-b706-767c5f392825_2418-72,998d4e6e-f579-4872-b706-767c5f392825,2418.72,True,True,True,iiith,Blacksmith,False,False,,Safety|Cooperation
fe0d5ffc-686e-4846-bce0-1a18e513bf95_483-81,fe0d5ffc-686e-4846-bce0-1a18e513bf95,483.81,True,True,True,iiith,Pulp Traces Factory (Egges),False,False,,Politeness|Coordination/Proactivity
d7480d27-f607-4a5a-8c31-9d299f70a4b8_1934-95,d7480d27-f607-4a5a-8c31-9d299f70a4b8,1934.95,True,True,True,iiith,Farmer,False,False,,Safety|Cooperation
214b62df-2fb1-4b0e-af9d-42b0dd37defb_2181-76,214b62df-2fb1-4b0e-af9d-42b0dd37defb,2181.76,True,False,False,uniandes,Hair and Makeup stylist|Indoor Navigation (walking)|On a screen (phone/laptop),False,False,,Proxemics|Politeness
bf9354ab-541d-4c1c-aa3e-8a3bfd8fb51b_443-31,bf9354ab-541d-4c1c-aa3e-8a3bfd8fb51b,443.31,True,False,False,kaust,Bike|Cycling / jogging,False,False,,Cooperation|Coordination/Proactivity
d3de44fb-a6e8-4815-b28f-798de4bfd7eb_1337-08,d3de44fb-a6e8-4815-b28f-798de4bfd7eb,1337.08,True,True,True,iiith,Blacksmith,False,False,,Proxemics|Coordination/Proactivity|Cooperation
8d4adc89-dcec-42ca-aebc-0d05cafa8f26_21-35,8d4adc89-dcec-42ca-aebc-0d05cafa8f26,21.35,True,True,True,minnesota,Cleaning / laundry,False,False,,Cooperation|Communication/Legibility
10a848ed-f258-4930-abdd-1fd60b788abc_75-21,10a848ed-f258-4930-abdd-1fd60b788abc,75.21,True,False,False,minnesota,Playing with pets|Walking the dog / pet,False,False,,Safety|Coordination/Proactivity
9520f703-8904-4123-bd7f-873b0b42074b_989-29,9520f703-8904-4123-bd7f-873b0b42074b,989.29,True,True,True,frl_track_1_public,Grocery shopping indoors,False,False,,Communication/Legibility
dd82f801-fc96-4ced-b066-ad559da3faab_621-91,dd82f801-fc96-4ced-b066-ad559da3faab,621.91,True,True,True,minnesota,BBQ'ing/picnics,False,False,,Safety
d6f9d174-2d42-49e7-83e4-daa9e8b0aa25_270-04,d6f9d174-2d42-49e7-83e4-daa9e8b0aa25,270.04,True,True,True,frl_track_1_public,"Clothes, other shopping",False,False,,Politeness|Cooperation
81fb9f8f-be18-4833-a899-4fbcef82a634_2169-64,81fb9f8f-be18-4833-a899-4fbcef82a634,2169.64,True,True,True,iiith,Cooking,False,False,,Cooperation|Politeness
8dd6490b-6291-4793-b05e-79250f87925f_1530-13,8dd6490b-6291-4793-b05e-79250f87925f,1530.13,True,True,True,minnesota,Household management - caring for kids,False,False,,Politeness|Communication/Legibility
2d01625b-b7c4-41aa-989b-2d0b392d8b54_113-94,2d01625b-b7c4-41aa-989b-2d0b392d8b54,113.94,True,True,True,frl_track_1_public,Grocery shopping indoors,False,False,train,Politeness|Communication/Legibility
a6264c7d-d42a-4708-8fc2-b35ad0c5fe42_55-09,a6264c7d-d42a-4708-8fc2-b35ad0c5fe42,55.09,True,True,True,minnesota,Fixing something in the home|Talking with family members,False,False,,Safety|Cooperation
428a80ce-ccc8-46e3-9cbb-419d224f148a_679-57,428a80ce-ccc8-46e3-9cbb-419d224f148a,679.57,True,True,True,frl_track_1_public,"Clothes, other shopping",False,False,,Politeness|Communication/Legibility
989f3c2c-edd2-4f30-9925-56771e2bf7cc_6720-40,989f3c2c-edd2-4f30-9925-56771e2bf7cc,6720.4,True,False,False,uniandes,"Car - commuting, road trip|Eating at a restaurant|Going to the park|Hiking|Indoor Navigation (walking)|On a screen (phone/laptop)|Visiting exhibition",False,False,,Safety
969866a7-2393-4bca-851a-885ddd7f627d_2662-28,969866a7-2393-4bca-851a-885ddd7f627d,2662.28,True,False,False,kaust,Indoor Navigation (walking)|Playing with pets|Talking on the phone|Talking to colleagues|Walking on street|Walking the dog / pet,False,False,,Safety
85b87948-4578-4912-95cb-addd19cfd31a_3435-98,85b87948-4578-4912-95cb-addd19cfd31a,3435.98,True,True,True,iiith,Farmer,False,False,,Cooperation|Coordination/Proactivity
b08cc451-bab8-4ab1-a0a2-102582d9f778_398-19,b08cc451-bab8-4ab1-a0a2-102582d9f778,398.19,True,False,False,minnesota,Cooking,False,False,,Politeness
cfc42371-cd58-48df-8bc5-f2fb29a6091e_1271-05,cfc42371-cd58-48df-8bc5-f2fb29a6091e,1271.05,True,True,True,minnesota,Talking with family members,False,False,,Safety|Politeness|Communication/Legibility
e3f37c38-bf24-481f-b1c6-8d472fab4290_3800-16,e3f37c38-bf24-481f-b1c6-8d472fab4290,3800.16,True,True,True,iiith,Blacksmith,False,False,,Safety|Cooperation|Coordination/Proactivity
2ebcbb25-b099-44fa-8e8d-94d574413db9_5599-48,2ebcbb25-b099-44fa-8e8d-94d574413db9,5599.48,True,False,False,uniandes,Climbing|Eating at a restaurant|Indoor Navigation (walking)|On a screen (phone/laptop)|Walking on street,False,False,,Politeness|Communication/Legibility|Cooperation
2ac65951-49b0-4629-981e-edc34b8cdb0f_1091-69,2ac65951-49b0-4629-981e-edc34b8cdb0f,1091.69,True,True,True,minnesota,Walking the dog / pet,False,False,,Proxemics
c34effc7-6198-4c85-80c7-c8be85b77dd3_5191-41,c34effc7-6198-4c85-80c7-c8be85b77dd3,5191.41,True,False,False,uniandes,Hair and Makeup stylist|Indoor Navigation (walking)|On a screen (phone/laptop),False,False,,
93a5f8cb-d7eb-4e5a-9913-77ef1487ce61_3858-22,93a5f8cb-d7eb-4e5a-9913-77ef1487ce61,3858.22,True,False,False,kaust,Cycling / jogging|Working out at home|Yoga practice,False,False,,
42d72164-8f4a-49e4-8b95-b3ad423ba65b_1575-60,42d72164-8f4a-49e4-8b95-b3ad423ba65b,1575.6,True,False,False,uniandes,Hair and Makeup stylist|Indoor Navigation (walking)|On a screen (phone/laptop),False,False,,
af400f98-3c57-46ad-acac-eaca6f940180_3131-59,af400f98-3c57-46ad-acac-eaca6f940180,3131.59,True,True,True,iiith,Working out outside,False,False,,Proxemics|Coordination/Proactivity
5a009b9f-fed2-45a8-8006-b59b655334d1_50-58,5a009b9f-fed2-45a8-8006-b59b655334d1,50.58,True,False,False,minnesota,Camp setup/pack-up/chores,False,False,,Cooperation|Coordination/Proactivity
4bf46557-3c5a-4a89-840d-158403590c9f_3598-37,4bf46557-3c5a-4a89-840d-158403590c9f,3598.37,True,True,True,iiith,Pulp Traces Factory (Egges),False,False,,Cooperation|Coordination/Proactivity
d0396c77-6ecc-4d9f-bda1-af051699d0cf_1049-41,d0396c77-6ecc-4d9f-bda1-af051699d0cf,1049.41,True,True,True,iiith,"jobs related to construction/renovation company
(Director of work, tiler, plumber, Electrician, Handyman, etc)",False,False,,Cooperation
ed792c47-5cb3-427c-a0e9-5dac33456e6a_662-64,ed792c47-5cb3-427c-a0e9-5dac33456e6a,662.64,True,True,True,iiith,Farmer,False,False,,Cooperation|Coordination/Proactivity
22f68c6a-b8dd-44e6-b1fe-d4e619e72f59_662-18,22f68c6a-b8dd-44e6-b1fe-d4e619e72f59,662.18,True,False,False,cmu,Doing yardwork / shoveling snow,False,False,,Safety|Cooperation
3fffb452-1c17-43fa-b473-c9e19ac21433_2774-23,3fffb452-1c17-43fa-b473-c9e19ac21433,2774.23,True,False,False,unict,Baker,False,False,,Politeness|Coordination/Proactivity
3efc152d-ea0e-4372-b552-7d5e1cf07259_6416-63,3efc152d-ea0e-4372-b552-7d5e1cf07259,6416.63,True,False,False,uniandes,Eating at a restaurant|Hiking|Indoor Navigation (walking)|On a screen (phone/laptop)|Talking with friends/housemates,False,False,,Privacy
38b56399-3b1c-421d-8a80-1e5f54fcd667_806-77,38b56399-3b1c-421d-8a80-1e5f54fcd667,806.77,True,False,False,unict,,False,False,,
06cf946b-4713-4ca2-addf-55ce95a26d98_1071-13,06cf946b-4713-4ca2-addf-55ce95a26d98,1071.13,True,True,True,iiith,Cooking,False,False,,Politeness
d0396c77-6ecc-4d9f-bda1-af051699d0cf_4546-97,d0396c77-6ecc-4d9f-bda1-af051699d0cf,4546.97,True,True,True,iiith,"jobs related to construction/renovation company
(Director of work, tiler, plumber, Electrician, Handyman, etc)",False,False,,Cooperation|Coordination/Proactivity|Communication/Legibility
a4bbdddc-c222-4535-a616-57ccbc8f9b9e_4898-52,a4bbdddc-c222-4535-a616-57ccbc8f9b9e,4898.52,True,False,False,uniandes,Hiking|On a screen (phone/laptop)|Talking with friends/housemates,False,False,,Cooperation|Coordination/Proactivity
70c8bd4f-bfe1-4fb5-82ad-7d763cc28935_732-98,70c8bd4f-bfe1-4fb5-82ad-7d763cc28935,732.98,True,False,False,unict,Scooter mechanic,False,False,,Safety|Cooperation
22653c79-369f-4a0d-a663-33a1da378fe0_245-16,22653c79-369f-4a0d-a663-33a1da378fe0,245.16,True,False,False,cmu,"jobs related to construction/renovation company
(Director of work, tiler, plumber, Electrician, Handyman, etc)",False,False,,Proxemics|Coordination/Proactivity|Cooperation
b79c342b-db1e-407e-958a-e1585c6c3ddd_3-67,b79c342b-db1e-407e-958a-e1585c6c3ddd,3.67,True,False,False,minnesota,"Car - commuting, road trip",False,False,,Safety
087e11d0-5984-4365-989d-7365294ddaec_7175-71,087e11d0-5984-4365-989d-7365294ddaec,7175.71,True,False,False,uniandes,Climbing|Eating at a restaurant|Indoor Navigation (walking)|On a screen (phone/laptop)|Walking on street,False,False,,Cooperation|Coordination/Proactivity
2dbdd409-0be0-447c-8ae8-3f107fe9af80_1872-88,2dbdd409-0be0-447c-8ae8-3f107fe9af80,1872.88,True,True,True,nus,"Going to a salon (nail, hair, spa)",False,False,,Politeness
8bb4369f-a6e0-45a3-9d2d-fd5d5c686ccc_70-57,8bb4369f-a6e0-45a3-9d2d-fd5d5c686ccc,70.57,True,True,True,kaust,"Walking the dog / pet|Washing the dog / pet, grooming horse",False,False,,Politeness|Proxemics
d3f76c88-5996-4da0-8b8f-6c1b8f85a4d8_5099-68,d3f76c88-5996-4da0-8b8f-6c1b8f85a4d8,5099.68,True,True,True,iiith,Blacksmith,False,False,,Cooperation|Politeness
9490a06b-3fa1-47b6-b470-facb3d61ac57_1071-05,9490a06b-3fa1-47b6-b470-facb3d61ac57,1071.05,True,True,True,nus,Taking photos in photography studio|Talking with friends/housemates,False,False,,Proxemics
be7ede7a-c212-45ff-8601-e15dd2f7e531_1651-77,be7ede7a-c212-45ff-8601-e15dd2f7e531,1651.77,True,True,True,minnesota,"BasketBall|Car - commuting, road trip",False,False,,Safety|Cooperation
087e11d0-5984-4365-989d-7365294ddaec_3198-91,087e11d0-5984-4365-989d-7365294ddaec,3198.91,True,False,False,uniandes,Climbing|Eating at a restaurant|Indoor Navigation (walking)|On a screen (phone/laptop)|Walking on street,False,False,,Politeness|Communication/Legibility
3761fbb4-3e0e-4b15-a277-fec95edacf04_4702-37,3761fbb4-3e0e-4b15-a277-fec95edacf04,4702.37,True,True,True,iiith,Crafting/knitting/sewing/drawing/painting,False,False,,Politeness|Communication/Legibility|Cooperation
c0a19ccf-66ad-44b5-9b3d-2f20d49bc0a8_296-47,c0a19ccf-66ad-44b5-9b3d-2f20d49bc0a8,296.47,True,True,True,frl_track_1_public,Eating,False,False,,Politeness|Communication/Legibility
2680068d-b3ae-42d8-971f-e842c2d4fbb4_1248-72,2680068d-b3ae-42d8-971f-e842c2d4fbb4,1248.72,True,True,True,frl_track_1_public,Eating,False,False,,Politeness|Coordination/Proactivity
e9e0f26d-3005-436a-a70f-7d99977808c8_1554-09,e9e0f26d-3005-436a-a70f-7d99977808c8,1554.09,True,True,True,minnesota,Baseball,False,False,,Politeness|Proxemics
d1a27322-8acd-4297-9029-db45af8d7cc2_127-67,d1a27322-8acd-4297-9029-db45af8d7cc2,127.67,True,False,False,unict,,False,False,,Politeness
42d72164-8f4a-49e4-8b95-b3ad423ba65b_1273-76,42d72164-8f4a-49e4-8b95-b3ad423ba65b,1273.76,True,False,False,uniandes,Hair and Makeup stylist|Indoor Navigation (walking)|On a screen (phone/laptop),False,False,,Politeness|Cooperation
edd0cb68-87be-4cfe-9f2d-b0b64ea8d3e2_2291-45,edd0cb68-87be-4cfe-9f2d-b0b64ea8d3e2,2291.45,True,False,False,uniandes,Climbing|Eating at a restaurant|Indoor Navigation (walking)|On a screen (phone/laptop)|Walking on street,False,False,,Cooperation|Proxemics|Safety
1a2a8e0b-747e-43e3-9618-fc3f55f662b6_0-00,1a2a8e0b-747e-43e3-9618-fc3f55f662b6,0.0,True,False,False,minnesota,Doing yardwork / shoveling snow,False,False,,Cooperation|Coordination/Proactivity
3761fbb4-3e0e-4b15-a277-fec95edacf04_1783-59,3761fbb4-3e0e-4b15-a277-fec95edacf04,1783.59,True,True,True,iiith,Crafting/knitting/sewing/drawing/painting,False,False,,Politeness|Communication/Legibility|Cooperation
878666b9-5f3d-476a-960f-3a5d02da7619_15170-34,878666b9-5f3d-476a-960f-3a5d02da7619,15170.34,True,False,False,uniandes,Eating at a restaurant|Hiking|Indoor Navigation (walking)|On a screen (phone/laptop)|Talking with friends/housemates,False,False,,Politeness|Communication/Legibility|Cooperation
998d4e6e-f579-4872-b706-767c5f392825_5068-97,998d4e6e-f579-4872-b706-767c5f392825,5068.97,True,True,True,iiith,Blacksmith,False,False,,Cooperation|Coordination/Proactivity
4b5de875-cc82-494e-b768-8ac0ae3bb279_1405-68,4b5de875-cc82-494e-b768-8ac0ae3bb279,1405.68,True,True,True,bristol,Practicing a musical instrument,False,False,,Safety|Coordination/Proactivity
214b62df-2fb1-4b0e-af9d-42b0dd37defb_1128-08,214b62df-2fb1-4b0e-af9d-42b0dd37defb,1128.08,True,False,False,uniandes,Hair and Makeup stylist|Indoor Navigation (walking)|On a screen (phone/laptop),False,False,,Proxemics
e99a32fa-19c9-41e6-be66-37869bd26583_542-40,e99a32fa-19c9-41e6-be66-37869bd26583,542.4,True,True,True,iiith,Working out outside,False,False,,Proxemics
a40f2c59-c795-4893-9ec5-6a58632a2b49_635-34,a40f2c59-c795-4893-9ec5-6a58632a2b49,635.34,True,False,False,kaust,Bus|Indoor Navigation (walking)|Talking to colleagues|Walking on street,False,False,,
eb20bebd-41e5-4a02-aa7e-73d3da5bc97e_275-45,eb20bebd-41e5-4a02-aa7e-73d3da5bc97e,275.45,True,False,False,uniandes,Hair and Makeup stylist|Indoor Navigation (walking)|On a screen (phone/laptop),False,False,,Privacy
5b0225e8-b81b-42fe-aa08-b0732b46c8bd_1130-47,5b0225e8-b81b-42fe-aa08-b0732b46c8bd,1130.47,True,False,False,minnesota,Camp setup/pack-up/chores,False,False,,Safety|Coordination/Proactivity
8caa3009-10ad-407b-b837-ec1a26759089_1828-86,8caa3009-10ad-407b-b837-ec1a26759089,1828.86,True,True,True,iiith,"Car - commuting, road trip",False,False,,Politeness|Cooperation
b4b27c5b-2b73-4083-a41c-a6a960475c1a_1618-99,b4b27c5b-2b73-4083-a41c-a6a960475c1a,1618.99,True,True,True,frl_track_1_public,"Clothes, other shopping",False,False,,Cooperation|Communication/Legibility
3ce37765-7d70-4dd6-991c-a83286ba05b2_1423-56,3ce37765-7d70-4dd6-991c-a83286ba05b2,1423.56,True,False,False,cmu,Carpenter,False,False,,Safety|Cooperation
720da14e-0ef5-4968-87e9-270fce0a9a18_73-28,720da14e-0ef5-4968-87e9-270fce0a9a18,73.28,True,True,True,minnesota,Household management - caring for kids,False,False,,Cooperation
11f247e0-179a-4b9d-8244-16fb918010a1_1106-33,11f247e0-179a-4b9d-8244-16fb918010a1,1106.33,True,False,False,minnesota,Walking the dog / pet,False,False,,Safety|Cooperation
35d92405-7ebf-4e54-8b9a-7cce8af30a79_63-09,35d92405-7ebf-4e54-8b9a-7cce8af30a79,63.09,True,True,True,frl_track_1_public,Making coffee,False,False,,Politeness|Communication/Legibility|Proxemics
01db7c39-a512-4bac-b284-dff8c7360e80_385-35,01db7c39-a512-4bac-b284-dff8c7360e80,385.35,True,False,False,cmu,Carpenter,False,False,,Safety|Cooperation
43da1507-f497-4393-85a0-08196c04e16b_2646-34,43da1507-f497-4393-85a0-08196c04e16b,2646.34,True,True,True,frl_track_1_public,Practicing a musical instrument,False,False,,
7c1c5dca-5856-4997-8cda-9fa3bca10a3b_1973-06,7c1c5dca-5856-4997-8cda-9fa3bca10a3b,1973.06,True,True,True,iiith,Carpenter,False,False,,Cooperation|Coordination/Proactivity
eabf19d3-4e52-4aee-8f14-5118626a078f_778-52,eabf19d3-4e52-4aee-8f14-5118626a078f,778.52,True,True,True,minnesota,Walking on street,False,False,,Proxemics|Coordination/Proactivity
65d6d7a3-11f7-4472-82b9-527ca04fe25b_633-02,65d6d7a3-11f7-4472-82b9-527ca04fe25b,633.02,True,True,True,nus,Taking photos in photography studio|Talking with friends/housemates,False,False,,Communication/Legibility|Cooperation
2a97736a-4fff-4753-84de-e6586a5603cc_185-44,2a97736a-4fff-4753-84de-e6586a5603cc,185.44,True,False,False,kaust,Bike|Going to the park,False,False,,Safety|Cooperation|Proxemics
dd508a2a-1ea7-43d2-805a-8080eeae9985_886-44,dd508a2a-1ea7-43d2-805a-8080eeae9985,886.44,True,True,True,iiith,Attending religious activity,False,False,,Cooperation
615c5cd1-1dab-4667-94ce-30bfe52e7cd4_821-72,615c5cd1-1dab-4667-94ce-30bfe52e7cd4,821.72,True,True,True,kaust,Cleaning / laundry|Cooking|Eating|Household management - caring for kids|Talking on the phone|Talking with family members,False,False,,Cooperation|Coordination/Proactivity
d36cf2fd-8916-4b69-b7a2-e9743675fb38_3851-77,d36cf2fd-8916-4b69-b7a2-e9743675fb38,3851.77,True,False,False,kaust,Roller skating,False,False,,Safety
9d965c16-0014-45e5-b37b-50a786971470_2476-67,9d965c16-0014-45e5-b37b-50a786971470,2476.67,True,False,False,uniandes,Climbing|Eating at a restaurant|Indoor Navigation (walking)|On a screen (phone/laptop)|Walking on street,False,False,,Safety|Cooperation|Trust
2a97736a-4fff-4753-84de-e6586a5603cc_297-35,2a97736a-4fff-4753-84de-e6586a5603cc,297.35,True,False,False,kaust,Bike|Going to the park,False,False,,Safety|Proxemics
7ff0900d-1bca-4aa7-aedd-ab0fb0a12371_0-04,7ff0900d-1bca-4aa7-aedd-ab0fb0a12371,0.04,True,True,False,frl_track_1_public,Handyman|Practicing a musical instrument,False,False,,Cooperation|Communication/Legibility
d55c3204-8dfe-44c4-8822-d748e6fe6d8a_600-02,d55c3204-8dfe-44c4-8822-d748e6fe6d8a,600.02,True,False,False,kaust,Eating|Grocery shopping indoors|Talking to colleagues,False,False,,Communication/Legibility
63d56e4c-e454-48c2-a8f2-5bc2c34622ca_172-69,63d56e4c-e454-48c2-a8f2-5bc2c34622ca,172.69,True,True,True,frl_track_1_public,"Clothes, other shopping",False,False,,Proxemics|Politeness|Cooperation
e54d654b-86ca-4219-bbf4-68575fffa098_2992-60,e54d654b-86ca-4219-bbf4-68575fffa098,2992.6,True,False,False,uniandes,On a screen (phone/laptop)|Tourism|Walking on street,False,False,,
45c274b8-54e6-4187-9fd9-73c0b0ada28d_1281-25,45c274b8-54e6-4187-9fd9-73c0b0ada28d,1281.25,True,True,True,nus,Eating at a restaurant|Talking with family members|Talking with friends/housemates,False,False,,Communication/Legibility
d27c5c7e-db9c-48f4-bea5-9970078d352e_1570-49,d27c5c7e-db9c-48f4-bea5-9970078d352e,1570.49,True,False,False,minnesota,Camp setup/pack-up/chores,False,False,,Proxemics|Politeness
fd2ae8b4-b683-4c4b-935c-78b4dadbdbf8_3041-68,fd2ae8b4-b683-4c4b-935c-78b4dadbdbf8,3041.68,True,False,False,uniandes,Hair and Makeup stylist|Indoor Navigation (walking)|On a screen (phone/laptop),False,False,,Politeness|Communication/Legibility
fe0b10e2-7fbb-4abc-ab5f-87ffaef34b3f_111-04,fe0b10e2-7fbb-4abc-ab5f-87ffaef34b3f,111.04,True,False,False,cmu,Car mechanic,False,False,,Cooperation|Communication/Legibility|Safety
5f0ed597-4f1e-4075-81dc-64a3c0bb81f3_3-80,5f0ed597-4f1e-4075-81dc-64a3c0bb81f3,3.8,True,True,False,frl_track_1_public,"Clothes, other shopping",False,False,,Politeness|Communication/Legibility
fb92d350-9bf9-4b16-8a1f-7858de276226_32-25,fb92d350-9bf9-4b16-8a1f-7858de276226,32.25,True,False,False,uniandes,Hair and Makeup stylist|Indoor Navigation (walking)|On a screen (phone/laptop),False,False,,Politeness|Privacy
53e92e25-fe03-4311-9a17-c4f6a29ccad1_3512-58,53e92e25-fe03-4311-9a17-c4f6a29ccad1,3512.58,True,True,True,iiith,Blacksmith,False,False,,Cooperation|Politeness|Communication/Legibility
ab865129-78fa-47d4-8a50-ff8c5533246f_318-49,ab865129-78fa-47d4-8a50-ff8c5533246f,318.49,True,True,True,nus,Taking photos in photography studio|Talking with friends/housemates,False,False,,Cooperation|Communication/Legibility
b8ba4ac1-4134-44aa-99db-25efaa058e98_277-37,b8ba4ac1-4134-44aa-99db-25efaa058e98,277.37,True,True,True,minnesota,Eating|Playing games / video games,False,False,,Politeness|Proxemics|Communication/Legibility
ab865129-78fa-47d4-8a50-ff8c5533246f_1028-44,ab865129-78fa-47d4-8a50-ff8c5533246f,1028.44,True,True,True,nus,Taking photos in photography studio|Talking with friends/housemates,False,False,,Politeness|Communication/Legibility
ff425cc6-7577-444b-b6f7-e250c22a1ed5_831-75,ff425cc6-7577-444b-b6f7-e250c22a1ed5,831.75,True,True,True,kaust,Cleaning / laundry|Eating|Talking with family members,False,False,,Proxemics|Cooperation
35e004f4-ad64-4835-9358-38a58b431252_2629-86,35e004f4-ad64-4835-9358-38a58b431252,2629.86,True,True,True,kaust,Cleaning / laundry|Cooking|Eating,False,False,,
4b5de875-cc82-494e-b768-8ac0ae3bb279_668-27,4b5de875-cc82-494e-b768-8ac0ae3bb279,668.27,True,True,True,bristol,Practicing a musical instrument,False,False,,Privacy
6b7fc6db-e979-43a0-b61f-7dced89d423d_347-96,6b7fc6db-e979-43a0-b61f-7dced89d423d,347.96,True,True,True,frl_track_1_public,Grocery shopping indoors,False,False,train,Privacy
b4068f40-69e9-4217-81ba-84e59c25f125_887-13,b4068f40-69e9-4217-81ba-84e59c25f125,887.13,True,False,False,minnesota,Working in outdoor store,False,False,,Cooperation|Politeness|Communication/Legibility
078634f1-0e81-455d-b771-3d35b65a2645_411-53,078634f1-0e81-455d-b771-3d35b65a2645,411.53,True,False,False,kaust,Car/scooter washing|Grocery shopping indoors|Walking on street,False,False,,Privacy|Safety
828ef13f-f52a-4a16-b206-4ec7e471f025_274-71,828ef13f-f52a-4a16-b206-4ec7e471f025,274.71,True,False,False,cmu,Car mechanic,False,False,,Safety
033520cd-e7e4-4649-b551-83bb451a4802_382-12,033520cd-e7e4-4649-b551-83bb451a4802,382.12,True,False,False,kaust,Working at desk,False,False,,Cooperation|Proxemics
214b62df-2fb1-4b0e-af9d-42b0dd37defb_1599-71,214b62df-2fb1-4b0e-af9d-42b0dd37defb,1599.71,True,False,False,uniandes,Hair and Makeup stylist|Indoor Navigation (walking)|On a screen (phone/laptop),False,False,,Proxemics|Politeness
9fc3678b-86e2-44ab-adbc-9aeda78ceb60_957-19,9fc3678b-86e2-44ab-adbc-9aeda78ceb60,957.19,True,True,True,iiith,"jobs related to construction/renovation company
(Director of work, tiler, plumber, Electrician, Handyman, etc)",False,False,,Safety|Cooperation
15223229-8273-4f28-9bc0-1266e7c210d8_1078-65,15223229-8273-4f28-9bc0-1266e7c210d8,1078.65,True,True,True,frl_track_1_public,Making coffee,False,False,,Cooperation|Coordination/Proactivity
695cefe9-04c0-42fb-80fc-d308b314b788_1-28,695cefe9-04c0-42fb-80fc-d308b314b788,1.28,True,True,False,frl_track_1_public,Making coffee,False,False,,Proxemics
d64fb34a-08fd-416c-ac6f-86a0813869a8_275-80,d64fb34a-08fd-416c-ac6f-86a0813869a8,275.8,True,True,True,minnesota,Cleaning / laundry|Household management - caring for kids,False,False,,Politeness|Communication/Legibility|Cooperation
9dd29951-5080-4392-8bcd-2446e6af90fe_1166-46,9dd29951-5080-4392-8bcd-2446e6af90fe,1166.46,True,True,True,minnesota,"Car - commuting, road trip|Walking on street",False,False,,Proxemics|Coordination/Proactivity|Cooperation
35b37e37-6bb1-4131-be37-693e9b794a97_1345-02,35b37e37-6bb1-4131-be37-693e9b794a97,1345.02,True,True,True,bristol,Practicing a musical instrument,False,False,,Politeness|Communication/Legibility
89d8c9c5-fa11-4674-b08f-007f81958555_227-24,89d8c9c5-fa11-4674-b08f-007f81958555,227.24,True,True,True,minnesota,Going to the park,False,False,,Safety
7f5ed6e1-aca1-40d5-87c6-d156c5f02263_220-16,7f5ed6e1-aca1-40d5-87c6-d156c5f02263,220.16,True,False,False,minnesota,Camp setup/pack-up/chores,False,False,,Politeness|Privacy
d8915c4c-6534-4b0a-b46a-02a03d8031da_0-20,d8915c4c-6534-4b0a-b46a-02a03d8031da,0.2,True,False,False,minnesota,Outdoor social (includes campfire),False,False,,Cooperation|Politeness
f1253f94-69c2-4f65-b8dc-e0f24c7677b4_1541-37,f1253f94-69c2-4f65-b8dc-e0f24c7677b4,1541.37,True,True,True,iiith,Sleeping,False,False,,Communication/Legibility|Politeness
fb92d350-9bf9-4b16-8a1f-7858de276226_2422-37,fb92d350-9bf9-4b16-8a1f-7858de276226,2422.37,True,False,False,uniandes,Hair and Makeup stylist|Indoor Navigation (walking)|On a screen (phone/laptop),False,False,,Safety|Cooperation
2ec3c123-0a04-46d7-97d5-8b85b5e6d06f_249-67,2ec3c123-0a04-46d7-97d5-8b85b5e6d06f,249.67,True,True,True,iiith,Cycling / jogging,False,False,,Proxemics|Politeness
cebb6331-2a18-454a-862b-3aa502267017_1587-77,cebb6331-2a18-454a-862b-3aa502267017,1587.77,True,True,True,nus,Attending a TA session|Talking to colleagues|Talking with friends/housemates,False,False,train,Proxemics|Communication/Legibility
45ed20a0-ba4b-41f2-9498-6084fc15d1e3_113-72,45ed20a0-ba4b-41f2-9498-6084fc15d1e3,113.72,True,True,True,frl_track_1_public,Making coffee,False,False,,Politeness|Communication/Legibility
cd0c7d35-19cf-4ce2-9b40-0209547acde5_1365-10,cd0c7d35-19cf-4ce2-9b40-0209547acde5,1365.1,True,True,True,frl_track_1_public,"Clothes, other shopping",False,False,,Communication/Legibility|Politeness
89d8c9c5-fa11-4674-b08f-007f81958555_1665-43,89d8c9c5-fa11-4674-b08f-007f81958555,1665.43,True,True,True,minnesota,Going to the park,False,False,,Safety|Coordination/Proactivity|Cooperation
c3acdda3-cd92-48c3-9052-45b57cb27e5a_1467-01,c3acdda3-cd92-48c3-9052-45b57cb27e5a,1467.01,True,True,True,minnesota,Cleaning / laundry,False,False,,Cooperation|Communication/Legibility
53e92e25-fe03-4311-9a17-c4f6a29ccad1_983-79,53e92e25-fe03-4311-9a17-c4f6a29ccad1,983.79,True,True,True,iiith,Blacksmith,False,False,,Cooperation
9490a06b-3fa1-47b6-b470-facb3d61ac57_599-12,9490a06b-3fa1-47b6-b470-facb3d61ac57,599.12,True,True,True,nus,Taking photos in photography studio|Talking with friends/housemates,False,False,,Politeness|Communication/Legibility
8f47201d-0398-4442-af65-0dde73284c7f_1370-37,8f47201d-0398-4442-af65-0dde73284c7f,1370.37,True,True,True,frl_track_1_public,"Clothes, other shopping",False,False,,Politeness|Communication/Legibility
c2071026-add0-4546-8374-b6d04ddd94b1_0-04,c2071026-add0-4546-8374-b6d04ddd94b1,0.04,True,True,False,frl_track_1_public,Talking with friends/housemates,False,False,,Politeness|Communication/Legibility
4930cced-9b84-464e-88ce-3990188efed6_1781-50,4930cced-9b84-464e-88ce-3990188efed6,1781.5,True,True,True,minnesota,Cooking,False,False,,Proxemics|Cooperation
f668b2c9-d376-411b-96e5-7d7379fae824_107-18,f668b2c9-d376-411b-96e5-7d7379fae824,107.18,True,True,True,minnesota,Cooking,False,False,,Cooperation|Communication/Legibility
cd0c7d35-19cf-4ce2-9b40-0209547acde5_1447-25,cd0c7d35-19cf-4ce2-9b40-0209547acde5,1447.25,True,True,True,frl_track_1_public,"Clothes, other shopping",False,False,,Politeness|Proxemics|Cooperation
d7d516f6-4ba0-4ea7-a18f-f943abc50ff8_869-60,d7d516f6-4ba0-4ea7-a18f-f943abc50ff8,869.6,True,True,True,iiith,"jobs related to construction/renovation company
(Director of work, tiler, plumber, Electrician, Handyman, etc)",False,False,,Cooperation|Coordination/Proactivity
b4814b66-f564-48cb-a11f-3b0a1ee73704_42-69,b4814b66-f564-48cb-a11f-3b0a1ee73704,42.69,True,False,False,minnesota,Playing with pets,False,False,,Politeness
64792a03-b8ea-4fdc-96d8-1e1199b73658_1352-24,64792a03-b8ea-4fdc-96d8-1e1199b73658,1352.24,True,True,True,nus,Attending a TA session|Talking to colleagues|Talking with friends/housemates,False,False,,Politeness|Communication/Legibility
62103d3d-d89d-4f54-a766-1beb22eb994b_617-19,62103d3d-d89d-4f54-a766-1beb22eb994b,617.19,True,True,True,iiith,Pulp Traces Factory (Egges),False,False,,Proxemics
ecdc4071-1903-4024-a357-d0082720168e_454-42,ecdc4071-1903-4024-a357-d0082720168e,454.42,True,False,False,minnesota,Camp setup/pack-up/chores,False,False,,Cooperation|Proxemics
4efdd63d-515c-401a-a5b0-e2c84cbee0e6_2722-42,4efdd63d-515c-401a-a5b0-e2c84cbee0e6,2722.42,True,False,False,uniandes,Hiking|On a screen (phone/laptop)|Talking with friends/housemates,False,False,,Politeness|Communication/Legibility
c2d28dd4-4416-4300-bbbe-23911487776a_3669-01,c2d28dd4-4416-4300-bbbe-23911487776a,3669.01,True,False,False,uniandes,Climbing,False,False,,Safety|Cooperation
7c1c5dca-5856-4997-8cda-9fa3bca10a3b_37-44,7c1c5dca-5856-4997-8cda-9fa3bca10a3b,37.44,True,True,True,iiith,Carpenter,False,False,,
fb92d350-9bf9-4b16-8a1f-7858de276226_2423-62,fb92d350-9bf9-4b16-8a1f-7858de276226,2423.62,True,False,False,uniandes,Hair and Makeup stylist|Indoor Navigation (walking)|On a screen (phone/laptop),False,False,,Proxemics|Politeness
fd2ae8b4-b683-4c4b-935c-78b4dadbdbf8_2447-28,fd2ae8b4-b683-4c4b-935c-78b4dadbdbf8,2447.28,True,False,False,uniandes,Hair and Makeup stylist|Indoor Navigation (walking)|On a screen (phone/laptop),False,False,,Safety|Politeness
6306375a-1533-4f3c-843b-0cd51b4bf449_1-23,6306375a-1533-4f3c-843b-0cd51b4bf449,1.23,True,True,False,frl_track_1_public,Handyman|Practicing a musical instrument,False,False,,Communication/Legibility|Cooperation
261edec2-f089-4a74-b25f-ddf32c92f90c_801-93,261edec2-f089-4a74-b25f-ddf32c92f90c,801.93,True,False,False,kaust,"Car - commuting, road trip",False,False,,Safety|Cooperation
db35b386-4c65-4c5e-a488-51b2aa5eb1fb_1982-83,db35b386-4c65-4c5e-a488-51b2aa5eb1fb,1982.83,True,True,True,iiith,Pulp Traces Factory (Egges),False,False,,Politeness|Proxemics|Communication/Legibility
e95dbd21-3017-48f5-8f36-46531f053ab1_835-77,e95dbd21-3017-48f5-8f36-46531f053ab1,835.77,True,True,True,frl_track_1_public,Grocery shopping indoors,False,False,,Politeness|Proxemics
6fc30ceb-ace8-49f8-8244-71f14c6d773c_936-70,6fc30ceb-ace8-49f8-8244-71f14c6d773c,936.7,True,True,True,minnesota,Doing yardwork / shoveling snow,False,False,,Communication/Legibility|Politeness
6b7fc6db-e979-43a0-b61f-7dced89d423d_229-56,6b7fc6db-e979-43a0-b61f-7dced89d423d,229.56,True,True,True,frl_track_1_public,Grocery shopping indoors,False,False,train,Communication/Legibility|Politeness
57467033-41ad-48f8-bc45-26f0b92a1b48_681-96,57467033-41ad-48f8-bc45-26f0b92a1b48,681.96,True,True,True,frl_track_1_public,Eating,False,False,,Proxemics|Cooperation
1fe55d7f-85e4-4cb5-a536-7a2aa623630b_1246-18,1fe55d7f-85e4-4cb5-a536-7a2aa623630b,1246.18,True,False,False,uniandes,"Car - commuting, road trip|Eating at a restaurant|Going to the park|Hiking|Indoor Navigation (walking)|On a screen (phone/laptop)|Visiting exhibition",False,False,,Cooperation|Politeness|Proxemics
6b6fde45-51e9-4c60-8305-27e45883ee7b_270-11,6b6fde45-51e9-4c60-8305-27e45883ee7b,270.11,True,False,False,unict,,False,False,,Proxemics|Politeness
98334b78-967f-4980-ba86-56d34b4aaf2e_1109-83,98334b78-967f-4980-ba86-56d34b4aaf2e,1109.83,True,True,True,frl_track_1_public,Grocery shopping indoors,False,False,train,Politeness|Communication/Legibility|Cooperation
2cd9a214-b950-49b6-aa04-0cfd0f85fe5f_528-48,2cd9a214-b950-49b6-aa04-0cfd0f85fe5f,528.48,True,False,False,kaust,Bike,False,False,,Proxemics|Communication/Legibility
d8936caf-0142-4ceb-bacc-70313a19f169_888-66,d8936caf-0142-4ceb-bacc-70313a19f169,888.66,True,False,False,minnesota,Cooking,False,False,,
6322a6f2-f271-4335-bf46-d428a5a58298_0-02,6322a6f2-f271-4335-bf46-d428a5a58298,0.02,True,True,False,nus,Eating in hawker center|Talking with friends/housemates,False,False,train,Communication/Legibility|Cooperation
2dbdd409-0be0-447c-8ae8-3f107fe9af80_164-34,2dbdd409-0be0-447c-8ae8-3f107fe9af80,164.34,True,True,True,nus,"Going to a salon (nail, hair, spa)",False,False,,Proxemics|Cooperation
14c123f4-06ab-4b51-aa26-95b0e3adf6eb_61-25,14c123f4-06ab-4b51-aa26-95b0e3adf6eb,61.25,True,True,True,frl_track_1_public,Grocery shopping indoors,False,False,train,Proxemics|Cooperation
54a421d2-763e-4751-a6b4-54e3d6c46cc1_1553-16,54a421d2-763e-4751-a6b4-54e3d6c46cc1,1553.16,True,True,True,minnesota,Household management - caring for kids,False,False,,Cooperation|Politeness
5318b45a-f8be-4ab2-a807-564d734527fb_1369-45,5318b45a-f8be-4ab2-a807-564d734527fb,1369.45,True,True,True,kaust,Watching tv,False,False,,Proxemics|Politeness
8b82db7f-5c39-4850-8a70-97e2615d4faa_508-54,8b82db7f-5c39-4850-8a70-97e2615d4faa,508.54,True,False,False,minnesota,Outdoor technical climbing/belaying/rappelling (includes ropework),False,False,,Cooperation|Communication/Legibility
dced4894-d13a-4222-941b-5e4ecf1e3299_629-13,dced4894-d13a-4222-941b-5e4ecf1e3299,629.13,True,True,True,iiith,Pulp Traces Factory (Egges),False,False,,Cooperation|Communication/Legibility|Politeness
3761fbb4-3e0e-4b15-a277-fec95edacf04_2287-87,3761fbb4-3e0e-4b15-a277-fec95edacf04,2287.87,True,True,True,iiith,Crafting/knitting/sewing/drawing/painting,False,False,,Cooperation|Coordination/Proactivity
c864505c-9d49-4da4-bf7e-254b4c348c03_540-20,c864505c-9d49-4da4-bf7e-254b4c348c03,540.2,True,True,True,nus,Working in milktea shop,False,False,,Politeness|Communication/Legibility
8a0de6d0-5d28-43f5-91e6-48f41eeb3752_1074-03,8a0de6d0-5d28-43f5-91e6-48f41eeb3752,1074.03,True,False,False,unict,,False,False,,Communication/Legibility
baaffbad-76a7-458a-8a54-7b593ab073f6_979-89,baaffbad-76a7-458a-8a54-7b593ab073f6,979.89,True,True,True,iiith,Pulp Traces Factory (Egges),False,False,,Cooperation
600e392c-4be6-4b8b-bef8-e789ce3d8915_7199-73,600e392c-4be6-4b8b-bef8-e789ce3d8915,7199.73,True,False,False,uniandes,Eating at a restaurant|Hiking|Indoor Navigation (walking)|On a screen (phone/laptop)|Talking with friends/housemates,False,False,,Privacy|Coordination/Proactivity
6956cb48-951c-4607-a42b-a66de2c186be_59-73,6956cb48-951c-4607-a42b-a66de2c186be,59.73,True,False,False,minnesota,Walking the dog / pet,False,False,,Proxemics|Coordination/Proactivity
89d8c9c5-fa11-4674-b08f-007f81958555_1642-22,89d8c9c5-fa11-4674-b08f-007f81958555,1642.22,True,True,True,minnesota,Going to the park,False,False,,Safety|Politeness|Cooperation
0f82d425-f8be-4e69-8c59-0a1a2e980b20_518-50,0f82d425-f8be-4e69-8c59-0a1a2e980b20,518.5,True,True,True,minnesota,Cleaning / laundry|Walking the dog / pet,False,False,,Communication/Legibility|Politeness
cf3956a7-8cc6-4a99-8770-71a15c7e69c7_5040-48,cf3956a7-8cc6-4a99-8770-71a15c7e69c7,5040.48,True,False,False,uniandes,Climbing|Eating at a restaurant|Indoor Navigation (walking)|On a screen (phone/laptop)|Walking on street,False,False,,Proxemics
2ac65951-49b0-4629-981e-edc34b8cdb0f_1349-72,2ac65951-49b0-4629-981e-edc34b8cdb0f,1349.72,True,True,True,minnesota,Walking the dog / pet,False,False,,Proxemics
3dd08c84-ee0a-4fa6-a859-98fd969ec720_1276-65,3dd08c84-ee0a-4fa6-a859-98fd969ec720,1276.65,True,True,True,minnesota,Cleaning / laundry|Eating,False,False,,Safety
3ffeedef-3088-4e70-a21d-3578f07546a2_2438-39,3ffeedef-3088-4e70-a21d-3578f07546a2,2438.39,True,False,False,uniandes,Hiking|On a screen (phone/laptop)|Talking with friends/housemates,False,False,,Safety|Cooperation|Coordination/Proactivity
9b34e344-494d-4664-8180-a8ff2a692ab2_35-55,9b34e344-494d-4664-8180-a8ff2a692ab2,35.55,True,False,False,kaust,Bike|Hanging out with friends at a bar|Talking to colleagues,False,False,,Proxemics|Politeness
49b14463-2172-4b0e-ad13-fdf9383e9a77_426-72,49b14463-2172-4b0e-ad13-fdf9383e9a77,426.72,True,True,True,minnesota,Fixing something in the home,False,False,,Cooperation|Proxemics
63d56e4c-e454-48c2-a8f2-5bc2c34622ca_903-77,63d56e4c-e454-48c2-a8f2-5bc2c34622ca,903.77,True,True,True,frl_track_1_public,"Clothes, other shopping",False,False,,Proxemics|Coordination/Proactivity|Cooperation
b6bee905-eddf-4b41-bfe6-d57c9059fe61_1119-76,b6bee905-eddf-4b41-bfe6-d57c9059fe61,1119.76,True,False,False,uniandes,Hiking|On a screen (phone/laptop)|Talking with friends/housemates,False,False,,Safety|Cooperation|Coordination/Proactivity
9d965c16-0014-45e5-b37b-50a786971470_6156-96,9d965c16-0014-45e5-b37b-50a786971470,6156.96,True,False,False,uniandes,Climbing|Eating at a restaurant|Indoor Navigation (walking)|On a screen (phone/laptop)|Walking on street,False,False,,Communication/Legibility
df1a31a9-6508-4d9d-b1c7-cffc7bcc5d29_41-87,df1a31a9-6508-4d9d-b1c7-cffc7bcc5d29,41.87,True,False,False,kaust,Attending a festival or fair,False,False,,Safety|Cooperation
38737402-19bd-4689-9e74-3af391b15feb_1338-80,38737402-19bd-4689-9e74-3af391b15feb,1338.8,True,False,False,minnesota,Cleaning / laundry,False,False,,Safety|Cooperation|Coordination/Proactivity|Communication/Legibility
e0d46807-4c3b-44a0-ac59-cb970c8d5a5a_6-18,e0d46807-4c3b-44a0-ac59-cb970c8d5a5a,6.18,True,True,True,frl_track_1_public,Grocery shopping indoors,False,False,,Politeness|Cooperation
4d1b11b2-e53a-40a5-a3a5-2b2441c60e17_621-95,4d1b11b2-e53a-40a5-a3a5-2b2441c60e17,621.95,True,True,True,nus,Cooking|Preparing hopot|Talking with friends/housemates,False,False,,Cooperation|Coordination/Proactivity
d0a861f7-3e5c-4836-9b43-29a0b3288165_829-52,d0a861f7-3e5c-4836-9b43-29a0b3288165,829.52,True,True,True,minnesota,Bus,False,False,,Safety|Politeness
3b021bad-6945-4be2-a7db-44af3db1eae8_2667-18,3b021bad-6945-4be2-a7db-44af3db1eae8,2667.18,True,True,True,kaust,Cleaning / laundry|Indoor Navigation (walking)|Talking with family members|Watching tv,False,False,,Proxemics
bd96484b-6f8c-492b-8969-cae99c868b4d_2411-56,bd96484b-6f8c-492b-8969-cae99c868b4d,2411.56,True,True,True,iiith,"jobs related to construction/renovation company
(Director of work, tiler, plumber, Electrician, Handyman, etc)",False,False,,Politeness|Cooperation
c615d305-14fe-41cd-9099-caf420beb604_955-84,c615d305-14fe-41cd-9099-caf420beb604,955.84,True,True,True,nus,Cooking|Preparing hopot|Talking with friends/housemates,False,False,,Politeness|Coordination/Proactivity
0ece1a2a-2da0-4b28-ac8c-bf9f04c0d17c_335-84,0ece1a2a-2da0-4b28-ac8c-bf9f04c0d17c,335.84,True,True,True,iiith,Grocery shopping indoors,False,False,,Safety|Cooperation
e7eead9a-5f4e-47af-8f54-2dd3fd453a2d_55-37,e7eead9a-5f4e-47af-8f54-2dd3fd453a2d,55.37,True,True,True,kaust,Playing with pets,False,False,,Politeness
ec85a806-d47f-4555-8c4c-20f59927e580_1435-56,ec85a806-d47f-4555-8c4c-20f59927e580,1435.56,True,True,True,iiith,Pulp Traces Factory (Egges),False,False,,Safety|Cooperation
366b71ad-3f35-4704-b6ef-e793c7e73ac6_1040-50,366b71ad-3f35-4704-b6ef-e793c7e73ac6,1040.5,True,False,False,minnesota,Camp setup/pack-up/chores|Talking with family members,False,False,,Safety|Cooperation
348180aa-c90b-463a-8b3f-0743469a8b59_5526-16,348180aa-c90b-463a-8b3f-0743469a8b59,5526.16,True,False,False,uniandes,Eating at a restaurant|Hiking|Indoor Navigation (walking)|On a screen (phone/laptop)|Talking with friends/housemates,False,False,,Cooperation|Proxemics
8c3c68c9-eeec-4f51-881f-3cc6340679ec_1138-68,8c3c68c9-eeec-4f51-881f-3cc6340679ec,1138.68,True,True,True,frl_track_1_public,Eating,False,False,,Politeness|Communication/Legibility|Cooperation
eb20bebd-41e5-4a02-aa7e-73d3da5bc97e_1223-78,eb20bebd-41e5-4a02-aa7e-73d3da5bc97e,1223.78,True,False,False,uniandes,Hair and Makeup stylist|Indoor Navigation (walking)|On a screen (phone/laptop),False,False,,Proxemics|Safety|Coordination/Proactivity
ba28e9d5-5a78-44c0-b985-2249dcc05956_17-90,ba28e9d5-5a78-44c0-b985-2249dcc05956,17.9,True,True,True,minnesota,Walking on street,False,False,,Safety|Cooperation
20525d50-586a-4792-bfdb-fd941ee64ea9_547-93,20525d50-586a-4792-bfdb-fd941ee64ea9,547.93,True,True,True,frl_track_1_public,Making coffee,False,False,,Communication/Legibility|Cooperation|Politeness
27f9cd4e-8b61-477c-9b63-ca3d437a0dff_250-50,27f9cd4e-8b61-477c-9b63-ca3d437a0dff,250.5,True,True,True,iiith,"jobs related to construction/renovation company
(Director of work, tiler, plumber, Electrician, Handyman, etc)",False,False,,Cooperation|Communication/Legibility
e402df54-0a64-424e-a7e6-3e68b18a761c_242-70,e402df54-0a64-424e-a7e6-3e68b18a761c,242.7,True,False,False,minnesota,Cooking|Playing with pets,False,False,,Proxemics
0cd16e31-6045-45ea-b0d7-105116f9e6d1_646-65,0cd16e31-6045-45ea-b0d7-105116f9e6d1,646.65,True,True,True,minnesota,Fixing something in the home,False,False,,Politeness|Communication/Legibility
a7448853-2414-42b1-998c-0f56594e437a_155-55,a7448853-2414-42b1-998c-0f56594e437a,155.55,True,True,True,iiith,"jobs related to construction/renovation company
(Director of work, tiler, plumber, Electrician, Handyman, etc)",False,False,,Communication/Legibility
03ca4970-374e-4901-9895-81f262c0da5c_817-27,03ca4970-374e-4901-9895-81f262c0da5c,817.27,True,True,True,frl_track_1_public,Eating,False,False,,Coordination/Proactivity|Cooperation
aabc5114-a6a1-459d-81ed-99370385a7e4_2460-69,aabc5114-a6a1-459d-81ed-99370385a7e4,2460.69,True,False,False,cmu,"jobs related to construction/renovation company
(Director of work, tiler, plumber, Electrician, Handyman, etc)",False,False,,Communication/Legibility|Cooperation
dd508a2a-1ea7-43d2-805a-8080eeae9985_36-14,dd508a2a-1ea7-43d2-805a-8080eeae9985,36.14,True,True,True,iiith,Attending religious activity,False,False,,Politeness|Proxemics
0f82d425-f8be-4e69-8c59-0a1a2e980b20_1108-13,0f82d425-f8be-4e69-8c59-0a1a2e980b20,1108.13,True,True,True,minnesota,Cleaning / laundry|Walking the dog / pet,False,False,,Politeness|Proxemics
4dc1caff-6353-4a05-9382-92031b25f783_279-42,4dc1caff-6353-4a05-9382-92031b25f783,279.42,True,True,True,kaust,Bike|Cleaning / laundry|Doing yardwork / shoveling snow|Going to the park|Talking with family members|Walking on street,False,False,,Communication/Legibility|Coordination/Proactivity
abca0171-5e73-426e-9ba1-49a6339b2ef5_1825-89,abca0171-5e73-426e-9ba1-49a6339b2ef5,1825.89,True,True,True,iiith,Pulp Traces Factory (Egges),False,False,,Politeness|Cooperation
ac8dba37-ce09-4dc5-b478-8194e41353c3_9451-92,ac8dba37-ce09-4dc5-b478-8194e41353c3,9451.92,True,True,True,iiith,Grocery shopping indoors,False,False,,Proxemics|Cooperation|Communication/Legibility
5605bd9a-d151-4d5b-b0f6-cfc28ae6937e_709-52,5605bd9a-d151-4d5b-b0f6-cfc28ae6937e,709.52,True,True,True,iiith,Making Bricks,False,False,,Cooperation
dfe44f90-17f9-43eb-adf4-da35f15002ed_1647-36,dfe44f90-17f9-43eb-adf4-da35f15002ed,1647.36,True,True,True,iiith,Crafting/knitting/sewing/drawing/painting,False,False,,
72d6a00b-0554-41cd-a00d-0c1e64e400df_2501-79,72d6a00b-0554-41cd-a00d-0c1e64e400df,2501.79,True,False,False,kaust,Attending sporting events - watching and participating in|Walking on street,False,False,,Cooperation|Communication/Legibility
0696265e-aba2-401b-9316-c380c30c901e_878-07,0696265e-aba2-401b-9316-c380c30c901e,878.07,True,True,True,frl_track_1_public,Grocery shopping indoors,False,False,train,Politeness|Communication/Legibility
93a5f8cb-d7eb-4e5a-9913-77ef1487ce61_2462-55,93a5f8cb-d7eb-4e5a-9913-77ef1487ce61,2462.55,True,False,False,kaust,Cycling / jogging|Working out at home|Yoga practice,False,False,,Cooperation|Coordination/Proactivity|Proxemics
f0041c6c-06b2-4c3b-b8e6-934305b4226e_3757-69,f0041c6c-06b2-4c3b-b8e6-934305b4226e,3757.69,True,False,False,uniandes,Eating at a restaurant|Hiking|Indoor Navigation (walking)|On a screen (phone/laptop)|Talking with friends/housemates,False,False,,Safety|Cooperation|Politeness
937e5809-09d0-4c6b-8d9e-9329e0cf6218_2515-56,937e5809-09d0-4c6b-8d9e-9329e0cf6218,2515.56,True,False,False,kaust,BasketBall,False,False,,Proxemics|Cooperation
7a3479a4-b903-4d20-bdc4-98d93ceb3c36_1392-00,7a3479a4-b903-4d20-bdc4-98d93ceb3c36,1392.0,True,False,False,minnesota,"Car - commuting, road trip|Talking with family members",False,False,,Safety|Politeness|Coordination/Proactivity
ea1818bb-a882-4de4-9e31-993f4cb98aa1_622-65,ea1818bb-a882-4de4-9e31-993f4cb98aa1,622.65,True,True,True,frl_track_1_public,"Clothes, other shopping",False,False,,Politeness|Communication/Legibility
7cad84ff-4d08-4e18-8784-aaf4e9341264_333-06,7cad84ff-4d08-4e18-8784-aaf4e9341264,333.06,True,False,False,minnesota,Going to the park|Playing with pets|Talking with family members|Walking the dog / pet,False,False,,Proxemics|Coordination/Proactivity
d40be91b-85bb-4c47-ac18-52c4d044e3fc_13523-54,d40be91b-85bb-4c47-ac18-52c4d044e3fc,13523.54,True,False,False,uniandes,Climbing|Eating at a restaurant|Indoor Navigation (walking)|On a screen (phone/laptop)|Walking on street,False,False,,Communication/Legibility|Politeness
e9343bd2-cd48-4abe-902a-3d3f6a0b51d8_1810-91,e9343bd2-cd48-4abe-902a-3d3f6a0b51d8,1810.91,True,True,True,kaust,Cleaning / laundry|Crafting/knitting/sewing/drawing/painting|Household management - caring for kids|Indoor Navigation (walking)|Talking with family members|Working at desk,False,False,,Safety|Proxemics|Cooperation
63d56e4c-e454-48c2-a8f2-5bc2c34622ca_1218-51,63d56e4c-e454-48c2-a8f2-5bc2c34622ca,1218.51,True,True,True,frl_track_1_public,"Clothes, other shopping",False,False,,Proxemics|Coordination/Proactivity|Communication/Legibility
89d8c9c5-fa11-4674-b08f-007f81958555_179-03,89d8c9c5-fa11-4674-b08f-007f81958555,179.03,True,True,True,minnesota,Going to the park,False,False,,Safety|Cooperation
878666b9-5f3d-476a-960f-3a5d02da7619_18455-07,878666b9-5f3d-476a-960f-3a5d02da7619,18455.07,True,False,False,uniandes,Eating at a restaurant|Hiking|Indoor Navigation (walking)|On a screen (phone/laptop)|Talking with friends/housemates,False,False,,Proxemics|Coordination/Proactivity|Communication/Legibility
a99c5790-b590-4c29-98b3-004bbf106ce7_315-27,a99c5790-b590-4c29-98b3-004bbf106ce7,315.27,True,False,False,unict,,False,False,,Cooperation|Communication/Legibility
fcb62109-9f54-42d7-9ecd-7a60817868dc_663-41,fcb62109-9f54-42d7-9ecd-7a60817868dc,663.41,True,True,True,frl_track_1_public,Eating,False,False,,
9fb1ce25-8a99-45ed-a28c-1492192d4964_1957-11,9fb1ce25-8a99-45ed-a28c-1492192d4964,1957.11,True,True,True,iiith,"jobs related to construction/renovation company
(Director of work, tiler, plumber, Electrician, Handyman, etc)",False,False,,Politeness|Communication/Legibility
fdbe0fbc-90a3-41b9-8898-a0c7ce3f966c_672-30,fdbe0fbc-90a3-41b9-8898-a0c7ce3f966c,672.3,True,True,True,minnesota,Cooking|Walking the dog / pet,False,False,,Communication/Legibility|Politeness
9d26362a-4411-4d8b-b114-03f4f89928d7_1156-78,9d26362a-4411-4d8b-b114-03f4f89928d7,1156.78,True,True,True,minnesota,Carpenter,False,False,,Cooperation|Coordination/Proactivity|Communication/Legibility
42c08776-8832-4d37-8844-3ce89e405c62_1474-11,42c08776-8832-4d37-8844-3ce89e405c62,1474.11,True,True,True,frl_track_1_public,"Clothes, other shopping",False,False,,Proxemics|Coordination/Proactivity|Cooperation
b2f487cb-83b2-4e60-855d-1750938d0f1a_4050-16,b2f487cb-83b2-4e60-855d-1750938d0f1a,4050.16,True,False,False,uniandes,On a screen (phone/laptop)|Tourism|Walking on street,False,False,,Politeness|Proxemics
8645cc8f-2a69-4a50-bf90-9faec8d80386_717-84,8645cc8f-2a69-4a50-bf90-9faec8d80386,717.84,True,True,True,iiith,Crafting/knitting/sewing/drawing/painting,False,False,,Safety|Cooperation|Communication/Legibility
eb2c9739-dba0-479c-81b7-9dda51c4ac20_148-23,eb2c9739-dba0-479c-81b7-9dda51c4ac20,148.23,True,False,False,kaust,Playing badminton,False,False,,Cooperation|Communication/Legibility
8d4895eb-b2d1-43b8-90f1-e80fcc37797b_9565-47,8d4895eb-b2d1-43b8-90f1-e80fcc37797b,9565.47,True,False,False,uniandes,Climbing|Eating at a restaurant|Indoor Navigation (walking)|On a screen (phone/laptop)|Walking on street,False,False,,Communication/Legibility|Cooperation
0f82d425-f8be-4e69-8c59-0a1a2e980b20_295-56,0f82d425-f8be-4e69-8c59-0a1a2e980b20,295.56,True,True,True,minnesota,Cleaning / laundry|Walking the dog / pet,False,False,,Proxemics
cf3956a7-8cc6-4a99-8770-71a15c7e69c7_4824-79,cf3956a7-8cc6-4a99-8770-71a15c7e69c7,4824.79,True,False,False,uniandes,Climbing|Eating at a restaurant|Indoor Navigation (walking)|On a screen (phone/laptop)|Walking on street,False,False,,Safety|Communication/Legibility
608f2b9c-d004-42db-9f0c-e89b203dfb01_8-92,608f2b9c-d004-42db-9f0c-e89b203dfb01,8.92,True,True,True,iiith,Watching tv,False,False,,Politeness|Communication/Legibility
dbcca18b-4b62-4ba1-b799-a6a65231d084_3795-07,dbcca18b-4b62-4ba1-b799-a6a65231d084,3795.07,True,True,True,iiith,Crafting/knitting/sewing/drawing/painting,False,False,,Safety|Cooperation|Coordination/Proactivity
d64fb34a-08fd-416c-ac6f-86a0813869a8_512-82,d64fb34a-08fd-416c-ac6f-86a0813869a8,512.82,True,True,True,minnesota,Cleaning / laundry|Household management - caring for kids,False,False,,Proxemics|Cooperation
e9e0f26d-3005-436a-a70f-7d99977808c8_1690-81,e9e0f26d-3005-436a-a70f-7d99977808c8,1690.81,True,True,True,minnesota,Baseball,False,False,,Politeness|Communication/Legibility
998d4e6e-f579-4872-b706-767c5f392825_698-26,998d4e6e-f579-4872-b706-767c5f392825,698.26,True,True,True,iiith,Blacksmith,False,False,,Cooperation|Coordination/Proactivity
fd2ae8b4-b683-4c4b-935c-78b4dadbdbf8_2975-44,fd2ae8b4-b683-4c4b-935c-78b4dadbdbf8,2975.44,True,False,False,uniandes,Hair and Makeup stylist|Indoor Navigation (walking)|On a screen (phone/laptop),False,False,,Safety|Cooperation
ecdc4071-1903-4024-a357-d0082720168e_107-60,ecdc4071-1903-4024-a357-d0082720168e,107.6,True,False,False,minnesota,Camp setup/pack-up/chores,False,False,,Proxemics|Safety|Coordination/Proactivity
1acd2d5c-b0d4-4ec5-a54c-6a9c84cb11f6_742-55,1acd2d5c-b0d4-4ec5-a54c-6a9c84cb11f6,742.55,True,True,True,minnesota,Household management - caring for kids,False,False,,Politeness
9fb1ce25-8a99-45ed-a28c-1492192d4964_1100-54,9fb1ce25-8a99-45ed-a28c-1492192d4964,1100.54,True,True,True,iiith,"jobs related to construction/renovation company
(Director of work, tiler, plumber, Electrician, Handyman, etc)",False,False,,Cooperation|Communication/Legibility
b0937ec3-7645-4f68-b9cd-549ff7c01819_2030-83,b0937ec3-7645-4f68-b9cd-549ff7c01819,2030.83,True,True,True,kaust,Watching tv,False,False,,Politeness|Communication/Legibility
fdc39d01-44cb-431a-96a1-558ebf4c15ae_933-99,fdc39d01-44cb-431a-96a1-558ebf4c15ae,933.99,True,False,False,minnesota,Cleaning / laundry|Indoor Navigation (walking)|On a screen (phone/laptop),False,False,,Politeness|Communication/Legibility
77e28690-2ab1-414e-86ed-285ec1d15bd1_315-49,77e28690-2ab1-414e-86ed-285ec1d15bd1,315.49,True,True,True,frl_track_1_public,Eating,False,False,,Politeness|Cooperation
624a6c0a-a4cb-4073-b501-48e4b6b679e4_1095-75,624a6c0a-a4cb-4073-b501-48e4b6b679e4,1095.75,True,False,False,cmu,Car mechanic,False,False,,Proxemics
13bbcf71-cc9d-40f9-b072-77841ea8b7a2_38-55,13bbcf71-cc9d-40f9-b072-77841ea8b7a2,38.55,True,False,False,kaust,Attending a festival or fair,False,False,,Politeness|Communication/Legibility
9fb1ce25-8a99-45ed-a28c-1492192d4964_1946-35,9fb1ce25-8a99-45ed-a28c-1492192d4964,1946.35,True,True,True,iiith,"jobs related to construction/renovation company
(Director of work, tiler, plumber, Electrician, Handyman, etc)",False,False,,Safety
ed027cb2-5b92-4de2-ab58-69d42325ef15_890-73,ed027cb2-5b92-4de2-ab58-69d42325ef15,890.73,True,True,True,frl_track_1_public,"Clothes, other shopping",False,False,,Safety
54a421d2-763e-4751-a6b4-54e3d6c46cc1_1458-60,54a421d2-763e-4751-a6b4-54e3d6c46cc1,1458.6,True,True,True,minnesota,Household management - caring for kids,False,False,,Politeness|Cooperation
ef641454-94d5-4fe4-bf21-710144143967_760-02,ef641454-94d5-4fe4-bf21-710144143967,760.02,True,True,True,minnesota,Cleaning / laundry|Household management - caring for kids,False,False,,Safety|Coordination/Proactivity
fec31c20-1910-4ab1-afc5-6aa3057a45f5_825-86,fec31c20-1910-4ab1-afc5-6aa3057a45f5,825.86,True,True,True,frl_track_1_public,Making coffee,False,False,,Politeness|Communication/Legibility
2dbdd409-0be0-447c-8ae8-3f107fe9af80_1697-32,2dbdd409-0be0-447c-8ae8-3f107fe9af80,1697.32,True,True,True,nus,"Going to a salon (nail, hair, spa)",False,False,,Safety|Politeness|Cooperation
7b5fafdb-136a-4722-84a4-cffb213a224a_1908-63,7b5fafdb-136a-4722-84a4-cffb213a224a,1908.63,True,True,True,kaust,Gardening,False,False,,Politeness|Communication/Legibility
b0a30641-ad93-4d6a-92a9-f277c78f1aa5_473-69,b0a30641-ad93-4d6a-92a9-f277c78f1aa5,473.69,True,True,True,minnesota,Outdoor social (includes campfire),False,False,,Cooperation|Politeness
214b62df-2fb1-4b0e-af9d-42b0dd37defb_2076-23,214b62df-2fb1-4b0e-af9d-42b0dd37defb,2076.23,True,False,False,uniandes,Hair and Makeup stylist|Indoor Navigation (walking)|On a screen (phone/laptop),False,False,,Proxemics|Politeness
d8936caf-0142-4ceb-bacc-70313a19f169_142-89,d8936caf-0142-4ceb-bacc-70313a19f169,142.89,True,False,False,minnesota,Cooking,False,False,,Politeness|Cooperation
c00d3596-99db-4ea7-9a65-57ab4319d640_370-19,c00d3596-99db-4ea7-9a65-57ab4319d640,370.19,True,True,True,iiith,Making Bricks,False,False,,
c34effc7-6198-4c85-80c7-c8be85b77dd3_4366-00,c34effc7-6198-4c85-80c7-c8be85b77dd3,4366.0,True,False,False,uniandes,Hair and Makeup stylist|Indoor Navigation (walking)|On a screen (phone/laptop),False,False,,Politeness
635cb327-1636-4fbc-a9ca-5a7adfc34b2e_0-40,635cb327-1636-4fbc-a9ca-5a7adfc34b2e,0.4,True,False,False,minnesota,"Car - commuting, road trip|Talking with family members",False,False,,Safety|Coordination/Proactivity|Communication/Legibility
59764b58-1523-48b3-88d2-9fc07880e597_1504-77,59764b58-1523-48b3-88d2-9fc07880e597,1504.77,True,True,True,frl_track_1_public,"Clothes, other shopping",False,False,,Cooperation
25f88143-835a-4ac9-9272-eada5dbb8440_162-66,25f88143-835a-4ac9-9272-eada5dbb8440,162.66,True,False,False,cmu,Car mechanic,False,False,,Cooperation|Communication/Legibility
5aa8f84b-aea8-4e40-b710-82b93875e1ae_422-21,5aa8f84b-aea8-4e40-b710-82b93875e1ae,422.21,True,True,True,minnesota,"Car - commuting, road trip|Talking with family members",False,False,,Politeness|Safety|Cooperation|Communication/Legibility
261edec2-f089-4a74-b25f-ddf32c92f90c_1105-51,261edec2-f089-4a74-b25f-ddf32c92f90c,1105.51,True,False,False,kaust,"Car - commuting, road trip",False,False,,Politeness|Communication/Legibility
5f26c69f-6f1c-4041-a81f-3c4808e0a385_151-47,5f26c69f-6f1c-4041-a81f-3c4808e0a385,151.47,True,True,True,frl_track_1_public,"Clothes, other shopping",False,False,,Proxemics|Cooperation|Communication/Legibility
a4bbdddc-c222-4535-a616-57ccbc8f9b9e_7343-01,a4bbdddc-c222-4535-a616-57ccbc8f9b9e,7343.01,True,False,False,uniandes,Hiking|On a screen (phone/laptop)|Talking with friends/housemates,False,False,,Safety
2efc9b47-0a23-4247-89a6-db46dae6c998_416-58,2efc9b47-0a23-4247-89a6-db46dae6c998,416.58,True,True,True,iiith,"jobs related to construction/renovation company
(Director of work, tiler, plumber, Electrician, Handyman, etc)",False,False,,Proxemics|Coordination/Proactivity|Cooperation
9a33e9f1-a740-4810-a624-62b0c9935741_2385-44,9a33e9f1-a740-4810-a624-62b0c9935741,2385.44,True,False,False,uniandes,Hair and Makeup stylist|Indoor Navigation (walking)|On a screen (phone/laptop),False,False,,Proxemics
e9ea573a-3972-48ea-b946-6cb069497bab_1785-52,e9ea573a-3972-48ea-b946-6cb069497bab,1785.52,True,True,True,unict,,False,False,,Politeness|Safety|Communication/Legibility
e579ef82-c68f-44dc-8b0f-7fe62e20974c_2509-16,e579ef82-c68f-44dc-8b0f-7fe62e20974c,2509.16,True,False,False,cmu,Car mechanic,False,False,,Cooperation|Communication/Legibility
be462bcf-13ad-446a-8dfb-248cb2e3417a_379-26,be462bcf-13ad-446a-8dfb-248cb2e3417a,379.26,True,False,False,minnesota,Cooking|Talking with friends/housemates,False,False,,Politeness|Cooperation
2137f7a2-dce3-4d95-859d-ad2a50b0cd09_1373-29,2137f7a2-dce3-4d95-859d-ad2a50b0cd09,1373.29,True,True,True,frl_track_1_public,"Clothes, other shopping",False,False,,Politeness|Communication/Legibility
42d72164-8f4a-49e4-8b95-b3ad423ba65b_138-24,42d72164-8f4a-49e4-8b95-b3ad423ba65b,138.24,True,False,False,uniandes,Hair and Makeup stylist|Indoor Navigation (walking)|On a screen (phone/laptop),False,False,,Politeness|Communication/Legibility
c34effc7-6198-4c85-80c7-c8be85b77dd3_5341-13,c34effc7-6198-4c85-80c7-c8be85b77dd3,5341.13,True,False,False,uniandes,Hair and Makeup stylist|Indoor Navigation (walking)|On a screen (phone/laptop),False,False,,Politeness|Coordination/Proactivity
b5c3c1e3-7ee7-4b4a-b938-4d008d5aa49b_757-55,b5c3c1e3-7ee7-4b4a-b938-4d008d5aa49b,757.55,True,True,True,nus,"Going to a salon (nail, hair, spa)",False,False,,Communication/Legibility|Politeness
3178c414-453e-44e9-b192-67dba2ccc982_565-83,3178c414-453e-44e9-b192-67dba2ccc982,565.83,True,True,True,frl_track_1_public,Eating,False,False,,Politeness|Communication/Legibility
f6da4761-4774-4e05-bb2a-beca6db68f51_4196-85,f6da4761-4774-4e05-bb2a-beca6db68f51,4196.85,True,True,True,iiith,"jobs related to construction/renovation company
(Director of work, tiler, plumber, Electrician, Handyman, etc)",False,False,,
7a680a9a-dd7b-467a-a724-a597f1be9f06_3668-06,7a680a9a-dd7b-467a-a724-a597f1be9f06,3668.06,True,True,True,kaust,Watching tv,False,False,,Communication/Legibility
b9bc5b47-ae9a-4220-84c7-ada93722c4fe_909-02,b9bc5b47-ae9a-4220-84c7-ada93722c4fe,909.02,True,True,True,minnesota,Cooking,False,False,,Proxemics|Cooperation
878666b9-5f3d-476a-960f-3a5d02da7619_22412-01,878666b9-5f3d-476a-960f-3a5d02da7619,22412.01,True,False,False,uniandes,Eating at a restaurant|Hiking|Indoor Navigation (walking)|On a screen (phone/laptop)|Talking with friends/housemates,False,False,,Safety|Privacy
17be1d0a-f213-4126-ab6e-08e5c8ee5b93_1922-28,17be1d0a-f213-4126-ab6e-08e5c8ee5b93,1922.28,True,False,False,uniandes,Hair and Makeup stylist|Indoor Navigation (walking)|On a screen (phone/laptop),False,False,,Politeness|Cooperation
17be1d0a-f213-4126-ab6e-08e5c8ee5b93_1968-69,17be1d0a-f213-4126-ab6e-08e5c8ee5b93,1968.69,True,False,False,uniandes,Hair and Makeup stylist|Indoor Navigation (walking)|On a screen (phone/laptop),False,False,,
972f2966-c368-4344-a9ca-5bd8a277f177_1110-10,972f2966-c368-4344-a9ca-5bd8a277f177,1110.1,True,False,False,cmu,Doing yardwork / shoveling snow,False,False,,Safety|Cooperation
af400f98-3c57-46ad-acac-eaca6f940180_508-42,af400f98-3c57-46ad-acac-eaca6f940180,508.42,True,True,True,iiith,Working out outside,False,False,,Communication/Legibility|Proxemics
11f247e0-179a-4b9d-8244-16fb918010a1_1376-89,11f247e0-179a-4b9d-8244-16fb918010a1,1376.89,True,False,False,minnesota,Walking the dog / pet,False,False,,Politeness
ada73c3a-765f-46de-afb5-d152d058d7e2_7766-82,ada73c3a-765f-46de-afb5-d152d058d7e2,7766.82,True,False,False,uniandes,Eating at a restaurant|Hiking|Indoor Navigation (walking)|On a screen (phone/laptop)|Talking with friends/housemates,False,False,,Proxemics|Privacy
82e96128-1242-4e57-8a3e-9ea222df022c_2999-35,82e96128-1242-4e57-8a3e-9ea222df022c,2999.35,True,True,True,iiith,Sleeping,False,False,,Safety|Cooperation|Coordination/Proactivity|Communication/Legibility
146a4b4b-96a5-4d8f-a5b1-78dbb6ee5edf_4571-18,146a4b4b-96a5-4d8f-a5b1-78dbb6ee5edf,4571.18,True,False,False,uniandes,Eating at a restaurant|Hiking|Indoor Navigation (walking)|On a screen (phone/laptop)|Talking with friends/housemates,False,False,,Proxemics|Safety
949b2e8a-83f9-4b89-b29b-9e8d81600dd8_2250-47,949b2e8a-83f9-4b89-b29b-9e8d81600dd8,2250.47,True,True,True,iiith,Farmer,False,False,,Safety|Cooperation
786877d8-e353-4fae-b488-8d7443646882_883-95,786877d8-e353-4fae-b488-8d7443646882,883.95,True,False,False,uniandes,Dancing,False,False,,Cooperation|Communication/Legibility
5ead8e7c-2600-44b1-afd6-b82cb5f7b9ce_567-35,5ead8e7c-2600-44b1-afd6-b82cb5f7b9ce,567.35,True,True,True,minnesota,Baseball|Going to the park,False,False,,Safety|Proxemics
b6ae365a-dd70-42c4-90d6-e0351778d991_277-06,b6ae365a-dd70-42c4-90d6-e0351778d991,277.06,True,False,False,unict,Scooter mechanic,False,False,,Safety
d40be91b-85bb-4c47-ac18-52c4d044e3fc_5905-56,d40be91b-85bb-4c47-ac18-52c4d044e3fc,5905.56,True,False,False,uniandes,Climbing|Eating at a restaurant|Indoor Navigation (walking)|On a screen (phone/laptop)|Walking on street,False,False,,Safety|Cooperation|Coordination/Proactivity
8ed40810-09cf-4061-953c-9fff6e6d6aeb_589-93,8ed40810-09cf-4061-953c-9fff6e6d6aeb,589.93,True,False,False,kaust,Bike,False,False,,Proxemics|Cooperation|Communication/Legibility
8bb4369f-a6e0-45a3-9d2d-fd5d5c686ccc_246-04,8bb4369f-a6e0-45a3-9d2d-fd5d5c686ccc,246.04,True,True,True,kaust,"Walking the dog / pet|Washing the dog / pet, grooming horse",False,False,,Politeness|Proxemics
a8197601-7474-4cb0-8d08-e8a8febcecfc_222-15,a8197601-7474-4cb0-8d08-e8a8febcecfc,222.15,True,False,False,kaust,Bike|Cycling / jogging,False,False,,Politeness|Communication/Legibility
2a831288-6e91-4aba-9385-f22f666fab99_525-32,2a831288-6e91-4aba-9385-f22f666fab99,525.32,True,True,True,iiith,Cleaning / laundry,False,False,,Cooperation|Politeness
cb9de2c6-ff1a-48e8-b170-047e9471b588_931-60,cb9de2c6-ff1a-48e8-b170-047e9471b588,931.6,True,True,True,frl_track_1_public,Grocery shopping indoors,False,False,train,Politeness|Communication/Legibility
7627344d-503f-4a25-b418-10a6929d5a18_842-97,7627344d-503f-4a25-b418-10a6929d5a18,842.97,True,True,True,kaust,Listening to music|Talking with family members,False,False,,Communication/Legibility|Privacy
82e96128-1242-4e57-8a3e-9ea222df022c_3264-64,82e96128-1242-4e57-8a3e-9ea222df022c,3264.64,True,True,True,iiith,Sleeping,False,False,,Cooperation
044a7a23-9305-4971-82ac-aa1a3dc154be_214-77,044a7a23-9305-4971-82ac-aa1a3dc154be,214.77,True,True,True,iiith,Attending religious activity,False,False,,Cooperation|Communication/Legibility
cdfd99eb-88c6-4bc7-8f66-e0318216feab_820-48,cdfd99eb-88c6-4bc7-8f66-e0318216feab,820.48,True,True,True,iiith,Crafting/knitting/sewing/drawing/painting,False,False,,Politeness|Cooperation
c00a27da-98bb-4761-8093-45fd30a3f43f_1156-34,c00a27da-98bb-4761-8093-45fd30a3f43f,1156.34,True,True,True,iiith,Farmer,False,False,,Safety|Proxemics
449763d0-a924-40a4-8830-01e7028f9428_3059-66,449763d0-a924-40a4-8830-01e7028f9428,3059.66,True,False,False,kaust,"Car - commuting, road trip|Golfing",False,False,,Communication/Legibility|Politeness|Cooperation
de37a11d-1dcd-4f5b-9054-155093b3a073_1154-49,de37a11d-1dcd-4f5b-9054-155093b3a073,1154.49,True,False,False,uniandes,Climbing|Eating at a restaurant|Indoor Navigation (walking)|On a screen (phone/laptop)|Walking on street,False,False,,Politeness|Cooperation|Communication/Legibility
af215e0f-56c7-4356-9aad-a3a5fb7bbc4f_1332-04,af215e0f-56c7-4356-9aad-a3a5fb7bbc4f,1332.04,True,True,True,iiith,Pulp Traces Factory (Egges),False,False,,Proxemics|Cooperation|Coordination/Proactivity
087e11d0-5984-4365-989d-7365294ddaec_7351-39,087e11d0-5984-4365-989d-7365294ddaec,7351.39,True,False,False,uniandes,Climbing|Eating at a restaurant|Indoor Navigation (walking)|On a screen (phone/laptop)|Walking on street,False,False,,Proxemics
6989df0e-b8da-48a4-bc69-b01f6f8aef1a_378-59,6989df0e-b8da-48a4-bc69-b01f6f8aef1a,378.59,True,True,True,unict,Carpenter,False,False,,Safety
c2d28dd4-4416-4300-bbbe-23911487776a_426-99,c2d28dd4-4416-4300-bbbe-23911487776a,426.99,True,False,False,uniandes,Climbing,False,False,,Safety|Cooperation|Coordination/Proactivity
dd0aa717-59d8-4d8a-9f11-21be827fb184_1260-03,dd0aa717-59d8-4d8a-9f11-21be827fb184,1260.03,True,True,True,frl_track_1_public,"Clothes, other shopping",False,False,,Politeness|Communication/Legibility
85020424-0ed9-4dcd-9a39-e5ab84ec6b6d_896-84,85020424-0ed9-4dcd-9a39-e5ab84ec6b6d,896.84,True,False,False,kaust,Attending sporting events - watching and participating in|Talking to colleagues|Working out outside,False,False,,Proxemics|Coordination/Proactivity|Cooperation
19f2ea20-5041-4be2-bdc9-714473f16236_5269-91,19f2ea20-5041-4be2-bdc9-714473f16236,5269.91,True,False,False,uniandes,Hiking|On a screen (phone/laptop)|Talking with friends/housemates,False,False,,Safety|Proxemics
9fc3678b-86e2-44ab-adbc-9aeda78ceb60_992-74,9fc3678b-86e2-44ab-adbc-9aeda78ceb60,992.74,True,True,True,iiith,"jobs related to construction/renovation company
(Director of work, tiler, plumber, Electrician, Handyman, etc)",False,False,,Cooperation|Politeness
eb20bebd-41e5-4a02-aa7e-73d3da5bc97e_389-33,eb20bebd-41e5-4a02-aa7e-73d3da5bc97e,389.33,True,False,False,uniandes,Hair and Makeup stylist|Indoor Navigation (walking)|On a screen (phone/laptop),False,False,,Cooperation|Coordination/Proactivity
eb2c9739-dba0-479c-81b7-9dda51c4ac20_275-35,eb2c9739-dba0-479c-81b7-9dda51c4ac20,275.35,True,False,False,kaust,Playing badminton,False,False,,Proxemics|Coordination/Proactivity|Communication/Legibility
555ff1a5-c30b-434c-a251-b5105cdc1fb9_1647-31,555ff1a5-c30b-434c-a251-b5105cdc1fb9,1647.31,True,True,True,kaust,Cooking|Talking with family members,False,False,,Communication/Legibility
3d93c92c-8c12-4972-9f29-c8bef5c321ba_1742-89,3d93c92c-8c12-4972-9f29-c8bef5c321ba,1742.89,True,True,True,minnesota,Going to the park,False,False,,Safety|Coordination/Proactivity
622ab8aa-21f8-4ad0-99c3-7f4876850df7_193-96,622ab8aa-21f8-4ad0-99c3-7f4876850df7,193.96,True,False,False,cmu,Walking the dog / pet,False,False,,Proxemics|Coordination/Proactivity
cb87d2ca-dc4f-4e1c-a13f-a8fe7dc952e9_98-75,cb87d2ca-dc4f-4e1c-a13f-a8fe7dc952e9,98.75,True,True,True,minnesota,Playing with pets|Walking the dog / pet,False,False,,Politeness|Cooperation|Communication/Legibility
17be1d0a-f213-4126-ab6e-08e5c8ee5b93_1056-33,17be1d0a-f213-4126-ab6e-08e5c8ee5b93,1056.33,True,False,False,uniandes,Hair and Makeup stylist|Indoor Navigation (walking)|On a screen (phone/laptop),False,False,,Cooperation|Politeness
52c312b2-b47d-498d-a368-20db6a8bc879_1510-20,52c312b2-b47d-498d-a368-20db6a8bc879,1510.2,True,True,True,unict,,False,False,,Safety|Privacy
969866a7-2393-4bca-851a-885ddd7f627d_2446-72,969866a7-2393-4bca-851a-885ddd7f627d,2446.72,True,False,False,kaust,Indoor Navigation (walking)|Playing with pets|Talking on the phone|Talking to colleagues|Walking on street|Walking the dog / pet,False,False,,Proxemics
5f26c69f-6f1c-4041-a81f-3c4808e0a385_156-09,5f26c69f-6f1c-4041-a81f-3c4808e0a385,156.09,True,True,True,frl_track_1_public,"Clothes, other shopping",False,False,,Cooperation|Communication/Legibility
4fde0689-6bc3-49d4-8d54-bf4cfe0ad287_403-70,4fde0689-6bc3-49d4-8d54-bf4cfe0ad287,403.7,True,True,True,frl_track_1_public,Cleaning / laundry|Making coffee,False,False,,Politeness|Communication/Legibility
8fafc02a-ef7a-46f4-ae97-b0c68c8bb207_7571-93,8fafc02a-ef7a-46f4-ae97-b0c68c8bb207,7571.93,True,False,False,uniandes,On a screen (phone/laptop)|Tourism|Walking on street,False,False,,Safety|Privacy
29e45749-f8d5-42c7-af09-7fbb3d6697e9_876-21,29e45749-f8d5-42c7-af09-7fbb3d6697e9,876.21,True,True,True,minnesota,Cleaning / laundry|Cooking,False,False,,Politeness|Cooperation
3d93c92c-8c12-4972-9f29-c8bef5c321ba_832-45,3d93c92c-8c12-4972-9f29-c8bef5c321ba,832.45,True,True,True,minnesota,Going to the park,False,False,,Safety
e339898f-5e79-4723-89d7-44ba33b163de_500-86,e339898f-5e79-4723-89d7-44ba33b163de,500.86,True,False,False,cmu_africa,Baker,False,False,,Cooperation|Politeness
cb8df5e7-af5c-4211-b779-0568f94c7ded_3375-73,cb8df5e7-af5c-4211-b779-0568f94c7ded,3375.73,True,True,True,iiith,Sleeping,False,False,,Communication/Legibility|Politeness
596760c3-b1d6-453c-916c-ecbc30ab1c5d_1349-91,596760c3-b1d6-453c-916c-ecbc30ab1c5d,1349.91,True,True,True,iiith,Making Bricks,False,False,,Politeness|Communication/Legibility
f6da4761-4774-4e05-bb2a-beca6db68f51_2233-75,f6da4761-4774-4e05-bb2a-beca6db68f51,2233.75,True,True,True,iiith,"jobs related to construction/renovation company
(Director of work, tiler, plumber, Electrician, Handyman, etc)",False,False,,Politeness|Cooperation
f374039b-7f08-4dc3-af64-4e9ff61db531_425-13,f374039b-7f08-4dc3-af64-4e9ff61db531,425.13,True,True,True,iiith,"jobs related to construction/renovation company
(Director of work, tiler, plumber, Electrician, Handyman, etc)",False,False,,Cooperation
9148ceed-6983-4303-a560-2cbde805ee85_529-14,9148ceed-6983-4303-a560-2cbde805ee85,529.14,True,False,False,unict,"jobs related to construction/renovation company
(Director of work, tiler, plumber, Electrician, Handyman, etc)",False,False,,Safety
ba078478-13a5-4e7f-8ee4-61620f84cb7a_3101-09,ba078478-13a5-4e7f-8ee4-61620f84cb7a,3101.09,True,True,True,iiith,Crafting/knitting/sewing/drawing/painting,False,False,,Politeness
a437e059-78be-4894-a7ab-dc27fa16d3f8_6770-46,a437e059-78be-4894-a7ab-dc27fa16d3f8,6770.46,True,False,False,uniandes,Hiking|On a screen (phone/laptop)|Talking with friends/housemates,False,False,,Proxemics|Cooperation|Politeness
1c983176-b07a-4a69-ae51-de7829de6b6a_1270-21,1c983176-b07a-4a69-ae51-de7829de6b6a,1270.21,True,True,True,frl_track_1_public,"Clothes, other shopping",False,False,,Proxemics|Cooperation
5b0225e8-b81b-42fe-aa08-b0732b46c8bd_1082-56,5b0225e8-b81b-42fe-aa08-b0732b46c8bd,1082.56,True,False,False,minnesota,Camp setup/pack-up/chores,False,False,,Communication/Legibility|Cooperation
7c4f8ef4-c126-46b7-8fa9-1b2daf5b41de_2272-79,7c4f8ef4-c126-46b7-8fa9-1b2daf5b41de,2272.79,True,True,True,iiith,Cooking,False,False,,Politeness|Communication/Legibility
01ccf6b0-5e95-4b18-acd4-a8cc1fd31ddf_849-71,01ccf6b0-5e95-4b18-acd4-a8cc1fd31ddf,849.71,True,False,False,cmu,Carpenter,False,False,,Safety
3c9ce1b1-9eaa-4e3d-9ebb-91f9d904178e_2453-52,3c9ce1b1-9eaa-4e3d-9ebb-91f9d904178e,2453.52,True,False,False,kaust,Golfing|Walking on street,False,False,,Proxemics
c1dc6626-34c8-4367-a80a-42a44057f47b_737-27,c1dc6626-34c8-4367-a80a-42a44057f47b,737.27,True,False,False,kaust,Eating at the cafeteria|Playing with pets|Skateboard/scooter|Walking on street|Walking the dog / pet,False,False,,Proxemics|Privacy
878666b9-5f3d-476a-960f-3a5d02da7619_16974-50,878666b9-5f3d-476a-960f-3a5d02da7619,16974.5,True,False,False,uniandes,Eating at a restaurant|Hiking|Indoor Navigation (walking)|On a screen (phone/laptop)|Talking with friends/housemates,False,False,,Safety|Cooperation
c34effc7-6198-4c85-80c7-c8be85b77dd3_1105-03,c34effc7-6198-4c85-80c7-c8be85b77dd3,1105.03,True,False,False,uniandes,Hair and Makeup stylist|Indoor Navigation (walking)|On a screen (phone/laptop),False,False,,Politeness|Proxemics
e14bb000-250b-4f3d-aec6-e72d4f29d123_97-24,e14bb000-250b-4f3d-aec6-e72d4f29d123,97.24,True,True,True,frl_track_1_public,"Clothes, other shopping",False,False,,Politeness|Proxemics|Communication/Legibility
4d45174a-6a77-48cd-a8f2-9b93e2d47f07_653-18,4d45174a-6a77-48cd-a8f2-9b93e2d47f07,653.18,True,True,True,iiith,Mehandi,False,False,,Communication/Legibility
7245d60b-1245-49ad-b025-b59da57dd8e8_664-70,7245d60b-1245-49ad-b025-b59da57dd8e8,664.7,True,True,True,iiith,"jobs related to construction/renovation company
(Director of work, tiler, plumber, Electrician, Handyman, etc)",False,False,,Cooperation|Coordination/Proactivity
6a847d75-e20f-409d-8b91-77ada97d8fb9_1826-29,6a847d75-e20f-409d-8b91-77ada97d8fb9,1826.29,True,True,True,iiith,Attending religious activity,False,False,,Politeness|Proxemics
ec75d692-c261-4df5-9939-b0edfaa309a5_1168-60,ec75d692-c261-4df5-9939-b0edfaa309a5,1168.6,True,True,True,frl_track_1_public,Eating,False,False,,Cooperation|Politeness
4bf46557-3c5a-4a89-840d-158403590c9f_3687-37,4bf46557-3c5a-4a89-840d-158403590c9f,3687.37,True,True,True,iiith,Pulp Traces Factory (Egges),False,False,,Proxemics|Communication/Legibility
d3dafc0b-c623-4c4b-9a4a-ee56538e257c_519-43,d3dafc0b-c623-4c4b-9a4a-ee56538e257c,519.43,True,True,True,frl_track_1_public,"Clothes, other shopping",False,False,,Cooperation
22653c79-369f-4a0d-a663-33a1da378fe0_292-96,22653c79-369f-4a0d-a663-33a1da378fe0,292.96,True,False,False,cmu,"jobs related to construction/renovation company
(Director of work, tiler, plumber, Electrician, Handyman, etc)",False,False,,Cooperation|Coordination/Proactivity
95f2caf6-c6f5-4471-9763-2957e248eb58_503-77,95f2caf6-c6f5-4471-9763-2957e248eb58,503.77,True,False,False,uniandes,Climbing|Eating at a restaurant|Indoor Navigation (walking)|On a screen (phone/laptop)|Walking on street,False,False,,Politeness|Cooperation
b71166c2-c723-4f91-89b7-3a484e14079e_1586-58,b71166c2-c723-4f91-89b7-3a484e14079e,1586.58,True,False,False,cmu,Doing yardwork / shoveling snow,False,False,,Politeness|Communication/Legibility|Proxemics
2dbdd409-0be0-447c-8ae8-3f107fe9af80_1764-16,2dbdd409-0be0-447c-8ae8-3f107fe9af80,1764.16,True,True,True,nus,"Going to a salon (nail, hair, spa)",False,False,,Cooperation|Coordination/Proactivity
18ac02cb-20eb-4eed-b735-04aff3573422_38-16,18ac02cb-20eb-4eed-b735-04aff3573422,38.16,True,True,True,minnesota,Cleaning / laundry|Eating,False,False,,Proxemics|Safety
3b3ecf0c-ee8d-4518-bf1c-3301ba44c743_226-48,3b3ecf0c-ee8d-4518-bf1c-3301ba44c743,226.48,True,True,True,minnesota,"Car - commuting, road trip|On a screen (phone/laptop)",False,False,,Safety|Proxemics
65d6d7a3-11f7-4472-82b9-527ca04fe25b_1274-77,65d6d7a3-11f7-4472-82b9-527ca04fe25b,1274.77,True,True,True,nus,Taking photos in photography studio|Talking with friends/housemates,False,False,,Proxemics|Cooperation|Coordination/Proactivity
b2ebded2-4c94-473d-b9e4-8dd3556a3152_31-51,b2ebded2-4c94-473d-b9e4-8dd3556a3152,31.51,True,False,False,kaust,Household management - caring for kids|Walking on street|Walking the dog / pet,False,False,,Safety|Cooperation
5605bd9a-d151-4d5b-b0f6-cfc28ae6937e_3534-55,5605bd9a-d151-4d5b-b0f6-cfc28ae6937e,3534.55,True,True,True,iiith,Making Bricks,False,False,,Safety|Proxemics
4c9777fc-1997-4dc8-a2d2-ea59c50b32f4_573-78,4c9777fc-1997-4dc8-a2d2-ea59c50b32f4,573.78,True,False,False,kaust,Going to the park|Walking on street,False,False,,Safety|Cooperation
2131b8e4-79b5-48f7-b092-e4a13ed96749_1086-27,2131b8e4-79b5-48f7-b092-e4a13ed96749,1086.27,True,True,True,nus,Eating at a restaurant|Talking with family members|Talking with friends/housemates,False,False,,Politeness|Proxemics
76f450c1-3542-4f8a-964c-66c857a23601_671-42,76f450c1-3542-4f8a-964c-66c857a23601,671.42,True,True,True,frl_track_1_public,Eating,False,False,,Politeness|Communication/Legibility
dca2e9e2-acde-49b7-8b0e-5a150e536769_3059-39,dca2e9e2-acde-49b7-8b0e-5a150e536769,3059.39,True,True,True,kaust,"Cleaning / laundry|Clothes, other shopping|Cooking|Eating|Listening to music|Making a salad/sandwich|On a screen (phone/laptop)|Talking on the phone",False,False,,Politeness
2a97736a-4fff-4753-84de-e6586a5603cc_2707-05,2a97736a-4fff-4753-84de-e6586a5603cc,2707.05,True,False,False,kaust,Bike|Going to the park,False,False,,Politeness|Communication/Legibility
8672b38a-7682-4244-ad7a-a336c81c2d0e_1054-38,8672b38a-7682-4244-ad7a-a336c81c2d0e,1054.38,True,True,True,frl_track_1_public,"Clothes, other shopping",False,False,,Safety
5ed59c41-af9e-4368-a0ce-30d536d34895_494-33,5ed59c41-af9e-4368-a0ce-30d536d34895,494.33,True,True,True,kaust,Cooking|Eating|Household management - caring for kids|Talking with family members|Walking on street|Walking the dog / pet|Watching tv,False,False,,Safety|Cooperation|Politeness
3ab744ba-9969-452c-a825-38affebd4139_319-13,3ab744ba-9969-452c-a825-38affebd4139,319.13,True,True,True,bristol,Football,False,False,,Cooperation|Coordination/Proactivity|Communication/Legibility
ad851441-1f15-467e-83d8-48c764e220a8_875-32,ad851441-1f15-467e-83d8-48c764e220a8,875.32,True,False,False,minnesota,Cleaning / laundry,False,False,,Cooperation|Communication/Legibility
c2d28dd4-4416-4300-bbbe-23911487776a_1418-50,c2d28dd4-4416-4300-bbbe-23911487776a,1418.5,True,False,False,uniandes,Climbing,False,False,,Safety|Coordination/Proactivity
6a847d75-e20f-409d-8b91-77ada97d8fb9_1582-87,6a847d75-e20f-409d-8b91-77ada97d8fb9,1582.87,True,True,True,iiith,Attending religious activity,False,False,,Proxemics|Politeness
36baa5a9-16bf-4ad6-b011-4d7daae6b8f9_641-91,36baa5a9-16bf-4ad6-b011-4d7daae6b8f9,641.91,True,True,True,minnesota,Cleaning / laundry|Eating|Household management - caring for kids,False,False,,Cooperation|Politeness
cfc42371-cd58-48df-8bc5-f2fb29a6091e_1191-27,cfc42371-cd58-48df-8bc5-f2fb29a6091e,1191.27,True,True,True,minnesota,Talking with family members,False,False,,Proxemics
fcc14fe4-35e1-4854-b368-4541ae7bcf58_1063-13,fcc14fe4-35e1-4854-b368-4541ae7bcf58,1063.13,True,False,False,kaust,Going to the park|Walking on street,False,False,,Politeness|Communication/Legibility
c34effc7-6198-4c85-80c7-c8be85b77dd3_5294-07,c34effc7-6198-4c85-80c7-c8be85b77dd3,5294.07,True,False,False,uniandes,Hair and Makeup stylist|Indoor Navigation (walking)|On a screen (phone/laptop),False,False,,Proxemics
5ab334f2-ecc8-4a05-96f8-4320225379b2_1773-43,5ab334f2-ecc8-4a05-96f8-4320225379b2,1773.43,True,False,False,minnesota,Going to the park|Playing with pets|Talking with family members,False,False,,Politeness|Cooperation
e3f37c38-bf24-481f-b1c6-8d472fab4290_1679-92,e3f37c38-bf24-481f-b1c6-8d472fab4290,1679.92,True,True,True,iiith,Blacksmith,False,False,,Safety|Cooperation
053ae0a6-937d-4bdc-8001-d3dfe7899811_1085-52,053ae0a6-937d-4bdc-8001-d3dfe7899811,1085.52,True,False,False,kaust,Bike|Walking on street,False,False,,Safety|Proxemics
0d5f2917-e0bd-47cb-b887-1c14c69568f9_848-84,0d5f2917-e0bd-47cb-b887-1c14c69568f9,848.84,True,False,False,cmu,Car mechanic,False,False,,Cooperation
f9c337af-fdf9-4737-b4c2-c5f68cd18d6a_553-83,f9c337af-fdf9-4737-b4c2-c5f68cd18d6a,553.83,True,False,False,uniandes,On a screen (phone/laptop)|Tourism|Walking on street,False,False,,Privacy|Proxemics
a743a90e-f46c-4e55-a94d-a7f11c771207_51-51,a743a90e-f46c-4e55-a94d-a7f11c771207,51.51,True,False,False,cmu,Car mechanic,False,False,,Proxemics|Communication/Legibility|Cooperation
72c81e60-8604-4897-8cd5-71df5244acaa_1172-93,72c81e60-8604-4897-8cd5-71df5244acaa,1172.93,True,False,False,uniandes,Dancing,False,False,,Proxemics|Politeness
d1c7b7ec-506e-4c02-b008-8b5aaaf442d7_1891-93,d1c7b7ec-506e-4c02-b008-8b5aaaf442d7,1891.93,True,True,True,indiana,building lego models / plastic models|Playing games / video games,False,False,,Politeness|Cooperation
2cc2710e-aae0-41eb-9a70-deb9217bb7ea_3838-38,2cc2710e-aae0-41eb-9a70-deb9217bb7ea,3838.38,True,True,True,kaust,Talking to colleagues|Working at desk,False,False,,Cooperation|Politeness
aad332b0-a437-4bd9-9147-f580bb58c3f5_3472-99,aad332b0-a437-4bd9-9147-f580bb58c3f5,3472.99,True,True,True,iiith,Cleaning / laundry,False,False,,Proxemics|Cooperation|Coordination/Proactivity
6070d9d1-9962-49f3-8ac7-4e29ca07e104_164-20,6070d9d1-9962-49f3-8ac7-4e29ca07e104,164.2,True,True,True,nus,"Going to the gym - exercise machine, class, weights",False,False,,Communication/Legibility|Politeness
348180aa-c90b-463a-8b3f-0743469a8b59_7126-75,348180aa-c90b-463a-8b3f-0743469a8b59,7126.75,True,False,False,uniandes,Eating at a restaurant|Hiking|Indoor Navigation (walking)|On a screen (phone/laptop)|Talking with friends/housemates,False,False,,Politeness|Cooperation
a6264c7d-d42a-4708-8fc2-b35ad0c5fe42_990-06,a6264c7d-d42a-4708-8fc2-b35ad0c5fe42,990.06,True,True,True,minnesota,Fixing something in the home|Talking with family members,False,False,,Politeness|Cooperation
48d7d009-425f-4d1a-a6a9-a4742bd0d9fe_2349-91,48d7d009-425f-4d1a-a6a9-a4742bd0d9fe,2349.91,True,True,True,iiith,"jobs related to construction/renovation company
(Director of work, tiler, plumber, Electrician, Handyman, etc)",False,False,,Cooperation
45f5f3df-072e-4869-b332-cfc3652092b2_997-48,45f5f3df-072e-4869-b332-cfc3652092b2,997.48,True,True,True,iiith,Crafting/knitting/sewing/drawing/painting,False,False,,Cooperation
5aa01f1b-351d-428b-a1be-1f2edaff6a0c_693-84,5aa01f1b-351d-428b-a1be-1f2edaff6a0c,693.84,True,True,True,frl_track_1_public,Making coffee,False,False,,Safety
949b2e8a-83f9-4b89-b29b-9e8d81600dd8_3511-42,949b2e8a-83f9-4b89-b29b-9e8d81600dd8,3511.42,True,True,True,iiith,Farmer,False,False,,Cooperation|Politeness
81fb9f8f-be18-4833-a899-4fbcef82a634_270-26,81fb9f8f-be18-4833-a899-4fbcef82a634,270.26,True,True,True,iiith,Cooking,False,False,,Politeness|Coordination/Proactivity
5a9ca82c-bb33-4f05-9e08-efd614269566_1201-43,5a9ca82c-bb33-4f05-9e08-efd614269566,1201.43,True,False,False,minnesota,Rowing,False,False,,Proxemics|Communication/Legibility
5c9b85ea-24a9-4bfd-8ac2-4ca6f9090231_4576-22,5c9b85ea-24a9-4bfd-8ac2-4ca6f9090231,4576.22,True,False,False,uniandes,Eating|On a screen (phone/laptop)|Visiting exhibition|Walking on street,False,False,,Politeness
1106ee5c-8829-460f-8454-c4a8348f5400_10077-91,1106ee5c-8829-460f-8454-c4a8348f5400,10077.91,True,False,False,uniandes,"Car - commuting, road trip|Eating at a restaurant|Going to the park|Hiking|Indoor Navigation (walking)|On a screen (phone/laptop)|Visiting exhibition",False,False,,Politeness|Communication/Legibility|Safety
ea5bb387-a22a-4b49-8aa5-35cbf0d3563d_32-89,ea5bb387-a22a-4b49-8aa5-35cbf0d3563d,32.89,True,True,True,iiith,Cleaning / laundry,False,False,,Politeness|Cooperation
b5c3c1e3-7ee7-4b4a-b938-4d008d5aa49b_644-73,b5c3c1e3-7ee7-4b4a-b938-4d008d5aa49b,644.73,True,True,True,nus,"Going to a salon (nail, hair, spa)",False,False,,Proxemics|Cooperation
74d38b4a-6f22-43b3-b631-9234c05f27ab_270-80,74d38b4a-6f22-43b3-b631-9234c05f27ab,270.8,True,True,True,kaust,"Cleaning / laundry|Indoor Navigation (walking)|Playing with pets|Talking with family members|Washing the dog / pet, grooming horse",False,False,,Safety|Cooperation|Politeness
9f8d9232-a78e-4e14-9a0f-944a325efa19_133-97,9f8d9232-a78e-4e14-9a0f-944a325efa19,133.97,True,False,False,cmu,"jobs related to construction/renovation company
(Director of work, tiler, plumber, Electrician, Handyman, etc)",False,False,,Proxemics|Coordination/Proactivity|Cooperation
a437e059-78be-4894-a7ab-dc27fa16d3f8_9861-81,a437e059-78be-4894-a7ab-dc27fa16d3f8,9861.81,True,False,False,uniandes,Hiking|On a screen (phone/laptop)|Talking with friends/housemates,False,False,,
c2d28dd4-4416-4300-bbbe-23911487776a_6637-37,c2d28dd4-4416-4300-bbbe-23911487776a,6637.37,True,False,False,uniandes,Climbing,False,False,,Safety
f7d99eca-11d5-4d45-8d60-695c3cb2f07c_431-32,f7d99eca-11d5-4d45-8d60-695c3cb2f07c,431.32,True,True,True,iiith,Walking on street,False,False,,Cooperation|Coordination/Proactivity
19f2ea20-5041-4be2-bdc9-714473f16236_4525-17,19f2ea20-5041-4be2-bdc9-714473f16236,4525.17,True,False,False,uniandes,Hiking|On a screen (phone/laptop)|Talking with friends/housemates,False,False,,Cooperation|Politeness
bc215572-bd4c-4457-bbc1-58cdd6398cc7_2751-16,bc215572-bd4c-4457-bbc1-58cdd6398cc7,2751.16,True,False,False,kaust,Bike|Cycling / jogging|Going to the park,False,False,,Communication/Legibility|Cooperation
1e96ede3-aa85-4162-a32f-c565e5194cab_995-46,1e96ede3-aa85-4162-a32f-c565e5194cab,995.46,True,True,True,iiith,Sleeping,False,False,,Proxemics|Politeness
2a97736a-4fff-4753-84de-e6586a5603cc_2712-24,2a97736a-4fff-4753-84de-e6586a5603cc,2712.24,True,False,False,kaust,Bike|Going to the park,False,False,,Cooperation|Politeness
2dbdd409-0be0-447c-8ae8-3f107fe9af80_989-72,2dbdd409-0be0-447c-8ae8-3f107fe9af80,989.72,True,True,True,nus,"Going to a salon (nail, hair, spa)",False,False,,Proxemics
366b71ad-3f35-4704-b6ef-e793c7e73ac6_15-36,366b71ad-3f35-4704-b6ef-e793c7e73ac6,15.36,True,False,False,minnesota,Camp setup/pack-up/chores|Talking with family members,False,False,,Politeness|Cooperation
584f625d-15b0-49e8-bfa6-718b9cf010e0_834-78,584f625d-15b0-49e8-bfa6-718b9cf010e0,834.78,True,True,True,kaust,Cleaning / laundry|Crafting/knitting/sewing/drawing/painting|Household management - caring for kids|Indoor Navigation (walking)|Talking with family members|Watching tv,False,False,,Safety|Cooperation
520374ca-09f9-4716-8176-dd289ea7baa9_540-00,520374ca-09f9-4716-8176-dd289ea7baa9,540.0,True,False,False,minnesota,Outdoor technical climbing/belaying/rappelling (includes ropework),False,False,,Safety|Cooperation
dbcca18b-4b62-4ba1-b799-a6a65231d084_2471-26,dbcca18b-4b62-4ba1-b799-a6a65231d084,2471.26,True,True,True,iiith,Crafting/knitting/sewing/drawing/painting,False,False,,Cooperation
3c9ce1b1-9eaa-4e3d-9ebb-91f9d904178e_2345-99,3c9ce1b1-9eaa-4e3d-9ebb-91f9d904178e,2345.99,True,False,False,kaust,Golfing|Walking on street,False,False,,
c00d3596-99db-4ea7-9a65-57ab4319d640_329-17,c00d3596-99db-4ea7-9a65-57ab4319d640,329.17,True,True,True,iiith,Making Bricks,False,False,,Cooperation
a5bd4711-275b-4bbf-96fe-37553e5d3e93_1659-18,a5bd4711-275b-4bbf-96fe-37553e5d3e93,1659.18,True,False,False,minnesota,Camp setup/pack-up/chores,False,False,,Coordination/Proactivity|Cooperation
4840195a-580a-44c9-b1de-4bbb792473b5_487-41,4840195a-580a-44c9-b1de-4bbb792473b5,487.41,True,False,False,cmu,"jobs related to construction/renovation company
(Director of work, tiler, plumber, Electrician, Handyman, etc)",False,False,,Proxemics|Coordination/Proactivity|Safety
1f4a4d13-f083-4464-8c03-5e09f55e3f63_332-95,1f4a4d13-f083-4464-8c03-5e09f55e3f63,332.95,True,True,True,minnesota,Household management - caring for kids|Walking on street,False,False,,Proxemics|Communication/Legibility
6f93978d-a3d0-467d-b401-e23b3c92f3bf_5298-67,6f93978d-a3d0-467d-b401-e23b3c92f3bf,5298.67,True,True,True,iiith,Cooking,False,False,,Cooperation|Communication/Legibility
2893d559-89cb-4125-a761-3ff8e68768a9_638-82,2893d559-89cb-4125-a761-3ff8e68768a9,638.82,True,True,True,minnesota,Cycling / jogging,False,False,,Proxemics
7a680a9a-dd7b-467a-a724-a597f1be9f06_2545-71,7a680a9a-dd7b-467a-a724-a597f1be9f06,2545.71,True,True,True,kaust,Watching tv,False,False,,Politeness|Communication/Legibility
15c5a595-c577-4b4b-b26a-639517f140c9_1-82,15c5a595-c577-4b4b-b26a-639517f140c9,1.82,True,False,False,minnesota,Gardening,False,False,,Safety|Coordination/Proactivity
95f2caf6-c6f5-4471-9763-2957e248eb58_588-89,95f2caf6-c6f5-4471-9763-2957e248eb58,588.89,True,False,False,uniandes,Climbing|Eating at a restaurant|Indoor Navigation (walking)|On a screen (phone/laptop)|Walking on street,False,False,,Politeness|Coordination/Proactivity
8ed40810-09cf-4061-953c-9fff6e6d6aeb_103-16,8ed40810-09cf-4061-953c-9fff6e6d6aeb,103.16,True,False,False,kaust,Bike,False,False,,Safety|Proxemics
51364391-163c-484c-8de5-122abb5898de_1357-07,51364391-163c-484c-8de5-122abb5898de,1357.07,True,False,False,minnesota,Cooking,False,False,,Proxemics
18189ea3-00fd-428a-bbae-7549ddd9a97e_803-15,18189ea3-00fd-428a-bbae-7549ddd9a97e,803.15,True,True,True,iiith,"jobs related to construction/renovation company
(Director of work, tiler, plumber, Electrician, Handyman, etc)",False,False,,Cooperation|Coordination/Proactivity
bd31c2eb-4faa-467d-8c71-89a55b0a4be5_275-56,bd31c2eb-4faa-467d-8c71-89a55b0a4be5,275.56,True,True,True,iiith,Cooking,False,False,,Proxemics
5c9b85ea-24a9-4bfd-8ac2-4ca6f9090231_3510-00,5c9b85ea-24a9-4bfd-8ac2-4ca6f9090231,3510.0,True,False,False,uniandes,Eating|On a screen (phone/laptop)|Visiting exhibition|Walking on street,False,False,,Proxemics|Politeness|Cooperation
083b7556-9dff-40e2-9fad-bef3f82dbf37_635-98,083b7556-9dff-40e2-9fad-bef3f82dbf37,635.98,True,False,False,minnesota,Camp setup/pack-up/chores,False,False,,
f5bdefb3-f57c-4270-bf31-7939ecd45c86_1289-58,f5bdefb3-f57c-4270-bf31-7939ecd45c86,1289.58,True,True,True,iiith,Farmer,False,False,,Cooperation|Politeness|Proxemics
db35b386-4c65-4c5e-a488-51b2aa5eb1fb_589-73,db35b386-4c65-4c5e-a488-51b2aa5eb1fb,589.73,True,True,True,iiith,Pulp Traces Factory (Egges),False,False,,Coordination/Proactivity
2d13c92e-f43f-40f2-b603-cb749e5fee70_2243-41,2d13c92e-f43f-40f2-b603-cb749e5fee70,2243.41,True,True,True,iiith,"jobs related to construction/renovation company
(Director of work, tiler, plumber, Electrician, Handyman, etc)",False,False,,Cooperation
dd82f801-fc96-4ced-b066-ad559da3faab_601-49,dd82f801-fc96-4ced-b066-ad559da3faab,601.49,True,True,True,minnesota,BBQ'ing/picnics,False,False,,Politeness|Safety
fd2ae8b4-b683-4c4b-935c-78b4dadbdbf8_4288-89,fd2ae8b4-b683-4c4b-935c-78b4dadbdbf8,4288.89,True,False,False,uniandes,Hair and Makeup stylist|Indoor Navigation (walking)|On a screen (phone/laptop),False,False,,Politeness
97d62297-ee2c-482f-aec2-4f73448c3a03_538-31,97d62297-ee2c-482f-aec2-4f73448c3a03,538.31,True,True,True,iiith,Sleeping,False,False,,Safety
998d4e6e-f579-4872-b706-767c5f392825_4715-59,998d4e6e-f579-4872-b706-767c5f392825,4715.59,True,True,True,iiith,Blacksmith,False,False,,Cooperation|Coordination/Proactivity
3de48a49-665d-4c1b-9655-82532e108e6a_1395-29,3de48a49-665d-4c1b-9655-82532e108e6a,1395.29,True,True,True,minnesota,Playing games / video games,False,False,,Proxemics
6395f964-0122-4f16-b036-337c28488504_1626-75,6395f964-0122-4f16-b036-337c28488504,1626.75,True,False,False,uniandes,Climbing|Eating at a restaurant|Indoor Navigation (walking)|On a screen (phone/laptop)|Walking on street,False,False,,Proxemics|Cooperation|Politeness
54a421d2-763e-4751-a6b4-54e3d6c46cc1_1361-15,54a421d2-763e-4751-a6b4-54e3d6c46cc1,1361.15,True,True,True,minnesota,Household management - caring for kids,False,False,,Cooperation|Politeness|Communication/Legibility
38a66acf-33c8-4ed5-b814-7322087b2e21_4267-76,38a66acf-33c8-4ed5-b814-7322087b2e21,4267.76,True,False,False,uniandes,Dancing,False,False,,Cooperation|Coordination/Proactivity|Communication/Legibility
f965d286-b521-402f-9a0e-c73b49e9806e_32-71,f965d286-b521-402f-9a0e-c73b49e9806e,32.71,True,True,True,minnesota,Doing yardwork / shoveling snow,False,False,,Politeness|Communication/Legibility
d3a0899e-2093-454c-9f65-30087883193a_399-22,d3a0899e-2093-454c-9f65-30087883193a,399.22,True,False,False,cmu,Doing yardwork / shoveling snow,False,False,,Cooperation
8b82316c-c293-49a7-b401-a3cc026ab1d0_3445-90,8b82316c-c293-49a7-b401-a3cc026ab1d0,3445.9,True,True,True,indiana,building lego models / plastic models,False,False,,Cooperation|Coordination/Proactivity
4c70179a-f411-4f81-b44d-cfe34b8f9180_800-64,4c70179a-f411-4f81-b44d-cfe34b8f9180,800.64,True,True,True,minnesota,Fixing something in the home,False,False,,Politeness|Proxemics
2859218c-84ee-4e85-833f-74255b355032_1032-03,2859218c-84ee-4e85-833f-74255b355032,1032.03,True,False,False,unict,,False,False,,Cooperation|Coordination/Proactivity
e6e3919c-7c2e-491e-bde8-053715f0d851_472-28,e6e3919c-7c2e-491e-bde8-053715f0d851,472.28,True,True,True,minnesota,Doing yardwork / shoveling snow,False,False,,Cooperation|Politeness|Communication/Legibility
9a732221-3adb-4903-b61d-9b8097965fbf_2751-77,9a732221-3adb-4903-b61d-9b8097965fbf,2751.77,True,True,True,kaust,Yoga practice,False,False,,Cooperation
b5d691f6-1618-467e-9fc9-d2ebd8eaafe4_836-72,b5d691f6-1618-467e-9fc9-d2ebd8eaafe4,836.72,True,True,True,iiith,Blacksmith,False,False,,Politeness|Communication/Legibility
cb87d2ca-dc4f-4e1c-a13f-a8fe7dc952e9_11-49,cb87d2ca-dc4f-4e1c-a13f-a8fe7dc952e9,11.49,True,True,True,minnesota,Playing with pets|Walking the dog / pet,False,False,,Politeness|Communication/Legibility|Cooperation
cb87d2ca-dc4f-4e1c-a13f-a8fe7dc952e9_115-52,cb87d2ca-dc4f-4e1c-a13f-a8fe7dc952e9,115.52,True,True,True,minnesota,Playing with pets|Walking the dog / pet,False,False,,Politeness|Cooperation
7152d311-7801-487c-a6ed-a746e6abaa1f_286-31,7152d311-7801-487c-a6ed-a746e6abaa1f,286.31,True,True,True,unict,Scooter mechanic,False,False,,Safety
1c983176-b07a-4a69-ae51-de7829de6b6a_261-56,1c983176-b07a-4a69-ae51-de7829de6b6a,261.56,True,True,True,frl_track_1_public,"Clothes, other shopping",False,False,,Politeness|Communication/Legibility
ede3176b-2e12-4d2d-b9e2-40a2c4e93916_78-06,ede3176b-2e12-4d2d-b9e2-40a2c4e93916,78.06,True,False,False,minnesota,Snow sledding|Talking with friends/housemates,False,False,,Safety|Cooperation|Coordination/Proactivity
88193924-6780-4290-b8ba-85676e98387a_791-58,88193924-6780-4290-b8ba-85676e98387a,791.58,True,True,True,frl_track_1_public,Eating,False,False,,Proxemics|Politeness
944aacb0-f596-460d-b5a6-9ae05df1d430_3528-77,944aacb0-f596-460d-b5a6-9ae05df1d430,3528.77,True,True,True,iiith,Farmer,False,False,,Cooperation|Communication/Legibility
069c1058-881d-49da-b45d-b9f7e08fe932_475-96,069c1058-881d-49da-b45d-b9f7e08fe932,475.96,True,False,False,unict,,False,False,,Proxemics|Coordination/Proactivity
406f3614-0b99-4b3f-b3cb-a4590bad9e27_288-93,406f3614-0b99-4b3f-b3cb-a4590bad9e27,288.93,True,True,True,minnesota,Walking the dog / pet,False,False,,Safety|Cooperation
fd2ae8b4-b683-4c4b-935c-78b4dadbdbf8_966-80,fd2ae8b4-b683-4c4b-935c-78b4dadbdbf8,966.8,True,False,False,uniandes,Hair and Makeup stylist|Indoor Navigation (walking)|On a screen (phone/laptop),False,False,,Politeness
d6f9d174-2d42-49e7-83e4-daa9e8b0aa25_432-24,d6f9d174-2d42-49e7-83e4-daa9e8b0aa25,432.24,True,True,True,frl_track_1_public,"Clothes, other shopping",False,False,,Politeness
225a1ffe-3e7e-4ff8-a47e-2e80989077fe_94-47,225a1ffe-3e7e-4ff8-a47e-2e80989077fe,94.47,True,False,False,unict,Scooter mechanic,False,False,,Safety|Cooperation
eb5cb2b0-59e6-45da-af1b-ba86c7ab0b54_1263-17,eb5cb2b0-59e6-45da-af1b-ba86c7ab0b54,1263.17,True,True,True,minnesota,Outdoor social (includes campfire),False,False,train,Safety|Proxemics
a8197601-7474-4cb0-8d08-e8a8febcecfc_854-68,a8197601-7474-4cb0-8d08-e8a8febcecfc,854.68,True,False,False,kaust,Bike|Cycling / jogging,False,False,,Politeness|Communication/Legibility
9d26362a-4411-4d8b-b114-03f4f89928d7_694-92,9d26362a-4411-4d8b-b114-03f4f89928d7,694.92,True,True,True,minnesota,Carpenter,False,False,,Cooperation|Coordination/Proactivity
3ea1662a-6766-4bc9-8d42-9b48d4e8384c_132-89,3ea1662a-6766-4bc9-8d42-9b48d4e8384c,132.89,True,False,False,cmu,"jobs related to construction/renovation company
(Director of work, tiler, plumber, Electrician, Handyman, etc)",False,False,,Cooperation
624a6c0a-a4cb-4073-b501-48e4b6b679e4_1105-28,624a6c0a-a4cb-4073-b501-48e4b6b679e4,1105.28,True,False,False,cmu,Car mechanic,False,False,,
a3f6b937-bb29-4cc4-9f4b-27080ddca7c7_437-97,a3f6b937-bb29-4cc4-9f4b-27080ddca7c7,437.97,True,True,True,minnesota,Cleaning / laundry|Household management - caring for kids,False,False,,Politeness|Communication/Legibility|Cooperation
ada73c3a-765f-46de-afb5-d152d058d7e2_17044-72,ada73c3a-765f-46de-afb5-d152d058d7e2,17044.72,True,False,False,uniandes,Eating at a restaurant|Hiking|Indoor Navigation (walking)|On a screen (phone/laptop)|Talking with friends/housemates,False,False,,Proxemics|Communication/Legibility
41c32675-1cc9-47f2-82e5-5ef1eacb720b_92-49,41c32675-1cc9-47f2-82e5-5ef1eacb720b,92.49,True,True,True,minnesota,"Car - commuting, road trip|Cooking",False,False,,Safety|Politeness
38788778-0822-4c9c-b51e-5bce8a765a97_83-68,38788778-0822-4c9c-b51e-5bce8a765a97,83.68,True,True,True,frl_track_1_public,Making coffee,False,False,,Politeness|Proxemics
a12f0a2e-e066-4b65-8603-6754bb73e196_30-04,a12f0a2e-e066-4b65-8603-6754bb73e196,30.04,True,True,True,unict,,False,False,,Politeness|Cooperation
44c5117d-fb5c-4fcf-b648-d7eb76d5f95a_898-38,44c5117d-fb5c-4fcf-b648-d7eb76d5f95a,898.38,True,True,True,iiith,"jobs related to construction/renovation company
(Director of work, tiler, plumber, Electrician, Handyman, etc)",False,False,,Proxemics|Politeness|Cooperation
2efc9b47-0a23-4247-89a6-db46dae6c998_328-94,2efc9b47-0a23-4247-89a6-db46dae6c998,328.94,True,True,True,iiith,"jobs related to construction/renovation company
(Director of work, tiler, plumber, Electrician, Handyman, etc)",False,False,,Cooperation|Coordination/Proactivity
bef6d752-a5f2-405f-bf3a-71e400bd8b06_1634-83,bef6d752-a5f2-405f-bf3a-71e400bd8b06,1634.83,True,False,False,minnesota,Working in outdoor store,False,False,,Cooperation|Politeness
84ec85f6-c167-413c-829d-9c6915519c57_919-33,84ec85f6-c167-413c-829d-9c6915519c57,919.33,True,True,True,iiith,"jobs related to construction/renovation company
(Director of work, tiler, plumber, Electrician, Handyman, etc)",False,False,,Cooperation|Coordination/Proactivity
76f450c1-3542-4f8a-964c-66c857a23601_1422-15,76f450c1-3542-4f8a-964c-66c857a23601,1422.15,True,True,True,frl_track_1_public,Eating,False,False,,Proxemics|Politeness|Communication/Legibility
20c165c7-6d47-4264-8e62-9f1e643a4d03_2858-81,20c165c7-6d47-4264-8e62-9f1e643a4d03,2858.81,True,False,False,uniandes,Eating|On a screen (phone/laptop)|Visiting exhibition|Walking on street,False,False,,Politeness|Communication/Legibility
cb987dd4-f0ec-46ed-8bf0-3fee8c84fc90_2701-67,cb987dd4-f0ec-46ed-8bf0-3fee8c84fc90,2701.67,True,False,False,uniandes,On a screen (phone/laptop)|Tourism|Walking on street,False,False,,Politeness|Communication/Legibility
b4814b66-f564-48cb-a11f-3b0a1ee73704_27-72,b4814b66-f564-48cb-a11f-3b0a1ee73704,27.72,True,False,False,minnesota,Playing with pets,False,False,,Cooperation
182dffe9-d2bf-4a7d-b1d8-137470f0143d_1681-54,182dffe9-d2bf-4a7d-b1d8-137470f0143d,1681.54,True,False,False,minnesota,Outdoor cooking,False,False,,Politeness|Cooperation|Coordination/Proactivity
356661f5-767b-495d-95c7-03dcc46f85c6_1858-56,356661f5-767b-495d-95c7-03dcc46f85c6,1858.56,True,False,False,kaust,"Car - commuting, road trip|Drone flying",False,False,,Safety
be1da89b-976b-4e71-a42a-7621b522db46_179-53,be1da89b-976b-4e71-a42a-7621b522db46,179.53,True,True,True,iiith,"jobs related to construction/renovation company
(Director of work, tiler, plumber, Electrician, Handyman, etc)",False,False,,Proxemics|Cooperation
366b71ad-3f35-4704-b6ef-e793c7e73ac6_41-78,366b71ad-3f35-4704-b6ef-e793c7e73ac6,41.78,True,False,False,minnesota,Camp setup/pack-up/chores|Talking with family members,False,False,,Cooperation|Politeness
0696265e-aba2-401b-9316-c380c30c901e_540-96,0696265e-aba2-401b-9316-c380c30c901e,540.96,True,True,True,frl_track_1_public,Grocery shopping indoors,False,False,train,
258a7d18-4e66-4e3a-9fa0-f8daf7315a6d_1387-30,258a7d18-4e66-4e3a-9fa0-f8daf7315a6d,1387.3,True,True,True,iiith,"jobs related to construction/renovation company
(Director of work, tiler, plumber, Electrician, Handyman, etc)",False,False,,Cooperation|Proxemics
cd0c7d35-19cf-4ce2-9b40-0209547acde5_284-45,cd0c7d35-19cf-4ce2-9b40-0209547acde5,284.45,True,True,True,frl_track_1_public,"Clothes, other shopping",False,False,,Politeness|Communication/Legibility
e3f37c38-bf24-481f-b1c6-8d472fab4290_5304-28,e3f37c38-bf24-481f-b1c6-8d472fab4290,5304.28,True,True,True,iiith,Blacksmith,False,False,,Proxemics|Cooperation|Communication/Legibility
e58207f1-84ec-424b-a997-ff64a57eb13b_1893-21,e58207f1-84ec-424b-a997-ff64a57eb13b,1893.21,True,True,True,frl_track_1_public,Cleaning / laundry|Making coffee,False,False,,Communication/Legibility
97811639-7def-4034-8083-a82a59156234_468-38,97811639-7def-4034-8083-a82a59156234,468.38,True,False,False,minnesota,Cooking,False,False,,
031314bd-fa48-42ef-8341-bc5ca17f6a4a_1127-31,031314bd-fa48-42ef-8341-bc5ca17f6a4a,1127.31,True,True,True,iiith,"jobs related to construction/renovation company
(Director of work, tiler, plumber, Electrician, Handyman, etc)",False,False,,Politeness|Cooperation|Coordination/Proactivity
4de25e28-5a34-4fbe-bc83-200d513b4d9a_1123-59,4de25e28-5a34-4fbe-bc83-200d513b4d9a,1123.59,True,True,True,frl_track_1_public,Making coffee,False,False,,Proxemics|Coordination/Proactivity
10a848ed-f258-4930-abdd-1fd60b788abc_788-28,10a848ed-f258-4930-abdd-1fd60b788abc,788.28,True,False,False,minnesota,Playing with pets|Walking the dog / pet,False,False,,Safety|Cooperation|Coordination/Proactivity
c34effc7-6198-4c85-80c7-c8be85b77dd3_2970-00,c34effc7-6198-4c85-80c7-c8be85b77dd3,2970.0,True,False,False,uniandes,Hair and Makeup stylist|Indoor Navigation (walking)|On a screen (phone/laptop),False,False,,Proxemics|Cooperation
a055e4e8-cc07-47c1-a438-06f45c4f724c_2257-57,a055e4e8-cc07-47c1-a438-06f45c4f724c,2257.57,True,True,True,iiith,Cooking,False,False,,Proxemics|Coordination/Proactivity
38737402-19bd-4689-9e74-3af391b15feb_650-15,38737402-19bd-4689-9e74-3af391b15feb,650.15,True,False,False,minnesota,Cleaning / laundry,False,False,,Safety|Proxemics|Coordination/Proactivity
b68f87f0-29be-4516-a34a-dda69dd84a56_524-12,b68f87f0-29be-4516-a34a-dda69dd84a56,524.12,True,True,True,bristol,Doing hair/make-up,False,False,,Safety|Proxemics|Privacy
088add57-cf62-4ddd-9908-7eb738b0ec22_2767-48,088add57-cf62-4ddd-9908-7eb738b0ec22,2767.48,True,True,True,iiith,Cooking,False,False,,Politeness|Communication/Legibility
9d0c46d6-ea9a-43e6-8b8a-4b2972eb6ef4_551-12,9d0c46d6-ea9a-43e6-8b8a-4b2972eb6ef4,551.12,True,True,True,frl_track_1_public,Grocery shopping indoors,False,False,train,Proxemics|Politeness|Communication/Legibility
67b78a5b-ab72-4483-95c4-33e837013e93_2874-42,67b78a5b-ab72-4483-95c4-33e837013e93,2874.42,True,True,True,kaust,Bike|Cleaning / laundry|Cycling / jogging,False,False,,Politeness|Communication/Legibility
9e08a7b1-eb04-4d11-bb0b-f4cd42f0a819_3434-14,9e08a7b1-eb04-4d11-bb0b-f4cd42f0a819,3434.14,True,False,False,uniandes,Dancing|On a screen (phone/laptop),False,False,,Coordination/Proactivity
af862b37-12f1-4b55-a1ca-1c162c4f98a0_431-14,af862b37-12f1-4b55-a1ca-1c162c4f98a0,431.14,True,False,False,uniandes,Gardening|Outdoor cooking,False,False,,Politeness|Cooperation
2142bbd6-da88-4976-8668-8f21c27ed456_775-93,2142bbd6-da88-4976-8668-8f21c27ed456,775.93,True,False,False,cmu,"jobs related to construction/renovation company
(Director of work, tiler, plumber, Electrician, Handyman, etc)",False,False,,Proxemics|Cooperation|Communication/Legibility
d3279f4f-eea5-448f-a930-aafac6b668ac_1962-11,d3279f4f-eea5-448f-a930-aafac6b668ac,1962.11,True,True,True,iiith,Making Bricks,False,False,,Cooperation
f668b2c9-d376-411b-96e5-7d7379fae824_151-21,f668b2c9-d376-411b-96e5-7d7379fae824,151.21,True,True,True,minnesota,Cooking,False,False,,Cooperation|Communication/Legibility
03f5b0be-94ac-4d22-9c30-7bf0456ccf0e_1279-00,03f5b0be-94ac-4d22-9c30-7bf0456ccf0e,1279.0,True,True,True,bristol,Cycling / jogging,False,False,,
ae59dda2-8aa0-40e1-bd48-af368ea8e149_1550-40,ae59dda2-8aa0-40e1-bd48-af368ea8e149,1550.4,True,True,True,iiith,Crafting/knitting/sewing/drawing/painting,False,False,,Politeness|Cooperation
381c4c64-a697-42ab-90ab-a515740bf484_1318-72,381c4c64-a697-42ab-90ab-a515740bf484,1318.72,True,True,True,frl_track_1_public,Eating,False,False,,Politeness
083b7556-9dff-40e2-9fad-bef3f82dbf37_34-58,083b7556-9dff-40e2-9fad-bef3f82dbf37,34.58,True,False,False,minnesota,Camp setup/pack-up/chores,False,False,,Safety|Cooperation
e623faab-101a-41a6-83ac-8e22b4371aba_357-75,e623faab-101a-41a6-83ac-8e22b4371aba,357.75,True,True,True,frl_track_1_public,Grocery shopping indoors,False,False,,Proxemics|Coordination/Proactivity
af400f98-3c57-46ad-acac-eaca6f940180_2315-10,af400f98-3c57-46ad-acac-eaca6f940180,2315.1,True,True,True,iiith,Working out outside,False,False,,Proxemics|Cooperation|Communication/Legibility
3b342c9c-eb30-4cc6-8ced-53c4fb7b3a8d_290-89,3b342c9c-eb30-4cc6-8ced-53c4fb7b3a8d,290.89,True,True,True,nus,Attending a TA session|Talking to colleagues|Talking with friends/housemates,False,False,,Communication/Legibility|Cooperation|Politeness
61da558c-b125-4e65-a8a6-28f0eae34c1a_156-26,61da558c-b125-4e65-a8a6-28f0eae34c1a,156.26,True,False,False,cmu,"jobs related to construction/renovation company
(Director of work, tiler, plumber, Electrician, Handyman, etc)",False,False,,Safety|Cooperation
af06acee-b948-4950-a653-53d76b03a010_920-06,af06acee-b948-4950-a653-53d76b03a010,920.06,True,True,True,minnesota,Walking on street,False,False,,Proxemics|Coordination/Proactivity
e14bb000-250b-4f3d-aec6-e72d4f29d123_367-23,e14bb000-250b-4f3d-aec6-e72d4f29d123,367.23,True,True,True,frl_track_1_public,"Clothes, other shopping",False,False,,Cooperation|Communication/Legibility
8b1d4210-a174-4617-8311-df4b32785d28_1114-53,8b1d4210-a174-4617-8311-df4b32785d28,1114.53,True,True,True,frl_track_1_public,Grocery shopping indoors,False,False,train,Cooperation|Communication/Legibility
9520f703-8904-4123-bd7f-873b0b42074b_224-60,9520f703-8904-4123-bd7f-873b0b42074b,224.6,True,True,True,frl_track_1_public,Grocery shopping indoors,False,False,,Proxemics|Cooperation|Communication/Legibility
fb92d350-9bf9-4b16-8a1f-7858de276226_561-78,fb92d350-9bf9-4b16-8a1f-7858de276226,561.78,True,False,False,uniandes,Hair and Makeup stylist|Indoor Navigation (walking)|On a screen (phone/laptop),False,False,,Cooperation|Politeness
38a8d256-8d63-4f28-8837-ebd80dcd10e7_227-55,38a8d256-8d63-4f28-8837-ebd80dcd10e7,227.55,True,False,False,cmu,"jobs related to construction/renovation company
(Director of work, tiler, plumber, Electrician, Handyman, etc)",False,False,,Proxemics
be7ede7a-c212-45ff-8601-e15dd2f7e531_928-33,be7ede7a-c212-45ff-8601-e15dd2f7e531,928.33,True,True,True,minnesota,"BasketBall|Car - commuting, road trip",False,False,,Cooperation|Coordination/Proactivity|Communication/Legibility
3a839ee1-2391-43bb-a253-c2c45d753bac_271-43,3a839ee1-2391-43bb-a253-c2c45d753bac,271.43,True,True,True,iiith,"jobs related to construction/renovation company
(Director of work, tiler, plumber, Electrician, Handyman, etc)",False,False,,Cooperation|Coordination/Proactivity
cf3956a7-8cc6-4a99-8770-71a15c7e69c7_4456-62,cf3956a7-8cc6-4a99-8770-71a15c7e69c7,4456.62,True,False,False,uniandes,Climbing|Eating at a restaurant|Indoor Navigation (walking)|On a screen (phone/laptop)|Walking on street,False,False,,Safety|Proxemics|Coordination/Proactivity
1de5ae42-ca61-4a76-a514-8b70c40553fc_1576-85,1de5ae42-ca61-4a76-a514-8b70c40553fc,1576.85,True,True,True,minnesota,Eating,False,False,,Proxemics|Safety|Politeness
1b1acfa6-ee3b-483c-9c0a-245d70d7125f_3443-49,1b1acfa6-ee3b-483c-9c0a-245d70d7125f,3443.49,True,True,True,frl_track_1_public,Cleaning / laundry|Making coffee,False,False,,Safety
48d7d009-425f-4d1a-a6a9-a4742bd0d9fe_30-60,48d7d009-425f-4d1a-a6a9-a4742bd0d9fe,30.6,True,True,True,iiith,"jobs related to construction/renovation company
(Director of work, tiler, plumber, Electrician, Handyman, etc)",False,False,,Safety|Cooperation|Communication/Legibility
6a847d75-e20f-409d-8b91-77ada97d8fb9_1499-90,6a847d75-e20f-409d-8b91-77ada97d8fb9,1499.9,True,True,True,iiith,Attending religious activity,False,False,,Cooperation
b9b65293-fec8-494e-81e7-c4496aafba6f_1524-26,b9b65293-fec8-494e-81e7-c4496aafba6f,1524.26,True,True,True,frl_track_1_public,Cleaning / laundry|Making coffee,False,False,,Proxemics|Coordination/Proactivity
82e96128-1242-4e57-8a3e-9ea222df022c_3386-01,82e96128-1242-4e57-8a3e-9ea222df022c,3386.01,True,True,True,iiith,Sleeping,False,False,,Cooperation|Communication/Legibility
2859218c-84ee-4e85-833f-74255b355032_39-61,2859218c-84ee-4e85-833f-74255b355032,39.61,True,False,False,unict,,False,False,,Cooperation
a5bd4711-275b-4bbf-96fe-37553e5d3e93_484-64,a5bd4711-275b-4bbf-96fe-37553e5d3e93,484.64,True,False,False,minnesota,Camp setup/pack-up/chores,False,False,,Safety|Cooperation
c92cfd96-21ca-4b52-a56a-6345fbf57de0_233-46,c92cfd96-21ca-4b52-a56a-6345fbf57de0,233.46,True,True,True,iiith,Crafting/knitting/sewing/drawing/painting,False,False,,Proxemics
81fff27c-97c0-483a-ad42-47fa947977a9_456-39,81fff27c-97c0-483a-ad42-47fa947977a9,456.39,True,False,False,uniandes,Dancing|On a screen (phone/laptop),False,False,,Proxemics|Coordination/Proactivity|Communication/Legibility
c97a7ee8-1fd4-4092-8c47-ef93dea1c8aa_539-98,c97a7ee8-1fd4-4092-8c47-ef93dea1c8aa,539.98,True,True,True,nus,Eating in a canteen|Talking with friends/housemates,False,False,,Proxemics
3ce37765-7d70-4dd6-991c-a83286ba05b2_1423-60,3ce37765-7d70-4dd6-991c-a83286ba05b2,1423.6,True,False,False,cmu,Carpenter,False,False,,Cooperation|Coordination/Proactivity
93f78437-229d-4824-a8c1-68d9b17e754d_1063-21,93f78437-229d-4824-a8c1-68d9b17e754d,1063.21,True,True,True,bristol,Cooking,False,False,,Proxemics|Cooperation
f0b8d19e-28c0-4d11-bb2d-5c6576eb7dcb_67-04,f0b8d19e-28c0-4d11-bb2d-5c6576eb7dcb,67.04,True,True,True,minnesota,Cleaning / laundry|Cooking,False,False,,Proxemics|Cooperation|Coordination/Proactivity
6e4baf27-2090-4a90-816b-a35a0aff0e56_1023-43,6e4baf27-2090-4a90-816b-a35a0aff0e56,1023.43,True,True,True,iiith,Cooking,False,False,,Politeness|Communication/Legibility
f7148e30-2ded-4d14-a8bb-f50813da26df_84-22,f7148e30-2ded-4d14-a8bb-f50813da26df,84.22,True,False,False,minnesota,"Car - commuting, road trip",False,False,,Safety|Politeness
7b277350-9926-42ef-b5f7-3ee000f3350a_53-51,7b277350-9926-42ef-b5f7-3ee000f3350a,53.51,True,True,True,unict,"jobs related to construction/renovation company
(Director of work, tiler, plumber, Electrician, Handyman, etc)",False,False,,Coordination/Proactivity
54a421d2-763e-4751-a6b4-54e3d6c46cc1_715-92,54a421d2-763e-4751-a6b4-54e3d6c46cc1,715.92,True,True,True,minnesota,Household management - caring for kids,False,False,,Cooperation|Proxemics
fc0450d5-00cd-4d55-9a8e-68628c38ddd2_87-11,fc0450d5-00cd-4d55-9a8e-68628c38ddd2,87.11,True,False,False,minnesota,Outdoor social (includes campfire),False,False,,Proxemics|Communication/Legibility|Politeness
a7062d19-5af7-42fe-ad8c-2d7442ddbe48_514-59,a7062d19-5af7-42fe-ad8c-2d7442ddbe48,514.59,True,False,False,cmu,"jobs related to construction/renovation company
(Director of work, tiler, plumber, Electrician, Handyman, etc)",False,False,,Proxemics|Coordination/Proactivity|Cooperation
a95545b6-8b1e-4d77-a209-c1accf3b057b_17-67,a95545b6-8b1e-4d77-a209-c1accf3b057b,17.67,True,True,True,minnesota,Cleaning / laundry|Eating,False,False,,Safety
3a53bfdc-daf7-4bbc-bb9f-af449021d237_1629-28,3a53bfdc-daf7-4bbc-bb9f-af449021d237,1629.28,True,True,True,nus,Attending a TA session|Talking to colleagues|Talking with friends/housemates,False,False,train,Cooperation|Communication/Legibility
a84e378e-c9d5-4ace-8e42-e07b95784746_180-55,a84e378e-c9d5-4ace-8e42-e07b95784746,180.55,True,True,True,iiith,Cooking,False,False,,Cooperation
434a5651-9901-4b32-b782-d9a2bb52e805_711-02,434a5651-9901-4b32-b782-d9a2bb52e805,711.02,True,True,True,kaust,"Car - commuting, road trip|Golfing|Indoor Navigation (walking)|Playing with pets|Talking on the phone|Talking to colleagues|Talking with family members|Walking on street",False,False,,
324ec8a1-3bd1-46b6-9abb-a824e53c0879_1801-82,324ec8a1-3bd1-46b6-9abb-a824e53c0879,1801.82,True,True,True,iiith,Cooking,False,False,,Cooperation|Coordination/Proactivity
d6f9d174-2d42-49e7-83e4-daa9e8b0aa25_1070-43,d6f9d174-2d42-49e7-83e4-daa9e8b0aa25,1070.43,True,True,True,frl_track_1_public,"Clothes, other shopping",False,False,,Politeness
0619c3d0-aebe-4414-b977-f2027271b267_279-15,0619c3d0-aebe-4414-b977-f2027271b267,279.15,True,True,True,frl_track_1_public,Making coffee,False,False,,Proxemics|Coordination/Proactivity|Cooperation
792d0000-7dcd-4e6c-a486-7befe397233d_917-53,792d0000-7dcd-4e6c-a486-7befe397233d,917.53,True,False,False,uniandes,Eating|On a screen (phone/laptop)|Visiting exhibition|Walking on street,False,False,,Proxemics|Politeness
1ceb6ff6-da6c-4bbe-b8f1-01a5b27026ce_294-88,1ceb6ff6-da6c-4bbe-b8f1-01a5b27026ce,294.88,True,False,False,uniandes,On a screen (phone/laptop)|Tourism|Walking on street,False,False,,Proxemics|Cooperation
3925576b-6900-4112-8620-8739de771da9_2447-44,3925576b-6900-4112-8620-8739de771da9,2447.44,True,True,True,frl_track_1_public,Practicing a musical instrument,False,False,,Politeness|Communication/Legibility|Cooperation
8b82316c-c293-49a7-b401-a3cc026ab1d0_2095-46,8b82316c-c293-49a7-b401-a3cc026ab1d0,2095.46,True,True,True,indiana,building lego models / plastic models,False,False,,Communication/Legibility|Cooperation
6ba5f052-a1cd-46ba-83f2-1be480387020_599-71,6ba5f052-a1cd-46ba-83f2-1be480387020,599.71,True,True,True,minnesota,Cleaning / laundry|Cooking,False,False,,Safety|Politeness
9c15ab39-2b2b-4eb1-a93d-4dd3b9711fc6_321-25,9c15ab39-2b2b-4eb1-a93d-4dd3b9711fc6,321.25,True,True,True,frl_track_1_public,Grocery shopping indoors,False,False,,Cooperation
570fc280-231c-4a3e-99c2-12eefed1c122_925-58,570fc280-231c-4a3e-99c2-12eefed1c122,925.58,True,False,False,cmu,Carpenter,False,False,,Cooperation|Safety
f3c557d2-1170-4979-9a70-96d9b51fa987_228-25,f3c557d2-1170-4979-9a70-96d9b51fa987,228.25,True,False,False,minnesota,Cleaning / laundry|Indoor Navigation (walking)|Walking the dog / pet,False,False,,Proxemics|Coordination/Proactivity
38a66acf-33c8-4ed5-b814-7322087b2e21_2113-44,38a66acf-33c8-4ed5-b814-7322087b2e21,2113.44,True,False,False,uniandes,Dancing,False,False,,Proxemics|Politeness
f1b5ae1e-742c-4802-9e61-ff8aae83e12e_459-05,f1b5ae1e-742c-4802-9e61-ff8aae83e12e,459.05,True,False,False,kaust,"Bike|Going to the gym - exercise machine, class, weights",False,False,,Proxemics|Politeness|Communication/Legibility
f5bdefb3-f57c-4270-bf31-7939ecd45c86_1324-59,f5bdefb3-f57c-4270-bf31-7939ecd45c86,1324.59,True,True,True,iiith,Farmer,False,False,,Politeness|Cooperation|Communication/Legibility
3ab744ba-9969-452c-a825-38affebd4139_13-22,3ab744ba-9969-452c-a825-38affebd4139,13.22,True,True,True,bristol,Football,False,False,,Safety|Cooperation
1e9da62e-72ae-48d2-8b6e-00a5283d213f_1077-48,1e9da62e-72ae-48d2-8b6e-00a5283d213f,1077.48,True,True,True,nus,Participating in a meeting|Talking to colleagues,False,False,train,Cooperation
072623e8-1889-4580-8175-ddc05a3dceb3_11-40,072623e8-1889-4580-8175-ddc05a3dceb3,11.4,True,True,True,iiith,"jobs related to construction/renovation company
(Director of work, tiler, plumber, Electrician, Handyman, etc)",False,False,,Safety
6ef5aab3-db5f-4fdb-9c39-b37bd497e7d8_638-66,6ef5aab3-db5f-4fdb-9c39-b37bd497e7d8,638.66,True,True,True,frl_track_1_public,Eating,False,False,,Politeness|Communication/Legibility
1bfe3bec-79fd-4b1b-8738-4d313f3f79b9_47-86,1bfe3bec-79fd-4b1b-8738-4d313f3f79b9,47.86,True,False,False,minnesota,Cooking|Talking with family members,False,False,,Proxemics|Privacy
a2f25985-0589-42ca-af57-58930079dfb9_1082-02,a2f25985-0589-42ca-af57-58930079dfb9,1082.02,True,False,False,uniandes,Climbing|Eating at a restaurant|Indoor Navigation (walking)|On a screen (phone/laptop)|Walking on street,False,False,,Cooperation|Coordination/Proactivity
4209376c-04be-47f0-b905-835fedde4cd0_5602-77,4209376c-04be-47f0-b905-835fedde4cd0,5602.77,True,False,False,uniandes,Climbing|Eating at a restaurant|Indoor Navigation (walking)|On a screen (phone/laptop)|Walking on street,False,False,,Safety|Coordination/Proactivity
f00ec54c-9ed4-4a23-9cd7-f8728cb9d6c7_1322-65,f00ec54c-9ed4-4a23-9cd7-f8728cb9d6c7,1322.65,True,True,True,minnesota,Household management - caring for kids|Talking with family members,False,False,,Safety|Cooperation|Communication/Legibility
1acd2d5c-b0d4-4ec5-a54c-6a9c84cb11f6_273-21,1acd2d5c-b0d4-4ec5-a54c-6a9c84cb11f6,273.21,True,True,True,minnesota,Household management - caring for kids,False,False,,Safety|Politeness
087e11d0-5984-4365-989d-7365294ddaec_1764-07,087e11d0-5984-4365-989d-7365294ddaec,1764.07,True,False,False,uniandes,Climbing|Eating at a restaurant|Indoor Navigation (walking)|On a screen (phone/laptop)|Walking on street,False,False,,Proxemics|Safety
330c1e0d-b71a-452e-8b68-fdb96fa8a6ca_1228-35,330c1e0d-b71a-452e-8b68-fdb96fa8a6ca,1228.35,True,True,True,frl_track_1_public,Grocery shopping indoors,False,False,train,Proxemics|Politeness
a4c1f23e-702e-49a1-9600-0538e4e2e7db_2889-59,a4c1f23e-702e-49a1-9600-0538e4e2e7db,2889.59,True,True,True,iiith,Blacksmith,False,False,,Safety|Coordination/Proactivity
19493340-9a5c-406c-9943-712a4a4a073c_634-74,19493340-9a5c-406c-9943-712a4a4a073c,634.74,True,False,False,cmu,"jobs related to construction/renovation company
(Director of work, tiler, plumber, Electrician, Handyman, etc)",False,False,,Cooperation|Coordination/Proactivity
4756ab70-a3dc-4855-b015-70fd744ea8e8_82-91,4756ab70-a3dc-4855-b015-70fd744ea8e8,82.91,True,False,False,minnesota,Camp setup/pack-up/chores,False,False,,Proxemics|Cooperation|Communication/Legibility
2a97736a-4fff-4753-84de-e6586a5603cc_2711-38,2a97736a-4fff-4753-84de-e6586a5603cc,2711.38,True,False,False,kaust,Bike|Going to the park,False,False,,Safety|Proxemics
af215e0f-56c7-4356-9aad-a3a5fb7bbc4f_709-03,af215e0f-56c7-4356-9aad-a3a5fb7bbc4f,709.03,True,True,True,iiith,Pulp Traces Factory (Egges),False,False,,Coordination/Proactivity|Safety
b1543ea3-e86b-4545-9195-f1bf83e02b41_4163-19,b1543ea3-e86b-4545-9195-f1bf83e02b41,4163.19,True,True,True,kaust,Indoor Navigation (walking)|Playing with pets|Roller skating|Talking to colleagues|Walking on street|Walking the dog / pet,False,False,,Politeness
5dac9d4b-1ac8-468b-a51b-8b7e0dbe554b_1086-76,5dac9d4b-1ac8-468b-a51b-8b7e0dbe554b,1086.76,True,True,True,frl_track_1_public,"Clothes, other shopping",False,False,,Proxemics
b6ae365a-dd70-42c4-90d6-e0351778d991_416-05,b6ae365a-dd70-42c4-90d6-e0351778d991,416.05,True,False,False,unict,Scooter mechanic,False,False,,Safety
146a4b4b-96a5-4d8f-a5b1-78dbb6ee5edf_9999-80,146a4b4b-96a5-4d8f-a5b1-78dbb6ee5edf,9999.8,True,False,False,uniandes,Eating at a restaurant|Hiking|Indoor Navigation (walking)|On a screen (phone/laptop)|Talking with friends/housemates,False,False,,Cooperation
952d5295-06f4-4578-929b-4113e4ff9201_769-29,952d5295-06f4-4578-929b-4113e4ff9201,769.29,True,True,True,iiith,Mehandi,False,False,,Proxemics|Cooperation
b264c17e-145a-4dd0-90c4-397d0f5b8057_51-64,b264c17e-145a-4dd0-90c4-397d0f5b8057,51.64,True,True,True,frl_track_1_public,Eating,False,False,,Cooperation|Communication/Legibility
d27c5c7e-db9c-48f4-bea5-9970078d352e_1635-43,d27c5c7e-db9c-48f4-bea5-9970078d352e,1635.43,True,False,False,minnesota,Camp setup/pack-up/chores,False,False,,Cooperation
5c172db2-eca2-4f9a-8963-b2111123fef2_81-63,5c172db2-eca2-4f9a-8963-b2111123fef2,81.63,True,True,True,iiith,"jobs related to construction/renovation company
(Director of work, tiler, plumber, Electrician, Handyman, etc)",False,False,,Politeness|Cooperation|Communication/Legibility
fe827643-62c3-4cb9-b009-7ed43731c9bd_273-13,fe827643-62c3-4cb9-b009-7ed43731c9bd,273.13,True,False,False,minnesota,"Clothes, other shopping|Talking with friends/housemates",False,False,,Proxemics
5cee04cd-4adb-4a12-a476-1ba1db44865c_1289-65,5cee04cd-4adb-4a12-a476-1ba1db44865c,1289.65,True,True,True,frl_track_1_public,Grocery shopping indoors,False,False,train,Cooperation|Politeness
cbc5c4fe-ed66-4525-a3d8-d691064db66b_527-23,cbc5c4fe-ed66-4525-a3d8-d691064db66b,527.23,True,True,True,frl_track_1_public,"Clothes, other shopping",False,False,,
97ab9564-34c2-4272-97ec-8c4f2f76e117_1373-58,97ab9564-34c2-4272-97ec-8c4f2f76e117,1373.58,True,False,False,kaust,Attending sporting events - watching and participating in|Indoor Navigation (walking),False,False,,Proxemics|Coordination/Proactivity
10a848ed-f258-4930-abdd-1fd60b788abc_125-95,10a848ed-f258-4930-abdd-1fd60b788abc,125.95,True,False,False,minnesota,Playing with pets|Walking the dog / pet,False,False,,Safety|Coordination/Proactivity
750c5383-58f6-4063-8cc8-50691a68994d_870-14,750c5383-58f6-4063-8cc8-50691a68994d,870.14,True,True,True,frl_track_1_public,Grocery shopping indoors,False,False,train,Proxemics|Politeness
596760c3-b1d6-453c-916c-ecbc30ab1c5d_1392-89,596760c3-b1d6-453c-916c-ecbc30ab1c5d,1392.89,True,True,True,iiith,Making Bricks,False,False,,Cooperation
b6d64c01-1462-4ebf-9eb5-44585cdd8ac4_2907-39,b6d64c01-1462-4ebf-9eb5-44585cdd8ac4,2907.39,True,False,False,uniandes,Eating|On a screen (phone/laptop)|Visiting exhibition|Walking on street,False,False,,Politeness|Communication/Legibility
294c8827-a667-49a5-9e7e-9c910001ce54_101-30,294c8827-a667-49a5-9e7e-9c910001ce54,101.3,True,True,True,iiith,Cleaning / laundry,False,False,,Proxemics|Communication/Legibility
92153977-6016-4863-be78-c4af25a56a0f_1117-24,92153977-6016-4863-be78-c4af25a56a0f,1117.24,True,True,True,minnesota,Crafting/knitting/sewing/drawing/painting,False,False,,Cooperation|Coordination/Proactivity
5b0225e8-b81b-42fe-aa08-b0732b46c8bd_381-48,5b0225e8-b81b-42fe-aa08-b0732b46c8bd,381.48,True,False,False,minnesota,Camp setup/pack-up/chores,False,False,,Proxemics|Coordination/Proactivity|Cooperation
cce59bcd-0ebc-463e-bbb1-094186a6ed8d_1562-00,cce59bcd-0ebc-463e-bbb1-094186a6ed8d,1562.0,True,True,True,frl_track_1_public,Making coffee,False,False,,Communication/Legibility|Politeness|Cooperation
5b329676-c4f5-49a7-9999-fa3884190b1e_91-50,5b329676-c4f5-49a7-9999-fa3884190b1e,91.5,True,True,True,frl_track_1_public,Handyman|Practicing a musical instrument,False,False,,Proxemics|Coordination/Proactivity|Cooperation
6af6234f-abfe-48ac-9dde-399f25d9cb43_931-51,6af6234f-abfe-48ac-9dde-399f25d9cb43,931.51,True,True,True,frl_track_1_public,Eating,False,False,,Politeness|Cooperation
3f292ce2-fb0d-477e-b6b5-18c6ef38366e_889-07,3f292ce2-fb0d-477e-b6b5-18c6ef38366e,889.07,True,True,True,iiith,"jobs related to construction/renovation company
(Director of work, tiler, plumber, Electrician, Handyman, etc)",False,False,,Safety|Cooperation
0e12d060-f93d-418a-a377-7f2467be9fed_363-39,0e12d060-f93d-418a-a377-7f2467be9fed,363.39,True,True,True,frl_track_1_public,Eating,False,False,,Politeness|Coordination/Proactivity
254029e5-fed4-40a7-bef1-12b9faff3202_1017-93,254029e5-fed4-40a7-bef1-12b9faff3202,1017.93,True,False,False,kaust,Talking on the phone|Talking to colleagues|Walking on street,False,False,,Safety
0f82d425-f8be-4e69-8c59-0a1a2e980b20_554-09,0f82d425-f8be-4e69-8c59-0a1a2e980b20,554.09,True,True,True,minnesota,Cleaning / laundry|Walking the dog / pet,False,False,,Politeness|Communication/Legibility
d6f9d174-2d42-49e7-83e4-daa9e8b0aa25_1389-10,d6f9d174-2d42-49e7-83e4-daa9e8b0aa25,1389.1,True,True,True,frl_track_1_public,"Clothes, other shopping",False,False,,Communication/Legibility|Cooperation
8e605fdf-a4f1-4393-975a-f332ab6b5f79_167-81,8e605fdf-a4f1-4393-975a-f332ab6b5f79,167.81,True,False,False,minnesota,Camp setup/pack-up/chores,False,False,,Cooperation
1a7b9b5d-499a-454e-aaee-3758718fb5f2_817-59,1a7b9b5d-499a-454e-aaee-3758718fb5f2,817.59,True,False,False,minnesota,"Car - commuting, road trip|Clothes, other shopping",False,False,,Cooperation|Politeness
7b5fafdb-136a-4722-84a4-cffb213a224a_2353-21,7b5fafdb-136a-4722-84a4-cffb213a224a,2353.21,True,True,True,kaust,Gardening,False,False,,Safety
b9b65293-fec8-494e-81e7-c4496aafba6f_2296-78,b9b65293-fec8-494e-81e7-c4496aafba6f,2296.78,True,True,True,frl_track_1_public,Cleaning / laundry|Making coffee,False,False,,Cooperation
3a9a814d-222f-4712-97b4-a71d9f8b5a4a_288-34,3a9a814d-222f-4712-97b4-a71d9f8b5a4a,288.34,True,False,False,unict,"jobs related to construction/renovation company
(Director of work, tiler, plumber, Electrician, Handyman, etc)",False,False,,Proxemics|Coordination/Proactivity|Cooperation
d7480d27-f607-4a5a-8c31-9d299f70a4b8_3616-43,d7480d27-f607-4a5a-8c31-9d299f70a4b8,3616.43,True,True,True,iiith,Farmer,False,False,,Cooperation|Coordination/Proactivity
64ec6de1-0e86-49de-889c-4a0fdcba6658_808-22,64ec6de1-0e86-49de-889c-4a0fdcba6658,808.22,True,True,True,frl_track_1_public,Grocery shopping indoors,False,False,train,Politeness|Cooperation
e6f1accd-e18d-43ec-b854-e7633b15cbf7_1189-37,e6f1accd-e18d-43ec-b854-e7633b15cbf7,1189.37,True,True,True,iiith,Cooking,False,False,,Cooperation|Coordination/Proactivity
7a33ca42-9a39-4d59-ba82-c9667c250f48_2200-51,7a33ca42-9a39-4d59-ba82-c9667c250f48,2200.51,True,False,False,uniandes,On a screen (phone/laptop)|Tourism|Walking on street,False,False,,Politeness|Cooperation
fdfa65a5-9d90-4d27-8667-cd2c511614e3_513-55,fdfa65a5-9d90-4d27-8667-cd2c511614e3,513.55,True,True,True,minnesota,Walking on street,False,False,,Proxemics|Communication/Legibility
4f549225-e82e-4294-9379-4891e47725c7_1121-97,4f549225-e82e-4294-9379-4891e47725c7,1121.97,True,True,True,iiith,"jobs related to construction/renovation company
(Director of work, tiler, plumber, Electrician, Handyman, etc)",False,False,,Cooperation|Coordination/Proactivity|Communication/Legibility
944aacb0-f596-460d-b5a6-9ae05df1d430_3858-37,944aacb0-f596-460d-b5a6-9ae05df1d430,3858.37,True,True,True,iiith,Farmer,False,False,,Safety
56da7a14-f3fe-4dd9-9acb-92917603f42c_521-16,56da7a14-f3fe-4dd9-9acb-92917603f42c,521.16,True,True,True,frl_track_1_public,Grocery shopping indoors,False,False,,Politeness|Cooperation
307b1878-875f-4703-bfe9-32d11d20853f_32-44,307b1878-875f-4703-bfe9-32d11d20853f,32.44,True,False,False,cmu,"jobs related to construction/renovation company
(Director of work, tiler, plumber, Electrician, Handyman, etc)",False,False,,Proxemics|Coordination/Proactivity
60209262-ab8e-4214-a8dd-4764a9a4b26d_842-54,60209262-ab8e-4214-a8dd-4764a9a4b26d,842.54,True,True,True,minnesota,Cooking|Talking with family members,False,False,train,Safety
428a80ce-ccc8-46e3-9cbb-419d224f148a_1420-33,428a80ce-ccc8-46e3-9cbb-419d224f148a,1420.33,True,True,True,frl_track_1_public,"Clothes, other shopping",False,False,,Communication/Legibility|Cooperation
eb2c9739-dba0-479c-81b7-9dda51c4ac20_249-20,eb2c9739-dba0-479c-81b7-9dda51c4ac20,249.2,True,False,False,kaust,Playing badminton,False,False,,Safety|Cooperation|Communication/Legibility
17be1d0a-f213-4126-ab6e-08e5c8ee5b93_70-40,17be1d0a-f213-4126-ab6e-08e5c8ee5b93,70.4,True,False,False,uniandes,Hair and Makeup stylist|Indoor Navigation (walking)|On a screen (phone/laptop),False,False,,Proxemics|Politeness
110f9870-6b6c-4a20-a3c8-8c2e29c53bb7_1388-88,110f9870-6b6c-4a20-a3c8-8c2e29c53bb7,1388.88,True,True,True,minnesota,Cleaning / laundry,False,False,,Politeness|Cooperation|Coordination/Proactivity
98439a73-2aa4-4071-bee3-00973a58a70d_291-10,98439a73-2aa4-4071-bee3-00973a58a70d,291.1,True,True,True,iiith,Crafting/knitting/sewing/drawing/painting,False,False,,Cooperation
989f3c2c-edd2-4f30-9925-56771e2bf7cc_6090-07,989f3c2c-edd2-4f30-9925-56771e2bf7cc,6090.07,True,False,False,uniandes,"Car - commuting, road trip|Eating at a restaurant|Going to the park|Hiking|Indoor Navigation (walking)|On a screen (phone/laptop)|Visiting exhibition",False,False,,Communication/Legibility|Cooperation
b9de7a2c-d02e-4d66-9556-381f0b7ca51a_3961-43,b9de7a2c-d02e-4d66-9556-381f0b7ca51a,3961.43,True,False,False,uniandes,Climbing|Eating at a restaurant|Indoor Navigation (walking)|On a screen (phone/laptop)|Walking on street,False,False,,Politeness|Communication/Legibility
db00f224-0dba-4c50-975a-178e0e1033fe_290-41,db00f224-0dba-4c50-975a-178e0e1033fe,290.41,True,False,False,minnesota,Cleaning / laundry|Cooking|Daily hygiene|Eating|On a screen (phone/laptop)|Playing with pets,False,False,,Proxemics
de37a11d-1dcd-4f5b-9054-155093b3a073_1242-75,de37a11d-1dcd-4f5b-9054-155093b3a073,1242.75,True,False,False,uniandes,Climbing|Eating at a restaurant|Indoor Navigation (walking)|On a screen (phone/laptop)|Walking on street,False,False,,Proxemics|Cooperation|Coordination/Proactivity
ecdc4071-1903-4024-a357-d0082720168e_125-53,ecdc4071-1903-4024-a357-d0082720168e,125.53,True,False,False,minnesota,Camp setup/pack-up/chores,False,False,,Proxemics|Coordination/Proactivity|Cooperation
fa35a547-13b5-4355-873c-322c1860349a_128-66,fa35a547-13b5-4355-873c-322c1860349a,128.66,True,False,False,minnesota,Cooking|Playing with pets|Talking with family members,False,False,,
d3f76c88-5996-4da0-8b8f-6c1b8f85a4d8_9209-81,d3f76c88-5996-4da0-8b8f-6c1b8f85a4d8,9209.81,True,True,True,iiith,Blacksmith,False,False,,Cooperation|Coordination/Proactivity
ba078478-13a5-4e7f-8ee4-61620f84cb7a_2830-69,ba078478-13a5-4e7f-8ee4-61620f84cb7a,2830.69,True,True,True,iiith,Crafting/knitting/sewing/drawing/painting,False,False,,Cooperation
6ac035af-4851-4afb-af6c-c00edb7bdbe6_801-00,6ac035af-4851-4afb-af6c-c00edb7bdbe6,801.0,True,True,True,minnesota,Eating,False,False,,Cooperation|Politeness|Proxemics
68150eb1-47cd-4617-953a-0afdf67b2adb_2839-25,68150eb1-47cd-4617-953a-0afdf67b2adb,2839.25,True,False,False,cmu,"jobs related to construction/renovation company
(Director of work, tiler, plumber, Electrician, Handyman, etc)",False,False,,Cooperation|Coordination/Proactivity
ce121331-6a77-44c0-9c0d-8d6b21f73b24_67-61,ce121331-6a77-44c0-9c0d-8d6b21f73b24,67.61,True,True,True,frl_track_1_public,Making coffee,False,False,,Proxemics
9848e52e-e6f3-4190-9c42-f85cd9847e10_807-44,9848e52e-e6f3-4190-9c42-f85cd9847e10,807.44,True,True,True,minnesota,Gaming arcade / pool / billiards,False,False,,Cooperation
933a8f93-2881-458d-93ec-8c072f2a1474_2356-83,933a8f93-2881-458d-93ec-8c072f2a1474,2356.83,True,False,False,uniandes,Climbing|Eating at a restaurant|Indoor Navigation (walking)|On a screen (phone/laptop)|Walking on street,False,False,,Safety|Cooperation
d74c95ba-e072-44f8-bb2f-2631379af06d_1057-19,d74c95ba-e072-44f8-bb2f-2631379af06d,1057.19,True,True,True,iiith,Cooking,False,False,,Proxemics|Communication/Legibility
94734a4a-4fb2-4d45-a47f-9d3d0ad70071_1049-90,94734a4a-4fb2-4d45-a47f-9d3d0ad70071,1049.9,True,True,True,minnesota,Walking on street,False,False,,Safety|Cooperation|Communication/Legibility
6aa13fb1-5440-424e-a021-06a2da215e63_273-88,6aa13fb1-5440-424e-a021-06a2da215e63,273.88,True,True,True,frl_track_1_public,Grocery shopping indoors,False,False,train,Proxemics|Coordination/Proactivity
ca1773b8-ec8e-4f61-8e8f-7e4211830793_835-99,ca1773b8-ec8e-4f61-8e8f-7e4211830793,835.99,True,True,True,nus,Cooking|Preparing hopot|Talking with friends/housemates,False,False,,Politeness|Communication/Legibility
a6ae81d6-f014-4902-bae6-b06373b31c55_153-41,a6ae81d6-f014-4902-bae6-b06373b31c55,153.41,True,True,True,utokyo,Cooking,False,False,,Safety
932dfe2f-0cf1-4b76-b41a-4ca03f6945e5_1575-94,932dfe2f-0cf1-4b76-b41a-4ca03f6945e5,1575.94,True,True,True,frl_track_1_public,"Clothes, other shopping",False,False,,Politeness|Communication/Legibility
caa17bb0-2b04-49b0-8ccc-38b2803a3b1f_26-31,caa17bb0-2b04-49b0-8ccc-38b2803a3b1f,26.31,True,False,False,minnesota,Hiking,False,False,,Safety|Cooperation
168f91fd-53c2-4eee-9d2d-e25e1ad73438_99-46,168f91fd-53c2-4eee-9d2d-e25e1ad73438,99.46,True,True,True,minnesota,Carpenter|Fixing something in the home|Talking with family members,False,False,,Cooperation|Coordination/Proactivity|Communication/Legibility
01f9f9d6-2871-4913-99ea-8ffb7780fc8d_1491-41,01f9f9d6-2871-4913-99ea-8ffb7780fc8d,1491.41,True,True,True,minnesota,Eating,False,False,,Proxemics|Politeness|Cooperation
cfa58f86-6a63-46fc-8510-6a8d517f933b_689-38,cfa58f86-6a63-46fc-8510-6a8d517f933b,689.38,True,True,True,frl_track_1_public,Eating,False,False,,Politeness|Proxemics
470499d1-e015-4d45-a858-ca3e9566085e_961-34,470499d1-e015-4d45-a858-ca3e9566085e,961.34,True,False,False,uniandes,Dancing,False,False,,Proxemics|Communication/Legibility
53bab63b-b6fa-494c-9dc7-c3fe61f234de_999-56,53bab63b-b6fa-494c-9dc7-c3fe61f234de,999.56,True,True,True,minnesota,Playing games / video games,False,False,,Cooperation
7f296d37-a819-408f-aa34-80b63a40f01e_28-00,7f296d37-a819-408f-aa34-80b63a40f01e,28.0,True,True,True,iiith,"jobs related to construction/renovation company
(Director of work, tiler, plumber, Electrician, Handyman, etc)",False,False,,Cooperation
17be1d0a-f213-4126-ab6e-08e5c8ee5b93_4479-70,17be1d0a-f213-4126-ab6e-08e5c8ee5b93,4479.7,True,False,False,uniandes,Hair and Makeup stylist|Indoor Navigation (walking)|On a screen (phone/laptop),False,False,,Proxemics|Cooperation
ca03dcd8-9e87-4da5-9f9d-eac37ed6e9fd_320-42,ca03dcd8-9e87-4da5-9f9d-eac37ed6e9fd,320.42,True,False,False,minnesota,Cleaning / laundry,False,False,,Proxemics|Cooperation
39a53568-d759-4f19-ac19-bc4ba29b5c17_726-07,39a53568-d759-4f19-ac19-bc4ba29b5c17,726.07,True,False,False,cmu,"jobs related to construction/renovation company
(Director of work, tiler, plumber, Electrician, Handyman, etc)",False,False,,Proxemics|Coordination/Proactivity
5cf98bc1-012f-482d-86ee-9337d8747dce_1374-50,5cf98bc1-012f-482d-86ee-9337d8747dce,1374.5,True,False,False,uniandes,Climbing|Eating at a restaurant|Indoor Navigation (walking)|On a screen (phone/laptop)|Walking on street,False,False,,Politeness|Communication/Legibility|Cooperation
b5c5d054-4cc3-4e54-b283-6845ca022eb8_0-00,b5c5d054-4cc3-4e54-b283-6845ca022eb8,0.0,True,False,False,minnesota,Indoor Navigation (walking)|Playing with pets,False,False,,Cooperation|Communication/Legibility
7c1c5dca-5856-4997-8cda-9fa3bca10a3b_2494-15,7c1c5dca-5856-4997-8cda-9fa3bca10a3b,2494.15,True,True,True,iiith,Carpenter,False,False,,Safety|Cooperation|Coordination/Proactivity
5e97e33c-b3ca-48b2-9e7e-069fe39199fb_1921-41,5e97e33c-b3ca-48b2-9e7e-069fe39199fb,1921.41,True,False,False,kaust,"Car - commuting, road trip|Skateboard/scooter",False,False,,Safety
d1952343-6eaf-4317-ae19-6b48b292ad24_877-17,d1952343-6eaf-4317-ae19-6b48b292ad24,877.17,True,True,True,frl_track_1_public,Making coffee,False,False,,Politeness|Cooperation|Communication/Legibility
817170ad-1f3b-44b1-9772-fe914fa17f30_1211-20,817170ad-1f3b-44b1-9772-fe914fa17f30,1211.2,True,False,False,cmu,Doing yardwork / shoveling snow,False,False,,Safety
963b09ff-1da2-4168-bed2-fe1d2531dd98_1393-91,963b09ff-1da2-4168-bed2-fe1d2531dd98,1393.91,True,False,False,cmu,"jobs related to construction/renovation company
(Director of work, tiler, plumber, Electrician, Handyman, etc)",False,False,,Proxemics|Coordination/Proactivity
087e11d0-5984-4365-989d-7365294ddaec_5378-93,087e11d0-5984-4365-989d-7365294ddaec,5378.93,True,False,False,uniandes,Climbing|Eating at a restaurant|Indoor Navigation (walking)|On a screen (phone/laptop)|Walking on street,False,False,,Safety|Cooperation|Politeness
668962c9-ecae-4b8f-bdc1-a6aeab093d88_811-44,668962c9-ecae-4b8f-bdc1-a6aeab093d88,811.44,True,True,True,frl_track_1_public,"Clothes, other shopping",False,False,,Communication/Legibility
f5bdefb3-f57c-4270-bf31-7939ecd45c86_2347-29,f5bdefb3-f57c-4270-bf31-7939ecd45c86,2347.29,True,True,True,iiith,Farmer,False,False,,Politeness|Cooperation|Communication/Legibility
15f1a422-327d-4dab-b14d-7003544c5817_1292-11,15f1a422-327d-4dab-b14d-7003544c5817,1292.11,True,False,False,minnesota,Camp setup/pack-up/chores|Cleaning / laundry|On a screen (phone/laptop)|Talking with family members,False,False,,Communication/Legibility|Cooperation
bdeb0df9-2983-41bb-ba27-c431d9ef3163_1772-82,bdeb0df9-2983-41bb-ba27-c431d9ef3163,1772.82,True,True,True,minnesota,Cleaning / laundry|Cooking|Household management - caring for kids|Ironing,False,False,,Safety|Proxemics
7acd59a8-ed64-4a99-a469-3d5529a4098a_270-66,7acd59a8-ed64-4a99-a469-3d5529a4098a,270.66,True,True,True,frl_track_1_public,Grocery shopping indoors,False,False,train,Proxemics
98fcbc28-9542-4f3c-9a03-73af08fb989d_1376-40,98fcbc28-9542-4f3c-9a03-73af08fb989d,1376.4,True,True,True,frl_track_1_public,"Clothes, other shopping",False,False,,Safety
083b7556-9dff-40e2-9fad-bef3f82dbf37_1003-31,083b7556-9dff-40e2-9fad-bef3f82dbf37,1003.31,True,False,False,minnesota,Camp setup/pack-up/chores,False,False,,Proxemics
25ade38d-3e6b-4aa1-851d-7fbf791201c0_887-41,25ade38d-3e6b-4aa1-851d-7fbf791201c0,887.41,True,True,True,kaust,Indoor Navigation (walking)|Talking with family members|Walking on street|Walking the dog / pet|Watching tv,False,False,,Proxemics
7a680a9a-dd7b-467a-a724-a597f1be9f06_2545-86,7a680a9a-dd7b-467a-a724-a597f1be9f06,2545.86,True,True,True,kaust,Watching tv,False,False,,Proxemics|Politeness
4d63c029-fd1d-48f2-9f61-7246bb9ef6fc_2979-35,4d63c029-fd1d-48f2-9f61-7246bb9ef6fc,2979.35,True,True,True,unict,,False,False,,Safety|Cooperation
ea5bb387-a22a-4b49-8aa5-35cbf0d3563d_205-22,ea5bb387-a22a-4b49-8aa5-35cbf0d3563d,205.22,True,True,True,iiith,Cleaning / laundry,False,False,,Safety|Cooperation
ae59dda2-8aa0-40e1-bd48-af368ea8e149_1585-64,ae59dda2-8aa0-40e1-bd48-af368ea8e149,1585.64,True,True,True,iiith,Crafting/knitting/sewing/drawing/painting,False,False,,Safety|Cooperation
9148ceed-6983-4303-a560-2cbde805ee85_493-46,9148ceed-6983-4303-a560-2cbde805ee85,493.46,True,False,False,unict,"jobs related to construction/renovation company
(Director of work, tiler, plumber, Electrician, Handyman, etc)",False,False,,Cooperation|Communication/Legibility
ec85a806-d47f-4555-8c4c-20f59927e580_909-71,ec85a806-d47f-4555-8c4c-20f59927e580,909.71,True,True,True,iiith,Pulp Traces Factory (Egges),False,False,,Safety
0f574f9b-00bc-479d-894b-9e7c999fe13a_303-78,0f574f9b-00bc-479d-894b-9e7c999fe13a,303.78,True,True,True,iiith,Walking on street,False,False,,Safety|Politeness
444a032d-faef-447e-a5dd-c3c8386672b6_215-22,444a032d-faef-447e-a5dd-c3c8386672b6,215.22,True,False,False,uniandes,Climbing,False,False,,Safety|Cooperation
89d8c9c5-fa11-4674-b08f-007f81958555_252-29,89d8c9c5-fa11-4674-b08f-007f81958555,252.29,True,True,True,minnesota,Going to the park,False,False,,Safety|Proxemics
4469a684-b4f9-4b50-a26f-2943f477a420_980-96,4469a684-b4f9-4b50-a26f-2943f477a420,980.96,True,False,False,kaust,Bike|Indoor Navigation (walking)|Street art,False,False,,
ffa4f27f-4e66-4b8c-ba6a-9a94f3491eb6_1093-00,ffa4f27f-4e66-4b8c-ba6a-9a94f3491eb6,1093.0,True,True,True,frl_track_1_public,Grocery shopping indoors,False,False,train,Politeness|Communication/Legibility
2ac8acbc-9ea4-4bed-bbc2-aa53cc5f098a_1105-87,2ac8acbc-9ea4-4bed-bbc2-aa53cc5f098a,1105.87,True,False,False,cmu,"jobs related to construction/renovation company
(Director of work, tiler, plumber, Electrician, Handyman, etc)",False,False,,Safety|Coordination/Proactivity|Communication/Legibility
a2f25985-0589-42ca-af57-58930079dfb9_1096-32,a2f25985-0589-42ca-af57-58930079dfb9,1096.32,True,False,False,uniandes,Climbing|Eating at a restaurant|Indoor Navigation (walking)|On a screen (phone/laptop)|Walking on street,False,False,,Safety|Cooperation|Coordination/Proactivity
20525d50-586a-4792-bfdb-fd941ee64ea9_89-29,20525d50-586a-4792-bfdb-fd941ee64ea9,89.29,True,True,True,frl_track_1_public,Making coffee,False,False,,Proxemics|Cooperation|Coordination/Proactivity
6ac035af-4851-4afb-af6c-c00edb7bdbe6_768-70,6ac035af-4851-4afb-af6c-c00edb7bdbe6,768.7,True,True,True,minnesota,Eating,False,False,,Politeness|Communication/Legibility|Safety
32c34069-0111-4d89-9e55-1c68f18705ad_8758-17,32c34069-0111-4d89-9e55-1c68f18705ad,8758.17,True,False,False,uniandes,Hiking|On a screen (phone/laptop)|Walking on street,False,False,,Safety
afd5c197-7b14-4e21-ac56-d23b6a5543d0_1411-24,afd5c197-7b14-4e21-ac56-d23b6a5543d0,1411.24,True,True,True,minnesota,Cooking|Playing with pets|Walking the dog / pet,False,False,,Proxemics
526675a3-acea-4d5b-b5c9-ccb1b89f6e58_421-44,526675a3-acea-4d5b-b5c9-ccb1b89f6e58,421.44,True,False,False,cmu,Carpenter,False,False,,Cooperation|Coordination/Proactivity
7665b96d-1a30-435b-9679-e7defed426e6_99-13,7665b96d-1a30-435b-9679-e7defed426e6,99.13,True,False,False,minnesota,Hiking,False,False,,Safety|Cooperation|Coordination/Proactivity
e6b7692d-5e35-4524-8d2a-385475b95806_3085-37,e6b7692d-5e35-4524-8d2a-385475b95806,3085.37,True,False,False,kaust,"Car - commuting, road trip|Clothes, other shopping|Daily hygiene|Indoor Navigation (walking)|Talking with family members|Walking on street",False,False,,Proxemics|Cooperation|Coordination/Proactivity
e6f1accd-e18d-43ec-b854-e7633b15cbf7_1189-42,e6f1accd-e18d-43ec-b854-e7633b15cbf7,1189.42,True,True,True,iiith,Cooking,False,False,,Cooperation
4cd086c9-e7d4-4cb9-bdfe-9e55830cf52e_3435-93,4cd086c9-e7d4-4cb9-bdfe-9e55830cf52e,3435.93,True,True,True,indiana,building lego models / plastic models,False,False,,Cooperation|Coordination/Proactivity
3dd00666-a34d-4b45-bb4c-7a4c2342e475_1264-75,3dd00666-a34d-4b45-bb4c-7a4c2342e475,1264.75,True,True,True,frl_track_1_public,"Clothes, other shopping",False,False,,Proxemics|Politeness
9b8a4b28-b831-417b-83dd-deb7890908c0_1561-56,9b8a4b28-b831-417b-83dd-deb7890908c0,1561.56,True,True,True,frl_track_1_public,Grocery shopping indoors,False,False,,Safety|Cooperation|Communication/Legibility
c0eea386-412b-4127-a2d3-352322a0038c_1313-16,c0eea386-412b-4127-a2d3-352322a0038c,1313.16,True,True,True,kaust,Talking with family members,False,False,,Communication/Legibility|Cooperation
b6474db0-090c-40df-8d65-0a52dd0578cc_984-29,b6474db0-090c-40df-8d65-0a52dd0578cc,984.29,True,False,False,cmu,Carpenter,False,False,,Cooperation
2b012751-2e50-4acb-b645-c864930e92c8_1119-28,2b012751-2e50-4acb-b645-c864930e92c8,1119.28,True,True,True,frl_track_1_public,Making coffee,False,False,,Proxemics|Cooperation
348180aa-c90b-463a-8b3f-0743469a8b59_3591-71,348180aa-c90b-463a-8b3f-0743469a8b59,3591.71,True,False,False,uniandes,Eating at a restaurant|Hiking|Indoor Navigation (walking)|On a screen (phone/laptop)|Talking with friends/housemates,False,False,,Safety|Coordination/Proactivity
6e330145-3fe9-44f7-8f84-801717da9ea2_766-46,6e330145-3fe9-44f7-8f84-801717da9ea2,766.46,True,True,True,minnesota,Crafting/knitting/sewing/drawing/painting,False,False,,Communication/Legibility|Cooperation
67a8114b-7f37-443d-8beb-64886095f935_797-83,67a8114b-7f37-443d-8beb-64886095f935,797.83,True,True,True,minnesota,Swimming in a pool/ocean,False,False,,Proxemics|Communication/Legibility
cb1f1ddf-f4f6-4b0e-ab73-0285729ba790_40-06,cb1f1ddf-f4f6-4b0e-ab73-0285729ba790,40.06,True,True,True,iiith,"jobs related to construction/renovation company
(Director of work, tiler, plumber, Electrician, Handyman, etc)",False,False,,Cooperation|Coordination/Proactivity
c79e05d5-eaf6-4323-a707-744020743037_763-82,c79e05d5-eaf6-4323-a707-744020743037,763.82,True,True,True,iiith,Cooking,False,False,,Safety|Cooperation
3178c414-453e-44e9-b192-67dba2ccc982_1088-81,3178c414-453e-44e9-b192-67dba2ccc982,1088.81,True,True,True,frl_track_1_public,Eating,False,False,,Proxemics
5cf98bc1-012f-482d-86ee-9337d8747dce_2305-61,5cf98bc1-012f-482d-86ee-9337d8747dce,2305.61,True,False,False,uniandes,Climbing|Eating at a restaurant|Indoor Navigation (walking)|On a screen (phone/laptop)|Walking on street,False,False,,Safety|Coordination/Proactivity
ba44d0ee-9aba-4d05-8d1b-1eac7346f479_1433-66,ba44d0ee-9aba-4d05-8d1b-1eac7346f479,1433.66,True,True,True,kaust,Crafting/knitting/sewing/drawing/painting|Talking with family members,False,False,,Communication/Legibility|Politeness
d1c7b7ec-506e-4c02-b008-8b5aaaf442d7_847-39,d1c7b7ec-506e-4c02-b008-8b5aaaf442d7,847.39,True,True,True,indiana,building lego models / plastic models|Playing games / video games,False,False,,
500be78a-0a13-44c5-8bc6-bafaa9b94354_17-35,500be78a-0a13-44c5-8bc6-bafaa9b94354,17.35,True,False,False,uniandes,Hiking|On a screen (phone/laptop)|Talking with friends/housemates,False,False,,Politeness
706de1df-babc-4e54-a310-1d9070140197_195-59,706de1df-babc-4e54-a310-1d9070140197,195.59,True,True,True,minnesota,Cleaning / laundry|Cooking,False,False,,
79c62f24-488e-4a69-8220-3b20cb4bf72b_4957-40,79c62f24-488e-4a69-8220-3b20cb4bf72b,4957.4,True,True,True,iiith,Handyman,False,False,,Cooperation
343f8d57-6331-40f3-823c-2aee4d5cc10f_1162-80,343f8d57-6331-40f3-823c-2aee4d5cc10f,1162.8,True,True,True,minnesota,Fixing something in the home,False,False,,Coordination/Proactivity
824e7896-904a-4ff5-b7ee-e21df21918c2_2003-17,824e7896-904a-4ff5-b7ee-e21df21918c2,2003.17,True,True,True,kaust,Cleaning / laundry|Talking with family members,False,False,,Cooperation|Coordination/Proactivity
be82ebf1-5feb-4c1b-a71a-f668e3a17726_27-55,be82ebf1-5feb-4c1b-a71a-f668e3a17726,27.55,True,True,True,nus,Taking photos in photography studio|Talking with friends/housemates,False,False,,Communication/Legibility|Cooperation
0d572bb4-543a-4fa2-afce-876f854a559a_484-84,0d572bb4-543a-4fa2-afce-876f854a559a,484.84,True,True,True,iiith,Cooking,False,False,,Cooperation|Politeness|Coordination/Proactivity
3b342c9c-eb30-4cc6-8ced-53c4fb7b3a8d_783-98,3b342c9c-eb30-4cc6-8ced-53c4fb7b3a8d,783.98,True,True,True,nus,Attending a TA session|Talking to colleagues|Talking with friends/housemates,False,False,,Cooperation|Communication/Legibility
c93e077c-9f51-449c-b130-8be107c8a7d5_199-82,c93e077c-9f51-449c-b130-8be107c8a7d5,199.82,True,True,True,iiith,Sleeping,False,False,,Safety|Cooperation
7f5ed6e1-aca1-40d5-87c6-d156c5f02263_213-34,7f5ed6e1-aca1-40d5-87c6-d156c5f02263,213.34,True,False,False,minnesota,Camp setup/pack-up/chores,False,False,,Politeness|Cooperation
8f05300f-1200-4c18-937b-b8e23dc92505_261-93,8f05300f-1200-4c18-937b-b8e23dc92505,261.93,True,False,False,minnesota,Camp setup/pack-up/chores|Playing with pets,False,False,,Politeness|Communication/Legibility
77cdd8dd-402b-45d7-a16c-a16520c737e3_1834-33,77cdd8dd-402b-45d7-a16c-a16520c737e3,1834.33,True,True,True,iiith,Cooking,False,False,,Cooperation
3a718f0f-a85e-4461-b5bc-94c5a8d300a8_648-56,3a718f0f-a85e-4461-b5bc-94c5a8d300a8,648.56,True,True,True,minnesota,Grocery shopping indoors,False,False,,Safety|Cooperation
dc16fb2a-7caf-41f4-b2a3-d2ff8cd38255_65-68,dc16fb2a-7caf-41f4-b2a3-d2ff8cd38255,65.68,True,True,True,iiith,Practicing a musical instrument,False,False,,Cooperation|Coordination/Proactivity|Communication/Legibility
c7e8af35-608f-4d18-b752-2f3140f5fcc4_772-15,c7e8af35-608f-4d18-b752-2f3140f5fcc4,772.15,True,False,False,kaust,Bike,False,False,,Proxemics|Coordination/Proactivity|Cooperation
5ead8e7c-2600-44b1-afd6-b82cb5f7b9ce_3241-48,5ead8e7c-2600-44b1-afd6-b82cb5f7b9ce,3241.48,True,True,True,minnesota,Baseball|Going to the park,False,False,,Proxemics|Coordination/Proactivity
8774b5c6-83aa-43b0-8a51-00f173949944_3529-30,8774b5c6-83aa-43b0-8a51-00f173949944,3529.3,True,False,False,uniandes,On a screen (phone/laptop)|Tourism|Walking on street,False,False,,Proxemics|Communication/Legibility|Cooperation
49b14463-2172-4b0e-ad13-fdf9383e9a77_284-00,49b14463-2172-4b0e-ad13-fdf9383e9a77,284.0,True,True,True,minnesota,Fixing something in the home,False,False,,Safety
f22115b5-b9be-4e30-8576-7c1fcecec480_12-52,f22115b5-b9be-4e30-8576-7c1fcecec480,12.52,True,False,False,cmu,"jobs related to construction/renovation company
(Director of work, tiler, plumber, Electrician, Handyman, etc)",False,False,,Cooperation
803d0524-47c8-45fe-a5d1-c6a71e2cd54b_786-81,803d0524-47c8-45fe-a5d1-c6a71e2cd54b,786.81,True,True,True,iiith,Cleaning / laundry,False,False,,Politeness|Communication/Legibility
fc201765-9b2e-4bb3-8ca0-84bd1732fd40_335-09,fc201765-9b2e-4bb3-8ca0-84bd1732fd40,335.09,True,True,True,iiith,"jobs related to construction/renovation company
(Director of work, tiler, plumber, Electrician, Handyman, etc)",False,False,,Cooperation|Communication/Legibility
d6491872-31a0-4015-b9e1-ae992406f849_51-07,d6491872-31a0-4015-b9e1-ae992406f849,51.07,True,True,True,minnesota,Walking on street,False,False,,Proxemics|Communication/Legibility|Cooperation
d10798c3-6b79-4c0d-aafd-8daad36c51db_44-79,d10798c3-6b79-4c0d-aafd-8daad36c51db,44.79,True,True,True,minnesota,Cooking|Talking with family members,False,False,,Cooperation|Safety
10c73f89-cc7d-4d43-b1df-b56703de1b24_711-97,10c73f89-cc7d-4d43-b1df-b56703de1b24,711.97,True,True,True,frl_track_1_public,Grocery shopping indoors,False,False,,Politeness|Communication/Legibility
a3f1b2f3-0735-4c65-b66e-5c397f3126c7_276-64,a3f1b2f3-0735-4c65-b66e-5c397f3126c7,276.64,True,True,True,frl_track_1_public,Eating,False,False,,Proxemics|Politeness
508cf068-6523-4368-a6b1-76ba538f1fc9_1359-08,508cf068-6523-4368-a6b1-76ba538f1fc9,1359.08,True,True,True,frl_track_1_public,Grocery shopping indoors,False,False,,Cooperation|Coordination/Proactivity
59976b3b-2328-47f2-a7b3-6f982497ed65_622-81,59976b3b-2328-47f2-a7b3-6f982497ed65,622.81,True,True,True,iiith,"jobs related to construction/renovation company
(Director of work, tiler, plumber, Electrician, Handyman, etc)",False,False,,Politeness|Safety|Privacy|Coordination/Proactivity
f17f0d96-4d93-4e4b-83c5-fddfbc581bb3_963-95,f17f0d96-4d93-4e4b-83c5-fddfbc581bb3,963.95,True,True,True,frl_track_1_public,Grocery shopping indoors,False,False,train,Proxemics
bb2297d3-91b7-4ec4-b39b-cc64694929db_412-95,bb2297d3-91b7-4ec4-b39b-cc64694929db,412.95,True,True,True,minnesota,Cooking|Daily hygiene|Talking with family members,False,False,,Proxemics|Politeness
a13a145f-920a-44ec-8aef-b489c097f4a7_171-91,a13a145f-920a-44ec-8aef-b489c097f4a7,171.91,True,True,True,minnesota,Cleaning / laundry,False,False,,Proxemics|Cooperation
18a3840b-7463-43c4-9aa9-b1d8e486fa84_2172-38,18a3840b-7463-43c4-9aa9-b1d8e486fa84,2172.38,True,False,False,cmu,Carpenter,False,False,,Safety
1309c412-1d3b-449a-95d7-853616686f89_980-21,1309c412-1d3b-449a-95d7-853616686f89,980.21,True,True,True,nus,Eating at a restaurant|Talking with family members|Talking with friends/housemates,False,False,,Politeness|Cooperation
2ec3c123-0a04-46d7-97d5-8b85b5e6d06f_1372-45,2ec3c123-0a04-46d7-97d5-8b85b5e6d06f,1372.45,True,True,True,iiith,Cycling / jogging,False,False,,Safety|Proxemics
2e04b2bb-e5d3-4f66-a16e-f7756e14e749_392-62,2e04b2bb-e5d3-4f66-a16e-f7756e14e749,392.62,True,False,False,kaust,biology experiments|Indoor Navigation (walking),False,False,,Safety|Cooperation|Coordination/Proactivity
744c58f8-9a76-40d4-838f-8c7676fcb316_139-70,744c58f8-9a76-40d4-838f-8c7676fcb316,139.7,True,True,True,iiith,Gardening,False,False,,Safety|Communication/Legibility
3df50de7-7ef7-4938-9cdb-fb2d07751084_666-85,3df50de7-7ef7-4938-9cdb-fb2d07751084,666.85,True,False,False,uniandes,Eating|On a screen (phone/laptop)|Visiting exhibition|Walking on street,False,False,,Politeness|Cooperation|Communication/Legibility
f488287d-ea74-4836-9ea4-e137ac6c8233_333-32,f488287d-ea74-4836-9ea4-e137ac6c8233,333.32,True,True,True,iiith,"jobs related to construction/renovation company
(Director of work, tiler, plumber, Electrician, Handyman, etc)",False,False,,Proxemics
0dca9b08-f9c6-446f-8754-3c1312fa3274_101-78,0dca9b08-f9c6-446f-8754-3c1312fa3274,101.78,True,True,True,frl_track_1_public,"Clothes, other shopping",False,False,,Politeness|Communication/Legibility
786877d8-e353-4fae-b488-8d7443646882_1021-24,786877d8-e353-4fae-b488-8d7443646882,1021.24,True,False,False,uniandes,Dancing,False,False,,Proxemics|Privacy
8774b5c6-83aa-43b0-8a51-00f173949944_421-89,8774b5c6-83aa-43b0-8a51-00f173949944,421.89,True,False,False,uniandes,On a screen (phone/laptop)|Tourism|Walking on street,False,False,,Politeness|Communication/Legibility
39208fca-0c54-48e9-b4f3-b4803bb67661_3315-32,39208fca-0c54-48e9-b4f3-b4803bb67661,3315.32,True,False,False,uniandes,biology experiments|Eating|Indoor Navigation (walking)|Labwork|Listening to music|On a screen (phone/laptop)|Talking to colleagues,False,False,,Proxemics|Communication/Legibility
48d7d009-425f-4d1a-a6a9-a4742bd0d9fe_2561-43,48d7d009-425f-4d1a-a6a9-a4742bd0d9fe,2561.43,True,True,True,iiith,"jobs related to construction/renovation company
(Director of work, tiler, plumber, Electrician, Handyman, etc)",False,False,,Proxemics|Cooperation|Coordination/Proactivity
6a847d75-e20f-409d-8b91-77ada97d8fb9_1545-09,6a847d75-e20f-409d-8b91-77ada97d8fb9,1545.09,True,True,True,iiith,Attending religious activity,False,False,,Coordination/Proactivity
4bf46557-3c5a-4a89-840d-158403590c9f_1472-48,4bf46557-3c5a-4a89-840d-158403590c9f,1472.48,True,True,True,iiith,Pulp Traces Factory (Egges),False,False,,Safety|Cooperation
348f0f69-cd49-4c00-af91-f1765155e858_1127-21,348f0f69-cd49-4c00-af91-f1765155e858,1127.21,True,False,False,cmu,"jobs related to construction/renovation company
(Director of work, tiler, plumber, Electrician, Handyman, etc)",False,False,,Safety|Cooperation
3f712a5b-c1cf-4f2a-b0ab-ca0e2e4f0e3c_1166-83,3f712a5b-c1cf-4f2a-b0ab-ca0e2e4f0e3c,1166.83,True,True,True,iiith,"jobs related to construction/renovation company
(Director of work, tiler, plumber, Electrician, Handyman, etc)",False,False,,Cooperation|Coordination/Proactivity|Communication/Legibility
6b7e79ad-68c1-4637-a2d1-d7b8f92ac8a4_166-07,6b7e79ad-68c1-4637-a2d1-d7b8f92ac8a4,166.07,True,True,True,frl_track_1_public,"Clothes, other shopping",False,False,,Communication/Legibility|Politeness
71d5f5dc-fff6-4352-b37c-a8e1ed3b39bd_541-68,71d5f5dc-fff6-4352-b37c-a8e1ed3b39bd,541.68,True,True,True,iiith,Cleaning / laundry,False,False,,Proxemics|Communication/Legibility|Cooperation
09fe2f2d-7d90-4d7d-9dcd-baec4704f4cc_4409-86,09fe2f2d-7d90-4d7d-9dcd-baec4704f4cc,4409.86,True,False,False,uniandes,Dancing|On a screen (phone/laptop),False,False,,Cooperation|Coordination/Proactivity
54a421d2-763e-4751-a6b4-54e3d6c46cc1_692-41,54a421d2-763e-4751-a6b4-54e3d6c46cc1,692.41,True,True,True,minnesota,Household management - caring for kids,False,False,,Cooperation|Politeness|Communication/Legibility
19f2ea20-5041-4be2-bdc9-714473f16236_2706-11,19f2ea20-5041-4be2-bdc9-714473f16236,2706.11,True,False,False,uniandes,Hiking|On a screen (phone/laptop)|Talking with friends/housemates,False,False,,Proxemics|Privacy
dced4894-d13a-4222-941b-5e4ecf1e3299_1046-91,dced4894-d13a-4222-941b-5e4ecf1e3299,1046.91,True,True,True,iiith,Pulp Traces Factory (Egges),False,False,,Safety|Communication/Legibility
69f1101f-cb9e-4ad1-8fe6-ed840e5bcf9b_1263-46,69f1101f-cb9e-4ad1-8fe6-ed840e5bcf9b,1263.46,True,True,True,frl_track_1_public,"Clothes, other shopping",False,False,,Proxemics|Cooperation|Communication/Legibility
968d25eb-ab49-4a12-8b53-c5d98b091353_1212-82,968d25eb-ab49-4a12-8b53-c5d98b091353,1212.82,True,False,False,uniandes,On a screen (phone/laptop)|Tourism|Walking on street,False,False,,Proxemics|Politeness
0475a0b9-9445-4083-8c6a-42f0171ff3e4_1943-55,0475a0b9-9445-4083-8c6a-42f0171ff3e4,1943.55,True,True,True,frl_track_1_public,Cleaning / laundry|Making coffee,False,False,,Safety|Coordination/Proactivity|Cooperation
e6e3919c-7c2e-491e-bde8-053715f0d851_466-43,e6e3919c-7c2e-491e-bde8-053715f0d851,466.43,True,True,True,minnesota,Doing yardwork / shoveling snow,False,False,,Cooperation|Communication/Legibility
e402df54-0a64-424e-a7e6-3e68b18a761c_1064-59,e402df54-0a64-424e-a7e6-3e68b18a761c,1064.59,True,False,False,minnesota,Cooking|Playing with pets,False,False,,Politeness|Communication/Legibility|Coordination/Proactivity
97bd40e4-be39-403d-b9ae-f7eb006c51e2_914-45,97bd40e4-be39-403d-b9ae-f7eb006c51e2,914.45,True,False,False,cmu,"jobs related to construction/renovation company
(Director of work, tiler, plumber, Electrician, Handyman, etc)",False,False,,Politeness|Communication/Legibility
d551e6e5-50b5-4eab-88df-f213e6509ea0_1428-48,d551e6e5-50b5-4eab-88df-f213e6509ea0,1428.48,True,True,True,minnesota,Cleaning / laundry|Cooking,False,False,,Proxemics|Cooperation|Coordination/Proactivity
2dbdd409-0be0-447c-8ae8-3f107fe9af80_1626-43,2dbdd409-0be0-447c-8ae8-3f107fe9af80,1626.43,True,True,True,nus,"Going to a salon (nail, hair, spa)",False,False,,Proxemics
8b82316c-c293-49a7-b401-a3cc026ab1d0_3206-95,8b82316c-c293-49a7-b401-a3cc026ab1d0,3206.95,True,True,True,indiana,building lego models / plastic models,False,False,,Politeness|Cooperation|Communication/Legibility
5605bd9a-d151-4d5b-b0f6-cfc28ae6937e_2980-56,5605bd9a-d151-4d5b-b0f6-cfc28ae6937e,2980.56,True,True,True,iiith,Making Bricks,False,False,,Proxemics|Coordination/Proactivity
069c1058-881d-49da-b45d-b9f7e08fe932_1164-27,069c1058-881d-49da-b45d-b9f7e08fe932,1164.27,True,False,False,unict,,False,False,,Safety|Cooperation|Coordination/Proactivity
bae603bd-dc3d-46a4-90b7-9c1e2bcd3970_966-87,bae603bd-dc3d-46a4-90b7-9c1e2bcd3970,966.87,True,True,True,kaust,Eating|Talking with family members|Watching tv,False,False,,Politeness|Safety
d752fc52-9592-4cb5-910b-d09bb39261fd_420-77,d752fc52-9592-4cb5-910b-d09bb39261fd,420.77,True,True,True,kaust,Bike|Working at desk,False,False,,Safety|Coordination/Proactivity
4ff2e551-1ccb-44ce-8b68-09666397f681_554-17,4ff2e551-1ccb-44ce-8b68-09666397f681,554.17,True,True,True,frl_track_1_public,Grocery shopping indoors,False,False,,Proxemics|Cooperation
cb87d2ca-dc4f-4e1c-a13f-a8fe7dc952e9_23-76,cb87d2ca-dc4f-4e1c-a13f-a8fe7dc952e9,23.76,True,True,True,minnesota,Playing with pets|Walking the dog / pet,False,False,,Cooperation|Communication/Legibility
fe827643-62c3-4cb9-b009-7ed43731c9bd_0-00,fe827643-62c3-4cb9-b009-7ed43731c9bd,0.0,True,False,False,minnesota,"Clothes, other shopping|Talking with friends/housemates",False,False,,Safety
eb5cb2b0-59e6-45da-af1b-ba86c7ab0b54_922-64,eb5cb2b0-59e6-45da-af1b-ba86c7ab0b54,922.64,True,True,True,minnesota,Outdoor social (includes campfire),False,False,train,Proxemics|Cooperation
1a9a07d5-70ad-4e18-9740-66ea985a527b_945-60,1a9a07d5-70ad-4e18-9740-66ea985a527b,945.6,True,False,False,uniandes,Climbing,False,False,,Safety|Cooperation
f77f437c-4e60-43ef-a5e1-ce3881409455_1543-97,f77f437c-4e60-43ef-a5e1-ce3881409455,1543.97,True,True,True,frl_track_1_public,Making coffee,False,False,,Communication/Legibility|Politeness
c7da3efd-4a18-458e-90fd-f757ed966a63_380-64,c7da3efd-4a18-458e-90fd-f757ed966a63,380.64,True,True,True,iiith,Pulp Traces Factory (Egges),False,False,,Safety
62abef54-29ef-43ec-ba1d-43496d986e89_2257-41,62abef54-29ef-43ec-ba1d-43496d986e89,2257.41,True,True,True,iiith,"jobs related to construction/renovation company
(Director of work, tiler, plumber, Electrician, Handyman, etc)",False,False,,Safety|Cooperation
71504f29-61c1-49e5-8617-d0e71144c077_652-01,71504f29-61c1-49e5-8617-d0e71144c077,652.01,True,False,False,cmu,Car mechanic,False,False,,Safety|Cooperation
6ef7f9c0-30eb-4280-acc1-55f22f6e2924_2998-83,6ef7f9c0-30eb-4280-acc1-55f22f6e2924,2998.83,True,False,False,kaust,Bike|Cycling / jogging|Working out outside,False,False,,
ac8704d3-ab1c-4412-a10e-befb387063b2_270-04,ac8704d3-ab1c-4412-a10e-befb387063b2,270.04,True,True,True,frl_track_1_public,Making coffee,False,False,,Cooperation|Privacy
af06acee-b948-4950-a653-53d76b03a010_809-86,af06acee-b948-4950-a653-53d76b03a010,809.86,True,True,True,minnesota,Walking on street,False,False,,Politeness|Cooperation
d8936caf-0142-4ceb-bacc-70313a19f169_694-31,d8936caf-0142-4ceb-bacc-70313a19f169,694.31,True,False,False,minnesota,Cooking,False,False,,
d29b209e-cbc7-40a7-a0d6-acf803b86c78_4-53,d29b209e-cbc7-40a7-a0d6-acf803b86c78,4.53,True,True,False,minnesota,Outdoor social (includes campfire),False,False,,Safety
5d090853-467e-4f95-9f9e-ac0582023111_504-40,5d090853-467e-4f95-9f9e-ac0582023111,504.4,True,False,False,cmu,"jobs related to construction/renovation company
(Director of work, tiler, plumber, Electrician, Handyman, etc)",False,False,,Proxemics|Coordination/Proactivity
1e90b2b5-5483-4ecc-b8e0-fb0bf63ccac3_546-46,1e90b2b5-5483-4ecc-b8e0-fb0bf63ccac3,546.46,True,True,True,frl_track_1_public,Practicing a musical instrument,False,False,,Safety|Cooperation
ac8dba37-ce09-4dc5-b478-8194e41353c3_748-30,ac8dba37-ce09-4dc5-b478-8194e41353c3,748.3,True,True,True,iiith,Grocery shopping indoors,False,False,,Politeness|Communication/Legibility
d3980f7e-2ef1-4b2b-b73a-2a7db7465660_117-14,d3980f7e-2ef1-4b2b-b73a-2a7db7465660,117.14,True,True,True,nus,"Going to the gym - exercise machine, class, weights",False,False,,Cooperation|Communication/Legibility
ed792c47-5cb3-427c-a0e9-5dac33456e6a_1026-89,ed792c47-5cb3-427c-a0e9-5dac33456e6a,1026.89,True,True,True,iiith,Farmer,False,False,,Cooperation|Coordination/Proactivity|Communication/Legibility
66bf8281-f77c-4e37-b9a8-5f2aabf73ef9_943-34,66bf8281-f77c-4e37-b9a8-5f2aabf73ef9,943.34,True,True,True,frl_track_1_public,Grocery shopping indoors,False,False,train,Proxemics|Cooperation
f3c557d2-1170-4979-9a70-96d9b51fa987_265-90,f3c557d2-1170-4979-9a70-96d9b51fa987,265.9,True,False,False,minnesota,Cleaning / laundry|Indoor Navigation (walking)|Walking the dog / pet,False,False,,Proxemics|Privacy
3dbe950d-163c-40a4-9590-494748e1dd39_1644-63,3dbe950d-163c-40a4-9590-494748e1dd39,1644.63,True,False,False,uniandes,Eating|On a screen (phone/laptop)|Visiting exhibition|Walking on street,False,False,,Proxemics|Politeness
3588502f-e1c1-426c-81d6-6fac28e6c81a_531-41,3588502f-e1c1-426c-81d6-6fac28e6c81a,531.41,True,True,True,utokyo,Cooking,False,False,,Cooperation|Communication/Legibility
09aa2849-b299-4e30-ab69-1213c6f96581_1101-28,09aa2849-b299-4e30-ab69-1213c6f96581,1101.28,True,False,False,minnesota,Cleaning / laundry,False,False,,Cooperation|Coordination/Proactivity
235b49d2-b59c-4079-81cc-ad9c01dbd2df_22-56,235b49d2-b59c-4079-81cc-ad9c01dbd2df,22.56,True,False,False,cmu,Car mechanic,False,False,,Safety|Cooperation
df0b81a6-826c-4e9b-8921-392304716c0e_525-16,df0b81a6-826c-4e9b-8921-392304716c0e,525.16,True,False,False,cmu,Car mechanic,False,False,,Safety
d1a27322-8acd-4297-9029-db45af8d7cc2_34-04,d1a27322-8acd-4297-9029-db45af8d7cc2,34.04,True,False,False,unict,,False,False,,Safety|Cooperation
2876b375-e848-412c-8a6f-0664cbab6a33_474-94,2876b375-e848-412c-8a6f-0664cbab6a33,474.94,True,False,False,kaust,Bike|Grocery shopping indoors|Indoor Navigation (walking)|Walking on street,False,False,,
f1f8d17c-3d2a-4a2a-9482-0a8e385e77ae_365-24,f1f8d17c-3d2a-4a2a-9482-0a8e385e77ae,365.24,True,False,False,cmu,Car mechanic,False,False,,Safety
17be1d0a-f213-4126-ab6e-08e5c8ee5b93_4986-86,17be1d0a-f213-4126-ab6e-08e5c8ee5b93,4986.86,True,False,False,uniandes,Hair and Makeup stylist|Indoor Navigation (walking)|On a screen (phone/laptop),False,False,,Safety
ca22ace6-2d0e-4e0b-98d4-60544e5af4d5_1194-22,ca22ace6-2d0e-4e0b-98d4-60544e5af4d5,1194.22,True,True,True,indiana,building lego models / plastic models|Playing games / video games,False,False,,Communication/Legibility|Cooperation
b449ae20-0dd5-468e-ad86-daac0180046d_22-83,b449ae20-0dd5-468e-ad86-daac0180046d,22.83,True,False,False,minnesota,Indoor Navigation (walking)|Playing with pets|Talking with friends/housemates,False,False,,Safety|Cooperation
49f87e0a-cc34-447e-87ba-209e430aafb0_2852-27,49f87e0a-cc34-447e-87ba-209e430aafb0,2852.27,True,True,True,iiith,Crafting/knitting/sewing/drawing/painting,False,False,,Communication/Legibility|Cooperation
b959f479-0508-4f1b-96a5-1b17e86af8ce_1110-67,b959f479-0508-4f1b-96a5-1b17e86af8ce,1110.67,True,True,True,frl_track_1_public,Grocery shopping indoors,False,False,,Cooperation|Communication/Legibility|Politeness
865ff1fd-d17e-4642-b111-8f1a1da5a2d4_748-29,865ff1fd-d17e-4642-b111-8f1a1da5a2d4,748.29,True,False,False,cmu,"jobs related to construction/renovation company
(Director of work, tiler, plumber, Electrician, Handyman, etc)",False,False,,Safety|Cooperation
262fd2ec-8eba-44d9-8082-4d0574f7a515_3000-11,262fd2ec-8eba-44d9-8082-4d0574f7a515,3000.11,True,True,True,frl_track_1_public,Cleaning / laundry|Making coffee,False,False,,Cooperation|Politeness
cab3c095-8054-4794-81c5-ef9dce1d1373_376-97,cab3c095-8054-4794-81c5-ef9dce1d1373,376.97,True,True,True,iiith,Cleaning / laundry,False,False,,Politeness|Cooperation
5e7dbc32-08e0-4266-9bd3-27c412d1af7c_182-45,5e7dbc32-08e0-4266-9bd3-27c412d1af7c,182.45,True,True,True,minnesota,Cleaning / laundry,False,False,,Safety|Cooperation
0b38da1c-2b62-4c05-a68e-e8f2aafa47a8_1227-10,0b38da1c-2b62-4c05-a68e-e8f2aafa47a8,1227.1,True,False,False,cmu,"jobs related to construction/renovation company
(Director of work, tiler, plumber, Electrician, Handyman, etc)",False,False,,Coordination/Proactivity|Cooperation
fb92d350-9bf9-4b16-8a1f-7858de276226_688-12,fb92d350-9bf9-4b16-8a1f-7858de276226,688.12,True,False,False,uniandes,Hair and Makeup stylist|Indoor Navigation (walking)|On a screen (phone/laptop),False,False,,Politeness|Coordination/Proactivity
54adfe07-dcc1-4c3f-90a2-ac93ea7ff6df_173-06,54adfe07-dcc1-4c3f-90a2-ac93ea7ff6df,173.06,True,False,False,minnesota,Camp setup/pack-up/chores,False,False,,
50f31d76-6f29-4f80-b654-9437a0113bf5_2211-90,50f31d76-6f29-4f80-b654-9437a0113bf5,2211.9,True,False,False,kaust,biology experiments|Indoor Navigation (walking)|Talking to colleagues,False,False,,Politeness|Proxemics|Communication/Legibility
2c5d38ed-012f-4732-9eb8-89beddb07641_447-87,2c5d38ed-012f-4732-9eb8-89beddb07641,447.87,True,False,False,cmu,Doing yardwork / shoveling snow,False,False,,Safety|Proxemics
fb92d350-9bf9-4b16-8a1f-7858de276226_540-00,fb92d350-9bf9-4b16-8a1f-7858de276226,540.0,True,False,False,uniandes,Hair and Makeup stylist|Indoor Navigation (walking)|On a screen (phone/laptop),False,False,,Safety|Coordination/Proactivity
31bb1175-5459-4812-bb9e-f9300e2733f1_3549-55,31bb1175-5459-4812-bb9e-f9300e2733f1,3549.55,True,False,False,uniandes,Dancing|On a screen (phone/laptop),False,False,,Coordination/Proactivity
eb575f9b-6a52-45fb-98d8-5e9dbdd8dd63_703-22,eb575f9b-6a52-45fb-98d8-5e9dbdd8dd63,703.22,True,True,True,minnesota,Cleaning / laundry|Cooking,False,False,,Safety|Cooperation
f0041c6c-06b2-4c3b-b8e6-934305b4226e_6185-52,f0041c6c-06b2-4c3b-b8e6-934305b4226e,6185.52,True,False,False,uniandes,Eating at a restaurant|Hiking|Indoor Navigation (walking)|On a screen (phone/laptop)|Talking with friends/housemates,False,False,,Politeness|Privacy|Proxemics
4c6f009a-f0ca-4557-8723-4111761e0a9a_879-68,4c6f009a-f0ca-4557-8723-4111761e0a9a,879.68,True,False,False,kaust,Bike|Indoor Navigation (walking)|Talking to colleagues|Walking on street|Working at desk,False,False,,
38737402-19bd-4689-9e74-3af391b15feb_1424-12,38737402-19bd-4689-9e74-3af391b15feb,1424.12,True,False,False,minnesota,Cleaning / laundry,False,False,,Politeness|Coordination/Proactivity
85b87948-4578-4912-95cb-addd19cfd31a_1581-49,85b87948-4578-4912-95cb-addd19cfd31a,1581.49,True,True,True,iiith,Farmer,False,False,,Safety|Cooperation
bdd32b96-5baf-4d67-9975-34cdce64b0cc_240-16,bdd32b96-5baf-4d67-9975-34cdce64b0cc,240.16,True,True,True,iiith,"jobs related to construction/renovation company
(Director of work, tiler, plumber, Electrician, Handyman, etc)",False,False,,Safety|Cooperation
84ec85f6-c167-413c-829d-9c6915519c57_249-09,84ec85f6-c167-413c-829d-9c6915519c57,249.09,True,True,True,iiith,"jobs related to construction/renovation company
(Director of work, tiler, plumber, Electrician, Handyman, etc)",False,False,,Politeness|Cooperation
f330e671-6ad4-49d4-8d59-e2493119ac43_9479-43,f330e671-6ad4-49d4-8d59-e2493119ac43,9479.43,True,False,False,uniandes,Climbing|Eating at a restaurant|Indoor Navigation (walking)|On a screen (phone/laptop)|Walking on street,False,False,,Politeness|Cooperation
e8ed2917-9442-4237-b15e-cd0b6c839d38_167-12,e8ed2917-9442-4237-b15e-cd0b6c839d38,167.12,True,False,False,cmu,"jobs related to construction/renovation company
(Director of work, tiler, plumber, Electrician, Handyman, etc)",False,False,,Safety|Coordination/Proactivity
03d6e9bf-389a-4828-bf82-0ef6decf7671_900-77,03d6e9bf-389a-4828-bf82-0ef6decf7671,900.77,True,True,True,minnesota,Cooking|Talking with friends/housemates,False,False,,Cooperation
95c0a226-5cb1-4380-af73-db2fcdbdbb76_174-41,95c0a226-5cb1-4380-af73-db2fcdbdbb76,174.41,True,True,True,frl_track_1_public,Grocery shopping indoors,False,False,,Communication/Legibility|Politeness
695cefe9-04c0-42fb-80fc-d308b314b788_662-96,695cefe9-04c0-42fb-80fc-d308b314b788,662.96,True,True,True,frl_track_1_public,Making coffee,False,False,,Politeness
44c5117d-fb5c-4fcf-b648-d7eb76d5f95a_1424-15,44c5117d-fb5c-4fcf-b648-d7eb76d5f95a,1424.15,True,True,True,iiith,"jobs related to construction/renovation company
(Director of work, tiler, plumber, Electrician, Handyman, etc)",False,False,,Safety|Cooperation
69ae6e65-a60b-46b0-b256-9d1aeaf34b0a_3951-27,69ae6e65-a60b-46b0-b256-9d1aeaf34b0a,3951.27,True,False,False,uniandes,Hiking|On a screen (phone/laptop)|Talking with friends/housemates,False,False,,Safety|Cooperation
9c07f3a2-5033-4f78-a377-a4cf5a7d7add_2093-33,9c07f3a2-5033-4f78-a377-a4cf5a7d7add,2093.33,True,False,False,cmu,"jobs related to construction/renovation company
(Director of work, tiler, plumber, Electrician, Handyman, etc)",False,False,,Safety|Cooperation
cd0c7d35-19cf-4ce2-9b40-0209547acde5_1364-91,cd0c7d35-19cf-4ce2-9b40-0209547acde5,1364.91,True,True,True,frl_track_1_public,"Clothes, other shopping",False,False,,Politeness|Communication/Legibility
01ccf6b0-5e95-4b18-acd4-a8cc1fd31ddf_248-81,01ccf6b0-5e95-4b18-acd4-a8cc1fd31ddf,248.81,True,False,False,cmu,Carpenter,False,False,,Safety|Cooperation|Communication/Legibility
acef7751-e40a-4fb7-91ea-3ba56ef46aed_103-55,acef7751-e40a-4fb7-91ea-3ba56ef46aed,103.55,True,False,False,cmu,Walking the dog / pet,False,False,,Safety|Cooperation|Coordination/Proactivity|Communication/Legibility
3639ab8f-880a-45bd-b8a9-6ef6bdaad4ff_355-03,3639ab8f-880a-45bd-b8a9-6ef6bdaad4ff,355.03,True,True,True,frl_track_1_public,"Clothes, other shopping",False,False,,Politeness|Cooperation|Communication/Legibility
40b33c95-3689-4ec8-8765-7e926f623b75_530-94,40b33c95-3689-4ec8-8765-7e926f623b75,530.94,True,True,True,iiith,Cooking,False,False,,Safety
94d5eff8-0fac-4719-adf2-5c0208ab89f7_1110-52,94d5eff8-0fac-4719-adf2-5c0208ab89f7,1110.52,True,True,True,iiith,Cooking,False,False,,
42263a6a-e984-4dd9-82db-a43d6e879c8f_828-54,42263a6a-e984-4dd9-82db-a43d6e879c8f,828.54,True,False,False,kaust,Talking with family members|Walking on street,False,False,,
307b1878-875f-4703-bfe9-32d11d20853f_94-03,307b1878-875f-4703-bfe9-32d11d20853f,94.03,True,False,False,cmu,"jobs related to construction/renovation company
(Director of work, tiler, plumber, Electrician, Handyman, etc)",False,False,,Safety|Cooperation
e6e3919c-7c2e-491e-bde8-053715f0d851_1353-28,e6e3919c-7c2e-491e-bde8-053715f0d851,1353.28,True,True,True,minnesota,Doing yardwork / shoveling snow,False,False,,Proxemics
596760c3-b1d6-453c-916c-ecbc30ab1c5d_1448-53,596760c3-b1d6-453c-916c-ecbc30ab1c5d,1448.53,True,True,True,iiith,Making Bricks,False,False,,Safety
ce19b572-7341-426a-8c2f-fe067344c98d_1972-11,ce19b572-7341-426a-8c2f-fe067344c98d,1972.11,True,False,False,kaust,"Car - commuting, road trip|Grocery shopping indoors",False,False,,Cooperation|Coordination/Proactivity
b9fd76c5-1f9b-4d82-b9ee-2e0615561765_364-29,b9fd76c5-1f9b-4d82-b9ee-2e0615561765,364.29,True,False,False,kaust,Talking to colleagues|Walking on street,False,False,,Proxemics|Coordination/Proactivity
c34effc7-6198-4c85-80c7-c8be85b77dd3_5200-39,c34effc7-6198-4c85-80c7-c8be85b77dd3,5200.39,True,False,False,uniandes,Hair and Makeup stylist|Indoor Navigation (walking)|On a screen (phone/laptop),False,False,,Proxemics|Coordination/Proactivity|Cooperation
e70f4b34-432f-47dc-834f-5bc6bd67dc62_166-47,e70f4b34-432f-47dc-834f-5bc6bd67dc62,166.47,True,True,True,iiith,"jobs related to construction/renovation company
(Director of work, tiler, plumber, Electrician, Handyman, etc)",False,False,,Politeness|Communication/Legibility|Cooperation
929a6fbb-3fda-45af-95bf-144d851761f4_1114-91,929a6fbb-3fda-45af-95bf-144d851761f4,1114.91,True,True,True,minnesota,Playing games / video games,False,False,,Proxemics|Cooperation
7696b38a-59d3-4b85-966f-3522f9792966_89-69,7696b38a-59d3-4b85-966f-3522f9792966,89.69,True,False,False,cmu,Carpenter,False,False,,Politeness|Communication/Legibility|Cooperation
972f2966-c368-4344-a9ca-5bd8a277f177_602-22,972f2966-c368-4344-a9ca-5bd8a277f177,602.22,True,False,False,cmu,Doing yardwork / shoveling snow,False,False,,Politeness|Cooperation
358b4617-283d-48df-bfd8-523cbb525b5d_227-18,358b4617-283d-48df-bfd8-523cbb525b5d,227.18,True,False,False,minnesota,Cleaning / laundry|Indoor Navigation (walking),False,False,,Politeness|Cooperation|Communication/Legibility
959bc769-a40e-4f4b-ba45-5adf32b8f26e_201-77,959bc769-a40e-4f4b-ba45-5adf32b8f26e,201.77,True,True,True,frl_track_1_public,Grocery shopping indoors,False,False,train,Proxemics|Cooperation
89d8c9c5-fa11-4674-b08f-007f81958555_2-14,89d8c9c5-fa11-4674-b08f-007f81958555,2.14,True,True,False,minnesota,Going to the park,False,False,,Safety|Proxemics|Coordination/Proactivity
ae56fbda-009b-485c-9dfa-72ce89e847bf_742-92,ae56fbda-009b-485c-9dfa-72ce89e847bf,742.92,True,False,False,kaust,"Going to the gym - exercise machine, class, weights|Walking on street",False,False,,Proxemics|Coordination/Proactivity|Cooperation
9a33e9f1-a740-4810-a624-62b0c9935741_115-86,9a33e9f1-a740-4810-a624-62b0c9935741,115.86,True,False,False,uniandes,Hair and Makeup stylist|Indoor Navigation (walking)|On a screen (phone/laptop),False,False,,Cooperation|Coordination/Proactivity
ee708878-5d10-4bf3-bd8a-6d72d5cceca6_570-90,ee708878-5d10-4bf3-bd8a-6d72d5cceca6,570.9,True,True,True,frl_track_1_public,"Clothes, other shopping",False,False,,Proxemics|Cooperation
fb92d350-9bf9-4b16-8a1f-7858de276226_2438-10,fb92d350-9bf9-4b16-8a1f-7858de276226,2438.1,True,False,False,uniandes,Hair and Makeup stylist|Indoor Navigation (walking)|On a screen (phone/laptop),False,False,,Cooperation|Coordination/Proactivity
79c62f24-488e-4a69-8220-3b20cb4bf72b_722-05,79c62f24-488e-4a69-8220-3b20cb4bf72b,722.05,True,True,True,iiith,Handyman,False,False,,Proxemics
d1c2a107-ba9a-4615-83e1-f609864b8541_35-35,d1c2a107-ba9a-4615-83e1-f609864b8541,35.35,True,True,True,frl_track_1_public,Making coffee,False,False,,Proxemics|Politeness
57e88d87-257e-434d-953e-6025367e99fe_448-77,57e88d87-257e-434d-953e-6025367e99fe,448.77,True,False,False,unict,Baker,False,False,,Proxemics|Politeness|Cooperation
c1626bce-83ba-49da-921c-7b60243c19ea_8-38,c1626bce-83ba-49da-921c-7b60243c19ea,8.38,True,False,False,minnesota,Hiking|Outdoor social (includes campfire),False,False,,Cooperation|Coordination/Proactivity|Communication/Legibility
a437e059-78be-4894-a7ab-dc27fa16d3f8_178-53,a437e059-78be-4894-a7ab-dc27fa16d3f8,178.53,True,False,False,uniandes,Hiking|On a screen (phone/laptop)|Talking with friends/housemates,False,False,,Proxemics|Cooperation
8dd6490b-6291-4793-b05e-79250f87925f_101-76,8dd6490b-6291-4793-b05e-79250f87925f,101.76,True,True,True,minnesota,Household management - caring for kids,False,False,,Proxemics|Cooperation
348f0f69-cd49-4c00-af91-f1765155e858_1084-90,348f0f69-cd49-4c00-af91-f1765155e858,1084.9,True,False,False,cmu,"jobs related to construction/renovation company
(Director of work, tiler, plumber, Electrician, Handyman, etc)",False,False,,Cooperation
eb20bebd-41e5-4a02-aa7e-73d3da5bc97e_1253-80,eb20bebd-41e5-4a02-aa7e-73d3da5bc97e,1253.8,True,False,False,uniandes,Hair and Makeup stylist|Indoor Navigation (walking)|On a screen (phone/laptop),False,False,,Proxemics|Coordination/Proactivity
935bc36b-27aa-4c83-89fd-221feca0030e_1080-82,935bc36b-27aa-4c83-89fd-221feca0030e,1080.82,True,True,True,iiith,Gardener,False,False,,Safety|Cooperation
9df7c322-0e66-491d-bcf8-f10038b1eccf_229-80,9df7c322-0e66-491d-bcf8-f10038b1eccf,229.8,True,True,True,nus,Eating at a restaurant|Talking with family members|Talking with friends/housemates,False,False,,Politeness|Proxemics|Coordination/Proactivity
7c969dc3-aea2-49d4-bd0e-48191b4e5a51_6350-49,7c969dc3-aea2-49d4-bd0e-48191b4e5a51,6350.49,True,False,False,uniandes,Climbing|Eating at a restaurant|Indoor Navigation (walking)|On a screen (phone/laptop)|Walking on street,False,False,,Cooperation|Communication/Legibility
c05389ca-2d74-4889-a8dd-a0f89d28a4b7_2763-64,c05389ca-2d74-4889-a8dd-a0f89d28a4b7,2763.64,True,False,False,kaust,Cycling / jogging|Indoor Navigation (walking)|Playing with pets|Talking with family members|Walking on street|Walking the dog / pet|Watching tv,False,False,,Safety|Politeness
513f572f-6d1c-4a8a-8b57-9c1d0aa363f7_969-20,513f572f-6d1c-4a8a-8b57-9c1d0aa363f7,969.2,True,False,False,cmu,"jobs related to construction/renovation company
(Director of work, tiler, plumber, Electrician, Handyman, etc)",False,False,,Proxemics|Coordination/Proactivity|Cooperation
daf5384b-ea5c-4cce-bb8a-540a360075bf_676-16,daf5384b-ea5c-4cce-bb8a-540a360075bf,676.16,True,False,False,unict,,False,False,,Politeness|Proxemics
182dffe9-d2bf-4a7d-b1d8-137470f0143d_1639-14,182dffe9-d2bf-4a7d-b1d8-137470f0143d,1639.14,True,False,False,minnesota,Outdoor cooking,False,False,,Safety|Cooperation
aa19d5c0-35b6-4ec2-9865-07f556c341de_34-98,aa19d5c0-35b6-4ec2-9865-07f556c341de,34.98,True,True,True,iiith,"jobs related to construction/renovation company
(Director of work, tiler, plumber, Electrician, Handyman, etc)",False,False,,Proxemics
4065f62a-faae-4926-aee8-1d5bf73661a3_2321-27,4065f62a-faae-4926-aee8-1d5bf73661a3,2321.27,True,True,True,iiith,"jobs related to construction/renovation company
(Director of work, tiler, plumber, Electrician, Handyman, etc)",False,False,,Safety
bbd30b78-137a-4c75-a4e9-b51f62b3f04e_184-26,bbd30b78-137a-4c75-a4e9-b51f62b3f04e,184.26,True,True,True,iiith,"jobs related to construction/renovation company
(Director of work, tiler, plumber, Electrician, Handyman, etc)",False,False,,Cooperation|Communication/Legibility|Proxemics
f576f1bf-5433-488b-8833-8320f087e72b_48-29,f576f1bf-5433-488b-8833-8320f087e72b,48.29,True,True,True,bristol,Gardening,False,False,,Safety|Cooperation
c0eea386-412b-4127-a2d3-352322a0038c_719-09,c0eea386-412b-4127-a2d3-352322a0038c,719.09,True,True,True,kaust,Talking with family members,False,False,,Communication/Legibility
7ac6dc03-7c8d-4de8-99af-03268c780ea2_1031-44,7ac6dc03-7c8d-4de8-99af-03268c780ea2,1031.44,True,True,True,nus,Eating at a restaurant|Talking with family members|Talking with friends/housemates,False,False,,Politeness|Communication/Legibility
31818126-5e0f-4b01-b532-1514587bceec_1514-30,31818126-5e0f-4b01-b532-1514587bceec,1514.3,True,True,True,minnesota,"Car - commuting, road trip",False,False,,Cooperation|Communication/Legibility
2680068d-b3ae-42d8-971f-e842c2d4fbb4_739-57,2680068d-b3ae-42d8-971f-e842c2d4fbb4,739.57,True,True,True,frl_track_1_public,Eating,False,False,,Politeness|Communication/Legibility
edaf03e3-3021-4140-8434-dc9e744ae492_178-18,edaf03e3-3021-4140-8434-dc9e744ae492,178.18,True,False,False,cmu,"jobs related to construction/renovation company
(Director of work, tiler, plumber, Electrician, Handyman, etc)",False,False,,Coordination/Proactivity|Cooperation|Politeness
a3c41b4b-6dc7-4e69-b04b-ca30b4f1c185_1014-12,a3c41b4b-6dc7-4e69-b04b-ca30b4f1c185,1014.12,True,True,True,frl_track_1_public,Talking with friends/housemates,False,False,,Politeness|Communication/Legibility
2dbdd409-0be0-447c-8ae8-3f107fe9af80_1439-37,2dbdd409-0be0-447c-8ae8-3f107fe9af80,1439.37,True,True,True,nus,"Going to a salon (nail, hair, spa)",False,False,,Communication/Legibility
6243586b-a8df-4c37-95f8-da7f4f5d57d6_868-79,6243586b-a8df-4c37-95f8-da7f4f5d57d6,868.79,True,True,True,frl_track_1_public,Grocery shopping indoors,False,False,,
ac582760-09b1-4a6e-be08-f19f9bf5dfcb_391-13,ac582760-09b1-4a6e-be08-f19f9bf5dfcb,391.13,True,True,True,nus,Cooking|Preparing hopot|Talking with friends/housemates,False,False,,Safety|Cooperation|Politeness
5300d3f7-0674-4e08-bf1d-47b8c38a2842_39-70,5300d3f7-0674-4e08-bf1d-47b8c38a2842,39.7,True,True,True,iiith,"jobs related to construction/renovation company
(Director of work, tiler, plumber, Electrician, Handyman, etc)",False,False,,Safety|Cooperation
e58207f1-84ec-424b-a997-ff64a57eb13b_3524-37,e58207f1-84ec-424b-a997-ff64a57eb13b,3524.37,True,True,True,frl_track_1_public,Cleaning / laundry|Making coffee,False,False,,Proxemics|Politeness
153cd84b-0345-4590-90f6-f66c294db429_799-88,153cd84b-0345-4590-90f6-f66c294db429,799.88,True,True,True,minnesota,Cleaning / laundry,False,False,,
d64fb34a-08fd-416c-ac6f-86a0813869a8_437-60,d64fb34a-08fd-416c-ac6f-86a0813869a8,437.6,True,True,True,minnesota,Cleaning / laundry|Household management - caring for kids,False,False,,Proxemics|Coordination/Proactivity
3ffeedef-3088-4e70-a21d-3578f07546a2_632-12,3ffeedef-3088-4e70-a21d-3578f07546a2,632.12,True,False,False,uniandes,Hiking|On a screen (phone/laptop)|Talking with friends/housemates,False,False,,Coordination/Proactivity
e14bb000-250b-4f3d-aec6-e72d4f29d123_1299-73,e14bb000-250b-4f3d-aec6-e72d4f29d123,1299.73,True,True,True,frl_track_1_public,"Clothes, other shopping",False,False,,Proxemics|Politeness|Communication/Legibility
94d5eff8-0fac-4719-adf2-5c0208ab89f7_3271-35,94d5eff8-0fac-4719-adf2-5c0208ab89f7,3271.35,True,True,True,iiith,Cooking,False,False,,Cooperation|Communication/Legibility
e6d852dd-2510-482f-ad25-3d731388ea44_141-52,e6d852dd-2510-482f-ad25-3d731388ea44,141.52,True,False,False,minnesota,Outdoor technical climbing/belaying/rappelling (includes ropework),False,False,,Cooperation|Communication/Legibility
2b012751-2e50-4acb-b645-c864930e92c8_822-56,2b012751-2e50-4acb-b645-c864930e92c8,822.56,True,True,True,frl_track_1_public,Making coffee,False,False,,Politeness|Communication/Legibility|Cooperation
48bd6bfb-1322-41b5-9641-20a647976ea8_10-49,48bd6bfb-1322-41b5-9641-20a647976ea8,10.49,True,True,True,minnesota,Bus|Walking on street,False,False,,Proxemics|Politeness|Communication/Legibility
c34effc7-6198-4c85-80c7-c8be85b77dd3_2648-25,c34effc7-6198-4c85-80c7-c8be85b77dd3,2648.25,True,False,False,uniandes,Hair and Makeup stylist|Indoor Navigation (walking)|On a screen (phone/laptop),False,False,,Politeness|Communication/Legibility
99f41d39-cc65-4aad-b186-23b66e282f19_1295-59,99f41d39-cc65-4aad-b186-23b66e282f19,1295.59,True,False,False,minnesota,Indoor Navigation (walking)|Walking the dog / pet,False,False,,Proxemics|Politeness
9a33e9f1-a740-4810-a624-62b0c9935741_1702-28,9a33e9f1-a740-4810-a624-62b0c9935741,1702.28,True,False,False,uniandes,Hair and Makeup stylist|Indoor Navigation (walking)|On a screen (phone/laptop),False,False,,Coordination/Proactivity
c864505c-9d49-4da4-bf7e-254b4c348c03_242-94,c864505c-9d49-4da4-bf7e-254b4c348c03,242.94,True,True,True,nus,Working in milktea shop,False,False,,Cooperation
e95dbd21-3017-48f5-8f36-46531f053ab1_339-47,e95dbd21-3017-48f5-8f36-46531f053ab1,339.47,True,True,True,frl_track_1_public,Grocery shopping indoors,False,False,,Communication/Legibility|Cooperation
23ad5ebf-6223-4938-8609-d5df7afcf599_267-76,23ad5ebf-6223-4938-8609-d5df7afcf599,267.76,True,False,False,cmu,"jobs related to construction/renovation company
(Director of work, tiler, plumber, Electrician, Handyman, etc)",False,False,,Safety|Proxemics|Cooperation
c4333895-ed19-42fe-9323-271a41bdfe4c_8-13,c4333895-ed19-42fe-9323-271a41bdfe4c,8.13,True,False,False,kaust,"Bike|Going to the gym - exercise machine, class, weights|Grocery shopping indoors|Talking to colleagues|Walking on street|Working at desk",False,False,,Proxemics|Coordination/Proactivity
668962c9-ecae-4b8f-bdc1-a6aeab093d88_1261-54,668962c9-ecae-4b8f-bdc1-a6aeab093d88,1261.54,True,True,True,frl_track_1_public,"Clothes, other shopping",False,False,,Proxemics|Communication/Legibility
e9e0f26d-3005-436a-a70f-7d99977808c8_1359-76,e9e0f26d-3005-436a-a70f-7d99977808c8,1359.76,True,True,True,minnesota,Baseball,False,False,,Cooperation|Proxemics
fffbaeef-577f-45f0-baa9-f10cabf62dfb_278-37,fffbaeef-577f-45f0-baa9-f10cabf62dfb,278.37,True,True,True,minnesota,Carpenter|Fixing something in the home|Talking with family members,False,False,,Cooperation|Politeness
e402df54-0a64-424e-a7e6-3e68b18a761c_62-43,e402df54-0a64-424e-a7e6-3e68b18a761c,62.43,True,False,False,minnesota,Cooking|Playing with pets,False,False,,Politeness
dced4894-d13a-4222-941b-5e4ecf1e3299_1473-25,dced4894-d13a-4222-941b-5e4ecf1e3299,1473.25,True,True,True,iiith,Pulp Traces Factory (Egges),False,False,,Cooperation|Communication/Legibility|Politeness
e623faab-101a-41a6-83ac-8e22b4371aba_1053-43,e623faab-101a-41a6-83ac-8e22b4371aba,1053.43,True,True,True,frl_track_1_public,Grocery shopping indoors,False,False,,Proxemics|Communication/Legibility
49925bc0-d1f2-4623-891f-147641b0e94f_1165-19,49925bc0-d1f2-4623-891f-147641b0e94f,1165.19,True,True,True,frl_track_1_public,Grocery shopping indoors,False,False,,Cooperation|Communication/Legibility
fbc425c4-def6-49a7-8b88-5d5d00b5524e_278-29,fbc425c4-def6-49a7-8b88-5d5d00b5524e,278.29,True,False,False,kaust,"Car - commuting, road trip|Eating|Grocery shopping indoors|Hosting a party|Listening to music|Talking with family members",False,False,,Proxemics|Politeness
1330508f-8168-4408-a4df-79f69fb87c83_1053-45,1330508f-8168-4408-a4df-79f69fb87c83,1053.45,True,True,True,frl_track_1_public,"Clothes, other shopping",False,False,,Politeness|Communication/Legibility
9520f703-8904-4123-bd7f-873b0b42074b_239-07,9520f703-8904-4123-bd7f-873b0b42074b,239.07,True,True,True,frl_track_1_public,Grocery shopping indoors,False,False,,Communication/Legibility|Cooperation|Politeness
35b1a8c7-80fd-402f-b240-768926b7bcee_562-55,35b1a8c7-80fd-402f-b240-768926b7bcee,562.55,True,True,True,bristol,Playing with pets,False,False,,Proxemics|Cooperation
1626db26-0c74-43d6-a5c2-c1a8fa7b1429_730-63,1626db26-0c74-43d6-a5c2-c1a8fa7b1429,730.63,True,False,False,uniandes,Eating|On a screen (phone/laptop)|Visiting exhibition|Walking on street,False,False,,Proxemics|Politeness
97ba861b-605c-4942-8e15-95953a3032e1_583-02,97ba861b-605c-4942-8e15-95953a3032e1,583.02,True,True,True,frl_track_1_public,Making coffee,False,False,,Communication/Legibility
86fb4797-274f-4807-848a-8b1ddc5c29e8_730-35,86fb4797-274f-4807-848a-8b1ddc5c29e8,730.35,True,False,False,minnesota,Outdoor social (includes campfire)|Outdoor technical climbing/belaying/rappelling (includes ropework),False,False,,Safety|Cooperation|Coordination/Proactivity
e5d2cc2c-0a36-4bad-bf50-bc9347e99eca_1120-59,e5d2cc2c-0a36-4bad-bf50-bc9347e99eca,1120.59,True,True,True,frl_track_1_public,Grocery shopping indoors,False,False,,Safety|Cooperation|Communication/Legibility
8a0de6d0-5d28-43f5-91e6-48f41eeb3752_1038-76,8a0de6d0-5d28-43f5-91e6-48f41eeb3752,1038.76,True,False,False,unict,,False,False,,Communication/Legibility|Cooperation
f00ec54c-9ed4-4a23-9cd7-f8728cb9d6c7_1080-52,f00ec54c-9ed4-4a23-9cd7-f8728cb9d6c7,1080.52,True,True,True,minnesota,Household management - caring for kids|Talking with family members,False,False,,Safety|Cooperation
ed31f134-b3f0-4f50-b8ae-d956b2f9ccfd_2025-02,ed31f134-b3f0-4f50-b8ae-d956b2f9ccfd,2025.02,True,True,True,kaust,Cleaning / laundry|Crafting/knitting/sewing/drawing/painting|Talking with family members,False,False,,Safety|Cooperation|Communication/Legibility
c615d305-14fe-41cd-9099-caf420beb604_1090-50,c615d305-14fe-41cd-9099-caf420beb604,1090.5,True,True,True,nus,Cooking|Preparing hopot|Talking with friends/housemates,False,False,,Safety|Cooperation
19f2ea20-5041-4be2-bdc9-714473f16236_4520-57,19f2ea20-5041-4be2-bdc9-714473f16236,4520.57,True,False,False,uniandes,Hiking|On a screen (phone/laptop)|Talking with friends/housemates,False,False,,Proxemics|Cooperation|Coordination/Proactivity
55ef5db5-af7c-4ccd-9c7d-a4d415e195b7_753-73,55ef5db5-af7c-4ccd-9c7d-a4d415e195b7,753.73,True,True,True,iiith,Grocery shopping indoors,False,False,,Proxemics|Cooperation|Communication/Legibility
1f216b72-21a2-4463-b5ae-13bffd779b4d_40-21,1f216b72-21a2-4463-b5ae-13bffd779b4d,40.21,True,True,True,minnesota,Crafting/knitting/sewing/drawing/painting|Indoor Navigation (walking),False,False,,Safety|Communication/Legibility
e55e4faf-dec5-40ee-b375-f0b049b9b280_342-72,e55e4faf-dec5-40ee-b375-f0b049b9b280,342.72,True,False,False,minnesota,Cleaning / laundry|Daily hygiene|Playing with pets,False,False,,Cooperation|Coordination/Proactivity|Communication/Legibility
ac8dba37-ce09-4dc5-b478-8194e41353c3_5240-05,ac8dba37-ce09-4dc5-b478-8194e41353c3,5240.05,True,True,True,iiith,Grocery shopping indoors,False,False,,Safety|Politeness
2d1baacd-d82b-4e0c-9d85-b420fb9bde91_345-02,2d1baacd-d82b-4e0c-9d85-b420fb9bde91,345.02,True,False,False,kaust,Car/scooter washing|Cleaning / laundry|Eating|Talking to colleagues,False,False,,Proxemics|Coordination/Proactivity
adf11624-aca0-4bad-a35f-51b9f330ee74_2900-34,adf11624-aca0-4bad-a35f-51b9f330ee74,2900.34,True,False,False,kaust,Walking on street,False,False,,Proxemics|Politeness|Cooperation
f22115b5-b9be-4e30-8576-7c1fcecec480_21-27,f22115b5-b9be-4e30-8576-7c1fcecec480,21.27,True,False,False,cmu,"jobs related to construction/renovation company
(Director of work, tiler, plumber, Electrician, Handyman, etc)",False,False,,Politeness|Cooperation
1f216b72-21a2-4463-b5ae-13bffd779b4d_1694-44,1f216b72-21a2-4463-b5ae-13bffd779b4d,1694.44,True,True,True,minnesota,Crafting/knitting/sewing/drawing/painting|Indoor Navigation (walking),False,False,,Safety|Cooperation
134d9865-d9ee-47e5-a121-589a26c6b3ba_1573-53,134d9865-d9ee-47e5-a121-589a26c6b3ba,1573.53,True,True,True,minnesota,Swimming in a pool/ocean,False,False,,Proxemics|Cooperation
f5bdefb3-f57c-4270-bf31-7939ecd45c86_788-76,f5bdefb3-f57c-4270-bf31-7939ecd45c86,788.76,True,True,True,iiith,Farmer,False,False,,Coordination/Proactivity|Communication/Legibility
f62011c7-dd9b-4dd7-abbb-d4cb891c388e_1080-00,f62011c7-dd9b-4dd7-abbb-d4cb891c388e,1080.0,True,False,False,minnesota,Cleaning / laundry|Talking with family members,False,False,,Politeness|Coordination/Proactivity
5d00d9ae-e932-42d5-8eee-ed24f83c8661_0-06,5d00d9ae-e932-42d5-8eee-ed24f83c8661,0.06,True,True,False,minnesota,Cleaning / laundry,False,False,,Proxemics|Coordination/Proactivity
6aa13fb1-5440-424e-a021-06a2da215e63_165-83,6aa13fb1-5440-424e-a021-06a2da215e63,165.83,True,True,True,frl_track_1_public,Grocery shopping indoors,False,False,train,Proxemics|Cooperation
e6958f57-5769-46f6-be27-b879059ff2a4_927-40,e6958f57-5769-46f6-be27-b879059ff2a4,927.4,True,True,True,minnesota,Walking on street,False,False,,Safety|Coordination/Proactivity|Politeness
d40be91b-85bb-4c47-ac18-52c4d044e3fc_2988-20,d40be91b-85bb-4c47-ac18-52c4d044e3fc,2988.2,True,False,False,uniandes,Climbing|Eating at a restaurant|Indoor Navigation (walking)|On a screen (phone/laptop)|Walking on street,False,False,,Proxemics|Coordination/Proactivity
9a33e9f1-a740-4810-a624-62b0c9935741_831-69,9a33e9f1-a740-4810-a624-62b0c9935741,831.69,True,False,False,uniandes,Hair and Makeup stylist|Indoor Navigation (walking)|On a screen (phone/laptop),False,False,,Cooperation|Coordination/Proactivity|Communication/Legibility
f5778003-9aea-4ca0-9398-69299ba0331c_124-11,f5778003-9aea-4ca0-9398-69299ba0331c,124.11,True,False,False,cmu,Car mechanic,False,False,,Cooperation|Coordination/Proactivity
8be6e0c4-a80d-41a3-a1c5-5911ae236990_317-18,8be6e0c4-a80d-41a3-a1c5-5911ae236990,317.18,True,False,False,minnesota,Attending a party|Talking with family members,False,False,,Cooperation
42d72164-8f4a-49e4-8b95-b3ad423ba65b_149-58,42d72164-8f4a-49e4-8b95-b3ad423ba65b,149.58,True,False,False,uniandes,Hair and Makeup stylist|Indoor Navigation (walking)|On a screen (phone/laptop),False,False,,Safety|Cooperation|Politeness|Communication/Legibility
9f4e5f51-eac3-4070-9097-f6e18a7b90f9_1289-99,9f4e5f51-eac3-4070-9097-f6e18a7b90f9,1289.99,True,True,True,iiith,Crafting/knitting/sewing/drawing/painting,False,False,,Politeness|Communication/Legibility
c7f71299-a622-4a9a-b225-019335d6f2d2_658-88,c7f71299-a622-4a9a-b225-019335d6f2d2,658.88,True,True,True,iiith,"jobs related to construction/renovation company
(Director of work, tiler, plumber, Electrician, Handyman, etc)",False,False,,Safety|Coordination/Proactivity
d08cd963-d98b-4c9b-ba9f-cf7763e4b94e_1184-89,d08cd963-d98b-4c9b-ba9f-cf7763e4b94e,1184.89,True,False,False,cmu,"jobs related to construction/renovation company
(Director of work, tiler, plumber, Electrician, Handyman, etc)",False,False,,Safety|Politeness|Communication/Legibility
2893d559-89cb-4125-a761-3ff8e68768a9_565-53,2893d559-89cb-4125-a761-3ff8e68768a9,565.53,True,True,True,minnesota,Cycling / jogging,False,False,,Proxemics|Cooperation
695cefe9-04c0-42fb-80fc-d308b314b788_437-09,695cefe9-04c0-42fb-80fc-d308b314b788,437.09,True,True,True,frl_track_1_public,Making coffee,False,False,,Proxemics|Politeness
e5fea731-7b32-4857-a86b-587eda0ff334_979-09,e5fea731-7b32-4857-a86b-587eda0ff334,979.09,True,False,False,kaust,"Car - commuting, road trip|Indoor Navigation (walking)|Playing games / video games|Talking to colleagues|Walking on street|Walking the dog / pet",False,False,,
ecdc4071-1903-4024-a357-d0082720168e_115-49,ecdc4071-1903-4024-a357-d0082720168e,115.49,True,False,False,minnesota,Camp setup/pack-up/chores,False,False,,Proxemics|Coordination/Proactivity
0f574f9b-00bc-479d-894b-9e7c999fe13a_302-98,0f574f9b-00bc-479d-894b-9e7c999fe13a,302.98,True,True,True,iiith,Walking on street,False,False,,Communication/Legibility|Coordination/Proactivity|Cooperation
516ba1f4-5cfd-4dd7-b4b6-a4c0605d1281_1838-55,516ba1f4-5cfd-4dd7-b4b6-a4c0605d1281,1838.55,True,True,True,iiith,Cooking,False,False,,Safety|Cooperation
57e88d87-257e-434d-953e-6025367e99fe_446-64,57e88d87-257e-434d-953e-6025367e99fe,446.64,True,False,False,unict,Baker,False,False,,Coordination/Proactivity
8f0f8606-b696-4bb2-909d-703e4e076d80_725-88,8f0f8606-b696-4bb2-909d-703e4e076d80,725.88,True,False,False,cmu,Car mechanic,False,False,,Safety
5ead8e7c-2600-44b1-afd6-b82cb5f7b9ce_119-97,5ead8e7c-2600-44b1-afd6-b82cb5f7b9ce,119.97,True,True,True,minnesota,Baseball|Going to the park,False,False,,Safety|Proxemics|Cooperation|Coordination/Proactivity|Communication/Legibility
6c1c5527-30a4-421f-bb78-906adffa7c46_357-45,6c1c5527-30a4-421f-bb78-906adffa7c46,357.45,True,True,True,iiith,Farmer,False,False,,Cooperation
1f6eb61d-74fa-411e-979c-2e66e71f2b7d_345-36,1f6eb61d-74fa-411e-979c-2e66e71f2b7d,345.36,True,True,True,minnesota,Cleaning / laundry|Household management - caring for kids|Talking with family members,False,False,,Proxemics|Cooperation|Coordination/Proactivity
63e9e643-25c5-435d-b6f0-0aab1af76e68_28-98,63e9e643-25c5-435d-b6f0-0aab1af76e68,28.98,True,True,True,iiith,"jobs related to construction/renovation company
(Director of work, tiler, plumber, Electrician, Handyman, etc)",False,False,,Safety
243e800d-fc75-473d-b944-a95844e13a78_1602-75,243e800d-fc75-473d-b944-a95844e13a78,1602.75,True,False,False,minnesota,Cleaning / laundry,False,False,,Proxemics|Politeness
262fd2ec-8eba-44d9-8082-4d0574f7a515_1440-24,262fd2ec-8eba-44d9-8082-4d0574f7a515,1440.24,True,True,True,frl_track_1_public,Cleaning / laundry|Making coffee,False,False,,Politeness|Cooperation
3761fbb4-3e0e-4b15-a277-fec95edacf04_2288-64,3761fbb4-3e0e-4b15-a277-fec95edacf04,2288.64,True,True,True,iiith,Crafting/knitting/sewing/drawing/painting,False,False,,Cooperation|Coordination/Proactivity
3f712a5b-c1cf-4f2a-b0ab-ca0e2e4f0e3c_119-87,3f712a5b-c1cf-4f2a-b0ab-ca0e2e4f0e3c,119.87,True,True,True,iiith,"jobs related to construction/renovation company
(Director of work, tiler, plumber, Electrician, Handyman, etc)",False,False,,Cooperation|Coordination/Proactivity
84ec85f6-c167-413c-829d-9c6915519c57_3997-33,84ec85f6-c167-413c-829d-9c6915519c57,3997.33,True,True,True,iiith,"jobs related to construction/renovation company
(Director of work, tiler, plumber, Electrician, Handyman, etc)",False,False,,Safety
2b7ace86-149f-4354-b617-c8ebd08c5310_1416-39,2b7ace86-149f-4354-b617-c8ebd08c5310,1416.39,True,True,True,frl_track_1_public,Grocery shopping indoors,False,False,,Proxemics|Cooperation
b7022084-61ea-470f-b2cd-49be2ecaf3aa_688-07,b7022084-61ea-470f-b2cd-49be2ecaf3aa,688.07,True,True,True,frl_track_1_public,Grocery shopping indoors,False,False,,Safety|Cooperation
e87752b1-35a5-4cd7-9b95-a4b28129f9f3_932-40,e87752b1-35a5-4cd7-9b95-a4b28129f9f3,932.4,True,False,False,cmu,"jobs related to construction/renovation company
(Director of work, tiler, plumber, Electrician, Handyman, etc)",False,False,,Proxemics|Coordination/Proactivity
6639f53c-701d-4fe7-adcd-55d040ce8afe_0-03,6639f53c-701d-4fe7-adcd-55d040ce8afe,0.03,True,True,False,bristol,Cooking,False,False,,Coordination/Proactivity|Cooperation
8d3b84a9-e747-47c1-8f09-726fdde7986c_1371-62,8d3b84a9-e747-47c1-8f09-726fdde7986c,1371.62,True,True,True,frl_track_1_public,Grocery shopping indoors,False,False,,Politeness|Cooperation
2ec3c123-0a04-46d7-97d5-8b85b5e6d06f_432-01,2ec3c123-0a04-46d7-97d5-8b85b5e6d06f,432.01,True,True,True,iiith,Cycling / jogging,False,False,,Proxemics|Communication/Legibility|Cooperation
e9350702-f77c-4112-9f57-3ed08bc4b98a_0-04,e9350702-f77c-4112-9f57-3ed08bc4b98a,0.04,True,True,False,frl_track_1_public,Eating,False,False,,Proxemics|Coordination/Proactivity
a71f72c5-5225-4b12-aba3-01fa46f53427_914-96,a71f72c5-5225-4b12-aba3-01fa46f53427,914.96,True,True,True,frl_track_1_public,Grocery shopping indoors,False,False,,Proxemics|Cooperation
ae85c74a-0963-469b-93f9-cdfe3f898e5f_1781-47,ae85c74a-0963-469b-93f9-cdfe3f898e5f,1781.47,True,True,True,minnesota,Bus|Walking on street,False,False,,Politeness|Cooperation|Communication/Legibility
584fd34c-9bd5-44fd-8266-9d3161d8c790_3302-91,584fd34c-9bd5-44fd-8266-9d3161d8c790,3302.91,True,False,False,kaust,"Attending sporting events - watching and participating in|Car - commuting, road trip|Talking to colleagues",False,False,,Safety|Cooperation|Communication/Legibility
501d1e55-968d-4c10-9d29-e0f4bee907a0_654-33,501d1e55-968d-4c10-9d29-e0f4bee907a0,654.33,True,True,True,kaust,Gardening,False,False,,Safety|Cooperation
6baa673a-0cc6-4da2-a481-877de0d2faa5_1148-60,6baa673a-0cc6-4da2-a481-877de0d2faa5,1148.6,True,False,False,cmu,Crafting/knitting/sewing/drawing/painting,False,False,,Politeness|Cooperation|Communication/Legibility
a23540b7-3588-48ad-b84a-1b5935db856a_235-41,a23540b7-3588-48ad-b84a-1b5935db856a,235.41,True,True,True,bristol,Cycling / jogging,False,False,,Proxemics
cb9de2c6-ff1a-48e8-b170-047e9471b588_836-21,cb9de2c6-ff1a-48e8-b170-047e9471b588,836.21,True,True,True,frl_track_1_public,Grocery shopping indoors,False,False,train,Proxemics
01d301c9-9dbf-4da2-9181-d66a6688f5e6_817-64,01d301c9-9dbf-4da2-9181-d66a6688f5e6,817.64,True,True,True,iiith,"jobs related to construction/renovation company
(Director of work, tiler, plumber, Electrician, Handyman, etc)",False,False,,Safety|Cooperation|Communication/Legibility
36baa5a9-16bf-4ad6-b011-4d7daae6b8f9_423-57,36baa5a9-16bf-4ad6-b011-4d7daae6b8f9,423.57,True,True,True,minnesota,Cleaning / laundry|Eating|Household management - caring for kids,False,False,,Safety|Proxemics
2dbdd409-0be0-447c-8ae8-3f107fe9af80_1502-69,2dbdd409-0be0-447c-8ae8-3f107fe9af80,1502.69,True,True,True,nus,"Going to a salon (nail, hair, spa)",False,False,,Proxemics
fec2a5e2-615f-46b3-a320-b8741c2b6365_562-48,fec2a5e2-615f-46b3-a320-b8741c2b6365,562.48,True,True,True,frl_track_1_public,Eating,False,False,,Proxemics|Communication/Legibility|Cooperation
afd5c197-7b14-4e21-ac56-d23b6a5543d0_1256-20,afd5c197-7b14-4e21-ac56-d23b6a5543d0,1256.2,True,True,True,minnesota,Cooking|Playing with pets|Walking the dog / pet,False,False,,Proxemics|Politeness|Communication/Legibility|Cooperation
85782c5f-a240-44d9-951c-27f0bb3f7f4c_375-79,85782c5f-a240-44d9-951c-27f0bb3f7f4c,375.79,True,True,True,indiana,Bike,False,False,,Safety|Proxemics|Coordination/Proactivity
e623faab-101a-41a6-83ac-8e22b4371aba_1141-39,e623faab-101a-41a6-83ac-8e22b4371aba,1141.39,True,True,True,frl_track_1_public,Grocery shopping indoors,False,False,,Proxemics|Politeness|Cooperation
fb92d350-9bf9-4b16-8a1f-7858de276226_599-33,fb92d350-9bf9-4b16-8a1f-7858de276226,599.33,True,False,False,uniandes,Hair and Makeup stylist|Indoor Navigation (walking)|On a screen (phone/laptop),False,False,,Politeness|Communication/Legibility
ed792c47-5cb3-427c-a0e9-5dac33456e6a_3277-79,ed792c47-5cb3-427c-a0e9-5dac33456e6a,3277.79,True,True,True,iiith,Farmer,False,False,,Proxemics
f9a49dfd-e6f1-4827-9903-73a562ab32cd_444-64,f9a49dfd-e6f1-4827-9903-73a562ab32cd,444.64,True,False,False,cmu,Carpenter,False,False,,Cooperation|Coordination/Proactivity|Safety
7c1c5dca-5856-4997-8cda-9fa3bca10a3b_1969-00,7c1c5dca-5856-4997-8cda-9fa3bca10a3b,1969.0,True,True,True,iiith,Carpenter,False,False,,Cooperation|Coordination/Proactivity
949c5a8f-7aa7-4566-a04c-531961cbcc16_1433-64,949c5a8f-7aa7-4566-a04c-531961cbcc16,1433.64,True,True,True,iiith,"jobs related to construction/renovation company
(Director of work, tiler, plumber, Electrician, Handyman, etc)",False,False,,Proxemics|Cooperation
dd508a2a-1ea7-43d2-805a-8080eeae9985_856-81,dd508a2a-1ea7-43d2-805a-8080eeae9985,856.81,True,True,True,iiith,Attending religious activity,False,False,,Proxemics|Politeness
891169d0-2846-47ce-9f3e-13ac1e6ff85a_10-93,891169d0-2846-47ce-9f3e-13ac1e6ff85a,10.93,True,False,False,cmu,"jobs related to construction/renovation company
(Director of work, tiler, plumber, Electrician, Handyman, etc)",False,False,,Safety
c1626bce-83ba-49da-921c-7b60243c19ea_7-12,c1626bce-83ba-49da-921c-7b60243c19ea,7.12,True,False,False,minnesota,Hiking|Outdoor social (includes campfire),False,False,,Proxemics|Coordination/Proactivity|Cooperation
695cefe9-04c0-42fb-80fc-d308b314b788_68-11,695cefe9-04c0-42fb-80fc-d308b314b788,68.11,True,True,True,frl_track_1_public,Making coffee,False,False,,Proxemics|Politeness|Cooperation
0f1024e6-ff80-46e2-aea8-3878f11bc1d7_201-92,0f1024e6-ff80-46e2-aea8-3878f11bc1d7,201.92,True,False,False,kaust,Bike|Going to the park|Talking with family members,False,False,,Safety|Proxemics
83f18213-f8f8-44fa-b9ce-104c6ddbcd57_1657-94,83f18213-f8f8-44fa-b9ce-104c6ddbcd57,1657.94,True,True,True,kaust,Cleaning / laundry|Talking with family members,False,False,,Politeness|Communication/Legibility
baf15309-e865-4e9e-9efd-09097f1d5a43_412-45,baf15309-e865-4e9e-9efd-09097f1d5a43,412.45,True,True,True,kaust,Eating|Household management - caring for kids|Talking with family members,False,False,,Proxemics|Politeness
600e392c-4be6-4b8b-bef8-e789ce3d8915_6486-35,600e392c-4be6-4b8b-bef8-e789ce3d8915,6486.35,True,False,False,uniandes,Eating at a restaurant|Hiking|Indoor Navigation (walking)|On a screen (phone/laptop)|Talking with friends/housemates,False,False,,Proxemics|Privacy|Politeness
069c1058-881d-49da-b45d-b9f7e08fe932_2408-86,069c1058-881d-49da-b45d-b9f7e08fe932,2408.86,True,False,False,unict,,False,False,,Safety
4651e5c2-4371-4af2-8f05-cb8b0b1ec7fd_233-33,4651e5c2-4371-4af2-8f05-cb8b0b1ec7fd,233.33,True,True,True,iiith,Crafting/knitting/sewing/drawing/painting,False,False,,Proxemics|Cooperation|Communication/Legibility
2859218c-84ee-4e85-833f-74255b355032_2390-60,2859218c-84ee-4e85-833f-74255b355032,2390.6,True,False,False,unict,,False,False,,Safety
046855d7-41d7-4f41-a6a7-fce921ea8133_335-77,046855d7-41d7-4f41-a6a7-fce921ea8133,335.77,True,True,True,minnesota,"Car - commuting, road trip|Going to the park",False,False,,Proxemics|Cooperation|Coordination/Proactivity
7ddc2c83-3cb0-4bb1-8e91-3ef60f88864d_1433-25,7ddc2c83-3cb0-4bb1-8e91-3ef60f88864d,1433.25,True,False,False,cmu,Walking the dog / pet,False,False,,Cooperation|Coordination/Proactivity
73f94b03-b777-481d-b342-10c516f192a2_3-08,73f94b03-b777-481d-b342-10c516f192a2,3.08,True,True,False,minnesota,Cooking|Talking with family members,False,False,,
38b6d0fe-e317-47a1-8fa3-87e7a4a21183_80-19,38b6d0fe-e317-47a1-8fa3-87e7a4a21183,80.19,True,False,False,minnesota,Indoor Navigation (walking)|Walking the dog / pet,False,False,,Safety|Cooperation
9a622b20-b234-4237-a3aa-c76b350e82dd_477-13,9a622b20-b234-4237-a3aa-c76b350e82dd,477.13,True,False,False,minnesota,Bike,False,False,,Safety|Communication/Legibility
a99c5790-b590-4c29-98b3-004bbf106ce7_312-10,a99c5790-b590-4c29-98b3-004bbf106ce7,312.1,True,False,False,unict,,False,False,,Communication/Legibility|Cooperation
3455a3f3-1657-46bb-ae42-52d16ec5ffaa_959-38,3455a3f3-1657-46bb-ae42-52d16ec5ffaa,959.38,True,False,False,uniandes,On a screen (phone/laptop)|Tourism|Walking on street,False,False,,Proxemics|Communication/Legibility
88193924-6780-4290-b8ba-85676e98387a_783-81,88193924-6780-4290-b8ba-85676e98387a,783.81,True,True,True,frl_track_1_public,Eating,False,False,,Proxemics|Politeness|Cooperation
d7480d27-f607-4a5a-8c31-9d299f70a4b8_406-05,d7480d27-f607-4a5a-8c31-9d299f70a4b8,406.05,True,True,True,iiith,Farmer,False,False,,Proxemics
439cfa9c-ef6b-41ba-aa5d-2f40b195b374_1380-00,439cfa9c-ef6b-41ba-aa5d-2f40b195b374,1380.0,True,True,True,iiith,Crafting/knitting/sewing/drawing/painting,False,False,,Safety
fb92d350-9bf9-4b16-8a1f-7858de276226_625-71,fb92d350-9bf9-4b16-8a1f-7858de276226,625.71,True,False,False,uniandes,Hair and Makeup stylist|Indoor Navigation (walking)|On a screen (phone/laptop),False,False,,Safety
3fb410d6-e5aa-49d3-b184-75ec9651550f_2226-52,3fb410d6-e5aa-49d3-b184-75ec9651550f,2226.52,True,False,False,kaust,"Car - commuting, road trip|Golfing|Indoor Navigation (walking)|Listening to music|Talking to colleagues|Walking the dog / pet|Washing the dog / pet, grooming horse",False,False,,Safety|Coordination/Proactivity
e6d852dd-2510-482f-ad25-3d731388ea44_105-51,e6d852dd-2510-482f-ad25-3d731388ea44,105.51,True,False,False,minnesota,Outdoor technical climbing/belaying/rappelling (includes ropework),False,False,,Cooperation|Coordination/Proactivity|Safety
d813a821-8cc1-4700-a7a4-d4e6edfed26e_57-94,d813a821-8cc1-4700-a7a4-d4e6edfed26e,57.94,True,True,True,utokyo,Cooking,False,False,,Politeness|Cooperation
2131b8e4-79b5-48f7-b092-e4a13ed96749_2003-33,2131b8e4-79b5-48f7-b092-e4a13ed96749,2003.33,True,True,True,nus,Eating at a restaurant|Talking with family members|Talking with friends/housemates,False,False,,Proxemics|Politeness
54a421d2-763e-4751-a6b4-54e3d6c46cc1_242-12,54a421d2-763e-4751-a6b4-54e3d6c46cc1,242.12,True,True,True,minnesota,Household management - caring for kids,False,False,,Politeness|Communication/Legibility
2dbdd409-0be0-447c-8ae8-3f107fe9af80_163-46,2dbdd409-0be0-447c-8ae8-3f107fe9af80,163.46,True,True,True,nus,"Going to a salon (nail, hair, spa)",False,False,,Safety|Cooperation
a4048b30-d9a8-4653-a2d6-d07422e3449e_739-24,a4048b30-d9a8-4653-a2d6-d07422e3449e,739.24,True,False,False,cmu,"jobs related to construction/renovation company
(Director of work, tiler, plumber, Electrician, Handyman, etc)",False,False,,Cooperation
44327c5e-9442-4334-b675-8019df3678af_2165-30,44327c5e-9442-4334-b675-8019df3678af,2165.3,True,False,False,cmu,"jobs related to construction/renovation company
(Director of work, tiler, plumber, Electrician, Handyman, etc)",False,False,,Safety
ca1773b8-ec8e-4f61-8e8f-7e4211830793_1043-00,ca1773b8-ec8e-4f61-8e8f-7e4211830793,1043.0,True,True,True,nus,Cooking|Preparing hopot|Talking with friends/housemates,False,False,,Proxemics
c06532d8-f1cd-477f-b9f3-e8e980d73b2e_1339-60,c06532d8-f1cd-477f-b9f3-e8e980d73b2e,1339.6,True,True,True,minnesota,"Going to the gym - exercise machine, class, weights",False,False,,Safety|Proxemics
d27c5c7e-db9c-48f4-bea5-9970078d352e_1216-84,d27c5c7e-db9c-48f4-bea5-9970078d352e,1216.84,True,False,False,minnesota,Camp setup/pack-up/chores,False,False,,Safety|Coordination/Proactivity
cd1d3c56-69ca-4602-944e-bb9fabb9710b_1637-32,cd1d3c56-69ca-4602-944e-bb9fabb9710b,1637.32,True,True,True,nus,Participating in a meeting|Talking to colleagues,False,False,train,Proxemics
f58900c3-5747-447c-9fa2-04c608e7f40a_18-07,f58900c3-5747-447c-9fa2-04c608e7f40a,18.07,True,False,False,cmu,"jobs related to construction/renovation company
(Director of work, tiler, plumber, Electrician, Handyman, etc)",False,False,,Cooperation|Communication/Legibility
620d3087-c6fb-4b08-bb6a-4dc4ede3b994_432-70,620d3087-c6fb-4b08-bb6a-4dc4ede3b994,432.7,True,True,True,iiith,Blacksmith,False,False,,Safety|Cooperation
13a15553-2fdb-4d04-a7b4-2efc33538525_875-77,13a15553-2fdb-4d04-a7b4-2efc33538525,875.77,True,True,True,frl_track_1_public,"Clothes, other shopping",False,False,,Proxemics|Communication/Legibility|Cooperation
d0aedb4e-82cc-406a-a395-3573049a49ee_4319-84,d0aedb4e-82cc-406a-a395-3573049a49ee,4319.84,True,True,True,iiith,"jobs related to construction/renovation company
(Director of work, tiler, plumber, Electrician, Handyman, etc)",False,False,,Safety
e70f4b34-432f-47dc-834f-5bc6bd67dc62_676-86,e70f4b34-432f-47dc-834f-5bc6bd67dc62,676.86,True,True,True,iiith,"jobs related to construction/renovation company
(Director of work, tiler, plumber, Electrician, Handyman, etc)",False,False,,Cooperation|Communication/Legibility
cfa595aa-c467-48fe-a86b-2e9b1a63ccab_1218-24,cfa595aa-c467-48fe-a86b-2e9b1a63ccab,1218.24,True,True,True,iiith,Cooking,False,False,,Cooperation|Coordination/Proactivity
1246d6ec-5620-4f71-8b4b-d823775f58c2_29-81,1246d6ec-5620-4f71-8b4b-d823775f58c2,29.81,True,True,True,kaust,Cleaning / laundry|Eating|Talking with family members|Working at desk,False,False,,Politeness|Communication/Legibility
25beabfc-48c0-4f81-b419-c47297aecf6f_203-09,25beabfc-48c0-4f81-b419-c47297aecf6f,203.09,True,False,False,cmu,Car mechanic,False,False,,Communication/Legibility|Cooperation
7c0c0057-3bbc-40ef-a91e-4d6e1a637642_1139-91,7c0c0057-3bbc-40ef-a91e-4d6e1a637642,1139.91,True,False,False,cmu,Carpenter,False,False,,Safety|Cooperation
8483fa90-f5dc-4d50-9561-244bfdf12ea3_659-48,8483fa90-f5dc-4d50-9561-244bfdf12ea3,659.48,True,False,False,kaust,Playing games / video games,False,False,,Safety
862f0fa5-2c3e-4a6c-ab93-c059637eee8c_49-84,862f0fa5-2c3e-4a6c-ab93-c059637eee8c,49.84,True,False,False,cmu,"jobs related to construction/renovation company
(Director of work, tiler, plumber, Electrician, Handyman, etc)",False,False,,Safety|Cooperation
f0b8d19e-28c0-4d11-bb2d-5c6576eb7dcb_138-10,f0b8d19e-28c0-4d11-bb2d-5c6576eb7dcb,138.1,True,True,True,minnesota,Cleaning / laundry|Cooking,False,False,,Proxemics
1b6c9a8b-baec-44ac-ab24-f482d0c30117_42-25,1b6c9a8b-baec-44ac-ab24-f482d0c30117,42.25,True,False,False,uniandes,Climbing,False,False,,Safety
a717f100-51ec-4316-92b8-282aeecc805b_724-56,a717f100-51ec-4316-92b8-282aeecc805b,724.56,True,True,True,minnesota,Cleaning / laundry|Household management - caring for kids,False,False,,
5c9b85ea-24a9-4bfd-8ac2-4ca6f9090231_3247-42,5c9b85ea-24a9-4bfd-8ac2-4ca6f9090231,3247.42,True,False,False,uniandes,Eating|On a screen (phone/laptop)|Visiting exhibition|Walking on street,False,False,,Politeness|Cooperation
dd82f801-fc96-4ced-b066-ad559da3faab_818-04,dd82f801-fc96-4ced-b066-ad559da3faab,818.04,True,True,True,minnesota,BBQ'ing/picnics,False,False,,Safety|Cooperation
8f4008a5-18c9-464b-9bce-1ffa824f238d_1620-01,8f4008a5-18c9-464b-9bce-1ffa824f238d,1620.01,True,False,False,cmu,"jobs related to construction/renovation company
(Director of work, tiler, plumber, Electrician, Handyman, etc)",False,False,,Cooperation|Coordination/Proactivity
e6b7692d-5e35-4524-8d2a-385475b95806_1667-07,e6b7692d-5e35-4524-8d2a-385475b95806,1667.07,True,False,False,kaust,"Car - commuting, road trip|Clothes, other shopping|Daily hygiene|Indoor Navigation (walking)|Talking with family members|Walking on street",False,False,,Proxemics
134a4c63-583a-4e64-8cf9-002b6d26cdf1_375-78,134a4c63-583a-4e64-8cf9-002b6d26cdf1,375.78,True,True,True,kaust,Attending religious activity,False,False,,Cooperation
daf5384b-ea5c-4cce-bb8a-540a360075bf_1127-92,daf5384b-ea5c-4cce-bb8a-540a360075bf,1127.92,True,False,False,unict,,False,False,,Safety
490b4f30-9bb5-4bf2-966b-13d509b5709b_1247-51,490b4f30-9bb5-4bf2-966b-13d509b5709b,1247.51,True,True,True,frl_track_1_public,Grocery shopping indoors,False,False,,Proxemics
ee3c00d5-9759-43b3-9116-3375227aadfd_15-30,ee3c00d5-9759-43b3-9116-3375227aadfd,15.3,True,False,False,minnesota,Hiking,False,False,,Proxemics|Safety
fb8a0650-986c-4c08-9d97-ac432cca424e_70-34,fb8a0650-986c-4c08-9d97-ac432cca424e,70.34,True,False,False,minnesota,Hiking,False,False,,Safety|Cooperation
23ac3708-df1d-4bb0-a4c7-b2a66855dccb_950-08,23ac3708-df1d-4bb0-a4c7-b2a66855dccb,950.08,True,True,True,frl_track_1_public,Grocery shopping indoors,False,False,train,Politeness|Communication/Legibility
67bc312a-3b49-4847-aa79-63ad7d3e4217_537-95,67bc312a-3b49-4847-aa79-63ad7d3e4217,537.95,True,False,False,minnesota,"Car - commuting, road trip|Drive-thru food|Talking with family members",False,False,,Safety
8447cf7c-d919-449a-be90-cdd05910fd9b_29-57,8447cf7c-d919-449a-be90-cdd05910fd9b,29.57,True,True,True,kaust,Playing games / video games|Talking with family members|Watching tv,False,False,,Politeness|Proxemics
c34effc7-6198-4c85-80c7-c8be85b77dd3_694-72,c34effc7-6198-4c85-80c7-c8be85b77dd3,694.72,True,False,False,uniandes,Hair and Makeup stylist|Indoor Navigation (walking)|On a screen (phone/laptop),False,False,,Proxemics|Cooperation
a5bd4711-275b-4bbf-96fe-37553e5d3e93_480-52,a5bd4711-275b-4bbf-96fe-37553e5d3e93,480.52,True,False,False,minnesota,Camp setup/pack-up/chores,False,False,,Proxemics|Safety
10019839-9ded-439f-a573-5ccacd7d829d_650-42,10019839-9ded-439f-a573-5ccacd7d829d,650.42,True,True,True,bristol,Cleaning / laundry,False,False,,Politeness
13488a91-cef6-46f4-8007-9453d5d49925_44-43,13488a91-cef6-46f4-8007-9453d5d49925,44.43,True,True,True,minnesota,Playing games / video games|Talking with friends/housemates,False,False,,Communication/Legibility|Cooperation
13d7173f-e8d1-4124-a66b-2ae648da9dbd_510-46,13d7173f-e8d1-4124-a66b-2ae648da9dbd,510.46,True,True,True,minnesota,Cooking|Talking with family members,False,False,,Proxemics|Cooperation
5826d5ed-1456-443f-b333-202bb216a31d_1637-74,5826d5ed-1456-443f-b333-202bb216a31d,1637.74,True,True,True,iiith,"jobs related to construction/renovation company
(Director of work, tiler, plumber, Electrician, Handyman, etc)",False,False,,Safety|Cooperation
2dbdd409-0be0-447c-8ae8-3f107fe9af80_1653-80,2dbdd409-0be0-447c-8ae8-3f107fe9af80,1653.8,True,True,True,nus,"Going to a salon (nail, hair, spa)",False,False,,Safety|Politeness|Cooperation
820d4b9e-6fba-472f-aa45-25b27241d4af_366-20,820d4b9e-6fba-472f-aa45-25b27241d4af,366.2,True,False,False,kaust,Football|Working out outside,False,False,,Proxemics|Coordination/Proactivity|Cooperation
878666b9-5f3d-476a-960f-3a5d02da7619_7108-62,878666b9-5f3d-476a-960f-3a5d02da7619,7108.62,True,False,False,uniandes,Eating at a restaurant|Hiking|Indoor Navigation (walking)|On a screen (phone/laptop)|Talking with friends/housemates,False,False,,Politeness|Cooperation
01ef2c24-ab95-46c0-a76a-7ec2f66aa5df_978-48,01ef2c24-ab95-46c0-a76a-7ec2f66aa5df,978.48,True,True,True,frl_track_1_public,"Clothes, other shopping",False,False,,Communication/Legibility|Cooperation
9632b0a9-cf21-4773-b95b-83aae9a23d0a_17-58,9632b0a9-cf21-4773-b95b-83aae9a23d0a,17.58,True,False,False,kaust,Playing badminton,False,False,,Proxemics|Politeness
7c1c5dca-5856-4997-8cda-9fa3bca10a3b_1061-91,7c1c5dca-5856-4997-8cda-9fa3bca10a3b,1061.91,True,True,True,iiith,Carpenter,False,False,,Safety|Cooperation|Communication/Legibility
5605bd9a-d151-4d5b-b0f6-cfc28ae6937e_999-27,5605bd9a-d151-4d5b-b0f6-cfc28ae6937e,999.27,True,True,True,iiith,Making Bricks,False,False,,Cooperation|Coordination/Proactivity
7a680a9a-dd7b-467a-a724-a597f1be9f06_2608-93,7a680a9a-dd7b-467a-a724-a597f1be9f06,2608.93,True,True,True,kaust,Watching tv,False,False,,Proxemics|Politeness
e93fdf27-c14c-4794-b4b7-20685b40156f_1313-69,e93fdf27-c14c-4794-b4b7-20685b40156f,1313.69,True,True,True,frl_track_1_public,"Clothes, other shopping",False,False,,Proxemics|Cooperation
283a15b5-59ae-4f04-9738-bf49c97496a8_102-60,283a15b5-59ae-4f04-9738-bf49c97496a8,102.6,True,True,True,frl_track_1_public,Grocery shopping indoors,False,False,,Proxemics
77e28690-2ab1-414e-86ed-285ec1d15bd1_705-46,77e28690-2ab1-414e-86ed-285ec1d15bd1,705.46,True,True,True,frl_track_1_public,Eating,False,False,,Proxemics|Politeness|Cooperation|Communication/Legibility
4d24d57d-96ba-4ea1-9542-ee0520d20d3e_1879-56,4d24d57d-96ba-4ea1-9542-ee0520d20d3e,1879.56,True,False,False,cmu,"jobs related to construction/renovation company
(Director of work, tiler, plumber, Electrician, Handyman, etc)",False,False,,Safety|Coordination/Proactivity
1ce16a97-f614-4660-b21c-4205b33c8bab_1988-77,1ce16a97-f614-4660-b21c-4205b33c8bab,1988.77,True,True,True,kaust,Cleaning / laundry|Cooking|Eating|Gardening|Indoor Navigation (walking)|Talking with family members|Watching tv|Working at desk,False,False,,Safety
1acd2d5c-b0d4-4ec5-a54c-6a9c84cb11f6_773-39,1acd2d5c-b0d4-4ec5-a54c-6a9c84cb11f6,773.39,True,True,True,minnesota,Household management - caring for kids,False,False,,Safety
c34effc7-6198-4c85-80c7-c8be85b77dd3_2993-26,c34effc7-6198-4c85-80c7-c8be85b77dd3,2993.26,True,False,False,uniandes,Hair and Makeup stylist|Indoor Navigation (walking)|On a screen (phone/laptop),False,False,,Proxemics|Coordination/Proactivity|Cooperation
11663dd8-aa9d-429d-80e2-2807b341350e_224-01,11663dd8-aa9d-429d-80e2-2807b341350e,224.01,True,True,True,kaust,Eating|Talking with family members,False,False,,Proxemics|Politeness|Cooperation
845cb298-d60b-4106-8213-d2aca821740a_14-13,845cb298-d60b-4106-8213-d2aca821740a,14.13,True,False,False,kaust,Walking on street,False,False,,Safety|Privacy
6e0c294c-d634-4804-8d41-cd6e9d79f0b9_384-20,6e0c294c-d634-4804-8d41-cd6e9d79f0b9,384.2,True,True,True,frl_track_1_public,Cleaning / laundry|Making coffee,False,False,,Cooperation|Communication/Legibility
14e96091-4011-4557-95b3-a195fb5c39d8_919-08,14e96091-4011-4557-95b3-a195fb5c39d8,919.08,True,True,True,nus,Participating in a meeting|Talking to colleagues,False,False,train,Politeness|Communication/Legibility
31bb1175-5459-4812-bb9e-f9300e2733f1_3707-13,31bb1175-5459-4812-bb9e-f9300e2733f1,3707.13,True,False,False,uniandes,Dancing|On a screen (phone/laptop),False,False,,Proxemics|Communication/Legibility|Cooperation
ec86fee5-ee10-46c5-b835-07c8a8d9651e_362-34,ec86fee5-ee10-46c5-b835-07c8a8d9651e,362.34,True,True,True,iiith,"jobs related to construction/renovation company
(Director of work, tiler, plumber, Electrician, Handyman, etc)",False,False,,Safety|Cooperation
af862b37-12f1-4b55-a1ca-1c162c4f98a0_3380-57,af862b37-12f1-4b55-a1ca-1c162c4f98a0,3380.57,True,False,False,uniandes,Gardening|Outdoor cooking,False,False,,Proxemics|Politeness
62baa1d3-a742-4d3d-a978-537a7988e13e_1461-40,62baa1d3-a742-4d3d-a978-537a7988e13e,1461.4,True,True,True,iiith,Making Bricks,False,False,,Safety|Cooperation
d521d31b-83aa-48ef-9ccf-eee9773c50dc_3808-98,d521d31b-83aa-48ef-9ccf-eee9773c50dc,3808.98,True,True,True,frl_track_1_public,Cleaning / laundry|Making coffee,False,False,,Proxemics|Cooperation
fec31c20-1910-4ab1-afc5-6aa3057a45f5_810-30,fec31c20-1910-4ab1-afc5-6aa3057a45f5,810.3,True,True,True,frl_track_1_public,Making coffee,False,False,,Communication/Legibility
af43394e-d24c-40c2-b03a-f3cdff888370_762-90,af43394e-d24c-40c2-b03a-f3cdff888370,762.9,True,True,True,frl_track_1_public,Grocery shopping indoors,False,False,,Politeness|Coordination/Proactivity
375ca7e7-1e3c-4159-9f7f-4691ef11f322_70-62,375ca7e7-1e3c-4159-9f7f-4691ef11f322,70.62,True,True,True,bristol,Cooking,False,False,,Cooperation|Communication/Legibility
0d6a065b-3fcd-4537-8148-bc55d2ee3055_19-05,0d6a065b-3fcd-4537-8148-bc55d2ee3055,19.05,True,True,True,iiith,Crafting/knitting/sewing/drawing/painting,False,False,,Safety|Cooperation|Communication/Legibility
ed792c47-5cb3-427c-a0e9-5dac33456e6a_968-42,ed792c47-5cb3-427c-a0e9-5dac33456e6a,968.42,True,True,True,iiith,Farmer,False,False,,Cooperation|Coordination/Proactivity
c6534c1f-765e-42e7-86f4-da210d5211c3_764-77,c6534c1f-765e-42e7-86f4-da210d5211c3,764.77,True,False,False,kaust,Car/scooter washing|Hanging out at a coffee shop|Talking on the phone|Talking to colleagues,False,False,,Safety|Cooperation|Coordination/Proactivity
828ef13f-f52a-4a16-b206-4ec7e471f025_147-18,828ef13f-f52a-4a16-b206-4ec7e471f025,147.18,True,False,False,cmu,Car mechanic,False,False,,Safety
8b82316c-c293-49a7-b401-a3cc026ab1d0_2988-29,8b82316c-c293-49a7-b401-a3cc026ab1d0,2988.29,True,True,True,indiana,building lego models / plastic models,False,False,,Cooperation|Communication/Legibility
170fb6c9-8550-4e82-bb9a-4ad574c0f0fa_7137-29,170fb6c9-8550-4e82-bb9a-4ad574c0f0fa,7137.29,True,False,False,uniandes,"Car - commuting, road trip|Eating at a restaurant|Going to the park|Hiking|Indoor Navigation (walking)|On a screen (phone/laptop)|Visiting exhibition",False,False,,Communication/Legibility|Cooperation
f2420e55-e559-40e1-9c96-863c6be763fd_1649-73,f2420e55-e559-40e1-9c96-863c6be763fd,1649.73,True,True,True,kaust,Cleaning / laundry|Cooking|Talking with family members|Working at desk,False,False,,Proxemics|Coordination/Proactivity|Cooperation
69f1101f-cb9e-4ad1-8fe6-ed840e5bcf9b_1350-51,69f1101f-cb9e-4ad1-8fe6-ed840e5bcf9b,1350.51,True,True,True,frl_track_1_public,"Clothes, other shopping",False,False,,Proxemics|Communication/Legibility
786877d8-e353-4fae-b488-8d7443646882_224-14,786877d8-e353-4fae-b488-8d7443646882,224.14,True,False,False,uniandes,Dancing,False,False,,Cooperation|Coordination/Proactivity
4ac57aee-4ac0-457e-b9de-9419056e4bbd_295-55,4ac57aee-4ac0-457e-b9de-9419056e4bbd,295.55,True,False,False,minnesota,Cleaning / laundry|Playing with pets|Talking with family members,False,False,,Safety|Cooperation|Coordination/Proactivity
513f572f-6d1c-4a8a-8b57-9c1d0aa363f7_843-40,513f572f-6d1c-4a8a-8b57-9c1d0aa363f7,843.4,True,False,False,cmu,"jobs related to construction/renovation company
(Director of work, tiler, plumber, Electrician, Handyman, etc)",False,False,,Cooperation|Coordination/Proactivity
3e418323-3ff7-4d03-9b60-275f1e20f5dc_315-49,3e418323-3ff7-4d03-9b60-275f1e20f5dc,315.49,True,True,True,frl_track_1_public,Grocery shopping indoors,False,False,train,Proxemics|Communication/Legibility|Cooperation
fe0d5ffc-686e-4846-bce0-1a18e513bf95_2543-03,fe0d5ffc-686e-4846-bce0-1a18e513bf95,2543.03,True,True,True,iiith,Pulp Traces Factory (Egges),False,False,,Safety|Cooperation
4767de01-96e1-4cf4-80f4-1c9d3acd26ed_650-13,4767de01-96e1-4cf4-80f4-1c9d3acd26ed,650.13,True,True,True,minnesota,Walking on street,False,False,,Politeness|Communication/Legibility|Cooperation
3d98a5d2-a34b-499e-98f2-9195f300394a_3004-17,3d98a5d2-a34b-499e-98f2-9195f300394a,3004.17,True,True,True,frl_track_1_public,Cleaning / laundry|Eating,False,False,,Communication/Legibility|Proxemics
34590a11-c136-4423-bdc4-c6a45221e546_565-25,34590a11-c136-4423-bdc4-c6a45221e546,565.25,True,True,True,iiith,Crafting/knitting/sewing/drawing/painting,False,False,,Cooperation
6c0ca07f-6bb2-4db4-a0c3-5926726493fc_1648-38,6c0ca07f-6bb2-4db4-a0c3-5926726493fc,1648.38,True,True,True,frl_track_1_public,Cleaning / laundry|Making coffee,False,False,,Cooperation|Coordination/Proactivity
b57a2268-9cac-491d-b737-ad8dc28b15fb_1546-09,b57a2268-9cac-491d-b737-ad8dc28b15fb,1546.09,True,False,False,uniandes,biology experiments|Eating|Indoor Navigation (walking)|Labwork|Listening to music|On a screen (phone/laptop)|Talking to colleagues,False,False,,Cooperation|Communication/Legibility
f51552ce-3d91-448c-8770-9800a6b5aa50_1666-29,f51552ce-3d91-448c-8770-9800a6b5aa50,1666.29,True,True,True,indiana,Hiking,False,False,,Proxemics|Coordination/Proactivity
ae56fbda-009b-485c-9dfa-72ce89e847bf_668-09,ae56fbda-009b-485c-9dfa-72ce89e847bf,668.09,True,False,False,kaust,"Going to the gym - exercise machine, class, weights|Walking on street",False,False,,Proxemics|Politeness|Communication/Legibility
8c075dc9-9c6a-43cf-8c6e-fb1af3624cf0_842-26,8c075dc9-9c6a-43cf-8c6e-fb1af3624cf0,842.26,True,True,True,frl_track_1_public,Eating,False,False,,Proxemics|Privacy
a8983a14-da13-4e54-bc7a-b027b374c710_536-56,a8983a14-da13-4e54-bc7a-b027b374c710,536.56,True,False,False,kaust,Walking on street,False,False,,Proxemics|Privacy
64049385-6855-4eed-8b3c-ce3e8d704008_1157-10,64049385-6855-4eed-8b3c-ce3e8d704008,1157.1,True,False,False,kaust,Indoor Navigation (walking)|Walking on street,False,False,,Politeness|Cooperation
1f4a4d13-f083-4464-8c03-5e09f55e3f63_1207-44,1f4a4d13-f083-4464-8c03-5e09f55e3f63,1207.44,True,True,True,minnesota,Household management - caring for kids|Walking on street,False,False,,Politeness|Communication/Legibility
1bfe3bec-79fd-4b1b-8738-4d313f3f79b9_355-45,1bfe3bec-79fd-4b1b-8738-4d313f3f79b9,355.45,True,False,False,minnesota,Cooking|Talking with family members,False,False,,Cooperation
2d01625b-b7c4-41aa-989b-2d0b392d8b54_195-58,2d01625b-b7c4-41aa-989b-2d0b392d8b54,195.58,True,True,True,frl_track_1_public,Grocery shopping indoors,False,False,train,Proxemics|Cooperation|Communication/Legibility
fec31c20-1910-4ab1-afc5-6aa3057a45f5_381-77,fec31c20-1910-4ab1-afc5-6aa3057a45f5,381.77,True,True,True,frl_track_1_public,Making coffee,False,False,,Safety|Cooperation
cea9a5cc-6682-474f-bae4-483ca722ec43_359-69,cea9a5cc-6682-474f-bae4-483ca722ec43,359.69,True,True,True,minnesota,Cleaning / laundry|Indoor Navigation (walking),False,False,,Cooperation|Coordination/Proactivity
bdeb0df9-2983-41bb-ba27-c431d9ef3163_1770-19,bdeb0df9-2983-41bb-ba27-c431d9ef3163,1770.19,True,True,True,minnesota,Cleaning / laundry|Cooking|Household management - caring for kids|Ironing,False,False,,Safety|Proxemics
3f7f5927-02e7-42ea-a31a-edea41bc17f9_565-60,3f7f5927-02e7-42ea-a31a-edea41bc17f9,565.6,True,False,False,cmu,"jobs related to construction/renovation company
(Director of work, tiler, plumber, Electrician, Handyman, etc)",False,False,,Safety|Cooperation
9a33e9f1-a740-4810-a624-62b0c9935741_1894-42,9a33e9f1-a740-4810-a624-62b0c9935741,1894.42,True,False,False,uniandes,Hair and Makeup stylist|Indoor Navigation (walking)|On a screen (phone/laptop),False,False,,Politeness|Proxemics
307b1878-875f-4703-bfe9-32d11d20853f_63-96,307b1878-875f-4703-bfe9-32d11d20853f,63.96,True,False,False,cmu,"jobs related to construction/renovation company
(Director of work, tiler, plumber, Electrician, Handyman, etc)",False,False,,Proxemics|Coordination/Proactivity
864618d9-cc17-4e90-8c64-7a1e4ba23d17_294-04,864618d9-cc17-4e90-8c64-7a1e4ba23d17,294.04,True,False,False,minnesota,Going to the park|Walking the dog / pet,False,False,,Politeness|Communication/Legibility
a437e059-78be-4894-a7ab-dc27fa16d3f8_6791-07,a437e059-78be-4894-a7ab-dc27fa16d3f8,6791.07,True,False,False,uniandes,Hiking|On a screen (phone/laptop)|Talking with friends/housemates,False,False,,Safety|Cooperation
583dc873-0ccd-4d04-bb56-4d403ab28e85_218-71,583dc873-0ccd-4d04-bb56-4d403ab28e85,218.71,True,True,True,iiith,"jobs related to construction/renovation company
(Director of work, tiler, plumber, Electrician, Handyman, etc)",False,False,,Safety|Cooperation|Coordination/Proactivity
5e193b30-3e79-4851-801b-dab99125cd44_2971-00,5e193b30-3e79-4851-801b-dab99125cd44,2971.0,True,True,True,frl_track_1_public,Cleaning / laundry|Making coffee,False,False,,Proxemics|Coordination/Proactivity
8f4008a5-18c9-464b-9bce-1ffa824f238d_96-39,8f4008a5-18c9-464b-9bce-1ffa824f238d,96.39,True,False,False,cmu,"jobs related to construction/renovation company
(Director of work, tiler, plumber, Electrician, Handyman, etc)",False,False,,Safety|Cooperation
c85251fa-eb44-4903-b27f-9cdee26e0ed5_1632-58,c85251fa-eb44-4903-b27f-9cdee26e0ed5,1632.58,True,True,True,iiith,Walking on street,False,False,,Proxemics|Privacy
db35b386-4c65-4c5e-a488-51b2aa5eb1fb_481-32,db35b386-4c65-4c5e-a488-51b2aa5eb1fb,481.32,True,True,True,iiith,Pulp Traces Factory (Egges),False,False,,Proxemics|Coordination/Proactivity|Cooperation|Communication/Legibility
2638b358-6b13-434c-bf03-a48bca96f287_636-40,2638b358-6b13-434c-bf03-a48bca96f287,636.4,True,True,True,iiith,"jobs related to construction/renovation company
(Director of work, tiler, plumber, Electrician, Handyman, etc)",False,False,,Cooperation|Coordination/Proactivity
ce19b572-7341-426a-8c2f-fe067344c98d_1914-35,ce19b572-7341-426a-8c2f-fe067344c98d,1914.35,True,False,False,kaust,"Car - commuting, road trip|Grocery shopping indoors",False,False,,Proxemics|Coordination/Proactivity|Cooperation
110352df-c7a3-4fec-a707-42936d101c28_3-37,110352df-c7a3-4fec-a707-42936d101c28,3.37,True,False,False,minnesota,Cooking,False,False,,Cooperation|Safety
e65cdb37-b00c-44b1-909f-068022d804cb_868-94,e65cdb37-b00c-44b1-909f-068022d804cb,868.94,True,False,False,minnesota,"Car - commuting, road trip|Indoor Navigation (walking)|On a screen (phone/laptop)",False,False,,Proxemics|Coordination/Proactivity|Politeness
baaf6d24-7117-4b0b-acdf-a79765036d84_1340-93,baaf6d24-7117-4b0b-acdf-a79765036d84,1340.93,True,True,True,frl_track_1_public,"Clothes, other shopping",False,False,,Cooperation|Communication/Legibility
fdfa65a5-9d90-4d27-8667-cd2c511614e3_70-13,fdfa65a5-9d90-4d27-8667-cd2c511614e3,70.13,True,True,True,minnesota,Walking on street,False,False,,Proxemics|Coordination/Proactivity|Cooperation
1e9da62e-72ae-48d2-8b6e-00a5283d213f_571-85,1e9da62e-72ae-48d2-8b6e-00a5283d213f,571.85,True,True,True,nus,Participating in a meeting|Talking to colleagues,False,False,train,Politeness|Cooperation
3decc0f8-9806-40dd-83d5-26c495dd7830_2268-25,3decc0f8-9806-40dd-83d5-26c495dd7830,2268.25,True,False,False,uniandes,Eating|On a screen (phone/laptop)|Visiting exhibition|Walking on street,False,False,,Cooperation|Communication/Legibility
1c0ba820-4a30-47dd-852d-c30685c7051e_36-98,1c0ba820-4a30-47dd-852d-c30685c7051e,36.98,True,False,False,minnesota,Cleaning / laundry|Cooking,False,False,,Safety|Cooperation
1f5ca4f1-6200-4a9a-86af-150824b51f67_717-00,1f5ca4f1-6200-4a9a-86af-150824b51f67,717.0,True,False,False,cmu,"jobs related to construction/renovation company
(Director of work, tiler, plumber, Electrician, Handyman, etc)",False,False,,Cooperation|Coordination/Proactivity|Proxemics
24e24f1f-af43-4ee5-86be-2a4d5cf772c5_40-56,24e24f1f-af43-4ee5-86be-2a4d5cf772c5,40.56,True,True,True,minnesota,Outdoor social (includes campfire),False,False,,Safety|Proxemics|Coordination/Proactivity
7b5fafdb-136a-4722-84a4-cffb213a224a_1092-90,7b5fafdb-136a-4722-84a4-cffb213a224a,1092.9,True,True,True,kaust,Gardening,False,False,,Safety
68134357-62e5-4f0b-8300-2e661763aeb5_389-26,68134357-62e5-4f0b-8300-2e661763aeb5,389.26,True,True,True,frl_track_1_public,Cleaning / laundry,False,False,,Safety
7e80931a-2067-419d-8f9e-2aff41dd330c_2937-25,7e80931a-2067-419d-8f9e-2aff41dd330c,2937.25,True,True,True,kaust,Cleaning / laundry|Cooking|Doing yardwork / shoveling snow|Eating|Making a salad/sandwich,False,False,,Politeness
eb20bebd-41e5-4a02-aa7e-73d3da5bc97e_68-58,eb20bebd-41e5-4a02-aa7e-73d3da5bc97e,68.58,True,False,False,uniandes,Hair and Makeup stylist|Indoor Navigation (walking)|On a screen (phone/laptop),False,False,,Politeness|Communication/Legibility|Safety
11fb6f55-4bf0-4992-ad15-d30a51447ab3_745-24,11fb6f55-4bf0-4992-ad15-d30a51447ab3,745.24,True,False,False,kaust,Walking the dog / pet,False,False,,Proxemics|Coordination/Proactivity
bac30fe6-c597-4f1a-add1-d8d989205d98_1087-36,bac30fe6-c597-4f1a-add1-d8d989205d98,1087.36,True,False,False,minnesota,Cooking|Talking with family members,False,False,,Proxemics|Cooperation|Politeness
ca800ee3-fea2-4825-ba1d-8eaace908135_6490-17,ca800ee3-fea2-4825-ba1d-8eaace908135,6490.17,True,False,False,uniandes,Climbing|Eating at a restaurant|Indoor Navigation (walking)|On a screen (phone/laptop)|Walking on street,False,False,,Proxemics|Politeness
e1b0b312-ce2d-41a0-be5a-70c807fcc5ef_2428-09,e1b0b312-ce2d-41a0-be5a-70c807fcc5ef,2428.09,True,True,True,iiith,"jobs related to construction/renovation company
(Director of work, tiler, plumber, Electrician, Handyman, etc)",False,False,,Cooperation|Communication/Legibility
b513c72d-8b77-4bee-96b6-b5f57977a3eb_765-76,b513c72d-8b77-4bee-96b6-b5f57977a3eb,765.76,True,True,True,nus,Attending a TA session|Talking to colleagues|Talking with friends/housemates,False,False,,Proxemics|Cooperation|Communication/Legibility
17cd1d99-044c-4b1b-97b4-f3de34f8e55b_251-62,17cd1d99-044c-4b1b-97b4-f3de34f8e55b,251.62,True,False,False,minnesota,Camp setup/pack-up/chores,False,False,,Safety|Cooperation
bebfd0fa-93bc-41a3-886d-e04a3675fc6d_293-94,bebfd0fa-93bc-41a3-886d-e04a3675fc6d,293.94,True,True,True,frl_track_1_public,Eating,False,False,,Safety|Communication/Legibility
2c77de23-cd87-4a41-a83c-4bdc0170f45c_80-46,2c77de23-cd87-4a41-a83c-4bdc0170f45c,80.46,True,True,True,minnesota,Cleaning / laundry|Eating,False,False,,Proxemics|Cooperation
2876b375-e848-412c-8a6f-0664cbab6a33_574-54,2876b375-e848-412c-8a6f-0664cbab6a33,574.54,True,False,False,kaust,Bike|Grocery shopping indoors|Indoor Navigation (walking)|Walking on street,False,False,,Cooperation|Communication/Legibility
2ec3c123-0a04-46d7-97d5-8b85b5e6d06f_271-92,2ec3c123-0a04-46d7-97d5-8b85b5e6d06f,271.92,True,True,True,iiith,Cycling / jogging,False,False,,Safety|Proxemics|Cooperation
1f61d972-e61b-4846-af3a-d09db9f111f8_1079-93,1f61d972-e61b-4846-af3a-d09db9f111f8,1079.93,True,True,True,nus,Eating in hawker center|Talking with friends/housemates,False,False,,Politeness|Communication/Legibility
d013010f-fca0-4fc0-9545-500318a8e91f_511-08,d013010f-fca0-4fc0-9545-500318a8e91f,511.08,True,False,False,cmu,Crafting/knitting/sewing/drawing/painting,False,False,,Politeness|Communication/Legibility
9a33e9f1-a740-4810-a624-62b0c9935741_636-64,9a33e9f1-a740-4810-a624-62b0c9935741,636.64,True,False,False,uniandes,Hair and Makeup stylist|Indoor Navigation (walking)|On a screen (phone/laptop),False,False,,Safety|Cooperation
b99ceea4-7fa3-407c-9b9f-1347645d23f2_13-11,b99ceea4-7fa3-407c-9b9f-1347645d23f2,13.11,True,True,True,frl_track_1_public,Cleaning / laundry|Eating,False,False,,Safety
fd2ae8b4-b683-4c4b-935c-78b4dadbdbf8_565-30,fd2ae8b4-b683-4c4b-935c-78b4dadbdbf8,565.3,True,False,False,uniandes,Hair and Makeup stylist|Indoor Navigation (walking)|On a screen (phone/laptop),False,False,,Proxemics|Politeness
d813a821-8cc1-4700-a7a4-d4e6edfed26e_449-05,d813a821-8cc1-4700-a7a4-d4e6edfed26e,449.05,True,True,True,utokyo,Cooking,False,False,,Politeness|Communication/Legibility
268a17eb-3f11-45d4-a671-9e0d8a637363_2969-91,268a17eb-3f11-45d4-a671-9e0d8a637363,2969.91,True,True,True,iiith,"jobs related to construction/renovation company
(Director of work, tiler, plumber, Electrician, Handyman, etc)",False,False,,Proxemics|Cooperation
a1b38e9d-7225-46ab-ab17-a61b261faa36_1920-36,a1b38e9d-7225-46ab-ab17-a61b261faa36,1920.36,True,False,False,cmu,"jobs related to construction/renovation company
(Director of work, tiler, plumber, Electrician, Handyman, etc)",False,False,,Proxemics
c5938442-90c1-413c-be06-186222d8274f_0-03,c5938442-90c1-413c-be06-186222d8274f,0.03,True,True,False,bristol,Cooking,False,False,,Proxemics|Coordination/Proactivity|Cooperation
4d89d233-dbcf-4ea2-a90f-9a2c3b42d1d5_442-41,4d89d233-dbcf-4ea2-a90f-9a2c3b42d1d5,442.41,True,False,False,cmu,Carpenter,False,False,,Coordination/Proactivity
64747fa7-c7b9-46fc-ac9d-ea9a514d91df_73-27,64747fa7-c7b9-46fc-ac9d-ea9a514d91df,73.27,True,True,True,iiith,Grocery shopping indoors,False,False,,Cooperation|Coordination/Proactivity
2dff68c2-6310-4763-8d39-05a1dbe40fda_501-39,2dff68c2-6310-4763-8d39-05a1dbe40fda,501.39,True,True,True,iiith,Cooking,False,False,,Politeness|Safety
24c447b6-094f-49a6-9c20-ed594ab0da65_947-73,24c447b6-094f-49a6-9c20-ed594ab0da65,947.73,True,True,True,frl_track_1_public,Grocery shopping indoors,False,False,,Proxemics|Politeness
6d14a0fe-6fd1-4c6b-aaec-a7c38dcd7294_661-60,6d14a0fe-6fd1-4c6b-aaec-a7c38dcd7294,661.6,True,True,True,frl_track_1_public,Eating,False,False,,Proxemics|Politeness
8dd6490b-6291-4793-b05e-79250f87925f_1553-75,8dd6490b-6291-4793-b05e-79250f87925f,1553.75,True,True,True,minnesota,Household management - caring for kids,False,False,,Politeness|Cooperation
0ca15932-2ede-4802-8f8d-68555c68c0b8_525-50,0ca15932-2ede-4802-8f8d-68555c68c0b8,525.5,True,True,True,iiith,"jobs related to construction/renovation company
(Director of work, tiler, plumber, Electrician, Handyman, etc)",False,False,,Cooperation|Coordination/Proactivity
21438820-16d7-4fcd-b0d0-5def201fc65e_1321-22,21438820-16d7-4fcd-b0d0-5def201fc65e,1321.22,True,True,True,frl_track_1_public,Grocery shopping indoors,False,False,train,Cooperation|Communication/Legibility|Politeness
a5bd4711-275b-4bbf-96fe-37553e5d3e93_156-00,a5bd4711-275b-4bbf-96fe-37553e5d3e93,156.0,True,False,False,minnesota,Camp setup/pack-up/chores,False,False,,Safety|Coordination/Proactivity
cc83fb01-1904-4917-8d11-2fe2c66a990c_5792-18,cc83fb01-1904-4917-8d11-2fe2c66a990c,5792.18,True,False,False,uniandes,On a screen (phone/laptop)|Tourism|Walking on street,False,False,,Proxemics|Coordination/Proactivity|Communication/Legibility
56da7a14-f3fe-4dd9-9acb-92917603f42c_469-73,56da7a14-f3fe-4dd9-9acb-92917603f42c,469.73,True,True,True,frl_track_1_public,Grocery shopping indoors,False,False,,Proxemics|Politeness|Cooperation
dd82f801-fc96-4ced-b066-ad559da3faab_836-46,dd82f801-fc96-4ced-b066-ad559da3faab,836.46,True,True,True,minnesota,BBQ'ing/picnics,False,False,,Safety|Politeness|Proxemics
ba1de596-15f4-45f3-bab3-dbf7283490be_5-13,ba1de596-15f4-45f3-bab3-dbf7283490be,5.13,True,True,True,minnesota,Eating,False,False,,Proxemics
4c70179a-f411-4f81-b44d-cfe34b8f9180_551-50,4c70179a-f411-4f81-b44d-cfe34b8f9180,551.5,True,True,True,minnesota,Fixing something in the home,False,False,,Communication/Legibility|Cooperation
992af5dc-64ff-4e24-b324-cc3df15be595_656-31,992af5dc-64ff-4e24-b324-cc3df15be595,656.31,True,True,True,iiith,Sleeping,False,False,,Cooperation|Coordination/Proactivity
dedaa2ad-306d-47b3-a4c4-90b6b2c37e78_8149-03,dedaa2ad-306d-47b3-a4c4-90b6b2c37e78,8149.03,True,False,False,uniandes,"Car - commuting, road trip|Eating at a restaurant|Going to the park|Hiking|Indoor Navigation (walking)|On a screen (phone/laptop)|Visiting exhibition",False,False,,Safety|Cooperation
f2017e02-2e5b-419c-8216-5a256a925c68_269-97,f2017e02-2e5b-419c-8216-5a256a925c68,269.97,True,True,True,minnesota,Outdoor social (includes campfire),False,False,train,Proxemics
b390f179-78cb-4522-9abc-467e0597d4b7_597-75,b390f179-78cb-4522-9abc-467e0597d4b7,597.75,True,True,True,minnesota,Eating,False,False,,Politeness|Cooperation
083b7556-9dff-40e2-9fad-bef3f82dbf37_51-98,083b7556-9dff-40e2-9fad-bef3f82dbf37,51.98,True,False,False,minnesota,Camp setup/pack-up/chores,False,False,,Cooperation|Communication/Legibility
ea417823-8ca0-417c-8901-114fa4f2d47f_258-70,ea417823-8ca0-417c-8901-114fa4f2d47f,258.7,True,True,True,minnesota,Cleaning / laundry,False,False,,Politeness
d0aedb4e-82cc-406a-a395-3573049a49ee_596-85,d0aedb4e-82cc-406a-a395-3573049a49ee,596.85,True,True,True,iiith,"jobs related to construction/renovation company
(Director of work, tiler, plumber, Electrician, Handyman, etc)",False,False,,Proxemics|Cooperation
67a8114b-7f37-443d-8beb-64886095f935_184-82,67a8114b-7f37-443d-8beb-64886095f935,184.82,True,True,True,minnesota,Swimming in a pool/ocean,False,False,,Cooperation|Coordination/Proactivity
1ea95f25-81f9-46b1-b7a1-c4ca58251c6f_1089-87,1ea95f25-81f9-46b1-b7a1-c4ca58251c6f,1089.87,True,False,False,cmu,Doing yardwork / shoveling snow,False,False,,Safety
39af7641-e376-4a99-977f-4d7f746e14ba_79-79,39af7641-e376-4a99-977f-4d7f746e14ba,79.79,True,True,True,frl_track_1_public,Making coffee,False,False,,Politeness|Communication/Legibility
375ca7e7-1e3c-4159-9f7f-4691ef11f322_68-87,375ca7e7-1e3c-4159-9f7f-4691ef11f322,68.87,True,True,True,bristol,Cooking,False,False,,Cooperation|Coordination/Proactivity
14e96091-4011-4557-95b3-a195fb5c39d8_273-80,14e96091-4011-4557-95b3-a195fb5c39d8,273.8,True,True,True,nus,Participating in a meeting|Talking to colleagues,False,False,train,Communication/Legibility
fd2ae8b4-b683-4c4b-935c-78b4dadbdbf8_4020-41,fd2ae8b4-b683-4c4b-935c-78b4dadbdbf8,4020.41,True,False,False,uniandes,Hair and Makeup stylist|Indoor Navigation (walking)|On a screen (phone/laptop),False,False,,Safety
90398a2b-de6b-4232-9bea-149c48cb1326_334-80,90398a2b-de6b-4232-9bea-149c48cb1326,334.8,True,True,True,iiith,Blacksmith,False,False,,Safety
343f8d57-6331-40f3-823c-2aee4d5cc10f_686-43,343f8d57-6331-40f3-823c-2aee4d5cc10f,686.43,True,True,True,minnesota,Fixing something in the home,False,False,,Coordination/Proactivity
38788778-0822-4c9c-b51e-5bce8a765a97_91-28,38788778-0822-4c9c-b51e-5bce8a765a97,91.28,True,True,True,frl_track_1_public,Making coffee,False,False,,Politeness|Communication/Legibility
449763d0-a924-40a4-8830-01e7028f9428_3694-63,449763d0-a924-40a4-8830-01e7028f9428,3694.63,True,False,False,kaust,"Car - commuting, road trip|Golfing",False,False,,Politeness|Cooperation
449e14cf-f05e-42ac-bb7e-0ba87617f95a_582-28,449e14cf-f05e-42ac-bb7e-0ba87617f95a,582.28,True,True,True,minnesota,Cleaning / laundry,False,False,,Cooperation|Communication/Legibility
b9de7a2c-d02e-4d66-9556-381f0b7ca51a_3648-36,b9de7a2c-d02e-4d66-9556-381f0b7ca51a,3648.36,True,False,False,uniandes,Climbing|Eating at a restaurant|Indoor Navigation (walking)|On a screen (phone/laptop)|Walking on street,False,False,,Politeness|Communication/Legibility
e70f4b34-432f-47dc-834f-5bc6bd67dc62_78-75,e70f4b34-432f-47dc-834f-5bc6bd67dc62,78.75,True,True,True,iiith,"jobs related to construction/renovation company
(Director of work, tiler, plumber, Electrician, Handyman, etc)",False,False,,Cooperation|Communication/Legibility
9e0594bd-15a5-4ae7-afa0-9283683ae1f2_1106-88,9e0594bd-15a5-4ae7-afa0-9283683ae1f2,1106.88,True,True,True,iiith,Blacksmith,False,False,,Safety|Coordination/Proactivity
bb04b03d-ae0d-416a-8c4c-b2325edec070_287-86,bb04b03d-ae0d-416a-8c4c-b2325edec070,287.86,True,True,True,iiith,Cooking,False,False,,Cooperation|Politeness|Coordination/Proactivity
0f3fa455-3622-4fb4-a3be-0c1a7fd697a7_1157-44,0f3fa455-3622-4fb4-a3be-0c1a7fd697a7,1157.44,True,True,True,frl_track_1_public,Grocery shopping indoors,False,False,,Proxemics|Cooperation
6a847d75-e20f-409d-8b91-77ada97d8fb9_168-24,6a847d75-e20f-409d-8b91-77ada97d8fb9,168.24,True,True,True,iiith,Attending religious activity,False,False,,Safety|Cooperation
9a732221-3adb-4903-b61d-9b8097965fbf_3781-26,9a732221-3adb-4903-b61d-9b8097965fbf,3781.26,True,True,True,kaust,Yoga practice,False,False,,Proxemics|Coordination/Proactivity
42263a6a-e984-4dd9-82db-a43d6e879c8f_528-58,42263a6a-e984-4dd9-82db-a43d6e879c8f,528.58,True,False,False,kaust,Talking with family members|Walking on street,False,False,,Safety|Proxemics|Coordination/Proactivity|Cooperation|Communication/Legibility
3be8d10c-8e88-4f29-af13-6eab7b509ed8_7-19,3be8d10c-8e88-4f29-af13-6eab7b509ed8,7.19,True,True,True,iiith,"jobs related to construction/renovation company
(Director of work, tiler, plumber, Electrician, Handyman, etc)",False,False,,Politeness|Communication/Legibility|Cooperation
8e2b02c8-9927-4039-8407-514c2709de95_1125-83,8e2b02c8-9927-4039-8407-514c2709de95,1125.83,True,True,True,frl_track_1_public,Eating,False,False,,Proxemics|Coordination/Proactivity
ac8dba37-ce09-4dc5-b478-8194e41353c3_2812-63,ac8dba37-ce09-4dc5-b478-8194e41353c3,2812.63,True,True,True,iiith,Grocery shopping indoors,False,False,,Safety
9ced9631-9c8f-4a69-9984-e6b0763d11ba_278-77,9ced9631-9c8f-4a69-9984-e6b0763d11ba,278.77,True,True,True,frl_track_1_public,"Clothes, other shopping",False,False,,Politeness
11e56f1e-baef-4fe8-ad0f-a7ec8788ea3a_836-51,11e56f1e-baef-4fe8-ad0f-a7ec8788ea3a,836.51,True,True,True,iiith,Blacksmith,False,False,,Politeness|Communication/Legibility
89d8c9c5-fa11-4674-b08f-007f81958555_1391-21,89d8c9c5-fa11-4674-b08f-007f81958555,1391.21,True,True,True,minnesota,Going to the park,False,False,,Proxemics|Politeness|Coordination/Proactivity
35b1a8c7-80fd-402f-b240-768926b7bcee_285-73,35b1a8c7-80fd-402f-b240-768926b7bcee,285.73,True,True,True,bristol,Playing with pets,False,False,,Proxemics|Cooperation
fe231042-6163-48cc-a1c4-1d1163b0a440_494-51,fe231042-6163-48cc-a1c4-1d1163b0a440,494.51,True,True,True,iiith,"jobs related to construction/renovation company
(Director of work, tiler, plumber, Electrician, Handyman, etc)",False,False,,Safety|Cooperation
d0a861f7-3e5c-4836-9b43-29a0b3288165_1279-67,d0a861f7-3e5c-4836-9b43-29a0b3288165,1279.67,True,True,True,minnesota,Bus,False,False,,Safety|Proxemics|Cooperation
8d4895eb-b2d1-43b8-90f1-e80fcc37797b_2448-11,8d4895eb-b2d1-43b8-90f1-e80fcc37797b,2448.11,True,False,False,uniandes,Climbing|Eating at a restaurant|Indoor Navigation (walking)|On a screen (phone/laptop)|Walking on street,False,False,,Politeness|Proxemics
72c81e60-8604-4897-8cd5-71df5244acaa_246-30,72c81e60-8604-4897-8cd5-71df5244acaa,246.3,True,False,False,uniandes,Dancing,False,False,,Politeness|Communication/Legibility
421a0364-6ed6-4bd4-8db2-5de8e245c9bc_455-02,421a0364-6ed6-4bd4-8db2-5de8e245c9bc,455.02,True,True,True,iiith,"jobs related to construction/renovation company
(Director of work, tiler, plumber, Electrician, Handyman, etc)",False,False,,Safety|Cooperation
952f40df-b1d7-4562-afe4-2a4ff569e949_2108-64,952f40df-b1d7-4562-afe4-2a4ff569e949,2108.64,True,False,False,cmu,Carpenter,False,False,,Cooperation|Coordination/Proactivity
c2d28dd4-4416-4300-bbbe-23911487776a_1894-07,c2d28dd4-4416-4300-bbbe-23911487776a,1894.07,True,False,False,uniandes,Climbing,False,False,,Safety|Proxemics
994616c8-63b0-47bd-a526-0680f4acff9e_109-35,994616c8-63b0-47bd-a526-0680f4acff9e,109.35,True,False,False,minnesota,Cooking,False,False,,Cooperation
e402df54-0a64-424e-a7e6-3e68b18a761c_1045-12,e402df54-0a64-424e-a7e6-3e68b18a761c,1045.12,True,False,False,minnesota,Cooking|Playing with pets,False,False,,Safety|Cooperation|Coordination/Proactivity
3dbe950d-163c-40a4-9590-494748e1dd39_6666-20,3dbe950d-163c-40a4-9590-494748e1dd39,6666.2,True,False,False,uniandes,Eating|On a screen (phone/laptop)|Visiting exhibition|Walking on street,False,False,,Safety|Proxemics
80c74a5b-81e0-4bc1-bc09-2f146351fe70_545-79,80c74a5b-81e0-4bc1-bc09-2f146351fe70,545.79,True,True,True,frl_track_1_public,Eating,False,False,,Proxemics|Politeness|Cooperation
eb5cb2b0-59e6-45da-af1b-ba86c7ab0b54_705-79,eb5cb2b0-59e6-45da-af1b-ba86c7ab0b54,705.79,True,True,True,minnesota,Outdoor social (includes campfire),False,False,train,Proxemics|Cooperation
95abf338-cf33-43f4-a8d0-44d6ea691d0f_44-58,95abf338-cf33-43f4-a8d0-44d6ea691d0f,44.58,True,True,True,frl_track_1_public,Grocery shopping indoors,False,False,train,Communication/Legibility|Politeness|Cooperation
de37a11d-1dcd-4f5b-9054-155093b3a073_6370-24,de37a11d-1dcd-4f5b-9054-155093b3a073,6370.24,True,False,False,uniandes,Climbing|Eating at a restaurant|Indoor Navigation (walking)|On a screen (phone/laptop)|Walking on street,False,False,,Politeness|Communication/Legibility
4f80ac6f-b78f-441b-b80d-fa8dd10756c4_471-91,4f80ac6f-b78f-441b-b80d-fa8dd10756c4,471.91,True,True,True,frl_track_1_public,"Clothes, other shopping",False,False,,Communication/Legibility|Politeness
c67cb1da-90ac-4da8-af17-4f8b77da9b9d_291-33,c67cb1da-90ac-4da8-af17-4f8b77da9b9d,291.33,True,False,False,minnesota,"Clothes, other shopping",False,False,,Proxemics|Cooperation
048d34c9-bf3f-4dd9-9da2-5f7da60ac2c8_955-97,048d34c9-bf3f-4dd9-9da2-5f7da60ac2c8,955.97,True,False,False,cmu,"jobs related to construction/renovation company
(Director of work, tiler, plumber, Electrician, Handyman, etc)",False,False,,Cooperation|Coordination/Proactivity|Proxemics
a448297b-ae62-4712-bc4f-849b39176558_2443-39,a448297b-ae62-4712-bc4f-849b39176558,2443.39,True,True,True,minnesota,"Baseball|Car - commuting, road trip|Indoor Navigation (walking)",False,False,,Safety|Cooperation
51364391-163c-484c-8de5-122abb5898de_1080-80,51364391-163c-484c-8de5-122abb5898de,1080.8,True,False,False,minnesota,Cooking,False,False,,Cooperation|Communication/Legibility
a448297b-ae62-4712-bc4f-849b39176558_3322-55,a448297b-ae62-4712-bc4f-849b39176558,3322.55,True,True,True,minnesota,"Baseball|Car - commuting, road trip|Indoor Navigation (walking)",False,False,,Safety
1c0ba820-4a30-47dd-852d-c30685c7051e_0-00,1c0ba820-4a30-47dd-852d-c30685c7051e,0.0,True,False,False,minnesota,Cleaning / laundry|Cooking,False,False,,Safety|Cooperation
102dc7b7-a8fb-419e-9a18-b679e7157d99_517-02,102dc7b7-a8fb-419e-9a18-b679e7157d99,517.02,True,True,True,minnesota,Doing yardwork / shoveling snow,False,False,,Proxemics|Safety
fa35a547-13b5-4355-873c-322c1860349a_1250-17,fa35a547-13b5-4355-873c-322c1860349a,1250.17,True,False,False,minnesota,Cooking|Playing with pets|Talking with family members,False,False,,Safety|Cooperation|Coordination/Proactivity
3a9a814d-222f-4712-97b4-a71d9f8b5a4a_277-20,3a9a814d-222f-4712-97b4-a71d9f8b5a4a,277.2,True,False,False,unict,"jobs related to construction/renovation company
(Director of work, tiler, plumber, Electrician, Handyman, etc)",False,False,,Proxemics
6fd90f8d-7a4d-425d-a812-3268db0b0342_1001-51,6fd90f8d-7a4d-425d-a812-3268db0b0342,1001.51,True,True,True,kaust,Cleaning / laundry|Cooking|Eating|Gardening|Indoor Navigation (walking)|Making coffee|Playing with pets|Talking on the phone|Talking with family members|Watching tv,False,False,,Politeness
b68f87f0-29be-4516-a34a-dda69dd84a56_953-32,b68f87f0-29be-4516-a34a-dda69dd84a56,953.32,True,True,True,bristol,Doing hair/make-up,False,False,,Proxemics|Cooperation
53e92e25-fe03-4311-9a17-c4f6a29ccad1_1365-15,53e92e25-fe03-4311-9a17-c4f6a29ccad1,1365.15,True,True,True,iiith,Blacksmith,False,False,,Safety|Cooperation
ee1eea29-aaad-41a4-b299-c72ed26c9da5_801-68,ee1eea29-aaad-41a4-b299-c72ed26c9da5,801.68,True,False,False,kaust,Bike,False,False,,Proxemics
6f7f3410-1e20-4eb2-b7b0-088c1500054b_299-75,6f7f3410-1e20-4eb2-b7b0-088c1500054b,299.75,True,True,True,minnesota,Cleaning / laundry|Walking the dog / pet,False,False,,Cooperation|Coordination/Proactivity
070776bf-f15a-4b6e-a906-d1ef9e132592_598-54,070776bf-f15a-4b6e-a906-d1ef9e132592,598.54,True,False,False,minnesota,"ATV scene|Car - commuting, road trip|Snow sledding|Talking with family members",False,False,,Safety|Cooperation
c85251fa-eb44-4903-b27f-9cdee26e0ed5_1618-20,c85251fa-eb44-4903-b27f-9cdee26e0ed5,1618.2,True,True,True,iiith,Walking on street,False,False,,Proxemics
e14bb000-250b-4f3d-aec6-e72d4f29d123_968-06,e14bb000-250b-4f3d-aec6-e72d4f29d123,968.06,True,True,True,frl_track_1_public,"Clothes, other shopping",False,False,,Privacy
ed027cb2-5b92-4de2-ab58-69d42325ef15_965-69,ed027cb2-5b92-4de2-ab58-69d42325ef15,965.69,True,True,True,frl_track_1_public,"Clothes, other shopping",False,False,,Communication/Legibility
d730a47a-013d-4cd3-b478-370f2fb0d918_1149-88,d730a47a-013d-4cd3-b478-370f2fb0d918,1149.88,True,True,True,frl_track_1_public,Grocery shopping indoors,False,False,,Safety
c6b5d782-d267-410e-8566-f7fe5d4a78a9_98-99,c6b5d782-d267-410e-8566-f7fe5d4a78a9,98.99,True,True,True,frl_track_1_public,Cleaning / laundry|Making coffee,False,False,,Politeness|Communication/Legibility
a32e3749-3ec6-4865-b5f2-067d05c04190_230-06,a32e3749-3ec6-4865-b5f2-067d05c04190,230.06,True,False,False,kaust,Crafting/knitting/sewing/drawing/painting|Eating|Reading books|Talking to colleagues,False,False,,
c1f4d37c-bfd8-4722-b1c4-767f8426ccfd_867-73,c1f4d37c-bfd8-4722-b1c4-767f8426ccfd,867.73,True,True,True,frl_track_1_public,"Clothes, other shopping",False,False,,Proxemics
7fc72743-4b55-48de-b988-4c690bda912f_1613-32,7fc72743-4b55-48de-b988-4c690bda912f,1613.32,True,True,True,frl_track_1_public,"Clothes, other shopping",False,False,,Proxemics|Politeness
9d2ec4ad-945f-4614-b41f-24260de662f6_1664-30,9d2ec4ad-945f-4614-b41f-24260de662f6,1664.3,True,True,True,bristol,Fixing something in the home,False,False,,Cooperation|Coordination/Proactivity
03fb98b9-e732-4265-a2a3-9809183acaa7_1123-20,03fb98b9-e732-4265-a2a3-9809183acaa7,1123.2,True,True,True,frl_track_1_public,Grocery shopping indoors,False,False,,Safety|Cooperation
f58900c3-5747-447c-9fa2-04c608e7f40a_18-05,f58900c3-5747-447c-9fa2-04c608e7f40a,18.05,True,False,False,cmu,"jobs related to construction/renovation company
(Director of work, tiler, plumber, Electrician, Handyman, etc)",False,False,,Proxemics
110f9870-6b6c-4a20-a3c8-8c2e29c53bb7_1386-55,110f9870-6b6c-4a20-a3c8-8c2e29c53bb7,1386.55,True,True,True,minnesota,Cleaning / laundry,False,False,,Politeness|Proxemics
313cc9d1-c87f-44ec-9900-3ee8d75389be_148-43,313cc9d1-c87f-44ec-9900-3ee8d75389be,148.43,True,False,False,cmu,Car mechanic,False,False,,Safety|Cooperation
dc4d0940-b35c-4700-af77-5f13bb530ad8_1063-54,dc4d0940-b35c-4700-af77-5f13bb530ad8,1063.54,True,True,True,minnesota,Playing games / video games|Talking with friends/housemates,False,False,,Cooperation|Communication/Legibility
fb92d350-9bf9-4b16-8a1f-7858de276226_603-23,fb92d350-9bf9-4b16-8a1f-7858de276226,603.23,True,False,False,uniandes,Hair and Makeup stylist|Indoor Navigation (walking)|On a screen (phone/laptop),False,False,,Safety|Cooperation
d8936caf-0142-4ceb-bacc-70313a19f169_660-34,d8936caf-0142-4ceb-bacc-70313a19f169,660.34,True,False,False,minnesota,Cooking,False,False,,Proxemics|Coordination/Proactivity
79c62f24-488e-4a69-8220-3b20cb4bf72b_611-49,79c62f24-488e-4a69-8220-3b20cb4bf72b,611.49,True,True,True,iiith,Handyman,False,False,,Cooperation
86fb4797-274f-4807-848a-8b1ddc5c29e8_808-67,86fb4797-274f-4807-848a-8b1ddc5c29e8,808.67,True,False,False,minnesota,Outdoor social (includes campfire)|Outdoor technical climbing/belaying/rappelling (includes ropework),False,False,,Cooperation|Politeness|Proxemics
27f9cd4e-8b61-477c-9b63-ca3d437a0dff_855-42,27f9cd4e-8b61-477c-9b63-ca3d437a0dff,855.42,True,True,True,iiith,"jobs related to construction/renovation company
(Director of work, tiler, plumber, Electrician, Handyman, etc)",False,False,,
d66f42bb-822b-444a-bce0-ddd15b29bd1b_7-30,d66f42bb-822b-444a-bce0-ddd15b29bd1b,7.3,True,False,False,kaust,Attending a festival or fair,False,False,,Safety|Communication/Legibility
6c0ca07f-6bb2-4db4-a0c3-5926726493fc_272-36,6c0ca07f-6bb2-4db4-a0c3-5926726493fc,272.36,True,True,True,frl_track_1_public,Cleaning / laundry|Making coffee,False,False,,Safety|Cooperation
2c9a2cb8-93fd-4932-bb76-60e80822b70b_782-07,2c9a2cb8-93fd-4932-bb76-60e80822b70b,782.07,True,True,True,iiith,Crafting/knitting/sewing/drawing/painting,False,False,,Proxemics|Coordination/Proactivity
39d0559a-d1e8-4fca-b7f4-db87bbbbde7e_857-69,39d0559a-d1e8-4fca-b7f4-db87bbbbde7e,857.69,True,True,True,iiith,Cooking,False,False,,Safety|Coordination/Proactivity
1c35e580-0eb1-485f-98d5-48f1f968e952_519-81,1c35e580-0eb1-485f-98d5-48f1f968e952,519.81,True,False,False,minnesota,Cleaning / laundry|On a screen (phone/laptop)|Talking to colleagues|Working in outdoor store,False,False,,Cooperation|Coordination/Proactivity
99a89af1-a535-477c-88a8-c0830ba33486_1246-37,99a89af1-a535-477c-88a8-c0830ba33486,1246.37,True,True,True,nus,Eating at a restaurant|Talking with family members|Talking with friends/housemates,False,False,,Proxemics|Politeness
830bd10c-4eb5-477d-9166-7d41ca86880a_963-23,830bd10c-4eb5-477d-9166-7d41ca86880a,963.23,True,True,True,frl_track_1_public,Grocery shopping indoors,False,False,train,Proxemics|Coordination/Proactivity|Cooperation
68134357-62e5-4f0b-8300-2e661763aeb5_374-98,68134357-62e5-4f0b-8300-2e661763aeb5,374.98,True,True,True,frl_track_1_public,Cleaning / laundry,False,False,,Cooperation
7836e736-ef0a-40ed-9b77-b4c12a08b236_3090-06,7836e736-ef0a-40ed-9b77-b4c12a08b236,3090.06,True,True,True,iiith,Watching tv,False,False,,Politeness
2d1bf98e-a133-4f63-bc1d-91f718078a52_337-47,2d1bf98e-a133-4f63-bc1d-91f718078a52,337.47,True,False,False,unict,Bike mechanic,False,False,,Safety|Coordination/Proactivity
dbcca18b-4b62-4ba1-b799-a6a65231d084_3794-64,dbcca18b-4b62-4ba1-b799-a6a65231d084,3794.64,True,True,True,iiith,Crafting/knitting/sewing/drawing/painting,False,False,,Safety|Cooperation|Coordination/Proactivity
2859218c-84ee-4e85-833f-74255b355032_596-50,2859218c-84ee-4e85-833f-74255b355032,596.5,True,False,False,unict,,False,False,,Cooperation|Coordination/Proactivity
1a50cd38-dda2-41d0-8a6f-294f17373d97_2829-22,1a50cd38-dda2-41d0-8a6f-294f17373d97,2829.22,True,True,True,iiith,"jobs related to construction/renovation company
(Director of work, tiler, plumber, Electrician, Handyman, etc)",False,False,,
dd508a2a-1ea7-43d2-805a-8080eeae9985_27-58,dd508a2a-1ea7-43d2-805a-8080eeae9985,27.58,True,True,True,iiith,Attending religious activity,False,False,,
6c0ca07f-6bb2-4db4-a0c3-5926726493fc_124-14,6c0ca07f-6bb2-4db4-a0c3-5926726493fc,124.14,True,True,True,frl_track_1_public,Cleaning / laundry|Making coffee,False,False,,Proxemics
4c64e0d9-72f4-427f-995d-112ef1a2b7a1_210-26,4c64e0d9-72f4-427f-995d-112ef1a2b7a1,210.26,True,True,True,minnesota,Eating|Household management - caring for kids|Indoor Navigation (walking)|Talking with family members,False,False,,Proxemics|Politeness|Cooperation
493dbd4d-bfc7-4086-b4ee-f3d081c34697_864-22,493dbd4d-bfc7-4086-b4ee-f3d081c34697,864.22,True,True,True,frl_track_1_public,Eating,False,False,,Proxemics|Politeness|Communication/Legibility
e9e0f26d-3005-436a-a70f-7d99977808c8_1362-45,e9e0f26d-3005-436a-a70f-7d99977808c8,1362.45,True,True,True,minnesota,Baseball,False,False,,Cooperation|Coordination/Proactivity
15f1a422-327d-4dab-b14d-7003544c5817_1304-02,15f1a422-327d-4dab-b14d-7003544c5817,1304.02,True,False,False,minnesota,Camp setup/pack-up/chores|Cleaning / laundry|On a screen (phone/laptop)|Talking with family members,False,False,,Proxemics|Cooperation|Politeness
ec85a806-d47f-4555-8c4c-20f59927e580_3835-48,ec85a806-d47f-4555-8c4c-20f59927e580,3835.48,True,True,True,iiith,Pulp Traces Factory (Egges),False,False,,Cooperation|Coordination/Proactivity
89d8c9c5-fa11-4674-b08f-007f81958555_1484-97,89d8c9c5-fa11-4674-b08f-007f81958555,1484.97,True,True,True,minnesota,Going to the park,False,False,,Proxemics
adb9100b-45da-449a-94b1-ae29e107e4c5_72-02,adb9100b-45da-449a-94b1-ae29e107e4c5,72.02,True,True,True,iiith,"jobs related to construction/renovation company
(Director of work, tiler, plumber, Electrician, Handyman, etc)",False,False,,Cooperation|Coordination/Proactivity
134d9865-d9ee-47e5-a121-589a26c6b3ba_1586-50,134d9865-d9ee-47e5-a121-589a26c6b3ba,1586.5,True,True,True,minnesota,Swimming in a pool/ocean,False,False,,Politeness|Cooperation
949b2e8a-83f9-4b89-b29b-9e8d81600dd8_2242-73,949b2e8a-83f9-4b89-b29b-9e8d81600dd8,2242.73,True,True,True,iiith,Farmer,False,False,,Proxemics|Cooperation
0655e194-9ddc-41c4-9708-7e6c7a256fa0_300-01,0655e194-9ddc-41c4-9708-7e6c7a256fa0,300.01,True,True,True,unict,,False,False,,
cbc5c4fe-ed66-4525-a3d8-d691064db66b_262-02,cbc5c4fe-ed66-4525-a3d8-d691064db66b,262.02,True,True,True,frl_track_1_public,"Clothes, other shopping",False,False,,Proxemics
287c98fa-f0a4-4944-b798-bcae618258d3_1087-69,287c98fa-f0a4-4944-b798-bcae618258d3,1087.69,True,True,True,minnesota,Cleaning / laundry|Eating|Household management - caring for kids,False,False,,Politeness|Cooperation
7d444081-73d8-405d-9bcc-9620e5feefaf_729-22,7d444081-73d8-405d-9bcc-9620e5feefaf,729.22,True,False,False,cmu,"jobs related to construction/renovation company
(Director of work, tiler, plumber, Electrician, Handyman, etc)",False,False,,Proxemics|Coordination/Proactivity
b3a0d595-d5b4-4e4b-9c52-337053871604_278-40,b3a0d595-d5b4-4e4b-9c52-337053871604,278.4,True,True,True,frl_track_1_public,Cleaning / laundry,False,False,,Politeness
366b71ad-3f35-4704-b6ef-e793c7e73ac6_1178-68,366b71ad-3f35-4704-b6ef-e793c7e73ac6,1178.68,True,False,False,minnesota,Camp setup/pack-up/chores|Talking with family members,False,False,,Cooperation|Coordination/Proactivity
9c07f3a2-5033-4f78-a377-a4cf5a7d7add_2010-42,9c07f3a2-5033-4f78-a377-a4cf5a7d7add,2010.42,True,False,False,cmu,"jobs related to construction/renovation company
(Director of work, tiler, plumber, Electrician, Handyman, etc)",False,False,,Safety|Cooperation
6f27deaa-7133-4bbb-b9ed-5310d6d05a50_336-16,6f27deaa-7133-4bbb-b9ed-5310d6d05a50,336.16,True,True,True,iiith,"jobs related to construction/renovation company
(Director of work, tiler, plumber, Electrician, Handyman, etc)",False,False,,Cooperation|Coordination/Proactivity|Safety
8677afac-95b4-4ec1-aec5-39c90fd8374c_271-68,8677afac-95b4-4ec1-aec5-39c90fd8374c,271.68,True,True,True,kaust,Eating|Watching tv,False,False,,Politeness|Proxemics
57ac6d7c-d317-4f85-aab1-d95ecaaacd5b_290-69,57ac6d7c-d317-4f85-aab1-d95ecaaacd5b,290.69,True,True,True,iiith,"jobs related to construction/renovation company
(Director of work, tiler, plumber, Electrician, Handyman, etc)",False,False,,Proxemics
860be163-394f-48bb-9068-37e1c383ff73_764-03,860be163-394f-48bb-9068-37e1c383ff73,764.03,True,True,True,iiith,Cycling / jogging,False,False,,Safety|Proxemics|Coordination/Proactivity
4b5de875-cc82-494e-b768-8ac0ae3bb279_930-87,4b5de875-cc82-494e-b768-8ac0ae3bb279,930.87,True,True,True,bristol,Practicing a musical instrument,False,False,,Safety|Cooperation
fa53388f-58ab-41a8-9f0d-55407cae3973_757-23,fa53388f-58ab-41a8-9f0d-55407cae3973,757.23,True,True,True,frl_track_1_public,Eating,False,False,,Proxemics|Coordination/Proactivity
69366f34-43c0-4d11-bec4-3c1c945cbfd4_4408-78,69366f34-43c0-4d11-bec4-3c1c945cbfd4,4408.78,True,False,False,uniandes,Hiking|On a screen (phone/laptop)|Talking with friends/housemates,False,False,,Politeness|Communication/Legibility
c495da06-2baf-4f62-958d-5ef2e6da08c4_28-94,c495da06-2baf-4f62-958d-5ef2e6da08c4,28.94,True,True,True,iiith,"jobs related to construction/renovation company
(Director of work, tiler, plumber, Electrician, Handyman, etc)",False,False,,Safety|Cooperation
04b2f7a8-1d95-43c2-8b3b-8053b22dda52_810-37,04b2f7a8-1d95-43c2-8b3b-8053b22dda52,810.37,True,False,False,cmu,"jobs related to construction/renovation company
(Director of work, tiler, plumber, Electrician, Handyman, etc)",False,False,,Cooperation|Communication/Legibility
f5ac654b-8f39-427b-856f-4a9a2d4a3020_9-20,f5ac654b-8f39-427b-856f-4a9a2d4a3020,9.2,True,True,True,minnesota,Cooking,False,False,,Politeness|Cooperation
356dd07e-8165-494c-9be8-b82d314bf88d_895-74,356dd07e-8165-494c-9be8-b82d314bf88d,895.74,True,True,True,frl_track_1_public,Grocery shopping indoors,False,False,train,Proxemics
4bd37cff-a43b-4843-b0ff-06ecfe00017e_270-00,4bd37cff-a43b-4843-b0ff-06ecfe00017e,270.0,True,False,False,kaust,Grocery shopping indoors|Walking on street,False,False,,Proxemics
c824d4e5-298a-462b-a408-28a85a7364af_683-96,c824d4e5-298a-462b-a408-28a85a7364af,683.96,True,True,True,frl_track_1_public,Eating,False,False,,Cooperation|Communication/Legibility
6fd026d8-b68c-46bc-93de-ccfa08809a9d_603-53,6fd026d8-b68c-46bc-93de-ccfa08809a9d,603.53,True,False,False,kaust,Golfing,False,False,,Safety|Communication/Legibility
258a7d18-4e66-4e3a-9fa0-f8daf7315a6d_1892-58,258a7d18-4e66-4e3a-9fa0-f8daf7315a6d,1892.58,True,True,True,iiith,"jobs related to construction/renovation company
(Director of work, tiler, plumber, Electrician, Handyman, etc)",False,False,,Safety|Cooperation
d0925317-dc23-4cb4-a375-a7baddc06b27_901-57,d0925317-dc23-4cb4-a375-a7baddc06b27,901.57,True,True,True,frl_track_1_public,Grocery shopping indoors,False,False,,Proxemics|Cooperation|Coordination/Proactivity
1b6c9a8b-baec-44ac-ab24-f482d0c30117_216-86,1b6c9a8b-baec-44ac-ab24-f482d0c30117,216.86,True,False,False,uniandes,Climbing,False,False,,Safety|Coordination/Proactivity
dd5214e7-85bb-41b4-93e0-5ef34b8af687_1307-52,dd5214e7-85bb-41b4-93e0-5ef34b8af687,1307.52,True,False,False,cmu,Carpenter,False,False,,Safety
d3f76c88-5996-4da0-8b8f-6c1b8f85a4d8_18062-30,d3f76c88-5996-4da0-8b8f-6c1b8f85a4d8,18062.3,True,True,True,iiith,Blacksmith,False,False,,Proxemics|Coordination/Proactivity
102dc7b7-a8fb-419e-9a18-b679e7157d99_754-92,102dc7b7-a8fb-419e-9a18-b679e7157d99,754.92,True,True,True,minnesota,Doing yardwork / shoveling snow,False,False,,Politeness|Cooperation
d3980f7e-2ef1-4b2b-b73a-2a7db7465660_452-63,d3980f7e-2ef1-4b2b-b73a-2a7db7465660,452.63,True,True,True,nus,"Going to the gym - exercise machine, class, weights",False,False,,Communication/Legibility|Cooperation|Coordination/Proactivity
39d1462e-506c-482b-9c9e-a94cffd71563_2316-87,39d1462e-506c-482b-9c9e-a94cffd71563,2316.87,True,True,True,iiith,Watching tv,False,False,,Communication/Legibility|Cooperation
5e7a6a04-70d3-4ce5-82ff-971ca6478328_1045-51,5e7a6a04-70d3-4ce5-82ff-971ca6478328,1045.51,True,False,False,minnesota,"Car - commuting, road trip|Talking with family members",False,False,,Cooperation
3c9b7fa8-5588-46a7-aafa-0a1404bfbbd7_1020-57,3c9b7fa8-5588-46a7-aafa-0a1404bfbbd7,1020.57,True,False,False,cmu,"jobs related to construction/renovation company
(Director of work, tiler, plumber, Electrician, Handyman, etc)",False,False,,Safety
606a91df-fc77-444e-988d-e0178c83c586_342-58,606a91df-fc77-444e-988d-e0178c83c586,342.58,True,True,True,minnesota,Eating,False,False,,Cooperation|Proxemics
ae59dda2-8aa0-40e1-bd48-af368ea8e149_1586-25,ae59dda2-8aa0-40e1-bd48-af368ea8e149,1586.25,True,True,True,iiith,Crafting/knitting/sewing/drawing/painting,False,False,,
906a5fbf-a335-4134-a23a-ece71a9683eb_1213-24,906a5fbf-a335-4134-a23a-ece71a9683eb,1213.24,True,True,True,frl_track_1_public,Eating,False,False,,Proxemics|Coordination/Proactivity|Cooperation|Politeness
90398a2b-de6b-4232-9bea-149c48cb1326_984-97,90398a2b-de6b-4232-9bea-149c48cb1326,984.97,True,True,True,iiith,Blacksmith,False,False,,Safety|Cooperation
3ae05e5a-f724-41e8-9000-90b7dd31379b_288-48,3ae05e5a-f724-41e8-9000-90b7dd31379b,288.48,True,True,True,bristol,Cleaning / laundry,False,False,,Politeness|Proxemics
f374039b-7f08-4dc3-af64-4e9ff61db531_2262-81,f374039b-7f08-4dc3-af64-4e9ff61db531,2262.81,True,True,True,iiith,"jobs related to construction/renovation company
(Director of work, tiler, plumber, Electrician, Handyman, etc)",False,False,,Cooperation|Communication/Legibility
8fafc02a-ef7a-46f4-ae97-b0c68c8bb207_16014-05,8fafc02a-ef7a-46f4-ae97-b0c68c8bb207,16014.05,True,False,False,uniandes,On a screen (phone/laptop)|Tourism|Walking on street,False,False,,Safety
abbc5555-7816-4288-8d4d-f42b0683fc44_774-93,abbc5555-7816-4288-8d4d-f42b0683fc44,774.93,True,False,False,kaust,Grocery shopping indoors,False,False,,Proxemics|Cooperation
828ef13f-f52a-4a16-b206-4ec7e471f025_238-90,828ef13f-f52a-4a16-b206-4ec7e471f025,238.9,True,False,False,cmu,Car mechanic,False,False,,Safety|Coordination/Proactivity
10a848ed-f258-4930-abdd-1fd60b788abc_549-51,10a848ed-f258-4930-abdd-1fd60b788abc,549.51,True,False,False,minnesota,Playing with pets|Walking the dog / pet,False,False,,Safety|Politeness
10a848ed-f258-4930-abdd-1fd60b788abc_475-65,10a848ed-f258-4930-abdd-1fd60b788abc,475.65,True,False,False,minnesota,Playing with pets|Walking the dog / pet,False,False,,Proxemics|Cooperation
98ff21ab-6151-4429-a6ff-39d3c6fa173b_1442-50,98ff21ab-6151-4429-a6ff-39d3c6fa173b,1442.5,True,False,False,cmu,Carpenter,False,False,,Safety|Cooperation
4bd37cff-a43b-4843-b0ff-06ecfe00017e_258-98,4bd37cff-a43b-4843-b0ff-06ecfe00017e,258.98,True,False,False,kaust,Grocery shopping indoors|Walking on street,False,False,,Proxemics|Communication/Legibility
407df63f-c7a8-4c18-aa0f-b8e6ae16a938_620-12,407df63f-c7a8-4c18-aa0f-b8e6ae16a938,620.12,True,True,True,iiith,"jobs related to construction/renovation company
(Director of work, tiler, plumber, Electrician, Handyman, etc)",False,False,,Cooperation|Communication/Legibility
8b72b54f-f87c-4fdb-84dc-97e42ab111ac_824-00,8b72b54f-f87c-4fdb-84dc-97e42ab111ac,824.0,True,True,True,bristol,Cooking,False,False,,
1bfac46e-f957-4495-9583-dbd7fa683225_823-65,1bfac46e-f957-4495-9583-dbd7fa683225,823.65,True,False,False,uniandes,On a screen (phone/laptop)|Tourism|Walking on street,False,False,,Proxemics|Communication/Legibility
67bc312a-3b49-4847-aa79-63ad7d3e4217_303-11,67bc312a-3b49-4847-aa79-63ad7d3e4217,303.11,True,False,False,minnesota,"Car - commuting, road trip|Drive-thru food|Talking with family members",False,False,,Communication/Legibility
3625b3d9-e323-4c05-a27a-aba79f01a5bd_18-58,3625b3d9-e323-4c05-a27a-aba79f01a5bd,18.58,True,True,True,kaust,Cleaning / laundry|Eating|Talking with family members|Working at desk,False,False,,Proxemics|Cooperation
4f549225-e82e-4294-9379-4891e47725c7_299-04,4f549225-e82e-4294-9379-4891e47725c7,299.04,True,True,True,iiith,"jobs related to construction/renovation company
(Director of work, tiler, plumber, Electrician, Handyman, etc)",False,False,,Safety|Cooperation
df630387-82c6-4c90-95e8-6ba558c907a2_202-79,df630387-82c6-4c90-95e8-6ba558c907a2,202.79,True,False,False,cmu,"jobs related to construction/renovation company
(Director of work, tiler, plumber, Electrician, Handyman, etc)",False,False,,Privacy
952d5295-06f4-4578-929b-4113e4ff9201_792-75,952d5295-06f4-4578-929b-4113e4ff9201,792.75,True,True,True,iiith,Mehandi,False,False,,Proxemics|Communication/Legibility|Cooperation|Privacy
19f2ea20-5041-4be2-bdc9-714473f16236_4524-38,19f2ea20-5041-4be2-bdc9-714473f16236,4524.38,True,False,False,uniandes,Hiking|On a screen (phone/laptop)|Talking with friends/housemates,False,False,,Proxemics|Coordination/Proactivity|Cooperation|Communication/Legibility|Privacy
7f5ed6e1-aca1-40d5-87c6-d156c5f02263_222-42,7f5ed6e1-aca1-40d5-87c6-d156c5f02263,222.42,True,False,False,minnesota,Camp setup/pack-up/chores,False,False,,Proxemics|Coordination/Proactivity|Communication/Legibility|Privacy
156823e7-0339-4f64-9c89-80044fc8b218_782-84,156823e7-0339-4f64-9c89-80044fc8b218,782.84,True,True,True,frl_track_1_public,Eating,False,False,,Politeness|Cooperation|Coordination/Proactivity|Privacy
dd0aa717-59d8-4d8a-9f11-21be827fb184_600-81,dd0aa717-59d8-4d8a-9f11-21be827fb184,600.81,True,True,True,frl_track_1_public,"Clothes, other shopping",False,False,,Privacy|Proxemics|Communication/Legibility
b57a2268-9cac-491d-b737-ad8dc28b15fb_2224-77,b57a2268-9cac-491d-b737-ad8dc28b15fb,2224.77,True,False,False,uniandes,biology experiments|Eating|Indoor Navigation (walking)|Labwork|Listening to music|On a screen (phone/laptop)|Talking to colleagues,False,False,,Communication/Legibility|Cooperation|Privacy
1e90b2b5-5483-4ecc-b8e0-fb0bf63ccac3_3303-65,1e90b2b5-5483-4ecc-b8e0-fb0bf63ccac3,3303.65,True,True,True,frl_track_1_public,Practicing a musical instrument,False,False,,Safety|Cooperation|Privacy
8dd6490b-6291-4793-b05e-79250f87925f_396-12,8dd6490b-6291-4793-b05e-79250f87925f,396.12,True,True,True,minnesota,Household management - caring for kids,False,False,,Politeness|Communication/Legibility|Privacy
8e748fd1-e30e-4bf6-a04f-5f570ca075ac_351-84,8e748fd1-e30e-4bf6-a04f-5f570ca075ac,351.84,True,True,True,frl_track_1_public,Grocery shopping indoors,False,False,,Proxemics|Privacy
a437e059-78be-4894-a7ab-dc27fa16d3f8_7188-07,a437e059-78be-4894-a7ab-dc27fa16d3f8,7188.07,True,False,False,uniandes,Hiking|On a screen (phone/laptop)|Talking with friends/housemates,False,False,,Privacy|Cooperation
a8197601-7474-4cb0-8d08-e8a8febcecfc_13-71,a8197601-7474-4cb0-8d08-e8a8febcecfc,13.71,True,False,False,kaust,Bike|Cycling / jogging,False,False,,Proxemics|Cooperation|Communication/Legibility|Privacy
c34effc7-6198-4c85-80c7-c8be85b77dd3_2681-98,c34effc7-6198-4c85-80c7-c8be85b77dd3,2681.98,True,False,False,uniandes,Hair and Makeup stylist|Indoor Navigation (walking)|On a screen (phone/laptop),False,False,,Cooperation|Proxemics|Privacy
9e9c5b05-c7d4-450d-9850-e6ae83caa9a5_3282-52,9e9c5b05-c7d4-450d-9850-e6ae83caa9a5,3282.52,True,True,True,iiith,Cooking,False,False,,Privacy|Politeness
408acdc8-c286-482b-91ba-3fcda24fedc3_1554-86,408acdc8-c286-482b-91ba-3fcda24fedc3,1554.86,True,True,True,iiith,Cooking,False,False,,Proxemics|Politeness|Privacy
bff1d1da-957f-42ea-8c98-61eaca98b5f1_1049-58,bff1d1da-957f-42ea-8c98-61eaca98b5f1,1049.58,True,False,False,kaust,Playing games / video games,False,False,,Privacy|Politeness
cb8df5e7-af5c-4211-b779-0568f94c7ded_1890-31,cb8df5e7-af5c-4211-b779-0568f94c7ded,1890.31,True,True,True,iiith,Sleeping,False,False,,Proxemics|Cooperation|Communication/Legibility|Privacy
28ff9118-e876-497c-9901-cb89a62509fc_432-66,28ff9118-e876-497c-9901-cb89a62509fc,432.66,True,True,True,kaust,Indoor Navigation (walking)|On a screen (phone/laptop)|Working at desk,False,False,,Politeness|Cooperation|Privacy
201af2e0-72dd-466c-8280-8c3dc00a7981_602-53,201af2e0-72dd-466c-8280-8c3dc00a7981,602.53,True,True,True,minnesota,Cooking,False,False,,Communication/Legibility|Privacy
59857657-5cb1-4268-9c8f-ab6cb3c3ad3b_5438-01,59857657-5cb1-4268-9c8f-ab6cb3c3ad3b,5438.01,True,False,False,uniandes,On a screen (phone/laptop)|Tourism|Walking on street,False,False,,Politeness|Communication/Legibility|Privacy
a2f25985-0589-42ca-af57-58930079dfb9_7290-57,a2f25985-0589-42ca-af57-58930079dfb9,7290.57,True,False,False,uniandes,Climbing|Eating at a restaurant|Indoor Navigation (walking)|On a screen (phone/laptop)|Walking on street,False,False,,Politeness|Communication/Legibility|Privacy
1042ea39-9256-4593-a4c6-a0d0393da739_524-37,1042ea39-9256-4593-a4c6-a0d0393da739,524.37,True,True,True,frl_track_1_public,Grocery shopping indoors,False,False,train,Politeness|Communication/Legibility|Privacy
cb9de2c6-ff1a-48e8-b170-047e9471b588_884-63,cb9de2c6-ff1a-48e8-b170-047e9471b588,884.63,True,True,True,frl_track_1_public,Grocery shopping indoors,False,False,train,Proxemics|Coordination/Proactivity|Cooperation|Privacy
1a7e6155-3613-4f55-865c-00e196db0da0_3573-11,1a7e6155-3613-4f55-865c-00e196db0da0,3573.11,True,True,True,kaust,Cleaning / laundry|Cooking|Crafting/knitting/sewing/drawing/painting|Daily hygiene|Eating|Indoor Navigation (walking)|Talking with family members,False,False,,Privacy
cce59bcd-0ebc-463e-bbb1-094186a6ed8d_36-05,cce59bcd-0ebc-463e-bbb1-094186a6ed8d,36.05,True,True,True,frl_track_1_public,Making coffee,False,False,,Safety|Proxemics|Coordination/Proactivity|Privacy
e14bb000-250b-4f3d-aec6-e72d4f29d123_977-37,e14bb000-250b-4f3d-aec6-e72d4f29d123,977.37,True,True,True,frl_track_1_public,"Clothes, other shopping",False,False,,Privacy
b68f87f0-29be-4516-a34a-dda69dd84a56_471-46,b68f87f0-29be-4516-a34a-dda69dd84a56,471.46,True,True,True,bristol,Doing hair/make-up,False,False,,Proxemics|Communication/Legibility|Privacy
48bd6bfb-1322-41b5-9641-20a647976ea8_261-42,48bd6bfb-1322-41b5-9641-20a647976ea8,261.42,True,True,True,minnesota,Bus|Walking on street,False,False,,Politeness|Communication/Legibility|Privacy
9d26362a-4411-4d8b-b114-03f4f89928d7_1588-24,9d26362a-4411-4d8b-b114-03f4f89928d7,1588.24,True,True,True,minnesota,Carpenter,False,False,,Privacy|Proxemics
cb9de2c6-ff1a-48e8-b170-047e9471b588_1100-53,cb9de2c6-ff1a-48e8-b170-047e9471b588,1100.53,True,True,True,frl_track_1_public,Grocery shopping indoors,False,False,train,Proxemics|Coordination/Proactivity|Cooperation|Communication/Legibility|Privacy
67bc312a-3b49-4847-aa79-63ad7d3e4217_554-07,67bc312a-3b49-4847-aa79-63ad7d3e4217,554.07,True,False,False,minnesota,"Car - commuting, road trip|Drive-thru food|Talking with family members",False,False,,Proxemics|Politeness|Safety|Cooperation|Privacy
2cc2710e-aae0-41eb-9a70-deb9217bb7ea_3646-90,2cc2710e-aae0-41eb-9a70-deb9217bb7ea,3646.9,True,True,True,kaust,Talking to colleagues|Working at desk,False,False,,Proxemics|Politeness|Communication/Legibility|Privacy
43d83207-9c41-46aa-90c9-e30a6194be11_354-50,43d83207-9c41-46aa-90c9-e30a6194be11,354.5,True,False,False,minnesota,Cooking|On a screen (phone/laptop),False,False,,Cooperation|Communication/Legibility|Privacy
c34effc7-6198-4c85-80c7-c8be85b77dd3_2128-22,c34effc7-6198-4c85-80c7-c8be85b77dd3,2128.22,True,False,False,uniandes,Hair and Makeup stylist|Indoor Navigation (walking)|On a screen (phone/laptop),False,False,,Privacy
952d5295-06f4-4578-929b-4113e4ff9201_808-38,952d5295-06f4-4578-929b-4113e4ff9201,808.38,True,True,True,iiith,Mehandi,False,False,,Privacy|Proxemics|Politeness|Cooperation
1626db26-0c74-43d6-a5c2-c1a8fa7b1429_2450-13,1626db26-0c74-43d6-a5c2-c1a8fa7b1429,2450.13,True,False,False,uniandes,Eating|On a screen (phone/laptop)|Visiting exhibition|Walking on street,False,False,,Proxemics|Cooperation|Communication/Legibility|Privacy
a4bbdddc-c222-4535-a616-57ccbc8f9b9e_5519-45,a4bbdddc-c222-4535-a616-57ccbc8f9b9e,5519.45,True,False,False,uniandes,Hiking|On a screen (phone/laptop)|Talking with friends/housemates,False,False,,Privacy|Safety|Politeness
6070d9d1-9962-49f3-8ac7-4e29ca07e104_284-21,6070d9d1-9962-49f3-8ac7-4e29ca07e104,284.21,True,True,True,nus,"Going to the gym - exercise machine, class, weights",False,False,,Proxemics|Safety|Cooperation|Privacy
564c0350-9fbf-4659-b310-a929fa3c82e4_555-36,564c0350-9fbf-4659-b310-a929fa3c82e4,555.36,True,False,False,minnesota,Cleaning / laundry|On a screen (phone/laptop)|Talking with friends/housemates,False,False,,Politeness|Privacy
1acd2d5c-b0d4-4ec5-a54c-6a9c84cb11f6_776-54,1acd2d5c-b0d4-4ec5-a54c-6a9c84cb11f6,776.54,True,True,True,minnesota,Household management - caring for kids,False,False,,Politeness|Cooperation|Privacy
75141dec-d6b3-4e2e-a144-5a126abf7dac_584-16,75141dec-d6b3-4e2e-a144-5a126abf7dac,584.16,True,False,False,unict,Scooter mechanic,False,False,,Safety|Coordination/Proactivity|Privacy
e2a1583d-7460-4d02-ac29-6968f16812c3_338-61,e2a1583d-7460-4d02-ac29-6968f16812c3,338.61,True,False,False,minnesota,"Car - commuting, road trip|Talking with friends/housemates",False,False,,Proxemics|Politeness|Cooperation|Privacy
fb9fda68-f264-465d-9208-19876f5ef90f_887-23,fb9fda68-f264-465d-9208-19876f5ef90f,887.23,True,True,True,frl_track_1_public,Making coffee,False,False,,Privacy
f965d286-b521-402f-9a0e-c73b49e9806e_1758-84,f965d286-b521-402f-9a0e-c73b49e9806e,1758.84,True,True,True,minnesota,Doing yardwork / shoveling snow,False,False,,Privacy|Politeness|Communication/Legibility
ca22ace6-2d0e-4e0b-98d4-60544e5af4d5_139-96,ca22ace6-2d0e-4e0b-98d4-60544e5af4d5,139.96,True,True,True,indiana,building lego models / plastic models|Playing games / video games,False,False,,Privacy
e6fdec5a-21e1-43e8-b662-9376538394d5_3510-00,e6fdec5a-21e1-43e8-b662-9376538394d5,3510.0,True,False,False,uniandes,Eating|On a screen (phone/laptop)|Visiting exhibition|Walking on street,False,False,,Privacy
68a03b86-201f-4935-9847-f2753905f298_1057-96,68a03b86-201f-4935-9847-f2753905f298,1057.96,True,True,True,frl_track_1_public,Grocery shopping indoors,False,False,,Politeness|Privacy
d6f9d174-2d42-49e7-83e4-daa9e8b0aa25_64-13,d6f9d174-2d42-49e7-83e4-daa9e8b0aa25,64.13,True,True,True,frl_track_1_public,"Clothes, other shopping",False,False,,Proxemics|Privacy
26192bcd-7240-4d7b-8306-fa4eed0264f2_4935-17,26192bcd-7240-4d7b-8306-fa4eed0264f2,4935.17,True,False,False,uniandes,Eating|On a screen (phone/laptop)|Visiting exhibition|Walking on street,False,False,,Safety|Privacy|Communication/Legibility
5185ad85-6751-481e-8b28-2d93d2e20770_961-05,5185ad85-6751-481e-8b28-2d93d2e20770,961.05,True,False,False,minnesota,"Car - commuting, road trip|On a screen (phone/laptop)",False,False,,Politeness|Communication/Legibility|Privacy
a49bdcc8-8f23-445d-bae0-8d9e5c4d9c63_1749-02,a49bdcc8-8f23-445d-bae0-8d9e5c4d9c63,1749.02,True,True,True,minnesota,Cleaning / laundry|Cooking,False,False,,Privacy|Politeness|Proxemics
a32e3749-3ec6-4865-b5f2-067d05c04190_1229-02,a32e3749-3ec6-4865-b5f2-067d05c04190,1229.02,True,False,False,kaust,Crafting/knitting/sewing/drawing/painting|Eating|Reading books|Talking to colleagues,False,False,,Privacy|Communication/Legibility|Politeness
1eee4aaf-a21c-4ae5-82cd-96fdccae6742_876-68,1eee4aaf-a21c-4ae5-82cd-96fdccae6742,876.68,True,False,False,uniandes,Hair and Makeup stylist|Indoor Navigation (walking)|On a screen (phone/laptop),False,False,,Proxemics|Coordination/Proactivity|Cooperation|Privacy
381c4c64-a697-42ab-90ab-a515740bf484_578-95,381c4c64-a697-42ab-90ab-a515740bf484,578.95,True,True,True,frl_track_1_public,Eating,False,False,,Communication/Legibility|Proxemics|Privacy
d27c5c7e-db9c-48f4-bea5-9970078d352e_90-20,d27c5c7e-db9c-48f4-bea5-9970078d352e,90.2,True,False,False,minnesota,Camp setup/pack-up/chores,False,False,,Cooperation|Coordination/Proactivity|Privacy
d8c7bf34-0440-48b3-bf22-263d7c926074_109-23,d8c7bf34-0440-48b3-bf22-263d7c926074,109.23,True,True,True,minnesota,Cooking,False,False,,Privacy|Politeness|Proxemics
1bfe3bec-79fd-4b1b-8738-4d313f3f79b9_548-41,1bfe3bec-79fd-4b1b-8738-4d313f3f79b9,548.41,True,False,False,minnesota,Cooking|Talking with family members,False,False,,Politeness|Privacy|Communication/Legibility
eb20bebd-41e5-4a02-aa7e-73d3da5bc97e_70-42,eb20bebd-41e5-4a02-aa7e-73d3da5bc97e,70.42,True,False,False,uniandes,Hair and Makeup stylist|Indoor Navigation (walking)|On a screen (phone/laptop),False,False,,Proxemics|Politeness|Privacy
b6bee905-eddf-4b41-bfe6-d57c9059fe61_1128-22,b6bee905-eddf-4b41-bfe6-d57c9059fe61,1128.22,True,False,False,uniandes,Hiking|On a screen (phone/laptop)|Talking with friends/housemates,False,False,,Privacy|Politeness|Cooperation
e7752106-8e0c-47b5-a639-e701e659718c_740-06,e7752106-8e0c-47b5-a639-e701e659718c,740.06,True,True,True,iiith,Watching tv,False,False,,Politeness|Communication/Legibility|Privacy
a5bd4711-275b-4bbf-96fe-37553e5d3e93_1416-31,a5bd4711-275b-4bbf-96fe-37553e5d3e93,1416.31,True,False,False,minnesota,Camp setup/pack-up/chores,False,False,,Cooperation|Politeness|Privacy
5f26c69f-6f1c-4041-a81f-3c4808e0a385_1353-30,5f26c69f-6f1c-4041-a81f-3c4808e0a385,1353.3,True,True,True,frl_track_1_public,"Clothes, other shopping",False,False,,Proxemics|Politeness|Privacy
1106ee5c-8829-460f-8454-c4a8348f5400_1134-19,1106ee5c-8829-460f-8454-c4a8348f5400,1134.19,True,False,False,uniandes,"Car - commuting, road trip|Eating at a restaurant|Going to the park|Hiking|Indoor Navigation (walking)|On a screen (phone/laptop)|Visiting exhibition",False,False,,Privacy|Safety|Cooperation
dd82f801-fc96-4ced-b066-ad559da3faab_124-35,dd82f801-fc96-4ced-b066-ad559da3faab,124.35,True,True,True,minnesota,BBQ'ing/picnics,False,False,,Privacy|Politeness|Cooperation
facdbd7a-da79-48bd-9bb0-c866f675699b_1484-63,facdbd7a-da79-48bd-9bb0-c866f675699b,1484.63,True,True,True,frl_track_1_public,Eating,False,False,,Privacy|Politeness
cbc5c4fe-ed66-4525-a3d8-d691064db66b_545-69,cbc5c4fe-ed66-4525-a3d8-d691064db66b,545.69,True,True,True,frl_track_1_public,"Clothes, other shopping",False,False,,Proxemics|Cooperation|Privacy
cbfeb6c8-ec1f-4884-bcbf-14d7764c4a36_0-01,cbfeb6c8-ec1f-4884-bcbf-14d7764c4a36,0.01,True,True,False,iiith,writing on book,False,False,,Privacy|Proxemics|Communication/Legibility
69190e7c-457f-489d-9071-c2a9185e4853_144-34,69190e7c-457f-489d-9071-c2a9185e4853,144.34,True,True,True,minnesota,Cooking,False,False,,Politeness|Communication/Legibility|Privacy
01111831-9107-43c4-bf0e-6b26e9b32a2b_1351-09,01111831-9107-43c4-bf0e-6b26e9b32a2b,1351.09,True,True,True,kaust,"Cleaning / laundry|Clothes, other shopping|Talking on the phone|Watching movies at the cinema",False,False,,Cooperation|Communication/Legibility|Coordination/Proactivity|Privacy
9e579570-0541-49d6-bf0e-35483e949296_653-37,9e579570-0541-49d6-bf0e-35483e949296,653.37,True,True,True,frl_track_1_public,Grocery shopping indoors,False,False,,Proxemics|Cooperation|Privacy
97eaf9ae-9b92-493d-a555-4fcdb7c039a1_1485-95,97eaf9ae-9b92-493d-a555-4fcdb7c039a1,1485.95,True,True,True,kaust,Bus|Grocery shopping indoors|Walking on street,False,False,,Proxemics|Politeness|Privacy
699b47de-9fc5-4b98-ba35-ecf79886a8db_1850-50,699b47de-9fc5-4b98-ba35-ecf79886a8db,1850.5,True,True,True,iiith,"jobs related to construction/renovation company
(Director of work, tiler, plumber, Electrician, Handyman, etc)",False,False,,Privacy|Politeness
cdaee0ff-a9ab-4935-91a2-45042d55b39c_353-27,cdaee0ff-a9ab-4935-91a2-45042d55b39c,353.27,True,False,False,cmu,Carpenter,False,False,,Cooperation|Coordination/Proactivity|Communication/Legibility|Privacy
8dd6490b-6291-4793-b05e-79250f87925f_402-15,8dd6490b-6291-4793-b05e-79250f87925f,402.15,True,True,True,minnesota,Household management - caring for kids,False,False,,Privacy|Proxemics|Politeness
3dd08c84-ee0a-4fa6-a859-98fd969ec720_518-21,3dd08c84-ee0a-4fa6-a859-98fd969ec720,518.21,True,True,True,minnesota,Cleaning / laundry|Eating,False,False,,Privacy
d0a861f7-3e5c-4836-9b43-29a0b3288165_550-69,d0a861f7-3e5c-4836-9b43-29a0b3288165,550.69,True,True,True,minnesota,Bus,False,False,,Proxemics|Cooperation|Privacy
4bea2a96-1f1f-4149-8447-766553bbba22_1364-79,4bea2a96-1f1f-4149-8447-766553bbba22,1364.79,True,False,False,cmu,"jobs related to construction/renovation company
(Director of work, tiler, plumber, Electrician, Handyman, etc)",False,False,,Politeness|Communication/Legibility|Privacy
201af2e0-72dd-466c-8280-8c3dc00a7981_1276-29,201af2e0-72dd-466c-8280-8c3dc00a7981,1276.29,True,True,True,minnesota,Cooking,False,False,,Privacy
fa35a547-13b5-4355-873c-322c1860349a_166-55,fa35a547-13b5-4355-873c-322c1860349a,166.55,True,False,False,minnesota,Cooking|Playing with pets|Talking with family members,False,False,,Proxemics|Coordination/Proactivity|Cooperation|Privacy
82e96128-1242-4e57-8a3e-9ea222df022c_3457-40,82e96128-1242-4e57-8a3e-9ea222df022c,3457.4,True,True,True,iiith,Sleeping,False,False,,Proxemics|Communication/Legibility|Cooperation|Privacy
de37a11d-1dcd-4f5b-9054-155093b3a073_8700-46,de37a11d-1dcd-4f5b-9054-155093b3a073,8700.46,True,False,False,uniandes,Climbing|Eating at a restaurant|Indoor Navigation (walking)|On a screen (phone/laptop)|Walking on street,False,False,,Privacy
dced4894-d13a-4222-941b-5e4ecf1e3299_663-36,dced4894-d13a-4222-941b-5e4ecf1e3299,663.36,True,True,True,iiith,Pulp Traces Factory (Egges),False,False,,Safety|Privacy
3f8dbb4f-ad5e-4d54-bf95-3ddbe968a85d_27-63,3f8dbb4f-ad5e-4d54-bf95-3ddbe968a85d,27.63,True,False,False,kaust,biology experiments|Indoor Navigation (walking)|Talking to colleagues,False,False,,Safety|Privacy
ecdc4071-1903-4024-a357-d0082720168e_295-94,ecdc4071-1903-4024-a357-d0082720168e,295.94,True,False,False,minnesota,Camp setup/pack-up/chores,False,False,,Proxemics|Privacy
c5270067-6c25-45f2-b63a-1a55b85020ad_568-80,c5270067-6c25-45f2-b63a-1a55b85020ad,568.8,True,False,False,uniandes,biology experiments|Eating|Indoor Navigation (walking)|Labwork|Listening to music|On a screen (phone/laptop)|Talking to colleagues,False,False,,Cooperation|Communication/Legibility|Privacy
dd82f801-fc96-4ced-b066-ad559da3faab_1757-91,dd82f801-fc96-4ced-b066-ad559da3faab,1757.91,True,True,True,minnesota,BBQ'ing/picnics,False,False,,Privacy
3efc152d-ea0e-4372-b552-7d5e1cf07259_14658-02,3efc152d-ea0e-4372-b552-7d5e1cf07259,14658.02,True,False,False,uniandes,Eating at a restaurant|Hiking|Indoor Navigation (walking)|On a screen (phone/laptop)|Talking with friends/housemates,False,False,,Privacy|Communication/Legibility
d6e0bff0-9501-4750-b97f-95f134f6618b_781-93,d6e0bff0-9501-4750-b97f-95f134f6618b,781.93,True,False,False,cmu,"jobs related to construction/renovation company
(Director of work, tiler, plumber, Electrician, Handyman, etc)",False,False,,Cooperation|Politeness|Privacy
5185ad85-6751-481e-8b28-2d93d2e20770_964-94,5185ad85-6751-481e-8b28-2d93d2e20770,964.94,True,False,False,minnesota,"Car - commuting, road trip|On a screen (phone/laptop)",False,False,,Privacy|Politeness|Communication/Legibility
4b5de875-cc82-494e-b768-8ac0ae3bb279_997-77,4b5de875-cc82-494e-b768-8ac0ae3bb279,997.77,True,True,True,bristol,Practicing a musical instrument,False,False,,Privacy|Proxemics
a055e4e8-cc07-47c1-a438-06f45c4f724c_2341-22,a055e4e8-cc07-47c1-a438-06f45c4f724c,2341.22,True,True,True,iiith,Cooking,False,False,,Cooperation|Politeness|Privacy
8a431195-083a-4e07-a99d-28c2591beaef_13-09,8a431195-083a-4e07-a99d-28c2591beaef,13.09,True,True,True,bristol,Cooking,False,False,,Privacy
969866a7-2393-4bca-851a-885ddd7f627d_2129-17,969866a7-2393-4bca-851a-885ddd7f627d,2129.17,True,False,False,kaust,Indoor Navigation (walking)|Playing with pets|Talking on the phone|Talking to colleagues|Walking on street|Walking the dog / pet,False,False,,Safety|Proxemics|Coordination/Proactivity|Privacy
fab481c0-842c-4536-9126-9dc375464685_728-84,fab481c0-842c-4536-9126-9dc375464685,728.84,True,True,True,frl_track_1_public,Eating,False,False,,Politeness|Communication/Legibility|Privacy
36baa5a9-16bf-4ad6-b011-4d7daae6b8f9_1264-03,36baa5a9-16bf-4ad6-b011-4d7daae6b8f9,1264.03,True,True,True,minnesota,Cleaning / laundry|Eating|Household management - caring for kids,False,False,,Privacy|Politeness
b0a30641-ad93-4d6a-92a9-f277c78f1aa5_112-83,b0a30641-ad93-4d6a-92a9-f277c78f1aa5,112.83,True,True,True,minnesota,Outdoor social (includes campfire),False,False,,Privacy
71024373-484f-4270-82a4-2251997f3a9f_44-61,71024373-484f-4270-82a4-2251997f3a9f,44.61,True,True,True,iiith,"jobs related to construction/renovation company
(Director of work, tiler, plumber, Electrician, Handyman, etc)",False,False,,Proxemics|Coordination/Proactivity|Cooperation|Communication/Legibility|Privacy
5b0225e8-b81b-42fe-aa08-b0732b46c8bd_1130-00,5b0225e8-b81b-42fe-aa08-b0732b46c8bd,1130.0,True,False,False,minnesota,Camp setup/pack-up/chores,False,False,,Politeness|Proxemics|Privacy
5181422f-0b2c-4a39-af52-b2ca683e5451_1147-87,5181422f-0b2c-4a39-af52-b2ca683e5451,1147.87,True,True,True,frl_track_1_public,Eating,False,False,,Privacy
695cefe9-04c0-42fb-80fc-d308b314b788_330-48,695cefe9-04c0-42fb-80fc-d308b314b788,330.48,True,True,True,frl_track_1_public,Making coffee,False,False,,Privacy
dfd0bc0c-28fc-4302-9a75-77df6c53ab31_658-80,dfd0bc0c-28fc-4302-9a75-77df6c53ab31,658.8,True,True,True,minnesota,Walking on street,False,False,,Politeness|Communication/Legibility|Privacy
2dbdd409-0be0-447c-8ae8-3f107fe9af80_1058-94,2dbdd409-0be0-447c-8ae8-3f107fe9af80,1058.94,True,True,True,nus,"Going to a salon (nail, hair, spa)",False,False,,Politeness|Communication/Legibility|Privacy
be462bcf-13ad-446a-8dfb-248cb2e3417a_825-06,be462bcf-13ad-446a-8dfb-248cb2e3417a,825.06,True,False,False,minnesota,Cooking|Talking with friends/housemates,False,False,,Politeness|Communication/Legibility|Privacy
f330e671-6ad4-49d4-8d59-e2493119ac43_8211-68,f330e671-6ad4-49d4-8d59-e2493119ac43,8211.68,True,False,False,uniandes,Climbing|Eating at a restaurant|Indoor Navigation (walking)|On a screen (phone/laptop)|Walking on street,False,False,,Politeness|Communication/Legibility|Cooperation|Privacy
eea4b231-055e-4c4e-8f95-8dd043601da6_1144-34,eea4b231-055e-4c4e-8f95-8dd043601da6,1144.34,True,True,True,frl_track_1_public,Cleaning / laundry,False,False,,Communication/Legibility|Politeness|Privacy
c25111f0-0c78-4bf8-a16d-57a6c25c2169_10881-80,c25111f0-0c78-4bf8-a16d-57a6c25c2169,10881.8,True,False,False,uniandes,On a screen (phone/laptop)|Tourism|Walking on street,False,False,,Proxemics|Privacy
e9343bd2-cd48-4abe-902a-3d3f6a0b51d8_1795-21,e9343bd2-cd48-4abe-902a-3d3f6a0b51d8,1795.21,True,True,True,kaust,Cleaning / laundry|Crafting/knitting/sewing/drawing/painting|Household management - caring for kids|Indoor Navigation (walking)|Talking with family members|Working at desk,False,False,,Communication/Legibility|Privacy
c34effc7-6198-4c85-80c7-c8be85b77dd3_1620-55,c34effc7-6198-4c85-80c7-c8be85b77dd3,1620.55,True,False,False,uniandes,Hair and Makeup stylist|Indoor Navigation (walking)|On a screen (phone/laptop),False,False,,Communication/Legibility|Politeness|Privacy
5dde766e-e93a-4d48-b3c7-96774f24d39d_560-47,5dde766e-e93a-4d48-b3c7-96774f24d39d,560.47,True,False,False,minnesota,Cooking,False,False,,Communication/Legibility|Cooperation|Privacy
19f2ea20-5041-4be2-bdc9-714473f16236_1915-00,19f2ea20-5041-4be2-bdc9-714473f16236,1915.0,True,False,False,uniandes,Hiking|On a screen (phone/laptop)|Talking with friends/housemates,False,False,,Cooperation
