id,item,frame,face,x,y,w,h,min_side,det_score,pose_supported,clipped,lap_inner,lap_ring,detail_ratio,inner_std,detail_per_contrast
01111831-9107-43c4-bf0e-6b26e9b32a2b_1351-09,1,1,0,188.9,305.0,169.1,176.8,169.1,0.458,False,True,435.9605,488.1399,-0.049,36.8824,-0.4935
01ccf6b0-5e95-4b18-acd4-a8cc1fd31ddf_849-71,3,2,0,290.1,455.3,15.5,17.9,15.5,0.547,False,False,1668.921,3882.7068,-0.3666,21.4378,0.5594
01ccf6b0-5e95-4b18-acd4-a8cc1fd31ddf_849-71,3,4,0,251.3,444.0,24.6,32.1,24.6,0.553,False,True,2630.0754,1604.8089,0.2144,31.7871,0.4152
01ccf6b0-5e95-4b18-acd4-a8cc1fd31ddf_849-71,3,4,1,173.3,442.7,29.5,36.3,29.5,0.493,False,True,1113.8681,2275.9029,-0.3101,31.7406,0.0436
01ccf6b0-5e95-4b18-acd4-a8cc1fd31ddf_849-71,3,5,0,276.8,462.9,12.7,13.7,12.7,0.523,False,True,1252.3849,2570.6293,-0.3121,21.7832,0.4209
01ccf6b0-5e95-4b18-acd4-a8cc1fd31ddf_849-71,3,5,1,210.0,453.9,21.2,21.2,21.2,0.416,False,False,2121.5271,1459.5592,0.1623,25.5162,0.5126
01d301c9-9dbf-4da2-9181-d66a6688f5e6_817-64,4,1,0,501.0,10.0,16.7,21.1,16.7,0.776,True,False,715.2122,5844.2691,-0.9118,25.1128,0.0546
01d301c9-9dbf-4da2-9181-d66a6688f5e6_817-64,4,1,1,485.7,3.4,14.9,18.6,14.9,0.426,False,True,1594.6226,3443.412,-0.3342,25.3789,0.3933
01d301c9-9dbf-4da2-9181-d66a6688f5e6_817-64,4,2,0,536.4,4.1,18.8,21.2,18.8,0.759,True,False,1044.3107,4934.0382,-0.674,20.8806,0.3788
01d301c9-9dbf-4da2-9181-d66a6688f5e6_817-64,4,2,1,522.5,-0.0,17.2,18.3,17.2,0.488,False,True,5665.235,3355.0164,0.2275,45.1875,0.443
01d301c9-9dbf-4da2-9181-d66a6688f5e6_817-64,4,5,0,545.1,116.1,24.3,30.8,24.3,0.436,False,False,417.2111,3310.7562,-0.8987,16.8163,0.1684
01ef2c24-ab95-46c0-a76a-7ec2f66aa5df_978-48,6,5,0,252.3,148.7,31.2,37.3,31.2,0.529,False,False,1125.9773,940.143,0.0783,27.043,0.1872
031314bd-fa48-42ef-8341-bc5ca17f6a4a_1127-31,10,2,0,543.5,397.7,83.3,90.4,83.3,0.538,False,True,468.9031,297.1324,0.1976,22.8643,-0.0471
031314bd-fa48-42ef-8341-bc5ca17f6a4a_1127-31,10,2,1,377.6,211.1,37.4,42.6,37.4,0.495,False,False,561.6407,762.1305,-0.1324,17.9441,0.241
031314bd-fa48-42ef-8341-bc5ca17f6a4a_1127-31,10,2,2,623.9,42.8,17.6,25.7,17.6,0.402,False,True,69.5121,169.3187,-0.383,12.4067,-0.3419
031314bd-fa48-42ef-8341-bc5ca17f6a4a_1127-31,10,4,0,396.2,82.4,206.5,266.9,206.5,0.575,False,False,634.0501,535.1146,0.0736,30.6639,-0.1709
031314bd-fa48-42ef-8341-bc5ca17f6a4a_1127-31,10,5,0,437.0,204.4,213.4,283.7,213.4,0.498,False,True,1057.9796,838.0976,0.1011,37.3324,-0.1196
033520cd-e7e4-4649-b551-83bb451a4802_382-12,11,1,0,198.1,53.6,41.1,60.0,41.1,0.522,False,False,3.5759,1558.4746,-2.5325,9.6213,-1.3107
033520cd-e7e4-4649-b551-83bb451a4802_382-12,11,4,0,157.2,202.3,44.1,59.5,44.1,0.445,False,False,3.1112,1362.6626,-2.5207,11.3027,-1.4958
03ca4970-374e-4901-9895-81f262c0da5c_817-27,12,1,0,299.2,31.8,70.8,100.4,70.8,0.895,True,False,18.4183,25.3556,-0.1327,40.8212,-1.9338
03ca4970-374e-4901-9895-81f262c0da5c_817-27,12,3,0,407.1,5.4,81.2,70.7,70.7,0.604,False,False,577.9478,213.5769,0.4311,33.5268,-0.2885
03fb98b9-e732-4265-a2a3-9809183acaa7_1123-20,15,1,0,12.0,87.7,81.2,92.2,81.2,0.925,True,False,47.1414,241.9235,-0.703,34.4089,-1.3912
03fb98b9-e732-4265-a2a3-9809183acaa7_1123-20,15,2,0,75.8,103.7,76.5,91.5,76.5,0.928,True,False,74.4481,310.3546,-0.6156,36.1903,-1.2399
03fb98b9-e732-4265-a2a3-9809183acaa7_1123-20,15,3,0,49.8,77.8,83.0,89.4,83.0,0.902,True,False,25.4893,102.5908,-0.5923,36.2836,-1.6967
03fb98b9-e732-4265-a2a3-9809183acaa7_1123-20,15,4,0,147.2,92.4,62.8,82.8,62.8,0.934,True,False,57.8021,295.0551,-0.702,39.4905,-1.4239
03fb98b9-e732-4265-a2a3-9809183acaa7_1123-20,15,5,0,177.1,86.2,64.7,88.0,64.7,0.929,True,False,125.1853,506.0045,-0.604,48.138,-1.2642
044a7a23-9305-4971-82ac-aa1a3dc154be_214-77,16,1,0,364.5,149.9,38.4,49.2,38.4,0.852,True,False,156.506,348.342,-0.346,25.2943,-0.6094
044a7a23-9305-4971-82ac-aa1a3dc154be_214-77,16,1,1,129.2,254.2,40.0,70.0,40.0,0.701,True,False,20.0091,108.0417,-0.7152,11.8115,-0.8253
044a7a23-9305-4971-82ac-aa1a3dc154be_214-77,16,2,0,347.6,146.2,35.5,50.2,35.5,0.829,True,False,127.5964,285.6362,-0.3481,24.6719,-0.6759
044a7a23-9305-4971-82ac-aa1a3dc154be_214-77,16,2,1,573.0,174.5,61.2,110.1,61.2,0.65,True,False,85.3544,775.3775,-0.9538,12.3793,-0.2519
044a7a23-9305-4971-82ac-aa1a3dc154be_214-77,16,2,2,124.6,276.5,46.4,85.9,46.4,0.576,False,False,19.1146,359.3359,-1.2532,12.4182,-0.8874
044a7a23-9305-4971-82ac-aa1a3dc154be_214-77,16,3,0,385.9,146.3,36.4,46.1,36.4,0.86,True,False,207.0906,324.6771,-0.1945,25.5504,-0.4972
044a7a23-9305-4971-82ac-aa1a3dc154be_214-77,16,3,1,168.2,248.9,51.5,100.4,51.5,0.546,False,False,190.2474,1235.5005,-0.8106,30.1037,-0.6761
044a7a23-9305-4971-82ac-aa1a3dc154be_214-77,16,4,0,383.3,144.6,38.8,51.7,38.8,0.872,True,False,202.6567,459.6868,-0.3545,24.1813,-0.4588
044a7a23-9305-4971-82ac-aa1a3dc154be_214-77,16,4,1,152.0,230.6,51.1,92.1,51.1,0.677,True,False,451.3403,565.7562,-0.0979,40.6948,-0.5639
044a7a23-9305-4971-82ac-aa1a3dc154be_214-77,16,5,0,376.7,134.3,37.3,50.7,37.3,0.712,True,False,76.8949,224.73,-0.4621,23.4106,-0.8481
044a7a23-9305-4971-82ac-aa1a3dc154be_214-77,16,5,1,152.3,226.9,63.7,112.4,63.7,0.574,False,False,171.7347,550.6705,-0.5043,63.8681,-1.3733
044a7a23-9305-4971-82ac-aa1a3dc154be_214-77,16,5,2,131.4,240.9,48.6,88.4,48.6,0.501,False,False,9.7281,52.1872,-0.6953,12.0359,-1.1334
044a7a23-9305-4971-82ac-aa1a3dc154be_214-77,16,5,3,413.9,141.5,33.7,49.4,33.7,0.436,False,False,35.9462,226.7004,-0.7898,30.6289,-1.4052
053ae0a6-937d-4bdc-8001-d3dfe7899811_1085-52,21,1,0,534.3,392.5,25.9,32.0,25.9,0.486,False,False,2899.853,994.5767,0.4645,44.4253,0.167
053ae0a6-937d-4bdc-8001-d3dfe7899811_1085-52,21,5,0,496.8,342.2,43.4,47.2,43.4,0.754,False,False,1616.9375,1655.0178,-0.0101,31.3603,0.2158
0619c3d0-aebe-4414-b977-f2027271b267_279-15,24,1,0,537.9,69.5,92.5,140.6,92.5,0.76,True,False,301.0699,65.0871,0.66,33.9253,-0.5813
0655e194-9ddc-41c4-9708-7e6c7a256fa0_300-01,26,1,0,127.0,-3.6,184.8,319.6,184.8,0.657,False,True,886.713,721.3571,0.0895,48.0111,-0.4146
0655e194-9ddc-41c4-9708-7e6c7a256fa0_300-01,26,2,0,103.1,-21.1,202.8,354.8,202.8,0.666,False,True,693.3758,590.8458,0.0694,49.5758,-0.5491
0655e194-9ddc-41c4-9708-7e6c7a256fa0_300-01,26,3,0,124.9,-8.7,200.8,323.4,200.8,0.481,False,True,1000.1294,469.3194,0.3281,53.3592,-0.4541
0655e194-9ddc-41c4-9708-7e6c7a256fa0_300-01,26,4,0,121.9,-13.1,183.0,328.5,183.0,0.534,False,True,429.9071,597.6708,-0.1428,50.6225,-0.7745
0655e194-9ddc-41c4-9708-7e6c7a256fa0_300-01,26,5,0,139.8,-11.4,192.3,347.5,192.3,0.485,False,True,402.191,400.9901,0.0013,55.1506,-0.8777
0696265e-aba2-401b-9316-c380c30c901e_540-96,27,4,0,430.3,-5.5,78.1,77.4,77.4,0.871,True,True,16.1398,121.1823,-0.853,27.5904,-1.6481
0696265e-aba2-401b-9316-c380c30c901e_878-07,28,1,0,84.3,193.7,71.5,78.1,71.5,0.914,True,False,112.0163,12.2554,0.9307,33.981,-1.0097
0696265e-aba2-401b-9316-c380c30c901e_878-07,28,5,0,153.8,194.4,21.0,24.6,21.0,0.735,True,False,713.7979,465.4946,0.1853,21.2624,0.198
069c1058-881d-49da-b45d-b9f7e08fe932_475-96,31,2,0,470.2,0.6,137.8,154.4,137.8,0.865,True,True,26.0629,1806.1782,-1.8246,19.4537,-1.1468
069c1058-881d-49da-b45d-b9f7e08fe932_475-96,31,5,0,511.7,133.2,51.7,60.9,51.7,0.499,False,False,4790.5895,1661.3145,0.4598,52.7823,0.2353
06cf946b-4713-4ca2-addf-55ce95a26d98_1071-13,32,3,0,449.9,-5.5,195.9,215.1,195.9,0.519,False,True,26.3446,132.9244,-0.69,37.0133,-1.7002
06cf946b-4713-4ca2-addf-55ce95a26d98_1071-13,32,3,1,59.4,233.1,166.1,155.6,155.6,0.481,False,False,14.2553,83.5153,-0.7435,28.4305,-1.7247
06cf946b-4713-4ca2-addf-55ce95a26d98_1071-13,32,3,2,223.6,1.4,165.8,143.3,143.3,0.405,False,True,30.7784,42.2692,-0.134,28.3807,-1.4045
06cf946b-4713-4ca2-addf-55ce95a26d98_1071-13,32,4,0,172.2,66.4,78.5,107.4,78.5,0.897,True,False,453.9372,738.5894,-0.211,39.4575,-0.5346
06cf946b-4713-4ca2-addf-55ce95a26d98_1071-13,32,5,0,219.4,109.1,69.5,90.6,69.5,0.895,True,False,745.8101,942.4514,-0.1015,41.6061,-0.3654
06ee22fd-ecfc-4e34-9ed2-a330548abf71_519-15,33,1,0,128.8,435.6,26.5,29.3,26.5,0.551,False,False,7775.9668,2024.0741,0.5844,36.7479,0.76
06ee22fd-ecfc-4e34-9ed2-a330548abf71_519-15,33,2,0,214.1,331.2,8.5,10.2,8.5,0.646,False,False,12547.6475,8249.6712,0.1821,36.6441,0.9703
06ee22fd-ecfc-4e34-9ed2-a330548abf71_519-15,33,2,1,619.3,305.7,12.0,14.9,12.0,0.438,False,False,1919.4544,1664.6085,0.0618,24.8312,0.4927
06ee22fd-ecfc-4e34-9ed2-a330548abf71_519-15,33,3,0,45.3,368.5,11.3,14.0,11.3,0.792,False,False,5720.5244,5434.5951,0.0223,31.7208,0.7544
06ee22fd-ecfc-4e34-9ed2-a330548abf71_519-15,33,3,1,79.1,369.7,8.8,10.9,8.8,0.479,False,False,10422.11,7607.5531,0.1367,24.0654,1.2545
06ee22fd-ecfc-4e34-9ed2-a330548abf71_519-15,33,3,2,373.0,153.5,186.8,208.9,186.8,0.402,False,False,2716.8262,4903.0905,-0.2563,43.7762,0.1515
06ee22fd-ecfc-4e34-9ed2-a330548abf71_519-15,33,4,0,174.7,287.7,8.5,10.6,8.5,0.67,False,False,9334.31,4745.8297,0.2937,39.3386,0.7802
06ee22fd-ecfc-4e34-9ed2-a330548abf71_519-15,33,4,1,560.0,245.4,17.2,21.8,17.2,0.411,False,False,1275.1092,2462.7242,-0.2857,28.164,0.206
06ee22fd-ecfc-4e34-9ed2-a330548abf71_519-15,33,5,0,214.4,255.1,8.2,9.5,8.2,0.512,False,False,15456.7275,9482.169,0.2122,38.0908,1.0272
06ee22fd-ecfc-4e34-9ed2-a330548abf71_519-15,33,5,1,617.4,221.4,14.3,18.7,14.3,0.481,False,False,1796.7929,2751.5036,-0.185,29.8065,0.3056
072623e8-1889-4580-8175-ddc05a3dceb3_11-40,35,2,0,318.0,42.2,42.5,61.3,42.5,0.884,True,False,84.5181,277.0193,-0.512,18.6643,-0.6112
072623e8-1889-4580-8175-ddc05a3dceb3_11-40,35,2,1,1.9,8.3,30.1,63.6,30.1,0.539,False,True,1515.2421,461.4764,0.5157,47.5162,-0.1731
072623e8-1889-4580-8175-ddc05a3dceb3_11-40,35,3,0,93.3,2.1,31.9,39.5,31.9,0.818,True,True,596.0904,1468.5902,-0.3912,42.4525,-0.48
072623e8-1889-4580-8175-ddc05a3dceb3_11-40,35,4,0,406.5,76.0,63.0,98.5,63.0,0.857,True,False,30.7451,329.1892,-1.0171,21.2849,-1.1554
072623e8-1889-4580-8175-ddc05a3dceb3_11-40,35,5,0,431.3,0.7,139.8,98.0,98.0,0.906,True,True,160.1487,460.8367,-0.4573,27.4957,-0.6719
072623e8-1889-4580-8175-ddc05a3dceb3_11-40,35,5,1,1.7,43.6,34.1,53.6,34.1,0.538,False,True,2881.4719,2294.4988,0.0989,42.873,0.1952
072623e8-1889-4580-8175-ddc05a3dceb3_89-78,36,3,0,264.0,3.5,27.7,34.0,27.7,0.867,True,True,742.192,1017.3899,-0.1368,29.7324,-0.0758
072623e8-1889-4580-8175-ddc05a3dceb3_89-78,36,4,0,257.9,1.0,31.4,34.8,31.4,0.906,True,True,946.7735,1331.7681,-0.1481,32.319,-0.0426
072623e8-1889-4580-8175-ddc05a3dceb3_89-78,36,4,1,386.0,51.7,25.6,30.9,25.6,0.618,False,False,1129.1896,1591.0416,-0.1488,51.1157,-0.3641
072623e8-1889-4580-8175-ddc05a3dceb3_89-78,36,5,0,269.1,0.2,28.0,24.1,24.1,0.805,True,True,922.686,742.6904,0.0941,31.7999,-0.0398
072623e8-1889-4580-8175-ddc05a3dceb3_89-78,36,5,1,398.7,36.4,30.0,33.8,30.0,0.74,True,False,2091.7298,834.3552,0.3988,39.7829,0.121
07536df6-9813-42d9-93df-35835407d8ee_170-76,37,2,0,338.7,152.8,10.8,13.6,10.8,0.779,False,False,4083.46,3408.744,0.0784,20.5865,0.9829
07536df6-9813-42d9-93df-35835407d8ee_170-76,37,2,1,15.9,189.9,85.0,132.0,85.0,0.533,False,False,151.8921,374.5803,-0.3903,27.8316,-0.7053
07536df6-9813-42d9-93df-35835407d8ee_170-76,37,2,2,318.9,155.1,10.0,13.2,10.0,0.4,False,False,267.4612,750.4513,-0.447,11.154,0.3305
07536df6-9813-42d9-93df-35835407d8ee_170-76,37,3,0,160.6,155.8,11.2,14.2,11.2,0.726,False,False,2839.7431,1974.926,0.1577,17.841,0.9492
07ad0112-22da-4f0e-be4f-2debe7fec15c_608-22,39,4,0,590.9,8.4,12.2,13.6,12.2,0.408,False,False,63.7165,1789.606,-1.442,5.9015,0.2568
083b7556-9dff-40e2-9fad-bef3f82dbf37_1003-31,40,1,0,439.6,66.0,13.0,16.6,13.0,0.548,False,False,627.7886,857.7015,-0.1353,29.1052,-0.1299
083b7556-9dff-40e2-9fad-bef3f82dbf37_1003-31,40,1,1,407.4,62.3,9.3,11.2,9.3,0.539,False,False,409.0489,2674.7061,-0.8146,25.8446,-0.2126
083b7556-9dff-40e2-9fad-bef3f82dbf37_1003-31,40,1,2,365.5,59.8,9.4,11.3,9.4,0.516,False,False,398.6622,1372.9916,-0.5363,26.5393,-0.2467
083b7556-9dff-40e2-9fad-bef3f82dbf37_1003-31,40,2,0,511.3,58.3,18.0,24.0,18.0,0.769,True,False,2636.8297,2141.9883,0.0902,37.3892,0.2754
083b7556-9dff-40e2-9fad-bef3f82dbf37_1003-31,40,2,1,292.7,52.0,11.1,13.2,11.1,0.706,False,False,3233.526,2935.5572,0.042,25.8872,0.683
083b7556-9dff-40e2-9fad-bef3f82dbf37_1003-31,40,2,2,450.8,51.6,11.7,14.6,11.7,0.702,True,False,867.4566,5034.3705,-0.7633,19.1972,0.3711
083b7556-9dff-40e2-9fad-bef3f82dbf37_1003-31,40,2,3,364.9,70.1,20.2,28.0,20.2,0.535,False,False,2745.4551,1326.127,0.3159,46.9229,0.0958
083b7556-9dff-40e2-9fad-bef3f82dbf37_1003-31,40,3,0,266.6,66.9,16.2,18.7,16.2,0.81,True,False,1028.9458,912.2624,0.0522,26.2296,0.1746
083b7556-9dff-40e2-9fad-bef3f82dbf37_1003-31,40,3,1,624.9,99.3,14.6,22.6,14.6,0.673,True,True,3619.0484,1925.6354,0.2739,40.7955,0.3372
083b7556-9dff-40e2-9fad-bef3f82dbf37_1003-31,40,3,2,544.1,109.4,23.6,34.4,23.6,0.603,False,False,2989.126,2232.6738,0.1267,50.545,0.0682
083b7556-9dff-40e2-9fad-bef3f82dbf37_1003-31,40,3,3,367.3,190.5,17.1,21.4,17.1,0.491,False,False,1152.1325,5228.2961,-0.6566,27.8903,0.1704
083b7556-9dff-40e2-9fad-bef3f82dbf37_1003-31,40,3,4,552.4,127.1,28.0,41.5,28.0,0.407,False,False,923.7853,1232.27,-0.125,39.5131,-0.2277
083b7556-9dff-40e2-9fad-bef3f82dbf37_1003-31,40,4,0,580.3,75.2,23.8,32.1,23.8,0.895,True,False,3854.6992,3589.9295,0.0309,56.9193,0.0755
083b7556-9dff-40e2-9fad-bef3f82dbf37_1003-31,40,4,1,62.2,114.4,26.5,32.7,26.5,0.867,True,False,130.778,542.5528,-0.6154,17.3242,-0.3589
083b7556-9dff-40e2-9fad-bef3f82dbf37_1003-31,40,4,2,183.7,100.7,16.7,20.8,16.7,0.715,False,False,3598.5287,2693.2348,0.1258,48.1961,0.19
083b7556-9dff-40e2-9fad-bef3f82dbf37_1003-31,40,4,3,292.5,79.0,8.6,10.2,8.6,0.686,True,False,6979.31,2736.4066,0.4065,33.3342,0.7977
083b7556-9dff-40e2-9fad-bef3f82dbf37_1003-31,40,4,4,403.7,64.7,9.1,11.3,9.1,0.467,False,False,2381.7222,8385.7637,-0.5465,32.5734,0.3509
083b7556-9dff-40e2-9fad-bef3f82dbf37_1003-31,40,5,0,305.5,11.8,14.7,18.0,14.7,0.811,True,False,3010.1627,3346.0104,-0.0459,37.2653,0.3358
083b7556-9dff-40e2-9fad-bef3f82dbf37_51-98,42,2,0,0.9,90.8,23.7,38.0,23.7,0.795,True,True,791.7521,2093.405,-0.4219,43.6217,-0.3805
083b7556-9dff-40e2-9fad-bef3f82dbf37_51-98,42,3,0,103.4,122.5,23.1,27.3,23.1,0.812,True,False,912.124,1253.3298,-0.1379,34.7044,-0.1206
083b7556-9dff-40e2-9fad-bef3f82dbf37_51-98,42,5,0,541.9,95.8,23.1,29.8,23.1,0.702,True,False,1438.0995,3927.3228,-0.4361,28.6591,0.243
083b7556-9dff-40e2-9fad-bef3f82dbf37_51-98,42,5,1,550.6,86.1,22.2,29.3,22.2,0.588,False,False,1307.707,3384.3063,-0.4128,38.3868,-0.0518
083b7556-9dff-40e2-9fad-bef3f82dbf37_635-98,43,2,0,319.7,148.1,7.9,9.7,7.9,0.584,False,False,14805.5475,5419.68,0.4364,51.6411,0.7443
083b7556-9dff-40e2-9fad-bef3f82dbf37_635-98,43,2,1,338.0,150.4,8.4,9.9,8.4,0.456,False,False,2240.01,7040.2966,-0.4972,19.0327,0.7902
083b7556-9dff-40e2-9fad-bef3f82dbf37_635-98,43,3,0,278.1,128.8,9.8,12.4,9.8,0.797,True,False,14216.0082,10110.5014,0.148,51.9135,0.7221
083b7556-9dff-40e2-9fad-bef3f82dbf37_635-98,43,3,1,307.5,136.6,9.2,11.5,9.2,0.499,False,False,2346.0233,8208.0738,-0.5438,33.8501,0.311
083b7556-9dff-40e2-9fad-bef3f82dbf37_635-98,43,5,0,423.7,96.2,23.7,30.0,23.7,0.872,True,False,8767.5863,5450.5824,0.2064,66.8135,0.2931
083b7556-9dff-40e2-9fad-bef3f82dbf37_635-98,43,5,1,338.7,81.2,15.8,19.8,15.8,0.864,True,False,6659.5027,10700.3909,-0.2059,53.527,0.3662
083b7556-9dff-40e2-9fad-bef3f82dbf37_635-98,43,5,2,170.7,139.7,28.7,35.5,28.7,0.457,False,False,9335.4579,4984.9394,0.2724,57.2832,0.454
087e11d0-5984-4365-989d-7365294ddaec_3198-91,45,3,0,22.8,238.8,28.6,32.7,28.6,0.439,False,False,280.0662,261.5986,0.0295,24.2637,-0.3218
087e11d0-5984-4365-989d-7365294ddaec_7175-71,47,4,0,58.8,13.7,81.0,103.3,81.0,0.599,False,False,53.9958,1087.4199,-1.2965,11.4236,-0.3786
087e11d0-5984-4365-989d-7365294ddaec_7175-71,47,5,0,343.5,72.3,19.0,26.3,19.0,0.473,False,False,9535.0581,4801.6934,0.2979,42.7016,0.7182
087e11d0-5984-4365-989d-7365294ddaec_7351-39,48,2,0,2.0,16.6,22.9,31.1,22.9,0.469,False,True,128.8694,322.3018,-0.3961,12.8996,-0.1102
087e11d0-5984-4365-989d-7365294ddaec_7351-39,48,5,0,281.8,135.8,77.5,76.2,76.2,0.656,False,False,47.7703,79.6283,-0.2183,29.4208,-1.2497
087e11d0-5984-4365-989d-7365294ddaec_7351-39,48,5,1,539.4,-4.6,104.1,99.7,99.7,0.59,False,True,3.8082,4.2223,-0.0359,21.426,-1.9808
088add57-cf62-4ddd-9908-7eb738b0ec22_2767-48,49,5,0,188.5,18.8,44.3,51.2,44.3,0.406,False,False,3.9993,8.0418,-0.2573,8.5346,-1.1694
08e65366-36a3-4146-bec6-043286cedf16_741-63,50,1,0,11.0,182.7,25.0,34.4,25.0,0.891,True,False,739.2975,1927.8729,-0.4159,33.2697,-0.1751
08e65366-36a3-4146-bec6-043286cedf16_741-63,50,1,1,144.6,225.3,13.3,16.5,13.3,0.401,False,False,744.1512,2491.7026,-0.5244,16.9101,0.4144
08e65366-36a3-4146-bec6-043286cedf16_741-63,50,3,0,419.5,269.1,13.7,16.9,13.7,0.807,True,False,1620.2336,1601.6672,0.005,32.0831,0.1969
08e65366-36a3-4146-bec6-043286cedf16_741-63,50,4,0,394.8,259.9,12.8,15.8,12.8,0.816,True,False,2490.6762,2591.5062,-0.0172,32.9825,0.3595
08e65366-36a3-4146-bec6-043286cedf16_741-63,50,5,0,376.4,261.0,13.0,16.0,13.0,0.706,True,False,2083.4759,2640.7322,-0.1029,31.4075,0.3245
09690df3-0715-4875-8745-7e8830c761d0_341-62,52,2,0,95.8,51.5,16.7,20.2,16.7,0.597,False,False,77.4167,1965.931,-1.3994,27.7981,-0.9942
09690df3-0715-4875-8745-7e8830c761d0_341-62,52,2,1,544.8,5.5,31.9,52.9,31.9,0.586,False,False,10.0488,2007.7744,-2.2596,30.8235,-1.9349
09690df3-0715-4875-8745-7e8830c761d0_341-62,52,3,0,146.7,85.6,31.8,40.3,31.8,0.567,False,False,8785.2962,1974.5186,0.6481,55.0968,0.4614
09fe2f2d-7d90-4d7d-9dcd-baec4704f4cc_4409-86,54,3,0,88.1,-0.8,310.6,230.2,230.2,0.63,False,True,1058.5533,1160.5585,-0.0399,44.0152,-0.2623
09fe2f2d-7d90-4d7d-9dcd-baec4704f4cc_4409-86,54,4,0,244.5,1.1,141.2,90.5,90.5,0.41,False,True,1066.9005,920.7463,0.0639,35.58,-0.0742
0a02a1ed-a327-4753-b270-e95298984b96_534-33,55,2,0,42.3,0.5,132.4,115.2,115.2,0.662,False,True,141.6239,341.9938,-0.3811,28.182,-0.7463
0a02a1ed-a327-4753-b270-e95298984b96_534-33,55,4,0,73.4,125.5,41.9,62.1,41.9,0.666,False,False,245.436,289.7833,-0.0719,20.5704,-0.2358
0a02a1ed-a327-4753-b270-e95298984b96_534-33,55,5,0,432.9,-0.3,145.2,120.2,120.2,0.481,False,True,12.5817,7.4035,0.2085,31.2105,-1.8561
0b530687-26d8-4c9d-9771-c758ecd2ecbf_14330-76,58,2,0,56.3,53.2,22.1,30.6,22.1,0.48,False,False,1103.7184,5463.8102,-0.6943,18.2231,0.5207
0b530687-26d8-4c9d-9771-c758ecd2ecbf_14330-76,58,4,0,234.3,47.1,28.8,39.5,28.8,0.761,True,False,153.6154,2013.2924,-1.1149,27.2269,-0.6813
0b530687-26d8-4c9d-9771-c758ecd2ecbf_14330-76,58,5,0,177.7,37.9,17.9,23.5,17.9,0.665,True,False,39.8214,2770.4843,-1.8318,33.8083,-1.4475
0b530687-26d8-4c9d-9771-c758ecd2ecbf_14604-13,59,2,0,18.6,14.9,103.2,122.7,103.2,0.797,True,False,56.4166,1540.3985,-1.4289,27.2107,-1.111
0b530687-26d8-4c9d-9771-c758ecd2ecbf_14604-13,59,2,1,393.4,55.9,6.8,7.9,6.8,0.455,False,False,65.358,10118.5626,-2.1833,7.2987,0.0873
0b530687-26d8-4c9d-9771-c758ecd2ecbf_14604-13,59,3,0,8.7,22.6,67.7,86.5,67.7,0.873,True,False,1645.4547,2331.1358,-0.1512,49.2615,-0.1686
0b530687-26d8-4c9d-9771-c758ecd2ecbf_14604-13,59,3,1,140.1,8.7,32.1,37.1,32.1,0.564,False,False,1060.5948,3099.0894,-0.4654,17.8926,0.5193
0b530687-26d8-4c9d-9771-c758ecd2ecbf_14604-13,59,3,2,365.8,56.1,6.6,7.8,6.6,0.418,False,False,1054.4691,5722.7136,-0.7342,16.4633,0.5888
0b530687-26d8-4c9d-9771-c758ecd2ecbf_14604-13,59,4,0,41.9,27.8,67.5,90.7,67.5,0.87,True,False,1699.0807,1333.9304,0.105,48.8235,-0.147
0b530687-26d8-4c9d-9771-c758ecd2ecbf_14604-13,59,4,1,205.5,25.8,20.3,25.0,20.3,0.539,False,False,5972.2465,5121.1521,0.0668,27.0385,0.9117
0b530687-26d8-4c9d-9771-c758ecd2ecbf_14604-13,59,5,0,285.4,15.8,38.3,71.2,38.3,0.589,False,False,2474.6306,3373.4044,-0.1345,44.9397,0.0882
0b530687-26d8-4c9d-9771-c758ecd2ecbf_16957-98,60,2,0,48.4,-0.5,36.3,41.5,36.3,0.549,False,True,1839.2777,1125.5074,0.2131,43.6233,-0.0148
0b530687-26d8-4c9d-9771-c758ecd2ecbf_3386-79,61,1,0,619.9,2.9,15.9,20.1,15.9,0.505,False,True,1418.1674,2892.1632,-0.3093,31.9166,0.1436
0b530687-26d8-4c9d-9771-c758ecd2ecbf_3386-79,61,5,0,111.5,1.0,51.9,42.9,42.9,0.41,False,True,2631.5139,1466.2603,0.2539,29.5531,0.4787
0d572bb4-543a-4fa2-afce-876f854a559a_484-84,66,1,0,306.6,108.3,32.9,37.0,32.9,0.787,True,False,15.3832,29.1296,-0.2646,18.8768,-1.3387
0d572bb4-543a-4fa2-afce-876f854a559a_484-84,66,2,0,350.9,12.6,39.9,42.9,39.9,0.669,True,False,16.4064,20.7566,-0.0969,17.9867,-1.2705
0d572bb4-543a-4fa2-afce-876f854a559a_484-84,66,2,1,509.2,344.0,50.5,81.9,50.5,0.472,False,False,6.941,14.2699,-0.284,15.5158,-1.4835
0d572bb4-543a-4fa2-afce-876f854a559a_484-84,66,3,0,270.9,294.0,51.7,71.8,51.7,0.669,False,False,22.61,24.5417,-0.0342,26.5844,-1.4768
0d572bb4-543a-4fa2-afce-876f854a559a_484-84,66,3,1,217.2,35.0,47.9,66.1,47.9,0.646,True,False,12.4754,33.6965,-0.4107,22.9249,-1.5919
0d572bb4-543a-4fa2-afce-876f854a559a_484-84,66,3,2,187.5,34.6,51.8,57.0,51.8,0.409,False,False,16.8743,31.9256,-0.2653,19.439,-1.3263
0d572bb4-543a-4fa2-afce-876f854a559a_484-84,66,4,0,98.5,-0.3,78.4,94.2,78.4,0.881,True,True,35.2644,131.0979,-0.5614,13.2558,-0.6878
0d5f2917-e0bd-47cb-b887-1c14c69568f9_848-84,67,2,0,290.1,43.9,21.0,29.8,21.0,0.571,False,False,1933.3687,1385.6109,0.1446,39.1795,0.1001
0d5f2917-e0bd-47cb-b887-1c14c69568f9_848-84,67,5,0,498.7,152.4,66.4,77.1,66.4,0.41,False,False,4778.6026,1033.6981,0.6646,46.9646,0.3357
0dca9b08-f9c6-446f-8754-3c1312fa3274_101-78,69,4,0,398.2,1.4,136.2,128.5,128.5,0.625,False,True,37.7489,47.0297,-0.0933,36.9004,-1.5461
0dca9b08-f9c6-446f-8754-3c1312fa3274_101-78,69,5,0,259.1,263.5,68.6,86.4,68.6,0.812,False,False,14.6333,2026.5564,-2.1129,5.0036,-0.2215
0dca9b08-f9c6-446f-8754-3c1312fa3274_101-78,69,5,1,415.8,-2.2,226.4,194.3,194.3,0.559,False,True,555.9767,809.4239,-0.1629,76.8851,-1.0259
0e12d060-f93d-418a-a377-7f2467be9fed_363-39,70,4,0,352.8,215.7,61.9,79.5,61.9,0.93,False,False,157.3025,141.0111,0.0472,28.8834,-0.7223
0e12d060-f93d-418a-a377-7f2467be9fed_363-39,70,5,0,312.5,176.3,67.2,85.9,67.2,0.937,False,False,360.4269,224.1753,0.2055,31.9462,-0.4512
0ece1a2a-2da0-4b28-ac8c-bf9f04c0d17c_2285-27,71,3,0,390.4,101.4,34.9,40.4,34.9,0.777,False,False,10.2466,134.5189,-1.081,15.402,-1.326
0ece1a2a-2da0-4b28-ac8c-bf9f04c0d17c_2285-27,71,4,0,340.4,66.0,50.6,56.8,50.6,0.651,False,False,26.0593,63.6012,-0.3779,22.491,-1.2726
0ece1a2a-2da0-4b28-ac8c-bf9f04c0d17c_2285-27,71,5,0,392.8,53.4,43.0,51.8,43.0,0.709,False,False,17.4568,322.5899,-1.2438,19.2596,-1.3043
0ece1a2a-2da0-4b28-ac8c-bf9f04c0d17c_335-84,72,1,0,510.9,38.5,125.0,161.7,125.0,0.54,False,False,88.1539,54.2487,0.2078,46.27,-1.3807
0ece1a2a-2da0-4b28-ac8c-bf9f04c0d17c_335-84,72,2,0,546.2,342.6,37.7,44.1,37.7,0.854,True,False,164.5651,457.7274,-0.4426,51.421,-1.2035
0ece1a2a-2da0-4b28-ac8c-bf9f04c0d17c_335-84,72,2,1,171.5,335.4,30.6,35.7,30.6,0.839,True,False,34.5713,72.0145,-0.3123,16.156,-0.8672
0ece1a2a-2da0-4b28-ac8c-bf9f04c0d17c_335-84,72,2,2,436.6,353.6,23.4,31.6,23.4,0.612,False,False,521.5286,134.6693,0.5856,28.0143,-0.1772
0ece1a2a-2da0-4b28-ac8c-bf9f04c0d17c_335-84,72,3,0,552.4,360.4,38.8,47.0,38.8,0.833,False,False,302.9006,619.2339,-0.3098,52.6296,-0.9599
0ece1a2a-2da0-4b28-ac8c-bf9f04c0d17c_335-84,72,3,1,196.5,348.0,28.7,33.6,28.7,0.818,True,False,19.5498,21.0611,-0.0308,11.7443,-0.83
0ece1a2a-2da0-4b28-ac8c-bf9f04c0d17c_335-84,72,3,2,242.5,280.2,37.7,50.6,37.7,0.505,False,False,22.7025,348.215,-1.1683,7.403,-0.3719
0ece1a2a-2da0-4b28-ac8c-bf9f04c0d17c_335-84,72,3,3,439.8,370.4,25.5,31.7,25.5,0.459,False,False,916.0081,261.5949,0.5431,28.9896,0.0374
0ece1a2a-2da0-4b28-ac8c-bf9f04c0d17c_335-84,72,4,0,307.5,24.4,28.8,32.5,28.8,0.798,True,False,13.5858,639.1259,-1.6423,9.5963,-0.805
0ece1a2a-2da0-4b28-ac8c-bf9f04c0d17c_335-84,72,5,0,556.6,-0.1,66.0,61.2,61.2,0.636,False,True,166.0209,57.4878,0.4557,39.5206,-0.9712
0ece1a2a-2da0-4b28-ac8c-bf9f04c0d17c_713-12,73,1,0,374.0,193.8,69.7,74.9,69.7,0.481,False,False,34.8667,41.8111,-0.0769,27.5382,-1.3258
0f038f2a-7b3d-40ec-a22a-9f764bfbde74_4-93,74,1,0,481.1,160.0,14.2,17.5,14.2,0.562,False,False,4733.9975,9971.6063,-0.3235,41.207,0.4451
0f038f2a-7b3d-40ec-a22a-9f764bfbde74_4-93,74,2,0,517.4,187.3,14.5,18.1,14.5,0.442,False,False,4331.7873,9067.9506,-0.3208,33.8086,0.5783
0f038f2a-7b3d-40ec-a22a-9f764bfbde74_4-93,74,5,0,128.3,-2.2,141.2,169.7,141.2,0.51,False,True,32.3496,41.6635,-0.107,49.414,-1.8648
0f1024e6-ff80-46e2-aea8-3878f11bc1d7_201-92,75,4,0,0.3,254.7,15.0,26.3,15.0,0.441,False,True,2637.5339,3005.8878,-0.0568,42.5783,0.1627
0f3fa455-3622-4fb4-a3be-0c1a7fd697a7_1157-44,76,5,0,174.4,82.2,70.8,100.9,70.8,0.882,True,False,18.0514,65.3793,-0.5421,34.6174,-1.799
0f574f9b-00bc-479d-894b-9e7c999fe13a_302-98,77,1,0,429.6,321.4,41.5,56.1,41.5,0.602,False,False,490.7401,486.5349,0.0037,63.1399,-0.909
0f574f9b-00bc-479d-894b-9e7c999fe13a_303-78,78,3,0,532.6,0.7,101.9,123.0,101.9,0.75,False,True,77.5171,43.6913,0.2447,29.5287,-1.046
0f574f9b-00bc-479d-894b-9e7c999fe13a_303-78,78,4,0,455.1,-1.0,152.0,106.6,106.6,0.846,False,True,40.778,12.2647,0.4983,27.7725,-1.2668
0f574f9b-00bc-479d-894b-9e7c999fe13a_303-78,78,5,0,462.4,148.8,10.6,12.7,10.6,0.425,False,False,23.1088,374.6408,-1.1926,9.5801,-0.5853
0f82d425-f8be-4e69-8c59-0a1a2e980b20_1108-13,79,4,0,285.3,126.1,41.2,54.5,41.2,0.589,False,False,3671.5998,2226.8105,0.2171,72.453,-0.1552
0f82d425-f8be-4e69-8c59-0a1a2e980b20_295-56,80,4,0,382.2,175.2,41.1,51.7,41.1,0.912,True,False,670.9703,145.6145,0.6612,39.6619,-0.3697
0f82d425-f8be-4e69-8c59-0a1a2e980b20_295-56,80,5,0,428.6,192.9,39.3,46.9,39.3,0.835,True,False,1357.2633,419.1167,0.5096,41.222,-0.0975
0f82d425-f8be-4e69-8c59-0a1a2e980b20_518-50,81,5,0,290.4,142.9,84.4,107.5,84.4,0.907,False,False,99.5505,1482.8209,-1.169,32.7208,-1.0277
0f82d425-f8be-4e69-8c59-0a1a2e980b20_518-50,81,5,1,77.2,136.8,29.2,48.3,29.2,0.836,True,False,125.8954,207.0123,-0.2146,16.9843,-0.3582
0f82d425-f8be-4e69-8c59-0a1a2e980b20_554-09,82,3,0,330.2,193.2,15.2,19.6,15.2,0.513,False,False,1805.579,6795.651,-0.5754,31.0684,0.2718
0f82d425-f8be-4e69-8c59-0a1a2e980b20_554-09,82,5,0,311.4,142.3,43.0,56.1,43.0,0.916,True,False,100.4504,6416.1391,-1.8011,20.8577,-0.6333
102dc7b7-a8fb-419e-9a18-b679e7157d99_517-02,84,1,0,117.4,108.5,72.0,135.8,72.0,0.442,False,False,1191.7393,3199.825,-0.4287,56.4942,-0.4276
102dc7b7-a8fb-419e-9a18-b679e7157d99_517-02,84,2,0,286.1,85.9,66.6,86.5,66.6,0.919,True,False,804.8527,1729.967,-0.332,48.4384,-0.4643
1042ea39-9256-4593-a4c6-a0d0393da739_524-37,86,4,0,212.4,30.7,70.9,92.3,70.9,0.916,True,False,67.7385,249.6223,-0.5618,19.1316,-0.7275
1042ea39-9256-4593-a4c6-a0d0393da739_524-37,86,5,0,172.5,25.2,78.9,96.2,78.9,0.911,True,False,187.7172,129.3481,0.1607,23.9651,-0.4841
10a848ed-f258-4930-abdd-1fd60b788abc_125-95,87,1,0,337.1,5.6,168.5,195.6,168.5,0.447,False,False,1000.5424,3020.5167,-0.4796,61.023,-0.5704
10a848ed-f258-4930-abdd-1fd60b788abc_125-95,87,2,0,342.4,39.7,151.3,152.7,151.3,0.436,False,False,1716.6562,2497.5312,-0.1627,45.4988,-0.0813
10a848ed-f258-4930-abdd-1fd60b788abc_345-05,89,5,0,512.7,36.4,72.6,78.6,72.6,0.754,True,False,243.3755,581.5377,-0.3773,51.1197,-1.0293
10a848ed-f258-4930-abdd-1fd60b788abc_475-65,90,1,0,267.7,193.0,25.7,31.4,25.7,0.64,False,False,2166.7748,506.0695,0.6309,34.6196,0.257
10a848ed-f258-4930-abdd-1fd60b788abc_75-21,93,1,0,257.3,169.4,52.8,61.4,52.8,0.431,False,False,10965.4603,4844.8269,0.3547,60.8936,0.4708
10a848ed-f258-4930-abdd-1fd60b788abc_75-21,93,5,0,265.2,126.2,38.4,41.3,38.4,0.896,True,False,1590.7539,6659.7532,-0.6216,53.0028,-0.2469
10c73f89-cc7d-4d43-b1df-b56703de1b24_711-97,95,1,0,292.8,31.8,81.8,96.7,81.8,0.913,True,False,122.0383,493.6918,-0.6043,51.562,-1.3348
10c73f89-cc7d-4d43-b1df-b56703de1b24_711-97,95,2,0,277.2,35.5,83.1,95.6,83.1,0.928,True,False,147.1128,424.6028,-0.4584,49.9254,-1.2262
10c73f89-cc7d-4d43-b1df-b56703de1b24_711-97,95,2,1,53.3,92.3,11.6,14.4,11.6,0.476,False,False,52.5764,935.1004,-1.2423,6.6557,0.0729
10c73f89-cc7d-4d43-b1df-b56703de1b24_711-97,95,2,2,191.0,271.2,73.1,87.9,73.1,0.428,False,True,506.3852,516.8128,-0.0088,68.5409,-0.9667
10c73f89-cc7d-4d43-b1df-b56703de1b24_711-97,95,3,0,252.5,10.1,83.2,98.8,83.2,0.93,True,False,127.9266,552.1784,-0.6325,52.2975,-1.3268
10c73f89-cc7d-4d43-b1df-b56703de1b24_711-97,95,3,1,184.3,252.0,66.4,82.7,66.4,0.566,False,False,715.3892,525.989,0.1333,63.6163,-0.7521
10c73f89-cc7d-4d43-b1df-b56703de1b24_711-97,95,3,2,22.9,86.9,10.6,13.6,10.6,0.499,False,False,30.8944,1091.5465,-1.5347,6.1804,-0.0895
10c73f89-cc7d-4d43-b1df-b56703de1b24_711-97,95,4,0,207.4,-1.6,89.1,77.0,77.0,0.93,True,True,108.2366,419.4924,-0.5854,53.3756,-1.4165
10c73f89-cc7d-4d43-b1df-b56703de1b24_711-97,95,4,1,166.6,229.4,73.0,81.2,73.0,0.624,False,False,750.6454,351.0659,0.3294,72.7539,-0.8478
10c73f89-cc7d-4d43-b1df-b56703de1b24_711-97,95,5,0,292.3,4.1,60.3,45.3,45.3,0.611,False,False,71.6531,333.6665,-0.6634,26.827,-0.9965
110352df-c7a3-4fec-a707-42936d101c28_3-37,96,2,0,152.8,13.6,56.6,74.1,56.6,0.664,True,False,224.1775,304.3751,-0.1323,40.3324,-0.8591
110352df-c7a3-4fec-a707-42936d101c28_3-37,96,5,0,174.7,54.0,138.6,152.7,138.6,0.644,False,False,134.6623,183.1107,-0.1326,34.5034,-0.9436
1106ee5c-8829-460f-8454-c4a8348f5400_10077-91,97,4,0,201.5,29.2,71.7,88.7,71.7,0.603,True,False,423.8149,334.5821,0.1024,48.3851,-0.7414
1106ee5c-8829-460f-8454-c4a8348f5400_10077-91,97,4,1,78.9,27.5,22.6,32.9,22.6,0.463,False,False,1361.6844,2177.444,-0.2038,40.3449,-0.0774
110f9870-6b6c-4a20-a3c8-8c2e29c53bb7_1386-55,99,2,0,316.7,80.4,236.5,292.0,236.5,0.442,False,True,73.0865,100.3339,-0.136,34.8053,-1.2139
110f9870-6b6c-4a20-a3c8-8c2e29c53bb7_1388-88,100,2,0,10.2,-25.8,316.1,405.9,316.1,0.631,True,True,498.0607,190.2078,0.4166,27.47,-0.1801
110f9870-6b6c-4a20-a3c8-8c2e29c53bb7_1388-88,100,4,0,36.1,-16.8,326.4,327.4,326.4,0.513,False,True,1147.2678,963.8254,0.0756,33.5041,0.0095
110f9870-6b6c-4a20-a3c8-8c2e29c53bb7_1388-88,100,5,0,616.8,95.8,23.2,33.0,23.2,0.442,False,True,15.7803,24.2909,-0.1782,6.6093,-0.4253
110f9870-6b6c-4a20-a3c8-8c2e29c53bb7_1388-88,100,5,1,141.6,-1.2,231.4,224.9,224.9,0.437,False,True,1356.9886,1108.4318,0.0878,40.1745,-0.0753
11663dd8-aa9d-429d-80e2-2807b341350e_224-01,102,1,0,502.2,221.2,75.9,111.9,75.9,0.868,True,False,83.3772,28.6817,0.4537,26.4646,-0.9197
11e56f1e-baef-4fe8-ad0f-a7ec8788ea3a_836-51,103,2,0,235.6,1.0,72.3,48.4,48.4,0.493,False,True,409.9503,856.3031,-0.3193,25.2005,-0.1897
11e56f1e-baef-4fe8-ad0f-a7ec8788ea3a_836-51,103,4,0,282.7,102.2,55.9,65.3,55.9,0.827,False,False,993.2323,1012.7224,-0.0084,30.5256,0.0277
11fb6f55-4bf0-4992-ad15-d30a51447ab3_745-24,108,4,0,552.0,244.2,11.6,14.3,11.6,0.548,False,False,520.51,2359.2968,-0.6557,9.8658,0.7246
11fb6f55-4bf0-4992-ad15-d30a51447ab3_745-24,108,4,1,461.0,224.0,11.4,14.4,11.4,0.409,False,False,5279.9128,3853.0966,0.1368,28.4471,0.8141
1246d6ec-5620-4f71-8b4b-d823775f58c2_29-81,109,1,0,280.7,397.8,70.9,85.8,70.9,0.909,False,True,23.5299,341.1627,-1.1445,10.6559,-0.6693
1246d6ec-5620-4f71-8b4b-d823775f58c2_29-81,109,1,1,314.8,-4.7,187.4,147.9,147.9,0.486,False,True,643.3345,969.7558,-0.178,41.9992,-0.4376
1246d6ec-5620-4f71-8b4b-d823775f58c2_29-81,109,2,0,292.0,406.1,68.4,79.8,68.4,0.877,False,True,17.8527,296.1147,-1.1976,9.7468,-0.7069
1246d6ec-5620-4f71-8b4b-d823775f58c2_29-81,109,2,1,341.5,-3.0,169.3,155.9,155.9,0.595,False,True,735.61,966.846,-0.1186,47.4296,-0.4851
1246d6ec-5620-4f71-8b4b-d823775f58c2_29-81,109,3,0,90.9,330.3,79.1,95.8,79.1,0.904,False,False,6.4673,431.738,-1.7631,12.4952,-1.3231
1246d6ec-5620-4f71-8b4b-d823775f58c2_29-81,109,3,1,409.3,326.8,35.7,49.4,35.7,0.759,False,False,7.5961,352.5037,-1.6141,4.1573,-0.3277
1246d6ec-5620-4f71-8b4b-d823775f58c2_29-81,109,4,0,3.0,319.9,89.2,117.4,89.2,0.901,False,True,5.6189,38.3933,-0.7746,13.4107,-1.4365
1246d6ec-5620-4f71-8b4b-d823775f58c2_29-81,109,4,1,476.8,121.0,151.4,176.4,151.4,0.763,False,False,76.2247,82.1994,-0.0324,23.6922,-0.8622
1246d6ec-5620-4f71-8b4b-d823775f58c2_29-81,109,4,2,340.1,326.9,35.3,47.1,35.3,0.633,False,False,3.3586,158.4835,-1.5634,6.9242,-1.0504
1246d6ec-5620-4f71-8b4b-d823775f58c2_29-81,109,5,0,22.8,313.6,94.8,104.2,94.8,0.898,False,False,8.1883,206.8955,-1.3546,12.2787,-1.2179
1246d6ec-5620-4f71-8b4b-d823775f58c2_29-81,109,5,1,371.7,339.5,33.2,47.4,33.2,0.685,False,False,3.3336,286.5604,-1.8219,2.9403,-0.3475
1246d6ec-5620-4f71-8b4b-d823775f58c2_29-81,109,5,2,493.0,55.9,143.9,287.5,143.9,0.631,False,True,37.8322,426.5559,-1.0418,17.1425,-0.8804
1246d6ec-5620-4f71-8b4b-d823775f58c2_29-81,109,5,3,221.2,-7.5,110.1,100.6,100.6,0.432,False,True,501.0378,910.346,-0.2589,33.0976,-0.3393
1270f0e2-1bc0-4225-bf6e-3dd68c594c8b_1984-62,110,4,0,453.5,67.7,11.0,13.7,11.0,0.65,False,False,1383.8244,4827.9622,-0.5425,26.8326,0.2835
1270f0e2-1bc0-4225-bf6e-3dd68c594c8b_1984-62,110,4,1,314.8,145.9,10.2,13.0,10.2,0.624,False,False,2299.3306,2104.2757,0.0385,25.5774,0.5454
1270f0e2-1bc0-4225-bf6e-3dd68c594c8b_1984-62,110,5,0,421.0,86.2,10.3,12.9,10.3,0.567,False,False,2156.3869,4934.6514,-0.3594,16.7101,0.8864
1309c412-1d3b-449a-95d7-853616686f89_980-21,111,1,0,196.0,37.7,90.7,108.1,90.7,0.537,False,False,878.7874,68.6644,1.1014,27.0327,0.08
1309c412-1d3b-449a-95d7-853616686f89_980-21,111,3,0,208.1,61.4,52.0,70.2,52.0,0.661,False,False,669.7954,526.1301,0.1047,19.897,0.2279
1309c412-1d3b-449a-95d7-853616686f89_980-21,111,3,1,231.5,157.2,89.8,93.4,89.8,0.405,False,False,135.75,113.2281,0.0782,16.9948,-0.3262
1330508f-8168-4408-a4df-79f69fb87c83_1053-45,112,3,0,360.0,287.1,44.8,63.3,44.8,0.697,False,False,200.9545,1356.9473,-0.8276,22.1303,-0.3856
13488a91-cef6-46f4-8007-9453d5d49925_44-43,113,1,0,549.3,128.4,54.0,69.6,54.0,0.899,False,False,3807.5987,2562.4675,0.1719,54.3918,0.1096
13488a91-cef6-46f4-8007-9453d5d49925_44-43,113,1,1,150.8,180.3,29.1,39.6,29.1,0.86,True,False,130.0835,364.3412,-0.4452,14.9398,-0.2331
134a4c63-583a-4e64-8cf9-002b6d26cdf1_375-78,114,2,0,230.3,318.3,69.9,86.9,69.9,0.404,False,False,153.0609,353.1764,-0.3615,32.6253,-0.8398
134a4c63-583a-4e64-8cf9-002b6d26cdf1_375-78,114,4,0,195.3,172.9,181.5,203.3,181.5,0.484,False,False,375.1777,199.8818,0.2725,32.2399,-0.4418
134a4c63-583a-4e64-8cf9-002b6d26cdf1_464-01,115,2,0,470.5,6.9,42.5,53.7,42.5,0.91,True,False,809.4257,1023.3563,-0.1017,34.0791,-0.1566
134a4c63-583a-4e64-8cf9-002b6d26cdf1_464-01,115,2,1,542.4,264.7,67.5,68.1,67.5,0.513,False,False,1520.57,929.7059,0.2135,69.8677,-0.5063
134a4c63-583a-4e64-8cf9-002b6d26cdf1_464-01,115,3,0,451.6,-0.0,51.7,44.7,44.7,0.484,False,True,584.7712,1457.5652,-0.3962,40.2287,-0.4416
134d9865-d9ee-47e5-a121-589a26c6b3ba_1573-53,116,5,0,594.0,106.4,43.0,54.6,43.0,0.89,True,True,781.7311,1541.5196,-0.2946,22.3801,0.193
13a15553-2fdb-4d04-a7b4-2efc33538525_875-77,118,1,0,180.5,88.9,38.8,51.3,38.8,0.841,True,False,68.0008,39.8691,0.2275,24.1354,-0.9272
13a15553-2fdb-4d04-a7b4-2efc33538525_875-77,118,2,0,424.2,241.3,42.6,52.9,42.6,0.775,False,False,297.3318,105.9128,0.4457,31.5779,-0.5245
13a15553-2fdb-4d04-a7b4-2efc33538525_875-77,118,3,0,502.9,192.7,51.6,78.1,51.6,0.826,False,False,778.4882,404.4835,0.2838,32.3223,-0.1276
13a15553-2fdb-4d04-a7b4-2efc33538525_875-77,118,3,1,529.9,189.7,81.4,92.4,81.4,0.705,False,False,91.5267,464.693,-0.7018,19.8698,-0.6312
13bbcf71-cc9d-40f9-b072-77841ea8b7a2_38-55,119,5,0,231.5,328.0,34.6,44.4,34.6,0.752,False,False,6.6557,2093.1362,-2.437,18.2788,-1.6412
146a4b4b-96a5-4d8f-a5b1-78dbb6ee5edf_4571-18,121,2,0,575.0,250.6,35.5,46.8,35.5,0.783,False,False,4464.5869,3161.6885,0.1498,70.8616,-0.051
146a4b4b-96a5-4d8f-a5b1-78dbb6ee5edf_9999-80,122,3,0,39.2,0.7,19.6,19.1,19.1,0.422,False,True,5813.2837,2934.3833,0.2968,51.5064,0.3406
14a3d52a-e66c-4a4c-8f71-d86f7199993c_10-64,123,2,0,402.9,0.6,208.4,207.8,207.8,0.486,False,True,1161.1197,3463.6591,-0.4744,50.5174,-0.3418
14a3d52a-e66c-4a4c-8f71-d86f7199993c_10-64,123,3,0,71.9,-3.0,146.2,229.0,146.2,0.609,False,True,175.3472,984.9655,-0.7475,49.7528,-1.1474
14c123f4-06ab-4b51-aa26-95b0e3adf6eb_61-25,124,1,0,219.0,226.5,54.4,69.9,54.4,0.924,False,False,56.8955,16.7945,0.5124,32.8443,-1.2707
14c123f4-06ab-4b51-aa26-95b0e3adf6eb_61-25,124,1,1,101.9,273.0,38.0,43.7,38.0,0.775,False,False,164.7395,23.4531,0.8311,22.0826,-0.4696
14c123f4-06ab-4b51-aa26-95b0e3adf6eb_61-25,124,2,0,347.4,76.1,54.9,66.1,54.9,0.891,True,False,87.3533,161.3035,-0.2641,30.6351,-1.0267
14c123f4-06ab-4b51-aa26-95b0e3adf6eb_61-25,124,2,1,47.5,110.3,50.3,51.8,50.3,0.844,False,False,124.433,229.044,-0.2634,45.5047,-1.2179
14c123f4-06ab-4b51-aa26-95b0e3adf6eb_61-25,124,3,0,211.7,97.4,61.8,77.9,61.8,0.609,False,False,90.3065,318.5486,-0.544,41.4284,-1.2743
14c123f4-06ab-4b51-aa26-95b0e3adf6eb_61-25,124,3,1,229.0,129.5,66.3,65.7,65.7,0.516,False,False,98.7034,1002.929,-1.003,33.9144,-1.0624
14c123f4-06ab-4b51-aa26-95b0e3adf6eb_61-25,124,4,0,-0.7,27.0,50.1,61.8,50.1,0.854,False,True,18.1497,439.6052,-1.3619,19.4238,-1.2957
14c123f4-06ab-4b51-aa26-95b0e3adf6eb_61-25,124,5,0,136.7,0.2,75.6,61.6,61.6,0.919,True,True,140.0726,222.8765,-0.2006,33.1639,-0.8923
14e96091-4011-4557-95b3-a195fb5c39d8_273-80,125,1,0,272.7,211.7,27.7,33.2,27.7,0.9,True,False,468.9799,1115.4414,-0.3758,20.6221,0.0424
14e96091-4011-4557-95b3-a195fb5c39d8_273-80,125,1,1,110.9,250.6,31.7,35.5,31.7,0.885,False,False,150.3077,523.8236,-0.5402,13.8426,-0.1048
14e96091-4011-4557-95b3-a195fb5c39d8_273-80,125,2,0,499.1,212.3,36.0,37.0,36.0,0.891,True,False,246.0758,748.4271,-0.4819,18.7601,-0.1549
14e96091-4011-4557-95b3-a195fb5c39d8_273-80,125,2,1,385.9,256.4,22.2,24.6,22.2,0.449,False,False,841.8907,839.4326,0.0013,20.521,0.3003
14e96091-4011-4557-95b3-a195fb5c39d8_273-80,125,3,0,497.6,224.5,33.3,37.4,33.3,0.851,True,False,46.1451,185.8453,-0.598,10.2907,-0.3555
14e96091-4011-4557-95b3-a195fb5c39d8_273-80,125,3,1,375.0,272.0,26.3,28.7,26.3,0.652,False,False,181.1318,354.6811,-0.2907,14.7571,-0.0796
14e96091-4011-4557-95b3-a195fb5c39d8_273-80,125,4,0,159.2,225.9,32.5,39.2,32.5,0.878,True,False,46.5266,560.9202,-1.0727,10.4857,-0.3682
14e96091-4011-4557-95b3-a195fb5c39d8_273-80,125,4,1,0.1,251.6,23.6,36.5,23.6,0.511,False,True,59.407,236.8257,-0.5952,10.5802,-0.2718
14e96091-4011-4557-95b3-a195fb5c39d8_273-80,125,5,0,165.7,207.6,28.9,36.4,28.9,0.902,True,False,227.9546,1044.7605,-0.6597,16.4618,-0.0748
14e96091-4011-4557-95b3-a195fb5c39d8_273-80,125,5,1,0.0,233.1,27.6,42.3,27.6,0.852,True,True,164.1342,415.6317,-0.4019,11.348,0.1046
14e96091-4011-4557-95b3-a195fb5c39d8_919-08,126,1,0,516.0,255.6,26.2,29.2,26.2,0.813,False,False,520.7314,1127.2872,-0.335,17.5794,0.226
14e96091-4011-4557-95b3-a195fb5c39d8_919-08,126,2,0,547.9,208.8,37.1,37.4,37.1,0.885,True,False,106.9002,775.5202,-0.8571,15.9741,-0.3755
14e96091-4011-4557-95b3-a195fb5c39d8_919-08,126,2,1,437.5,262.9,24.6,28.4,24.6,0.789,False,False,654.8826,1508.0804,-0.3619,20.8031,0.1796
14e96091-4011-4557-95b3-a195fb5c39d8_919-08,126,3,0,436.0,255.4,22.2,26.0,22.2,0.73,False,False,1159.953,2167.1872,-0.2713,22.8447,0.3464
14e96091-4011-4557-95b3-a195fb5c39d8_919-08,126,3,1,532.4,193.4,41.5,37.8,37.8,0.714,True,False,248.8369,923.6476,-0.5683,19.6084,-0.1884
14e96091-4011-4557-95b3-a195fb5c39d8_919-08,126,4,0,435.7,225.6,25.6,29.9,25.6,0.874,False,False,553.2557,1435.8257,-0.4137,17.4017,0.2611
14e96091-4011-4557-95b3-a195fb5c39d8_919-08,126,4,1,502.4,153.3,41.6,44.7,41.6,0.42,False,False,381.9095,1217.7606,-0.5028,20.9986,-0.0623
14e96091-4011-4557-95b3-a195fb5c39d8_919-08,126,5,0,435.9,205.9,25.6,30.2,25.6,0.847,False,False,1191.1374,1717.9401,-0.1589,24.3972,0.3009
14e96091-4011-4557-95b3-a195fb5c39d8_919-08,126,5,1,471.3,30.7,155.2,181.7,155.2,0.402,False,False,691.8027,859.0032,-0.0939,37.1928,-0.3006
15223229-8273-4f28-9bc0-1266e7c210d8_1078-65,127,1,0,190.0,221.2,65.5,84.4,65.5,0.914,False,False,1440.1654,2862.3573,-0.2982,76.3074,-0.6065
15223229-8273-4f28-9bc0-1266e7c210d8_1078-65,127,2,0,190.6,214.1,64.9,84.2,64.9,0.911,False,False,1861.9504,3288.1552,-0.2469,73.8216,-0.4662
15223229-8273-4f28-9bc0-1266e7c210d8_1078-65,127,3,0,203.0,211.9,63.8,81.0,63.8,0.914,False,False,1967.1408,1150.5096,0.2328,69.9147,-0.3952
15223229-8273-4f28-9bc0-1266e7c210d8_1078-65,127,4,0,232.3,160.7,73.0,88.5,73.0,0.902,False,False,1228.8475,941.0587,0.1158,66.1643,-0.5515
156823e7-0339-4f64-9c89-80044fc8b218_782-84,129,1,0,57.8,0.7,71.8,64.9,64.9,0.915,True,True,39.2129,6.1273,0.7514,26.2451,-1.2344
156823e7-0339-4f64-9c89-80044fc8b218_782-84,129,1,1,285.4,54.7,31.1,32.1,31.1,0.682,True,False,103.914,156.3673,-0.1761,38.3216,-1.1463
156823e7-0339-4f64-9c89-80044fc8b218_782-84,129,2,0,385.4,54.0,62.5,81.1,62.5,0.915,True,False,163.549,83.0721,0.2916,33.4026,-0.8317
156823e7-0339-4f64-9c89-80044fc8b218_782-84,129,2,1,599.7,123.3,38.3,40.7,38.3,0.847,True,True,230.0444,280.2404,-0.0854,35.5483,-0.7383
156823e7-0339-4f64-9c89-80044fc8b218_782-84,129,2,2,604.9,159.3,35.4,68.5,35.4,0.664,True,True,317.9416,368.4516,-0.0638,15.8205,0.1035
156823e7-0339-4f64-9c89-80044fc8b218_782-84,129,3,0,332.7,39.9,63.9,76.6,63.9,0.93,True,False,140.0606,152.1403,-0.0357,37.6177,-1.0017
156823e7-0339-4f64-9c89-80044fc8b218_782-84,129,3,1,502.5,119.8,35.0,35.5,35.0,0.886,True,False,932.4736,641.4905,0.1622,42.6807,-0.2906
156823e7-0339-4f64-9c89-80044fc8b218_782-84,129,4,0,379.3,27.7,62.5,78.7,62.5,0.931,True,False,180.0084,84.5148,0.3257,36.6852,-0.8716
156823e7-0339-4f64-9c89-80044fc8b218_782-84,129,4,1,586.1,104.4,40.1,46.7,40.1,0.857,True,False,283.0705,327.8625,-0.0636,46.9141,-0.8894
156823e7-0339-4f64-9c89-80044fc8b218_782-84,129,4,2,586.9,126.4,51.7,77.4,51.7,0.755,True,True,266.1763,332.0767,-0.0957,32.7499,-0.604
156823e7-0339-4f64-9c89-80044fc8b218_782-84,129,5,0,377.1,26.0,60.2,83.1,60.2,0.935,True,False,190.3973,186.9737,0.0078,37.0223,-0.8553
156823e7-0339-4f64-9c89-80044fc8b218_782-84,129,5,1,561.6,116.5,39.2,38.3,38.3,0.88,True,False,523.6663,372.4687,0.1476,43.8197,-0.5637
156823e7-0339-4f64-9c89-80044fc8b218_782-84,129,5,2,565.9,150.7,46.4,57.7,46.4,0.603,False,False,295.4738,392.4709,-0.1229,14.2557,0.1619
15c5a595-c577-4b4b-b26a-639517f140c9_1-82,130,3,0,200.4,137.0,28.8,34.3,28.8,0.779,False,False,153.209,1830.7094,-1.0747,19.9942,-0.4148
15f1a422-327d-4dab-b14d-7003544c5817_1292-11,131,4,0,426.0,40.9,90.9,138.9,90.9,0.668,True,False,433.5521,1078.8419,-0.3953,24.8585,-0.1536
15f1a422-327d-4dab-b14d-7003544c5817_1292-11,131,5,0,238.2,85.8,18.6,24.0,18.6,0.645,False,False,1493.357,4488.9856,-0.4778,29.5712,0.2322
15f1a422-327d-4dab-b14d-7003544c5817_1292-11,131,5,1,210.8,16.4,26.0,38.9,26.0,0.63,True,False,4.1106,920.5083,-2.256,9.119,-1.2166
15f1a422-327d-4dab-b14d-7003544c5817_1292-11,131,5,2,381.5,114.8,10.8,13.0,10.8,0.509,False,False,1633.3992,4258.1656,-0.416,23.1772,0.4824
15f1a422-327d-4dab-b14d-7003544c5817_1304-02,132,4,0,564.5,1.9,77.3,144.1,77.3,0.598,False,True,152.2543,64.7761,0.3673,28.7275,-0.7317
15f1a422-327d-4dab-b14d-7003544c5817_1304-02,132,4,1,492.2,-1.5,63.5,47.8,47.8,0.432,False,True,18.3458,686.3609,-1.5506,17.8237,-1.2168
1626db26-0c74-43d6-a5c2-c1a8fa7b1429_2450-13,133,4,0,8.4,87.4,120.5,179.6,120.5,0.418,False,False,9.5911,164.8035,-1.1947,17.3242,-1.4538
1626db26-0c74-43d6-a5c2-c1a8fa7b1429_730-63,134,1,0,202.9,46.5,13.2,18.6,13.2,0.485,False,False,6901.815,4105.7647,0.2255,36.1136,0.7234
1626db26-0c74-43d6-a5c2-c1a8fa7b1429_730-63,134,2,0,566.6,66.9,8.8,10.9,8.8,0.425,False,False,566.04,2986.4541,-0.7217,8.6814,0.8707
1626db26-0c74-43d6-a5c2-c1a8fa7b1429_730-63,134,3,0,209.0,49.5,46.0,58.9,46.0,0.792,True,False,6.7947,870.9923,-2.0487,41.0673,-2.3354
1626db26-0c74-43d6-a5c2-c1a8fa7b1429_730-63,134,3,1,554.0,25.3,52.5,73.9,52.5,0.778,False,False,2251.8642,3209.575,-0.1538,58.2845,-0.1785
1626db26-0c74-43d6-a5c2-c1a8fa7b1429_730-63,134,5,0,152.3,30.0,129.0,168.0,129.0,0.548,False,False,1945.4428,1751.8776,0.0455,67.0704,-0.3639
168f91fd-53c2-4eee-9d2d-e25e1ad73438_99-46,135,2,0,464.3,110.0,151.6,187.2,151.6,0.593,False,False,165.7093,345.7044,-0.318,41.2789,-1.0098
168f91fd-53c2-4eee-9d2d-e25e1ad73438_99-46,135,5,0,275.6,250.9,15.2,19.2,15.2,0.848,True,False,1681.5085,347.6119,0.6836,23.9758,0.4657
170fb6c9-8550-4e82-bb9a-4ad574c0f0fa_7137-29,136,2,0,155.6,43.6,160.3,227.3,160.3,0.441,False,False,623.138,816.5107,-0.1172,54.9803,-0.6853
170fb6c9-8550-4e82-bb9a-4ad574c0f0fa_7137-29,136,4,0,389.9,1.0,171.9,198.9,171.9,0.452,False,True,1335.1424,1081.4869,0.0914,40.0588,-0.0798
17be1d0a-f213-4126-ab6e-08e5c8ee5b93_1056-33,137,2,0,270.7,212.8,67.9,72.1,67.9,0.469,False,False,213.1258,206.5821,0.0135,18.6779,-0.2132
17be1d0a-f213-4126-ab6e-08e5c8ee5b93_1056-33,137,3,0,306.7,208.1,50.3,62.0,50.3,0.574,False,False,597.5408,722.548,-0.0824,36.6287,-0.3509
17be1d0a-f213-4126-ab6e-08e5c8ee5b93_1056-33,137,3,1,311.6,153.1,47.0,59.3,47.0,0.421,False,False,24.4451,549.916,-1.3355,9.3189,-0.5381
17be1d0a-f213-4126-ab6e-08e5c8ee5b93_1056-33,137,4,0,442.2,138.6,68.5,81.2,68.5,0.406,False,False,9.9807,61.1346,-0.7527,11.8928,-1.113
17be1d0a-f213-4126-ab6e-08e5c8ee5b93_1056-33,137,4,1,487.8,162.4,68.3,113.2,68.3,0.406,False,False,41.7081,148.6982,-0.5447,22.7706,-1.0851
17be1d0a-f213-4126-ab6e-08e5c8ee5b93_1056-33,137,5,0,350.8,158.2,60.2,78.4,60.2,0.677,False,False,35.0374,194.1311,-0.7336,6.9553,-0.1368
17be1d0a-f213-4126-ab6e-08e5c8ee5b93_1922-28,138,3,0,310.4,72.1,51.0,71.7,51.0,0.513,False,False,1261.0382,792.1858,0.2017,43.4762,-0.1757
17be1d0a-f213-4126-ab6e-08e5c8ee5b93_1922-28,138,5,0,328.7,59.5,53.0,72.9,53.0,0.502,False,False,445.2393,338.3976,0.1189,39.9406,-0.5535
17be1d0a-f213-4126-ab6e-08e5c8ee5b93_1968-69,139,1,0,232.8,85.0,53.0,65.2,53.0,0.752,False,False,1463.9993,584.9619,0.398,38.8525,-0.0133
17be1d0a-f213-4126-ab6e-08e5c8ee5b93_1968-69,139,1,1,36.8,2.6,63.7,74.5,63.7,0.686,False,True,86.1977,390.7642,-0.6525,10.4008,-0.0976
17be1d0a-f213-4126-ab6e-08e5c8ee5b93_1968-69,139,2,0,56.5,-1.1,73.8,78.6,73.8,0.72,True,True,124.2286,467.8968,-0.5734,13.1552,-0.143
17be1d0a-f213-4126-ab6e-08e5c8ee5b93_4479-70,140,1,0,266.3,100.9,132.2,170.0,132.2,0.438,False,False,143.0075,454.8496,-0.5004,31.0818,-0.8271
17be1d0a-f213-4126-ab6e-08e5c8ee5b93_4479-70,140,2,0,372.2,110.4,102.9,173.5,102.9,0.498,False,False,130.4315,364.8882,-0.4446,24.9519,-0.6762
17be1d0a-f213-4126-ab6e-08e5c8ee5b93_4479-70,140,3,0,493.1,122.2,35.8,48.2,35.8,0.474,False,False,538.9526,742.0131,-0.1386,50.6414,-0.6768
17be1d0a-f213-4126-ab6e-08e5c8ee5b93_4479-70,140,4,0,245.3,72.7,65.3,120.2,65.3,0.541,False,False,509.5829,308.3533,0.2176,39.7173,-0.4902
17be1d0a-f213-4126-ab6e-08e5c8ee5b93_4479-70,140,5,0,365.4,204.6,60.9,114.1,60.9,0.777,False,False,235.69,416.8561,-0.2468,26.699,-0.4794
17be1d0a-f213-4126-ab6e-08e5c8ee5b93_4986-86,141,1,0,303.5,162.8,71.4,87.8,71.4,0.443,False,False,325.1928,187.3751,0.2385,39.4798,-0.6796
17be1d0a-f213-4126-ab6e-08e5c8ee5b93_4986-86,141,3,0,239.7,35.3,53.7,76.5,53.7,0.785,False,False,92.7807,273.4996,-0.4664,23.9446,-0.7871
17be1d0a-f213-4126-ab6e-08e5c8ee5b93_4986-86,141,3,1,580.9,30.8,48.8,55.0,48.8,0.491,False,False,664.6024,594.0888,0.0486,30.5964,-0.1486
17be1d0a-f213-4126-ab6e-08e5c8ee5b93_4986-86,141,4,0,117.4,12.3,170.2,193.1,170.2,0.569,False,False,1106.3799,696.5413,0.2007,64.1176,-0.5698
17cd1d99-044c-4b1b-97b4-f3de34f8e55b_251-62,143,5,0,269.7,56.7,26.2,41.1,26.2,0.735,False,False,214.6074,1831.6988,-0.9294,22.4615,-0.3701
17cd1d99-044c-4b1b-97b4-f3de34f8e55b_252-07,144,4,0,271.7,56.6,26.9,41.1,26.9,0.613,True,False,216.2456,1987.3034,-0.9615,18.9972,-0.2216
18189ea3-00fd-428a-bbae-7549ddd9a97e_803-15,145,4,0,169.4,63.1,9.9,12.1,9.9,0.578,False,False,412.191,1755.8394,-0.6286,12.069,0.4498
18189ea3-00fd-428a-bbae-7549ddd9a97e_803-15,145,5,0,312.1,48.7,9.3,11.6,9.3,0.731,True,False,2601.2056,1744.3574,0.1735,27.363,0.5404
18189ea3-00fd-428a-bbae-7549ddd9a97e_803-15,145,5,1,233.9,114.8,11.5,14.1,11.5,0.43,False,False,469.9371,1880.4413,-0.6015,13.6349,0.4013
18189ea3-00fd-428a-bbae-7549ddd9a97e_803-15,145,5,2,176.4,139.5,8.8,10.8,8.8,0.419,False,False,1267.59,2851.9481,-0.352,14.0127,0.8081
182dffe9-d2bf-4a7d-b1d8-137470f0143d_1327-77,146,1,0,265.8,155.9,10.5,13.0,10.5,0.66,True,False,8456.1012,9932.5698,-0.0699,33.3789,0.8799
182dffe9-d2bf-4a7d-b1d8-137470f0143d_1327-77,146,1,1,371.2,117.8,15.8,20.0,15.8,0.461,False,False,10982.3796,5147.7735,0.329,61.4956,0.4629
182dffe9-d2bf-4a7d-b1d8-137470f0143d_1327-77,146,1,2,415.5,175.1,11.1,14.1,11.1,0.433,False,False,19018.9694,9641.2184,0.295,65.576,0.6456
182dffe9-d2bf-4a7d-b1d8-137470f0143d_1327-77,146,2,0,213.5,134.9,10.3,13.4,10.3,0.463,False,False,5623.2944,6772.7466,-0.0808,69.9686,0.0602
182dffe9-d2bf-4a7d-b1d8-137470f0143d_1327-77,146,3,0,247.1,198.6,25.5,29.8,25.5,0.703,True,False,8643.7076,7088.5633,0.0861,94.5073,-0.0142
182dffe9-d2bf-4a7d-b1d8-137470f0143d_1327-77,146,3,1,381.5,290.5,9.4,11.6,9.4,0.595,False,False,32748.7956,14786.2038,0.3453,71.9407,0.8012
182dffe9-d2bf-4a7d-b1d8-137470f0143d_1327-77,146,4,0,213.4,137.0,22.0,29.1,22.0,0.764,True,False,6670.8549,4634.4316,0.1582,46.7143,0.4851
182dffe9-d2bf-4a7d-b1d8-137470f0143d_1327-77,146,4,1,387.3,144.5,10.4,13.0,10.4,0.5,False,False,1772.0028,8590.7915,-0.6854,17.4879,0.7618
182dffe9-d2bf-4a7d-b1d8-137470f0143d_1327-77,146,5,0,49.4,51.2,40.6,59.0,40.6,0.685,True,False,2316.3877,1185.935,0.2906,79.5775,-0.4367
182dffe9-d2bf-4a7d-b1d8-137470f0143d_1327-77,146,5,1,498.8,238.2,8.6,10.6,8.6,0.604,True,False,5461.0556,5836.8564,-0.0289,58.1377,0.2083
182dffe9-d2bf-4a7d-b1d8-137470f0143d_1327-77,146,5,2,352.0,209.4,11.2,14.6,11.2,0.491,False,False,21001.5139,12102.8969,0.2393,61.4063,0.7457
182dffe9-d2bf-4a7d-b1d8-137470f0143d_1327-77,146,5,3,338.4,238.9,22.5,29.0,22.5,0.49,False,False,3965.9161,7249.5309,-0.2619,36.7832,0.4668
182dffe9-d2bf-4a7d-b1d8-137470f0143d_1327-77,146,5,4,268.9,209.9,9.8,12.4,9.8,0.441,False,False,2809.4155,15642.8758,-0.7456,34.6856,0.3681
182dffe9-d2bf-4a7d-b1d8-137470f0143d_1639-14,147,1,0,112.5,31.5,16.2,20.9,16.2,0.744,True,False,476.3067,1861.5542,-0.5913,57.523,-0.841
182dffe9-d2bf-4a7d-b1d8-137470f0143d_1639-14,147,1,1,52.2,31.1,11.7,14.2,11.7,0.468,False,False,897.2092,2094.9831,-0.368,22.4217,0.2512
182dffe9-d2bf-4a7d-b1d8-137470f0143d_1639-14,147,2,0,109.2,11.1,12.3,14.4,12.3,0.41,False,False,498.8398,2341.5586,-0.6709,40.4116,-0.5144
182dffe9-d2bf-4a7d-b1d8-137470f0143d_1639-14,147,3,0,279.5,228.8,18.8,22.9,18.8,0.62,False,False,4047.5097,4401.6187,-0.0364,55.8858,0.1126
182dffe9-d2bf-4a7d-b1d8-137470f0143d_1639-14,147,3,1,135.4,208.3,10.1,12.5,10.1,0.477,False,False,13103.05,8932.3379,0.1664,41.0082,0.8914
182dffe9-d2bf-4a7d-b1d8-137470f0143d_1639-14,147,4,0,115.1,105.2,10.6,13.5,10.6,0.538,False,False,20956.1542,7321.2705,0.4567,47.5093,0.9676
182dffe9-d2bf-4a7d-b1d8-137470f0143d_1639-14,147,5,0,600.1,1.9,42.5,82.6,42.5,0.432,False,True,193.1363,1091.6294,-0.7504,18.3945,-0.2425
182dffe9-d2bf-4a7d-b1d8-137470f0143d_1670-78,148,1,0,329.4,232.5,61.3,84.4,61.3,0.606,False,False,398.2425,3203.0516,-0.9045,45.6632,-0.7181
182dffe9-d2bf-4a7d-b1d8-137470f0143d_1681-54,149,3,0,204.4,45.5,11.7,14.7,11.7,0.705,True,False,12067.901,6748.5676,0.2524,48.6818,0.7068
182dffe9-d2bf-4a7d-b1d8-137470f0143d_1681-54,149,4,0,502.7,164.9,41.4,55.8,41.4,0.758,True,False,479.7215,3737.4539,-0.8908,54.2661,-0.7873
182dffe9-d2bf-4a7d-b1d8-137470f0143d_1681-54,149,5,0,480.3,87.7,49.3,77.7,49.3,0.759,True,False,1170.0559,3866.912,-0.5189,67.9033,-0.5953
182dffe9-d2bf-4a7d-b1d8-137470f0143d_1681-54,149,5,1,103.5,183.0,13.0,16.0,13.0,0.696,True,False,5425.0511,5265.7915,0.0129,53.6306,0.2755
18a3840b-7463-43c4-9aa9-b1d8e486fa84_2172-38,150,1,0,26.5,10.3,83.3,88.3,83.3,0.544,False,False,910.771,1311.0107,-0.1581,17.3143,0.4816
18a3840b-7463-43c4-9aa9-b1d8e486fa84_2172-38,150,5,0,6.7,63.7,78.2,88.8,78.2,0.763,False,False,428.1671,773.1542,-0.2562,16.6161,0.19
18ac02cb-20eb-4eed-b735-04aff3573422_38-16,151,1,0,288.4,237.5,103.4,126.9,103.4,0.78,False,True,10.0149,48.5252,-0.6528,13.797,-1.2399
18ac02cb-20eb-4eed-b735-04aff3573422_38-16,151,2,0,282.5,219.7,111.1,146.0,111.1,0.859,False,True,10.8431,120.8879,-1.0125,14.1016,-1.2273
18ac02cb-20eb-4eed-b735-04aff3573422_38-16,151,3,0,282.5,243.1,111.4,128.2,111.4,0.83,False,True,8.4184,44.4331,-0.6834,13.4379,-1.2851
18ac02cb-20eb-4eed-b735-04aff3573422_38-16,151,4,0,289.8,239.6,104.3,124.7,104.3,0.777,False,True,8.9955,56.4161,-0.7592,13.1828,-1.2427
18ac02cb-20eb-4eed-b735-04aff3573422_38-16,151,5,0,319.6,199.4,101.8,134.4,101.8,0.811,False,False,5.1114,80.7524,-1.1264,12.876,-1.436
19493340-9a5c-406c-9943-712a4a4a073c_634-74,152,1,0,190.1,-0.7,185.5,187.6,185.5,0.516,False,True,1863.433,2390.4584,-0.1081,48.9219,-0.1086
19493340-9a5c-406c-9943-712a4a4a073c_634-74,152,1,1,601.6,223.2,21.9,28.1,21.9,0.437,False,False,10609.4624,4212.7418,0.4011,70.4406,0.33
19493340-9a5c-406c-9943-712a4a4a073c_634-74,152,1,2,562.5,168.2,43.0,53.0,43.0,0.432,False,False,1144.8035,5941.5846,-0.7149,31.4313,0.0639
19493340-9a5c-406c-9943-712a4a4a073c_634-74,152,4,0,563.6,438.6,43.8,38.0,38.0,0.573,False,True,5154.3219,1105.5232,0.6683,39.7431,0.5135
19493340-9a5c-406c-9943-712a4a4a073c_634-74,152,4,1,510.3,43.0,10.5,13.6,10.5,0.494,False,False,5428.3311,3143.0869,0.2373,33.137,0.6937
19493340-9a5c-406c-9943-712a4a4a073c_634-74,152,5,0,229.2,231.5,126.4,151.8,126.4,0.467,False,False,437.9232,2227.3279,-0.7056,23.7241,-0.1088
19f2ea20-5041-4be2-bdc9-714473f16236_1915-00,153,5,0,284.3,86.7,18.3,23.7,18.3,0.576,False,False,271.0173,7826.3416,-1.459,18.8404,-0.1168
19f2ea20-5041-4be2-bdc9-714473f16236_2706-11,154,4,0,463.5,7.4,42.0,47.1,42.0,0.711,True,False,5.582,925.3993,-2.1484,13.0037,-1.4123
19f2ea20-5041-4be2-bdc9-714473f16236_2706-11,154,4,1,580.2,66.4,28.3,46.2,28.3,0.7,True,False,1743.1498,1698.5779,0.0112,62.1497,-0.3454
19f2ea20-5041-4be2-bdc9-714473f16236_4520-57,155,1,0,388.4,22.0,34.0,45.8,34.0,0.671,True,False,234.7475,6728.2702,-1.4555,35.0621,-0.7176
19f2ea20-5041-4be2-bdc9-714473f16236_4520-57,155,1,1,16.0,114.9,119.4,120.9,119.4,0.532,False,False,48.5066,2364.9385,-1.6793,30.2755,-1.268
19f2ea20-5041-4be2-bdc9-714473f16236_4520-57,155,2,0,491.3,1.4,40.5,31.3,31.3,0.408,False,True,4670.1691,5937.4748,-0.1042,49.8727,0.2735
19f2ea20-5041-4be2-bdc9-714473f16236_4520-57,155,3,0,6.6,-3.3,153.2,234.1,153.2,0.69,False,True,9.513,1176.2522,-2.0491,33.9852,-2.0412
19f2ea20-5041-4be2-bdc9-714473f16236_4520-57,155,3,1,577.3,1.1,34.3,32.1,32.1,0.673,False,True,3130.5936,5239.4352,-0.2236,52.6272,0.0532
19f2ea20-5041-4be2-bdc9-714473f16236_4520-57,155,5,0,395.9,7.8,48.0,50.8,48.0,0.476,False,False,2250.5038,5460.3388,-0.3848,53.1897,-0.0993
19f2ea20-5041-4be2-bdc9-714473f16236_4524-38,156,1,0,395.9,7.8,48.0,50.8,48.0,0.476,False,False,2250.5038,5460.3388,-0.3848,53.1897,-0.0993
19f2ea20-5041-4be2-bdc9-714473f16236_4524-38,156,4,0,-1.4,33.8,69.2,167.0,69.2,0.807,True,True,937.858,2222.5537,-0.3744,40.0611,-0.2331
19f2ea20-5041-4be2-bdc9-714473f16236_4524-38,156,4,1,581.6,22.4,25.3,30.2,25.3,0.592,False,False,27.6218,3863.9177,-2.1304,33.7864,-1.6012
19f2ea20-5041-4be2-bdc9-714473f16236_4524-38,156,5,0,524.6,33.8,24.4,30.5,24.4,0.671,True,False,74.3726,3552.2143,-1.6734,30.2859,-1.0857
19f2ea20-5041-4be2-bdc9-714473f16236_4524-38,156,5,1,264.9,-5.4,99.6,103.1,99.6,0.617,True,True,5207.9311,5472.7905,-0.0215,65.148,0.0888
19f2ea20-5041-4be2-bdc9-714473f16236_4524-38,156,5,2,284.7,13.9,49.1,55.2,49.1,0.486,False,False,4008.9565,5348.3247,-0.1252,53.3247,0.1491
19f2ea20-5041-4be2-bdc9-714473f16236_4524-38,156,5,3,568.6,60.1,20.2,24.8,20.2,0.423,False,False,275.6943,7646.6807,-1.4415,36.2716,-0.6775
19f2ea20-5041-4be2-bdc9-714473f16236_4525-17,157,3,0,-1.4,33.8,69.2,167.0,69.2,0.807,True,True,937.858,2222.5537,-0.3744,40.0611,-0.2331
19f2ea20-5041-4be2-bdc9-714473f16236_4525-17,157,3,1,581.6,22.4,25.3,30.2,25.3,0.592,False,False,27.6218,3863.9177,-2.1304,33.7864,-1.6012
19f2ea20-5041-4be2-bdc9-714473f16236_4525-17,157,4,0,524.7,33.8,24.4,30.5,24.4,0.671,True,False,74.3726,3552.2143,-1.6734,30.2859,-1.0857
19f2ea20-5041-4be2-bdc9-714473f16236_4525-17,157,4,1,264.9,-5.4,99.6,103.1,99.6,0.617,True,True,5207.9311,5472.7905,-0.0215,65.148,0.0888
19f2ea20-5041-4be2-bdc9-714473f16236_4525-17,157,4,2,284.7,13.9,49.1,55.2,49.1,0.486,False,False,4008.9565,5348.3247,-0.1252,53.3247,0.1491
19f2ea20-5041-4be2-bdc9-714473f16236_4525-17,157,4,3,568.7,60.2,20.0,24.6,20.0,0.423,False,False,275.6943,7646.6807,-1.4415,36.2716,-0.6775
19f2ea20-5041-4be2-bdc9-714473f16236_4525-17,157,5,0,295.3,180.2,75.7,98.2,75.7,0.483,False,False,2089.0959,4422.6741,-0.3256,46.2787,-0.0108
1a2a8e0b-747e-43e3-9618-fc3f55f662b6_0-00,159,1,0,324.8,172.1,37.2,50.6,37.2,0.801,True,False,642.3948,1034.0998,-0.2065,31.0717,-0.1767
1a2a8e0b-747e-43e3-9618-fc3f55f662b6_0-00,159,2,0,283.6,132.3,30.1,40.5,30.1,0.738,True,False,168.5899,45.5398,0.5616,17.5865,-0.2624
1a2a8e0b-747e-43e3-9618-fc3f55f662b6_0-00,159,5,0,253.4,122.9,26.3,32.1,26.3,0.441,False,False,202.3911,10.6874,1.2406,13.3194,0.0569
1a50cd38-dda2-41d0-8a6f-294f17373d97_2805-73,160,1,0,606.6,72.1,33.2,50.1,33.2,0.863,True,True,179.4378,2147.9172,-1.0759,20.8187,-0.3816
1a50cd38-dda2-41d0-8a6f-294f17373d97_2805-73,160,1,1,127.4,69.7,27.0,35.1,27.0,0.857,True,False,229.0802,1194.6652,-0.7157,16.7065,-0.0854
1a50cd38-dda2-41d0-8a6f-294f17373d97_2805-73,160,1,2,532.1,58.8,10.8,12.3,10.8,0.763,True,False,176.2137,3521.3902,-1.2983,7.4795,0.4931
1a50cd38-dda2-41d0-8a6f-294f17373d97_2805-73,160,1,3,326.0,69.9,10.2,12.5,10.2,0.695,True,False,938.351,539.0415,0.2404,20.5105,0.3478
1a50cd38-dda2-41d0-8a6f-294f17373d97_2805-73,160,2,0,81.4,112.2,32.3,44.4,32.3,0.79,True,False,479.4692,1215.305,-0.4034,30.6444,-0.2915
1a50cd38-dda2-41d0-8a6f-294f17373d97_2805-73,160,2,1,498.9,70.1,10.9,13.5,10.9,0.779,True,False,211.6644,5504.6494,-1.4131,9.9867,0.3245
1a50cd38-dda2-41d0-8a6f-294f17373d97_2805-73,160,2,2,292.8,100.2,9.6,11.7,9.6,0.592,False,False,2147.5446,1153.7693,0.2696,20.4789,0.7085
1a50cd38-dda2-41d0-8a6f-294f17373d97_2805-73,160,2,3,57.0,104.6,42.1,52.1,42.1,0.497,False,False,400.6351,1103.5719,-0.4394,16.2367,0.1812
1a50cd38-dda2-41d0-8a6f-294f17373d97_2805-73,160,3,0,575.0,60.3,14.9,18.0,14.9,0.828,True,False,142.3079,4238.8925,-1.4711,10.7198,0.0921
1a50cd38-dda2-41d0-8a6f-294f17373d97_2805-73,160,3,1,321.1,98.8,11.5,14.4,11.5,0.684,True,False,2530.1375,1160.378,0.3383,19.3786,0.8275
1a7b9b5d-499a-454e-aaee-3758718fb5f2_817-59,163,1,0,403.6,46.8,20.8,24.3,20.8,0.468,False,False,16927.938,8344.2478,0.3072,79.0282,0.433
1a7b9b5d-499a-454e-aaee-3758718fb5f2_817-59,163,4,0,530.2,180.9,50.2,72.7,50.2,0.92,True,False,373.4679,2328.5416,-0.7939,40.3997,-0.6396
1a7b9b5d-499a-454e-aaee-3758718fb5f2_817-59,163,4,1,507.7,64.1,16.9,21.4,16.9,0.454,False,False,1538.4133,1499.1742,0.0112,39.4115,-0.0042
1a7b9b5d-499a-454e-aaee-3758718fb5f2_817-59,163,5,0,583.3,197.0,44.4,66.5,44.4,0.89,True,False,111.1579,581.8346,-0.7157,30.3045,-0.9137
1a7e6155-3613-4f55-865c-00e196db0da0_3573-11,164,1,0,211.8,350.8,154.0,130.2,130.2,0.638,False,True,4.1348,221.2257,-1.6363,12.0995,-1.458
1a7e6155-3613-4f55-865c-00e196db0da0_3573-11,164,2,0,196.1,311.8,184.6,172.3,172.3,0.859,False,True,2.3582,210.1355,-1.7985,20.4189,-2.095
1a7e6155-3613-4f55-865c-00e196db0da0_3573-11,164,3,0,208.5,294.7,174.8,186.0,174.8,0.881,False,True,2.752,289.4526,-1.8888,23.0964,-2.1536
1a7e6155-3613-4f55-865c-00e196db0da0_3573-11,164,4,0,161.8,304.6,158.1,174.0,158.1,0.869,False,True,3.1476,80.918,-1.2956,22.2875,-2.0792
1a7e6155-3613-4f55-865c-00e196db0da0_3573-11,164,5,0,181.6,317.7,160.1,163.8,160.1,0.87,False,True,3.0985,113.5685,-1.4464,20.2307,-2.0005
1a9a07d5-70ad-4e18-9740-66ea985a527b_945-60,165,1,0,558.2,208.4,15.7,19.2,15.7,0.599,False,False,3637.6635,1284.5879,0.4518,41.1905,0.3311
1a9a07d5-70ad-4e18-9740-66ea985a527b_945-60,165,1,1,616.6,190.9,11.4,14.7,11.4,0.453,False,False,5248.1875,1402.7469,0.5728,39.4065,0.5287
1a9a07d5-70ad-4e18-9740-66ea985a527b_945-60,165,3,0,606.5,109.9,14.4,18.2,14.4,0.651,False,False,522.5557,566.4974,-0.035,25.6935,-0.1013
1a9a07d5-70ad-4e18-9740-66ea985a527b_945-60,165,4,0,20.3,38.0,107.3,135.6,107.3,0.76,True,False,131.3106,159.726,-0.0845,47.2712,-1.2278
1a9a07d5-70ad-4e18-9740-66ea985a527b_945-60,165,4,1,626.0,6.2,12.5,20.3,12.5,0.491,False,True,299.4994,789.0979,-0.4198,35.3163,-0.6185
1a9a07d5-70ad-4e18-9740-66ea985a527b_945-60,165,5,0,23.5,7.4,152.2,125.5,125.5,0.498,False,False,19.3051,65.0356,-0.5122,27.471,-1.5707
1aa426b2-4d83-4b56-9d3c-4616adc464c8_300-08,166,2,0,348.6,2.1,16.6,15.7,15.7,0.591,False,True,85.7552,400.9381,-0.6659,17.1371,-0.5311
1acd2d5c-b0d4-4ec5-a54c-6a9c84cb11f6_773-39,170,2,0,485.7,202.6,72.6,84.6,72.6,0.473,False,False,1277.6579,1265.0623,0.0043,36.1731,-0.0103
1acd2d5c-b0d4-4ec5-a54c-6a9c84cb11f6_776-54,171,2,0,307.8,261.7,95.0,90.8,90.8,0.489,False,False,20.4134,46.8675,-0.3494,27.4974,-1.5485
1b1acfa6-ee3b-483c-9c0a-245d70d7125f_3443-49,172,2,0,393.1,262.0,61.7,72.0,61.7,0.739,False,False,415.6293,418.086,-0.0026,25.6277,-0.1983
1b1acfa6-ee3b-483c-9c0a-245d70d7125f_3443-49,172,3,0,518.6,230.7,87.0,70.6,70.6,0.791,False,False,56.4112,40.7981,0.1378,35.8376,-1.35
1b4b9493-2f3b-48e2-ba96-4feb9b9e98a1_408-70,173,1,0,103.3,75.6,75.4,90.8,75.4,0.922,True,False,365.5519,910.0817,-0.3954,28.1469,-0.3353
1b4b9493-2f3b-48e2-ba96-4feb9b9e98a1_408-70,173,2,0,95.2,85.7,87.5,86.3,86.3,0.791,False,False,36.0021,235.0959,-0.8049,24.7765,-1.2206
1b4b9493-2f3b-48e2-ba96-4feb9b9e98a1_408-70,173,3,0,545.0,52.9,85.4,113.8,85.4,0.898,True,False,39.4511,217.0032,-0.7315,21.5588,-1.0613
1b4b9493-2f3b-48e2-ba96-4feb9b9e98a1_408-70,173,4,0,4.3,3.6,88.5,63.4,63.4,0.849,True,True,34.2294,179.4246,-0.7094,20.7349,-1.0875
1b4b9493-2f3b-48e2-ba96-4feb9b9e98a1_408-70,173,5,0,209.3,-0.5,69.7,51.1,51.1,0.834,True,True,103.0636,241.8858,-0.3681,27.4332,-0.8598
1b6c9a8b-baec-44ac-ab24-f482d0c30117_216-86,174,1,0,190.9,124.4,26.2,34.5,26.2,0.759,True,False,62.4639,5066.6955,-1.9023,21.5286,-0.8644
1b6c9a8b-baec-44ac-ab24-f482d0c30117_216-86,174,3,0,168.5,44.0,70.1,82.7,70.1,0.744,True,False,1495.6603,2743.3183,-0.2633,25.4945,0.3616
1b6c9a8b-baec-44ac-ab24-f482d0c30117_216-86,174,4,0,110.8,190.0,51.2,67.8,51.2,0.705,False,False,287.5357,2351.3066,-0.9113,15.2134,0.0939
1b6c9a8b-baec-44ac-ab24-f482d0c30117_216-86,174,4,1,104.7,171.6,39.8,54.2,39.8,0.471,False,False,852.852,1984.9192,-0.3666,28.3043,0.0271
1b6c9a8b-baec-44ac-ab24-f482d0c30117_216-86,174,5,0,139.1,208.8,51.7,62.5,51.7,0.424,False,False,1049.6508,1695.7883,-0.2082,29.6007,0.0784
1bfac46e-f957-4495-9583-dbd7fa683225_823-65,176,1,0,435.2,132.1,32.2,36.8,32.2,0.651,False,False,46.5005,518.2502,-1.0387,26.3776,-1.1664
1bfac46e-f957-4495-9583-dbd7fa683225_823-65,176,2,0,198.3,65.6,34.7,44.9,34.7,0.564,False,False,7.483,725.5462,-1.9327,26.4008,-1.9153
1bfac46e-f957-4495-9583-dbd7fa683225_823-65,176,5,0,492.7,57.5,95.0,118.7,95.0,0.745,False,False,38.4573,815.1482,-1.3156,46.6022,-1.7409
1bfe3bec-79fd-4b1b-8738-4d313f3f79b9_355-45,177,3,0,336.6,241.6,29.6,37.8,29.6,0.838,True,False,3537.7262,1466.7665,0.3822,70.3608,-0.1459
1bfe3bec-79fd-4b1b-8738-4d313f3f79b9_355-45,177,4,0,353.5,186.2,53.5,72.2,53.5,0.897,True,False,515.257,276.9224,0.2689,61.1236,-0.8597
1bfe3bec-79fd-4b1b-8738-4d313f3f79b9_355-45,177,5,0,485.1,127.1,82.4,95.4,82.4,0.829,False,False,44.3142,341.6921,-0.8787,53.5468,-1.8014
1bfe3bec-79fd-4b1b-8738-4d313f3f79b9_47-86,178,2,0,0.7,243.3,72.6,83.1,72.6,0.432,False,True,56.1985,218.4483,-0.5839,17.0851,-0.7093
1bfe3bec-79fd-4b1b-8738-4d313f3f79b9_47-86,178,3,0,94.6,281.5,59.0,59.7,59.0,0.411,False,False,102.9598,79.8613,0.1091,21.0734,-0.6316
1bfe3bec-79fd-4b1b-8738-4d313f3f79b9_47-86,178,4,0,465.6,200.3,60.0,91.0,60.0,0.864,False,False,277.725,1121.7699,-0.6051,38.3914,-0.7236
1bfe3bec-79fd-4b1b-8738-4d313f3f79b9_47-86,178,5,0,373.7,195.6,68.5,98.8,68.5,0.869,False,False,169.7494,716.4991,-0.6235,42.1174,-1.0168
1bfe3bec-79fd-4b1b-8738-4d313f3f79b9_548-41,179,3,0,183.9,112.2,87.1,136.6,87.1,0.439,False,False,175.5341,570.2365,-0.51,12.9176,0.0219
1c0ba820-4a30-47dd-852d-c30685c7051e_36-98,181,1,0,275.4,175.7,53.6,73.1,53.6,0.452,False,False,20.287,266.5626,-1.0993,17.2062,-1.1447
1c983176-b07a-4a69-ae51-de7829de6b6a_1090-54,183,1,0,31.1,2.2,187.8,134.4,134.4,0.472,False,True,41.5975,6.7461,0.7403,56.4965,-1.8748
1c983176-b07a-4a69-ae51-de7829de6b6a_1090-54,183,3,0,562.1,67.1,14.5,18.7,14.5,0.514,False,False,38.7912,137.9526,-0.5431,15.1035,-0.7603
1c983176-b07a-4a69-ae51-de7829de6b6a_1090-54,183,4,0,457.7,6.5,23.1,25.1,23.1,0.483,False,False,69.4537,212.2028,-0.4809,28.0327,-1.048
1c983176-b07a-4a69-ae51-de7829de6b6a_1090-54,183,5,0,286.3,69.7,19.9,26.4,19.9,0.833,True,False,139.2754,402.6003,-0.459,26.2335,-0.6914
1c983176-b07a-4a69-ae51-de7829de6b6a_1090-54,183,5,1,289.8,170.2,14.7,16.1,14.7,0.454,False,False,495.2209,219.1109,0.353,30.5268,-0.2742
1c983176-b07a-4a69-ae51-de7829de6b6a_1270-21,184,4,0,112.2,-5.2,329.2,346.5,329.2,0.506,False,True,7.8978,44.2281,-0.7061,21.2517,-1.7065
1c983176-b07a-4a69-ae51-de7829de6b6a_1270-21,184,5,0,286.5,5.5,38.4,35.5,35.5,0.853,True,False,1125.0178,1518.8037,-0.1302,42.0611,-0.1965
1ce16a97-f614-4660-b21c-4205b33c8bab_1988-77,186,1,0,14.8,334.2,62.6,95.9,62.6,0.823,False,False,20.4346,96.8516,-0.6595,12.6315,-0.8745
1ce16a97-f614-4660-b21c-4205b33c8bab_1988-77,186,2,0,124.0,214.1,76.8,100.0,76.8,0.802,False,False,19.9722,33.4813,-0.2159,14.6029,-1.0093
1ce16a97-f614-4660-b21c-4205b33c8bab_1988-77,186,3,0,300.3,283.1,25.6,31.8,25.6,0.462,False,False,839.1894,455.715,0.2647,15.5079,0.5415
1ce16a97-f614-4660-b21c-4205b33c8bab_1988-77,186,4,0,515.4,278.8,35.3,41.0,35.3,0.791,False,False,30.752,90.215,-0.4583,12.296,-0.6806
1ce16a97-f614-4660-b21c-4205b33c8bab_1988-77,186,5,0,195.0,265.2,124.2,140.7,124.2,0.491,False,False,20.393,275.5621,-1.1115,13.6353,-0.9414
1ceb6ff6-da6c-4bbe-b8f1-01a5b27026ce_294-88,187,3,0,344.6,4.6,34.7,50.4,34.7,0.565,False,False,1304.4472,2384.5695,-0.2618,37.7153,-0.0376
1ceb6ff6-da6c-4bbe-b8f1-01a5b27026ce_294-88,187,4,0,172.5,-1.1,142.1,114.4,114.4,0.474,False,True,2901.2494,3436.613,-0.0735,34.3831,0.3897
1e90b2b5-5483-4ecc-b8e0-fb0bf63ccac3_3303-65,189,1,0,354.2,-0.4,110.1,102.7,102.7,0.513,False,True,43.106,184.163,-0.6231,53.0677,-1.8053
1e90b2b5-5483-4ecc-b8e0-fb0bf63ccac3_546-46,190,1,0,232.4,45.8,67.2,92.6,67.2,0.682,False,False,1768.3327,1198.7268,0.1687,30.4183,0.2811
1e90b2b5-5483-4ecc-b8e0-fb0bf63ccac3_546-46,190,1,1,257.5,24.4,72.4,84.2,72.4,0.445,False,False,1035.2157,1474.6171,-0.1535,47.7137,-0.342
1e90b2b5-5483-4ecc-b8e0-fb0bf63ccac3_546-46,190,2,0,20.1,10.4,176.0,165.4,165.4,0.452,False,False,302.8619,170.985,0.2472,68.3467,-1.1869
1e90b2b5-5483-4ecc-b8e0-fb0bf63ccac3_546-46,190,3,0,326.4,87.4,153.0,189.2,153.0,0.495,False,False,1114.4705,395.0183,0.4497,53.5906,-0.4109
1e90b2b5-5483-4ecc-b8e0-fb0bf63ccac3_546-46,190,3,1,2.3,47.6,128.7,170.6,128.7,0.495,False,True,610.1721,527.4534,0.0632,42.9531,-0.4801
1e9da62e-72ae-48d2-8b6e-00a5283d213f_1077-48,192,1,0,189.4,229.4,27.2,33.1,27.2,0.885,True,False,2103.3595,2393.942,-0.0562,22.8583,0.6042
1e9da62e-72ae-48d2-8b6e-00a5283d213f_1077-48,192,1,1,38.6,228.7,19.5,26.2,19.5,0.768,True,False,244.4616,414.3477,-0.2284,8.7203,0.5032
1e9da62e-72ae-48d2-8b6e-00a5283d213f_1077-48,192,1,2,566.4,217.6,56.2,81.1,56.2,0.51,False,False,73.7522,1931.1003,-1.4124,14.3989,-0.4451
1e9da62e-72ae-48d2-8b6e-00a5283d213f_1077-48,192,2,0,189.4,227.7,27.7,34.1,27.7,0.877,True,False,3092.4261,2319.2885,0.1249,24.2877,0.7189
1e9da62e-72ae-48d2-8b6e-00a5283d213f_1077-48,192,2,1,39.3,230.6,19.7,26.2,19.7,0.742,True,False,164.4783,460.1249,-0.4451,7.6777,0.441
1e9da62e-72ae-48d2-8b6e-00a5283d213f_1077-48,192,2,2,564.2,213.4,62.8,87.8,62.8,0.565,False,False,160.4241,2875.893,-1.251,16.0687,-0.2057
1e9da62e-72ae-48d2-8b6e-00a5283d213f_1077-48,192,3,0,190.8,226.1,25.8,31.8,25.8,0.863,True,False,2691.2772,3005.9083,-0.048,24.2743,0.6591
1e9da62e-72ae-48d2-8b6e-00a5283d213f_1077-48,192,3,1,37.9,231.2,19.9,26.4,19.9,0.721,True,False,119.2064,397.9607,-0.521,7.2756,0.3481
1e9da62e-72ae-48d2-8b6e-00a5283d213f_1077-48,192,3,2,562.7,216.0,62.1,81.7,62.1,0.674,False,False,45.7013,1807.619,-1.588,13.201,-0.5744
1e9da62e-72ae-48d2-8b6e-00a5283d213f_1077-48,192,4,0,190.9,225.4,26.5,32.9,26.5,0.865,True,False,2817.9803,2997.1739,-0.0268,24.2254,0.6808
1e9da62e-72ae-48d2-8b6e-00a5283d213f_1077-48,192,4,1,36.2,232.1,19.2,24.4,19.2,0.64,True,False,246.7104,493.4305,-0.3002,7.0227,0.6922
1e9da62e-72ae-48d2-8b6e-00a5283d213f_1077-48,192,4,2,561.2,205.7,68.9,93.2,68.9,0.638,False,False,61.7871,2928.1969,-1.6689,12.659,-0.4096
1e9da62e-72ae-48d2-8b6e-00a5283d213f_1077-48,192,5,0,189.5,227.7,25.9,31.6,25.9,0.869,True,False,1843.8999,3125.1113,-0.229,24.1308,0.5001
1e9da62e-72ae-48d2-8b6e-00a5283d213f_1077-48,192,5,1,560.0,218.2,61.9,77.7,61.9,0.742,False,False,27.1476,1088.7702,-1.5879,12.3749,-0.7385
1e9da62e-72ae-48d2-8b6e-00a5283d213f_1077-48,192,5,2,36.2,232.7,18.7,23.8,18.7,0.708,True,False,221.884,543.3045,-0.3878,7.1396,0.6323
1e9da62e-72ae-48d2-8b6e-00a5283d213f_571-85,193,1,0,285.2,115.6,22.2,32.0,22.2,0.867,True,False,3187.1464,2700.7471,0.0719,24.8706,0.7115
1e9da62e-72ae-48d2-8b6e-00a5283d213f_571-85,193,1,1,105.5,111.3,20.9,25.1,20.9,0.722,True,False,238.4078,948.4234,-0.5983,17.1989,-0.0933
1e9da62e-72ae-48d2-8b6e-00a5283d213f_571-85,193,1,2,116.6,104.5,18.0,24.1,18.0,0.523,False,False,1423.2949,914.5689,0.1919,28.9696,0.2292
1e9da62e-72ae-48d2-8b6e-00a5283d213f_571-85,193,2,0,298.3,105.4,26.2,31.0,26.2,0.89,True,False,3466.4404,5242.6598,-0.1796,27.1336,0.6724
1e9da62e-72ae-48d2-8b6e-00a5283d213f_571-85,193,2,1,127.8,87.1,19.0,23.2,19.0,0.69,True,False,427.3242,1193.23,-0.4453,18.4899,0.0966
1e9da62e-72ae-48d2-8b6e-00a5283d213f_571-85,193,2,2,112.7,88.0,21.3,26.9,21.3,0.438,False,False,235.4181,939.2489,-0.5996,16.5477,-0.0654
1e9da62e-72ae-48d2-8b6e-00a5283d213f_571-85,193,3,0,287.8,109.0,23.7,30.8,23.7,0.884,True,False,3272.5796,3857.2619,-0.0714,26.8043,0.658
1e9da62e-72ae-48d2-8b6e-00a5283d213f_571-85,193,3,1,110.5,98.8,21.5,26.9,21.5,0.697,True,False,460.3697,928.6727,-0.3043,21.3523,0.0042
1e9da62e-72ae-48d2-8b6e-00a5283d213f_571-85,193,4,0,124.7,147.9,22.7,29.3,22.7,0.808,True,False,282.6701,211.7788,0.1249,13.7864,0.1716
1e9da62e-72ae-48d2-8b6e-00a5283d213f_571-85,193,5,0,102.6,159.1,20.9,29.8,20.9,0.828,True,False,2423.5579,2773.5127,-0.0586,22.0547,0.6967
1ea95f25-81f9-46b1-b7a1-c4ca58251c6f_1359-12,195,1,0,511.0,23.8,118.9,150.0,118.9,0.463,False,False,1876.9565,705.3354,0.4247,34.6864,0.193
1ea95f25-81f9-46b1-b7a1-c4ca58251c6f_1359-12,195,1,1,570.0,28.7,72.2,91.0,72.2,0.421,False,True,1845.0597,1609.0774,0.0594,26.687,0.413
1eee4aaf-a21c-4ae5-82cd-96fdccae6742_876-68,197,2,0,152.1,290.6,85.2,101.2,85.2,0.657,False,True,189.4065,412.5642,-0.3369,28.7774,-0.6389
1eee4aaf-a21c-4ae5-82cd-96fdccae6742_917-84,198,3,0,211.7,239.9,58.7,72.2,58.7,0.555,False,False,2.7399,106.9616,-1.4604,9.1895,-1.3588
1eee4aaf-a21c-4ae5-82cd-96fdccae6742_917-84,198,3,1,48.4,262.0,29.3,37.5,29.3,0.457,False,False,565.043,304.6915,0.2676,25.4802,-0.0602
1eee4aaf-a21c-4ae5-82cd-96fdccae6742_917-84,198,4,0,221.1,234.2,64.5,78.9,64.5,0.514,False,False,2.2724,181.7196,-1.7469,9.6631,-1.46
1eee4aaf-a21c-4ae5-82cd-96fdccae6742_917-84,198,5,0,213.5,221.8,72.0,99.8,72.0,0.824,False,False,44.2958,437.899,-0.9863,23.3989,-1.0831
1eee4aaf-a21c-4ae5-82cd-96fdccae6742_917-84,198,5,1,63.9,229.4,28.9,32.8,28.9,0.433,False,False,328.8485,402.5356,-0.0876,24.9496,-0.2765
1f216b72-21a2-4463-b5ae-13bffd779b4d_1694-44,199,1,0,534.5,159.6,100.7,180.2,100.7,0.695,False,False,119.4017,369.2858,-0.4879,28.9226,-0.8424
1f216b72-21a2-4463-b5ae-13bffd779b4d_1694-44,199,1,1,470.3,54.0,12.8,15.6,12.8,0.544,False,False,35.3807,258.4586,-0.8532,5.8506,0.014
1f216b72-21a2-4463-b5ae-13bffd779b4d_1694-44,199,1,2,480.7,58.3,15.3,18.6,15.3,0.533,False,False,747.3874,202.7807,0.565,14.2321,0.5655
1f216b72-21a2-4463-b5ae-13bffd779b4d_1694-44,199,2,0,11.5,15.6,18.0,22.7,18.0,0.485,False,False,871.8329,122.3655,0.8497,22.348,0.2416
1f216b72-21a2-4463-b5ae-13bffd779b4d_1694-44,199,4,0,94.4,140.9,16.0,20.0,16.0,0.496,False,False,2013.2997,605.9644,0.521,68.843,-0.3717
1f216b72-21a2-4463-b5ae-13bffd779b4d_40-21,200,4,0,218.0,37.5,19.5,23.8,19.5,0.409,False,False,41.8826,609.0214,-1.1531,8.6607,-0.2486
1f216b72-21a2-4463-b5ae-13bffd779b4d_40-21,200,5,0,348.5,164.3,37.7,60.1,37.7,0.575,False,False,12.0664,879.3733,-1.8285,9.1197,-0.809
1f4a4d13-f083-4464-8c03-5e09f55e3f63_125-54,202,4,0,338.3,107.3,64.3,62.8,62.8,0.405,False,False,1.4016,104.9,-1.6444,5.6673,-1.1396
1f4a4d13-f083-4464-8c03-5e09f55e3f63_764-04,204,1,0,323.1,258.6,21.3,27.4,21.3,0.507,False,False,8.2029,177.2226,-1.287,9.1655,-0.9655
1f4a4d13-f083-4464-8c03-5e09f55e3f63_764-04,204,2,0,243.1,239.3,24.0,30.8,24.0,0.544,False,False,7.1097,104.6422,-1.1148,10.774,-1.1595
1f4a4d13-f083-4464-8c03-5e09f55e3f63_764-04,204,3,0,217.7,251.9,20.2,27.8,20.2,0.698,True,False,11.6821,93.0273,-0.8701,16.5188,-1.3344
1f4a4d13-f083-4464-8c03-5e09f55e3f63_764-04,204,4,0,198.0,269.6,24.7,31.4,24.7,0.627,True,False,2.855,72.8195,-1.2821,6.2359,-1.0148
1f4a4d13-f083-4464-8c03-5e09f55e3f63_764-04,204,5,0,306.2,270.0,25.5,37.5,25.5,0.569,False,False,5.8996,215.0902,-1.4958,10.3834,-1.1979
1f61d972-e61b-4846-af3a-d09db9f111f8_1079-93,208,1,0,28.8,-9.1,378.1,310.9,310.9,0.777,False,True,297.0412,954.662,-0.506,32.8758,-0.5599
1f61d972-e61b-4846-af3a-d09db9f111f8_1079-93,208,1,1,573.8,25.8,74.2,102.2,74.2,0.537,False,True,1208.8171,680.9891,0.2489,35.7259,-0.0236
1f61d972-e61b-4846-af3a-d09db9f111f8_1079-93,208,2,0,45.0,-26.4,366.5,378.1,366.5,0.674,False,True,427.0719,1162.7299,-0.4343,36.1844,-0.4859
1f61d972-e61b-4846-af3a-d09db9f111f8_1079-93,208,3,0,38.8,-33.6,380.1,372.1,372.1,0.723,False,True,662.8427,1326.6701,-0.301,38.0255,-0.3384
1f61d972-e61b-4846-af3a-d09db9f111f8_1079-93,208,3,1,584.6,51.7,56.0,80.6,56.0,0.626,False,True,1463.1734,911.5243,0.2053,36.6217,0.0378
1f61d972-e61b-4846-af3a-d09db9f111f8_1079-93,208,3,2,536.8,129.9,100.8,154.9,100.8,0.464,False,True,320.2657,1147.5568,-0.5533,33.6442,-0.5473
1f61d972-e61b-4846-af3a-d09db9f111f8_1079-93,208,4,0,27.9,-8.0,381.0,333.3,333.3,0.809,False,True,574.1771,1350.2056,-0.3709,35.3603,-0.3376
1f61d972-e61b-4846-af3a-d09db9f111f8_1079-93,208,5,0,48.4,-15.2,365.3,344.1,344.1,0.782,False,True,511.1071,1363.6931,-0.4257,31.2398,-0.2805
1f61d972-e61b-4846-af3a-d09db9f111f8_1079-93,208,5,1,522.9,84.5,114.3,186.3,114.3,0.463,False,True,1217.1104,1347.6708,-0.0442,41.4126,-0.1488
1f61d972-e61b-4846-af3a-d09db9f111f8_17-26,209,1,0,288.2,8.1,60.4,69.2,60.4,0.865,True,False,140.6282,914.656,-0.8106,17.7808,-0.3501
1f61d972-e61b-4846-af3a-d09db9f111f8_17-26,209,1,1,197.0,10.2,334.7,357.2,334.7,0.591,False,True,344.3792,901.7246,-0.4173,41.3411,-0.6947
1f61d972-e61b-4846-af3a-d09db9f111f8_17-26,209,1,2,230.3,94.7,82.1,114.8,82.1,0.485,False,False,446.6703,689.6971,-0.1883,29.95,-0.3023
1f61d972-e61b-4846-af3a-d09db9f111f8_17-26,209,2,0,343.8,22.3,55.2,62.9,55.2,0.848,True,False,70.2913,1111.9068,-1.1934,16.6675,-0.5923
1f61d972-e61b-4846-af3a-d09db9f111f8_17-26,209,3,0,354.3,16.0,55.3,62.0,55.3,0.891,True,False,133.9301,1091.5583,-0.9083,15.3032,-0.2413
1f61d972-e61b-4846-af3a-d09db9f111f8_17-26,209,3,1,249.2,15.3,310.5,358.4,310.5,0.51,False,True,406.2694,1152.769,-0.4522,34.1236,-0.4566
1f61d972-e61b-4846-af3a-d09db9f111f8_17-26,209,4,0,151.3,-17.7,349.5,418.1,349.5,0.69,True,True,413.8828,826.8243,-0.3,34.5336,-0.4589
1f61d972-e61b-4846-af3a-d09db9f111f8_17-26,209,5,0,120.0,-21.6,379.2,420.2,379.2,0.663,True,True,504.1874,963.9275,-0.281,37.0212,-0.4338
1f61d972-e61b-4846-af3a-d09db9f111f8_17-26,209,5,1,286.2,-1.9,65.7,49.4,49.4,0.472,False,True,411.9792,644.1859,-0.1938,19.1805,0.049
1f6eb61d-74fa-411e-979c-2e66e71f2b7d_345-36,210,2,0,257.1,253.0,71.7,103.1,71.7,0.566,False,True,77.4532,382.3922,-0.689,20.3482,-0.7235
1f6eb61d-74fa-411e-979c-2e66e71f2b7d_345-36,210,2,1,149.1,77.7,9.2,11.1,9.2,0.417,False,False,1130.0677,6452.3115,-0.7563,13.6272,0.7823
1f6eb61d-74fa-411e-979c-2e66e71f2b7d_345-36,210,3,0,326.4,109.3,70.9,77.7,70.9,0.403,False,False,418.4572,485.4008,-0.0643,29.264,-0.3105
201af2e0-72dd-466c-8280-8c3dc00a7981_1276-29,213,1,0,222.5,152.4,27.2,31.4,27.2,0.718,True,False,4.3371,452.5275,-1.9293,17.2684,-1.7487
201af2e0-72dd-466c-8280-8c3dc00a7981_1276-29,213,2,0,375.5,182.1,69.3,87.7,69.3,0.861,False,False,4.3187,339.0358,-1.8057,35.6724,-2.3792
201af2e0-72dd-466c-8280-8c3dc00a7981_1276-29,213,2,1,103.6,208.0,25.2,29.5,25.2,0.728,True,False,4.315,198.0532,-1.5735,19.6895,-1.8641
201af2e0-72dd-466c-8280-8c3dc00a7981_1276-29,213,4,0,244.1,162.3,33.7,37.5,33.7,0.638,False,False,4.0343,8.8457,-0.2913,22.6207,-2.0079
201af2e0-72dd-466c-8280-8c3dc00a7981_1276-29,213,5,0,387.2,165.7,36.7,41.0,36.7,0.559,False,False,4.5269,67.608,-1.0939,28.723,-2.1745
201af2e0-72dd-466c-8280-8c3dc00a7981_602-53,214,4,0,246.5,54.5,135.1,164.6,135.1,0.571,False,False,546.1281,536.9126,0.0074,45.0618,-0.5697
201af2e0-72dd-466c-8280-8c3dc00a7981_602-53,214,4,1,40.0,61.7,23.9,29.1,23.9,0.564,False,False,435.7106,2658.7242,-0.7846,30.0941,-0.3172
201af2e0-72dd-466c-8280-8c3dc00a7981_602-53,214,4,2,391.9,50.9,29.7,35.5,29.7,0.497,False,False,3.8677,165.0931,-1.533,28.722,-2.2296
201af2e0-72dd-466c-8280-8c3dc00a7981_602-53,214,4,3,313.2,97.8,26.4,31.6,26.4,0.477,False,False,953.4531,710.4436,0.1276,41.5757,-0.2582
201af2e0-72dd-466c-8280-8c3dc00a7981_602-53,214,5,0,407.6,28.0,36.1,41.2,36.1,0.626,True,False,4.5963,1337.3796,-2.3787,22.9079,-1.9729
201af2e0-72dd-466c-8280-8c3dc00a7981_602-53,214,5,1,317.0,74.5,24.6,29.9,24.6,0.592,False,False,2918.9693,1575.0295,0.2678,43.2049,0.1941
201af2e0-72dd-466c-8280-8c3dc00a7981_602-53,214,5,2,323.1,81.7,91.7,125.6,91.7,0.56,False,False,3178.3444,573.0363,0.7434,77.4259,-0.2755
20525d50-586a-4792-bfdb-fd941ee64ea9_547-93,215,1,0,555.2,239.1,21.8,25.1,21.8,0.591,False,False,943.6033,1008.57,-0.0289,40.286,-0.2353
20525d50-586a-4792-bfdb-fd941ee64ea9_89-29,216,1,0,408.6,8.1,203.9,220.3,203.9,0.427,False,False,6.6586,41.5236,-0.7445,58.4717,-2.6499
20525d50-586a-4792-bfdb-fd941ee64ea9_89-29,216,3,0,380.8,8.5,121.8,119.1,119.1,0.832,True,False,10.3912,804.6859,-1.8496,40.6532,-2.1619
20525d50-586a-4792-bfdb-fd941ee64ea9_89-29,216,5,0,232.8,-0.2,111.8,115.4,111.8,0.918,True,True,92.9212,127.2604,-0.1353,56.7595,-1.5354
20c165c7-6d47-4264-8e62-9f1e643a4d03_2858-81,217,1,0,312.2,280.6,37.9,60.3,37.9,0.66,False,False,538.032,3636.3034,-0.8292,27.1748,-0.1373
20c165c7-6d47-4264-8e62-9f1e643a4d03_2858-81,217,1,1,530.7,286.6,22.8,27.5,22.8,0.598,False,False,39.905,1782.3775,-1.6395,32.0586,-1.4005
20c165c7-6d47-4264-8e62-9f1e643a4d03_2858-81,217,1,2,584.2,295.7,18.6,21.9,18.6,0.579,False,False,623.7977,1894.9289,-0.4821,13.1901,0.5528
20c165c7-6d47-4264-8e62-9f1e643a4d03_2858-81,217,1,3,393.5,246.7,24.9,30.2,24.9,0.42,False,False,21.92,3254.6705,-2.1524,12.0285,-0.8032
20c165c7-6d47-4264-8e62-9f1e643a4d03_2858-81,217,2,0,215.4,281.0,39.0,70.1,39.0,0.784,False,False,3182.1263,3257.7778,-0.0102,49.9456,0.1057
20c165c7-6d47-4264-8e62-9f1e643a4d03_2858-81,217,2,1,574.5,224.4,17.5,22.5,17.5,0.638,True,False,713.8941,2508.7062,-0.5454,33.4392,-0.1947
20c165c7-6d47-4264-8e62-9f1e643a4d03_2858-81,217,2,2,592.8,203.7,30.0,35.5,30.0,0.635,False,False,13.5677,2423.2902,-2.2212,7.4749,-0.5915
20c165c7-6d47-4264-8e62-9f1e643a4d03_2858-81,217,2,3,445.0,234.1,20.2,24.6,20.2,0.533,False,False,54.0275,4999.5098,-1.9584,43.1018,-1.5286
20c165c7-6d47-4264-8e62-9f1e643a4d03_2858-81,217,2,4,105.0,241.8,7.1,8.3,7.1,0.532,False,False,5302.0247,10471.427,-0.2955,56.7403,0.2166
20c165c7-6d47-4264-8e62-9f1e643a4d03_2858-81,217,2,5,379.7,298.2,37.7,55.4,37.7,0.494,False,False,864.5347,1579.2016,-0.2614,39.3767,-0.2535
20c165c7-6d47-4264-8e62-9f1e643a4d03_2858-81,217,2,6,73.1,227.4,7.4,8.7,7.4,0.47,False,False,276.6389,8335.2356,-1.4775,4.723,1.076
20c165c7-6d47-4264-8e62-9f1e643a4d03_2858-81,217,2,7,292.3,221.3,22.1,25.6,22.1,0.428,False,False,15.0352,2837.2979,-2.248,13.7042,-1.0709
20c165c7-6d47-4264-8e62-9f1e643a4d03_2858-81,217,2,8,488.5,239.7,25.0,31.5,25.0,0.4,False,False,35.8144,3545.1179,-1.9837,13.379,-0.6893
20c165c7-6d47-4264-8e62-9f1e643a4d03_2858-81,217,3,0,573.4,127.8,30.5,41.7,30.5,0.803,True,False,69.388,2032.4925,-1.4607,10.4354,-0.1935
20c165c7-6d47-4264-8e62-9f1e643a4d03_2858-81,217,3,1,477.3,147.8,25.3,32.3,25.3,0.693,True,False,41.2387,2896.2769,-1.8363,11.923,-0.5301
20c165c7-6d47-4264-8e62-9f1e643a4d03_2858-81,217,3,2,184.7,175.9,40.5,65.0,40.5,0.69,True,False,528.4664,3196.0596,-0.7809,29.9053,-0.2281
20c165c7-6d47-4264-8e62-9f1e643a4d03_2858-81,217,3,3,199.5,132.9,34.1,45.6,34.1,0.664,True,False,92.1785,3167.4102,-1.5315,26.9214,-0.8915
20c165c7-6d47-4264-8e62-9f1e643a4d03_2858-81,217,3,4,423.8,146.6,23.5,28.9,23.5,0.537,False,False,51.3714,3821.3023,-1.8632,32.6494,-1.3091
20c165c7-6d47-4264-8e62-9f1e643a4d03_2858-81,217,4,0,499.7,58.4,31.1,39.5,31.1,0.807,True,False,4.1788,2833.8837,-2.7383,8.6918,-1.1697
20c165c7-6d47-4264-8e62-9f1e643a4d03_2858-81,217,4,1,276.6,96.5,44.2,83.1,44.2,0.777,False,False,1400.8136,1768.8428,-0.1012,40.141,-0.0608
20c165c7-6d47-4264-8e62-9f1e643a4d03_2858-81,217,4,2,413.8,72.0,23.8,31.6,23.8,0.727,True,False,32.5286,3016.5642,-1.9542,9.0939,-0.3973
20c165c7-6d47-4264-8e62-9f1e643a4d03_2858-81,217,4,3,190.7,37.0,45.0,65.7,45.0,0.569,False,False,827.3632,2452.1556,-0.4715,21.9805,0.2332
20c165c7-6d47-4264-8e62-9f1e643a4d03_2858-81,217,4,4,354.9,66.9,19.8,24.8,19.8,0.542,False,False,34.6025,4691.4631,-2.1199,39.9897,-1.6527
20c165c7-6d47-4264-8e62-9f1e643a4d03_2858-81,217,4,5,107.5,70.7,33.9,40.2,33.9,0.461,False,False,7.1444,2679.0752,-2.5173,19.6693,-1.6778
20c165c7-6d47-4264-8e62-9f1e643a4d03_2858-81,217,5,0,54.3,56.2,32.4,42.9,32.4,0.762,False,False,6.9173,2624.6794,-2.5207,16.306,-1.5277
20c165c7-6d47-4264-8e62-9f1e643a4d03_2858-81,217,5,1,391.4,39.1,22.6,28.0,22.6,0.687,False,False,13.1563,2393.681,-2.2283,5.4288,-0.333
20c165c7-6d47-4264-8e62-9f1e643a4d03_2858-81,217,5,2,610.4,28.8,30.8,50.8,30.8,0.671,True,True,1247.1079,2711.7655,-0.3372,29.7447,0.1489
20c165c7-6d47-4264-8e62-9f1e643a4d03_2858-81,217,5,3,490.3,18.4,34.7,43.6,34.7,0.663,True,False,3.9245,2585.0067,-2.7203,10.0736,-1.3183
20c165c7-6d47-4264-8e62-9f1e643a4d03_2858-81,217,5,4,163.4,23.7,31.9,39.6,31.9,0.652,True,False,484.0344,3590.9504,-0.8696,28.4066,-0.2216
20c165c7-6d47-4264-8e62-9f1e643a4d03_2858-81,217,5,5,614.2,241.0,23.2,41.8,23.2,0.448,False,True,3988.3023,3717.0984,0.0306,60.4587,0.0379
2131b8e4-79b5-48f7-b092-e4a13ed96749_1086-27,218,1,0,421.0,79.3,43.5,54.3,43.5,0.559,False,False,563.469,48.4797,1.0572,17.6508,0.2567
2131b8e4-79b5-48f7-b092-e4a13ed96749_1086-27,218,2,0,354.6,164.5,51.2,58.7,51.2,0.478,False,False,789.5207,95.5476,0.9132,15.7803,0.4999
2131b8e4-79b5-48f7-b092-e4a13ed96749_1086-27,218,4,0,438.9,1.5,46.0,31.9,31.9,0.725,True,True,5.8136,2.8775,0.2448,4.2143,-0.4399
2131b8e4-79b5-48f7-b092-e4a13ed96749_1086-27,218,4,1,242.7,70.2,18.4,24.5,18.4,0.423,False,False,5.9033,10.8909,-0.2362,3.2822,-0.2318
2131b8e4-79b5-48f7-b092-e4a13ed96749_1086-27,218,4,2,295.9,4.5,39.4,36.8,36.8,0.4,False,False,40.3695,10.2373,0.566,8.695,-0.2676
2131b8e4-79b5-48f7-b092-e4a13ed96749_1086-27,218,5,0,445.8,7.9,45.3,52.6,45.3,0.847,True,False,5.8557,2.0539,0.3512,5.7436,-0.6953
2131b8e4-79b5-48f7-b092-e4a13ed96749_1086-27,218,5,1,324.6,23.3,36.8,43.0,36.8,0.772,True,False,14.8788,64.6231,-0.6162,10.5247,-0.8475
2131b8e4-79b5-48f7-b092-e4a13ed96749_1086-27,218,5,2,253.9,66.0,66.4,70.9,66.4,0.493,False,False,208.5113,485.1319,-0.3655,12.801,0.1041
2131b8e4-79b5-48f7-b092-e4a13ed96749_2003-33,219,1,0,418.6,1.5,50.2,34.6,34.6,0.845,True,True,5.4633,5.7616,-0.0196,4.3296,-0.485
2131b8e4-79b5-48f7-b092-e4a13ed96749_2003-33,219,2,0,421.2,1.6,47.3,34.9,34.9,0.864,True,True,4.8832,5.3847,-0.0355,4.1792,-0.4967
2131b8e4-79b5-48f7-b092-e4a13ed96749_2003-33,219,3,0,415.5,0.7,49.8,34.8,34.8,0.856,True,True,4.9335,4.5185,0.0315,4.0104,-0.4593
2131b8e4-79b5-48f7-b092-e4a13ed96749_2003-33,219,4,0,406.2,5.0,47.7,51.8,47.7,0.859,True,False,4.1148,71.2491,-1.15,5.8054,-0.8315
2131b8e4-79b5-48f7-b092-e4a13ed96749_2003-33,219,4,1,256.0,1.2,34.9,30.8,30.8,0.846,True,True,8.4062,9.661,-0.0544,5.5308,-0.5261
2131b8e4-79b5-48f7-b092-e4a13ed96749_2003-33,219,5,0,406.4,3.8,47.1,51.0,47.1,0.89,True,True,4.8713,3.6411,0.1021,5.8275,-0.7748
2131b8e4-79b5-48f7-b092-e4a13ed96749_2003-33,219,5,1,255.5,0.3,35.9,31.8,31.8,0.865,True,True,9.2213,12.2268,-0.112,5.6278,-0.5047
2137f7a2-dce3-4d95-859d-ad2a50b0cd09_1373-29,220,4,0,435.9,0.7,122.3,115.2,115.2,0.933,True,True,65.1649,47.9075,0.1313,62.0145,-1.7645
2137f7a2-dce3-4d95-859d-ad2a50b0cd09_1373-29,220,5,0,427.3,57.1,153.1,177.1,153.1,0.868,False,False,90.6494,184.8549,-0.307,66.46,-1.6831
2142bbd6-da88-4976-8668-8f21c27ed456_775-93,221,1,0,217.2,129.1,103.6,174.3,103.6,0.49,False,False,1010.6717,545.768,0.2672,35.7192,-0.1011
2142bbd6-da88-4976-8668-8f21c27ed456_775-93,221,2,0,185.7,252.1,71.4,98.9,71.4,0.713,False,False,48.6569,523.8269,-1.024,19.8193,-0.8993
2142bbd6-da88-4976-8668-8f21c27ed456_775-93,221,2,1,149.8,63.8,178.9,232.0,178.9,0.488,False,False,1019.1515,459.2213,0.3457,36.6654,-0.1202
2142bbd6-da88-4976-8668-8f21c27ed456_775-93,221,3,0,237.0,217.2,47.0,60.2,47.0,0.541,False,False,1198.0791,4148.8797,-0.5392,26.3508,0.2366
2142bbd6-da88-4976-8668-8f21c27ed456_775-93,221,4,0,180.4,302.0,93.0,100.6,93.0,0.509,False,False,408.1257,2179.1404,-0.7266,24.1616,-0.1551
2142bbd6-da88-4976-8668-8f21c27ed456_775-93,221,5,0,217.0,234.8,80.8,93.0,80.8,0.755,True,False,26.8324,301.5315,-1.0362,19.1326,-1.1202
2142bbd6-da88-4976-8668-8f21c27ed456_775-93,221,5,1,188.5,119.1,153.1,177.1,153.1,0.404,False,False,108.667,292.5098,-0.4275,42.7625,-1.2223
21438820-16d7-4fcd-b0d0-5def201fc65e_1321-22,222,1,0,120.4,6.9,95.5,109.3,95.5,0.867,True,False,28.9816,785.5068,-1.4188,27.1137,-1.3901
21438820-16d7-4fcd-b0d0-5def201fc65e_1321-22,222,2,0,161.8,65.8,83.3,91.9,83.3,0.866,True,False,35.5443,469.322,-1.1096,27.0238,-1.3013
21438820-16d7-4fcd-b0d0-5def201fc65e_1321-22,222,3,0,129.9,6.3,113.7,120.2,113.7,0.89,True,False,30.5558,136.9888,-0.6408,36.6252,-1.6288
21438820-16d7-4fcd-b0d0-5def201fc65e_1321-22,222,4,0,345.7,3.5,80.9,58.8,58.8,0.85,True,True,29.5319,178.8248,-0.7701,43.4929,-1.7923
21438820-16d7-4fcd-b0d0-5def201fc65e_1321-22,222,5,0,470.0,10.4,97.1,93.5,93.5,0.852,True,False,41.5764,39.8441,0.018,43.0427,-1.6389
214b62df-2fb1-4b0e-af9d-42b0dd37defb_1307-44,224,3,0,1.7,-3.2,150.6,136.4,136.4,0.416,False,True,789.7689,649.6932,0.0847,72.7776,-0.826
214b62df-2fb1-4b0e-af9d-42b0dd37defb_1307-44,224,4,0,541.5,26.8,48.1,67.9,48.1,0.566,False,False,298.2357,314.5208,-0.023,12.3071,0.2928
214b62df-2fb1-4b0e-af9d-42b0dd37defb_1307-44,224,5,0,540.7,26.4,49.1,65.9,49.1,0.597,False,False,361.8331,324.8165,0.0467,12.5902,0.3569
214b62df-2fb1-4b0e-af9d-42b0dd37defb_138-53,225,1,0,399.5,140.3,106.6,107.7,106.6,0.652,False,False,198.0832,399.221,-0.3033,35.7962,-0.809
214b62df-2fb1-4b0e-af9d-42b0dd37defb_138-53,225,3,0,243.9,102.7,55.9,63.8,55.9,0.543,False,False,870.4299,1068.4832,-0.0889,18.6297,0.3986
214b62df-2fb1-4b0e-af9d-42b0dd37defb_138-53,225,5,0,271.6,184.6,115.7,171.4,115.7,0.414,False,False,644.9716,996.4521,-0.1887,51.2636,-0.6096
214b62df-2fb1-4b0e-af9d-42b0dd37defb_1599-71,226,3,0,415.5,111.1,88.0,110.0,88.0,0.699,False,False,553.2346,1640.6074,-0.4716,36.3755,-0.3783
214b62df-2fb1-4b0e-af9d-42b0dd37defb_1599-71,226,5,0,360.5,128.9,98.7,92.0,92.0,0.455,False,False,1715.7099,1258.9247,0.1344,60.1023,-0.3232
214b62df-2fb1-4b0e-af9d-42b0dd37defb_1955-31,227,1,0,558.5,231.3,18.1,23.9,18.1,0.463,False,False,665.8322,2057.2414,-0.4895,18.1649,0.3042
214b62df-2fb1-4b0e-af9d-42b0dd37defb_1955-31,227,4,0,347.4,109.5,86.6,106.9,86.6,0.73,False,False,223.2761,1240.0084,-0.743,40.839,-0.8716
214b62df-2fb1-4b0e-af9d-42b0dd37defb_1955-31,227,4,1,109.8,-3.1,50.5,35.8,35.8,0.587,False,True,328.0901,826.1075,-0.4002,11.3958,0.4005
214b62df-2fb1-4b0e-af9d-42b0dd37defb_1955-31,227,5,0,297.4,189.4,72.8,80.9,72.8,0.747,False,False,1043.8312,516.8329,0.3049,54.2087,-0.4492
214b62df-2fb1-4b0e-af9d-42b0dd37defb_1955-31,227,5,1,132.4,0.2,53.3,44.1,44.1,0.649,False,True,587.7782,941.6774,-0.2044,15.7835,0.3718
214b62df-2fb1-4b0e-af9d-42b0dd37defb_2076-23,230,1,0,372.3,160.8,85.2,106.5,85.2,0.476,False,False,1130.8969,1781.2642,-0.1972,26.9246,0.1929
214b62df-2fb1-4b0e-af9d-42b0dd37defb_2076-23,230,3,0,536.1,71.0,16.4,20.2,16.4,0.576,False,False,1996.9948,3934.0529,-0.2944,16.8528,0.8457
214b62df-2fb1-4b0e-af9d-42b0dd37defb_2076-23,230,4,0,517.2,55.6,15.7,19.1,15.7,0.678,False,False,1165.0874,2118.5156,-0.2595,14.7002,0.7301
214b62df-2fb1-4b0e-af9d-42b0dd37defb_2181-76,231,1,0,448.4,2.1,23.8,22.5,22.5,0.504,False,True,1110.5547,4095.7953,-0.5665,15.2741,0.6762
214b62df-2fb1-4b0e-af9d-42b0dd37defb_2189-63,232,1,0,384.7,162.5,120.3,126.0,120.3,0.647,False,False,553.2932,1963.3602,-0.5495,47.7272,-0.614
214b62df-2fb1-4b0e-af9d-42b0dd37defb_800-76,233,4,0,626.7,28.7,15.0,22.5,15.0,0.467,False,True,2052.5536,1193.0616,0.2355,15.7218,0.9177
214b62df-2fb1-4b0e-af9d-42b0dd37defb_800-76,233,5,0,122.5,102.0,67.6,94.0,67.6,0.519,False,False,143.869,497.3004,-0.5365,27.6559,-0.7232
225a1ffe-3e7e-4ff8-a47e-2e80989077fe_94-47,234,5,0,186.2,18.0,79.9,85.0,79.9,0.401,False,False,3.0792,226.0297,-1.7455,7.352,-1.1302
22653c79-369f-4a0d-a663-33a1da378fe0_292-96,236,2,0,1.3,237.1,50.8,57.1,50.8,0.49,False,True,1995.8569,2236.701,-0.0495,58.2797,-0.2308
22653c79-369f-4a0d-a663-33a1da378fe0_292-96,236,2,1,545.4,124.4,19.1,22.6,19.1,0.418,False,False,9987.1517,9115.459,0.0397,49.5283,0.6096
22f68c6a-b8dd-44e6-b1fe-d4e619e72f59_662-18,237,3,0,273.6,270.4,224.9,215.1,215.1,0.482,False,True,2391.9284,2453.7892,-0.0111,56.2053,-0.1208
22f68c6a-b8dd-44e6-b1fe-d4e619e72f59_662-18,237,4,0,27.1,147.5,30.8,42.2,30.8,0.607,False,False,10476.6893,4877.0509,0.332,50.3625,0.6159
22f68c6a-b8dd-44e6-b1fe-d4e619e72f59_662-18,237,5,0,22.7,268.6,133.5,174.7,133.5,0.472,False,False,699.26,3415.6169,-0.6883,52.0944,-0.5885
235b49d2-b59c-4079-81cc-ad9c01dbd2df_22-56,238,2,0,338.5,89.5,271.1,266.4,266.4,0.471,False,False,437.1262,1431.8984,-0.5146,35.1497,-0.4506
235b49d2-b59c-4079-81cc-ad9c01dbd2df_22-56,238,2,1,588.6,56.5,50.5,90.0,50.5,0.438,False,True,1289.5647,298.9306,0.6338,28.0908,0.2131
235b49d2-b59c-4079-81cc-ad9c01dbd2df_22-56,238,3,0,464.2,4.5,114.0,105.5,105.5,0.45,False,False,2383.3902,1676.7267,0.1527,53.2542,-0.0755
235b49d2-b59c-4079-81cc-ad9c01dbd2df_22-56,238,5,0,521.5,127.0,29.0,39.3,29.0,0.519,False,False,2332.2962,2285.4322,0.0088,26.9348,0.5067
23ac3708-df1d-4bb0-a4c7-b2a66855dccb_447-26,240,2,0,346.2,218.6,28.5,37.5,28.5,0.49,False,False,1328.1534,815.0277,0.2119,47.098,-0.2226
23ac3708-df1d-4bb0-a4c7-b2a66855dccb_447-26,240,3,0,414.7,237.2,61.4,88.3,61.4,0.895,False,False,72.1489,30.3941,0.3674,37.3593,-1.2809
23ac3708-df1d-4bb0-a4c7-b2a66855dccb_447-26,240,5,0,208.5,239.0,61.1,96.3,61.1,0.752,False,False,26.4574,260.055,-0.9781,35.6041,-1.6647
23ac3708-df1d-4bb0-a4c7-b2a66855dccb_950-08,241,1,0,95.0,115.6,88.7,94.1,88.7,0.758,False,False,522.6853,1243.1403,-0.3758,48.5333,-0.6532
23ac3708-df1d-4bb0-a4c7-b2a66855dccb_950-08,241,1,1,492.8,11.3,82.7,84.3,82.7,0.447,False,False,118.1342,98.2787,0.0792,25.055,-0.7224
23ac3708-df1d-4bb0-a4c7-b2a66855dccb_950-08,241,2,0,72.1,54.5,94.8,114.8,94.8,0.772,False,False,95.1558,1072.849,-1.048,50.8479,-1.4297
23ac3708-df1d-4bb0-a4c7-b2a66855dccb_950-08,241,2,1,552.8,2.7,82.1,73.6,73.6,0.439,False,True,145.1109,555.34,-0.5807,32.1567,-0.8503
23ac3708-df1d-4bb0-a4c7-b2a66855dccb_950-08,241,3,0,-0.9,-2.7,149.5,169.9,149.5,0.933,True,True,24.1634,888.4018,-1.5483,42.0639,-1.8473
23ac3708-df1d-4bb0-a4c7-b2a66855dccb_950-08,241,4,0,-0.0,12.5,91.2,139.3,91.2,0.746,True,True,5.7542,634.4024,-1.9735,25.7526,-1.9927
23ac3708-df1d-4bb0-a4c7-b2a66855dccb_950-08,241,5,0,-5.5,18.5,236.4,320.2,236.4,0.566,False,True,847.894,222.773,0.579,75.7364,-0.8298
23ad5ebf-6223-4938-8609-d5df7afcf599_267-76,242,5,0,294.8,8.3,146.0,174.9,146.0,0.483,False,False,30.8333,98.731,-0.4959,11.3308,-0.609
243e800d-fc75-473d-b944-a95844e13a78_1602-75,243,1,0,57.8,30.7,182.1,231.2,182.1,0.444,False,False,175.5667,822.4323,-0.6687,51.9122,-1.1838
24c447b6-094f-49a6-9c20-ed594ab0da65_0-04,244,5,0,128.8,53.3,42.5,45.7,42.5,0.416,False,False,726.6144,26.9488,1.4155,52.8969,-0.5851
24c447b6-094f-49a6-9c20-ed594ab0da65_947-73,245,3,0,123.1,142.2,18.3,22.6,18.3,0.757,True,False,40.8057,453.0103,-1.0358,8.4562,-0.2392
24c447b6-094f-49a6-9c20-ed594ab0da65_947-73,245,3,1,320.5,154.3,17.0,24.6,17.0,0.647,True,False,105.2573,204.5852,-0.2866,13.485,-0.2357
24c447b6-094f-49a6-9c20-ed594ab0da65_947-73,245,3,2,201.5,126.3,16.6,20.0,16.6,0.557,False,False,130.4344,666.0141,-0.7054,20.0095,-0.4848
24c447b6-094f-49a6-9c20-ed594ab0da65_947-73,245,4,0,132.9,133.9,42.1,46.9,42.1,0.792,True,False,21.9428,153.4326,-0.8281,21.7185,-1.3139
24c447b6-094f-49a6-9c20-ed594ab0da65_947-73,245,4,1,93.1,117.1,22.4,27.0,22.4,0.787,False,False,49.3019,100.155,-0.3034,14.3867,-0.6164
24c447b6-094f-49a6-9c20-ed594ab0da65_947-73,245,5,0,178.3,-1.7,77.7,49.7,49.7,0.565,False,True,25.051,7.9927,0.4619,21.0495,-1.2316
254029e5-fed4-40a7-bef1-12b9faff3202_1017-93,248,2,0,-0.3,60.1,35.3,79.0,35.3,0.52,False,True,71.6536,1546.9673,-1.3285,7.1589,0.1432
254029e5-fed4-40a7-bef1-12b9faff3202_1017-93,248,3,0,-0.4,57.4,54.1,102.0,54.1,0.526,False,True,2.2855,972.6545,-2.4718,3.6349,-0.6361
254029e5-fed4-40a7-bef1-12b9faff3202_1017-93,248,5,0,1.5,65.6,54.6,92.9,54.6,0.665,False,True,2.4165,836.185,-2.3892,3.34,-0.5512
258a7d18-4e66-4e3a-9fa0-f8daf7315a6d_1892-58,250,3,0,444.5,0.2,210.0,330.4,210.0,0.546,False,True,490.9498,990.6469,-0.3044,26.5254,-0.156
25beabfc-48c0-4f81-b419-c47297aecf6f_203-09,252,2,0,415.7,61.8,7.8,9.7,7.8,0.634,True,False,19.6875,7171.1148,-2.5399,7.9911,-0.4962
25beabfc-48c0-4f81-b419-c47297aecf6f_203-09,252,3,0,143.7,419.9,54.2,61.5,54.2,0.783,False,True,1780.347,2710.1836,-0.1824,27.8312,0.3611
25beabfc-48c0-4f81-b419-c47297aecf6f_203-09,252,3,1,374.1,48.1,7.4,8.7,7.4,0.43,False,False,392.9722,9926.9284,-1.4014,10.9861,0.5102
25beabfc-48c0-4f81-b419-c47297aecf6f_203-09,252,4,0,143.2,404.8,59.7,68.0,59.7,0.717,False,False,2122.158,4347.5852,-0.3114,28.7566,0.409
25beabfc-48c0-4f81-b419-c47297aecf6f_203-09,252,4,1,391.9,38.0,8.1,10.0,8.1,0.531,False,False,14.0889,11494.6556,-2.8819,11.1588,-0.9201
25beabfc-48c0-4f81-b419-c47297aecf6f_203-09,252,4,2,555.7,17.8,59.0,78.8,59.0,0.48,False,False,1899.6422,3987.8515,-0.3219,49.8462,-0.1165
25beabfc-48c0-4f81-b419-c47297aecf6f_203-09,252,5,0,197.8,369.4,60.7,72.0,60.7,0.465,False,False,159.8332,357.2745,-0.3478,23.3336,-0.5304
25f88143-835a-4ac9-9272-eada5dbb8440_162-66,253,1,0,120.4,297.8,73.1,87.6,73.1,0.621,False,False,72.7724,68.4738,0.0261,40.3868,-1.3449
25f88143-835a-4ac9-9272-eada5dbb8440_162-66,253,1,1,58.9,328.9,111.1,136.2,111.1,0.578,False,False,36.395,166.3971,-0.6509,35.0562,-1.5171
25f88143-835a-4ac9-9272-eada5dbb8440_162-66,253,4,0,0.7,57.5,26.7,46.0,26.7,0.455,False,True,86.4727,64.47,0.1258,22.0571,-0.7461
25f88143-835a-4ac9-9272-eada5dbb8440_162-66,253,5,0,515.4,45.1,69.2,100.3,69.2,0.796,True,False,9.5678,873.84,-1.9179,19.8424,-1.5723
26192bcd-7240-4d7b-8306-fa4eed0264f2_4935-17,254,1,0,491.5,-4.1,60.6,102.7,60.6,0.516,False,True,826.9806,461.1007,0.2533,51.9019,-0.5125
26192bcd-7240-4d7b-8306-fa4eed0264f2_4935-17,254,1,1,160.1,1.2,38.4,30.2,30.2,0.475,False,True,15.7976,1234.5838,-1.8666,29.2714,-1.7081
26192bcd-7240-4d7b-8306-fa4eed0264f2_4935-17,254,2,0,549.0,0.8,24.9,22.0,22.0,0.641,False,True,1898.0288,855.0448,0.346,38.413,0.1093
26192bcd-7240-4d7b-8306-fa4eed0264f2_4935-17,254,2,1,88.4,5.4,140.0,139.9,139.9,0.53,False,False,195.7445,952.1247,-0.6852,36.8191,-0.8386
26192bcd-7240-4d7b-8306-fa4eed0264f2_4935-17,254,2,2,376.2,1.4,50.5,44.3,44.3,0.443,False,True,1440.4795,1886.7681,-0.1171,27.2652,0.287
26192bcd-7240-4d7b-8306-fa4eed0264f2_4935-17,254,4,0,17.3,56.4,33.6,39.5,33.6,0.53,False,False,1918.3054,1914.514,0.0009,38.5904,0.1099
26192bcd-7240-4d7b-8306-fa4eed0264f2_4935-17,254,5,0,422.5,19.7,105.0,142.0,105.0,0.654,False,False,61.9171,1381.473,-1.3419,22.8147,-0.9185
26192bcd-7240-4d7b-8306-fa4eed0264f2_4935-17,254,5,1,579.9,5.5,54.0,61.5,54.0,0.444,False,False,1915.636,614.5206,0.4933,38.1084,0.1202
261edec2-f089-4a74-b25f-ddf32c92f90c_801-93,256,1,0,312.3,295.2,8.5,10.2,8.5,0.487,False,False,1734.9275,3305.7539,-0.2799,20.5922,0.6111
261edec2-f089-4a74-b25f-ddf32c92f90c_801-93,256,2,0,314.4,293.3,10.1,12.5,10.1,0.401,False,False,6194.7956,3871.0564,0.2042,32.5214,0.7673
262fd2ec-8eba-44d9-8082-4d0574f7a515_1440-24,258,4,0,150.3,126.9,58.0,68.6,58.0,0.444,False,False,2142.7561,1849.8079,0.0638,63.237,-0.2709
262fd2ec-8eba-44d9-8082-4d0574f7a515_3060-97,260,5,0,435.0,128.1,185.5,204.7,185.5,0.9,False,False,209.0555,79.5939,0.416,55.3478,-1.164
2680068d-b3ae-42d8-971f-e842c2d4fbb4_739-57,263,5,0,287.7,19.1,58.5,78.8,58.5,0.928,True,False,87.182,139.8986,-0.2035,33.2248,-1.0979
268a17eb-3f11-45d4-a671-9e0d8a637363_2969-91,264,2,0,432.0,-0.7,156.1,135.7,135.7,0.461,False,True,1811.7207,1513.384,0.0781,38.3704,0.09
268a17eb-3f11-45d4-a671-9e0d8a637363_2969-91,264,5,0,147.1,127.5,55.6,65.5,55.6,0.705,False,False,1772.8731,2506.3657,-0.1503,37.248,0.1064
27f9cd4e-8b61-477c-9b63-ca3d437a0dff_855-42,266,3,0,267.4,372.4,33.4,43.1,33.4,0.665,False,False,4296.5269,5465.3448,-0.1045,45.4185,0.3185
27f9cd4e-8b61-477c-9b63-ca3d437a0dff_855-42,266,4,0,598.1,95.3,44.9,82.6,44.9,0.765,True,True,529.113,532.8392,-0.003,33.6336,-0.3296
27f9cd4e-8b61-477c-9b63-ca3d437a0dff_855-42,266,5,0,377.8,114.2,68.6,67.6,67.6,0.869,True,False,151.718,559.6582,-0.5648,25.4991,-0.6298
283a15b5-59ae-4f04-9738-bf49c97496a8_102-60,267,1,0,-67.0,-40.2,478.6,503.2,478.6,0.479,False,True,67.6511,125.3861,-0.2651,54.3774,-1.6343
283a15b5-59ae-4f04-9738-bf49c97496a8_102-60,267,4,0,163.1,130.5,44.8,56.9,44.8,0.923,True,False,49.5209,627.5742,-1.0949,20.2324,-0.9097
283a15b5-59ae-4f04-9738-bf49c97496a8_102-60,267,4,1,317.0,74.1,35.9,49.5,35.9,0.915,True,False,287.7775,330.5792,-0.06,35.5921,-0.6425
283a15b5-59ae-4f04-9738-bf49c97496a8_102-60,267,4,2,460.8,26.9,30.3,44.1,30.3,0.82,False,False,17.136,80.4206,-0.6522,17.8186,-1.2446
283a15b5-59ae-4f04-9738-bf49c97496a8_102-60,267,4,3,460.6,43.8,52.5,63.9,52.5,0.806,True,False,187.7604,71.955,0.4129,39.8739,-0.9257
283a15b5-59ae-4f04-9738-bf49c97496a8_102-60,267,5,0,539.5,46.6,52.0,60.9,52.0,0.931,True,False,517.0395,1766.0724,-0.5329,50.3418,-0.6897
283a15b5-59ae-4f04-9738-bf49c97496a8_102-60,267,5,1,380.8,48.4,36.3,47.5,36.3,0.928,True,False,797.414,2142.1824,-0.4288,49.4812,-0.4868
283a15b5-59ae-4f04-9738-bf49c97496a8_102-60,267,5,2,220.2,89.5,48.3,58.0,48.3,0.911,True,False,154.1733,2054.2045,-1.122,21.956,-0.4932
2859218c-84ee-4e85-833f-74255b355032_1032-03,268,1,0,130.2,80.3,289.3,315.4,289.3,0.529,False,False,518.684,1996.7393,-0.5848,38.4251,-0.4538
2859218c-84ee-4e85-833f-74255b355032_1032-03,268,2,0,114.1,64.7,301.3,404.2,301.3,0.654,False,False,721.26,2204.7666,-0.4849,37.2062,-0.2829
2859218c-84ee-4e85-833f-74255b355032_2390-60,269,3,0,409.7,424.7,58.1,52.8,52.8,0.447,False,True,310.4165,480.5345,-0.1893,35.8564,-0.6161
2859218c-84ee-4e85-833f-74255b355032_39-61,270,2,0,15.3,99.6,69.9,79.3,69.9,0.437,False,False,1566.0987,2800.1709,-0.2522,28.2935,0.2912
2859218c-84ee-4e85-833f-74255b355032_596-50,271,2,0,588.1,353.9,20.2,24.9,20.2,0.509,False,False,15040.2862,9767.001,0.1875,76.2032,0.4133
2876b375-e848-412c-8a6f-0664cbab6a33_574-54,273,1,0,444.6,253.7,44.9,45.7,44.9,0.701,True,False,1787.1594,551.8862,0.5098,43.6972,-0.0287
2876b375-e848-412c-8a6f-0664cbab6a33_574-54,273,2,0,474.5,210.8,54.9,66.8,54.9,0.886,True,False,1333.3965,1043.6196,0.1063,40.4634,-0.0891
2876b375-e848-412c-8a6f-0664cbab6a33_574-54,273,2,1,465.0,137.5,13.4,17.7,13.4,0.449,False,False,1557.2663,1579.3213,-0.0061,14.0155,0.8972
2876b375-e848-412c-8a6f-0664cbab6a33_574-54,273,3,0,435.4,270.0,29.7,37.6,29.7,0.55,False,False,898.6731,1423.0527,-0.1994,35.4965,-0.1466
2876b375-e848-412c-8a6f-0664cbab6a33_574-54,273,4,0,431.3,178.0,54.7,71.1,54.7,0.874,True,False,418.9484,1206.1948,-0.4586,31.0238,-0.3606
2876b375-e848-412c-8a6f-0664cbab6a33_574-54,273,5,0,325.3,118.7,71.5,92.4,71.5,0.912,True,False,505.0142,1764.7324,-0.5428,41.9409,-0.5414
287c98fa-f0a4-4944-b798-bcae618258d3_1087-69,274,1,0,233.5,155.4,22.3,30.8,22.3,0.418,False,False,9.612,36.2729,-0.5456,4.4986,-0.3013
287c98fa-f0a4-4944-b798-bcae618258d3_1087-69,274,2,0,124.3,102.9,64.8,79.7,64.8,0.866,True,False,4.7948,9.9443,-0.2762,15.2907,-1.6077
287c98fa-f0a4-4944-b798-bcae618258d3_1087-69,274,3,0,238.6,92.0,73.5,94.1,73.5,0.883,True,False,16.0959,28.4892,-0.2368,22.254,-1.4628
287c98fa-f0a4-4944-b798-bcae618258d3_1087-69,274,4,0,357.0,19.3,69.0,84.7,69.0,0.891,True,False,17.9812,63.9225,-0.5341,27.1942,-1.5912
287c98fa-f0a4-4944-b798-bcae618258d3_1087-69,274,5,0,363.0,4.2,65.5,80.1,65.5,0.902,True,False,16.5376,52.3928,-0.4835,25.2929,-1.5627
2893d559-89cb-4125-a761-3ff8e68768a9_638-82,276,3,0,569.2,171.3,52.4,85.9,52.4,0.86,False,False,152.4797,598.0653,-0.5914,20.9776,-0.4584
2893d559-89cb-4125-a761-3ff8e68768a9_638-82,276,5,0,602.1,161.0,34.3,63.6,34.3,0.818,True,True,595.5521,1846.7911,-0.491,19.0954,0.2126
2893d559-89cb-4125-a761-3ff8e68768a9_84-09,277,4,0,286.9,222.0,8.7,10.7,8.7,0.487,False,False,4513.8733,4048.5688,0.0472,23.1652,0.9242
2893d559-89cb-4125-a761-3ff8e68768a9_84-09,277,5,0,155.9,134.5,17.9,22.5,17.9,0.86,True,False,639.7818,1508.3005,-0.3721,20.3507,0.1885
2893d559-89cb-4125-a761-3ff8e68768a9_88-42,278,1,0,171.1,141.7,16.6,21.1,16.6,0.846,True,False,826.6802,1455.8023,-0.2455,23.5554,0.1729
28ff9118-e876-497c-9901-cb89a62509fc_432-66,279,1,0,143.2,75.0,16.2,20.4,16.2,0.842,True,False,497.904,499.4778,-0.0014,21.3664,0.0376
28ff9118-e876-497c-9901-cb89a62509fc_432-66,279,2,0,338.6,95.0,16.4,21.7,16.4,0.872,True,False,282.7101,541.9198,-0.2819,18.1106,-0.0643
28ff9118-e876-497c-9901-cb89a62509fc_432-66,279,3,0,474.1,90.4,26.7,34.4,26.7,0.921,True,False,182.452,438.6067,-0.3795,18.4495,-0.2697
28ff9118-e876-497c-9901-cb89a62509fc_432-66,279,3,1,286.2,449.9,15.4,19.9,15.4,0.529,False,False,99.4886,2079.3659,-1.316,12.9882,-0.2275
28ff9118-e876-497c-9901-cb89a62509fc_432-66,279,4,0,411.2,172.4,34.2,44.0,34.2,0.927,True,False,380.7012,920.1258,-0.3826,23.508,-0.1615
28ff9118-e876-497c-9901-cb89a62509fc_432-66,279,5,0,396.8,253.8,42.9,55.9,42.9,0.928,True,False,586.3604,1091.253,-0.2694,26.8914,-0.0909
2911fa95-30ca-4524-8876-85a90f1fd221_19-38,280,1,0,259.7,169.7,16.7,20.5,16.7,0.463,False,False,3063.3097,2737.3958,0.0488,21.9178,0.8038
2911fa95-30ca-4524-8876-85a90f1fd221_19-38,280,1,1,402.4,-0.5,43.4,39.6,39.6,0.452,False,True,4679.5413,6359.1339,-0.1332,44.6448,0.3705
2911fa95-30ca-4524-8876-85a90f1fd221_19-38,280,5,0,276.3,90.7,27.9,34.5,27.9,0.578,False,False,1359.2669,3565.4695,-0.4186,34.4273,0.0595
294c8827-a667-49a5-9e7e-9c910001ce54_101-30,281,1,0,324.6,258.9,26.5,31.3,26.5,0.565,False,False,29.0948,184.8455,-0.7907,24.6914,-1.3073
294c8827-a667-49a5-9e7e-9c910001ce54_101-30,281,1,1,-1.3,250.0,104.5,165.8,104.5,0.407,False,True,27.0338,64.328,-0.3674,23.1464,-1.2821
294c8827-a667-49a5-9e7e-9c910001ce54_101-30,281,2,0,-0.7,158.4,286.6,326.7,286.6,0.45,False,True,6.3817,50.169,-0.8408,27.637,-2.0154
294c8827-a667-49a5-9e7e-9c910001ce54_101-30,281,4,0,0.2,145.7,178.2,244.0,178.2,0.544,False,True,3.1167,16.7006,-0.6334,8.3839,-1.2385
294c8827-a667-49a5-9e7e-9c910001ce54_101-30,281,5,0,0.1,139.0,309.7,353.5,309.7,0.493,False,True,3.0949,4.0699,-0.0928,29.6872,-2.3334
29e45749-f8d5-42c7-af09-7fbb3d6697e9_876-21,282,3,0,303.5,145.0,21.0,28.4,21.0,0.87,True,False,135.3561,176.8055,-0.1153,20.9306,-0.5079
29e45749-f8d5-42c7-af09-7fbb3d6697e9_876-21,282,4,0,289.7,144.1,27.0,34.6,27.0,0.91,True,False,330.6107,250.6583,0.1198,23.2152,-0.2117
29e45749-f8d5-42c7-af09-7fbb3d6697e9_876-21,282,5,0,222.9,153.6,31.4,45.0,31.4,0.874,True,False,178.2912,323.6947,-0.2579,25.7302,-0.568
2a2ff7db-5460-4296-a8a7-946ba628226d_1549-08,283,1,0,177.2,160.0,175.0,225.1,175.0,0.521,False,False,277.1226,248.4806,0.0472,42.0005,-0.8025
2a2ff7db-5460-4296-a8a7-946ba628226d_1549-08,283,4,0,168.2,154.8,167.7,218.2,167.7,0.539,False,False,324.1868,415.9255,-0.1079,39.045,-0.6713
2a831288-6e91-4aba-9385-f22f666fab99_525-32,284,1,0,366.7,-1.8,144.4,127.7,127.7,0.679,False,True,435.2201,214.9883,0.3053,64.6919,-0.9821
2a831288-6e91-4aba-9385-f22f666fab99_525-32,284,4,0,160.9,212.1,63.7,95.1,63.7,0.437,False,False,5.1118,81.4197,-1.1299,18.0987,-1.7304
2a831288-6e91-4aba-9385-f22f666fab99_525-32,284,5,0,509.7,3.0,122.7,110.5,110.5,0.616,False,True,780.6563,229.5013,0.5303,61.1409,-0.6798
2ac65951-49b0-4629-981e-edc34b8cdb0f_1091-69,290,3,0,161.2,241.9,30.9,45.7,30.9,0.844,True,False,1930.648,2531.3341,-0.1176,38.4214,0.1165
2ac65951-49b0-4629-981e-edc34b8cdb0f_1349-72,291,3,0,281.0,265.3,23.4,37.4,23.4,0.503,False,False,496.2429,1460.7382,-0.4683,28.6904,-0.2194
2ac65951-49b0-4629-981e-edc34b8cdb0f_1349-72,291,5,0,340.9,275.2,26.4,39.7,26.4,0.813,False,False,166.5083,726.4007,-0.6377,26.379,-0.6191
2b012751-2e50-4acb-b645-c864930e92c8_1119-28,293,2,0,484.8,142.5,22.2,27.4,22.2,0.453,False,False,257.6589,649.0478,-0.4002,13.2512,0.1657
2b012751-2e50-4acb-b645-c864930e92c8_1119-28,293,3,0,107.4,28.9,76.8,91.3,76.8,0.869,True,False,45.8852,33.232,0.1366,23.0964,-1.0569
2b012751-2e50-4acb-b645-c864930e92c8_1119-28,293,4,0,194.6,139.3,50.3,49.4,49.4,0.503,False,False,24.3647,442.3879,-1.2426,19.0844,-1.1583
2b7ace86-149f-4354-b617-c8ebd08c5310_1416-39,295,5,0,251.9,1.6,80.9,98.2,80.9,0.934,True,True,464.7787,1488.1483,-0.5048,39.0551,-0.5155
2b7ace86-149f-4354-b617-c8ebd08c5310_381-65,296,3,0,415.8,236.6,142.9,134.7,134.7,0.445,False,True,131.0599,609.4162,-0.6649,35.8125,-0.9876
2b7ace86-149f-4354-b617-c8ebd08c5310_381-65,296,5,0,9.4,128.5,35.7,66.2,35.7,0.404,False,False,14.7092,41.815,-0.4354,12.3397,-0.9893
2c5d38ed-012f-4732-9eb8-89beddb07641_447-87,297,5,0,309.9,2.7,46.3,63.8,46.3,0.423,False,True,420.0344,2490.9241,-0.7722,29.6225,-0.3194
2c77de23-cd87-4a41-a83c-4bdc0170f45c_80-46,298,1,0,279.9,143.6,44.5,51.0,44.5,0.663,True,False,7.6153,107.9169,-1.1018,10.1474,-1.0816
2c77de23-cd87-4a41-a83c-4bdc0170f45c_80-46,298,2,0,406.5,20.5,212.2,253.6,212.2,0.437,False,False,83.8627,348.0565,-0.6142,43.428,-1.3471
2c77de23-cd87-4a41-a83c-4bdc0170f45c_80-46,298,3,0,335.1,160.3,41.2,48.1,41.2,0.857,True,False,169.2307,407.7501,-0.3804,18.6966,-0.3137
2c77de23-cd87-4a41-a83c-4bdc0170f45c_80-46,298,4,0,346.5,115.9,51.8,68.0,51.8,0.903,True,False,285.5322,271.6424,0.0216,23.8129,-0.2972
2c77de23-cd87-4a41-a83c-4bdc0170f45c_80-46,298,5,0,339.6,52.4,31.6,50.6,31.6,0.839,False,False,11.1327,124.1096,-1.0133,5.9278,-0.474
2c77de23-cd87-4a41-a83c-4bdc0170f45c_80-46,298,5,1,364.6,95.5,48.3,62.9,48.3,0.656,True,False,22.8987,302.9148,-1.1044,12.6769,-0.8303
2c77de23-cd87-4a41-a83c-4bdc0170f45c_80-46,298,5,2,406.9,89.2,99.6,144.8,99.6,0.613,True,False,155.3398,99.8059,0.1906,20.389,-0.4258
2c9a2cb8-93fd-4932-bb76-60e80822b70b_782-07,299,5,0,388.5,185.9,227.4,265.3,227.4,0.472,False,False,17.5764,21.2583,-0.0785,30.7374,-1.7068
2cc2710e-aae0-41eb-9a70-deb9217bb7ea_3646-90,300,4,0,350.5,137.4,25.9,32.7,25.9,0.72,True,False,3.6696,29.4525,-0.8143,7.5972,-1.0995
2cc2710e-aae0-41eb-9a70-deb9217bb7ea_3646-90,300,5,0,327.6,159.7,41.3,49.7,41.3,0.652,True,False,4.4629,42.9743,-0.9058,20.3502,-1.8808
2cddb76f-24d1-4863-bd91-9a5d1922a543_1681-29,304,3,0,232.4,87.2,18.8,26.8,18.8,0.818,True,False,754.8181,5358.4312,-0.8507,27.7594,-0.009
2cddb76f-24d1-4863-bd91-9a5d1922a543_1681-29,304,4,0,94.0,57.4,15.6,23.2,15.6,0.661,True,False,1801.6395,3069.9161,-0.2314,43.1027,-0.0133
2cddb76f-24d1-4863-bd91-9a5d1922a543_1681-29,304,5,0,56.9,78.2,62.5,89.6,62.5,0.895,True,False,545.7513,1693.3434,-0.4912,44.3509,-0.5562
2cddb76f-24d1-4863-bd91-9a5d1922a543_1681-29,304,5,1,323.6,112.8,15.9,21.8,15.9,0.69,True,False,2955.0009,4668.7712,-0.1986,43.1758,0.2
2d01625b-b7c4-41aa-989b-2d0b392d8b54_1323-22,306,1,0,407.6,147.0,106.1,138.3,106.1,0.929,False,False,16.3864,142.4949,-0.9166,21.6776,-1.4327
2d01625b-b7c4-41aa-989b-2d0b392d8b54_1323-22,306,2,0,448.4,184.2,106.0,125.3,106.0,0.893,True,False,28.0241,154.7003,-0.7295,26.0718,-1.3702
2d01625b-b7c4-41aa-989b-2d0b392d8b54_1323-22,306,3,0,44.4,133.1,71.1,62.9,62.9,0.779,False,False,7.2381,11.6651,-0.1868,14.6018,-1.415
2d01625b-b7c4-41aa-989b-2d0b392d8b54_1323-22,306,3,1,560.2,256.9,49.4,51.0,49.4,0.778,False,False,3.0677,13.1822,-0.5424,6.7597,-1.0599
2d01625b-b7c4-41aa-989b-2d0b392d8b54_1323-22,306,4,0,172.7,211.6,69.5,62.5,62.5,0.805,False,False,9.2876,37.0223,-0.5677,14.5614,-1.3161
2d01625b-b7c4-41aa-989b-2d0b392d8b54_1323-22,306,5,0,373.9,32.8,131.2,167.3,131.2,0.509,False,False,7.8474,92.2926,-1.023,34.3511,-2.1254
2d01625b-b7c4-41aa-989b-2d0b392d8b54_1323-22,306,5,1,468.3,22.4,158.6,185.3,158.6,0.432,False,False,122.7549,14.2363,0.9097,59.9046,-1.4625
2d01625b-b7c4-41aa-989b-2d0b392d8b54_195-58,307,1,0,351.4,265.7,12.8,15.9,12.8,0.691,True,False,4102.2787,2148.3431,0.2808,45.6737,0.2936
2d01625b-b7c4-41aa-989b-2d0b392d8b54_195-58,307,2,0,329.0,288.3,16.3,20.9,16.3,0.722,True,False,4406.2386,884.6391,0.6969,58.5157,0.1095
2d01625b-b7c4-41aa-989b-2d0b392d8b54_195-58,307,3,0,127.6,64.6,28.0,31.9,28.0,0.755,False,False,224.1527,1476.6241,-0.8171,29.1652,-0.5778
2d01625b-b7c4-41aa-989b-2d0b392d8b54_195-58,307,3,1,541.2,4.8,60.4,66.7,60.4,0.684,False,False,724.048,569.0227,0.1045,32.7896,-0.1715
2d01625b-b7c4-41aa-989b-2d0b392d8b54_195-58,307,4,0,376.9,138.5,121.3,150.0,121.3,0.734,False,False,159.4028,271.7267,-0.2305,67.6555,-1.4555
2d01625b-b7c4-41aa-989b-2d0b392d8b54_195-58,307,4,1,38.5,13.6,51.9,63.8,51.9,0.729,False,False,421.3516,510.3265,-0.083,44.2743,-0.6669
2d01625b-b7c4-41aa-989b-2d0b392d8b54_195-58,307,4,2,-0.5,3.9,55.5,71.5,55.5,0.56,False,True,354.938,509.2947,-0.1564,40.2925,-0.6593
2d1baacd-d82b-4e0c-9d85-b420fb9bde91_345-02,310,5,0,246.1,162.1,59.4,75.3,59.4,0.706,True,False,6.2681,906.1132,-2.0962,21.7111,-1.8129
2d1bf98e-a133-4f63-bc1d-91f718078a52_337-47,311,1,0,65.7,184.9,88.3,91.2,88.3,0.402,False,False,6480.2149,3613.7553,0.2536,53.6575,0.3522
2dbdd409-0be0-447c-8ae8-3f107fe9af80_163-46,317,4,0,438.3,240.1,125.2,130.3,125.2,0.434,False,True,53.9505,575.7413,-1.021,31.8898,-1.2678
2dbdd409-0be0-447c-8ae8-3f107fe9af80_164-34,318,2,0,374.6,208.6,133.4,135.6,133.4,0.408,False,False,117.4127,813.7601,-0.8376,31.424,-0.9216
2dbdd409-0be0-447c-8ae8-3f107fe9af80_164-34,318,3,0,407.4,230.4,135.0,134.3,134.3,0.438,False,True,33.2782,680.462,-1.2984,32.1981,-1.4811
2dbdd409-0be0-447c-8ae8-3f107fe9af80_1697-32,320,4,0,317.8,179.5,71.4,99.5,71.4,0.506,False,False,35.6667,539.0193,-1.1681,19.0569,-0.997
2dbdd409-0be0-447c-8ae8-3f107fe9af80_1764-16,321,5,0,459.5,0.2,120.7,95.4,95.4,0.482,False,True,53.1557,836.6274,-1.1894,11.9073,-0.421
2dbdd409-0be0-447c-8ae8-3f107fe9af80_1872-88,322,1,0,548.1,45.3,62.4,77.8,62.4,0.877,True,False,739.7634,314.4235,0.3708,57.0813,-0.6434
2dbdd409-0be0-447c-8ae8-3f107fe9af80_1872-88,322,2,0,546.9,49.2,60.9,75.3,60.9,0.864,True,False,674.9108,337.1651,0.3008,59.3789,-0.7175
2dbdd409-0be0-447c-8ae8-3f107fe9af80_1872-88,322,2,1,551.5,1.4,58.1,61.0,58.1,0.495,False,True,943.7532,619.9346,0.1823,24.864,0.1835
2dbdd409-0be0-447c-8ae8-3f107fe9af80_1872-88,322,3,0,525.9,47.5,68.5,86.1,68.5,0.825,True,False,756.7587,534.842,0.1505,57.6251,-0.6418
2dbdd409-0be0-447c-8ae8-3f107fe9af80_1872-88,322,5,0,30.7,69.5,9.7,11.5,9.7,0.423,False,False,487.9566,3663.4509,-0.8747,14.0579,0.3912
2dbdd409-0be0-447c-8ae8-3f107fe9af80_1872-88,322,5,1,14.6,54.2,11.0,13.7,11.0,0.402,False,False,192.61,2180.2678,-1.0518,13.8884,-0.0006
2dff68c2-6310-4763-8d39-05a1dbe40fda_501-39,327,1,0,381.4,26.2,15.0,18.7,15.0,0.489,False,False,634.3302,1637.1283,-0.4113,12.1378,0.6318
2dff68c2-6310-4763-8d39-05a1dbe40fda_501-39,327,2,0,270.6,104.4,8.5,10.5,8.5,0.724,True,False,626.6927,1062.725,-0.2291,12.6826,0.5886
2dff68c2-6310-4763-8d39-05a1dbe40fda_501-39,327,2,1,318.3,52.3,9.0,10.8,9.0,0.611,True,False,1018.9931,832.6678,0.0876,13.4379,0.7495
2dff68c2-6310-4763-8d39-05a1dbe40fda_501-39,327,2,2,221.5,70.3,9.3,11.6,9.3,0.487,False,False,795.7656,708.4981,0.0504,16.1102,0.4855
2dff68c2-6310-4763-8d39-05a1dbe40fda_501-39,327,4,0,133.2,18.1,17.5,20.7,17.5,0.407,False,False,155.8861,2805.6132,-1.2526,25.0309,-0.6021
2dff68c2-6310-4763-8d39-05a1dbe40fda_501-39,327,5,0,56.0,34.6,55.9,65.5,55.9,0.898,True,False,22.7966,836.9805,-1.5467,12.5872,-0.8261
2dff68c2-6310-4763-8d39-05a1dbe40fda_501-39,327,5,1,188.3,1.3,20.0,21.0,20.0,0.624,True,True,568.5271,671.5634,-0.0722,17.9747,0.2448
2dff68c2-6310-4763-8d39-05a1dbe40fda_501-39,327,5,2,115.5,50.4,24.5,32.2,24.5,0.492,False,False,306.3841,627.852,-0.3109,29.155,-0.4423
2e04b2bb-e5d3-4f66-a16e-f7756e14e749_392-62,328,1,0,339.8,146.8,37.4,52.2,37.4,0.625,False,False,1619.1231,739.7171,0.3399,25.519,0.3952
2e04b2bb-e5d3-4f66-a16e-f7756e14e749_392-62,328,1,1,513.0,415.7,7.3,8.8,7.3,0.441,False,False,1031.5,1361.4402,-0.1204,13.863,0.7279
2e04b2bb-e5d3-4f66-a16e-f7756e14e749_392-62,328,2,0,118.2,106.8,48.3,64.3,48.3,0.802,False,False,357.4702,545.9674,-0.1835,22.2683,-0.1418
2e04b2bb-e5d3-4f66-a16e-f7756e14e749_392-62,328,2,1,20.7,152.5,30.8,41.1,30.8,0.407,False,False,681.8497,668.7022,0.0084,39.3367,-0.3556
2e04b2bb-e5d3-4f66-a16e-f7756e14e749_392-62,328,4,0,11.0,183.7,53.2,67.9,53.2,0.614,False,False,1591.8632,2096.762,-0.1196,60.627,-0.3633
2e04b2bb-e5d3-4f66-a16e-f7756e14e749_392-62,328,4,1,213.3,60.7,51.2,63.9,51.2,0.547,False,False,2487.4975,1231.44,0.3052,29.7878,0.4474
2e04b2bb-e5d3-4f66-a16e-f7756e14e749_392-62,328,5,0,215.1,67.5,49.3,68.4,49.3,0.609,False,False,1784.0023,824.0951,0.3351,27.364,0.3767
2eb4e516-9d71-4b68-847e-e1b0cb339b0a_684-96,329,1,0,212.6,174.4,50.8,69.5,50.8,0.919,True,False,236.0204,405.0435,-0.2338,46.2804,-0.9562
2eb4e516-9d71-4b68-847e-e1b0cb339b0a_684-96,329,2,0,186.0,135.6,49.0,70.3,49.0,0.919,True,False,348.7687,549.7825,-0.1972,46.8023,-0.797
2eb4e516-9d71-4b68-847e-e1b0cb339b0a_684-96,329,3,0,339.4,96.1,76.8,106.7,76.8,0.895,True,False,195.0489,404.3231,-0.3154,59.8833,-1.2624
2eb4e516-9d71-4b68-847e-e1b0cb339b0a_684-96,329,4,0,215.3,115.9,88.9,124.2,88.9,0.895,False,False,207.7588,587.9065,-0.4504,53.8502,-1.1429
2eb4e516-9d71-4b68-847e-e1b0cb339b0a_684-96,329,5,0,261.1,143.0,76.8,104.7,76.8,0.903,False,False,487.1667,1321.4158,-0.4328,55.8949,-0.8063
2ebcbb25-b099-44fa-8e8d-94d574413db9_5599-48,330,2,0,149.1,133.7,99.9,125.7,99.9,0.44,False,False,697.217,758.4709,-0.0365,49.3036,-0.5419
2ebcbb25-b099-44fa-8e8d-94d574413db9_5599-48,330,3,0,62.4,1.6,10.6,12.7,10.6,0.76,False,True,3024.1257,3626.3174,-0.0788,27.7559,0.5935
2ebcbb25-b099-44fa-8e8d-94d574413db9_5599-48,330,3,1,69.0,26.8,11.4,14.6,11.4,0.698,False,False,775.3733,2961.4054,-0.5816,29.5293,-0.0509
2ebcbb25-b099-44fa-8e8d-94d574413db9_5599-48,330,3,2,21.9,36.0,11.0,13.6,11.0,0.583,False,False,5605.5147,857.4346,0.815,41.9268,0.5035
2ebcbb25-b099-44fa-8e8d-94d574413db9_5599-48,330,3,3,36.8,19.3,10.7,13.1,10.7,0.582,False,False,1367.151,2884.7209,-0.3241,16.8056,0.6837
2ebcbb25-b099-44fa-8e8d-94d574413db9_5599-48,330,4,0,192.7,12.8,19.0,23.9,19.0,0.558,False,False,1198.9792,658.5877,0.2599,23.3463,0.3419
2ebcbb25-b099-44fa-8e8d-94d574413db9_5599-48,330,4,1,5.0,18.3,12.7,16.4,12.7,0.556,False,False,1318.2449,1838.1479,-0.1443,43.244,-0.1518
2ebcbb25-b099-44fa-8e8d-94d574413db9_5599-48,330,5,0,75.8,2.3,14.4,15.5,14.4,0.51,False,True,1011.1358,1766.5843,-0.2421,38.1718,-0.1585
2ebcbb25-b099-44fa-8e8d-94d574413db9_5599-48,330,5,1,312.3,120.3,25.0,38.9,25.0,0.409,False,False,956.5276,1281.3025,-0.1268,45.9129,-0.3429
2ec3c123-0a04-46d7-97d5-8b85b5e6d06f_271-92,333,1,0,374.5,-0.2,39.1,35.2,35.2,0.565,False,True,27.2226,67.7458,-0.3866,8.366,-0.4006
2ec3c123-0a04-46d7-97d5-8b85b5e6d06f_271-92,333,3,0,582.1,164.5,59.0,79.8,59.0,0.473,False,True,221.173,421.671,-0.2793,45.5992,-0.9714
2ec3c123-0a04-46d7-97d5-8b85b5e6d06f_271-92,333,5,0,210.5,127.1,66.2,78.2,66.2,0.762,False,False,1657.8157,2975.6049,-0.2539,57.8291,-0.3046
2ec3c123-0a04-46d7-97d5-8b85b5e6d06f_432-01,334,4,0,332.6,397.6,28.6,38.9,28.6,0.705,False,False,37.8628,31.3011,0.0803,12.7248,-0.6224
2efc9b47-0a23-4247-89a6-db46dae6c998_328-94,335,2,0,349.6,2.8,113.5,158.3,113.5,0.78,False,True,133.0147,406.9011,-0.4834,21.0512,-0.5204
2efc9b47-0a23-4247-89a6-db46dae6c998_328-94,335,3,0,459.3,26.6,144.5,180.2,144.5,0.578,False,False,192.705,378.9382,-0.2926,24.1446,-0.4792
2efc9b47-0a23-4247-89a6-db46dae6c998_328-94,335,4,0,381.4,25.1,260.9,397.3,260.9,0.664,False,True,503.7407,561.7335,-0.0472,38.5997,-0.4704
2efc9b47-0a23-4247-89a6-db46dae6c998_328-94,335,5,0,384.5,29.7,257.0,382.6,257.0,0.429,False,True,572.6628,655.3809,-0.0585,36.8086,-0.3736
2efc9b47-0a23-4247-89a6-db46dae6c998_416-58,336,2,0,94.6,0.5,195.6,185.3,185.3,0.433,False,True,132.4224,264.7097,-0.2992,20.055,-0.4803
2efc9b47-0a23-4247-89a6-db46dae6c998_416-58,336,4,0,-13.2,8.4,190.6,293.7,190.6,0.669,False,True,143.7288,974.3066,-0.8286,23.3396,-0.5764
3024e27a-237a-4b48-8ea9-b9b16181eaf1_49-89,338,1,0,22.0,183.3,83.9,108.2,83.9,0.589,False,False,5.8964,47.7772,-0.8496,5.133,-0.5983
3024e27a-237a-4b48-8ea9-b9b16181eaf1_49-89,338,1,1,89.5,-2.4,104.1,110.9,104.1,0.502,False,True,178.0242,37.1438,0.6715,12.7194,0.0413
3091004e-8606-417e-8bc2-7922f951845f_1921-59,342,2,0,291.9,56.0,29.4,33.1,29.4,0.781,True,False,633.9169,1848.8642,-0.4644,26.0131,-0.0283
3091004e-8606-417e-8bc2-7922f951845f_1921-59,342,3,0,227.8,41.0,31.2,36.1,31.2,0.853,True,False,1184.1292,1622.4796,-0.1367,34.6315,-0.0055
3091004e-8606-417e-8bc2-7922f951845f_73-46,343,5,0,428.0,105.0,16.1,20.6,16.1,0.631,True,False,2021.6005,1663.5132,0.0846,38.4944,0.1348
313cc9d1-c87f-44ec-9900-3ee8d75389be_148-43,345,5,0,596.3,0.8,40.2,44.8,40.2,0.44,False,True,130.6718,1263.0419,-0.9823,25.3789,-0.6901
3178c414-453e-44e9-b192-67dba2ccc982_1088-81,346,1,0,55.0,113.7,36.9,46.0,36.9,0.816,True,False,757.7715,442.2568,0.2335,60.0326,-0.6768
3178c414-453e-44e9-b192-67dba2ccc982_1088-81,346,2,0,24.0,2.1,73.0,101.7,73.0,0.928,True,True,97.0759,35.4533,0.4298,29.5557,-0.9502
3178c414-453e-44e9-b192-67dba2ccc982_1088-81,346,2,1,155.9,96.2,27.6,31.8,27.6,0.663,True,False,1723.198,1087.1329,0.1999,39.3656,0.0461
3178c414-453e-44e9-b192-67dba2ccc982_1088-81,346,4,0,338.3,44.7,60.7,90.7,60.7,0.927,True,False,184.6731,103.8865,0.248,39.5511,-0.9258
3178c414-453e-44e9-b192-67dba2ccc982_1088-81,346,4,1,594.5,89.8,37.8,41.4,37.8,0.791,True,False,942.071,617.5109,0.1832,51.2209,-0.4445
3178c414-453e-44e9-b192-67dba2ccc982_1088-81,346,5,0,234.0,83.5,64.7,90.3,64.7,0.928,True,False,56.8918,145.4166,-0.403,29.77,-1.1854
3178c414-453e-44e9-b192-67dba2ccc982_1088-81,346,5,1,462.2,149.8,26.0,31.3,26.0,0.716,True,False,315.2687,486.4829,-0.1879,36.9553,-0.6356
3178c414-453e-44e9-b192-67dba2ccc982_565-83,347,5,0,561.5,7.0,79.5,130.0,79.5,0.646,False,True,91.7774,560.9766,-0.7823,14.3016,-0.3454
31818126-5e0f-4b01-b532-1514587bceec_1514-30,348,2,0,232.0,190.6,39.5,59.0,39.5,0.409,False,False,12.8545,911.4228,-1.8186,13.2217,-1.1035
31bb1175-5459-4812-bb9e-f9300e2733f1_3549-55,349,2,0,-15.8,-10.0,269.5,324.2,269.5,0.835,False,True,79.0701,262.6498,-0.5176,39.1938,-1.2832
324ec8a1-3bd1-46b6-9abb-a824e53c0879_1801-82,351,3,0,382.4,5.9,73.5,93.2,73.5,0.41,False,False,25.9026,129.4655,-0.6857,25.0909,-1.3699
324ec8a1-3bd1-46b6-9abb-a824e53c0879_1801-82,351,5,0,462.4,50.5,82.3,116.0,82.3,0.593,False,False,46.9132,81.5755,-0.2364,19.4514,-0.8986
32c34069-0111-4d89-9e55-1c68f18705ad_8758-17,352,2,0,326.8,-3.0,123.9,109.3,109.3,0.699,False,True,1037.1057,1389.4471,-0.1269,27.5063,0.1368
32c34069-0111-4d89-9e55-1c68f18705ad_8758-17,352,2,1,28.9,21.8,8.1,9.4,8.1,0.599,False,False,1324.1667,2298.7604,-0.2394,23.9828,0.3617
32c34069-0111-4d89-9e55-1c68f18705ad_8758-17,352,2,2,251.8,1.6,17.2,18.5,17.2,0.442,False,True,939.6311,4466.9105,-0.6767,46.6758,-0.365
32c34069-0111-4d89-9e55-1c68f18705ad_8758-17,352,2,3,9.6,28.8,7.2,10.6,7.2,0.428,False,False,4319.0222,5268.2083,-0.0863,41.4774,0.3996
32c34069-0111-4d89-9e55-1c68f18705ad_8758-17,352,4,0,168.3,26.9,171.0,222.6,171.0,0.416,False,False,2125.0264,1983.1573,0.03,45.5217,0.0109
32c34069-0111-4d89-9e55-1c68f18705ad_8758-17,352,5,0,267.7,6.6,231.0,151.8,151.8,0.536,False,False,533.8361,1204.2697,-0.3529,47.3761,-0.6231
32c34069-0111-4d89-9e55-1c68f18705ad_8758-17,352,5,1,194.0,180.8,76.5,96.0,76.5,0.427,False,False,1504.0659,1883.8797,-0.0977,59.6503,-0.3738
330c1e0d-b71a-452e-8b68-fdb96fa8a6ca_1228-35,353,3,0,176.9,44.6,45.3,63.8,45.3,0.677,False,False,160.1775,344.8184,-0.3315,32.9357,-0.8284
343f8d57-6331-40f3-823c-2aee4d5cc10f_1162-80,355,5,0,534.3,5.7,50.6,62.1,50.6,0.845,True,False,21.0147,38.8518,-0.2577,20.9191,-1.2994
343f8d57-6331-40f3-823c-2aee4d5cc10f_686-43,356,3,0,474.8,170.6,35.1,46.4,35.1,0.499,False,False,4230.61,7645.2714,-0.2569,58.889,0.0863
343f8d57-6331-40f3-823c-2aee4d5cc10f_686-43,356,4,0,266.0,197.3,28.0,40.0,28.0,0.605,True,False,4.6372,3613.4558,-2.807,3.2192,-0.3045
343f8d57-6331-40f3-823c-2aee4d5cc10f_686-43,356,4,1,364.3,174.1,26.2,35.7,26.2,0.541,False,False,3492.3731,6925.3455,-0.2973,37.7638,0.3888
3455a3f3-1657-46bb-ae42-52d16ec5ffaa_6236-63,358,1,0,300.7,114.6,72.1,84.5,72.1,0.507,False,False,3.3785,838.2858,-2.2826,27.4513,-2.2364
3455a3f3-1657-46bb-ae42-52d16ec5ffaa_6236-63,358,2,0,183.0,152.8,64.7,86.3,64.7,0.484,False,False,11.5804,889.7606,-1.8501,13.3818,-1.1558
3455a3f3-1657-46bb-ae42-52d16ec5ffaa_6236-63,358,2,1,541.4,115.4,66.9,91.3,66.9,0.443,False,False,3.6421,912.9272,-2.2942,20.1208,-1.9417
3455a3f3-1657-46bb-ae42-52d16ec5ffaa_959-38,359,2,0,494.2,191.4,11.7,14.7,11.7,0.593,False,False,118.9171,1361.4811,-1.0554,11.3868,-0.0373
3455a3f3-1657-46bb-ae42-52d16ec5ffaa_959-38,359,3,0,56.5,80.8,20.3,25.6,20.3,0.654,False,False,1312.3905,1369.038,-0.0183,36.4608,-0.0056
3455a3f3-1657-46bb-ae42-52d16ec5ffaa_959-38,359,3,1,368.1,83.8,17.5,21.4,17.5,0.601,False,False,909.5354,1546.7871,-0.2304,25.3908,0.1493
3455a3f3-1657-46bb-ae42-52d16ec5ffaa_959-38,359,3,2,255.7,102.9,21.9,26.9,21.9,0.452,False,False,118.4688,584.7812,-0.6905,16.0198,-0.3337
3455a3f3-1657-46bb-ae42-52d16ec5ffaa_959-38,359,3,3,414.7,91.1,12.3,15.1,12.3,0.448,False,False,3500.463,3910.9173,-0.0481,49.8965,0.1479
3455a3f3-1657-46bb-ae42-52d16ec5ffaa_959-38,359,3,4,400.4,66.7,14.6,17.6,14.6,0.42,False,False,502.4444,1675.6776,-0.5225,31.8062,-0.3035
3455a3f3-1657-46bb-ae42-52d16ec5ffaa_959-38,359,3,5,591.6,0.9,17.1,18.1,17.1,0.413,False,True,754.7406,1281.9251,-0.2298,17.9939,0.3668
3455a3f3-1657-46bb-ae42-52d16ec5ffaa_959-38,359,3,6,444.3,132.7,13.5,16.8,13.5,0.407,False,False,708.9786,182.2834,0.5881,14.0369,0.5545
3455a3f3-1657-46bb-ae42-52d16ec5ffaa_959-38,359,4,0,397.9,11.2,17.8,21.9,17.8,0.646,True,False,221.5507,4696.7531,-1.3245,19.2358,-0.222
3455a3f3-1657-46bb-ae42-52d16ec5ffaa_959-38,359,4,1,396.0,21.3,15.8,20.6,15.8,0.446,False,False,2305.1573,5028.9489,-0.3387,24.4849,0.5844
3455a3f3-1657-46bb-ae42-52d16ec5ffaa_959-38,359,5,0,514.0,155.8,24.5,31.9,24.5,0.779,True,False,7.0022,5978.15,-2.8734,25.0625,-1.8955
3455a3f3-1657-46bb-ae42-52d16ec5ffaa_959-38,359,5,1,298.3,54.6,19.7,24.4,19.7,0.703,True,False,76.4497,3948.2128,-1.7075,22.3485,-0.8103
3455a3f3-1657-46bb-ae42-52d16ec5ffaa_959-38,359,5,2,301.7,82.7,21.2,27.0,21.2,0.682,True,False,40.5993,3767.4324,-1.9571,27.6429,-1.2646
3455a3f3-1657-46bb-ae42-52d16ec5ffaa_959-38,359,5,3,163.7,158.0,34.8,39.8,34.8,0.401,False,False,6320.6521,2767.4194,0.3586,40.6806,0.5818
34590a11-c136-4423-bdc4-c6a45221e546_565-25,360,3,0,176.0,228.4,167.9,162.2,162.2,0.546,False,False,1050.0816,1936.7351,-0.2657,22.1726,0.3291
34590a11-c136-4423-bdc4-c6a45221e546_565-25,360,3,1,49.8,-15.6,241.3,263.6,241.3,0.424,False,True,2857.244,1571.9813,0.2594,42.8833,0.1913
34590a11-c136-4423-bdc4-c6a45221e546_565-25,360,4,0,7.9,-13.6,244.7,311.2,244.7,0.445,False,True,3236.6774,2061.8538,0.1958,47.2853,0.1606
348180aa-c90b-463a-8b3f-0743469a8b59_3591-71,361,1,0,404.9,43.2,33.8,42.5,33.8,0.759,True,False,11.3953,1622.3182,-2.1171,17.7287,-1.4055
348180aa-c90b-463a-8b3f-0743469a8b59_3591-71,361,1,1,154.3,84.0,60.2,80.3,60.2,0.51,False,False,76.3843,1046.0551,-1.1313,53.6462,-1.5706
348180aa-c90b-463a-8b3f-0743469a8b59_3591-71,361,2,0,99.6,96.9,27.3,38.1,27.3,0.429,False,False,20.9785,4854.0404,-2.3442,26.4087,-1.5021
348180aa-c90b-463a-8b3f-0743469a8b59_3591-71,361,4,0,265.2,-1.1,70.4,48.1,48.1,0.543,False,True,2237.8199,1616.3529,0.1412,50.8453,-0.0627
348180aa-c90b-463a-8b3f-0743469a8b59_5526-16,362,2,0,144.6,97.5,25.3,31.6,25.3,0.687,True,False,112.7231,3682.2156,-1.5104,32.4845,-0.9679
348180aa-c90b-463a-8b3f-0743469a8b59_5526-16,362,2,1,3.6,170.6,45.1,89.9,45.1,0.601,False,True,1004.6218,1090.1376,-0.0354,69.7353,-0.6846
348180aa-c90b-463a-8b3f-0743469a8b59_5526-16,362,2,2,70.2,135.5,26.2,42.4,26.2,0.419,False,False,349.7597,1808.3877,-0.7125,32.3529,-0.4752
348180aa-c90b-463a-8b3f-0743469a8b59_5526-16,362,3,0,15.6,88.6,23.4,28.2,23.4,0.74,True,False,83.7251,1284.8103,-1.1812,31.5955,-1.0717
348180aa-c90b-463a-8b3f-0743469a8b59_5526-16,362,4,0,116.1,52.7,60.4,78.1,60.4,0.743,True,False,2069.3883,1639.5341,0.1011,65.0306,-0.3103
348180aa-c90b-463a-8b3f-0743469a8b59_5526-16,362,4,1,204.2,11.3,20.2,23.8,20.2,0.438,False,False,23.9691,2008.3753,-1.9057,29.4152,-1.5402
348180aa-c90b-463a-8b3f-0743469a8b59_5526-16,362,5,0,208.5,32.7,42.7,68.9,42.7,0.608,True,False,7080.2468,2855.8805,0.3942,61.5683,0.2713
348180aa-c90b-463a-8b3f-0743469a8b59_5526-16,362,5,1,156.5,100.4,62.8,82.6,62.8,0.581,False,False,1959.6941,1682.1463,0.0663,70.5483,-0.4047
348180aa-c90b-463a-8b3f-0743469a8b59_5526-16,362,5,2,222.4,14.0,26.9,31.3,26.9,0.466,False,False,15.95,4160.3119,-2.3901,44.6931,-2.0715
348180aa-c90b-463a-8b3f-0743469a8b59_7126-75,363,2,0,58.7,97.6,75.4,94.8,75.4,0.688,False,False,1474.8058,308.9239,0.6778,43.2574,-0.1033
348180aa-c90b-463a-8b3f-0743469a8b59_7135-61,364,1,0,460.8,20.7,175.8,218.9,175.8,0.713,False,True,1632.8703,1009.2213,0.2088,59.1781,-0.3312
356661f5-767b-495d-95c7-03dcc46f85c6_1858-56,368,1,0,208.0,157.0,206.0,274.9,206.0,0.429,False,False,1027.9947,626.8535,0.2146,47.8708,-0.3479
356661f5-767b-495d-95c7-03dcc46f85c6_1858-56,368,2,0,97.2,95.8,8.8,10.4,8.8,0.578,False,False,492.16,3579.0578,-0.8609,13.8103,0.4103
356661f5-767b-495d-95c7-03dcc46f85c6_1858-56,368,3,0,313.5,180.3,277.1,297.0,277.1,0.527,False,True,200.7333,314.2137,-0.1938,44.8237,-0.9985
356661f5-767b-495d-95c7-03dcc46f85c6_1858-56,368,5,0,256.3,270.4,237.2,209.7,209.7,0.542,False,True,102.6873,228.016,-0.3441,31.5991,-0.9841
356661f5-767b-495d-95c7-03dcc46f85c6_1860-68,369,1,0,313.5,180.3,277.1,297.0,277.1,0.527,False,True,200.7333,314.2137,-0.1938,44.8237,-0.9985
356661f5-767b-495d-95c7-03dcc46f85c6_1860-68,369,3,0,256.3,270.4,237.2,209.7,209.7,0.542,False,True,102.6873,228.016,-0.3441,31.5991,-0.9841
356661f5-767b-495d-95c7-03dcc46f85c6_1860-68,369,5,0,25.1,1.2,51.2,58.0,51.2,0.56,False,True,141.3799,538.9944,-0.5789,11.9287,-0.0028
356dd07e-8165-494c-9be8-b82d314bf88d_895-74,370,1,0,567.6,38.8,69.1,154.8,69.1,0.902,False,True,6.5205,61.3474,-0.9186,20.5499,-1.7504
356dd07e-8165-494c-9be8-b82d314bf88d_895-74,370,1,1,287.5,183.4,31.9,38.6,31.9,0.67,True,False,193.8026,236.0865,-0.0853,66.2266,-1.3526
356dd07e-8165-494c-9be8-b82d314bf88d_895-74,370,2,0,299.7,3.2,115.3,108.9,108.9,0.669,True,True,16.0779,63.2067,-0.5751,19.6938,-1.3573
356dd07e-8165-494c-9be8-b82d314bf88d_895-74,370,2,1,493.6,24.3,152.4,265.5,152.4,0.409,False,True,11.3115,105.8591,-0.9385,20.5456,-1.5362
356dd07e-8165-494c-9be8-b82d314bf88d_895-74,370,3,0,438.0,157.5,30.5,38.7,30.5,0.897,True,False,127.5331,1016.599,-0.8986,25.2961,-0.6978
356dd07e-8165-494c-9be8-b82d314bf88d_895-74,370,3,1,-1.4,-6.1,92.1,122.7,92.1,0.527,False,True,167.9949,172.6145,-0.0117,35.291,-0.8678
356dd07e-8165-494c-9be8-b82d314bf88d_895-74,370,3,2,71.6,13.0,26.2,33.7,26.2,0.405,False,False,788.2588,500.7338,0.1967,40.2672,-0.313
356dd07e-8165-494c-9be8-b82d314bf88d_895-74,370,4,0,590.2,105.6,49.5,67.7,49.5,0.915,True,True,72.5862,126.9541,-0.2403,32.491,-1.1571
356dd07e-8165-494c-9be8-b82d314bf88d_895-74,370,5,0,432.5,140.5,35.2,43.7,35.2,0.873,True,False,122.008,555.165,-0.6553,29.9959,-0.8647
3588502f-e1c1-426c-81d6-6fac28e6c81a_531-41,371,1,0,91.2,338.3,19.1,23.1,19.1,0.514,False,False,435.9066,2237.8347,-0.7096,11.521,0.5141
3588502f-e1c1-426c-81d6-6fac28e6c81a_531-41,371,2,0,94.4,342.5,19.8,23.0,19.8,0.441,False,False,476.5122,1833.2314,-0.5845,14.6794,0.3436
3588502f-e1c1-426c-81d6-6fac28e6c81a_531-41,371,4,0,12.8,84.3,148.6,160.6,148.6,0.513,False,False,408.789,130.3739,0.4941,32.6749,-0.4163
35b1a8c7-80fd-402f-b240-768926b7bcee_285-73,375,1,0,459.4,337.6,23.9,32.4,23.9,0.5,False,False,696.9622,455.4807,0.1844,27.715,-0.0422
35b1a8c7-80fd-402f-b240-768926b7bcee_285-73,375,5,0,285.0,7.8,25.7,26.8,25.7,0.821,True,False,347.0277,609.234,-0.2439,31.1148,-0.4448
35b1a8c7-80fd-402f-b240-768926b7bcee_562-55,376,2,0,327.8,150.9,12.2,15.3,12.2,0.417,False,False,527.0753,1673.2319,-0.5011,18.2285,0.1999
35b1a8c7-80fd-402f-b240-768926b7bcee_562-55,376,3,0,417.9,72.0,14.2,17.5,14.2,0.479,False,False,623.165,492.5547,0.102,29.4664,-0.1439
35b37e37-6bb1-4131-be37-693e9b794a97_1345-02,377,3,0,202.6,205.8,68.9,84.7,68.9,0.692,False,False,69.697,55.9422,0.094,15.8156,-0.5505
35b37e37-6bb1-4131-be37-693e9b794a97_1345-02,377,4,0,91.7,216.9,75.3,103.9,75.3,0.825,False,False,104.8649,93.6865,0.0485,17.2738,-0.4515
35b37e37-6bb1-4131-be37-693e9b794a97_1345-02,377,5,0,6.3,260.9,90.8,131.9,90.8,0.762,False,False,32.1105,22.6293,0.1465,16.0009,-0.89
35d92405-7ebf-4e54-8b9a-7cce8af30a79_63-09,378,5,0,484.4,124.5,120.3,157.1,120.3,0.575,False,False,40.7394,262.6644,-0.8005,18.8244,-0.9301
35e004f4-ad64-4835-9358-38a58b431252_2629-86,379,1,0,101.5,106.5,58.3,77.4,58.3,0.587,False,False,3.1738,1651.6889,-2.5977,18.0198,-1.8923
35e004f4-ad64-4835-9358-38a58b431252_2629-86,379,1,1,156.9,86.0,50.2,60.9,50.2,0.488,False,False,3890.1647,2106.4012,0.2663,51.7687,0.1618
35e004f4-ad64-4835-9358-38a58b431252_2629-86,379,1,2,377.0,256.5,66.8,71.7,66.8,0.459,False,False,1790.3842,2673.843,-0.1741,37.5726,0.1031
35e004f4-ad64-4835-9358-38a58b431252_2629-86,379,2,0,115.5,75.7,56.6,91.2,56.6,0.723,True,False,201.7678,2038.0754,-1.0024,25.404,-0.5035
35e004f4-ad64-4835-9358-38a58b431252_2629-86,379,3,0,119.8,79.3,55.6,89.0,55.6,0.671,True,False,30.1942,1716.3999,-1.7408,23.3341,-1.2427
35e004f4-ad64-4835-9358-38a58b431252_2629-86,379,3,1,395.1,234.6,62.7,73.1,62.7,0.586,False,False,1695.0213,2698.007,-0.2018,36.8476,0.0963
35e004f4-ad64-4835-9358-38a58b431252_2629-86,379,4,0,104.1,89.6,55.4,86.3,55.4,0.653,True,False,13.481,1470.4686,-2.007,21.5284,-1.5062
35e004f4-ad64-4835-9358-38a58b431252_2629-86,379,5,0,102.6,80.5,57.4,88.1,57.4,0.722,True,False,21.238,1566.4031,-1.8481,22.5266,-1.3591
3639ab8f-880a-45bd-b8a9-6ef6bdaad4ff_355-03,381,2,0,198.5,43.0,21.1,25.2,21.1,0.577,False,False,1136.1239,1222.0408,-0.0316,26.4995,0.2087
3639ab8f-880a-45bd-b8a9-6ef6bdaad4ff_355-03,381,3,0,209.4,39.5,20.6,24.8,20.6,0.492,False,False,1544.3808,1937.1277,-0.0983,24.1416,0.4228
3639ab8f-880a-45bd-b8a9-6ef6bdaad4ff_355-03,381,5,0,4.3,177.9,164.3,188.6,164.3,0.792,False,True,177.207,408.5394,-0.3614,60.0294,-1.3059
366b71ad-3f35-4704-b6ef-e793c7e73ac6_41-78,385,4,0,266.1,26.1,56.6,72.4,56.6,0.908,True,False,27.0274,208.4447,-0.8735,20.8387,-1.1912
366b71ad-3f35-4704-b6ef-e793c7e73ac6_41-78,385,5,0,251.0,142.9,85.6,101.3,85.6,0.911,False,False,158.3298,734.666,-0.6644,27.5425,-0.6783
36baa5a9-16bf-4ad6-b011-4d7daae6b8f9_641-91,388,3,0,342.3,226.3,35.2,62.2,35.2,0.605,False,False,363.5105,3782.1224,-1.0161,19.1536,-0.004
36baa5a9-16bf-4ad6-b011-4d7daae6b8f9_641-91,388,4,0,567.8,215.8,51.6,68.2,51.6,0.459,False,False,56.7473,216.7375,-0.5764,16.3861,-0.669
375ca7e7-1e3c-4159-9f7f-4691ef11f322_68-87,389,2,0,57.1,1.4,46.2,29.7,29.7,0.401,False,True,74.2623,101.0348,-0.1322,12.4079,-0.3136
375ca7e7-1e3c-4159-9f7f-4691ef11f322_68-87,389,4,0,-1.8,111.3,146.5,256.3,146.5,0.67,False,True,1022.4122,564.1084,0.2579,73.3122,-0.7204
375ca7e7-1e3c-4159-9f7f-4691ef11f322_70-62,390,2,0,-1.8,111.3,146.5,256.3,146.5,0.67,False,True,1022.4122,564.1084,0.2579,73.3122,-0.7204
3761fbb4-3e0e-4b15-a277-fec95edacf04_2287-87,392,2,0,6.3,12.9,231.3,292.0,231.3,0.607,False,False,628.0008,728.9187,-0.0646,30.4068,-0.1678
378af037-7200-4d75-8f83-ddc74e1cd2dc_3511-24,396,1,0,372.9,151.5,28.8,35.5,28.8,0.405,False,False,2057.7572,5139.4324,-0.3974,55.9291,-0.1818
381c4c64-a697-42ab-90ab-a515740bf484_1318-72,397,1,0,253.8,24.9,77.7,80.7,77.7,0.789,True,False,226.1804,851.4174,-0.5743,40.7068,-0.8632
381c4c64-a697-42ab-90ab-a515740bf484_1318-72,397,1,1,7.2,46.8,10.9,15.7,10.9,0.422,False,False,801.9822,2305.8161,-0.4583,38.1913,-0.2595
381c4c64-a697-42ab-90ab-a515740bf484_1318-72,397,2,0,280.9,2.4,82.6,84.3,82.6,0.836,True,True,143.6526,909.801,-0.7991,33.4569,-0.889
381c4c64-a697-42ab-90ab-a515740bf484_1318-72,397,2,1,258.5,242.0,50.6,52.5,50.6,0.416,False,False,528.1507,376.3356,0.1469,35.5192,-0.3777
381c4c64-a697-42ab-90ab-a515740bf484_1318-72,397,3,0,288.4,9.2,73.3,75.4,73.3,0.82,True,False,83.569,1005.4432,-1.0756,25.5493,-0.8882
381c4c64-a697-42ab-90ab-a515740bf484_1318-72,397,4,0,234.1,45.2,78.8,85.5,78.8,0.808,True,False,17.2026,50.7215,-0.4535,44.838,-2.0434
381c4c64-a697-42ab-90ab-a515740bf484_1318-72,397,5,0,119.0,1.7,80.4,72.7,72.7,0.908,True,True,32.0959,217.1721,-0.819,25.1884,-1.2833
38737402-19bd-4689-9e74-3af391b15feb_1017-05,399,4,0,230.9,257.2,52.8,52.1,52.1,0.545,False,False,69.5602,1358.9365,-1.285,12.8772,-0.3737
38737402-19bd-4689-9e74-3af391b15feb_1424-12,401,1,0,255.7,202.1,67.4,86.4,67.4,0.445,False,False,36.8822,75.8378,-0.3071,31.1068,-1.4077
38788778-0822-4c9c-b51e-5bce8a765a97_83-68,403,4,0,283.2,144.8,81.6,105.1,81.6,0.897,True,False,56.1262,124.7626,-0.3427,24.3221,-1.0159
38788778-0822-4c9c-b51e-5bce8a765a97_83-68,403,5,0,326.4,179.4,116.7,149.2,116.7,0.789,False,False,10.9335,206.4999,-1.2402,9.2949,-0.8647
38788778-0822-4c9c-b51e-5bce8a765a97_91-28,404,2,0,14.7,16.5,190.8,261.4,190.8,0.55,False,False,106.08,267.2205,-0.3988,41.9496,-1.216
38788778-0822-4c9c-b51e-5bce8a765a97_91-28,404,4,0,426.4,45.0,135.4,180.6,135.4,0.7,False,False,168.5983,45.3566,0.5633,72.6925,-1.4936
38a66acf-33c8-4ed5-b814-7322087b2e21_2113-44,405,1,0,441.9,259.3,8.7,11.1,8.7,0.609,False,False,2230.3,1177.3596,0.2773,25.9571,0.5194
38a66acf-33c8-4ed5-b814-7322087b2e21_2113-44,405,1,1,313.3,244.1,9.9,12.2,9.9,0.598,False,False,1035.711,4011.0998,-0.5877,18.2523,0.4917
38a66acf-33c8-4ed5-b814-7322087b2e21_2113-44,405,1,2,470.8,261.0,13.0,15.8,13.0,0.557,False,False,39.0753,62.9785,-0.2032,24.2855,-1.1686
38a66acf-33c8-4ed5-b814-7322087b2e21_2113-44,405,1,3,388.1,252.8,9.2,11.2,9.2,0.436,False,False,2250.7483,5171.2683,-0.3612,31.6581,0.3511
38a66acf-33c8-4ed5-b814-7322087b2e21_2113-44,405,2,0,408.4,237.0,8.0,9.6,8.0,0.572,False,False,1689.4275,8094.2736,-0.6802,40.6163,0.0103
38a66acf-33c8-4ed5-b814-7322087b2e21_2113-44,405,2,1,262.3,245.4,7.3,9.1,7.3,0.508,False,False,869.1822,2954.1354,-0.531,26.3631,0.097
38a66acf-33c8-4ed5-b814-7322087b2e21_2113-44,405,2,2,458.5,241.3,8.2,9.7,8.2,0.502,False,False,2406.55,991.8988,0.3847,30.8135,0.4036
38a66acf-33c8-4ed5-b814-7322087b2e21_2113-44,405,2,3,323.1,238.7,9.0,11.0,9.0,0.41,False,False,3555.4722,3115.2809,0.0574,43.2595,0.2786
38a66acf-33c8-4ed5-b814-7322087b2e21_2113-44,405,2,4,328.6,232.9,9.4,11.3,9.4,0.409,False,False,467.0,5070.8911,-1.0349,8.1722,0.8391
38a66acf-33c8-4ed5-b814-7322087b2e21_2113-44,405,3,0,574.7,235.5,8.9,10.7,8.9,0.633,True,False,1805.31,532.5619,0.5296,27.1645,0.3882
38a66acf-33c8-4ed5-b814-7322087b2e21_2113-44,405,3,1,594.0,224.6,9.0,11.5,9.0,0.417,False,False,1936.3264,2281.4389,-0.0712,27.6179,0.4043
38a66acf-33c8-4ed5-b814-7322087b2e21_2113-44,405,3,2,523.6,234.1,7.8,9.4,7.8,0.401,False,False,433.9475,5496.0278,-1.1017,18.82,0.088
38a66acf-33c8-4ed5-b814-7322087b2e21_2113-44,405,4,0,524.3,207.7,8.9,10.7,8.9,0.679,True,False,1375.06,558.1903,0.3911,26.3039,0.298
38a66acf-33c8-4ed5-b814-7322087b2e21_2113-44,405,4,1,450.4,212.9,9.9,12.4,9.9,0.674,True,False,1377.9298,1146.6352,0.0797,23.626,0.392
38a66acf-33c8-4ed5-b814-7322087b2e21_2113-44,405,4,2,475.5,206.6,9.1,11.0,9.1,0.623,True,False,241.6576,3619.4311,-1.1738,21.441,-0.2784
38a66acf-33c8-4ed5-b814-7322087b2e21_2113-44,405,4,3,61.1,316.1,93.7,74.9,74.9,0.595,False,True,35.833,402.9554,-1.0401,23.2846,-1.1687
38a66acf-33c8-4ed5-b814-7322087b2e21_2113-44,405,4,4,604.4,224.0,10.2,12.6,10.2,0.523,False,False,1293.8957,988.0168,0.117,25.5828,0.2957
38a66acf-33c8-4ed5-b814-7322087b2e21_2113-44,405,4,5,544.9,195.7,8.8,11.3,8.8,0.413,False,False,1234.0677,3584.5273,-0.4629,22.8263,0.374
38a66acf-33c8-4ed5-b814-7322087b2e21_2113-44,405,5,0,578.1,224.5,15.2,19.5,15.2,0.788,True,False,295.94,2700.6813,-0.959,23.419,-0.2673
38a66acf-33c8-4ed5-b814-7322087b2e21_2113-44,405,5,1,516.3,214.5,9.5,11.8,9.5,0.558,False,False,1117.4222,1750.2084,-0.1947,38.8266,-0.1299
38a66acf-33c8-4ed5-b814-7322087b2e21_2113-44,405,5,2,280.2,257.5,11.5,16.0,11.5,0.533,False,False,3494.9364,3551.3587,-0.007,29.8286,0.5938
38a66acf-33c8-4ed5-b814-7322087b2e21_2113-44,405,5,3,251.3,231.4,9.2,11.2,9.2,0.522,False,False,4036.4736,9300.4018,-0.3624,16.1725,1.1869
38a66acf-33c8-4ed5-b814-7322087b2e21_2113-44,405,5,4,581.9,207.5,13.6,15.9,13.6,0.458,False,False,295.0986,2691.052,-0.9586,11.006,0.3846
38a66acf-33c8-4ed5-b814-7322087b2e21_4267-76,406,4,0,483.6,323.1,22.1,28.3,22.1,0.839,False,False,10.6468,584.8297,-1.7016,10.0243,-0.9402
38a66acf-33c8-4ed5-b814-7322087b2e21_4267-76,406,4,1,185.6,231.2,20.2,24.6,20.2,0.503,False,False,25.4996,332.8666,-1.1003,23.3866,-1.3155
38a66acf-33c8-4ed5-b814-7322087b2e21_4267-76,406,4,2,113.4,159.4,31.8,44.6,31.8,0.432,False,False,2221.638,2294.9972,-0.0141,47.2726,-0.0025
38a66acf-33c8-4ed5-b814-7322087b2e21_4267-76,406,5,0,352.3,319.8,53.8,64.7,53.8,0.704,False,True,10.0465,1392.6738,-2.1009,18.5373,-1.4941
38a66acf-33c8-4ed5-b814-7322087b2e21_835-53,407,1,0,124.7,186.8,18.9,25.1,18.9,0.669,True,False,24.9895,3386.0766,-2.115,39.2872,-1.774
38a66acf-33c8-4ed5-b814-7322087b2e21_835-53,407,1,1,274.4,219.9,8.0,9.1,8.0,0.525,False,False,7463.6836,6027.4544,0.0928,23.6578,1.1243
38a66acf-33c8-4ed5-b814-7322087b2e21_835-53,407,2,0,388.3,276.8,10.0,11.6,10.0,0.498,False,False,4224.8233,9189.0638,-0.3374,38.9386,0.4449
38a66acf-33c8-4ed5-b814-7322087b2e21_835-53,407,2,1,230.7,219.4,26.1,34.0,26.1,0.484,False,False,1587.9605,2308.3222,-0.1624,34.6572,0.1212
38a66acf-33c8-4ed5-b814-7322087b2e21_835-53,407,2,2,88.4,166.3,10.7,13.6,10.7,0.432,False,False,108.9355,4775.0809,-1.6379,45.0502,-1.2665
38a66acf-33c8-4ed5-b814-7322087b2e21_835-53,407,2,3,277.7,184.5,20.4,24.6,20.4,0.404,False,False,36.0619,2740.0101,-1.869,50.3413,-1.8351
38a66acf-33c8-4ed5-b814-7322087b2e21_835-53,407,2,4,219.0,167.0,12.6,15.4,12.6,0.402,False,False,117.9672,3001.2592,-1.402,40.1939,-1.1332
38a66acf-33c8-4ed5-b814-7322087b2e21_835-53,407,4,0,224.3,154.2,16.3,20.1,16.3,0.464,False,False,286.0133,3175.3774,-1.044,11.6662,0.3209
38a66acf-33c8-4ed5-b814-7322087b2e21_835-53,407,5,0,202.5,131.9,20.5,25.8,20.5,0.537,False,False,2443.3954,4406.4282,-0.256,35.596,0.285
38a66acf-33c8-4ed5-b814-7322087b2e21_835-53,407,5,1,72.1,138.2,13.4,17.0,13.4,0.525,False,False,106.9396,4861.0242,-1.6536,45.332,-1.2798
38a8d256-8d63-4f28-8837-ebd80dcd10e7_227-55,409,2,0,321.3,28.7,22.7,25.0,22.7,0.503,False,False,9717.7525,3995.9463,0.3859,25.2911,1.181
38b56399-3b1c-421d-8a80-1e5f54fcd667_0-84,410,3,0,3.8,78.5,125.8,137.9,125.8,0.584,False,True,135.8601,119.4768,0.0554,52.954,-1.3117
38b56399-3b1c-421d-8a80-1e5f54fcd667_806-77,411,1,0,283.9,29.0,190.3,190.7,190.3,0.431,False,False,62.6108,257.6097,-0.6091,35.6142,-1.3001
38b56399-3b1c-421d-8a80-1e5f54fcd667_806-77,411,3,0,541.1,300.7,19.8,24.8,19.8,0.555,False,False,71.2315,1434.579,-1.2983,21.5273,-0.8082
39208fca-0c54-48e9-b4f3-b4803bb67661_3315-32,414,3,0,288.6,235.1,83.4,87.3,83.4,0.45,False,False,1181.1137,1176.8162,0.0016,44.0553,-0.2156
39208fca-0c54-48e9-b4f3-b4803bb67661_3315-32,414,4,0,483.5,5.0,62.0,64.8,62.0,0.5,False,False,1368.5705,1846.5093,-0.13,33.9402,0.0748
39a53568-d759-4f19-ac19-bc4ba29b5c17_726-07,416,1,0,0.1,346.9,26.2,51.3,26.2,0.548,False,True,402.5351,970.7706,-0.3817,48.5293,-0.7663
39af7641-e376-4a99-977f-4d7f746e14ba_79-79,417,3,0,316.0,98.9,72.8,86.7,72.8,0.926,True,False,202.5661,387.2624,-0.2804,35.0149,-0.7802
39af7641-e376-4a99-977f-4d7f746e14ba_79-79,417,4,0,178.4,163.2,23.6,28.5,23.6,0.762,True,False,119.1794,337.5497,-0.4498,31.9396,-0.9293
39af7641-e376-4a99-977f-4d7f746e14ba_79-79,417,4,1,327.6,58.1,67.5,82.1,67.5,0.7,True,False,27.0909,394.9539,-1.1491,18.4839,-1.0863
39af7641-e376-4a99-977f-4d7f746e14ba_79-79,417,5,0,357.0,41.6,53.2,65.4,53.2,0.431,False,False,14.0188,456.3202,-1.4836,23.4053,-1.5628
39d0559a-d1e8-4fca-b7f4-db87bbbbde7e_857-69,418,1,0,294.2,18.6,32.3,40.9,32.3,0.904,True,False,480.1681,3117.6301,-0.8117,20.3126,0.0657
39d0559a-d1e8-4fca-b7f4-db87bbbbde7e_857-69,418,1,1,137.1,6.0,33.5,43.7,33.5,0.867,True,False,116.9353,722.6535,-0.7879,17.9939,-0.4399
39d0559a-d1e8-4fca-b7f4-db87bbbbde7e_857-69,418,1,2,377.5,35.8,9.6,11.6,9.6,0.436,False,False,2226.7433,5075.5316,-0.3577,28.8712,0.4264
39d0559a-d1e8-4fca-b7f4-db87bbbbde7e_857-69,418,2,0,294.1,34.9,30.3,40.2,30.3,0.902,True,False,756.5163,3202.3317,-0.6262,20.4119,0.2586
39d0559a-d1e8-4fca-b7f4-db87bbbbde7e_857-69,418,2,1,140.7,12.7,36.2,49.1,36.2,0.882,True,False,203.7649,1384.368,-0.8303,20.7907,-0.3255
39d0559a-d1e8-4fca-b7f4-db87bbbbde7e_857-69,418,3,0,374.2,70.0,32.4,44.6,32.4,0.9,True,False,581.7858,2904.5974,-0.6977,19.7875,0.1716
39d0559a-d1e8-4fca-b7f4-db87bbbbde7e_857-69,418,3,1,215.6,63.5,32.8,39.4,32.8,0.865,True,False,174.3324,568.4692,-0.5116,20.4751,-0.3796
39d0559a-d1e8-4fca-b7f4-db87bbbbde7e_857-69,418,4,0,570.7,-0.6,53.6,47.1,47.1,0.735,True,True,63.3645,414.1683,-0.8096,27.179,-1.0604
39d1462e-506c-482b-9c9e-a94cffd71563_2316-87,419,1,0,316.3,223.4,12.6,15.8,12.6,0.785,False,False,5513.5408,2292.7751,0.381,37.4632,0.594
39d1462e-506c-482b-9c9e-a94cffd71563_2316-87,419,1,1,347.4,233.3,11.3,13.8,11.3,0.775,False,False,5418.3889,4006.723,0.1311,32.9864,0.6969
39d1462e-506c-482b-9c9e-a94cffd71563_2316-87,419,1,2,398.1,241.6,9.7,11.8,9.7,0.542,False,False,5502.6456,1225.2205,0.6521,43.0394,0.4727
39d1462e-506c-482b-9c9e-a94cffd71563_2316-87,419,1,3,334.7,222.8,12.3,14.8,12.3,0.431,False,False,1407.2092,2907.4518,-0.315,24.5112,0.3692
39d1462e-506c-482b-9c9e-a94cffd71563_2316-87,419,3,0,514.7,230.6,18.5,22.6,18.5,0.85,True,False,906.2485,5301.7705,-0.7668,23.1157,0.2291
39d1462e-506c-482b-9c9e-a94cffd71563_2316-87,419,3,1,347.4,234.6,11.1,13.6,11.1,0.769,False,False,4364.3744,6241.2889,-0.1553,31.2196,0.6507
39d1462e-506c-482b-9c9e-a94cffd71563_2316-87,419,3,2,316.3,221.1,10.0,11.8,10.0,0.75,False,False,8691.551,2478.6813,0.5448,39.5979,0.7435
39d1462e-506c-482b-9c9e-a94cffd71563_2316-87,419,3,3,395.8,241.8,10.4,12.4,10.4,0.536,False,False,9212.591,1029.4617,0.9514,46.0531,0.6377
39d1462e-506c-482b-9c9e-a94cffd71563_2316-87,419,4,0,579.6,228.8,26.4,30.9,26.4,0.745,True,False,123.8031,1842.756,-1.1695,11.5299,-0.0307
39d1462e-506c-482b-9c9e-a94cffd71563_2316-87,419,4,1,305.2,219.3,11.9,14.1,11.9,0.743,False,False,4649.3571,1960.5208,0.3749,33.8194,0.6088
39d1462e-506c-482b-9c9e-a94cffd71563_2316-87,419,4,2,335.2,234.9,10.3,12.7,10.3,0.684,False,False,3397.9069,5430.1027,-0.2035,43.8439,0.2473
39d1462e-506c-482b-9c9e-a94cffd71563_2316-87,419,4,3,381.3,241.6,10.1,12.3,10.1,0.586,False,False,7212.4849,896.0991,0.9053,45.0125,0.5513
3a53bfdc-daf7-4bbc-bb9f-af449021d237_1629-28,420,1,0,605.8,129.4,34.2,79.0,34.2,0.666,True,True,707.595,433.2583,0.2126,20.8995,0.2091
3a53bfdc-daf7-4bbc-bb9f-af449021d237_1629-28,420,2,0,591.3,104.2,44.1,92.3,44.1,0.697,False,False,498.418,419.5931,0.0746,19.3608,0.1235
3a53bfdc-daf7-4bbc-bb9f-af449021d237_1629-28,420,3,0,585.3,87.6,49.6,104.0,49.6,0.875,False,False,216.8148,356.9793,-0.2158,16.0354,-0.0738
3a53bfdc-daf7-4bbc-bb9f-af449021d237_1629-28,420,4,0,596.0,82.5,45.6,91.5,45.6,0.826,True,True,562.4252,413.2822,0.1335,18.8979,0.1968
3a53bfdc-daf7-4bbc-bb9f-af449021d237_1629-28,420,5,0,600.9,88.8,39.8,87.0,39.8,0.807,True,True,676.8668,394.4927,0.234,20.7762,0.195
3a53bfdc-daf7-4bbc-bb9f-af449021d237_1629-28,420,5,1,0.3,-2.8,20.8,29.1,20.8,0.666,False,True,94.1017,488.5955,-0.7116,11.4027,-0.1392
3a718f0f-a85e-4461-b5bc-94c5a8d300a8_648-56,421,1,0,407.5,279.5,9.2,11.7,9.2,0.424,False,False,1239.3956,3703.6496,-0.4752,20.1653,0.4833
3a718f0f-a85e-4461-b5bc-94c5a8d300a8_648-56,421,2,0,469.2,161.4,76.9,98.5,76.9,0.554,False,False,319.8209,978.007,-0.4845,25.207,-0.2975
3a718f0f-a85e-4461-b5bc-94c5a8d300a8_648-56,421,2,1,147.2,108.8,14.0,17.2,14.0,0.519,False,False,2754.1673,1498.6724,0.2642,24.7092,0.6537
3a718f0f-a85e-4461-b5bc-94c5a8d300a8_648-56,421,3,0,176.6,30.7,14.4,17.0,14.4,0.676,False,False,1994.3236,797.7444,0.3976,22.9185,0.5788
3a718f0f-a85e-4461-b5bc-94c5a8d300a8_648-56,421,4,0,468.5,52.8,91.5,92.0,91.5,0.72,True,False,1009.1387,1535.7402,-0.1822,43.5203,-0.2732
3a839ee1-2391-43bb-a253-c2c45d753bac_271-43,422,3,0,419.4,135.7,47.8,58.7,47.8,0.763,False,False,742.2404,1031.5444,-0.1428,48.8609,-0.507
3a839ee1-2391-43bb-a253-c2c45d753bac_271-43,422,4,0,447.7,163.8,37.4,42.1,37.4,0.599,False,False,639.1387,1593.2642,-0.3963,50.1522,-0.5945
3a839ee1-2391-43bb-a253-c2c45d753bac_271-43,422,4,1,293.7,219.3,42.2,57.3,42.2,0.418,False,False,931.4522,2798.0079,-0.4774,19.4294,0.3916
3a839ee1-2391-43bb-a253-c2c45d753bac_271-43,422,5,0,42.5,310.8,54.3,68.4,54.3,0.79,False,False,1284.9186,1074.5556,0.0776,44.2299,-0.1824
3a9a814d-222f-4712-97b4-a71d9f8b5a4a_288-34,424,2,0,602.4,145.6,39.8,60.2,39.8,0.423,False,True,336.2692,323.1925,0.0172,28.2944,-0.376
3a9a814d-222f-4712-97b4-a71d9f8b5a4a_288-34,424,4,0,17.2,42.0,43.4,52.9,43.4,0.596,False,False,1278.4102,884.4168,0.1599,38.8669,-0.0724
3a9a814d-222f-4712-97b4-a71d9f8b5a4a_288-34,424,5,0,485.9,47.1,72.2,105.9,72.2,0.757,True,False,180.2823,991.6049,-0.7384,17.5659,-0.2324
3ab744ba-9969-452c-a825-38affebd4139_13-22,425,3,0,359.7,120.9,263.7,286.6,263.7,0.4,False,False,20.8361,27.1016,-0.1096,16.0415,-1.073
3ab744ba-9969-452c-a825-38affebd4139_319-13,426,1,0,372.1,153.1,12.1,14.9,12.1,0.435,False,False,1016.602,998.4122,0.0078,23.7044,0.2571
3b021bad-6945-4be2-a7db-44af3db1eae8_2667-18,428,1,0,464.8,206.7,16.3,20.8,16.3,0.877,True,False,2656.0273,571.4298,0.6667,23.7908,0.6708
3b021bad-6945-4be2-a7db-44af3db1eae8_2667-18,428,2,0,464.9,207.9,15.5,20.6,15.5,0.856,True,False,2254.8119,518.7042,0.6375,23.7815,0.6001
3b021bad-6945-4be2-a7db-44af3db1eae8_2667-18,428,3,0,469.0,211.2,15.7,19.9,15.7,0.877,True,False,2520.9784,444.1722,0.7532,22.5765,0.6936
3b021bad-6945-4be2-a7db-44af3db1eae8_2667-18,428,4,0,466.3,209.4,16.1,21.5,16.1,0.842,True,False,2213.9302,642.3089,0.5369,23.4856,0.603
3b021bad-6945-4be2-a7db-44af3db1eae8_2667-18,428,4,1,453.2,247.3,9.3,11.7,9.3,0.402,False,False,11317.21,3195.6821,0.5491,30.0511,1.0976
3b021bad-6945-4be2-a7db-44af3db1eae8_2667-18,428,5,0,465.4,209.5,13.2,17.8,13.2,0.859,True,False,2965.5478,939.6551,0.4988,22.0598,0.7842
3b021bad-6945-4be2-a7db-44af3db1eae8_2667-18,428,5,1,452.4,245.8,9.4,11.5,9.4,0.619,False,False,8098.8489,3537.4091,0.3597,30.4786,0.94
3b342c9c-eb30-4cc6-8ced-53c4fb7b3a8d_290-89,429,2,0,1.6,-0.7,20.3,32.9,20.3,0.737,True,True,31.1774,467.5868,-1.1632,9.6031,-0.462
3b342c9c-eb30-4cc6-8ced-53c4fb7b3a8d_290-89,429,3,0,0.9,1.3,19.1,31.4,19.1,0.728,True,True,135.441,123.2284,0.0407,12.9174,-0.09
3b342c9c-eb30-4cc6-8ced-53c4fb7b3a8d_290-89,429,3,1,504.9,-3.4,124.5,169.7,124.5,0.686,True,True,7.5917,677.1911,-1.8973,14.9973,-1.4199
3b342c9c-eb30-4cc6-8ced-53c4fb7b3a8d_290-89,429,4,0,1.3,-2.5,19.5,27.3,19.5,0.767,True,True,132.5933,384.335,-0.4601,12.4445,-0.067
3b342c9c-eb30-4cc6-8ced-53c4fb7b3a8d_783-98,430,4,0,166.4,0.2,139.3,150.1,139.3,0.541,False,True,461.7315,267.7003,0.2361,67.6175,-0.9949
3b342c9c-eb30-4cc6-8ced-53c4fb7b3a8d_783-98,430,4,1,566.3,48.0,34.6,53.1,34.6,0.522,False,False,65.5027,205.4766,-0.492,25.6741,-0.9968
3b342c9c-eb30-4cc6-8ced-53c4fb7b3a8d_783-98,430,4,2,373.0,-6.9,191.8,285.9,191.8,0.505,False,True,285.576,640.7044,-0.3501,48.7773,-0.9194
3b342c9c-eb30-4cc6-8ced-53c4fb7b3a8d_783-98,430,5,0,270.5,42.6,127.9,190.8,127.9,0.637,False,False,1156.934,224.874,0.7098,71.949,-0.6504
3b342c9c-eb30-4cc6-8ced-53c4fb7b3a8d_783-98,430,5,1,569.1,128.0,35.1,57.1,35.1,0.409,False,False,53.3028,152.3742,-0.4509,33.8346,-1.3243
3be8d10c-8e88-4f29-af13-6eab7b509ed8_7-19,432,1,0,346.7,-2.3,111.7,113.9,111.7,0.741,False,True,3971.6739,1490.0236,0.4256,57.7779,0.0754
3c54ff87-27c0-4ab8-b934-4f0289221bff_279-60,433,2,0,254.0,215.6,33.3,45.9,33.3,0.532,False,False,5956.2352,2141.464,0.4441,85.7475,-0.0915
3c54ff87-27c0-4ab8-b934-4f0289221bff_279-60,433,3,0,131.0,138.0,55.9,79.9,55.9,0.415,False,False,342.12,461.3994,-0.1296,82.5878,-1.2984
3c54ff87-27c0-4ab8-b934-4f0289221bff_279-60,433,4,0,417.1,198.6,28.9,33.2,28.9,0.766,True,False,1346.8498,936.9132,0.1575,38.0915,-0.0323
3c54ff87-27c0-4ab8-b934-4f0289221bff_279-60,433,5,0,299.3,183.1,32.4,39.8,32.4,0.91,True,False,4563.2519,5045.0053,-0.0436,57.5975,0.1384
3c5841d6-8d79-4aa7-b020-bbb6ef114b42_402-54,434,2,0,395.9,147.0,51.3,60.5,51.3,0.724,False,False,260.8488,379.9486,-0.1628,42.0567,-0.8299
3c5841d6-8d79-4aa7-b020-bbb6ef114b42_402-54,434,3,0,388.7,133.7,67.8,85.5,67.8,0.884,False,False,147.9799,232.562,-0.1953,34.0182,-0.8907
3c5841d6-8d79-4aa7-b020-bbb6ef114b42_402-54,434,4,0,204.6,37.9,63.1,78.0,63.1,0.855,True,False,495.2336,327.9831,0.1785,29.2505,-0.2371
3c5841d6-8d79-4aa7-b020-bbb6ef114b42_402-54,434,4,1,62.2,154.3,219.9,210.1,210.1,0.505,False,True,805.7461,747.7333,0.0324,85.518,-0.9574
3c5841d6-8d79-4aa7-b020-bbb6ef114b42_402-54,434,5,0,417.2,149.8,51.8,70.7,51.8,0.889,False,False,271.5406,295.454,-0.0365,35.4594,-0.6644
3ce37765-7d70-4dd6-991c-a83286ba05b2_1423-60,440,1,0,5.4,266.1,34.5,63.3,34.5,0.55,False,False,3310.2909,3273.6342,0.0048,40.6446,0.3017
3ce37765-7d70-4dd6-991c-a83286ba05b2_1423-60,440,3,0,201.4,183.5,37.8,46.9,37.8,0.611,False,False,3349.3863,6593.7907,-0.2941,48.0659,0.1612
3ce37765-7d70-4dd6-991c-a83286ba05b2_1423-60,440,3,1,257.7,256.7,27.0,35.1,27.0,0.469,False,False,3715.2888,5888.0662,-0.1999,47.277,0.2206
3ce37765-7d70-4dd6-991c-a83286ba05b2_1423-60,440,4,0,229.9,277.0,18.6,24.0,18.6,0.462,False,False,3447.8279,4205.509,-0.0863,33.1469,0.4964
3d93c92c-8c12-4972-9f29-c8bef5c321ba_1742-89,441,3,0,297.8,24.6,73.9,95.1,73.9,0.665,True,False,7.8923,1131.2992,-2.1049,38.6196,-2.2249
3d93c92c-8c12-4972-9f29-c8bef5c321ba_1742-89,441,4,0,253.1,88.8,96.1,115.7,96.1,0.55,False,False,6.2968,2543.4577,-2.5425,55.2852,-2.6222
3d93c92c-8c12-4972-9f29-c8bef5c321ba_1742-89,441,5,0,366.1,172.6,60.4,71.8,60.4,0.594,False,False,823.8076,1425.2905,-0.2379,73.5085,-0.8164
3d93c92c-8c12-4972-9f29-c8bef5c321ba_832-45,442,4,0,263.2,186.1,40.8,51.0,40.8,0.501,False,False,3.2613,4070.1733,-2.9802,13.8188,-1.6537
3d98a5d2-a34b-499e-98f2-9195f300394a_3004-17,443,1,0,551.2,294.5,31.7,37.2,31.7,0.899,False,False,412.3328,924.7263,-0.3502,21.6536,-0.0557
3d98a5d2-a34b-499e-98f2-9195f300394a_3004-17,443,1,1,491.5,308.3,28.3,36.5,28.3,0.867,False,False,120.5625,199.0843,-0.2164,19.8582,-0.5122
3d98a5d2-a34b-499e-98f2-9195f300394a_3004-17,443,1,2,620.2,281.5,22.1,37.9,22.1,0.55,False,True,63.842,340.9568,-0.7221,16.0954,-0.6032
3d98a5d2-a34b-499e-98f2-9195f300394a_3004-17,443,2,0,550.7,298.6,31.1,37.4,31.1,0.905,False,False,415.5262,913.392,-0.3415,21.0331,-0.0271
3d98a5d2-a34b-499e-98f2-9195f300394a_3004-17,443,2,1,491.1,311.2,27.9,37.0,27.9,0.869,False,False,114.5884,184.7423,-0.206,17.8536,-0.4419
3d98a5d2-a34b-499e-98f2-9195f300394a_3004-17,443,2,2,619.8,286.5,22.9,36.8,22.9,0.41,False,True,65.1497,304.0865,-0.6639,13.045,-0.4129
3d98a5d2-a34b-499e-98f2-9195f300394a_3004-17,443,3,0,530.5,304.3,31.0,36.6,31.0,0.879,False,False,128.4289,390.5398,-0.4807,17.8132,-0.3908
3d98a5d2-a34b-499e-98f2-9195f300394a_3004-17,443,3,1,478.9,321.7,24.5,33.1,24.5,0.859,False,False,88.7606,140.9917,-0.1992,20.6194,-0.6765
3d98a5d2-a34b-499e-98f2-9195f300394a_3004-17,443,3,2,600.9,289.7,32.3,40.1,32.3,0.54,False,False,23.3592,162.7708,-0.8276,13.8936,-0.9012
3d98a5d2-a34b-499e-98f2-9195f300394a_3004-17,443,3,3,438.0,322.4,20.8,31.2,20.8,0.428,False,False,458.5602,503.684,-0.0407,27.6873,-0.2228
3d98a5d2-a34b-499e-98f2-9195f300394a_3004-17,443,5,0,127.2,152.5,29.9,42.7,29.9,0.62,True,False,90.3735,539.7518,-0.7722,34.6309,-1.1185
3dbe950d-163c-40a4-9590-494748e1dd39_1644-63,444,1,0,3.0,170.0,87.0,133.1,87.0,0.828,False,True,161.3241,1327.1996,-0.9129,21.9395,-0.473
3dbe950d-163c-40a4-9590-494748e1dd39_1644-63,444,4,0,0.8,154.4,10.5,16.7,10.5,0.433,False,True,56.4836,3325.6179,-1.7625,17.2662,-0.7163
3dbe950d-163c-40a4-9590-494748e1dd39_6666-20,445,1,0,112.3,132.8,35.8,43.7,35.8,0.663,True,False,5.5701,333.7129,-1.7071,10.3359,-1.2152
3dbe950d-163c-40a4-9590-494748e1dd39_6666-20,445,1,1,396.1,48.8,68.3,117.1,68.3,0.447,False,False,165.7355,357.3034,-0.3322,36.6297,-0.906
3dbe950d-163c-40a4-9590-494748e1dd39_6666-20,445,2,0,245.4,46.1,132.9,155.5,132.9,0.516,False,False,353.4543,321.3242,0.0413,30.9885,-0.4333
3dbe950d-163c-40a4-9590-494748e1dd39_6666-20,445,2,1,19.1,97.5,7.8,9.8,7.8,0.442,False,False,420.6933,2195.279,-0.7167,11.6446,0.4896
3dbe950d-163c-40a4-9590-494748e1dd39_6666-20,445,3,0,158.5,89.6,106.2,160.8,106.2,0.757,False,False,151.2916,457.7743,-0.4789,28.678,-0.7329
3dbe950d-163c-40a4-9590-494748e1dd39_6666-20,445,3,1,365.0,108.6,21.8,27.1,21.8,0.644,True,False,9.8358,975.013,-1.9546,19.8448,-1.5615
3dbe950d-163c-40a4-9590-494748e1dd39_6666-20,445,3,2,202.7,119.4,51.4,92.9,51.4,0.559,False,False,234.8269,618.0816,-0.4192,26.3276,-0.4689
3dbe950d-163c-40a4-9590-494748e1dd39_6666-20,445,3,3,583.1,83.9,21.4,26.4,21.4,0.494,False,False,15.9005,165.579,-0.9937,9.4929,-0.7317
3dbe950d-163c-40a4-9590-494748e1dd39_6666-20,445,4,0,415.5,125.2,23.9,28.4,23.9,0.584,False,False,5.829,1301.1056,-2.2803,18.4481,-1.6988
3dbe950d-163c-40a4-9590-494748e1dd39_6666-20,445,4,1,222.7,158.4,39.4,66.4,39.4,0.567,False,False,88.2856,1275.562,-1.1553,15.114,-0.4099
3dbe950d-163c-40a4-9590-494748e1dd39_6666-20,445,4,2,186.9,123.7,88.1,136.8,88.1,0.492,False,False,281.6554,857.7605,-0.4826,22.0707,-0.2373
3dbe950d-163c-40a4-9590-494748e1dd39_6666-20,445,5,0,169.1,120.9,61.6,97.0,61.6,0.694,False,False,359.5713,470.4624,-0.1165,16.3057,0.1307
3dbe950d-163c-40a4-9590-494748e1dd39_6666-20,445,5,1,277.7,107.7,71.4,116.4,71.4,0.627,False,False,5.6578,458.6835,-1.8391,16.3973,-1.6078
3dbe950d-163c-40a4-9590-494748e1dd39_6666-20,445,5,2,1.4,188.8,29.5,47.6,29.5,0.59,False,True,8.4043,506.7533,-1.7323,18.3211,-1.5539
3dbe950d-163c-40a4-9590-494748e1dd39_6666-20,445,5,3,534.5,133.1,28.1,34.6,28.1,0.581,False,False,259.3948,160.6996,0.2069,26.3102,-0.4252
3dbe950d-163c-40a4-9590-494748e1dd39_6666-20,445,5,4,76.4,151.1,9.2,11.3,9.2,0.51,False,False,182.3067,1339.1401,-0.864,9.0831,0.3415
3dbe950d-163c-40a4-9590-494748e1dd39_6666-20,445,5,5,27.1,161.5,11.7,14.4,11.7,0.48,False,False,1404.7755,981.3869,0.1556,24.8583,0.3563
3dbe950d-163c-40a4-9590-494748e1dd39_6666-20,445,5,6,143.3,135.5,8.7,11.1,8.7,0.457,False,False,24.4875,1759.4425,-1.8393,3.6176,0.2575
3dd00666-a34d-4b45-bb4c-7a4c2342e475_1264-75,446,2,0,289.9,110.6,17.7,22.1,17.7,0.468,False,False,72.0153,768.4637,-1.0228,12.7152,-0.3479
3dd00666-a34d-4b45-bb4c-7a4c2342e475_1264-75,446,3,0,416.5,0.4,59.6,53.1,53.1,0.897,True,True,56.4457,11.8623,0.6499,36.7239,-1.371
3dd08c84-ee0a-4fa6-a859-98fd969ec720_1276-65,447,1,0,566.1,144.4,45.5,60.2,45.5,0.888,True,False,143.386,293.7841,-0.31,21.5537,-0.5085
3dd08c84-ee0a-4fa6-a859-98fd969ec720_1276-65,447,1,1,144.2,255.8,47.6,64.4,47.6,0.632,False,False,8.0206,136.2606,-1.1823,6.8826,-0.7293
3dd08c84-ee0a-4fa6-a859-98fd969ec720_1276-65,447,2,0,531.5,152.9,48.6,65.0,48.6,0.884,True,False,111.9429,1267.3458,-1.0504,20.2666,-0.5618
3dd08c84-ee0a-4fa6-a859-98fd969ec720_1276-65,447,2,1,139.6,247.2,47.9,62.4,47.9,0.597,False,False,14.5373,289.9367,-1.2724,7.5105,-0.5676
3dd08c84-ee0a-4fa6-a859-98fd969ec720_1276-65,447,2,2,238.9,154.7,10.2,13.0,10.2,0.433,False,False,789.8367,644.387,0.0883,17.2269,0.4242
3dd08c84-ee0a-4fa6-a859-98fd969ec720_1276-65,447,2,3,215.1,138.4,8.2,10.3,8.2,0.402,False,False,373.9167,1576.6342,-0.6241,9.7061,0.5953
3dd08c84-ee0a-4fa6-a859-98fd969ec720_1276-65,447,3,0,522.9,149.8,55.2,74.3,55.2,0.906,True,False,89.1795,1259.7932,-1.1455,21.5066,-0.711
3dd08c84-ee0a-4fa6-a859-98fd969ec720_1276-65,447,3,1,119.7,257.3,71.2,81.6,71.2,0.692,False,False,315.6536,218.2578,0.1596,17.6353,0.0064
3dd08c84-ee0a-4fa6-a859-98fd969ec720_1276-65,447,4,0,568.7,150.6,47.8,68.3,47.8,0.834,True,False,157.8713,373.2173,-0.3721,25.5049,-0.6129
3dd08c84-ee0a-4fa6-a859-98fd969ec720_1276-65,447,4,1,125.6,270.5,65.9,77.1,65.9,0.695,False,False,326.9551,158.0267,0.3143,17.5778,0.0245
3dd08c84-ee0a-4fa6-a859-98fd969ec720_1276-65,447,4,2,143.5,250.4,44.9,59.5,44.9,0.414,False,False,3.8247,267.5132,-1.7455,8.6207,-1.1934
3dd08c84-ee0a-4fa6-a859-98fd969ec720_1276-65,447,5,0,572.9,162.9,37.8,54.9,37.8,0.885,True,False,360.8094,653.432,-0.2574,29.4964,-0.3816
3dd08c84-ee0a-4fa6-a859-98fd969ec720_518-21,448,1,0,198.2,293.1,35.2,45.7,35.2,0.414,False,False,3.9557,704.0146,-2.1531,4.4824,-0.629
3dd08c84-ee0a-4fa6-a859-98fd969ec720_518-21,448,1,1,187.4,314.6,48.8,57.6,48.8,0.413,False,True,905.4648,727.6951,0.0948,22.4769,0.253
3dd08c84-ee0a-4fa6-a859-98fd969ec720_518-21,448,5,0,478.8,264.4,47.4,60.6,47.4,0.918,False,False,266.1142,1105.6465,-0.6173,29.5025,-0.5135
3decc0f8-9806-40dd-83d5-26c495dd7830_2268-25,451,1,0,571.9,26.2,33.6,38.5,33.6,0.69,True,False,9.7638,1830.1428,-2.2308,31.2367,-1.9578
3decc0f8-9806-40dd-83d5-26c495dd7830_2268-25,451,1,1,228.5,7.3,34.9,35.4,34.9,0.407,False,False,94.8138,2066.5314,-1.334,42.0097,-1.2655
3decc0f8-9806-40dd-83d5-26c495dd7830_2268-25,451,2,0,268.6,38.7,20.2,26.3,20.2,0.764,False,False,17.4766,2899.8364,-2.1959,41.2159,-1.9638
3decc0f8-9806-40dd-83d5-26c495dd7830_2268-25,451,2,1,604.0,57.2,30.6,37.7,30.6,0.616,True,False,13.1592,1891.3254,-2.126,29.426,-1.7869
3decc0f8-9806-40dd-83d5-26c495dd7830_2268-25,451,2,2,366.8,16.6,11.2,13.3,11.2,0.45,False,False,5571.4195,8227.1847,-0.1693,36.2666,0.6267
3decc0f8-9806-40dd-83d5-26c495dd7830_2268-25,451,2,3,347.7,19.9,9.5,12.8,9.5,0.425,False,False,1875.8367,4333.4836,-0.3635,19.1086,0.7098
3decc0f8-9806-40dd-83d5-26c495dd7830_2268-25,451,2,4,372.7,20.9,9.8,12.0,9.8,0.407,False,False,10533.7584,10161.0529,0.0156,42.9043,0.7574
3decc0f8-9806-40dd-83d5-26c495dd7830_2268-25,451,3,0,245.9,70.2,25.1,29.9,25.1,0.655,True,False,44.2853,1279.4455,-1.4514,19.2785,-0.9154
3decc0f8-9806-40dd-83d5-26c495dd7830_2268-25,451,3,1,308.0,138.8,33.0,37.2,33.0,0.528,False,False,3086.687,5133.3825,-0.2209,28.9755,0.5651
3decc0f8-9806-40dd-83d5-26c495dd7830_2268-25,451,3,2,245.0,55.9,24.7,28.1,24.7,0.5,False,False,8.0495,1940.6372,-2.3315,34.367,-2.116
3decc0f8-9806-40dd-83d5-26c495dd7830_2268-25,451,3,3,184.4,44.0,13.9,17.6,13.9,0.483,False,False,3932.1775,4633.4124,-0.0713,24.3999,0.8192
3decc0f8-9806-40dd-83d5-26c495dd7830_2268-25,451,4,0,281.8,163.1,40.6,49.5,40.6,0.602,True,False,75.1162,1880.1013,-1.3929,24.2685,-0.8893
3decc0f8-9806-40dd-83d5-26c495dd7830_2268-25,451,4,1,57.7,186.6,12.4,15.5,12.4,0.495,False,False,21271.0748,8319.6132,0.4077,66.0875,0.6875
3decc0f8-9806-40dd-83d5-26c495dd7830_2268-25,451,5,0,313.7,200.5,38.8,41.3,38.8,0.45,False,False,4.1293,1068.3001,-2.319,19.4017,-1.8668
3decc0f8-9806-40dd-83d5-26c495dd7830_5147-61,452,2,0,88.9,16.0,57.6,69.9,57.6,0.428,False,False,5.6124,1915.7723,-2.4622,40.4863,-2.3945
3decc0f8-9806-40dd-83d5-26c495dd7830_5147-61,452,3,0,318.8,52.6,26.1,34.6,26.1,0.499,False,False,630.9843,1742.4726,-0.4407,21.5381,0.1334
3decc0f8-9806-40dd-83d5-26c495dd7830_5147-61,452,4,0,98.1,24.7,35.4,46.7,35.4,0.777,True,False,5.242,1342.9788,-2.3331,22.8669,-1.9239
3decc0f8-9806-40dd-83d5-26c495dd7830_5147-61,452,4,1,597.8,33.5,8.2,10.0,8.2,0.57,False,False,7283.44,5022.4346,0.1614,40.3058,0.6514
3decc0f8-9806-40dd-83d5-26c495dd7830_5147-61,452,4,2,612.6,22.1,8.4,10.1,8.4,0.527,False,False,767.84,5592.7055,-0.8619,17.342,0.4062
3df50de7-7ef7-4938-9cdb-fb2d07751084_666-85,453,1,0,178.5,104.2,11.2,13.3,11.2,0.461,False,False,10484.8082,4061.3013,0.4118,34.8256,0.9364
3df50de7-7ef7-4938-9cdb-fb2d07751084_666-85,453,3,0,395.5,1.2,69.5,78.2,69.5,0.628,True,True,6.8577,3237.4152,-2.615,36.9758,-2.2409
3df50de7-7ef7-4938-9cdb-fb2d07751084_666-85,453,3,1,6.4,110.5,24.0,33.7,24.0,0.584,False,False,31.4489,2111.7645,-1.8137,25.7365,-1.3106
3df50de7-7ef7-4938-9cdb-fb2d07751084_666-85,453,3,2,-0.6,125.5,32.2,50.2,32.2,0.485,False,True,4480.6781,1337.1835,0.5249,40.593,0.4343
3df50de7-7ef7-4938-9cdb-fb2d07751084_666-85,453,4,0,25.9,150.3,130.9,154.0,130.9,0.879,False,False,926.6835,1731.5458,-0.2713,65.5577,-0.6659
3df50de7-7ef7-4938-9cdb-fb2d07751084_666-85,453,4,1,206.9,43.1,18.8,23.4,18.8,0.6,True,False,13.8984,1773.889,-2.076,29.9135,-1.7791
3df50de7-7ef7-4938-9cdb-fb2d07751084_666-85,453,5,0,-1.2,80.3,15.7,23.5,15.7,0.554,False,True,1288.798,2031.3177,-0.1975,30.5667,0.1396
3e418323-3ff7-4d03-9b60-275f1e20f5dc_315-49,454,1,0,614.4,10.7,24.4,40.4,24.4,0.731,False,True,774.2238,686.9915,0.0518,55.5769,-0.6005
3e418323-3ff7-4d03-9b60-275f1e20f5dc_315-49,454,2,0,583.7,9.8,34.9,39.1,34.9,0.787,False,False,98.8449,1656.6558,-1.2202,22.0059,-0.6866
3e418323-3ff7-4d03-9b60-275f1e20f5dc_315-49,454,2,1,194.1,96.0,12.5,15.8,12.5,0.495,False,False,138.2003,1628.8536,-1.0685,11.8868,-0.0095
3e418323-3ff7-4d03-9b60-275f1e20f5dc_315-49,454,2,2,120.6,92.2,10.5,12.8,10.5,0.486,False,False,2144.702,3718.434,-0.2389,26.633,0.4801
3e418323-3ff7-4d03-9b60-275f1e20f5dc_315-49,454,4,0,575.5,29.7,29.3,40.1,29.3,0.885,True,False,92.6877,381.6861,-0.6112,26.2874,-0.8684
3e418323-3ff7-4d03-9b60-275f1e20f5dc_315-49,454,4,1,429.3,26.0,29.6,32.3,29.6,0.777,False,False,1230.4517,1789.3034,-0.1625,64.5967,-0.5301
3e418323-3ff7-4d03-9b60-275f1e20f5dc_315-49,454,4,2,495.8,24.0,19.3,24.3,19.3,0.461,False,False,62.6892,636.2781,-1.0003,10.9578,-0.279
3e418323-3ff7-4d03-9b60-275f1e20f5dc_315-49,454,5,0,554.0,20.8,40.1,44.7,40.1,0.863,False,False,147.1397,899.021,-0.7836,26.0208,-0.6606
3ea1662a-6766-4bc9-8d42-9b48d4e8384c_132-89,456,1,0,385.4,425.5,22.4,29.0,22.4,0.438,False,False,10.2092,14.3589,-0.1368,8.5626,-0.8215
3ea1662a-6766-4bc9-8d42-9b48d4e8384c_132-89,456,2,0,602.6,130.2,37.6,60.4,37.6,0.426,False,True,6.6845,336.5893,-1.6428,12.9446,-1.3411
3efc152d-ea0e-4372-b552-7d5e1cf07259_14658-02,457,1,0,412.2,170.4,60.5,70.5,60.5,0.652,False,False,364.3009,2269.1018,-0.7934,33.3381,-0.4836
3efc152d-ea0e-4372-b552-7d5e1cf07259_14658-02,457,2,0,219.8,3.0,33.8,37.3,33.8,0.401,False,True,3952.1028,3312.2512,0.0767,37.413,0.4506
3efc152d-ea0e-4372-b552-7d5e1cf07259_6416-63,459,1,0,443.0,10.7,65.4,75.0,65.4,0.433,False,False,91.0622,1082.4844,-1.0707,16.5487,-0.475
3efc152d-ea0e-4372-b552-7d5e1cf07259_6416-63,459,2,0,469.9,33.8,75.3,91.7,75.3,0.572,False,False,103.9238,1973.6816,-1.2746,19.3733,-0.5547
3efc152d-ea0e-4372-b552-7d5e1cf07259_6416-63,459,3,0,37.1,84.4,38.1,67.6,38.1,0.656,False,False,953.1784,754.0732,0.1016,23.7182,0.2287
3efc152d-ea0e-4372-b552-7d5e1cf07259_6416-63,459,3,1,563.1,73.2,73.0,94.3,73.0,0.544,False,True,139.6713,2595.6268,-1.2662,16.9577,-0.312
3efc152d-ea0e-4372-b552-7d5e1cf07259_6416-63,459,4,0,542.2,62.8,62.4,84.9,62.4,0.539,False,False,196.8517,2009.6873,-1.007,18.4988,-0.2392
3efc152d-ea0e-4372-b552-7d5e1cf07259_6416-63,459,5,0,563.1,91.7,76.1,103.4,76.1,0.595,False,True,70.5978,1723.285,-1.3817,16.3786,-0.5753
3f292ce2-fb0d-477e-b6b5-18c6ef38366e_889-07,461,1,0,343.8,120.8,15.5,19.1,15.5,0.819,True,False,1363.8016,5864.5698,-0.6332,21.1844,0.4821
3f292ce2-fb0d-477e-b6b5-18c6ef38366e_889-07,461,2,0,358.2,151.0,18.2,22.8,18.2,0.757,True,False,581.0699,2318.0008,-0.6003,21.5579,0.0968
3f292ce2-fb0d-477e-b6b5-18c6ef38366e_889-07,461,4,0,338.8,148.5,17.3,22.2,17.3,0.743,True,False,1008.3092,3048.2823,-0.4802,19.2829,0.4325
3f292ce2-fb0d-477e-b6b5-18c6ef38366e_889-07,461,5,0,441.0,207.4,17.2,22.0,17.2,0.721,True,False,627.8214,2106.3895,-0.5252,32.6455,-0.2295
3f292ce2-fb0d-477e-b6b5-18c6ef38366e_889-07,461,5,1,464.5,281.0,18.3,22.8,18.3,0.412,False,False,2432.2048,1995.477,0.0859,40.5203,0.1706
3f712a5b-c1cf-4f2a-b0ab-ca0e2e4f0e3c_1166-83,462,3,0,387.3,154.8,22.6,29.0,22.6,0.53,False,False,127.047,5377.4131,-1.6233,8.9485,0.1985
3f712a5b-c1cf-4f2a-b0ab-ca0e2e4f0e3c_1166-83,462,4,0,397.7,136.5,24.1,30.9,24.1,0.476,False,False,655.0643,5216.2554,-0.9005,17.2317,0.3428
3f712a5b-c1cf-4f2a-b0ab-ca0e2e4f0e3c_119-87,463,1,0,271.8,210.9,19.6,24.3,19.6,0.659,False,False,481.0374,1869.3428,-0.5888,15.0828,0.3242
3f712a5b-c1cf-4f2a-b0ab-ca0e2e4f0e3c_119-87,463,2,0,355.2,287.2,22.0,26.2,22.0,0.854,True,False,224.3446,901.7425,-0.6027,12.5675,0.1516
3f712a5b-c1cf-4f2a-b0ab-ca0e2e4f0e3c_119-87,463,3,0,357.1,355.3,27.1,31.6,27.1,0.846,True,False,106.8323,1268.2278,-1.0708,8.7022,0.1478
3f712a5b-c1cf-4f2a-b0ab-ca0e2e4f0e3c_119-87,463,4,0,312.1,313.8,38.5,39.6,38.5,0.566,False,False,250.8012,1477.7356,-0.7688,10.5227,0.3529
3f712a5b-c1cf-4f2a-b0ab-ca0e2e4f0e3c_119-87,463,4,1,184.7,279.3,114.3,174.3,114.3,0.532,False,False,2631.154,2141.6652,0.0894,42.1675,0.1701
3f712a5b-c1cf-4f2a-b0ab-ca0e2e4f0e3c_119-87,463,5,0,301.3,200.5,42.3,41.0,41.0,0.876,True,False,212.1143,2388.2464,-1.0496,18.4897,-0.2065
3f712a5b-c1cf-4f2a-b0ab-ca0e2e4f0e3c_119-87,463,5,1,204.6,262.0,37.7,44.2,37.7,0.589,False,False,1418.1762,2808.7308,-0.2966,27.06,0.2868
3f712a5b-c1cf-4f2a-b0ab-ca0e2e4f0e3c_119-87,463,5,2,198.8,272.4,59.8,72.5,59.8,0.534,False,False,3022.9818,3799.3268,-0.0992,39.4513,0.2882
3f7f5927-02e7-42ea-a31a-edea41bc17f9_565-60,464,3,0,601.0,354.8,39.0,47.5,39.0,0.527,False,True,7.6394,6.7217,0.0488,5.1027,-0.4955
3f7f5927-02e7-42ea-a31a-edea41bc17f9_565-60,464,4,0,583.7,344.2,42.0,48.0,42.0,0.464,False,False,8.9513,13.0912,-0.1511,6.476,-0.635
3f7f5927-02e7-42ea-a31a-edea41bc17f9_565-60,464,5,0,86.1,292.6,176.8,190.5,176.8,0.416,False,True,410.6668,41.6371,0.9848,36.4585,-0.5094
3fb410d6-e5aa-49d3-b184-75ec9651550f_2226-52,466,5,0,428.1,197.7,36.2,46.2,36.2,0.624,True,False,6.0993,174.5293,-1.3931,16.0915,-1.5637
3ffb9247-a141-4056-a644-dd3fbab708a4_364-69,467,4,0,563.0,133.8,65.4,82.6,65.4,0.496,False,False,383.6992,197.0673,0.2883,40.5359,-0.6308
3ffb9247-a141-4056-a644-dd3fbab708a4_364-69,467,5,0,560.0,2.4,15.9,15.7,15.7,0.559,False,True,162.7566,468.0735,-0.457,22.8085,-0.5028
3ffeedef-3088-4e70-a21d-3578f07546a2_2438-39,468,5,0,458.6,45.9,149.1,178.7,149.1,0.409,False,False,1841.1181,3176.9975,-0.2368,35.6295,0.1614
3ffeedef-3088-4e70-a21d-3578f07546a2_632-12,469,1,0,36.7,24.7,26.7,39.2,26.7,0.758,True,False,38.5362,3424.7291,-1.9378,18.4323,-0.9354
3ffeedef-3088-4e70-a21d-3578f07546a2_632-12,469,1,1,1.3,47.5,22.4,48.3,22.4,0.456,False,True,3691.231,1467.8362,0.4003,58.2127,0.0371
3ffeedef-3088-4e70-a21d-3578f07546a2_632-12,469,2,0,36.0,18.0,21.6,31.5,21.6,0.573,False,False,17.5453,2117.8374,-2.0579,32.0813,-1.7447
3ffeedef-3088-4e70-a21d-3578f07546a2_632-12,469,3,0,3.8,5.2,31.8,41.7,31.8,0.651,True,True,6.7707,1314.544,-2.2286,14.6556,-1.4436
3ffeedef-3088-4e70-a21d-3578f07546a2_632-12,469,4,0,287.8,8.1,139.4,146.2,139.4,0.488,False,False,4.5436,3620.9047,-2.8151,26.2294,-2.0944
3fffb452-1c17-43fa-b473-c9e19ac21433_2774-23,470,3,0,599.6,155.4,37.8,45.3,37.8,0.618,False,True,10.527,21.8688,-0.2975,7.9464,-0.7454
3fffb452-1c17-43fa-b473-c9e19ac21433_2774-23,470,5,0,-3.4,48.1,178.0,212.5,178.0,0.527,False,True,22.5761,50.1663,-0.3365,16.6446,-1.0716
4065f62a-faae-4926-aee8-1d5bf73661a3_382-42,472,4,0,530.0,296.5,88.6,104.3,88.6,0.486,False,False,809.6233,2283.6474,-0.45,31.9963,-0.1018
4065f62a-faae-4926-aee8-1d5bf73661a3_382-42,472,4,1,414.6,219.4,74.2,72.5,72.5,0.47,False,False,892.9572,2439.8789,-0.4362,57.4225,-0.567
4065f62a-faae-4926-aee8-1d5bf73661a3_382-42,472,5,0,566.7,13.1,43.9,47.5,43.9,0.637,False,False,513.7727,1344.6656,-0.4173,31.1266,-0.2751
4065f62a-faae-4926-aee8-1d5bf73661a3_382-42,472,5,1,511.3,10.9,36.2,48.2,36.2,0.556,False,False,890.258,612.0368,0.1625,33.7558,-0.1071
406f3614-0b99-4b3f-b3cb-a4590bad9e27_288-93,473,2,0,62.0,57.6,34.7,49.1,34.7,0.841,True,False,1002.9824,2715.7486,-0.4323,32.0288,-0.0098
406f3614-0b99-4b3f-b3cb-a4590bad9e27_288-93,473,4,0,285.6,49.2,30.2,37.7,30.2,0.914,True,False,1925.5031,1947.3742,-0.0049,48.3501,-0.0842
406f3614-0b99-4b3f-b3cb-a4590bad9e27_288-93,473,5,0,273.4,145.9,32.8,39.3,32.8,0.883,True,False,798.6541,3578.2184,-0.6509,32.4519,-0.12
406f3614-0b99-4b3f-b3cb-a4590bad9e27_811-10,474,3,0,172.8,181.2,121.0,148.1,121.0,0.492,False,False,800.7208,651.7269,0.0893,81.0151,-0.9132
406f3614-0b99-4b3f-b3cb-a4590bad9e27_811-10,474,5,0,333.0,291.8,48.0,52.6,48.0,0.42,False,False,1676.0464,787.2521,0.3279,63.45,-0.3804
407df63f-c7a8-4c18-aa0f-b8e6ae16a938_620-12,475,3,0,2.3,7.2,163.0,274.5,163.0,0.702,False,True,371.6559,1671.5069,-0.6521,14.4472,0.2497
408acdc8-c286-482b-91ba-3fcda24fedc3_1554-86,476,3,0,529.6,239.9,101.7,123.0,101.7,0.488,False,False,23.1288,170.2696,-0.8511,15.8692,-1.0203
408acdc8-c286-482b-91ba-3fcda24fedc3_1554-86,476,4,0,64.0,24.7,142.2,172.0,142.2,0.783,False,False,10.4941,11.1433,-0.0239,18.1835,-1.4602
408acdc8-c286-482b-91ba-3fcda24fedc3_1554-86,476,5,0,229.3,54.3,46.0,54.6,46.0,0.754,False,False,34.9014,55.524,-0.1971,15.8758,-0.8481
40b33c95-3689-4ec8-8765-7e926f623b75_530-94,478,4,0,285.4,4.4,201.2,224.7,201.2,0.427,False,False,813.6645,1118.1153,-0.1379,55.6387,-0.5799
40b33c95-3689-4ec8-8765-7e926f623b75_530-94,478,5,0,48.4,1.1,121.8,112.8,112.8,0.817,False,True,11.9805,415.5077,-1.5063,18.4779,-1.4213
40b33c95-3689-4ec8-8765-7e926f623b75_726-75,479,1,0,435.5,205.1,61.6,77.1,61.6,0.699,False,False,1013.181,3391.0881,-0.5244,33.1917,-0.0363
40f3258a-f7d8-4b05-8b6a-bd9f8d5b85fb_792-58,480,4,0,486.6,67.8,54.9,71.0,54.9,0.919,True,False,62.1364,113.441,-0.2583,28.9097,-1.1223
40f3258a-f7d8-4b05-8b6a-bd9f8d5b85fb_792-58,480,5,0,430.3,90.1,60.1,79.2,60.1,0.932,True,False,85.2734,63.4976,0.1263,31.2608,-1.0546
41c32675-1cc9-47f2-82e5-5ef1eacb720b_92-49,481,4,0,43.3,99.5,266.3,263.4,263.4,0.793,False,True,4.0527,47.5349,-0.9825,12.8432,-1.5164
421a0364-6ed6-4bd4-8db2-5de8e245c9bc_455-02,484,2,0,232.8,21.4,21.4,27.5,21.4,0.621,True,False,185.1666,7075.6534,-1.5799,14.8079,-0.0731
421a0364-6ed6-4bd4-8db2-5de8e245c9bc_455-02,484,3,0,349.3,14.8,23.5,31.5,23.5,0.734,True,False,2004.5524,10691.9401,-0.7269,38.1921,0.138
421a0364-6ed6-4bd4-8db2-5de8e245c9bc_455-02,484,5,0,239.5,20.3,24.7,31.5,24.7,0.814,True,False,1109.0277,6460.6043,-0.765,33.5226,-0.0057
421a0364-6ed6-4bd4-8db2-5de8e245c9bc_455-02,484,5,1,39.5,301.9,27.4,33.1,27.4,0.732,True,False,1422.0783,6891.0147,-0.6851,24.1128,0.388
421a0364-6ed6-4bd4-8db2-5de8e245c9bc_549-95,485,4,0,8.5,10.7,68.5,118.5,68.5,0.525,False,False,5189.8791,3507.2625,0.1701,60.7876,0.1475
428a80ce-ccc8-46e3-9cbb-419d224f148a_1420-33,489,3,0,290.4,60.9,70.5,95.7,70.5,0.922,True,False,54.903,295.4087,-0.7245,23.9009,-1.0102
428a80ce-ccc8-46e3-9cbb-419d224f148a_1420-33,489,4,0,225.1,3.2,61.3,60.1,60.1,0.738,True,True,120.0352,106.8497,0.0501,45.9234,-1.2414
428a80ce-ccc8-46e3-9cbb-419d224f148a_1420-33,489,5,0,504.1,48.1,101.3,122.0,101.3,0.895,True,False,52.0821,21.8655,0.3658,32.0733,-1.2878
428a80ce-ccc8-46e3-9cbb-419d224f148a_679-57,490,1,0,381.7,163.3,35.8,55.5,35.8,0.822,True,False,139.5584,998.4236,-0.8519,14.764,-0.1925
428a80ce-ccc8-46e3-9cbb-419d224f148a_679-57,490,3,0,482.4,108.9,50.0,68.5,50.0,0.542,False,False,7.3636,497.5789,-1.7753,7.5941,-0.846
428a80ce-ccc8-46e3-9cbb-419d224f148a_679-57,490,4,0,383.5,124.0,54.4,71.3,54.4,0.859,True,False,6.3559,548.6815,-1.8735,4.7032,-0.4973
42c08776-8832-4d37-8844-3ce89e405c62_1474-11,491,1,0,413.3,213.3,9.1,10.8,9.1,0.68,False,False,441.4622,526.4451,-0.0763,15.6617,0.2544
42c08776-8832-4d37-8844-3ce89e405c62_1474-11,491,1,1,281.2,205.8,11.6,14.3,11.6,0.544,False,False,1881.2391,61.0238,1.4821,30.0143,0.3195
42c08776-8832-4d37-8844-3ce89e405c62_1474-11,491,2,0,283.7,63.3,137.3,201.3,137.3,0.573,False,False,723.1329,70.5584,1.0052,61.9762,-0.7247
42c08776-8832-4d37-8844-3ce89e405c62_1474-11,491,3,0,302.3,155.5,24.7,30.8,24.7,0.904,True,False,1239.1652,715.0431,0.2385,31.6609,0.092
42c08776-8832-4d37-8844-3ce89e405c62_1474-11,491,4,0,236.6,95.5,52.0,69.1,52.0,0.932,True,False,86.4898,851.3563,-0.9887,31.7678,-1.0624
42d72164-8f4a-49e4-8b95-b3ad423ba65b_1273-76,492,3,0,214.7,15.9,71.0,103.8,71.0,0.515,False,False,383.8204,408.3156,-0.0268,30.7805,-0.3918
42d72164-8f4a-49e4-8b95-b3ad423ba65b_1273-76,492,4,0,378.4,52.3,70.1,101.6,70.1,0.707,True,False,3.7988,325.5904,-1.8329,17.9492,-1.8283
42d72164-8f4a-49e4-8b95-b3ad423ba65b_1273-76,492,4,1,28.7,8.4,85.6,103.1,85.6,0.55,False,False,4.0941,66.7652,-1.1239,25.5298,-2.1077
42d72164-8f4a-49e4-8b95-b3ad423ba65b_1273-76,492,5,0,241.7,2.4,107.6,125.4,107.6,0.832,True,True,185.47,451.7833,-0.3853,26.2555,-0.5685
42d72164-8f4a-49e4-8b95-b3ad423ba65b_138-24,494,1,0,137.8,102.1,205.7,250.2,205.7,0.546,False,False,94.2465,1030.8685,-1.0348,48.0944,-1.3855
42d72164-8f4a-49e4-8b95-b3ad423ba65b_138-24,494,3,0,294.7,123.6,87.1,106.7,87.1,0.759,True,False,46.4933,326.4856,-0.8386,26.2736,-1.163
42d72164-8f4a-49e4-8b95-b3ad423ba65b_138-24,494,3,1,88.1,29.3,148.1,150.1,148.1,0.47,False,False,1218.5331,434.6375,0.4471,68.2417,-0.582
42d72164-8f4a-49e4-8b95-b3ad423ba65b_138-24,494,4,0,245.4,7.9,113.4,120.2,113.4,0.813,False,False,2039.6269,2071.2394,-0.0067,66.2418,-0.3326
42d72164-8f4a-49e4-8b95-b3ad423ba65b_138-24,494,5,0,50.5,111.3,44.1,62.8,44.1,0.641,False,False,1068.0804,287.0412,0.5696,45.6348,-0.2898
42d72164-8f4a-49e4-8b95-b3ad423ba65b_138-24,494,5,1,188.0,22.3,157.7,140.7,140.7,0.567,False,False,2001.0777,1234.9562,0.2095,59.5483,-0.2484
42d72164-8f4a-49e4-8b95-b3ad423ba65b_1575-60,496,3,0,477.3,221.8,109.0,131.8,109.0,0.511,False,False,400.2481,644.8911,-0.2067,41.4385,-0.6316
42d72164-8f4a-49e4-8b95-b3ad423ba65b_81-84,497,3,0,344.7,31.2,61.2,65.7,61.2,0.684,True,False,864.1452,1887.8538,-0.3391,36.0198,-0.1763
42d72164-8f4a-49e4-8b95-b3ad423ba65b_81-84,497,4,0,112.3,1.7,52.2,39.0,39.0,0.466,False,True,907.0548,1699.9669,-0.2726,30.1697,-0.0015
4335b0cc-e10c-45df-aad3-a1fa66b7a7a8_2029-73,498,1,0,438.7,206.2,56.8,91.0,56.8,0.447,False,False,12.0071,665.1832,-1.7094,14.4614,-1.2083
434a5651-9901-4b32-b782-d9a2bb52e805_711-02,499,1,0,57.1,287.4,38.3,45.8,38.3,0.422,False,False,450.6637,3039.0085,-0.8281,14.4169,0.335
434a5651-9901-4b32-b782-d9a2bb52e805_711-02,499,2,0,115.3,185.9,28.2,38.2,28.2,0.58,False,False,686.7237,3414.025,-0.696,27.5049,-0.042
434a5651-9901-4b32-b782-d9a2bb52e805_711-02,499,2,1,546.5,97.8,27.3,32.5,27.3,0.41,False,False,1062.0535,1931.5487,-0.2596,31.1172,0.0401
434a5651-9901-4b32-b782-d9a2bb52e805_711-02,499,3,0,264.9,12.5,56.1,67.0,56.1,0.707,True,False,4.206,2003.8544,-2.5856,15.7681,-1.6808
434a5651-9901-4b32-b782-d9a2bb52e805_711-02,499,3,1,173.0,444.8,40.7,37.2,37.2,0.683,False,True,1047.1824,1284.7584,-0.0887,21.5141,0.3541
434a5651-9901-4b32-b782-d9a2bb52e805_711-02,499,3,2,353.4,6.6,51.5,62.9,51.5,0.539,False,False,1689.4466,1327.3204,0.1047,35.5135,0.1269
439cfa9c-ef6b-41ba-aa5d-2f40b195b374_1380-00,500,1,0,471.1,202.2,61.1,77.5,61.1,0.51,False,False,313.7791,1039.0944,-0.5191,31.1962,-0.4906
439cfa9c-ef6b-41ba-aa5d-2f40b195b374_1380-00,500,2,0,473.3,239.8,54.3,75.1,54.3,0.461,False,False,329.2738,1347.9801,-0.6111,22.2429,-0.1764
439cfa9c-ef6b-41ba-aa5d-2f40b195b374_1380-00,500,3,0,533.4,135.6,61.3,95.9,61.3,0.434,False,False,522.756,1435.3098,-0.4381,25.0135,-0.0779
439cfa9c-ef6b-41ba-aa5d-2f40b195b374_1380-00,500,4,0,557.8,234.4,54.1,77.2,54.1,0.581,False,False,390.4557,632.2086,-0.2089,17.4147,0.1094
43d83207-9c41-46aa-90c9-e30a6194be11_354-50,501,2,0,262.1,38.0,34.6,45.4,34.6,0.832,True,False,13.6442,201.4143,-1.1406,17.037,-1.2986
43d83207-9c41-46aa-90c9-e30a6194be11_354-50,501,3,0,149.2,187.7,54.8,67.1,54.8,0.918,False,False,432.8814,766.2568,-0.2476,25.0484,-0.1609
43d83207-9c41-46aa-90c9-e30a6194be11_354-50,501,4,0,125.2,143.6,65.7,101.2,65.7,0.836,False,False,7.1977,30.6478,-0.5867,15.0989,-1.4461
44327c5e-9442-4334-b675-8019df3678af_2165-30,503,2,0,367.2,24.0,89.3,94.9,89.3,0.4,False,False,36.9268,111.9488,-0.4739,13.9889,-0.7148
444a032d-faef-447e-a5dd-c3c8386672b6_215-22,504,1,0,152.6,98.2,37.6,44.4,37.6,0.539,False,False,3678.2785,3464.5029,0.026,50.7458,0.1548
444a032d-faef-447e-a5dd-c3c8386672b6_215-22,504,1,1,14.3,135.5,9.2,11.4,9.2,0.464,False,False,2531.24,4447.6697,-0.2447,23.4034,0.6642
4469a684-b4f9-4b50-a26f-2943f477a420_980-96,505,5,0,436.0,220.6,223.8,246.0,223.8,0.506,False,True,53.1382,36.4721,0.1598,42.653,-1.5266
449763d0-a924-40a4-8830-01e7028f9428_3694-63,507,2,0,461.5,313.9,21.7,27.2,21.7,0.893,True,False,157.7877,56.5776,0.4406,7.8188,0.4075
449763d0-a924-40a4-8830-01e7028f9428_3694-63,507,3,0,479.6,314.6,37.1,47.5,37.1,0.92,True,False,383.9283,107.2921,0.5508,16.4251,0.1528
449763d0-a924-40a4-8830-01e7028f9428_3694-63,507,4,0,417.1,326.4,68.5,89.9,68.5,0.938,False,False,429.1501,134.3862,0.502,21.6169,-0.0369
449763d0-a924-40a4-8830-01e7028f9428_3694-63,507,5,0,421.4,288.5,125.7,165.2,125.7,0.933,False,False,378.9812,290.8316,0.1146,31.8172,-0.426
449e14cf-f05e-42ac-bb7e-0ba87617f95a_582-28,508,4,0,607.6,78.5,24.6,43.3,24.6,0.65,False,False,18.4866,152.0283,-0.895,20.4908,-1.3344
449e14cf-f05e-42ac-bb7e-0ba87617f95a_582-28,508,5,0,421.0,111.1,51.3,62.8,51.3,0.843,True,False,3.295,69.568,-1.2156,13.9946,-1.6612
44c5117d-fb5c-4fcf-b648-d7eb76d5f95a_1424-15,510,2,0,1.7,223.8,17.6,24.7,17.6,0.41,False,True,1533.7058,2898.0994,-0.2762,34.9795,0.098
44c5117d-fb5c-4fcf-b648-d7eb76d5f95a_1424-15,510,3,0,229.9,165.1,15.4,18.9,15.4,0.765,False,False,289.75,2910.7124,-1.0006,15.9686,0.0553
44c5117d-fb5c-4fcf-b648-d7eb76d5f95a_1424-15,510,4,0,365.7,111.4,25.9,28.7,25.9,0.455,False,False,347.1396,2564.1281,-0.8674,21.2017,-0.112
44c5117d-fb5c-4fcf-b648-d7eb76d5f95a_898-38,511,1,0,444.1,187.3,36.1,41.6,36.1,0.898,True,False,1276.8801,587.9848,0.3364,43.2461,-0.1656
44c5117d-fb5c-4fcf-b648-d7eb76d5f95a_898-38,511,2,0,536.5,79.2,44.2,54.2,44.2,0.906,True,False,302.2148,937.1824,-0.4905,16.8785,0.0256
44c5117d-fb5c-4fcf-b648-d7eb76d5f95a_898-38,511,4,0,177.8,247.5,28.5,29.9,28.5,0.798,False,False,1438.583,2185.8996,-0.1816,33.8431,0.0989
44c5117d-fb5c-4fcf-b648-d7eb76d5f95a_898-38,511,5,0,125.4,320.2,41.3,42.9,41.3,0.841,False,False,1617.3586,2375.4155,-0.1668,36.795,0.0772
45c274b8-54e6-4187-9fd9-73c0b0ada28d_109-66,512,4,0,281.0,75.0,54.4,63.9,54.4,0.453,False,False,307.9858,29.0756,1.0117,12.3925,0.3008
45c274b8-54e6-4187-9fd9-73c0b0ada28d_1281-25,513,1,0,274.3,7.3,25.5,30.9,25.5,0.472,False,False,11.5289,7.0513,0.192,3.4449,-0.0116
45c274b8-54e6-4187-9fd9-73c0b0ada28d_1281-25,513,1,1,306.1,198.8,36.8,41.3,36.8,0.44,False,False,1018.78,586.7037,0.2393,27.6824,0.1235
45c274b8-54e6-4187-9fd9-73c0b0ada28d_1281-25,513,2,0,307.9,198.2,38.9,46.0,38.9,0.626,False,False,888.5838,459.827,0.2856,24.7141,0.1626
45ed20a0-ba4b-41f2-9498-6084fc15d1e3_113-72,514,3,0,47.9,81.9,60.5,75.8,60.5,0.428,False,False,3.3548,23.1203,-0.7434,3.6203,-0.5104
45ed20a0-ba4b-41f2-9498-6084fc15d1e3_113-72,514,4,0,304.9,105.9,36.4,57.1,36.4,0.733,True,False,21.921,222.4017,-0.9889,10.6612,-0.6992
45ed20a0-ba4b-41f2-9498-6084fc15d1e3_113-72,514,4,1,563.3,102.8,49.0,57.8,49.0,0.599,False,False,239.6825,325.392,-0.1323,27.5106,-0.4981
45f5f3df-072e-4869-b332-cfc3652092b2_997-48,515,3,0,529.3,194.1,109.0,176.9,109.0,0.438,False,True,1126.5145,2631.9407,-0.3683,36.3383,-0.0689
45f5f3df-072e-4869-b332-cfc3652092b2_997-48,515,5,0,188.0,26.3,60.3,82.6,60.3,0.568,False,False,53.1078,94.0927,-0.2449,24.713,-1.0533
470499d1-e015-4d45-a858-ca3e9566085e_2490-62,518,1,0,455.9,225.6,32.2,55.3,32.2,0.751,False,False,260.3162,212.7299,0.0873,15.6895,0.0242
470499d1-e015-4d45-a858-ca3e9566085e_2490-62,518,1,1,193.4,190.0,19.1,24.2,19.1,0.729,True,False,21.31,952.2687,-1.6307,23.7204,-1.4025
470499d1-e015-4d45-a858-ca3e9566085e_2490-62,518,1,2,213.6,155.0,12.6,16.0,12.6,0.699,False,False,9369.4245,2514.9839,0.5711,34.122,0.9053
470499d1-e015-4d45-a858-ca3e9566085e_2490-62,518,1,3,318.0,177.5,23.8,26.9,23.8,0.662,True,False,7570.8753,3654.4313,0.3163,43.3139,0.6057
470499d1-e015-4d45-a858-ca3e9566085e_2490-62,518,1,4,418.7,97.6,14.7,17.8,14.7,0.591,False,False,22.0291,1245.2694,-1.7333,14.5872,-0.9677
470499d1-e015-4d45-a858-ca3e9566085e_2490-62,518,1,5,86.5,200.8,15.6,21.9,15.6,0.55,False,False,9.6897,167.374,-1.1973,14.528,-1.2975
470499d1-e015-4d45-a858-ca3e9566085e_2490-62,518,1,6,326.6,152.3,12.5,14.7,12.5,0.548,False,False,2841.2092,1361.3323,0.3194,20.1912,0.8423
470499d1-e015-4d45-a858-ca3e9566085e_2490-62,518,1,7,160.6,174.0,10.0,12.6,10.0,0.459,False,False,1987.6212,3139.3517,-0.1984,21.3839,0.6374
470499d1-e015-4d45-a858-ca3e9566085e_2490-62,518,2,0,345.4,151.7,24.1,31.4,24.1,0.654,False,False,735.3512,6484.0361,-0.9448,22.6523,0.156
470499d1-e015-4d45-a858-ca3e9566085e_2490-62,518,2,1,208.6,146.6,20.8,25.7,20.8,0.598,False,False,37.7644,1930.2018,-1.6974,29.4418,-1.35
470499d1-e015-4d45-a858-ca3e9566085e_2490-62,518,2,2,257.8,123.5,11.0,13.6,11.0,0.561,False,False,422.5677,3175.6306,-0.875,26.1485,-0.2086
470499d1-e015-4d45-a858-ca3e9566085e_2490-62,518,2,3,461.4,164.2,28.4,45.7,28.4,0.552,False,False,4.9043,669.2655,-2.0551,22.8347,-1.9469
470499d1-e015-4d45-a858-ca3e9566085e_2490-62,518,2,4,224.4,117.2,13.6,17.4,13.6,0.544,False,False,8160.1466,3196.8639,0.4069,35.4185,0.8129
470499d1-e015-4d45-a858-ca3e9566085e_2490-62,518,2,5,169.8,133.4,9.3,11.4,9.3,0.523,False,False,1916.75,2315.9852,-0.0821,25.7239,0.4615
470499d1-e015-4d45-a858-ca3e9566085e_2490-62,518,2,6,287.0,134.9,21.4,29.3,21.4,0.436,False,False,5359.4556,2579.6036,0.3175,27.9942,0.8345
470499d1-e015-4d45-a858-ca3e9566085e_2490-62,518,3,0,218.9,132.7,24.2,32.8,24.2,0.696,False,False,57.4418,765.56,-1.1178,26.2325,-1.0716
470499d1-e015-4d45-a858-ca3e9566085e_2490-62,518,3,1,178.3,121.9,8.8,10.8,8.8,0.677,False,False,3077.4149,2013.15,0.1842,28.7072,0.5718
470499d1-e015-4d45-a858-ca3e9566085e_2490-62,518,3,2,336.2,105.8,29.2,40.6,29.2,0.643,True,False,2916.2412,2905.1059,0.0017,41.8942,0.2204
470499d1-e015-4d45-a858-ca3e9566085e_2490-62,518,3,3,346.9,137.5,29.8,40.8,29.8,0.596,False,False,677.7198,5570.1203,-0.9143,20.8967,0.1905
470499d1-e015-4d45-a858-ca3e9566085e_2490-62,518,3,4,159.7,128.4,8.8,11.5,8.8,0.586,False,False,1981.1289,4024.3245,-0.3077,23.5311,0.5531
470499d1-e015-4d45-a858-ca3e9566085e_2490-62,518,3,5,207.8,93.3,15.5,18.8,15.5,0.583,False,False,3145.5409,5633.6136,-0.253,32.0266,0.4864
470499d1-e015-4d45-a858-ca3e9566085e_2490-62,518,3,6,202.3,171.3,53.5,72.5,53.5,0.556,False,False,5.7084,914.2631,-2.1349,29.3243,-2.1083
470499d1-e015-4d45-a858-ca3e9566085e_2490-62,518,3,7,213.4,102.8,16.0,20.9,16.0,0.485,False,False,8869.6022,2937.0692,0.4799,37.8945,0.7905
470499d1-e015-4d45-a858-ca3e9566085e_2490-62,518,3,8,48.2,130.5,10.4,13.0,10.4,0.468,False,False,473.1525,4537.6371,-0.981,10.6356,0.6186
470499d1-e015-4d45-a858-ca3e9566085e_2490-62,518,3,9,112.8,146.2,22.3,29.6,22.3,0.427,False,False,10.6232,353.7369,-1.4846,21.7973,-1.6124
470499d1-e015-4d45-a858-ca3e9566085e_2490-62,518,3,10,524.4,144.8,30.8,48.7,30.8,0.423,False,False,17.3308,476.558,-1.4158,24.0236,-1.4988
470499d1-e015-4d45-a858-ca3e9566085e_2490-62,518,3,11,418.8,45.5,14.4,18.1,14.4,0.413,False,False,31.9822,695.2309,-1.3245,17.4452,-0.9665
470499d1-e015-4d45-a858-ca3e9566085e_2490-62,518,4,0,197.0,134.1,22.1,31.0,22.1,0.799,True,False,19.1269,507.0495,-1.4021,20.3337,-1.3137
470499d1-e015-4d45-a858-ca3e9566085e_2490-62,518,4,1,288.9,191.4,70.2,79.9,70.2,0.565,False,False,4.161,1187.1063,-2.3621,30.4936,-2.2562
470499d1-e015-4d45-a858-ca3e9566085e_2490-62,518,4,2,521.0,140.6,21.2,25.9,21.2,0.555,False,False,369.3267,264.0027,0.1453,16.1484,0.1507
470499d1-e015-4d45-a858-ca3e9566085e_2490-62,518,4,3,402.5,46.6,14.4,17.6,14.4,0.538,False,False,44.8994,847.486,-1.2668,18.7691,-0.8863
470499d1-e015-4d45-a858-ca3e9566085e_2490-62,518,4,4,162.3,140.4,21.3,30.5,21.3,0.527,False,False,7.5737,245.7415,-1.4591,16.4538,-1.501
470499d1-e015-4d45-a858-ca3e9566085e_2490-62,518,4,5,93.7,138.4,8.7,10.7,8.7,0.468,False,False,1230.0764,2158.669,-0.2441,26.1677,0.2541
470499d1-e015-4d45-a858-ca3e9566085e_2490-62,518,4,6,316.8,115.0,10.4,13.8,10.4,0.422,False,False,1584.9763,8079.9159,-0.7072,27.9842,0.3059
470499d1-e015-4d45-a858-ca3e9566085e_2490-62,518,5,0,153.4,157.1,27.8,37.7,27.8,0.591,False,False,587.9778,730.7373,-0.0943,14.5953,0.4396
470499d1-e015-4d45-a858-ca3e9566085e_2490-62,518,5,1,347.0,141.6,23.4,30.3,23.4,0.577,False,False,1240.7589,2017.4392,-0.211,31.228,0.1045
470499d1-e015-4d45-a858-ca3e9566085e_2490-62,518,5,2,158.5,131.0,9.3,12.4,9.3,0.55,False,False,931.0367,2234.7948,-0.38,19.7953,0.3752
470499d1-e015-4d45-a858-ca3e9566085e_2490-62,518,5,3,417.7,49.1,13.8,17.9,13.8,0.51,False,False,62.1218,770.3845,-1.0871,20.131,-0.8086
470499d1-e015-4d45-a858-ca3e9566085e_2490-62,518,5,4,208.7,97.4,16.4,20.7,16.4,0.503,False,False,3393.7262,4027.7405,-0.0744,32.5335,0.5057
470499d1-e015-4d45-a858-ca3e9566085e_2490-62,518,5,5,210.9,110.4,16.4,21.5,16.4,0.405,False,False,6059.0178,2157.4083,0.4483,32.8111,0.75
470499d1-e015-4d45-a858-ca3e9566085e_2861-64,519,1,0,1.7,116.7,134.8,262.2,134.8,0.751,False,True,3.599,18.5532,-0.6286,31.565,-2.3362
470499d1-e015-4d45-a858-ca3e9566085e_2861-64,519,2,0,42.4,12.0,135.7,154.5,135.7,0.68,False,False,325.7522,649.7676,-0.2992,18.884,-0.0392
470499d1-e015-4d45-a858-ca3e9566085e_2861-64,519,3,0,68.1,0.0,152.0,137.8,137.8,0.6,False,True,317.1856,727.9134,-0.36,17.1708,0.0316
470499d1-e015-4d45-a858-ca3e9566085e_2861-64,519,4,0,90.8,-1.2,131.7,108.8,108.8,0.65,False,True,501.8834,844.1932,-0.2255,22.0824,0.0125
470499d1-e015-4d45-a858-ca3e9566085e_961-34,520,1,0,363.5,127.9,28.2,34.5,28.2,0.789,True,False,21.1504,764.7335,-1.5387,35.4615,-1.7545
470499d1-e015-4d45-a858-ca3e9566085e_961-34,520,1,1,577.4,110.7,8.3,10.1,8.3,0.437,False,False,1885.2475,5309.2498,-0.4495,38.5397,0.1035
470499d1-e015-4d45-a858-ca3e9566085e_961-34,520,2,0,235.1,140.8,32.5,40.4,32.5,0.801,True,False,13.9839,925.3028,-1.7911,33.9254,-1.8858
470499d1-e015-4d45-a858-ca3e9566085e_961-34,520,2,1,30.2,228.1,25.7,31.6,25.7,0.71,True,False,13.3418,100.2222,-0.8487,23.2512,-1.5771
470499d1-e015-4d45-a858-ca3e9566085e_961-34,520,3,0,214.5,196.5,29.9,37.5,29.9,0.68,True,False,14.0092,1195.722,-1.9016,35.3784,-1.9215
470499d1-e015-4d45-a858-ca3e9566085e_961-34,520,3,1,134.6,171.5,11.1,12.4,11.1,0.405,False,False,89.6111,3897.0541,-1.6337,12.9562,-0.2704
470499d1-e015-4d45-a858-ca3e9566085e_961-34,520,4,0,514.6,128.3,31.6,38.5,31.6,0.752,True,False,8.2581,953.857,-2.0134,31.7497,-2.0374
470499d1-e015-4d45-a858-ca3e9566085e_961-34,520,4,1,35.7,183.5,35.0,39.5,35.0,0.743,True,False,256.4019,842.2028,-0.5153,38.4876,-0.7603
470499d1-e015-4d45-a858-ca3e9566085e_961-34,520,4,2,307.2,230.6,23.6,27.6,23.6,0.652,True,False,18.6248,236.3501,-1.0826,22.623,-1.4171
470499d1-e015-4d45-a858-ca3e9566085e_961-34,520,5,0,552.7,107.5,41.9,53.2,41.9,0.667,True,False,6.3071,702.2963,-1.9834,31.2762,-2.1271
470499d1-e015-4d45-a858-ca3e9566085e_961-34,520,5,1,303.7,204.8,33.6,44.0,33.6,0.628,True,False,47.4768,562.3235,-1.0652,39.4482,-1.5068
470499d1-e015-4d45-a858-ca3e9566085e_961-34,520,5,2,1.2,159.7,31.7,45.3,31.7,0.462,False,True,28.3975,738.9576,-1.4009,56.0418,-2.0289
4756ab70-a3dc-4855-b015-70fd744ea8e8_82-91,521,4,0,423.2,110.7,35.8,43.8,35.8,0.406,False,False,1117.421,1973.9712,-0.247,25.1974,0.2452
4767de01-96e1-4cf4-80f4-1c9d3acd26ed_650-13,522,3,0,-0.1,171.4,75.5,143.7,75.5,0.889,False,True,1200.245,5109.6178,-0.6288,45.3027,-0.2328
4767de01-96e1-4cf4-80f4-1c9d3acd26ed_650-13,522,4,0,99.8,201.5,8.6,10.8,8.6,0.647,True,False,1416.6275,10020.1913,-0.8494,24.88,0.3592
4767de01-96e1-4cf4-80f4-1c9d3acd26ed_650-13,522,5,0,32.0,276.9,10.3,14.0,10.3,0.774,True,False,513.2275,3075.0472,-0.7768,18.1926,0.1901
4840195a-580a-44c9-b1de-4bbb792473b5_487-41,523,2,0,68.1,-2.2,123.7,106.2,106.2,0.489,False,True,338.6462,673.5085,-0.298,19.8936,-0.0675
48acd7ed-cafc-494b-9e47-8dddcdf0fa75_819-59,524,1,0,375.9,125.4,25.1,32.0,25.1,0.619,False,False,2264.3403,3874.7544,-0.2332,43.4815,0.0783
48acd7ed-cafc-494b-9e47-8dddcdf0fa75_819-59,524,1,1,303.7,124.7,42.6,46.6,42.6,0.416,False,False,397.7475,417.4349,-0.0209,34.7942,-0.4827
48acd7ed-cafc-494b-9e47-8dddcdf0fa75_819-59,524,3,0,538.4,252.9,56.5,75.3,56.5,0.852,False,False,202.3937,360.8434,-0.2502,44.9527,-0.9974
48acd7ed-cafc-494b-9e47-8dddcdf0fa75_819-59,524,4,0,586.2,208.1,38.9,70.4,38.9,0.816,False,False,914.8752,381.5878,0.3791,33.6123,-0.0915
48acd7ed-cafc-494b-9e47-8dddcdf0fa75_819-59,524,5,0,369.5,22.6,17.9,23.2,17.9,0.624,True,False,7478.4967,4752.1761,0.1969,56.1413,0.3752
48bd6bfb-1322-41b5-9641-20a647976ea8_10-49,525,4,0,357.4,72.7,14.6,20.2,14.6,0.748,True,False,2559.3086,6674.8048,-0.4162,30.3005,0.4449
48bd6bfb-1322-41b5-9641-20a647976ea8_10-49,525,5,0,298.2,36.6,15.4,22.7,15.4,0.746,True,False,2108.1207,4271.9649,-0.3066,36.7751,0.1927
48bd6bfb-1322-41b5-9641-20a647976ea8_261-42,526,4,0,217.9,258.7,53.7,84.4,53.7,0.482,False,False,1022.4857,5268.749,-0.7117,31.0094,0.0266
48bd6bfb-1322-41b5-9641-20a647976ea8_261-42,526,5,0,148.5,126.6,63.1,100.9,63.1,0.542,False,False,305.213,2047.5344,-0.8254,25.6285,-0.3321
48bd6bfb-1322-41b5-9641-20a647976ea8_261-42,526,5,1,216.8,110.2,53.0,81.0,53.0,0.469,False,False,2.9669,1887.5499,-2.6777,6.7401,-1.0683
48d7d009-425f-4d1a-a6a9-a4742bd0d9fe_2349-91,527,1,0,99.2,-2.7,228.2,189.8,189.8,0.708,False,True,691.3794,284.4534,0.3848,48.4605,-0.5306
48d7d009-425f-4d1a-a6a9-a4742bd0d9fe_2349-91,527,1,1,-0.9,106.4,123.5,181.5,123.5,0.616,False,True,17.8472,34.9445,-0.2804,19.2405,-1.2944
48d7d009-425f-4d1a-a6a9-a4742bd0d9fe_2349-91,527,2,0,3.2,40.8,190.6,261.2,190.6,0.556,False,True,39.3776,55.6326,-0.1469,22.4367,-1.0966
48d7d009-425f-4d1a-a6a9-a4742bd0d9fe_2349-91,527,2,1,-4.1,12.6,123.3,164.0,123.3,0.437,False,True,25.6978,33.4753,-0.111,15.228,-0.9407
48d7d009-425f-4d1a-a6a9-a4742bd0d9fe_2349-91,527,2,2,9.6,36.6,66.6,79.8,66.6,0.436,False,False,30.3168,16.6721,0.2485,11.1074,-0.599
48d7d009-425f-4d1a-a6a9-a4742bd0d9fe_2349-91,527,3,0,112.1,198.3,55.5,74.2,55.5,0.475,False,False,35.6206,248.8642,-0.834,13.9858,-0.7299
48d7d009-425f-4d1a-a6a9-a4742bd0d9fe_2349-91,527,4,0,588.1,207.1,49.6,89.8,49.6,0.44,False,True,13.6803,25.1572,-0.2509,12.509,-1.0305
48d7d009-425f-4d1a-a6a9-a4742bd0d9fe_2349-91,527,5,0,585.5,295.6,55.8,85.7,55.8,0.42,False,True,23.3199,43.0615,-0.2581,8.9304,-0.5212
48d7d009-425f-4d1a-a6a9-a4742bd0d9fe_2561-43,528,4,0,100.4,-0.9,139.8,159.1,139.8,0.519,False,True,5089.3572,4119.5335,0.0918,50.3746,0.3022
48d7d009-425f-4d1a-a6a9-a4742bd0d9fe_30-60,529,5,0,184.6,205.3,40.7,48.9,40.7,0.665,False,False,182.6517,915.3694,-0.6981,16.9393,-0.1953
490b4f30-9bb5-4bf2-966b-13d509b5709b_1247-51,530,1,0,573.6,145.4,68.8,119.9,68.8,0.929,False,True,53.3028,675.0777,-1.0952,26.3573,-1.1076
490b4f30-9bb5-4bf2-966b-13d509b5709b_1247-51,530,1,1,354.6,222.0,33.2,42.4,33.2,0.913,True,False,1004.7438,4091.1782,-0.6095,41.0498,-0.2244
490b4f30-9bb5-4bf2-966b-13d509b5709b_1247-51,530,1,2,470.7,191.1,26.5,32.9,26.5,0.835,True,False,1690.5694,1132.8605,0.1737,52.1973,-0.2072
490b4f30-9bb5-4bf2-966b-13d509b5709b_1247-51,530,2,0,345.5,222.8,36.3,46.7,36.3,0.913,True,False,864.4959,3445.5789,-0.6001,40.9145,-0.2867
490b4f30-9bb5-4bf2-966b-13d509b5709b_1247-51,530,2,1,589.8,147.7,50.7,102.3,50.7,0.856,False,True,136.7933,526.9119,-0.5833,26.3411,-0.7027
490b4f30-9bb5-4bf2-966b-13d509b5709b_1247-51,530,2,2,473.4,186.3,21.9,27.8,21.9,0.845,True,False,1198.7878,1693.5764,-0.15,37.9426,-0.0795
490b4f30-9bb5-4bf2-966b-13d509b5709b_1247-51,530,2,3,399.8,227.5,14.4,18.5,14.4,0.506,False,False,5700.876,2533.1809,0.3522,31.734,0.7525
490b4f30-9bb5-4bf2-966b-13d509b5709b_1247-51,530,3,0,380.0,-13.0,231.9,306.4,231.9,0.509,False,True,113.0164,209.3694,-0.266,53.4335,-1.3988
490b4f30-9bb5-4bf2-966b-13d509b5709b_1247-51,530,4,0,240.0,81.5,74.4,94.1,74.4,0.928,True,False,122.97,401.3886,-0.5113,25.6319,-0.7249
490b4f30-9bb5-4bf2-966b-13d509b5709b_1247-51,530,5,0,212.6,5.6,83.2,106.2,83.2,0.933,True,False,252.6353,101.845,0.392,26.6139,-0.4466
493dbd4d-bfc7-4086-b4ee-f3d081c34697_864-22,532,5,0,253.8,105.8,67.6,90.6,67.6,0.91,True,False,55.6667,287.5705,-0.7069,26.1406,-1.0819
49925bc0-d1f2-4623-891f-147641b0e94f_1165-19,533,5,0,448.9,2.5,93.5,108.7,93.5,0.917,True,True,90.4651,276.8603,-0.4826,41.2033,-1.2689
49b14463-2172-4b0e-ad13-fdf9383e9a77_284-00,534,1,0,341.6,83.2,26.8,31.9,26.8,0.495,False,False,313.3774,351.2566,-0.0494,27.9549,-0.396
49b14463-2172-4b0e-ad13-fdf9383e9a77_284-00,534,5,0,547.4,238.8,63.3,74.0,63.3,0.517,False,False,149.8078,430.1917,-0.4562,19.1665,-0.3878
49b14463-2172-4b0e-ad13-fdf9383e9a77_426-72,535,1,0,359.1,118.4,19.3,22.5,19.3,0.552,False,False,87.2718,1498.0548,-1.23,10.478,-0.0987
49b14463-2172-4b0e-ad13-fdf9383e9a77_426-72,535,2,0,512.8,130.2,32.2,38.1,32.2,0.608,False,False,411.363,970.9102,-0.3723,15.1055,0.2551
49f87e0a-cc34-447e-87ba-209e430aafb0_2852-27,536,1,0,10.3,5.0,157.4,164.4,157.4,0.583,False,False,2135.4312,2988.7726,-0.1459,54.196,-0.1384
49f87e0a-cc34-447e-87ba-209e430aafb0_2852-27,536,2,0,416.6,140.5,59.4,67.7,59.4,0.641,False,False,121.1603,702.5935,-0.7604,25.7401,-0.7349
49f87e0a-cc34-447e-87ba-209e430aafb0_2852-27,536,2,1,283.0,177.4,79.8,86.4,79.8,0.565,False,False,2216.6874,2615.4281,-0.0718,24.1865,0.578
49f87e0a-cc34-447e-87ba-209e430aafb0_2852-27,536,3,0,423.0,120.8,70.4,85.9,70.4,0.559,False,False,183.1586,730.2967,-0.5989,27.2778,-0.607
49f87e0a-cc34-447e-87ba-209e430aafb0_2852-27,536,3,1,-7.1,51.4,84.4,149.3,84.4,0.454,False,True,2447.0311,2387.3574,0.0107,52.9043,-0.0583
49f87e0a-cc34-447e-87ba-209e430aafb0_2852-27,536,4,0,411.0,142.5,57.5,69.8,57.5,0.573,False,False,139.915,683.7252,-0.6866,21.5778,-0.52
49f87e0a-cc34-447e-87ba-209e430aafb0_2852-27,536,5,0,240.6,9.0,170.5,150.8,150.8,0.751,True,False,970.387,1777.5261,-0.2627,39.5155,-0.2064
49f87e0a-cc34-447e-87ba-209e430aafb0_4558-50,537,2,0,155.7,208.1,65.3,84.5,65.3,0.456,False,False,1001.8836,2133.724,-0.3281,34.8938,-0.0846
49f87e0a-cc34-447e-87ba-209e430aafb0_4558-50,537,4,0,519.5,364.3,71.9,84.7,71.9,0.505,False,False,420.3359,1057.7957,-0.4002,30.4277,-0.3424
49f87e0a-cc34-447e-87ba-209e430aafb0_4558-50,537,5,0,564.5,71.6,68.2,80.6,68.2,0.407,False,False,842.3853,877.4275,-0.0177,57.7279,-0.5969
4ac57aee-4ac0-457e-b9de-9419056e4bbd_295-55,538,3,0,476.0,84.0,23.6,29.1,23.6,0.606,False,False,4035.1827,819.3888,0.692,32.2722,0.5879
4b5de875-cc82-494e-b768-8ac0ae3bb279_1405-68,539,1,0,444.3,140.4,133.9,150.5,133.9,0.711,False,False,265.6953,715.5554,-0.4292,47.6486,-0.9303
4b5de875-cc82-494e-b768-8ac0ae3bb279_1405-68,539,3,0,3.8,3.5,198.6,140.8,140.8,0.601,False,True,146.8001,137.7582,0.0274,55.4055,-1.3176
4b5de875-cc82-494e-b768-8ac0ae3bb279_1405-68,539,3,1,188.7,0.9,34.0,27.7,27.7,0.403,False,True,296.8364,115.4198,0.408,21.3757,-0.1868
4b5de875-cc82-494e-b768-8ac0ae3bb279_1405-68,539,4,0,249.0,1.2,37.3,27.8,27.8,0.438,False,True,2168.7279,1565.973,0.1413,26.7746,0.4804
4b5de875-cc82-494e-b768-8ac0ae3bb279_668-27,540,5,0,521.3,-1.5,115.9,127.6,115.9,0.671,False,True,106.4978,634.5503,-0.7718,20.5353,-0.5946
4b5de875-cc82-494e-b768-8ac0ae3bb279_930-87,541,3,0,2.7,88.5,137.0,182.4,137.0,0.794,False,True,10.2087,16.3679,-0.1902,11.8261,-1.0992
4b5de875-cc82-494e-b768-8ac0ae3bb279_930-87,541,5,0,351.2,10.5,15.7,19.1,15.7,0.662,False,False,2412.0467,1513.2105,0.2024,30.7762,0.4057
4b5de875-cc82-494e-b768-8ac0ae3bb279_997-77,542,1,0,-3.3,2.4,163.0,184.4,163.0,0.596,False,True,344.7576,37.6586,0.9515,45.4472,-0.7765
4b5de875-cc82-494e-b768-8ac0ae3bb279_997-77,542,3,0,1.8,358.9,84.6,124.3,84.6,0.542,False,True,53.0449,73.4816,-0.1393,19.6351,-0.8544
4b5de875-cc82-494e-b768-8ac0ae3bb279_997-77,542,4,0,-0.9,379.0,100.9,104.2,100.9,0.594,False,True,32.3879,33.618,-0.0157,13.938,-0.767
4b5de875-cc82-494e-b768-8ac0ae3bb279_997-77,542,4,1,428.4,29.8,51.7,78.0,51.7,0.558,False,False,1939.1125,2039.7254,-0.022,59.2328,-0.2574
4b5de875-cc82-494e-b768-8ac0ae3bb279_997-77,542,5,0,417.1,187.1,80.2,115.3,80.2,0.651,False,False,338.2515,345.2334,-0.0088,30.2409,-0.4311
4bea2a96-1f1f-4149-8447-766553bbba22_1364-79,545,4,0,565.8,162.2,45.4,54.8,45.4,0.536,False,False,5.1938,249.7613,-1.6073,11.1549,-1.3064
4bea2a96-1f1f-4149-8447-766553bbba22_1364-79,545,5,0,604.1,266.4,37.6,66.0,37.6,0.439,False,True,4.9318,526.2089,-1.9488,14.3106,-1.5402
4bea2a96-1f1f-4149-8447-766553bbba22_1364-79,545,5,1,331.2,144.8,40.8,48.3,40.8,0.408,False,False,1200.4511,1529.2686,-0.1051,34.6923,-0.0011
4bea2a96-1f1f-4149-8447-766553bbba22_1922-01,546,3,0,279.6,168.4,29.5,39.5,29.5,0.403,False,False,6652.2556,3038.6555,0.3402,52.226,0.3871
4bea2a96-1f1f-4149-8447-766553bbba22_1922-01,546,5,0,98.3,172.3,65.1,90.3,65.1,0.784,False,False,1685.9185,4649.4861,-0.4404,55.9122,-0.2681
4bf46557-3c5a-4a89-840d-158403590c9f_1472-48,547,5,0,149.8,133.6,21.2,25.5,21.2,0.495,False,False,45.4322,832.229,-1.2539,6.6277,0.0143
4bf46557-3c5a-4a89-840d-158403590c9f_3598-37,548,1,0,541.9,208.2,32.7,42.1,32.7,0.876,True,False,73.2518,201.9032,-0.4366,10.7968,-0.1996
4bf46557-3c5a-4a89-840d-158403590c9f_3598-37,548,1,1,301.5,205.0,18.8,24.5,18.8,0.794,True,False,279.2176,984.435,-0.5461,13.083,0.2115
4bf46557-3c5a-4a89-840d-158403590c9f_3598-37,548,1,2,229.7,204.4,9.6,12.1,9.6,0.742,True,False,254.2344,867.14,-0.5317,9.0852,0.485
4bf46557-3c5a-4a89-840d-158403590c9f_3598-37,548,1,3,131.8,239.5,33.1,50.0,33.1,0.514,False,False,220.8095,163.3319,0.1303,26.6652,-0.5065
4bf46557-3c5a-4a89-840d-158403590c9f_3598-37,548,2,0,497.5,188.3,30.5,41.4,30.5,0.893,True,False,128.8396,313.7167,-0.3845,10.9377,0.0319
4bf46557-3c5a-4a89-840d-158403590c9f_3598-37,548,2,1,284.1,193.0,20.3,27.4,20.3,0.863,True,False,839.5798,1093.7644,-0.1147,18.4591,0.3909
4bf46557-3c5a-4a89-840d-158403590c9f_3598-37,548,2,2,195.1,197.2,11.4,14.4,11.4,0.77,True,False,165.4579,1244.5834,-0.8741,9.197,0.2889
4bf46557-3c5a-4a89-840d-158403590c9f_3598-37,548,2,3,174.3,198.0,11.8,15.1,11.8,0.413,False,False,32.0139,1193.6762,-1.5586,8.4746,-0.3436
4bf46557-3c5a-4a89-840d-158403590c9f_3598-37,548,3,0,393.3,50.0,34.8,39.9,34.8,0.808,True,False,88.5688,453.9497,-0.7058,17.1835,-0.5195
4bf46557-3c5a-4a89-840d-158403590c9f_3598-37,548,3,1,148.7,94.4,28.2,32.3,28.2,0.806,True,False,87.5305,420.4635,-0.6777,10.1373,-0.069
4bf46557-3c5a-4a89-840d-158403590c9f_3598-37,548,4,0,190.1,19.7,38.4,47.8,38.4,0.815,True,False,99.0472,466.3536,-0.6694,18.9904,-0.5581
4bf46557-3c5a-4a89-840d-158403590c9f_3598-37,548,5,0,144.6,32.9,43.8,48.6,43.8,0.791,True,False,242.7801,557.5214,-0.36,26.7795,-0.4692
4c53aaac-76f0-4874-ab1c-738286b9698e_727-03,550,1,0,296.9,166.7,25.3,34.7,25.3,0.409,False,False,395.8215,1576.6155,-0.5994,15.2298,0.2313
4c53aaac-76f0-4874-ab1c-738286b9698e_902-84,551,1,0,336.3,101.1,9.2,11.7,9.2,0.426,False,False,743.4155,1867.9551,-0.3998,17.9985,0.36
4c53aaac-76f0-4874-ab1c-738286b9698e_902-84,551,2,0,250.4,-2.1,25.3,23.0,23.0,0.84,True,True,2021.5516,749.255,0.4307,24.9106,0.5124
4c53aaac-76f0-4874-ab1c-738286b9698e_902-84,551,2,1,363.9,-2.4,19.7,20.0,19.7,0.785,True,True,2682.9016,3804.187,-0.1516,34.634,0.3494
4c53aaac-76f0-4874-ab1c-738286b9698e_902-84,551,2,2,419.0,20.3,11.8,14.5,11.8,0.418,False,False,4235.7041,3741.0217,0.0539,46.2699,0.2962
4c53aaac-76f0-4874-ab1c-738286b9698e_902-84,551,4,0,243.3,-1.6,23.5,20.3,20.3,0.792,True,True,1595.3808,746.0955,0.3298,25.0581,0.4045
4c53aaac-76f0-4874-ab1c-738286b9698e_902-84,551,4,1,360.0,-1.1,17.9,17.2,17.2,0.635,True,True,4614.1855,1544.9818,0.475,34.0976,0.5984
4c53aaac-76f0-4874-ab1c-738286b9698e_902-84,551,5,0,237.7,4.9,24.6,29.8,24.6,0.91,True,False,3112.2177,1066.1409,0.465,28.1697,0.5931
4c53aaac-76f0-4874-ab1c-738286b9698e_902-84,551,5,1,356.7,3.8,20.2,23.7,20.2,0.835,True,True,1658.4052,1451.3625,0.0579,32.0182,0.2087
4c642620-db0e-4096-9ece-2b2c6fdb47b0_3829-12,552,3,0,529.2,1.6,90.4,75.0,75.0,0.651,False,True,116.2836,68.6166,0.2265,12.3491,-0.1169
4c6f009a-f0ca-4557-8723-4111761e0a9a_879-68,554,1,0,365.0,196.7,33.3,48.6,33.3,0.527,False,False,78.5232,5.9116,1.0609,16.6517,-0.544
4c6f009a-f0ca-4557-8723-4111761e0a9a_879-68,554,2,0,432.4,190.3,35.4,47.4,35.4,0.9,True,False,233.4613,10.9305,1.2934,29.909,-0.582
4c6f009a-f0ca-4557-8723-4111761e0a9a_879-68,554,2,1,270.1,192.7,40.7,50.6,40.7,0.795,True,False,9.5202,265.482,-1.4036,34.7099,-2.0592
4c6f009a-f0ca-4557-8723-4111761e0a9a_879-68,554,3,0,484.9,203.6,33.6,44.3,33.6,0.872,True,False,272.6511,5.7693,1.6067,26.0795,-0.396
4c6f009a-f0ca-4557-8723-4111761e0a9a_879-68,554,3,1,376.0,210.7,36.5,46.2,36.5,0.832,True,False,12.1334,324.2855,-1.3939,31.5078,-1.8789
4c6f009a-f0ca-4557-8723-4111761e0a9a_879-68,554,4,0,435.1,190.1,30.3,40.6,30.3,0.87,True,False,364.1964,8.9215,1.5659,27.4987,-0.3167
4c6f009a-f0ca-4557-8723-4111761e0a9a_879-68,554,4,1,346.1,199.5,36.2,47.3,36.2,0.8,True,False,10.9848,283.3962,-1.3753,30.3881,-1.8872
4c6f009a-f0ca-4557-8723-4111761e0a9a_879-68,554,5,0,415.0,210.3,30.4,41.0,30.4,0.871,True,False,314.7028,8.1913,1.5359,23.8927,-0.258
4c6f009a-f0ca-4557-8723-4111761e0a9a_879-68,554,5,1,328.5,216.0,35.3,46.3,35.3,0.764,True,False,11.4079,316.1532,-1.4076,29.7246,-1.853
4c70179a-f411-4f81-b44d-cfe34b8f9180_356-35,555,1,0,109.1,170.1,60.9,71.6,60.9,0.538,False,False,908.027,917.2422,-0.0044,32.1402,-0.0559
4c70179a-f411-4f81-b44d-cfe34b8f9180_356-35,555,5,0,388.5,213.5,38.2,47.0,38.2,0.9,True,False,2168.5039,2075.7453,0.019,52.0149,-0.0961
4c70179a-f411-4f81-b44d-cfe34b8f9180_800-64,557,1,0,354.9,219.7,31.3,36.4,31.3,0.712,True,False,9101.7892,3647.4619,0.3971,58.9229,0.4185
4c70179a-f411-4f81-b44d-cfe34b8f9180_800-64,557,5,0,343.8,193.5,30.4,41.3,30.4,0.917,True,False,2137.6129,1085.0537,0.2943,42.8344,0.0663
4c9777fc-1997-4dc8-a2d2-ea59c50b32f4_573-78,558,1,0,402.5,389.7,93.2,88.8,88.8,0.464,False,True,3.0144,1082.0471,-2.431,16.6479,-1.8407
4c9777fc-1997-4dc8-a2d2-ea59c50b32f4_573-78,558,2,0,382.8,377.0,99.8,99.7,99.7,0.637,False,True,293.5348,1191.3639,-0.6073,23.4528,-0.272
4c9777fc-1997-4dc8-a2d2-ea59c50b32f4_573-78,558,3,0,389.4,396.6,74.8,90.1,74.8,0.662,False,True,91.3963,1363.2671,-1.1692,25.4227,-0.8455
4c9777fc-1997-4dc8-a2d2-ea59c50b32f4_573-78,558,4,0,387.9,362.7,78.6,98.1,78.6,0.537,False,False,87.1018,1689.562,-1.283,15.9226,-0.4608
4c9777fc-1997-4dc8-a2d2-ea59c50b32f4_573-78,558,5,0,363.1,350.2,73.8,96.4,73.8,0.474,False,False,469.6033,1096.0995,-0.3676,30.6546,-0.3008
4ca97ff8-bc2a-462b-b4c9-b1a878564bea_94-99,559,1,0,135.1,124.8,9.7,11.7,9.7,0.641,True,False,92.69,1331.8775,-1.1531,9.438,0.0171
4ca97ff8-bc2a-462b-b4c9-b1a878564bea_94-99,559,1,1,452.0,179.1,8.7,10.8,8.7,0.474,False,False,678.2222,7046.8932,-1.016,10.7824,0.7629
4ca97ff8-bc2a-462b-b4c9-b1a878564bea_94-99,559,1,2,161.9,117.6,10.8,13.3,10.8,0.417,False,False,78.5471,31.2394,0.3922,6.3676,0.2821
4ca97ff8-bc2a-462b-b4c9-b1a878564bea_94-99,559,2,0,21.2,100.3,19.8,22.6,19.8,0.787,True,False,20.1933,336.0885,-1.2015,14.8235,-1.0177
4ca97ff8-bc2a-462b-b4c9-b1a878564bea_94-99,559,5,0,124.3,11.5,10.6,12.8,10.6,0.674,True,False,536.4671,5138.7495,-0.9806,8.8541,0.8306
4cd086c9-e7d4-4cb9-bdfe-9e55830cf52e_3435-93,560,2,0,-4.0,-0.4,59.4,63.0,59.4,0.434,False,True,4439.8751,3179.6205,0.145,27.0814,0.7815
4cd086c9-e7d4-4cb9-bdfe-9e55830cf52e_3435-93,560,4,0,-0.7,-4.0,74.1,110.9,74.1,0.77,True,True,2917.0101,1889.5444,0.1885,29.0755,0.5375
4cd086c9-e7d4-4cb9-bdfe-9e55830cf52e_3435-93,560,5,0,62.7,16.6,127.5,174.0,127.5,0.908,True,False,264.4981,1274.7978,-0.6817,39.0155,-0.7587
4d1b11b2-e53a-40a5-a3a5-2b2441c60e17_621-95,561,2,0,103.5,-1.0,47.5,39.8,39.8,0.67,True,True,20.4164,407.825,-1.2808,10.4094,-0.7081
4d1b11b2-e53a-40a5-a3a5-2b2441c60e17_621-95,561,3,0,99.2,-1.5,58.5,52.4,52.4,0.719,True,True,57.8999,237.6234,-0.6076,22.8349,-0.9479
4d1b11b2-e53a-40a5-a3a5-2b2441c60e17_621-95,561,4,0,108.4,0.3,55.3,51.2,51.2,0.644,True,True,55.8463,129.8463,-0.3621,20.1977,-0.857
4d24d57d-96ba-4ea1-9542-ee0520d20d3e_1879-56,562,4,0,5.1,-0.6,118.8,104.3,104.3,0.757,False,True,5030.6573,7813.3422,-0.1912,60.8571,0.133
4d45174a-6a77-48cd-a8f2-9b93e2d47f07_0-01,563,4,0,-5.9,-26.1,278.9,370.0,278.9,0.442,False,True,152.5717,545.7559,-0.5515,35.4466,-0.9132
4d45174a-6a77-48cd-a8f2-9b93e2d47f07_604-84,564,1,0,-0.9,21.5,168.1,203.8,168.1,0.779,False,True,11.3663,34.9662,-0.4637,13.8803,-1.1948
4d45174a-6a77-48cd-a8f2-9b93e2d47f07_604-84,564,2,0,-1.3,8.2,156.8,228.5,156.8,0.802,False,True,32.3149,217.1675,-0.8162,15.2802,-0.8475
4d45174a-6a77-48cd-a8f2-9b93e2d47f07_604-84,564,3,0,306.2,124.8,94.0,99.0,94.0,0.637,False,False,72.2571,171.3691,-0.3716,15.3528,-0.5094
4d45174a-6a77-48cd-a8f2-9b93e2d47f07_604-84,564,3,1,277.2,67.6,183.4,172.4,172.4,0.466,False,False,192.5666,151.0946,0.1047,22.4201,-0.4153
4d45174a-6a77-48cd-a8f2-9b93e2d47f07_604-84,564,3,2,-1.3,10.6,147.4,236.7,147.4,0.407,False,True,26.4686,146.8262,-0.7309,15.2179,-0.9277
4d45174a-6a77-48cd-a8f2-9b93e2d47f07_604-84,564,4,0,273.4,29.0,217.0,234.6,217.0,0.45,False,False,180.0366,121.3255,0.1702,24.5228,-0.5221
4d45174a-6a77-48cd-a8f2-9b93e2d47f07_653-18,565,2,0,570.7,25.6,68.6,86.5,68.6,0.502,False,True,342.3235,612.4816,-0.2521,40.5237,-0.68
4d45174a-6a77-48cd-a8f2-9b93e2d47f07_653-18,565,2,1,47.0,8.4,138.1,201.1,138.1,0.492,False,False,296.3242,518.0504,-0.242,31.06,-0.5116
4d45174a-6a77-48cd-a8f2-9b93e2d47f07_653-18,565,5,0,129.7,-1.0,166.1,116.9,116.9,0.522,False,True,98.7179,298.0226,-0.4769,22.5497,-0.7084
4d45174a-6a77-48cd-a8f2-9b93e2d47f07_653-18,565,5,1,560.7,12.5,82.7,138.2,82.7,0.457,False,True,327.6468,247.318,0.1217,49.4341,-0.8715
4d76c2c7-c6a2-46a6-bc94-0033c629f040_291-37,567,2,0,596.2,266.1,41.8,102.9,41.8,0.572,False,True,263.9774,660.7328,-0.3975,29.2401,-0.5093
4d89d233-dbcf-4ea2-a90f-9a2c3b42d1d5_442-41,568,3,0,-7.6,97.5,89.3,197.3,89.3,0.426,False,True,172.7891,172.2965,0.0012,52.71,-1.2039
4efdd63d-515c-401a-a5b0-e2c84cbee0e6_2722-42,571,3,0,565.4,1.7,31.6,30.4,30.4,0.455,False,True,1745.1697,6760.8849,-0.588,30.0476,0.286
4efdd63d-515c-401a-a5b0-e2c84cbee0e6_2722-42,571,4,0,593.6,251.3,15.5,19.0,15.5,0.414,False,False,1673.2195,3703.7114,-0.3449,60.3849,-0.3382
4f549225-e82e-4294-9379-4891e47725c7_299-04,574,3,0,377.1,-2.8,45.7,32.8,32.8,0.476,False,True,7.3506,73.7015,-0.9516,8.8677,-0.9794
4f549225-e82e-4294-9379-4891e47725c7_299-04,574,5,0,329.3,385.9,15.8,22.0,15.8,0.427,False,False,1043.9769,1664.7448,-0.2025,23.0594,0.2926
4f549225-e82e-4294-9379-4891e47725c7_982-80,575,1,0,494.7,33.3,59.7,96.2,59.7,0.662,True,False,161.9244,53.6608,0.4743,13.6744,-0.0621
4f549225-e82e-4294-9379-4891e47725c7_982-80,575,1,1,277.5,274.8,23.8,27.4,23.8,0.585,False,False,1056.3989,1752.0814,-0.2196,28.8626,0.103
4f549225-e82e-4294-9379-4891e47725c7_982-80,575,1,2,115.4,275.0,42.7,65.9,42.7,0.53,False,False,333.9986,164.9661,0.305,19.9183,-0.0746
4f549225-e82e-4294-9379-4891e47725c7_982-80,575,1,3,470.9,216.8,24.2,34.0,24.2,0.506,False,False,24.8467,64.7737,-0.4056,11.5437,-0.7155
4f549225-e82e-4294-9379-4891e47725c7_982-80,575,1,4,510.2,184.3,31.0,43.6,31.0,0.407,False,False,76.513,23.9769,0.4918,9.1966,-0.043
4f549225-e82e-4294-9379-4891e47725c7_982-80,575,2,0,449.3,196.4,23.2,33.9,23.2,0.565,False,False,58.9303,105.2196,-0.2486,12.3131,-0.4059
4f549225-e82e-4294-9379-4891e47725c7_982-80,575,2,1,485.3,167.7,30.7,43.1,30.7,0.419,False,False,119.9611,40.8275,0.4612,9.8341,0.0927
4f549225-e82e-4294-9379-4891e47725c7_982-80,575,4,0,452.8,186.5,24.4,33.8,24.4,0.524,False,False,38.7325,77.1295,-0.2937,11.0312,-0.4897
4f549225-e82e-4294-9379-4891e47725c7_982-80,575,4,1,486.6,150.7,34.5,49.3,34.5,0.469,False,False,118.1958,25.1245,0.6592,9.534,0.113
4f549225-e82e-4294-9379-4891e47725c7_982-80,575,5,0,240.7,230.9,21.6,26.5,21.6,0.803,True,False,1739.3523,1084.3468,0.2051,28.728,0.3235
4f549225-e82e-4294-9379-4891e47725c7_982-80,575,5,1,498.1,148.8,36.0,51.6,36.0,0.649,False,False,85.4862,24.7995,0.5253,9.2374,0.0008
4f549225-e82e-4294-9379-4891e47725c7_982-80,575,5,2,464.3,183.3,25.2,38.3,25.2,0.486,False,False,23.9399,61.9447,-0.4021,11.5306,-0.7301
4f80ac6f-b78f-441b-b80d-fa8dd10756c4_471-91,576,2,0,391.0,32.5,29.6,35.6,29.6,0.588,False,False,26.7709,58.8381,-0.3334,27.2068,-1.4264
4f80ac6f-b78f-441b-b80d-fa8dd10756c4_471-91,576,2,1,486.5,56.5,21.8,27.9,21.8,0.518,False,False,11.0433,76.3398,-0.8077,10.6532,-0.978
4f80ac6f-b78f-441b-b80d-fa8dd10756c4_471-91,576,3,0,405.9,179.2,25.5,32.9,25.5,0.723,True,False,17.2316,38.7409,-0.3384,14.7227,-1.0772
4fde0689-6bc3-49d4-8d54-bf4cfe0ad287_403-70,577,1,0,304.8,20.9,54.9,74.4,54.9,0.926,True,False,113.2004,240.3815,-0.325,35.8708,-1.0522
4fde0689-6bc3-49d4-8d54-bf4cfe0ad287_403-70,577,2,0,262.4,87.0,62.9,90.7,62.9,0.912,True,False,18.5236,47.5884,-0.396,31.7461,-1.7133
4fde0689-6bc3-49d4-8d54-bf4cfe0ad287_403-70,577,3,0,249.7,75.8,77.9,104.9,77.9,0.887,True,False,12.7319,40.7629,-0.4831,29.3075,-1.7967
4fde0689-6bc3-49d4-8d54-bf4cfe0ad287_403-70,577,5,0,288.8,73.9,144.9,191.8,144.9,0.894,False,False,32.2954,153.9617,-0.6678,47.7024,-1.8349
4ff2e551-1ccb-44ce-8b68-09666397f681_554-17,578,2,0,-5.9,224.9,85.3,147.6,85.3,0.549,False,True,422.7307,375.8448,0.0509,58.9643,-0.9142
4ff2e551-1ccb-44ce-8b68-09666397f681_554-17,578,2,1,297.8,2.6,77.3,73.3,73.3,0.52,False,True,303.8079,404.9867,-0.1245,57.3568,-1.0333
4ff2e551-1ccb-44ce-8b68-09666397f681_554-17,578,4,0,252.1,0.8,86.7,64.5,64.5,0.917,True,True,37.118,146.0822,-0.5864,28.2026,-1.32
4ff2e551-1ccb-44ce-8b68-09666397f681_554-17,578,5,0,412.8,-0.9,82.7,57.8,57.8,0.872,True,True,90.6959,119.1422,-0.1173,30.2913,-1.0008
501d1e55-968d-4c10-9d29-e0f4bee907a0_654-33,580,1,0,528.3,125.6,84.1,128.5,84.1,0.521,False,False,329.21,1326.1534,-0.6041,21.398,-0.1429
501d1e55-968d-4c10-9d29-e0f4bee907a0_654-33,580,1,1,232.9,423.2,8.7,11.7,8.7,0.452,False,False,4689.801,6353.4108,-0.1318,17.7135,1.1733
501d1e55-968d-4c10-9d29-e0f4bee907a0_654-33,580,3,0,48.3,162.6,38.6,66.6,38.6,0.872,True,False,426.8529,943.3744,-0.3438,42.7014,-0.6298
508cf068-6523-4368-a6b1-76ba538f1fc9_1359-08,582,1,0,455.1,-0.9,63.7,66.9,63.7,0.904,True,True,30.3384,12.5168,0.3652,40.1982,-1.7126
508cf068-6523-4368-a6b1-76ba538f1fc9_1359-08,582,1,1,285.6,154.7,20.8,26.6,20.8,0.479,False,False,1236.6482,320.4474,0.5855,44.7573,-0.2093
508cf068-6523-4368-a6b1-76ba538f1fc9_1359-08,582,2,0,406.6,-0.0,81.5,80.0,80.0,0.914,True,True,216.1638,22.7591,0.961,49.2598,-1.0484
508cf068-6523-4368-a6b1-76ba538f1fc9_1359-08,582,3,0,492.9,38.3,34.5,40.3,34.5,0.723,True,False,128.466,312.9484,-0.3847,33.1194,-0.9284
508cf068-6523-4368-a6b1-76ba538f1fc9_1359-08,582,4,0,266.2,37.1,60.0,80.4,60.0,0.926,True,False,91.5683,86.4632,0.0246,35.3551,-1.1308
508cf068-6523-4368-a6b1-76ba538f1fc9_1359-08,582,5,0,310.6,-1.6,61.9,85.3,61.9,0.942,True,True,292.5443,45.8978,0.7965,38.8743,-0.7119
508cf068-6523-4368-a6b1-76ba538f1fc9_1359-08,582,5,1,489.5,129.8,34.6,39.6,34.6,0.672,True,False,411.0119,330.4795,0.0945,53.5133,-0.8422
508cf068-6523-4368-a6b1-76ba538f1fc9_1359-08,582,5,2,510.4,150.9,45.5,64.6,45.5,0.499,False,False,77.7147,453.0569,-0.7611,12.753,-0.3178
51364391-163c-484c-8de5-122abb5898de_1080-80,585,4,0,374.2,220.7,42.2,61.6,42.2,0.473,False,False,8.7716,23.3699,-0.3969,19.4364,-1.5884
51364391-163c-484c-8de5-122abb5898de_1080-80,585,5,0,489.6,-1.9,126.4,101.9,101.9,0.432,False,True,2.577,3.1365,-0.0631,11.4214,-1.5652
51364391-163c-484c-8de5-122abb5898de_1357-07,586,3,0,6.5,0.4,127.2,132.8,127.2,0.469,False,True,2.3065,7.805,-0.4254,11.5659,-1.6102
51364391-163c-484c-8de5-122abb5898de_1357-07,586,5,0,52.6,152.8,47.9,69.0,47.9,0.574,False,False,4.2396,37.727,-0.8687,4.6082,-0.6278
51364391-163c-484c-8de5-122abb5898de_1359-23,587,3,0,50.7,155.2,47.1,66.1,47.1,0.422,False,False,3.5603,12.8399,-0.4821,4.5309,-0.674
513f572f-6d1c-4a8a-8b57-9c1d0aa363f7_1015-09,588,1,0,362.1,-0.2,266.6,339.5,266.6,0.723,False,True,622.3859,471.6708,0.1202,42.2032,-0.4562
513f572f-6d1c-4a8a-8b57-9c1d0aa363f7_843-40,589,1,0,78.7,1.7,53.5,38.2,38.2,0.469,False,True,1787.6575,2809.52,-0.1963,43.437,-0.0234
513f572f-6d1c-4a8a-8b57-9c1d0aa363f7_843-40,589,1,1,48.1,408.1,13.5,17.3,13.5,0.406,False,False,6077.2124,3362.2333,0.257,31.0755,0.7985
513f572f-6d1c-4a8a-8b57-9c1d0aa363f7_843-40,589,2,0,274.7,5.7,45.4,59.8,45.4,0.697,False,False,4301.5283,4246.8272,0.0056,64.6494,0.0125
513f572f-6d1c-4a8a-8b57-9c1d0aa363f7_969-20,590,2,0,40.9,418.0,44.5,61.6,44.5,0.52,False,True,770.9772,1258.7246,-0.2127,40.6612,-0.331
513f572f-6d1c-4a8a-8b57-9c1d0aa363f7_969-20,590,2,1,-2.0,409.3,64.8,74.6,64.8,0.444,False,True,281.5569,634.9157,-0.3523,26.3126,-0.3898
516ba1f4-5cfd-4dd7-b4b6-a4c0605d1281_1838-55,591,1,0,257.1,132.2,125.5,143.6,125.5,0.597,False,False,236.2745,270.6008,-0.0587,47.1614,-0.9721
5181422f-0b2c-4a39-af52-b2ca683e5451_1147-87,592,1,0,349.7,186.1,27.7,42.9,27.7,0.892,True,False,611.4223,518.6624,0.0713,38.8205,-0.3914
5181422f-0b2c-4a39-af52-b2ca683e5451_1147-87,592,2,0,325.2,154.2,29.2,44.5,29.2,0.907,True,False,491.3795,296.2462,0.2192,30.3849,-0.2735
5181422f-0b2c-4a39-af52-b2ca683e5451_1147-87,592,2,1,132.5,141.5,42.5,67.2,42.5,0.499,False,False,795.2191,155.5051,0.7065,69.5047,-0.7831
5181422f-0b2c-4a39-af52-b2ca683e5451_1147-87,592,2,2,38.9,132.2,45.2,66.6,45.2,0.465,False,False,163.2254,149.0593,0.0392,36.5348,-0.9103
5181422f-0b2c-4a39-af52-b2ca683e5451_1147-87,592,3,0,308.2,153.9,30.1,44.9,30.1,0.909,True,False,845.1188,664.0014,0.1046,32.8953,-0.1072
5181422f-0b2c-4a39-af52-b2ca683e5451_1147-87,592,3,1,80.7,142.9,55.1,78.9,55.1,0.54,False,False,2319.6019,366.7551,0.8,65.1351,-0.2621
5181422f-0b2c-4a39-af52-b2ca683e5451_1147-87,592,4,0,303.3,154.8,30.9,44.3,30.9,0.92,True,False,984.1864,698.833,0.1485,34.348,-0.0787
5181422f-0b2c-4a39-af52-b2ca683e5451_1147-87,592,5,0,296.0,168.5,31.0,45.0,31.0,0.923,True,False,943.7313,709.9535,0.1235,38.4347,-0.1944
5185ad85-6751-481e-8b28-2d93d2e20770_961-05,593,1,0,177.1,216.7,15.6,18.4,15.6,0.731,True,False,5171.1431,3799.098,0.1339,26.8549,0.855
5185ad85-6751-481e-8b28-2d93d2e20770_961-05,593,2,0,174.4,189.8,16.6,22.4,16.6,0.872,True,False,2561.3136,1314.1237,0.2897,22.2163,0.7144
5185ad85-6751-481e-8b28-2d93d2e20770_961-05,593,4,0,565.5,38.2,34.4,49.5,34.4,0.902,True,False,554.4943,4642.2093,-0.9221,28.948,-0.1791
5185ad85-6751-481e-8b28-2d93d2e20770_964-94,594,1,0,565.5,38.2,34.4,49.5,34.4,0.902,True,False,554.4943,4642.2093,-0.9221,28.948,-0.1791
5185ad85-6751-481e-8b28-2d93d2e20770_964-94,594,3,0,394.6,170.7,21.8,27.1,21.8,0.846,True,False,2377.7526,599.9672,0.5975,26.0431,0.5443
5185ad85-6751-481e-8b28-2d93d2e20770_964-94,594,3,1,222.8,161.2,9.2,11.3,9.2,0.788,True,False,174.0764,1114.0804,-0.8041,8.9976,0.3296
5185ad85-6751-481e-8b28-2d93d2e20770_964-94,594,3,2,148.2,158.2,9.4,11.8,9.4,0.74,True,False,1645.1433,2032.2728,-0.0917,15.5181,0.833
5185ad85-6751-481e-8b28-2d93d2e20770_964-94,594,4,0,194.8,124.1,11.7,15.2,11.7,0.842,True,False,8773.6667,10006.5442,-0.0571,30.4341,0.976
5185ad85-6751-481e-8b28-2d93d2e20770_964-94,594,4,1,288.5,129.3,14.4,17.4,14.4,0.804,True,False,898.469,4950.3047,-0.7407,13.3786,0.6987
5185ad85-6751-481e-8b28-2d93d2e20770_964-94,594,4,2,510.7,147.9,25.0,32.8,25.0,0.665,True,False,1533.0825,704.7969,0.3372,36.7095,0.056
5185ad85-6751-481e-8b28-2d93d2e20770_964-94,594,5,0,552.5,129.8,44.8,63.2,44.8,0.914,True,False,1053.4354,619.7674,0.2301,28.1072,0.1248
5185ad85-6751-481e-8b28-2d93d2e20770_964-94,594,5,1,176.6,147.2,18.5,23.2,18.5,0.856,True,False,306.7965,622.3903,-0.3065,21.1938,-0.1651
5185ad85-6751-481e-8b28-2d93d2e20770_964-94,594,5,2,65.1,155.7,12.8,17.2,12.8,0.8,True,False,1707.4563,1326.5844,0.1095,23.1686,0.502
520374ca-09f9-4716-8176-dd289ea7baa9_540-00,595,1,0,498.3,49.3,23.1,28.3,23.1,0.759,True,False,3832.877,1443.7379,0.4238,30.9135,0.6029
520374ca-09f9-4716-8176-dd289ea7baa9_540-00,595,1,1,275.4,66.1,46.6,60.7,46.6,0.55,False,False,1238.8184,3529.4419,-0.4545,30.353,0.1285
520374ca-09f9-4716-8176-dd289ea7baa9_540-00,595,2,0,322.7,18.0,56.2,78.6,56.2,0.574,False,False,1000.2574,3916.0583,-0.5924,26.0908,0.1669
520374ca-09f9-4716-8176-dd289ea7baa9_540-00,595,2,1,569.1,79.2,22.9,31.1,22.9,0.543,False,False,2975.1106,858.8341,0.5392,25.3509,0.665
520374ca-09f9-4716-8176-dd289ea7baa9_540-00,595,2,2,560.9,70.5,21.3,29.7,21.3,0.473,False,False,930.6512,2018.5767,-0.336,33.0578,-0.0697
520374ca-09f9-4716-8176-dd289ea7baa9_540-00,595,3,0,576.8,91.5,20.9,29.0,20.9,0.764,True,False,891.2696,1852.8698,-0.3176,30.1995,-0.01
520374ca-09f9-4716-8176-dd289ea7baa9_540-00,595,4,0,570.0,112.3,26.6,34.9,26.6,0.876,True,False,571.6393,2223.6414,-0.5894,30.2618,-0.2044
520374ca-09f9-4716-8176-dd289ea7baa9_540-00,595,4,1,51.2,128.1,18.8,23.4,18.8,0.606,True,False,859.798,1608.4285,-0.2718,16.2653,0.5107
520374ca-09f9-4716-8176-dd289ea7baa9_540-00,595,4,2,335.8,64.6,45.3,71.8,45.3,0.419,False,False,1343.8906,4062.2328,-0.4802,30.1008,0.1711
520374ca-09f9-4716-8176-dd289ea7baa9_540-00,595,5,0,573.9,67.4,28.0,35.5,28.0,0.856,True,False,909.46,1916.0148,-0.3234,30.9465,-0.0224
520374ca-09f9-4716-8176-dd289ea7baa9_540-00,595,5,1,315.7,18.5,49.4,68.3,49.4,0.755,False,False,1278.5245,4272.2497,-0.5237,36.8445,-0.026
520374ca-09f9-4716-8176-dd289ea7baa9_659-75,596,1,0,136.1,152.4,52.6,69.7,52.6,0.919,True,False,538.7327,3836.1022,-0.8518,33.2805,-0.3126
520374ca-09f9-4716-8176-dd289ea7baa9_659-75,596,1,1,317.4,181.2,46.1,60.0,46.1,0.88,True,False,1760.3317,3635.542,-0.3148,47.0619,-0.0997
520374ca-09f9-4716-8176-dd289ea7baa9_659-75,596,3,0,174.9,259.8,46.8,58.3,46.8,0.915,False,False,170.4539,2534.1747,-1.1699,19.6385,-0.3532
520374ca-09f9-4716-8176-dd289ea7baa9_659-75,596,3,1,83.3,217.9,32.5,49.6,32.5,0.498,False,False,607.8726,1284.9231,-0.3247,18.7971,0.2351
520374ca-09f9-4716-8176-dd289ea7baa9_659-75,596,5,0,253.1,185.2,19.6,23.6,19.6,0.885,True,False,3751.547,6300.2048,-0.2251,38.0049,0.4143
520374ca-09f9-4716-8176-dd289ea7baa9_659-75,596,5,1,301.3,172.4,13.3,17.3,13.3,0.485,False,False,9746.5324,3648.2884,0.4267,31.2633,0.9984
526675a3-acea-4d5b-b5c9-ccb1b89f6e58_421-44,597,1,0,96.6,194.0,36.9,44.3,36.9,0.778,True,False,4.3173,932.5891,-2.2445,11.0145,-1.3618
526675a3-acea-4d5b-b5c9-ccb1b89f6e58_421-44,597,2,0,268.7,65.7,27.1,31.8,27.1,0.401,False,False,6.5901,725.5462,-1.981,11.303,-1.2295
5300d3f7-0674-4e08-bf1d-47b8c38a2842_39-70,599,4,0,458.7,0.5,22.3,20.6,20.6,0.46,False,True,3304.3136,3269.5549,0.0046,33.2664,0.4748
5318b45a-f8be-4ab2-a807-564d734527fb_1369-45,601,1,0,282.5,171.3,31.1,39.6,31.1,0.861,False,False,3327.7295,4384.9669,-0.1198,53.0008,0.0736
5318b45a-f8be-4ab2-a807-564d734527fb_1369-45,601,2,0,284.3,171.3,29.3,37.8,29.3,0.867,False,False,3175.1852,4890.9749,-0.1876,55.108,0.0193
5318b45a-f8be-4ab2-a807-564d734527fb_1369-45,601,4,0,103.3,148.8,63.7,82.5,63.7,0.555,False,False,94.3395,125.1103,-0.1215,24.7734,-0.8094
5318b45a-f8be-4ab2-a807-564d734527fb_1369-45,601,5,0,121.0,130.4,62.2,82.0,62.2,0.666,False,False,84.7506,46.5843,0.2558,25.8602,-0.8927
53bab63b-b6fa-494c-9dc7-c3fe61f234de_999-56,602,2,0,309.0,76.4,32.8,45.3,32.8,0.517,False,False,283.0485,1359.0614,-0.6802,24.3213,-0.3193
53bab63b-b6fa-494c-9dc7-c3fe61f234de_999-56,602,3,0,299.7,213.3,35.1,45.7,35.1,0.596,False,False,191.5257,1395.5311,-0.8606,24.4065,-0.4912
53bab63b-b6fa-494c-9dc7-c3fe61f234de_999-56,602,4,0,283.9,259.4,31.9,46.2,31.9,0.672,False,False,242.5827,1277.8912,-0.7202,26.9497,-0.4751
53bab63b-b6fa-494c-9dc7-c3fe61f234de_999-56,602,5,0,286.4,269.4,42.4,52.9,42.4,0.52,False,False,345.603,1009.8121,-0.4648,21.819,-0.1387
53e92e25-fe03-4311-9a17-c4f6a29ccad1_1365-15,603,4,0,262.9,234.7,34.8,39.3,34.8,0.671,True,False,26.6792,269.9374,-0.9907,6.7801,-0.2297
53e92e25-fe03-4311-9a17-c4f6a29ccad1_1365-15,603,5,0,300.9,181.0,38.8,41.5,38.8,0.789,True,False,13.1269,221.2358,-1.1968,7.4499,-0.602
53e92e25-fe03-4311-9a17-c4f6a29ccad1_983-79,605,1,0,420.1,134.9,52.8,67.1,52.8,0.897,True,False,87.6549,614.4223,-0.8415,17.9952,-0.564
53e92e25-fe03-4311-9a17-c4f6a29ccad1_983-79,605,2,0,405.6,160.8,54.2,49.9,49.9,0.766,False,False,283.9099,702.2311,-0.3924,22.6799,-0.2574
53e92e25-fe03-4311-9a17-c4f6a29ccad1_983-79,605,3,0,417.0,197.4,50.6,56.3,50.6,0.905,True,False,111.9373,556.3729,-0.6933,19.9314,-0.5473
53e92e25-fe03-4311-9a17-c4f6a29ccad1_983-79,605,4,0,429.2,163.0,54.2,56.6,54.2,0.901,False,False,88.057,468.1855,-0.7217,20.3622,-0.669
53e92e25-fe03-4311-9a17-c4f6a29ccad1_983-79,605,5,0,374.8,141.9,50.1,58.3,50.1,0.908,False,False,81.4953,429.2622,-0.7173,20.0207,-0.6876
54a421d2-763e-4751-a6b4-54e3d6c46cc1_1458-60,608,5,0,91.8,211.5,18.5,25.1,18.5,0.712,True,False,1139.9317,162.7337,0.8431,33.8163,-0.0014
54a421d2-763e-4751-a6b4-54e3d6c46cc1_1553-16,609,1,0,278.1,303.3,40.1,43.2,40.1,0.503,False,False,36.3525,117.375,-0.5009,12.0621,-0.5935
54a421d2-763e-4751-a6b4-54e3d6c46cc1_242-12,610,1,0,302.1,246.4,68.6,92.3,68.6,0.761,False,False,25.8904,278.5793,-1.0169,20.3911,-1.1903
54a421d2-763e-4751-a6b4-54e3d6c46cc1_242-12,610,2,0,563.9,172.7,35.7,46.1,35.7,0.903,True,False,1527.671,639.4722,0.3778,33.248,0.1404
54a421d2-763e-4751-a6b4-54e3d6c46cc1_242-12,610,2,1,199.0,244.3,50.3,63.4,50.3,0.564,False,False,3.2584,468.1228,-2.042,14.8588,-1.7167
54a421d2-763e-4751-a6b4-54e3d6c46cc1_242-12,610,3,0,553.8,180.8,34.1,42.6,34.1,0.903,True,False,1139.2104,557.7675,0.3098,30.0456,0.1009
54a421d2-763e-4751-a6b4-54e3d6c46cc1_242-12,610,3,1,187.1,244.8,44.6,63.4,44.6,0.47,False,False,2.6191,383.2507,-2.026,11.0214,-1.5294
54a421d2-763e-4751-a6b4-54e3d6c46cc1_242-12,610,4,0,554.8,186.3,42.6,55.5,42.6,0.893,True,False,598.7169,632.806,-0.024,31.0024,-0.2053
54a421d2-763e-4751-a6b4-54e3d6c46cc1_242-12,610,4,1,177.0,240.5,44.8,61.8,44.8,0.768,False,False,2.5274,333.0698,-1.9764,10.3218,-1.4841
54a421d2-763e-4751-a6b4-54e3d6c46cc1_242-12,610,5,0,553.3,203.4,45.5,56.2,45.5,0.874,False,False,1322.2727,839.0085,0.1974,24.8256,0.3311
54a421d2-763e-4751-a6b4-54e3d6c46cc1_242-12,610,5,1,164.6,240.5,41.9,61.1,41.9,0.774,False,False,3.4174,428.8913,-1.9882,15.1623,-1.7182
54a421d2-763e-4751-a6b4-54e3d6c46cc1_242-12,610,5,2,200.2,153.1,17.8,22.5,17.8,0.483,False,False,3049.1162,1567.2392,0.2889,26.8514,0.6258
54a421d2-763e-4751-a6b4-54e3d6c46cc1_676-59,611,1,0,303.3,306.6,15.6,20.3,15.6,0.437,False,False,74.2863,806.669,-1.0305,8.9075,-0.0282
54a421d2-763e-4751-a6b4-54e3d6c46cc1_692-41,612,4,0,491.5,293.4,27.7,34.5,27.7,0.859,False,False,410.9209,41.6068,0.9853,30.6894,-0.3596
54a421d2-763e-4751-a6b4-54e3d6c46cc1_692-41,612,4,1,508.2,277.0,21.6,27.1,21.6,0.56,False,False,182.811,253.7326,-0.1417,21.8701,-0.4162
54a421d2-763e-4751-a6b4-54e3d6c46cc1_692-41,612,4,2,435.2,258.6,24.6,31.4,24.6,0.555,False,False,15.9873,10.0579,0.1865,5.8596,-0.3181
54a421d2-763e-4751-a6b4-54e3d6c46cc1_692-41,612,4,3,298.5,264.6,35.6,49.6,35.6,0.444,False,False,58.0003,197.7518,-0.5275,20.2217,-0.8418
54a421d2-763e-4751-a6b4-54e3d6c46cc1_692-41,612,4,4,560.5,295.6,21.1,25.8,21.1,0.407,False,False,16.4898,329.5921,-1.2765,6.4396,-0.3853
54a421d2-763e-4751-a6b4-54e3d6c46cc1_715-92,613,1,0,266.3,123.2,15.3,19.0,15.3,0.641,False,False,2289.2778,607.5643,0.5756,23.4036,0.6205
54a421d2-763e-4751-a6b4-54e3d6c46cc1_715-92,613,1,1,156.5,170.3,51.2,64.4,51.2,0.568,False,False,19.6654,492.8939,-1.3784,17.5859,-1.1765
54a421d2-763e-4751-a6b4-54e3d6c46cc1_715-92,613,4,0,288.0,172.0,15.3,19.3,15.3,0.536,False,False,3205.0069,1556.927,0.3134,26.2424,0.6673
54a421d2-763e-4751-a6b4-54e3d6c46cc1_715-92,613,5,0,227.9,200.0,40.7,57.5,40.7,0.673,False,False,4.4797,97.5849,-1.2551,17.7901,-1.763
54adfe07-dcc1-4c3f-90a2-ac93ea7ff6df_173-06,614,1,0,371.0,136.0,32.7,46.4,32.7,0.8,True,False,2421.0209,2411.4129,0.0017,48.4377,0.0136
54adfe07-dcc1-4c3f-90a2-ac93ea7ff6df_173-06,614,2,0,324.2,172.7,41.6,56.6,41.6,0.865,True,False,1994.0024,2776.0924,-0.1436,48.7998,-0.0771
54adfe07-dcc1-4c3f-90a2-ac93ea7ff6df_173-06,614,5,0,534.5,81.9,55.9,72.2,55.9,0.83,True,False,105.9034,169.3105,-0.2022,30.7218,-0.9464
555ff1a5-c30b-434c-a251-b5105cdc1fb9_1647-31,616,1,0,193.9,347.5,31.8,38.6,31.8,0.567,False,False,93.6796,51.897,0.2528,22.0031,-0.7096
555ff1a5-c30b-434c-a251-b5105cdc1fb9_1647-31,616,4,0,14.5,222.2,152.6,210.9,152.6,0.424,False,False,47.2244,31.5963,0.1701,28.2757,-1.2201
555ff1a5-c30b-434c-a251-b5105cdc1fb9_1647-31,616,5,0,124.5,245.5,26.4,34.3,26.4,0.532,False,False,160.2085,181.8811,-0.0548,17.8798,-0.2987
55ef5db5-af7c-4ccd-9c7d-a4d415e195b7_753-73,617,2,0,490.4,3.4,119.0,119.6,119.0,0.464,False,True,18.9458,232.4346,-1.0683,25.4557,-1.5124
55ef5db5-af7c-4ccd-9c7d-a4d415e195b7_753-73,617,5,0,150.4,138.0,268.8,294.7,268.8,0.416,False,False,38.0867,17.8789,0.3161,41.4202,-1.6426
55ef5db5-af7c-4ccd-9c7d-a4d415e195b7_857-01,618,3,0,574.6,258.5,54.2,58.7,54.2,0.908,True,False,1192.5071,374.3447,0.5024,46.265,-0.2539
55ef5db5-af7c-4ccd-9c7d-a4d415e195b7_857-01,618,3,1,95.6,9.8,55.1,67.1,55.1,0.845,True,False,371.4367,411.8734,-0.0448,44.1581,-0.7192
55ef5db5-af7c-4ccd-9c7d-a4d415e195b7_857-01,618,5,0,319.8,172.8,63.1,84.7,63.1,0.926,True,False,230.6876,324.7578,-0.148,30.3493,-0.5999
5605bd9a-d151-4d5b-b0f6-cfc28ae6937e_2980-56,619,1,0,99.2,140.0,16.5,19.2,16.5,0.555,False,False,13545.6031,8671.1179,0.1937,53.1905,0.68
5605bd9a-d151-4d5b-b0f6-cfc28ae6937e_2980-56,619,2,0,98.0,175.0,16.6,20.1,16.6,0.78,True,False,9483.4527,7860.4305,0.0815,50.4422,0.5713
5605bd9a-d151-4d5b-b0f6-cfc28ae6937e_2980-56,619,3,0,176.8,184.9,14.3,18.6,14.3,0.432,False,False,11090.9995,9565.7755,0.0642,49.3644,0.658
5605bd9a-d151-4d5b-b0f6-cfc28ae6937e_2980-56,619,4,0,94.4,134.6,15.8,19.7,15.8,0.823,True,False,11840.4282,7264.7492,0.2121,50.3631,0.669
5605bd9a-d151-4d5b-b0f6-cfc28ae6937e_2980-56,619,5,0,121.7,49.9,16.8,20.5,16.8,0.796,True,False,15344.3731,9167.1879,0.2237,54.8315,0.7078
5605bd9a-d151-4d5b-b0f6-cfc28ae6937e_999-27,624,5,0,132.0,111.9,12.4,14.1,12.4,0.711,False,False,1789.7476,5488.0511,-0.4865,26.1705,0.4168
5605bd9a-d151-4d5b-b0f6-cfc28ae6937e_999-27,624,5,1,119.9,83.0,9.3,11.6,9.3,0.417,False,False,9574.75,10252.8796,-0.0297,33.2545,0.9371
56c5fea0-73fb-4239-b740-1faf19e75e6f_1246-35,627,1,0,213.4,224.4,15.3,18.3,15.3,0.88,True,False,1168.8278,1809.5614,-0.1897,25.594,0.2512
56c5fea0-73fb-4239-b740-1faf19e75e6f_1246-35,627,2,0,65.5,141.8,25.8,31.1,25.8,0.725,True,False,30.2115,71.8181,-0.3679,13.5626,-0.7727
56c5fea0-73fb-4239-b740-1faf19e75e6f_1246-35,627,3,0,33.7,127.3,38.1,43.0,38.1,0.904,True,False,72.3076,182.5761,-0.3987,20.9017,-0.7762
56c5fea0-73fb-4239-b740-1faf19e75e6f_1246-35,627,5,0,83.4,6.0,64.2,88.8,64.2,0.935,True,False,109.2906,142.6887,-0.1149,41.6064,-1.196
56c5fea0-73fb-4239-b740-1faf19e75e6f_1246-35,627,5,1,348.2,173.2,33.1,45.8,33.1,0.526,False,False,8933.1646,983.6453,0.9578,42.4621,0.6948
56da7a14-f3fe-4dd9-9acb-92917603f42c_469-73,628,2,0,556.1,-6.9,83.7,116.2,83.7,0.743,False,True,155.1326,274.5254,-0.2467,27.6357,-0.69
56da7a14-f3fe-4dd9-9acb-92917603f42c_469-73,628,5,0,195.8,90.3,73.5,101.5,73.5,0.891,True,False,18.6451,276.782,-1.1504,21.407,-1.3688
56da7a14-f3fe-4dd9-9acb-92917603f42c_521-16,629,1,0,323.2,4.0,67.3,52.1,52.1,0.736,False,True,640.7635,1894.8187,-0.4704,57.6467,-0.7143
56da7a14-f3fe-4dd9-9acb-92917603f42c_521-16,629,3,0,394.3,3.1,72.4,58.7,58.7,0.573,False,True,1912.9758,236.7496,0.9058,80.535,-0.5301
56da7a14-f3fe-4dd9-9acb-92917603f42c_521-16,629,3,1,101.2,2.3,36.7,38.5,36.7,0.529,False,True,1895.9531,846.1135,0.3501,36.0557,0.1638
56da7a14-f3fe-4dd9-9acb-92917603f42c_521-16,629,5,0,159.9,-1.0,101.9,78.0,78.0,0.905,True,True,9.2277,502.2451,-1.692,16.2109,-1.4115
57467033-41ad-48f8-bc45-26f0b92a1b48_681-96,631,5,0,232.2,-1.0,66.5,91.6,66.5,0.937,True,True,69.6511,38.7103,0.2502,29.3518,-1.0867
57ac6d7c-d317-4f85-aab1-d95ecaaacd5b_290-69,632,1,0,141.9,117.4,18.6,22.7,18.6,0.738,False,False,3448.0267,4301.393,-0.096,21.5404,0.8703
57ac6d7c-d317-4f85-aab1-d95ecaaacd5b_290-69,632,1,1,213.8,108.6,17.8,22.4,17.8,0.705,False,False,1870.6043,1490.31,0.0986,19.6853,0.6828
57ac6d7c-d317-4f85-aab1-d95ecaaacd5b_290-69,632,1,2,333.0,107.2,26.5,35.1,26.5,0.418,False,False,67.5769,463.5254,-0.8308,25.9075,-0.9913
57ac6d7c-d317-4f85-aab1-d95ecaaacd5b_290-69,632,2,0,148.4,232.9,46.8,71.9,46.8,0.429,False,False,2016.4854,1670.2839,0.0818,69.5452,-0.3798
583dc873-0ccd-4d04-bb56-4d403ab28e85_218-71,636,1,0,171.6,-0.4,75.4,68.7,68.7,0.71,False,True,1363.9088,1844.403,-0.131,24.8359,0.3442
583dc873-0ccd-4d04-bb56-4d403ab28e85_218-71,636,2,0,184.0,4.5,78.6,67.7,67.7,0.662,False,False,1219.3517,1671.6039,-0.1369,23.1761,0.3556
583dc873-0ccd-4d04-bb56-4d403ab28e85_218-71,636,4,0,353.2,22.6,40.5,54.8,40.5,0.898,True,False,457.7498,1798.7217,-0.5936,26.4837,-0.185
583dc873-0ccd-4d04-bb56-4d403ab28e85_218-71,636,5,0,271.3,64.1,41.9,58.8,41.9,0.915,True,False,736.3449,1207.1586,-0.2145,28.4225,-0.0402
583dc873-0ccd-4d04-bb56-4d403ab28e85_218-71,636,5,1,79.1,9.0,142.1,170.1,142.1,0.494,False,False,1408.7088,1400.1855,0.0026,41.38,-0.0847
584f625d-15b0-49e8-bfa6-718b9cf010e0_834-78,637,2,0,334.5,189.4,17.6,21.7,17.6,0.414,False,False,26.1307,84.9944,-0.501,13.6119,-0.8367
596760c3-b1d6-453c-916c-ecbc30ab1c5d_1349-91,639,1,0,180.7,276.6,23.0,25.0,23.0,0.724,True,False,4115.5185,4260.9469,-0.0151,79.1312,-0.1822
596760c3-b1d6-453c-916c-ecbc30ab1c5d_1349-91,639,3,0,149.0,266.8,26.4,29.0,26.4,0.657,True,False,2999.2215,4105.2874,-0.1363,72.0568,-0.2383
596760c3-b1d6-453c-916c-ecbc30ab1c5d_1349-91,639,5,0,138.1,317.8,144.7,156.5,144.7,0.468,False,False,3343.9281,2212.4415,0.1793,43.4672,0.2478
596760c3-b1d6-453c-916c-ecbc30ab1c5d_1392-89,640,5,0,258.3,378.7,19.0,24.6,19.0,0.734,True,False,4777.606,6822.7598,-0.1547,60.7129,0.1126
59764b58-1523-48b3-88d2-9fc07880e597_1504-77,642,2,0,207.4,96.4,14.5,19.2,14.5,0.753,True,False,437.5123,1098.7346,-0.3993,26.0607,-0.1906
59764b58-1523-48b3-88d2-9fc07880e597_1504-77,642,2,1,204.2,106.2,15.4,20.8,15.4,0.478,False,False,1536.9468,2456.536,-0.2036,38.5916,0.0137
59764b58-1523-48b3-88d2-9fc07880e597_1504-77,642,4,0,344.6,-5.5,305.9,310.7,305.9,0.428,False,True,125.7992,153.7139,-0.0864,44.7444,-1.1986
59764b58-1523-48b3-88d2-9fc07880e597_1504-77,642,5,0,105.9,101.3,82.9,107.6,82.9,0.523,False,False,16.4711,72.2082,-0.6222,29.7511,-1.7052
59857657-5cb1-4268-9c8f-ab6cb3c3ad3b_5306-98,643,1,0,593.6,194.4,33.2,45.2,33.2,0.726,False,False,424.7716,588.552,-0.1413,29.9072,-0.3229
59857657-5cb1-4268-9c8f-ab6cb3c3ad3b_5306-98,643,3,0,227.9,87.0,26.8,40.7,26.8,0.45,False,False,1889.5339,240.2226,0.8942,58.9821,-0.265
59857657-5cb1-4268-9c8f-ab6cb3c3ad3b_5438-01,644,3,0,594.1,258.7,7.5,8.8,7.5,0.468,False,False,51.4722,4106.1275,-1.8936,11.5126,-0.4057
59857657-5cb1-4268-9c8f-ab6cb3c3ad3b_5438-01,644,3,1,219.8,171.4,11.7,13.9,11.7,0.459,False,False,589.9097,2685.3022,-0.6576,23.9432,0.0124
59857657-5cb1-4268-9c8f-ab6cb3c3ad3b_5438-01,644,3,2,551.2,256.6,7.8,9.7,7.8,0.455,False,False,265.9097,1456.4703,-0.7372,21.2305,-0.2285
59857657-5cb1-4268-9c8f-ab6cb3c3ad3b_5438-01,644,4,0,558.1,251.9,8.8,10.9,8.8,0.719,True,False,368.9722,985.0189,-0.4257,14.0812,0.2687
59857657-5cb1-4268-9c8f-ab6cb3c3ad3b_9450-00,645,1,0,411.9,188.9,68.1,98.3,68.1,0.481,False,False,325.3594,178.5285,0.2596,28.4394,-0.3947
59857657-5cb1-4268-9c8f-ab6cb3c3ad3b_9450-00,645,2,0,363.7,206.9,51.9,72.1,51.9,0.507,False,False,60.7139,89.9821,-0.1686,16.7738,-0.6604
59857657-5cb1-4268-9c8f-ab6cb3c3ad3b_9450-00,645,5,0,449.0,234.2,68.7,101.5,68.7,0.441,False,False,46.5905,32.4244,0.1535,22.9267,-1.044
59857657-5cb1-4268-9c8f-ab6cb3c3ad3b_979-26,646,3,0,68.4,50.7,69.9,63.5,63.5,0.531,False,False,3.1514,1531.5482,-2.5672,14.0401,-1.6787
59857657-5cb1-4268-9c8f-ab6cb3c3ad3b_979-26,646,3,1,109.1,44.4,41.0,61.1,41.0,0.428,False,False,216.7594,1295.0385,-0.7746,25.7886,-0.4855
59857657-5cb1-4268-9c8f-ab6cb3c3ad3b_979-26,646,5,0,69.5,101.0,44.3,61.4,44.3,0.762,True,False,2105.2537,1276.7716,0.2171,27.2023,0.4537
59857657-5cb1-4268-9c8f-ab6cb3c3ad3b_979-26,646,5,1,515.1,88.5,101.9,170.9,101.9,0.548,False,False,11.6391,1156.7286,-1.9619,7.0348,-0.6015
59857657-5cb1-4268-9c8f-ab6cb3c3ad3b_979-26,646,5,2,13.9,107.9,49.0,67.3,49.0,0.489,False,False,274.1555,826.7958,-0.4783,15.6528,0.0486
59976b3b-2328-47f2-a7b3-6f982497ed65_622-81,647,1,0,517.4,9.2,40.1,39.5,39.5,0.458,False,False,8054.6348,4423.3882,0.2602,42.8724,0.6415
59976b3b-2328-47f2-a7b3-6f982497ed65_622-81,647,5,0,431.8,72.8,138.9,159.1,138.9,0.484,False,False,2776.7594,2363.8051,0.0699,55.0795,-0.0384
5a009b9f-fed2-45a8-8006-b59b655334d1_50-58,648,2,0,340.7,226.8,15.4,20.1,15.4,0.714,True,False,4907.4973,5487.9904,-0.0485,36.0318,0.5772
5aa01f1b-351d-428b-a1be-1f2edaff6a0c_693-84,650,4,0,2.4,252.6,30.4,59.6,30.4,0.597,False,True,44.1041,1449.9021,-1.5074,14.4585,-0.6681
5aa01f1b-351d-428b-a1be-1f2edaff6a0c_693-84,650,5,0,129.3,237.7,28.5,45.4,28.5,0.58,False,False,143.3963,1111.1948,-0.8866,13.2817,-0.0894
5aa01f1b-351d-428b-a1be-1f2edaff6a0c_693-84,650,5,1,112.3,247.7,37.6,49.5,37.6,0.415,False,False,29.9012,631.3387,-1.311,15.2584,-0.8789
5aa8f84b-aea8-4e40-b710-82b93875e1ae_422-21,651,2,0,247.3,149.5,65.2,90.2,65.2,0.784,True,False,171.0995,316.3525,-0.2658,16.6517,-0.2087
5aa8f84b-aea8-4e40-b710-82b93875e1ae_422-21,651,5,0,381.3,81.0,48.5,61.6,48.5,0.51,False,False,3.6554,2.6524,0.1054,19.9863,-1.9346
5ab334f2-ecc8-4a05-96f8-4320225379b2_1773-43,652,1,0,285.8,122.6,12.0,14.6,12.0,0.793,True,False,5745.9461,4713.3082,0.086,30.4442,0.792
5ab334f2-ecc8-4a05-96f8-4320225379b2_1773-43,652,2,0,259.7,114.3,15.1,18.4,15.1,0.81,True,False,4441.4747,4106.714,0.034,31.0312,0.6636
5ab334f2-ecc8-4a05-96f8-4320225379b2_1773-43,652,3,0,300.1,103.6,25.8,31.4,25.8,0.919,True,False,2029.5649,2292.8476,-0.0529,29.5706,0.3654
5ab334f2-ecc8-4a05-96f8-4320225379b2_1773-43,652,4,0,322.2,122.7,60.1,71.9,60.1,0.92,True,False,375.5887,1052.7636,-0.4469,26.9312,-0.2852
5ab334f2-ecc8-4a05-96f8-4320225379b2_1773-43,652,5,0,320.7,48.8,77.1,95.0,77.1,0.927,True,False,308.339,1048.2181,-0.5304,28.5158,-0.4203
5ab334f2-ecc8-4a05-96f8-4320225379b2_214-77,653,3,0,193.5,70.1,7.7,9.8,7.7,0.425,False,False,4964.24,9343.564,-0.2746,28.0512,0.7995
5ab334f2-ecc8-4a05-96f8-4320225379b2_214-77,653,4,0,254.9,69.7,9.1,11.7,9.1,0.779,True,False,9706.026,6355.2356,0.1839,35.8871,0.8769
5ab334f2-ecc8-4a05-96f8-4320225379b2_879-22,655,4,0,317.7,163.3,10.4,13.3,10.4,0.733,True,False,4973.6212,3745.8336,0.1231,29.0748,0.7692
5ab334f2-ecc8-4a05-96f8-4320225379b2_879-22,655,5,0,325.5,255.5,9.5,12.3,9.5,0.689,True,False,7437.0322,4672.5482,0.2018,29.4824,0.9318
5ab334f2-ecc8-4a05-96f8-4320225379b2_905-78,656,2,0,169.9,127.7,8.1,10.0,8.1,0.536,False,False,8646.7556,3016.1819,0.4573,33.1049,0.8967
5b0225e8-b81b-42fe-aa08-b0732b46c8bd_1130-00,658,3,0,439.4,313.2,42.4,50.0,42.4,0.462,False,True,151.6475,241.5236,-0.2011,13.6191,-0.0869
5b0225e8-b81b-42fe-aa08-b0732b46c8bd_1130-00,658,5,0,421.7,293.5,38.8,49.1,38.8,0.688,False,False,227.0477,540.846,-0.3759,17.7341,-0.141
5b0225e8-b81b-42fe-aa08-b0732b46c8bd_1130-47,659,1,0,426.8,299.6,51.8,63.5,51.8,0.458,False,True,61.6303,119.3617,-0.2837,15.9621,-0.6111
5b0225e8-b81b-42fe-aa08-b0732b46c8bd_1130-47,659,2,0,441.5,313.5,42.2,48.8,42.2,0.418,False,True,49.0188,109.5864,-0.3446,12.7744,-0.5162
5b0225e8-b81b-42fe-aa08-b0732b46c8bd_1130-47,659,4,0,421.3,296.5,36.2,44.9,36.2,0.77,False,False,252.3647,515.0051,-0.3089,16.1634,-0.015
5b0225e8-b81b-42fe-aa08-b0732b46c8bd_1131-66,660,1,0,439.4,313.2,42.4,50.0,42.4,0.462,False,True,151.6475,241.5236,-0.2011,13.6191,-0.0869
5b0225e8-b81b-42fe-aa08-b0732b46c8bd_1131-66,660,3,0,421.7,293.5,38.8,49.1,38.8,0.688,False,False,227.0477,540.846,-0.3759,17.7341,-0.141
5b0225e8-b81b-42fe-aa08-b0732b46c8bd_1131-66,660,4,0,384.5,254.3,63.3,77.8,63.3,0.476,False,False,506.2948,709.1532,-0.1461,30.1665,-0.2543
5b0225e8-b81b-42fe-aa08-b0732b46c8bd_1131-66,660,5,0,355.3,230.9,102.9,127.0,102.9,0.464,False,True,406.092,411.8919,-0.0061,30.8867,-0.3703
5b0225e8-b81b-42fe-aa08-b0732b46c8bd_381-48,661,3,0,247.1,169.8,24.5,29.0,24.5,0.728,True,False,1990.3548,1101.1986,0.2569,43.005,0.0319
5b0225e8-b81b-42fe-aa08-b0732b46c8bd_381-48,661,3,1,281.9,190.9,21.4,25.8,21.4,0.713,True,False,1736.0435,1591.045,0.0379,52.7908,-0.2055
5b0225e8-b81b-42fe-aa08-b0732b46c8bd_381-48,661,4,0,224.1,95.8,19.4,25.7,19.4,0.785,True,False,951.3664,1223.8538,-0.1093,44.0461,-0.3092
5b0225e8-b81b-42fe-aa08-b0732b46c8bd_381-48,661,4,1,186.0,84.4,25.8,35.0,25.8,0.582,False,False,946.948,550.466,0.2353,32.5832,-0.0496
5b0225e8-b81b-42fe-aa08-b0732b46c8bd_381-48,661,4,2,574.0,126.2,59.7,105.2,59.7,0.43,False,False,336.1539,532.408,-0.1992,25.3828,-0.2819
5b0c9075-f81d-488c-9862-c9c3b9ca27b5_843-40,662,1,0,194.1,193.7,67.7,111.1,67.7,0.519,False,False,23.7359,193.6894,-0.896,23.4953,-1.3494
5b0c9075-f81d-488c-9862-c9c3b9ca27b5_843-40,662,2,0,213.0,212.8,86.4,116.9,86.4,0.694,False,False,55.8294,87.6455,-0.1931,30.1924,-1.2057
5b329676-c4f5-49a7-9999-fa3884190b1e_91-50,663,5,0,89.7,145.4,16.2,20.9,16.2,0.86,True,False,297.6307,984.7304,-0.5186,19.2294,-0.094
5c172db2-eca2-4f9a-8963-b2111123fef2_81-63,664,1,0,445.2,6.1,165.4,186.3,165.4,0.429,False,False,428.2037,622.7763,-0.1624,41.6972,-0.6078
5c3be03c-07a5-4427-a2fe-449f16e8017b_787-88,665,5,0,35.7,0.6,58.0,45.3,45.3,0.748,True,True,225.7767,168.9985,0.1252,18.9288,-0.1999
5c9b85ea-24a9-4bfd-8ac2-4ca6f9090231_3247-42,666,1,0,273.7,172.5,19.8,23.8,19.8,0.692,True,False,48.1971,2479.5614,-1.7026,33.0192,-1.346
5c9b85ea-24a9-4bfd-8ac2-4ca6f9090231_3247-42,666,1,1,192.8,132.7,9.9,12.1,9.9,0.487,False,False,7586.7298,6011.8928,0.101,28.0942,0.9823
5c9b85ea-24a9-4bfd-8ac2-4ca6f9090231_3247-42,666,1,2,66.3,1.6,20.1,21.1,20.1,0.479,False,True,3800.721,3402.0473,0.0481,31.7485,0.5761
5c9b85ea-24a9-4bfd-8ac2-4ca6f9090231_3247-42,666,3,0,169.7,131.9,14.5,17.9,14.5,0.604,False,False,16163.4399,6875.9968,0.3712,58.1339,0.6796
5c9b85ea-24a9-4bfd-8ac2-4ca6f9090231_3247-42,666,3,1,428.2,175.2,37.1,46.3,37.1,0.477,False,False,7.5916,528.3955,-1.7897,17.4409,-1.5505
5c9b85ea-24a9-4bfd-8ac2-4ca6f9090231_3510-00,667,1,0,434.5,27.4,91.7,130.2,91.7,0.729,True,False,10.2875,1330.1913,-2.0716,33.3377,-1.9937
5c9b85ea-24a9-4bfd-8ac2-4ca6f9090231_3510-00,667,2,0,478.1,35.7,96.0,114.7,96.0,0.729,True,False,3.6414,1135.2482,-2.3888,23.5172,-2.0769
5c9b85ea-24a9-4bfd-8ac2-4ca6f9090231_3510-00,667,3,0,373.4,201.6,23.6,37.3,23.6,0.476,False,False,6257.634,2087.7996,0.4766,38.083,0.6347
5c9b85ea-24a9-4bfd-8ac2-4ca6f9090231_3510-00,667,3,1,508.4,31.0,95.9,116.9,95.9,0.461,False,False,3.737,1495.0435,-2.4994,29.1027,-2.2529
5c9b85ea-24a9-4bfd-8ac2-4ca6f9090231_3510-00,667,4,0,211.5,33.6,88.0,109.0,88.0,0.79,True,False,3.4796,1173.0799,-2.4185,19.0748,-1.9109
5c9b85ea-24a9-4bfd-8ac2-4ca6f9090231_3510-00,667,4,1,540.1,52.8,74.3,90.1,74.3,0.554,False,False,16.9337,2422.7698,-2.1308,42.2334,-1.9979
5c9b85ea-24a9-4bfd-8ac2-4ca6f9090231_3510-00,667,4,2,503.4,30.1,129.5,213.0,129.5,0.474,False,False,1643.3996,2300.7418,-0.146,68.4873,-0.4553
5c9b85ea-24a9-4bfd-8ac2-4ca6f9090231_3510-00,667,5,0,297.9,97.2,85.6,100.2,85.6,0.768,True,False,3.6121,1445.7215,-2.4965,16.6958,-1.7829
5c9b85ea-24a9-4bfd-8ac2-4ca6f9090231_3510-00,667,5,1,377.8,8.5,52.2,55.7,52.2,0.477,False,False,304.2483,720.3734,-0.3735,42.8854,-0.7802
5c9b85ea-24a9-4bfd-8ac2-4ca6f9090231_4576-22,668,2,0,62.1,208.1,8.4,10.8,8.4,0.616,False,False,603.276,802.2864,-0.1236,18.1921,0.2602
5c9b85ea-24a9-4bfd-8ac2-4ca6f9090231_4576-22,668,3,0,413.7,182.0,20.6,26.7,20.6,0.776,True,False,21.9316,911.9501,-1.6,17.4608,-1.1251
5cab806a-3794-4578-94f2-33c3093151d1_391-05,669,1,0,29.5,24.1,45.8,53.2,45.8,0.468,False,False,9.5041,162.4737,-1.1921,12.4862,-1.1743
5cab806a-3794-4578-94f2-33c3093151d1_391-05,669,3,0,523.8,132.8,59.4,66.2,59.4,0.477,False,False,49.2144,366.0457,-0.8639,8.2604,-0.1395
5cab806a-3794-4578-94f2-33c3093151d1_546-82,671,1,0,403.1,152.9,95.1,115.7,95.1,0.641,False,False,12.6902,28.3081,-0.3306,18.8875,-1.4172
5cab806a-3794-4578-94f2-33c3093151d1_546-82,671,3,0,182.4,67.1,111.6,141.9,111.6,0.801,False,False,5.3678,10.7339,-0.2655,14.9966,-1.5499
5cee04cd-4adb-4a12-a476-1ba1db44865c_1289-65,672,4,0,339.9,13.1,90.1,100.6,90.1,0.42,False,False,203.0319,475.3885,-0.3683,56.8334,-1.1996
5cf98bc1-012f-482d-86ee-9337d8747dce_1374-50,673,1,0,493.8,9.3,34.7,37.7,34.7,0.565,False,False,792.4061,448.3808,0.2469,45.5677,-0.418
5cf98bc1-012f-482d-86ee-9337d8747dce_1374-50,673,1,1,8.8,195.5,39.9,56.8,39.9,0.551,False,False,1805.2251,1226.1275,0.1679,50.0036,-0.1414
5cf98bc1-012f-482d-86ee-9337d8747dce_1374-50,673,4,0,62.6,60.7,27.5,31.2,27.5,0.517,False,False,3871.7316,1790.9797,0.3347,70.2937,-0.1059
5cf98bc1-012f-482d-86ee-9337d8747dce_1374-50,673,4,1,68.7,89.0,26.3,29.1,26.3,0.472,False,False,1049.1928,1362.6904,-0.1134,35.3669,-0.0763
5cf98bc1-012f-482d-86ee-9337d8747dce_1374-50,673,5,0,137.9,85.1,37.2,43.6,37.2,0.695,True,False,16.5717,938.2787,-1.728,59.8705,-2.3097
5cf98bc1-012f-482d-86ee-9337d8747dce_1374-50,673,5,1,74.1,170.2,59.5,85.6,59.5,0.655,True,False,154.5455,787.778,-0.7051,37.8565,-0.9647
5cf98bc1-012f-482d-86ee-9337d8747dce_1374-50,673,5,2,135.5,112.5,36.0,42.6,36.0,0.498,False,False,256.018,641.7909,-0.3981,38.6437,-0.7645
5cff48d5-d4e3-465f-8302-64cd493aba53_0-01,675,3,0,36.7,225.8,73.1,83.9,73.1,0.63,False,False,93.4892,219.1935,-0.3674,26.2735,-0.8643
5cff48d5-d4e3-465f-8302-64cd493aba53_399-10,676,1,0,377.2,343.8,26.4,36.9,26.4,0.503,False,False,343.5683,366.0592,-0.0275,35.8655,-0.5724
5cff48d5-d4e3-465f-8302-64cd493aba53_399-10,676,2,0,369.5,35.1,27.4,36.8,27.4,0.54,False,False,270.9622,397.2585,-0.1657,19.9053,-0.1645
5d00d9ae-e932-42d5-8eee-ed24f83c8661_0-06,677,3,0,229.8,139.8,18.9,25.5,18.9,0.477,False,False,4.4823,34.5635,-0.812,5.3298,-0.7295
5d090853-467e-4f95-9f9e-ac0582023111_504-40,678,2,0,244.0,97.4,46.3,59.5,46.3,0.441,False,False,4.6034,4.0097,0.0486,11.0989,-1.3456
5d090853-467e-4f95-9f9e-ac0582023111_504-40,678,4,0,479.0,59.7,69.1,97.8,69.1,0.599,False,False,60.0788,190.238,-0.4957,10.374,-0.25
5d8dfcfe-93e4-465e-a548-44c1442ffa29_291-14,679,1,0,40.0,2.2,124.7,103.8,103.8,0.798,False,True,140.8268,622.2872,-0.6429,38.8214,-1.0267
5d8dfcfe-93e4-465e-a548-44c1442ffa29_291-14,679,4,0,198.2,195.3,51.1,69.4,51.1,0.904,True,False,27.1916,609.9367,-1.3359,37.3475,-1.6947
5d8dfcfe-93e4-465e-a548-44c1442ffa29_291-14,679,5,0,110.5,227.9,57.8,72.5,57.8,0.927,False,False,296.3905,1665.8501,-0.7486,53.7303,-0.9873
5dac9d4b-1ac8-468b-a51b-8b7e0dbe554b_1086-76,680,5,0,443.4,208.8,37.1,44.7,37.1,0.89,True,False,105.8369,330.186,-0.4914,31.8886,-0.979
5e193b30-3e79-4851-801b-dab99125cd44_2971-00,682,1,0,39.2,1.1,98.3,92.2,92.2,0.926,True,True,19.5628,566.3178,-1.4407,14.6829,-1.0225
5e193b30-3e79-4851-801b-dab99125cd44_2971-00,682,2,0,256.3,1.6,77.6,66.6,66.6,0.905,True,True,16.2738,509.0184,-1.4702,22.2639,-1.4587
5e193b30-3e79-4851-801b-dab99125cd44_2971-00,682,3,0,284.6,5.8,70.0,72.9,70.0,0.891,True,False,69.2296,805.4297,-1.06,33.6976,-1.2091
5ead8e7c-2600-44b1-afd6-b82cb5f7b9ce_567-35,691,4,0,241.5,217.2,15.8,19.6,15.8,0.842,True,False,4512.3508,5645.1366,-0.0973,31.9102,0.6462
5ead8e7c-2600-44b1-afd6-b82cb5f7b9ce_568-30,692,3,0,238.7,217.1,16.7,20.6,16.7,0.823,True,False,4319.4145,5662.0065,-0.1175,31.1555,0.648
5ed59c41-af9e-4368-a0ce-30d536d34895_1493-26,693,1,0,388.4,165.0,32.8,44.2,32.8,0.481,False,False,3.6863,10.1967,-0.3783,9.2723,-1.2686
5ed59c41-af9e-4368-a0ce-30d536d34895_1493-26,693,4,0,152.3,223.7,42.2,46.6,42.2,0.537,False,False,789.9812,970.5466,-0.0893,42.1308,-0.3513
5ed59c41-af9e-4368-a0ce-30d536d34895_1575-15,694,3,0,30.3,222.7,234.7,220.4,220.4,0.487,False,False,111.9916,758.615,-0.8275,39.3149,-1.1363
5ed59c41-af9e-4368-a0ce-30d536d34895_1575-15,694,4,0,25.1,244.7,273.6,238.4,238.4,0.521,False,True,74.8331,824.7698,-1.037,36.0045,-1.2332
5ed59c41-af9e-4368-a0ce-30d536d34895_494-33,695,1,0,478.3,106.1,52.2,69.0,52.2,0.905,True,False,75.6321,164.2578,-0.3338,11.5757,-0.2459
5ed59c41-af9e-4368-a0ce-30d536d34895_494-33,695,2,0,464.9,183.4,50.7,67.7,50.7,0.903,True,False,144.4586,224.193,-0.1898,12.6347,-0.0431
5ed59c41-af9e-4368-a0ce-30d536d34895_494-33,695,3,0,472.9,215.5,51.8,68.2,51.8,0.899,True,False,130.5332,288.1291,-0.3421,12.0135,-0.0433
5ed59c41-af9e-4368-a0ce-30d536d34895_494-33,695,4,0,487.8,238.2,52.0,67.2,52.0,0.888,False,False,96.281,293.7708,-0.4815,11.5958,-0.1438
5ed59c41-af9e-4368-a0ce-30d536d34895_494-33,695,5,0,505.9,241.7,52.6,72.1,52.6,0.906,True,False,98.8403,371.9085,-0.5723,13.8112,-0.2834
5f0ed597-4f1e-4075-81dc-64a3c0bb81f3_3-80,696,5,0,432.1,35.7,24.8,32.9,24.8,0.793,True,False,231.71,466.0568,-0.3026,29.7549,-0.5808
5f26c69f-6f1c-4041-a81f-3c4808e0a385_1353-30,697,4,0,528.9,13.6,109.0,207.3,109.0,0.558,False,True,13.5579,66.52,-0.6663,21.2365,-1.492
5f26c69f-6f1c-4041-a81f-3c4808e0a385_1353-30,697,5,0,13.9,175.1,80.6,118.0,80.6,0.869,False,False,20.8023,119.9778,-0.7442,44.7884,-1.964
5f26c69f-6f1c-4041-a81f-3c4808e0a385_1353-30,697,5,1,554.5,237.6,35.2,42.2,35.2,0.561,False,False,381.9169,584.3643,-0.1843,25.654,-0.2359
5f26c69f-6f1c-4041-a81f-3c4808e0a385_156-09,699,1,0,26.2,33.2,9.8,12.8,9.8,0.414,False,False,3146.1355,2901.2934,0.0352,50.4985,0.0912
5f2d9e8b-6e0b-4e36-9f5b-d26bbe0a7c7c_1129-51,700,1,0,448.1,68.3,74.5,95.7,74.5,0.799,True,False,2.5679,15.4679,-0.6642,6.6668,-1.1051
600e392c-4be6-4b8b-bef8-e789ce3d8915_2298-42,701,3,0,300.9,92.4,37.4,42.8,37.4,0.484,False,False,1820.7986,2241.7284,-0.0903,80.0851,-0.5467
600e392c-4be6-4b8b-bef8-e789ce3d8915_2298-42,701,4,0,329.1,145.5,31.1,36.1,31.1,0.428,False,False,1107.575,2863.6548,-0.4123,65.9012,-0.5931
600e392c-4be6-4b8b-bef8-e789ce3d8915_3230-09,702,1,0,589.4,15.2,33.5,41.1,33.5,0.448,False,False,625.9653,1915.6532,-0.4853,38.8712,-0.3823
600e392c-4be6-4b8b-bef8-e789ce3d8915_3230-09,702,1,1,566.2,3.4,33.9,33.7,33.7,0.422,False,True,1333.1933,2714.8363,-0.3087,31.4176,0.1304
600e392c-4be6-4b8b-bef8-e789ce3d8915_3230-09,702,2,0,471.4,30.3,23.6,27.5,23.6,0.57,False,False,33.9515,3577.2578,-2.0102,23.623,-1.204
600e392c-4be6-4b8b-bef8-e789ce3d8915_3230-09,702,2,1,325.6,17.1,20.2,26.5,20.2,0.51,False,False,4685.6509,4917.1446,-0.0209,55.338,0.1847
600e392c-4be6-4b8b-bef8-e789ce3d8915_3230-09,702,3,0,120.8,68.7,8.9,10.8,8.9,0.615,True,False,178.0275,4434.1468,-1.394,26.7803,-0.6033
600e392c-4be6-4b8b-bef8-e789ce3d8915_3230-09,702,3,1,439.6,87.8,24.1,30.1,24.1,0.41,False,False,11.7426,4264.8407,-2.5247,8.9264,-0.8015
600e392c-4be6-4b8b-bef8-e789ce3d8915_3230-09,702,4,0,552.5,3.4,58.7,64.0,58.7,0.472,False,True,1255.6259,4087.1795,-0.5123,21.5037,0.4332
600e392c-4be6-4b8b-bef8-e789ce3d8915_6486-35,703,1,0,315.7,142.3,19.7,25.4,19.7,0.844,True,False,32.0981,2009.108,-1.7834,22.4165,-1.1822
600e392c-4be6-4b8b-bef8-e789ce3d8915_6486-35,703,1,1,76.1,209.4,33.2,43.2,33.2,0.843,True,False,1374.0122,3226.9202,-0.3706,33.8007,0.0801
600e392c-4be6-4b8b-bef8-e789ce3d8915_6486-35,703,1,2,403.7,133.3,19.9,23.3,19.9,0.688,True,False,35.3159,1137.5904,-1.4963,25.259,-1.2454
600e392c-4be6-4b8b-bef8-e789ce3d8915_6486-35,703,1,3,408.3,145.5,19.0,23.3,19.0,0.415,False,False,882.4594,617.3369,0.155,17.9843,0.4351
600e392c-4be6-4b8b-bef8-e789ce3d8915_6486-35,703,2,0,85.9,154.3,19.5,24.2,19.5,0.835,True,False,18.6608,1820.897,-1.9669,19.5813,-1.2912
600e392c-4be6-4b8b-bef8-e789ce3d8915_6486-35,703,2,1,180.2,157.9,20.4,23.9,20.4,0.642,True,False,13.4253,787.0221,-1.7374,14.6803,-1.1764
600e392c-4be6-4b8b-bef8-e789ce3d8915_6486-35,703,3,0,29.5,151.3,19.8,25.2,19.8,0.855,True,False,17.7875,1209.9374,-1.8093,16.4214,-1.1586
600e392c-4be6-4b8b-bef8-e789ce3d8915_6486-35,703,3,1,134.1,151.7,19.7,22.6,19.7,0.73,True,False,12.9848,520.1027,-1.5713,19.8903,-1.4527
600e392c-4be6-4b8b-bef8-e789ce3d8915_6486-35,703,3,2,134.3,168.2,18.6,22.5,18.6,0.434,False,False,1033.1413,65.6198,1.191,14.413,0.695
600e392c-4be6-4b8b-bef8-e789ce3d8915_6486-35,703,4,0,98.4,121.8,19.9,23.1,19.9,0.804,True,False,10.4647,588.9487,-1.7115,13.2285,-1.1861
600e392c-4be6-4b8b-bef8-e789ce3d8915_6486-35,703,4,1,1.3,128.8,11.6,20.2,11.6,0.585,False,True,1245.6757,979.0455,0.1045,39.1373,-0.0897
600e392c-4be6-4b8b-bef8-e789ce3d8915_6486-35,703,5,0,4.8,126.6,19.3,27.8,19.3,0.834,True,False,9.6234,1619.1585,-2.1833,13.9834,-1.2672
600e392c-4be6-4b8b-bef8-e789ce3d8915_6486-35,703,5,1,116.6,117.8,20.7,24.1,20.7,0.534,False,False,13.906,688.8672,-1.6654,15.8379,-1.2278
600e392c-4be6-4b8b-bef8-e789ce3d8915_6486-35,703,5,2,34.8,228.3,34.8,47.4,34.8,0.4,False,False,7.5154,1146.0831,-2.1294,4.6944,-0.4322
600e392c-4be6-4b8b-bef8-e789ce3d8915_7199-73,704,1,0,284.6,79.1,17.0,21.9,17.0,0.791,True,False,35.8618,3823.8982,-2.016,16.2524,-0.8569
600e392c-4be6-4b8b-bef8-e789ce3d8915_7199-73,704,1,1,371.4,103.5,13.6,17.3,13.6,0.627,False,False,14905.2923,1578.691,0.9748,37.5603,1.0236
600e392c-4be6-4b8b-bef8-e789ce3d8915_7199-73,704,1,2,376.2,81.9,16.1,19.1,16.1,0.448,False,False,3483.656,1422.4737,0.3888,50.6023,0.1337
600e392c-4be6-4b8b-bef8-e789ce3d8915_7199-73,704,2,0,215.6,71.2,16.9,21.9,16.9,0.748,True,False,25.7515,3553.1785,-2.1234,16.2669,-0.9969
600e392c-4be6-4b8b-bef8-e789ce3d8915_7199-73,704,2,1,303.3,93.8,12.0,15.3,12.0,0.661,False,False,14281.4149,1808.4951,0.8972,33.7524,1.0978
600e392c-4be6-4b8b-bef8-e789ce3d8915_7199-73,704,3,0,200.9,74.6,16.6,21.3,16.6,0.8,True,False,73.1729,3301.6471,-1.6486,21.5152,-0.7962
600e392c-4be6-4b8b-bef8-e789ce3d8915_7199-73,704,3,1,10.1,189.8,70.7,116.6,70.7,0.581,False,False,725.5626,1773.1857,-0.3877,71.7003,-0.8499
600e392c-4be6-4b8b-bef8-e789ce3d8915_7199-73,704,3,2,290.9,97.2,10.9,13.9,10.9,0.579,False,False,13586.2477,2193.8558,0.7917,30.797,1.1557
600e392c-4be6-4b8b-bef8-e789ce3d8915_7199-73,704,4,0,58.5,80.8,17.8,22.7,17.8,0.81,True,False,26.8271,1846.8175,-1.8222,17.0031,-1.0181
600e392c-4be6-4b8b-bef8-e789ce3d8915_7199-73,704,4,1,151.3,101.4,12.7,15.9,12.7,0.738,False,False,10331.9083,2112.6796,0.6892,30.4056,1.0478
600e392c-4be6-4b8b-bef8-e789ce3d8915_7199-73,704,5,0,293.8,59.1,15.5,20.1,15.5,0.807,True,False,33.5042,2235.6733,-1.8117,16.9568,-0.9223
600e392c-4be6-4b8b-bef8-e789ce3d8915_7199-73,704,5,1,378.7,76.1,16.5,21.1,16.5,0.676,False,False,10099.9529,1722.0258,0.7681,38.7508,0.8275
600e392c-4be6-4b8b-bef8-e789ce3d8915_7199-73,704,5,2,384.8,59.1,17.4,21.3,17.4,0.427,False,False,3407.1077,1865.8395,0.2614,53.0815,0.0825
60209262-ab8e-4214-a8dd-4764a9a4b26d_842-54,705,1,0,450.3,165.7,43.8,60.4,43.8,0.914,True,False,1277.6302,669.1736,0.2806,27.7027,0.2211
60209262-ab8e-4214-a8dd-4764a9a4b26d_842-54,705,3,0,224.5,190.7,44.7,57.8,44.7,0.92,True,False,761.231,558.5855,0.1342,28.7879,-0.0369
60209262-ab8e-4214-a8dd-4764a9a4b26d_842-54,705,5,0,315.2,231.5,66.7,81.9,66.7,0.913,False,False,295.8259,598.3532,-0.3052,43.5564,-0.8058
606a91df-fc77-444e-988d-e0178c83c586_342-58,706,1,0,51.8,148.2,26.0,37.3,26.0,0.603,False,False,136.5665,65.4932,0.3157,15.7453,-0.2575
606a91df-fc77-444e-988d-e0178c83c586_342-58,706,2,0,492.0,-0.7,66.9,65.1,65.1,0.471,False,True,116.5917,18.773,0.7743,11.8242,-0.0783
606a91df-fc77-444e-988d-e0178c83c586_342-58,706,3,0,65.0,-0.9,367.3,274.7,274.7,0.621,False,True,34.2818,60.7471,-0.2431,26.3562,-1.2948
606a91df-fc77-444e-988d-e0178c83c586_342-58,706,4,0,156.9,187.0,66.4,85.0,66.4,0.705,True,False,132.0546,56.4316,0.3649,20.8089,-0.5135
606a91df-fc77-444e-988d-e0178c83c586_342-58,706,4,1,514.3,3.7,51.7,61.5,51.7,0.559,False,True,84.2786,361.4666,-0.6284,21.1991,-0.7228
606a91df-fc77-444e-988d-e0178c83c586_342-58,706,5,0,472.4,81.5,50.9,66.4,50.9,0.87,True,False,90.4818,738.5253,-0.9076,30.4763,-1.0071
606a91df-fc77-444e-988d-e0178c83c586_342-58,706,5,1,181.7,266.4,58.6,83.7,58.6,0.413,False,False,62.0611,91.6748,-0.1672,20.8744,-0.8405
6070d9d1-9962-49f3-8ac7-4e29ca07e104_284-21,708,4,0,418.5,39.3,44.6,53.8,44.6,0.627,True,False,1041.1502,237.6914,0.6401,36.4964,-0.1069
6070d9d1-9962-49f3-8ac7-4e29ca07e104_284-21,708,5,0,401.5,62.9,63.8,71.8,63.8,0.488,False,False,1340.6171,189.9819,0.8466,37.0614,-0.0105
608f2b9c-d004-42db-9f0c-e89b203dfb01_8-92,709,1,0,529.1,111.6,37.8,49.3,37.8,0.853,True,False,822.1129,2007.7428,-0.3875,11.5127,0.7898
608f2b9c-d004-42db-9f0c-e89b203dfb01_8-92,709,2,0,524.2,102.5,35.8,48.2,35.8,0.854,True,False,1130.356,1321.5021,-0.0678,11.9932,0.8927
608f2b9c-d004-42db-9f0c-e89b203dfb01_8-92,709,3,0,498.6,138.5,28.1,41.8,28.1,0.793,True,False,526.9219,1772.5387,-0.5263,8.8904,0.8193
608f2b9c-d004-42db-9f0c-e89b203dfb01_8-92,709,3,1,544.9,148.6,23.8,30.4,23.8,0.583,False,False,3277.0466,1593.6585,0.3129,44.105,0.2264
608f2b9c-d004-42db-9f0c-e89b203dfb01_8-92,709,4,0,516.5,108.9,31.0,42.3,31.0,0.732,True,False,5.2767,628.7264,-2.0014,5.1358,-0.6396
608f2b9c-d004-42db-9f0c-e89b203dfb01_8-92,709,4,1,565.6,117.0,27.4,32.6,27.4,0.424,False,False,1106.4754,702.6615,0.197,43.9887,-0.2426
608f2b9c-d004-42db-9f0c-e89b203dfb01_8-92,709,5,0,482.0,145.2,30.6,40.4,30.6,0.821,True,False,52.7276,1138.1745,-1.3264,6.1911,0.1355
608f2b9c-d004-42db-9f0c-e89b203dfb01_8-92,709,5,1,531.6,149.9,23.3,29.0,23.3,0.56,False,False,1177.309,1810.9909,-0.1869,38.2202,-0.0936
620d3087-c6fb-4b08-bb6a-4dc4ede3b994_1607-58,713,5,0,142.3,119.9,59.6,74.3,59.6,0.912,True,False,5.0674,166.8195,-1.4418,5.7875,-0.7548
620d3087-c6fb-4b08-bb6a-4dc4ede3b994_232-40,714,1,0,27.7,113.9,42.2,56.8,42.2,0.797,True,False,32.5051,401.8654,-1.08,5.4961,0.0309
620d3087-c6fb-4b08-bb6a-4dc4ede3b994_232-40,714,4,0,128.2,154.9,29.4,45.2,29.4,0.737,True,False,186.2318,632.198,-0.5292,24.4766,-0.5058
620d3087-c6fb-4b08-bb6a-4dc4ede3b994_232-40,714,4,1,478.9,151.9,33.9,42.2,33.9,0.579,False,False,2167.3051,2361.9313,-0.0373,31.5773,0.3369
620d3087-c6fb-4b08-bb6a-4dc4ede3b994_2651-56,715,3,0,579.4,121.4,56.5,74.0,56.5,0.716,True,False,3.7432,293.0742,-1.7924,6.3621,-0.9417
620d3087-c6fb-4b08-bb6a-4dc4ede3b994_2651-56,715,3,1,432.1,-7.3,185.0,185.9,185.0,0.532,False,True,79.1425,102.8348,-0.1125,31.2048,-1.085
620d3087-c6fb-4b08-bb6a-4dc4ede3b994_2651-56,715,4,0,541.3,185.8,49.9,66.5,49.9,0.842,True,False,129.6811,439.1189,-0.5274,13.8815,-0.1709
620d3087-c6fb-4b08-bb6a-4dc4ede3b994_2651-56,715,5,0,431.3,50.5,57.8,76.0,57.8,0.868,True,False,5.7795,496.8889,-1.8659,7.1762,-0.8889
620d3087-c6fb-4b08-bb6a-4dc4ede3b994_432-70,716,2,0,73.2,164.5,109.2,131.2,109.2,0.813,False,False,27.115,167.5118,-0.7777,9.873,-0.5444
620d3087-c6fb-4b08-bb6a-4dc4ede3b994_432-70,716,3,0,207.2,36.2,72.7,130.3,72.7,0.653,True,False,294.4685,516.75,-0.2436,21.1048,-0.1792
620d3087-c6fb-4b08-bb6a-4dc4ede3b994_432-70,716,3,1,135.8,49.7,112.9,116.4,112.9,0.534,False,False,7.8081,469.6168,-1.7278,8.1964,-0.8888
620d3087-c6fb-4b08-bb6a-4dc4ede3b994_432-70,716,4,0,110.0,122.1,109.5,130.0,109.5,0.741,True,False,24.2054,475.1907,-1.2763,7.3934,-0.3441
620d3087-c6fb-4b08-bb6a-4dc4ede3b994_432-70,716,5,0,5.0,301.0,104.1,148.0,104.1,0.752,False,False,18.964,310.9581,-1.1938,7.0239,-0.4016
62103d3d-d89d-4f54-a766-1beb22eb994b_179-41,717,1,0,437.2,97.2,11.2,13.5,11.2,0.821,True,False,618.3243,834.9753,-0.1303,13.2727,0.5435
62103d3d-d89d-4f54-a766-1beb22eb994b_179-41,717,2,0,442.9,130.3,16.5,19.9,16.5,0.737,True,False,271.5202,169.8949,0.2027,20.3726,-0.1837
62103d3d-d89d-4f54-a766-1beb22eb994b_179-41,717,3,0,449.3,155.9,21.3,24.1,21.3,0.833,True,False,106.3691,111.9742,-0.0221,17.9548,-0.4788
62103d3d-d89d-4f54-a766-1beb22eb994b_179-41,717,3,1,312.9,97.9,16.8,21.2,16.8,0.552,False,False,88.5077,305.2074,-0.5342,15.8479,-0.4498
62103d3d-d89d-4f54-a766-1beb22eb994b_179-41,717,4,0,452.6,194.0,31.7,34.2,31.7,0.869,True,False,101.4186,41.8403,0.3785,19.7007,-0.5797
62103d3d-d89d-4f54-a766-1beb22eb994b_179-41,717,5,0,504.8,162.5,57.6,60.4,57.6,0.549,False,False,45.2457,56.2795,-0.0929,21.5649,-1.0034
62103d3d-d89d-4f54-a766-1beb22eb994b_617-19,718,1,0,548.5,138.6,17.6,22.7,17.6,0.406,False,False,155.6121,914.2703,-0.7667,14.0852,-0.1049
62103d3d-d89d-4f54-a766-1beb22eb994b_617-19,718,3,0,574.9,148.5,22.5,30.1,22.5,0.524,False,False,220.1738,346.5992,-0.1963,24.879,-0.4476
62103d3d-d89d-4f54-a766-1beb22eb994b_617-19,718,4,0,490.5,247.5,53.0,62.1,53.0,0.515,False,False,15.5131,28.4663,-0.2515,10.981,-0.867
62103d3d-d89d-4f54-a766-1beb22eb994b_617-19,718,5,0,406.8,305.1,65.5,94.1,65.5,0.747,False,False,31.6871,101.6919,-0.4972,13.5019,-0.7488
62103d3d-d89d-4f54-a766-1beb22eb994b_617-19,718,5,1,491.8,121.1,18.2,23.3,18.2,0.59,False,False,39.7346,249.2479,-0.7884,11.7209,-0.5311
6243586b-a8df-4c37-95f8-da7f4f5d57d6_513-82,720,1,0,44.6,146.9,47.8,67.0,47.8,0.515,False,False,8.4877,87.809,-0.9713,4.4538,-0.3417
6243586b-a8df-4c37-95f8-da7f4f5d57d6_513-82,720,5,0,186.0,218.7,27.9,35.9,27.9,0.844,True,False,55.1784,498.5991,-0.9491,14.5694,-0.5794
6243586b-a8df-4c37-95f8-da7f4f5d57d6_513-82,720,5,1,375.6,226.0,27.7,40.0,27.7,0.697,True,False,34.5997,175.0227,-0.6941,14.7743,-0.7896
6243586b-a8df-4c37-95f8-da7f4f5d57d6_513-82,720,5,2,590.6,225.9,22.2,25.2,22.2,0.587,False,False,64.2342,62.651,0.0107,30.5952,-1.1573
6243586b-a8df-4c37-95f8-da7f4f5d57d6_513-82,720,5,3,587.2,265.8,23.2,28.1,23.2,0.455,False,False,60.2895,22.6783,0.413,16.4386,-0.6459
6243586b-a8df-4c37-95f8-da7f4f5d57d6_513-82,720,5,4,476.5,218.8,19.7,24.5,19.7,0.438,False,False,92.3822,339.1128,-0.5614,18.1724,-0.5499
6243586b-a8df-4c37-95f8-da7f4f5d57d6_513-82,720,5,5,71.4,194.7,41.1,45.4,41.1,0.418,False,False,74.7585,349.9227,-0.6658,25.4019,-0.931
6243586b-a8df-4c37-95f8-da7f4f5d57d6_868-79,721,2,0,238.0,-2.1,98.7,76.5,76.5,0.916,True,True,67.2047,118.8581,-0.2449,53.5422,-1.6237
6243586b-a8df-4c37-95f8-da7f4f5d57d6_868-79,721,2,1,444.3,164.3,21.6,25.7,21.6,0.404,False,False,952.4989,1522.2511,-0.2035,31.2229,-0.0101
6243586b-a8df-4c37-95f8-da7f4f5d57d6_868-79,721,3,0,237.2,32.9,91.4,103.5,91.4,0.912,True,False,59.4924,223.5513,-0.5696,47.2853,-1.5679
6243586b-a8df-4c37-95f8-da7f4f5d57d6_868-79,721,3,1,616.1,188.5,11.3,16.4,11.3,0.435,False,False,330.4697,1046.7117,-0.4998,35.4517,-0.5792
6243586b-a8df-4c37-95f8-da7f4f5d57d6_868-79,721,4,0,332.8,3.1,106.2,102.7,102.7,0.917,True,True,32.2522,87.0011,-0.4227,48.2449,-1.8453
6243586b-a8df-4c37-95f8-da7f4f5d57d6_868-79,721,5,0,206.1,91.6,92.1,104.4,92.1,0.906,False,False,27.3724,643.8093,-1.3565,41.8364,-1.7905
624a6c0a-a4cb-4073-b501-48e4b6b679e4_1095-75,722,1,0,88.6,245.6,74.9,84.6,74.9,0.497,False,False,144.1565,935.3223,-0.8096,22.2969,-0.5355
624a6c0a-a4cb-4073-b501-48e4b6b679e4_1095-75,722,1,1,65.2,187.4,143.3,161.3,143.3,0.466,False,False,625.0181,336.3263,0.2685,32.1082,-0.2171
624a6c0a-a4cb-4073-b501-48e4b6b679e4_1095-75,722,2,0,166.1,61.1,68.2,85.7,68.2,0.419,False,False,291.7798,1547.4059,-0.7233,41.7399,-0.7748
624a6c0a-a4cb-4073-b501-48e4b6b679e4_1095-75,722,3,0,171.1,72.0,45.1,55.4,45.1,0.807,True,False,7.9056,1353.1318,-2.182,22.2805,-1.7471
624a6c0a-a4cb-4073-b501-48e4b6b679e4_1095-75,722,4,0,164.3,127.8,40.4,47.4,40.4,0.9,True,False,12.93,1856.7075,-2.125,24.8613,-1.6478
624a6c0a-a4cb-4073-b501-48e4b6b679e4_1095-75,722,4,1,607.4,127.7,9.0,11.1,9.0,0.402,False,False,7170.8989,5151.2552,0.1436,23.752,1.1035
624a6c0a-a4cb-4073-b501-48e4b6b679e4_1095-75,722,5,0,129.7,47.1,50.7,59.3,50.7,0.9,True,False,11.6514,1313.3111,-2.0166,26.6458,-1.7497
624a6c0a-a4cb-4073-b501-48e4b6b679e4_1105-28,723,1,0,159.7,130.6,42.3,50.4,42.3,0.899,True,False,11.2858,1610.6671,-2.1179,23.3547,-1.6481
624a6c0a-a4cb-4073-b501-48e4b6b679e4_1105-28,723,2,0,136.6,24.8,53.1,61.8,53.1,0.886,True,False,9.0028,1609.1763,-2.2068,22.8724,-1.7193
624a6c0a-a4cb-4073-b501-48e4b6b679e4_1105-28,723,3,0,138.8,46.6,50.0,57.4,50.0,0.869,True,False,9.5669,1739.2547,-2.2167,20.7261,-1.6101
624a6c0a-a4cb-4073-b501-48e4b6b679e4_1105-28,723,3,1,311.2,266.5,128.8,142.2,128.8,0.643,False,False,562.0128,1058.8201,-0.2747,32.1815,-0.2651
624a6c0a-a4cb-4073-b501-48e4b6b679e4_1105-28,723,4,0,176.8,176.6,43.3,50.7,43.3,0.899,True,False,12.3769,1919.1844,-2.157,23.4268,-1.6139
624a6c0a-a4cb-4073-b501-48e4b6b679e4_1105-28,723,5,0,203.9,186.7,40.5,48.8,40.5,0.89,True,False,16.0264,1095.0451,-1.8087,26.9447,-1.6304
624a6c0a-a4cb-4073-b501-48e4b6b679e4_1105-28,723,5,1,4.9,219.2,9.7,12.5,9.7,0.459,False,False,526.6322,2788.2426,-0.7232,11.9923,0.5615
624a6c0a-a4cb-4073-b501-48e4b6b679e4_1105-28,723,5,2,44.1,234.9,11.8,14.8,11.8,0.458,False,False,2431.9018,1534.0481,0.2,18.669,0.8426
624a6c0a-a4cb-4073-b501-48e4b6b679e4_1105-63,724,1,0,157.6,121.3,42.7,50.3,42.7,0.894,True,False,12.1869,1604.2092,-2.0854,24.061,-1.6432
624a6c0a-a4cb-4073-b501-48e4b6b679e4_1105-63,724,1,1,12.0,196.5,10.7,13.0,10.7,0.407,False,False,3920.1933,2927.7707,0.1267,21.4208,0.9308
624a6c0a-a4cb-4073-b501-48e4b6b679e4_1105-63,724,2,0,136.3,26.4,53.4,62.0,53.4,0.891,True,False,9.7008,1607.3729,-2.177,23.5657,-1.7159
624a6c0a-a4cb-4073-b501-48e4b6b679e4_1105-63,724,3,0,139.0,50.0,48.2,56.8,48.2,0.887,True,False,8.8579,1635.4966,-2.2201,20.5749,-1.6339
624a6c0a-a4cb-4073-b501-48e4b6b679e4_1105-63,724,3,1,299.8,273.3,126.5,132.9,126.5,0.595,False,False,442.5974,1067.9052,-0.382,31.933,-0.3619
624a6c0a-a4cb-4073-b501-48e4b6b679e4_1105-63,724,3,2,273.2,154.5,68.7,73.4,68.7,0.423,False,False,1011.8492,3064.3189,-0.4809,27.4454,0.128
624a6c0a-a4cb-4073-b501-48e4b6b679e4_1105-63,724,4,0,179.8,182.3,40.1,47.4,40.1,0.899,True,False,13.1191,1985.6568,-2.1483,21.7236,-1.525
624a6c0a-a4cb-4073-b501-48e4b6b679e4_1105-63,724,5,0,204.5,171.6,40.4,47.5,40.4,0.889,True,False,14.8154,1033.881,-1.8158,23.7774,-1.554
624a6c0a-a4cb-4073-b501-48e4b6b679e4_1105-63,724,5,1,43.4,223.2,13.0,16.1,13.0,0.542,False,False,1204.1723,1165.4778,0.0142,16.2132,0.6597
62abef54-29ef-43ec-ba1d-43496d986e89_2257-41,725,2,0,535.9,92.2,28.7,35.8,28.7,0.491,False,False,310.5961,307.3168,0.0046,9.7272,0.5131
62abef54-29ef-43ec-ba1d-43496d986e89_2257-41,725,3,0,614.6,27.4,25.3,44.9,25.3,0.805,False,True,146.6529,234.9674,-0.2036,12.0514,0.0042
62abef54-29ef-43ec-ba1d-43496d986e89_2257-41,725,3,1,482.5,101.7,35.7,39.3,35.7,0.639,False,False,2059.0529,3384.4856,-0.2157,42.309,0.0608
62abef54-29ef-43ec-ba1d-43496d986e89_2257-41,725,5,0,277.1,85.9,17.0,24.1,17.0,0.451,False,False,1663.0043,4682.8595,-0.4494,28.844,0.3005
62e3b74a-01ad-4824-aace-5cc12ebd2c47_228-93,727,4,0,381.3,157.4,14.7,18.1,14.7,0.602,True,False,9683.5694,10874.1733,-0.0504,42.8391,0.7222
62e3b74a-01ad-4824-aace-5cc12ebd2c47_228-93,727,4,1,487.2,171.4,9.8,12.0,9.8,0.595,False,False,4455.1956,5846.8653,-0.118,22.9392,0.927
62e3b74a-01ad-4824-aace-5cc12ebd2c47_228-93,727,4,2,549.3,154.0,8.2,10.0,8.2,0.593,False,False,5189.4475,8994.6064,-0.2388,24.4475,0.938
62e3b74a-01ad-4824-aace-5cc12ebd2c47_228-93,727,4,3,446.9,163.7,10.2,12.7,10.2,0.528,False,False,1189.4857,2999.8509,-0.4015,23.8851,0.3187
6306375a-1533-4f3c-843b-0cd51b4bf449_1-23,728,1,0,15.0,-0.7,221.1,207.1,207.1,0.425,False,True,122.0811,403.1878,-0.5164,41.0652,-1.137
6306375a-1533-4f3c-843b-0cd51b4bf449_1-23,728,2,0,198.3,179.9,10.2,12.5,10.2,0.455,False,False,57.996,327.878,-0.7462,5.7417,0.2398
6306375a-1533-4f3c-843b-0cd51b4bf449_1-23,728,3,0,258.1,159.6,12.6,15.7,12.6,0.735,False,False,220.2167,2031.4746,-0.9632,15.9874,-0.0644
6306375a-1533-4f3c-843b-0cd51b4bf449_1-23,728,4,0,196.9,170.7,16.4,19.9,16.4,0.716,False,False,56.7136,626.2752,-1.0362,12.2481,-0.4177
6306375a-1533-4f3c-843b-0cd51b4bf449_1-23,728,5,0,59.3,176.3,27.1,32.2,27.1,0.837,False,False,150.9513,603.8736,-0.6,14.2487,-0.128
6322a6f2-f271-4335-bf46-d428a5a58298_0-02,729,1,0,-0.5,1.0,61.3,47.9,47.9,0.858,True,True,162.7574,2274.8574,-1.1429,15.6858,-0.1786
6322a6f2-f271-4335-bf46-d428a5a58298_0-02,729,4,0,5.0,-6.5,87.9,83.0,83.0,0.58,False,True,675.7681,2829.9492,-0.6215,32.4378,-0.1921
6322a6f2-f271-4335-bf46-d428a5a58298_0-02,729,4,1,29.7,0.0,56.1,38.6,38.6,0.497,False,True,344.5904,2546.4603,-0.8675,19.9265,-0.0614
6322a6f2-f271-4335-bf46-d428a5a58298_0-02,729,4,2,129.4,7.5,333.8,401.6,333.8,0.445,False,True,538.1555,818.4156,-0.1818,34.1387,-0.3352
635cb327-1636-4fbc-a9ca-5a7adfc34b2e_0-40,730,1,0,71.0,215.1,69.6,117.4,69.6,0.867,False,False,21.1843,385.5621,-1.2412,23.1933,-1.3855
635cb327-1636-4fbc-a9ca-5a7adfc34b2e_0-40,730,2,0,587.4,182.0,58.9,124.7,58.9,0.809,False,True,215.1597,850.5392,-0.5954,21.9273,-0.3481
635cb327-1636-4fbc-a9ca-5a7adfc34b2e_0-40,730,3,0,-3.7,176.4,35.4,86.7,35.4,0.532,False,True,4.1743,243.6444,-1.6747,10.7587,-1.3534
635cb327-1636-4fbc-a9ca-5a7adfc34b2e_0-40,730,4,0,1.6,175.0,55.6,130.7,55.6,0.691,False,True,34.1908,1129.5221,-1.5068,15.258,-0.8224
6395f964-0122-4f16-b036-337c28488504_1626-75,731,1,0,396.6,157.7,65.0,84.8,65.0,0.846,False,False,25.7418,1323.4126,-1.6948,36.9218,-1.7077
6395f964-0122-4f16-b036-337c28488504_1626-75,731,1,1,147.7,160.4,59.2,67.2,59.2,0.812,False,False,3.9899,2777.688,-2.7457,26.8004,-2.1588
6395f964-0122-4f16-b036-337c28488504_1626-75,731,1,2,487.1,104.2,58.2,67.6,58.2,0.804,True,False,5.0241,2770.7045,-2.6629,24.4053,-1.9958
6395f964-0122-4f16-b036-337c28488504_1626-75,731,1,3,10.2,164.9,56.1,76.0,56.1,0.571,False,False,191.2339,1242.5288,-0.8108,31.1689,-0.7041
6395f964-0122-4f16-b036-337c28488504_1626-75,731,2,0,441.4,49.1,57.7,67.5,57.7,0.82,True,False,5.11,3220.1812,-2.722,24.6028,-1.9966
6395f964-0122-4f16-b036-337c28488504_1626-75,731,2,1,11.2,148.7,40.9,54.6,40.9,0.796,False,False,339.6222,552.2724,-0.2107,30.7399,-0.4436
6395f964-0122-4f16-b036-337c28488504_1626-75,731,2,2,353.2,110.7,57.3,71.5,57.3,0.754,True,False,6.1828,2193.7397,-2.4851,31.5761,-2.1429
6395f964-0122-4f16-b036-337c28488504_1626-75,731,2,3,167.1,33.5,163.5,231.8,163.5,0.526,False,False,4.7879,1101.254,-2.2798,36.8953,-2.3717
6395f964-0122-4f16-b036-337c28488504_1626-75,731,3,0,262.9,49.9,57.9,74.9,57.9,0.737,False,False,6.786,1016.5682,-2.1163,35.0919,-2.1995
6395f964-0122-4f16-b036-337c28488504_1626-75,731,3,1,338.2,0.1,62.4,64.9,62.4,0.691,True,True,6.8443,1656.4079,-2.3249,30.3985,-2.0716
6395f964-0122-4f16-b036-337c28488504_1626-75,731,3,2,426.6,63.0,42.0,50.6,42.0,0.649,False,False,248.8911,433.7359,-0.2405,66.2847,-1.2452
6395f964-0122-4f16-b036-337c28488504_1626-75,731,3,3,171.4,66.3,60.2,67.6,60.2,0.58,False,False,6.5111,280.6129,-1.5739,34.2167,-2.1931
6395f964-0122-4f16-b036-337c28488504_1626-75,731,4,0,57.6,273.1,54.4,67.8,54.4,0.71,False,False,8.3171,563.865,-1.7827,22.3755,-1.7311
6395f964-0122-4f16-b036-337c28488504_1626-75,731,4,1,191.4,241.3,36.7,50.8,36.7,0.459,False,False,137.3914,177.5588,-0.1107,27.3864,-0.7345
6395f964-0122-4f16-b036-337c28488504_1626-75,731,4,2,0.1,299.4,67.9,80.0,67.9,0.405,False,True,40.1729,120.4536,-0.4698,25.1131,-1.1859
6395f964-0122-4f16-b036-337c28488504_1626-75,731,5,0,79.5,100.0,9.2,11.0,9.2,0.657,True,False,69.2722,2058.2923,-1.4669,9.6454,-0.1265
6395f964-0122-4f16-b036-337c28488504_1626-75,731,5,1,113.7,289.9,55.7,62.7,55.7,0.45,False,False,6.3311,760.4532,-2.0165,31.197,-2.1235
6395f964-0122-4f16-b036-337c28488504_1626-75,731,5,2,-1.2,298.8,24.4,43.6,24.4,0.437,False,True,3858.9757,487.6072,0.8976,51.9319,0.1556
6395f964-0122-4f16-b036-337c28488504_1626-75,731,5,3,270.2,214.9,43.1,61.8,43.1,0.411,False,False,91.0509,275.9331,-0.4783,29.3383,-0.9713
63d56e4c-e454-48c2-a8f2-5bc2c34622ca_1218-51,732,3,0,270.9,285.4,31.3,41.2,31.3,0.91,False,False,339.3381,787.0301,-0.3646,36.7419,-0.5987
63d56e4c-e454-48c2-a8f2-5bc2c34622ca_1218-51,732,4,0,292.2,295.4,36.2,46.5,36.2,0.894,False,False,333.2971,680.6436,-0.3094,36.2862,-0.5957
63d56e4c-e454-48c2-a8f2-5bc2c34622ca_172-69,733,5,0,167.3,134.8,13.4,16.2,13.4,0.466,False,False,278.3028,171.7054,0.2088,9.4016,0.4948
63e9e643-25c5-435d-b6f0-0aab1af76e68_28-98,735,1,0,338.1,370.3,135.0,110.6,110.6,0.408,False,True,454.3125,759.2144,-0.2226,25.9721,-0.1713
63e9e643-25c5-435d-b6f0-0aab1af76e68_28-98,735,4,0,313.4,143.3,49.9,65.2,49.9,0.671,False,False,193.5587,296.0102,-0.1837,23.8465,-0.4666
64049385-6855-4eed-8b3c-ce3e8d704008_1157-10,736,5,0,217.8,180.9,49.4,58.6,49.4,0.704,True,False,5.5972,509.2568,-1.8884,27.9918,-2.0753
64747fa7-c7b9-46fc-ac9d-ea9a514d91df_73-27,737,4,0,27.4,61.7,160.0,204.2,160.0,0.565,False,False,23.4897,72.1366,-0.4752,36.3504,-1.7324
64792a03-b8ea-4fdc-96d8-1e1199b73658_1352-24,738,1,0,290.7,243.9,27.6,33.4,27.6,0.896,True,False,329.5385,2015.4348,-0.7854,19.845,-0.0772
64792a03-b8ea-4fdc-96d8-1e1199b73658_1352-24,738,1,1,327.7,239.4,20.3,25.6,20.3,0.892,True,False,785.9203,2565.7073,-0.5134,18.1607,0.3764
64792a03-b8ea-4fdc-96d8-1e1199b73658_1352-24,738,1,2,443.0,226.8,15.2,17.6,15.2,0.877,True,False,1272.3694,3606.1789,-0.4522,13.4993,0.842
64792a03-b8ea-4fdc-96d8-1e1199b73658_1352-24,738,1,3,550.6,206.8,27.2,31.6,27.2,0.858,True,False,751.7459,568.3851,0.1212,14.5653,0.548
64792a03-b8ea-4fdc-96d8-1e1199b73658_1352-24,738,1,4,63.2,225.8,71.3,104.3,71.3,0.858,False,False,120.7997,436.635,-0.5555,17.9804,-0.4253
64792a03-b8ea-4fdc-96d8-1e1199b73658_1352-24,738,2,0,37.9,200.9,55.2,54.1,54.1,0.924,True,False,118.2976,1182.4155,-0.9965,16.1877,-0.3434
64792a03-b8ea-4fdc-96d8-1e1199b73658_1352-24,738,2,1,271.7,211.7,29.5,37.9,29.5,0.895,True,False,347.2129,1812.0841,-0.7166,19.7328,-0.0496
64792a03-b8ea-4fdc-96d8-1e1199b73658_1352-24,738,2,2,325.5,210.9,21.4,26.6,21.4,0.894,True,False,1785.0687,2356.2386,-0.1205,20.9552,0.6083
64792a03-b8ea-4fdc-96d8-1e1199b73658_1352-24,738,2,3,439.2,204.5,15.3,18.7,15.3,0.88,True,False,1570.9458,3758.1319,-0.3786,17.2492,0.7214
64792a03-b8ea-4fdc-96d8-1e1199b73658_1352-24,738,2,4,501.1,188.9,26.7,35.1,26.7,0.821,True,False,2014.0286,1628.3411,0.0923,19.1067,0.7407
64792a03-b8ea-4fdc-96d8-1e1199b73658_1352-24,738,3,0,45.5,168.7,54.5,59.3,54.5,0.919,True,False,158.5657,892.358,-0.7481,16.8802,-0.2533
64792a03-b8ea-4fdc-96d8-1e1199b73658_1352-24,738,3,1,287.1,212.3,29.2,37.4,29.2,0.901,True,False,326.5711,2038.0572,-0.7941,19.4214,-0.0624
64792a03-b8ea-4fdc-96d8-1e1199b73658_1352-24,738,3,2,447.1,217.9,15.6,18.7,15.6,0.869,True,False,1647.2154,3568.0165,-0.3355,19.0062,0.658
64792a03-b8ea-4fdc-96d8-1e1199b73658_1352-24,738,3,3,329.6,214.8,21.0,23.3,21.0,0.866,True,False,3490.6812,2842.3394,0.0892,23.1616,0.8127
64792a03-b8ea-4fdc-96d8-1e1199b73658_1352-24,738,3,4,537.3,214.1,29.1,33.7,29.1,0.843,True,False,1189.6687,967.2542,0.0898,17.5153,0.5875
64792a03-b8ea-4fdc-96d8-1e1199b73658_1352-24,738,4,0,155.1,203.4,46.0,53.9,46.0,0.925,True,False,342.3854,1779.6734,-0.7148,20.512,-0.0893
64792a03-b8ea-4fdc-96d8-1e1199b73658_1352-24,738,4,1,547.1,274.2,20.2,22.7,20.2,0.885,True,False,2162.3014,3162.2727,-0.165,23.4655,0.5935
64792a03-b8ea-4fdc-96d8-1e1199b73658_1352-24,738,4,2,373.9,263.5,29.3,34.3,29.3,0.883,True,False,641.1731,2369.0348,-0.5671,25.0188,0.0104
64792a03-b8ea-4fdc-96d8-1e1199b73658_1352-24,738,4,3,15.0,202.7,130.1,121.8,121.8,0.882,False,False,81.9473,845.4222,-1.0088,25.7251,-0.9026
64792a03-b8ea-4fdc-96d8-1e1199b73658_1352-24,738,4,4,407.8,265.0,19.8,23.3,19.8,0.844,True,False,3273.2576,2954.2927,0.0445,26.0764,0.682
64792a03-b8ea-4fdc-96d8-1e1199b73658_1352-24,738,5,0,197.3,216.1,40.2,51.7,40.2,0.886,True,False,496.0052,1601.3849,-0.5084,23.1968,-0.0353
64792a03-b8ea-4fdc-96d8-1e1199b73658_1352-24,738,5,1,101.0,220.2,106.1,105.9,105.9,0.881,False,False,119.2981,945.2674,-0.8958,29.2855,-0.8536
64792a03-b8ea-4fdc-96d8-1e1199b73658_1352-24,738,5,2,601.5,267.8,21.6,23.6,21.6,0.846,True,False,1200.9624,2977.8141,-0.3942,20.9137,0.438
64792a03-b8ea-4fdc-96d8-1e1199b73658_1352-24,738,5,3,449.9,264.1,21.3,24.5,21.3,0.843,True,False,1505.2528,2312.0228,-0.1863,24.218,0.4089
64792a03-b8ea-4fdc-96d8-1e1199b73658_1352-24,738,5,4,411.7,264.6,30.0,35.5,30.0,0.842,True,False,909.4646,1923.8564,-0.3251,25.303,0.1522
64ec6de1-0e86-49de-889c-4a0fdcba6658_808-22,739,1,0,450.9,116.5,131.3,145.2,131.3,0.894,False,False,9.39,235.533,-1.3573,22.8643,-1.7025
64ec6de1-0e86-49de-889c-4a0fdcba6658_808-22,739,1,1,151.7,-6.1,211.2,181.6,181.6,0.583,False,True,203.9299,55.4146,0.5602,90.8435,-1.605
64ec6de1-0e86-49de-889c-4a0fdcba6658_808-22,739,2,0,306.1,27.6,38.8,49.2,38.8,0.93,True,False,221.021,315.1236,-0.1535,38.328,-0.8209
64ec6de1-0e86-49de-889c-4a0fdcba6658_808-22,739,2,1,472.8,-0.0,67.6,68.2,67.6,0.927,True,True,64.2452,514.3282,-0.8975,19.0681,-0.7473
64ec6de1-0e86-49de-889c-4a0fdcba6658_808-22,739,3,0,322.6,14.7,38.9,49.1,38.9,0.93,True,False,524.07,590.2289,-0.0515,39.9661,-0.4834
64ec6de1-0e86-49de-889c-4a0fdcba6658_808-22,739,3,1,483.5,0.6,66.3,58.3,58.3,0.914,True,True,86.2875,981.6344,-1.0514,23.9182,-0.8173
64ec6de1-0e86-49de-889c-4a0fdcba6658_808-22,739,3,2,571.8,48.3,62.8,95.3,62.8,0.403,False,False,357.9057,496.3926,-0.1417,40.7656,-0.6659
64ec6de1-0e86-49de-889c-4a0fdcba6658_808-22,739,4,0,244.7,96.5,37.6,48.5,37.6,0.938,True,False,385.4078,555.6342,-0.1585,37.8681,-0.5698
64ec6de1-0e86-49de-889c-4a0fdcba6658_808-22,739,4,1,405.3,69.7,57.9,77.6,57.9,0.926,True,False,99.5176,723.4649,-0.8578,29.1011,-0.9261
64ec6de1-0e86-49de-889c-4a0fdcba6658_808-22,739,5,0,100.1,178.6,98.1,111.0,98.1,0.862,False,False,40.4468,15.2481,0.4067,12.8876,-0.6055
652f0590-aab5-4de1-b578-238adb54fa0e_3914-88,740,1,0,183.0,341.8,22.7,28.3,22.7,0.776,True,False,4.1195,56.5445,-1.0508,7.2901,-1.0243
652f0590-aab5-4de1-b578-238adb54fa0e_3914-88,740,1,1,493.8,337.0,32.7,46.0,32.7,0.446,False,False,2.9252,43.7165,-1.0566,8.6953,-1.2904
65d6d7a3-11f7-4472-82b9-527ca04fe25b_1274-77,741,1,0,378.9,83.1,21.2,29.7,21.2,0.824,True,False,314.3943,1881.6495,-0.7759,28.058,-0.3978
65d6d7a3-11f7-4472-82b9-527ca04fe25b_1274-77,741,1,1,285.8,121.6,14.1,17.6,14.1,0.777,True,False,2071.8694,290.5217,0.8519,17.0511,0.8516
65d6d7a3-11f7-4472-82b9-527ca04fe25b_1274-77,741,2,0,486.6,72.3,24.7,40.0,24.7,0.838,True,False,385.5482,1131.6122,-0.4669,29.5667,-0.3549
65d6d7a3-11f7-4472-82b9-527ca04fe25b_1274-77,741,2,1,283.0,139.4,12.3,15.2,12.3,0.476,False,False,2263.0829,698.0821,0.5104,16.4206,0.9225
65d6d7a3-11f7-4472-82b9-527ca04fe25b_1274-77,741,3,0,585.6,53.6,30.6,40.0,30.6,0.876,True,False,672.3633,1471.5195,-0.3398,29.1531,-0.1016
65d6d7a3-11f7-4472-82b9-527ca04fe25b_1274-77,741,3,1,280.8,135.2,12.7,16.1,12.7,0.724,True,False,2505.3243,586.8963,0.6297,15.9671,0.9909
65d6d7a3-11f7-4472-82b9-527ca04fe25b_1274-77,741,4,0,453.8,63.6,32.3,39.3,32.3,0.904,True,False,730.9637,1292.4483,-0.2473,26.0801,0.0312
65d6d7a3-11f7-4472-82b9-527ca04fe25b_1274-77,741,4,1,259.4,118.4,13.3,17.0,13.3,0.761,True,False,2160.6214,312.3814,0.8387,25.1028,0.5346
65d6d7a3-11f7-4472-82b9-527ca04fe25b_1274-77,741,5,0,243.7,122.7,14.7,17.7,14.7,0.713,True,False,1102.1995,147.5582,0.8708,22.4963,0.3376
65d6d7a3-11f7-4472-82b9-527ca04fe25b_1274-77,741,5,1,324.4,98.0,18.9,22.5,18.9,0.708,True,False,299.9346,1386.7639,-0.6638,20.8682,-0.1615
65d6d7a3-11f7-4472-82b9-527ca04fe25b_633-02,742,1,0,344.3,73.9,22.4,27.7,22.4,0.883,True,False,539.8102,2405.7091,-0.6484,16.0217,0.3219
65d6d7a3-11f7-4472-82b9-527ca04fe25b_633-02,742,1,1,-7.1,169.0,85.7,129.6,85.7,0.761,False,True,233.1135,233.2763,-0.0003,41.2459,-0.8616
65d6d7a3-11f7-4472-82b9-527ca04fe25b_633-02,742,1,2,72.7,137.4,61.8,76.1,61.8,0.646,True,False,455.3,671.2935,-0.1683,20.719,0.0255
65d6d7a3-11f7-4472-82b9-527ca04fe25b_633-02,742,2,0,301.1,93.9,19.3,26.4,19.3,0.883,True,False,170.3731,1307.1358,-0.8827,17.8637,-0.2714
65d6d7a3-11f7-4472-82b9-527ca04fe25b_633-02,742,2,1,5.0,154.6,51.3,68.6,51.3,0.678,False,False,99.13,290.4839,-0.4641,16.8649,-0.4549
65d6d7a3-11f7-4472-82b9-527ca04fe25b_633-02,742,2,2,552.3,30.5,12.4,14.5,12.4,0.638,True,False,1423.2808,2445.548,-0.235,29.9645,0.1999
65d6d7a3-11f7-4472-82b9-527ca04fe25b_633-02,742,2,3,548.4,34.2,12.1,15.2,12.1,0.588,False,False,2654.4925,1809.309,0.1664,43.8238,0.1405
65d6d7a3-11f7-4472-82b9-527ca04fe25b_633-02,742,2,4,542.5,39.4,12.3,14.6,12.3,0.588,False,False,47.0829,2060.0564,-1.6321,7.575,-0.0843
65d6d7a3-11f7-4472-82b9-527ca04fe25b_633-02,742,2,5,576.0,43.3,11.3,13.2,11.3,0.402,False,False,1056.479,1375.9241,-0.1146,36.4232,-0.0988
65d6d7a3-11f7-4472-82b9-527ca04fe25b_633-02,742,3,0,266.1,109.7,20.6,26.3,20.6,0.895,True,False,106.3198,1696.4988,-1.1991,11.0898,-0.0627
65d6d7a3-11f7-4472-82b9-527ca04fe25b_633-02,742,3,1,513.4,55.3,10.4,13.0,10.4,0.726,True,False,645.0563,5094.6902,-0.8969,20.7758,0.1742
65d6d7a3-11f7-4472-82b9-527ca04fe25b_633-02,742,3,2,492.6,69.2,9.9,12.7,9.9,0.66,True,False,65.0767,2354.9194,-1.5521,7.9163,0.0161
65d6d7a3-11f7-4472-82b9-527ca04fe25b_633-02,742,3,3,534.4,69.3,9.3,11.2,9.3,0.503,False,False,444.3456,2644.6339,-0.7738,25.9816,-0.1813
65d6d7a3-11f7-4472-82b9-527ca04fe25b_633-02,742,3,4,491.1,63.7,9.6,12.4,9.6,0.463,False,False,469.1869,4060.7954,-0.9364,21.1032,0.0226
65d6d7a3-11f7-4472-82b9-527ca04fe25b_633-02,742,4,0,233.5,108.9,20.6,27.1,20.6,0.906,True,False,226.7185,1693.4586,-0.8716,12.6962,0.1474
65d6d7a3-11f7-4472-82b9-527ca04fe25b_633-02,742,4,1,474.4,67.8,8.3,10.3,8.3,0.712,True,False,2463.1475,8318.5443,-0.5284,22.216,0.6975
65d6d7a3-11f7-4472-82b9-527ca04fe25b_633-02,742,5,0,223.6,101.9,21.9,28.0,21.9,0.893,True,False,206.6575,1668.071,-0.9051,12.4045,0.1274
65d6d7a3-11f7-4472-82b9-527ca04fe25b_633-02,742,5,1,467.5,66.4,8.7,10.6,8.7,0.721,True,False,3419.36,8205.8205,-0.3801,28.0163,0.6387
6639f53c-701d-4fe7-adcd-55d040ce8afe_0-03,744,4,0,254.8,87.7,29.5,40.0,29.5,0.441,False,False,9.1911,469.7501,-1.6646,6.3208,-0.6041
668962c9-ecae-4b8f-bdc1-a6aeab093d88_1261-54,745,1,0,269.9,1.9,32.9,51.0,32.9,0.839,True,True,360.1587,2314.0574,-0.8069,43.3761,-0.717
668962c9-ecae-4b8f-bdc1-a6aeab093d88_1261-54,745,1,1,234.5,3.8,18.9,19.9,18.9,0.466,False,True,87.6866,508.1647,-0.759,10.5492,-0.1025
668962c9-ecae-4b8f-bdc1-a6aeab093d88_1261-54,745,2,0,155.9,2.9,54.5,63.9,54.5,0.904,True,True,40.2206,273.273,-0.8231,28.68,-1.3006
668962c9-ecae-4b8f-bdc1-a6aeab093d88_1261-54,745,3,0,303.9,193.6,33.4,43.5,33.4,0.907,True,False,216.1122,1182.5483,-0.7365,32.1163,-0.6772
668962c9-ecae-4b8f-bdc1-a6aeab093d88_1261-54,745,3,1,213.2,156.7,44.9,50.5,44.9,0.888,True,False,115.6829,1103.9427,-0.9763,25.5791,-0.7494
668962c9-ecae-4b8f-bdc1-a6aeab093d88_1261-54,745,3,2,108.4,102.5,55.2,73.0,55.2,0.511,False,False,145.161,328.3908,-0.3529,33.8421,-0.8945
668962c9-ecae-4b8f-bdc1-a6aeab093d88_1261-54,745,3,3,52.1,84.6,42.8,63.5,42.8,0.408,False,False,41.7777,19.9496,0.31,46.1167,-1.6967
668962c9-ecae-4b8f-bdc1-a6aeab093d88_1261-54,745,4,0,5.1,31.1,114.4,211.6,114.4,0.915,False,False,56.2228,824.2506,-1.159,35.3015,-1.3384
668962c9-ecae-4b8f-bdc1-a6aeab093d88_1261-54,745,4,1,331.3,163.4,33.2,46.2,33.2,0.904,True,False,224.2738,1272.0406,-0.7521,31.3338,-0.6398
668962c9-ecae-4b8f-bdc1-a6aeab093d88_1261-54,745,4,2,245.5,142.1,29.3,42.7,29.3,0.699,True,False,603.5664,970.285,-0.2059,26.889,-0.0783
668962c9-ecae-4b8f-bdc1-a6aeab093d88_1261-54,745,4,3,231.7,138.7,26.2,39.5,26.2,0.644,False,False,700.3956,96.162,0.8585,25.0603,0.0473
668962c9-ecae-4b8f-bdc1-a6aeab093d88_1261-54,745,4,4,231.5,190.1,28.7,36.4,28.7,0.445,False,False,252.576,566.9085,-0.3502,27.3592,-0.4707
668962c9-ecae-4b8f-bdc1-a6aeab093d88_1261-54,745,5,0,44.4,5.2,138.9,182.9,138.9,0.91,True,False,42.9042,505.9473,-1.0625,40.6255,-1.5754
668962c9-ecae-4b8f-bdc1-a6aeab093d88_1261-54,745,5,1,362.3,106.1,29.2,45.8,29.2,0.902,True,False,413.886,1640.3953,-0.5973,42.6971,-0.6431
668962c9-ecae-4b8f-bdc1-a6aeab093d88_1261-54,745,5,2,267.8,83.8,35.7,52.5,35.7,0.853,True,False,2189.1454,966.1021,0.355,50.2333,-0.0617
668962c9-ecae-4b8f-bdc1-a6aeab093d88_1261-54,745,5,3,250.8,136.0,43.2,53.2,43.2,0.758,False,False,601.001,1667.7035,-0.4428,43.9494,-0.5065
668962c9-ecae-4b8f-bdc1-a6aeab093d88_1333-29,746,1,0,240.0,200.8,51.0,59.3,51.0,0.888,True,False,80.165,1227.0625,-1.1799,23.2687,-0.825
668962c9-ecae-4b8f-bdc1-a6aeab093d88_1333-29,746,1,1,342.4,302.9,16.5,21.0,16.5,0.802,True,False,604.6694,1061.7982,-0.2442,36.3053,-0.338
668962c9-ecae-4b8f-bdc1-a6aeab093d88_1333-29,746,2,0,275.0,173.9,44.6,52.4,44.6,0.854,True,False,61.9813,311.3356,-0.6954,23.3512,-0.9382
668962c9-ecae-4b8f-bdc1-a6aeab093d88_1333-29,746,3,0,316.7,108.3,94.2,106.8,94.2,0.493,False,False,3.9699,393.8189,-1.9,7.459,-1.0567
668962c9-ecae-4b8f-bdc1-a6aeab093d88_1333-29,746,5,0,233.2,2.4,38.7,55.2,38.7,0.582,False,True,25.2314,952.2628,-1.5604,20.885,-1.2218
668962c9-ecae-4b8f-bdc1-a6aeab093d88_811-44,747,3,0,35.0,176.5,63.6,84.0,63.6,0.698,False,False,422.0586,414.4654,0.0079,59.298,-0.9198
668962c9-ecae-4b8f-bdc1-a6aeab093d88_811-44,747,3,1,505.8,31.5,19.2,25.0,19.2,0.413,False,False,332.33,883.4382,-0.4238,31.3278,-0.4694
668962c9-ecae-4b8f-bdc1-a6aeab093d88_811-44,747,4,0,53.5,147.9,57.5,68.6,57.5,0.738,False,False,242.9503,1136.7026,-0.6687,35.0518,-0.7025
668962c9-ecae-4b8f-bdc1-a6aeab093d88_811-44,747,4,1,109.6,161.2,37.2,51.9,37.2,0.605,False,False,599.1617,1766.846,-0.4692,24.5729,-0.0034
668962c9-ecae-4b8f-bdc1-a6aeab093d88_811-44,747,4,2,81.1,164.1,51.0,59.8,51.0,0.456,False,False,188.0724,1220.8425,-0.8104,30.8084,-0.7012
668962c9-ecae-4b8f-bdc1-a6aeab093d88_811-44,747,4,3,34.3,167.2,56.6,77.6,56.6,0.453,False,False,548.3854,513.0322,0.0289,72.3793,-0.9794
668962c9-ecae-4b8f-bdc1-a6aeab093d88_811-44,747,4,4,327.0,78.3,7.2,8.6,7.2,0.445,False,False,1387.4097,828.1563,0.2239,30.394,0.1765
668962c9-ecae-4b8f-bdc1-a6aeab093d88_811-44,747,4,5,506.9,19.5,20.3,26.4,20.3,0.441,False,False,484.0935,995.6527,-0.3127,30.1636,-0.2736
668962c9-ecae-4b8f-bdc1-a6aeab093d88_811-44,747,4,6,287.5,80.8,8.9,10.3,8.9,0.403,False,False,1656.2176,4698.4461,-0.4527,18.4384,0.6867
668962c9-ecae-4b8f-bdc1-a6aeab093d88_811-44,747,5,0,43.6,159.9,60.9,73.4,60.9,0.599,False,False,487.5122,1373.5663,-0.4493,38.8275,-0.4897
668962c9-ecae-4b8f-bdc1-a6aeab093d88_811-44,747,5,1,498.8,22.4,20.7,27.1,20.7,0.478,False,False,469.7342,1315.5994,-0.4467,31.5811,-0.3265
668962c9-ecae-4b8f-bdc1-a6aeab093d88_811-44,747,5,2,0.2,160.6,43.2,87.9,43.2,0.428,False,True,788.3116,279.0364,0.45,48.5193,-0.4748
66bf8281-f77c-4e37-b9a8-5f2aabf73ef9_943-34,748,2,0,554.4,163.0,78.0,92.6,78.0,0.616,False,False,62.6633,48.5153,0.1092,44.8475,-1.4998
66bf8281-f77c-4e37-b9a8-5f2aabf73ef9_943-34,748,5,0,337.9,1.3,94.0,82.5,82.5,0.929,True,True,210.3707,543.7506,-0.4112,38.4185,-0.8443
67a8114b-7f37-443d-8beb-64886095f935_184-82,749,2,0,381.9,34.8,71.6,76.8,71.6,0.709,True,False,1197.588,2986.1484,-0.3966,29.3172,0.1439
67a8114b-7f37-443d-8beb-64886095f935_184-82,749,3,0,245.5,57.0,57.6,81.7,57.6,0.85,True,False,777.0323,1732.2659,-0.3479,24.3141,0.1185
67a8114b-7f37-443d-8beb-64886095f935_184-82,749,4,0,314.9,44.4,79.3,91.1,79.3,0.869,True,False,410.7386,1550.0898,-0.576,22.3748,-0.0858
67a8114b-7f37-443d-8beb-64886095f935_184-82,749,5,0,399.1,24.8,58.3,76.0,58.3,0.852,True,False,535.0504,2180.6384,-0.6096,24.5125,-0.0503
67a8114b-7f37-443d-8beb-64886095f935_636-28,750,1,0,292.1,-1.4,49.7,42.3,42.3,0.713,True,True,266.3864,1967.9218,-0.8671,19.1522,-0.1385
67a8114b-7f37-443d-8beb-64886095f935_636-28,750,2,0,350.9,239.5,47.3,54.9,47.3,0.907,True,False,220.8187,3899.3553,-1.2451,19.2673,-0.2248
67a8114b-7f37-443d-8beb-64886095f935_636-28,750,4,0,291.1,12.7,44.6,54.5,44.6,0.909,True,False,84.9637,3780.1562,-1.6433,14.5894,-0.3958
67a8114b-7f37-443d-8beb-64886095f935_636-28,750,5,0,345.8,24.0,48.9,55.2,48.9,0.549,False,False,1759.8098,3296.6543,-0.2725,28.1017,0.3477
67b78a5b-ab72-4483-95c4-33e837013e93_2874-42,752,2,0,259.8,200.1,29.7,42.2,29.7,0.637,False,False,23.768,2454.0115,-1.9962,8.8819,-0.5086
67b78a5b-ab72-4483-95c4-33e837013e93_2874-42,752,3,0,376.0,116.4,37.5,47.4,37.5,0.586,False,False,10.21,3252.0222,-2.4627,10.2742,-0.978
67b78a5b-ab72-4483-95c4-33e837013e93_2874-42,752,4,0,315.2,79.5,51.7,56.6,51.7,0.72,True,False,14.5966,2609.0601,-2.2236,12.7657,-1.0217
67b78a5b-ab72-4483-95c4-33e837013e93_2874-42,752,4,1,346.8,154.9,51.6,81.6,51.6,0.451,False,False,284.9672,1248.1332,-0.6403,16.0805,0.042
67b78a5b-ab72-4483-95c4-33e837013e93_2874-42,752,5,0,247.9,219.6,65.8,78.2,65.8,0.781,True,False,435.3371,1287.1669,-0.4702,22.487,-0.0649
67bc312a-3b49-4847-aa79-63ad7d3e4217_537-95,754,2,0,58.3,190.7,27.4,35.7,27.4,0.404,False,False,16.8676,319.3778,-1.2536,4.3029,-0.0383
67bc312a-3b49-4847-aa79-63ad7d3e4217_537-95,754,3,0,66.8,75.5,36.8,48.2,36.8,0.614,True,False,123.9439,831.5092,-0.8237,21.0206,-0.5496
67bc312a-3b49-4847-aa79-63ad7d3e4217_554-07,755,5,0,237.8,271.9,56.9,79.9,56.9,0.724,False,False,498.0316,931.9142,-0.2717,32.1584,-0.3169
67bc312a-3b49-4847-aa79-63ad7d3e4217_554-07,755,5,1,184.2,141.3,44.8,53.9,44.8,0.406,False,False,5.458,172.9329,-1.4303,36.4211,-2.3129
68134357-62e5-4f0b-8300-2e661763aeb5_374-98,756,1,0,136.5,192.6,57.5,70.4,57.5,0.473,False,False,1089.8767,16.7702,1.7881,62.4091,-0.5528
68134357-62e5-4f0b-8300-2e661763aeb5_374-98,756,5,0,64.3,166.2,26.4,32.9,26.4,0.783,True,False,102.0444,1180.2804,-1.0593,16.4688,-0.4219
68134357-62e5-4f0b-8300-2e661763aeb5_389-26,757,1,0,256.2,189.5,20.2,27.4,20.2,0.845,True,False,190.7852,3550.5328,-1.2676,14.1663,-0.0219
68134357-62e5-4f0b-8300-2e661763aeb5_389-26,757,2,0,411.7,152.5,30.2,40.7,30.2,0.424,False,False,150.0482,441.2079,-0.4665,57.0432,-1.3334
68134357-62e5-4f0b-8300-2e661763aeb5_389-26,757,5,0,77.4,143.4,26.0,33.0,26.0,0.846,True,False,91.245,865.6226,-0.9729,17.4569,-0.5204
68150eb1-47cd-4617-953a-0afdf67b2adb_2839-25,758,1,0,551.9,47.1,78.8,106.0,78.8,0.443,False,False,904.8,945.662,-0.0192,26.0269,0.1255
68150eb1-47cd-4617-953a-0afdf67b2adb_2839-25,758,4,0,516.7,204.4,15.5,19.9,15.5,0.737,False,False,4040.4027,7420.3734,-0.264,25.4207,0.7955
69190e7c-457f-489d-9071-c2a9185e4853_144-34,760,3,0,232.2,202.3,51.8,69.8,51.8,0.614,False,False,697.1516,1144.2731,-0.215,39.3925,-0.3472
69366f34-43c0-4d11-bec4-3c1c945cbfd4_4408-78,761,5,0,257.7,138.9,71.1,100.8,71.1,0.636,False,False,3252.9487,3188.5894,0.0087,69.3881,-0.1702
6956cb48-951c-4607-a42b-a66de2c186be_59-73,763,3,0,255.2,198.0,43.3,52.4,43.3,0.589,False,False,36.5525,9.8215,0.5403,8.3841,-0.2784
695cefe9-04c0-42fb-80fc-d308b314b788_1-28,764,1,0,417.2,114.2,32.3,43.7,32.3,0.929,True,False,217.8175,539.6921,-0.3929,21.736,-0.3352
695cefe9-04c0-42fb-80fc-d308b314b788_1-28,764,1,1,551.0,108.5,30.7,37.8,30.7,0.919,True,False,168.9216,500.5786,-0.4701,14.4735,-0.093
695cefe9-04c0-42fb-80fc-d308b314b788_1-28,764,2,0,231.9,154.3,32.0,40.5,32.0,0.917,True,False,99.8548,365.4859,-0.5604,18.6122,-0.5371
695cefe9-04c0-42fb-80fc-d308b314b788_1-28,764,2,1,352.5,133.5,25.4,32.4,25.4,0.896,True,False,70.6632,211.3351,-0.4717,14.6025,-0.4756
695cefe9-04c0-42fb-80fc-d308b314b788_1-28,764,3,0,47.3,104.3,77.5,105.0,77.5,0.583,False,False,59.4911,109.9036,-0.2633,26.4003,-1.0621
695cefe9-04c0-42fb-80fc-d308b314b788_303-92,765,3,0,296.9,182.8,54.4,79.7,54.4,0.44,False,False,106.66,187.9108,-0.2442,75.5803,-1.7248
695cefe9-04c0-42fb-80fc-d308b314b788_303-92,765,4,0,269.3,186.3,62.7,83.2,62.7,0.885,False,False,707.2656,348.3775,0.3069,67.5687,-0.8094
695cefe9-04c0-42fb-80fc-d308b314b788_330-48,766,1,0,-3.5,117.4,202.3,272.1,202.3,0.598,False,True,5.8456,79.7299,-1.0716,16.4483,-1.5984
695cefe9-04c0-42fb-80fc-d308b314b788_437-09,767,1,0,265.3,199.6,73.6,86.2,73.6,0.711,True,False,328.3264,676.1951,-0.3131,53.9832,-0.947
695cefe9-04c0-42fb-80fc-d308b314b788_437-09,767,3,0,262.0,13.0,166.8,224.0,166.8,0.579,False,False,17.1928,250.1938,-1.1401,29.4649,-1.6792
695cefe9-04c0-42fb-80fc-d308b314b788_437-09,767,4,0,363.4,104.1,66.2,80.7,66.2,0.851,True,False,669.4725,199.0727,0.5252,58.1426,-0.7027
695cefe9-04c0-42fb-80fc-d308b314b788_437-09,767,4,1,523.1,137.5,115.5,174.4,115.5,0.542,False,True,336.1428,619.8212,-0.2652,39.1393,-0.6577
695cefe9-04c0-42fb-80fc-d308b314b788_437-09,767,5,0,205.1,215.5,93.7,125.8,93.7,0.912,False,False,139.6617,1064.7567,-0.8795,38.7099,-1.0278
695cefe9-04c0-42fb-80fc-d308b314b788_443-90,768,1,0,410.4,11.8,130.1,159.2,130.1,0.935,True,False,729.9448,590.6741,0.0918,60.4904,-0.6996
695cefe9-04c0-42fb-80fc-d308b314b788_443-90,768,2,0,301.2,1.8,93.2,117.2,93.2,0.936,True,True,746.2527,410.2883,0.2593,64.0615,-0.7398
695cefe9-04c0-42fb-80fc-d308b314b788_443-90,768,3,0,404.5,5.3,103.9,128.8,103.9,0.934,True,False,524.0117,559.1816,-0.0282,56.9887,-0.7915
695cefe9-04c0-42fb-80fc-d308b314b788_443-90,768,5,0,335.5,-2.3,105.6,84.8,84.8,0.888,True,True,19.6442,387.6313,-1.2747,18.7866,-1.2341
695cefe9-04c0-42fb-80fc-d308b314b788_662-96,769,1,0,388.5,64.7,40.0,48.6,40.0,0.791,False,False,197.452,1181.3716,-0.7751,13.0966,0.0608
695cefe9-04c0-42fb-80fc-d308b314b788_662-96,769,2,0,344.7,194.2,40.4,46.7,40.4,0.544,False,False,1904.4253,3385.6012,-0.2498,22.8427,0.5617
695cefe9-04c0-42fb-80fc-d308b314b788_662-96,769,3,0,210.2,169.4,108.5,152.0,108.5,0.871,False,False,377.9996,117.8739,0.5036,67.6014,-1.0814
695cefe9-04c0-42fb-80fc-d308b314b788_662-96,769,3,1,294.7,66.3,43.8,52.0,43.8,0.408,False,False,1415.564,340.3732,0.618,46.5545,-0.1849
695cefe9-04c0-42fb-80fc-d308b314b788_662-96,769,5,0,501.6,116.1,103.8,152.1,103.8,0.86,False,False,197.4801,361.6765,-0.2618,25.9348,-0.5307
695cefe9-04c0-42fb-80fc-d308b314b788_662-96,769,5,1,265.8,212.9,34.3,39.9,34.3,0.716,False,False,332.1766,2954.9418,-0.948,13.7159,0.2459
695cefe9-04c0-42fb-80fc-d308b314b788_789-70,771,1,0,374.4,207.0,69.2,83.3,69.2,0.589,False,False,43.6526,147.8321,-0.5228,35.4756,-1.4504
695cefe9-04c0-42fb-80fc-d308b314b788_789-70,771,2,0,576.9,193.7,59.5,102.6,59.5,0.654,False,True,88.4608,99.6671,-0.0513,19.4475,-0.6272
695cefe9-04c0-42fb-80fc-d308b314b788_789-70,771,2,1,590.9,125.2,39.4,68.1,39.4,0.498,False,False,7.8909,208.3015,-1.3718,17.5943,-1.5432
695cefe9-04c0-42fb-80fc-d308b314b788_789-70,771,3,0,337.4,238.0,87.7,123.0,87.7,0.887,False,True,80.7969,122.113,-0.1776,21.8542,-0.7672
695cefe9-04c0-42fb-80fc-d308b314b788_789-70,771,4,0,424.1,207.6,101.9,128.9,101.9,0.867,False,False,72.0985,289.378,-0.5991,20.3238,-0.7532
695cefe9-04c0-42fb-80fc-d308b314b788_789-70,771,5,0,455.7,195.5,97.5,133.9,97.5,0.881,False,False,104.9638,408.9641,-0.5876,21.3405,-0.6342
6989df0e-b8da-48a4-bc69-b01f6f8aef1a_378-59,772,1,0,158.0,13.5,74.5,76.9,74.5,0.449,False,False,209.1595,304.1626,-0.162,35.6315,-0.7815
6989df0e-b8da-48a4-bc69-b01f6f8aef1a_378-59,772,2,0,97.7,33.2,120.2,135.5,120.2,0.582,False,False,158.3834,370.4369,-0.3674,42.5244,-1.0551
699b47de-9fc5-4b98-ba35-ecf79886a8db_1850-50,773,1,0,440.3,20.0,198.2,196.8,196.8,0.662,False,True,1005.3425,1473.9481,-0.166,35.3609,-0.0946
699b47de-9fc5-4b98-ba35-ecf79886a8db_1850-50,773,2,0,509.4,159.6,131.3,181.1,131.3,0.544,False,True,108.9617,1670.4404,-1.1818,16.6581,-0.4036
699b47de-9fc5-4b98-ba35-ecf79886a8db_1850-50,773,5,0,489.4,7.2,51.5,59.9,51.5,0.581,False,False,866.8276,1065.0544,-0.0893,38.7678,-0.2388
699b47de-9fc5-4b98-ba35-ecf79886a8db_782-75,774,1,0,537.4,14.9,100.4,150.4,100.4,0.409,False,True,793.726,900.9955,-0.055,26.917,0.0396
699b47de-9fc5-4b98-ba35-ecf79886a8db_782-75,774,5,0,214.4,289.2,36.6,47.1,36.6,0.512,False,False,2078.938,2190.7613,-0.0227,52.773,-0.1269
699b47de-9fc5-4b98-ba35-ecf79886a8db_782-75,774,5,1,382.8,402.6,24.5,31.3,24.5,0.43,False,False,4769.3326,1971.7854,0.3835,45.0053,0.3718
69ae6e65-a60b-46b0-b256-9d1aeaf34b0a_3951-27,775,1,0,607.8,221.5,9.0,10.8,9.0,0.476,False,False,16707.0475,7450.7694,0.3507,54.5603,0.749
69ae6e65-a60b-46b0-b256-9d1aeaf34b0a_3951-27,775,2,0,548.3,166.4,94.0,159.7,94.0,0.486,False,True,1820.8278,3424.3139,-0.2742,37.2015,0.1191
69ae6e65-a60b-46b0-b256-9d1aeaf34b0a_3951-27,775,3,0,512.1,182.3,51.7,77.0,51.7,0.682,False,False,351.8238,2510.3668,-0.8524,44.1052,-0.7416
69ae6e65-a60b-46b0-b256-9d1aeaf34b0a_3951-27,775,4,0,476.1,235.1,8.8,10.7,8.8,0.545,False,False,475.6597,1965.6413,-0.6155,20.0315,0.0737
69ae6e65-a60b-46b0-b256-9d1aeaf34b0a_3951-27,775,4,1,495.7,213.5,8.0,9.8,8.0,0.423,False,False,1618.76,3305.3482,-0.3099,34.1586,0.1421
69c7d261-18f8-4a1d-9f56-6b4e8eac4d23_601-00,776,4,0,593.8,-1.6,45.5,47.5,45.5,0.563,False,True,92.1862,139.1856,-0.1774,18.4387,-0.5634
69f1101f-cb9e-4ad1-8fe6-ed840e5bcf9b_1263-46,777,1,0,280.9,120.2,61.5,82.2,61.5,0.671,False,False,13.6547,165.4122,-1.0552,10.0958,-0.8465
69f1101f-cb9e-4ad1-8fe6-ed840e5bcf9b_1263-46,777,2,0,287.0,123.5,60.2,77.7,60.2,0.59,False,False,8.0846,55.3122,-0.7923,8.4396,-0.9004
69f1101f-cb9e-4ad1-8fe6-ed840e5bcf9b_1263-46,777,3,0,300.0,159.3,64.7,72.4,64.7,0.776,False,False,49.0464,384.5066,-0.8867,15.4183,-0.6785
69f1101f-cb9e-4ad1-8fe6-ed840e5bcf9b_1263-46,777,4,0,127.6,119.5,32.4,48.3,32.4,0.518,False,False,37.6582,369.2637,-0.9813,31.2242,-1.4022
69f1101f-cb9e-4ad1-8fe6-ed840e5bcf9b_1263-46,777,4,1,337.9,142.5,81.2,70.3,70.3,0.468,False,False,147.6668,342.9147,-0.3642,25.8772,-0.6543
69f1101f-cb9e-4ad1-8fe6-ed840e5bcf9b_1263-46,777,5,0,289.5,116.2,81.1,81.3,81.1,0.823,False,False,39.7907,24.0692,0.2114,23.6392,-1.1375
69f1101f-cb9e-4ad1-8fe6-ed840e5bcf9b_1350-51,778,1,0,322.0,82.8,13.2,16.7,13.2,0.635,True,False,436.4167,1529.0995,-0.5438,22.2529,-0.0548
69f1101f-cb9e-4ad1-8fe6-ed840e5bcf9b_1350-51,778,3,0,194.1,68.0,54.9,81.7,54.9,0.848,True,False,272.5748,537.938,-0.2945,43.1709,-0.8335
69f1101f-cb9e-4ad1-8fe6-ed840e5bcf9b_1350-51,778,4,0,266.7,133.4,75.8,97.6,75.8,0.844,False,False,23.4213,73.2733,-0.4831,30.4442,-1.5797
69f1101f-cb9e-4ad1-8fe6-ed840e5bcf9b_1350-51,778,5,0,290.4,141.1,65.9,82.7,65.9,0.924,True,False,117.0278,168.544,-0.1573,37.9505,-1.0868
6a793116-6fc3-4706-9bbb-8ba2088ec8db_746-34,779,1,0,200.7,194.0,61.3,72.3,61.3,0.913,True,False,107.8338,456.312,-0.6234,17.7013,-0.4606
6a793116-6fc3-4706-9bbb-8ba2088ec8db_746-34,779,2,0,184.0,184.1,75.9,74.3,74.3,0.893,True,False,20.0334,470.6851,-1.3507,12.5765,-0.8789
6a793116-6fc3-4706-9bbb-8ba2088ec8db_746-34,779,3,0,215.8,152.5,103.7,107.7,103.7,0.785,False,False,267.1974,290.5232,-0.0362,17.7432,-0.071
6a793116-6fc3-4706-9bbb-8ba2088ec8db_746-34,779,4,0,221.9,129.2,76.4,84.6,76.4,0.838,False,False,16.2461,377.2167,-1.3411,16.2119,-1.1846
6a793116-6fc3-4706-9bbb-8ba2088ec8db_746-34,779,5,0,205.1,233.3,64.4,64.9,64.4,0.851,False,False,22.4679,350.6857,-1.1757,12.9053,-0.8537
6a847d75-e20f-409d-8b91-77ada97d8fb9_1545-09,781,1,0,202.7,403.2,29.5,31.4,29.5,0.415,False,False,544.9892,659.6531,-0.0828,26.1826,-0.0995
6a847d75-e20f-409d-8b91-77ada97d8fb9_1545-09,781,3,0,13.7,186.9,33.1,44.1,33.1,0.465,False,False,136.5235,66.3254,0.3102,22.9693,-0.5847
6a847d75-e20f-409d-8b91-77ada97d8fb9_1545-09,781,4,0,44.1,118.4,66.1,76.7,66.1,0.734,True,False,206.2707,217.9466,-0.0238,27.944,-0.5766
6a847d75-e20f-409d-8b91-77ada97d8fb9_1545-09,781,4,1,98.5,126.9,49.2,86.4,49.2,0.426,False,False,95.4465,186.3322,-0.2883,17.2277,-0.4896
6a847d75-e20f-409d-8b91-77ada97d8fb9_1545-09,781,5,0,221.0,11.7,69.4,89.1,69.4,0.859,True,False,98.0662,206.3824,-0.3208,28.0937,-0.9018
6a847d75-e20f-409d-8b91-77ada97d8fb9_1582-87,782,1,0,284.9,193.7,42.8,58.5,42.8,0.691,False,False,435.2121,348.468,0.0963,22.4633,-0.0641
6a847d75-e20f-409d-8b91-77ada97d8fb9_1582-87,782,1,1,71.1,317.1,149.5,148.8,148.8,0.67,False,False,110.1313,445.7751,-0.6043,28.8439,-0.8748
6a847d75-e20f-409d-8b91-77ada97d8fb9_1582-87,782,1,2,255.2,335.6,128.0,147.9,128.0,0.493,False,True,31.5729,689.7856,-1.3265,30.3661,-1.4524
6a847d75-e20f-409d-8b91-77ada97d8fb9_1582-87,782,1,3,558.3,251.2,19.5,26.2,19.5,0.444,False,False,2544.0268,1689.5212,0.1777,28.7172,0.4889
6a847d75-e20f-409d-8b91-77ada97d8fb9_1582-87,782,1,4,551.8,260.7,25.2,34.9,25.2,0.416,False,False,1170.7997,2370.4225,-0.3062,28.7842,0.15
6a847d75-e20f-409d-8b91-77ada97d8fb9_1582-87,782,2,0,278.2,192.4,45.7,68.6,45.7,0.752,False,False,550.4755,514.878,0.029,23.5133,-0.0019
6a847d75-e20f-409d-8b91-77ada97d8fb9_1582-87,782,2,1,-13.3,244.1,202.7,240.8,202.7,0.74,False,True,150.5065,739.8739,-0.6893,33.0913,-0.8594
6a847d75-e20f-409d-8b91-77ada97d8fb9_1582-87,782,2,2,539.6,270.0,25.7,34.7,25.7,0.603,True,False,396.6867,2619.68,-0.8189,20.6724,-0.0323
6a847d75-e20f-409d-8b91-77ada97d8fb9_1582-87,782,2,3,306.4,348.4,62.5,102.1,62.5,0.576,False,False,143.9642,489.9888,-0.5298,31.4716,-0.835
6a847d75-e20f-409d-8b91-77ada97d8fb9_1582-87,782,2,4,548.4,251.0,19.8,26.0,19.8,0.425,False,False,1828.7733,1175.4326,0.1918,21.7974,0.5847
6a847d75-e20f-409d-8b91-77ada97d8fb9_1582-87,782,3,0,373.2,196.0,34.2,43.2,34.2,0.547,False,False,792.5613,126.611,0.7937,34.0296,-0.1645
6a847d75-e20f-409d-8b91-77ada97d8fb9_1582-87,782,3,1,220.8,319.6,110.9,143.8,110.9,0.526,False,False,6.4114,167.0862,-1.3556,13.3166,-1.3813
6a847d75-e20f-409d-8b91-77ada97d8fb9_1582-87,782,3,2,4.1,339.0,113.8,149.1,113.8,0.407,False,True,4.4551,161.7169,-1.4746,26.1696,-2.0994
6a847d75-e20f-409d-8b91-77ada97d8fb9_1582-87,782,3,3,266.7,175.8,33.8,37.4,33.8,0.404,False,False,39.0785,34.6403,0.051,15.9561,-0.8046
6a847d75-e20f-409d-8b91-77ada97d8fb9_1582-87,782,4,0,479.7,289.9,53.8,67.0,53.8,0.523,False,False,23.0133,462.0638,-1.2852,6.8865,-0.3046
6a847d75-e20f-409d-8b91-77ada97d8fb9_1582-87,782,4,1,243.7,387.8,73.3,96.4,73.3,0.504,False,True,27.6949,260.3158,-0.9594,33.6498,-1.5965
6a847d75-e20f-409d-8b91-77ada97d8fb9_1582-87,782,4,2,278.6,134.3,31.7,42.0,31.7,0.442,False,False,3232.9371,631.9401,0.7084,55.5687,0.0199
6a847d75-e20f-409d-8b91-77ada97d8fb9_1582-87,782,5,0,290.2,0.5,135.8,172.8,135.8,0.71,False,True,163.6599,102.5609,0.2014,25.2921,-0.5901
6a847d75-e20f-409d-8b91-77ada97d8fb9_168-24,783,1,0,114.5,131.5,81.3,93.6,81.3,0.502,False,False,373.6087,812.6368,-0.3369,46.3749,-0.7592
6a847d75-e20f-409d-8b91-77ada97d8fb9_168-24,783,2,0,196.8,350.9,50.6,74.5,50.6,0.65,False,False,74.5515,642.4856,-0.9303,34.1698,-1.1894
6a847d75-e20f-409d-8b91-77ada97d8fb9_168-24,783,5,0,89.2,135.8,49.2,54.1,49.2,0.474,False,False,296.0465,602.3809,-0.3078,33.8347,-0.5863
6a847d75-e20f-409d-8b91-77ada97d8fb9_1826-29,784,2,0,442.7,140.4,56.5,86.4,56.5,0.704,False,False,83.9049,1324.0116,-1.1933,16.9875,-0.5328
6a847d75-e20f-409d-8b91-77ada97d8fb9_1826-29,784,2,1,406.2,170.4,8.0,9.8,8.0,0.55,False,False,2244.1156,4503.0068,-0.3024,27.5259,0.4712
6a847d75-e20f-409d-8b91-77ada97d8fb9_1826-29,784,2,2,8.0,344.1,56.0,76.5,56.0,0.425,False,False,25.4135,740.0995,-1.4481,10.436,-0.6192
6a847d75-e20f-409d-8b91-77ada97d8fb9_1826-29,784,3,0,528.4,229.1,107.7,150.9,107.7,0.521,False,True,9.1504,317.2857,-1.4963,17.0584,-1.4589
6a847d75-e20f-409d-8b91-77ada97d8fb9_1826-29,784,4,0,509.4,290.3,36.0,46.2,36.0,0.605,False,False,523.6089,209.0104,0.3976,29.1595,-0.2102
6a847d75-e20f-409d-8b91-77ada97d8fb9_1826-29,784,5,0,103.0,29.3,47.7,59.1,47.7,0.889,True,False,187.6842,722.7781,-0.5839,27.9344,-0.6171
6a847d75-e20f-409d-8b91-77ada97d8fb9_1826-29,784,5,1,0.6,42.7,55.9,92.5,55.9,0.577,False,True,2.6456,55.3895,-1.1894,5.233,-0.8913
6aa13fb1-5440-424e-a021-06a2da215e63_165-83,785,1,0,254.7,177.8,113.5,161.8,113.5,0.939,False,False,19.0758,544.068,-1.4338,35.5509,-1.7994
6aa13fb1-5440-424e-a021-06a2da215e63_165-83,785,2,0,195.3,158.1,119.4,131.1,119.4,0.899,False,False,23.6986,171.4159,-0.8439,36.331,-1.7282
6aa13fb1-5440-424e-a021-06a2da215e63_165-83,785,3,0,194.5,138.5,108.6,122.3,108.6,0.91,False,False,76.4194,510.1555,-0.8197,40.8437,-1.3337
6aa13fb1-5440-424e-a021-06a2da215e63_273-88,786,2,0,448.3,244.6,26.1,31.1,26.1,0.574,False,False,96.71,97.0656,-0.0016,24.4964,-0.789
6aa13fb1-5440-424e-a021-06a2da215e63_273-88,786,3,0,2.8,138.1,63.1,75.9,63.1,0.801,False,True,329.0023,156.5052,0.3212,32.5501,-0.507
6aa13fb1-5440-424e-a021-06a2da215e63_273-88,786,5,0,399.6,203.7,82.2,108.8,82.2,0.931,False,False,20.2437,228.6141,-1.0338,26.5715,-1.5222
6aa13fb1-5440-424e-a021-06a2da215e63_273-88,786,5,1,139.5,58.1,184.6,229.8,184.6,0.496,False,False,631.0363,164.7689,0.5812,80.4454,-1.0103
6ac035af-4851-4afb-af6c-c00edb7bdbe6_768-70,787,1,0,199.2,171.7,15.0,18.8,15.0,0.546,False,False,831.4658,775.3685,0.0303,17.4392,0.4359
6ac035af-4851-4afb-af6c-c00edb7bdbe6_768-70,787,1,1,105.1,245.3,38.6,50.1,38.6,0.448,False,False,8.3871,1089.6263,-2.0651,13.3865,-1.2832
6ac035af-4851-4afb-af6c-c00edb7bdbe6_768-70,787,1,2,219.8,174.1,10.5,13.4,10.5,0.439,False,False,2896.942,391.6895,0.868,16.5739,1.0217
6ac035af-4851-4afb-af6c-c00edb7bdbe6_768-70,787,2,0,89.5,225.7,38.9,52.8,38.9,0.686,False,False,2.9716,896.3554,-2.354,13.735,-1.679
6ac035af-4851-4afb-af6c-c00edb7bdbe6_768-70,787,2,1,476.4,158.8,10.1,12.4,10.1,0.429,False,False,518.9339,2626.2907,-0.7036,19.0686,0.1541
6ac035af-4851-4afb-af6c-c00edb7bdbe6_768-70,787,3,0,91.7,183.1,36.5,57.7,36.5,0.733,False,False,221.8556,704.4782,-0.5005,13.6403,0.076
6ac035af-4851-4afb-af6c-c00edb7bdbe6_768-70,787,3,1,119.0,195.7,39.3,55.8,39.3,0.605,False,False,7.1381,599.9017,-1.8683,8.3743,-0.9415
6ac035af-4851-4afb-af6c-c00edb7bdbe6_768-70,787,3,2,229.8,135.6,10.4,13.2,10.4,0.459,False,False,1363.2441,204.6058,0.8219,17.0211,0.6714
6ac035af-4851-4afb-af6c-c00edb7bdbe6_768-70,787,4,0,128.7,185.1,37.3,50.5,37.3,0.709,False,False,2.7414,527.5968,-2.1501,5.8364,-0.9718
6ac035af-4851-4afb-af6c-c00edb7bdbe6_768-70,787,4,1,242.0,133.5,11.4,14.3,11.4,0.486,False,False,2481.9753,473.2607,0.719,16.4392,0.9616
6ac035af-4851-4afb-af6c-c00edb7bdbe6_768-70,787,4,2,222.0,132.2,13.9,17.4,13.9,0.419,False,False,1092.6653,796.6017,0.1371,20.5394,0.4127
6ac035af-4851-4afb-af6c-c00edb7bdbe6_768-70,787,5,0,187.7,224.6,35.9,52.3,35.9,0.467,False,False,4.583,330.622,-1.7738,15.6563,-1.6443
6ac035af-4851-4afb-af6c-c00edb7bdbe6_801-00,788,1,0,257.2,166.3,10.4,13.1,10.4,0.527,False,False,783.1865,107.0509,0.8608,16.5406,0.4557
6ac035af-4851-4afb-af6c-c00edb7bdbe6_801-00,788,1,1,127.9,247.4,44.7,53.2,44.7,0.485,False,False,2.7886,278.4378,-1.8678,6.2387,-1.0227
6ac035af-4851-4afb-af6c-c00edb7bdbe6_801-00,788,1,2,106.3,232.9,37.4,51.2,37.4,0.444,False,False,5.4206,322.3123,-1.702,7.5537,-0.9563
6ac035af-4851-4afb-af6c-c00edb7bdbe6_801-00,788,3,0,136.4,277.5,33.6,45.8,33.6,0.512,False,False,5.7333,280.6741,-1.6215,5.498,-0.6663
6ac035af-4851-4afb-af6c-c00edb7bdbe6_801-00,788,3,1,626.5,244.9,13.4,19.3,13.4,0.462,False,True,198.36,102.4479,0.2849,9.961,0.2987
6ac035af-4851-4afb-af6c-c00edb7bdbe6_801-00,788,4,0,96.2,246.4,36.3,49.5,36.3,0.676,True,False,2.6694,1060.2998,-2.4612,4.3218,-0.7294
6ac035af-4851-4afb-af6c-c00edb7bdbe6_801-00,788,4,1,198.8,172.1,15.0,19.0,15.0,0.493,False,False,1077.6093,436.9343,0.3915,18.3877,0.5025
6ac035af-4851-4afb-af6c-c00edb7bdbe6_801-00,788,4,2,218.8,171.4,10.5,13.3,10.5,0.491,False,False,1926.4653,355.3449,0.7331,15.0565,0.9276
6ac035af-4851-4afb-af6c-c00edb7bdbe6_801-00,788,4,3,176.4,171.1,10.4,12.9,10.4,0.404,False,False,3629.5298,2213.1749,0.2148,30.5701,0.5889
6af6234f-abfe-48ac-9dde-399f25d9cb43_931-51,789,1,0,266.8,3.8,79.4,96.6,79.4,0.923,True,True,159.0895,394.5734,-0.3929,44.1993,-1.0867
6af6234f-abfe-48ac-9dde-399f25d9cb43_931-51,789,2,0,232.4,1.4,89.4,99.6,89.4,0.905,True,True,378.9344,292.0698,0.1127,51.5958,-0.8457
6af6234f-abfe-48ac-9dde-399f25d9cb43_931-51,789,3,0,317.4,1.1,80.8,58.4,58.4,0.88,True,True,132.7257,78.0994,0.228,31.749,-0.8777
6af6234f-abfe-48ac-9dde-399f25d9cb43_931-51,789,4,0,340.4,0.1,83.6,59.0,59.0,0.866,True,True,197.4551,305.1715,-0.1883,33.8594,-0.7621
6af6234f-abfe-48ac-9dde-399f25d9cb43_931-51,789,5,0,334.2,1.3,86.4,46.2,46.2,0.435,False,True,242.6044,449.3042,-0.2668,29.329,-0.5484
6b6fde45-51e9-4c60-8305-27e45883ee7b_270-11,790,1,0,221.7,188.7,112.4,154.8,112.4,0.431,False,False,791.5583,4069.2484,-0.7106,45.3939,-0.4152
6b6fde45-51e9-4c60-8305-27e45883ee7b_270-11,790,2,0,502.5,240.8,54.2,87.1,54.2,0.464,False,False,273.8001,677.346,-0.3924,36.1384,-0.6773
6b6fde45-51e9-4c60-8305-27e45883ee7b_270-11,790,2,1,465.8,99.1,25.2,30.0,25.2,0.46,False,False,607.5479,2205.3489,-0.5594,27.1959,-0.0853
6b6fde45-51e9-4c60-8305-27e45883ee7b_270-11,790,5,0,491.4,201.3,47.3,75.0,47.3,0.643,False,False,480.0057,1117.0924,-0.3663,35.1539,-0.4101
6b7e79ad-68c1-4637-a2d1-d7b8f92ac8a4_166-07,791,1,0,85.8,90.1,40.0,49.4,40.0,0.459,False,False,1264.2417,1243.6808,0.0071,53.898,-0.3611
6b7e79ad-68c1-4637-a2d1-d7b8f92ac8a4_166-07,791,1,1,102.5,49.4,33.9,38.6,33.9,0.446,False,False,438.4878,730.1582,-0.2211,41.1212,-0.5854
6b7e79ad-68c1-4637-a2d1-d7b8f92ac8a4_166-07,791,3,0,135.7,213.7,51.6,56.8,51.6,0.446,False,False,1472.7317,1886.2134,-0.1074,48.5481,-0.2041
6b7e79ad-68c1-4637-a2d1-d7b8f92ac8a4_166-07,791,4,0,291.7,154.1,17.4,21.0,17.4,0.429,False,False,19.0031,42.4814,-0.3372,13.819,-0.9821
6b7e79ad-68c1-4637-a2d1-d7b8f92ac8a4_166-07,791,5,0,550.6,102.6,88.3,162.8,88.3,0.922,False,True,29.3188,22.7852,0.1054,42.3887,-1.773
6b7fc6db-e979-43a0-b61f-7dced89d423d_168-56,792,1,0,504.1,-1.2,130.4,108.3,108.3,0.918,True,True,16.3933,20.9744,-0.1015,27.3512,-1.6342
6b7fc6db-e979-43a0-b61f-7dced89d423d_168-56,792,2,0,419.7,219.8,25.7,36.0,25.7,0.837,False,False,967.7974,573.1118,0.2272,35.512,-0.1149
6b7fc6db-e979-43a0-b61f-7dced89d423d_229-56,793,2,0,461.2,49.8,48.8,62.4,48.8,0.915,True,False,113.9519,761.6428,-0.8218,40.5183,-1.1551
6b7fc6db-e979-43a0-b61f-7dced89d423d_229-56,793,5,0,421.8,0.9,79.6,82.3,79.6,0.922,True,True,56.3818,276.0043,-0.6837,39.3528,-1.4315
6b7fc6db-e979-43a0-b61f-7dced89d423d_229-56,793,5,1,71.8,152.8,51.2,70.0,51.2,0.731,False,False,132.7646,44.7215,0.4662,36.7916,-1.0055
6b7fc6db-e979-43a0-b61f-7dced89d423d_347-96,794,1,0,433.5,282.5,17.9,22.7,17.9,0.834,True,False,319.8071,335.7394,-0.021,29.4836,-0.4334
6b7fc6db-e979-43a0-b61f-7dced89d423d_347-96,794,2,0,484.7,297.6,17.6,22.9,17.6,0.84,False,False,131.5478,91.7541,0.155,26.3534,-0.7199
6b7fc6db-e979-43a0-b61f-7dced89d423d_347-96,794,5,0,535.6,327.9,18.7,24.1,18.7,0.646,False,False,244.3708,250.2492,-0.0103,26.987,-0.4731
6ba5f052-a1cd-46ba-83f2-1be480387020_599-71,795,1,0,300.7,56.0,47.8,49.5,47.8,0.511,False,False,167.9883,91.0401,0.2639,28.2599,-0.675
6ba5f052-a1cd-46ba-83f2-1be480387020_599-71,795,2,0,318.7,22.2,35.8,52.8,35.8,0.812,True,False,1903.5224,407.0313,0.6691,30.0808,0.3227
6ba5f052-a1cd-46ba-83f2-1be480387020_599-71,795,3,0,40.8,165.4,21.3,26.7,21.3,0.424,False,False,1046.1508,2232.8774,-0.3291,20.8402,0.3812
6ba5f052-a1cd-46ba-83f2-1be480387020_599-71,795,3,1,318.5,49.2,29.4,39.8,29.4,0.402,False,False,683.4772,433.5182,0.1974,33.7414,-0.2213
6ba5f052-a1cd-46ba-83f2-1be480387020_599-71,795,3,2,55.3,105.6,9.1,11.3,9.1,0.402,False,False,805.0989,5949.7405,-0.8682,29.3945,-0.0306
6ba5f052-a1cd-46ba-83f2-1be480387020_599-71,795,4,0,229.2,111.3,26.8,38.5,26.8,0.425,False,False,148.8254,233.3412,-0.1943,31.4166,-0.8192
6ba5f052-a1cd-46ba-83f2-1be480387020_599-71,795,5,0,150.8,136.7,31.7,35.7,31.7,0.741,True,False,316.9431,596.2836,-0.2738,26.4818,-0.3442
6baa673a-0cc6-4da2-a481-877de0d2faa5_1148-60,796,3,0,423.8,19.4,17.8,22.5,17.8,0.58,False,False,11.6928,171.5179,-1.1333,14.1363,-1.1993
6baa673a-0cc6-4da2-a481-877de0d2faa5_1148-60,796,3,1,432.5,148.7,62.3,88.6,62.3,0.463,False,False,13.3644,58.4717,-0.617,34.1834,-1.9107
6baa673a-0cc6-4da2-a481-877de0d2faa5_1148-60,796,5,0,503.0,72.7,19.0,24.8,19.0,0.654,True,False,7.3944,804.9648,-1.9823,17.1231,-1.5447
6c0ca07f-6bb2-4db4-a0c3-5926726493fc_124-14,797,1,0,142.8,200.8,29.3,46.4,29.3,0.696,True,False,215.8725,1386.8729,-0.8061,26.9051,-0.5241
6c0ca07f-6bb2-4db4-a0c3-5926726493fc_124-14,797,2,0,150.2,236.5,27.7,39.3,27.7,0.788,True,False,36.6366,783.1673,-1.3188,14.5487,-0.7521
6c0ca07f-6bb2-4db4-a0c3-5926726493fc_124-14,797,3,0,95.2,220.3,30.8,48.2,30.8,0.561,False,False,218.6559,1380.1877,-0.7985,24.9232,-0.4522
6c0ca07f-6bb2-4db4-a0c3-5926726493fc_1648-38,798,1,0,251.1,0.2,85.8,88.7,85.8,0.902,True,True,40.0799,92.3127,-0.3563,42.577,-1.645
6c0ca07f-6bb2-4db4-a0c3-5926726493fc_1648-38,798,2,0,277.2,2.0,81.3,58.0,58.0,0.825,True,True,83.3661,147.8353,-0.2465,36.0177,-1.1872
6c0ca07f-6bb2-4db4-a0c3-5926726493fc_1648-38,798,4,0,238.0,0.0,59.1,40.2,40.2,0.476,False,True,167.3196,500.1539,-0.4738,27.3363,-0.6479
6c0ca07f-6bb2-4db4-a0c3-5926726493fc_1648-38,798,5,0,243.8,2.0,70.5,83.0,70.5,0.923,True,True,204.0851,168.441,0.0829,46.0521,-1.0148
6c0ca07f-6bb2-4db4-a0c3-5926726493fc_272-36,799,1,0,177.3,124.7,84.9,106.1,84.9,0.87,True,False,118.2219,262.1289,-0.3438,31.6039,-0.9236
6c1c5527-30a4-421f-bb78-906adffa7c46_357-45,800,3,0,558.1,340.5,35.6,45.4,35.6,0.412,False,False,82.7852,643.0259,-0.8857,11.6175,-0.2103
6c1c5527-30a4-421f-bb78-906adffa7c46_357-45,800,4,0,21.7,235.4,41.1,40.1,40.1,0.524,False,False,1093.2978,1766.1652,-0.2081,55.0653,-0.4428
6cd8942a-866f-46ef-af6d-5d895723f439_1831-82,801,3,0,510.2,52.0,126.3,155.9,126.3,0.618,False,True,127.7473,2273.7319,-1.2472,30.2702,-0.8528
6cd8942a-866f-46ef-af6d-5d895723f439_1831-82,801,4,0,558.6,102.7,81.5,154.5,81.5,0.585,False,True,295.8028,1615.8479,-0.7362,31.3501,-0.5205
6d14a0fe-6fd1-4c6b-aaec-a7c38dcd7294_661-60,802,1,0,326.4,162.9,47.9,57.1,47.9,0.91,True,False,206.6086,101.0424,0.3085,34.3851,-0.7559
6d14a0fe-6fd1-4c6b-aaec-a7c38dcd7294_661-60,802,2,0,315.5,217.6,46.4,56.7,46.4,0.911,False,False,104.3031,115.4438,-0.0437,33.0987,-1.0176
6d14a0fe-6fd1-4c6b-aaec-a7c38dcd7294_661-60,802,5,0,214.1,42.1,59.7,77.6,59.7,0.917,True,False,61.7529,15.3721,0.5835,32.3286,-1.222
6e0c294c-d634-4804-8d41-cd6e9d79f0b9_1656-45,803,1,0,278.2,153.9,60.1,81.8,60.1,0.94,True,False,533.1895,1370.0878,-0.4094,43.0067,-0.5396
6e0c294c-d634-4804-8d41-cd6e9d79f0b9_1656-45,803,2,0,297.2,120.7,62.2,83.8,62.2,0.937,True,False,457.7246,740.8148,-0.2087,45.8801,-0.6619
6e0c294c-d634-4804-8d41-cd6e9d79f0b9_1656-45,803,3,0,302.3,93.9,62.3,82.4,62.3,0.93,True,False,618.1816,1338.0742,-0.335,48.5208,-0.5802
6e0c294c-d634-4804-8d41-cd6e9d79f0b9_1656-45,803,4,0,280.0,59.9,59.0,78.6,59.0,0.939,True,False,514.4233,1311.5694,-0.406,45.934,-0.6123
6e0c294c-d634-4804-8d41-cd6e9d79f0b9_1656-45,803,5,0,288.8,107.0,57.5,79.4,57.5,0.922,False,False,148.4166,310.0092,-0.3184,40.5836,-1.0426
6e0c294c-d634-4804-8d41-cd6e9d79f0b9_384-20,804,3,0,592.5,14.1,45.9,69.3,45.9,0.817,True,True,19.585,195.8449,-0.9806,20.0224,-1.2906
6e0c294c-d634-4804-8d41-cd6e9d79f0b9_384-20,804,4,0,326.9,106.2,53.1,80.0,53.1,0.683,False,False,4.408,454.8887,-1.9258,3.9002,-0.4768
6e0c294c-d634-4804-8d41-cd6e9d79f0b9_384-20,804,5,0,294.3,106.4,79.4,97.1,79.4,0.5,False,False,2.9337,919.3476,-2.3692,6.5869,-1.0525
6e4baf27-2090-4a90-816b-a35a0aff0e56_1023-43,806,2,0,557.7,1.4,51.3,61.5,51.3,0.443,False,True,154.6951,284.5056,-0.2633,12.837,-0.0273
6e4baf27-2090-4a90-816b-a35a0aff0e56_1023-43,806,3,0,480.3,81.2,85.6,97.0,85.6,0.503,False,False,3.3698,10.1073,-0.4051,11.8278,-1.5084
6e4baf27-2090-4a90-816b-a35a0aff0e56_1023-43,806,5,0,405.6,46.3,79.9,77.5,77.5,0.855,False,False,3.8657,31.1559,-0.8201,9.7833,-1.2983
6e4baf27-2090-4a90-816b-a35a0aff0e56_1099-34,807,1,0,186.1,13.9,73.7,76.1,73.7,0.441,False,False,724.732,2209.3609,-0.4837,39.3048,-0.3284
6e68d2f9-6d37-4317-a3eb-9541321d558e_977-72,809,1,0,429.4,35.6,63.2,88.7,63.2,0.834,False,False,2071.4972,1056.4466,0.2922,62.5765,-0.2764
6e68d2f9-6d37-4317-a3eb-9541321d558e_977-72,809,1,1,521.5,8.3,117.8,138.9,117.8,0.504,False,True,5.1505,612.8802,-1.9992,11.7837,-1.3568
6e68d2f9-6d37-4317-a3eb-9541321d558e_977-72,809,2,0,434.4,71.7,36.5,48.9,36.5,0.406,False,False,1896.3471,4703.4409,-0.3944,63.5606,-0.3283
6e68d2f9-6d37-4317-a3eb-9541321d558e_977-72,809,3,0,435.4,76.8,25.5,35.1,25.5,0.55,False,False,1347.779,1611.6461,-0.0776,29.6338,0.1859
6e68d2f9-6d37-4317-a3eb-9541321d558e_977-72,809,4,0,348.7,5.0,207.8,127.5,127.5,0.812,False,False,13.1353,319.1534,-1.3551,15.9446,-1.2566
6e68d2f9-6d37-4317-a3eb-9541321d558e_977-72,809,5,0,327.4,1.7,167.7,155.6,155.6,0.79,False,True,371.9865,1032.779,-0.4427,20.9166,-0.0703
6f27deaa-7133-4bbb-b9ed-5310d6d05a50_336-16,813,1,0,421.0,17.6,34.3,39.3,34.3,0.547,False,False,107.743,140.593,-0.1146,38.4339,-1.1333
6f27deaa-7133-4bbb-b9ed-5310d6d05a50_336-16,813,3,0,-5.5,310.2,112.3,177.0,112.3,0.648,False,True,46.1368,468.0404,-0.9979,22.1193,-1.0171
6f27deaa-7133-4bbb-b9ed-5310d6d05a50_336-16,813,5,0,452.4,18.0,61.3,80.4,61.3,0.567,False,False,39.4788,142.4426,-0.5495,40.2231,-1.602
6f27deaa-7133-4bbb-b9ed-5310d6d05a50_336-16,813,5,1,521.1,115.9,82.5,101.5,82.5,0.528,False,False,102.0454,138.0245,-0.1301,54.1341,-1.4541
6f27deaa-7133-4bbb-b9ed-5310d6d05a50_336-16,813,5,2,441.5,3.6,49.5,61.4,49.5,0.49,False,True,62.3032,105.328,-0.2252,36.8113,-1.3309
6f27deaa-7133-4bbb-b9ed-5310d6d05a50_336-16,813,5,3,528.4,1.5,65.8,66.6,65.8,0.411,False,True,22.2797,55.0505,-0.3816,50.4306,-2.0386
6f7f3410-1e20-4eb2-b7b0-088c1500054b_299-75,816,2,0,44.4,68.0,43.3,49.9,43.3,0.893,True,False,1985.6535,1644.1028,0.0819,37.2381,0.1558
6f7f3410-1e20-4eb2-b7b0-088c1500054b_299-75,816,2,1,37.1,46.6,40.5,50.1,40.5,0.713,True,False,958.7143,2150.7845,-0.3507,38.6372,-0.1922
6f7f3410-1e20-4eb2-b7b0-088c1500054b_299-75,816,5,0,98.5,80.2,79.0,96.5,79.0,0.724,False,False,1336.0576,3549.1198,-0.4241,42.3104,-0.127
6f93978d-a3d0-467d-b401-e23b3c92f3bf_5298-67,817,1,0,556.8,89.6,11.1,13.5,11.1,0.57,False,False,2544.4097,2867.7926,-0.0519,18.4009,0.8748
6f93978d-a3d0-467d-b401-e23b3c92f3bf_5298-67,817,1,1,532.0,78.8,10.9,12.7,10.9,0.552,False,False,1700.3838,2603.3082,-0.1849,16.6458,0.7866
6f93978d-a3d0-467d-b401-e23b3c92f3bf_5298-67,817,1,2,601.2,85.2,10.7,13.1,10.7,0.408,False,False,2047.0794,3632.9469,-0.249,16.2291,0.8891
6f93978d-a3d0-467d-b401-e23b3c92f3bf_5298-67,817,2,0,613.6,109.6,10.8,12.8,10.8,0.447,False,False,2622.3967,3154.3487,-0.0802,19.2647,0.8482
6f93978d-a3d0-467d-b401-e23b3c92f3bf_5298-67,817,2,1,544.9,105.9,10.5,12.3,10.5,0.445,False,False,1253.391,2514.1932,-0.3021,15.0448,0.7417
6f93978d-a3d0-467d-b401-e23b3c92f3bf_5299-41,818,1,0,613.6,109.6,10.8,12.8,10.8,0.447,False,False,2622.3967,3154.3487,-0.0802,19.2647,0.8482
6f93978d-a3d0-467d-b401-e23b3c92f3bf_5299-41,818,1,1,544.9,105.9,10.5,12.3,10.5,0.445,False,False,1253.391,2514.1932,-0.3021,15.0448,0.7417
6f93978d-a3d0-467d-b401-e23b3c92f3bf_5299-41,818,5,0,88.2,2.3,35.9,35.7,35.7,0.479,False,True,502.1476,477.8611,0.0215,32.6383,-0.3262
6f93978d-a3d0-467d-b401-e23b3c92f3bf_5299-41,818,5,1,424.5,0.1,23.6,21.3,21.3,0.429,False,True,2428.7722,2550.7516,-0.0213,31.7749,0.381
6fd026d8-b68c-46bc-93de-ccfa08809a9d_603-53,820,3,0,335.8,309.7,21.7,26.9,21.7,0.528,False,False,826.6554,1023.7184,-0.0928,17.4854,0.4311
6fd026d8-b68c-46bc-93de-ccfa08809a9d_603-53,820,3,1,260.8,266.1,18.3,22.8,18.3,0.465,False,False,1383.9412,2222.079,-0.2055,31.0465,0.157
6fd026d8-b68c-46bc-93de-ccfa08809a9d_603-53,820,3,2,346.6,216.7,18.2,22.5,18.2,0.407,False,False,1620.3306,1193.1229,0.1328,16.5791,0.7692
6fd90f8d-7a4d-425d-a812-3268db0b0342_1001-51,821,1,0,575.7,89.9,67.0,120.6,67.0,0.874,True,True,111.6093,1704.2695,-1.1802,33.071,-0.9877
6fd90f8d-7a4d-425d-a812-3268db0b0342_1001-51,821,2,0,574.4,89.1,68.9,131.1,68.9,0.88,True,True,190.9675,1983.6241,-1.0145,27.0261,-0.5809
6fd90f8d-7a4d-425d-a812-3268db0b0342_1001-51,821,3,0,595.1,95.9,48.2,109.7,48.2,0.844,True,True,82.5813,1690.7216,-1.3062,24.8211,-0.8682
6fd90f8d-7a4d-425d-a812-3268db0b0342_1001-51,821,4,0,586.3,91.9,51.1,117.1,51.1,0.868,True,True,24.7925,1407.2669,-1.7372,16.0604,-1.0017
6fd90f8d-7a4d-425d-a812-3268db0b0342_1001-51,821,5,0,601.1,97.1,43.3,108.3,43.3,0.754,True,True,123.5763,1930.5666,-1.1905,23.6636,-0.6535
70c8bd4f-bfe1-4fb5-82ad-7d763cc28935_732-98,823,5,0,404.2,196.2,49.7,58.3,49.7,0.426,False,False,3299.6641,1810.7072,0.2605,35.5064,0.4176
70c8bd4f-bfe1-4fb5-82ad-7d763cc28935_756-65,824,2,0,401.7,214.2,58.7,86.7,58.7,0.709,False,False,40.6229,860.5051,-1.3159,22.7948,-1.0972
71024373-484f-4270-82a4-2251997f3a9f_44-61,825,1,0,3.6,185.5,107.1,141.9,107.1,0.905,False,True,92.7258,646.7961,-0.8396,10.0108,-0.0334
71024373-484f-4270-82a4-2251997f3a9f_44-61,825,3,0,131.3,147.6,74.6,100.9,74.6,0.884,True,False,121.9972,1352.9123,-1.0417,12.1883,-0.0849
7152d311-7801-487c-a6ed-a746e6abaa1f_286-31,827,1,0,341.9,-3.0,129.2,111.6,111.6,0.433,False,True,355.2567,405.6776,-0.0575,41.4774,-0.6841
71d5f5dc-fff6-4352-b37c-a8e1ed3b39bd_541-68,828,3,0,120.8,-1.9,37.5,34.8,34.8,0.514,False,True,37.6448,42.4442,-0.0508,8.0611,-0.2323
71d5f5dc-fff6-4352-b37c-a8e1ed3b39bd_541-68,828,4,0,69.2,2.4,126.0,112.7,112.7,0.473,False,True,272.6555,512.8706,-0.2736,23.9486,-0.3221
71d5f5dc-fff6-4352-b37c-a8e1ed3b39bd_541-68,828,5,0,409.4,2.5,160.6,127.5,127.5,0.428,False,True,166.2512,13.885,1.0506,60.0242,-1.3334
720da14e-0ef5-4968-87e9-270fce0a9a18_73-28,829,1,0,306.3,184.4,120.4,135.5,120.4,0.732,False,False,4.6423,98.9549,-1.2483,15.9839,-1.6576
720da14e-0ef5-4968-87e9-270fce0a9a18_73-28,829,2,0,335.5,184.3,115.5,142.7,115.5,0.792,False,False,4.1603,114.5335,-1.35,17.1707,-1.7584
720da14e-0ef5-4968-87e9-270fce0a9a18_73-28,829,4,0,294.0,214.1,122.5,150.1,122.5,0.809,False,True,3.8003,93.9208,-1.2961,22.238,-2.0138
720da14e-0ef5-4968-87e9-270fce0a9a18_73-28,829,4,1,410.3,30.1,156.1,158.3,156.1,0.541,False,False,114.0862,212.0985,-0.2676,22.6885,-0.6514
720da14e-0ef5-4968-87e9-270fce0a9a18_73-28,829,5,0,296.0,208.4,126.8,165.6,126.8,0.847,False,True,16.1978,119.2434,-0.8446,19.9399,-1.3651
720da14e-0ef5-4968-87e9-270fce0a9a18_73-28,829,5,1,418.7,13.9,139.6,158.3,139.6,0.639,False,False,201.6052,264.3822,-0.1172,23.0385,-0.4191
720da14e-0ef5-4968-87e9-270fce0a9a18_73-28,829,5,2,514.7,39.3,24.5,31.8,24.5,0.429,False,False,117.9697,144.7954,-0.0883,9.7478,0.0931
721455cc-1e09-44a3-a579-d9e90db85227_1577-57,830,3,0,223.9,269.1,27.0,31.0,27.0,0.417,False,False,5217.1194,1813.5024,0.4588,64.8903,0.0931
721455cc-1e09-44a3-a579-d9e90db85227_1577-57,830,5,0,278.3,343.2,42.9,47.1,42.9,0.712,False,False,1138.1416,2322.4863,-0.3096,39.6163,-0.1394
7220ce3a-b740-44db-815d-222d914e2dfd_114-26,831,1,0,4.2,56.7,153.0,203.1,153.0,0.578,False,False,236.4719,141.8883,0.2206,48.6798,-0.9993
7220ce3a-b740-44db-815d-222d914e2dfd_114-26,831,4,0,525.8,110.2,28.4,32.5,28.4,0.446,False,False,189.5903,1266.4926,-0.8228,22.5052,-0.4253
72c81e60-8604-4897-8cd5-71df5244acaa_1172-93,833,1,0,173.8,50.1,8.8,10.8,8.8,0.614,True,False,711.1094,1749.6324,-0.3906,12.1218,0.6825
72c81e60-8604-4897-8cd5-71df5244acaa_1172-93,833,1,1,87.4,37.4,9.3,11.3,9.3,0.476,False,False,20.9056,2852.7175,-2.1149,14.3626,-0.976
72c81e60-8604-4897-8cd5-71df5244acaa_1172-93,833,1,2,570.0,1.4,28.3,24.9,24.9,0.439,False,True,9.9806,178.3388,-1.213,23.9496,-1.7187
72c81e60-8604-4897-8cd5-71df5244acaa_1172-93,833,2,0,167.2,47.5,9.0,11.1,9.0,0.553,False,False,95.65,2088.5904,-1.3349,9.2956,0.0436
72c81e60-8604-4897-8cd5-71df5244acaa_1172-93,833,2,1,559.5,0.8,27.9,27.5,27.5,0.489,False,True,8.1668,320.3438,-1.5448,26.5423,-1.8863
72c81e60-8604-4897-8cd5-71df5244acaa_1172-93,833,2,2,43.1,18.8,18.8,23.5,18.8,0.451,False,False,252.6306,2471.6472,-0.989,11.5699,0.2743
72c81e60-8604-4897-8cd5-71df5244acaa_1172-93,833,2,3,367.0,52.2,14.0,17.2,14.0,0.434,False,False,13.0141,236.7069,-1.2295,8.7378,-0.7419
72c81e60-8604-4897-8cd5-71df5244acaa_1172-93,833,3,0,312.4,32.9,9.1,11.2,9.1,0.528,False,False,1931.7067,4551.0038,-0.372,44.4111,-0.009
72c81e60-8604-4897-8cd5-71df5244acaa_1172-93,833,3,1,99.7,24.3,9.8,12.3,9.8,0.422,False,False,322.5433,2118.5619,-0.8163,6.3864,0.8889
72c81e60-8604-4897-8cd5-71df5244acaa_1172-93,833,3,2,496.1,2.0,33.6,33.6,33.6,0.412,False,True,6.4629,1293.2503,-2.2391,21.5562,-1.7952
72c81e60-8604-4897-8cd5-71df5244acaa_1172-93,833,4,0,298.4,11.4,8.8,10.8,8.8,0.505,False,False,1660.86,3531.2826,-0.3275,36.5865,0.0936
72c81e60-8604-4897-8cd5-71df5244acaa_1172-93,833,4,1,544.1,25.7,22.3,26.5,22.3,0.414,False,False,15.4517,1581.4942,-1.9831,5.3341,-0.2529
72c81e60-8604-4897-8cd5-71df5244acaa_1172-93,833,5,0,525.7,57.6,10.2,13.1,10.2,0.567,False,False,6278.1257,558.441,1.0501,49.7022,0.405
72c81e60-8604-4897-8cd5-71df5244acaa_1172-93,833,5,1,581.3,54.1,11.7,14.5,11.7,0.456,False,False,4.0273,21.9606,-0.6596,7.6997,-1.0789
72c81e60-8604-4897-8cd5-71df5244acaa_1172-93,833,5,2,558.8,22.3,8.5,10.2,8.5,0.424,False,False,13233.7067,1913.9489,0.8396,34.7859,1.0385
72c81e60-8604-4897-8cd5-71df5244acaa_246-30,834,1,0,469.5,99.9,30.1,42.7,30.1,0.631,True,False,7.731,2073.7257,-2.3759,32.8735,-2.093
72c81e60-8604-4897-8cd5-71df5244acaa_246-30,834,4,0,415.5,2.9,43.2,63.5,43.2,0.789,True,True,2390.6141,658.0807,0.5598,39.0359,0.1955
73f94b03-b777-481d-b342-10c516f192a2_3-08,836,1,0,469.6,205.5,62.2,61.2,61.2,0.599,False,False,147.3664,227.7926,-0.1881,21.2407,-0.484
73f94b03-b777-481d-b342-10c516f192a2_3-08,836,2,0,532.0,168.6,52.3,70.3,52.3,0.523,False,False,49.0003,145.2832,-0.4662,7.4525,-0.0534
744c58f8-9a76-40d4-838f-8c7676fcb316_139-70,837,1,0,393.9,35.4,128.5,135.8,128.5,0.652,False,False,260.304,983.4365,-0.576,30.6405,-0.5559
744c58f8-9a76-40d4-838f-8c7676fcb316_139-70,837,2,0,527.7,77.6,57.0,72.3,57.0,0.404,False,False,39.5639,155.1366,-0.5854,7.4649,-0.1456
744c58f8-9a76-40d4-838f-8c7676fcb316_140-01,838,1,0,400.4,18.9,139.4,153.4,139.4,0.79,False,False,318.802,1038.5307,-0.512,32.126,-0.5093
74d38b4a-6f22-43b3-b631-9234c05f27ab_270-80,840,2,0,322.6,162.8,18.8,23.6,18.8,0.425,False,False,730.8619,279.0962,0.4171,19.6491,0.2766
74d38b4a-6f22-43b3-b631-9234c05f27ab_270-80,840,4,0,298.1,154.8,15.7,20.1,15.7,0.679,True,False,209.0297,201.5305,0.0158,11.3005,0.2127
74d38b4a-6f22-43b3-b631-9234c05f27ab_270-80,840,5,0,313.1,132.7,18.2,22.8,18.2,0.516,False,False,8.4649,490.1336,-1.7151,4.8678,-0.4165
750c5383-58f6-4063-8cc8-50691a68994d_562-01,841,4,0,272.4,87.3,81.4,82.4,81.4,0.898,False,False,123.9547,96.0412,0.1098,30.3266,-0.8674
750c5383-58f6-4063-8cc8-50691a68994d_870-14,842,1,0,349.7,-1.4,206.7,252.1,206.7,0.619,False,True,211.2926,387.7429,-0.2627,41.5261,-0.91
750c5383-58f6-4063-8cc8-50691a68994d_870-14,842,3,0,584.0,-0.5,36.1,32.8,32.8,0.411,False,True,717.317,2238.3313,-0.4938,51.974,-0.5754
750c5383-58f6-4063-8cc8-50691a68994d_870-14,842,3,1,-4.1,51.6,86.5,158.8,86.5,0.405,False,True,145.2098,90.7003,0.2026,37.1174,-0.9745
75141dec-d6b3-4e2e-a144-5a126abf7dac_584-16,843,2,0,7.5,16.9,204.3,261.8,204.3,0.52,False,False,89.3418,508.0462,-0.7509,22.7736,-0.7598
75141dec-d6b3-4e2e-a144-5a126abf7dac_584-16,843,5,0,163.1,9.2,57.8,60.9,57.8,0.513,False,False,346.1985,1683.3203,-0.6858,17.4794,0.0541
759c5c60-f1af-4476-94b2-e79a51fd44e3_668-31,844,2,0,335.7,145.6,188.5,185.1,185.1,0.408,False,False,87.3099,165.7674,-0.2761,37.6013,-1.2047
759c5c60-f1af-4476-94b2-e79a51fd44e3_668-31,844,3,0,310.2,225.7,176.7,187.1,176.7,0.54,False,False,52.5989,91.5551,-0.2372,39.9778,-1.4748
759c5c60-f1af-4476-94b2-e79a51fd44e3_668-31,844,5,0,471.6,0.1,20.7,18.0,18.0,0.422,False,True,726.5792,2323.2885,-0.5044,13.6771,0.5876
7627344d-503f-4a25-b418-10a6929d5a18_842-97,846,3,0,258.2,275.6,18.1,23.2,18.1,0.426,False,False,14.9135,407.354,-1.4093,3.9228,-0.0128
7696b38a-59d3-4b85-966f-3522f9792966_89-69,848,3,0,269.0,405.8,53.9,62.4,53.9,0.451,False,False,808.132,1415.0864,-0.2431,26.0106,0.0771
7696b38a-59d3-4b85-966f-3522f9792966_89-69,848,3,1,65.0,85.0,138.1,177.4,138.1,0.431,False,False,1711.6373,2543.7366,-0.172,63.6219,-0.3737
7696b38a-59d3-4b85-966f-3522f9792966_89-69,848,4,0,199.1,-5.5,127.6,128.2,127.6,0.684,False,True,2043.7845,3340.8427,-0.2133,29.2091,0.3791
7696b38a-59d3-4b85-966f-3522f9792966_89-69,848,5,0,270.8,252.4,26.7,36.5,26.7,0.612,False,False,3091.3705,4161.6489,-0.1291,36.0997,0.375
76f450c1-3542-4f8a-964c-66c857a23601_1422-15,849,1,0,132.1,102.3,37.4,50.7,37.4,0.887,True,False,62.3764,70.9602,-0.0552,31.7989,-1.2033
76f450c1-3542-4f8a-964c-66c857a23601_1422-15,849,2,0,345.3,9.7,61.8,90.5,61.8,0.873,True,False,748.9568,467.5872,0.2042,39.7289,-0.3235
76f450c1-3542-4f8a-964c-66c857a23601_671-42,850,1,0,484.0,230.9,121.7,136.6,121.7,0.749,False,True,55.9983,544.58,-0.981,38.3589,-1.4122
77cdd8dd-402b-45d7-a16c-a16520c737e3_1834-33,851,1,0,144.0,114.3,91.2,91.5,91.2,0.481,False,False,15.2649,87.8567,-0.7374,17.2657,-1.2646
77cdd8dd-402b-45d7-a16c-a16520c737e3_1834-33,851,1,1,45.2,78.3,259.9,369.5,259.9,0.454,False,False,88.1094,34.5287,0.3993,54.7899,-1.5276
77cdd8dd-402b-45d7-a16c-a16520c737e3_1834-33,851,3,0,195.4,-2.3,421.9,385.8,385.8,0.459,False,True,74.4562,108.6875,-0.1625,58.0957,-1.6507
77cdd8dd-402b-45d7-a16c-a16520c737e3_1834-33,851,3,1,530.5,408.5,63.4,76.9,63.4,0.404,False,True,62.9291,206.132,-0.5105,15.0401,-0.5507
77cdd8dd-402b-45d7-a16c-a16520c737e3_1834-33,851,4,0,181.2,5.3,330.4,273.9,273.9,0.597,False,False,156.074,173.1277,-0.0448,44.9075,-1.1087
77cdd8dd-402b-45d7-a16c-a16520c737e3_1834-33,851,4,1,519.8,399.8,72.7,80.8,72.7,0.478,False,True,82.4622,176.4417,-0.3276,16.6836,-0.5246
77cdd8dd-402b-45d7-a16c-a16520c737e3_1834-33,851,5,0,435.5,221.8,39.0,47.9,39.0,0.469,False,False,83.8031,139.1269,-0.2181,13.8157,-0.3546
77e28690-2ab1-414e-86ed-285ec1d15bd1_315-49,852,4,0,439.9,14.8,174.6,221.9,174.6,0.489,False,False,116.5833,130.7174,-0.0493,52.0269,-1.3623
77e28690-2ab1-414e-86ed-285ec1d15bd1_315-49,852,5,0,-3.7,-9.1,208.7,238.2,208.7,0.512,False,True,7.8047,68.9701,-0.9002,49.0139,-2.4361
77e28690-2ab1-414e-86ed-285ec1d15bd1_705-46,853,1,0,163.4,24.7,80.1,104.3,80.1,0.936,True,False,143.5139,200.9593,-0.1454,37.9072,-0.9978
77e28690-2ab1-414e-86ed-285ec1d15bd1_705-46,853,2,0,275.3,105.6,62.6,80.6,62.6,0.884,True,False,199.6316,1110.2997,-0.7434,38.04,-0.8584
77e28690-2ab1-414e-86ed-285ec1d15bd1_705-46,853,3,0,336.8,38.3,63.2,80.2,63.2,0.902,True,False,74.9325,212.2416,-0.4484,46.5103,-1.4549
7836e736-ef0a-40ed-9b77-b4c12a08b236_3090-06,854,1,0,0.9,209.4,127.1,240.6,127.1,0.446,False,True,396.4665,256.6601,0.1883,33.8936,-0.4613
7836e736-ef0a-40ed-9b77-b4c12a08b236_3090-06,854,3,0,2.2,206.4,128.5,246.4,128.5,0.472,False,True,406.8475,233.5699,0.2402,33.4656,-0.4391
7836e736-ef0a-40ed-9b77-b4c12a08b236_3090-06,854,5,0,-3.9,252.0,104.5,175.3,104.5,0.449,False,True,47.7791,275.6767,-0.7537,20.4492,-0.9342
786877d8-e353-4fae-b488-8d7443646882_1021-24,855,1,0,33.2,93.6,23.6,34.1,23.6,0.77,True,False,49.6179,2171.0797,-1.6326,30.6673,-1.2695
786877d8-e353-4fae-b488-8d7443646882_1021-24,855,1,1,601.3,67.2,11.1,13.3,11.1,0.669,True,False,557.0136,8002.5396,-1.1566,30.822,-0.2315
786877d8-e353-4fae-b488-8d7443646882_1021-24,855,2,0,110.4,54.9,27.2,35.2,27.2,0.832,True,False,14.9219,3247.8418,-2.3097,34.1608,-1.8654
786877d8-e353-4fae-b488-8d7443646882_1021-24,855,2,1,262.3,50.3,11.9,14.8,11.9,0.498,False,False,1266.5556,3090.7306,-0.3872,16.0888,0.6882
786877d8-e353-4fae-b488-8d7443646882_1021-24,855,3,0,563.3,32.6,17.1,21.0,17.1,0.72,True,False,176.2187,2221.9578,-1.0984,42.5278,-1.0091
786877d8-e353-4fae-b488-8d7443646882_1021-24,855,3,1,529.5,91.0,38.0,46.0,38.0,0.632,False,False,37.5663,1166.8812,-1.4812,13.049,-0.6475
786877d8-e353-4fae-b488-8d7443646882_1021-24,855,3,2,51.7,80.0,16.5,22.4,16.5,0.595,False,False,2054.1865,925.8275,0.3459,31.8621,0.3059
786877d8-e353-4fae-b488-8d7443646882_1021-24,855,3,3,256.2,43.9,7.7,9.6,7.7,0.585,False,False,2434.5956,4154.8809,-0.2321,27.1613,0.5181
786877d8-e353-4fae-b488-8d7443646882_1021-24,855,3,4,610.9,61.0,15.8,20.9,15.8,0.551,False,False,442.4506,522.3192,-0.0719,45.126,-0.6622
786877d8-e353-4fae-b488-8d7443646882_1021-24,855,3,5,614.1,42.1,13.2,15.7,13.2,0.537,False,False,436.4752,687.8093,-0.1971,22.8968,-0.0794
786877d8-e353-4fae-b488-8d7443646882_1021-24,855,3,6,98.3,80.9,13.3,18.9,13.3,0.447,False,False,371.9603,3525.927,-0.9757,12.9839,0.3423
786877d8-e353-4fae-b488-8d7443646882_1021-24,855,3,7,150.4,69.7,9.7,12.1,9.7,0.421,False,False,327.1135,3801.9418,-1.0641,15.7319,0.1207
786877d8-e353-4fae-b488-8d7443646882_1021-24,855,3,8,603.6,87.5,24.0,28.7,24.0,0.411,False,False,4312.9748,519.1716,0.9187,46.0344,0.3085
786877d8-e353-4fae-b488-8d7443646882_1021-24,855,3,9,180.6,39.9,11.2,13.9,11.2,0.403,False,False,42.9983,236.7435,-0.7327,23.1786,-1.0875
786877d8-e353-4fae-b488-8d7443646882_1021-24,855,4,0,523.4,15.4,23.0,28.1,23.0,0.746,True,False,58.649,1195.5646,-1.3023,48.9659,-1.6044
786877d8-e353-4fae-b488-8d7443646882_1021-24,855,4,1,142.8,6.2,10.0,12.2,10.0,0.64,False,False,14478.4222,11019.846,0.1185,41.6121,0.9221
786877d8-e353-4fae-b488-8d7443646882_1021-24,855,4,2,79.8,27.4,15.2,19.6,15.2,0.606,True,False,52.0103,860.8731,-1.2111,40.0644,-1.4814
786877d8-e353-4fae-b488-8d7443646882_1021-24,855,4,3,160.6,28.4,11.3,13.7,11.3,0.597,False,False,354.7899,4990.8364,-1.1471,41.0625,-0.676
786877d8-e353-4fae-b488-8d7443646882_1021-24,855,4,4,221.3,19.6,9.0,10.8,9.0,0.499,False,False,2022.01,4654.9081,-0.362,44.9462,0.0004
786877d8-e353-4fae-b488-8d7443646882_1021-24,855,4,5,165.6,6.9,8.5,9.9,8.5,0.456,False,False,4447.06,7011.3654,-0.1977,49.6576,0.256
786877d8-e353-4fae-b488-8d7443646882_1042-29,856,1,0,327.0,23.7,18.3,22.8,18.3,0.61,True,False,43.4815,2219.5161,-1.6983,41.2903,-1.5838
786877d8-e353-4fae-b488-8d7443646882_1042-29,856,1,1,198.2,126.5,10.7,13.4,10.7,0.486,False,False,89.5153,925.3667,-1.0101,36.7443,-1.174
786877d8-e353-4fae-b488-8d7443646882_1042-29,856,1,2,332.8,64.7,17.9,22.9,17.9,0.414,False,False,6818.1181,2625.2661,0.4144,51.1515,0.4158
786877d8-e353-4fae-b488-8d7443646882_1042-29,856,5,0,279.7,14.5,9.4,10.8,9.4,0.515,False,False,69.3475,1038.3864,-1.1695,19.9089,-0.7519
786877d8-e353-4fae-b488-8d7443646882_1042-29,856,5,1,161.2,34.6,14.9,17.8,14.9,0.485,False,False,542.475,2662.9685,-0.6903,9.0874,0.8131
786877d8-e353-4fae-b488-8d7443646882_1042-29,856,5,2,2.0,73.5,19.4,27.5,19.4,0.465,False,True,3275.2782,84.1185,1.5854,38.4486,0.3453
786877d8-e353-4fae-b488-8d7443646882_1042-29,856,5,3,182.7,24.8,11.6,14.7,11.6,0.43,False,False,400.3537,2423.373,-0.7811,12.515,0.4059
786877d8-e353-4fae-b488-8d7443646882_224-14,857,2,0,479.3,135.1,34.1,45.5,34.1,0.752,True,False,33.9066,2009.0454,-1.7603,35.0999,-1.5481
786877d8-e353-4fae-b488-8d7443646882_224-14,857,2,1,288.5,141.5,12.6,16.3,12.6,0.581,False,False,4401.0449,2557.7549,0.2356,47.2416,0.2948
786877d8-e353-4fae-b488-8d7443646882_224-14,857,2,2,189.5,154.5,12.9,16.0,12.9,0.542,False,False,544.4092,3542.7378,-0.8127,14.6183,0.4049
786877d8-e353-4fae-b488-8d7443646882_224-14,857,2,3,289.0,156.4,17.1,23.0,17.1,0.418,False,False,2265.2128,2561.353,-0.0533,19.9129,0.7559
786877d8-e353-4fae-b488-8d7443646882_224-14,857,3,0,208.1,121.4,15.6,19.5,15.6,0.684,True,False,112.6161,3337.143,-1.4681,39.6788,-1.142
786877d8-e353-4fae-b488-8d7443646882_224-14,857,3,1,550.9,112.3,18.9,28.1,18.9,0.423,False,False,5412.0067,1558.2848,0.5405,34.8415,0.6489
786877d8-e353-4fae-b488-8d7443646882_224-14,857,4,0,223.6,129.9,16.6,20.7,16.6,0.74,True,False,298.1926,3499.4926,-1.0682,31.5386,-0.5222
786877d8-e353-4fae-b488-8d7443646882_224-14,857,4,1,341.3,123.3,12.8,16.1,12.8,0.491,False,False,12.7211,1692.2295,-2.0913,9.1571,-0.7913
786877d8-e353-4fae-b488-8d7443646882_224-14,857,5,0,187.8,147.7,15.6,18.5,15.6,0.457,False,False,54.5457,3170.9038,-1.7567,24.7318,-1.0426
786877d8-e353-4fae-b488-8d7443646882_883-95,858,1,0,392.5,51.6,9.1,11.5,9.1,0.71,False,False,4643.2622,2711.5699,0.2335,31.8091,0.6614
786877d8-e353-4fae-b488-8d7443646882_883-95,858,1,1,481.3,22.8,16.9,21.8,16.9,0.527,False,False,10.4578,889.9751,-1.8908,21.201,-1.5946
786877d8-e353-4fae-b488-8d7443646882_883-95,858,1,2,192.9,70.5,17.9,22.8,17.9,0.485,False,False,31.8718,1188.563,-1.5586,31.6501,-1.4844
786877d8-e353-4fae-b488-8d7443646882_883-95,858,1,3,327.1,52.5,9.5,11.8,9.5,0.403,False,False,3292.5433,2675.8515,0.09,22.0808,0.8287
786877d8-e353-4fae-b488-8d7443646882_883-95,858,2,0,253.2,69.8,23.4,28.0,23.4,0.559,False,False,5233.0335,4995.4808,0.0202,39.0597,0.5351
786877d8-e353-4fae-b488-8d7443646882_883-95,858,2,1,243.5,39.9,17.5,22.2,17.5,0.474,False,False,64.6767,950.8977,-1.1612,39.3567,-1.3729
786877d8-e353-4fae-b488-8d7443646882_883-95,858,2,2,376.8,11.1,9.3,11.4,9.3,0.424,False,False,3193.7483,3078.6356,0.0159,22.8919,0.7842
786877d8-e353-4fae-b488-8d7443646882_883-95,858,2,3,30.8,76.5,13.2,16.1,13.2,0.408,False,False,79.9071,3145.2312,-1.5898,23.1228,-0.8209
786877d8-e353-4fae-b488-8d7443646882_883-95,858,2,4,334.1,9.3,11.3,13.9,11.3,0.402,False,False,10620.2083,3796.4573,0.4467,41.9602,0.7803
786877d8-e353-4fae-b488-8d7443646882_883-95,858,3,0,189.3,81.2,12.7,15.2,12.7,0.648,False,False,14363.9365,1623.8305,0.9465,36.2632,1.038
786877d8-e353-4fae-b488-8d7443646882_883-95,858,3,1,185.3,53.0,11.3,14.2,11.3,0.598,False,False,271.3994,5146.3449,-1.2764,26.9886,-0.4278
786877d8-e353-4fae-b488-8d7443646882_883-95,858,3,2,404.4,11.8,14.8,19.5,14.8,0.57,False,False,182.7136,3605.3371,-1.2929,9.9557,0.2636
786877d8-e353-4fae-b488-8d7443646882_883-95,858,3,3,386.0,44.5,16.7,21.2,16.7,0.504,False,False,42.0376,360.8765,-0.9247,32.7048,-1.3958
786877d8-e353-4fae-b488-8d7443646882_883-95,858,3,4,318.9,14.8,15.1,17.1,15.1,0.425,False,False,2766.59,5635.2915,-0.3089,47.9025,0.0812
786877d8-e353-4fae-b488-8d7443646882_883-95,858,3,5,80.0,90.7,9.9,12.1,9.9,0.409,False,False,378.5433,7032.026,-1.2679,8.5161,0.7128
786877d8-e353-4fae-b488-8d7443646882_883-95,858,4,0,188.0,124.7,11.4,14.1,11.4,0.709,True,False,486.8733,9279.5824,-1.2793,23.1165,-0.0404
786877d8-e353-4fae-b488-8d7443646882_883-95,858,4,1,56.5,183.0,34.6,43.4,34.6,0.641,True,False,9.8317,1067.9457,-1.9943,46.1946,-2.2947
786877d8-e353-4fae-b488-8d7443646882_883-95,858,4,2,317.5,112.8,13.0,18.5,13.0,0.56,False,False,7725.1445,6402.3726,0.0816,39.1027,0.7033
786877d8-e353-4fae-b488-8d7443646882_883-95,858,4,3,401.2,94.3,15.3,19.8,15.3,0.499,False,False,179.9927,2265.3111,-1.0977,8.4047,0.4025
786877d8-e353-4fae-b488-8d7443646882_883-95,858,4,4,364.1,144.3,15.8,20.1,15.8,0.457,False,False,22754.4022,9018.4289,0.4019,43.689,1.0761
786877d8-e353-4fae-b488-8d7443646882_883-95,858,4,5,308.8,95.0,11.2,13.3,11.2,0.439,False,False,1581.8733,6995.7052,-0.6454,37.7465,0.0454
786877d8-e353-4fae-b488-8d7443646882_883-95,858,4,6,390.0,122.5,15.3,18.7,15.3,0.436,False,False,91.2598,831.9259,-0.9556,31.2175,-1.0242
786877d8-e353-4fae-b488-8d7443646882_883-95,858,4,7,460.8,81.4,14.8,18.9,14.8,0.433,False,False,4708.1007,4482.1653,0.0214,33.4917,0.6227
786877d8-e353-4fae-b488-8d7443646882_883-95,858,5,0,160.1,108.0,11.4,13.8,11.4,0.745,True,False,233.8209,3830.2448,-1.2126,19.7835,-0.223
786877d8-e353-4fae-b488-8d7443646882_883-95,858,5,1,376.8,81.2,13.0,16.2,13.0,0.584,False,False,285.9778,3532.0196,-1.0903,8.977,0.5462
786877d8-e353-4fae-b488-8d7443646882_883-95,858,5,2,501.3,81.6,10.6,13.9,10.6,0.551,False,False,2581.0169,3166.3486,-0.0887,44.078,0.1233
786877d8-e353-4fae-b488-8d7443646882_883-95,858,5,3,366.3,109.1,13.6,16.9,13.6,0.4,False,False,3188.5039,2447.9406,0.1147,47.0524,0.1584
786877d8-e353-4fae-b488-8d7443646882_952-74,859,5,0,120.0,141.5,21.8,29.3,21.8,0.585,False,False,1734.3442,698.8452,0.3944,45.5281,-0.0774
786877d8-e353-4fae-b488-8d7443646882_952-74,859,5,1,118.3,10.0,19.3,24.6,19.3,0.439,False,False,226.2804,6285.8635,-1.4419,41.9317,-0.8888
786877d8-e353-4fae-b488-8d7443646882_952-74,859,5,2,397.6,1.3,22.5,28.2,22.5,0.418,False,True,35.2386,1149.1333,-1.5016,8.2159,-0.2765
792d0000-7dcd-4e6c-a486-7befe397233d_917-53,860,3,0,519.5,215.4,29.8,34.1,29.8,0.618,True,False,372.4161,504.562,-0.1316,14.5595,0.2439
792d0000-7dcd-4e6c-a486-7befe397233d_917-53,860,4,0,486.9,239.2,22.7,26.4,22.7,0.507,False,False,16.968,868.7027,-1.6849,13.022,-0.9774
792d0000-7dcd-4e6c-a486-7befe397233d_917-53,860,5,0,481.5,181.8,16.9,22.3,16.9,0.642,True,False,4.7114,211.8027,-1.5712,7.3611,-0.9851
79c62f24-488e-4a69-8220-3b20cb4bf72b_4957-40,861,3,0,204.5,2.0,145.0,136.5,136.5,0.569,False,True,114.1066,165.8176,-0.1611,35.0397,-1.0284
79c62f24-488e-4a69-8220-3b20cb4bf72b_4957-40,861,4,0,343.6,136.4,35.4,40.2,35.4,0.603,False,False,297.9371,262.4475,0.0549,28.9463,-0.4481
79c62f24-488e-4a69-8220-3b20cb4bf72b_4957-40,861,5,0,431.3,65.2,70.3,93.7,70.3,0.552,False,False,801.8714,362.2247,0.3445,45.1806,-0.4055
79c62f24-488e-4a69-8220-3b20cb4bf72b_611-49,862,1,0,434.3,2.8,207.7,202.9,202.9,0.576,False,True,611.0969,262.4381,0.3661,52.8632,-0.6596
79c62f24-488e-4a69-8220-3b20cb4bf72b_611-49,862,2,0,207.1,21.8,200.9,204.9,200.9,0.672,True,False,504.1471,300.3557,0.2243,45.9095,-0.6206
79c62f24-488e-4a69-8220-3b20cb4bf72b_611-49,862,3,0,439.4,11.6,198.3,232.8,198.3,0.659,False,True,142.7586,162.4036,-0.0556,46.5937,-1.1792
79c62f24-488e-4a69-8220-3b20cb4bf72b_611-49,862,4,0,472.4,14.7,171.8,259.9,171.8,0.852,False,True,257.4936,379.4077,-0.1678,34.6283,-0.6668
79c62f24-488e-4a69-8220-3b20cb4bf72b_611-49,862,4,1,292.2,112.2,71.1,80.4,71.1,0.655,False,False,458.2724,1147.825,-0.3982,51.6621,-0.7644
79c62f24-488e-4a69-8220-3b20cb4bf72b_611-49,862,4,2,339.8,107.1,56.6,75.6,56.6,0.424,False,False,608.6553,1184.4441,-0.2888,40.1073,-0.4216
79c62f24-488e-4a69-8220-3b20cb4bf72b_611-49,862,5,0,488.6,32.5,146.1,223.6,146.1,0.731,False,False,328.7349,381.6274,-0.0646,37.787,-0.6368
79c62f24-488e-4a69-8220-3b20cb4bf72b_611-49,862,5,1,282.5,2.3,98.1,77.0,77.0,0.501,False,True,891.3079,531.1023,0.2245,42.3956,-0.3044
79c62f24-488e-4a69-8220-3b20cb4bf72b_722-05,863,1,0,435.5,307.1,142.0,168.8,142.0,0.721,False,False,32.326,34.5864,-0.0285,34.4449,-1.5518
79c62f24-488e-4a69-8220-3b20cb4bf72b_722-05,863,1,1,-13.5,133.1,404.9,357.9,357.9,0.406,False,True,7.1233,53.0409,-0.823,40.6214,-2.308
79c62f24-488e-4a69-8220-3b20cb4bf72b_722-05,863,2,0,280.3,94.5,113.3,131.8,113.3,0.567,False,False,663.0826,673.8819,-0.007,53.4222,-0.6334
79c62f24-488e-4a69-8220-3b20cb4bf72b_722-05,863,4,0,-1.2,58.4,32.4,58.7,32.4,0.476,False,True,726.3563,1314.26,-0.2573,33.2112,-0.1812
79c62f24-488e-4a69-8220-3b20cb4bf72b_722-05,863,4,1,601.2,103.8,30.4,37.7,30.4,0.425,False,False,33.1585,545.5452,-1.2041,36.9612,-1.6023
7a33ca42-9a39-4d59-ba82-c9667c250f48_2200-51,864,4,0,407.6,58.6,34.6,62.8,34.6,0.518,False,False,700.1286,770.5449,-0.0416,43.91,-0.4396
7a3479a4-b903-4d20-bdc4-98d93ceb3c36_1392-00,865,4,0,229.4,12.1,97.6,152.5,97.6,0.587,False,False,50.3418,150.8457,-0.4709,76.4712,-2.0566
7a680a9a-dd7b-467a-a724-a597f1be9f06_2545-71,866,3,0,313.0,254.5,8.9,10.7,8.9,0.574,False,False,2614.5275,18187.7873,-0.8422,35.4187,0.3187
7a680a9a-dd7b-467a-a724-a597f1be9f06_2545-71,866,3,1,299.5,237.8,9.8,11.3,9.8,0.562,False,False,25200.3656,5771.9285,0.64,74.3991,0.6582
7a680a9a-dd7b-467a-a724-a597f1be9f06_2545-71,866,3,2,264.1,254.7,11.6,13.9,11.6,0.44,False,False,6237.3398,5589.1896,0.0476,46.6364,0.4574
7a680a9a-dd7b-467a-a724-a597f1be9f06_2545-86,867,1,0,290.3,228.2,26.1,35.7,26.1,0.476,False,False,4359.4796,1312.5169,0.5211,66.8196,-0.0104
7a680a9a-dd7b-467a-a724-a597f1be9f06_2545-86,867,2,0,313.8,252.8,9.2,10.8,9.2,0.41,False,False,9129.39,16450.3519,-0.2557,38.3479,0.7927
7a680a9a-dd7b-467a-a724-a597f1be9f06_2545-86,867,3,0,313.2,254.6,8.9,10.7,8.9,0.456,False,False,5072.1275,16520.1826,-0.5128,39.5244,0.5113
7a680a9a-dd7b-467a-a724-a597f1be9f06_2545-86,867,3,1,299.7,237.5,9.6,11.1,9.6,0.43,False,False,35769.41,5932.429,0.7802,71.1301,0.8493
7a680a9a-dd7b-467a-a724-a597f1be9f06_2608-93,868,2,0,539.1,40.1,103.0,160.4,103.0,0.645,False,True,405.526,163.5107,0.3929,45.1334,-0.7001
7a680a9a-dd7b-467a-a724-a597f1be9f06_2608-93,868,4,0,542.3,77.4,96.0,148.9,96.0,0.544,False,True,341.3742,196.0242,0.24,46.2044,-0.7951
7a680a9a-dd7b-467a-a724-a597f1be9f06_2608-93,868,5,0,531.7,298.1,93.3,153.0,93.3,0.73,False,False,85.0568,103.9551,-0.0862,42.8832,-1.33
7a680a9a-dd7b-467a-a724-a597f1be9f06_3668-06,869,2,0,296.1,263.3,9.4,11.3,9.4,0.498,False,False,9485.28,7601.4401,0.0961,52.3793,0.5386
7a680a9a-dd7b-467a-a724-a597f1be9f06_3668-06,869,4,0,350.5,352.3,122.4,130.3,122.4,0.912,False,True,45.6697,195.8156,-0.625,53.3521,-1.7854
7a680a9a-dd7b-467a-a724-a597f1be9f06_3668-06,869,5,0,212.6,335.5,125.7,141.8,125.7,0.925,False,True,109.4714,1089.7974,-0.9945,58.1545,-1.486
7ac6dc03-7c8d-4de8-99af-03268c780ea2_1031-44,870,3,0,3.3,48.0,120.1,188.3,120.1,0.442,False,True,45.6127,2.6607,1.1049,11.7185,-0.4724
7acd59a8-ed64-4a99-a469-3d5529a4098a_270-66,871,3,0,307.0,167.8,15.7,19.7,15.7,0.432,False,False,292.8418,132.2851,0.3433,27.0067,-0.3954
7b277350-9926-42ef-b5f7-3ee000f3350a_53-51,872,3,0,44.7,46.0,139.9,165.6,139.9,0.513,False,False,24.1269,65.0687,-0.4199,30.064,-1.5564
7b5fafdb-136a-4722-84a4-cffb213a224a_1092-90,873,3,0,467.2,128.1,27.3,45.8,27.3,0.852,True,False,1124.9261,1960.6168,-0.2411,51.8639,-0.3784
7b5fafdb-136a-4722-84a4-cffb213a224a_1908-63,874,2,0,258.3,415.5,11.1,14.1,11.1,0.405,False,False,4954.5975,6813.7503,-0.1384,29.8931,0.7435
7c0c0057-3bbc-40ef-a91e-4d6e1a637642_1139-91,876,5,0,204.2,0.8,341.1,326.8,326.8,0.547,False,True,170.0451,249.5997,-0.1659,21.306,-0.4249
7c1c5dca-5856-4997-8cda-9fa3bca10a3b_1061-91,877,5,0,293.7,28.7,25.0,33.3,25.0,0.862,True,False,189.0512,584.5424,-0.4887,13.019,0.0472
7c1c5dca-5856-4997-8cda-9fa3bca10a3b_1061-91,877,5,1,315.2,72.2,30.2,32.8,30.2,0.5,False,False,38.4999,365.018,-0.9669,15.4344,-0.7822
7c1c5dca-5856-4997-8cda-9fa3bca10a3b_1061-91,877,5,2,366.3,67.8,23.7,29.7,23.7,0.476,False,False,27.927,440.1735,-1.1833,9.0282,-0.4552
7c1c5dca-5856-4997-8cda-9fa3bca10a3b_1061-91,877,5,3,320.7,43.3,25.3,29.4,25.3,0.446,False,False,216.472,588.1791,-0.4328,18.5497,-0.2005
7c1c5dca-5856-4997-8cda-9fa3bca10a3b_37-44,881,2,0,-6.0,-39.8,293.0,445.1,293.0,0.659,False,True,198.0642,983.8162,-0.6944,15.8722,-0.104
7c1c5dca-5856-4997-8cda-9fa3bca10a3b_37-44,881,3,0,-24.0,-73.3,380.7,506.1,380.7,0.593,False,True,243.1005,848.8567,-0.5418,20.8165,-0.2502
7c1c5dca-5856-4997-8cda-9fa3bca10a3b_37-44,881,4,0,-14.6,-52.7,317.2,464.6,317.2,0.662,False,True,381.5872,1330.5762,-0.5416,16.6083,0.1405
7c1c5dca-5856-4997-8cda-9fa3bca10a3b_37-44,881,5,0,-12.2,-24.8,266.5,418.0,266.5,0.54,False,True,320.409,1285.2196,-0.6023,31.7035,-0.4956
7c4f8ef4-c126-46b7-8fa9-1b2daf5b41de_2272-79,882,1,0,205.3,28.4,167.0,201.2,167.0,0.517,False,False,82.147,44.0736,0.2659,24.8188,-0.8704
7c4f8ef4-c126-46b7-8fa9-1b2daf5b41de_2272-79,882,2,0,208.6,59.6,72.4,88.1,72.4,0.423,False,False,442.8898,280.8268,0.1973,36.8731,-0.4865
7c4f8ef4-c126-46b7-8fa9-1b2daf5b41de_2272-79,882,3,0,245.6,44.8,150.2,208.6,150.2,0.581,False,False,54.8214,46.0868,0.0739,24.3724,-1.0277
7c4f8ef4-c126-46b7-8fa9-1b2daf5b41de_2272-79,882,4,0,198.8,26.4,193.9,212.4,193.9,0.699,True,False,136.7575,67.0447,0.3063,28.3457,-0.7664
7c4f8ef4-c126-46b7-8fa9-1b2daf5b41de_2272-79,882,5,0,288.9,45.2,184.6,211.0,184.6,0.552,False,False,174.8673,152.8444,0.0581,24.4013,-0.5304
7c4f8ef4-c126-46b7-8fa9-1b2daf5b41de_2272-79,882,5,1,120.4,37.4,142.7,161.4,142.7,0.404,False,False,868.1853,233.2623,0.5694,54.1341,-0.528
7c969dc3-aea2-49d4-bd0e-48191b4e5a51_3982-40,884,3,0,179.4,6.3,25.7,25.0,25.0,0.407,False,False,50.7194,317.0113,-0.7888,11.9337,-0.4429
7c969dc3-aea2-49d4-bd0e-48191b4e5a51_6350-49,885,2,0,0.8,36.9,99.3,168.9,99.3,0.409,False,True,4546.0492,2235.4346,0.3082,38.8851,0.4779
7c969dc3-aea2-49d4-bd0e-48191b4e5a51_6350-49,885,3,0,250.6,189.7,19.2,25.8,19.2,0.418,False,False,206.977,249.7907,-0.0813,32.569,-0.708
7cad84ff-4d08-4e18-8784-aaf4e9341264_333-06,886,1,0,120.3,84.7,26.8,33.7,26.8,0.932,True,False,1594.3251,1100.242,0.161,30.2639,0.2405
7cad84ff-4d08-4e18-8784-aaf4e9341264_333-06,886,2,0,175.0,141.7,26.6,33.7,26.6,0.928,True,False,1281.8352,1401.3688,-0.0387,32.6179,0.0809
7cad84ff-4d08-4e18-8784-aaf4e9341264_333-06,886,3,0,336.4,154.7,25.0,32.2,25.0,0.919,True,False,1417.0055,1703.7099,-0.08,28.0482,0.2553
7cad84ff-4d08-4e18-8784-aaf4e9341264_333-06,886,4,0,335.9,147.2,25.7,32.2,25.7,0.941,True,False,2617.137,2456.7511,0.0275,32.1584,0.403
7cad84ff-4d08-4e18-8784-aaf4e9341264_333-06,886,5,0,294.7,94.4,26.0,32.9,26.0,0.926,True,False,2492.5986,2313.1175,0.0324,33.8703,0.3368
7d444081-73d8-405d-9bcc-9620e5feefaf_729-22,887,1,0,420.6,193.1,58.2,76.5,58.2,0.435,False,False,2028.6051,5665.7765,-0.4459,72.4018,-0.4122
7ddc2c83-3cb0-4bb1-8e91-3ef60f88864d_1433-25,888,1,0,565.0,420.0,11.6,14.8,11.6,0.704,True,False,458.7431,2181.5919,-0.6765,33.1836,-0.3797
7ddc2c83-3cb0-4bb1-8e91-3ef60f88864d_1433-25,888,1,1,583.2,420.4,10.2,12.5,10.2,0.517,False,False,1638.8784,3596.4691,-0.3412,38.4399,0.045
7e80931a-2067-419d-8f9e-2aff41dd330c_2937-25,889,4,0,169.8,37.2,51.0,59.6,51.0,0.492,False,False,385.7436,304.4464,0.1025,16.6026,0.1455
7f296d37-a819-408f-aa34-80b63a40f01e_28-00,890,2,0,449.9,129.2,80.7,119.9,80.7,0.445,False,False,37.8003,1106.8977,-1.4557,13.0886,-0.6475
7f296d37-a819-408f-aa34-80b63a40f01e_28-00,890,5,0,247.0,403.7,15.9,20.2,15.9,0.591,False,False,4598.4269,3216.6363,0.1552,35.7941,0.5547
7f296d37-a819-408f-aa34-80b63a40f01e_28-00,890,5,1,321.1,361.9,14.1,17.4,14.1,0.521,False,False,5697.81,3205.4349,0.2498,47.3549,0.4049
7f296d37-a819-408f-aa34-80b63a40f01e_28-00,890,5,2,314.1,363.5,11.3,14.1,11.3,0.471,False,False,2886.8746,5685.0885,-0.2942,31.6194,0.4602
7f296d37-a819-408f-aa34-80b63a40f01e_28-00,890,5,3,297.6,374.2,11.1,14.1,11.1,0.407,False,False,2772.1649,3020.4144,-0.0372,25.9126,0.6153
7f5ed6e1-aca1-40d5-87c6-d156c5f02263_213-21,891,4,0,207.9,241.2,110.9,129.3,110.9,0.582,False,True,11.4711,324.0717,-1.4161,11.2118,-1.0069
7f5ed6e1-aca1-40d5-87c6-d156c5f02263_213-21,891,5,0,210.3,254.9,81.7,89.7,81.7,0.745,False,False,74.3773,916.9482,-1.0856,18.1335,-0.641
7f5ed6e1-aca1-40d5-87c6-d156c5f02263_213-34,892,4,0,207.9,241.2,110.9,129.3,110.9,0.582,False,True,11.4711,324.0717,-1.4161,11.2118,-1.0069
7f5ed6e1-aca1-40d5-87c6-d156c5f02263_213-34,892,5,0,210.3,254.9,81.7,89.7,81.7,0.745,False,False,74.3773,916.9482,-1.0856,18.1335,-0.641
7f5ed6e1-aca1-40d5-87c6-d156c5f02263_220-16,893,1,0,164.4,188.7,80.0,95.7,80.0,0.577,False,False,173.6894,658.055,-0.5767,14.5252,-0.084
7f5ed6e1-aca1-40d5-87c6-d156c5f02263_220-16,893,3,0,322.5,213.0,94.0,93.2,93.2,0.547,False,False,36.8657,591.2095,-1.1942,12.3018,-0.6046
7f5ed6e1-aca1-40d5-87c6-d156c5f02263_220-16,893,4,0,242.0,121.2,82.0,89.0,82.0,0.729,False,False,111.2877,636.561,-0.7542,16.6127,-0.3921
7f5ed6e1-aca1-40d5-87c6-d156c5f02263_220-16,893,5,0,193.0,93.6,83.0,93.7,83.0,0.462,False,False,169.2633,337.0853,-0.2979,22.7195,-0.4825
7f5ed6e1-aca1-40d5-87c6-d156c5f02263_222-42,894,1,0,326.4,205.1,87.9,93.2,87.9,0.42,False,False,38.9817,486.873,-1.0864,12.4912,-0.5941
7f5ed6e1-aca1-40d5-87c6-d156c5f02263_222-42,894,2,0,247.8,127.4,81.5,89.3,81.5,0.636,False,False,172.7474,574.9759,-0.5205,18.5468,-0.2979
7f5ed6e1-aca1-40d5-87c6-d156c5f02263_222-42,894,3,0,206.6,88.7,87.3,99.0,87.3,0.518,False,False,127.8963,196.237,-0.1847,22.6331,-0.6001
7fc72743-4b55-48de-b988-4c690bda912f_1613-32,895,1,0,187.9,115.9,35.5,45.9,35.5,0.905,True,False,782.05,344.694,0.3551,36.8494,-0.2394
7fc72743-4b55-48de-b988-4c690bda912f_1613-32,895,1,1,448.8,106.0,18.3,22.7,18.3,0.862,True,False,107.0091,734.5385,-0.8331,18.001,-0.4785
7fc72743-4b55-48de-b988-4c690bda912f_1613-32,895,2,0,346.3,206.6,41.3,56.0,41.3,0.903,True,False,970.219,737.2307,0.1191,41.7272,-0.2538
7fc72743-4b55-48de-b988-4c690bda912f_1613-32,895,2,1,125.3,226.5,34.6,51.3,34.6,0.882,True,False,19.731,285.2252,-1.1401,6.0122,-0.2533
7fc72743-4b55-48de-b988-4c690bda912f_1613-32,895,3,0,152.2,198.2,36.9,50.7,36.9,0.885,True,False,42.114,180.0086,-0.6231,9.1826,-0.2964
7fc72743-4b55-48de-b988-4c690bda912f_1613-32,895,3,1,393.2,203.4,45.0,50.6,45.0,0.701,True,False,1162.4193,650.4927,0.2518,34.3988,-0.0077
7fc72743-4b55-48de-b988-4c690bda912f_1613-32,895,4,0,167.8,189.5,45.0,65.4,45.0,0.861,True,False,7.2436,148.1531,-1.2575,4.9513,-0.4907
7fc72743-4b55-48de-b988-4c690bda912f_1613-32,895,4,1,443.6,190.1,70.6,72.7,70.6,0.499,False,False,397.032,264.7896,0.1754,24.7148,-0.1867
7fc72743-4b55-48de-b988-4c690bda912f_1613-32,895,5,0,149.5,210.8,48.9,69.8,48.9,0.873,True,False,107.3154,278.7945,-0.4121,15.7218,-0.3601
7fc72743-4b55-48de-b988-4c690bda912f_1613-32,895,5,1,437.6,194.1,58.4,77.8,58.4,0.848,False,False,147.3454,351.6018,-0.376,32.3911,-0.85
7fc72743-4b55-48de-b988-4c690bda912f_1613-32,895,5,2,300.4,210.2,18.3,23.1,18.3,0.533,False,False,174.2761,249.9909,-0.1559,15.861,-0.1587
7ff0900d-1bca-4aa7-aedd-ab0fb0a12371_0-04,896,1,0,349.0,79.9,28.5,33.3,28.5,0.44,False,False,5223.7864,2220.8239,0.3714,48.8969,0.3393
7ff0900d-1bca-4aa7-aedd-ab0fb0a12371_0-04,896,2,0,339.8,71.0,32.0,42.0,32.0,0.492,False,False,5422.2947,1691.3601,0.5058,52.9272,0.2868
7ff0900d-1bca-4aa7-aedd-ab0fb0a12371_0-04,896,3,0,342.7,77.7,29.3,36.7,29.3,0.599,False,False,5180.2187,1862.2653,0.4442,47.3449,0.3637
7ff0900d-1bca-4aa7-aedd-ab0fb0a12371_0-04,896,4,0,298.2,7.7,46.8,52.2,46.8,0.455,False,False,1491.8361,721.6419,0.3151,54.6344,-0.3011
80c74a5b-81e0-4bc1-bc09-2f146351fe70_545-79,898,2,0,511.8,118.1,40.9,50.3,40.9,0.881,True,False,72.1355,18.365,0.5771,22.4797,-0.8403
80c74a5b-81e0-4bc1-bc09-2f146351fe70_545-79,898,3,0,320.6,194.1,32.6,41.4,32.6,0.91,True,False,115.3655,187.2544,-0.2089,25.7701,-0.7571
80c74a5b-81e0-4bc1-bc09-2f146351fe70_545-79,898,4,0,270.5,100.0,42.5,54.4,42.5,0.922,True,False,187.8323,588.4296,-0.4944,30.024,-0.6793
80c74a5b-81e0-4bc1-bc09-2f146351fe70_545-79,898,5,0,141.8,57.7,74.4,102.3,74.4,0.94,True,False,88.5816,32.8451,0.4227,32.4935,-1.0718
817170ad-1f3b-44b1-9772-fe914fa17f30_1178-10,899,1,0,360.6,15.5,26.5,31.9,26.5,0.756,False,False,13122.1415,13105.3831,0.0006,52.8558,0.6717
817170ad-1f3b-44b1-9772-fe914fa17f30_1178-10,899,5,0,275.6,141.9,163.6,210.2,163.6,0.412,False,False,3851.6755,3621.9538,0.0267,63.1333,-0.0149
817170ad-1f3b-44b1-9772-fe914fa17f30_1211-20,900,1,0,196.3,271.9,20.7,24.7,20.7,0.511,False,False,9008.0537,7724.589,0.0667,26.6304,1.1033
817170ad-1f3b-44b1-9772-fe914fa17f30_1211-20,900,1,1,43.8,280.4,30.0,43.5,30.0,0.406,False,False,1471.8037,2127.747,-0.16,36.6059,0.0407
817170ad-1f3b-44b1-9772-fe914fa17f30_1211-20,900,2,0,340.4,264.5,16.8,22.4,16.8,0.644,False,False,8282.5927,7427.5446,0.0473,26.9127,1.0577
81fb9f8f-be18-4833-a899-4fbcef82a634_2169-64,901,1,0,509.7,14.2,89.1,102.1,89.1,0.591,False,False,63.0731,429.8736,-0.8277,23.7052,-0.9438
81fb9f8f-be18-4833-a899-4fbcef82a634_2169-64,901,2,0,114.1,46.5,139.4,124.9,124.9,0.684,True,False,9.511,148.6767,-1.1535,23.9525,-1.7378
81fb9f8f-be18-4833-a899-4fbcef82a634_2169-64,901,3,0,535.7,6.6,84.6,85.5,84.6,0.428,False,False,116.9993,499.8793,-0.6279,25.4538,-0.7403
81fb9f8f-be18-4833-a899-4fbcef82a634_2169-64,901,3,1,68.4,22.2,225.4,197.1,197.1,0.416,False,False,196.3694,365.071,-0.2683,46.1139,-1.0326
81fb9f8f-be18-4833-a899-4fbcef82a634_2169-64,901,4,0,537.4,1.1,89.2,93.7,89.2,0.478,False,True,115.0356,467.7441,-0.6063,24.9668,-0.7308
81fb9f8f-be18-4833-a899-4fbcef82a634_2169-64,901,4,1,12.1,-1.2,133.9,121.5,121.5,0.472,False,True,129.6169,187.0696,-0.1583,38.6636,-1.0589
81fb9f8f-be18-4833-a899-4fbcef82a634_2169-64,901,5,0,521.2,-0.3,106.2,105.8,105.8,0.701,False,True,74.9323,228.9269,-0.4812,22.6815,-0.8318
81fb9f8f-be18-4833-a899-4fbcef82a634_2169-64,901,5,1,143.0,71.0,154.2,164.3,154.2,0.487,False,False,71.8117,128.8454,-0.2512,33.0685,-1.177
81fb9f8f-be18-4833-a899-4fbcef82a634_270-26,902,3,0,22.0,110.9,252.0,303.4,252.0,0.438,False,False,73.637,234.0919,-0.4983,40.7646,-1.3479
81fb9f8f-be18-4833-a899-4fbcef82a634_270-26,902,4,0,44.8,134.9,202.5,175.3,175.3,0.402,False,False,64.9529,299.2447,-0.6582,36.6831,-1.31
81fff27c-97c0-483a-ad42-47fa947977a9_456-39,903,1,0,493.3,284.2,7.3,8.4,7.3,0.494,False,False,2158.2431,19290.1871,-0.9511,35.5918,0.2313
81fff27c-97c0-483a-ad42-47fa947977a9_456-39,903,1,1,474.6,295.6,7.5,9.1,7.5,0.438,False,False,6883.3333,17186.6108,-0.3974,56.3882,0.3353
824e7896-904a-4ff5-b7ee-e21df21918c2_2003-17,905,1,0,616.9,202.3,10.5,14.1,10.5,0.447,False,False,1023.61,3692.8609,-0.5569,8.7184,1.124
824e7896-904a-4ff5-b7ee-e21df21918c2_2003-17,905,3,0,5.9,20.7,119.0,133.3,119.0,0.552,False,False,2416.3183,1429.8465,0.2277,33.3736,0.3361
824e7896-904a-4ff5-b7ee-e21df21918c2_2003-17,905,4,0,27.9,-1.5,110.1,90.9,90.9,0.666,False,True,334.9308,1325.2596,-0.5964,18.7434,-0.0207
824e7896-904a-4ff5-b7ee-e21df21918c2_2003-17,905,4,1,170.2,26.8,14.4,16.1,14.4,0.513,False,False,5149.7708,4642.7038,0.045,26.0951,0.8781
828ef13f-f52a-4a16-b206-4ec7e471f025_147-18,906,4,0,413.7,132.9,19.7,25.8,19.7,0.562,False,False,267.816,1060.3203,-0.5964,19.4282,-0.1486
828ef13f-f52a-4a16-b206-4ec7e471f025_274-71,908,1,0,382.6,100.7,92.4,145.2,92.4,0.464,False,False,73.8222,683.79,-0.9615,31.2151,-1.1151
828ef13f-f52a-4a16-b206-4ec7e471f025_274-71,908,3,0,201.3,58.4,37.4,48.2,37.4,0.615,False,False,100.1875,558.9599,-0.743,14.671,-0.3298
828ef13f-f52a-4a16-b206-4ec7e471f025_274-71,908,3,1,13.2,2.5,130.8,183.5,130.8,0.548,False,True,18.8607,503.8178,-1.4051,31.6196,-1.7024
828ef13f-f52a-4a16-b206-4ec7e471f025_274-71,908,3,2,269.1,2.3,78.0,81.6,78.0,0.448,False,True,59.6935,111.2229,-0.2669,10.8194,-0.289
82e96128-1242-4e57-8a3e-9ea222df022c_2985-80,909,1,0,486.0,179.6,46.0,49.5,46.0,0.877,True,False,196.9096,1395.3478,-0.8485,20.7197,-0.3373
82e96128-1242-4e57-8a3e-9ea222df022c_2985-80,909,1,1,166.0,139.0,20.6,24.9,20.6,0.713,False,False,40.3086,1229.2357,-1.4739,11.2435,-0.4892
82e96128-1242-4e57-8a3e-9ea222df022c_2985-80,909,2,0,472.2,164.0,45.1,57.2,45.1,0.927,True,False,580.5628,1892.9622,-0.5128,33.9888,-0.2985
82e96128-1242-4e57-8a3e-9ea222df022c_2985-80,909,2,1,-0.8,183.3,26.8,41.6,26.8,0.618,False,True,2725.2209,1602.924,0.2304,34.709,0.3543
82e96128-1242-4e57-8a3e-9ea222df022c_2985-80,909,2,2,153.4,167.6,20.9,24.8,20.9,0.6,False,False,28.7224,631.9455,-1.3283,8.4394,-0.3856
82e96128-1242-4e57-8a3e-9ea222df022c_2985-80,909,2,3,334.9,148.0,10.2,13.5,10.2,0.477,False,False,1060.6563,2323.3038,-0.3403,21.5078,0.3599
82e96128-1242-4e57-8a3e-9ea222df022c_2985-80,909,2,4,143.0,154.2,16.9,21.9,16.9,0.425,False,False,116.0739,1804.1291,-1.188,8.3567,0.2182
82e96128-1242-4e57-8a3e-9ea222df022c_2985-80,909,3,0,178.4,36.3,30.3,41.7,30.3,0.909,True,False,411.6409,1699.8291,-0.6151,21.0343,-0.0313
82e96128-1242-4e57-8a3e-9ea222df022c_2985-80,909,3,1,500.0,128.2,58.7,68.6,58.7,0.9,True,False,173.846,1479.204,-0.9277,23.2905,-0.4925
82e96128-1242-4e57-8a3e-9ea222df022c_2985-80,909,4,0,175.3,86.2,31.9,41.6,31.9,0.915,True,False,61.3417,1569.5043,-1.4013,18.4209,-0.7371
82e96128-1242-4e57-8a3e-9ea222df022c_2985-80,909,4,1,494.0,185.9,57.4,67.7,57.4,0.84,True,False,93.4295,1648.7127,-1.2423,20.3725,-0.644
82e96128-1242-4e57-8a3e-9ea222df022c_2985-80,909,5,0,143.3,92.6,33.6,45.3,33.6,0.909,True,False,354.8324,1595.783,-0.652,24.8076,-0.2386
82e96128-1242-4e57-8a3e-9ea222df022c_2985-80,909,5,1,404.4,187.9,52.2,59.8,52.2,0.898,True,False,296.2912,2017.954,-0.8319,27.8187,-0.4161
82e96128-1242-4e57-8a3e-9ea222df022c_2985-80,909,5,2,83.2,169.6,63.1,91.8,63.1,0.424,False,False,1099.3737,451.2814,0.3861,35.369,-0.0561
82e96128-1242-4e57-8a3e-9ea222df022c_2999-35,910,1,0,421.0,201.8,44.9,62.1,44.9,0.628,False,False,54.9742,638.8968,-1.0581,5.8658,0.1989
82e96128-1242-4e57-8a3e-9ea222df022c_2999-35,910,2,0,529.8,202.3,47.3,56.0,47.3,0.91,True,False,180.1339,836.8274,-0.6652,16.3882,-0.1727
82e96128-1242-4e57-8a3e-9ea222df022c_2999-35,910,2,1,281.8,91.5,27.7,37.8,27.7,0.888,True,False,410.8004,1580.0002,-0.5842,24.947,-0.18
82e96128-1242-4e57-8a3e-9ea222df022c_2999-35,910,3,0,122.9,106.8,38.9,50.1,38.9,0.917,True,False,87.0683,2363.291,-1.4289,11.838,-0.2048
82e96128-1242-4e57-8a3e-9ea222df022c_2999-35,910,3,1,506.6,175.6,8.8,11.0,8.8,0.74,True,False,7768.5856,4598.8662,0.2277,35.9441,0.7788
82e96128-1242-4e57-8a3e-9ea222df022c_2999-35,910,3,2,78.6,56.5,27.6,32.8,27.6,0.544,False,False,618.337,1409.9284,-0.3576,18.3497,0.2634
82e96128-1242-4e57-8a3e-9ea222df022c_2999-35,910,3,3,112.4,381.4,78.2,81.1,78.2,0.489,False,False,181.2982,266.1198,-0.1659,14.3944,-0.0577
82e96128-1242-4e57-8a3e-9ea222df022c_2999-35,910,4,0,486.9,74.2,41.6,48.7,41.6,0.886,True,False,857.0256,1268.2687,-0.1701,46.5633,-0.4028
82e96128-1242-4e57-8a3e-9ea222df022c_2999-35,910,4,1,280.4,24.7,19.1,24.3,19.1,0.811,True,False,182.1795,2457.4885,-1.1278,16.9784,-0.1984
82e96128-1242-4e57-8a3e-9ea222df022c_2999-35,910,5,0,399.1,28.3,20.7,24.0,20.7,0.719,True,False,1482.0142,3372.2528,-0.3569,31.2488,0.181
82e96128-1242-4e57-8a3e-9ea222df022c_2999-35,910,5,1,202.7,3.3,72.6,107.7,72.6,0.441,False,True,590.3825,730.2075,-0.0922,32.4403,-0.2507
82e96128-1242-4e57-8a3e-9ea222df022c_3264-64,911,1,0,221.8,6.0,74.7,81.3,74.7,0.42,False,False,164.1235,848.5946,-0.7114,21.8385,-0.4615
82e96128-1242-4e57-8a3e-9ea222df022c_3264-64,911,3,0,155.0,2.5,126.1,129.0,126.1,0.41,False,True,202.8792,632.7449,-0.4925,24.3308,-0.4637
82e96128-1242-4e57-8a3e-9ea222df022c_3264-64,911,5,0,588.1,-0.7,51.3,55.2,51.3,0.449,False,True,32.8695,1020.3769,-1.4794,11.9373,-0.627
82e96128-1242-4e57-8a3e-9ea222df022c_3386-01,912,1,0,526.3,8.4,119.3,190.2,119.3,0.422,False,True,2681.5842,1632.5392,0.2154,56.1145,-0.0697
82e96128-1242-4e57-8a3e-9ea222df022c_3386-01,912,2,0,516.0,9.4,129.2,179.6,129.2,0.448,False,True,2689.6348,1262.7744,0.3282,55.1648,-0.0536
82e96128-1242-4e57-8a3e-9ea222df022c_3386-01,912,5,0,182.0,191.4,42.4,69.7,42.4,0.745,False,False,25.0785,1063.3389,-1.6108,14.2832,-0.8955
82e96128-1242-4e57-8a3e-9ea222df022c_3386-01,912,5,1,490.6,191.6,14.0,16.4,14.0,0.605,False,False,3361.0183,5032.4554,-0.1753,38.7254,0.3503
82e96128-1242-4e57-8a3e-9ea222df022c_3386-01,912,5,2,416.2,211.8,12.9,16.2,12.9,0.539,False,False,5699.2552,5834.0932,-0.0102,46.3992,0.4227
82e96128-1242-4e57-8a3e-9ea222df022c_3457-40,913,1,0,223.4,271.6,7.6,9.6,7.6,0.668,True,False,5319.8889,5301.5073,0.0015,26.6028,0.8755
82e96128-1242-4e57-8a3e-9ea222df022c_3457-40,913,1,1,123.0,221.8,10.4,12.6,10.4,0.548,False,False,357.5053,2440.4839,-0.8332,14.5693,0.2256
82e96128-1242-4e57-8a3e-9ea222df022c_3457-40,913,2,0,604.8,291.1,8.2,10.0,8.2,0.743,False,False,2572.3556,5830.0497,-0.3552,22.0379,0.7233
82e96128-1242-4e57-8a3e-9ea222df022c_3457-40,913,2,1,252.1,247.2,8.1,10.4,8.1,0.742,True,False,10529.0154,4149.3594,0.4043,34.8809,0.9369
82e96128-1242-4e57-8a3e-9ea222df022c_3457-40,913,2,2,168.5,198.0,8.5,10.3,8.5,0.537,False,False,177.01,3853.3916,-1.3355,11.0603,0.1594
82e96128-1242-4e57-8a3e-9ea222df022c_3457-40,913,2,3,553.6,288.5,7.4,8.9,7.4,0.416,False,False,2435.4222,3229.1548,-0.1225,32.4521,0.3639
82e96128-1242-4e57-8a3e-9ea222df022c_3457-40,913,3,0,278.0,245.3,10.1,12.3,10.1,0.665,True,False,8140.7956,4306.5379,0.2765,35.8637,0.8011
82e96128-1242-4e57-8a3e-9ea222df022c_3457-40,913,3,1,620.0,284.9,8.2,10.1,8.2,0.509,False,False,1803.3067,3891.053,-0.3339,22.7236,0.5425
82e96128-1242-4e57-8a3e-9ea222df022c_3457-40,913,3,2,178.8,194.4,8.7,11.0,8.7,0.492,False,False,1288.6275,3722.2444,-0.4605,14.8116,0.7673
82e96128-1242-4e57-8a3e-9ea222df022c_3457-40,913,4,0,294.9,274.8,11.3,14.0,11.3,0.751,True,False,6026.7483,4870.1982,0.0925,34.029,0.7161
82e96128-1242-4e57-8a3e-9ea222df022c_3457-40,913,4,1,0.6,307.1,15.6,22.2,15.6,0.552,False,True,3916.2001,5191.9001,-0.1224,54.7999,0.1153
82e96128-1242-4e57-8a3e-9ea222df022c_3457-40,913,4,2,81.2,299.1,13.3,16.7,13.3,0.456,False,False,8357.112,5198.9545,0.2061,36.14,0.8058
82e96128-1242-4e57-8a3e-9ea222df022c_3457-40,913,5,0,420.9,238.3,17.3,19.7,17.3,0.846,True,False,3492.3549,2849.3062,0.0884,30.6276,0.5706
82e96128-1242-4e57-8a3e-9ea222df022c_3457-40,913,5,1,97.3,247.5,12.0,14.7,12.0,0.426,False,False,1979.401,2004.4862,-0.0055,25.8594,0.4709
82e96128-1242-4e57-8a3e-9ea222df022c_3457-40,913,5,2,135.3,274.4,15.8,19.3,15.8,0.407,False,False,6576.5824,3725.1357,0.2468,50.3887,0.4132
830bd10c-4eb5-477d-9166-7d41ca86880a_963-23,914,1,0,541.2,78.0,73.2,80.0,73.2,0.76,False,False,38.8076,334.6112,-0.9259,9.229,-0.3354
830bd10c-4eb5-477d-9166-7d41ca86880a_963-23,914,2,0,40.9,25.2,36.3,40.9,36.3,0.76,True,False,27.269,162.5268,-0.7623,24.747,-1.3364
830bd10c-4eb5-477d-9166-7d41ca86880a_963-23,914,4,0,423.1,81.1,22.1,27.4,22.1,0.657,False,False,35.8224,745.4223,-1.3069,22.4085,-1.1356
83f18213-f8f8-44fa-b9ce-104c6ddbcd57_1657-94,916,1,0,521.4,340.0,21.6,30.4,21.6,0.736,True,False,3615.3497,488.6314,0.8684,40.0111,0.3536
83f18213-f8f8-44fa-b9ce-104c6ddbcd57_1657-94,916,1,1,262.8,394.8,15.1,18.8,15.1,0.605,True,False,257.4544,708.5207,-0.4386,8.3428,0.5636
83f18213-f8f8-44fa-b9ce-104c6ddbcd57_1657-94,916,1,2,256.0,321.5,14.8,18.6,14.8,0.504,False,False,39.1916,62.0439,-0.1955,8.7628,-0.2868
83f18213-f8f8-44fa-b9ce-104c6ddbcd57_1657-94,916,1,3,223.1,362.5,14.6,18.3,14.6,0.481,False,False,88.9871,144.2474,-0.2079,9.2854,0.0136
83f18213-f8f8-44fa-b9ce-104c6ddbcd57_1657-94,916,2,0,422.2,319.2,21.0,27.0,21.0,0.783,True,False,656.7631,1761.3961,-0.428,16.3614,0.3888
83f18213-f8f8-44fa-b9ce-104c6ddbcd57_1657-94,916,2,1,188.9,365.2,18.3,22.9,18.3,0.661,True,False,79.35,110.1772,-0.141,7.379,0.1611
83f18213-f8f8-44fa-b9ce-104c6ddbcd57_1657-94,916,2,2,157.5,418.8,17.0,21.9,17.0,0.595,False,False,58.3769,110.0391,-0.2719,6.6574,0.1173
83f18213-f8f8-44fa-b9ce-104c6ddbcd57_1657-94,916,3,0,247.6,332.2,32.1,38.9,32.1,0.794,True,False,21.4911,1222.8923,-1.7357,7.48,-0.4035
83f18213-f8f8-44fa-b9ce-104c6ddbcd57_1657-94,916,4,0,251.0,401.7,58.3,73.7,58.3,0.9,False,False,4.4364,556.0367,-2.0106,5.104,-0.6969
83f18213-f8f8-44fa-b9ce-104c6ddbcd57_1657-94,916,5,0,339.6,376.1,68.8,92.4,68.8,0.895,False,False,230.7946,86.5434,0.4229,12.1077,0.196
83f18213-f8f8-44fa-b9ce-104c6ddbcd57_1657-94,916,5,1,50.6,398.1,20.1,25.8,20.1,0.676,True,False,33.942,49.8781,-0.1632,6.7714,-0.1274
83f18213-f8f8-44fa-b9ce-104c6ddbcd57_1657-94,916,5,2,26.9,459.4,17.7,20.4,17.7,0.457,False,True,28.2,32.3917,-0.0583,7.6362,-0.3078
8447cf7c-d919-449a-be90-cdd05910fd9b_29-57,917,1,0,382.7,125.7,12.3,15.2,12.3,0.59,False,False,5011.0753,4599.9462,0.0372,28.5402,0.7886
8447cf7c-d919-449a-be90-cdd05910fd9b_29-57,917,2,0,219.1,118.4,14.2,17.5,14.2,0.455,False,False,1866.8923,2762.5503,-0.1701,21.1715,0.6189
8447cf7c-d919-449a-be90-cdd05910fd9b_29-57,917,3,0,165.3,109.7,13.6,16.9,13.6,0.692,False,False,5728.8206,6801.4458,-0.0745,32.0834,0.7452
8447cf7c-d919-449a-be90-cdd05910fd9b_29-57,917,4,0,19.8,84.6,18.8,23.3,18.8,0.786,False,False,2530.3027,2230.4476,0.0548,35.1127,0.3121
8447cf7c-d919-449a-be90-cdd05910fd9b_29-57,917,4,1,615.9,226.6,23.1,43.6,23.1,0.504,False,True,339.5457,893.7626,-0.4195,28.1891,-0.3685
8447cf7c-d919-449a-be90-cdd05910fd9b_29-57,917,5,0,580.4,123.1,60.1,90.2,60.1,0.808,False,True,126.4305,1332.5056,-1.0197,15.5931,-0.2824
8483fa90-f5dc-4d50-9561-244bfdf12ea3_659-48,919,1,0,148.6,253.6,29.6,40.2,29.6,0.445,False,False,4.9136,759.3604,-2.1092,19.8137,-1.8232
8483fa90-f5dc-4d50-9561-244bfdf12ea3_659-48,919,1,1,449.2,258.2,9.3,12.0,9.3,0.412,False,False,1396.2906,724.2502,0.2848,16.3929,0.7144
8483fa90-f5dc-4d50-9561-244bfdf12ea3_659-48,919,2,0,294.0,265.4,25.0,37.3,25.0,0.502,False,False,15.7216,1795.634,-2.0312,31.7079,-1.7795
8483fa90-f5dc-4d50-9561-244bfdf12ea3_659-48,919,3,0,521.2,240.5,33.1,38.5,33.1,0.543,False,False,46.6264,1010.8959,-1.3273,28.0873,-1.2197
8483fa90-f5dc-4d50-9561-244bfdf12ea3_659-48,919,4,0,215.4,351.9,46.8,64.4,46.8,0.658,False,False,997.7589,2774.1246,-0.4438,26.0556,0.167
8483fa90-f5dc-4d50-9561-244bfdf12ea3_659-48,919,5,0,309.7,355.0,61.0,68.7,61.0,0.793,False,False,1917.4279,2799.9947,-0.1644,23.2597,0.5489
8483fa90-f5dc-4d50-9561-244bfdf12ea3_659-48,919,5,1,345.8,351.8,50.2,68.8,50.2,0.499,False,False,792.0982,3005.6003,-0.5787,24.8872,0.1067
84ec85f6-c167-413c-829d-9c6915519c57_249-09,920,1,0,319.7,198.7,111.5,168.7,111.5,0.599,False,False,1248.3223,2219.1208,-0.2497,41.2778,-0.135
84ec85f6-c167-413c-829d-9c6915519c57_249-09,920,3,0,288.2,397.9,16.1,20.1,16.1,0.509,False,False,1647.383,1017.154,0.2092,19.4189,0.6395
84ec85f6-c167-413c-829d-9c6915519c57_249-09,920,3,1,346.3,430.2,34.2,35.0,34.2,0.482,False,False,908.2165,4013.9158,-0.645,19.2663,0.3879
84ec85f6-c167-413c-829d-9c6915519c57_249-09,920,4,0,445.9,419.2,16.5,20.0,16.5,0.409,False,False,668.8233,519.1682,0.1098,16.2689,0.4016
84ec85f6-c167-413c-829d-9c6915519c57_3997-33,921,2,0,512.2,11.8,132.8,190.7,132.8,0.574,False,True,1143.4059,1427.3387,-0.0963,51.0535,-0.3576
84ec85f6-c167-413c-829d-9c6915519c57_3997-33,921,5,0,353.2,382.2,39.3,47.8,39.3,0.526,False,False,209.4075,1217.47,-0.7628,41.3091,-0.9093
84ec85f6-c167-413c-829d-9c6915519c57_919-33,922,3,0,19.2,163.1,33.1,38.7,33.1,0.471,False,False,1788.962,1953.925,-0.0383,36.2694,0.1334
84ec85f6-c167-413c-829d-9c6915519c57_919-33,922,4,0,447.7,296.9,113.2,135.7,113.2,0.454,False,False,1361.5935,1896.4706,-0.1438,46.9498,-0.2091
85b87948-4578-4912-95cb-addd19cfd31a_1580-85,925,3,0,505.7,147.5,14.4,17.5,14.4,0.706,True,False,868.715,3461.6156,-0.6,15.534,0.555
85b87948-4578-4912-95cb-addd19cfd31a_1580-85,925,4,0,221.9,333.3,152.0,148.3,148.3,0.428,False,True,2961.171,5935.2696,-0.3019,54.4371,-0.0003
85b87948-4578-4912-95cb-addd19cfd31a_1581-49,926,2,0,505.7,147.5,14.4,17.5,14.4,0.706,True,False,868.715,3461.6156,-0.6,15.534,0.555
85b87948-4578-4912-95cb-addd19cfd31a_1581-49,926,3,0,221.9,333.3,152.0,148.3,148.3,0.428,False,True,2961.171,5935.2696,-0.3019,54.4371,-0.0003
85b87948-4578-4912-95cb-addd19cfd31a_3435-98,927,3,0,470.7,56.6,102.4,132.7,102.4,0.882,True,False,54.9178,946.2594,-1.2289,11.9762,-0.4121
860be163-394f-48bb-9068-37e1c383ff73_736-68,928,2,0,306.0,57.2,17.6,21.2,17.6,0.53,False,False,50.7544,591.6078,-1.0588,10.8073,-0.3572
860be163-394f-48bb-9068-37e1c383ff73_736-68,928,5,0,232.5,13.9,354.8,503.8,354.8,0.428,False,True,11.1717,13.2733,-0.0692,29.2095,-1.8462
860be163-394f-48bb-9068-37e1c383ff73_764-03,929,1,0,198.4,103.7,71.8,94.0,71.8,0.929,True,False,4.6171,131.5543,-1.3729,13.8761,-1.5373
860be163-394f-48bb-9068-37e1c383ff73_764-03,929,2,0,541.7,67.3,43.0,49.1,43.0,0.496,False,False,295.5917,178.2345,0.2187,36.9812,-0.6641
860be163-394f-48bb-9068-37e1c383ff73_764-03,929,3,0,156.8,-1.3,83.3,57.0,57.0,0.524,False,True,5.4255,69.0805,-1.0377,9.6194,-1.1631
860be163-394f-48bb-9068-37e1c383ff73_764-03,929,3,1,572.9,65.6,58.1,63.3,58.1,0.437,False,False,403.9481,56.4094,0.8484,43.203,-0.6639
860be163-394f-48bb-9068-37e1c383ff73_764-03,929,3,2,342.5,13.4,22.6,26.6,22.6,0.413,False,False,166.4109,271.3705,-0.2114,19.7509,-0.3685
860be163-394f-48bb-9068-37e1c383ff73_764-03,929,4,0,154.5,125.3,74.9,99.9,74.9,0.909,True,False,4.6805,74.3123,-1.1225,13.9001,-1.5339
860be163-394f-48bb-9068-37e1c383ff73_764-03,929,5,0,318.5,18.2,18.0,23.0,18.0,0.571,False,False,192.8539,445.9818,-0.3628,24.3873,-0.4876
860be163-394f-48bb-9068-37e1c383ff73_764-03,929,5,1,-0.2,3.7,135.5,142.9,135.5,0.453,False,True,9.9682,11.5528,-0.0586,11.7187,-1.1008
862f0fa5-2c3e-4a6c-ab93-c059637eee8c_49-84,930,1,0,192.4,321.6,155.7,158.5,155.7,0.641,False,True,1024.3632,984.354,0.0173,49.5438,-0.3793
865ff1fd-d17e-4642-b111-8f1a1da5a2d4_748-29,933,2,0,42.8,75.3,19.8,27.7,19.8,0.604,False,False,2774.864,1240.5163,0.3494,26.0896,0.6098
8672b38a-7682-4244-ad7a-a336c81c2d0e_1054-38,934,3,0,585.6,284.7,53.8,83.3,53.8,0.503,False,True,465.1816,2571.3617,-0.7418,40.7522,-0.552
8672b38a-7682-4244-ad7a-a336c81c2d0e_1056-99,935,1,0,585.6,284.7,53.8,83.3,53.8,0.503,False,True,465.1816,2571.3617,-0.7418,40.7522,-0.552
8677afac-95b4-4ec1-aec5-39c90fd8374c_271-68,936,1,0,58.5,319.6,16.7,23.2,16.7,0.415,False,False,603.6398,774.4621,-0.1081,18.4135,0.2499
86fb4797-274f-4807-848a-8b1ddc5c29e8_728-96,937,1,0,481.1,0.3,22.4,20.1,20.1,0.834,True,True,499.8219,5641.475,-1.0518,14.9205,0.3502
86fb4797-274f-4807-848a-8b1ddc5c29e8_728-96,937,2,0,501.9,0.7,26.8,22.4,22.4,0.84,True,True,2176.411,4456.5646,-0.3112,25.9234,0.5099
86fb4797-274f-4807-848a-8b1ddc5c29e8_728-96,937,3,0,510.3,1.2,23.6,20.4,20.4,0.723,True,True,1402.6166,4497.0911,-0.5058,30.1937,0.1869
86fb4797-274f-4807-848a-8b1ddc5c29e8_728-96,937,4,0,365.8,153.9,30.0,34.9,30.0,0.903,True,False,1464.275,4848.7098,-0.5198,36.7536,0.035
86fb4797-274f-4807-848a-8b1ddc5c29e8_728-96,937,5,0,314.4,28.0,34.8,43.9,34.8,0.912,True,False,2039.4034,4835.6615,-0.3748,39.416,0.1181
86fb4797-274f-4807-848a-8b1ddc5c29e8_730-35,938,1,0,510.1,1.3,24.3,20.8,20.8,0.765,True,True,1455.5719,4726.0801,-0.5113,29.7278,0.2165
86fb4797-274f-4807-848a-8b1ddc5c29e8_730-35,938,2,0,372.3,146.3,29.5,36.8,29.5,0.9,True,False,1421.8213,5012.0917,-0.547,35.6377,0.049
86fb4797-274f-4807-848a-8b1ddc5c29e8_730-35,938,3,0,327.8,30.6,35.7,42.9,35.7,0.927,True,False,2106.3561,4503.9506,-0.33,39.9733,0.1199
86fb4797-274f-4807-848a-8b1ddc5c29e8_730-35,938,4,0,267.2,90.5,47.4,54.0,47.4,0.913,True,False,1514.9533,3843.6854,-0.4042,39.0968,-0.0039
86fb4797-274f-4807-848a-8b1ddc5c29e8_730-35,938,5,0,268.5,186.9,62.7,71.6,62.7,0.919,False,False,1279.9911,3125.2985,-0.3875,46.7444,-0.2321
86fb4797-274f-4807-848a-8b1ddc5c29e8_769-33,939,3,0,324.1,45.0,61.1,84.0,61.1,0.41,False,False,2876.2249,2837.8547,0.0058,26.054,0.6266
86fb4797-274f-4807-848a-8b1ddc5c29e8_769-33,939,4,0,7.7,-8.4,221.9,369.7,221.9,0.585,False,True,182.4217,459.8053,-0.4001,25.1344,-0.5378
86fb4797-274f-4807-848a-8b1ddc5c29e8_769-33,939,5,0,137.0,38.7,26.0,31.0,26.0,0.856,True,False,2017.8506,8354.3642,-0.6169,36.7915,0.1733
86fb4797-274f-4807-848a-8b1ddc5c29e8_808-67,940,1,0,535.0,277.9,60.0,77.2,60.0,0.885,False,False,105.2999,1223.851,-1.0616,30.3409,-0.938
86fb4797-274f-4807-848a-8b1ddc5c29e8_808-67,940,1,1,24.0,222.5,86.6,129.9,86.6,0.506,False,False,414.9568,908.0028,-0.3395,16.7393,0.17
86fb4797-274f-4807-848a-8b1ddc5c29e8_808-67,940,3,0,514.2,306.5,42.6,51.1,42.6,0.889,False,True,563.8932,3125.5834,-0.7431,27.2899,-0.1206
8774b5c6-83aa-43b0-8a51-00f173949944_3529-30,941,4,0,307.4,109.9,52.9,57.1,52.9,0.601,False,False,50.2867,521.2217,-1.0079,8.3631,-0.1409
8774b5c6-83aa-43b0-8a51-00f173949944_421-89,942,1,0,495.8,187.1,24.5,30.7,24.5,0.541,False,False,9.538,1397.3111,-2.1228,6.6758,-0.6359
878666b9-5f3d-476a-960f-3a5d02da7619_15170-34,943,4,0,267.9,40.1,57.6,71.2,57.6,0.434,False,False,2881.8103,1216.2516,0.3744,71.3337,-0.2469
878666b9-5f3d-476a-960f-3a5d02da7619_15170-34,943,5,0,595.7,69.4,32.4,44.3,32.4,0.516,False,False,1984.7853,2053.672,-0.0148,41.4857,0.0619
878666b9-5f3d-476a-960f-3a5d02da7619_6890-95,949,1,0,451.0,66.6,51.3,99.0,51.3,0.548,False,False,979.4336,2856.2968,-0.4645,51.5679,-0.4335
878666b9-5f3d-476a-960f-3a5d02da7619_6890-95,949,1,1,433.5,83.8,40.9,54.2,40.9,0.501,False,False,2738.2619,2745.8331,-0.0012,81.3748,-0.3834
878666b9-5f3d-476a-960f-3a5d02da7619_6890-95,949,2,0,625.2,43.8,14.3,22.0,14.3,0.402,False,True,3651.7455,2470.2131,0.1697,32.3692,0.5419
878666b9-5f3d-476a-960f-3a5d02da7619_6890-95,949,3,0,590.3,96.6,11.8,15.5,11.8,0.521,False,False,3578.1632,1461.198,0.3888,30.4854,0.5851
878666b9-5f3d-476a-960f-3a5d02da7619_6890-95,949,4,0,569.6,134.3,64.9,97.2,64.9,0.606,False,False,1415.2679,1912.7333,-0.1307,47.8649,-0.2091
878666b9-5f3d-476a-960f-3a5d02da7619_6890-95,949,4,1,1.6,90.7,26.8,41.1,26.8,0.531,False,True,15.3203,382.7255,-1.3713,16.7966,-1.2393
878666b9-5f3d-476a-960f-3a5d02da7619_6890-95,949,5,0,10.8,70.4,207.6,248.8,207.6,0.613,False,False,558.2278,550.529,0.006,37.6782,-0.4049
878666b9-5f3d-476a-960f-3a5d02da7619_6890-95,949,5,1,1.3,-2.2,25.9,29.7,25.9,0.531,False,True,36.8113,238.8894,-0.8024,10.1507,-0.4396
878666b9-5f3d-476a-960f-3a5d02da7619_6890-95,949,5,2,560.2,40.0,58.2,68.7,58.2,0.517,False,False,405.0016,1515.5892,-0.5723,45.6685,-0.7109
878666b9-5f3d-476a-960f-3a5d02da7619_7108-62,950,1,0,119.1,29.4,47.8,62.9,47.8,0.472,False,False,436.9244,3570.552,-0.9115,45.516,-0.6751
878666b9-5f3d-476a-960f-3a5d02da7619_7108-62,950,1,1,120.0,48.2,63.2,91.2,63.2,0.458,False,False,6233.3355,1574.0558,0.5975,64.3833,0.1771
878666b9-5f3d-476a-960f-3a5d02da7619_7108-62,950,2,0,257.0,30.3,24.0,31.6,24.0,0.684,True,False,463.2986,590.451,-0.1051,15.1293,0.3053
878666b9-5f3d-476a-960f-3a5d02da7619_7108-62,950,2,1,402.3,142.3,64.1,79.6,64.1,0.412,False,False,1564.6697,1041.9597,0.1764,66.5741,-0.452
878666b9-5f3d-476a-960f-3a5d02da7619_7108-62,950,3,0,189.0,54.2,20.3,26.1,20.3,0.791,True,False,81.2066,479.8312,-0.7671,15.8787,-0.4884
878666b9-5f3d-476a-960f-3a5d02da7619_7108-62,950,3,1,85.4,130.3,47.7,63.1,47.7,0.711,False,False,3619.0651,1502.2387,0.3817,81.4308,-0.2629
878666b9-5f3d-476a-960f-3a5d02da7619_7108-62,950,4,0,445.2,184.7,42.7,60.9,42.7,0.558,False,False,191.588,1059.1138,-0.7407,29.8939,-0.667
88193924-6780-4290-b8ba-85676e98387a_783-81,951,1,0,515.8,24.8,77.5,97.7,77.5,0.918,True,False,108.1588,104.1988,0.016,39.8379,-1.1628
88193924-6780-4290-b8ba-85676e98387a_783-81,951,4,0,234.9,1.3,63.8,57.0,57.0,0.924,True,True,55.0533,37.6379,0.1616,25.6911,-1.0716
88193924-6780-4290-b8ba-85676e98387a_783-81,951,5,0,202.4,62.9,60.1,78.9,60.1,0.936,True,False,198.0348,73.9262,0.4243,31.42,-0.6959
88193924-6780-4290-b8ba-85676e98387a_791-58,952,1,0,368.2,62.8,58.1,75.4,58.1,0.928,True,False,96.907,46.7496,0.3118,34.9526,-1.0965
88193924-6780-4290-b8ba-85676e98387a_791-58,952,2,0,412.4,36.0,60.2,80.1,60.2,0.921,True,False,111.2203,50.0132,0.3424,33.0088,-0.9876
88193924-6780-4290-b8ba-85676e98387a_791-58,952,3,0,339.1,59.8,55.7,74.0,55.7,0.932,True,False,252.0701,310.3645,-0.09,34.4244,-0.6709
88193924-6780-4290-b8ba-85676e98387a_791-58,952,4,0,393.4,53.4,61.8,82.0,61.8,0.932,True,False,169.2885,151.6879,0.0474,32.5125,-0.7933
88193924-6780-4290-b8ba-85676e98387a_791-58,952,5,0,254.4,50.9,64.8,83.8,64.8,0.934,True,False,178.3395,225.7831,-0.1019,32.3156,-0.7656
88faccde-dd5d-4af2-b769-8f0547c2c6a3_826-95,953,1,0,300.6,12.6,30.4,36.5,30.4,0.751,True,False,9.8417,3990.4781,-2.566,16.3986,-1.3961
88faccde-dd5d-4af2-b769-8f0547c2c6a3_826-95,953,2,0,245.4,2.0,86.3,90.9,86.3,0.776,False,True,1047.8493,4117.2092,-0.594,48.2493,-0.3465
88faccde-dd5d-4af2-b769-8f0547c2c6a3_826-95,953,3,0,1.3,7.7,97.3,115.2,97.3,0.452,False,True,2655.0787,3508.6248,-0.121,33.367,0.3772
88faccde-dd5d-4af2-b769-8f0547c2c6a3_826-95,953,4,0,99.8,1.1,44.5,34.4,34.4,0.498,False,True,2305.8946,5621.3369,-0.3869,29.5826,0.4205
88faccde-dd5d-4af2-b769-8f0547c2c6a3_826-95,953,5,0,369.6,0.3,61.2,53.7,53.7,0.821,False,True,835.4195,2045.6433,-0.3886,34.6724,-0.1579
891169d0-2846-47ce-9f3e-13ac1e6ff85a_10-93,954,1,0,192.5,64.5,33.6,43.2,33.6,0.48,False,False,496.5156,648.5366,-0.1158,45.8627,-0.6263
89d8c9c5-fa11-4674-b08f-007f81958555_1391-21,955,5,0,144.8,274.6,25.7,33.2,25.7,0.662,True,False,711.5505,7125.3536,-1.0001,15.4355,0.474
89d8c9c5-fa11-4674-b08f-007f81958555_1484-97,956,2,0,560.7,121.1,43.4,55.6,43.4,0.426,False,False,363.7979,1337.8601,-0.5647,19.1925,-0.0054
89d8c9c5-fa11-4674-b08f-007f81958555_1642-22,957,5,0,183.0,291.2,43.2,74.0,43.2,0.46,False,True,17.6165,2210.7669,-2.0748,9.0156,-0.6454
89d8c9c5-fa11-4674-b08f-007f81958555_179-03,959,1,0,308.4,1.8,194.7,195.5,194.7,0.514,False,True,469.4521,1358.075,-0.4607,67.9741,-0.9923
89d8c9c5-fa11-4674-b08f-007f81958555_2-14,960,1,0,291.2,312.1,64.0,70.6,64.0,0.518,False,True,97.3964,156.791,-0.2051,23.6315,-0.7548
89d8c9c5-fa11-4674-b08f-007f81958555_227-24,961,2,0,-16.5,-15.0,268.1,404.1,268.1,0.483,False,True,2454.097,1036.2993,0.3742,63.4373,-0.2147
89d8c9c5-fa11-4674-b08f-007f81958555_227-24,961,3,0,442.3,256.4,71.6,75.2,71.6,0.501,False,False,3744.4827,1568.754,0.3777,51.0597,0.1572
89d8c9c5-fa11-4674-b08f-007f81958555_227-24,961,4,0,475.3,212.3,42.0,47.3,42.0,0.461,False,False,4.7844,1610.9742,-2.4451,14.9912,-1.5913
89d8c9c5-fa11-4674-b08f-007f81958555_240-15,962,5,0,143.2,137.6,102.8,107.0,102.8,0.588,False,False,2.626,457.5713,-2.102,14.8071,-1.7835
89d8c9c5-fa11-4674-b08f-007f81958555_252-29,963,1,0,232.7,140.2,124.3,154.5,124.3,0.8,False,False,3.9076,1320.0942,-2.4301,64.9008,-2.9337
89d8c9c5-fa11-4674-b08f-007f81958555_252-29,963,1,1,128.2,116.7,65.9,94.0,65.9,0.453,False,False,3.0246,1322.9748,-2.5172,24.6018,-2.1779
8b1d4210-a174-4617-8311-df4b32785d28_1114-53,967,1,0,397.5,48.0,62.9,76.5,62.9,0.931,True,False,369.4753,426.4601,-0.0621,25.7911,-0.2548
8b1d4210-a174-4617-8311-df4b32785d28_1114-53,967,2,0,457.3,65.9,63.1,80.1,63.1,0.935,True,False,947.0778,989.9102,-0.0192,26.7038,0.1231
8b1d4210-a174-4617-8311-df4b32785d28_1114-53,967,3,0,463.8,72.8,35.7,60.1,35.7,0.866,True,False,100.8949,693.2667,-0.8334,29.4095,-0.9293
8b1d4210-a174-4617-8311-df4b32785d28_1114-53,967,4,0,272.1,115.1,48.9,63.2,48.9,0.937,True,False,1021.4279,367.8335,0.4428,30.8162,0.0316
8b1d4210-a174-4617-8311-df4b32785d28_1114-53,967,5,0,338.4,92.5,54.9,67.4,54.9,0.938,True,False,278.7261,244.7681,0.0562,26.8826,-0.4128
8b72b54f-f87c-4fdb-84dc-97e42ab111ac_824-00,968,1,0,-8.1,266.8,169.7,200.3,169.7,0.434,False,True,170.2044,217.2987,-0.1055,36.026,-0.8801
8b72b54f-f87c-4fdb-84dc-97e42ab111ac_824-00,968,2,0,-3.3,328.9,126.3,151.8,126.3,0.53,False,True,202.2127,69.9686,0.4569,38.3676,-0.8603
8b72b54f-f87c-4fdb-84dc-97e42ab111ac_824-00,968,3,0,-6.6,298.4,156.0,144.9,144.9,0.749,False,True,292.4398,60.3853,0.6795,37.7616,-0.6869
8b72b54f-f87c-4fdb-84dc-97e42ab111ac_824-00,968,3,1,337.6,222.5,68.7,99.8,68.7,0.608,False,False,21.3467,110.03,-0.6962,36.3373,-1.7718
8b72b54f-f87c-4fdb-84dc-97e42ab111ac_824-00,968,4,0,-1.7,272.4,152.3,160.8,152.3,0.469,False,True,418.3493,91.6674,0.6556,39.2352,-0.5651
8b82316c-c293-49a7-b401-a3cc026ab1d0_2095-46,969,1,0,523.5,20.6,86.0,107.7,86.0,0.889,True,False,60.9294,75.3203,-0.0907,23.8288,-0.9631
8b82316c-c293-49a7-b401-a3cc026ab1d0_2095-46,969,1,1,296.6,-0.1,37.6,32.8,32.8,0.595,False,True,58.8457,1238.8039,-1.3163,32.9962,-1.2603
8b82316c-c293-49a7-b401-a3cc026ab1d0_2095-46,969,1,2,398.9,204.4,60.2,68.0,60.2,0.464,False,False,490.3822,58.8118,0.9146,40.0517,-0.5141
8b82316c-c293-49a7-b401-a3cc026ab1d0_2095-46,969,2,0,465.0,7.6,81.2,116.7,81.2,0.904,True,False,595.3512,433.0614,0.138,29.8605,-0.1752
8b82316c-c293-49a7-b401-a3cc026ab1d0_2095-46,969,3,0,482.0,26.0,80.8,108.5,80.8,0.885,True,False,489.1683,468.274,0.0189,27.6605,-0.1939
8b82316c-c293-49a7-b401-a3cc026ab1d0_2095-46,969,4,0,486.0,25.5,78.7,99.7,78.7,0.902,True,False,610.8224,554.0364,0.0423,26.8755,-0.0727
8b82316c-c293-49a7-b401-a3cc026ab1d0_2095-46,969,5,0,498.7,18.0,75.3,94.9,75.3,0.904,True,False,467.6936,434.5445,0.0319,27.3724,-0.2043
8b82316c-c293-49a7-b401-a3cc026ab1d0_2988-29,970,2,0,571.6,2.1,55.2,60.6,55.2,0.703,True,True,151.6979,1003.8203,-0.8183,12.2521,0.0045
8b82316c-c293-49a7-b401-a3cc026ab1d0_2988-29,970,3,0,512.0,0.1,81.7,88.3,81.7,0.9,True,True,528.6873,512.6283,0.0134,27.9482,-0.1692
8b82316c-c293-49a7-b401-a3cc026ab1d0_2988-29,970,3,1,381.8,30.0,9.8,12.7,9.8,0.401,False,False,75.7355,5005.678,-1.8146,13.3826,-0.3705
8b82316c-c293-49a7-b401-a3cc026ab1d0_2988-29,970,4,0,548.5,-2.3,80.3,80.8,80.3,0.865,True,True,357.7194,561.8228,-0.1956,28.3658,-0.3514
8b82316c-c293-49a7-b401-a3cc026ab1d0_2988-29,970,5,0,583.5,-3.7,58.3,109.3,58.3,0.824,True,True,542.5841,742.3227,-0.1359,28.7769,-0.1833
8b82316c-c293-49a7-b401-a3cc026ab1d0_2988-29,970,5,1,202.1,-8.2,134.3,160.7,134.3,0.5,False,True,1158.3976,3022.2226,-0.4162,32.9378,0.0284
8b82316c-c293-49a7-b401-a3cc026ab1d0_3206-95,971,1,0,573.3,0.9,68.3,67.2,67.2,0.865,True,True,194.964,889.022,-0.6572,24.4921,-0.4866
8b82316c-c293-49a7-b401-a3cc026ab1d0_3206-95,971,1,1,22.5,93.8,14.5,18.7,14.5,0.415,False,False,909.255,5221.3748,-0.7587,25.016,0.162
8b82316c-c293-49a7-b401-a3cc026ab1d0_3206-95,971,2,0,571.0,0.8,64.8,84.3,64.8,0.9,True,True,438.5688,1178.1621,-0.4285,25.5435,-0.1722
8b82316c-c293-49a7-b401-a3cc026ab1d0_3206-95,971,3,0,591.5,5.3,48.5,80.6,48.5,0.845,True,True,857.2073,1230.8462,-0.157,29.7972,-0.0152
8b82316c-c293-49a7-b401-a3cc026ab1d0_3206-95,971,3,1,20.7,98.2,12.4,15.4,12.4,0.599,False,False,625.6921,5597.7049,-0.951,21.4493,0.1333
8b82316c-c293-49a7-b401-a3cc026ab1d0_3206-95,971,3,2,389.3,0.0,31.9,28.5,28.5,0.483,False,True,1468.8633,2008.4645,-0.1358,30.7041,0.1924
8b82316c-c293-49a7-b401-a3cc026ab1d0_3206-95,971,4,0,514.0,-4.0,89.5,88.6,88.6,0.861,True,True,86.0503,280.6038,-0.5099,26.9573,-0.9222
8b82316c-c293-49a7-b401-a3cc026ab1d0_3206-95,971,5,0,479.7,-2.9,93.1,91.7,91.7,0.876,True,True,256.4893,587.9229,-0.3593,28.2301,-0.4912
8b82316c-c293-49a7-b401-a3cc026ab1d0_3445-90,972,2,0,589.8,14.0,48.0,69.6,48.0,0.844,True,True,173.1282,543.7821,-0.4954,21.6711,-0.4318
8b82316c-c293-49a7-b401-a3cc026ab1d0_3445-90,972,2,1,58.5,120.3,14.9,19.3,14.9,0.594,False,False,964.5163,2990.2591,-0.4911,25.1685,0.1824
8b82316c-c293-49a7-b401-a3cc026ab1d0_3445-90,972,2,2,44.1,107.0,11.9,14.8,11.9,0.511,False,False,84.8163,1143.6028,-1.1251,13.8572,-0.352
8b82316c-c293-49a7-b401-a3cc026ab1d0_3445-90,972,3,0,590.7,7.4,48.0,75.4,48.0,0.822,True,True,403.2889,688.1683,-0.2316,28.1334,-0.2923
8b82316c-c293-49a7-b401-a3cc026ab1d0_3445-90,972,3,1,50.7,98.2,11.5,14.9,11.5,0.592,False,False,309.2391,2217.524,-0.8544,18.6074,-0.0489
8b82316c-c293-49a7-b401-a3cc026ab1d0_3445-90,972,3,2,60.9,111.1,15.7,20.3,15.7,0.566,False,False,1762.4618,6354.443,-0.5568,25.9476,0.4175
8b82316c-c293-49a7-b401-a3cc026ab1d0_3445-90,972,4,0,537.7,3.2,70.0,64.6,64.6,0.713,True,True,83.4027,526.7232,-0.796,18.7367,-0.6203
8b82316c-c293-49a7-b401-a3cc026ab1d0_3445-90,972,5,0,502.6,3.7,76.2,90.3,76.2,0.874,True,True,713.0488,973.9731,-0.1353,26.9109,-0.0067
8b82db7f-5c39-4850-8a70-97e2615d4faa_508-54,973,3,0,2.1,104.8,61.3,77.7,61.3,0.619,False,True,1789.3686,1513.972,0.0725,64.0933,-0.3608
8b82db7f-5c39-4850-8a70-97e2615d4faa_508-54,973,3,1,169.0,49.5,160.4,158.0,158.0,0.416,False,False,2470.3783,2068.402,0.0771,55.3622,-0.0936
8b82db7f-5c39-4850-8a70-97e2615d4faa_508-54,973,5,0,233.5,229.9,66.0,75.6,66.0,0.535,False,False,932.5149,1468.7221,-0.1971,25.8583,0.1443
8be6e0c4-a80d-41a3-a1c5-5911ae236990_317-18,979,1,0,128.4,191.4,75.1,90.0,75.1,0.844,False,False,2.7584,664.8252,-2.2484,13.516,-1.6891
8be6e0c4-a80d-41a3-a1c5-5911ae236990_317-18,979,2,0,241.3,56.5,111.5,152.1,111.5,0.688,False,False,48.6653,1032.3652,-1.3182,32.84,-1.3372
8be6e0c4-a80d-41a3-a1c5-5911ae236990_317-18,979,5,0,240.1,248.9,46.1,63.1,46.1,0.802,False,False,15.0599,18.9158,-0.0935,16.9722,-1.2552
8be6e0c4-a80d-41a3-a1c5-5911ae236990_317-18,979,5,1,511.7,80.2,25.2,35.1,25.2,0.423,False,False,197.9928,195.6703,0.0051,16.0684,-0.1148
8be6e0c4-a80d-41a3-a1c5-5911ae236990_317-18,979,5,2,258.0,173.5,20.4,24.4,20.4,0.404,False,False,95.2919,308.2889,-0.5068,19.6505,-0.6043
8c075dc9-9c6a-43cf-8c6e-fb1af3624cf0_842-26,980,5,0,603.2,86.9,18.4,22.5,18.4,0.403,False,False,10.6604,110.6003,-0.981,2.6738,0.1556
8c3c68c9-eeec-4f51-881f-3cc6340679ec_0-04,981,1,0,418.6,114.9,60.7,73.0,60.7,0.932,True,False,401.7157,968.5195,-0.3816,42.2504,-0.6469
8c3c68c9-eeec-4f51-881f-3cc6340679ec_0-04,981,2,0,456.5,138.1,53.8,64.7,53.8,0.888,False,False,105.0587,215.4106,-0.3097,30.562,-0.9453
8c3c68c9-eeec-4f51-881f-3cc6340679ec_0-04,981,3,0,485.4,102.7,66.6,81.6,66.6,0.925,True,False,294.8087,938.2658,-0.5018,41.9695,-0.7751
8c3c68c9-eeec-4f51-881f-3cc6340679ec_0-04,981,4,0,494.2,104.2,70.1,82.0,70.1,0.928,True,False,207.4405,596.1084,-0.4571,40.9574,-0.9059
8c3c68c9-eeec-4f51-881f-3cc6340679ec_0-04,981,5,0,474.1,320.1,76.9,64.1,64.1,0.582,False,True,27.0877,796.1368,-1.453,34.0069,-1.615
8c3c68c9-eeec-4f51-881f-3cc6340679ec_1138-68,982,1,0,291.3,228.2,41.0,54.0,41.0,0.908,True,False,384.5771,2514.7874,-0.8146,42.3989,-0.6688
8c3c68c9-eeec-4f51-881f-3cc6340679ec_1138-68,982,2,0,271.6,196.0,51.8,65.4,51.8,0.906,True,False,182.2387,621.2603,-0.531,34.9116,-0.8233
8c3c68c9-eeec-4f51-881f-3cc6340679ec_1138-68,982,2,1,565.7,30.6,71.8,78.5,71.8,0.481,False,True,185.6442,211.397,-0.0561,24.0667,-0.4926
8c3c68c9-eeec-4f51-881f-3cc6340679ec_1138-68,982,3,0,271.0,168.9,48.7,62.1,48.7,0.898,True,False,501.3109,1551.9709,-0.4902,38.7201,-0.4752
8c3c68c9-eeec-4f51-881f-3cc6340679ec_1138-68,982,4,0,276.7,178.7,49.7,62.3,49.7,0.885,True,False,317.0238,866.5346,-0.4358,38.5475,-0.6698
8c3c68c9-eeec-4f51-881f-3cc6340679ec_1138-68,982,5,0,530.8,42.5,48.1,60.4,48.1,0.916,True,False,73.232,222.6122,-0.4789,33.6335,-1.1833
8c3c68c9-eeec-4f51-881f-3cc6340679ec_1138-68,982,5,1,37.6,41.2,17.7,24.2,17.7,0.734,False,False,63.7186,124.7576,-0.2885,29.6361,-1.1331
8cda2388-6f45-46d4-8ded-4ba2e23b309f_463-28,984,1,0,289.2,150.5,59.2,69.4,59.2,0.905,True,False,730.4027,5011.4788,-0.8359,30.2486,-0.0977
8cda2388-6f45-46d4-8ded-4ba2e23b309f_463-28,984,1,1,59.6,213.4,45.6,59.4,45.6,0.878,False,False,4108.0393,3004.5745,0.1358,87.2104,-0.2675
8cda2388-6f45-46d4-8ded-4ba2e23b309f_463-28,984,2,0,240.2,70.2,85.5,118.6,85.5,0.931,True,False,1819.2622,5818.2974,-0.5047,46.3222,-0.0716
8cda2388-6f45-46d4-8ded-4ba2e23b309f_463-28,984,5,0,268.5,186.7,60.1,74.5,60.1,0.775,False,False,2450.1649,3231.2693,-0.1201,103.2263,-0.6382
8cda2388-6f45-46d4-8ded-4ba2e23b309f_463-28,984,5,1,12.8,129.3,31.0,46.5,31.0,0.681,True,False,4861.6269,3526.0824,0.1395,92.2824,-0.2434
8d3b84a9-e747-47c1-8f09-726fdde7986c_1371-62,985,2,0,135.4,5.1,35.0,38.7,35.0,0.656,False,False,533.799,331.1165,0.2069,28.0082,-0.1669
8d3b84a9-e747-47c1-8f09-726fdde7986c_1371-62,985,4,0,66.2,1.2,144.7,130.0,130.0,0.53,False,True,887.996,411.0509,0.3339,37.4446,-0.1982
8d4895eb-b2d1-43b8-90f1-e80fcc37797b_2448-11,986,2,0,420.7,0.4,15.8,16.2,15.8,0.453,False,True,159.8678,2571.4771,-1.2039,19.4601,-0.373
8d4895eb-b2d1-43b8-90f1-e80fcc37797b_2448-11,986,2,1,148.8,152.7,12.6,16.6,12.6,0.422,False,False,1531.8977,1027.0041,0.1735,25.7572,0.3631
8d4895eb-b2d1-43b8-90f1-e80fcc37797b_2448-11,986,3,0,72.6,263.8,20.2,24.3,20.2,0.705,False,False,401.6344,338.7379,0.0738,19.8532,0.0081
8d4895eb-b2d1-43b8-90f1-e80fcc37797b_2448-11,986,3,1,110.4,26.8,10.8,13.1,10.8,0.495,False,False,2971.5641,1781.7359,0.222,43.4061,0.1978
8d4895eb-b2d1-43b8-90f1-e80fcc37797b_2448-11,986,3,2,113.1,19.1,12.8,15.8,12.8,0.485,False,False,481.093,2127.6528,-0.645,14.2254,0.3749
8d4895eb-b2d1-43b8-90f1-e80fcc37797b_2448-11,986,3,3,422.4,121.8,37.5,50.1,37.5,0.404,False,False,1495.3935,1115.5183,0.1272,33.8768,0.1149
8d4895eb-b2d1-43b8-90f1-e80fcc37797b_2448-11,986,5,0,602.0,185.1,34.8,67.0,34.8,0.737,False,True,300.7735,443.1588,-0.1679,27.9171,-0.4126
8d4895eb-b2d1-43b8-90f1-e80fcc37797b_2448-11,986,5,1,531.3,84.3,47.4,68.0,47.4,0.668,False,False,980.5095,643.281,0.1828,39.2479,-0.196
8d4895eb-b2d1-43b8-90f1-e80fcc37797b_9565-47,987,1,0,522.9,82.4,41.1,67.4,41.1,0.663,False,False,133.8391,1109.8477,-0.9158,12.6552,-0.0774
8d4895eb-b2d1-43b8-90f1-e80fcc37797b_9565-47,987,1,1,271.9,7.1,60.4,61.1,60.4,0.481,False,False,4.4118,2137.1276,-2.5967,17.3237,-1.7454
8d4895eb-b2d1-43b8-90f1-e80fcc37797b_9565-47,987,2,0,267.5,2.3,64.9,60.4,60.4,0.701,True,True,7.2283,1116.5051,-2.1329,22.4547,-1.7882
8d4895eb-b2d1-43b8-90f1-e80fcc37797b_9565-47,987,2,1,522.3,85.9,38.0,61.5,38.0,0.676,False,False,317.7124,1247.2356,-0.5929,14.558,0.1752
8d4895eb-b2d1-43b8-90f1-e80fcc37797b_9565-47,987,2,2,515.4,37.7,12.4,16.3,12.4,0.636,True,False,263.9492,2043.4653,-0.8874,17.0717,-0.0429
8d4895eb-b2d1-43b8-90f1-e80fcc37797b_9565-47,987,2,3,504.3,74.6,11.2,14.2,11.2,0.434,False,False,7123.5375,8021.1382,-0.0515,42.5508,0.5947
8d4895eb-b2d1-43b8-90f1-e80fcc37797b_9565-47,987,2,4,1.5,119.0,19.3,28.5,19.3,0.433,False,True,679.3526,890.8643,-0.1176,18.4719,0.2984
8d4895eb-b2d1-43b8-90f1-e80fcc37797b_9565-47,987,3,0,302.0,6.5,68.1,59.2,59.2,0.683,True,False,12.5841,326.0802,-1.3816,15.6261,-1.2564
8d4895eb-b2d1-43b8-90f1-e80fcc37797b_9565-47,987,3,1,554.0,118.3,38.6,63.1,38.6,0.558,False,False,407.2033,827.3803,-0.3074,15.832,0.2101
8d4895eb-b2d1-43b8-90f1-e80fcc37797b_9565-47,987,3,2,535.9,59.6,13.5,17.3,13.5,0.538,False,False,317.365,1198.9084,-0.5762,22.9634,-0.22
8d4895eb-b2d1-43b8-90f1-e80fcc37797b_9565-47,987,4,0,472.0,36.5,11.7,14.3,11.7,0.719,True,False,160.0169,2400.2129,-1.1736,14.8942,-0.1411
8d4895eb-b2d1-43b8-90f1-e80fcc37797b_9565-47,987,4,1,14.1,8.6,16.2,20.9,16.2,0.654,True,False,199.3136,1997.8448,-0.9991,28.9177,-0.6211
8d4895eb-b2d1-43b8-90f1-e80fcc37797b_9565-47,987,4,2,486.0,90.0,59.1,59.4,59.1,0.444,False,False,3.5956,1163.0522,-2.4036,17.0121,-1.8007
8d4895eb-b2d1-43b8-90f1-e80fcc37797b_9565-47,987,4,3,462.1,67.6,14.4,19.1,14.4,0.407,False,False,10176.3284,2339.6412,0.6383,40.3746,0.7952
8d4895eb-b2d1-43b8-90f1-e80fcc37797b_9565-47,987,5,0,495.8,58.1,19.1,23.8,19.1,0.609,False,False,20.5085,1096.7206,-1.7079,11.061,-0.7585
8d4895eb-b2d1-43b8-90f1-e80fcc37797b_9565-47,987,5,1,551.5,76.0,25.8,35.7,25.8,0.53,False,False,1260.7807,505.5888,0.3963,33.7518,0.044
8d4895eb-b2d1-43b8-90f1-e80fcc37797b_9565-47,987,5,2,598.8,79.4,18.9,22.6,18.9,0.453,False,False,9.1065,266.8538,-1.4233,10.2013,-1.0169
8d4895eb-b2d1-43b8-90f1-e80fcc37797b_9565-47,987,5,3,19.1,63.5,50.2,56.8,50.2,0.449,False,False,3.7019,957.5216,-2.3093,15.8322,-1.7285
8d4895eb-b2d1-43b8-90f1-e80fcc37797b_9565-47,987,5,4,265.2,60.1,61.4,66.8,61.4,0.414,False,False,3.0464,1463.113,-2.5585,17.2038,-1.8656
8d4adc89-dcec-42ca-aebc-0d05cafa8f26_21-35,988,4,0,303.0,185.9,30.7,39.3,30.7,0.866,True,False,24.7221,14.4909,0.2202,12.941,-0.8162
8d4adc89-dcec-42ca-aebc-0d05cafa8f26_21-35,988,5,0,259.6,213.7,32.7,41.8,32.7,0.682,False,False,53.1648,10.7247,0.6646,15.3287,-0.6391
8d85aa58-438d-413c-b8b3-ae5417737c5c_1900-47,990,1,0,64.7,87.3,73.6,102.0,73.6,0.876,True,False,57.3206,14.4322,0.5774,26.5615,-1.0833
8d85aa58-438d-413c-b8b3-ae5417737c5c_1900-47,990,3,0,179.2,86.4,59.8,87.0,59.8,0.686,True,False,168.2019,70.8234,0.3721,27.194,-0.6411
8d85aa58-438d-413c-b8b3-ae5417737c5c_1900-47,990,3,1,153.0,276.1,62.9,78.5,62.9,0.427,False,False,282.8871,230.9205,0.0878,20.8971,-0.188
8dd6490b-6291-4793-b05e-79250f87925f_101-76,992,5,0,350.6,8.6,227.7,288.3,227.7,0.855,False,False,30.5974,853.2243,-1.4319,33.7414,-1.5571
8dd6490b-6291-4793-b05e-79250f87925f_396-12,995,1,0,307.4,229.6,44.1,62.3,44.1,0.519,False,False,1515.2742,632.2684,0.3792,42.3054,-0.0723
8dd6490b-6291-4793-b05e-79250f87925f_396-12,995,2,0,246.6,219.2,41.6,66.8,41.6,0.622,False,False,3.924,523.0849,-2.0271,16.0976,-1.7229
8dd6490b-6291-4793-b05e-79250f87925f_396-12,995,3,0,246.6,266.3,41.6,56.4,41.6,0.705,False,False,2.8072,353.8167,-1.9694,8.7577,-1.3098
8dd6490b-6291-4793-b05e-79250f87925f_396-12,995,3,1,369.8,205.5,40.4,58.8,40.4,0.477,False,False,5.8288,588.7898,-1.9364,22.2623,-1.8617
8dd6490b-6291-4793-b05e-79250f87925f_396-12,995,4,0,491.8,258.6,52.3,68.7,52.3,0.772,False,False,8.9669,693.43,-1.8431,13.9701,-1.2941
8dd6490b-6291-4793-b05e-79250f87925f_396-12,995,4,1,319.4,262.1,67.3,76.8,67.3,0.667,False,False,3.2111,792.2628,-2.275,18.1144,-1.893
8dd6490b-6291-4793-b05e-79250f87925f_396-12,995,5,0,294.4,7.9,137.1,144.3,137.1,0.878,True,False,3.51,639.8341,-2.1526,23.3287,-2.0824
8dd6490b-6291-4793-b05e-79250f87925f_402-15,996,1,0,356.0,10.1,235.9,224.7,224.7,0.588,False,False,47.0039,882.4334,-1.2649,37.524,-1.4676
8dd6490b-6291-4793-b05e-79250f87925f_402-15,996,3,0,301.5,-2.4,234.2,183.0,183.0,0.715,False,True,3.0251,1102.158,-2.4379,33.0084,-2.4329
8dd6490b-6291-4793-b05e-79250f87925f_402-15,996,4,0,194.1,-7.1,240.8,193.9,193.9,0.543,False,True,3.4413,2048.7609,-2.6642,37.9949,-2.5122
8dd6490b-6291-4793-b05e-79250f87925f_402-15,996,5,0,259.4,-4.9,248.1,181.1,181.1,0.737,False,True,3.1631,952.228,-2.3598,36.7948,-2.5125
8e2b02c8-9927-4039-8407-514c2709de95_1125-83,997,1,0,429.7,178.9,84.6,108.3,84.6,0.906,False,False,33.479,689.1374,-1.3014,20.4757,-1.086
8e2b02c8-9927-4039-8407-514c2709de95_1125-83,997,2,0,409.2,182.2,82.4,102.8,82.4,0.901,False,False,27.8258,1267.8344,-1.6436,18.4718,-1.0745
8e2b02c8-9927-4039-8407-514c2709de95_1125-83,997,3,0,394.8,173.4,87.8,102.8,87.8,0.906,False,False,45.938,1313.4089,-1.4472,22.6575,-1.0397
8e2b02c8-9927-4039-8407-514c2709de95_1125-83,997,3,1,136.1,104.8,10.4,13.3,10.4,0.416,False,False,8071.6494,6790.1756,0.0751,48.5897,0.5337
8e2b02c8-9927-4039-8407-514c2709de95_1125-83,997,4,0,411.8,164.4,79.1,98.0,79.1,0.922,False,False,51.2728,1848.8245,-1.5489,22.5547,-0.9891
8e2b02c8-9927-4039-8407-514c2709de95_1125-83,997,5,0,383.6,185.7,68.8,86.7,68.8,0.894,True,False,420.8038,848.9732,-0.3043,33.709,-0.4308
8e605fdf-a4f1-4393-975a-f332ab6b5f79_44-53,999,5,0,112.6,144.1,31.7,43.3,31.7,0.867,True,False,582.7566,1067.4537,-0.2625,39.9852,-0.4378
8e748fd1-e30e-4bf6-a04f-5f570ca075ac_351-84,1000,1,0,368.6,92.3,31.7,36.8,31.7,0.87,False,False,94.2712,1276.6808,-1.1275,16.6499,-0.4654
8e748fd1-e30e-4bf6-a04f-5f570ca075ac_351-84,1000,1,1,131.0,135.5,101.6,118.4,101.6,0.83,False,False,18.6252,148.736,-0.8825,19.2425,-1.2769
8e748fd1-e30e-4bf6-a04f-5f570ca075ac_351-84,1000,2,0,272.3,144.3,85.9,108.2,85.9,0.878,False,False,24.2018,121.8142,-0.6878,25.4612,-1.411
8e748fd1-e30e-4bf6-a04f-5f570ca075ac_351-84,1000,2,1,440.2,102.8,30.0,33.8,30.0,0.857,True,False,123.3381,1595.4023,-1.1085,19.9028,-0.5043
8e748fd1-e30e-4bf6-a04f-5f570ca075ac_351-84,1000,2,2,217.9,89.5,60.7,80.9,60.7,0.495,False,False,502.4005,348.6575,0.1583,34.7264,-0.3798
8e748fd1-e30e-4bf6-a04f-5f570ca075ac_351-84,1000,3,0,178.5,129.0,96.8,118.1,96.8,0.896,False,False,32.8118,146.527,-0.6398,32.6909,-1.5002
8e748fd1-e30e-4bf6-a04f-5f570ca075ac_351-84,1000,3,1,448.3,73.5,41.0,42.9,41.0,0.718,False,False,89.6096,680.0066,-0.876,18.7198,-0.5887
8e748fd1-e30e-4bf6-a04f-5f570ca075ac_351-84,1000,4,0,161.1,131.7,99.5,113.0,99.5,0.892,False,False,51.893,240.4587,-0.6594,33.2296,-1.32
8e748fd1-e30e-4bf6-a04f-5f570ca075ac_351-84,1000,4,1,467.2,61.2,38.9,44.5,38.9,0.837,True,False,93.6015,1088.3553,-1.0613,21.349,-0.6838
8e748fd1-e30e-4bf6-a04f-5f570ca075ac_351-84,1000,5,0,120.6,131.9,109.6,122.3,109.6,0.889,False,False,47.5665,201.4219,-0.6199,29.228,-1.2458
8e748fd1-e30e-4bf6-a04f-5f570ca075ac_351-84,1000,5,1,434.8,61.5,38.8,42.8,38.8,0.849,True,False,139.8573,1211.5842,-0.9349,23.6284,-0.5989
8ea5ddc3-ae53-4cff-b457-ba425c6bec97_5750-66,1001,1,0,421.0,-1.9,138.4,143.3,138.4,0.499,False,True,447.4481,310.072,0.1589,45.5192,-0.6649
8ea5ddc3-ae53-4cff-b457-ba425c6bec97_5750-66,1001,3,0,554.1,26.1,40.0,49.1,40.0,0.743,True,False,535.1687,623.4841,-0.0662,18.1587,0.2098
8ed40810-09cf-4061-953c-9fff6e6d6aeb_103-16,1002,5,0,272.9,266.4,60.6,71.4,60.6,0.522,False,False,5.4786,120.4139,-1.2728,7.9228,-0.9931
8ed40810-09cf-4061-953c-9fff6e6d6aeb_122-51,1003,1,0,295.3,221.6,66.1,75.2,66.1,0.748,False,False,3.5673,93.0329,-1.3136,6.2132,-0.9381
8ed40810-09cf-4061-953c-9fff6e6d6aeb_122-51,1003,5,0,248.9,386.0,80.2,97.3,80.2,0.703,False,True,2.1093,2.4025,-0.0391,5.2787,-0.9677
8ed40810-09cf-4061-953c-9fff6e6d6aeb_589-93,1004,1,0,72.9,132.1,51.3,72.5,51.3,0.743,False,False,32.4011,373.9831,-1.0503,51.0557,-1.8925
8ed40810-09cf-4061-953c-9fff6e6d6aeb_589-93,1004,1,1,26.1,113.2,74.0,87.6,74.0,0.535,False,False,6.3527,48.0884,-0.8245,9.4359,-1.088
8f0f8606-b696-4bb2-909d-703e4e076d80_641-77,1007,1,0,587.6,-0.5,23.0,20.8,20.8,0.601,False,True,479.3833,3210.6116,-0.8251,13.9758,0.3886
8f0f8606-b696-4bb2-909d-703e4e076d80_641-77,1007,1,1,373.9,77.9,8.6,10.3,8.6,0.413,False,False,4584.9275,3958.0167,0.0638,22.5416,0.9546
8f0f8606-b696-4bb2-909d-703e4e076d80_641-77,1007,2,0,520.3,-1.8,78.2,67.6,67.6,0.704,False,True,99.9929,574.587,-0.7558,21.5915,-0.6652
8f0f8606-b696-4bb2-909d-703e4e076d80_641-77,1007,2,1,1.7,56.3,21.1,38.5,21.1,0.469,False,True,172.429,542.3961,-0.496,27.8641,-0.6515
8f0f8606-b696-4bb2-909d-703e4e076d80_725-88,1008,4,0,404.3,26.8,227.1,290.4,227.1,0.495,False,False,111.2378,201.4772,-0.2562,31.9527,-0.9593
8f0f8606-b696-4bb2-909d-703e4e076d80_725-88,1008,5,0,160.6,55.3,11.6,14.4,11.6,0.459,False,False,1335.4475,2013.0806,-0.1781,20.6387,0.4956
8f4008a5-18c9-464b-9bce-1ffa824f238d_1620-01,1009,4,0,342.6,35.3,31.6,39.6,31.6,0.554,False,False,5.7493,512.6344,-1.8814,8.9519,-1.08
8f4008a5-18c9-464b-9bce-1ffa824f238d_96-39,1010,1,0,259.2,55.6,54.9,69.1,54.9,0.79,True,False,4.2842,1161.8835,-2.3426,17.2165,-1.7504
8f4008a5-18c9-464b-9bce-1ffa824f238d_96-39,1010,5,0,285.4,128.3,42.3,53.3,42.3,0.77,False,False,459.0431,1154.1388,-0.3998,19.1901,0.0955
8f47201d-0398-4442-af65-0dde73284c7f_1370-37,1011,1,0,518.7,0.1,111.8,108.1,108.1,0.811,True,True,24.9046,17.7227,0.141,28.5035,-1.497
8f47201d-0398-4442-af65-0dde73284c7f_1370-37,1011,4,0,345.9,0.2,69.5,55.8,55.8,0.913,True,True,134.7717,108.2345,0.0944,38.6527,-1.0418
8f47201d-0398-4442-af65-0dde73284c7f_1370-37,1011,4,1,251.0,24.9,99.7,135.5,99.7,0.758,True,False,8.1596,116.2553,-1.1073,19.0087,-1.5972
8fafc02a-ef7a-46f4-ae97-b0c68c8bb207_14026-98,1012,2,0,108.8,177.7,35.9,59.2,35.9,0.487,False,False,10.1227,25.8351,-0.3825,15.8756,-1.357
8fafc02a-ef7a-46f4-ae97-b0c68c8bb207_14026-98,1012,2,1,30.8,123.1,94.0,107.3,94.0,0.407,False,False,4.3397,91.9459,-1.2407,14.6087,-1.6037
8fafc02a-ef7a-46f4-ae97-b0c68c8bb207_14026-98,1012,3,0,237.0,115.2,66.0,80.3,66.0,0.431,False,False,4.8139,68.514,-1.0776,14.6555,-1.5696
8fafc02a-ef7a-46f4-ae97-b0c68c8bb207_16014-05,1013,3,0,180.2,47.8,16.5,19.8,16.5,0.471,False,False,188.8049,1474.8456,-0.8907,14.8449,-0.0668
9148ceed-6983-4303-a560-2cbde805ee85_493-46,1019,2,0,66.0,169.4,176.5,178.4,176.5,0.608,False,False,978.0624,806.3931,0.0837,45.1174,-0.3181
9148ceed-6983-4303-a560-2cbde805ee85_493-46,1019,4,0,104.6,54.8,175.7,230.9,175.7,0.47,False,False,601.2966,501.6712,0.0785,40.0253,-0.4251
9148ceed-6983-4303-a560-2cbde805ee85_493-46,1019,5,0,197.0,136.8,17.6,21.2,17.6,0.438,False,False,1093.2732,1918.2707,-0.244,30.8466,0.0603
9148ceed-6983-4303-a560-2cbde805ee85_529-14,1020,5,0,100.1,77.9,228.3,299.0,228.3,0.401,False,False,1540.4013,837.3271,0.2645,41.812,-0.0549
9155f5b9-6235-484f-990d-fbd3010a791e_2163-97,1022,1,0,243.1,1.5,105.9,104.7,104.7,0.848,True,True,818.4938,580.9435,0.1487,43.689,-0.3674
9155f5b9-6235-484f-990d-fbd3010a791e_2163-97,1022,2,0,240.6,3.0,109.9,114.1,109.9,0.87,True,True,692.1254,576.5904,0.0792,47.428,-0.5115
9155f5b9-6235-484f-990d-fbd3010a791e_2163-97,1022,3,0,255.3,4.5,112.3,135.8,112.3,0.887,True,False,904.2479,612.398,0.169,48.4578,-0.4141
9155f5b9-6235-484f-990d-fbd3010a791e_2163-97,1022,4,0,269.6,4.9,113.8,124.9,113.8,0.882,True,False,543.648,477.5503,0.0562,47.311,-0.614
9155f5b9-6235-484f-990d-fbd3010a791e_2163-97,1022,5,0,262.5,2.4,117.5,112.7,112.7,0.885,True,True,501.7442,363.3435,0.1398,45.358,-0.6122
929a6fbb-3fda-45af-95bf-144d851761f4_1114-91,1025,2,0,395.1,141.1,41.7,48.9,41.7,0.413,False,False,692.6597,591.8405,0.0682,31.2465,-0.1489
932dfe2f-0cf1-4b76-b41a-4ca03f6945e5_1575-94,1026,1,0,-1.2,-7.2,49.2,87.1,49.2,0.931,True,True,171.0479,410.9181,-0.3792,48.134,-1.1294
932dfe2f-0cf1-4b76-b41a-4ca03f6945e5_1575-94,1026,2,0,385.8,38.8,77.9,107.3,77.9,0.94,True,False,224.619,1139.5372,-0.7037,42.4262,-0.9021
932dfe2f-0cf1-4b76-b41a-4ca03f6945e5_1575-94,1026,3,0,420.6,12.2,87.9,114.2,87.9,0.936,True,False,109.3465,629.0945,-0.7566,38.4724,-1.1278
932dfe2f-0cf1-4b76-b41a-4ca03f6945e5_1575-94,1026,4,0,444.8,46.2,84.0,106.6,84.0,0.934,True,False,85.9101,690.0143,-0.9004,38.7162,-1.237
932dfe2f-0cf1-4b76-b41a-4ca03f6945e5_1575-94,1026,4,1,244.1,114.5,27.0,36.3,27.0,0.488,False,False,941.1052,455.4141,0.3147,40.5361,-0.2418
932dfe2f-0cf1-4b76-b41a-4ca03f6945e5_1575-94,1026,5,0,421.2,146.2,78.6,92.5,78.6,0.921,False,False,106.7453,653.7795,-0.7837,37.1835,-1.1086
932dfe2f-0cf1-4b76-b41a-4ca03f6945e5_1575-94,1026,5,1,225.2,64.5,35.1,48.0,35.1,0.919,True,False,153.2767,922.1206,-0.777,30.6998,-0.7864
933a8f93-2881-458d-93ec-8c072f2a1474_2356-83,1027,1,0,152.7,215.0,68.8,68.5,68.5,0.455,False,False,5572.4844,1350.2599,0.6154,36.5725,0.6195
933a8f93-2881-458d-93ec-8c072f2a1474_2356-83,1027,1,1,508.9,0.7,76.6,46.0,46.0,0.442,False,True,4.3078,713.1312,-2.1289,25.7084,-2.0959
933a8f93-2881-458d-93ec-8c072f2a1474_2356-83,1027,2,0,511.3,0.8,64.1,53.6,53.6,0.864,True,True,3.9189,619.4924,-2.1009,14.9146,-1.6573
933a8f93-2881-458d-93ec-8c072f2a1474_2356-83,1027,2,1,349.5,-0.5,35.6,34.1,34.1,0.62,False,True,2061.7479,1893.3067,0.037,37.2425,0.1721
933a8f93-2881-458d-93ec-8c072f2a1474_2356-83,1027,2,2,145.4,230.4,67.9,72.8,67.9,0.544,False,False,5878.18,1369.8863,0.6323,36.5265,0.6438
933a8f93-2881-458d-93ec-8c072f2a1474_2356-83,1027,3,0,498.4,-0.9,49.6,34.8,34.8,0.596,False,True,736.8431,766.567,-0.0172,42.9346,-0.3979
933a8f93-2881-458d-93ec-8c072f2a1474_2356-83,1027,4,0,248.4,-0.5,34.7,37.8,34.7,0.565,False,True,967.4187,1599.1609,-0.2181,22.2898,0.289
933a8f93-2881-458d-93ec-8c072f2a1474_2356-83,1027,4,1,418.3,51.4,57.5,79.7,57.5,0.416,False,False,968.0819,921.3688,0.0215,38.9348,-0.1946
933a8f93-2881-458d-93ec-8c072f2a1474_2356-83,1027,5,0,123.0,-1.7,104.2,94.8,94.8,0.486,False,True,550.6891,874.262,-0.2004,48.8544,-0.6363
933a8f93-2881-458d-93ec-8c072f2a1474_2356-83,1027,5,1,297.5,3.9,48.9,57.8,48.9,0.476,False,True,442.616,187.002,0.3728,49.3998,-0.7406
933a8f93-2881-458d-93ec-8c072f2a1474_2356-83,1027,5,2,323.5,0.8,126.7,98.7,98.7,0.418,False,True,19.575,248.3744,-1.0835,22.3622,-1.3866
935bc36b-27aa-4c83-89fd-221feca0030e_1080-82,1028,2,0,396.2,9.0,27.9,28.9,27.9,0.489,False,False,6.9471,1277.6486,-2.2065,5.0035,-0.5153
935bc36b-27aa-4c83-89fd-221feca0030e_1080-82,1028,2,1,452.1,0.6,47.9,52.6,47.9,0.403,False,True,409.7949,2518.94,-0.7878,26.8794,-0.2458
935bc36b-27aa-4c83-89fd-221feca0030e_1080-82,1028,3,0,553.3,11.3,84.7,123.4,84.7,0.475,False,True,2031.9538,2336.868,-0.0607,56.5094,-0.1963
935bc36b-27aa-4c83-89fd-221feca0030e_1080-82,1028,3,1,420.8,14.7,33.6,42.2,33.6,0.411,False,False,5.2164,1123.6426,-2.2575,4.7167,-0.5728
93a5f8cb-d7eb-4e5a-9913-77ef1487ce61_3858-22,1032,1,0,300.9,32.4,65.8,82.2,65.8,0.607,True,False,4.3053,57.0466,-1.0391,30.3973,-2.2414
93a5f8cb-d7eb-4e5a-9913-77ef1487ce61_3858-22,1032,2,0,192.2,15.8,105.0,150.3,105.0,0.672,False,False,8.821,29.0949,-0.4863,11.6349,-1.1426
93f78437-229d-4824-a8c1-68d9b17e754d_1063-13,1033,1,0,171.9,165.7,82.2,94.0,82.2,0.604,False,False,207.5292,506.6517,-0.3864,41.9694,-0.9269
93f78437-229d-4824-a8c1-68d9b17e754d_1063-13,1033,5,0,403.4,351.2,41.9,52.8,41.9,0.616,False,False,675.2051,922.9175,-0.1356,26.4059,-0.0139
93f78437-229d-4824-a8c1-68d9b17e754d_1063-21,1034,1,0,181.1,181.3,75.4,98.3,75.4,0.546,False,False,194.2879,568.3029,-0.4647,39.2998,-0.8984
93f78437-229d-4824-a8c1-68d9b17e754d_1063-21,1034,5,0,397.9,350.9,47.4,55.1,47.4,0.453,False,False,724.3082,983.6707,-0.1328,28.5744,-0.052
944aacb0-f596-460d-b5a6-9ae05df1d430_3528-77,1035,3,0,183.6,81.3,25.0,34.4,25.0,0.897,True,False,1511.3376,3470.3137,-0.3608,20.9461,0.5365
944aacb0-f596-460d-b5a6-9ae05df1d430_3528-77,1035,4,0,265.7,87.3,24.3,31.2,24.3,0.867,True,False,1030.3487,3646.1538,-0.5485,23.1055,0.2852
944aacb0-f596-460d-b5a6-9ae05df1d430_3528-77,1035,5,0,409.4,24.2,30.5,43.6,30.5,0.863,True,False,1904.0905,2984.7347,-0.1951,41.1644,0.0506
944aacb0-f596-460d-b5a6-9ae05df1d430_3858-37,1036,1,0,419.5,71.5,13.1,17.5,13.1,0.536,False,False,3404.6849,8724.7292,-0.4086,23.444,0.7914
944aacb0-f596-460d-b5a6-9ae05df1d430_3858-37,1036,2,0,369.7,191.1,8.8,10.9,8.8,0.621,True,False,1239.69,1616.6941,-0.1152,14.2959,0.7811
944aacb0-f596-460d-b5a6-9ae05df1d430_3858-37,1036,4,0,298.0,305.6,16.0,19.9,16.0,0.512,False,False,1090.3137,3904.471,-0.5537,18.4998,0.5023
944aacb0-f596-460d-b5a6-9ae05df1d430_3858-37,1036,4,1,253.2,285.8,11.2,14.1,11.2,0.48,False,False,5352.7014,7778.1733,-0.1623,34.1425,0.6617
94734a4a-4fb2-4d45-a47f-9d3d0ad70071_1049-90,1037,1,0,119.9,157.6,52.3,88.1,52.3,0.679,False,False,220.93,456.3607,-0.314,29.8115,-0.603
94734a4a-4fb2-4d45-a47f-9d3d0ad70071_1049-90,1037,4,0,32.4,56.9,93.2,137.5,93.2,0.655,False,False,31.2531,110.4793,-0.5386,18.2944,-1.0174
94734a4a-4fb2-4d45-a47f-9d3d0ad70071_1049-90,1037,5,0,86.3,51.6,83.4,126.6,83.4,0.875,True,False,443.2404,72.0257,0.7841,32.5263,-0.3773
948317e1-7426-4bfa-b25a-a476ee69797f_845-76,1038,1,0,548.0,158.8,21.1,27.9,21.1,0.645,True,False,21.327,5552.7413,-2.3958,46.4528,-1.9854
948317e1-7426-4bfa-b25a-a476ee69797f_845-76,1038,2,0,595.8,130.8,25.3,33.1,25.3,0.685,True,False,11.488,2702.9499,-2.3355,34.6452,-1.9832
948317e1-7426-4bfa-b25a-a476ee69797f_845-76,1038,2,1,478.7,149.9,9.9,12.6,9.9,0.55,False,False,3324.4441,4596.6817,-0.1407,22.77,0.8063
948317e1-7426-4bfa-b25a-a476ee69797f_845-76,1038,2,2,399.9,147.7,7.4,8.9,7.4,0.436,False,False,718.2148,7517.802,-1.0193,6.6225,1.205
948317e1-7426-4bfa-b25a-a476ee69797f_845-76,1038,3,0,384.1,140.7,10.6,13.1,10.6,0.676,True,False,148.801,1890.996,-1.1014,19.3116,-0.3973
948317e1-7426-4bfa-b25a-a476ee69797f_845-76,1038,3,1,159.7,158.1,20.4,25.3,20.4,0.643,True,False,35.7849,1099.2946,-1.4758,56.1389,-1.933
948317e1-7426-4bfa-b25a-a476ee69797f_845-76,1038,3,2,409.1,149.5,8.3,10.1,8.3,0.426,False,False,86.6875,4393.0837,-1.6999,3.9283,0.7273
948317e1-7426-4bfa-b25a-a476ee69797f_845-76,1038,4,0,157.0,186.5,29.7,33.3,29.7,0.678,True,False,28.8686,966.9868,-1.5107,54.394,-1.996
948317e1-7426-4bfa-b25a-a476ee69797f_845-76,1038,4,1,433.1,149.9,16.8,21.2,16.8,0.665,True,False,80.0722,3503.9337,-1.6358,35.9124,-1.202
948317e1-7426-4bfa-b25a-a476ee69797f_845-76,1038,4,2,371.7,157.3,11.0,13.9,11.0,0.446,False,False,1446.4694,3521.7083,-0.3863,32.4122,0.1388
948317e1-7426-4bfa-b25a-a476ee69797f_845-76,1038,5,0,154.8,183.0,20.9,25.8,20.9,0.662,False,False,1188.8491,1115.5584,0.0276,22.8622,0.3564
948317e1-7426-4bfa-b25a-a476ee69797f_845-76,1038,5,1,456.2,143.1,16.4,19.5,16.4,0.456,False,False,81.6516,4101.205,-1.6958,29.3573,-1.0187
9490a06b-3fa1-47b6-b470-facb3d61ac57_1071-05,1039,1,0,389.1,146.1,11.2,13.6,11.2,0.781,True,False,654.1338,3127.9654,-0.6791,12.295,0.634
9490a06b-3fa1-47b6-b470-facb3d61ac57_1071-05,1039,2,0,385.9,145.0,11.9,15.1,11.9,0.799,True,False,1163.6786,3672.8593,-0.4989,15.3208,0.6938
9490a06b-3fa1-47b6-b470-facb3d61ac57_1071-05,1039,3,0,382.9,140.9,12.3,15.5,12.3,0.789,True,False,1176.835,4351.8809,-0.5677,15.082,0.7123
9490a06b-3fa1-47b6-b470-facb3d61ac57_1071-05,1039,4,0,379.6,144.3,11.2,13.7,11.2,0.786,True,False,881.2766,3791.8435,-0.6334,15.1697,0.5818
9490a06b-3fa1-47b6-b470-facb3d61ac57_1071-05,1039,5,0,372.3,146.2,11.0,13.5,11.0,0.788,True,False,1028.2772,4141.1806,-0.6047,15.2391,0.6447
9490a06b-3fa1-47b6-b470-facb3d61ac57_1071-05,1039,5,1,223.2,204.8,28.5,38.2,28.5,0.491,False,False,1093.1343,1850.2321,-0.2284,26.2272,0.2009
9490a06b-3fa1-47b6-b470-facb3d61ac57_153-78,1040,1,0,306.5,15.0,38.2,43.6,38.2,0.885,True,False,288.3334,1019.943,-0.5476,18.411,-0.07
9490a06b-3fa1-47b6-b470-facb3d61ac57_153-78,1040,2,0,310.1,25.5,34.6,40.4,34.6,0.871,True,False,597.4197,1368.9187,-0.3597,21.1033,0.1273
9490a06b-3fa1-47b6-b470-facb3d61ac57_153-78,1040,3,0,327.1,-2.7,36.4,35.2,35.2,0.881,True,True,189.838,840.4356,-0.6444,15.8185,-0.1194
9490a06b-3fa1-47b6-b470-facb3d61ac57_153-78,1040,4,0,327.2,-1.5,38.6,37.5,37.5,0.895,True,True,388.1899,994.5813,-0.4079,16.8197,0.137
9490a06b-3fa1-47b6-b470-facb3d61ac57_153-78,1040,5,0,309.1,26.5,39.2,39.8,39.2,0.529,False,False,935.4665,1283.3214,-0.1372,27.2395,0.1005
949b2e8a-83f9-4b89-b29b-9e8d81600dd8_2242-73,1042,2,0,457.9,-8.3,175.4,195.4,175.4,0.428,False,True,7841.1966,11615.1025,-0.1706,57.0498,0.3818
949b2e8a-83f9-4b89-b29b-9e8d81600dd8_2242-73,1042,5,0,404.3,11.3,67.1,102.5,67.1,0.6,False,False,1530.2344,9413.6096,-0.7888,34.4992,0.1091
949b2e8a-83f9-4b89-b29b-9e8d81600dd8_2981-03,1044,1,0,453.9,373.3,136.6,110.9,110.9,0.494,False,True,3251.642,9105.8827,-0.4471,57.4765,-0.0069
949b2e8a-83f9-4b89-b29b-9e8d81600dd8_2981-03,1044,1,1,273.7,152.9,69.4,104.9,69.4,0.421,False,False,625.0137,6078.0044,-0.9872,31.7132,-0.2063
94d5eff8-0fac-4719-adf2-5c0208ab89f7_3271-35,1048,5,0,123.3,-0.9,138.1,138.6,138.1,0.471,False,True,1.839,19.8903,-0.8668,6.0151,-1.1172
9520f703-8904-4123-bd7f-873b0b42074b_224-60,1049,2,0,469.9,0.3,66.4,53.5,53.5,0.457,False,True,738.7734,9.3301,1.855,77.6968,-0.9118
9520f703-8904-4123-bd7f-873b0b42074b_224-60,1049,5,0,191.7,133.5,65.4,87.4,65.4,0.928,False,False,149.0046,270.1252,-0.2571,28.939,-0.7474
9520f703-8904-4123-bd7f-873b0b42074b_224-60,1049,5,1,505.3,5.7,33.2,37.7,33.2,0.904,True,False,70.2231,467.4528,-0.818,22.0358,-0.8345
9520f703-8904-4123-bd7f-873b0b42074b_224-60,1049,5,2,338.1,40.4,22.8,27.3,22.8,0.69,True,False,276.0889,622.68,-0.3523,35.7404,-0.664
9520f703-8904-4123-bd7f-873b0b42074b_224-60,1049,5,3,392.0,71.7,20.1,27.5,20.1,0.498,False,False,1074.275,851.6894,0.1007,28.621,0.1176
9520f703-8904-4123-bd7f-873b0b42074b_239-07,1050,1,0,577.4,49.5,30.0,37.6,30.0,0.534,False,False,34.6442,988.0128,-1.4432,18.8414,-0.9995
9520f703-8904-4123-bd7f-873b0b42074b_239-07,1050,1,1,299.6,13.7,17.7,22.4,17.7,0.469,False,False,19.8817,26.4007,-0.118,9.4854,-0.6391
9520f703-8904-4123-bd7f-873b0b42074b_239-07,1050,2,0,1.0,229.5,63.7,103.1,63.7,0.899,False,True,61.3997,127.1005,-0.3124,31.3562,-1.1979
9520f703-8904-4123-bd7f-873b0b42074b_239-07,1050,2,1,550.1,181.4,38.1,43.7,38.1,0.834,True,False,261.0914,330.2228,-0.1017,48.963,-0.9615
9520f703-8904-4123-bd7f-873b0b42074b_239-07,1050,2,2,511.9,149.3,32.6,41.4,32.6,0.46,False,False,31.1792,64.0963,-0.306,9.7715,-0.4769
9520f703-8904-4123-bd7f-873b0b42074b_239-07,1050,3,0,179.6,29.1,12.0,14.3,12.0,0.702,True,False,120.4891,374.9425,-0.4906,15.2629,-0.2846
9520f703-8904-4123-bd7f-873b0b42074b_239-07,1050,3,1,126.1,55.5,11.6,14.3,11.6,0.673,True,False,158.5139,1131.89,-0.8514,21.5463,-0.4649
9520f703-8904-4123-bd7f-873b0b42074b_989-29,1051,4,0,241.0,0.8,65.2,79.8,65.2,0.702,True,True,10.0023,35.3898,-0.5195,11.9364,-1.1153
9520f703-8904-4123-bd7f-873b0b42074b_989-29,1051,5,0,290.5,279.0,69.4,87.4,69.4,0.928,False,True,441.4885,940.4893,-0.3279,25.8522,-0.1797
952d5295-06f4-4578-929b-4113e4ff9201_808-38,1055,2,0,54.0,188.3,62.4,79.9,62.4,0.45,False,False,459.9748,130.9391,0.5433,20.0271,0.0594
952d5295-06f4-4578-929b-4113e4ff9201_808-38,1055,4,0,-6.1,1.3,72.4,68.4,68.4,0.491,False,True,9.645,213.0682,-1.3034,20.6859,-1.6052
952f40df-b1d7-4562-afe4-2a4ff569e949_2108-64,1056,4,0,304.8,384.1,131.5,102.0,102.0,0.486,False,True,63.3837,1751.8536,-1.435,35.1264,-1.2828
9531cee8-0f60-4a68-8243-397ab7670a75_270-43,1057,1,0,135.1,210.3,187.1,212.8,187.1,0.605,False,False,64.8006,179.8728,-0.4391,32.9528,-1.218
9531cee8-0f60-4a68-8243-397ab7670a75_270-43,1057,1,1,103.1,205.5,64.0,72.8,64.0,0.54,False,False,61.7521,296.3273,-0.6756,11.7067,-0.3424
959bc769-a40e-4f4b-ba45-5adf32b8f26e_201-77,1058,1,0,209.9,292.4,22.1,30.2,22.1,0.814,False,False,36.4036,208.1522,-0.7475,11.6276,-0.5613
959bc769-a40e-4f4b-ba45-5adf32b8f26e_201-77,1058,1,1,294.8,285.0,32.8,49.3,32.8,0.582,False,False,353.4276,248.2458,0.1529,46.2271,-0.7805
959bc769-a40e-4f4b-ba45-5adf32b8f26e_201-77,1058,2,0,58.2,235.7,30.7,40.6,30.7,0.878,True,False,40.2974,127.7642,-0.4939,20.3277,-1.0013
959bc769-a40e-4f4b-ba45-5adf32b8f26e_201-77,1058,2,1,207.3,299.5,67.9,68.2,67.9,0.651,False,True,11.2564,151.7185,-1.0955,5.8852,-0.4635
959bc769-a40e-4f4b-ba45-5adf32b8f26e_201-77,1058,3,0,63.1,157.4,33.3,40.1,33.3,0.9,True,False,117.589,454.2914,-0.5842,23.7313,-0.6774
959bc769-a40e-4f4b-ba45-5adf32b8f26e_201-77,1058,3,1,190.8,216.1,59.3,57.7,57.7,0.787,False,False,4.0441,270.2813,-1.7306,3.9796,-0.5235
959bc769-a40e-4f4b-ba45-5adf32b8f26e_201-77,1058,3,2,297.0,218.8,25.4,29.4,25.4,0.497,False,False,2968.1374,875.1951,0.53,40.7396,0.2523
959bc769-a40e-4f4b-ba45-5adf32b8f26e_201-77,1058,4,0,143.3,193.1,28.7,36.2,28.7,0.888,True,False,191.4986,587.525,-0.4853,28.3393,-0.6209
959bc769-a40e-4f4b-ba45-5adf32b8f26e_201-77,1058,4,1,247.0,202.4,42.3,50.3,42.3,0.869,False,False,203.679,530.2251,-0.4142,18.7692,-0.237
959bc769-a40e-4f4b-ba45-5adf32b8f26e_201-77,1058,5,0,36.1,226.9,40.1,46.7,40.1,0.881,False,False,72.4823,141.6027,-0.2879,36.6192,-1.2616
959bc769-a40e-4f4b-ba45-5adf32b8f26e_201-77,1058,5,1,217.0,226.0,56.1,67.1,56.1,0.877,False,False,203.1505,392.5983,-0.2851,17.3673,-0.1709
95abf338-cf33-43f4-a8d0-44d6ea691d0f_44-58,1059,4,0,376.9,254.8,42.4,53.0,42.4,0.921,False,False,310.2466,1018.2398,-0.5152,41.0659,-0.7341
95abf338-cf33-43f4-a8d0-44d6ea691d0f_44-58,1059,4,1,353.0,263.4,16.2,20.7,16.2,0.801,True,False,1428.1481,2357.4579,-0.2176,22.5006,0.4498
95abf338-cf33-43f4-a8d0-44d6ea691d0f_44-58,1059,4,2,281.7,285.7,8.0,9.3,8.0,0.708,False,False,489.9023,2465.6996,-0.7011,16.4587,0.2566
95abf338-cf33-43f4-a8d0-44d6ea691d0f_44-58,1059,4,3,208.0,306.7,11.5,14.4,11.5,0.67,False,False,86.2066,1386.757,-1.2018,21.3916,-0.7209
95abf338-cf33-43f4-a8d0-44d6ea691d0f_44-58,1059,4,4,610.6,264.4,27.9,37.7,27.9,0.61,False,True,2259.3812,500.6854,0.6538,70.2864,-0.3396
95abf338-cf33-43f4-a8d0-44d6ea691d0f_44-58,1059,4,5,230.9,331.3,14.4,17.3,14.4,0.598,False,False,855.0094,809.9695,0.0235,31.9352,-0.0765
95abf338-cf33-43f4-a8d0-44d6ea691d0f_44-58,1059,4,6,257.3,308.6,8.6,11.3,8.6,0.571,False,False,342.3056,591.5918,-0.2371,11.1223,0.4398
95abf338-cf33-43f4-a8d0-44d6ea691d0f_44-58,1059,4,7,188.4,279.6,11.2,14.1,11.2,0.523,False,False,1236.7994,733.7448,0.2265,20.344,0.4747
95abf338-cf33-43f4-a8d0-44d6ea691d0f_44-58,1059,4,8,282.4,308.8,9.1,11.3,9.1,0.482,False,False,1728.3656,1150.1015,0.1768,30.0109,0.2828
95abf338-cf33-43f4-a8d0-44d6ea691d0f_44-58,1059,4,9,264.5,283.8,7.8,9.9,7.8,0.421,False,False,277.6275,928.8373,-0.5234,16.5163,0.0076
95abf338-cf33-43f4-a8d0-44d6ea691d0f_44-58,1059,4,10,327.9,297.4,12.9,16.3,12.9,0.412,False,False,78.1978,818.9078,-1.0151,15.4013,-0.4782
95abf338-cf33-43f4-a8d0-44d6ea691d0f_44-58,1059,5,0,334.6,164.6,52.5,105.1,52.5,0.809,False,False,262.2883,127.6119,0.3112,64.9163,-1.2044
95abf338-cf33-43f4-a8d0-44d6ea691d0f_44-58,1059,5,1,69.1,161.6,68.6,88.8,68.6,0.49,False,False,444.4599,500.2002,-0.0512,40.9882,-0.5768
95c0a226-5cb1-4380-af73-db2fcdbdbb76_174-41,1060,1,0,288.0,78.0,67.6,81.2,67.6,0.918,True,False,653.8241,504.4385,0.1125,41.2701,-0.4154
95c0a226-5cb1-4380-af73-db2fcdbdbb76_174-41,1060,1,1,170.3,160.4,19.3,24.4,19.3,0.467,False,False,332.4913,691.3003,-0.3172,28.8546,-0.3979
95c0a226-5cb1-4380-af73-db2fcdbdbb76_174-41,1060,1,2,298.4,16.3,22.9,30.7,22.9,0.446,False,False,1210.9632,782.6991,0.1893,27.9447,0.1903
95c0a226-5cb1-4380-af73-db2fcdbdbb76_174-41,1060,5,0,428.0,146.4,73.5,76.8,73.5,0.764,False,False,53.2415,99.8794,-0.2695,36.1342,-1.3818
95f2caf6-c6f5-4471-9763-2957e248eb58_503-77,1061,2,0,5.6,104.0,45.3,66.3,45.3,0.578,False,False,1512.96,866.2764,0.242,51.3458,-0.2411
95f2caf6-c6f5-4471-9763-2957e248eb58_503-77,1061,2,1,601.4,227.2,40.2,65.8,40.2,0.544,False,True,3548.8518,484.6468,0.8639,61.9439,-0.0339
95f2caf6-c6f5-4471-9763-2957e248eb58_503-77,1061,3,0,500.1,24.1,43.8,60.8,43.8,0.47,False,False,17.0685,187.6034,-1.0186,12.3284,-0.9277
95f2caf6-c6f5-4471-9763-2957e248eb58_503-77,1061,3,1,160.6,0.9,36.3,28.2,28.2,0.438,False,True,65.0486,307.7193,-0.6697,16.0513,-0.5928
95f2caf6-c6f5-4471-9763-2957e248eb58_503-77,1061,4,0,110.8,95.9,131.6,148.8,131.6,0.743,False,False,2260.0408,1419.5813,0.2018,42.4689,0.0979
95f2caf6-c6f5-4471-9763-2957e248eb58_503-77,1061,4,1,573.8,3.0,58.7,73.8,58.7,0.674,True,True,57.7004,1116.6526,-1.2797,17.8776,-0.7373
95f2caf6-c6f5-4471-9763-2957e248eb58_503-77,1061,4,2,398.3,115.8,30.2,31.2,30.2,0.562,False,False,9.4182,1658.3504,-2.2021,44.5942,-2.281
95f2caf6-c6f5-4471-9763-2957e248eb58_503-77,1061,5,0,145.0,48.5,36.3,54.0,36.3,0.476,False,False,540.8561,1652.4624,-0.4845,36.6803,-0.3953
95f2caf6-c6f5-4471-9763-2957e248eb58_588-89,1062,1,0,81.8,10.9,22.7,26.2,22.7,0.455,False,False,25.4655,505.0474,-1.2815,30.0559,-1.5337
95f2caf6-c6f5-4471-9763-2957e248eb58_588-89,1062,2,0,59.3,157.6,17.4,21.4,17.4,0.44,False,False,3128.4265,3928.1859,-0.0988,38.1574,0.332
95f2caf6-c6f5-4471-9763-2957e248eb58_588-89,1062,4,0,162.8,5.1,57.2,77.5,57.2,0.746,True,False,2317.1886,869.003,0.4256,37.0383,0.2275
95f2caf6-c6f5-4471-9763-2957e248eb58_588-89,1062,4,1,24.1,54.3,57.6,64.3,57.6,0.478,False,False,2699.4936,1122.1886,0.381,43.2244,0.1598
9632b0a9-cf21-4773-b95b-83aae9a23d0a_17-58,1063,5,0,325.6,345.8,114.2,131.8,114.2,0.644,False,True,333.8645,643.7329,-0.2845,37.8285,-0.6311
9632b0a9-cf21-4773-b95b-83aae9a23d0a_630-61,1064,2,0,392.7,158.9,9.5,11.7,9.5,0.517,False,False,587.9566,2097.7393,-0.5519,13.6911,0.4949
9632b0a9-cf21-4773-b95b-83aae9a23d0a_630-61,1064,2,1,157.1,124.7,7.0,8.4,7.0,0.432,False,False,676.2222,2086.7926,-0.489,8.8559,0.9308
9632b0a9-cf21-4773-b95b-83aae9a23d0a_630-61,1064,2,2,599.5,173.0,23.8,32.6,23.8,0.413,False,False,37.6686,203.16,-0.7226,19.5294,-0.9952
9632b0a9-cf21-4773-b95b-83aae9a23d0a_630-61,1064,3,0,396.0,173.6,31.3,40.4,31.3,0.735,True,False,3.4702,268.4056,-1.7801,8.5351,-1.218
9632b0a9-cf21-4773-b95b-83aae9a23d0a_630-61,1064,3,1,188.2,151.5,8.4,10.1,8.4,0.734,False,False,499.8333,1360.3237,-0.4343,11.4491,0.5789
963b09ff-1da2-4168-bed2-fe1d2531dd98_1393-91,1065,1,0,503.5,69.1,108.9,128.3,108.9,0.429,False,False,5435.378,5193.9549,0.0197,67.1566,0.081
963b09ff-1da2-4168-bed2-fe1d2531dd98_1393-91,1065,1,1,419.4,113.4,80.0,110.4,80.0,0.41,False,False,5567.3575,5846.4159,-0.0212,63.0859,0.1458
963b09ff-1da2-4168-bed2-fe1d2531dd98_1393-91,1065,2,0,477.2,0.9,78.8,68.5,68.5,0.717,False,True,6698.6067,7680.4874,-0.0594,65.2237,0.1971
963b09ff-1da2-4168-bed2-fe1d2531dd98_1393-91,1065,4,0,-0.5,275.8,169.1,215.7,169.1,0.418,False,True,4538.7054,2940.7115,0.1884,39.9781,0.4531
963b09ff-1da2-4168-bed2-fe1d2531dd98_1393-91,1065,5,0,573.2,220.8,24.6,34.2,24.6,0.411,False,False,3493.1051,3724.6835,-0.0279,23.9091,0.7855
963c1ecc-d25e-4c0a-b447-9b26f3778efc_207-31,1066,1,0,170.2,246.9,60.4,81.0,60.4,0.681,False,False,310.7745,2351.0021,-0.8776,28.2844,-0.4098
963c1ecc-d25e-4c0a-b447-9b26f3778efc_207-31,1066,5,0,332.3,229.1,54.2,87.6,54.2,0.475,False,False,2.7157,1099.1533,-2.4714,7.0589,-1.1361
968d25eb-ab49-4a12-8b53-c5d98b091353_1212-82,1067,2,0,137.0,224.6,22.7,29.4,22.7,0.405,False,False,75.715,1140.4961,-1.1726,51.1078,-1.5323
972f2966-c368-4344-a9ca-5bd8a277f177_1110-10,1071,4,0,604.1,140.8,36.6,75.8,36.6,0.643,False,True,1593.2488,1484.6416,0.0306,44.745,-0.0991
972f2966-c368-4344-a9ca-5bd8a277f177_602-22,1072,1,0,1.5,123.8,29.8,50.4,29.8,0.637,True,True,198.3576,485.1522,-0.3871,30.8743,-0.68
972f2966-c368-4344-a9ca-5bd8a277f177_602-22,1072,2,0,242.7,4.1,67.9,86.4,67.9,0.582,False,False,139.5415,290.1852,-0.3164,18.3911,-0.3827
97811639-7def-4034-8083-a82a59156234_468-38,1073,1,0,378.9,195.3,58.0,72.8,58.0,0.705,False,False,189.0973,180.3703,0.0204,35.8955,-0.8314
97811639-7def-4034-8083-a82a59156234_468-38,1073,1,1,400.4,27.9,24.2,30.6,24.2,0.468,False,False,50.2984,69.6625,-0.1391,9.3883,-0.24
97811639-7def-4034-8083-a82a59156234_468-38,1073,1,2,406.9,78.9,30.4,42.2,30.4,0.449,False,False,3543.3273,127.8542,1.4394,28.0315,0.6537
97811639-7def-4034-8083-a82a59156234_468-38,1073,2,0,229.4,88.8,77.0,109.1,77.0,0.411,False,False,4.0593,52.7248,-1.0261,4.1622,-0.5589
97ba861b-605c-4942-8e15-95953a3032e1_583-02,1075,4,0,431.3,106.9,50.8,98.5,50.8,0.429,False,False,141.7854,246.7582,-0.2393,33.7785,-0.903
97bd40e4-be39-403d-b9ae-f7eb006c51e2_914-45,1076,1,0,524.4,376.9,100.8,102.5,100.8,0.509,False,True,4711.0717,3861.7319,0.0863,50.3842,0.2685
97bd40e4-be39-403d-b9ae-f7eb006c51e2_914-45,1076,2,0,506.7,341.9,121.6,139.0,121.6,0.413,False,True,6040.3196,3768.6082,0.2048,50.1489,0.3804
97bd40e4-be39-403d-b9ae-f7eb006c51e2_914-45,1076,3,0,528.6,370.1,101.2,106.7,101.2,0.508,False,True,7380.5587,4537.6711,0.2112,56.04,0.371
97bd40e4-be39-403d-b9ae-f7eb006c51e2_914-45,1076,4,0,602.4,422.8,30.2,43.4,30.2,0.511,False,False,728.0459,3712.1056,-0.707,36.062,-0.2517
97eaf9ae-9b92-493d-a555-4fcdb7c039a1_1485-95,1078,1,0,396.3,4.2,30.1,41.1,30.1,0.919,True,False,346.3376,198.9128,0.2399,24.49,-0.2379
97eaf9ae-9b92-493d-a555-4fcdb7c039a1_1485-95,1078,1,1,485.7,30.7,28.0,35.9,28.0,0.905,True,False,274.601,354.1613,-0.1101,23.3606,-0.2975
97eaf9ae-9b92-493d-a555-4fcdb7c039a1_1485-95,1078,1,2,561.4,53.1,29.6,37.9,29.6,0.881,True,False,344.8379,347.4953,-0.0033,20.9626,-0.105
97eaf9ae-9b92-493d-a555-4fcdb7c039a1_1485-95,1078,2,0,219.4,22.0,10.4,13.5,10.4,0.415,False,False,6816.3681,4067.5994,0.2242,43.9953,0.5466
97eaf9ae-9b92-493d-a555-4fcdb7c039a1_1485-95,1078,5,0,117.7,131.6,88.6,97.7,88.6,0.785,True,False,4.601,563.8327,-2.0037,34.3024,-2.3228
98334b78-967f-4980-ba86-56d34b4aaf2e_1109-83,1079,2,0,375.4,297.9,18.6,25.0,18.6,0.732,True,False,49.6032,252.5677,-0.6999,16.7698,-0.7464
98334b78-967f-4980-ba86-56d34b4aaf2e_1109-83,1079,2,1,251.6,334.8,53.1,50.2,50.2,0.576,False,True,177.7092,197.3465,-0.0453,41.7198,-0.9888
98334b78-967f-4980-ba86-56d34b4aaf2e_1109-83,1079,4,0,229.1,292.1,11.0,13.9,11.0,0.53,False,False,33.5079,658.2737,-1.2811,7.9112,-0.2655
98334b78-967f-4980-ba86-56d34b4aaf2e_1109-83,1079,4,1,177.8,290.1,11.3,13.8,11.3,0.474,False,False,55.8532,252.9247,-0.65,7.3955,0.009
98334b78-967f-4980-ba86-56d34b4aaf2e_1109-83,1079,4,2,93.1,311.8,29.1,38.0,29.1,0.461,False,False,19.0491,65.4158,-0.5202,8.5129,-0.564
98334b78-967f-4980-ba86-56d34b4aaf2e_1109-83,1079,5,0,7.2,294.2,32.0,53.9,32.0,0.776,False,False,145.0936,211.5878,-0.1629,43.2275,-1.1071
98334b78-967f-4980-ba86-56d34b4aaf2e_1109-83,1079,5,1,296.2,0.5,344.7,324.9,324.9,0.431,False,True,129.9902,250.252,-0.2829,73.5035,-1.6155
98439a73-2aa4-4071-bee3-00973a58a70d_291-10,1080,1,0,7.0,162.9,67.4,67.1,67.1,0.416,False,False,816.1021,437.4017,0.2704,31.5898,-0.0873
98439a73-2aa4-4071-bee3-00973a58a70d_291-10,1080,5,0,253.8,193.8,21.1,26.3,21.1,0.769,False,False,2464.6965,1987.974,0.0933,30.8477,0.413
98439a73-2aa4-4071-bee3-00973a58a70d_291-10,1080,5,1,538.7,147.1,47.9,77.9,47.9,0.711,False,False,134.861,991.4401,-0.8636,15.7293,-0.2621
98439a73-2aa4-4071-bee3-00973a58a70d_291-10,1080,5,2,322.5,185.4,19.7,27.0,19.7,0.557,False,False,4131.0237,1376.6496,0.477,38.2476,0.4507
98439a73-2aa4-4071-bee3-00973a58a70d_291-10,1080,5,3,241.0,242.1,43.9,55.2,43.9,0.507,False,False,5253.6776,2743.7087,0.282,41.0217,0.4943
98439a73-2aa4-4071-bee3-00973a58a70d_291-10,1080,5,4,188.8,256.9,58.0,74.3,58.0,0.477,False,False,1082.4951,1510.3425,-0.1445,33.9193,-0.0264
989f3c2c-edd2-4f30-9925-56771e2bf7cc_6720-40,1083,3,0,17.7,74.2,25.6,33.7,25.6,0.423,False,False,3203.6182,1527.5411,0.3215,39.6137,0.3098
989f3c2c-edd2-4f30-9925-56771e2bf7cc_6720-40,1083,4,0,138.4,87.6,77.4,96.2,77.4,0.785,True,False,169.8429,124.2718,0.1347,29.3948,-0.7044
989f3c2c-edd2-4f30-9925-56771e2bf7cc_6720-40,1083,4,1,431.6,121.5,191.7,206.4,191.7,0.737,False,False,754.4432,260.2844,0.4611,44.524,-0.4192
989f3c2c-edd2-4f30-9925-56771e2bf7cc_6720-40,1083,5,0,36.9,59.6,128.0,155.8,128.0,0.613,False,False,130.1288,590.8651,-0.6545,44.2828,-1.175
98fcbc28-9542-4f3c-9a03-73af08fb989d_1063-08,1084,1,0,475.8,8.1,166.0,221.9,166.0,0.542,False,True,360.0712,3315.7184,-0.9631,29.6222,-0.3861
98fcbc28-9542-4f3c-9a03-73af08fb989d_1063-08,1084,4,0,565.6,200.9,76.2,105.4,76.2,0.453,False,True,101.0727,21.1383,0.6638,30.0131,-0.9462
98fcbc28-9542-4f3c-9a03-73af08fb989d_1063-08,1084,5,0,586.0,83.9,17.8,21.7,17.8,0.755,True,False,248.2346,1194.9912,-0.6811,30.2554,-0.5655
98fcbc28-9542-4f3c-9a03-73af08fb989d_1376-40,1085,4,0,355.1,26.1,57.3,79.5,57.3,0.42,False,False,6.7962,78.4029,-1.008,16.3439,-1.5365
98fcbc28-9542-4f3c-9a03-73af08fb989d_1376-40,1085,5,0,171.8,244.3,28.1,34.4,28.1,0.55,False,False,35.4853,95.6245,-0.423,21.7143,-1.1123
98fcbc28-9542-4f3c-9a03-73af08fb989d_1376-40,1085,5,1,534.0,-0.2,97.3,98.4,97.3,0.441,False,True,73.4329,93.9751,-0.1058,50.0404,-1.5271
992af5dc-64ff-4e24-b324-cc3df15be595_656-31,1087,1,0,448.8,218.7,71.3,89.0,71.3,0.449,False,False,50.3925,224.512,-0.6423,23.8747,-1.0457
994616c8-63b0-47bd-a526-0680f4acff9e_109-35,1088,1,0,259.4,-2.7,159.6,140.8,140.8,0.509,False,True,14.6677,73.9243,-0.6796,13.5411,-1.0707
994616c8-63b0-47bd-a526-0680f4acff9e_109-35,1088,5,0,422.0,29.2,39.2,49.6,39.2,0.473,False,False,1176.6488,491.6296,0.3785,38.4992,-0.1002
998d4e6e-f579-4872-b706-767c5f392825_2418-72,1089,4,0,-0.3,327.3,108.1,156.4,108.1,0.528,False,True,7.7893,62.528,-0.859,12.3653,-1.2433
998d4e6e-f579-4872-b706-767c5f392825_2418-72,1089,5,0,344.1,171.0,135.6,146.7,135.6,0.478,False,False,131.7081,826.7558,-0.795,25.7129,-0.6981
998d4e6e-f579-4872-b706-767c5f392825_2418-72,1089,5,1,181.5,191.3,181.1,216.5,181.1,0.46,False,False,378.7896,288.3819,0.1181,36.3474,-0.5417
998d4e6e-f579-4872-b706-767c5f392825_4715-59,1090,3,0,192.2,248.8,27.8,39.1,27.8,0.536,False,False,31.1713,39.8012,-0.1032,6.4723,-0.1249
998d4e6e-f579-4872-b706-767c5f392825_4715-59,1090,5,0,303.2,213.3,53.6,65.9,53.6,0.485,False,False,115.1522,758.233,-0.8153,26.941,-0.7964
998d4e6e-f579-4872-b706-767c5f392825_5068-97,1092,1,0,530.2,23.5,49.3,60.8,49.3,0.844,True,False,5.2629,470.7622,-1.8769,4.7878,-0.582
998d4e6e-f579-4872-b706-767c5f392825_5068-97,1092,2,0,530.2,28.5,47.4,56.6,47.4,0.847,True,False,6.2918,571.2791,-1.8948,4.5314,-0.4703
998d4e6e-f579-4872-b706-767c5f392825_5068-97,1092,3,0,532.0,13.7,50.8,60.8,50.8,0.81,True,False,39.7135,389.0756,-0.9814,10.7507,-0.4569
998d4e6e-f579-4872-b706-767c5f392825_5068-97,1092,4,0,414.5,132.2,40.7,42.3,40.7,0.763,True,False,11.5426,686.6197,-1.739,9.5361,-0.8651
998d4e6e-f579-4872-b706-767c5f392825_5068-97,1092,5,0,467.2,111.0,36.5,53.0,36.5,0.458,False,False,339.8499,686.1574,-0.3045,26.1616,-0.3034
998d4e6e-f579-4872-b706-767c5f392825_5282-59,1093,1,0,390.7,81.6,41.3,44.1,41.3,0.719,True,False,463.4088,853.4274,-0.2648,27.9242,-0.2256
998d4e6e-f579-4872-b706-767c5f392825_5282-59,1093,2,0,383.4,69.0,42.2,43.2,42.2,0.463,False,False,50.1551,879.7868,-1.236,10.7958,-0.3613
998d4e6e-f579-4872-b706-767c5f392825_5282-59,1093,3,0,374.5,72.2,41.8,45.4,41.8,0.774,True,False,266.3126,996.1588,-0.5717,34.69,-0.6538
998d4e6e-f579-4872-b706-767c5f392825_5282-59,1093,3,1,357.6,51.4,32.1,51.5,32.1,0.561,False,False,1815.5189,626.184,0.4618,63.5951,-0.3477
998d4e6e-f579-4872-b706-767c5f392825_5282-59,1093,4,0,369.1,65.0,42.3,50.4,42.3,0.722,True,False,328.9867,819.2117,-0.3954,35.8534,-0.5909
998d4e6e-f579-4872-b706-767c5f392825_5282-59,1093,4,1,358.5,50.4,31.1,52.5,31.1,0.613,True,False,1377.2088,417.6078,0.5175,57.977,-0.3873
998d4e6e-f579-4872-b706-767c5f392825_5282-59,1093,5,0,342.8,75.1,45.7,44.6,44.6,0.716,True,False,853.2506,603.0063,0.1505,51.4674,-0.4916
99a89af1-a535-477c-88a8-c0830ba33486_1246-37,1095,3,0,402.7,213.4,68.4,80.0,68.4,0.521,False,False,54.3937,169.8269,-0.4891,10.2149,-0.2792
99a89af1-a535-477c-88a8-c0830ba33486_1246-37,1095,3,1,31.6,8.8,312.9,288.8,288.8,0.479,False,False,19.6914,146.863,-0.8541,10.2756,-0.7119
99a89af1-a535-477c-88a8-c0830ba33486_1246-37,1095,4,0,376.6,167.4,66.8,83.1,66.8,0.516,False,False,91.377,117.7877,-0.1092,10.5198,-0.0824
99a89af1-a535-477c-88a8-c0830ba33486_1246-37,1095,5,0,377.4,169.0,69.0,82.3,69.0,0.486,False,False,123.7001,114.6653,0.0327,10.8444,0.0218
99f41d39-cc65-4aad-b186-23b66e282f19_68-52,1098,1,0,332.9,225.7,44.4,62.1,44.4,0.584,False,False,22.5806,97.4927,-0.6208,9.5329,-0.5907
9a33e9f1-a740-4810-a624-62b0c9935741_115-86,1099,4,0,550.0,275.2,27.4,35.7,27.4,0.569,False,False,1115.155,254.0408,0.6411,48.5417,-0.3247
9a33e9f1-a740-4810-a624-62b0c9935741_115-86,1099,5,0,408.5,21.9,32.3,43.9,32.3,0.545,False,False,10.881,211.1536,-1.2518,23.9551,-1.6847
9a33e9f1-a740-4810-a624-62b0c9935741_1702-28,1100,1,0,254.5,118.6,77.0,78.5,77.0,0.494,False,False,668.7143,1065.0637,-0.2019,51.7575,-0.6022
9a33e9f1-a740-4810-a624-62b0c9935741_1702-28,1100,2,0,235.1,123.6,64.2,100.8,64.2,0.609,False,False,1083.2319,1911.8312,-0.2466,47.848,-0.3248
9a33e9f1-a740-4810-a624-62b0c9935741_1702-28,1100,3,0,227.9,149.6,104.9,133.7,104.9,0.466,False,False,566.4235,597.4442,-0.0231,50.993,-0.6613
9a33e9f1-a740-4810-a624-62b0c9935741_1702-28,1100,4,0,268.3,161.5,78.6,99.6,78.6,0.513,False,False,829.0461,1884.8139,-0.3564,52.1279,-0.5152
9a33e9f1-a740-4810-a624-62b0c9935741_1702-28,1100,5,0,231.7,25.6,18.6,22.8,18.6,0.749,True,False,8.4536,1809.2976,-2.2822,9.1086,-0.9485
9a33e9f1-a740-4810-a624-62b0c9935741_1702-28,1100,5,1,340.5,222.1,28.4,41.9,28.4,0.689,False,False,662.877,1609.0994,-0.3848,30.6205,-0.1504
9a33e9f1-a740-4810-a624-62b0c9935741_1894-42,1101,1,0,254.6,74.7,13.4,16.4,13.4,0.453,False,False,2352.6358,3009.4453,-0.1069,25.533,0.5569
9a33e9f1-a740-4810-a624-62b0c9935741_1894-42,1101,1,1,245.2,81.6,13.2,16.0,13.2,0.416,False,False,620.3119,4028.6017,-0.812,25.2121,-0.0106
9a33e9f1-a740-4810-a624-62b0c9935741_1894-42,1101,2,0,303.5,252.4,67.7,95.8,67.7,0.519,False,False,347.3026,402.9391,-0.0644,38.4321,-0.6277
9a33e9f1-a740-4810-a624-62b0c9935741_1894-42,1101,4,0,233.0,260.2,86.1,106.5,86.1,0.473,False,True,1609.5213,2059.9624,-0.1071,37.3315,0.0625
9a33e9f1-a740-4810-a624-62b0c9935741_1894-42,1101,4,1,84.5,8.7,36.7,41.9,36.7,0.416,False,False,1203.4979,2500.9141,-0.3175,22.4342,0.3781
9a33e9f1-a740-4810-a624-62b0c9935741_1894-42,1101,5,0,252.1,38.6,11.2,14.3,11.2,0.477,False,False,7199.1315,1122.6456,0.8067,42.9338,0.5915
9a33e9f1-a740-4810-a624-62b0c9935741_2385-44,1102,1,0,537.8,128.9,27.5,34.9,27.5,0.747,True,False,4.7243,483.9105,-1.9279,8.0865,-1.0644
9a33e9f1-a740-4810-a624-62b0c9935741_2385-44,1102,2,0,454.3,52.5,23.1,28.6,23.1,0.664,True,False,6.877,581.0555,-1.8686,10.9176,-1.1835
9a33e9f1-a740-4810-a624-62b0c9935741_2385-44,1102,3,0,411.8,6.1,26.4,27.8,26.4,0.44,False,False,33.7195,333.3914,-0.9837,13.9656,-0.7518
9a33e9f1-a740-4810-a624-62b0c9935741_2385-44,1102,4,0,465.1,19.0,22.5,25.5,22.5,0.492,False,False,31.8326,751.1211,-1.36,13.0322,-0.7163
9a33e9f1-a740-4810-a624-62b0c9935741_2416-26,1103,1,0,73.5,2.3,46.1,42.5,42.5,0.5,False,True,36.6007,923.2675,-1.3906,26.6119,-1.2756
9a33e9f1-a740-4810-a624-62b0c9935741_636-64,1104,1,0,306.0,9.8,9.8,12.6,9.8,0.604,False,False,2014.8049,4021.1434,-0.3,28.7703,0.386
9a33e9f1-a740-4810-a624-62b0c9935741_636-64,1104,2,0,235.2,34.9,8.7,10.5,8.7,0.65,False,False,264.6475,2154.5698,-0.9093,8.2279,0.5874
9a33e9f1-a740-4810-a624-62b0c9935741_636-64,1104,2,1,233.9,40.0,13.4,18.0,13.4,0.42,False,False,1334.5453,1105.1626,0.0818,17.7617,0.6253
9a33e9f1-a740-4810-a624-62b0c9935741_636-64,1104,3,0,173.0,72.8,11.0,13.5,11.0,0.701,False,False,540.9162,2150.0434,-0.5987,17.9819,0.2229
9a33e9f1-a740-4810-a624-62b0c9935741_636-64,1104,3,1,135.4,1.6,17.5,18.0,17.5,0.422,False,True,14.4339,52.9887,-0.5438,16.2378,-1.2342
9a33e9f1-a740-4810-a624-62b0c9935741_636-64,1104,3,2,161.0,63.5,19.3,25.8,19.3,0.421,False,False,2475.1703,1830.7522,0.1309,29.0338,0.4675
9a33e9f1-a740-4810-a624-62b0c9935741_636-64,1104,4,0,167.9,96.6,10.8,14.0,10.8,0.506,False,False,433.2847,3615.509,-0.9205,15.1294,0.2762
9a33e9f1-a740-4810-a624-62b0c9935741_636-64,1104,5,0,163.5,98.1,10.0,12.4,10.0,0.54,False,False,1293.7682,3987.31,-0.4886,24.8028,0.3225
9a622b20-b234-4237-a3aa-c76b350e82dd_477-13,1106,2,0,579.4,281.7,18.5,24.8,18.5,0.764,True,False,2740.477,4794.8036,-0.2429,56.8259,-0.0712
9b34e344-494d-4664-8180-a8ff2a692ab2_35-55,1109,5,0,201.6,110.0,22.9,30.0,22.9,0.866,True,False,30.631,14.8695,0.2995,11.6432,-0.6352
9b8a4b28-b831-417b-83dd-deb7890908c0_1561-56,1110,3,0,348.9,177.2,68.5,115.1,68.5,0.892,False,False,16.7764,95.158,-0.7331,29.5544,-1.6919
9b8a4b28-b831-417b-83dd-deb7890908c0_1561-56,1110,4,0,318.0,153.3,69.1,89.8,69.1,0.924,False,False,124.1348,95.8758,0.1112,34.7123,-0.9839
9b8a4b28-b831-417b-83dd-deb7890908c0_1561-56,1110,4,1,236.5,46.3,76.2,122.4,76.2,0.435,False,False,2.6219,300.0609,-1.9197,9.7106,-1.4201
9b8a4b28-b831-417b-83dd-deb7890908c0_1561-56,1110,5,0,388.9,81.2,70.8,90.8,70.8,0.905,True,False,81.6417,33.8907,0.3745,37.2588,-1.2256
9b8a4b28-b831-417b-83dd-deb7890908c0_1561-56,1110,5,1,299.4,-4.1,74.4,85.9,74.4,0.47,False,True,3.261,256.8124,-1.7818,7.1193,-1.0838
9c07f3a2-5033-4f78-a377-a4cf5a7d7add_2010-42,1111,5,0,261.2,-0.7,123.9,102.9,102.9,0.413,False,True,1080.4979,4409.0109,-0.6104,33.7359,-0.0225
9c07f3a2-5033-4f78-a377-a4cf5a7d7add_2093-33,1112,2,0,51.7,7.9,184.7,154.5,154.5,0.44,False,False,1190.3928,2674.7127,-0.3514,38.8125,-0.1022
9c07f3a2-5033-4f78-a377-a4cf5a7d7add_2093-33,1112,3,0,347.2,296.4,13.1,16.7,13.1,0.477,False,False,994.5184,1257.5396,-0.1018,19.0217,0.4384
9c07f3a2-5033-4f78-a377-a4cf5a7d7add_2093-33,1112,5,0,76.3,18.0,160.3,153.8,153.8,0.446,False,False,1029.3109,2498.726,-0.3849,31.422,0.0181
9c15ab39-2b2b-4eb1-a93d-4dd3b9711fc6_321-25,1113,4,0,399.8,93.5,92.4,120.4,92.4,0.563,False,False,66.1436,138.0175,-0.3161,65.1165,-1.8005
9c15ab39-2b2b-4eb1-a93d-4dd3b9711fc6_321-25,1113,5,0,17.0,86.3,59.2,91.6,59.2,0.712,False,False,19.4321,73.3426,-0.5609,13.2362,-0.9357
9c15ab39-2b2b-4eb1-a93d-4dd3b9711fc6_321-25,1113,5,1,334.0,3.2,133.3,120.0,120.0,0.476,False,True,364.5263,249.0243,0.1649,54.989,-0.9178
9ced9631-9c8f-4a69-9984-e6b0763d11ba_278-77,1114,5,0,-12.7,58.7,289.8,351.7,289.8,0.533,False,True,86.9628,100.9638,-0.0641,73.1964,-1.7848
9d0c46d6-ea9a-43e6-8b8a-4b2972eb6ef4_551-12,1115,1,0,293.1,66.3,24.1,29.0,24.1,0.786,True,False,1956.5888,1352.6129,0.1602,35.1896,0.1985
9d0c46d6-ea9a-43e6-8b8a-4b2972eb6ef4_551-12,1115,2,0,350.0,173.2,24.3,28.1,24.3,0.836,True,False,556.3384,1456.3621,-0.4174,36.8153,-0.3863
9d0c46d6-ea9a-43e6-8b8a-4b2972eb6ef4_551-12,1115,3,0,546.5,167.9,32.1,37.2,32.1,0.802,True,False,123.4548,373.5283,-0.4785,24.0695,-0.6687
9d0c46d6-ea9a-43e6-8b8a-4b2972eb6ef4_551-12,1115,3,1,148.9,97.8,22.4,29.2,22.4,0.428,False,False,9.4656,18.6958,-0.2746,5.7755,-0.5162
9d0c46d6-ea9a-43e6-8b8a-4b2972eb6ef4_551-12,1115,5,0,126.7,152.1,41.8,42.3,41.8,0.656,True,False,50.8466,121.9966,-0.3752,26.68,-1.1383
9d26362a-4411-4d8b-b114-03f4f89928d7_1156-78,1116,5,0,357.0,208.7,25.0,30.7,25.0,0.794,True,False,1459.7645,3862.2378,-0.4224,37.5227,0.0157
9d26362a-4411-4d8b-b114-03f4f89928d7_1156-78,1116,5,1,415.6,216.5,9.2,11.3,9.2,0.458,False,False,10938.5399,6673.7465,0.2146,31.7311,1.0356
9d26362a-4411-4d8b-b114-03f4f89928d7_1588-24,1117,3,0,50.8,141.6,48.7,57.5,48.7,0.405,False,False,639.1669,682.2186,-0.0283,37.233,-0.3359
9d26362a-4411-4d8b-b114-03f4f89928d7_694-92,1118,2,0,227.9,68.7,60.8,73.0,60.8,0.88,True,False,1117.3209,1953.3984,-0.2424,44.0327,-0.2392
9d26362a-4411-4d8b-b114-03f4f89928d7_694-92,1118,2,1,99.6,210.3,18.5,23.0,18.5,0.471,False,False,834.3468,2080.1983,-0.3964,20.7727,0.2859
9d26362a-4411-4d8b-b114-03f4f89928d7_694-92,1118,3,0,315.5,58.6,37.0,44.2,37.0,0.9,True,False,1197.9652,2273.7197,-0.2781,41.4553,-0.1566
9d26362a-4411-4d8b-b114-03f4f89928d7_694-92,1118,3,1,287.7,92.7,9.3,10.8,9.3,0.64,False,False,3615.0875,6536.9834,-0.2572,31.905,0.5501
9d26362a-4411-4d8b-b114-03f4f89928d7_694-92,1118,3,2,347.1,87.2,18.4,21.9,18.4,0.635,False,False,8756.235,2630.7767,0.5221,39.6058,0.7466
9d26362a-4411-4d8b-b114-03f4f89928d7_694-92,1118,5,0,451.4,199.1,32.3,35.0,32.3,0.659,True,False,602.934,804.9391,-0.1253,35.5206,-0.3203
9d965c16-0014-45e5-b37b-50a786971470_2004-75,1120,1,0,169.9,41.5,267.8,213.5,213.5,0.443,False,False,24.9292,48.0613,-0.2769,34.1936,-1.6545
9d965c16-0014-45e5-b37b-50a786971470_2004-75,1120,4,0,387.4,-1.9,84.8,77.6,77.6,0.803,False,True,77.0049,184.1439,-0.3754,20.6787,-0.7399
9d965c16-0014-45e5-b37b-50a786971470_2476-67,1121,1,0,383.0,31.5,8.7,10.9,8.7,0.547,False,False,6078.45,6641.6324,-0.0385,48.0621,0.4201
9d965c16-0014-45e5-b37b-50a786971470_2476-67,1121,2,0,406.4,27.4,10.7,13.5,10.7,0.724,False,False,4292.4539,3091.7073,0.1425,46.151,0.3042
9d965c16-0014-45e5-b37b-50a786971470_2476-67,1121,3,0,432.0,24.4,10.2,12.9,10.2,0.428,False,False,3749.9135,7259.9404,-0.2869,41.206,0.344
9d965c16-0014-45e5-b37b-50a786971470_6156-96,1122,5,0,359.7,16.7,105.0,166.4,105.0,0.432,False,False,297.0239,460.3756,-0.1898,29.203,-0.4571
9d965c16-0014-45e5-b37b-50a786971470_8107-86,1123,1,0,320.0,9.4,14.6,17.5,14.6,0.57,False,False,33.0525,4234.7155,-2.0948,27.3368,-1.3419
9d965c16-0014-45e5-b37b-50a786971470_8107-86,1123,1,1,224.9,10.0,19.4,26.1,19.4,0.568,False,False,87.7159,2632.051,-1.4725,41.9661,-1.298
9d965c16-0014-45e5-b37b-50a786971470_8107-86,1123,2,0,155.4,32.2,8.8,10.6,8.8,0.603,False,False,202.026,2766.1695,-1.1345,23.6056,-0.4393
9d965c16-0014-45e5-b37b-50a786971470_8107-86,1123,3,0,164.7,5.5,8.2,9.3,8.2,0.454,False,False,1630.7475,9570.664,-0.7683,25.0535,0.4142
9d965c16-0014-45e5-b37b-50a786971470_8107-86,1123,3,1,153.1,32.3,9.2,11.9,9.2,0.416,False,False,622.4566,2238.8546,-0.5554,13.7055,0.5187
9d965c16-0014-45e5-b37b-50a786971470_8107-86,1123,4,0,469.8,136.3,14.2,19.0,14.2,0.556,False,False,14315.1786,2445.4806,0.7673,41.2419,0.9249
9e0594bd-15a5-4ae7-afa0-9283683ae1f2_1106-88,1126,1,0,294.7,135.2,25.6,31.7,25.6,0.433,False,False,440.8324,271.0249,0.2106,32.6297,-0.3824
9e08a7b1-eb04-4d11-bb0b-f4cd42f0a819_3434-14,1127,3,0,533.0,62.1,84.6,88.2,84.6,0.453,False,False,128.7543,188.4416,-0.1644,12.133,-0.0578
9e08a7b1-eb04-4d11-bb0b-f4cd42f0a819_3434-14,1127,5,0,307.2,32.9,174.8,287.8,174.8,0.458,False,False,65.523,687.6557,-1.015,26.3946,-1.0207
9e579570-0541-49d6-bf0e-35483e949296_653-37,1128,3,0,209.9,132.1,51.2,57.7,51.2,0.567,False,False,132.0313,140.7655,-0.0276,25.4855,-0.6893
9e579570-0541-49d6-bf0e-35483e949296_653-37,1128,3,1,222.2,169.9,62.9,66.6,62.9,0.55,False,False,422.5552,546.391,-0.1114,58.8704,-0.913
9e579570-0541-49d6-bf0e-35483e949296_653-37,1128,4,0,63.5,-2.0,130.4,87.7,87.7,0.541,False,True,111.1076,853.5242,-0.8821,37.9366,-1.1088
9e579570-0541-49d6-bf0e-35483e949296_653-37,1128,5,0,202.2,16.2,16.6,21.1,16.6,0.51,False,False,448.8428,1839.873,-0.612,23.515,-0.0904
9e9c5b05-c7d4-450d-9850-e6ae83caa9a5_3282-52,1129,1,0,-28.6,7.5,350.4,461.4,350.4,0.556,False,True,39.8694,37.9387,0.021,42.5472,-1.6466
9e9c5b05-c7d4-450d-9850-e6ae83caa9a5_3282-52,1129,5,0,323.1,233.0,79.4,119.5,79.4,0.841,False,False,13.0265,22.1669,-0.2179,27.5531,-1.734
9f4e5f51-eac3-4070-9097-f6e18a7b90f9_1289-99,1131,1,0,20.3,90.4,102.8,110.3,102.8,0.452,False,False,2519.3936,2359.8944,0.0284,47.8729,0.0411
9f4e5f51-eac3-4070-9097-f6e18a7b90f9_1289-99,1131,3,0,150.2,5.4,88.0,99.6,88.0,0.849,True,False,2874.7186,3815.5815,-0.1229,67.5989,-0.2012
9f4e5f51-eac3-4070-9097-f6e18a7b90f9_1289-99,1131,4,0,219.9,77.5,65.9,78.1,65.9,0.81,True,False,2610.1747,3685.1021,-0.1497,70.7751,-0.283
9f4e5f51-eac3-4070-9097-f6e18a7b90f9_1289-99,1131,5,0,180.4,61.6,75.0,91.5,75.0,0.788,True,False,2597.5426,2951.7601,-0.0555,71.2874,-0.2914
9fb1ce25-8a99-45ed-a28c-1492192d4964_1100-54,1133,1,0,141.1,143.5,53.3,69.0,53.3,0.881,True,False,4201.2389,5060.1555,-0.0808,48.4152,0.2533
9fb1ce25-8a99-45ed-a28c-1492192d4964_1946-35,1134,2,0,397.0,9.9,172.3,176.0,172.3,0.487,False,False,1288.8408,1349.5384,-0.02,49.2112,-0.2738
9fb1ce25-8a99-45ed-a28c-1492192d4964_1946-35,1134,3,0,443.9,-1.7,143.7,125.1,125.1,0.481,False,True,1020.1775,1579.2345,-0.1896,31.251,0.0189
9fb1ce25-8a99-45ed-a28c-1492192d4964_1957-11,1135,1,0,255.1,222.0,44.8,59.4,44.8,0.624,False,False,2021.2527,1406.7336,0.1573,49.6474,-0.0861
9fb1ce25-8a99-45ed-a28c-1492192d4964_1957-11,1135,1,1,409.9,7.5,188.3,138.5,138.5,0.621,True,False,931.1878,2213.2678,-0.3757,38.4052,-0.1996
9fc3678b-86e2-44ab-adbc-9aeda78ceb60_992-74,1137,1,0,362.3,121.5,18.6,22.3,18.6,0.577,False,False,1317.6868,1027.9502,0.1077,34.6682,0.0399
9fc3678b-86e2-44ab-adbc-9aeda78ceb60_992-74,1137,2,0,362.3,131.5,16.3,20.1,16.3,0.831,True,False,1716.4833,2058.4847,-0.0789,25.369,0.4256
a055e4e8-cc07-47c1-a438-06f45c4f724c_2257-57,1138,5,0,5.0,179.7,114.9,148.9,114.9,0.453,False,False,17.4392,111.512,-0.7855,27.7675,-1.6219
a055e4e8-cc07-47c1-a438-06f45c4f724c_2341-22,1139,1,0,198.4,116.2,74.5,83.0,74.5,0.603,False,False,226.5147,538.4551,-0.3749,34.3048,-0.7141
a055e4e8-cc07-47c1-a438-06f45c4f724c_2341-22,1139,1,1,147.6,49.1,43.6,52.0,43.6,0.577,False,False,65.7325,123.8129,-0.2719,34.8738,-1.261
a055e4e8-cc07-47c1-a438-06f45c4f724c_2341-22,1139,2,0,86.9,82.2,44.4,50.8,44.4,0.733,False,False,141.7884,485.8695,-0.5327,31.9955,-0.8559
a055e4e8-cc07-47c1-a438-06f45c4f724c_2341-22,1139,2,1,179.7,141.4,64.0,65.3,64.0,0.589,False,False,414.8939,1025.717,-0.3925,42.9943,-0.6481
a055e4e8-cc07-47c1-a438-06f45c4f724c_2341-22,1139,2,2,0.1,176.1,141.5,209.8,141.5,0.527,False,True,571.5002,799.0953,-0.1454,37.6548,-0.3942
a055e4e8-cc07-47c1-a438-06f45c4f724c_2341-22,1139,3,0,118.2,71.8,43.3,48.4,43.3,0.806,False,False,32.8677,334.6832,-0.9961,22.8799,-1.19
a055e4e8-cc07-47c1-a438-06f45c4f724c_2341-22,1139,3,1,164.6,150.7,64.4,81.0,64.4,0.584,False,False,755.6627,1247.1701,-0.2174,33.5678,-0.1733
a055e4e8-cc07-47c1-a438-06f45c4f724c_2341-22,1139,3,2,100.9,232.1,45.5,55.9,45.5,0.419,False,False,252.1456,546.329,-0.3349,30.2071,-0.5573
a055e4e8-cc07-47c1-a438-06f45c4f724c_2341-22,1139,4,0,137.7,43.8,42.9,52.2,42.9,0.65,False,False,183.779,1293.1857,-0.8453,33.1972,-0.7759
a055e4e8-cc07-47c1-a438-06f45c4f724c_2341-22,1139,4,1,95.3,204.2,43.4,53.0,43.4,0.508,False,False,462.3231,1024.4529,-0.345,29.5936,-0.277
a055e4e8-cc07-47c1-a438-06f45c4f724c_2341-22,1139,4,2,-7.2,188.9,82.1,109.5,82.1,0.419,False,True,681.8331,1299.5084,-0.2798,29.5993,-0.1087
a055e4e8-cc07-47c1-a438-06f45c4f724c_2341-22,1139,5,0,46.0,175.7,119.1,148.6,119.1,0.613,False,False,281.0367,1139.2254,-0.6067,26.2355,-0.3881
a055e4e8-cc07-47c1-a438-06f45c4f724c_2341-22,1139,5,1,-0.1,258.1,40.2,70.4,40.2,0.538,False,True,104.9219,738.08,-0.8437,25.3146,-0.7824
a055e4e8-cc07-47c1-a438-06f45c4f724c_2341-22,1139,5,2,23.9,92.2,47.5,51.5,47.5,0.528,False,False,56.412,234.2434,-0.6125,27.716,-1.127
a12f0a2e-e066-4b65-8603-6754bb73e196_30-04,1140,1,0,287.7,62.3,88.4,114.1,88.4,0.674,False,False,5.7359,86.364,-1.1129,9.9383,-1.1706
a12f0a2e-e066-4b65-8603-6754bb73e196_30-04,1140,2,0,55.7,-6.6,157.6,114.4,114.4,0.562,False,True,30.2154,49.7907,-0.2114,16.8229,-0.959
a12f0a2e-e066-4b65-8603-6754bb73e196_30-04,1140,4,0,388.4,228.4,109.4,131.0,109.4,0.663,False,False,5.0151,608.8792,-2.006,5.6435,-0.7373
a12f0a2e-e066-4b65-8603-6754bb73e196_30-04,1140,4,1,34.2,115.5,46.8,56.9,46.8,0.482,False,False,15.1252,122.5024,-0.8842,9.4526,-0.7484
a12f0a2e-e066-4b65-8603-6754bb73e196_30-04,1140,5,0,372.9,252.6,105.0,117.3,105.0,0.784,False,False,4.2988,330.6903,-1.7966,5.5395,-0.7767
a12f0a2e-e066-4b65-8603-6754bb73e196_30-04,1140,5,1,236.8,-1.0,164.2,156.1,156.1,0.694,False,True,15.0785,185.3654,-1.0641,24.8209,-1.5841
a13a145f-920a-44ec-8aef-b489c097f4a7_171-91,1141,2,0,139.9,-1.5,363.0,338.1,338.1,0.418,False,True,93.2582,81.9071,0.0557,24.6857,-0.8113
a13a145f-920a-44ec-8aef-b489c097f4a7_171-91,1141,3,0,80.2,17.8,309.6,296.1,296.1,0.452,False,False,55.6319,101.1109,-0.256,27.0674,-1.1124
a13a145f-920a-44ec-8aef-b489c097f4a7_171-91,1141,4,0,308.3,78.2,64.0,82.2,64.0,0.796,False,False,224.3912,140.2445,0.203,24.795,-0.4365
a13a145f-920a-44ec-8aef-b489c097f4a7_171-91,1141,5,0,259.5,115.9,54.6,67.8,54.6,0.915,True,False,1596.3001,900.4818,0.2484,35.6962,0.0978
a1b38e9d-7225-46ab-ab17-a61b261faa36_1920-36,1142,1,0,41.4,-4.1,138.5,103.1,103.1,0.68,False,True,1989.1489,3340.0018,-0.225,52.5394,-0.1422
a1b38e9d-7225-46ab-ab17-a61b261faa36_1920-36,1142,1,1,398.1,94.0,88.0,103.6,88.0,0.407,False,False,53.7731,624.1633,-1.0574,27.6558,-1.1456
a1b38e9d-7225-46ab-ab17-a61b261faa36_1920-36,1142,3,0,391.5,138.4,103.3,108.5,103.3,0.594,False,False,941.4171,1639.5932,-0.2408,44.0209,-0.3133
a1b38e9d-7225-46ab-ab17-a61b261faa36_1920-36,1142,4,0,344.1,133.8,125.8,116.0,116.0,0.639,False,False,802.9655,1644.137,-0.311,49.5511,-0.485
a1b38e9d-7225-46ab-ab17-a61b261faa36_1920-36,1142,4,1,20.6,-2.6,155.0,108.8,108.8,0.506,False,True,2487.5485,3099.463,-0.0955,53.9479,-0.0682
a1b38e9d-7225-46ab-ab17-a61b261faa36_1920-36,1142,5,0,30.0,51.5,131.9,141.7,131.9,0.614,False,False,1774.5885,2548.2027,-0.1571,54.3908,-0.2219
a1e8d35f-2dad-495c-ac00-b056f710c706_1381-64,1143,1,0,140.3,0.6,120.2,133.2,120.2,0.748,False,True,569.1414,2890.3191,-0.7051,44.3328,-0.5377
a1e8d35f-2dad-495c-ac00-b056f710c706_1381-64,1143,1,1,348.1,260.5,65.4,84.3,65.4,0.549,False,False,1135.1339,1862.4719,-0.2149,32.2691,0.0374
a1e8d35f-2dad-495c-ac00-b056f710c706_1381-64,1143,2,0,297.5,198.8,6.8,8.2,6.8,0.427,False,False,12678.0,13439.8686,-0.0253,53.4739,0.6466
a267b011-b1db-4e3c-aa49-438e2afdd6dc_116-72,1145,3,0,433.4,32.8,30.8,46.1,30.8,0.753,True,False,453.1144,364.1216,0.0947,35.7658,-0.4501
a2c3a84e-ae75-4e72-8a52-64511ed67080_919-81,1146,1,0,12.9,125.2,30.2,48.2,30.2,0.816,False,False,14.8658,195.8187,-1.0936,13.9621,-1.0917
a2c3a84e-ae75-4e72-8a52-64511ed67080_919-81,1146,5,0,6.9,20.0,118.6,147.2,118.6,0.527,False,False,4.7752,34.4139,-0.7876,16.8022,-1.6907
a2f25985-0589-42ca-af57-58930079dfb9_1082-02,1147,2,0,184.6,13.6,22.7,26.0,22.7,0.449,False,False,38.3581,4932.2604,-2.0981,36.9814,-1.5413
a2f25985-0589-42ca-af57-58930079dfb9_1082-02,1147,2,1,129.1,21.5,45.7,59.3,45.7,0.448,False,False,244.8091,2047.1016,-0.9208,35.651,-0.7139
a2f25985-0589-42ca-af57-58930079dfb9_1082-02,1147,3,0,247.3,29.9,15.6,18.9,15.6,0.549,False,False,34.2273,2088.9481,-1.7733,50.0598,-1.8523
a2f25985-0589-42ca-af57-58930079dfb9_1082-02,1147,3,1,86.2,6.2,62.2,68.8,62.2,0.519,False,False,730.9064,2184.1347,-0.475,36.3519,-0.2569
a2f25985-0589-42ca-af57-58930079dfb9_1082-02,1147,3,2,345.2,8.5,36.8,42.6,36.8,0.504,False,False,12.6637,2924.6474,-2.3307,26.573,-1.7139
a2f25985-0589-42ca-af57-58930079dfb9_1082-02,1147,4,0,88.1,52.3,23.0,26.8,23.0,0.649,True,False,41.6903,5365.2617,-2.0993,34.1972,-1.438
a2f25985-0589-42ca-af57-58930079dfb9_1082-02,1147,4,1,159.2,47.6,17.0,21.2,17.0,0.532,False,False,44.5252,2312.9477,-1.7061,57.4711,-1.8608
a2f25985-0589-42ca-af57-58930079dfb9_1082-02,1147,4,2,305.5,34.2,29.1,36.0,29.1,0.516,False,False,6.6482,1830.2472,-2.3792,39.1496,-2.3022
a2f25985-0589-42ca-af57-58930079dfb9_1082-02,1147,4,3,244.4,38.3,31.8,48.9,31.8,0.491,False,False,4.6544,1374.1304,-2.386,20.0719,-1.8539
a2f25985-0589-42ca-af57-58930079dfb9_1082-02,1147,4,4,261.3,54.6,27.3,40.2,27.3,0.429,False,False,320.4805,1259.7711,-0.5935,38.3356,-0.6603
a2f25985-0589-42ca-af57-58930079dfb9_1082-02,1147,5,0,194.4,54.7,28.7,39.2,28.7,0.638,True,False,340.3638,1931.1202,-0.7528,42.4372,-0.7225
a2f25985-0589-42ca-af57-58930079dfb9_1082-02,1147,5,1,37.8,75.5,21.3,25.9,21.3,0.587,False,False,13.804,1442.4172,-1.989,45.2656,-2.1414
a2f25985-0589-42ca-af57-58930079dfb9_1082-02,1147,5,2,138.9,144.6,27.3,35.2,27.3,0.478,False,False,107.6531,1080.4021,-0.9979,12.6032,-0.1676
a2f25985-0589-42ca-af57-58930079dfb9_1096-32,1148,1,0,170.9,10.2,34.4,56.4,34.4,0.746,False,False,2102.3941,1666.4509,0.1009,39.2962,0.1339
a2f25985-0589-42ca-af57-58930079dfb9_1096-32,1148,1,1,88.6,79.8,32.5,39.6,32.5,0.444,False,False,2206.7063,4953.1867,-0.351,48.6771,-0.0309
a2f25985-0589-42ca-af57-58930079dfb9_1096-32,1148,2,0,193.7,5.5,53.8,69.2,53.8,0.542,False,False,2099.8291,1646.6259,0.1055,39.4015,0.1311
a2f25985-0589-42ca-af57-58930079dfb9_1096-32,1148,2,1,484.5,8.2,24.6,25.9,24.6,0.517,False,False,13.6228,1411.9943,-1.9851,36.6279,-1.9629
a2f25985-0589-42ca-af57-58930079dfb9_1096-32,1148,2,2,45.3,51.8,28.3,32.1,28.3,0.504,False,False,293.8295,1216.5692,-0.6159,43.3069,-0.8038
a2f25985-0589-42ca-af57-58930079dfb9_1096-32,1148,2,3,100.0,74.2,28.0,35.3,28.0,0.437,False,False,3053.5034,3776.894,-0.0923,38.9908,0.3027
a2f25985-0589-42ca-af57-58930079dfb9_1096-32,1148,2,4,618.8,33.3,17.9,35.7,17.9,0.43,False,True,3240.8295,3128.9458,0.0153,63.1073,-0.0895
a2f25985-0589-42ca-af57-58930079dfb9_1096-32,1148,3,0,33.7,32.7,37.2,46.3,37.2,0.511,False,False,381.6961,1734.8129,-0.6566,47.5225,-0.7711
a2f25985-0589-42ca-af57-58930079dfb9_1096-32,1148,3,1,481.2,1.3,25.1,22.2,22.2,0.409,False,True,17.4462,1424.9979,-1.8882,23.9296,-1.4927
a2f25985-0589-42ca-af57-58930079dfb9_1096-32,1148,3,2,101.2,1.2,25.9,26.5,25.9,0.404,False,True,32.6782,3201.9821,-1.9782,35.285,-1.5682
a2f25985-0589-42ca-af57-58930079dfb9_1096-32,1148,4,0,42.6,63.6,27.8,37.5,27.8,0.602,False,False,2785.6705,4406.6197,-0.1991,47.4857,0.0918
a2f25985-0589-42ca-af57-58930079dfb9_1096-32,1148,4,1,526.2,17.5,23.5,29.7,23.5,0.42,False,False,426.3086,1323.3654,-0.4913,12.8221,0.4122
a2f25985-0589-42ca-af57-58930079dfb9_1096-32,1148,5,0,377.3,5.7,178.6,136.3,136.3,0.432,False,False,778.8726,1040.4101,-0.1256,61.2452,-0.6822
a2f25985-0589-42ca-af57-58930079dfb9_7290-57,1149,2,0,516.4,8.0,33.7,45.8,33.7,0.734,True,False,56.9314,445.8538,-0.8873,47.9264,-1.5984
a2f25985-0589-42ca-af57-58930079dfb9_7290-57,1149,2,1,300.3,35.1,13.1,15.4,13.1,0.636,True,False,1530.2711,1982.937,-0.1125,47.8845,-0.1755
a2f25985-0589-42ca-af57-58930079dfb9_7290-57,1149,3,0,341.9,53.7,16.9,20.3,16.9,0.616,True,False,970.0151,1224.6257,-0.1011,52.1313,-0.4471
a2f25985-0589-42ca-af57-58930079dfb9_7290-57,1149,4,0,405.1,63.7,19.1,21.9,19.1,0.638,True,False,2141.2194,977.5883,0.3403,47.8835,-0.0297
a32e3749-3ec6-4865-b5f2-067d05c04190_1229-02,1150,5,0,229.3,216.0,74.9,100.8,74.9,0.512,False,False,1445.4657,1286.1828,0.0507,38.8609,-0.019
a40f2c59-c795-4893-9ec5-6a58632a2b49_635-34,1156,3,0,298.3,228.6,24.9,31.8,24.9,0.609,True,False,85.7592,1982.5235,-1.3591,18.0333,-0.5752
a40f2c59-c795-4893-9ec5-6a58632a2b49_635-34,1156,4,0,332.3,228.0,31.7,41.8,31.7,0.608,True,False,3.4032,1359.8796,-2.4901,9.7856,-1.3419
a40f2c59-c795-4893-9ec5-6a58632a2b49_635-34,1156,5,0,365.5,165.5,63.7,81.4,63.7,0.866,True,False,3.7752,428.1338,-1.9536,8.9465,-1.2297
a4375d98-e295-4e7d-a718-d8af066e3d57_1708-23,1157,4,0,-3.9,74.5,54.5,73.8,54.5,0.453,False,True,4603.5214,3734.8413,0.0908,69.5036,-0.0209
a437e059-78be-4894-a7ab-dc27fa16d3f8_178-53,1158,1,0,244.7,16.2,21.4,26.9,21.4,0.671,False,False,353.5865,2875.8065,-0.9092,46.1196,-0.7783
a437e059-78be-4894-a7ab-dc27fa16d3f8_178-53,1158,1,1,95.8,39.4,20.6,22.8,20.6,0.652,True,False,37.8127,3628.2515,-1.9708,17.7186,-0.9093
a437e059-78be-4894-a7ab-dc27fa16d3f8_178-53,1158,3,0,88.2,42.5,25.1,27.6,25.1,0.59,False,False,36.7913,5140.7139,-2.1337,27.0919,-1.2889
a437e059-78be-4894-a7ab-dc27fa16d3f8_6791-07,1160,2,0,216.4,3.4,141.2,159.2,141.2,0.401,False,True,5753.7132,6522.1766,-0.0544,46.7968,0.4194
a437e059-78be-4894-a7ab-dc27fa16d3f8_6791-07,1160,3,0,178.3,-0.6,135.8,98.3,98.3,0.529,False,True,885.9412,2641.8596,-0.4742,57.7793,-0.5758
a437e059-78be-4894-a7ab-dc27fa16d3f8_6791-07,1160,3,1,277.3,-0.8,191.0,134.3,134.3,0.449,False,True,471.1314,4175.9905,-0.9468,34.4093,-0.3997
a437e059-78be-4894-a7ab-dc27fa16d3f8_6791-07,1160,5,0,419.6,20.9,156.7,181.4,156.7,0.481,False,False,2238.3376,6559.0469,-0.4668,34.8522,0.2653
a437e059-78be-4894-a7ab-dc27fa16d3f8_7188-07,1161,4,0,452.2,9.1,151.7,121.2,121.2,0.626,True,False,733.1478,1210.3471,-0.2175,38.8823,-0.314
a437e059-78be-4894-a7ab-dc27fa16d3f8_7188-07,1161,4,1,600.8,-3.5,39.7,46.3,39.7,0.435,False,True,624.7477,1209.6227,-0.2866,24.0773,0.0324
a437e059-78be-4894-a7ab-dc27fa16d3f8_9861-81,1162,3,0,516.7,161.6,16.4,21.1,16.4,0.567,False,False,134.7036,1322.0701,-0.989,38.9036,-1.0477
a437e059-78be-4894-a7ab-dc27fa16d3f8_9861-81,1162,4,0,459.4,26.4,23.2,31.7,23.2,0.815,True,False,14.6431,1920.6143,-2.0893,22.5219,-1.5117
a437e059-78be-4894-a7ab-dc27fa16d3f8_9861-81,1162,5,0,503.8,81.8,45.3,48.9,45.3,0.864,True,False,1799.9685,3382.5693,-0.2739,44.0857,-0.0333
a454e4d7-7ead-41ea-bfcf-db8300ad34d9_72-86,1166,1,0,172.5,4.3,137.5,155.8,137.5,0.798,False,False,70.0835,289.0777,-0.6107,24.6403,-0.9322
a454e4d7-7ead-41ea-bfcf-db8300ad34d9_72-86,1166,2,0,541.8,127.0,60.9,72.2,60.9,0.529,False,False,4663.0518,1367.0399,0.5327,59.0767,0.1258
a454e4d7-7ead-41ea-bfcf-db8300ad34d9_72-86,1166,5,0,211.7,271.6,26.8,34.6,26.8,0.917,True,False,142.9798,1177.8907,-0.9132,18.857,-0.3939
a48f66dc-d07c-4ca9-aa3b-b08ea5802194_1914-01,1167,1,0,58.3,67.3,167.0,211.8,167.0,0.409,False,False,28.4071,58.2503,-0.3042,20.6983,-1.1644
a48f66dc-d07c-4ca9-aa3b-b08ea5802194_1914-01,1167,3,0,380.0,1.6,40.6,31.7,31.7,0.856,True,True,38.4363,30.3172,0.1001,11.7806,-0.5496
a48f66dc-d07c-4ca9-aa3b-b08ea5802194_1914-01,1167,4,0,387.4,0.8,33.3,26.6,26.6,0.837,True,True,31.5073,31.3909,0.0016,10.0195,-0.494
a48f66dc-d07c-4ca9-aa3b-b08ea5802194_1914-01,1167,5,0,386.6,1.3,34.3,27.8,27.8,0.837,True,True,46.0804,29.7874,0.1845,11.1562,-0.4257
a49bdcc8-8f23-445d-bae0-8d9e5c4d9c63_1749-02,1168,3,0,307.6,41.0,121.6,127.1,121.6,0.724,False,False,343.068,789.9594,-0.3615,26.1238,-0.2981
a4bbdddc-c222-4535-a616-57ccbc8f9b9e_1495-45,1169,1,0,267.1,126.5,16.1,21.1,16.1,0.724,True,False,26.7532,2420.1347,-1.9407,14.0715,-0.8556
a4bbdddc-c222-4535-a616-57ccbc8f9b9e_1495-45,1169,1,1,396.4,89.3,17.9,23.0,17.9,0.632,False,False,48.1581,1677.8388,-1.5334,23.0598,-1.0349
a4bbdddc-c222-4535-a616-57ccbc8f9b9e_1495-45,1169,1,2,328.3,122.8,13.6,17.9,13.6,0.63,True,False,138.7763,1809.9735,-1.1125,25.0186,-0.6518
a4bbdddc-c222-4535-a616-57ccbc8f9b9e_1495-45,1169,1,3,197.4,132.4,17.1,21.6,17.1,0.604,True,False,596.3956,3169.7895,-0.7249,20.1714,0.1657
a4bbdddc-c222-4535-a616-57ccbc8f9b9e_1495-45,1169,1,4,29.3,151.2,72.8,89.0,72.8,0.582,False,False,248.0818,789.3873,-0.5015,21.3908,-0.2651
a4bbdddc-c222-4535-a616-57ccbc8f9b9e_1495-45,1169,1,5,530.1,115.4,39.7,51.5,39.7,0.529,False,False,3.6942,671.8787,-2.1564,8.8657,-1.2294
a4bbdddc-c222-4535-a616-57ccbc8f9b9e_1495-45,1169,1,6,182.2,160.1,23.5,30.6,23.5,0.432,False,False,88.0256,4296.6536,-1.6837,16.9224,-0.5089
a4bbdddc-c222-4535-a616-57ccbc8f9b9e_1495-45,1169,2,0,429.6,78.7,22.1,26.8,22.1,0.714,False,False,20.8734,2326.8426,-2.027,11.4609,-0.7818
a4bbdddc-c222-4535-a616-57ccbc8f9b9e_1495-45,1169,2,1,561.5,94.6,13.0,16.5,13.0,0.414,False,False,78.2132,2338.326,-1.4703,21.597,-0.7709
a4bbdddc-c222-4535-a616-57ccbc8f9b9e_1495-45,1169,2,2,487.8,92.7,22.9,32.0,22.9,0.41,False,False,272.5941,1293.3231,-0.6749,20.2336,-0.1761
a4bbdddc-c222-4535-a616-57ccbc8f9b9e_1495-45,1169,3,0,415.0,73.0,44.5,54.6,44.5,0.472,False,False,13.4858,730.138,-1.7031,23.505,-1.5822
a4bbdddc-c222-4535-a616-57ccbc8f9b9e_1495-45,1169,4,0,346.9,36.3,54.3,64.0,54.3,0.632,True,False,3.6716,1521.0432,-2.513,17.7805,-1.8318
a4bbdddc-c222-4535-a616-57ccbc8f9b9e_1495-45,1169,4,1,567.6,105.3,13.9,16.6,13.9,0.459,False,False,2146.4275,2690.7534,-0.0981,26.0587,0.4994
a4bbdddc-c222-4535-a616-57ccbc8f9b9e_1495-45,1169,5,0,411.4,1.5,53.5,49.0,49.0,0.662,True,True,164.5287,1656.5024,-1.0006,15.6353,-0.1711
a4bbdddc-c222-4535-a616-57ccbc8f9b9e_4898-52,1170,1,0,21.8,0.9,25.8,24.0,24.0,0.794,True,True,751.6607,1320.4571,-0.2445,35.4457,-0.2229
a4bbdddc-c222-4535-a616-57ccbc8f9b9e_4898-52,1170,2,0,534.4,92.5,12.1,14.8,12.1,0.698,False,False,477.3155,6489.3187,-1.1326,48.0288,-0.6835
a4bbdddc-c222-4535-a616-57ccbc8f9b9e_4898-52,1170,2,1,557.0,95.2,8.8,11.3,8.8,0.528,False,False,471.7222,6902.2599,-1.1644,37.9427,-0.484
a4bbdddc-c222-4535-a616-57ccbc8f9b9e_4898-52,1170,4,0,373.1,1.5,21.8,21.1,21.1,0.742,True,True,187.2604,2643.3988,-1.1476,18.8193,-0.2757
a4bbdddc-c222-4535-a616-57ccbc8f9b9e_4898-52,1170,4,1,446.3,-0.4,26.4,21.9,21.9,0.718,True,True,663.713,8207.0825,-1.0916,34.0563,-0.2421
a4bbdddc-c222-4535-a616-57ccbc8f9b9e_4898-52,1170,4,2,215.7,-1.3,52.4,53.5,52.4,0.717,False,True,431.566,612.7138,-0.1519,28.1796,-0.2644
a4bbdddc-c222-4535-a616-57ccbc8f9b9e_7343-01,1172,1,0,475.7,72.5,77.7,92.0,77.7,0.427,False,False,7641.1014,4077.0284,0.2728,77.7928,0.1013
a5bd4711-275b-4bbf-96fe-37553e5d3e93_1416-31,1174,3,0,204.2,157.7,16.3,20.8,16.3,0.462,False,False,237.8344,1255.5754,-0.7211,16.0303,-0.0335
a5bd4711-275b-4bbf-96fe-37553e5d3e93_1416-31,1174,5,0,189.7,94.3,72.7,123.0,72.7,0.855,False,False,441.3115,1512.0994,-0.5341,57.1964,-0.8691
a5bd4711-275b-4bbf-96fe-37553e5d3e93_156-00,1175,1,0,538.1,215.3,29.0,37.2,29.0,0.881,True,False,3854.9439,3026.8498,0.105,58.5584,0.0508
a5bd4711-275b-4bbf-96fe-37553e5d3e93_156-00,1175,2,0,436.7,197.8,31.7,37.2,31.7,0.886,True,False,4998.5517,3550.134,0.1486,48.9061,0.32
a5bd4711-275b-4bbf-96fe-37553e5d3e93_156-00,1175,3,0,327.4,126.0,36.2,43.0,36.2,0.896,True,False,3965.8937,3159.0421,0.0988,50.3522,0.1942
a5bd4711-275b-4bbf-96fe-37553e5d3e93_156-00,1175,4,0,453.9,34.2,41.6,49.7,41.6,0.902,True,False,877.4522,2451.3715,-0.4459,37.8918,-0.2137
a5bd4711-275b-4bbf-96fe-37553e5d3e93_1659-18,1176,4,0,-0.2,13.3,21.7,33.6,21.7,0.782,True,True,1080.4635,838.5091,0.11,48.8093,-0.3432
a5bd4711-275b-4bbf-96fe-37553e5d3e93_1659-18,1176,4,1,206.2,178.3,64.8,75.6,64.8,0.587,False,False,3147.7746,6045.2898,-0.2833,43.717,0.2166
a5bd4711-275b-4bbf-96fe-37553e5d3e93_1662-76,1177,1,0,-0.3,10.7,23.0,35.8,23.0,0.736,True,True,959.7534,936.0379,0.0109,48.1298,-0.3824
a5bd4711-275b-4bbf-96fe-37553e5d3e93_1662-76,1177,1,1,205.8,174.1,67.0,77.6,67.0,0.699,False,False,3110.412,6146.1529,-0.2957,43.6783,0.2122
a5bd4711-275b-4bbf-96fe-37553e5d3e93_1662-76,1177,3,0,521.0,217.6,68.1,111.5,68.1,0.646,False,False,207.4983,622.6869,-0.4759,36.7009,-0.8106
a5bd4711-275b-4bbf-96fe-37553e5d3e93_1662-76,1177,4,0,29.6,145.6,72.6,79.7,72.6,0.419,False,False,692.6798,1543.3644,-0.3476,24.342,0.0677
a5bd4711-275b-4bbf-96fe-37553e5d3e93_297-73,1178,2,0,103.4,64.8,32.8,40.2,32.8,0.881,True,False,3340.8715,2846.7765,0.0695,56.836,0.0146
a5bd4711-275b-4bbf-96fe-37553e5d3e93_297-73,1178,3,0,303.6,0.4,27.8,21.2,21.2,0.522,False,True,4071.5467,3713.2089,0.04,37.6226,0.4587
a5bd4711-275b-4bbf-96fe-37553e5d3e93_480-52,1179,2,0,367.7,139.8,9.4,11.6,9.4,0.658,True,False,14259.1233,5557.7752,0.4091,39.5105,0.9604
a5bd4711-275b-4bbf-96fe-37553e5d3e93_480-52,1179,3,0,384.8,104.2,9.3,11.7,9.3,0.689,True,False,14220.7092,6974.1031,0.3094,43.3534,0.8787
a5bd4711-275b-4bbf-96fe-37553e5d3e93_484-64,1180,4,0,371.2,168.5,20.4,26.0,20.4,0.866,True,False,6317.1753,2030.4695,0.4928,46.0757,0.4734
a5bd4711-275b-4bbf-96fe-37553e5d3e93_484-64,1180,5,0,284.5,143.2,18.7,24.6,18.7,0.866,True,False,6817.9597,3290.4,0.3163,45.0477,0.5262
a5bd4711-275b-4bbf-96fe-37553e5d3e93_499-12,1181,2,0,288.2,102.8,18.0,23.5,18.0,0.845,True,False,2586.422,2122.7747,0.0858,37.1329,0.273
a5bd4711-275b-4bbf-96fe-37553e5d3e93_499-12,1181,3,0,322.7,37.7,15.5,20.7,15.5,0.46,False,False,2172.5458,3723.5596,-0.2339,47.9516,-0.0246
a5bd4711-275b-4bbf-96fe-37553e5d3e93_499-12,1181,4,0,296.0,64.9,13.5,16.4,13.5,0.48,False,False,4410.9796,5998.0107,-0.1334,55.3576,0.1581
a5bd4711-275b-4bbf-96fe-37553e5d3e93_499-12,1181,5,0,251.2,101.5,26.5,33.2,26.5,0.894,True,False,7136.441,3634.6564,0.293,58.6932,0.3162
a6264c7d-d42a-4708-8fc2-b35ad0c5fe42_55-09,1183,3,0,259.6,42.0,110.8,157.3,110.8,0.407,False,False,246.7671,415.9634,-0.2261,34.9674,-0.6936
a6264c7d-d42a-4708-8fc2-b35ad0c5fe42_55-09,1183,4,0,309.7,192.5,53.7,77.2,53.7,0.417,False,False,194.2545,1172.098,-0.7787,28.1566,-0.6091
a6264c7d-d42a-4708-8fc2-b35ad0c5fe42_990-06,1184,2,0,493.2,183.6,59.9,62.5,59.9,0.483,False,False,48.2372,140.6551,-0.4589,15.6504,-0.6985
a6264c7d-d42a-4708-8fc2-b35ad0c5fe42_990-06,1184,4,0,363.8,189.1,71.4,90.4,71.4,0.767,False,False,3.1521,89.0563,-1.3362,17.8091,-1.8844
a6264c7d-d42a-4708-8fc2-b35ad0c5fe42_990-06,1184,5,0,333.2,172.6,74.8,96.9,74.8,0.696,False,False,3.6108,571.6957,-2.0941,19.8459,-1.9327
a6ae81d6-f014-4902-bae6-b06373b31c55_153-41,1185,5,0,232.5,140.4,216.6,256.5,216.6,0.568,False,False,261.8424,254.9888,0.0115,33.1413,-0.6214
a7062d19-5af7-42fe-ad8c-2d7442ddbe48_514-59,1186,3,0,357.5,159.3,42.0,49.8,42.0,0.427,False,False,11237.0824,6091.3659,0.2659,75.7709,0.2916
a71f72c5-5225-4b12-aba3-01fa46f53427_914-96,1188,5,0,310.1,271.8,40.8,51.0,40.8,0.435,False,False,26.4126,310.5299,-1.0555,39.5047,-1.7556
a743a90e-f46c-4e55-a94d-a7f11c771207_51-51,1189,2,0,242.6,278.8,56.5,57.4,56.5,0.841,False,False,1197.6673,1730.244,-0.1597,46.4877,-0.2562
a743a90e-f46c-4e55-a94d-a7f11c771207_51-51,1189,3,0,266.2,273.8,59.6,53.2,53.2,0.483,False,False,1669.5986,1782.8768,-0.0285,48.0129,-0.14
a743a90e-f46c-4e55-a94d-a7f11c771207_51-51,1189,4,0,20.0,372.6,51.6,59.2,51.6,0.436,False,False,428.5881,240.7025,0.2498,33.5736,-0.4193
a743a90e-f46c-4e55-a94d-a7f11c771207_51-51,1189,5,0,7.4,-0.7,197.7,170.4,170.4,0.462,False,True,2614.0004,3584.167,-0.137,52.2626,-0.0191
a8197601-7474-4cb0-8d08-e8a8febcecfc_13-71,1191,2,0,12.5,63.8,33.2,36.1,33.2,0.671,False,False,1379.3395,1336.741,0.0136,32.8101,0.1076
a8197601-7474-4cb0-8d08-e8a8febcecfc_13-71,1191,3,0,433.8,56.6,11.2,13.1,11.2,0.451,False,False,1048.2296,2345.8565,-0.3496,32.7616,-0.0103
a8197601-7474-4cb0-8d08-e8a8febcecfc_13-71,1191,5,0,17.8,174.5,87.3,120.5,87.3,0.653,True,False,2607.9492,876.6474,0.4731,46.2476,0.0861
a8197601-7474-4cb0-8d08-e8a8febcecfc_222-15,1192,1,0,379.2,424.0,43.4,53.8,43.4,0.402,False,True,1015.9932,2007.4743,-0.2955,39.1642,-0.1787
a84e378e-c9d5-4ace-8e42-e07b95784746_180-55,1195,4,0,290.5,58.7,55.6,54.7,54.7,0.576,False,False,2500.7486,1448.6384,0.237,82.97,-0.4397
a84e378e-c9d5-4ace-8e42-e07b95784746_180-55,1195,5,0,272.5,41.1,59.5,53.4,53.4,0.434,False,False,4332.2183,3898.8788,0.0458,86.119,-0.2334
a95545b6-8b1e-4d77-a209-c1accf3b057b_17-67,1197,1,0,63.0,41.4,133.6,244.7,133.6,0.629,False,False,94.8173,107.8415,-0.0554,50.5485,-1.4261
a95545b6-8b1e-4d77-a209-c1accf3b057b_17-67,1197,5,0,145.0,154.0,20.9,26.4,20.9,0.74,True,False,27.0734,132.7199,-0.6779,11.3237,-0.6631
a99c5790-b590-4c29-98b3-004bbf106ce7_315-27,1200,5,0,288.8,5.2,101.3,111.3,101.3,0.65,False,False,447.9293,140.6103,0.5011,53.8086,-0.8097
aa19d5c0-35b6-4ec2-9865-07f556c341de_34-98,1201,1,0,210.4,100.8,26.9,35.4,26.9,0.842,True,False,441.9599,1968.5998,-0.648,8.3603,0.7958
aa19d5c0-35b6-4ec2-9865-07f556c341de_34-98,1201,2,0,253.7,157.4,23.2,31.4,23.2,0.78,True,False,1070.7614,1261.9008,-0.0713,36.2463,-0.0888
aa19d5c0-35b6-4ec2-9865-07f556c341de_34-98,1201,3,0,357.2,124.8,41.8,50.0,41.8,0.848,True,False,70.7319,1889.5597,-1.4209,12.2195,-0.3213
aa19d5c0-35b6-4ec2-9865-07f556c341de_34-98,1201,3,1,83.5,0.6,23.1,21.5,21.5,0.517,False,True,7006.0207,7663.8592,-0.039,32.5559,0.8199
aa19d5c0-35b6-4ec2-9865-07f556c341de_34-98,1201,4,0,454.7,67.8,64.2,76.7,64.2,0.865,True,False,489.156,2905.049,-0.773,26.2865,-0.1498
aa19d5c0-35b6-4ec2-9865-07f556c341de_34-98,1201,5,0,353.8,104.4,48.5,56.6,48.5,0.79,True,False,33.3705,866.6805,-1.4022,10.0627,-0.4735
aa19d5c0-35b6-4ec2-9865-07f556c341de_76-28,1202,2,0,258.2,175.8,68.7,75.5,68.7,0.791,True,False,451.5526,1491.5904,-0.5183,30.1939,-0.3046
aa19d5c0-35b6-4ec2-9865-07f556c341de_76-28,1202,5,0,348.9,45.9,64.7,82.6,64.7,0.783,True,False,235.9987,2294.6648,-0.9862,20.0174,-0.2292
aa3237b2-4a62-4676-b81c-a9726003b420_1532-19,1203,3,0,-5.1,150.9,108.3,178.2,108.3,0.51,False,True,4128.486,4442.5859,-0.0318,48.8422,0.2381
aa3237b2-4a62-4676-b81c-a9726003b420_1532-19,1203,3,1,113.2,207.9,101.2,127.8,101.2,0.416,False,False,2855.4001,4482.5678,-0.1958,58.2956,-0.0756
aabc5114-a6a1-459d-81ed-99370385a7e4_2460-69,1204,4,0,195.5,127.1,68.0,73.0,68.0,0.534,False,False,1463.7762,2267.82,-0.19,54.521,-0.3075
aabc5114-a6a1-459d-81ed-99370385a7e4_2460-69,1204,4,1,125.7,0.8,50.8,34.9,34.9,0.419,False,True,596.55,7270.1383,-1.0852,21.3359,0.1172
aabc5114-a6a1-459d-81ed-99370385a7e4_2460-69,1204,5,0,12.8,66.8,49.4,60.6,49.4,0.429,False,False,17.5465,6630.6515,-2.5534,11.2125,-0.8346
aae90bb1-c8b8-433c-98b6-2bc5f20af6ea_569-99,1206,2,0,403.3,-3.0,165.0,140.4,140.4,0.639,False,True,212.5536,245.0921,-0.0616,32.521,-0.6952
aae90bb1-c8b8-433c-98b6-2bc5f20af6ea_569-99,1206,3,0,530.5,312.6,105.7,153.9,105.7,0.437,False,True,45.0165,56.9455,-0.1001,16.0743,-0.751
aae90bb1-c8b8-433c-98b6-2bc5f20af6ea_569-99,1206,5,0,238.6,384.7,57.5,57.8,57.5,0.644,False,False,209.5273,355.4648,-0.2287,28.757,-0.5947
ab6f68a2-e5ba-48ce-ac24-7fb3df0584f2_326-63,1207,2,0,337.0,210.1,23.4,31.5,23.4,0.725,True,False,4922.0456,5541.2969,-0.0515,47.6897,0.3352
ab6f68a2-e5ba-48ce-ac24-7fb3df0584f2_326-63,1207,2,1,165.6,147.7,31.2,40.9,31.2,0.448,False,False,5375.8492,1228.1957,0.6409,55.1652,0.2471
ab6f68a2-e5ba-48ce-ac24-7fb3df0584f2_326-63,1207,4,0,428.1,37.2,29.1,31.4,29.1,0.84,True,False,3672.8044,4907.1268,-0.1258,74.1178,-0.1748
ab6f68a2-e5ba-48ce-ac24-7fb3df0584f2_326-63,1207,4,1,5.6,181.4,37.3,68.5,37.3,0.561,False,False,113.8267,808.591,-0.8482,11.4435,-0.0604
ab6f68a2-e5ba-48ce-ac24-7fb3df0584f2_326-63,1207,4,2,44.2,76.0,38.7,44.1,38.7,0.425,False,False,445.2916,781.3193,-0.2438,11.6764,0.5118
ab6f68a2-e5ba-48ce-ac24-7fb3df0584f2_326-63,1207,5,0,454.9,144.4,30.3,34.6,30.3,0.795,True,False,4842.0178,4781.8159,0.0054,64.256,0.0692
ab6f68a2-e5ba-48ce-ac24-7fb3df0584f2_326-63,1207,5,1,325.4,114.2,51.3,56.2,51.3,0.719,False,False,1942.9298,2157.8582,-0.0455,41.5086,0.0522
ab865129-78fa-47d4-8a50-ff8c5533246f_1028-44,1208,1,0,301.4,53.1,77.8,89.4,77.8,0.921,True,False,53.8079,466.8223,-0.9312,14.3729,-0.5783
ab865129-78fa-47d4-8a50-ff8c5533246f_1028-44,1208,2,0,299.6,77.8,77.8,87.9,77.8,0.91,False,False,22.9455,357.7762,-1.1756,13.9597,-0.9128
ab865129-78fa-47d4-8a50-ff8c5533246f_1028-44,1208,3,0,236.1,92.5,68.3,79.2,68.3,0.923,True,False,30.2406,403.4783,-1.1122,10.6986,-0.5677
ab865129-78fa-47d4-8a50-ff8c5533246f_1028-44,1208,3,1,458.0,235.2,58.1,55.8,55.8,0.706,False,False,553.2732,254.7959,0.3358,24.8659,-0.0482
ab865129-78fa-47d4-8a50-ff8c5533246f_1028-44,1208,4,0,455.8,254.0,43.2,43.5,43.2,0.892,False,False,361.7088,362.8383,-0.0014,19.2637,-0.0111
ab865129-78fa-47d4-8a50-ff8c5533246f_1028-44,1208,4,1,197.2,137.6,75.8,85.2,75.8,0.879,False,False,422.7857,442.2753,-0.0195,19.4896,0.0464
ab865129-78fa-47d4-8a50-ff8c5533246f_1028-44,1208,5,0,465.7,247.0,47.5,48.5,47.5,0.834,False,False,541.8423,298.4448,0.2584,18.871,0.1819
ab865129-78fa-47d4-8a50-ff8c5533246f_1028-44,1208,5,1,202.6,144.0,82.1,78.8,78.8,0.802,False,False,57.2263,409.6438,-0.8483,14.6653,-0.5695
ab865129-78fa-47d4-8a50-ff8c5533246f_318-49,1209,1,0,267.0,140.4,24.0,30.2,24.0,0.846,True,False,29.7468,732.7026,-1.3777,5.678,-0.0339
ab865129-78fa-47d4-8a50-ff8c5533246f_318-49,1209,3,0,345.0,154.4,21.2,25.2,21.2,0.558,False,False,120.0367,1130.3241,-0.9707,10.2671,0.0559
ab865129-78fa-47d4-8a50-ff8c5533246f_318-49,1209,4,0,349.7,166.4,44.0,45.1,44.0,0.86,True,False,73.6475,413.2045,-0.7442,12.6323,-0.3327
ab865129-78fa-47d4-8a50-ff8c5533246f_318-49,1209,5,0,168.1,243.8,91.6,96.4,91.6,0.758,False,False,87.8372,519.0736,-0.7675,24.6571,-0.836
abbc5555-7816-4288-8d4d-f42b0683fc44_774-93,1210,5,0,95.4,287.3,55.9,71.2,55.9,0.492,False,False,1041.5996,748.2416,0.1435,28.4196,0.1103
abca0171-5e73-426e-9ba1-49a6339b2ef5_1825-89,1211,2,0,122.8,-96.6,603.9,611.3,603.9,0.403,False,True,9.4166,10.0919,-0.0273,47.9371,-2.3438
abca0171-5e73-426e-9ba1-49a6339b2ef5_1825-89,1211,4,0,186.5,-45.8,547.8,615.1,547.8,0.413,False,True,4.0166,40.3884,-0.9165,21.5622,-1.9679
abca0171-5e73-426e-9ba1-49a6339b2ef5_1825-89,1211,5,0,529.7,129.8,71.7,82.0,71.7,0.919,True,False,13.5263,6.9929,0.2595,12.1767,-1.0118
ac582760-09b1-4a6e-be08-f19f9bf5dfcb_391-13,1214,2,0,404.9,19.5,25.1,29.5,25.1,0.842,True,False,224.2105,106.8203,0.3199,24.361,-0.4215
ac582760-09b1-4a6e-be08-f19f9bf5dfcb_391-13,1214,3,0,365.7,19.0,21.0,26.8,21.0,0.736,True,False,501.8919,74.803,0.8218,25.7899,-0.1221
ac582760-09b1-4a6e-be08-f19f9bf5dfcb_391-13,1214,4,0,185.4,22.6,35.3,41.4,35.3,0.705,True,False,163.3065,380.1356,-0.3654,23.2373,-0.5175
ac582760-09b1-4a6e-be08-f19f9bf5dfcb_391-13,1214,4,1,-2.7,215.7,65.4,71.8,65.4,0.647,False,True,279.7762,1713.5792,-0.7858,29.01,-0.4773
ac582760-09b1-4a6e-be08-f19f9bf5dfcb_391-13,1214,4,2,519.2,15.7,63.3,74.8,63.3,0.546,False,False,165.9377,212.5492,-0.1069,35.9936,-0.8902
ac582760-09b1-4a6e-be08-f19f9bf5dfcb_391-13,1214,4,3,321.7,205.0,73.8,85.3,73.8,0.423,False,False,2342.2641,2262.0092,0.0151,42.9537,0.1036
ac582760-09b1-4a6e-be08-f19f9bf5dfcb_391-13,1214,5,0,484.0,15.9,89.3,97.0,89.3,0.471,False,False,235.9345,522.2851,-0.3441,34.252,-0.6951
ac582760-09b1-4a6e-be08-f19f9bf5dfcb_391-13,1214,5,1,120.9,54.1,40.8,43.8,40.8,0.443,False,False,84.3544,236.0213,-0.4436,19.7322,-0.6602
ac8dba37-ce09-4dc5-b478-8194e41353c3_2812-63,1216,2,0,221.6,41.9,57.3,90.6,57.3,0.497,False,False,102.7963,307.5038,-0.4731,20.2397,-0.5973
ac8dba37-ce09-4dc5-b478-8194e41353c3_2812-63,1216,3,0,219.2,52.8,56.7,86.2,56.7,0.707,False,False,53.8728,441.2331,-0.9063,14.8278,-0.6048
ac8dba37-ce09-4dc5-b478-8194e41353c3_2812-63,1216,3,1,479.7,110.0,71.4,83.9,71.4,0.498,False,False,356.6509,428.9934,-0.08,28.5367,-0.3579
ac8dba37-ce09-4dc5-b478-8194e41353c3_5240-05,1217,1,0,119.6,89.5,95.6,134.4,95.6,0.858,True,False,9.6028,58.9001,-0.752,23.6462,-1.7229
ac8dba37-ce09-4dc5-b478-8194e41353c3_5240-05,1217,4,0,566.4,280.0,78.7,117.5,78.7,0.802,False,True,8.1642,17.8183,-0.3125,15.9234,-1.4437
ac8dba37-ce09-4dc5-b478-8194e41353c3_5240-05,1217,4,1,189.4,97.9,168.4,143.6,143.6,0.742,False,False,22.3524,45.6039,-0.3001,34.7483,-1.7139
ac8dba37-ce09-4dc5-b478-8194e41353c3_748-30,1218,1,0,0.4,-3.7,29.8,34.7,29.8,0.419,False,True,302.0198,49.7342,0.7762,13.3054,0.231
ac8dba37-ce09-4dc5-b478-8194e41353c3_748-30,1218,3,0,134.2,193.5,196.4,202.6,196.4,0.43,False,False,7.5032,9.2798,-0.0824,21.4144,-1.7328
ac8dba37-ce09-4dc5-b478-8194e41353c3_748-30,1218,4,0,138.1,284.5,156.6,174.2,156.6,0.654,False,False,24.2105,36.0319,-0.167,23.5178,-1.342
ac8dba37-ce09-4dc5-b478-8194e41353c3_9451-92,1219,1,0,370.5,0.0,34.4,31.1,31.1,0.473,False,True,217.5423,139.9969,0.1903,20.3128,-0.2771
aca9e131-8b44-4e59-8394-24a494c19801_183-42,1220,2,0,90.0,50.7,34.4,44.4,34.4,0.464,False,False,819.6143,228.8246,0.5527,27.7749,0.0263
aca9e131-8b44-4e59-8394-24a494c19801_183-42,1220,5,0,336.3,127.0,37.7,50.4,37.7,0.846,True,False,1129.903,342.944,0.5169,40.4743,-0.1612
acef7751-e40a-4fb7-91ea-3ba56ef46aed_103-55,1221,1,0,196.7,230.9,19.8,27.8,19.8,0.594,False,False,7706.8903,4030.2309,0.2815,50.4376,0.4813
acef7751-e40a-4fb7-91ea-3ba56ef46aed_103-55,1221,3,0,108.9,287.6,26.7,38.5,26.7,0.407,False,False,2537.7329,5177.2104,-0.3096,55.0703,-0.0774
ada73c3a-765f-46de-afb5-d152d058d7e2_7766-82,1225,4,0,315.2,1.9,96.3,98.2,96.3,0.497,False,True,1655.5147,902.8317,0.2631,63.1288,-0.3814
ade9b865-951f-4a27-b6cb-ce12cb613de8_887-25,1227,1,0,405.4,26.1,38.6,54.7,38.6,0.611,False,False,3102.79,1055.9604,0.4678,32.963,0.4554
ade9b865-951f-4a27-b6cb-ce12cb613de8_887-25,1227,1,1,452.0,42.8,53.5,58.8,53.5,0.401,False,False,520.993,1772.807,-0.5312,31.5596,-0.281
ade9b865-951f-4a27-b6cb-ce12cb613de8_887-25,1227,2,0,403.9,52.8,32.4,44.5,32.4,0.558,False,False,3492.042,1170.2035,0.4746,32.314,0.524
ade9b865-951f-4a27-b6cb-ce12cb613de8_887-25,1227,2,1,456.7,64.6,47.6,56.3,47.6,0.501,False,False,579.4155,1989.6557,-0.5353,37.2138,-0.378
ade9b865-951f-4a27-b6cb-ce12cb613de8_887-25,1227,3,0,409.2,25.9,39.9,55.0,39.9,0.468,False,False,2794.4697,1046.6501,0.4262,31.987,0.4361
ade9b865-951f-4a27-b6cb-ce12cb613de8_887-25,1227,3,1,468.8,48.2,40.2,47.9,40.2,0.411,False,False,662.2784,1642.0351,-0.394,34.5906,-0.2566
ade9b865-951f-4a27-b6cb-ce12cb613de8_887-25,1227,3,2,456.1,34.2,27.3,34.5,27.3,0.4,False,False,293.0907,409.8639,-0.1452,19.3776,-0.1073
ade9b865-951f-4a27-b6cb-ce12cb613de8_887-25,1227,4,0,386.4,95.7,32.5,45.9,32.5,0.561,False,False,2939.1783,1075.3786,0.4364,32.798,0.4363
adf65602-f5ee-456a-a098-db19a521ce38_500-23,1229,5,0,574.2,448.1,25.8,26.3,25.8,0.463,False,False,1284.6084,529.7786,0.3842,35.9998,-0.0038
adf65602-f5ee-456a-a098-db19a521ce38_500-23,1229,5,1,606.3,44.0,21.4,32.2,21.4,0.448,False,False,2210.6948,6499.7785,-0.4682,41.2444,0.1137
ae56fbda-009b-485c-9dfa-72ce89e847bf_668-09,1230,1,0,591.9,278.3,12.9,16.3,12.9,0.435,False,False,262.4655,1119.1384,-0.6285,15.2606,0.0517
ae56fbda-009b-485c-9dfa-72ce89e847bf_668-09,1230,2,0,589.3,277.0,12.8,16.2,12.8,0.543,False,False,578.8163,1418.7439,-0.3889,16.1268,0.3465
ae56fbda-009b-485c-9dfa-72ce89e847bf_668-09,1230,2,1,280.3,243.4,15.5,19.8,15.5,0.406,False,False,16.4063,1022.4687,-1.7694,2.7428,0.3101
ae56fbda-009b-485c-9dfa-72ce89e847bf_668-09,1230,2,2,244.1,231.6,14.6,17.4,14.6,0.405,False,False,72.6861,634.1607,-0.9355,15.998,-0.5424
ae56fbda-009b-485c-9dfa-72ce89e847bf_668-09,1230,4,0,265.4,223.8,17.7,22.5,17.7,0.467,False,False,796.1837,507.7528,0.1951,21.3811,0.2406
ae56fbda-009b-485c-9dfa-72ce89e847bf_668-09,1230,5,0,260.3,226.4,14.7,18.3,14.7,0.427,False,False,492.8998,860.7058,-0.2417,21.9629,0.0094
ae56fbda-009b-485c-9dfa-72ce89e847bf_742-92,1231,1,0,236.2,177.3,50.1,79.8,50.1,0.524,False,False,330.108,831.0293,-0.4002,34.6476,-0.5597
ae56fbda-009b-485c-9dfa-72ce89e847bf_742-92,1231,2,0,495.8,89.3,152.5,248.6,152.5,0.449,False,True,409.7155,234.5611,0.2414,51.9964,-0.8186
ae56fbda-009b-485c-9dfa-72ce89e847bf_742-92,1231,4,0,244.7,203.0,34.0,41.8,34.0,0.536,False,False,291.3944,281.1001,0.0156,25.639,-0.3525
ae56fbda-009b-485c-9dfa-72ce89e847bf_742-92,1231,4,1,199.0,84.8,55.5,73.5,55.5,0.516,False,False,2.8691,281.1584,-1.8629,22.1418,-2.1037
ae56fbda-009b-485c-9dfa-72ce89e847bf_742-92,1231,4,2,616.8,157.0,22.7,37.7,22.7,0.454,False,True,529.9634,1034.84,-0.2902,19.4552,0.1458
ae56fbda-009b-485c-9dfa-72ce89e847bf_742-92,1231,5,0,187.5,153.7,71.6,81.8,71.6,0.588,False,False,2.9332,301.0599,-1.8853,20.6849,-2.0376
ae59dda2-8aa0-40e1-bd48-af368ea8e149_1550-40,1232,5,0,347.8,0.9,49.7,63.1,49.7,0.903,True,True,1308.961,1718.7722,-0.1182,28.0276,0.2215
ae59dda2-8aa0-40e1-bd48-af368ea8e149_1550-40,1232,5,1,562.8,200.1,11.5,13.8,11.5,0.505,False,False,1005.4994,3519.1083,-0.5437,14.4642,0.6802
ae59dda2-8aa0-40e1-bd48-af368ea8e149_1585-64,1233,1,0,152.5,221.8,27.0,36.4,27.0,0.865,True,False,58.1617,376.0717,-0.8044,10.8794,-0.3048
ae59dda2-8aa0-40e1-bd48-af368ea8e149_1585-64,1233,2,0,153.6,229.8,26.9,38.6,26.9,0.847,True,False,26.4869,215.1664,-0.8957,8.3812,-0.4136
ae59dda2-8aa0-40e1-bd48-af368ea8e149_1585-64,1233,3,0,158.2,230.6,30.3,40.6,30.3,0.899,True,False,60.7658,165.1799,-0.4298,7.3787,0.0469
ae59dda2-8aa0-40e1-bd48-af368ea8e149_1585-64,1233,4,0,178.7,227.5,27.1,37.3,27.1,0.873,True,False,20.2565,120.7912,-0.7581,7.3764,-0.4161
ae59dda2-8aa0-40e1-bd48-af368ea8e149_1585-64,1233,5,0,184.7,131.2,31.6,44.4,31.6,0.9,True,False,37.1036,185.8919,-0.6906,8.2927,-0.2627
ae59dda2-8aa0-40e1-bd48-af368ea8e149_1586-25,1234,1,0,153.1,229.3,27.7,39.4,27.7,0.859,True,False,25.02,199.4583,-0.8867,8.2355,-0.4224
ae59dda2-8aa0-40e1-bd48-af368ea8e149_1586-25,1234,2,0,159.8,230.6,30.4,40.3,30.4,0.895,True,False,67.6988,150.2153,-0.3426,7.4473,0.0852
ae59dda2-8aa0-40e1-bd48-af368ea8e149_1586-25,1234,3,0,179.0,227.7,26.8,37.4,26.8,0.869,True,False,21.7887,113.7268,-0.7019,7.4512,-0.3945
ae59dda2-8aa0-40e1-bd48-af368ea8e149_1586-25,1234,4,0,186.8,125.7,33.3,45.8,33.3,0.913,True,False,59.0636,180.8239,-0.481,9.1783,-0.152
ae59dda2-8aa0-40e1-bd48-af368ea8e149_1586-25,1234,5,0,294.1,51.9,37.3,53.1,37.3,0.913,True,False,1524.0702,1012.1382,0.1776,25.1281,0.3823
ae59dda2-8aa0-40e1-bd48-af368ea8e149_1586-25,1234,5,1,530.3,213.5,13.0,16.2,13.0,0.601,True,False,157.0253,2941.1811,-1.2699,7.7468,0.4133
ae85c74a-0963-469b-93f9-cdfe3f898e5f_1781-47,1235,3,0,310.8,59.7,48.6,65.3,48.6,0.913,True,False,91.7067,630.0585,-0.833,26.4619,-0.8788
ae85c74a-0963-469b-93f9-cdfe3f898e5f_1781-47,1235,4,0,35.6,129.1,52.4,66.7,52.4,0.858,True,False,72.4273,1457.3284,-1.298,20.3441,-0.7521
ae85c74a-0963-469b-93f9-cdfe3f898e5f_1781-47,1235,4,1,394.1,166.8,8.1,9.6,8.1,0.627,False,False,1227.3542,2480.7773,-0.3054,21.3381,0.4301
ae85c74a-0963-469b-93f9-cdfe3f898e5f_1781-47,1235,4,2,390.9,167.0,8.3,10.5,8.3,0.495,False,False,835.4875,2270.2199,-0.4338,21.8798,0.2415
ae85c74a-0963-469b-93f9-cdfe3f898e5f_1781-47,1235,4,3,376.8,169.7,8.7,10.8,8.7,0.422,False,False,689.4475,996.9592,-0.16,24.0161,0.0774
ae85c74a-0963-469b-93f9-cdfe3f898e5f_1781-47,1235,5,0,246.0,133.4,66.9,77.1,66.9,0.889,False,False,123.989,799.3711,-0.8064,16.6632,-0.3482
af0cc15a-5452-42fb-92dd-a3f50136bf12_3147-74,1238,1,0,343.6,14.2,99.1,134.6,99.1,0.91,True,False,49.1555,120.3308,-0.3837,41.4537,-1.5351
af0cc15a-5452-42fb-92dd-a3f50136bf12_3147-74,1238,1,1,175.0,-0.3,53.9,46.8,46.8,0.9,True,True,28.998,115.4291,-0.589,15.7673,-0.9202
af0cc15a-5452-42fb-92dd-a3f50136bf12_3147-74,1238,1,2,222.1,4.2,84.9,99.9,84.9,0.894,True,False,46.0749,59.7586,-0.1108,34.2995,-1.3982
af0cc15a-5452-42fb-92dd-a3f50136bf12_3147-74,1238,5,0,513.1,159.3,17.8,20.2,17.8,0.762,True,False,217.8546,185.4776,0.0695,21.732,-0.335
af215e0f-56c7-4356-9aad-a3a5fb7bbc4f_1332-04,1239,3,0,426.3,35.0,17.6,22.7,17.6,0.819,False,False,165.2572,778.2563,-0.6709,24.8264,-0.5698
af215e0f-56c7-4356-9aad-a3a5fb7bbc4f_1332-04,1239,3,1,556.8,-0.1,42.4,34.6,34.6,0.437,False,True,542.0252,491.5148,0.0424,41.6393,-0.5044
af215e0f-56c7-4356-9aad-a3a5fb7bbc4f_1332-04,1239,4,0,520.0,10.9,116.9,187.5,116.9,0.451,False,True,130.4153,33.3768,0.5824,45.357,-1.1949
af215e0f-56c7-4356-9aad-a3a5fb7bbc4f_1332-04,1239,5,0,-3.0,195.0,124.8,155.4,124.8,0.859,False,True,131.4079,495.5061,-0.574,33.5971,-0.9311
af215e0f-56c7-4356-9aad-a3a5fb7bbc4f_4328-60,1240,1,0,258.4,186.7,27.2,35.4,27.2,0.831,True,False,21.1237,59.6933,-0.4383,22.8982,-1.3756
af215e0f-56c7-4356-9aad-a3a5fb7bbc4f_4328-60,1240,1,1,207.3,220.5,27.3,29.1,27.3,0.54,False,False,36.0147,78.171,-0.3302,15.246,-0.7998
af215e0f-56c7-4356-9aad-a3a5fb7bbc4f_4328-60,1240,1,2,312.0,191.7,21.8,27.1,21.8,0.479,False,False,5.3876,32.0315,-0.7136,7.1855,-0.9159
af215e0f-56c7-4356-9aad-a3a5fb7bbc4f_4328-60,1240,2,0,434.5,150.3,33.6,31.6,31.6,0.772,False,False,144.1292,227.1791,-0.1965,38.0849,-1.0
af215e0f-56c7-4356-9aad-a3a5fb7bbc4f_4328-60,1240,2,1,346.3,145.9,19.9,25.3,19.9,0.696,False,False,54.7773,96.1297,-0.2409,24.0868,-1.0178
af215e0f-56c7-4356-9aad-a3a5fb7bbc4f_4328-60,1240,2,2,-8.0,259.8,215.8,226.0,215.8,0.578,False,True,4.993,32.4626,-0.7469,33.3436,-2.2688
af215e0f-56c7-4356-9aad-a3a5fb7bbc4f_4328-60,1240,2,3,491.0,83.5,23.3,33.1,23.3,0.417,False,False,42.1061,29.4692,0.1507,29.7845,-1.3139
af215e0f-56c7-4356-9aad-a3a5fb7bbc4f_4328-60,1240,3,0,353.7,170.6,32.8,40.9,32.8,0.891,True,False,1349.5908,354.0547,0.5802,29.7533,0.183
af215e0f-56c7-4356-9aad-a3a5fb7bbc4f_4328-60,1240,4,0,303.4,154.5,49.8,60.6,49.8,0.896,True,False,1213.4697,1553.9137,-0.1073,37.8653,-0.0724
af215e0f-56c7-4356-9aad-a3a5fb7bbc4f_4328-60,1240,5,0,347.3,284.8,63.0,70.9,63.0,0.908,False,False,836.8467,751.9729,0.0464,53.6223,-0.5357
af215e0f-56c7-4356-9aad-a3a5fb7bbc4f_4328-60,1240,5,1,436.2,348.7,51.9,86.4,51.9,0.571,False,False,383.9883,202.5576,0.2768,73.6862,-1.1494
af215e0f-56c7-4356-9aad-a3a5fb7bbc4f_4362-30,1241,1,0,363.7,131.1,12.7,15.8,12.7,0.602,False,False,252.0136,1389.25,-0.7399,22.2388,-0.292
af215e0f-56c7-4356-9aad-a3a5fb7bbc4f_4362-30,1241,1,1,358.4,125.8,13.3,16.7,13.3,0.448,False,False,74.2278,2083.7611,-1.4427,6.2055,0.2797
af215e0f-56c7-4356-9aad-a3a5fb7bbc4f_4362-30,1241,4,0,402.2,111.2,20.9,25.4,20.9,0.749,False,False,57.9238,1763.8117,-1.4764,12.4079,-0.4199
af215e0f-56c7-4356-9aad-a3a5fb7bbc4f_4362-30,1241,5,0,362.0,145.7,52.4,54.3,52.4,0.733,False,False,264.5831,3574.2093,-1.1291,26.5768,-0.4254
af215e0f-56c7-4356-9aad-a3a5fb7bbc4f_4362-30,1241,5,1,290.6,424.7,17.3,21.3,17.3,0.621,False,False,7016.5754,4031.6176,0.2406,47.3229,0.4959
af215e0f-56c7-4356-9aad-a3a5fb7bbc4f_4362-30,1241,5,2,290.8,441.4,21.9,28.4,21.9,0.479,False,False,2093.5995,5258.9715,-0.3999,45.7086,0.0009
af215e0f-56c7-4356-9aad-a3a5fb7bbc4f_709-03,1242,3,0,62.3,11.3,21.3,24.0,21.3,0.401,False,False,145.1178,327.5214,-0.3519,33.8272,-0.8942
af400f98-3c57-46ad-acac-eaca6f940180_3131-59,1244,3,0,475.4,10.4,45.0,70.5,45.0,0.417,False,False,191.9533,312.1301,-0.2103,24.4985,-0.4935
af400f98-3c57-46ad-acac-eaca6f940180_3432-31,1245,1,0,287.9,379.5,43.3,58.5,43.3,0.427,False,False,81.6088,34.7959,0.3632,21.9811,-0.768
af400f98-3c57-46ad-acac-eaca6f940180_508-42,1246,2,0,-0.6,206.6,201.6,256.4,201.6,0.427,False,True,2.7545,2.5273,0.0271,6.9606,-1.1196
af400f98-3c57-46ad-acac-eaca6f940180_508-42,1246,3,0,-3.8,233.1,218.1,255.3,218.1,0.499,False,True,2.7392,5.5729,-0.245,7.9557,-1.2354
af43394e-d24c-40c2-b03a-f3cdff888370_762-90,1247,2,0,545.1,94.0,27.9,38.1,27.9,0.855,True,False,69.625,500.3285,-0.8512,28.1108,-1.0493
af43394e-d24c-40c2-b03a-f3cdff888370_762-90,1247,2,1,291.2,168.2,24.8,29.6,24.8,0.788,True,False,287.5143,150.5378,0.2796,33.2188,-0.583
af43394e-d24c-40c2-b03a-f3cdff888370_762-90,1247,3,0,90.5,226.5,32.4,39.7,32.4,0.878,True,False,312.3095,608.5572,-0.289,32.513,-0.5286
af43394e-d24c-40c2-b03a-f3cdff888370_762-90,1247,3,1,357.3,86.6,32.6,35.7,32.6,0.782,True,False,223.3972,291.5225,-0.1151,26.71,-0.5029
af43394e-d24c-40c2-b03a-f3cdff888370_762-90,1247,4,0,604.9,63.0,26.9,31.5,26.9,0.405,False,False,122.4998,259.5551,-0.3242,46.2806,-1.2393
af72c57c-b242-48b2-8d00-aea29f4e37ac_1063-17,1248,5,0,304.3,241.0,14.0,18.0,14.0,0.763,True,False,15697.0309,5569.0845,0.45,51.7097,0.7685
af862b37-12f1-4b55-a1ca-1c162c4f98a0_3380-57,1249,1,0,67.4,87.6,41.3,66.4,41.3,0.712,True,False,4.996,668.9705,-2.0482,14.07,-1.5209
af862b37-12f1-4b55-a1ca-1c162c4f98a0_3380-57,1249,2,0,22.7,128.7,37.9,59.5,37.9,0.515,False,False,20.8717,837.6317,-1.5837,15.3376,-1.0335
af862b37-12f1-4b55-a1ca-1c162c4f98a0_3380-57,1249,3,0,83.6,153.6,30.2,54.9,30.2,0.674,True,False,51.3966,2064.1369,-1.5956,17.5025,-0.7683
af862b37-12f1-4b55-a1ca-1c162c4f98a0_3380-57,1249,4,0,537.6,113.5,12.7,16.0,12.7,0.443,False,False,1873.64,1271.3843,0.1683,23.8639,0.5167
af862b37-12f1-4b55-a1ca-1c162c4f98a0_431-14,1250,1,0,234.0,121.2,210.5,230.9,210.5,0.737,False,False,32.4842,1148.6162,-1.5357,22.5487,-1.1823
af862b37-12f1-4b55-a1ca-1c162c4f98a0_431-14,1250,1,1,479.1,90.5,15.2,19.9,15.2,0.549,False,False,400.5412,1398.8965,-0.5424,33.8097,-0.4547
af862b37-12f1-4b55-a1ca-1c162c4f98a0_431-14,1250,1,2,312.8,40.9,9.5,12.2,9.5,0.471,False,False,128.8724,3458.5795,-1.4255,27.3222,-0.7601
af862b37-12f1-4b55-a1ca-1c162c4f98a0_431-14,1250,2,0,319.3,120.6,180.5,237.5,180.5,0.756,False,True,69.8034,1178.6474,-1.2217,23.0239,-0.8751
af862b37-12f1-4b55-a1ca-1c162c4f98a0_431-14,1250,2,1,45.7,41.5,17.2,21.4,17.2,0.402,False,False,23.1254,451.7527,-1.2734,7.5415,-0.38
af862b37-12f1-4b55-a1ca-1c162c4f98a0_431-14,1250,4,0,340.8,113.9,155.6,242.0,155.6,0.799,False,False,106.4973,1737.0215,-1.2087,36.8413,-1.1016
af862b37-12f1-4b55-a1ca-1c162c4f98a0_431-14,1250,5,0,449.1,177.3,119.3,179.9,119.3,0.79,True,True,100.8009,906.013,-0.9499,19.9869,-0.5948
af862b37-12f1-4b55-a1ca-1c162c4f98a0_431-14,1250,5,1,298.1,178.5,11.7,14.5,11.7,0.778,True,False,271.7599,2841.2264,-1.0179,21.918,-0.2467
af862b37-12f1-4b55-a1ca-1c162c4f98a0_431-14,1250,5,2,247.2,167.0,8.3,10.1,8.3,0.676,False,False,50.4475,3950.8697,-1.8854,12.1637,-0.4617
af862b37-12f1-4b55-a1ca-1c162c4f98a0_431-14,1250,5,3,214.8,162.1,8.6,10.7,8.6,0.652,True,False,382.4167,6007.8263,-1.1951,26.659,-0.2686
af862b37-12f1-4b55-a1ca-1c162c4f98a0_431-14,1250,5,4,187.0,140.1,13.9,17.4,13.9,0.524,False,False,55.6941,1494.6188,-1.4213,27.1291,-1.1139
af862b37-12f1-4b55-a1ca-1c162c4f98a0_431-14,1250,5,5,173.0,157.2,23.7,35.4,23.7,0.501,False,False,1923.0244,1789.2577,0.0313,46.1374,-0.0441
af862b37-12f1-4b55-a1ca-1c162c4f98a0_431-14,1250,5,6,533.0,138.8,36.7,61.7,36.7,0.443,False,False,68.3746,725.8383,-1.0202,18.3903,-0.6893
af862b37-12f1-4b55-a1ca-1c162c4f98a0_431-14,1250,5,7,185.4,156.3,16.0,21.2,16.0,0.433,False,False,3136.1808,2084.8475,0.1773,29.5341,0.5554
b0937ec3-7645-4f68-b9cd-549ff7c01819_2030-83,1255,1,0,438.9,270.0,18.4,24.4,18.4,0.542,False,False,3333.3812,1599.6545,0.3187,28.3832,0.6164
b0937ec3-7645-4f68-b9cd-549ff7c01819_2030-83,1255,3,0,439.1,270.5,18.0,23.9,18.0,0.656,False,False,3061.6121,1574.1112,0.2888,29.0066,0.5606
b0a30641-ad93-4d6a-92a9-f277c78f1aa5_112-83,1256,1,0,286.4,213.6,84.7,117.0,84.7,0.744,True,False,58.4827,666.4948,-1.0501,53.9229,-1.6893
b0a30641-ad93-4d6a-92a9-f277c78f1aa5_112-83,1256,1,1,318.3,204.6,34.9,46.8,34.9,0.662,True,False,4.7803,263.6205,-1.6607,21.2202,-1.8925
b0a30641-ad93-4d6a-92a9-f277c78f1aa5_295-10,1257,4,0,292.9,296.2,21.3,26.8,21.3,0.706,False,False,3.4486,106.5902,-1.3835,4.478,-0.6751
b0a30641-ad93-4d6a-92a9-f277c78f1aa5_295-10,1257,5,0,318.2,301.9,35.1,40.0,35.1,0.762,False,False,4.2539,543.8962,-2.0158,13.4855,-1.5416
b1543ea3-e86b-4545-9195-f1bf83e02b41_4163-19,1259,2,0,61.0,143.0,224.2,227.3,224.2,0.402,False,False,373.5342,168.3841,0.3446,44.7827,-0.7289
b1543ea3-e86b-4545-9195-f1bf83e02b41_4163-19,1259,4,0,560.3,228.5,65.7,84.6,65.7,0.554,False,False,1296.106,269.7188,0.6805,39.0694,-0.071
b264c17e-145a-4dd0-90c4-397d0f5b8057_51-64,1261,2,0,558.7,128.4,79.2,121.2,79.2,0.877,False,True,880.1257,532.7588,0.2177,53.227,-0.5074
b264c17e-145a-4dd0-90c4-397d0f5b8057_51-64,1261,5,0,132.9,54.4,465.9,373.7,373.7,0.456,False,True,278.116,242.5943,0.0591,53.1902,-1.006
b2e6a3f7-aa49-42c5-990a-8ef89d2c9d33_987-28,1262,2,0,254.6,207.5,51.5,81.9,51.5,0.588,False,False,636.5684,662.0095,-0.017,40.5519,-0.4118
b2e6a3f7-aa49-42c5-990a-8ef89d2c9d33_987-28,1262,5,0,533.9,156.9,27.0,43.5,27.0,0.707,True,False,368.0759,1660.2261,-0.6533,27.7812,-0.3209
b2ebded2-4c94-473d-b9e4-8dd3556a3152_31-51,1263,1,0,45.1,0.2,24.9,28.3,24.9,0.418,False,True,5676.6362,9625.6373,-0.2293,46.7828,0.4138
b2ebded2-4c94-473d-b9e4-8dd3556a3152_31-51,1263,2,0,543.3,383.6,70.9,92.4,70.9,0.627,False,False,1282.1906,1579.3392,-0.0905,26.5083,0.2609
b2ebded2-4c94-473d-b9e4-8dd3556a3152_31-51,1263,3,0,577.6,417.3,63.4,68.6,63.4,0.508,False,True,789.9032,2045.5252,-0.4129,18.3236,0.3708
b2ebded2-4c94-473d-b9e4-8dd3556a3152_31-51,1263,4,0,21.4,44.9,57.9,62.7,57.9,0.627,False,False,2091.6114,2699.8947,-0.1108,42.3102,0.0676
b2f487cb-83b2-4e60-855d-1750938d0f1a_4050-16,1264,1,0,330.6,167.9,56.5,64.9,56.5,0.708,False,False,3.0742,258.2205,-1.8036,19.9171,-1.9895
b2f487cb-83b2-4e60-855d-1750938d0f1a_4050-16,1264,2,0,491.0,197.6,53.4,63.0,53.4,0.472,False,False,5.2362,107.9793,-1.2424,20.6512,-1.836
b2f487cb-83b2-4e60-855d-1750938d0f1a_4050-16,1264,4,0,247.4,122.9,70.8,78.9,70.8,0.514,False,False,94.8513,606.0733,-0.8016,22.841,-0.7367
b2f487cb-83b2-4e60-855d-1750938d0f1a_4050-16,1264,4,1,251.3,162.0,58.7,78.0,58.7,0.447,False,False,377.6341,433.3202,-0.0596,29.6506,-0.3663
b2f487cb-83b2-4e60-855d-1750938d0f1a_4050-16,1264,4,2,400.4,170.1,13.4,16.7,13.4,0.434,False,False,153.9298,59.7433,0.4066,7.7406,0.4054
b2f487cb-83b2-4e60-855d-1750938d0f1a_4050-16,1264,5,0,430.4,176.0,13.5,17.0,13.5,0.498,False,False,180.1896,55.5442,0.5057,6.3405,0.6432
b390f179-78cb-4522-9abc-467e0597d4b7_597-75,1265,1,0,476.0,75.7,51.4,68.8,51.4,0.863,True,False,765.1437,904.0868,-0.0724,39.3287,-0.3054
b390f179-78cb-4522-9abc-467e0597d4b7_597-75,1265,1,1,53.5,209.8,52.9,72.8,52.9,0.601,False,False,5.8359,104.55,-1.1887,13.3936,-1.4214
b390f179-78cb-4522-9abc-467e0597d4b7_597-75,1265,2,0,448.9,89.3,47.8,63.0,47.8,0.833,True,False,203.8995,963.5899,-0.6728,25.7034,-0.5091
b390f179-78cb-4522-9abc-467e0597d4b7_597-75,1265,2,1,21.2,198.9,51.0,74.5,51.0,0.59,False,False,9.3756,36.2868,-0.5555,13.2333,-1.2298
b390f179-78cb-4522-9abc-467e0597d4b7_597-75,1265,3,0,115.1,180.5,47.5,55.7,47.5,0.757,False,False,3.7583,24.4929,-0.729,11.1031,-1.4169
b390f179-78cb-4522-9abc-467e0597d4b7_597-75,1265,3,1,559.0,83.0,41.3,52.5,41.3,0.475,False,False,36.9933,230.2729,-0.7844,17.0212,-0.8838
b390f179-78cb-4522-9abc-467e0597d4b7_597-75,1265,4,0,545.4,122.4,35.7,49.2,35.7,0.872,True,False,187.08,530.9823,-0.4516,31.0763,-0.711
b390f179-78cb-4522-9abc-467e0597d4b7_597-75,1265,5,0,597.7,216.3,28.8,38.9,28.8,0.618,True,False,418.7238,603.5337,-0.1585,25.838,-0.2022
b3a0d595-d5b4-4e4b-9c52-337053871604_278-40,1266,2,0,77.8,2.1,87.3,72.7,72.7,0.804,False,True,51.9748,275.323,-0.7173,40.8467,-1.4985
b3a0d595-d5b4-4e4b-9c52-337053871604_278-40,1266,4,0,230.9,324.6,35.9,43.1,35.9,0.849,False,True,775.0448,1204.2175,-0.1912,50.5616,-0.5179
b3a0d595-d5b4-4e4b-9c52-337053871604_278-40,1266,4,1,206.0,317.8,21.3,29.4,21.3,0.719,False,False,402.8908,1596.5835,-0.5972,32.5316,-0.4188
b3a0d595-d5b4-4e4b-9c52-337053871604_278-40,1266,5,0,241.4,298.4,39.2,49.6,39.2,0.924,False,False,727.6885,829.6913,-0.0569,49.6931,-0.5302
b3a0d595-d5b4-4e4b-9c52-337053871604_278-40,1266,5,1,168.8,289.4,17.6,22.7,17.6,0.75,True,False,201.0581,286.1141,-0.1526,38.4719,-0.8651
b4068f40-69e9-4217-81ba-84e59c25f125_887-13,1267,1,0,531.7,312.4,15.2,18.7,15.2,0.683,False,False,249.1073,1126.2872,-0.6539,12.6595,0.1906
b449ae20-0dd5-468e-ad86-daac0180046d_22-83,1268,1,0,277.4,148.5,81.4,116.5,81.4,0.888,False,False,148.1217,526.1781,-0.5484,37.4986,-0.9748
b449ae20-0dd5-468e-ad86-daac0180046d_22-83,1268,3,0,291.6,192.8,69.6,84.7,69.6,0.857,False,False,16.3852,494.5999,-1.455,13.2793,-1.0086
b449ae20-0dd5-468e-ad86-daac0180046d_22-83,1268,4,0,300.9,242.3,50.1,63.4,50.1,0.913,False,False,392.9579,927.0145,-0.3721,61.646,-0.9845
b449ae20-0dd5-468e-ad86-daac0180046d_22-83,1268,5,0,292.6,227.7,60.0,76.0,60.0,0.867,False,False,54.4269,293.937,-0.726,37.2896,-1.3998
b4814b66-f564-48cb-a11f-3b0a1ee73704_42-69,1271,3,0,184.6,33.6,293.9,296.9,293.9,0.634,True,False,92.355,66.5928,0.1402,39.9746,-1.2337
b4b27c5b-2b73-4083-a41c-a6a960475c1a_1618-99,1272,1,0,253.6,55.5,108.3,129.3,108.3,0.881,False,False,12.0457,17.1415,-0.1432,30.6444,-1.8577
b4b27c5b-2b73-4083-a41c-a6a960475c1a_1618-99,1272,4,0,567.5,60.5,22.3,25.5,22.3,0.41,False,False,1089.0971,1592.2616,-0.1648,87.547,-0.8471
b513c72d-8b77-4bee-96b6-b5f57977a3eb_765-76,1273,5,0,445.6,1.5,80.8,79.8,79.8,0.884,True,True,40.7062,36.2633,0.0489,15.7895,-0.7783
b57a2268-9cac-491d-b737-ad8dc28b15fb_2224-77,1275,3,0,325.5,2.8,68.1,79.8,68.1,0.42,False,True,18.374,1643.3822,-1.9288,28.658,-1.6278
b57a2268-9cac-491d-b737-ad8dc28b15fb_2224-77,1275,4,0,291.7,21.3,158.7,240.4,158.7,0.774,True,False,742.4708,744.2622,-0.001,50.6767,-0.5385
b57a2268-9cac-491d-b737-ad8dc28b15fb_2224-77,1275,4,1,18.1,-1.9,58.5,48.1,48.1,0.435,False,True,5267.3079,2300.4636,0.3597,23.5095,0.9784
b57a2268-9cac-491d-b737-ad8dc28b15fb_2224-77,1275,5,0,270.8,14.4,168.3,194.1,168.3,0.678,False,False,621.2305,680.1924,-0.0393,55.2699,-0.6912
b5d691f6-1618-467e-9fc9-d2ebd8eaafe4_836-72,1281,1,0,0.2,126.4,170.2,238.1,170.2,0.41,False,True,138.0805,1480.0128,-1.0273,46.9482,-1.2002
b6474db0-090c-40df-8d65-0a52dd0578cc_984-29,1283,1,0,367.3,1.3,53.6,33.8,33.8,0.402,False,True,1691.7757,5035.9105,-0.4736,36.2555,0.1095
b6474db0-090c-40df-8d65-0a52dd0578cc_984-29,1283,3,0,186.4,363.7,16.0,21.3,16.0,0.742,False,False,9018.303,7324.7515,0.0903,33.8343,0.8961
b6474db0-090c-40df-8d65-0a52dd0578cc_984-29,1283,4,0,177.0,380.2,18.6,25.6,18.6,0.713,False,False,7588.8806,5066.9015,0.1754,35.0726,0.7899
b6474db0-090c-40df-8d65-0a52dd0578cc_984-29,1283,5,0,134.9,-0.3,107.4,98.6,98.6,0.764,False,True,2650.1011,7003.7672,-0.422,50.5934,0.0151
b68e46bf-2cc5-4c6b-895a-1f8c6cad959a_2324-99,1284,5,0,280.0,72.0,12.8,16.7,12.8,0.539,False,False,3493.1012,4869.6835,-0.1443,34.3349,0.4715
b68f87f0-29be-4516-a34a-dda69dd84a56_274-36,1285,1,0,281.2,297.2,194.9,181.7,181.7,0.585,False,True,774.2214,959.3418,-0.093,68.4291,-0.7811
b68f87f0-29be-4516-a34a-dda69dd84a56_274-36,1285,2,0,311.7,234.6,140.7,178.7,140.7,0.626,False,False,1632.6856,1896.2954,-0.065,69.0234,-0.4649
b68f87f0-29be-4516-a34a-dda69dd84a56_274-36,1285,3,0,327.3,231.9,129.6,184.7,129.6,0.578,False,False,580.3648,2628.7513,-0.6555,57.9235,-0.7614
b68f87f0-29be-4516-a34a-dda69dd84a56_274-36,1285,3,1,282.1,225.4,53.7,72.9,53.7,0.509,False,False,6172.0351,4047.541,0.1832,49.0994,0.4082
b68f87f0-29be-4516-a34a-dda69dd84a56_274-36,1285,4,0,332.6,224.3,151.2,194.0,151.2,0.702,False,False,1886.9038,2550.6806,-0.1308,60.1538,-0.2827
b68f87f0-29be-4516-a34a-dda69dd84a56_274-36,1285,4,1,306.1,220.3,48.3,65.9,48.3,0.456,False,False,6096.5192,4262.8814,0.1553,48.7951,0.4082
b68f87f0-29be-4516-a34a-dda69dd84a56_274-36,1285,5,0,277.4,206.6,246.6,272.1,246.6,0.473,False,True,502.507,735.3006,-0.165,60.8403,-0.8665
b68f87f0-29be-4516-a34a-dda69dd84a56_471-46,1286,3,0,214.8,271.8,183.4,182.1,182.1,0.447,False,False,252.3592,442.9176,-0.2436,46.9689,-0.9401
b68f87f0-29be-4516-a34a-dda69dd84a56_471-46,1286,5,0,369.9,160.6,55.5,97.7,55.5,0.654,True,False,308.0405,424.0818,-0.1385,31.9974,-0.5206
b68f87f0-29be-4516-a34a-dda69dd84a56_524-12,1287,1,0,354.3,132.9,117.7,143.4,117.7,0.566,False,False,1256.048,1764.6997,-0.1476,60.5194,-0.4646
b68f87f0-29be-4516-a34a-dda69dd84a56_524-12,1287,3,0,352.6,154.2,171.2,190.6,171.2,0.679,False,False,2518.322,2036.1079,0.0923,68.6516,-0.2721
b68f87f0-29be-4516-a34a-dda69dd84a56_524-12,1287,4,0,344.6,184.5,158.2,196.4,158.2,0.787,False,False,1304.3149,1530.2328,-0.0693,62.4465,-0.4754
b68f87f0-29be-4516-a34a-dda69dd84a56_524-12,1287,4,1,424.4,111.8,64.0,93.3,64.0,0.624,False,False,176.2352,609.0388,-0.5368,17.1315,-0.2205
b68f87f0-29be-4516-a34a-dda69dd84a56_524-12,1287,5,0,229.2,242.3,272.2,231.0,231.0,0.731,False,False,489.35,663.6763,-0.1321,50.9717,-0.7243
b68f87f0-29be-4516-a34a-dda69dd84a56_953-32,1288,1,0,257.8,261.0,223.8,205.7,205.7,0.405,False,False,651.0974,1798.8052,-0.4409,75.6057,-0.9429
b68f87f0-29be-4516-a34a-dda69dd84a56_953-32,1288,2,0,268.9,288.7,203.2,176.8,176.8,0.57,False,False,1055.3929,1744.7858,-0.2182,79.0737,-0.7723
b68f87f0-29be-4516-a34a-dda69dd84a56_953-32,1288,4,0,242.9,118.6,13.0,16.2,13.0,0.483,False,False,10268.1587,4800.9192,0.3301,35.4964,0.9108
b68f87f0-29be-4516-a34a-dda69dd84a56_953-32,1288,5,0,142.3,149.1,34.5,42.0,34.5,0.77,False,False,8549.612,1691.2298,0.7035,55.8507,0.4378
b6ae365a-dd70-42c4-90d6-e0351778d991_277-06,1289,2,0,6.5,66.0,193.4,195.4,193.4,0.445,False,False,118.0001,60.7676,0.2848,61.1651,-1.4976
b6bee905-eddf-4b41-bfe6-d57c9059fe61_1119-76,1291,2,0,575.4,117.9,17.6,22.5,17.6,0.6,True,False,25.1284,5553.6426,-2.3275,16.6425,-1.0269
b6bee905-eddf-4b41-bfe6-d57c9059fe61_1119-76,1291,3,0,162.6,40.4,78.1,98.7,78.1,0.752,True,False,8.9718,3172.5038,-2.5028,37.3778,-2.1468
b6bee905-eddf-4b41-bfe6-d57c9059fe61_1119-76,1291,4,0,481.0,135.1,150.2,176.9,150.2,0.793,False,False,675.8785,1753.5576,-0.4137,43.9571,-0.4558
b6bee905-eddf-4b41-bfe6-d57c9059fe61_1119-76,1291,5,0,267.9,5.5,20.7,24.6,20.7,0.493,False,False,100.4566,7990.9212,-1.8964,22.1453,-0.6852
b6bee905-eddf-4b41-bfe6-d57c9059fe61_1128-22,1292,5,0,227.1,13.3,154.9,163.1,154.9,0.561,False,False,11.8381,3598.1189,-2.4477,26.8147,-1.7488
b6d64c01-1462-4ebf-9eb5-44585cdd8ac4_2907-39,1293,2,0,152.1,91.0,9.4,11.1,9.4,0.418,False,False,14735.9156,8786.2844,0.2246,40.4564,0.9542
b6d64c01-1462-4ebf-9eb5-44585cdd8ac4_2907-39,1293,5,0,342.9,116.8,11.4,14.6,11.4,0.714,True,False,26.0154,129.1293,-0.6828,8.8315,-0.466
b7022084-61ea-470f-b2cd-49be2ecaf3aa_18-42,1294,2,0,113.7,59.9,55.3,76.2,55.3,0.816,True,False,136.4916,780.3977,-0.7546,28.146,-0.7611
b7022084-61ea-470f-b2cd-49be2ecaf3aa_688-07,1295,4,0,510.7,11.2,111.5,123.0,111.5,0.899,True,False,94.2714,845.2695,-0.9485,40.3803,-1.2336
b7022084-61ea-470f-b2cd-49be2ecaf3aa_688-07,1295,5,0,461.9,13.0,82.3,96.1,82.3,0.9,True,False,150.9742,1156.5974,-0.8818,35.3518,-0.9154
b7022084-61ea-470f-b2cd-49be2ecaf3aa_688-07,1295,5,1,414.5,117.1,10.3,12.2,10.3,0.436,False,False,94.5012,1059.2118,-1.0454,15.7214,-0.4147
b79c342b-db1e-407e-958a-e1585c6c3ddd_3-67,1297,4,0,184.9,181.2,62.1,91.3,62.1,0.528,False,False,330.016,115.1103,0.455,18.9827,-0.0381
b7ae78cd-458a-4fbc-b9d8-212fe98a5095_270-04,1298,1,0,356.9,70.8,24.7,30.8,24.7,0.675,True,False,1661.9975,3993.5345,-0.3806,36.4834,0.0964
b7ae78cd-458a-4fbc-b9d8-212fe98a5095_270-04,1298,2,0,439.8,142.2,41.0,55.8,41.0,0.595,False,False,27.5825,30.8825,-0.0475,28.207,-1.4452
b7ae78cd-458a-4fbc-b9d8-212fe98a5095_270-04,1298,4,0,183.5,131.6,31.8,43.0,31.8,0.497,False,False,370.8749,1776.6482,-0.6794,31.8407,-0.436
b7ae78cd-458a-4fbc-b9d8-212fe98a5095_270-04,1298,4,1,265.8,176.0,50.6,63.9,50.6,0.462,False,False,1124.3377,534.2427,0.3227,49.8869,-0.3449
b7ae78cd-458a-4fbc-b9d8-212fe98a5095_270-04,1298,5,0,329.2,158.1,38.8,64.4,38.8,0.712,True,False,41.2427,1020.0928,-1.3833,21.1314,-1.0251
b8ba4ac1-4134-44aa-99db-25efaa058e98_277-37,1299,2,0,513.6,51.4,129.5,325.6,129.5,0.737,False,True,10.5445,87.4588,-0.8844,18.8781,-1.4908
b925520a-853c-442e-8a39-6679cce1e9f4_1253-01,1301,2,0,496.5,111.7,91.6,127.6,91.6,0.892,False,False,17.2309,536.6588,-1.4697,23.3642,-1.4771
b925520a-853c-442e-8a39-6679cce1e9f4_1253-01,1301,2,1,121.2,162.6,18.6,23.0,18.6,0.65,False,False,319.2185,572.237,-0.2529,23.4923,-0.2372
b925520a-853c-442e-8a39-6679cce1e9f4_1253-01,1301,3,0,511.1,114.8,98.3,124.8,98.3,0.893,False,False,17.6031,449.7502,-1.3843,22.9246,-1.4518
b925520a-853c-442e-8a39-6679cce1e9f4_1253-01,1301,3,1,166.4,178.6,17.9,23.2,17.9,0.616,False,False,908.1824,319.8257,0.4524,28.1013,0.0606
b925520a-853c-442e-8a39-6679cce1e9f4_1253-01,1301,4,0,14.2,146.6,59.6,78.8,59.6,0.449,False,False,49.0643,172.6626,-0.5402,46.8969,-1.643
b925520a-853c-442e-8a39-6679cce1e9f4_1253-01,1301,5,0,168.9,223.0,18.6,25.7,18.6,0.467,False,False,362.3848,185.6686,0.2893,29.1481,-0.3694
b959f479-0508-4f1b-96a5-1b17e86af8ce_1110-67,1302,1,0,299.9,3.8,69.3,83.4,69.3,0.933,True,True,365.3813,346.1114,0.0235,30.646,-0.4093
b959f479-0508-4f1b-96a5-1b17e86af8ce_1110-67,1302,2,0,338.9,1.3,72.5,62.4,62.4,0.921,True,True,192.0051,375.9082,-0.2907,31.7085,-0.7172
b959f479-0508-4f1b-96a5-1b17e86af8ce_1110-67,1302,2,1,16.5,33.5,14.7,19.0,14.7,0.417,False,False,293.6916,822.559,-0.4463,27.2034,-0.4005
b959f479-0508-4f1b-96a5-1b17e86af8ce_1110-67,1302,3,0,32.9,212.8,15.3,19.8,15.3,0.764,False,False,1443.9983,3972.6451,-0.4393,31.6036,0.16
b99ceea4-7fa3-407c-9b9f-1347645d23f2_13-11,1303,1,0,286.2,146.8,76.1,106.9,76.1,0.922,False,False,238.7849,546.4537,-0.3585,34.2571,-0.69
b99ceea4-7fa3-407c-9b9f-1347645d23f2_13-11,1303,2,0,296.5,132.4,84.9,110.2,84.9,0.91,False,False,150.0477,425.5363,-0.4508,34.4795,-0.8964
b99ceea4-7fa3-407c-9b9f-1347645d23f2_13-11,1303,4,0,311.7,3.8,107.8,110.9,107.8,0.794,True,True,12.822,65.0732,-0.6795,23.0555,-1.5858
b99ceea4-7fa3-407c-9b9f-1347645d23f2_13-11,1303,5,0,378.1,-0.0,164.7,99.2,99.2,0.6,True,True,31.1955,35.6783,-0.0566,23.1902,-1.2236
b9b65293-fec8-494e-81e7-c4496aafba6f_1524-26,1304,1,0,75.2,294.4,61.8,89.5,61.8,0.401,False,True,1871.6706,350.9555,0.726,42.1825,0.022
b9b65293-fec8-494e-81e7-c4496aafba6f_1524-26,1304,2,0,284.7,-0.4,60.8,51.3,51.3,0.614,False,True,1030.4539,1642.2276,-0.2022,17.1127,0.5453
b9b65293-fec8-494e-81e7-c4496aafba6f_1524-26,1304,4,0,204.9,4.6,14.8,18.0,14.8,0.569,False,False,1030.2494,1622.6444,-0.1971,23.4858,0.271
b9b65293-fec8-494e-81e7-c4496aafba6f_1524-26,1304,4,1,263.1,6.3,13.6,15.7,13.6,0.478,False,False,1105.0617,1415.8832,-0.1076,37.891,-0.1136
b9b65293-fec8-494e-81e7-c4496aafba6f_2296-78,1305,2,0,550.9,176.4,78.1,87.3,78.1,0.512,False,False,100.3642,311.6583,-0.4892,12.3071,-0.1773
b9bc5b47-ae9a-4220-84c7-ada93722c4fe_909-02,1306,3,0,6.9,172.7,53.4,90.3,53.4,0.513,False,False,361.5963,1794.9342,-0.6949,18.4449,0.0264
b9bc5b47-ae9a-4220-84c7-ada93722c4fe_909-02,1306,4,0,16.9,185.0,52.7,85.7,52.7,0.41,False,False,238.6646,1238.4395,-0.7136,16.547,-0.0594
b9de7a2c-d02e-4d66-9556-381f0b7ca51a_3648-36,1307,2,0,418.6,16.2,16.5,19.2,16.5,0.723,True,False,21.6935,2089.9189,-1.9644,20.6183,-1.2736
b9de7a2c-d02e-4d66-9556-381f0b7ca51a_3648-36,1307,2,1,435.3,30.9,15.8,19.1,15.8,0.484,False,False,3004.9763,2314.0036,0.1134,24.1244,0.7123
b9de7a2c-d02e-4d66-9556-381f0b7ca51a_3648-36,1307,2,2,434.3,56.5,18.3,23.0,18.3,0.403,False,False,4509.6653,1964.3093,0.3608,27.2715,0.7822
b9de7a2c-d02e-4d66-9556-381f0b7ca51a_3648-36,1307,4,0,2.1,8.1,117.4,172.4,117.4,0.77,False,True,458.6359,2177.6596,-0.6758,37.1643,-0.4782
b9de7a2c-d02e-4d66-9556-381f0b7ca51a_3648-36,1307,5,0,147.5,14.6,58.1,71.8,58.1,0.549,False,False,1258.9042,1312.7597,-0.0182,58.8446,-0.4392
b9de7a2c-d02e-4d66-9556-381f0b7ca51a_3795-42,1308,1,0,492.9,0.8,20.4,20.9,20.4,0.54,False,True,614.1403,2633.8403,-0.6318,37.8502,-0.3675
b9de7a2c-d02e-4d66-9556-381f0b7ca51a_3795-42,1308,2,0,308.5,-4.3,99.5,84.0,84.0,0.702,False,True,78.258,281.8306,-0.5525,36.3354,-1.2219
b9de7a2c-d02e-4d66-9556-381f0b7ca51a_3795-42,1308,2,1,91.4,3.7,53.6,61.7,53.6,0.41,False,True,87.5013,214.0832,-0.3857,28.5329,-0.9643
b9de7a2c-d02e-4d66-9556-381f0b7ca51a_3961-43,1309,2,0,141.8,85.7,40.0,58.4,40.0,0.562,False,False,1757.4724,1767.1456,-0.0024,34.9205,0.1586
b9de7a2c-d02e-4d66-9556-381f0b7ca51a_3961-43,1309,3,0,142.0,51.1,36.0,51.7,36.0,0.578,False,False,1505.1696,1665.7316,-0.044,31.1781,0.1897
b9de7a2c-d02e-4d66-9556-381f0b7ca51a_3961-43,1309,5,0,397.9,168.9,15.6,19.4,15.6,0.502,False,False,7.2561,154.6868,-1.2755,12.0927,-1.2512
b9fd76c5-1f9b-4d82-b9ee-2e0615561765_364-29,1310,1,0,161.9,293.2,67.3,92.0,67.3,0.701,False,False,2.6815,347.4744,-1.9761,10.4754,-1.4783
b9fd76c5-1f9b-4d82-b9ee-2e0615561765_364-29,1310,2,0,93.7,258.9,89.0,112.3,89.0,0.776,False,False,2.4358,350.7094,-2.0102,6.931,-1.1545
b9fd76c5-1f9b-4d82-b9ee-2e0615561765_364-29,1310,3,0,54.5,259.2,85.4,108.6,85.4,0.631,False,False,3.2128,334.2545,-1.9008,6.2534,-0.9786
b9fd76c5-1f9b-4d82-b9ee-2e0615561765_364-29,1310,5,0,141.1,292.5,72.7,87.6,72.7,0.651,False,False,2.7711,105.7219,-1.4518,7.1252,-1.1376
ba078478-13a5-4e7f-8ee4-61620f84cb7a_2830-69,1311,2,0,4.1,105.9,129.5,178.6,129.5,0.44,False,False,3612.1626,918.697,0.5942,37.1428,0.4178
ba078478-13a5-4e7f-8ee4-61620f84cb7a_3101-09,1312,4,0,295.1,-0.6,37.3,40.1,37.3,0.407,False,True,3738.9535,1269.6289,0.4688,31.331,0.5805
ba1de596-15f4-45f3-bab3-dbf7283490be_5-13,1313,1,0,256.0,44.6,55.5,63.5,55.5,0.866,False,False,355.5004,995.693,-0.4465,23.5474,-0.1926
ba1de596-15f4-45f3-bab3-dbf7283490be_5-13,1313,1,1,553.3,179.2,36.3,54.4,36.3,0.629,True,False,170.3854,1683.7348,-0.9926,13.1802,-0.0084
ba1de596-15f4-45f3-bab3-dbf7283490be_5-13,1313,1,2,363.5,-4.5,122.1,171.0,122.1,0.604,False,True,240.8071,523.5242,-0.3363,18.8456,-0.1682
ba1de596-15f4-45f3-bab3-dbf7283490be_5-13,1313,3,0,207.5,115.6,102.2,174.9,102.2,0.451,False,False,136.1532,71.4176,0.2774,19.3714,-0.4383
ba1de596-15f4-45f3-bab3-dbf7283490be_5-13,1313,4,0,32.7,253.4,45.1,53.0,45.1,0.552,False,False,27.709,102.0554,-0.5551,8.9218,-0.4483
ba1de596-15f4-45f3-bab3-dbf7283490be_5-13,1313,4,1,177.5,95.9,110.1,212.5,110.1,0.439,False,False,145.7776,173.8915,-0.0761,17.3183,-0.3118
ba1de596-15f4-45f3-bab3-dbf7283490be_5-13,1313,5,0,11.5,245.8,43.8,52.8,43.8,0.541,False,False,119.3206,250.9405,-0.321,11.61,-0.0525
ba1de596-15f4-45f3-bab3-dbf7283490be_5-13,1313,5,1,156.1,62.1,136.7,245.9,136.7,0.425,False,False,346.4015,201.1929,0.2351,21.7079,-0.1333
ba44d0ee-9aba-4d05-8d1b-1eac7346f479_1433-66,1316,1,0,-8.3,-1.5,294.0,272.9,272.9,0.706,False,True,87.0334,62.9202,0.139,39.1317,-1.2407
ba44d0ee-9aba-4d05-8d1b-1eac7346f479_1433-66,1316,3,0,131.8,1.0,48.3,40.7,40.7,0.577,False,True,28.3559,162.6862,-0.7463,16.7493,-0.9818
baaf6d24-7117-4b0b-acdf-a79765036d84_1340-93,1317,5,0,35.3,1.5,74.0,87.7,74.0,0.926,True,True,32.7657,35.6277,-0.0353,46.8167,-1.8125
baaffbad-76a7-458a-8a54-7b593ab073f6_329-73,1318,1,0,246.0,155.8,8.6,11.1,8.6,0.408,False,False,732.4427,1189.2131,-0.2103,22.7568,0.1503
baaffbad-76a7-458a-8a54-7b593ab073f6_329-73,1318,2,0,246.7,219.1,10.5,12.4,10.5,0.551,False,False,1492.8784,500.103,0.4744,23.759,0.4219
baaffbad-76a7-458a-8a54-7b593ab073f6_329-73,1318,5,0,202.7,327.7,12.6,15.8,12.6,0.506,False,False,142.2449,596.8161,-0.6205,12.8483,-0.0642
baaffbad-76a7-458a-8a54-7b593ab073f6_979-89,1319,1,0,157.1,177.8,29.3,38.4,29.3,0.536,False,False,346.7083,233.4264,0.1712,30.224,-0.42
baaffbad-76a7-458a-8a54-7b593ab073f6_979-89,1319,2,0,295.0,278.0,21.9,25.0,21.9,0.634,True,False,786.4133,1340.3292,-0.2313,33.9232,-0.1652
baaffbad-76a7-458a-8a54-7b593ab073f6_979-89,1319,3,0,539.1,147.3,10.0,12.0,10.0,0.597,False,False,495.9122,1436.2464,-0.4613,14.9762,0.3435
baaffbad-76a7-458a-8a54-7b593ab073f6_979-89,1319,3,1,300.9,232.0,17.0,20.9,17.0,0.46,False,False,665.6133,2180.5544,-0.5149,25.6283,0.0058
baaffbad-76a7-458a-8a54-7b593ab073f6_979-89,1319,4,0,590.2,265.2,35.7,36.8,35.7,0.672,False,False,60.9658,258.9142,-0.6227,21.4075,-0.8699
baaffbad-76a7-458a-8a54-7b593ab073f6_979-89,1319,4,1,451.0,292.6,25.7,29.0,25.7,0.584,False,False,82.4076,125.2774,-0.1801,19.4882,-0.6595
baaffbad-76a7-458a-8a54-7b593ab073f6_979-89,1319,5,0,356.2,132.9,18.6,23.4,18.6,0.779,True,False,641.5296,1022.7687,-0.2023,25.4552,-0.0043
bac30fe6-c597-4f1a-add1-d8d989205d98_1087-36,1320,4,0,525.0,83.1,92.6,120.1,92.6,0.905,False,False,46.176,231.6658,-0.693,58.1428,-1.8554
bac30fe6-c597-4f1a-add1-d8d989205d98_1087-36,1320,4,1,-1.9,5.8,73.3,81.4,73.3,0.421,False,True,543.8407,14.5195,1.5454,15.1987,0.3708
bac30fe6-c597-4f1a-add1-d8d989205d98_1087-36,1320,5,0,320.7,172.5,86.3,105.5,86.3,0.912,False,False,151.0685,915.2776,-0.78,58.0857,-1.3462
bae603bd-dc3d-46a4-90b7-9c1e2bcd3970_966-87,1321,5,0,1.2,224.9,47.5,61.7,47.5,0.85,True,True,10.4539,46.2843,-0.6158,16.2079,-1.3621
bae603bd-dc3d-46a4-90b7-9c1e2bcd3970_966-87,1321,5,1,287.4,417.8,48.8,52.4,48.8,0.52,False,False,9.1633,12.7102,-0.13,11.274,-1.1005
baf15309-e865-4e9e-9efd-09097f1d5a43_341-69,1322,2,0,506.3,433.2,49.6,46.9,46.9,0.508,False,True,47.1743,71.663,-0.1785,18.3942,-0.8478
baf15309-e865-4e9e-9efd-09097f1d5a43_341-69,1322,3,0,526.0,410.5,64.1,66.3,64.1,0.462,False,True,73.6019,132.2179,-0.2518,20.7872,-0.7638
baf15309-e865-4e9e-9efd-09097f1d5a43_412-45,1323,1,0,77.2,152.1,111.1,116.1,111.1,0.846,False,False,18.7547,161.6093,-0.9155,27.8636,-1.595
baf15309-e865-4e9e-9efd-09097f1d5a43_412-45,1323,2,0,317.2,181.4,112.8,132.2,112.8,0.761,False,False,7.8221,15.3315,-0.2675,39.1257,-2.2396
baf15309-e865-4e9e-9efd-09097f1d5a43_412-45,1323,3,0,439.7,204.0,115.0,130.4,115.0,0.681,False,False,8.4707,136.2757,-1.1612,22.7881,-1.7399
baf15309-e865-4e9e-9efd-09097f1d5a43_412-45,1323,3,1,247.9,299.0,113.3,156.5,113.3,0.559,False,False,7.9004,153.2556,-1.2388,29.8007,-1.9995
baf15309-e865-4e9e-9efd-09097f1d5a43_412-45,1323,4,0,484.0,224.9,92.5,114.8,92.5,0.8,False,False,62.3962,210.8833,-0.524,19.3449,-0.7722
baf15309-e865-4e9e-9efd-09097f1d5a43_412-45,1323,4,1,271.0,293.1,105.5,145.7,105.5,0.503,False,False,38.8113,196.9452,-0.6965,22.8621,-1.1191
baf15309-e865-4e9e-9efd-09097f1d5a43_412-45,1323,5,0,455.6,207.1,88.8,107.8,88.8,0.881,False,False,49.9295,164.963,-0.513,19.1608,-0.859
bb04b03d-ae0d-416a-8c4c-b2325edec070_287-86,1324,4,0,4.7,-14.8,220.3,300.1,220.3,0.573,False,True,4.5149,17.4354,-0.5241,13.6324,-1.5299
bb04b03d-ae0d-416a-8c4c-b2325edec070_287-86,1324,4,1,249.8,335.6,40.3,53.1,40.3,0.487,False,False,2.6397,85.3345,-1.3751,3.1348,-0.4734
bb04b03d-ae0d-416a-8c4c-b2325edec070_287-86,1324,4,2,261.3,256.6,50.1,64.3,50.1,0.475,False,False,127.4072,9.0807,1.1051,15.0443,-0.2481
bb2297d3-91b7-4ec4-b39b-cc64694929db_0-03,1325,1,0,392.1,225.0,79.1,77.9,77.9,0.4,False,False,176.6442,522.6644,-0.4695,38.3381,-0.918
bb2297d3-91b7-4ec4-b39b-cc64694929db_0-03,1325,2,0,512.1,3.6,44.1,56.3,44.1,0.87,True,True,114.9182,139.1582,-0.0825,33.8951,-0.9965
bb2297d3-91b7-4ec4-b39b-cc64694929db_0-03,1325,3,0,546.9,-1.2,63.8,78.3,63.8,0.407,False,True,81.6116,110.5589,-0.1305,34.8087,-1.1667
bb2297d3-91b7-4ec4-b39b-cc64694929db_0-03,1325,4,0,175.2,47.6,323.8,308.2,308.2,0.491,False,False,168.3122,67.8634,0.3907,56.7022,-1.2786
bb2297d3-91b7-4ec4-b39b-cc64694929db_0-03,1325,4,1,133.2,196.3,56.6,85.0,56.6,0.439,False,False,11.6093,10.4393,0.0423,8.6872,-0.7828
bb2297d3-91b7-4ec4-b39b-cc64694929db_412-95,1326,2,0,432.2,55.6,24.9,30.9,24.9,0.589,False,False,844.0724,1308.6508,-0.1903,15.002,0.5727
bb2297d3-91b7-4ec4-b39b-cc64694929db_412-95,1326,5,0,363.2,232.5,44.5,58.0,44.5,0.509,False,False,223.1921,471.6676,-0.3239,52.1121,-1.0834
bc215572-bd4c-4457-bbc1-58cdd6398cc7_2751-16,1328,4,0,110.6,108.8,15.1,18.0,15.1,0.859,True,False,1893.4658,5223.9204,-0.4406,28.1033,0.3794
bc215572-bd4c-4457-bbc1-58cdd6398cc7_2751-16,1328,5,0,162.9,153.5,12.5,15.6,12.5,0.683,True,False,3484.3175,4901.4596,-0.1482,39.1193,0.3572
bc215572-bd4c-4457-bbc1-58cdd6398cc7_2751-16,1328,5,1,94.6,128.8,22.0,27.3,22.0,0.499,False,False,534.0141,4009.7183,-0.8749,14.4098,0.409
bd31c2eb-4faa-467d-8c71-89a55b0a4be5_275-56,1330,1,0,381.8,325.6,75.5,82.8,75.5,0.489,False,False,62.9334,183.9469,-0.4613,12.2163,-0.3711
bd31c2eb-4faa-467d-8c71-89a55b0a4be5_275-56,1330,2,0,388.6,320.3,76.1,87.3,76.1,0.619,True,False,26.3129,150.3379,-0.7436,16.4392,-0.997
bd31c2eb-4faa-467d-8c71-89a55b0a4be5_275-56,1330,3,0,342.3,272.0,76.1,84.9,76.1,0.639,True,False,29.1991,150.2702,-0.6998,12.2668,-0.7003
bd31c2eb-4faa-467d-8c71-89a55b0a4be5_275-56,1330,3,1,316.3,143.2,78.3,82.8,78.3,0.441,False,False,196.5439,199.217,-0.0058,27.8243,-0.5937
bd31c2eb-4faa-467d-8c71-89a55b0a4be5_275-56,1330,4,0,354.8,329.8,71.7,80.4,71.7,0.441,False,False,25.6181,103.0257,-0.592,15.1274,-0.9362
bd96484b-6f8c-492b-8969-cae99c868b4d_2411-56,1331,4,0,299.0,145.1,33.7,39.3,33.7,0.689,False,False,43.4576,4735.1326,-2.0275,10.3627,-0.387
bd96484b-6f8c-492b-8969-cae99c868b4d_2411-56,1331,5,0,306.2,2.1,19.3,18.0,18.0,0.471,False,True,9208.215,7703.2691,0.0775,40.0677,0.7584
bd96484b-6f8c-492b-8969-cae99c868b4d_2411-56,1331,5,1,552.7,137.9,9.2,10.6,9.2,0.407,False,False,1869.0,2601.1858,-0.1435,30.231,0.3105
bd96484b-6f8c-492b-8969-cae99c868b4d_2855-28,1332,2,0,295.0,127.8,28.6,42.4,28.6,0.523,False,False,292.4179,2441.231,-0.9203,16.5038,0.0307
bdd32b96-5baf-4d67-9975-34cdce64b0cc_240-16,1334,1,0,19.4,6.5,151.2,177.6,151.2,0.733,False,False,2741.2766,1953.7692,0.147,54.9817,-0.0425
bdd32b96-5baf-4d67-9975-34cdce64b0cc_240-16,1334,4,0,65.4,19.0,158.7,171.8,158.7,0.455,False,False,1532.0124,2020.4409,-0.1201,53.8942,-0.2777
bdd32b96-5baf-4d67-9975-34cdce64b0cc_240-16,1334,4,1,277.3,226.2,140.0,169.8,140.0,0.411,False,False,1573.8592,2466.8323,-0.1951,45.3626,-0.1164
bdd32b96-5baf-4d67-9975-34cdce64b0cc_240-16,1334,5,0,58.3,8.7,146.0,139.6,139.6,0.502,False,False,2473.8483,2126.7329,0.0656,58.432,-0.1399
bdeb0df9-2983-41bb-ba27-c431d9ef3163_1772-82,1336,5,0,-4.4,25.6,111.5,185.0,111.5,0.543,False,True,40.1147,41.5604,-0.015,19.3257,-0.9594
be1da89b-976b-4e71-a42a-7621b522db46_179-53,1337,1,0,351.5,192.1,14.8,18.7,14.8,0.739,True,False,1637.6018,4819.777,-0.4686,26.6043,0.364
be1da89b-976b-4e71-a42a-7621b522db46_179-53,1337,1,1,501.1,16.1,138.1,170.2,138.1,0.667,False,True,70.6467,74.3999,-0.0222,19.2266,-0.7138
be1da89b-976b-4e71-a42a-7621b522db46_179-53,1337,2,0,349.9,188.2,14.2,18.6,14.2,0.801,True,False,5192.7226,4367.0933,0.0752,45.3171,0.4027
be1da89b-976b-4e71-a42a-7621b522db46_179-53,1337,2,1,260.4,241.3,17.3,21.1,17.3,0.754,True,False,4576.6459,5401.9685,-0.072,47.0236,0.3158
be1da89b-976b-4e71-a42a-7621b522db46_179-53,1337,3,0,339.0,191.3,13.7,17.7,13.7,0.687,True,False,3417.4633,6548.8312,-0.2824,43.6187,0.2543
be1da89b-976b-4e71-a42a-7621b522db46_179-53,1337,3,1,251.6,241.7,16.4,21.5,16.4,0.531,False,False,4768.2649,5942.9966,-0.0956,42.2255,0.4271
be1da89b-976b-4e71-a42a-7621b522db46_179-53,1337,3,2,330.9,197.7,15.2,20.1,15.2,0.441,False,False,8230.4686,5938.4805,0.1417,53.1859,0.4637
be1da89b-976b-4e71-a42a-7621b522db46_179-53,1337,4,0,294.0,182.3,15.1,20.5,15.1,0.827,True,False,7215.9514,5262.3634,0.1371,51.5477,0.4338
be1da89b-976b-4e71-a42a-7621b522db46_179-53,1337,4,1,195.8,220.3,19.1,23.2,19.1,0.817,True,False,4026.7426,3699.9198,0.0368,47.7424,0.2471
be1da89b-976b-4e71-a42a-7621b522db46_179-53,1337,5,0,615.4,411.4,22.2,29.0,22.2,0.663,True,True,2080.7531,2922.3135,-0.1474,50.3578,-0.0859
be1da89b-976b-4e71-a42a-7621b522db46_179-53,1337,5,1,481.2,365.3,26.3,30.8,26.3,0.646,True,False,3027.2066,2283.1668,0.1225,56.2019,-0.0185
be462bcf-13ad-446a-8dfb-248cb2e3417a_379-26,1338,1,0,483.4,106.9,51.0,71.6,51.0,0.916,True,False,288.642,503.0145,-0.2406,37.921,-0.6962
be462bcf-13ad-446a-8dfb-248cb2e3417a_379-26,1338,1,1,540.3,8.6,44.3,56.8,44.3,0.502,False,False,951.007,71.228,1.1199,46.6684,-0.3596
be462bcf-13ad-446a-8dfb-248cb2e3417a_379-26,1338,2,0,484.4,123.9,48.5,70.0,48.5,0.904,True,False,429.0628,753.431,-0.2441,38.3032,-0.5332
be462bcf-13ad-446a-8dfb-248cb2e3417a_379-26,1338,3,0,376.1,187.6,52.9,69.4,52.9,0.902,False,False,138.2508,200.0549,-0.1595,36.7857,-0.9879
be462bcf-13ad-446a-8dfb-248cb2e3417a_379-26,1338,4,0,328.0,208.1,52.9,67.7,52.9,0.904,False,False,454.2389,527.2552,-0.0646,39.26,-0.5299
be462bcf-13ad-446a-8dfb-248cb2e3417a_379-26,1338,5,0,539.5,130.6,60.4,76.8,60.4,0.918,True,False,94.0928,45.0227,0.3152,40.6993,-1.2413
be462bcf-13ad-446a-8dfb-248cb2e3417a_825-06,1339,5,0,161.6,6.3,392.8,415.2,392.8,0.533,False,True,14.5951,28.5873,-0.2781,43.8513,-2.0912
be7ede7a-c212-45ff-8601-e15dd2f7e531_928-33,1341,3,0,240.4,190.8,10.0,13.0,10.0,0.771,True,False,4485.76,5650.1432,-0.1002,35.7708,0.5445
be7ede7a-c212-45ff-8601-e15dd2f7e531_928-33,1341,4,0,218.3,177.3,12.6,15.3,12.6,0.791,True,False,3982.4873,4659.7672,-0.0682,34.1537,0.533
be7ede7a-c212-45ff-8601-e15dd2f7e531_928-33,1341,5,0,228.3,225.1,12.0,14.0,12.0,0.775,True,False,3854.229,7364.3299,-0.2811,41.6342,0.3469
be82ebf1-5feb-4c1b-a71a-f668e3a17726_27-55,1342,2,0,335.1,58.2,21.1,26.3,21.1,0.592,False,False,185.3453,1080.3758,-0.7637,29.4329,-0.6678
be82ebf1-5feb-4c1b-a71a-f668e3a17726_27-55,1342,5,0,3.3,108.9,80.8,142.9,80.8,0.907,False,True,11.1261,224.5172,-1.2695,13.8713,-1.2028
bebfd0fa-93bc-41a3-886d-e04a3675fc6d_293-94,1343,2,0,159.8,3.9,51.6,47.2,47.2,0.406,False,True,216.3832,1155.7869,-0.726,34.2799,-0.7332
bef6d752-a5f2-405f-bf3a-71e400bd8b06_1634-83,1344,4,0,77.5,5.1,132.4,121.3,121.3,0.463,False,False,211.6383,28.5269,0.8574,50.7819,-1.0839
bef6d752-a5f2-405f-bf3a-71e400bd8b06_1634-83,1344,5,0,291.7,52.9,62.1,75.5,62.1,0.537,False,False,3.7146,48.671,-1.0227,19.6791,-1.9157
bf4a69c2-2c0b-4810-991b-3eb35e7dd2f3_1088-56,1345,1,0,354.2,333.9,72.3,112.7,72.3,0.499,False,False,298.5423,778.428,-0.4153,28.4342,-0.4318
bf4a69c2-2c0b-4810-991b-3eb35e7dd2f3_1088-56,1345,1,1,253.9,1.7,11.2,11.1,11.1,0.413,False,True,1856.0764,4848.5655,-0.4169,18.1747,0.7486
bf4a69c2-2c0b-4810-991b-3eb35e7dd2f3_1088-56,1345,2,0,286.8,31.2,10.1,12.3,10.1,0.623,False,False,2053.8456,4972.3691,-0.3839,36.5631,0.1864
bf4a69c2-2c0b-4810-991b-3eb35e7dd2f3_1088-56,1345,2,1,350.2,345.0,113.6,130.5,113.6,0.491,False,False,797.1673,1194.5042,-0.1755,28.7196,-0.0148
bf9354ab-541d-4c1c-aa3e-8a3bfd8fb51b_443-31,1346,2,0,327.2,77.9,17.2,23.4,17.2,0.495,False,False,10289.3602,4664.1196,0.3436,51.7811,0.5839
bf9354ab-541d-4c1c-aa3e-8a3bfd8fb51b_443-31,1346,3,0,339.9,87.9,22.4,35.6,22.4,0.667,True,False,2412.969,5581.5593,-0.3641,24.3128,0.6103
bf9354ab-541d-4c1c-aa3e-8a3bfd8fb51b_443-31,1346,5,0,162.3,104.8,32.8,50.3,32.8,0.54,False,False,262.2349,3732.6231,-1.1518,22.588,-0.2883
c00a27da-98bb-4761-8093-45fd30a3f43f_1156-34,1348,1,0,183.9,63.7,39.3,48.5,39.3,0.412,False,False,1306.2763,4595.3936,-0.546,45.151,-0.1932
c00d3596-99db-4ea7-9a65-57ab4319d640_370-19,1350,1,0,-0.3,368.8,64.6,72.7,64.6,0.686,False,True,61.8218,93.1621,-0.1758,14.88,-0.5491
c00d3596-99db-4ea7-9a65-57ab4319d640_370-19,1350,5,0,117.1,52.4,16.4,19.7,16.4,0.466,False,False,1012.7682,4542.1069,-0.6514,35.4494,-0.0936
c05389ca-2d74-4889-a8dd-a0f89d28a4b7_2763-64,1351,1,0,414.0,76.3,27.2,38.2,27.2,0.735,True,False,44.2067,1439.1774,-1.5032,22.5707,-1.0527
c05389ca-2d74-4889-a8dd-a0f89d28a4b7_2763-64,1351,2,0,472.9,67.6,33.0,39.5,33.0,0.638,True,False,526.3413,1930.9131,-0.5639,28.8012,-0.1973
c05389ca-2d74-4889-a8dd-a0f89d28a4b7_2763-64,1351,2,1,376.8,363.1,54.5,68.5,54.5,0.501,False,False,1033.6884,1007.045,0.0113,37.5589,-0.1349
c05389ca-2d74-4889-a8dd-a0f89d28a4b7_2763-64,1351,4,0,366.4,345.0,69.2,81.7,69.2,0.622,True,False,1547.6416,1271.6774,0.0852,44.171,-0.1005
c05389ca-2d74-4889-a8dd-a0f89d28a4b7_2763-64,1351,5,0,344.0,75.5,18.1,26.4,18.1,0.451,False,False,8611.0893,5944.2796,0.1609,44.4449,0.6392
c06532d8-f1cd-477f-b9f3-e8e980d73b2e_1339-60,1352,1,0,215.9,254.1,9.7,11.3,9.7,0.445,False,False,1194.6233,4555.6744,-0.5811,26.7858,0.2212
c0a19ccf-66ad-44b5-9b3d-2f20d49bc0a8_296-47,1353,1,0,476.7,127.2,156.0,213.2,156.0,0.581,False,False,2.6718,29.1627,-0.9146,13.455,-1.6953
c1626bce-83ba-49da-921c-7b60243c19ea_7-12,1357,2,0,340.4,269.0,47.1,56.0,47.1,0.911,False,False,1271.3179,2119.109,-0.2218,52.1495,-0.3301
c1626bce-83ba-49da-921c-7b60243c19ea_8-38,1358,1,0,347.0,268.6,47.0,56.1,47.0,0.915,False,False,1210.0694,2171.8474,-0.2539,51.0657,-0.3333
c1dc6626-34c8-4367-a80a-42a44057f47b_737-27,1359,1,0,302.3,126.7,7.8,9.0,7.8,0.535,False,False,4399.7431,2572.7499,0.233,22.5725,0.9355
c1dc6626-34c8-4367-a80a-42a44057f47b_737-27,1359,2,0,269.4,135.7,11.3,14.1,11.3,0.506,False,False,2083.4983,2241.027,-0.0316,14.6894,0.983
c1dc6626-34c8-4367-a80a-42a44057f47b_737-27,1359,3,0,355.3,113.5,10.0,12.4,10.0,0.546,False,False,17122.8653,2008.079,0.9306,47.3335,0.8831
c1dc6626-34c8-4367-a80a-42a44057f47b_737-27,1359,3,1,379.0,114.2,10.3,12.0,10.3,0.448,False,False,146.3789,1637.1807,-1.0459,7.3283,0.4304
c1dc6626-34c8-4367-a80a-42a44057f47b_737-27,1359,3,2,535.9,95.5,9.3,11.2,9.3,0.445,False,False,9120.526,4764.1464,0.282,36.035,0.8463
c1dc6626-34c8-4367-a80a-42a44057f47b_737-27,1359,3,3,386.0,134.1,11.6,14.3,11.6,0.426,False,False,47.0725,2488.2118,-1.7142,16.0541,-0.731
c1dc6626-34c8-4367-a80a-42a44057f47b_737-27,1359,4,0,314.9,117.0,22.2,25.9,22.2,0.485,False,False,298.2043,2729.1797,-0.9602,17.1276,0.0071
c1dc6626-34c8-4367-a80a-42a44057f47b_737-27,1359,5,0,213.8,103.4,38.6,57.6,38.6,0.63,False,False,162.5967,1370.7638,-0.9235,35.6091,-0.8897
c1dc6626-34c8-4367-a80a-42a44057f47b_737-27,1359,5,1,56.0,368.5,102.2,114.8,102.2,0.422,False,True,2297.8907,819.6422,0.4474,49.7644,-0.0325
c1f4d37c-bfd8-4722-b1c4-767f8426ccfd_867-73,1360,2,0,133.4,104.6,48.1,59.0,48.1,0.836,False,False,1293.062,299.3353,0.6343,60.3283,-0.4492
c1f4d37c-bfd8-4722-b1c4-767f8426ccfd_867-73,1360,4,0,98.3,242.6,67.0,75.4,67.0,0.829,False,False,440.5262,157.4848,0.445,45.0429,-0.6625
c1f4d37c-bfd8-4722-b1c4-767f8426ccfd_867-73,1360,5,0,127.2,195.3,67.0,74.9,67.0,0.815,False,False,485.2354,195.9033,0.3926,53.6776,-0.7729
c2071026-add0-4546-8374-b6d04ddd94b1_0-04,1361,1,0,376.6,114.2,74.7,79.4,74.7,0.823,False,False,342.7538,1017.4613,-0.4717,41.2954,-0.6958
c2071026-add0-4546-8374-b6d04ddd94b1_0-04,1361,2,0,344.1,100.0,66.9,80.3,66.9,0.895,False,False,131.2497,411.3477,-0.4939,32.5443,-0.904
c2071026-add0-4546-8374-b6d04ddd94b1_0-04,1361,3,0,240.6,49.8,69.9,95.7,69.9,0.935,True,False,123.6864,1251.2467,-1.0019,25.3885,-0.7141
c2071026-add0-4546-8374-b6d04ddd94b1_0-04,1361,4,0,322.5,36.0,65.3,102.8,65.3,0.914,True,False,69.7567,650.8149,-0.9644,24.5797,-0.9321
c2071026-add0-4546-8374-b6d04ddd94b1_0-04,1361,5,0,328.9,22.9,63.6,102.1,63.6,0.904,True,False,37.4632,526.7467,-1.1374,23.0857,-1.1425
c23eaef5-7441-42b4-9456-9f5a4a1bd615_11-29,1363,3,0,422.7,149.0,181.6,213.3,181.6,0.589,False,True,123.4841,114.5804,0.0322,42.8365,-1.1688
c23eaef5-7441-42b4-9456-9f5a4a1bd615_11-29,1363,3,1,570.9,219.2,68.7,88.6,68.7,0.526,False,True,238.7803,202.5447,0.0712,52.0063,-1.0525
c23eaef5-7441-42b4-9456-9f5a4a1bd615_11-29,1363,5,0,546.2,83.7,71.9,128.4,71.9,0.481,False,False,26.9191,279.211,-1.0016,25.1154,-1.3547
c25111f0-0c78-4bf8-a16d-57a6c25c2169_10881-80,1364,1,0,130.4,215.1,46.6,59.9,46.6,0.602,False,False,63.4026,219.4718,-0.5344,19.3158,-0.7641
c25111f0-0c78-4bf8-a16d-57a6c25c2169_10881-80,1364,1,1,301.1,200.7,11.5,14.2,11.5,0.432,False,False,51.6246,155.8758,-0.4744,14.2046,-0.5858
c25111f0-0c78-4bf8-a16d-57a6c25c2169_10881-80,1364,2,0,123.2,234.9,51.6,62.7,51.6,0.666,False,False,285.984,47.9269,0.7683,21.1263,-0.1928
c25111f0-0c78-4bf8-a16d-57a6c25c2169_10881-80,1364,2,1,587.6,285.4,46.2,59.8,46.2,0.592,False,False,117.4657,76.4995,0.1843,31.245,-0.9164
c25111f0-0c78-4bf8-a16d-57a6c25c2169_10881-80,1364,3,0,53.6,174.9,53.7,77.2,53.7,0.717,False,False,255.7815,30.3256,0.9137,27.2046,-0.4603
c25111f0-0c78-4bf8-a16d-57a6c25c2169_10881-80,1364,3,1,379.0,108.8,13.9,18.6,13.9,0.403,False,False,87.9902,441.5548,-0.6966,20.5622,-0.6778
c25111f0-0c78-4bf8-a16d-57a6c25c2169_10881-80,1364,4,0,3.0,68.1,59.9,86.5,59.9,0.796,True,True,29.0313,104.1511,-0.5442,24.2416,-1.2923
c25111f0-0c78-4bf8-a16d-57a6c25c2169_10881-80,1364,4,1,441.7,33.0,17.0,20.6,17.0,0.619,True,False,14.5416,512.8722,-1.5194,20.8434,-1.4474
c25111f0-0c78-4bf8-a16d-57a6c25c2169_10881-80,1364,4,2,230.1,78.1,13.3,16.8,13.3,0.479,False,False,131.2539,211.3265,-0.2056,12.849,-0.0989
c25111f0-0c78-4bf8-a16d-57a6c25c2169_10881-80,1364,5,0,340.9,13.6,22.1,27.3,22.1,0.612,True,False,11.8273,421.7023,-1.5179,21.9488,-1.5756
c25111f0-0c78-4bf8-a16d-57a6c25c2169_3852-71,1365,1,0,71.1,212.4,26.0,32.5,26.0,0.423,False,False,403.0317,851.4394,-0.3242,19.2134,0.038
c25111f0-0c78-4bf8-a16d-57a6c25c2169_3852-71,1365,2,0,116.8,225.9,23.5,30.0,23.5,0.603,True,False,173.0382,1198.4091,-0.8383,19.4062,-0.3364
c25111f0-0c78-4bf8-a16d-57a6c25c2169_3852-71,1365,2,1,162.2,293.8,33.2,47.4,33.2,0.407,False,False,1014.8401,961.6139,0.0234,23.32,0.2706
c25111f0-0c78-4bf8-a16d-57a6c25c2169_3852-71,1365,4,0,198.0,198.2,27.8,34.6,27.8,0.402,False,False,22.7832,2138.3825,-1.954,22.4439,-1.3268
c25111f0-0c78-4bf8-a16d-57a6c25c2169_3852-71,1365,5,0,194.0,198.3,22.1,30.6,22.1,0.639,True,False,855.7683,1538.7359,-0.2546,22.6285,0.2227
c2d28dd4-4416-4300-bbbe-23911487776a_1418-50,1366,1,0,225.4,147.4,30.5,40.0,30.5,0.687,True,False,10.2719,647.5639,-1.76,19.211,-1.5163
c2d28dd4-4416-4300-bbbe-23911487776a_1418-50,1366,2,0,311.2,17.9,56.8,84.5,56.8,0.757,True,False,1115.2169,1002.9786,0.046,38.0441,-0.1131
c2d28dd4-4416-4300-bbbe-23911487776a_1418-50,1366,4,0,107.0,36.2,117.4,131.6,117.4,0.492,False,False,542.4743,1475.4405,-0.434,27.1317,-0.1324
c2d28dd4-4416-4300-bbbe-23911487776a_1418-50,1366,4,1,145.1,36.6,175.9,194.1,175.9,0.447,False,False,1064.5682,1794.6282,-0.2266,48.3259,-0.341
c2d28dd4-4416-4300-bbbe-23911487776a_1894-07,1367,1,0,31.9,186.7,66.2,69.7,66.2,0.676,False,False,884.0448,857.5991,0.0132,26.8633,0.088
c2d28dd4-4416-4300-bbbe-23911487776a_1894-07,1367,2,0,33.5,188.3,64.0,67.3,64.0,0.716,False,False,846.3519,814.1151,0.0168,25.9036,0.1007
c2d28dd4-4416-4300-bbbe-23911487776a_1894-07,1367,4,0,19.6,170.2,62.5,68.2,62.5,0.519,False,False,862.6948,823.4939,0.0202,23.2338,0.2033
c2d28dd4-4416-4300-bbbe-23911487776a_1894-07,1367,4,1,3.1,153.3,45.3,62.9,45.3,0.517,False,True,578.9888,728.2295,-0.0994,19.7205,0.1725
c2d28dd4-4416-4300-bbbe-23911487776a_1894-07,1367,5,0,8.5,156.6,69.9,78.5,69.9,0.477,False,False,848.8978,842.6186,0.0032,24.2553,0.159
c2d28dd4-4416-4300-bbbe-23911487776a_2076-47,1368,1,0,128.1,126.8,51.9,77.3,51.9,0.7,False,False,2278.1717,3084.0598,-0.1315,42.2441,0.106
c2d28dd4-4416-4300-bbbe-23911487776a_2076-47,1368,1,1,572.3,100.8,9.9,12.0,9.9,0.628,True,False,371.8889,1063.6139,-0.4556,33.6316,-0.4823
c2d28dd4-4416-4300-bbbe-23911487776a_2076-47,1368,1,2,527.4,109.5,9.2,11.7,9.2,0.622,True,False,342.7956,5423.7055,-1.1981,25.1807,-0.2665
c2d28dd4-4416-4300-bbbe-23911487776a_2076-47,1368,1,3,465.0,118.4,8.1,10.1,8.1,0.478,False,False,2793.284,9830.0458,-0.5463,38.7885,0.2686
c2d28dd4-4416-4300-bbbe-23911487776a_2076-47,1368,1,4,45.9,187.7,10.6,13.6,10.6,0.425,False,False,1165.9475,5748.4111,-0.6926,30.0118,0.112
c2d28dd4-4416-4300-bbbe-23911487776a_2076-47,1368,3,0,518.5,76.2,64.1,88.1,64.1,0.644,False,False,1213.0634,980.5887,0.0923,27.167,0.2156
c2d28dd4-4416-4300-bbbe-23911487776a_2076-47,1368,3,1,77.7,233.4,17.5,21.4,17.5,0.569,False,False,14540.663,1883.4462,0.8874,34.2936,1.0918
c2d28dd4-4416-4300-bbbe-23911487776a_2076-47,1368,3,2,167.2,225.6,13.2,15.8,13.2,0.46,False,False,10584.9512,3205.3941,0.5187,34.4036,0.9512
c2d28dd4-4416-4300-bbbe-23911487776a_2076-47,1368,4,0,166.4,46.7,31.4,40.8,31.4,0.581,False,False,2987.6198,1649.9218,0.2577,49.6685,0.0831
c2d28dd4-4416-4300-bbbe-23911487776a_2076-47,1368,5,0,158.3,64.8,34.9,45.1,34.9,0.732,False,False,2688.8165,1654.8757,0.2107,48.1008,0.0652
c2d28dd4-4416-4300-bbbe-23911487776a_2076-47,1368,5,1,469.1,-1.8,58.0,53.4,53.4,0.489,False,True,336.1087,660.9694,-0.2931,11.6804,0.3897
c2d28dd4-4416-4300-bbbe-23911487776a_3669-01,1369,1,0,8.9,179.3,49.7,90.8,49.7,0.414,False,False,1827.8833,1288.2614,0.1518,34.5077,0.186
c2d28dd4-4416-4300-bbbe-23911487776a_3669-01,1369,2,0,303.9,43.7,100.7,157.1,100.7,0.683,True,False,29.3369,2269.4899,-1.8741,26.3883,-1.3615
c2d28dd4-4416-4300-bbbe-23911487776a_3669-01,1369,2,1,78.6,64.5,57.7,104.8,57.7,0.658,False,False,1855.3312,2107.5938,-0.0553,41.0512,0.0417
c2d28dd4-4416-4300-bbbe-23911487776a_426-99,1370,2,0,136.9,98.8,54.5,79.0,54.5,0.743,False,False,3067.2754,4562.8206,-0.1724,39.0408,0.3036
c2d28dd4-4416-4300-bbbe-23911487776a_426-99,1370,2,1,51.3,2.2,43.8,48.0,43.8,0.429,False,True,768.6745,1703.2784,-0.3452,17.9316,0.3777
c2d28dd4-4416-4300-bbbe-23911487776a_426-99,1370,3,0,153.8,22.8,116.5,150.7,116.5,0.506,False,False,55.9015,2951.5405,-1.7151,40.6057,-1.4623
c2d28dd4-4416-4300-bbbe-23911487776a_426-99,1370,4,0,184.2,144.4,48.8,72.4,48.8,0.812,False,False,2748.6569,3212.932,-0.0678,35.4647,0.3393
c2d28dd4-4416-4300-bbbe-23911487776a_426-99,1370,5,0,522.3,6.9,114.0,192.3,114.0,0.794,False,True,1242.5166,1679.1558,-0.1307,44.8641,-0.2094
c2d28dd4-4416-4300-bbbe-23911487776a_6637-37,1371,5,0,13.8,134.1,8.1,9.9,8.1,0.733,True,False,2135.0489,4035.5233,-0.2764,36.2994,0.2095
c2d28dd4-4416-4300-bbbe-23911487776a_6637-37,1371,5,1,161.7,104.4,21.2,27.3,21.2,0.691,True,False,430.1219,2282.3306,-0.724,19.7451,0.0426
c2d28dd4-4416-4300-bbbe-23911487776a_6637-37,1371,5,2,228.9,104.1,19.6,26.3,19.6,0.59,False,False,62.9809,4339.8212,-1.8315,24.441,-0.9709
c2d28dd4-4416-4300-bbbe-23911487776a_6637-37,1371,5,3,11.4,132.2,15.2,23.5,15.2,0.44,False,False,2902.5183,2756.1467,0.0225,47.9449,0.1013
c2d28dd4-4416-4300-bbbe-23911487776a_6637-37,1371,5,4,146.3,109.3,17.7,23.2,17.7,0.431,False,False,335.2516,2909.6733,-0.9373,24.8921,-0.2662
c2d28dd4-4416-4300-bbbe-23911487776a_6637-37,1371,5,5,61.7,86.5,7.4,9.2,7.4,0.416,False,False,12389.0222,9182.7147,0.1301,59.0959,0.5498
c34effc7-6198-4c85-80c7-c8be85b77dd3_1620-55,1373,1,0,230.2,4.4,39.1,45.1,39.1,0.481,False,False,70.3945,641.5732,-0.9543,13.7145,-0.423
c34effc7-6198-4c85-80c7-c8be85b77dd3_1620-55,1373,2,0,428.5,20.7,23.3,30.0,23.3,0.517,False,False,22.3823,370.0471,-1.2005,5.1362,-0.0686
c34effc7-6198-4c85-80c7-c8be85b77dd3_1620-55,1373,2,1,248.9,24.0,36.4,44.2,36.4,0.41,False,False,40.7659,1210.5381,-1.4625,15.2139,-0.7455
c34effc7-6198-4c85-80c7-c8be85b77dd3_1620-55,1373,3,0,168.4,1.4,23.7,21.5,21.5,0.721,True,True,61.3043,28.527,0.3243,9.3909,-0.1558
c34effc7-6198-4c85-80c7-c8be85b77dd3_1620-55,1373,5,0,207.3,0.5,37.7,40.0,37.7,0.805,False,True,37.2133,705.62,-1.267,9.4469,-0.3732
c34effc7-6198-4c85-80c7-c8be85b77dd3_2128-22,1374,3,0,5.4,1.6,37.6,31.5,31.5,0.421,False,True,1734.5073,2962.2232,-0.2323,63.5988,-0.3676
c34effc7-6198-4c85-80c7-c8be85b77dd3_2648-25,1375,1,0,420.9,20.9,24.5,30.9,24.5,0.619,False,False,62.4926,474.813,-0.8747,17.4208,-0.6808
c34effc7-6198-4c85-80c7-c8be85b77dd3_2648-25,1375,2,0,302.1,4.3,54.8,54.9,54.8,0.485,False,False,2784.0223,759.591,0.5637,45.4612,0.1293
c34effc7-6198-4c85-80c7-c8be85b77dd3_2648-25,1375,3,0,283.4,-2.1,80.0,70.5,70.5,0.462,False,True,1358.55,917.0152,0.1705,32.8592,0.0997
c34effc7-6198-4c85-80c7-c8be85b77dd3_2681-98,1376,2,0,304.3,21.3,167.6,195.7,167.6,0.468,False,False,1109.6479,1052.7528,0.0228,58.5484,-0.4896
c34effc7-6198-4c85-80c7-c8be85b77dd3_2681-98,1376,3,0,300.0,18.2,157.8,193.9,157.8,0.636,True,False,1012.8971,1241.1352,-0.0882,59.0772,-0.537
c34effc7-6198-4c85-80c7-c8be85b77dd3_2993-26,1378,2,0,212.2,5.0,27.9,35.8,27.9,0.522,False,False,64.5956,222.001,-0.5314,10.2174,-0.2059
c34effc7-6198-4c85-80c7-c8be85b77dd3_2993-26,1378,2,1,1.8,178.4,22.5,35.1,22.5,0.451,False,True,30.4901,267.6402,-0.931,9.3026,-0.444
c34effc7-6198-4c85-80c7-c8be85b77dd3_2993-26,1378,5,0,281.0,1.0,19.9,18.5,18.5,0.574,False,True,1187.9711,423.2863,0.4475,33.3461,0.0287
c34effc7-6198-4c85-80c7-c8be85b77dd3_4366-00,1379,2,0,369.2,197.2,63.0,72.0,63.0,0.418,False,False,136.8144,565.7515,-0.6141,28.1235,-0.7594
c34effc7-6198-4c85-80c7-c8be85b77dd3_4366-00,1379,3,0,450.1,186.8,45.6,71.4,45.6,0.62,False,False,495.3753,1007.5079,-0.3079,40.7165,-0.524
c34effc7-6198-4c85-80c7-c8be85b77dd3_5200-39,1381,4,0,470.8,-3.8,141.7,115.1,115.1,0.409,False,True,901.1231,755.0824,0.0767,53.3407,-0.499
c34effc7-6198-4c85-80c7-c8be85b77dd3_5220-71,1382,4,0,320.4,127.6,52.8,60.7,52.8,0.511,False,False,552.1744,1004.5102,-0.2595,18.6989,0.198
c34effc7-6198-4c85-80c7-c8be85b77dd3_5294-07,1383,1,0,387.9,131.7,46.9,67.5,46.9,0.422,False,False,3166.6478,1122.3176,0.4502,77.564,-0.2787
c34effc7-6198-4c85-80c7-c8be85b77dd3_5294-07,1383,2,0,415.1,188.4,40.4,59.9,40.4,0.447,False,False,2115.9336,1754.4198,0.0813,76.058,-0.4367
c34effc7-6198-4c85-80c7-c8be85b77dd3_5294-07,1383,2,1,569.5,32.9,17.4,21.2,17.4,0.416,False,False,23.3975,290.096,-1.0767,11.9075,-0.7673
c34effc7-6198-4c85-80c7-c8be85b77dd3_5294-07,1383,3,0,605.2,1.6,20.4,19.7,19.7,0.549,False,True,43.7917,590.5472,-1.1208,11.9572,-0.5071
c34effc7-6198-4c85-80c7-c8be85b77dd3_5341-13,1384,1,0,561.7,33.5,71.3,114.0,71.3,0.551,False,False,45.8624,128.2671,-0.4407,10.3222,-0.3608
c34effc7-6198-4c85-80c7-c8be85b77dd3_5341-13,1384,1,1,303.7,139.9,44.3,53.9,44.3,0.469,False,False,622.996,536.8344,0.0645,20.8724,0.155
c34effc7-6198-4c85-80c7-c8be85b77dd3_5341-13,1384,2,0,238.3,129.6,42.7,59.2,42.7,0.52,False,False,2583.55,682.9751,0.5773,50.2631,0.0097
c34effc7-6198-4c85-80c7-c8be85b77dd3_5341-13,1384,2,1,582.2,12.4,57.4,109.2,57.4,0.466,False,True,17.6818,158.1148,-0.9303,8.853,-0.6283
c34effc7-6198-4c85-80c7-c8be85b77dd3_5341-13,1384,4,0,369.7,127.8,55.0,61.0,55.0,0.416,False,False,589.8743,664.4485,-0.0516,21.6027,0.1016
c34effc7-6198-4c85-80c7-c8be85b77dd3_694-72,1385,1,0,398.4,166.2,8.6,10.7,8.6,0.514,False,False,120.2066,173.4338,-0.1581,11.1112,-0.0115
c34effc7-6198-4c85-80c7-c8be85b77dd3_694-72,1385,5,0,614.0,36.4,13.6,17.4,13.6,0.506,False,False,3752.5984,785.906,0.6785,27.6448,0.6907
c34effc7-6198-4c85-80c7-c8be85b77dd3_694-72,1385,5,1,397.6,131.1,67.3,83.3,67.3,0.474,False,False,747.9746,874.0984,-0.0676,29.8897,-0.0771
c3acdda3-cd92-48c3-9052-45b57cb27e5a_1390-16,1386,2,0,93.4,5.0,29.0,30.6,29.0,0.678,True,False,212.012,110.5396,0.281,18.0619,-0.1865
c3acdda3-cd92-48c3-9052-45b57cb27e5a_1390-16,1386,4,0,476.1,9.0,37.3,49.0,37.3,0.921,True,False,172.6704,312.2265,-0.2561,23.3916,-0.4992
c3acdda3-cd92-48c3-9052-45b57cb27e5a_1390-16,1386,4,1,161.9,238.1,35.6,53.1,35.6,0.744,False,False,487.2887,537.2735,-0.0423,46.2158,-0.6411
c3acdda3-cd92-48c3-9052-45b57cb27e5a_1390-16,1386,5,0,561.4,2.3,32.5,43.9,32.5,0.838,True,True,38.4256,336.1336,-0.932,16.9337,-0.8632
c3acdda3-cd92-48c3-9052-45b57cb27e5a_1390-16,1386,5,1,274.3,235.2,40.2,56.0,40.2,0.736,False,False,99.7401,50.7937,0.2889,30.3126,-0.9605
c3acdda3-cd92-48c3-9052-45b57cb27e5a_1467-01,1387,1,0,154.7,194.7,25.9,33.3,25.9,0.859,True,False,819.4993,2993.6444,-0.5623,27.2361,0.0432
c3acdda3-cd92-48c3-9052-45b57cb27e5a_1467-01,1387,2,0,165.8,183.7,29.9,40.0,29.9,0.884,True,False,245.1244,2500.6039,-1.0071,22.9293,-0.3305
c3acdda3-cd92-48c3-9052-45b57cb27e5a_1467-01,1387,3,0,213.7,192.5,35.1,39.1,35.1,0.709,True,False,528.0659,2171.9092,-0.6135,50.1907,-0.6779
c3acdda3-cd92-48c3-9052-45b57cb27e5a_1467-01,1387,3,1,373.4,227.7,30.3,37.5,30.3,0.581,False,False,2.8276,274.3724,-1.857,6.4984,-1.0529
c3acdda3-cd92-48c3-9052-45b57cb27e5a_1467-01,1387,4,0,177.3,183.2,37.8,46.3,37.8,0.871,True,False,464.4539,1388.3963,-0.4749,31.3701,-0.3256
c3acdda3-cd92-48c3-9052-45b57cb27e5a_1467-01,1387,4,1,373.9,240.1,32.6,39.2,32.6,0.64,True,False,2.8361,530.4471,-2.1416,6.5364,-1.0568
c3acdda3-cd92-48c3-9052-45b57cb27e5a_1467-01,1387,5,0,163.6,151.9,38.4,49.3,38.4,0.883,True,False,672.6348,1620.9191,-0.3816,54.497,-0.6445
c4333895-ed19-42fe-9323-271a41bdfe4c_8-13,1388,5,0,340.4,125.2,19.8,27.0,19.8,0.58,False,False,1066.2811,1798.4913,-0.2269,27.4164,0.1517
c4333895-ed19-42fe-9323-271a41bdfe4c_8-13,1388,5,1,162.8,76.8,21.9,24.3,21.9,0.564,False,False,519.7372,1758.4391,-0.5288,27.2083,-0.1534
c4333895-ed19-42fe-9323-271a41bdfe4c_8-13,1388,5,2,167.1,4.9,34.1,50.7,34.1,0.515,False,False,457.7387,854.0846,-0.2704,21.7005,-0.0123
c463128d-18cc-44ad-abf6-03ee87534919_120-41,1389,2,0,274.0,127.9,17.1,20.9,17.1,0.487,False,False,1244.5989,876.0798,0.1523,24.4553,0.3179
c463128d-18cc-44ad-abf6-03ee87534919_120-41,1389,3,0,185.6,197.8,17.1,20.5,17.1,0.801,True,False,2125.9269,3691.8302,-0.2396,30.9379,0.3463
c495da06-2baf-4f62-958d-5ef2e6da08c4_28-94,1390,3,0,221.8,220.6,119.5,147.9,119.5,0.534,False,False,127.5372,162.4329,-0.1043,54.0887,-1.3573
c495da06-2baf-4f62-958d-5ef2e6da08c4_28-94,1390,3,1,234.2,280.4,61.7,92.9,61.7,0.48,False,False,21.9493,109.4273,-0.6823,27.4376,-1.5165
c495da06-2baf-4f62-958d-5ef2e6da08c4_28-94,1390,4,0,156.5,13.7,60.9,86.9,60.9,0.658,False,False,25.7297,180.1429,-0.831,14.0588,-0.8711
c495da06-2baf-4f62-958d-5ef2e6da08c4_28-94,1390,4,1,155.0,189.6,147.7,184.3,147.7,0.498,False,False,319.4477,561.4483,-0.2443,48.3447,-0.8631
c495da06-2baf-4f62-958d-5ef2e6da08c4_28-94,1390,5,0,31.6,410.4,24.5,31.1,24.5,0.629,False,False,8.814,164.4792,-1.2269,7.3671,-0.7507
c495da06-2baf-4f62-958d-5ef2e6da08c4_28-94,1390,5,1,122.1,302.6,147.9,167.9,147.9,0.499,False,False,89.0822,231.9987,-0.4127,41.2808,-1.2771
c5270067-6c25-45f2-b63a-1a55b85020ad_568-80,1391,5,0,432.8,42.7,66.5,93.6,66.5,0.678,False,False,656.6129,683.7848,-0.0176,48.0392,-0.5454
c5270067-6c25-45f2-b63a-1a55b85020ad_569-44,1392,4,0,432.8,42.7,66.5,93.6,66.5,0.678,False,False,656.6129,683.7848,-0.0176,48.0392,-0.5454
c586c267-9ac3-45d5-a9aa-6deab0b9608d_246-72,1393,4,0,262.9,168.3,16.4,21.2,16.4,0.809,True,False,184.2215,1237.636,-0.8253,18.2557,-0.2564
c586c267-9ac3-45d5-a9aa-6deab0b9608d_246-72,1393,5,0,85.6,137.6,31.1,42.0,31.1,0.891,True,False,96.2937,665.0544,-0.8354,22.728,-0.7259
c58e1887-0314-4cb3-a09d-5ba529d8eda0_6-27,1394,1,0,156.9,77.9,88.5,109.2,88.5,0.437,False,False,290.2166,834.376,-0.4577,42.7913,-0.7987
c58e1887-0314-4cb3-a09d-5ba529d8eda0_6-27,1394,3,0,220.9,182.1,40.2,55.8,40.2,0.424,False,False,1032.0012,1647.943,-0.2031,65.0783,-0.6129
c58e1887-0314-4cb3-a09d-5ba529d8eda0_6-27,1394,4,0,162.1,162.1,105.2,167.2,105.2,0.751,False,False,22.6466,1113.8957,-1.6735,28.0708,-1.5233
c5938442-90c1-413c-be06-186222d8274f_0-03,1395,1,0,279.3,2.9,50.8,49.9,49.9,0.811,True,True,335.4709,406.6073,-0.0833,40.0563,-0.6787
c5938442-90c1-413c-be06-186222d8274f_0-03,1395,2,0,245.4,0.2,33.9,30.6,30.6,0.411,False,True,140.5654,82.7399,0.228,19.5091,-0.4307
c615d305-14fe-41cd-9099-caf420beb604_1090-50,1396,1,0,351.4,170.8,44.3,58.6,44.3,0.864,False,False,419.1014,900.3364,-0.3315,21.5598,-0.0449
c615d305-14fe-41cd-9099-caf420beb604_1090-50,1396,1,1,129.5,106.9,45.7,65.1,45.7,0.842,True,False,39.3809,749.6058,-1.2692,19.7843,-0.9876
c615d305-14fe-41cd-9099-caf420beb604_1090-50,1396,1,2,218.1,114.9,38.5,45.2,38.5,0.806,False,False,70.0497,889.7063,-1.0982,17.9805,-0.6594
c615d305-14fe-41cd-9099-caf420beb604_1090-50,1396,2,0,355.9,157.0,43.3,58.2,43.3,0.884,False,False,358.074,947.3274,-0.4218,21.0275,-0.0914
c615d305-14fe-41cd-9099-caf420beb604_1090-50,1396,2,1,129.5,91.8,47.1,64.6,47.1,0.844,True,False,38.6574,894.5469,-1.3538,20.6253,-1.0315
c615d305-14fe-41cd-9099-caf420beb604_1090-50,1396,2,2,220.9,102.4,42.4,47.0,42.4,0.761,False,False,70.7578,894.5037,-1.0962,16.3208,-0.5712
c615d305-14fe-41cd-9099-caf420beb604_1090-50,1396,2,3,520.7,234.9,43.2,48.4,43.2,0.618,False,False,1144.2532,1499.4738,-0.1173,17.4814,0.5723
c615d305-14fe-41cd-9099-caf420beb604_1090-50,1396,3,0,363.9,142.2,38.8,50.5,38.8,0.886,False,False,99.3271,717.3537,-0.8549,14.8828,-0.3459
c615d305-14fe-41cd-9099-caf420beb604_1090-50,1396,3,1,116.2,79.2,48.2,72.5,48.2,0.864,True,False,26.748,853.5801,-1.4885,19.4181,-1.1343
c615d305-14fe-41cd-9099-caf420beb604_1090-50,1396,3,2,212.7,94.8,41.8,43.9,41.8,0.854,False,False,145.0864,1227.5991,-0.9248,20.0242,-0.4396
c615d305-14fe-41cd-9099-caf420beb604_1090-50,1396,3,3,534.9,216.4,43.7,50.5,43.7,0.447,False,False,328.6505,620.3526,-0.2753,12.1792,0.3439
c615d305-14fe-41cd-9099-caf420beb604_1090-50,1396,4,0,82.2,67.0,49.5,67.2,49.5,0.905,True,False,17.7794,351.4569,-1.2734,16.3153,-1.1531
c615d305-14fe-41cd-9099-caf420beb604_1090-50,1396,4,1,221.0,85.1,43.3,49.9,43.3,0.848,True,False,91.8138,879.2797,-0.977,16.7838,-0.4837
c615d305-14fe-41cd-9099-caf420beb604_1090-50,1396,4,2,364.7,144.5,42.6,55.5,42.6,0.841,False,False,236.874,673.9231,-0.4529,14.8752,0.0295
c615d305-14fe-41cd-9099-caf420beb604_1090-50,1396,5,0,102.3,77.7,41.8,55.6,41.8,0.837,True,False,14.5616,269.2618,-1.2397,16.8576,-1.2631
c615d305-14fe-41cd-9099-caf420beb604_1090-50,1396,5,1,413.0,141.1,42.8,53.8,42.8,0.821,False,False,86.3622,181.3972,-0.3197,16.4902,-0.4947
c615d305-14fe-41cd-9099-caf420beb604_1090-50,1396,5,2,268.6,77.2,47.4,50.9,47.4,0.797,True,False,260.9773,279.9942,-0.0304,21.9892,-0.2671
c615d305-14fe-41cd-9099-caf420beb604_955-84,1397,1,0,220.5,100.1,39.2,46.5,39.2,0.895,True,False,99.6752,238.5173,-0.3764,11.7618,-0.1412
c615d305-14fe-41cd-9099-caf420beb604_955-84,1397,1,1,42.5,13.4,38.9,48.1,38.9,0.856,True,False,48.4761,25.5189,0.2708,14.9458,-0.6566
c615d305-14fe-41cd-9099-caf420beb604_955-84,1397,1,2,425.0,28.6,69.2,84.6,69.2,0.795,True,False,218.1055,95.3235,0.3569,9.3601,0.3932
c615d305-14fe-41cd-9099-caf420beb604_955-84,1397,2,0,223.5,97.3,39.9,47.3,39.9,0.893,False,False,320.1847,567.7609,-0.2482,14.3715,0.1897
c615d305-14fe-41cd-9099-caf420beb604_955-84,1397,2,1,31.8,16.1,38.6,48.8,38.6,0.881,True,False,102.2345,34.8675,0.4591,15.3969,-0.3629
c615d305-14fe-41cd-9099-caf420beb604_955-84,1397,2,2,422.5,19.9,72.5,87.3,72.5,0.78,True,False,88.1987,146.0973,-0.2172,9.0132,0.0353
c615d305-14fe-41cd-9099-caf420beb604_955-84,1397,3,0,257.7,93.0,35.8,44.1,35.8,0.903,True,False,202.4275,330.8812,-0.2126,13.4474,0.0487
c615d305-14fe-41cd-9099-caf420beb604_955-84,1397,3,1,71.7,9.5,38.7,45.1,38.7,0.83,True,False,83.6409,30.6782,0.4268,13.2793,-0.3212
c615d305-14fe-41cd-9099-caf420beb604_955-84,1397,3,2,476.6,21.2,71.0,90.1,71.0,0.774,True,False,19.505,49.0118,-0.3872,6.9303,-0.3786
c615d305-14fe-41cd-9099-caf420beb604_955-84,1397,4,0,308.5,1.5,80.5,65.3,65.3,0.883,True,True,24.7559,123.5861,-0.6846,8.5347,-0.4574
c615d305-14fe-41cd-9099-caf420beb604_955-84,1397,4,1,83.9,21.6,37.4,48.9,37.4,0.862,True,False,146.4084,67.0533,0.3357,18.2595,-0.3558
c615d305-14fe-41cd-9099-caf420beb604_955-84,1397,4,2,488.2,53.5,69.1,81.6,69.1,0.721,True,False,108.4584,62.3973,0.2372,6.3732,0.42
c615d305-14fe-41cd-9099-caf420beb604_955-84,1397,4,3,264.1,104.8,39.9,54.3,39.9,0.546,False,False,159.9688,264.5871,-0.2175,15.6595,-0.1846
c615d305-14fe-41cd-9099-caf420beb604_955-84,1397,5,0,342.2,0.4,78.5,67.6,67.6,0.895,True,True,46.5847,158.7536,-0.526,11.3404,-0.4352
c615d305-14fe-41cd-9099-caf420beb604_955-84,1397,5,1,117.4,15.0,36.6,41.7,36.6,0.878,True,False,342.6883,94.4406,0.5564,18.8221,-0.0144
c615d305-14fe-41cd-9099-caf420beb604_955-84,1397,5,2,289.0,110.7,35.0,43.3,35.0,0.86,True,False,403.3439,467.0099,-0.0635,19.5286,0.0243
c615d305-14fe-41cd-9099-caf420beb604_955-84,1397,5,3,508.0,56.7,65.1,85.5,65.1,0.799,True,False,60.6845,99.2278,-0.2108,8.6036,-0.085
c67cb1da-90ac-4da8-af17-4f8b77da9b9d_291-33,1399,1,0,433.4,66.5,47.1,67.8,47.1,0.836,True,False,635.92,876.9246,-0.1394,32.7656,-0.2272
c67cb1da-90ac-4da8-af17-4f8b77da9b9d_291-33,1399,1,1,273.4,78.9,8.2,9.4,8.2,0.412,False,False,5488.5586,3777.1275,0.1623,25.1239,0.9387
c67cb1da-90ac-4da8-af17-4f8b77da9b9d_291-33,1399,2,0,308.2,24.1,45.4,64.1,45.4,0.842,True,False,2070.1897,915.285,0.3542,46.1566,-0.0125
c67cb1da-90ac-4da8-af17-4f8b77da9b9d_291-33,1399,3,0,222.5,43.6,53.6,67.3,53.6,0.859,True,False,1342.1858,1362.536,-0.0065,48.3796,-0.2414
c67cb1da-90ac-4da8-af17-4f8b77da9b9d_291-33,1399,4,0,239.2,28.8,55.7,68.0,55.7,0.899,True,False,1382.1759,1743.2068,-0.1007,34.897,0.0549
c6b5d782-d267-410e-8566-f7fe5d4a78a9_98-99,1402,4,0,263.9,106.2,66.3,82.6,66.3,0.921,True,False,207.8527,534.6308,-0.409,41.3366,-0.9131
c6b5d782-d267-410e-8566-f7fe5d4a78a9_98-99,1402,5,0,278.4,76.9,67.7,85.0,67.7,0.933,True,False,212.8061,394.6609,-0.2673,38.2304,-0.8351
c6b5d782-d267-410e-8566-f7fe5d4a78a9_98-99,1402,5,1,3.3,82.7,44.5,61.5,44.5,0.915,True,True,934.6756,275.4667,0.5295,70.276,-0.7226
c6b5d782-d267-410e-8566-f7fe5d4a78a9_98-99,1402,5,2,41.6,179.9,60.4,84.7,60.4,0.514,False,False,39.2523,232.2721,-0.7631,15.8512,-0.7971
c79e05d5-eaf6-4323-a707-744020743037_763-82,1403,1,0,85.2,67.8,60.8,82.2,60.8,0.545,False,False,15.8193,35.289,-0.334,10.7425,-0.8402
c7da3efd-4a18-458e-90fd-f757ed966a63_8-87,1405,4,0,106.2,-11.2,253.9,306.2,253.9,0.42,False,True,62.5373,18.2472,0.5187,20.3885,-0.8168
c7f71299-a622-4a9a-b225-019335d6f2d2_607-47,1407,1,0,344.6,73.2,68.4,92.4,68.4,0.896,True,False,849.5451,1449.3256,-0.2318,22.7264,0.2158
c7f71299-a622-4a9a-b225-019335d6f2d2_607-47,1407,2,0,313.5,182.7,55.1,75.8,55.1,0.893,True,False,570.3497,1364.8053,-0.3785,21.7045,0.0829
c7f71299-a622-4a9a-b225-019335d6f2d2_607-47,1407,3,0,327.7,101.1,69.6,106.5,69.6,0.896,True,False,251.2345,797.8118,-0.5006,22.28,-0.2949
c7f71299-a622-4a9a-b225-019335d6f2d2_607-47,1407,4,0,196.5,61.6,23.1,28.2,23.1,0.618,False,False,953.6651,1323.459,-0.1422,20.9172,0.3379
c7f71299-a622-4a9a-b225-019335d6f2d2_607-47,1407,4,1,282.1,32.1,11.2,13.5,11.2,0.549,False,False,368.4399,1101.89,-0.475,16.6958,0.1208
c7f71299-a622-4a9a-b225-019335d6f2d2_607-47,1407,4,2,170.7,49.0,19.9,24.2,19.9,0.515,False,False,426.4328,900.334,-0.324,25.0313,-0.1668
c7f71299-a622-4a9a-b225-019335d6f2d2_607-47,1407,5,0,250.6,71.4,22.3,26.9,22.3,0.481,False,False,1031.1605,1494.8023,-0.1611,20.9645,0.3698
c7f71299-a622-4a9a-b225-019335d6f2d2_658-88,1408,2,0,293.3,453.7,18.7,23.6,18.7,0.669,False,True,716.1529,671.293,0.0281,17.4629,0.37
c7f71299-a622-4a9a-b225-019335d6f2d2_658-88,1408,4,0,435.3,-1.6,31.3,26.4,26.4,0.497,False,True,376.9788,1265.1409,-0.525,18.9896,0.0192
c824d4e5-298a-462b-a408-28a85a7364af_126-28,1409,1,0,35.3,195.9,15.4,19.8,15.4,0.859,True,False,220.3281,203.7041,0.0339,19.9086,-0.2541
c824d4e5-298a-462b-a408-28a85a7364af_126-28,1409,2,0,206.8,143.3,10.2,12.9,10.2,0.418,False,False,144.7478,331.9226,-0.3587,14.8182,-0.18
c824d4e5-298a-462b-a408-28a85a7364af_683-96,1410,1,0,277.5,51.8,60.2,75.3,60.2,0.931,True,False,51.066,148.3736,-0.4577,27.8631,-1.1741
c824d4e5-298a-462b-a408-28a85a7364af_683-96,1410,2,0,173.7,-1.2,64.3,69.3,64.3,0.924,True,True,61.1443,28.8395,0.3186,31.3017,-1.1982
c824d4e5-298a-462b-a408-28a85a7364af_683-96,1410,3,0,280.1,-0.3,72.5,58.6,58.6,0.925,True,True,87.0851,95.246,-0.0385,18.6959,-0.5998
c824d4e5-298a-462b-a408-28a85a7364af_683-96,1410,5,0,344.8,80.2,68.1,97.3,68.1,0.921,True,False,36.0744,131.0297,-0.5516,30.9413,-1.4125
c85251fa-eb44-4903-b27f-9cdee26e0ed5_1632-58,1412,5,0,419.7,196.0,37.8,49.9,37.8,0.452,False,False,915.5606,715.1397,0.1072,17.3892,0.4802
c864505c-9d49-4da4-bf7e-254b4c348c03_191-07,1413,1,0,224.5,0.8,73.7,58.3,58.3,0.895,True,True,390.7474,83.7044,0.6651,31.9069,-0.4152
c864505c-9d49-4da4-bf7e-254b4c348c03_191-07,1413,1,1,428.2,18.4,65.8,70.5,65.8,0.841,True,False,965.4763,343.3254,0.4482,55.2773,-0.5
c864505c-9d49-4da4-bf7e-254b4c348c03_191-07,1413,3,0,223.3,27.4,35.6,41.5,35.6,0.9,True,False,1410.6285,456.714,0.4891,36.4292,0.0265
c864505c-9d49-4da4-bf7e-254b4c348c03_191-07,1413,3,1,411.2,29.5,46.7,52.0,46.7,0.892,True,False,1850.0658,395.3252,0.6694,55.4646,-0.2208
c864505c-9d49-4da4-bf7e-254b4c348c03_191-07,1413,3,2,505.1,47.5,46.6,54.0,46.6,0.592,False,False,1462.3183,2318.496,-0.2001,49.275,-0.2201
c864505c-9d49-4da4-bf7e-254b4c348c03_191-07,1413,5,0,414.9,23.8,47.9,54.2,47.9,0.886,True,False,574.1024,555.7621,0.0141,46.0275,-0.5665
c864505c-9d49-4da4-bf7e-254b4c348c03_191-07,1413,5,1,209.2,7.2,32.9,31.2,31.2,0.685,True,False,917.6761,612.0147,0.1757,40.4239,-0.2504
c864505c-9d49-4da4-bf7e-254b4c348c03_242-94,1414,2,0,581.2,59.4,57.8,70.2,57.8,0.542,False,True,2429.5329,602.3204,0.6052,41.6897,0.1454
c864505c-9d49-4da4-bf7e-254b4c348c03_540-20,1415,2,0,310.5,45.0,111.7,146.4,111.7,0.51,False,False,1843.1956,1302.7159,0.1506,60.3318,-0.2954
c8b61175-cfa4-44f9-a88b-76609ffa4ca3_3008-85,1416,2,0,32.3,52.9,74.9,95.2,74.9,0.849,True,False,23.288,298.6158,-1.0912,23.1781,-1.3456
c8b61175-cfa4-44f9-a88b-76609ffa4ca3_3008-85,1416,3,0,44.1,188.2,88.7,99.8,88.7,0.599,False,False,23.788,64.9489,-0.425,12.5739,-0.8074
c92cfd96-21ca-4b52-a56a-6345fbf57de0_233-46,1418,1,0,166.5,10.3,20.1,22.6,20.1,0.494,False,False,1102.9613,2573.2875,-0.3677,46.3836,-0.29
c92cfd96-21ca-4b52-a56a-6345fbf57de0_233-46,1418,2,0,442.7,407.3,66.0,69.0,66.0,0.456,False,True,408.474,606.2359,-0.1711,31.0302,-0.3718
c92cfd96-21ca-4b52-a56a-6345fbf57de0_233-46,1418,3,0,215.2,76.9,11.8,13.9,11.8,0.633,False,False,379.214,1389.2014,-0.563,11.2011,0.4781
c92cfd96-21ca-4b52-a56a-6345fbf57de0_233-46,1418,3,1,194.8,93.3,14.2,17.3,14.2,0.602,False,False,1038.7829,3135.4586,-0.4795,45.3607,-0.2966
c92cfd96-21ca-4b52-a56a-6345fbf57de0_233-46,1418,3,2,238.8,81.6,9.6,11.7,9.6,0.416,False,False,114.7222,595.7379,-0.7124,9.5062,0.1026
c92cfd96-21ca-4b52-a56a-6345fbf57de0_233-46,1418,4,0,224.2,73.7,11.2,13.7,11.2,0.596,False,False,751.2899,1639.285,-0.3385,11.6554,0.7401
c92cfd96-21ca-4b52-a56a-6345fbf57de0_233-46,1418,4,1,246.4,75.5,10.3,12.9,10.3,0.587,False,False,160.4314,497.0496,-0.4893,13.0701,-0.0271
c92cfd96-21ca-4b52-a56a-6345fbf57de0_233-46,1418,4,2,204.4,90.3,13.5,15.6,13.5,0.46,False,False,291.2053,3411.5687,-1.0674,23.4368,-0.2749
c92cfd96-21ca-4b52-a56a-6345fbf57de0_233-46,1418,4,3,136.9,348.1,10.7,12.8,10.7,0.43,False,False,7747.0612,4725.0909,0.2147,38.4794,0.7184
c92cfd96-21ca-4b52-a56a-6345fbf57de0_233-46,1418,4,4,161.9,83.9,13.7,16.7,13.7,0.418,False,False,640.5475,693.3928,-0.0344,23.2826,0.0724
c92cfd96-21ca-4b52-a56a-6345fbf57de0_2877-33,1419,1,0,341.0,183.6,39.1,46.5,39.1,0.868,True,False,1020.541,447.6762,0.3573,31.9456,0.0
c92cfd96-21ca-4b52-a56a-6345fbf57de0_2877-33,1419,2,0,343.1,176.9,39.3,49.5,39.3,0.905,True,False,725.1575,416.2952,0.2406,35.4301,-0.2381
c92cfd96-21ca-4b52-a56a-6345fbf57de0_2877-33,1419,3,0,363.5,181.5,40.3,49.8,40.3,0.91,True,False,1128.4327,526.5838,0.3306,33.4455,0.0038
c92cfd96-21ca-4b52-a56a-6345fbf57de0_2877-33,1419,4,0,351.9,171.1,36.4,44.6,36.4,0.92,True,False,642.5491,390.5431,0.2158,28.9181,-0.1143
c92cfd96-21ca-4b52-a56a-6345fbf57de0_2877-33,1419,5,0,378.0,120.7,42.5,52.9,42.5,0.92,True,False,167.7735,105.2139,0.2011,27.342,-0.6469
c93e077c-9f51-449c-b130-8be107c8a7d5_152-99,1420,2,0,212.9,271.8,23.7,31.8,23.7,0.874,True,False,79.8822,818.6299,-1.0058,17.8322,-0.5959
c93e077c-9f51-449c-b130-8be107c8a7d5_152-99,1420,2,1,251.2,264.1,21.4,26.3,21.4,0.669,True,False,87.0887,326.227,-0.5699,9.2964,0.0033
c93e077c-9f51-449c-b130-8be107c8a7d5_152-99,1420,3,0,168.2,336.1,23.2,29.5,23.2,0.86,True,False,15.0882,347.7382,-1.336,9.3017,-0.7356
c93e077c-9f51-449c-b130-8be107c8a7d5_152-99,1420,3,1,220.9,315.1,19.0,22.8,19.0,0.544,False,False,94.4779,171.2518,-0.2563,9.5634,0.014
c93e077c-9f51-449c-b130-8be107c8a7d5_152-99,1420,3,2,150.1,364.6,23.0,29.3,23.0,0.466,False,False,35.5197,68.1967,-0.2776,7.0574,-0.1434
c93e077c-9f51-449c-b130-8be107c8a7d5_152-99,1420,3,3,154.8,389.5,21.9,28.9,21.9,0.4,False,False,16.3535,30.6969,-0.2616,6.0397,-0.3344
c93e077c-9f51-449c-b130-8be107c8a7d5_152-99,1420,4,0,177.9,237.6,19.2,22.9,19.2,0.594,False,False,4.0594,20.673,-0.6318,2.9783,-0.2902
c93e077c-9f51-449c-b130-8be107c8a7d5_199-82,1421,1,0,447.0,223.3,26.2,31.4,26.2,0.722,False,False,262.8467,797.4118,-0.4809,23.3807,-0.3172
c93e077c-9f51-449c-b130-8be107c8a7d5_199-82,1421,1,1,553.2,154.2,21.7,26.1,21.7,0.46,False,False,158.0741,430.3097,-0.4332,14.1929,-0.1047
c93e077c-9f51-449c-b130-8be107c8a7d5_199-82,1421,4,0,-0.3,267.0,29.1,59.4,29.1,0.743,True,True,1348.3451,4459.4794,-0.5193,35.6518,0.0256
c93e077c-9f51-449c-b130-8be107c8a7d5_199-82,1421,5,0,277.1,229.5,70.3,79.1,70.3,0.858,False,False,12.379,1972.7134,-2.1689,6.4942,-0.5088
c93e077c-9f51-449c-b130-8be107c8a7d5_199-82,1421,5,1,312.2,136.8,7.9,9.7,7.9,0.468,False,False,1714.5067,5667.3507,-0.5191,33.3239,0.1885
c9595c28-a46b-4571-9796-3802af307bf2_188-17,1422,4,0,261.2,272.2,35.6,39.6,35.6,0.529,False,False,49.3381,630.824,-1.0987,21.0591,-0.946
c9595c28-a46b-4571-9796-3802af307bf2_188-17,1422,5,0,278.0,275.4,54.9,68.7,54.9,0.889,False,False,190.8682,1743.049,-0.9586,21.3744,-0.3777
c97a7ee8-1fd4-4092-8c47-ef93dea1c8aa_539-98,1423,1,0,353.9,27.1,50.0,55.0,50.0,0.895,True,False,2782.1461,2234.9762,0.0951,50.3334,0.0407
c97a7ee8-1fd4-4092-8c47-ef93dea1c8aa_539-98,1423,2,0,346.7,34.5,56.2,60.3,56.2,0.893,True,False,2597.6389,2043.806,0.1041,53.0925,-0.0355
c97a7ee8-1fd4-4092-8c47-ef93dea1c8aa_539-98,1423,3,0,360.0,43.1,51.2,55.0,51.2,0.885,True,False,2259.3128,2196.7844,0.0122,55.2775,-0.1311
c97a7ee8-1fd4-4092-8c47-ef93dea1c8aa_539-98,1423,4,0,489.4,5.3,60.6,62.7,60.6,0.904,True,False,1466.8782,1115.7365,0.1187,40.3242,-0.0447
c97a7ee8-1fd4-4092-8c47-ef93dea1c8aa_539-98,1423,4,1,0.4,169.8,110.2,156.6,110.2,0.841,False,True,320.0691,989.7418,-0.4894,67.2111,-1.1484
c97a7ee8-1fd4-4092-8c47-ef93dea1c8aa_539-98,1423,4,2,138.3,62.5,69.6,78.5,69.6,0.58,False,False,1578.8841,1131.1129,0.1447,31.5053,0.2014
c97a7ee8-1fd4-4092-8c47-ef93dea1c8aa_539-98,1423,5,0,436.1,12.0,56.4,62.1,56.4,0.901,True,False,2366.9295,1722.9917,0.1378,48.475,0.0031
ca03dcd8-9e87-4da5-9f9d-eac37ed6e9fd_320-42,1424,1,0,253.6,131.5,21.8,29.5,21.8,0.874,False,False,7538.917,5305.4005,0.1526,50.5903,0.4691
ca03dcd8-9e87-4da5-9f9d-eac37ed6e9fd_320-42,1424,1,1,289.0,138.9,19.8,25.8,19.8,0.868,False,False,4121.29,3127.0208,0.1199,31.4499,0.6195
ca03dcd8-9e87-4da5-9f9d-eac37ed6e9fd_320-42,1424,2,0,219.0,178.2,197.4,190.2,190.2,0.466,False,True,675.584,885.2115,-0.1172,47.3767,-0.521
ca1773b8-ec8e-4f61-8e8f-7e4211830793_1043-00,1425,1,0,170.7,72.3,39.5,44.7,39.5,0.893,True,False,226.8771,978.3105,-0.6332,22.8094,-0.3594
ca1773b8-ec8e-4f61-8e8f-7e4211830793_1043-00,1425,1,1,474.0,63.2,30.2,37.5,30.2,0.871,True,False,373.7993,688.4507,-0.2647,13.9785,0.2807
ca1773b8-ec8e-4f61-8e8f-7e4211830793_1043-00,1425,1,2,420.1,108.9,27.4,32.9,27.4,0.785,True,False,931.141,1091.9668,-0.0691,30.3343,0.0051
ca1773b8-ec8e-4f61-8e8f-7e4211830793_1043-00,1425,1,3,268.1,94.5,27.7,41.5,27.7,0.762,True,False,311.9129,568.7228,-0.2602,18.082,-0.0204
ca1773b8-ec8e-4f61-8e8f-7e4211830793_1043-00,1425,1,4,358.4,118.5,22.7,28.5,22.7,0.702,False,False,668.1411,1288.5642,-0.2849,29.182,-0.1052
ca1773b8-ec8e-4f61-8e8f-7e4211830793_1043-00,1425,2,0,171.9,73.6,38.3,43.9,38.3,0.898,True,False,201.91,952.1126,-0.6718,21.1466,-0.3441
ca1773b8-ec8e-4f61-8e8f-7e4211830793_1043-00,1425,2,1,411.2,108.2,28.7,36.0,28.7,0.885,False,False,804.5633,824.8234,-0.0108,26.7374,0.0513
ca1773b8-ec8e-4f61-8e8f-7e4211830793_1043-00,1425,2,2,468.8,58.8,33.2,40.5,33.2,0.877,True,False,463.4888,661.2761,-0.1541,14.3366,0.352
ca1773b8-ec8e-4f61-8e8f-7e4211830793_1043-00,1425,2,3,548.1,92.6,54.9,75.2,54.9,0.864,True,False,230.0463,268.1897,-0.0664,21.4939,-0.3019
ca1773b8-ec8e-4f61-8e8f-7e4211830793_1043-00,1425,2,4,360.8,118.1,20.7,26.4,20.7,0.655,False,False,313.0595,1133.9933,-0.558,17.5916,0.005
ca1773b8-ec8e-4f61-8e8f-7e4211830793_1043-00,1425,2,5,259.1,96.1,33.9,50.9,33.9,0.528,False,False,65.6364,1092.9157,-1.2153,8.5803,-0.0492
ca1773b8-ec8e-4f61-8e8f-7e4211830793_1043-00,1425,3,0,174.4,71.9,36.1,42.9,36.1,0.881,True,False,179.8048,702.6068,-0.5901,21.2622,-0.399
ca1773b8-ec8e-4f61-8e8f-7e4211830793_1043-00,1425,3,1,466.4,58.5,34.0,40.7,34.0,0.827,True,False,701.9655,747.6701,-0.0274,14.8587,0.501
ca1773b8-ec8e-4f61-8e8f-7e4211830793_1043-00,1425,3,2,503.7,92.8,57.2,82.6,57.2,0.826,True,False,253.36,528.0698,-0.3181,16.2209,-0.0163
ca1773b8-ec8e-4f61-8e8f-7e4211830793_1043-00,1425,3,3,420.9,108.4,30.4,31.6,30.4,0.494,False,False,1150.7774,963.2804,0.0772,36.979,-0.0749
ca1773b8-ec8e-4f61-8e8f-7e4211830793_1043-00,1425,4,0,470.6,51.7,34.4,42.8,34.4,0.848,True,False,465.8446,717.5614,-0.1873,13.8622,0.3833
ca1773b8-ec8e-4f61-8e8f-7e4211830793_1043-00,1425,4,1,501.2,95.1,51.8,79.5,51.8,0.84,True,False,356.9352,595.3443,-0.2217,16.4562,0.1195
ca1773b8-ec8e-4f61-8e8f-7e4211830793_1043-00,1425,4,2,174.6,71.8,30.0,39.0,30.0,0.833,True,False,341.0326,540.3093,-0.1994,21.6654,-0.1384
ca1773b8-ec8e-4f61-8e8f-7e4211830793_1043-00,1425,4,3,415.1,104.3,26.3,33.2,26.3,0.655,True,False,989.3311,1002.1505,-0.0056,32.4105,-0.026
ca1773b8-ec8e-4f61-8e8f-7e4211830793_1043-00,1425,4,4,252.5,84.0,40.0,59.4,40.0,0.645,True,False,255.8939,736.5261,-0.458,19.7167,-0.181
ca1773b8-ec8e-4f61-8e8f-7e4211830793_1043-00,1425,4,5,271.3,88.3,27.6,38.1,27.6,0.504,False,False,1005.6772,625.9333,0.2057,29.7213,0.0563
ca1773b8-ec8e-4f61-8e8f-7e4211830793_1043-00,1425,5,0,487.3,51.2,33.5,40.8,33.5,0.877,True,False,296.1436,646.1004,-0.338,13.3574,0.2191
ca1773b8-ec8e-4f61-8e8f-7e4211830793_1043-00,1425,5,1,279.9,91.0,28.2,35.7,28.2,0.867,False,False,172.935,297.9451,-0.2352,20.6761,-0.3916
ca1773b8-ec8e-4f61-8e8f-7e4211830793_1043-00,1425,5,2,420.3,102.3,28.2,33.7,28.2,0.845,True,False,1031.9995,986.3754,0.0196,29.7621,0.0663
ca1773b8-ec8e-4f61-8e8f-7e4211830793_1043-00,1425,5,3,516.1,93.6,52.1,76.3,52.1,0.831,True,False,337.0973,431.5168,-0.107,17.3954,0.0467
ca1773b8-ec8e-4f61-8e8f-7e4211830793_1043-00,1425,5,4,210.1,102.1,35.0,61.6,35.0,0.671,True,False,124.2181,386.091,-0.4901,30.7256,-0.8778
ca1773b8-ec8e-4f61-8e8f-7e4211830793_1043-00,1425,5,5,360.2,113.3,23.1,28.8,23.1,0.509,False,False,1414.3505,1266.0746,0.0481,29.2281,0.2188
ca1773b8-ec8e-4f61-8e8f-7e4211830793_835-99,1426,1,0,376.1,35.2,30.2,39.0,30.2,0.899,False,False,942.1212,1329.0046,-0.1493,27.0364,0.1101
ca1773b8-ec8e-4f61-8e8f-7e4211830793_835-99,1426,1,1,490.8,61.9,28.3,30.9,28.3,0.744,True,False,282.0496,1288.8633,-0.6587,17.1084,-0.016
ca1773b8-ec8e-4f61-8e8f-7e4211830793_835-99,1426,1,2,288.2,36.3,28.4,47.9,28.4,0.462,False,False,1271.7354,517.6904,0.3898,46.5738,-0.2317
ca1773b8-ec8e-4f61-8e8f-7e4211830793_835-99,1426,1,3,260.4,34.2,47.3,80.8,47.3,0.428,False,False,13.0972,327.4447,-1.3673,4.5722,-0.1914
ca1773b8-ec8e-4f61-8e8f-7e4211830793_835-99,1426,1,4,451.6,68.0,26.3,31.2,26.3,0.417,False,False,2038.9137,539.5757,0.5768,42.3959,0.0547
ca1773b8-ec8e-4f61-8e8f-7e4211830793_835-99,1426,2,0,377.3,38.6,32.5,40.1,32.5,0.886,False,False,1289.3252,1163.3011,0.0446,32.6579,0.0823
ca1773b8-ec8e-4f61-8e8f-7e4211830793_835-99,1426,2,1,492.6,66.7,27.6,30.5,27.6,0.84,False,False,286.4076,2227.3975,-0.8895,16.3343,0.0307
ca1773b8-ec8e-4f61-8e8f-7e4211830793_835-99,1426,2,2,522.1,90.0,19.8,25.6,19.8,0.524,False,False,2759.4913,1079.131,0.4075,34.812,0.3572
ca1773b8-ec8e-4f61-8e8f-7e4211830793_835-99,1426,2,3,257.5,36.3,58.1,96.3,58.1,0.524,False,False,3.8265,579.4194,-2.0801,4.2667,-0.5998
ca1773b8-ec8e-4f61-8e8f-7e4211830793_835-99,1426,2,4,590.8,97.2,36.2,39.7,36.2,0.478,False,False,467.76,786.0436,-0.225,33.2212,-0.3723
ca1773b8-ec8e-4f61-8e8f-7e4211830793_835-99,1426,3,0,374.8,69.2,29.5,37.6,29.5,0.894,False,False,653.8695,1571.5627,-0.3805,27.1866,-0.0531
ca1773b8-ec8e-4f61-8e8f-7e4211830793_835-99,1426,3,1,579.6,111.5,38.0,44.7,38.0,0.873,True,False,281.4262,668.8353,-0.3751,17.861,-0.0543
ca1773b8-ec8e-4f61-8e8f-7e4211830793_835-99,1426,3,2,277.6,74.2,39.5,62.4,39.5,0.868,True,False,171.3577,472.0315,-0.4385,37.5282,-0.9126
ca1773b8-ec8e-4f61-8e8f-7e4211830793_835-99,1426,3,3,481.8,99.2,22.8,27.4,22.8,0.814,False,False,360.8213,1139.6441,-0.4987,15.3786,0.1828
ca1773b8-ec8e-4f61-8e8f-7e4211830793_835-99,1426,3,4,444.7,104.6,21.4,26.7,21.4,0.67,False,False,1436.6097,769.1612,0.2711,30.6763,0.1836
ca1773b8-ec8e-4f61-8e8f-7e4211830793_835-99,1426,3,5,102.2,129.0,38.2,43.6,38.2,0.468,False,False,667.6737,785.7411,-0.0706,28.3395,-0.0801
ca1773b8-ec8e-4f61-8e8f-7e4211830793_835-99,1426,4,0,526.4,144.7,37.7,43.7,37.7,0.922,False,False,275.7343,478.1568,-0.2384,17.0944,-0.0251
ca1773b8-ec8e-4f61-8e8f-7e4211830793_835-99,1426,4,1,229.4,127.7,46.9,59.8,46.9,0.908,True,False,51.6523,98.0998,-0.2747,20.8047,-0.9159
ca1773b8-ec8e-4f61-8e8f-7e4211830793_835-99,1426,4,2,346.1,108.5,24.3,31.8,24.3,0.897,True,False,326.4036,509.3733,-0.1928,27.792,-0.3733
ca1773b8-ec8e-4f61-8e8f-7e4211830793_835-99,1426,4,3,616.0,182.6,24.0,38.7,24.0,0.854,True,True,236.6144,268.9455,-0.0554,20.3881,-0.2439
ca1773b8-ec8e-4f61-8e8f-7e4211830793_835-99,1426,4,4,442.6,136.3,24.4,27.6,24.4,0.847,False,False,202.1151,697.2218,-0.5363,15.9376,-0.0988
ca1773b8-ec8e-4f61-8e8f-7e4211830793_835-99,1426,4,5,322.8,142.7,22.1,27.0,22.1,0.654,False,False,1089.3388,1187.0508,-0.0373,38.784,-0.14
ca1773b8-ec8e-4f61-8e8f-7e4211830793_835-99,1426,5,0,579.0,142.1,43.9,48.8,43.9,0.925,True,False,508.2113,722.5686,-0.1526,19.6087,0.1209
ca1773b8-ec8e-4f61-8e8f-7e4211830793_835-99,1426,5,1,367.4,107.9,27.7,34.9,27.7,0.916,True,False,701.4698,997.187,-0.1526,29.357,-0.0893
ca1773b8-ec8e-4f61-8e8f-7e4211830793_835-99,1426,5,2,237.4,139.7,62.2,71.6,62.2,0.888,False,False,111.2017,289.215,-0.4127,27.6574,-0.8342
ca1773b8-ec8e-4f61-8e8f-7e4211830793_835-99,1426,5,3,479.2,136.9,24.9,27.5,24.9,0.829,True,False,270.0296,860.6022,-0.5023,16.8294,-0.0206
ca1773b8-ec8e-4f61-8e8f-7e4211830793_835-99,1426,5,4,279.4,86.4,30.8,34.5,30.8,0.587,False,False,185.4409,249.7141,-0.1286,19.2325,-0.2987
ca1773b8-ec8e-4f61-8e8f-7e4211830793_835-99,1426,5,5,439.1,146.0,22.9,28.1,22.9,0.55,False,False,2097.6468,1908.0329,0.0411,42.9485,0.0558
ca1773b8-ec8e-4f61-8e8f-7e4211830793_835-99,1426,5,6,342.5,144.1,24.8,30.2,24.8,0.458,False,False,4089.8735,1636.2868,0.3977,46.1382,0.2835
ca1773b8-ec8e-4f61-8e8f-7e4211830793_835-99,1426,5,7,89.7,182.7,38.6,43.2,38.6,0.416,False,False,518.8479,511.5853,0.0061,23.0998,-0.0122
ca22ace6-2d0e-4e0b-98d4-60544e5af4d5_1194-22,1427,3,0,0.1,109.9,63.8,105.0,63.8,0.592,False,True,147.1005,181.9726,-0.0918,24.9673,-0.6249
ca22ace6-2d0e-4e0b-98d4-60544e5af4d5_1194-22,1427,3,1,23.4,79.6,42.9,76.3,42.9,0.494,False,False,261.4224,432.0286,-0.2175,32.2643,-0.5989
ca22ace6-2d0e-4e0b-98d4-60544e5af4d5_1194-22,1427,4,0,3.0,88.8,52.3,107.7,52.3,0.742,False,True,252.4447,99.7863,0.4005,36.9662,-0.732
ca22ace6-2d0e-4e0b-98d4-60544e5af4d5_4682-68,1429,1,0,44.7,236.3,63.6,100.4,63.6,0.649,False,False,57.8714,72.7036,-0.0976,10.9912,-0.3158
ca22ace6-2d0e-4e0b-98d4-60544e5af4d5_4682-68,1429,2,0,50.0,236.2,54.3,88.9,54.3,0.581,False,False,32.4852,87.6434,-0.4228,12.0268,-0.6384
ca22ace6-2d0e-4e0b-98d4-60544e5af4d5_4682-68,1429,2,1,70.0,213.2,32.3,53.0,32.3,0.446,False,False,6.9805,240.8254,-1.4815,9.4958,-1.0578
ca22ace6-2d0e-4e0b-98d4-60544e5af4d5_4682-68,1429,3,0,47.6,222.0,54.4,92.1,54.4,0.648,False,False,101.9173,75.0115,0.1316,14.9591,-0.3393
ca22ace6-2d0e-4e0b-98d4-60544e5af4d5_4682-68,1429,3,1,68.9,203.5,29.4,49.4,29.4,0.626,False,False,28.3862,293.4792,-1.0009,15.7238,-0.9267
ca800ee3-fea2-4825-ba1d-8eaace908135_5734-95,1430,1,0,588.7,256.8,28.1,45.0,28.1,0.491,False,False,978.866,724.0731,0.1308,35.4719,-0.1089
ca800ee3-fea2-4825-ba1d-8eaace908135_5734-95,1430,3,0,487.2,166.8,63.9,60.1,60.1,0.465,False,False,56.9893,310.9731,-0.7308,18.3343,-0.7645
ca800ee3-fea2-4825-ba1d-8eaace908135_5734-95,1430,4,0,36.6,9.8,48.2,56.9,48.2,0.564,False,False,1079.5917,504.8758,0.3296,34.6121,-0.0452
caa17bb0-2b04-49b0-8ccc-38b2803a3b1f_26-31,1432,1,0,414.7,282.5,40.3,63.2,40.3,0.652,False,False,846.484,2611.7282,-0.489,38.6844,-0.2472
cab3c095-8054-4794-81c5-ef9dce1d1373_376-97,1433,2,0,321.5,220.8,10.8,12.7,10.8,0.61,False,False,390.911,3167.7303,-0.9077,13.5031,0.3299
cb0013d1-84a7-42c7-962a-3b00043365e5_1957-07,1434,1,0,420.5,183.1,75.6,84.6,75.6,0.443,False,False,295.9368,863.1073,-0.4639,26.3914,-0.3709
cb0013d1-84a7-42c7-962a-3b00043365e5_1957-07,1434,4,0,22.3,289.2,180.8,170.1,170.1,0.452,False,False,905.7637,561.8397,0.2071,39.4834,-0.2356
cb1f1ddf-f4f6-4b0e-ab73-0285729ba790_40-06,1435,1,0,514.8,101.0,17.0,21.3,17.0,0.729,True,False,272.8533,850.831,-0.4928,17.3045,-0.0402
cb1f1ddf-f4f6-4b0e-ab73-0285729ba790_40-06,1435,3,0,484.1,12.1,21.8,27.9,21.8,0.553,False,False,108.6178,62.8921,0.2344,19.306,-0.5327
cb87d2ca-dc4f-4e1c-a13f-a8fe7dc952e9_23-76,1438,1,0,307.8,65.9,27.9,31.1,27.9,0.404,False,False,437.1426,11.6581,1.5392,31.6742,-0.3602
cb87d2ca-dc4f-4e1c-a13f-a8fe7dc952e9_23-76,1438,2,0,364.0,286.3,37.4,52.5,37.4,0.434,False,False,28.3696,14.8077,0.269,21.3481,-1.1918
cb87d2ca-dc4f-4e1c-a13f-a8fe7dc952e9_98-75,1439,4,0,80.6,42.2,30.9,45.9,30.9,0.527,False,False,2.8572,16.092,-0.6465,4.0614,-0.6566
cb8df5e7-af5c-4211-b779-0568f94c7ded_3375-73,1441,1,0,479.1,91.3,18.7,24.8,18.7,0.753,True,False,34.8773,458.993,-1.1079,13.4487,-0.7049
cb8df5e7-af5c-4211-b779-0568f94c7ded_3375-73,1441,2,0,411.1,83.3,18.5,21.8,18.5,0.711,True,False,47.3505,941.9164,-1.2901,11.4325,-0.4352
cb8df5e7-af5c-4211-b779-0568f94c7ded_3375-73,1441,3,0,413.3,75.0,16.6,22.7,16.6,0.82,True,False,34.2406,1148.3147,-1.5134,12.7386,-0.6659
cb8df5e7-af5c-4211-b779-0568f94c7ded_3375-73,1441,4,0,414.3,75.3,14.7,20.1,14.7,0.829,True,False,492.9964,908.2719,-0.265,15.5881,0.3064
cb8df5e7-af5c-4211-b779-0568f94c7ded_3375-73,1441,5,0,420.4,73.9,15.3,20.4,15.3,0.836,True,False,521.6193,1376.2973,-0.4208,19.4901,0.1374
cb8df5e7-af5c-4211-b779-0568f94c7ded_3375-73,1441,5,1,342.1,85.6,11.7,14.6,11.7,0.639,False,False,15614.6786,7592.4564,0.3131,48.2409,0.8265
cb8df5e7-af5c-4211-b779-0568f94c7ded_3375-73,1441,5,2,347.2,95.5,11.0,14.0,11.0,0.469,False,False,16191.0898,10358.4224,0.194,52.0896,0.7756
cb8df5e7-af5c-4211-b779-0568f94c7ded_3449-61,1442,3,0,496.1,80.5,29.1,35.6,29.1,0.901,True,False,612.6428,1346.1241,-0.3415,22.6631,0.0764
cb8df5e7-af5c-4211-b779-0568f94c7ded_3449-61,1442,4,0,481.5,45.7,32.5,43.9,32.5,0.906,True,False,68.399,401.4181,-0.7633,15.6393,-0.5489
cb8df5e7-af5c-4211-b779-0568f94c7ded_3449-61,1442,5,0,471.0,39.5,45.3,56.8,45.3,0.872,True,False,63.6969,429.1615,-0.8227,18.9239,-0.7443
cb987dd4-f0ec-46ed-8bf0-3fee8c84fc90_2701-67,1443,2,0,481.9,0.5,46.8,30.6,30.6,0.521,False,True,7.7821,125.3232,-1.1579,20.1166,-1.6646
cb987dd4-f0ec-46ed-8bf0-3fee8c84fc90_2701-67,1443,2,1,603.6,10.4,23.5,23.6,23.5,0.449,False,False,3221.2251,4346.7167,-0.1301,32.2409,0.4909
cb987dd4-f0ec-46ed-8bf0-3fee8c84fc90_2701-67,1443,4,0,21.6,22.6,8.7,11.0,8.7,0.525,False,False,1026.56,6491.6141,-0.8006,25.7094,0.191
cb987dd4-f0ec-46ed-8bf0-3fee8c84fc90_2701-67,1443,4,1,144.2,3.3,41.3,34.5,34.5,0.503,False,True,7.136,902.8463,-2.0457,19.4198,-1.6672
cb987dd4-f0ec-46ed-8bf0-3fee8c84fc90_2701-67,1443,4,2,37.2,15.2,9.7,12.3,9.7,0.491,False,False,1581.0989,4915.8936,-0.4925,38.9874,0.0171
cb987dd4-f0ec-46ed-8bf0-3fee8c84fc90_2701-67,1443,5,0,366.2,127.9,41.7,38.5,38.5,0.638,True,False,6.6572,703.2544,-1.9637,18.0803,-1.6317
cb987dd4-f0ec-46ed-8bf0-3fee8c84fc90_2701-67,1443,5,1,192.2,97.6,37.6,35.5,35.5,0.633,False,False,4.5559,292.5378,-1.7229,16.8214,-1.7085
cb987dd4-f0ec-46ed-8bf0-3fee8c84fc90_2701-67,1443,5,2,371.0,63.7,16.5,19.9,16.5,0.572,False,False,57.9864,4237.9305,-1.8565,17.3782,-0.7107
cb987dd4-f0ec-46ed-8bf0-3fee8c84fc90_2701-67,1443,5,3,483.0,83.6,10.9,12.8,10.9,0.487,False,False,7774.309,3921.628,0.2971,39.2936,0.7018
cb9de2c6-ff1a-48e8-b170-047e9471b588_1100-53,1444,1,0,304.1,225.9,42.6,48.5,42.6,0.763,False,False,318.7183,1113.5929,-0.5423,18.3207,-0.0224
cb9de2c6-ff1a-48e8-b170-047e9471b588_1100-53,1444,1,1,400.5,249.5,19.0,26.7,19.0,0.462,False,False,238.5972,1042.1153,-0.6389,9.736,0.3982
cb9de2c6-ff1a-48e8-b170-047e9471b588_1100-53,1444,2,0,332.2,201.9,37.0,44.0,37.0,0.891,True,False,96.8192,707.6945,-0.86,23.217,-0.742
cb9de2c6-ff1a-48e8-b170-047e9471b588_1100-53,1444,2,1,432.3,233.5,22.0,30.9,22.0,0.622,False,False,87.3378,384.383,-0.6397,11.4932,-0.178
cb9de2c6-ff1a-48e8-b170-047e9471b588_1100-53,1444,5,0,114.0,224.4,35.9,47.6,35.9,0.918,True,False,758.14,923.4273,-0.0856,37.2766,-0.2629
cb9de2c6-ff1a-48e8-b170-047e9471b588_836-21,1445,5,0,79.1,182.1,11.6,14.8,11.6,0.437,False,False,279.6246,246.0543,0.0553,31.7305,-0.5553
cb9de2c6-ff1a-48e8-b170-047e9471b588_884-63,1446,5,0,418.5,48.8,45.3,52.9,45.3,0.629,True,False,7.0956,78.1757,-0.9903,25.9972,-1.9222
cb9de2c6-ff1a-48e8-b170-047e9471b588_931-60,1447,1,0,292.8,153.0,25.2,31.7,25.2,0.499,False,False,15.5621,1864.5323,-2.0517,27.0255,-1.645
cb9de2c6-ff1a-48e8-b170-047e9471b588_931-60,1447,2,0,179.6,196.0,37.7,44.9,37.7,0.685,True,False,13.4735,120.9582,-0.9256,29.3316,-1.7746
cb9de2c6-ff1a-48e8-b170-047e9471b588_931-60,1447,4,0,273.0,263.8,20.3,25.4,20.3,0.692,True,False,38.7134,131.2879,-0.5226,13.9284,-0.6911
cb9de2c6-ff1a-48e8-b170-047e9471b588_931-60,1447,5,0,581.2,228.3,32.6,42.7,32.6,0.544,False,False,214.4356,410.3359,-0.2809,27.653,-0.5507
cbc5c4fe-ed66-4525-a3d8-d691064db66b_262-02,1448,1,0,397.1,9.8,180.9,214.4,180.9,0.757,False,False,48.3171,195.9044,-0.6013,42.7884,-1.5699
cbc5c4fe-ed66-4525-a3d8-d691064db66b_262-02,1448,4,0,271.9,77.9,62.8,75.1,62.8,0.461,False,False,91.2971,153.8777,-0.2248,26.7371,-0.8896
cbc5c4fe-ed66-4525-a3d8-d691064db66b_262-02,1448,4,1,429.8,92.3,200.7,290.3,200.7,0.452,False,True,17.7572,139.5562,-0.8747,29.5171,-1.6675
cbc5c4fe-ed66-4525-a3d8-d691064db66b_545-69,1450,1,0,283.1,0.7,42.3,32.2,32.2,0.431,False,True,114.3372,618.4295,-0.73,38.7163,-1.1141
cbfeb6c8-ec1f-4884-bcbf-14d7764c4a36_0-01,1452,1,0,387.6,136.7,119.9,143.2,119.9,0.523,False,False,373.9891,637.385,-0.2311,48.2716,-0.7936
cbfeb6c8-ec1f-4884-bcbf-14d7764c4a36_0-01,1452,2,0,364.3,137.4,121.2,135.7,121.2,0.437,False,False,289.0232,842.9424,-0.4639,43.3858,-0.8125
cc82c3dc-caf7-4d64-9c84-b4701e205344_230-08,1453,1,0,316.6,166.9,26.8,41.9,26.8,0.538,False,False,1047.653,332.1642,0.498,24.1196,0.2551
cc82c3dc-caf7-4d64-9c84-b4701e205344_230-08,1453,3,0,279.3,165.1,30.6,44.9,30.6,0.44,False,False,968.9633,864.641,0.0494,23.2521,0.253
cc82c3dc-caf7-4d64-9c84-b4701e205344_230-08,1453,5,0,217.7,361.1,53.1,78.5,53.1,0.639,False,False,246.4884,78.6246,0.4925,39.9585,-0.8099
cc83fb01-1904-4917-8d11-2fe2c66a990c_5792-18,1454,2,0,325.1,0.9,168.2,111.4,111.4,0.754,True,True,259.2844,275.1007,-0.0256,33.369,-0.6316
cc83fb01-1904-4917-8d11-2fe2c66a990c_5792-18,1454,4,0,332.7,2.5,175.3,112.6,112.6,0.714,True,True,267.4583,347.0676,-0.1128,32.3533,-0.5914
cc83fb01-1904-4917-8d11-2fe2c66a990c_5792-18,1454,5,0,280.2,0.9,149.4,120.9,120.9,0.702,True,True,122.5462,40.531,0.4735,30.9585,-0.8902
cce59bcd-0ebc-463e-bbb1-094186a6ed8d_1562-00,1455,1,0,392.7,102.0,99.6,126.0,99.6,0.915,False,False,151.5763,385.111,-0.4032,48.0884,-1.1808
cce59bcd-0ebc-463e-bbb1-094186a6ed8d_1562-00,1455,1,1,562.4,114.9,11.8,15.0,11.8,0.789,True,False,5043.9983,5476.9958,-0.0358,50.2868,0.2998
cce59bcd-0ebc-463e-bbb1-094186a6ed8d_36-05,1456,2,0,17.6,133.8,36.0,45.1,36.0,0.819,True,False,718.1761,243.3451,0.4688,50.315,-0.5467
cce59bcd-0ebc-463e-bbb1-094186a6ed8d_36-05,1456,2,1,5.1,235.9,35.9,44.2,35.9,0.64,False,False,24.848,325.737,-1.1018,16.6642,-1.0327
cce59bcd-0ebc-463e-bbb1-094186a6ed8d_36-05,1456,3,0,254.6,135.5,40.0,50.0,40.0,0.928,True,False,2479.1589,2033.4539,0.086,59.3532,-0.1525
cce59bcd-0ebc-463e-bbb1-094186a6ed8d_36-05,1456,4,0,260.4,156.1,53.8,66.8,53.8,0.831,False,False,515.4712,1331.6547,-0.4117,38.4185,-0.4563
cd0c7d35-19cf-4ce2-9b40-0209547acde5_1364-91,1457,1,0,504.2,1.5,117.4,110.3,110.3,0.739,False,True,11.9922,10.3615,0.0582,21.087,-1.5353
cd0c7d35-19cf-4ce2-9b40-0209547acde5_1364-91,1457,3,0,-5.2,90.0,66.3,90.6,66.3,0.892,True,True,19.4427,20.7785,-0.0275,21.9618,-1.3737
cd0c7d35-19cf-4ce2-9b40-0209547acde5_1364-91,1457,4,0,294.5,132.7,13.8,17.4,13.8,0.756,True,False,206.2611,198.5487,0.0165,25.4232,-0.4946
cd0c7d35-19cf-4ce2-9b40-0209547acde5_1364-91,1457,5,0,262.1,111.3,68.5,76.0,68.5,0.878,True,False,70.4795,306.4689,-0.6336,35.609,-1.2493
cd0c7d35-19cf-4ce2-9b40-0209547acde5_1364-91,1457,5,1,381.4,64.0,14.1,17.7,14.1,0.677,False,False,250.719,247.7227,0.0052,19.8707,-0.1966
cd0c7d35-19cf-4ce2-9b40-0209547acde5_1365-10,1458,2,0,-5.2,90.0,66.3,90.6,66.3,0.892,True,True,19.4427,20.7785,-0.0275,21.9618,-1.3737
cd0c7d35-19cf-4ce2-9b40-0209547acde5_1365-10,1458,3,0,294.5,132.7,13.8,17.4,13.8,0.756,True,False,206.2611,198.5487,0.0165,25.4232,-0.4946
cd0c7d35-19cf-4ce2-9b40-0209547acde5_1365-10,1458,4,0,262.1,111.3,68.5,76.0,68.5,0.878,True,False,70.4795,306.4689,-0.6336,35.609,-1.2493
cd0c7d35-19cf-4ce2-9b40-0209547acde5_1365-10,1458,4,1,381.4,64.0,14.1,17.7,14.1,0.677,False,False,250.719,247.7227,0.0052,19.8707,-0.1966
cd0c7d35-19cf-4ce2-9b40-0209547acde5_1365-10,1458,5,0,121.5,35.2,89.8,111.0,89.8,0.873,True,False,47.5041,56.0985,-0.0708,28.5905,-1.2272
cd0c7d35-19cf-4ce2-9b40-0209547acde5_1447-25,1459,3,0,394.6,198.8,40.6,55.3,40.6,0.807,True,False,10.4237,103.3158,-0.9605,9.3875,-0.8922
cd0c7d35-19cf-4ce2-9b40-0209547acde5_1447-25,1459,3,1,295.7,214.8,23.5,29.5,23.5,0.715,True,False,159.6018,213.999,-0.1267,28.0551,-0.6908
cd0c7d35-19cf-4ce2-9b40-0209547acde5_1447-25,1459,4,0,541.8,195.1,40.0,54.5,40.0,0.727,True,False,26.6885,108.7671,-0.5982,14.8585,-0.9036
cd0c7d35-19cf-4ce2-9b40-0209547acde5_1447-25,1459,4,1,422.2,200.1,29.6,37.7,29.6,0.669,True,False,38.381,346.7765,-0.946,9.7612,-0.3883
cd0c7d35-19cf-4ce2-9b40-0209547acde5_1447-25,1459,5,0,521.7,184.6,46.2,59.6,46.2,0.856,True,False,387.9826,207.084,0.2717,29.4177,-0.3478
cd0c7d35-19cf-4ce2-9b40-0209547acde5_1447-25,1459,5,1,396.6,186.9,22.0,31.0,22.0,0.75,True,False,118.3561,250.938,-0.3244,14.8079,-0.2661
cd0c7d35-19cf-4ce2-9b40-0209547acde5_284-45,1460,3,0,464.4,125.3,32.5,45.6,32.5,0.818,True,False,39.5346,126.5172,-0.4977,33.4674,-1.4418
cd0c7d35-19cf-4ce2-9b40-0209547acde5_284-45,1460,4,0,333.4,145.4,31.7,48.3,31.7,0.848,True,False,567.7513,422.2486,0.1283,42.7478,-0.5071
cd0c7d35-19cf-4ce2-9b40-0209547acde5_284-45,1460,4,1,519.5,226.0,41.0,66.4,41.0,0.786,False,False,367.8469,739.401,-0.3026,44.2516,-0.7252
cd0c7d35-19cf-4ce2-9b40-0209547acde5_284-45,1460,5,0,445.0,224.3,62.6,82.8,62.6,0.886,False,False,1316.6745,2425.9204,-0.2652,50.7166,-0.2907
cd0c7d35-19cf-4ce2-9b40-0209547acde5_284-45,1460,5,1,195.3,159.6,39.7,56.5,39.7,0.867,True,False,124.4212,265.4028,-0.3272,33.9441,-0.9635
cd0c7d35-19cf-4ce2-9b40-0209547acde5_284-45,1460,5,2,418.8,200.0,21.8,30.7,21.8,0.415,False,False,19121.7021,3142.8242,0.7841,44.3045,0.9884
cd1d3c56-69ca-4602-944e-bb9fabb9710b_1637-32,1461,1,0,563.6,180.2,32.7,44.4,32.7,0.887,True,False,248.5961,401.0528,-0.207,16.1381,-0.0201
cd1d3c56-69ca-4602-944e-bb9fabb9710b_1637-32,1461,1,1,423.6,170.0,22.4,32.2,22.4,0.87,True,False,284.1307,1234.898,-0.6369,14.2529,0.1451
cd1d3c56-69ca-4602-944e-bb9fabb9710b_1637-32,1461,2,0,511.1,147.3,31.1,36.4,31.1,0.892,True,False,117.1378,453.9354,-0.5856,15.0012,-0.2818
cd1d3c56-69ca-4602-944e-bb9fabb9710b_1637-32,1461,2,1,387.8,126.0,21.2,29.9,21.2,0.836,True,False,386.2423,751.2257,-0.2884,21.1415,-0.0633
cd1d3c56-69ca-4602-944e-bb9fabb9710b_1637-32,1461,3,0,482.9,142.0,29.9,37.7,29.9,0.886,True,False,110.9162,373.7735,-0.5249,18.3093,-0.4777
cd1d3c56-69ca-4602-944e-bb9fabb9710b_1637-32,1461,3,1,615.5,149.5,23.9,34.9,23.9,0.885,True,True,347.8409,653.8367,-0.2735,18.2705,0.0178
cd1d3c56-69ca-4602-944e-bb9fabb9710b_1637-32,1461,3,2,359.1,130.3,24.9,30.8,24.9,0.883,True,False,331.3707,830.7703,-0.3984,17.9935,0.0101
cd1d3c56-69ca-4602-944e-bb9fabb9710b_1637-32,1461,4,0,454.3,150.8,30.7,39.4,30.7,0.896,True,False,190.4035,541.7071,-0.4526,18.7262,-0.2642
cd1d3c56-69ca-4602-944e-bb9fabb9710b_1637-32,1461,5,0,473.5,155.4,30.4,40.3,30.4,0.914,True,False,283.0206,867.4157,-0.4854,20.9946,-0.1919
cd1d3c56-69ca-4602-944e-bb9fabb9710b_1865-43,1462,1,0,351.6,152.9,24.0,28.2,24.0,0.872,True,False,727.3623,1357.1157,-0.2706,16.8791,0.4061
cd1d3c56-69ca-4602-944e-bb9fabb9710b_1865-43,1462,1,1,164.9,113.9,24.0,31.0,24.0,0.868,False,False,217.8784,1105.4515,-0.7037,15.8891,-0.0637
cd1d3c56-69ca-4602-944e-bb9fabb9710b_1865-43,1462,1,2,249.9,133.8,23.2,30.2,23.2,0.846,False,False,145.5413,1251.4261,-0.9318,12.4609,-0.0279
cd1d3c56-69ca-4602-944e-bb9fabb9710b_1865-43,1462,2,0,333.6,139.6,21.1,27.2,21.1,0.872,True,False,1012.6974,1723.1568,-0.2307,18.9415,0.4499
cd1d3c56-69ca-4602-944e-bb9fabb9710b_1865-43,1462,2,1,149.7,108.4,24.6,31.0,24.6,0.869,True,False,362.9614,1270.4795,-0.5433,17.7322,0.0622
cd1d3c56-69ca-4602-944e-bb9fabb9710b_1865-43,1462,2,2,239.4,124.3,25.0,34.3,25.0,0.849,False,False,109.1785,1234.2688,-1.0497,13.6098,-0.2279
cd1d3c56-69ca-4602-944e-bb9fabb9710b_1865-43,1462,3,0,264.8,139.7,24.5,31.1,24.5,0.877,False,False,290.3497,1818.9935,-0.7957,17.4561,-0.0209
cd1d3c56-69ca-4602-944e-bb9fabb9710b_1865-43,1462,3,1,178.0,121.7,23.5,30.0,23.5,0.867,True,False,351.3666,1154.8738,-0.5159,15.2707,0.1774
cd1d3c56-69ca-4602-944e-bb9fabb9710b_1865-43,1462,3,2,358.2,159.4,22.1,32.3,22.1,0.828,True,False,650.8175,1987.9789,-0.4845,22.2949,0.1168
cd1d3c56-69ca-4602-944e-bb9fabb9710b_1865-43,1462,4,0,318.3,136.0,25.3,31.5,25.3,0.874,False,False,436.7366,2178.1396,-0.6971,19.4913,0.0604
cd1d3c56-69ca-4602-944e-bb9fabb9710b_1865-43,1462,4,1,412.7,161.9,25.7,32.5,25.7,0.863,True,False,604.9266,2458.319,-0.6084,20.1136,0.1744
cd1d3c56-69ca-4602-944e-bb9fabb9710b_1865-43,1462,4,2,241.2,113.1,20.2,26.0,20.2,0.841,True,False,211.3311,1236.3287,-0.7655,9.6948,0.3493
cd1d3c56-69ca-4602-944e-bb9fabb9710b_1865-43,1462,5,0,302.7,134.0,24.5,30.1,24.5,0.877,False,False,606.3165,2265.0706,-0.5719,20.1117,0.1754
cd1d3c56-69ca-4602-944e-bb9fabb9710b_1865-43,1462,5,1,390.2,162.0,23.6,27.7,23.6,0.853,True,False,992.7739,3079.2868,-0.4913,21.4221,0.3346
cd1d3c56-69ca-4602-944e-bb9fabb9710b_1865-43,1462,5,2,227.4,109.6,19.4,24.9,19.4,0.812,True,False,283.2156,1486.6492,-0.7189,11.8735,0.3014
cdfd99eb-88c6-4bc7-8f66-e0318216feab_820-48,1464,2,0,325.0,229.7,30.6,40.2,30.6,0.41,False,False,26.2319,927.5208,-1.5327,10.2536,-0.5908
ce121331-6a77-44c0-9c0d-8d6b21f73b24_67-61,1465,2,0,391.4,119.5,48.5,74.8,48.5,0.528,False,False,29.262,179.1515,-0.7747,11.8016,-0.6661
ce121331-6a77-44c0-9c0d-8d6b21f73b24_67-61,1465,3,0,538.9,35.9,95.5,179.0,95.5,0.812,False,False,109.7006,100.2417,0.0388,42.0706,-1.2041
ce121331-6a77-44c0-9c0d-8d6b21f73b24_67-61,1465,5,0,553.9,111.5,83.7,151.7,83.7,0.711,False,True,2.9028,16.0148,-0.6395,7.4596,-1.1618
ce19b572-7341-426a-8c2f-fe067344c98d_1914-35,1466,1,0,489.0,214.1,39.0,47.2,39.0,0.664,True,False,3.4374,1276.6283,-2.4593,7.3027,-1.0879
ce19b572-7341-426a-8c2f-fe067344c98d_1914-35,1466,2,0,513.2,130.6,40.4,49.6,40.4,0.615,True,False,3.5845,1200.9335,-2.4186,11.4624,-1.4606
ce19b572-7341-426a-8c2f-fe067344c98d_1914-35,1466,2,1,389.4,24.2,15.6,18.9,15.6,0.526,False,False,3168.259,4499.7613,-0.1523,22.4027,0.7995
ce19b572-7341-426a-8c2f-fe067344c98d_1914-35,1466,3,0,518.1,146.5,38.6,51.7,38.6,0.758,True,False,16.7271,1706.5702,-1.9837,14.5601,-1.0797
ce19b572-7341-426a-8c2f-fe067344c98d_1914-35,1466,4,0,448.3,215.5,36.7,44.9,36.7,0.605,True,False,3.0914,1330.5642,-2.5125,4.7902,-0.7674
ce19b572-7341-426a-8c2f-fe067344c98d_1914-35,1466,4,1,556.5,224.2,10.3,12.5,10.3,0.456,False,False,714.7822,3085.5604,-0.6347,13.4148,0.5972
ce19b572-7341-426a-8c2f-fe067344c98d_1914-35,1466,5,0,295.5,204.2,10.6,12.2,10.6,0.445,False,False,999.3796,1465.5466,-0.1661,16.0635,0.5868
ce19b572-7341-426a-8c2f-fe067344c98d_1972-11,1467,1,0,552.7,141.1,37.0,50.8,37.0,0.601,True,False,4.113,1439.9263,-2.45,8.4788,-1.154
ce19b572-7341-426a-8c2f-fe067344c98d_1972-11,1467,3,0,459.8,62.3,58.7,67.4,58.7,0.778,True,False,4.0678,578.9131,-2.0585,11.0992,-1.3893
ce19b572-7341-426a-8c2f-fe067344c98d_1972-11,1467,4,0,466.3,120.1,45.5,63.6,45.5,0.774,True,False,48.7543,835.3841,-1.2256,16.3512,-0.7319
ce19b572-7341-426a-8c2f-fe067344c98d_1972-11,1467,4,1,619.3,151.4,17.3,25.4,17.3,0.451,False,True,2669.4484,1231.667,0.3357,35.3335,0.3299
ce19b572-7341-426a-8c2f-fe067344c98d_1972-11,1467,5,0,565.7,167.4,71.7,90.7,71.7,0.493,False,True,2.8092,1207.9021,-2.5016,9.6535,-1.3932
cea9a5cc-6682-474f-bae4-483ca722ec43_359-69,1468,1,0,293.7,120.0,32.9,48.3,32.9,0.872,False,False,139.5292,158.86,-0.056,23.5479,-0.5969
cea9a5cc-6682-474f-bae4-483ca722ec43_359-69,1468,2,0,266.4,119.0,33.4,44.8,33.4,0.888,False,False,935.1167,370.3564,0.4015,45.1657,-0.3385
cea9a5cc-6682-474f-bae4-483ca722ec43_359-69,1468,2,1,511.1,161.8,38.0,52.5,38.0,0.413,False,False,235.4554,539.9885,-0.3594,22.911,-0.3472
cea9a5cc-6682-474f-bae4-483ca722ec43_359-69,1468,3,0,271.0,179.4,31.1,42.9,31.1,0.899,False,False,344.8004,223.2218,0.1881,31.6298,-0.4618
cea9a5cc-6682-474f-bae4-483ca722ec43_359-69,1468,4,0,254.7,195.9,30.4,43.7,30.4,0.861,False,False,89.7987,102.1832,-0.0555,23.3947,-0.7809
cea9a5cc-6682-474f-bae4-483ca722ec43_359-69,1468,5,0,219.3,30.9,37.7,45.5,37.7,0.673,False,False,27.3777,55.3732,-0.2981,32.0212,-1.5583
cebb6331-2a18-454a-862b-3aa502267017_1587-77,1469,1,0,111.2,0.5,18.4,25.8,18.4,0.795,True,True,312.1764,475.043,-0.1819,18.7774,-0.0527
cebb6331-2a18-454a-862b-3aa502267017_1587-77,1469,1,1,372.3,247.7,81.6,108.5,81.6,0.767,False,True,575.5386,1955.9284,-0.5307,36.7832,-0.3708
cebb6331-2a18-454a-862b-3aa502267017_1587-77,1469,2,0,120.5,5.1,19.2,29.0,19.2,0.83,True,False,1046.1018,1096.0381,-0.0202,22.7308,0.3059
cebb6331-2a18-454a-862b-3aa502267017_1587-77,1469,3,0,100.6,6.4,19.8,29.8,19.8,0.802,True,False,391.5323,1047.261,-0.4266,21.8749,-0.0869
cebb6331-2a18-454a-862b-3aa502267017_1587-77,1469,4,0,107.5,12.6,18.9,29.3,18.9,0.852,True,False,717.0871,1297.4883,-0.2573,20.4928,0.2319
cebb6331-2a18-454a-862b-3aa502267017_1587-77,1469,5,0,-3.5,74.7,58.1,80.7,58.1,0.599,False,True,3.8469,7.3744,-0.2375,9.9055,-1.3107
cebb6331-2a18-454a-862b-3aa502267017_1587-77,1469,5,1,-10.7,-32.0,328.4,412.7,328.4,0.55,False,True,57.248,593.3712,-1.0088,54.0503,-1.7005
cebb6331-2a18-454a-862b-3aa502267017_1587-77,1469,5,2,190.6,4.0,125.9,100.5,100.5,0.518,False,False,23.4096,632.5824,-1.4142,30.0165,-1.5676
cf3956a7-8cc6-4a99-8770-71a15c7e69c7_4456-62,1470,3,0,538.1,0.2,27.9,22.5,22.5,0.512,False,True,12.5651,1023.1022,-1.8779,14.8021,-1.2102
cf3956a7-8cc6-4a99-8770-71a15c7e69c7_4456-62,1470,4,0,16.1,0.7,18.7,17.8,17.8,0.403,False,True,1905.2608,2795.0938,-0.1664,35.8663,0.1705
cf3956a7-8cc6-4a99-8770-71a15c7e69c7_4824-79,1471,5,0,17.6,71.4,52.6,55.4,52.6,0.512,False,False,2725.0302,2177.0229,0.0975,47.0236,0.0907
cf3956a7-8cc6-4a99-8770-71a15c7e69c7_5040-48,1472,1,0,63.4,19.9,12.1,14.7,12.1,0.605,True,False,97.3607,4985.8438,-1.705,38.693,-1.1827
cf3956a7-8cc6-4a99-8770-71a15c7e69c7_5040-48,1472,1,1,586.6,107.8,20.4,25.1,20.4,0.577,False,False,249.5884,3943.151,-1.197,39.837,-0.8019
cf3956a7-8cc6-4a99-8770-71a15c7e69c7_5040-48,1472,1,2,256.9,44.4,21.7,27.3,21.7,0.57,False,False,2786.9473,6542.1152,-0.3705,80.5414,-0.3668
cf3956a7-8cc6-4a99-8770-71a15c7e69c7_5040-48,1472,1,3,230.4,30.9,20.5,28.0,20.5,0.413,False,False,2362.7413,2920.3855,-0.092,38.112,0.2112
cf3956a7-8cc6-4a99-8770-71a15c7e69c7_5040-48,1472,2,0,237.5,18.3,24.3,31.9,24.3,0.756,True,False,36.5113,2164.828,-1.7615,34.6351,-1.5052
cf3956a7-8cc6-4a99-8770-71a15c7e69c7_5040-48,1472,2,1,571.8,90.0,19.0,23.9,19.0,0.59,False,False,7119.5777,6146.5585,0.0638,45.2787,0.5405
cf3956a7-8cc6-4a99-8770-71a15c7e69c7_5040-48,1472,3,0,600.3,111.0,19.3,25.5,19.3,0.55,False,False,129.5639,3774.6082,-1.4612,32.1798,-0.8998
cf3956a7-8cc6-4a99-8770-71a15c7e69c7_5040-48,1472,4,0,541.2,7.6,19.8,23.4,19.8,0.705,True,False,2176.8073,2457.1365,-0.0526,32.7342,0.3076
cf3956a7-8cc6-4a99-8770-71a15c7e69c7_5040-48,1472,4,1,481.7,105.5,15.2,19.6,15.2,0.469,False,False,143.0103,1554.7711,-1.0336,28.622,-0.7555
cf3956a7-8cc6-4a99-8770-71a15c7e69c7_5040-48,1472,4,2,240.0,129.9,16.2,20.1,16.2,0.432,False,False,2185.7178,1154.183,0.2771,24.0865,0.5755
cf3956a7-8cc6-4a99-8770-71a15c7e69c7_5040-48,1472,5,0,355.1,101.5,13.2,17.0,13.2,0.629,True,False,137.0466,3073.1021,-1.3477,30.2181,-0.821
cf3956a7-8cc6-4a99-8770-71a15c7e69c7_5040-48,1472,5,1,404.3,76.5,13.0,16.6,13.0,0.421,False,False,4968.5624,2910.3409,0.2322,28.5018,0.786
cf3956a7-8cc6-4a99-8770-71a15c7e69c7_5040-48,1472,5,2,408.9,105.8,13.7,16.8,13.7,0.414,False,False,1171.4214,3318.7446,-0.452,14.3372,0.754
cfa58f86-6a63-46fc-8510-6a8d517f933b_689-38,1473,3,0,557.6,-8.9,80.5,89.7,80.5,0.498,False,True,543.8194,56.2536,0.9784,27.7495,-0.1508
cfa595aa-c467-48fe-a86b-2e9b1a63ccab_1218-24,1474,3,0,354.1,343.5,21.5,26.1,21.5,0.513,False,False,200.2992,120.6315,0.2188,14.543,-0.0235
d013010f-fca0-4fc0-9545-500318a8e91f_511-08,1478,1,0,133.4,269.5,170.8,206.1,170.8,0.502,False,False,26.9099,12.7918,0.3061,26.3059,-1.395
d013010f-fca0-4fc0-9545-500318a8e91f_511-08,1478,2,0,133.6,3.5,131.9,131.4,131.4,0.443,False,True,299.0859,116.3909,0.4076,39.2878,-0.7116
d013010f-fca0-4fc0-9545-500318a8e91f_511-08,1478,3,0,87.7,88.6,31.7,40.6,31.7,0.47,False,False,156.9548,838.1192,-0.7253,15.0469,-0.1583
d013010f-fca0-4fc0-9545-500318a8e91f_511-08,1478,3,1,1.9,83.1,27.1,41.9,27.1,0.429,False,True,258.8458,1014.201,-0.5918,12.7381,0.2018
d013010f-fca0-4fc0-9545-500318a8e91f_511-08,1478,3,2,224.8,11.5,24.3,29.2,24.3,0.419,False,False,30.4371,141.0654,-0.655,6.6604,-0.1592
d013010f-fca0-4fc0-9545-500318a8e91f_511-08,1478,3,3,529.7,115.9,19.0,22.6,19.0,0.417,False,False,1328.4196,1140.3952,0.0662,24.1065,0.3586
d013010f-fca0-4fc0-9545-500318a8e91f_511-08,1478,4,0,188.6,400.3,82.3,83.8,82.3,0.416,False,True,30.3786,721.8173,-1.3624,10.1844,-0.5234
d0396c77-6ecc-4d9f-bda1-af051699d0cf_1049-41,1479,2,0,140.6,40.4,112.6,186.2,112.6,0.436,False,False,8.9964,209.8286,-1.3241,18.8944,-1.554
d0396c77-6ecc-4d9f-bda1-af051699d0cf_1049-41,1479,2,1,182.1,154.8,77.5,91.0,77.5,0.433,False,False,21.6825,307.168,-1.1331,18.2527,-1.1683
d0396c77-6ecc-4d9f-bda1-af051699d0cf_1049-41,1479,4,0,11.8,-0.6,172.0,158.0,158.0,0.698,True,True,46.9253,27.834,0.2207,27.0822,-1.1854
d0396c77-6ecc-4d9f-bda1-af051699d0cf_3645-32,1480,1,0,10.5,-2.4,113.4,83.8,83.8,0.52,False,True,2026.8837,570.9356,0.5497,28.0244,0.4114
d0396c77-6ecc-4d9f-bda1-af051699d0cf_3645-32,1480,4,0,50.4,-0.9,118.3,90.7,90.7,0.848,True,True,1806.3374,258.0106,0.8437,43.1379,-0.0129
d0396c77-6ecc-4d9f-bda1-af051699d0cf_4546-97,1481,1,0,183.0,4.8,21.5,25.5,21.5,0.445,False,False,20.3119,120.8176,-0.7571,8.1938,-0.5048
d0396c77-6ecc-4d9f-bda1-af051699d0cf_4546-97,1481,5,0,369.0,-1.4,84.3,87.4,84.3,0.609,False,True,11.2326,6.8278,0.1939,33.8903,-1.973
d0396c77-6ecc-4d9f-bda1-af051699d0cf_4546-97,1481,5,1,490.7,2.0,150.7,207.5,150.7,0.51,False,True,2.7389,1.6051,0.1569,16.1626,-1.8459
d0396c77-6ecc-4d9f-bda1-af051699d0cf_4546-97,1481,5,2,79.7,206.8,33.8,51.5,33.8,0.487,False,False,130.7042,493.9338,-0.5749,26.5613,-0.7295
d0396c77-6ecc-4d9f-bda1-af051699d0cf_4546-97,1481,5,3,165.8,86.2,76.1,84.9,76.1,0.451,False,False,5.0814,20.9717,-0.5579,14.978,-1.5688
d08cd963-d98b-4c9b-ba9f-cf7763e4b94e_1184-89,1482,1,0,527.1,184.4,98.5,131.5,98.5,0.645,True,False,2.1894,562.2068,-2.247,6.0502,-1.0715
d08cd963-d98b-4c9b-ba9f-cf7763e4b94e_1184-89,1482,2,0,510.5,193.7,99.0,127.7,99.0,0.448,False,False,2.4304,289.8096,-1.9283,6.1014,-1.047
d08cd963-d98b-4c9b-ba9f-cf7763e4b94e_1184-89,1482,2,1,271.3,131.2,26.9,36.7,26.9,0.421,False,False,762.7693,1338.7619,-0.2441,31.7186,-0.1201
d08cd963-d98b-4c9b-ba9f-cf7763e4b94e_1184-89,1482,3,0,513.4,212.2,97.2,121.6,97.2,0.491,False,False,2.1502,267.9577,-1.9313,6.0342,-1.0747
d08cd963-d98b-4c9b-ba9f-cf7763e4b94e_1184-89,1482,4,0,530.7,210.0,96.2,124.8,96.2,0.651,True,False,2.3444,339.3011,-2.0075,5.9638,-1.0388
d08cd963-d98b-4c9b-ba9f-cf7763e4b94e_1184-89,1482,5,0,531.5,234.1,93.0,116.9,93.0,0.564,False,False,2.5429,373.8619,-2.0245,5.6095,-0.9621
d0925317-dc23-4cb4-a375-a7baddc06b27_901-57,1483,5,0,440.0,2.7,199.4,226.1,199.4,0.844,True,True,16.6474,15.0537,0.0411,32.5166,-1.7779
d0925317-dc23-4cb4-a375-a7baddc06b27_901-57,1483,5,1,172.3,-14.7,280.9,336.5,280.9,0.559,False,True,107.7805,516.5678,-0.6774,37.0003,-1.1002
d0a861f7-3e5c-4836-9b43-29a0b3288165_1279-67,1484,4,0,330.0,93.5,11.0,14.3,11.0,0.531,False,False,777.7287,6930.2674,-0.9494,65.6367,-0.743
d0a861f7-3e5c-4836-9b43-29a0b3288165_550-69,1485,1,0,341.3,2.3,29.4,28.1,28.1,0.86,True,True,1403.8372,2928.7189,-0.3192,63.308,-0.4554
d0a861f7-3e5c-4836-9b43-29a0b3288165_550-69,1485,2,0,380.6,24.5,25.6,30.5,25.6,0.863,True,False,1042.7375,2724.8602,-0.4169,57.2482,-0.4971
d0a861f7-3e5c-4836-9b43-29a0b3288165_550-69,1485,3,0,327.4,37.1,24.3,29.3,24.3,0.857,True,False,580.38,2146.006,-0.5674,55.093,-0.7179
d0a861f7-3e5c-4836-9b43-29a0b3288165_550-69,1485,4,0,65.4,68.4,22.3,26.9,22.3,0.632,True,False,427.7634,1112.8623,-0.4146,54.8799,-0.8468
d0a861f7-3e5c-4836-9b43-29a0b3288165_550-69,1485,5,0,192.5,114.9,20.0,25.0,20.0,0.726,True,False,546.1169,1511.6409,-0.4417,50.0182,-0.6604
d0a861f7-3e5c-4836-9b43-29a0b3288165_829-52,1486,1,0,131.1,22.9,27.1,33.6,27.1,0.832,True,False,943.9584,2742.5712,-0.4629,53.728,-0.4851
d0a861f7-3e5c-4836-9b43-29a0b3288165_829-52,1486,2,0,90.0,72.5,22.8,26.7,22.8,0.724,True,False,270.151,2073.7924,-0.8838,41.5761,-0.8047
d0a861f7-3e5c-4836-9b43-29a0b3288165_829-52,1486,3,0,105.0,89.9,23.5,27.8,23.5,0.827,True,False,1698.2515,3479.9267,-0.3114,59.5288,-0.3193
d0a861f7-3e5c-4836-9b43-29a0b3288165_829-52,1486,4,0,100.4,83.6,23.5,28.0,23.5,0.854,True,False,794.9344,4242.5195,-0.7268,45.0971,-0.4076
d0a861f7-3e5c-4836-9b43-29a0b3288165_829-52,1486,5,0,87.3,108.4,21.6,27.6,21.6,0.84,True,False,1008.1405,4436.2476,-0.6432,40.3708,-0.2084
d10798c3-6b79-4c0d-aafd-8daad36c51db_44-79,1490,1,0,169.5,239.9,65.8,70.1,65.8,0.562,False,False,240.2608,148.2877,0.2085,27.1208,-0.4847
d10798c3-6b79-4c0d-aafd-8daad36c51db_44-79,1490,2,0,619.2,235.9,19.9,27.0,19.9,0.576,False,True,220.3997,146.0062,0.1778,9.1739,0.4149
d10798c3-6b79-4c0d-aafd-8daad36c51db_44-79,1490,3,0,125.3,99.1,57.4,81.2,57.4,0.736,False,False,177.2685,139.9234,0.1021,39.2024,-0.9358
d10798c3-6b79-4c0d-aafd-8daad36c51db_44-79,1490,3,1,600.0,227.8,37.4,51.6,37.4,0.524,False,True,90.9364,64.173,0.1494,23.6348,-0.7844
d10798c3-6b79-4c0d-aafd-8daad36c51db_44-79,1490,4,0,18.3,137.4,23.9,32.0,23.9,0.865,True,False,1077.8313,191.0148,0.7496,30.9259,0.0519
d10798c3-6b79-4c0d-aafd-8daad36c51db_44-79,1490,4,1,212.3,112.6,81.6,102.1,81.6,0.553,False,False,114.9733,318.8154,-0.4405,26.6534,-0.7878
d10798c3-6b79-4c0d-aafd-8daad36c51db_44-79,1490,5,0,97.6,80.6,27.4,34.5,27.4,0.822,True,False,697.3571,249.016,0.4461,30.4491,-0.1235
d10798c3-6b79-4c0d-aafd-8daad36c51db_44-79,1490,5,1,175.2,140.4,13.8,17.5,13.8,0.513,False,False,5752.9135,3081.4886,0.2711,42.8906,0.495
d10798c3-6b79-4c0d-aafd-8daad36c51db_44-79,1490,5,2,275.2,128.2,10.5,12.4,10.5,0.492,False,False,1228.5085,1939.2124,-0.1981,15.9011,0.6852
d10798c3-6b79-4c0d-aafd-8daad36c51db_44-79,1490,5,3,44.6,125.6,11.1,14.0,11.1,0.44,False,False,11.2944,8.4322,0.1151,4.384,-0.2161
d10798c3-6b79-4c0d-aafd-8daad36c51db_44-79,1490,5,4,138.2,192.1,20.9,24.5,20.9,0.435,False,False,4852.29,1415.9828,0.5347,31.9069,0.6778
d1952343-6eaf-4317-ae19-6b48b292ad24_877-17,1491,3,0,471.3,133.7,45.5,51.6,45.5,0.716,True,False,8.5223,28.73,-0.4945,7.9397,-0.8277
d1a27322-8acd-4297-9029-db45af8d7cc2_127-67,1492,5,0,119.5,360.8,53.8,78.7,53.8,0.64,False,False,143.8485,546.7202,-0.5776,31.2539,-0.8293
d1a27322-8acd-4297-9029-db45af8d7cc2_164-10,1493,1,0,519.3,9.8,118.9,142.4,118.9,0.506,False,True,553.8924,911.4026,-0.216,37.6384,-0.4074
d1a27322-8acd-4297-9029-db45af8d7cc2_164-10,1493,2,0,453.2,1.0,45.5,33.2,33.2,0.542,False,True,1737.0016,1820.0484,-0.0203,36.4986,0.1152
d1a27322-8acd-4297-9029-db45af8d7cc2_164-10,1493,3,0,386.7,24.6,54.5,80.2,54.5,0.448,False,False,185.599,544.5713,-0.4659,27.3486,-0.6035
d1a27322-8acd-4297-9029-db45af8d7cc2_34-04,1494,3,0,295.3,-2.5,105.6,103.7,103.7,0.463,False,True,3854.0324,1779.4753,0.3355,82.3095,-0.2449
d1c2a107-ba9a-4615-83e1-f609864b8541_35-35,1495,1,0,173.7,144.7,65.1,81.9,65.1,0.902,True,False,270.3561,500.2272,-0.2665,65.1828,-1.1948
d1c2a107-ba9a-4615-83e1-f609864b8541_35-35,1495,2,0,425.9,105.2,50.3,70.3,50.3,0.715,True,False,170.1199,116.4838,0.1633,7.2508,0.5043
d1c2a107-ba9a-4615-83e1-f609864b8541_35-35,1495,3,0,412.8,-0.0,70.0,59.9,59.9,0.792,True,True,54.4228,415.1975,-0.8756,26.4638,-1.1022
d1c2a107-ba9a-4615-83e1-f609864b8541_35-35,1495,4,0,521.0,5.2,51.7,64.5,51.7,0.758,True,False,20.2853,61.581,-0.4684,25.9735,-1.5016
d1c2a107-ba9a-4615-83e1-f609864b8541_35-35,1495,5,0,454.3,128.9,99.1,128.7,99.1,0.864,False,False,30.9918,175.9571,-0.7428,30.9845,-1.4777
d27c5c7e-db9c-48f4-bea5-9970078d352e_87-62,1501,5,0,9.0,15.5,57.4,69.2,57.4,0.476,False,False,25.6663,173.2505,-0.8152,32.9652,-1.6105
d27c5c7e-db9c-48f4-bea5-9970078d352e_90-20,1502,2,0,16.9,16.1,60.7,75.7,60.7,0.68,True,False,29.8903,189.6391,-0.7904,33.7883,-1.5681
d27c5c7e-db9c-48f4-bea5-9970078d352e_90-20,1502,5,0,58.1,51.9,44.7,66.6,44.7,0.766,True,False,300.3498,399.8072,-0.1239,44.5292,-0.8184
d27c5c7e-db9c-48f4-bea5-9970078d352e_90-20,1502,5,1,498.2,238.6,105.8,131.8,105.8,0.435,False,True,194.7702,74.5742,0.4134,13.0079,0.0608
d2985e7b-6dc8-4c7e-9aef-40d633895aa0_1413-23,1503,3,0,506.0,10.0,123.1,144.8,123.1,0.412,False,False,76.5583,59.1767,0.1102,43.8427,-1.3944
d2985e7b-6dc8-4c7e-9aef-40d633895aa0_1413-23,1503,4,0,538.0,87.7,83.0,107.0,83.0,0.829,False,False,37.8371,19.5554,0.2763,16.8591,-0.8659
d29b209e-cbc7-40a7-a0d6-acf803b86c78_4-53,1505,3,0,183.9,247.0,62.4,83.0,62.4,0.905,False,False,108.9768,143.8568,-0.1196,36.4145,-1.0816
d3279f4f-eea5-448f-a930-aafac6b668ac_1962-11,1506,2,0,195.7,86.2,18.9,23.0,18.9,0.835,True,False,216.1779,5739.8665,-1.4222,11.7673,0.1923
d3279f4f-eea5-448f-a930-aafac6b668ac_1962-11,1506,3,0,228.2,119.9,22.1,26.0,22.1,0.83,True,False,322.2659,5990.1566,-1.268,12.8314,0.2904
d3279f4f-eea5-448f-a930-aafac6b668ac_1962-11,1506,4,0,316.4,120.5,28.5,33.8,28.5,0.832,True,False,423.0731,5019.332,-1.0733,14.4305,0.3068
d3279f4f-eea5-448f-a930-aafac6b668ac_1962-11,1506,5,0,368.6,143.5,27.9,33.6,27.9,0.761,False,False,525.8685,1978.0064,-0.5747,15.7085,0.3277
d36cf2fd-8916-4b69-b7a2-e9743675fb38_3851-77,1508,5,0,97.2,282.0,22.0,25.3,22.0,0.779,True,False,7496.2743,11581.083,-0.1889,55.5038,0.3861
d3980f7e-2ef1-4b2b-b73a-2a7db7465660_117-14,1509,1,0,566.8,1.1,48.4,45.2,45.2,0.477,False,True,1046.4458,383.9097,0.4348,23.3318,0.2834
d3980f7e-2ef1-4b2b-b73a-2a7db7465660_117-14,1509,3,0,536.3,15.2,58.1,60.1,58.1,0.793,True,False,1586.3465,740.7605,0.3304,47.0854,-0.1453
d3980f7e-2ef1-4b2b-b73a-2a7db7465660_452-63,1510,3,0,397.3,-4.8,135.7,122.0,122.0,0.692,False,True,384.2457,276.8144,0.142,32.0955,-0.4276
d3980f7e-2ef1-4b2b-b73a-2a7db7465660_452-63,1510,5,0,251.7,12.8,15.9,19.6,15.9,0.68,False,False,2486.1491,1768.8291,0.1478,64.2536,-0.2202
d3dafc0b-c623-4c4b-9a4a-ee56538e257c_519-43,1512,1,0,285.9,4.6,105.9,128.3,105.9,0.908,True,False,580.0297,1462.68,-0.4012,62.8397,-0.8324
d3dafc0b-c623-4c4b-9a4a-ee56538e257c_519-43,1512,1,1,271.7,-2.4,57.2,49.3,49.3,0.586,False,True,158.325,663.4263,-0.6202,33.22,-0.8409
d3dafc0b-c623-4c4b-9a4a-ee56538e257c_519-43,1512,2,0,361.8,0.2,113.0,76.6,76.6,0.929,True,True,124.9771,1767.1406,-1.1472,45.449,-1.215
d3dafc0b-c623-4c4b-9a4a-ee56538e257c_519-43,1512,3,0,318.3,-3.0,115.0,76.3,76.3,0.928,False,True,103.1622,1316.7403,-1.1021,45.3413,-1.2955
d3dafc0b-c623-4c4b-9a4a-ee56538e257c_519-43,1512,3,1,572.9,107.9,14.1,19.9,14.1,0.572,False,False,967.428,1521.3551,-0.1964,28.7341,0.0687
d3dafc0b-c623-4c4b-9a4a-ee56538e257c_519-43,1512,4,0,378.1,-3.4,121.9,74.4,74.4,0.87,False,True,144.9736,1789.5491,-1.0887,40.4081,-1.0489
d3dafc0b-c623-4c4b-9a4a-ee56538e257c_519-43,1512,4,1,176.9,0.6,64.0,80.5,64.0,0.588,False,True,4534.8326,2347.7767,0.2858,21.9583,0.9726
d3dafc0b-c623-4c4b-9a4a-ee56538e257c_519-43,1512,5,0,426.5,-2.0,104.0,65.8,65.8,0.774,False,True,133.4969,1876.841,-1.1449,35.428,-0.9703
d3de44fb-a6e8-4815-b28f-798de4bfd7eb_1337-08,1513,5,0,544.5,135.2,39.6,48.1,39.6,0.656,False,False,713.9107,948.225,-0.1231,22.8733,0.1348
d3de44fb-a6e8-4815-b28f-798de4bfd7eb_1337-08,1513,5,1,100.7,249.8,32.7,47.6,32.7,0.504,False,False,308.5234,1650.8392,-0.7273,23.5162,-0.2528
d3f76c88-5996-4da0-8b8f-6c1b8f85a4d8_18062-30,1514,1,0,229.0,61.9,51.1,77.5,51.1,0.816,False,False,390.2524,547.7486,-0.1469,35.5583,-0.5098
d3f76c88-5996-4da0-8b8f-6c1b8f85a4d8_18062-30,1514,1,1,377.9,17.1,54.1,74.7,54.1,0.784,False,False,34.3759,719.2005,-1.3087,12.8547,-0.672
d3f76c88-5996-4da0-8b8f-6c1b8f85a4d8_18062-30,1514,2,0,229.8,57.3,51.6,79.4,51.6,0.771,False,False,366.9901,718.9536,-0.2915,33.8034,-0.4925
d3f76c88-5996-4da0-8b8f-6c1b8f85a4d8_18062-30,1514,5,0,403.4,55.8,37.6,54.7,37.6,0.41,False,False,22.9165,310.0669,-1.1142,21.883,-1.3024
d3f76c88-5996-4da0-8b8f-6c1b8f85a4d8_5099-68,1515,2,0,465.6,-0.3,64.0,54.0,54.0,0.909,True,True,180.6185,1075.6452,-0.7729,24.7935,-0.5302
d3f76c88-5996-4da0-8b8f-6c1b8f85a4d8_5099-68,1515,3,0,414.0,29.2,59.0,67.8,59.0,0.899,True,False,231.4638,1033.6173,-0.6484,32.4156,-0.6556
d3f76c88-5996-4da0-8b8f-6c1b8f85a4d8_9209-81,1516,1,0,259.5,156.1,48.8,61.9,48.8,0.915,True,False,310.582,483.4512,-0.1917,56.7094,-1.0139
d3f76c88-5996-4da0-8b8f-6c1b8f85a4d8_9209-81,1516,2,0,292.2,173.4,46.3,58.3,46.3,0.876,True,False,613.2401,1542.8719,-0.4003,41.8799,-0.4559
d3f76c88-5996-4da0-8b8f-6c1b8f85a4d8_9209-81,1516,3,0,341.9,1.3,54.0,48.1,48.1,0.494,False,True,14.4816,269.4411,-1.2423,20.1972,-1.4218
d3f76c88-5996-4da0-8b8f-6c1b8f85a4d8_9209-81,1516,4,0,356.2,36.5,94.3,126.8,94.3,0.84,True,False,228.7698,468.0336,-0.3099,32.3958,-0.6601
d3f76c88-5996-4da0-8b8f-6c1b8f85a4d8_9209-81,1516,4,1,264.4,281.5,32.2,50.3,32.2,0.732,False,False,524.8879,256.6489,0.3099,37.4977,-0.4274
d3f76c88-5996-4da0-8b8f-6c1b8f85a4d8_9209-81,1516,5,0,238.0,235.0,54.9,72.2,54.9,0.822,False,False,15.8158,264.033,-1.1976,23.2625,-1.5084
d3f76c88-5996-4da0-8b8f-6c1b8f85a4d8_9209-81,1516,5,1,19.5,224.5,239.1,245.7,239.1,0.624,False,False,84.9082,104.8277,-0.0906,64.369,-1.6834
d40be91b-85bb-4c47-ac18-52c4d044e3fc_13523-54,1517,1,0,295.3,1.4,37.8,33.2,33.2,0.779,True,True,12.4707,953.9992,-1.8506,18.41,-1.402
d40be91b-85bb-4c47-ac18-52c4d044e3fc_13523-54,1517,1,1,187.0,15.0,21.5,30.0,21.5,0.645,True,False,202.7929,786.9063,-0.5873,24.1589,-0.4577
d40be91b-85bb-4c47-ac18-52c4d044e3fc_13523-54,1517,1,2,194.5,28.0,23.9,31.2,23.9,0.564,False,False,15.3967,819.8078,-1.6995,37.2955,-1.9289
d40be91b-85bb-4c47-ac18-52c4d044e3fc_13523-54,1517,1,3,63.9,26.8,28.5,35.2,28.5,0.532,False,False,111.8958,620.0116,-0.7404,22.3706,-0.6475
d40be91b-85bb-4c47-ac18-52c4d044e3fc_13523-54,1517,1,4,-0.5,177.8,27.0,43.0,27.0,0.488,False,True,676.6459,1161.7991,-0.2345,38.4931,-0.3401
d40be91b-85bb-4c47-ac18-52c4d044e3fc_13523-54,1517,1,5,203.4,37.2,29.2,32.9,29.2,0.405,False,False,235.7314,705.856,-0.4751,35.1537,-0.718
d40be91b-85bb-4c47-ac18-52c4d044e3fc_13523-54,1517,2,0,75.5,3.6,39.0,39.7,39.0,0.525,False,True,21.1606,988.1505,-1.6497,22.0733,-1.343
d40be91b-85bb-4c47-ac18-52c4d044e3fc_13523-54,1517,3,0,70.0,2.7,34.3,33.4,33.4,0.782,True,True,23.0017,1339.25,-1.7469,18.4999,-1.1554
d40be91b-85bb-4c47-ac18-52c4d044e3fc_13523-54,1517,4,0,488.6,4.4,102.8,157.8,102.8,0.781,True,False,124.606,131.8005,-0.0242,20.4239,-0.5223
d40be91b-85bb-4c47-ac18-52c4d044e3fc_13523-54,1517,4,1,114.3,10.0,27.9,40.1,27.9,0.585,False,False,29.392,1262.3998,-1.6188,34.0449,-1.5817
d40be91b-85bb-4c47-ac18-52c4d044e3fc_13523-54,1517,4,2,208.7,4.6,37.1,32.0,32.0,0.525,False,False,250.3338,406.5957,-0.21,39.9875,-0.8039
d40be91b-85bb-4c47-ac18-52c4d044e3fc_13523-54,1517,4,3,382.5,1.3,40.1,24.2,24.2,0.508,False,True,108.5734,527.951,-0.6837,36.5876,-1.0873
d40be91b-85bb-4c47-ac18-52c4d044e3fc_13523-54,1517,4,4,1.6,21.9,15.7,23.9,15.7,0.429,False,True,194.7234,150.6849,0.1107,29.0305,-0.6346
d40be91b-85bb-4c47-ac18-52c4d044e3fc_13523-54,1517,4,5,112.0,1.4,21.1,23.5,21.1,0.402,False,True,103.6869,414.1564,-0.5983,16.5977,-0.4218
d40be91b-85bb-4c47-ac18-52c4d044e3fc_13523-54,1517,5,0,390.2,-0.4,147.6,163.1,147.6,0.706,True,True,23.513,655.9001,-1.4281,20.0998,-1.2181
d40be91b-85bb-4c47-ac18-52c4d044e3fc_13523-54,1517,5,1,33.6,20.4,25.4,33.9,25.4,0.49,False,False,17.9794,1824.2208,-1.983,29.7922,-1.6704
d40be91b-85bb-4c47-ac18-52c4d044e3fc_13523-54,1517,5,2,29.8,7.2,19.9,25.9,19.9,0.454,False,False,15.5772,1286.6641,-1.8903,11.2351,-0.8851
d40be91b-85bb-4c47-ac18-52c4d044e3fc_13523-54,1517,5,3,295.7,0.5,38.5,22.8,22.8,0.444,False,True,576.8522,2326.5575,-0.6051,35.7924,-0.3461
d40be91b-85bb-4c47-ac18-52c4d044e3fc_13523-54,1517,5,4,119.9,-0.7,48.7,35.6,35.6,0.429,False,True,38.93,888.9525,-1.3481,24.5168,-1.1783
d40be91b-85bb-4c47-ac18-52c4d044e3fc_2988-20,1518,1,0,466.2,15.9,64.5,88.4,64.5,0.468,False,False,56.2827,237.8007,-0.62,36.6862,-1.3713
d40be91b-85bb-4c47-ac18-52c4d044e3fc_2988-20,1518,4,0,249.0,51.8,31.2,36.3,31.2,0.506,False,False,2819.5587,1743.1088,0.2088,44.8125,0.1473
d551e6e5-50b5-4eab-88df-f213e6509ea0_1428-48,1521,1,0,39.3,116.0,81.1,115.6,81.1,0.415,False,False,153.906,60.2609,0.4029,25.951,-0.6389
d551e6e5-50b5-4eab-88df-f213e6509ea0_1428-48,1521,4,0,241.0,243.8,38.9,48.9,38.9,0.649,True,False,54.5561,323.5845,-0.7666,32.9429,-1.2912
d551e6e5-50b5-4eab-88df-f213e6509ea0_1428-48,1521,5,0,369.2,244.2,35.3,44.3,35.3,0.847,True,False,23.5362,430.4321,-1.2451,9.5098,-0.5713
d55c3204-8dfe-44c4-8822-d748e6fe6d8a_600-02,1522,1,0,325.6,135.0,59.2,67.5,59.2,0.76,True,False,2.4028,88.9895,-1.4223,9.278,-1.4081
d55c3204-8dfe-44c4-8822-d748e6fe6d8a_600-02,1522,1,1,148.4,251.7,11.5,14.6,11.5,0.453,False,False,267.3762,1146.3077,-0.6309,18.3682,-0.1007
d55c3204-8dfe-44c4-8822-d748e6fe6d8a_600-02,1522,2,0,297.5,133.9,39.8,53.4,39.8,0.633,True,False,2.9722,175.7194,-1.6483,12.4909,-1.5969
d55c3204-8dfe-44c4-8822-d748e6fe6d8a_600-02,1522,2,1,57.7,273.9,15.9,20.7,15.9,0.455,False,False,68.1059,1096.6627,-1.201,6.9425,0.1476
d55c3204-8dfe-44c4-8822-d748e6fe6d8a_600-02,1522,3,0,301.8,110.7,68.3,81.8,68.3,0.873,True,False,2.4572,122.987,-1.5547,7.1608,-1.1796
d55c3204-8dfe-44c4-8822-d748e6fe6d8a_600-02,1522,3,1,53.1,281.9,13.2,17.1,13.2,0.48,False,False,16.8767,1285.3699,-1.8571,5.5265,-0.2466
d55c3204-8dfe-44c4-8822-d748e6fe6d8a_600-02,1522,3,2,144.2,264.2,11.9,15.7,11.9,0.404,False,False,301.1636,1080.1904,-0.5537,17.1437,0.0106
d55c3204-8dfe-44c4-8822-d748e6fe6d8a_600-02,1522,4,0,243.0,183.0,53.0,60.1,53.0,0.442,False,False,2.5812,269.4895,-1.8781,4.8168,-0.8298
d55c3204-8dfe-44c4-8822-d748e6fe6d8a_600-02,1522,5,0,356.9,184.7,97.7,104.4,97.7,0.87,True,False,2.2293,46.6999,-1.1694,6.1588,-1.0812
d55c3204-8dfe-44c4-8822-d748e6fe6d8a_600-02,1522,5,1,254.2,299.5,70.7,100.0,70.7,0.776,False,False,10.7636,30.4433,-0.427,16.8085,-1.3821
d55c3204-8dfe-44c4-8822-d748e6fe6d8a_600-02,1522,5,2,10.2,212.8,22.3,31.6,22.3,0.435,False,False,273.9075,848.8959,-0.4902,15.6666,0.0475
d55c3204-8dfe-44c4-8822-d748e6fe6d8a_759-81,1523,1,0,491.9,152.8,88.1,129.8,88.1,0.718,True,False,10.1315,179.5091,-1.2099,9.5568,-0.9188
d55c3204-8dfe-44c4-8822-d748e6fe6d8a_759-81,1523,1,1,494.7,247.9,46.6,74.9,46.6,0.488,False,False,5.0427,27.6108,-0.6753,9.2959,-1.1603
d55c3204-8dfe-44c4-8822-d748e6fe6d8a_759-81,1523,3,0,496.7,249.5,58.1,91.6,58.1,0.67,True,False,3.408,187.785,-1.6317,10.4681,-1.3994
d55c3204-8dfe-44c4-8822-d748e6fe6d8a_759-81,1523,5,0,522.4,253.2,106.9,131.8,106.9,0.848,False,False,2.4618,56.356,-1.2193,9.4122,-1.413
d6491872-31a0-4015-b9e1-ae992406f849_51-07,1524,1,0,440.4,312.3,65.4,75.2,65.4,0.669,False,True,123.337,874.9939,-0.8479,28.3211,-0.8102
d64fb34a-08fd-416c-ac6f-86a0813869a8_275-80,1525,1,0,411.7,197.8,27.7,37.4,27.7,0.626,False,False,65.6533,287.5068,-0.6363,11.9522,-0.3341
d64fb34a-08fd-416c-ac6f-86a0813869a8_437-60,1527,1,0,310.8,227.1,123.9,117.3,117.3,0.442,False,False,3.6561,73.1252,-1.2019,23.5746,-2.0777
d64fb34a-08fd-416c-ac6f-86a0813869a8_437-60,1527,2,0,260.6,208.5,139.6,146.6,139.6,0.543,False,False,3.7714,331.1886,-1.8427,22.919,-2.0426
d64fb34a-08fd-416c-ac6f-86a0813869a8_437-60,1527,3,0,267.5,209.0,124.4,138.7,124.4,0.623,False,False,3.6603,433.8399,-1.9699,22.7713,-2.0472
d64fb34a-08fd-416c-ac6f-86a0813869a8_466-80,1528,2,0,144.7,160.6,267.7,212.6,212.6,0.473,False,True,2.9737,484.3528,-2.0869,34.1229,-2.4673
d64fb34a-08fd-416c-ac6f-86a0813869a8_466-80,1528,3,0,141.3,103.4,329.0,278.5,278.5,0.439,False,True,3.2844,331.5487,-1.89,48.5254,-2.7402
d64fb34a-08fd-416c-ac6f-86a0813869a8_466-80,1528,5,0,575.0,118.9,63.3,96.4,63.3,0.728,False,True,938.3059,831.5959,0.0524,38.5168,-0.1988
d64fb34a-08fd-416c-ac6f-86a0813869a8_494-32,1529,2,0,463.2,71.5,86.0,109.0,86.0,0.463,False,False,1391.0095,775.9903,0.2532,41.5451,-0.0936
d64fb34a-08fd-416c-ac6f-86a0813869a8_494-32,1529,3,0,435.9,61.6,75.2,84.9,75.2,0.745,False,False,560.7641,887.2747,-0.199,36.1927,-0.368
d64fb34a-08fd-416c-ac6f-86a0813869a8_494-32,1529,3,1,129.0,153.9,232.3,201.6,201.6,0.521,False,False,2.8594,219.4281,-1.7567,32.9845,-2.4505
d64fb34a-08fd-416c-ac6f-86a0813869a8_494-32,1529,4,0,153.5,96.4,266.4,301.8,266.4,0.539,False,True,3.1528,232.3024,-1.7496,30.7087,-2.3566
d64fb34a-08fd-416c-ac6f-86a0813869a8_512-82,1530,2,0,192.6,162.3,199.1,186.6,186.6,0.705,False,False,2.5102,218.2938,-1.7957,14.5205,-1.7807
d64fb34a-08fd-416c-ac6f-86a0813869a8_512-82,1530,5,0,157.2,98.6,229.8,265.2,229.8,0.873,False,True,3.0227,144.4726,-1.5583,31.5449,-2.3938
d64fb34a-08fd-416c-ac6f-86a0813869a8_512-82,1530,5,1,478.1,95.0,78.9,102.9,78.9,0.499,False,False,613.4858,471.4956,0.1141,39.9274,-0.4143
d64fb34a-08fd-416c-ac6f-86a0813869a8_810-92,1531,1,0,93.2,139.9,25.2,38.5,25.2,0.451,False,False,187.5802,422.5357,-0.3514,27.0495,-0.5894
d64fb34a-08fd-416c-ac6f-86a0813869a8_810-92,1531,2,0,324.8,-5.1,162.9,162.9,162.9,0.492,False,True,1626.6336,2380.0719,-0.1652,42.6416,-0.0484
d64fb34a-08fd-416c-ac6f-86a0813869a8_810-92,1531,5,0,265.7,50.7,154.2,228.4,154.2,0.498,False,False,104.8327,331.0082,-0.4965,40.2048,-1.1842
d66f42bb-822b-444a-bce0-ddd15b29bd1b_149-48,1532,2,0,234.4,293.0,28.7,38.2,28.7,0.442,False,False,5878.9688,2696.9573,0.3383,42.2243,0.518
d66f42bb-822b-444a-bce0-ddd15b29bd1b_7-30,1533,2,0,509.9,310.1,22.3,28.0,22.3,0.539,False,False,14.4918,1684.646,-2.0367,6.78,-0.4817
d66f42bb-822b-444a-bce0-ddd15b29bd1b_7-30,1533,2,1,293.9,278.1,9.7,11.4,9.7,0.434,False,False,14.0322,6461.2779,-2.6334,8.8863,-0.7259
d66f42bb-822b-444a-bce0-ddd15b29bd1b_7-30,1533,3,0,359.7,301.4,29.0,40.7,29.0,0.504,False,False,30.0493,1490.2464,-1.6815,7.5803,-0.2748
d66f42bb-822b-444a-bce0-ddd15b29bd1b_7-30,1533,5,0,145.1,262.6,11.2,13.4,11.2,0.468,False,False,77.4514,7920.3731,-2.0042,9.6639,-0.0803
d6f9d174-2d42-49e7-83e4-daa9e8b0aa25_1070-43,1535,1,0,525.2,15.9,109.9,166.2,109.9,0.626,False,False,259.5463,763.1778,-0.4673,27.8876,-0.4755
d6f9d174-2d42-49e7-83e4-daa9e8b0aa25_1389-10,1536,1,0,-5.3,168.2,72.6,99.1,72.6,0.445,False,True,1455.4066,269.2728,0.7315,42.9383,-0.1026
d6f9d174-2d42-49e7-83e4-daa9e8b0aa25_1389-10,1536,2,0,124.7,217.8,23.5,29.9,23.5,0.453,False,False,29.5784,29.1925,0.0055,6.1042,-0.0973
d6f9d174-2d42-49e7-83e4-daa9e8b0aa25_211-63,1537,4,0,403.9,62.7,44.5,52.9,44.5,0.574,False,False,17.02,1178.6457,-1.816,7.5165,-0.5039
d6f9d174-2d42-49e7-83e4-daa9e8b0aa25_211-63,1537,5,0,347.1,77.1,12.1,16.3,12.1,0.454,False,False,2988.7896,4912.928,-0.2158,43.2682,0.2031
d6f9d174-2d42-49e7-83e4-daa9e8b0aa25_270-04,1538,2,0,548.8,260.6,92.0,104.2,92.0,0.636,False,True,386.1259,646.4705,-0.2234,42.1568,-0.6621
d6f9d174-2d42-49e7-83e4-daa9e8b0aa25_270-04,1538,2,1,-2.2,65.7,91.3,147.5,91.3,0.441,False,True,134.9687,141.3799,-0.02,24.9604,-0.6618
d6f9d174-2d42-49e7-83e4-daa9e8b0aa25_270-04,1538,3,0,510.8,277.9,83.4,95.3,83.4,0.693,False,True,692.0079,1315.9518,-0.2788,55.1215,-0.642
d6f9d174-2d42-49e7-83e4-daa9e8b0aa25_270-04,1538,5,0,319.8,83.2,37.0,50.4,37.0,0.738,True,False,17.5243,254.1047,-1.139,18.2547,-1.2563
d6f9d174-2d42-49e7-83e4-daa9e8b0aa25_270-04,1538,5,1,459.9,138.8,64.7,99.9,64.7,0.613,False,False,221.7992,210.1137,0.0234,47.2379,-1.0009
d6f9d174-2d42-49e7-83e4-daa9e8b0aa25_64-13,1540,1,0,148.9,150.9,111.6,138.2,111.6,0.637,False,False,73.3383,140.1848,-0.2786,37.1537,-1.2691
d6f9d174-2d42-49e7-83e4-daa9e8b0aa25_64-13,1540,2,0,364.6,158.6,17.9,21.9,17.9,0.428,False,False,1914.003,6639.2195,-0.54,28.028,0.3864
d6f9d174-2d42-49e7-83e4-daa9e8b0aa25_831-84,1541,3,0,-2.1,167.4,147.8,198.0,147.8,0.408,False,True,45.6427,80.1031,-0.2403,36.3049,-1.4515
d730a47a-013d-4cd3-b478-370f2fb0d918_1149-88,1543,4,0,426.4,1.5,112.6,72.5,72.5,0.811,True,True,28.0802,87.9464,-0.4855,50.6184,-1.9452
d730a47a-013d-4cd3-b478-370f2fb0d918_1149-88,1543,5,0,414.8,80.9,78.9,102.9,78.9,0.93,False,False,271.3223,534.6038,-0.2938,39.9283,-0.7678
d7480d27-f607-4a5a-8c31-9d299f70a4b8_1934-95,1544,5,0,394.2,13.3,16.8,19.3,16.8,0.621,True,False,2643.2665,3741.808,-0.1509,25.1428,0.6208
d7480d27-f607-4a5a-8c31-9d299f70a4b8_1934-95,1544,5,1,281.3,62.1,17.4,23.1,17.4,0.58,False,False,3253.3166,3169.3244,0.0114,45.4697,0.1968
d7480d27-f607-4a5a-8c31-9d299f70a4b8_3616-43,1545,1,0,576.6,114.0,53.3,63.3,53.3,0.43,False,False,11.7502,351.8054,-1.442,12.8179,-1.1128
d7480d27-f607-4a5a-8c31-9d299f70a4b8_3616-43,1545,2,0,543.5,10.0,73.5,92.4,73.5,0.738,False,False,397.0122,1639.156,-0.615,21.3559,-0.0601
d7480d27-f607-4a5a-8c31-9d299f70a4b8_3616-43,1545,3,0,517.6,16.5,75.8,90.5,75.8,0.811,False,False,399.9385,2845.6746,-0.8513,22.8345,-0.1149
d7480d27-f607-4a5a-8c31-9d299f70a4b8_3616-43,1545,5,0,234.6,393.7,16.4,19.8,16.4,0.647,False,False,4928.4516,3700.7437,0.1244,36.0081,0.5797
d7480d27-f607-4a5a-8c31-9d299f70a4b8_3616-43,1545,5,1,358.2,421.9,12.6,15.8,12.6,0.524,False,False,4051.439,6084.1716,-0.1766,28.2975,0.7037
d7480d27-f607-4a5a-8c31-9d299f70a4b8_3616-43,1545,5,2,252.6,447.5,28.8,31.5,28.8,0.503,False,True,859.9616,1893.3221,-0.3425,34.3441,-0.1371
d7480d27-f607-4a5a-8c31-9d299f70a4b8_3616-43,1545,5,3,539.0,340.4,49.8,78.2,49.8,0.484,False,False,177.4291,1013.132,-0.7546,36.2288,-0.867
d7480d27-f607-4a5a-8c31-9d299f70a4b8_3616-43,1545,5,4,551.7,89.9,78.2,87.2,78.2,0.429,False,False,11.0051,194.7543,-1.2123,12.7676,-1.1355
d7480d27-f607-4a5a-8c31-9d299f70a4b8_406-05,1546,5,0,72.4,24.1,35.1,46.4,35.1,0.669,True,False,1021.171,4774.2794,-0.6695,44.3405,-0.2843
d74c95ba-e072-44f8-bb2f-2631379af06d_1057-19,1547,1,0,51.1,-0.8,33.7,33.3,33.3,0.602,False,True,696.1776,533.9362,0.115,15.0468,0.4865
d74c95ba-e072-44f8-bb2f-2631379af06d_1057-19,1547,4,0,464.9,1.3,178.3,183.1,178.3,0.416,False,True,369.2606,268.3788,0.1381,28.5695,-0.3438
d74c95ba-e072-44f8-bb2f-2631379af06d_1057-19,1547,5,0,30.1,12.7,143.8,178.0,143.8,0.563,False,False,119.0028,385.7606,-0.5083,30.84,-0.8995
d7d516f6-4ba0-4ea7-a18f-f943abc50ff8_869-60,1549,1,0,151.6,315.7,189.2,167.9,167.9,0.744,False,True,5.222,58.8834,-0.9834,28.8104,-2.1257
d7d516f6-4ba0-4ea7-a18f-f943abc50ff8_869-60,1549,4,0,85.1,-45.3,359.4,454.9,359.4,0.44,False,True,230.5494,223.7393,0.013,30.981,-0.618
d813a821-8cc1-4700-a7a4-d4e6edfed26e_449-05,1550,3,0,299.3,50.7,54.4,65.0,54.4,0.818,False,False,5433.1554,1490.8303,0.5614,35.7318,0.6287
d813a821-8cc1-4700-a7a4-d4e6edfed26e_449-05,1550,4,0,303.7,42.6,64.9,71.1,64.9,0.512,False,False,4087.4811,1082.6645,0.5767,34.6741,0.5312
d813a821-8cc1-4700-a7a4-d4e6edfed26e_449-05,1550,5,0,269.4,27.1,66.4,77.7,66.4,0.761,False,False,1184.3879,250.8742,0.6727,32.1316,0.0596
d813a821-8cc1-4700-a7a4-d4e6edfed26e_57-94,1551,2,0,325.6,221.7,74.2,89.1,74.2,0.625,False,False,68.8077,134.8754,-0.2892,14.762,-0.4964
d813a821-8cc1-4700-a7a4-d4e6edfed26e_57-94,1551,2,1,299.6,82.2,35.2,65.5,35.2,0.465,False,False,85.1461,281.6317,-0.516,16.492,-0.5009
d813a821-8cc1-4700-a7a4-d4e6edfed26e_57-94,1551,2,2,351.8,189.7,161.5,172.2,161.5,0.464,False,False,156.1469,113.779,0.1364,19.9182,-0.4033
d813a821-8cc1-4700-a7a4-d4e6edfed26e_57-94,1551,3,0,371.0,188.9,205.6,207.1,205.6,0.403,False,False,28.2709,20.9979,0.1241,17.3468,-1.0134
d813a821-8cc1-4700-a7a4-d4e6edfed26e_57-94,1551,4,0,428.2,72.4,182.8,202.8,182.8,0.562,False,False,10.1026,10.6815,-0.0221,21.8403,-1.634
d8936caf-0142-4ceb-bacc-70313a19f169_142-89,1553,1,0,243.3,291.8,56.9,68.4,56.9,0.898,False,True,123.5251,673.0236,-0.7334,20.9258,-0.5471
d8936caf-0142-4ceb-bacc-70313a19f169_142-89,1553,2,0,192.0,284.1,67.7,80.0,67.7,0.882,False,True,25.6945,98.9119,-0.5732,23.3483,-1.3109
d8936caf-0142-4ceb-bacc-70313a19f169_142-89,1553,3,0,219.8,198.4,70.8,98.4,70.8,0.919,False,False,323.6159,454.0243,-0.1467,31.8138,-0.4943
d8936caf-0142-4ceb-bacc-70313a19f169_694-31,1555,2,0,256.5,21.2,188.6,158.9,158.9,0.499,False,False,74.6477,17.5394,0.6107,24.5217,-0.901
d8c7bf34-0440-48b3-bf22-263d7c926074_109-23,1558,1,0,342.1,120.9,31.3,44.2,31.3,0.8,True,False,140.8458,707.1408,-0.6983,23.5595,-0.5933
d8c7bf34-0440-48b3-bf22-263d7c926074_109-23,1558,1,1,519.6,213.9,8.2,9.9,8.2,0.417,False,False,4835.3875,5618.408,-0.0652,33.653,0.6301
d8c7bf34-0440-48b3-bf22-263d7c926074_109-23,1558,2,0,257.2,126.3,41.2,47.6,41.2,0.897,True,False,68.6814,532.3195,-0.8839,18.8276,-0.7077
d8c7bf34-0440-48b3-bf22-263d7c926074_109-23,1558,3,0,251.5,208.9,60.3,72.5,60.3,0.874,False,False,60.1019,344.2126,-0.752,19.1549,-0.7797
d8c7bf34-0440-48b3-bf22-263d7c926074_109-23,1558,4,0,271.0,251.6,81.4,102.8,81.4,0.66,False,False,8.3972,527.0167,-1.7496,11.1101,-1.1219
daf5384b-ea5c-4cce-bb8a-540a360075bf_1127-92,1560,1,0,292.0,176.7,16.4,22.0,16.4,0.618,False,False,124.0346,31.7928,0.5813,5.946,0.5365
daf5384b-ea5c-4cce-bb8a-540a360075bf_1127-92,1560,1,1,248.9,177.9,23.7,26.6,23.7,0.471,False,False,15.8361,69.7576,-0.6235,6.306,-0.3841
daf5384b-ea5c-4cce-bb8a-540a360075bf_1127-92,1560,1,2,190.9,190.1,26.3,29.4,26.3,0.43,False,False,2383.2035,885.4843,0.4297,44.572,0.079
db00f224-0dba-4c50-975a-178e0e1033fe_290-41,1562,1,0,136.7,188.9,165.3,178.4,165.3,0.401,False,True,29.1719,149.854,-0.699,11.8512,-0.671
db00f224-0dba-4c50-975a-178e0e1033fe_290-41,1562,2,0,231.7,122.4,8.8,11.4,8.8,0.436,False,False,2024.4097,4022.3809,-0.2981,16.453,0.8724
db35b386-4c65-4c5e-a488-51b2aa5eb1fb_1982-83,1563,2,0,333.8,39.5,127.5,141.0,127.5,0.903,True,False,728.4844,3454.7658,-0.6755,56.5504,-0.642
db35b386-4c65-4c5e-a488-51b2aa5eb1fb_1982-83,1563,3,0,-11.0,88.4,284.1,406.8,284.1,0.864,False,True,191.8184,1217.6792,-0.8007,46.0259,-1.0411
db35b386-4c65-4c5e-a488-51b2aa5eb1fb_1982-83,1563,4,0,52.4,191.1,131.5,146.6,131.5,0.905,True,False,127.4835,2461.8668,-1.2826,41.0089,-1.1172
db35b386-4c65-4c5e-a488-51b2aa5eb1fb_1982-83,1563,5,0,0.8,122.4,264.3,324.6,264.3,0.803,False,True,352.7071,1646.9512,-0.6683,44.6377,-0.751
db35b386-4c65-4c5e-a488-51b2aa5eb1fb_481-32,1564,3,0,302.8,369.4,65.2,79.1,65.2,0.487,False,False,422.389,155.4499,0.4324,48.7212,-0.7489
db35b386-4c65-4c5e-a488-51b2aa5eb1fb_481-32,1564,5,0,378.7,57.8,64.7,76.9,64.7,0.908,True,False,148.3899,303.0635,-0.3086,27.4675,-0.7039
db35b386-4c65-4c5e-a488-51b2aa5eb1fb_589-73,1566,3,0,365.6,159.0,123.0,157.5,123.0,0.407,False,False,899.6664,1051.7998,-0.0678,42.9214,-0.311
db35b386-4c65-4c5e-a488-51b2aa5eb1fb_589-73,1566,5,0,313.0,206.8,59.0,71.7,59.0,0.425,False,False,2758.4355,1736.763,0.2008,67.623,-0.2195
dbcca18b-4b62-4ba1-b799-a6a65231d084_2471-26,1567,2,0,407.8,-3.6,211.8,186.5,186.5,0.52,False,True,85.0822,41.5888,0.3056,19.6868,-0.6546
dbcca18b-4b62-4ba1-b799-a6a65231d084_2471-26,1567,4,0,337.9,28.9,210.4,194.4,194.4,0.427,False,False,78.5193,80.6279,-0.0114,14.9039,-0.4481
dbcca18b-4b62-4ba1-b799-a6a65231d084_3795-07,1569,5,0,482.9,127.9,30.3,38.6,30.3,0.813,True,False,4.148,111.9659,-1.3413,6.431,-0.9153
dc16fb2a-7caf-41f4-b2a3-d2ff8cd38255_65-68,1570,5,0,-4.1,1.4,286.2,212.4,212.4,0.725,True,True,5.3257,8.0902,-0.1575,21.1688,-1.8512
dc4d0940-b35c-4700-af77-5f13bb530ad8_1063-54,1571,1,0,180.4,220.8,59.7,64.5,59.7,0.899,False,False,227.6623,68.5979,0.5166,34.458,-0.7158
dc4d0940-b35c-4700-af77-5f13bb530ad8_1063-54,1571,2,0,193.3,208.1,57.2,67.1,57.2,0.919,False,False,338.0671,204.011,0.2185,32.9246,-0.5052
dc4d0940-b35c-4700-af77-5f13bb530ad8_1063-54,1571,3,0,183.5,197.9,50.3,59.8,50.3,0.92,False,False,120.5166,99.8387,0.081,27.8088,-0.8043
dc4d0940-b35c-4700-af77-5f13bb530ad8_1063-54,1571,4,0,192.1,214.7,50.6,60.7,50.6,0.913,False,False,109.1746,90.2214,0.082,29.8933,-0.9096
dc4d0940-b35c-4700-af77-5f13bb530ad8_1063-54,1571,5,0,222.6,237.2,47.1,61.1,47.1,0.912,False,False,76.651,54.8321,0.1433,29.0439,-1.0365
dca2e9e2-acde-49b7-8b0e-5a150e536769_3059-39,1572,5,0,-4.7,30.1,98.2,187.7,98.2,0.629,False,True,21.6419,73.2092,-0.5155,20.3689,-1.2641
dced4894-d13a-4222-941b-5e4ecf1e3299_1046-91,1573,1,0,325.5,455.2,13.6,16.6,13.6,0.508,False,False,751.7844,1548.7666,-0.3136,28.2161,-0.0249
dced4894-d13a-4222-941b-5e4ecf1e3299_1046-91,1573,4,0,43.3,304.7,175.1,165.3,165.3,0.415,False,False,14.7994,64.1238,-0.6151,22.6225,-1.5113
dced4894-d13a-4222-941b-5e4ecf1e3299_1046-91,1573,5,0,500.6,257.1,10.2,13.1,10.2,0.651,True,False,165.4253,621.0548,-0.5726,20.8793,-0.4192
dced4894-d13a-4222-941b-5e4ecf1e3299_1046-91,1573,5,1,185.0,199.3,8.4,10.7,8.4,0.405,False,False,49.1094,974.1954,-1.2892,22.3745,-1.0005
dced4894-d13a-4222-941b-5e4ecf1e3299_629-13,1575,1,0,46.7,21.7,293.3,444.2,293.3,0.606,False,False,81.4949,144.2066,-0.2456,30.9134,-1.0643
dced4894-d13a-4222-941b-5e4ecf1e3299_629-13,1575,4,0,252.7,208.0,90.1,112.2,90.1,0.808,False,False,409.9783,337.9422,0.0837,25.1872,-0.1892
dced4894-d13a-4222-941b-5e4ecf1e3299_629-13,1575,5,0,386.2,218.3,85.0,105.9,85.0,0.754,False,False,39.9317,97.4865,-0.3813,23.2007,-1.1198
dced4894-d13a-4222-941b-5e4ecf1e3299_629-13,1575,5,1,355.4,191.3,77.8,114.4,77.8,0.625,True,False,23.053,172.9451,-0.8592,17.2124,-1.092
dd0aa717-59d8-4d8a-9f11-21be827fb184_1260-03,1577,1,0,88.7,167.2,30.5,38.7,30.5,0.808,True,False,971.718,2642.0542,-0.4341,43.3583,-0.2864
dd0aa717-59d8-4d8a-9f11-21be827fb184_1260-03,1577,4,0,4.0,62.5,125.4,173.5,125.4,0.514,False,True,2.6421,114.8983,-1.5027,17.9537,-1.9483
dd0aa717-59d8-4d8a-9f11-21be827fb184_1260-03,1577,5,0,109.7,8.5,147.0,160.0,147.0,0.912,True,False,42.1057,681.7569,-1.1997,48.8045,-1.7426
dd0aa717-59d8-4d8a-9f11-21be827fb184_406-80,1578,2,0,117.9,253.0,172.5,136.0,136.0,0.697,False,True,11.6213,126.3152,-1.0038,41.062,-2.126
dd0aa717-59d8-4d8a-9f11-21be827fb184_406-80,1578,3,0,153.2,254.3,143.6,134.2,134.2,0.638,False,True,8.2867,86.0943,-0.9721,31.3977,-2.0264
dd0aa717-59d8-4d8a-9f11-21be827fb184_406-80,1578,4,0,113.1,215.0,107.7,129.6,107.7,0.859,False,False,42.6183,470.3944,-1.0337,38.8433,-1.5393
dd0aa717-59d8-4d8a-9f11-21be827fb184_406-80,1578,5,0,187.7,220.2,86.4,110.0,86.4,0.923,False,False,85.188,422.0707,-0.691,47.1555,-1.4118
dd0aa717-59d8-4d8a-9f11-21be827fb184_600-81,1579,2,0,181.7,231.8,39.1,46.9,39.1,0.657,False,False,35.1089,253.526,-0.8481,20.8687,-1.0824
dd0aa717-59d8-4d8a-9f11-21be827fb184_600-81,1579,2,1,52.7,237.1,14.6,18.4,14.6,0.503,False,False,247.9265,201.0843,0.0905,24.4423,-0.3809
dd0aa717-59d8-4d8a-9f11-21be827fb184_600-81,1579,3,0,318.7,203.8,56.0,74.1,56.0,0.886,False,False,75.6714,275.882,-0.5577,28.0957,-1.0132
dd508a2a-1ea7-43d2-805a-8080eeae9985_1035-99,1580,5,0,193.8,-5.4,194.6,175.6,175.6,0.524,False,True,4.9111,345.4377,-1.768,25.1846,-2.0313
dd508a2a-1ea7-43d2-805a-8080eeae9985_1133-08,1581,1,0,32.0,173.1,52.2,106.2,52.2,0.669,True,False,30.0148,195.1627,-0.801,10.8396,-0.5821
dd508a2a-1ea7-43d2-805a-8080eeae9985_1133-08,1581,3,0,539.2,144.3,33.6,54.1,33.6,0.676,True,False,24.6439,996.2296,-1.5898,14.9493,-0.9422
dd508a2a-1ea7-43d2-805a-8080eeae9985_1133-08,1581,5,0,306.6,82.8,27.3,34.5,27.3,0.799,False,False,44.1648,204.0628,-0.6571,19.8529,-0.9419
dd508a2a-1ea7-43d2-805a-8080eeae9985_27-58,1582,1,0,324.5,35.0,48.5,65.4,48.5,0.861,True,False,273.9594,565.6113,-0.314,24.8666,-0.3527
dd508a2a-1ea7-43d2-805a-8080eeae9985_27-58,1582,2,0,424.0,89.1,56.6,72.6,56.6,0.835,True,False,730.9947,960.0281,-0.1182,25.4287,0.0532
dd508a2a-1ea7-43d2-805a-8080eeae9985_27-58,1582,2,1,132.6,58.7,25.9,37.4,25.9,0.676,False,False,1893.592,1530.974,0.0923,33.9435,0.2156
dd508a2a-1ea7-43d2-805a-8080eeae9985_27-58,1582,2,2,144.5,57.5,32.1,40.6,32.1,0.403,False,False,1717.6297,1583.7899,0.0352,43.6925,-0.0459
dd508a2a-1ea7-43d2-805a-8080eeae9985_27-58,1582,3,0,186.7,17.1,28.4,37.3,28.4,0.827,True,False,27.9106,340.9054,-1.0728,12.6154,-0.7435
dd508a2a-1ea7-43d2-805a-8080eeae9985_27-58,1582,3,1,416.4,20.7,57.6,76.0,57.6,0.769,True,False,220.7772,749.8899,-0.5297,20.6188,-0.2836
dd508a2a-1ea7-43d2-805a-8080eeae9985_27-58,1582,4,0,232.0,38.7,22.3,24.5,22.3,0.637,True,False,26.2288,1643.8085,-1.7811,8.5283,-0.4326
dd508a2a-1ea7-43d2-805a-8080eeae9985_36-14,1583,1,0,110.6,15.3,57.6,88.8,57.6,0.642,True,False,101.1328,215.41,-0.3261,25.8357,-0.8159
dd508a2a-1ea7-43d2-805a-8080eeae9985_36-14,1583,2,0,10.2,58.8,96.8,120.2,96.8,0.832,True,False,5.1117,634.1012,-2.0167,14.8567,-1.5596
dd508a2a-1ea7-43d2-805a-8080eeae9985_36-14,1583,3,0,574.8,35.9,27.9,31.2,27.9,0.424,False,False,1671.1721,905.8078,0.2658,50.3662,-0.1812
dd508a2a-1ea7-43d2-805a-8080eeae9985_36-14,1583,5,0,51.1,31.2,123.8,142.9,123.8,0.717,True,False,97.4394,199.9113,-0.3098,47.9133,-1.3679
dd508a2a-1ea7-43d2-805a-8080eeae9985_856-81,1584,3,0,-2.6,-2.5,60.1,86.9,60.1,0.516,False,True,13.1165,636.5979,-1.6548,17.9646,-1.3605
dd508a2a-1ea7-43d2-805a-8080eeae9985_856-81,1584,4,0,-4.4,10.3,50.8,109.0,50.8,0.543,False,True,4.8221,1318.9641,-2.3555,13.4702,-1.4961
dd508a2a-1ea7-43d2-805a-8080eeae9985_856-81,1584,4,1,344.6,82.9,55.6,76.2,55.6,0.512,False,False,11.6715,186.8471,-1.171,10.9545,-0.98
dd508a2a-1ea7-43d2-805a-8080eeae9985_856-81,1584,5,0,324.0,122.5,86.4,100.8,86.4,0.838,True,False,28.3963,577.134,-1.2937,12.9526,-0.759
dd508a2a-1ea7-43d2-805a-8080eeae9985_886-44,1585,1,0,267.0,235.8,136.8,171.9,136.8,0.493,False,False,404.0799,329.9422,0.0878,32.4384,-0.415
dd508a2a-1ea7-43d2-805a-8080eeae9985_886-44,1585,3,0,2.6,88.5,235.2,294.1,235.2,0.505,False,True,6.5117,157.3215,-1.3238,19.4656,-1.7039
dd508a2a-1ea7-43d2-805a-8080eeae9985_886-44,1585,4,0,230.0,173.6,78.4,99.7,78.4,0.639,False,False,20.6483,513.6128,-1.3761,13.9629,-0.9567
dd5214e7-85bb-41b4-93e0-5ef34b8af687_1307-52,1586,3,0,327.5,-2.6,197.0,203.6,197.0,0.549,False,True,129.8275,93.1766,0.1428,41.6629,-1.123
dd5214e7-85bb-41b4-93e0-5ef34b8af687_1307-52,1586,3,1,125.4,0.5,227.6,253.0,227.6,0.412,False,True,53.4422,425.6286,-0.8941,24.4341,-1.0408
dd5214e7-85bb-41b4-93e0-5ef34b8af687_1307-52,1586,4,0,-7.6,-0.7,155.9,111.1,111.1,0.471,False,True,1321.1118,357.9394,0.5662,65.3007,-0.5087
dd5214e7-85bb-41b4-93e0-5ef34b8af687_1307-52,1586,4,1,622.9,227.0,15.9,23.4,15.9,0.42,False,True,505.86,1871.4967,-0.5675,16.9267,0.2462
dd82f801-fc96-4ced-b066-ad559da3faab_124-35,1587,4,0,120.6,126.9,62.2,88.1,62.2,0.494,False,False,6041.2067,4662.9905,0.1124,44.5579,0.4831
dd82f801-fc96-4ced-b066-ad559da3faab_1750-27,1588,4,0,219.4,198.9,46.5,63.3,46.5,0.799,True,False,3.5504,935.0961,-2.3133,23.069,-2.0688
dd82f801-fc96-4ced-b066-ad559da3faab_1750-27,1588,5,0,258.5,213.3,55.0,77.3,55.0,0.682,True,False,3.9232,1302.114,-2.4227,27.7403,-2.1945
dd82f801-fc96-4ced-b066-ad559da3faab_1757-91,1589,1,0,207.0,68.1,86.2,111.6,86.2,0.705,False,False,3.1866,785.0545,-2.2736,30.6785,-2.3523
dd82f801-fc96-4ced-b066-ad559da3faab_1757-91,1589,2,0,298.6,158.6,120.8,151.0,120.8,0.873,False,False,3.6229,2314.782,-2.6998,28.1591,-2.2349
dd82f801-fc96-4ced-b066-ad559da3faab_1757-91,1589,3,0,309.4,176.7,81.8,101.3,81.8,0.85,False,False,3.8885,2139.0263,-2.6412,25.143,-2.1123
dd82f801-fc96-4ced-b066-ad559da3faab_1757-91,1589,4,0,378.0,-2.5,115.8,104.3,104.3,0.539,False,True,18.9888,988.1567,-1.6945,22.0983,-1.3888
dd82f801-fc96-4ced-b066-ad559da3faab_1757-91,1589,5,0,268.2,3.0,67.7,82.4,67.7,0.825,True,True,72.5857,1364.0539,-1.2684,14.0808,-0.4326
dd82f801-fc96-4ced-b066-ad559da3faab_1788-27,1590,1,0,260.8,111.0,76.0,127.8,76.0,0.579,False,False,28.2255,680.0254,-1.3674,21.6316,-1.2053
dd82f801-fc96-4ced-b066-ad559da3faab_1788-27,1590,2,0,291.1,110.0,130.1,149.1,130.1,0.749,False,False,2.9987,1705.0106,-2.6301,22.7728,-2.1137
dd82f801-fc96-4ced-b066-ad559da3faab_1788-27,1590,3,0,330.3,98.2,177.7,196.9,177.7,0.686,False,False,166.1464,2155.1072,-1.1106,51.8259,-1.2062
dd82f801-fc96-4ced-b066-ad559da3faab_284-37,1591,5,0,282.3,268.8,59.2,85.4,59.2,0.747,False,False,3.9253,1038.3103,-2.3243,22.9352,-2.0294
dd82f801-fc96-4ced-b066-ad559da3faab_601-49,1592,5,0,306.0,285.0,76.5,93.0,76.5,0.614,False,True,9.6031,466.3521,-1.6442,24.899,-1.7676
dd82f801-fc96-4ced-b066-ad559da3faab_621-91,1593,3,0,135.1,43.3,81.6,111.6,81.6,0.657,False,False,2.9028,717.1544,-2.2648,23.8438,-2.1641
dd82f801-fc96-4ced-b066-ad559da3faab_621-91,1593,3,1,162.9,32.7,210.1,177.5,177.5,0.461,False,False,119.0086,1299.7354,-1.035,28.3382,-0.8261
dd82f801-fc96-4ced-b066-ad559da3faab_621-91,1593,4,0,275.4,37.5,104.0,116.9,104.0,0.767,False,False,16.3597,1816.3874,-2.0199,24.7578,-1.5486
dd82f801-fc96-4ced-b066-ad559da3faab_621-91,1593,5,0,257.7,252.5,73.4,96.9,73.4,0.784,False,False,3.2997,742.1153,-2.2376,28.8608,-2.2877
dd82f801-fc96-4ced-b066-ad559da3faab_818-04,1594,3,0,404.7,204.7,59.8,75.1,59.8,0.761,False,False,3.7059,411.9404,-1.9432,19.5108,-1.909
dd82f801-fc96-4ced-b066-ad559da3faab_818-04,1594,4,0,302.7,201.5,67.2,92.1,67.2,0.869,False,False,3.4502,431.6956,-1.9878,22.5694,-2.0595
dd82f801-fc96-4ced-b066-ad559da3faab_818-04,1594,5,0,152.4,13.9,170.6,210.6,170.6,0.92,False,False,3.4934,553.5874,-2.0914,31.927,-2.3562
dd82f801-fc96-4ced-b066-ad559da3faab_836-46,1595,2,0,577.2,195.9,53.3,61.1,53.3,0.565,False,False,6596.2775,1894.7467,0.5416,64.9704,0.1938
dd82f801-fc96-4ced-b066-ad559da3faab_836-46,1595,3,0,491.2,5.9,80.1,104.4,80.1,0.655,True,False,52.7418,1674.4083,-1.4938,31.1386,-1.2567
dd82f801-fc96-4ced-b066-ad559da3faab_836-46,1595,4,0,240.7,225.8,87.3,109.2,87.3,0.765,False,False,3.5962,1682.7931,-2.5639,19.4843,-1.9181
dd82f801-fc96-4ced-b066-ad559da3faab_836-46,1595,5,0,250.4,167.2,108.0,143.7,108.0,0.863,False,False,3.4082,3093.6914,-2.8464,24.7599,-2.1439
de37a11d-1dcd-4f5b-9054-155093b3a073_1154-49,1597,1,0,324.3,88.7,21.9,29.1,21.9,0.559,False,False,36.9166,2721.3397,-1.8561,44.6177,-1.7204
de37a11d-1dcd-4f5b-9054-155093b3a073_1154-49,1597,1,1,213.4,69.9,18.5,23.5,18.5,0.441,False,False,53.4448,3463.7157,-1.8037,45.6822,-1.5837
de37a11d-1dcd-4f5b-9054-155093b3a073_1154-49,1597,1,2,166.4,75.2,13.3,15.8,13.3,0.411,False,False,260.3013,2930.6874,-1.05,30.7751,-0.5597
de37a11d-1dcd-4f5b-9054-155093b3a073_1154-49,1597,2,0,541.9,143.6,52.4,84.8,52.4,0.745,True,False,8.0773,826.5171,-1.9598,36.5039,-2.167
de37a11d-1dcd-4f5b-9054-155093b3a073_1154-49,1597,2,1,413.8,141.5,47.9,71.5,47.9,0.709,False,False,87.4414,856.2559,-0.9865,21.4514,-0.7172
de37a11d-1dcd-4f5b-9054-155093b3a073_1154-49,1597,2,2,568.5,93.5,19.8,27.8,19.8,0.686,False,False,207.6841,150.7713,0.1383,10.0858,0.3078
de37a11d-1dcd-4f5b-9054-155093b3a073_1154-49,1597,2,3,61.8,91.2,35.4,54.1,35.4,0.514,False,False,35.1926,2522.5113,-1.8434,29.6445,-1.3858
de37a11d-1dcd-4f5b-9054-155093b3a073_1154-49,1597,2,4,457.3,96.7,180.8,283.3,180.8,0.489,False,True,2312.3934,1076.9146,0.3317,79.248,-0.4338
de37a11d-1dcd-4f5b-9054-155093b3a073_1154-49,1597,3,0,144.3,40.0,36.0,61.8,36.0,0.747,True,False,161.1804,1758.4473,-1.0354,20.4695,-0.4133
de37a11d-1dcd-4f5b-9054-155093b3a073_1154-49,1597,3,1,544.0,150.5,41.3,58.4,41.3,0.714,True,False,5.1848,2151.0209,-2.5415,25.1534,-2.0106
de37a11d-1dcd-4f5b-9054-155093b3a073_1154-49,1597,3,2,37.7,49.4,40.5,59.7,40.5,0.6,False,False,83.7002,1026.4467,-1.0839,10.8138,-0.1438
de37a11d-1dcd-4f5b-9054-155093b3a073_1154-49,1597,3,3,397.8,101.1,28.5,39.0,28.5,0.453,False,False,342.3359,2215.2872,-0.8099,55.1304,-0.9472
de37a11d-1dcd-4f5b-9054-155093b3a073_1154-49,1597,3,4,274.2,72.0,21.0,24.5,21.0,0.405,False,False,33.2512,3492.9049,-2.0086,50.5954,-1.8737
de37a11d-1dcd-4f5b-9054-155093b3a073_1154-49,1597,4,0,89.5,72.4,27.6,39.4,27.6,0.756,True,False,8.737,2940.6405,-2.4802,14.8334,-1.356
de37a11d-1dcd-4f5b-9054-155093b3a073_1154-49,1597,4,1,282.3,90.6,22.6,29.9,22.6,0.673,True,False,42.1547,2485.1254,-1.7605,32.6755,-1.3938
de37a11d-1dcd-4f5b-9054-155093b3a073_1154-49,1597,4,2,435.4,117.2,82.0,130.3,82.0,0.672,True,False,1232.2679,1262.118,-0.0104,54.5937,-0.3834
de37a11d-1dcd-4f5b-9054-155093b3a073_1154-49,1597,4,3,348.3,109.9,21.6,31.1,21.6,0.499,False,False,21.4029,3291.7369,-2.1673,44.8851,-1.9541
de37a11d-1dcd-4f5b-9054-155093b3a073_1154-49,1597,5,0,439.8,93.5,65.7,97.6,65.7,0.72,False,False,2111.6767,2405.174,-0.0565,52.5621,-0.1167
de37a11d-1dcd-4f5b-9054-155093b3a073_1154-49,1597,5,1,68.7,91.7,22.3,32.9,22.3,0.594,False,False,960.2682,4786.2992,-0.6972,26.6504,0.1308
de37a11d-1dcd-4f5b-9054-155093b3a073_1154-49,1597,5,2,410.9,127.2,31.7,43.7,31.7,0.473,False,False,508.8634,2681.2566,-0.721,16.02,0.2964
de37a11d-1dcd-4f5b-9054-155093b3a073_1154-49,1597,5,3,331.1,118.5,29.5,41.1,29.5,0.457,False,False,145.0756,2286.3424,-1.1948,46.207,-1.165
de37a11d-1dcd-4f5b-9054-155093b3a073_1154-49,1597,5,4,9.8,115.7,26.7,35.6,26.7,0.437,False,False,187.1498,3978.5898,-1.3253,30.9376,-0.7069
de37a11d-1dcd-4f5b-9054-155093b3a073_1154-49,1597,5,5,261.6,106.4,22.5,31.6,22.5,0.402,False,False,73.5171,2427.7828,-1.5131,42.3728,-1.3822
de37a11d-1dcd-4f5b-9054-155093b3a073_1154-49,1597,5,6,98.4,81.1,21.4,25.3,21.4,0.401,False,False,4776.8761,5387.7816,-0.0523,53.2849,0.2259
de37a11d-1dcd-4f5b-9054-155093b3a073_1242-75,1598,1,0,284.1,47.2,19.2,24.1,19.2,0.757,True,False,455.024,2599.4631,-0.7561,28.4709,-0.2503
de37a11d-1dcd-4f5b-9054-155093b3a073_1242-75,1598,1,1,49.4,57.6,32.6,44.9,32.6,0.755,True,False,9.0443,2062.4105,-2.3127,12.8804,-1.2206
de37a11d-1dcd-4f5b-9054-155093b3a073_1242-75,1598,1,2,2.4,65.0,34.5,50.4,34.5,0.647,True,True,6.3382,1939.1406,-2.4222,14.985,-1.4877
de37a11d-1dcd-4f5b-9054-155093b3a073_1242-75,1598,1,3,209.8,46.1,20.1,24.8,20.1,0.598,False,False,76.3587,2024.5591,-1.418,35.4025,-1.2099
de37a11d-1dcd-4f5b-9054-155093b3a073_1242-75,1598,1,4,115.2,68.3,21.3,27.8,21.3,0.565,False,False,45.8075,938.162,-1.3024,23.1043,-1.0579
de37a11d-1dcd-4f5b-9054-155093b3a073_1242-75,1598,1,5,339.9,64.7,17.5,22.5,17.5,0.532,False,False,3571.0523,3116.2621,0.0591,61.3785,-0.0232
de37a11d-1dcd-4f5b-9054-155093b3a073_1242-75,1598,1,6,549.6,77.7,89.3,150.1,89.3,0.508,False,True,435.7104,581.9218,-0.1254,38.4232,-0.5293
de37a11d-1dcd-4f5b-9054-155093b3a073_1242-75,1598,1,7,12.4,152.5,65.3,111.3,65.3,0.483,False,False,42.7453,465.3881,-1.0278,8.4575,-0.2196
de37a11d-1dcd-4f5b-9054-155093b3a073_1242-75,1598,1,8,463.0,111.8,29.0,46.2,29.0,0.431,False,False,605.1863,1381.0946,-0.3579,45.9021,-0.5413
de37a11d-1dcd-4f5b-9054-155093b3a073_1242-75,1598,2,0,310.2,8.9,35.7,49.5,35.7,0.743,True,False,20.5087,1954.1236,-1.9586,19.0443,-1.2281
de37a11d-1dcd-4f5b-9054-155093b3a073_1242-75,1598,2,1,243.0,19.8,30.8,48.1,30.8,0.681,True,False,12.6994,1425.3218,-2.0175,34.6442,-1.9429
de37a11d-1dcd-4f5b-9054-155093b3a073_1242-75,1598,2,2,512.1,36.1,21.1,27.9,21.1,0.537,False,False,52.0115,1688.0633,-1.5033,26.8067,-1.1327
de37a11d-1dcd-4f5b-9054-155093b3a073_1242-75,1598,2,3,428.2,26.2,16.7,21.2,16.7,0.534,False,False,91.4393,1339.9613,-1.1616,40.6907,-1.2534
de37a11d-1dcd-4f5b-9054-155093b3a073_1242-75,1598,2,4,597.6,70.7,21.2,28.5,21.2,0.405,False,False,3290.9535,2850.6977,0.0624,57.5801,-0.0032
de37a11d-1dcd-4f5b-9054-155093b3a073_1242-75,1598,3,0,142.4,35.2,59.7,84.5,59.7,0.649,True,False,1115.3601,1120.773,-0.0021,29.5729,0.1055
de37a11d-1dcd-4f5b-9054-155093b3a073_1242-75,1598,3,1,335.0,39.4,20.6,25.8,20.6,0.623,False,False,577.7369,2323.0445,-0.6038,30.8402,-0.2162
de37a11d-1dcd-4f5b-9054-155093b3a073_1242-75,1598,3,2,550.2,103.9,31.2,47.2,31.2,0.604,True,False,342.7309,1653.4684,-0.6824,31.0347,-0.4479
de37a11d-1dcd-4f5b-9054-155093b3a073_1242-75,1598,3,3,80.5,21.0,44.3,61.3,44.3,0.598,False,False,174.9464,1061.6389,-0.781,29.4994,-0.6947
de37a11d-1dcd-4f5b-9054-155093b3a073_1242-75,1598,3,4,462.5,73.4,26.0,33.0,26.0,0.58,False,False,26.2425,3144.7149,-2.0625,32.1815,-1.5804
de37a11d-1dcd-4f5b-9054-155093b3a073_1242-75,1598,3,5,264.8,32.2,16.8,20.3,16.8,0.434,False,False,732.7942,1791.1581,-0.3878,39.4343,-0.3265
de37a11d-1dcd-4f5b-9054-155093b3a073_1242-75,1598,3,6,156.7,22.3,37.7,50.1,37.7,0.405,False,False,8.2132,1685.1021,-2.2625,22.1396,-1.7268
de37a11d-1dcd-4f5b-9054-155093b3a073_1242-75,1598,4,0,475.9,42.1,128.4,193.5,128.4,0.72,True,False,55.9639,344.4841,-0.7828,26.4957,-1.0914
de37a11d-1dcd-4f5b-9054-155093b3a073_1242-75,1598,4,1,166.0,50.8,44.5,68.0,44.5,0.584,False,False,146.236,1430.6396,-0.9878,27.5297,-0.7122
de37a11d-1dcd-4f5b-9054-155093b3a073_1242-75,1598,4,2,94.3,53.2,52.8,73.1,52.8,0.424,False,False,14.6114,1150.0911,-1.8677,19.3357,-1.3804
de37a11d-1dcd-4f5b-9054-155093b3a073_1242-75,1598,5,0,479.9,97.4,37.2,51.1,37.2,0.794,True,False,15.1338,474.6406,-1.4695,30.5665,-1.7632
de37a11d-1dcd-4f5b-9054-155093b3a073_1242-75,1598,5,1,315.2,45.5,35.1,50.4,35.1,0.744,True,False,16.5601,387.1292,-1.3444,25.6717,-1.575
de37a11d-1dcd-4f5b-9054-155093b3a073_1242-75,1598,5,2,158.8,28.3,47.7,80.0,47.7,0.728,True,False,98.1576,454.3715,-0.662,29.1844,-0.9345
de37a11d-1dcd-4f5b-9054-155093b3a073_1242-75,1598,5,3,547.8,54.2,91.2,186.6,91.2,0.578,False,True,85.0052,515.6891,-0.7787,38.5433,-1.2377
de37a11d-1dcd-4f5b-9054-155093b3a073_1242-75,1598,5,4,433.4,97.8,47.3,57.7,47.3,0.503,False,False,289.0781,526.7158,-0.2599,39.9853,-0.7416
de37a11d-1dcd-4f5b-9054-155093b3a073_1242-75,1598,5,5,420.9,-6.7,57.7,56.9,56.9,0.403,False,True,37.9769,295.3224,-0.881,13.2247,-0.6544
de37a11d-1dcd-4f5b-9054-155093b3a073_6370-24,1599,1,0,442.2,107.8,56.1,69.8,56.1,0.79,True,False,8.8175,938.4051,-1.9809,35.38,-2.1059
de37a11d-1dcd-4f5b-9054-155093b3a073_6370-24,1599,1,1,11.6,290.5,34.0,43.9,34.0,0.519,False,False,875.9845,817.3803,0.03,49.5308,-0.4469
de37a11d-1dcd-4f5b-9054-155093b3a073_6370-24,1599,2,0,287.9,105.2,31.1,44.3,31.1,0.778,True,False,17.302,2768.4778,-2.1799,33.7885,-1.7954
de37a11d-1dcd-4f5b-9054-155093b3a073_6370-24,1599,2,1,374.3,105.3,7.9,10.0,7.9,0.676,False,False,8741.06,4104.4132,0.3283,41.0144,0.7155
de37a11d-1dcd-4f5b-9054-155093b3a073_6370-24,1599,2,2,360.3,102.2,8.4,10.4,8.4,0.668,False,False,4663.5764,4878.6689,-0.0196,38.3472,0.501
de37a11d-1dcd-4f5b-9054-155093b3a073_6370-24,1599,2,3,194.5,199.3,47.7,76.6,47.7,0.624,False,False,1250.4067,1995.0692,-0.2028,59.0583,-0.4453
de37a11d-1dcd-4f5b-9054-155093b3a073_6370-24,1599,2,4,476.3,106.2,9.7,11.9,9.7,0.592,False,False,617.7733,1019.561,-0.2173,10.5828,0.7385
de37a11d-1dcd-4f5b-9054-155093b3a073_6370-24,1599,2,5,599.1,82.6,33.2,50.4,33.2,0.536,False,False,10.6711,489.9455,-1.6239,35.8757,-2.0428
de37a11d-1dcd-4f5b-9054-155093b3a073_6370-24,1599,2,6,369.9,105.6,8.3,10.7,8.3,0.48,False,False,5624.5475,8289.7552,-0.1684,48.4505,0.3794
de37a11d-1dcd-4f5b-9054-155093b3a073_6370-24,1599,2,7,359.2,87.3,8.3,10.0,8.3,0.417,False,False,1276.3275,4665.4939,-0.5627,25.4882,0.293
de37a11d-1dcd-4f5b-9054-155093b3a073_6370-24,1599,2,8,405.5,92.5,8.4,10.3,8.4,0.401,False,False,7235.5,7710.0281,-0.0276,45.9993,0.5338
de37a11d-1dcd-4f5b-9054-155093b3a073_6370-24,1599,3,0,434.6,76.3,12.1,13.9,12.1,0.601,False,False,381.0378,1948.5725,-0.7078,15.7853,0.1839
de37a11d-1dcd-4f5b-9054-155093b3a073_6370-24,1599,3,1,244.1,62.8,49.6,56.9,49.6,0.552,False,False,2665.4388,1131.0707,0.3721,31.28,0.435
de37a11d-1dcd-4f5b-9054-155093b3a073_6370-24,1599,3,2,153.6,121.3,7.8,9.6,7.8,0.504,False,False,2396.8275,6346.2677,-0.4228,30.2008,0.4193
de37a11d-1dcd-4f5b-9054-155093b3a073_6370-24,1599,3,3,148.9,120.4,8.2,10.2,8.2,0.445,False,False,5716.321,6765.8016,-0.0732,41.9714,0.511
de37a11d-1dcd-4f5b-9054-155093b3a073_6370-24,1599,4,0,579.5,64.2,21.2,27.6,21.2,0.437,False,False,751.8351,1082.2669,-0.158,35.8125,-0.2317
de37a11d-1dcd-4f5b-9054-155093b3a073_6370-24,1599,4,1,442.9,57.0,21.4,28.2,21.4,0.423,False,False,16.5171,371.5108,-1.3277,18.5926,-1.2965
de37a11d-1dcd-4f5b-9054-155093b3a073_6370-24,1599,4,2,12.4,168.4,27.0,32.5,27.0,0.411,False,False,15.7329,1619.6447,-1.9861,32.9347,-1.8121
de37a11d-1dcd-4f5b-9054-155093b3a073_6370-24,1599,4,3,334.3,83.8,7.6,9.3,7.6,0.402,False,False,9312.1875,4866.2022,0.2818,41.6799,0.729
de37a11d-1dcd-4f5b-9054-155093b3a073_6370-24,1599,5,0,551.3,137.2,36.3,39.1,36.3,0.801,False,False,608.1311,722.0794,-0.0745,21.8169,0.1062
de37a11d-1dcd-4f5b-9054-155093b3a073_6370-24,1599,5,1,574.4,65.8,17.8,21.2,17.8,0.603,True,False,32.0985,1127.7117,-1.5328,21.3441,-1.1397
de37a11d-1dcd-4f5b-9054-155093b3a073_6370-24,1599,5,2,620.1,71.1,11.2,14.1,11.2,0.543,False,False,561.9058,1576.0653,-0.4474,21.8754,0.0696
de37a11d-1dcd-4f5b-9054-155093b3a073_7411-22,1600,5,0,278.8,7.9,16.9,20.7,16.9,0.683,True,False,799.4748,1603.581,-0.302,31.3746,-0.0902
de37a11d-1dcd-4f5b-9054-155093b3a073_7411-22,1600,5,1,52.1,116.8,46.8,63.8,46.8,0.657,True,False,4.08,1301.2382,-2.4088,17.0757,-1.7604
de37a11d-1dcd-4f5b-9054-155093b3a073_7411-22,1600,5,2,234.0,-1.2,25.9,23.2,23.2,0.555,False,True,298.9858,1018.5823,-0.5313,37.5955,-0.6735
de37a11d-1dcd-4f5b-9054-155093b3a073_7411-22,1600,5,3,219.4,10.4,49.6,56.5,49.6,0.467,False,False,951.2953,602.6128,0.198,61.6581,-0.6013
de37a11d-1dcd-4f5b-9054-155093b3a073_8700-46,1601,3,0,270.1,6.8,63.6,64.7,63.6,0.546,False,False,1917.417,2994.7392,-0.1936,48.4779,-0.0883
de37a11d-1dcd-4f5b-9054-155093b3a073_8700-46,1601,3,1,578.5,4.5,45.7,45.5,45.5,0.522,False,False,1030.3735,519.7295,0.2968,47.8297,-0.3462
de37a11d-1dcd-4f5b-9054-155093b3a073_8700-46,1601,4,0,202.2,20.3,49.7,58.4,49.7,0.761,False,False,1126.6585,1060.0499,0.0264,42.8938,-0.2128
de37a11d-1dcd-4f5b-9054-155093b3a073_8700-46,1601,4,1,237.6,25.9,45.7,63.9,45.7,0.548,False,False,1737.8415,1794.9863,-0.014,32.0351,0.2286
de37a11d-1dcd-4f5b-9054-155093b3a073_8700-46,1601,4,2,306.8,78.8,52.1,62.6,52.1,0.446,False,False,1878.9606,2881.106,-0.1856,47.4308,-0.0782
de37a11d-1dcd-4f5b-9054-155093b3a073_8700-46,1601,4,3,523.1,49.4,21.3,29.3,21.3,0.421,False,False,2603.7492,665.3424,0.5921,49.0832,0.0337
de37a11d-1dcd-4f5b-9054-155093b3a073_8700-46,1601,4,4,580.0,51.2,35.2,47.7,35.2,0.403,False,False,915.4837,815.7107,0.0501,37.58,-0.1881
de37a11d-1dcd-4f5b-9054-155093b3a073_8700-46,1601,5,0,531.2,1.8,21.9,20.9,20.9,0.421,False,True,708.4335,731.8468,-0.0141,57.6534,-0.6709
dedaa2ad-306d-47b3-a4c4-90b6b2c37e78_8149-03,1602,1,0,451.7,133.5,84.6,95.6,84.6,0.567,False,False,4.024,25.2801,-0.7186,13.0628,-1.5336
dedaa2ad-306d-47b3-a4c4-90b6b2c37e78_8149-03,1602,2,0,238.3,119.6,110.0,137.9,110.0,0.488,False,False,81.9405,399.5603,-0.6839,26.2923,-0.9215
dedaa2ad-306d-47b3-a4c4-90b6b2c37e78_8149-03,1602,4,0,269.4,49.0,98.1,151.6,98.1,0.716,False,False,9.4056,92.7695,-0.9548,20.1073,-1.5905
df0b81a6-826c-4e9b-8921-392304716c0e_525-16,1603,3,0,376.7,358.1,19.1,24.2,19.1,0.495,False,False,105.2397,750.1382,-0.8494,12.4306,-0.1655
df0b81a6-826c-4e9b-8921-392304716c0e_554-75,1604,3,0,250.3,181.8,287.6,269.9,269.9,0.564,False,False,1075.4359,746.5187,0.1584,52.6616,-0.4112
df0b81a6-826c-4e9b-8921-392304716c0e_554-75,1604,5,0,464.3,33.2,9.5,11.3,9.5,0.4,False,False,724.2622,2024.0398,-0.4459,18.1879,0.3396
df630387-82c6-4c90-95e8-6ba558c907a2_202-79,1606,5,0,267.8,22.5,25.3,34.3,25.3,0.817,True,False,9.7934,2925.3071,-2.4332,14.1371,-1.2697
dfd0bc0c-28fc-4302-9a75-77df6c53ab31_658-80,1607,4,0,479.7,166.9,68.8,89.0,68.8,0.704,False,False,69.8586,141.1766,-0.3024,23.0994,-0.8776
dfe44f90-17f9-43eb-adf4-da35f15002ed_1647-36,1608,1,0,324.1,88.6,143.5,169.9,143.5,0.472,False,False,521.1407,659.5209,-0.1021,37.0177,-0.4193
dfe44f90-17f9-43eb-adf4-da35f15002ed_1647-36,1608,3,0,471.2,68.4,87.8,88.4,87.8,0.541,False,False,1870.0153,1934.0786,-0.0146,31.579,0.2728
dfe44f90-17f9-43eb-adf4-da35f15002ed_1647-36,1608,5,0,418.1,10.6,71.6,114.2,71.6,0.546,False,False,223.2351,2127.4904,-0.9774,17.6465,-0.144
dfe44f90-17f9-43eb-adf4-da35f15002ed_825-32,1609,3,0,458.9,6.1,117.9,138.9,117.9,0.72,False,False,190.1518,748.5181,-0.5934,52.8065,-1.1642
dfe44f90-17f9-43eb-adf4-da35f15002ed_825-32,1609,4,0,456.9,23.4,108.9,126.9,108.9,0.413,False,False,125.4792,913.4092,-0.8591,50.9275,-1.3121
dfe44f90-17f9-43eb-adf4-da35f15002ed_825-32,1609,5,0,440.5,5.3,131.4,135.7,131.4,0.406,False,False,169.7492,462.9034,-0.4341,41.138,-0.9964
e00d8164-9996-48ed-8645-bb88ab30cc09_113-51,1610,1,0,19.7,175.2,13.3,16.5,13.3,0.79,False,False,1346.4253,609.6952,0.3437,15.6219,0.7403
e00d8164-9996-48ed-8645-bb88ab30cc09_113-51,1610,1,1,69.0,177.0,15.1,17.4,15.1,0.756,False,False,2299.9623,723.0996,0.5021,20.8436,0.723
e00d8164-9996-48ed-8645-bb88ab30cc09_113-51,1610,1,2,157.9,158.0,14.3,18.8,14.3,0.75,False,False,1260.0036,1352.0725,-0.0306,18.1263,0.5828
e00d8164-9996-48ed-8645-bb88ab30cc09_113-51,1610,1,3,12.6,204.1,16.6,20.4,16.6,0.726,False,False,306.5339,255.9342,0.0781,10.5114,0.4407
e00d8164-9996-48ed-8645-bb88ab30cc09_113-51,1610,1,4,38.0,189.3,14.2,18.1,14.2,0.699,False,False,328.2624,367.0704,-0.0484,9.4634,0.5606
e00d8164-9996-48ed-8645-bb88ab30cc09_113-51,1610,1,5,0.6,188.1,11.4,17.7,11.4,0.607,False,True,225.0342,337.8148,-0.1758,11.9049,0.1997
e00d8164-9996-48ed-8645-bb88ab30cc09_113-51,1610,1,6,60.0,174.0,14.8,17.2,14.8,0.583,False,False,812.54,1246.7145,-0.1857,9.7112,0.9313
e00d8164-9996-48ed-8645-bb88ab30cc09_113-51,1610,1,7,120.7,174.6,10.7,13.4,10.7,0.575,False,False,214.9355,209.5596,0.0109,14.0656,0.0358
e00d8164-9996-48ed-8645-bb88ab30cc09_113-51,1610,1,8,131.5,159.9,12.4,15.4,12.4,0.573,False,False,152.1416,547.9543,-0.5544,8.9141,0.2795
e00d8164-9996-48ed-8645-bb88ab30cc09_113-51,1610,1,9,1.0,122.6,12.5,18.9,12.5,0.56,False,True,84.2442,207.1222,-0.3877,9.4919,-0.0288
e00d8164-9996-48ed-8645-bb88ab30cc09_113-51,1610,1,10,41.6,162.4,11.3,14.1,11.3,0.532,False,False,310.5169,474.666,-0.1838,11.2167,0.3903
e00d8164-9996-48ed-8645-bb88ab30cc09_113-51,1610,1,11,133.4,205.2,13.0,16.7,13.0,0.452,False,False,299.9755,520.6616,-0.2389,17.1086,0.0106
e00d8164-9996-48ed-8645-bb88ab30cc09_113-51,1610,1,12,-0.3,87.5,12.5,19.8,12.5,0.451,False,True,89.2725,252.7442,-0.4488,7.3022,0.2206
e00d8164-9996-48ed-8645-bb88ab30cc09_113-51,1610,1,13,151.7,184.4,12.6,16.2,12.6,0.44,False,False,2093.9478,934.5242,0.3501,29.5597,0.3793
e00d8164-9996-48ed-8645-bb88ab30cc09_113-51,1610,2,0,11.5,213.6,16.3,20.2,16.3,0.477,False,False,308.8031,318.5958,-0.0135,10.3661,0.4558
e00d8164-9996-48ed-8645-bb88ab30cc09_113-51,1610,2,1,14.4,273.6,15.0,19.1,15.0,0.409,False,False,717.6125,427.9435,0.2241,17.5442,0.3668
e00d8164-9996-48ed-8645-bb88ab30cc09_113-51,1610,2,2,37.8,282.6,14.2,18.4,14.2,0.403,False,False,79.2809,362.2159,-0.6556,4.6032,0.5585
e00d8164-9996-48ed-8645-bb88ab30cc09_113-51,1610,3,0,34.3,240.2,16.5,19.0,16.5,0.71,False,False,2242.1161,1588.8384,0.1495,20.9322,0.7082
e00d8164-9996-48ed-8645-bb88ab30cc09_113-51,1610,3,1,117.8,197.3,19.3,24.1,19.3,0.689,False,False,1223.9469,847.1659,0.1596,17.0755,0.6219
e00d8164-9996-48ed-8645-bb88ab30cc09_113-51,1610,3,2,6.5,262.6,16.3,22.5,16.3,0.546,False,False,186.6714,418.2127,-0.349,8.343,0.4246
e00d8164-9996-48ed-8645-bb88ab30cc09_113-51,1610,3,3,86.4,224.9,10.6,13.4,10.6,0.542,False,False,243.9994,260.9211,-0.029,15.853,-0.0128
e00d8164-9996-48ed-8645-bb88ab30cc09_113-51,1610,3,4,2.4,36.0,26.9,45.6,26.9,0.533,False,True,134.1327,352.5649,-0.4177,19.2409,-0.4389
e00d8164-9996-48ed-8645-bb88ab30cc09_113-51,1610,3,5,4.0,341.1,13.2,21.4,13.2,0.489,False,False,501.7022,339.8831,0.1687,13.1513,0.4609
e00d8164-9996-48ed-8645-bb88ab30cc09_113-51,1610,3,6,147.8,361.3,23.4,28.6,23.4,0.452,False,False,510.1495,262.7456,0.2874,17.29,0.2315
e00d8164-9996-48ed-8645-bb88ab30cc09_113-51,1610,3,7,91.1,206.0,13.0,15.0,13.0,0.441,False,False,169.0022,531.8996,-0.4962,10.059,0.2211
e00d8164-9996-48ed-8645-bb88ab30cc09_113-51,1610,4,0,113.4,312.0,18.9,23.3,18.9,0.706,False,False,1042.6219,504.3177,0.315,15.7712,0.6211
e00d8164-9996-48ed-8645-bb88ab30cc09_113-51,1610,4,1,14.7,421.7,16.6,21.0,16.6,0.704,False,False,227.7218,251.2375,-0.0425,13.3287,0.1073
e00d8164-9996-48ed-8645-bb88ab30cc09_113-51,1610,4,2,24.9,401.5,15.0,18.9,15.0,0.644,False,False,129.2354,181.7064,-0.147,11.6093,-0.0181
e00d8164-9996-48ed-8645-bb88ab30cc09_113-51,1610,4,3,135.5,314.0,17.6,22.0,17.6,0.619,False,False,666.2464,663.5214,0.0018,18.909,0.2697
e00d8164-9996-48ed-8645-bb88ab30cc09_113-51,1610,4,4,94.8,332.8,16.2,19.6,16.2,0.573,False,False,82.0614,193.9979,-0.3706,8.1942,0.086
e00d8164-9996-48ed-8645-bb88ab30cc09_113-51,1610,4,5,53.8,387.5,16.7,20.2,16.7,0.57,False,False,309.0085,477.6639,-0.1887,15.5093,0.1084
e00d8164-9996-48ed-8645-bb88ab30cc09_113-51,1610,4,6,44.4,422.4,15.9,18.8,15.9,0.562,False,False,85.9293,151.8342,-0.2451,6.6863,0.2792
e00d8164-9996-48ed-8645-bb88ab30cc09_113-51,1610,4,7,-0.1,311.2,21.7,29.4,21.7,0.476,False,True,442.269,452.8591,-0.0103,16.9101,0.1889
e00d8164-9996-48ed-8645-bb88ab30cc09_113-51,1610,4,8,101.1,351.2,11.9,15.2,11.9,0.435,False,False,170.3013,127.4544,0.125,11.3588,0.1197
e0d46807-4c3b-44a0-ac59-cb970c8d5a5a_6-18,1611,4,0,537.9,78.2,48.6,56.1,48.6,0.923,True,False,142.1369,100.3634,0.1499,53.982,-1.3089
e0d46807-4c3b-44a0-ac59-cb970c8d5a5a_6-18,1611,4,1,46.4,0.1,99.4,99.5,99.4,0.855,True,True,37.9867,90.5545,-0.3708,28.6113,-1.3227
e0d46807-4c3b-44a0-ac59-cb970c8d5a5a_6-18,1611,5,0,515.4,120.1,53.5,68.5,53.5,0.93,True,False,253.2006,474.0715,-0.2716,47.1174,-0.9414
e0d46807-4c3b-44a0-ac59-cb970c8d5a5a_6-18,1611,5,1,349.8,139.5,36.2,44.3,36.2,0.92,True,False,594.4345,591.4354,0.0022,46.7482,-0.5649
e14bb000-250b-4f3d-aec6-e72d4f29d123_1299-73,1612,1,0,264.6,99.7,110.9,128.4,110.9,0.898,False,False,356.2883,547.8677,-0.1864,49.5769,-0.8377
e14bb000-250b-4f3d-aec6-e72d4f29d123_367-23,1613,5,0,9.5,9.2,133.0,189.0,133.0,0.464,False,False,1133.2279,1514.8153,-0.1259,58.9664,-0.4866
e14bb000-250b-4f3d-aec6-e72d4f29d123_968-06,1614,3,0,4.2,145.6,163.3,233.3,163.3,0.741,False,True,211.0461,715.6382,-0.5289,50.0579,-1.0727
e14bb000-250b-4f3d-aec6-e72d4f29d123_968-06,1614,4,0,12.2,122.1,182.5,256.1,182.5,0.51,False,True,163.8398,557.3261,-0.5298,50.4521,-1.1889
e14bb000-250b-4f3d-aec6-e72d4f29d123_97-24,1615,4,0,570.4,226.4,71.6,91.7,71.6,0.893,False,True,897.3404,184.649,0.6847,52.4583,-0.4863
e14bb000-250b-4f3d-aec6-e72d4f29d123_97-24,1615,4,1,457.2,249.2,20.6,27.3,20.6,0.464,False,False,269.4553,501.9783,-0.2695,38.977,-0.7498
e14bb000-250b-4f3d-aec6-e72d4f29d123_97-24,1615,5,0,564.5,82.6,68.3,84.0,68.3,0.818,False,False,1079.4207,238.2931,0.6547,46.3325,-0.2984
e14bb000-250b-4f3d-aec6-e72d4f29d123_97-24,1615,5,1,412.6,124.2,19.3,27.4,19.3,0.64,False,False,143.7678,383.6764,-0.4244,37.3737,-0.9848
e14bb000-250b-4f3d-aec6-e72d4f29d123_977-37,1616,1,0,172.6,210.6,73.1,101.7,73.1,0.657,False,False,23.2286,133.832,-0.7455,24.3428,-1.3891
e14bb000-250b-4f3d-aec6-e72d4f29d123_977-37,1616,1,1,8.7,6.6,192.7,173.8,173.8,0.571,False,False,85.1962,62.0487,0.1358,44.5187,-1.3618
e14bb000-250b-4f3d-aec6-e72d4f29d123_977-37,1616,2,0,299.7,26.2,110.6,162.0,110.6,0.799,False,False,159.7132,276.841,-0.2377,35.4169,-0.8927
e14bb000-250b-4f3d-aec6-e72d4f29d123_977-37,1616,3,0,-4.0,8.3,85.5,132.8,85.5,0.708,True,True,23.7502,178.0874,-0.8595,25.0271,-1.4039
e18a43a4-1e7b-4478-bc7f-16cb55a8ac16_875-97,1617,4,0,357.2,141.3,9.7,11.7,9.7,0.46,False,False,1090.6622,2366.8278,-0.3363,15.3238,0.6655
e1b0b312-ce2d-41a0-be5a-70c807fcc5ef_2428-09,1619,1,0,310.2,238.1,15.1,19.3,15.1,0.825,True,False,503.2509,4108.1528,-0.9111,13.8081,0.4201
e1b0b312-ce2d-41a0-be5a-70c807fcc5ef_2428-09,1619,1,1,213.1,255.8,15.5,19.3,15.5,0.441,False,False,4854.6059,7249.5085,-0.1741,21.6109,1.016
e1b0b312-ce2d-41a0-be5a-70c807fcc5ef_2428-09,1619,2,0,388.5,240.4,19.5,24.4,19.5,0.789,True,False,265.7463,4260.0703,-1.2034,9.6282,0.4543
e1b0b312-ce2d-41a0-be5a-70c807fcc5ef_2428-09,1619,3,0,384.3,273.2,18.1,23.0,18.1,0.802,True,False,143.9638,4011.0068,-1.4421,9.4157,0.2087
e1b0b312-ce2d-41a0-be5a-70c807fcc5ef_2428-09,1619,4,0,347.7,253.7,21.9,27.0,21.9,0.814,True,False,99.2742,2022.4131,-1.3049,9.3298,0.0565
e1b0b312-ce2d-41a0-be5a-70c807fcc5ef_2428-09,1619,5,0,378.5,74.0,45.3,55.3,45.3,0.875,True,False,480.8963,5260.0466,-1.0381,25.4933,-0.1306
e1b0b312-ce2d-41a0-be5a-70c807fcc5ef_2428-09,1619,5,1,448.4,79.9,44.0,55.1,44.0,0.539,False,False,13758.261,4896.3135,0.4486,47.3675,0.7874
e2a1583d-7460-4d02-ac29-6968f16812c3_338-61,1623,1,0,408.5,236.4,53.7,70.4,53.7,0.904,False,False,305.675,200.9117,0.1815,53.7156,-0.9737
e2a1583d-7460-4d02-ac29-6968f16812c3_338-61,1623,2,0,259.1,258.4,65.6,69.8,65.6,0.678,False,False,167.1213,674.2814,-0.6039,44.1632,-1.0647
e2a1583d-7460-4d02-ac29-6968f16812c3_338-61,1623,2,1,199.9,73.2,308.6,333.8,308.6,0.516,False,True,269.9595,346.6904,-0.1083,39.0469,-0.7506
e2a1583d-7460-4d02-ac29-6968f16812c3_338-61,1623,3,0,417.2,275.6,60.4,68.8,60.4,0.874,False,False,16.2335,352.5663,-1.3121,15.3919,-1.14
e2a1583d-7460-4d02-ac29-6968f16812c3_338-61,1623,4,0,317.4,190.7,62.5,71.9,62.5,0.874,False,False,675.7008,2387.074,-0.5477,35.417,-0.2684
e2dd39cb-63e2-4ebb-b99a-ad7ff579b048_78-33,1624,1,0,170.0,202.2,143.3,184.4,143.3,0.511,False,False,1510.7977,2689.8378,-0.2504,46.4924,-0.1555
e2dd39cb-63e2-4ebb-b99a-ad7ff579b048_78-33,1624,2,0,228.4,210.0,78.5,93.2,78.5,0.676,False,False,2265.3399,3779.4868,-0.2222,40.7114,0.1356
e2dd39cb-63e2-4ebb-b99a-ad7ff579b048_78-33,1624,2,1,342.9,231.4,73.7,86.1,73.7,0.541,False,False,1104.7972,1876.6029,-0.2299,30.7774,0.0668
e2dd39cb-63e2-4ebb-b99a-ad7ff579b048_78-33,1624,3,0,350.8,183.9,140.5,146.0,140.5,0.621,False,False,798.1914,2610.466,-0.5142,36.5196,-0.2227
e2dd39cb-63e2-4ebb-b99a-ad7ff579b048_78-33,1624,5,0,350.7,208.5,121.9,153.6,121.9,0.734,True,False,309.9482,2335.5947,-0.8759,34.302,-0.5783
e2e46fb1-9014-426b-9bd4-ea0b995feb31_1007-32,1625,1,0,317.8,40.1,45.5,67.6,45.5,0.787,True,False,635.8229,732.3771,-0.0613,60.6077,-0.7612
e2e46fb1-9014-426b-9bd4-ea0b995feb31_1007-32,1625,2,0,171.9,16.3,55.4,67.5,55.4,0.928,True,False,216.5089,115.2083,0.2722,39.7497,-0.8615
e2e46fb1-9014-426b-9bd4-ea0b995feb31_1007-32,1625,3,0,364.7,107.8,64.4,80.7,64.4,0.86,True,False,159.7666,67.1892,0.3725,44.8573,-1.0977
e2e46fb1-9014-426b-9bd4-ea0b995feb31_1007-32,1625,5,0,188.9,34.5,67.7,98.8,67.7,0.911,True,False,39.6758,24.8861,0.1963,28.2501,-1.2932
e3f37c38-bf24-481f-b1c6-8d472fab4290_1679-92,1628,3,0,198.1,4.1,111.3,135.4,111.3,0.489,False,False,826.3946,418.7847,0.2947,44.2172,-0.3737
e3f37c38-bf24-481f-b1c6-8d472fab4290_1679-92,1628,4,0,462.3,208.8,26.4,29.0,26.4,0.459,False,False,517.2932,456.9701,0.0537,17.995,0.2029
e3f37c38-bf24-481f-b1c6-8d472fab4290_1679-92,1628,4,1,65.8,6.8,23.9,25.7,23.9,0.414,False,False,205.5039,53.2537,0.5805,18.8592,-0.2373
e3f37c38-bf24-481f-b1c6-8d472fab4290_1679-92,1628,4,2,333.1,62.7,63.3,84.8,63.3,0.408,False,False,229.9452,148.1392,0.1899,38.6129,-0.8102
e3f37c38-bf24-481f-b1c6-8d472fab4290_3800-16,1629,2,0,423.5,361.2,18.6,23.8,18.6,0.432,False,False,138.0796,192.7332,-0.1439,25.1211,-0.6575
e3f37c38-bf24-481f-b1c6-8d472fab4290_3800-16,1629,3,0,384.4,346.8,153.1,135.1,135.1,0.706,False,True,339.6517,630.8125,-0.2683,49.552,-0.858
e3f37c38-bf24-481f-b1c6-8d472fab4290_3800-16,1629,3,1,210.9,100.8,114.4,155.1,114.4,0.435,False,False,634.1408,1219.0518,-0.2835,36.5066,-0.3222
e3f37c38-bf24-481f-b1c6-8d472fab4290_3800-16,1629,4,0,346.0,376.9,123.7,103.2,103.2,0.631,False,True,636.1872,600.7486,0.0249,57.1269,-0.7095
e3f37c38-bf24-481f-b1c6-8d472fab4290_3800-16,1629,4,1,177.8,109.4,55.0,83.3,55.0,0.584,False,False,214.5596,927.8214,-0.6344,35.3299,-0.7631
e402df54-0a64-424e-a7e6-3e68b18a761c_242-70,1633,2,0,106.0,-15.3,272.6,384.6,272.6,0.465,False,True,68.1958,45.5437,0.1722,36.6919,-1.2894
e54d654b-86ca-4219-bbf4-68575fffa098_2992-60,1635,3,0,561.8,149.7,35.4,48.3,35.4,0.816,True,False,2561.0375,990.8681,0.4121,48.4592,0.0376
e54d654b-86ca-4219-bbf4-68575fffa098_2992-60,1635,3,1,517.5,141.8,47.6,59.7,47.6,0.726,True,False,963.2164,2342.8248,-0.3858,33.8448,-0.0752
e55e4faf-dec5-40ee-b375-f0b049b9b280_285-98,1636,2,0,172.2,194.4,31.3,42.1,31.3,0.469,False,False,251.5512,531.514,-0.324,23.4979,-0.3405
e55e4faf-dec5-40ee-b375-f0b049b9b280_342-72,1637,1,0,508.3,60.7,75.5,110.8,75.5,0.454,False,False,64.3315,37.4402,0.2303,31.6936,-1.1873
e579ef82-c68f-44dc-8b0f-7fe62e20974c_2509-16,1638,1,0,22.4,323.3,58.3,96.2,58.3,0.727,False,False,444.1928,188.9653,0.3699,67.9932,-1.0165
e579ef82-c68f-44dc-8b0f-7fe62e20974c_2509-16,1638,1,1,522.8,79.8,117.5,170.0,117.5,0.411,False,True,1145.8155,123.9394,0.9628,37.1196,-0.08
e579ef82-c68f-44dc-8b0f-7fe62e20974c_2509-16,1638,2,0,114.4,286.8,62.8,104.0,62.8,0.424,False,False,764.936,807.6221,-0.0236,68.7615,-0.7906
e58207f1-84ec-424b-a997-ff64a57eb13b_1893-21,1639,2,0,494.3,144.9,146.9,207.0,146.9,0.456,False,True,32.1633,329.0052,-0.9979,25.5895,-1.2961
e58207f1-84ec-424b-a997-ff64a57eb13b_1893-21,1639,3,0,569.2,209.4,71.9,84.5,71.9,0.926,False,True,84.4248,279.9466,-0.517,35.6987,-1.1741
e58207f1-84ec-424b-a997-ff64a57eb13b_3524-37,1640,3,0,41.4,198.9,122.5,139.8,122.5,0.523,False,False,16.529,40.7313,-0.3767,20.4711,-1.3796
e58207f1-84ec-424b-a997-ff64a57eb13b_3524-37,1640,4,0,286.1,307.1,11.0,13.2,11.0,0.441,False,False,663.585,1640.2007,-0.3926,18.8864,0.269
e5d2cc2c-0a36-4bad-bf50-bc9347e99eca_1120-59,1641,2,0,427.2,1.9,93.1,77.5,77.5,0.825,True,True,11.2402,11.5478,-0.0108,28.1787,-1.8126
e5d2cc2c-0a36-4bad-bf50-bc9347e99eca_1120-59,1641,5,0,409.6,141.8,82.2,90.6,82.2,0.773,False,False,77.2833,830.2776,-1.0261,32.512,-1.1308
e5fea731-7b32-4857-a86b-587eda0ff334_979-09,1642,1,0,372.7,300.0,108.6,137.0,108.6,0.593,False,False,508.1432,1652.2896,-0.5115,28.7829,-0.212
e5fea731-7b32-4857-a86b-587eda0ff334_979-09,1642,3,0,304.2,272.2,122.3,147.2,122.3,0.597,False,False,1025.1615,1619.2591,-0.1984,48.254,-0.356
e5fea731-7b32-4857-a86b-587eda0ff334_979-09,1642,5,0,397.9,315.8,116.1,144.8,116.1,0.807,False,False,629.9567,1978.4102,-0.4965,30.7353,-0.1757
e623faab-101a-41a6-83ac-8e22b4371aba_1053-43,1643,3,0,335.8,335.8,22.7,28.8,22.7,0.805,False,True,68.5776,735.2336,-1.0245,16.1362,-0.5748
e623faab-101a-41a6-83ac-8e22b4371aba_1053-43,1643,4,0,316.1,281.8,46.2,64.3,46.2,0.926,False,False,83.0301,806.8089,-0.9829,29.1131,-1.0043
e623faab-101a-41a6-83ac-8e22b4371aba_357-75,1645,2,0,464.4,224.6,60.7,71.7,60.7,0.913,False,False,468.0318,586.6455,-0.0979,24.2211,-0.0979
e623faab-101a-41a6-83ac-8e22b4371aba_357-75,1645,3,0,497.4,163.0,64.5,84.3,64.5,0.904,False,False,86.5499,20.637,0.6071,21.6493,-0.7296
e623faab-101a-41a6-83ac-8e22b4371aba_357-75,1645,4,0,397.1,128.0,64.9,80.6,64.9,0.857,False,False,12.4516,45.6149,-0.5398,16.5067,-1.3081
e623faab-101a-41a6-83ac-8e22b4371aba_357-75,1645,5,0,410.1,82.8,76.1,90.6,76.1,0.926,True,False,442.189,73.7717,0.7729,29.4293,-0.2915
e65cdb37-b00c-44b1-909f-068022d804cb_868-94,1646,2,0,467.8,226.1,9.0,10.5,9.0,0.527,False,False,260.5556,2607.3427,-0.9988,3.8459,1.2191
e6958f57-5769-46f6-be27-b879059ff2a4_927-40,1647,5,0,26.0,235.2,34.5,58.0,34.5,0.869,False,False,865.1771,1098.7017,-0.1037,37.623,-0.2136
e6b7692d-5e35-4524-8d2a-385475b95806_3085-37,1649,1,0,356.1,336.9,62.0,68.6,62.0,0.561,False,False,2.2083,2.6647,-0.0578,6.9007,-1.1805
e6d852dd-2510-482f-ad25-3d731388ea44_0-00,1650,1,0,274.2,1.2,46.7,66.6,46.7,0.789,True,True,657.9954,1999.1364,-0.4822,26.3946,-0.0248
e6d852dd-2510-482f-ad25-3d731388ea44_105-51,1651,2,0,206.5,87.8,42.7,51.9,42.7,0.802,True,False,134.3612,1325.71,-0.9913,20.3904,-0.4884
e6d852dd-2510-482f-ad25-3d731388ea44_105-51,1651,2,1,253.3,47.2,53.7,71.7,53.7,0.509,False,False,1483.573,1948.8445,-0.1184,28.2484,0.2691
e6d852dd-2510-482f-ad25-3d731388ea44_105-51,1651,3,0,473.4,31.5,51.4,59.3,51.4,0.728,True,False,399.7465,2132.1623,-0.7262,19.4592,0.0235
e6d852dd-2510-482f-ad25-3d731388ea44_105-51,1651,4,0,570.7,161.4,26.0,30.0,26.0,0.508,False,False,145.4383,55.6224,0.4127,10.425,0.1255
e6d852dd-2510-482f-ad25-3d731388ea44_141-52,1652,1,0,214.1,85.3,39.0,57.5,39.0,0.828,True,False,387.2717,932.4154,-0.3809,28.2609,-0.3138
e6d852dd-2510-482f-ad25-3d731388ea44_141-52,1652,1,1,241.9,119.0,35.7,37.6,35.7,0.449,False,False,342.7276,1695.192,-0.6933,10.3522,0.5021
e6d852dd-2510-482f-ad25-3d731388ea44_141-52,1652,2,0,246.5,76.1,47.6,56.6,47.6,0.772,True,False,362.0898,1004.3258,-0.4423,25.3554,-0.2488
e6d852dd-2510-482f-ad25-3d731388ea44_141-52,1652,2,1,294.8,103.8,22.1,29.7,22.1,0.402,False,False,466.2137,384.7301,0.0832,13.031,0.437
e6d852dd-2510-482f-ad25-3d731388ea44_141-52,1652,3,0,247.5,57.3,48.0,60.2,48.0,0.76,True,False,725.4565,1936.7093,-0.4261,27.6863,-0.0239
e6d852dd-2510-482f-ad25-3d731388ea44_141-52,1652,3,1,332.0,210.3,15.2,20.5,15.2,0.499,False,False,347.0676,10027.7049,-1.4596,15.0025,0.1874
e6d852dd-2510-482f-ad25-3d731388ea44_141-52,1652,4,0,299.8,75.7,47.7,61.7,47.7,0.744,True,False,398.2325,1739.384,-0.6394,27.5663,-0.2801
e6e3919c-7c2e-491e-bde8-053715f0d851_472-28,1655,1,0,308.6,64.7,80.8,105.9,80.8,0.855,True,False,1303.6343,6789.3281,-0.7164,55.6055,-0.3749
e6e3919c-7c2e-491e-bde8-053715f0d851_472-28,1655,2,0,406.6,111.2,92.7,129.6,92.7,0.865,False,False,919.3227,4028.9711,-0.6414,62.1405,-0.6229
e6e3919c-7c2e-491e-bde8-053715f0d851_472-28,1655,3,0,413.4,119.7,86.4,118.0,86.4,0.851,True,False,1172.2181,4432.1006,-0.5773,68.8302,-0.6063
e6e3919c-7c2e-491e-bde8-053715f0d851_472-28,1655,3,1,201.7,284.1,56.5,95.7,56.5,0.407,False,True,388.4597,6969.1493,-1.2528,49.654,-0.8016
e6e3919c-7c2e-491e-bde8-053715f0d851_472-28,1655,4,0,334.8,11.2,96.0,107.5,96.0,0.734,True,False,616.4968,4134.2571,-0.8259,81.1216,-1.0277
e6e3919c-7c2e-491e-bde8-053715f0d851_472-28,1655,4,1,77.6,171.7,45.1,93.8,45.1,0.419,False,False,1602.7953,2282.8653,-0.1535,50.3142,-0.1984
e6fdec5a-21e1-43e8-b662-9376538394d5_3510-00,1658,1,0,328.1,23.8,32.1,39.7,32.1,0.702,True,False,115.8334,1931.1897,-1.2185,24.395,-0.7078
e6fdec5a-21e1-43e8-b662-9376538394d5_3510-00,1658,1,1,139.0,39.6,55.4,65.0,55.4,0.655,True,False,3.4796,1737.6683,-2.589,20.8971,-1.9899
e6fdec5a-21e1-43e8-b662-9376538394d5_3510-00,1658,1,2,306.6,56.7,58.2,66.9,58.2,0.524,False,False,3589.8641,4139.3246,-0.0618,36.7992,0.4232
e6fdec5a-21e1-43e8-b662-9376538394d5_3510-00,1658,4,0,532.3,215.9,41.8,41.6,41.6,0.552,False,False,2984.8043,5970.6412,-0.301,40.3871,0.2623
e6fdec5a-21e1-43e8-b662-9376538394d5_3510-00,1658,4,1,7.6,-5.6,121.0,170.5,121.0,0.543,False,True,9.3731,648.3384,-1.7966,6.201,-0.5802
e6fdec5a-21e1-43e8-b662-9376538394d5_3510-00,1658,5,0,447.7,200.0,54.1,57.4,54.1,0.635,False,False,4546.7558,4933.2264,-0.0354,46.7203,0.3186
e70f4b34-432f-47dc-834f-5bc6bd67dc62_166-47,1659,1,0,583.7,147.3,53.0,78.4,53.0,0.536,False,True,1138.7289,1385.6673,-0.0852,31.057,0.072
e70f4b34-432f-47dc-834f-5bc6bd67dc62_166-47,1659,1,1,74.8,95.9,22.9,26.8,22.9,0.418,False,False,2368.8738,1823.2739,0.1136,38.8447,0.1958
e70f4b34-432f-47dc-834f-5bc6bd67dc62_166-47,1659,1,2,539.6,2.2,94.6,114.6,94.6,0.411,False,True,803.8669,1301.8497,-0.2092,29.1069,-0.0228
e70f4b34-432f-47dc-834f-5bc6bd67dc62_166-47,1659,2,0,522.8,9.6,104.8,127.8,104.8,0.529,False,False,7.7417,7.9725,-0.0113,11.1359,-1.1553
e70f4b34-432f-47dc-834f-5bc6bd67dc62_166-47,1659,3,0,582.4,0.1,54.8,57.9,54.8,0.412,False,True,25.5796,27.4138,-0.029,13.1198,-0.8138
e70f4b34-432f-47dc-834f-5bc6bd67dc62_166-47,1659,4,0,141.3,309.8,33.4,35.9,33.4,0.656,False,False,2827.9929,1705.5367,0.2195,38.0265,0.2912
e70f4b34-432f-47dc-834f-5bc6bd67dc62_166-47,1659,4,1,-0.2,123.3,124.3,170.9,124.3,0.514,False,True,399.7503,732.3304,-0.2624,33.4448,-0.4462
e70f4b34-432f-47dc-834f-5bc6bd67dc62_166-47,1659,5,0,174.2,13.1,34.7,39.5,34.7,0.529,False,False,1209.0456,1066.2518,0.0545,30.2695,0.1203
e70f4b34-432f-47dc-834f-5bc6bd67dc62_166-47,1659,5,1,7.5,155.5,11.4,14.5,11.4,0.457,False,False,529.0399,570.5272,-0.0327,28.9211,-0.1986
e70f4b34-432f-47dc-834f-5bc6bd67dc62_166-47,1659,5,2,294.9,4.3,24.8,25.6,24.8,0.456,False,False,1631.6966,2026.235,-0.094,31.4811,0.2164
e70f4b34-432f-47dc-834f-5bc6bd67dc62_166-47,1659,5,3,157.7,18.9,26.6,31.1,26.6,0.437,False,False,742.8472,737.8274,0.0029,31.5863,-0.1279
e70f4b34-432f-47dc-834f-5bc6bd67dc62_166-47,1659,5,4,239.5,2.2,14.4,14.5,14.4,0.435,False,True,827.1072,894.7852,-0.0341,24.5104,0.1387
e70f4b34-432f-47dc-834f-5bc6bd67dc62_676-86,1660,1,0,530.3,107.9,62.7,86.2,62.7,0.618,False,False,29.9278,23.5798,0.0998,22.2226,-1.2041
e70f4b34-432f-47dc-834f-5bc6bd67dc62_676-86,1660,1,1,588.0,205.3,45.5,59.7,45.5,0.609,False,False,21.7274,28.9574,-0.12,14.8751,-0.9903
e70f4b34-432f-47dc-834f-5bc6bd67dc62_676-86,1660,1,2,484.7,135.3,37.9,54.8,37.9,0.461,False,False,30.3352,38.8128,-0.104,16.153,-0.9221
e70f4b34-432f-47dc-834f-5bc6bd67dc62_676-86,1660,1,3,549.7,-0.7,45.9,34.1,34.1,0.401,False,True,5.1697,11.8595,-0.319,9.8625,-1.2022
e70f4b34-432f-47dc-834f-5bc6bd67dc62_676-86,1660,2,0,335.1,160.8,55.3,71.7,55.3,0.6,False,False,531.3938,496.7534,0.0292,37.2721,-0.4168
e70f4b34-432f-47dc-834f-5bc6bd67dc62_676-86,1660,2,1,359.0,209.0,114.3,127.0,114.3,0.405,False,False,921.3407,527.4555,0.2419,37.9232,-0.1932
e70f4b34-432f-47dc-834f-5bc6bd67dc62_676-86,1660,5,0,366.4,138.3,19.0,23.3,19.0,0.747,True,False,1057.046,2886.3965,-0.436,40.1029,-0.1821
e70f4b34-432f-47dc-834f-5bc6bd67dc62_676-86,1660,5,1,630.6,142.2,8.8,13.3,8.8,0.455,False,True,282.8327,2744.9956,-0.9856,19.348,-0.1214
e70f4b34-432f-47dc-834f-5bc6bd67dc62_78-75,1661,2,0,497.0,88.1,63.7,95.7,63.7,0.57,False,False,20.8118,15.4318,0.123,12.6735,-0.8698
e70f4b34-432f-47dc-834f-5bc6bd67dc62_78-75,1661,2,1,442.8,79.0,37.3,50.5,37.3,0.453,False,False,24.3886,10.6911,0.3368,9.6611,-0.57
e70f4b34-432f-47dc-834f-5bc6bd67dc62_78-75,1661,3,0,401.6,1.0,55.7,43.7,43.7,0.551,False,True,105.5936,171.2895,-0.2085,9.8294,0.0382
e70f4b34-432f-47dc-834f-5bc6bd67dc62_78-75,1661,3,1,292.3,34.2,66.3,78.1,66.3,0.517,False,False,316.5505,344.3393,-0.0364,34.5813,-0.5762
e70f4b34-432f-47dc-834f-5bc6bd67dc62_78-75,1661,3,2,29.7,-5.5,337.8,238.5,238.5,0.499,False,True,643.6004,481.6466,0.1257,41.1045,-0.4187
e70f4b34-432f-47dc-834f-5bc6bd67dc62_78-75,1661,3,3,351.6,63.3,62.4,78.8,62.4,0.429,False,False,430.9551,316.9267,0.1331,24.8226,-0.155
e70f4b34-432f-47dc-834f-5bc6bd67dc62_78-75,1661,3,4,251.0,-0.4,42.8,34.9,34.9,0.419,False,True,273.5803,296.7557,-0.0352,21.3707,-0.2219
e70f4b34-432f-47dc-834f-5bc6bd67dc62_78-75,1661,5,0,600.5,-0.9,37.1,41.5,37.1,0.517,False,True,319.7707,718.0243,-0.3505,20.6808,-0.126
e70f4b34-432f-47dc-834f-5bc6bd67dc62_78-75,1661,5,1,135.6,107.6,17.9,22.7,17.9,0.49,False,False,2850.4817,1906.4532,0.1746,42.8592,0.1907
e70f4b34-432f-47dc-834f-5bc6bd67dc62_78-75,1661,5,2,109.0,88.2,14.5,18.4,14.5,0.456,False,False,2781.8346,2103.1521,0.1214,21.2604,0.7884
e70f4b34-432f-47dc-834f-5bc6bd67dc62_78-75,1661,5,3,165.0,448.6,30.8,32.1,30.8,0.405,False,True,131.106,236.0048,-0.2538,20.3327,-0.4965
e7752106-8e0c-47b5-a639-e701e659718c_740-06,1662,1,0,80.9,63.8,12.6,15.7,12.6,0.439,False,False,1670.6384,4557.2308,-0.4357,18.5923,0.6832
e7752106-8e0c-47b5-a639-e701e659718c_740-06,1662,1,1,185.3,342.4,51.2,70.8,51.2,0.437,False,False,225.5314,1400.7564,-0.7915,22.0964,-0.3344
e7752106-8e0c-47b5-a639-e701e659718c_740-06,1662,2,0,81.2,65.4,12.9,16.2,12.9,0.631,False,False,1286.6767,5104.2671,-0.5982,18.1784,0.5894
e7752106-8e0c-47b5-a639-e701e659718c_740-06,1662,2,1,189.9,314.4,43.3,58.4,43.3,0.618,False,False,9.4596,1509.4688,-2.1596,10.0203,-0.9866
e7752106-8e0c-47b5-a639-e701e659718c_740-06,1662,2,2,18.0,46.8,9.0,10.9,9.0,0.447,False,False,27.5816,1521.8183,-1.7266,2.8013,0.5093
e7752106-8e0c-47b5-a639-e701e659718c_740-06,1662,3,0,78.2,64.7,12.4,15.5,12.4,0.655,False,False,898.8988,4021.2983,-0.6503,19.8467,0.3577
e7752106-8e0c-47b5-a639-e701e659718c_740-06,1662,3,1,14.6,42.6,9.0,10.9,9.0,0.504,False,False,161.2,1230.8065,-0.8805,3.6422,1.0558
e7752106-8e0c-47b5-a639-e701e659718c_740-06,1662,5,0,246.9,205.1,7.4,8.9,7.4,0.542,False,False,1565.3056,5646.1315,-0.557,39.178,0.0085
e7eead9a-5f4e-47af-8f54-2dd3fd453a2d_49-96,1663,3,0,412.8,217.5,56.5,81.6,56.5,0.409,False,False,1121.3741,402.818,0.444,20.5371,0.424
e87752b1-35a5-4cd7-9b95-a4b28129f9f3_932-40,1665,4,0,214.7,344.0,184.3,137.1,137.1,0.42,False,True,143.9851,520.0792,-0.5556,35.728,-0.945
e8ed2917-9442-4237-b15e-cd0b6c839d38_167-12,1666,1,0,543.6,-2.3,85.6,102.7,85.6,0.598,False,True,78.4508,103.4394,-0.1188,26.2226,-0.9379
e8ed2917-9442-4237-b15e-cd0b6c839d38_167-12,1666,1,1,264.0,30.4,32.8,38.7,32.8,0.501,False,False,4.2213,2.616,0.1596,4.7639,-0.6569
e8ed2917-9442-4237-b15e-cd0b6c839d38_167-12,1666,2,0,320.4,39.8,30.4,37.4,30.4,0.644,False,False,4.9391,3.0337,0.168,4.4391,-0.5424
e8ed2917-9442-4237-b15e-cd0b6c839d38_167-12,1666,2,1,539.2,2.8,82.2,91.7,82.2,0.64,False,True,150.8153,227.1691,-0.1769,23.709,-0.5693
e8ed2917-9442-4237-b15e-cd0b6c839d38_167-12,1666,3,0,545.4,3.6,83.5,99.4,83.5,0.601,False,True,135.0581,162.733,-0.0804,22.783,-0.5823
e8ed2917-9442-4237-b15e-cd0b6c839d38_167-12,1666,4,0,534.7,0.3,81.3,93.3,81.3,0.574,False,True,174.4097,193.5209,-0.0449,25.4495,-0.568
e9343bd2-cd48-4abe-902a-3d3f6a0b51d8_1795-21,1667,2,0,66.6,46.3,71.8,92.0,71.8,0.569,False,False,2.8524,153.9077,-1.6043,11.8361,-1.5638
e9343bd2-cd48-4abe-902a-3d3f6a0b51d8_1795-21,1667,2,1,105.0,61.3,55.6,73.1,55.6,0.487,False,False,5.1045,171.9702,-1.4523,14.0546,-1.5122
e9343bd2-cd48-4abe-902a-3d3f6a0b51d8_1795-21,1667,3,0,55.0,71.4,83.7,97.3,83.7,0.853,False,False,2.5734,131.4021,-1.5688,15.2364,-1.8145
e9343bd2-cd48-4abe-902a-3d3f6a0b51d8_1795-21,1667,4,0,333.1,214.1,60.7,73.4,60.7,0.634,True,False,2.4311,176.4593,-1.7137,6.3489,-1.0806
e9343bd2-cd48-4abe-902a-3d3f6a0b51d8_1795-21,1667,5,0,433.0,326.1,123.3,135.9,123.3,0.818,False,False,2.0049,157.7982,-1.723,6.5159,-1.1602
e9343bd2-cd48-4abe-902a-3d3f6a0b51d8_1810-91,1668,1,0,326.5,184.0,61.6,85.4,61.6,0.559,False,False,10.5747,290.1876,-1.4007,11.6872,-1.0751
e93fdf27-c14c-4794-b4b7-20685b40156f_1304-45,1670,1,0,183.1,274.6,31.7,43.8,31.7,0.907,False,False,48.9139,436.8326,-0.9431,18.3761,-0.8316
e93fdf27-c14c-4794-b4b7-20685b40156f_1304-45,1670,2,0,108.4,273.8,35.1,50.2,35.1,0.906,False,False,52.887,701.5278,-1.1152,18.2255,-0.7912
e93fdf27-c14c-4794-b4b7-20685b40156f_1304-45,1670,3,0,222.3,324.1,42.5,50.9,42.5,0.767,False,True,19.5007,71.4849,-0.5485,14.5894,-1.0183
e93fdf27-c14c-4794-b4b7-20685b40156f_1304-45,1670,4,0,318.1,220.7,64.0,72.1,64.0,0.471,False,False,4.2427,173.762,-1.5229,14.7299,-1.6188
e93fdf27-c14c-4794-b4b7-20685b40156f_1304-45,1670,5,0,487.5,157.9,109.7,127.6,109.7,0.881,False,False,25.3501,1682.3229,-1.8054,19.7132,-1.1698
e93fdf27-c14c-4794-b4b7-20685b40156f_1304-45,1670,5,1,96.7,288.9,77.6,87.4,77.6,0.754,False,True,463.2534,797.3422,-0.2354,35.2376,-0.4276
e93fdf27-c14c-4794-b4b7-20685b40156f_1313-69,1671,1,0,96.5,250.9,67.0,98.6,67.0,0.747,False,False,154.7635,208.3714,-0.1285,35.3101,-0.9037
e93fdf27-c14c-4794-b4b7-20685b40156f_1313-69,1671,1,1,388.8,284.8,29.2,34.4,29.2,0.482,False,False,588.9395,869.8416,-0.1691,25.2021,-0.0327
e93fdf27-c14c-4794-b4b7-20685b40156f_1313-69,1671,2,0,86.1,228.5,56.8,84.8,56.8,0.827,False,False,28.6775,130.7869,-0.6474,37.5406,-1.6769
e93fdf27-c14c-4794-b4b7-20685b40156f_1313-69,1671,3,0,94.9,307.4,14.0,18.5,14.0,0.408,False,False,1120.9202,609.0902,0.2646,25.6184,0.2322
e93fdf27-c14c-4794-b4b7-20685b40156f_1313-69,1671,5,0,260.9,68.1,114.4,170.4,114.4,0.618,False,False,5.3871,35.029,-0.7513,17.954,-1.7044
e93fdf27-c14c-4794-b4b7-20685b40156f_1313-69,1671,5,1,-5.0,167.6,59.4,94.8,59.4,0.513,False,True,4.6252,49.465,-0.9529,15.1153,-1.6106
e95dbd21-3017-48f5-8f36-46531f053ab1_339-47,1672,3,0,368.9,291.7,33.2,41.9,33.2,0.899,False,False,307.3673,460.4352,-0.175,37.9473,-0.6696
e95dbd21-3017-48f5-8f36-46531f053ab1_339-47,1672,5,0,470.2,198.1,34.4,41.8,34.4,0.9,True,False,225.2996,132.0473,0.2307,30.8119,-0.6232
e95dbd21-3017-48f5-8f36-46531f053ab1_547-92,1674,2,0,398.2,25.8,56.5,76.0,56.5,0.88,True,False,58.6019,129.5605,-0.3406,24.0776,-0.9887
e95dbd21-3017-48f5-8f36-46531f053ab1_547-92,1674,2,1,281.1,138.7,14.6,17.0,14.6,0.453,False,False,242.3975,1545.7867,-0.8031,24.1868,-0.3816
e95dbd21-3017-48f5-8f36-46531f053ab1_547-92,1674,3,0,398.2,2.0,57.2,54.9,54.9,0.464,False,True,9.1249,80.5201,-0.9059,16.4492,-1.4285
e95dbd21-3017-48f5-8f36-46531f053ab1_547-92,1674,4,0,296.6,38.7,73.2,72.9,72.9,0.814,True,False,29.4667,292.9207,-0.9844,29.2982,-1.4504
e95dbd21-3017-48f5-8f36-46531f053ab1_835-77,1675,2,0,183.5,154.3,82.7,106.3,82.7,0.915,True,False,49.2316,37.7397,0.1128,43.2472,-1.5712
e95dbd21-3017-48f5-8f36-46531f053ab1_835-77,1675,2,1,462.3,176.3,12.5,15.6,12.5,0.751,True,False,127.1265,231.2905,-0.2584,10.8821,0.0306
e95dbd21-3017-48f5-8f36-46531f053ab1_835-77,1675,5,0,6.1,6.3,146.7,264.8,146.7,0.431,False,False,41.2937,150.7979,-0.555,50.9962,-1.789
e9957d35-9c4d-44cc-b3b6-267dfa13841a_896-74,1676,5,0,366.7,276.4,27.8,32.1,27.8,0.793,True,False,3.2233,851.2673,-2.3049,3.1874,-0.422
e9e0f26d-3005-436a-a70f-7d99977808c8_1362-45,1679,3,0,299.2,267.9,12.8,16.2,12.8,0.813,True,False,12965.8191,9305.0408,0.1441,54.6687,0.6372
e9e0f26d-3005-436a-a70f-7d99977808c8_1362-45,1679,4,0,313.0,250.1,25.5,31.2,25.5,0.9,True,False,7168.5228,5941.327,0.0815,53.704,0.3953
e9e0f26d-3005-436a-a70f-7d99977808c8_1362-45,1679,4,1,245.6,254.4,9.8,11.7,9.8,0.67,True,False,16120.3056,7285.7162,0.3449,54.5575,0.7335
e9e0f26d-3005-436a-a70f-7d99977808c8_1362-45,1679,5,0,264.3,132.0,71.6,75.4,71.6,0.864,False,False,406.6403,1992.4295,-0.6893,31.5389,-0.3879
e9e0f26d-3005-436a-a70f-7d99977808c8_1362-45,1679,5,1,140.3,127.4,10.8,13.1,10.8,0.766,True,False,5159.3906,6507.4108,-0.1008,33.7877,0.6548
e9e0f26d-3005-436a-a70f-7d99977808c8_1690-81,1681,2,0,479.3,12.2,95.6,113.8,95.6,0.438,False,False,79.6585,76.9469,0.0149,42.7204,-1.3549
e9ea573a-3972-48ea-b946-6cb069497bab_1785-52,1682,1,0,82.3,-0.6,307.4,244.9,244.9,0.762,False,True,712.194,151.4203,0.6702,57.9675,-0.6733
ea1818bb-a882-4de4-9e31-993f4cb98aa1_1361-82,1683,1,0,448.8,104.6,37.4,51.3,37.4,0.604,True,False,85.1238,66.8337,0.1037,83.4719,-1.908
ea1818bb-a882-4de4-9e31-993f4cb98aa1_1361-82,1683,2,0,186.4,1.4,114.9,108.3,108.3,0.917,True,True,245.8348,455.4194,-0.267,60.1254,-1.1658
ea1818bb-a882-4de4-9e31-993f4cb98aa1_1361-82,1683,2,1,446.0,188.0,35.6,39.8,35.6,0.815,True,False,635.8487,260.8667,0.386,84.3771,-1.0485
ea1818bb-a882-4de4-9e31-993f4cb98aa1_1361-82,1683,3,0,300.0,101.8,66.2,88.4,66.2,0.634,False,False,472.5075,417.5498,0.0536,46.4266,-0.6584
ea1818bb-a882-4de4-9e31-993f4cb98aa1_1361-82,1683,4,0,297.6,189.4,39.0,52.5,39.0,0.628,False,False,106.2669,174.4923,-0.2138,43.1726,-1.2402
ea1818bb-a882-4de4-9e31-993f4cb98aa1_1361-82,1683,4,1,352.0,180.4,83.9,100.8,83.9,0.618,False,False,24.0394,303.417,-1.0848,22.954,-1.3239
ea1818bb-a882-4de4-9e31-993f4cb98aa1_1361-82,1683,5,0,277.9,154.9,123.5,170.0,123.5,0.908,False,False,15.0425,271.553,-1.2302,39.5008,-1.9882
ea1818bb-a882-4de4-9e31-993f4cb98aa1_1362-76,1684,1,0,186.4,1.4,114.9,108.3,108.3,0.917,True,True,245.8348,455.4194,-0.267,60.1254,-1.1658
ea1818bb-a882-4de4-9e31-993f4cb98aa1_1362-76,1684,1,1,446.0,188.0,35.6,39.8,35.6,0.815,True,False,635.8487,260.8667,0.386,84.3771,-1.0485
ea1818bb-a882-4de4-9e31-993f4cb98aa1_1362-76,1684,2,0,300.0,101.8,66.2,88.4,66.2,0.634,False,False,472.5075,417.5498,0.0536,46.4266,-0.6584
ea1818bb-a882-4de4-9e31-993f4cb98aa1_1362-76,1684,3,0,297.6,189.4,39.0,52.5,39.0,0.628,False,False,106.2669,174.4923,-0.2138,43.1726,-1.2402
ea1818bb-a882-4de4-9e31-993f4cb98aa1_1362-76,1684,3,1,352.0,180.4,83.9,100.8,83.9,0.618,False,False,24.0394,303.417,-1.0848,22.954,-1.3239
ea1818bb-a882-4de4-9e31-993f4cb98aa1_1362-76,1684,4,0,277.9,154.9,123.5,170.0,123.5,0.908,False,False,15.0425,271.553,-1.2302,39.5008,-1.9882
ea1818bb-a882-4de4-9e31-993f4cb98aa1_1362-76,1684,5,0,261.7,84.5,146.4,209.4,146.4,0.908,False,False,23.7585,410.5366,-1.2207,37.8912,-1.7637
ea1818bb-a882-4de4-9e31-993f4cb98aa1_622-65,1685,1,0,568.0,181.1,20.6,27.4,20.6,0.7,False,False,808.4628,1209.9556,-0.1749,40.4834,-0.3066
ea1818bb-a882-4de4-9e31-993f4cb98aa1_622-65,1685,1,1,10.7,-0.8,145.2,106.5,106.5,0.498,False,True,17.1845,429.3423,-1.3741,18.7888,-1.2893
ea1818bb-a882-4de4-9e31-993f4cb98aa1_622-65,1685,1,2,625.6,185.7,16.2,24.9,16.2,0.453,False,True,22.9792,1718.3588,-1.8555,15.3495,-0.9942
ea1818bb-a882-4de4-9e31-993f4cb98aa1_622-65,1685,2,0,60.1,1.0,48.1,44.0,44.0,0.803,False,True,44.1806,866.5609,-1.2833,22.6916,-1.0576
ea1818bb-a882-4de4-9e31-993f4cb98aa1_622-65,1685,2,1,555.7,158.4,25.3,30.9,25.3,0.551,False,False,346.1752,1436.2935,-0.617,17.5119,0.0525
ea1818bb-a882-4de4-9e31-993f4cb98aa1_622-65,1685,5,0,364.5,16.5,78.5,86.8,78.5,0.469,False,False,974.9451,1483.1474,-0.1821,36.2297,-0.129
ea417823-8ca0-417c-8901-114fa4f2d47f_254-62,1686,2,0,611.1,107.1,25.9,35.7,25.9,0.724,False,True,83.2744,3104.3328,-1.5664,15.9857,-0.4835
ea417823-8ca0-417c-8901-114fa4f2d47f_258-70,1687,1,0,145.4,-0.3,153.5,123.7,123.7,0.767,False,True,136.7612,286.2402,-0.3191,41.1489,-1.0898
ea5bb387-a22a-4b49-8aa5-35cbf0d3563d_205-22,1688,1,0,176.9,34.6,59.2,79.2,59.2,0.423,False,False,6.6549,7.3097,-0.0356,5.8138,-0.6576
ea5bb387-a22a-4b49-8aa5-35cbf0d3563d_205-22,1688,5,0,201.6,178.5,83.5,124.5,83.5,0.733,True,False,6.2941,19.2261,-0.4429,16.7172,-1.5849
eaa560d5-6432-4030-a03a-b6ba512e621d_61-64,1690,1,0,248.8,329.1,112.2,160.9,112.2,0.594,False,True,70.4201,369.5724,-0.7151,19.3025,-0.7186
eaa560d5-6432-4030-a03a-b6ba512e621d_61-64,1690,3,0,388.7,19.3,238.7,269.7,238.7,0.568,False,False,303.0213,179.9149,0.2254,48.6219,-0.8909
eabf19d3-4e52-4aee-8f14-5118626a078f_778-52,1691,3,0,554.9,242.9,66.5,94.4,66.5,0.888,False,False,377.7404,645.8773,-0.2325,30.9126,-0.4024
eabf19d3-4e52-4aee-8f14-5118626a078f_778-52,1691,4,0,471.6,261.7,69.6,88.8,69.6,0.888,False,False,931.138,660.2817,0.1491,28.899,0.0472
eb20bebd-41e5-4a02-aa7e-73d3da5bc97e_1223-78,1693,1,0,408.3,69.2,119.8,159.8,119.8,0.573,False,False,859.0719,777.8648,0.0431,33.1535,-0.1069
eb20bebd-41e5-4a02-aa7e-73d3da5bc97e_1223-78,1693,1,1,441.4,6.3,39.8,50.0,39.8,0.46,False,False,431.5521,464.1754,-0.0316,22.3793,-0.0645
eb20bebd-41e5-4a02-aa7e-73d3da5bc97e_1223-78,1693,3,0,446.4,0.4,41.3,43.6,41.3,0.605,False,True,419.7713,332.5132,0.1009,19.1244,0.0597
eb20bebd-41e5-4a02-aa7e-73d3da5bc97e_1253-80,1694,4,0,483.9,1.0,54.9,56.5,54.9,0.505,False,True,434.6291,424.5519,0.0102,22.6097,-0.0703
eb20bebd-41e5-4a02-aa7e-73d3da5bc97e_1253-80,1694,5,0,482.6,1.3,50.3,53.8,50.3,0.632,False,True,493.2321,536.7425,-0.0366,22.8114,-0.0232
eb20bebd-41e5-4a02-aa7e-73d3da5bc97e_1624-37,1695,3,0,-1.1,72.2,56.8,75.9,56.8,0.729,False,True,21.2206,10.9748,0.2685,15.4483,-1.0328
eb20bebd-41e5-4a02-aa7e-73d3da5bc97e_68-58,1698,3,0,295.2,24.1,141.4,156.3,141.4,0.478,False,False,26.53,327.1006,-1.0762,14.42,-0.8802
eb20bebd-41e5-4a02-aa7e-73d3da5bc97e_70-42,1699,1,0,306.2,29.3,100.3,126.8,100.3,0.513,False,False,36.2272,371.3103,-1.0,17.9439,-0.9383
eb2c9739-dba0-479c-81b7-9dda51c4ac20_1388-02,1700,1,0,546.3,267.0,20.3,28.0,20.3,0.404,False,False,7.9546,448.993,-1.7012,8.5264,-0.9154
eb2c9739-dba0-479c-81b7-9dda51c4ac20_1388-02,1700,3,0,383.5,254.1,11.0,13.9,11.0,0.612,True,False,30.6563,47.6929,-0.187,5.5544,-0.0027
eb2c9739-dba0-479c-81b7-9dda51c4ac20_1388-02,1700,3,1,363.4,253.7,10.7,12.8,10.7,0.53,False,False,571.311,908.6493,-0.2012,15.375,0.3822
eb2c9739-dba0-479c-81b7-9dda51c4ac20_1388-02,1700,5,0,201.1,-0.2,25.4,23.1,23.1,0.629,True,True,2.7535,102.089,-1.4388,3.5502,-0.5592
eb2c9739-dba0-479c-81b7-9dda51c4ac20_1388-02,1700,5,1,141.5,8.2,8.8,9.7,8.8,0.542,False,False,192.2624,277.7055,-0.159,9.1965,0.3538
eb2c9739-dba0-479c-81b7-9dda51c4ac20_1465-40,1701,1,0,80.7,226.1,6.6,8.0,6.6,0.622,True,False,110.8395,981.7264,-0.9438,13.7936,-0.233
eb2c9739-dba0-479c-81b7-9dda51c4ac20_1465-40,1701,1,1,73.5,245.1,7.0,8.9,7.0,0.489,False,False,192.1875,90.5728,0.3242,23.4218,-0.4541
eb2c9739-dba0-479c-81b7-9dda51c4ac20_1465-40,1701,1,2,162.4,247.2,7.5,8.9,7.5,0.417,False,False,30.0764,305.7614,-0.9944,8.4093,-0.3632
eb2c9739-dba0-479c-81b7-9dda51c4ac20_1465-40,1701,3,0,480.0,198.3,9.0,10.7,9.0,0.439,False,False,12.2899,362.6096,-1.4371,5.0118,-0.2934
eb2c9739-dba0-479c-81b7-9dda51c4ac20_1465-40,1701,4,0,81.4,159.8,8.0,9.8,8.0,0.668,True,False,1615.5275,1073.0153,0.1776,18.1355,0.6902
eb2c9739-dba0-479c-81b7-9dda51c4ac20_1465-40,1701,4,1,450.6,187.2,7.1,8.4,7.1,0.476,False,False,839.7431,4162.8177,-0.6948,13.1508,0.6843
eb2c9739-dba0-479c-81b7-9dda51c4ac20_1465-40,1701,5,0,105.6,65.5,8.8,10.5,8.8,0.678,True,False,406.08,485.8576,-0.0777,13.5423,0.3439
eb2c9739-dba0-479c-81b7-9dda51c4ac20_1465-40,1701,5,1,489.7,108.1,9.6,11.9,9.6,0.443,False,False,114.8099,660.9346,-0.7571,5.6648,0.5441
eb2c9739-dba0-479c-81b7-9dda51c4ac20_1465-40,1701,5,2,453.6,94.2,9.7,12.0,9.7,0.438,False,False,8.4722,1093.4544,-2.0627,6.3873,-0.6447
eb2c9739-dba0-479c-81b7-9dda51c4ac20_148-23,1702,2,0,426.4,39.9,9.6,12.3,9.6,0.724,True,False,58.8457,100.1401,-0.2279,4.5105,0.4477
eb2c9739-dba0-479c-81b7-9dda51c4ac20_148-23,1702,4,0,476.3,166.6,15.8,20.1,15.8,0.747,True,False,3.1766,34.0214,-0.9235,3.1006,-0.405
eb2c9739-dba0-479c-81b7-9dda51c4ac20_148-23,1702,5,0,310.6,220.3,27.7,42.6,27.7,0.649,True,False,7.9124,131.6601,-1.1727,20.5277,-1.6757
eb2c9739-dba0-479c-81b7-9dda51c4ac20_1679-45,1703,1,0,429.5,192.1,7.4,8.8,7.4,0.629,True,False,557.9722,3790.0684,-0.8314,14.5474,0.4198
eb2c9739-dba0-479c-81b7-9dda51c4ac20_1679-45,1703,3,0,350.6,131.6,8.0,9.5,8.0,0.645,True,False,386.69,2707.66,-0.8443,14.5692,0.2596
eb2c9739-dba0-479c-81b7-9dda51c4ac20_1679-45,1703,5,0,1.9,136.9,17.2,26.4,17.2,0.736,True,True,39.7782,51.9551,-0.1135,16.4032,-0.821
eb2c9739-dba0-479c-81b7-9dda51c4ac20_249-20,1704,5,0,398.5,182.4,27.7,39.0,27.7,0.426,False,False,3.7298,87.0906,-1.2701,17.6211,-1.8186
eb2c9739-dba0-479c-81b7-9dda51c4ac20_275-35,1705,5,0,307.3,208.4,18.8,23.8,18.8,0.641,True,False,4.9967,71.2581,-1.081,2.6672,-0.1313
eb5cb2b0-59e6-45da-af1b-ba86c7ab0b54_1263-17,1707,1,0,460.4,273.8,42.3,56.3,42.3,0.883,False,False,218.0567,215.7612,0.0046,25.5653,-0.4754
eb5cb2b0-59e6-45da-af1b-ba86c7ab0b54_1263-17,1707,2,0,269.3,125.8,51.0,72.9,51.0,0.848,True,False,1411.6376,2331.1745,-0.2177,40.2163,-0.059
eb5cb2b0-59e6-45da-af1b-ba86c7ab0b54_1263-17,1707,3,0,255.2,119.7,53.1,74.6,53.1,0.851,True,False,1746.5507,3669.5214,-0.3223,42.2568,-0.0096
eb5cb2b0-59e6-45da-af1b-ba86c7ab0b54_1263-17,1707,4,0,257.0,122.2,49.2,72.5,49.2,0.851,True,False,1753.3411,3375.1138,-0.2843,42.2935,-0.0087
eb5cb2b0-59e6-45da-af1b-ba86c7ab0b54_1263-17,1707,5,0,241.5,78.4,52.0,73.6,52.0,0.864,True,False,1636.7519,3106.2468,-0.2781,42.0765,-0.0341
eb5cb2b0-59e6-45da-af1b-ba86c7ab0b54_705-79,1708,4,0,393.7,206.8,52.8,68.0,52.8,0.918,True,False,1203.3884,1532.5752,-0.1049,41.8408,-0.1627
eb5cb2b0-59e6-45da-af1b-ba86c7ab0b54_705-79,1708,5,0,438.3,109.0,56.0,70.0,56.0,0.911,True,False,1434.7564,2527.2427,-0.2457,43.2362,-0.1148
eb5cb2b0-59e6-45da-af1b-ba86c7ab0b54_824-48,1709,1,0,395.3,27.8,80.0,81.6,80.0,0.756,True,False,219.4687,1114.0677,-0.704,32.296,-0.6754
eb5cb2b0-59e6-45da-af1b-ba86c7ab0b54_824-48,1709,1,1,245.9,173.8,32.4,41.3,32.4,0.735,False,False,974.1463,2703.1997,-0.443,45.3356,-0.324
eb5cb2b0-59e6-45da-af1b-ba86c7ab0b54_824-48,1709,1,2,93.4,205.6,59.0,78.9,59.0,0.663,False,False,2353.7113,2416.2467,-0.0114,40.4493,0.1579
eb5cb2b0-59e6-45da-af1b-ba86c7ab0b54_824-48,1709,1,3,270.5,224.9,35.1,40.6,35.1,0.45,False,False,4065.7512,2329.4623,0.2418,51.3224,0.1885
eb5cb2b0-59e6-45da-af1b-ba86c7ab0b54_824-48,1709,2,0,302.1,127.2,201.9,199.9,199.9,0.406,False,False,207.6789,128.8108,0.2062,59.5735,-1.2308
eb5cb2b0-59e6-45da-af1b-ba86c7ab0b54_824-48,1709,5,0,313.3,153.6,45.3,60.0,45.3,0.513,False,False,860.1824,1333.4145,-0.1902,63.3186,-0.6681
eb5cb2b0-59e6-45da-af1b-ba86c7ab0b54_824-48,1709,5,1,371.6,67.9,44.4,56.5,44.4,0.466,False,False,284.0457,556.7872,-0.2916,31.8037,-0.5505
eb5cb2b0-59e6-45da-af1b-ba86c7ab0b54_922-64,1710,1,0,404.8,193.9,58.9,75.1,58.9,0.917,True,False,1512.0365,2852.6966,-0.2756,46.6694,-0.1584
eb5cb2b0-59e6-45da-af1b-ba86c7ab0b54_922-64,1710,5,0,437.1,216.8,55.4,67.4,55.4,0.931,True,False,1038.2146,918.1681,0.0533,38.5293,-0.1552
eb81442c-a322-49ea-b243-a39d2e288b9b_414-51,1711,1,0,436.6,19.5,40.4,46.0,40.4,0.878,True,False,504.8728,2138.495,-0.6263,32.4824,-0.3197
eb81442c-a322-49ea-b243-a39d2e288b9b_414-51,1711,2,0,261.2,150.5,51.2,63.5,51.2,0.895,True,False,803.6434,2774.0847,-0.5377,48.3225,-0.4629
ec02ed27-b697-44b0-ae18-a9275205bfee_9-72,1713,4,0,404.9,387.7,37.9,53.9,37.9,0.407,False,False,2854.3411,2622.2487,0.0368,31.6144,0.4555
ec3556de-be79-4ad4-aa0f-eaca48abb5d5_547-69,1714,2,0,555.2,24.5,33.3,49.1,33.3,0.43,False,False,642.5856,552.3481,0.0656,33.8308,-0.2504
ec75d692-c261-4df5-9939-b0edfaa309a5_1168-60,1715,1,0,403.6,20.6,90.8,116.1,90.8,0.925,True,False,182.0623,779.0651,-0.6295,28.4314,-0.6455
ec75d692-c261-4df5-9939-b0edfaa309a5_1168-60,1715,1,1,169.2,144.8,16.9,21.5,16.9,0.432,False,False,794.7354,2899.0401,-0.5616,27.7135,0.0148
ec75d692-c261-4df5-9939-b0edfaa309a5_1168-60,1715,2,0,391.6,60.6,94.2,105.4,94.2,0.916,False,False,232.2018,263.913,-0.0554,31.2345,-0.622
ec85a806-d47f-4555-8c4c-20f59927e580_1424-09,1716,5,0,153.6,45.6,8.1,10.0,8.1,0.529,False,False,28565.86,9094.4719,0.497,65.5511,0.8226
ec85a806-d47f-4555-8c4c-20f59927e580_1435-56,1717,4,0,458.5,201.3,32.6,56.0,32.6,0.73,False,False,3063.8398,990.2242,0.4902,49.7932,0.0919
ec85a806-d47f-4555-8c4c-20f59927e580_1435-56,1717,4,1,356.1,278.2,34.6,53.7,34.6,0.406,False,False,501.9831,825.9898,-0.2159,37.5084,-0.447
ec85a806-d47f-4555-8c4c-20f59927e580_3835-48,1718,1,0,406.2,41.6,15.0,19.7,15.0,0.849,True,False,2756.2629,2256.5433,0.0868,32.2148,0.4239
ec85a806-d47f-4555-8c4c-20f59927e580_3835-48,1718,4,0,387.9,193.2,65.4,90.9,65.4,0.438,False,False,503.5047,985.9079,-0.2914,42.0126,-0.5441
ec85a806-d47f-4555-8c4c-20f59927e580_3835-48,1718,5,0,298.7,13.7,11.8,15.4,11.8,0.826,True,False,7976.8607,3620.3575,0.343,48.5122,0.53
ec85a806-d47f-4555-8c4c-20f59927e580_3835-48,1718,5,1,238.3,27.3,8.8,11.0,8.8,0.4,False,False,5565.9722,4456.7482,0.0965,36.3975,0.6231
ec85a806-d47f-4555-8c4c-20f59927e580_909-71,1719,3,0,81.0,65.7,12.0,15.0,12.0,0.692,False,False,12.5941,60.1399,-0.653,4.8707,-0.2598
ec85a806-d47f-4555-8c4c-20f59927e580_909-71,1719,3,1,65.9,48.3,10.4,13.0,10.4,0.465,False,False,9.6278,65.2434,-0.7947,4.7356,-0.3433
ec85a806-d47f-4555-8c4c-20f59927e580_909-71,1719,3,2,71.2,29.2,9.0,11.0,9.0,0.457,False,False,4.1597,81.1214,-1.2018,2.8124,-0.2372
ec85a806-d47f-4555-8c4c-20f59927e580_909-71,1719,3,3,103.1,63.4,10.0,12.3,10.0,0.45,False,False,12.2322,99.6579,-0.8812,6.3164,-0.4901
ec85a806-d47f-4555-8c4c-20f59927e580_909-71,1719,3,4,15.7,65.4,11.1,14.1,11.1,0.449,False,False,5.0794,72.3761,-1.0817,3.1839,-0.2629
ec85a806-d47f-4555-8c4c-20f59927e580_909-71,1719,3,5,59.3,64.2,10.2,12.6,10.2,0.445,False,False,20.9067,49.336,-0.3613,5.0071,-0.0756
ec85a806-d47f-4555-8c4c-20f59927e580_909-71,1719,4,0,474.0,181.5,48.0,59.9,48.0,0.426,False,False,21.526,25.1738,-0.0652,16.6549,-1.092
ec85a806-d47f-4555-8c4c-20f59927e580_909-71,1719,4,1,347.8,213.4,36.4,52.0,36.4,0.413,False,False,63.8943,25.8265,0.3836,14.8199,-0.5315
ec85a806-d47f-4555-8c4c-20f59927e580_909-71,1719,4,2,401.5,228.8,40.9,53.5,40.9,0.402,False,False,81.5587,20.895,0.5764,22.5025,-0.7886
ec86fee5-ee10-46c5-b835-07c8a8d9651e_362-34,1720,1,0,538.7,279.3,25.8,30.5,25.8,0.484,False,False,6530.8673,7803.1217,-0.0773,39.8819,0.6132
ec86fee5-ee10-46c5-b835-07c8a8d9651e_362-34,1720,1,1,421.5,-1.9,73.8,56.1,56.1,0.443,False,True,488.2614,2289.078,-0.6703,41.5471,-0.5478
ec86fee5-ee10-46c5-b835-07c8a8d9651e_362-34,1720,2,0,482.9,312.5,74.2,119.9,74.2,0.404,False,False,1558.3126,5242.9689,-0.5267,58.9295,-0.3479
ec86fee5-ee10-46c5-b835-07c8a8d9651e_362-34,1720,4,0,4.2,1.7,85.4,52.3,52.3,0.541,False,True,189.5597,759.6224,-0.6011,24.9155,-0.5136
ec86fee5-ee10-46c5-b835-07c8a8d9651e_362-34,1720,5,0,416.2,241.2,187.8,228.9,187.8,0.427,False,False,231.5019,3451.5416,-1.1717,23.2722,-0.368
ecdc4071-1903-4024-a357-d0082720168e_107-60,1721,1,0,173.4,102.9,49.0,60.4,49.0,0.931,True,False,893.9355,2555.44,-0.4558,32.4341,-0.0706
ecdc4071-1903-4024-a357-d0082720168e_107-60,1721,2,0,152.3,49.9,44.1,57.9,44.1,0.913,True,False,603.9382,2424.7514,-0.6031,27.4087,-0.0946
ecdc4071-1903-4024-a357-d0082720168e_115-49,1722,5,0,371.1,13.1,27.4,36.8,27.4,0.805,True,False,1015.5845,1771.71,-0.2415,36.0052,-0.1059
ecdc4071-1903-4024-a357-d0082720168e_125-53,1723,4,0,561.2,122.7,40.4,51.2,40.4,0.911,True,False,213.6316,384.6411,-0.2545,37.6989,-0.8213
ecdc4071-1903-4024-a357-d0082720168e_295-94,1724,5,0,342.9,110.1,33.2,45.1,33.2,0.512,False,False,3743.5916,3504.433,0.0287,51.6609,0.1469
ecdc4071-1903-4024-a357-d0082720168e_3-20,1725,1,0,290.9,171.3,23.2,29.1,23.2,0.927,True,False,1415.5555,3065.9872,-0.3355,34.2174,0.0824
ecdc4071-1903-4024-a357-d0082720168e_3-20,1725,2,0,215.3,59.2,90.0,89.0,89.0,0.881,False,False,114.3078,367.1534,-0.5042,35.0014,-1.0267
ecdc4071-1903-4024-a357-d0082720168e_3-20,1725,3,0,175.0,6.4,120.1,117.8,117.8,0.849,True,False,31.9322,832.1348,-1.4031,25.538,-1.2974
ecdc4071-1903-4024-a357-d0082720168e_44-12,1726,2,0,66.5,83.5,24.2,30.0,24.2,0.872,True,False,3408.509,2149.1257,0.2002,46.4503,0.1985
ecdc4071-1903-4024-a357-d0082720168e_44-12,1726,3,0,30.5,14.4,23.8,31.2,23.8,0.872,True,False,1460.2261,871.4315,0.224,42.8962,-0.1004
ecdc4071-1903-4024-a357-d0082720168e_44-12,1726,5,0,430.3,135.3,29.0,48.0,29.0,0.773,True,False,1139.3696,435.4465,0.4171,47.8453,-0.3028
ed027cb2-5b92-4de2-ab58-69d42325ef15_1281-72,1728,1,0,301.8,10.2,55.6,75.1,55.6,0.498,False,False,1931.2645,1454.5357,0.123,87.7846,-0.6008
ed027cb2-5b92-4de2-ab58-69d42325ef15_266-43,1729,1,0,350.9,103.1,23.9,33.1,23.9,0.473,False,False,158.1167,72.3123,0.3365,59.0761,-1.3412
ed027cb2-5b92-4de2-ab58-69d42325ef15_266-43,1729,2,0,320.2,113.4,25.4,39.9,25.4,0.813,True,False,1262.0702,2118.5775,-0.2248,89.4704,-0.802
ed027cb2-5b92-4de2-ab58-69d42325ef15_266-43,1729,2,1,201.3,135.2,9.8,12.3,9.8,0.711,True,False,670.3956,957.4664,-0.1546,30.1887,-0.1332
ed027cb2-5b92-4de2-ab58-69d42325ef15_266-43,1729,4,0,53.0,121.4,94.1,160.5,94.1,0.635,False,False,54.122,20.4924,0.409,67.0796,-1.912
ed027cb2-5b92-4de2-ab58-69d42325ef15_890-73,1730,1,0,318.5,49.6,20.1,26.7,20.1,0.731,False,False,4318.9557,776.1238,0.745,47.9099,0.2744
ed027cb2-5b92-4de2-ab58-69d42325ef15_890-73,1730,1,1,521.7,36.3,36.4,46.2,36.4,0.402,False,False,4690.0948,1272.5231,0.5663,47.9562,0.3094
ed027cb2-5b92-4de2-ab58-69d42325ef15_890-73,1730,2,0,265.0,1.1,40.4,27.8,27.8,0.647,False,True,2698.188,3016.8686,-0.0485,56.9945,-0.0806
ed027cb2-5b92-4de2-ab58-69d42325ef15_890-73,1730,5,0,314.5,3.8,128.5,181.6,128.5,0.773,True,True,92.2746,6.5575,1.0914,59.9904,-1.5865
ed027cb2-5b92-4de2-ab58-69d42325ef15_965-69,1731,1,0,236.4,2.8,128.4,127.0,127.0,0.73,False,True,4.4767,26.8591,-0.7064,23.0689,-1.9883
ed31f134-b3f0-4f50-b8ae-d956b2f9ccfd_2025-02,1732,1,0,315.5,71.4,46.3,67.7,46.3,0.833,True,False,641.486,531.7286,0.0814,39.6194,-0.3882
ed31f134-b3f0-4f50-b8ae-d956b2f9ccfd_2025-02,1732,2,0,93.2,234.6,26.5,31.9,26.5,0.463,False,False,6.2281,357.2316,-1.6951,15.5142,-1.5242
ed31f134-b3f0-4f50-b8ae-d956b2f9ccfd_2025-02,1732,3,0,557.5,75.6,85.5,98.2,85.5,0.632,True,True,14.9017,195.3755,-1.0916,10.5795,-0.8513
ed31f134-b3f0-4f50-b8ae-d956b2f9ccfd_2025-02,1732,3,1,104.3,229.6,24.2,29.6,24.2,0.582,False,False,4.5625,303.9747,-1.739,12.8258,-1.4735
ed31f134-b3f0-4f50-b8ae-d956b2f9ccfd_2025-02,1732,4,0,122.2,228.8,23.9,31.3,23.9,0.695,True,False,4.2633,496.2062,-1.9753,12.0678,-1.445
ed31f134-b3f0-4f50-b8ae-d956b2f9ccfd_2025-02,1732,4,1,388.6,43.5,68.5,67.9,67.9,0.43,False,False,2.0312,100.8665,-1.5264,8.0667,-1.3384
ed31f134-b3f0-4f50-b8ae-d956b2f9ccfd_2025-02,1732,5,0,144.5,256.1,16.7,21.9,16.7,0.661,False,False,1362.5813,1163.3827,0.0686,18.798,0.5852
ed31f134-b3f0-4f50-b8ae-d956b2f9ccfd_2025-02,1732,5,1,125.9,223.5,23.8,30.9,23.8,0.475,False,False,6.2373,376.5264,-1.7174,9.4772,-1.0986
ed792c47-5cb3-427c-a0e9-5dac33456e6a_1026-89,1733,4,0,60.3,332.7,133.9,139.3,133.9,0.412,False,False,7044.6235,13139.4701,-0.2707,60.411,0.2856
ed792c47-5cb3-427c-a0e9-5dac33456e6a_1026-89,1733,5,0,454.3,135.2,180.8,258.3,180.8,0.517,False,False,3817.0323,5894.776,-0.1887,50.7824,0.1702
ed792c47-5cb3-427c-a0e9-5dac33456e6a_3373-63,1735,1,0,270.6,89.1,17.9,24.4,17.9,0.683,True,False,1534.7022,5318.8498,-0.5396,22.8659,0.4671
ed792c47-5cb3-427c-a0e9-5dac33456e6a_3373-63,1735,2,0,309.5,58.2,22.1,30.8,22.1,0.868,True,False,325.2742,3977.1851,-1.0861,14.8245,0.1697
ed792c47-5cb3-427c-a0e9-5dac33456e6a_3373-63,1735,3,0,403.8,32.3,30.3,41.8,30.3,0.865,True,False,823.9824,3611.6467,-0.6414,20.6973,0.2836
ed792c47-5cb3-427c-a0e9-5dac33456e6a_3373-63,1735,4,0,520.4,105.0,46.3,54.1,46.3,0.868,True,False,2008.7804,3173.6697,-0.1985,26.8262,0.4454
ed792c47-5cb3-427c-a0e9-5dac33456e6a_3373-63,1735,5,0,439.4,149.2,34.4,43.1,34.4,0.855,True,False,789.224,2646.5442,-0.5251,23.4059,0.1583
ed792c47-5cb3-427c-a0e9-5dac33456e6a_38-58,1736,1,0,-0.4,0.6,19.1,24.4,19.1,0.696,False,True,128.8876,44.8563,0.4522,23.2523,-0.6202
ed792c47-5cb3-427c-a0e9-5dac33456e6a_38-58,1736,2,0,104.2,0.7,56.2,42.3,42.3,0.434,False,True,2415.0185,1055.5288,0.3592,37.8566,0.2265
ed792c47-5cb3-427c-a0e9-5dac33456e6a_38-58,1736,3,0,7.0,32.1,116.2,141.8,116.2,0.798,True,False,663.9871,2790.8424,-0.6231,30.2952,-0.1404
ed792c47-5cb3-427c-a0e9-5dac33456e6a_38-58,1736,3,1,282.2,91.7,177.7,237.1,177.7,0.43,False,False,8755.2254,7061.4641,0.0934,42.4154,0.687
ed792c47-5cb3-427c-a0e9-5dac33456e6a_968-42,1738,4,0,364.9,404.8,47.3,64.7,47.3,0.408,False,False,7032.748,6726.4479,0.0193,57.1245,0.3334
edaf03e3-3021-4140-8434-dc9e744ae492_178-18,1739,2,0,520.7,11.1,116.2,165.9,116.2,0.428,False,True,1201.413,1376.199,-0.0589,22.0835,0.391
edaf03e3-3021-4140-8434-dc9e744ae492_178-18,1739,3,0,520.7,12.2,115.0,170.2,115.0,0.421,False,False,1178.4299,1218.7319,-0.0146,22.7785,0.3558
edd0cb68-87be-4cfe-9f2d-b0b64ea8d3e2_2291-45,1740,1,0,233.7,14.9,36.0,43.9,36.0,0.614,True,False,194.1517,1281.2251,-0.8176,15.5567,-0.0953
edd0cb68-87be-4cfe-9f2d-b0b64ea8d3e2_2291-45,1740,2,0,143.8,103.0,55.6,72.5,55.6,0.504,False,False,510.2143,2213.6064,-0.6367,26.9863,-0.1543
edd0cb68-87be-4cfe-9f2d-b0b64ea8d3e2_2291-45,1740,3,0,205.4,71.9,36.0,55.9,36.0,0.792,True,False,8.797,1264.6418,-2.1112,30.3071,-1.9725
edd0cb68-87be-4cfe-9f2d-b0b64ea8d3e2_2291-45,1740,3,1,151.0,113.1,37.5,55.6,37.5,0.572,False,False,17.2451,2633.9972,-2.1596,16.0101,-1.1493
edd0cb68-87be-4cfe-9f2d-b0b64ea8d3e2_2291-45,1740,3,2,309.1,4.3,43.6,42.2,42.2,0.462,False,False,6.7192,573.2867,-1.8716,13.2296,-1.358
edd0cb68-87be-4cfe-9f2d-b0b64ea8d3e2_2291-45,1740,4,0,179.3,62.9,48.1,65.9,48.1,0.768,True,False,1042.6528,1300.7086,-0.096,65.9879,-0.6205
edd0cb68-87be-4cfe-9f2d-b0b64ea8d3e2_2291-45,1740,4,1,92.2,114.7,35.5,50.4,35.5,0.529,False,False,5.169,1791.0779,-2.4631,17.3255,-1.6886
edd0cb68-87be-4cfe-9f2d-b0b64ea8d3e2_2291-45,1740,4,2,312.7,1.0,40.1,34.6,34.6,0.491,False,True,6.1997,218.6603,-1.4844,15.9176,-1.5481
edd0cb68-87be-4cfe-9f2d-b0b64ea8d3e2_2291-45,1740,5,0,254.7,2.6,88.0,65.5,65.5,0.852,True,True,1958.2493,670.6096,0.465,43.2611,0.0197
edd0cb68-87be-4cfe-9f2d-b0b64ea8d3e2_2291-45,1740,5,1,44.9,114.3,41.5,65.4,41.5,0.819,True,False,8.4673,1370.75,-2.1611,35.6495,-2.1282
edd0cb68-87be-4cfe-9f2d-b0b64ea8d3e2_4865-28,1741,1,0,61.5,69.2,29.8,42.0,29.8,0.802,True,False,1380.1638,2293.0524,-0.2204,31.0341,0.1561
edd0cb68-87be-4cfe-9f2d-b0b64ea8d3e2_4865-28,1741,1,1,355.7,68.8,60.2,84.7,60.2,0.754,True,False,4.3359,1269.689,-2.3768,38.7558,-2.4498
edd0cb68-87be-4cfe-9f2d-b0b64ea8d3e2_4865-28,1741,2,0,360.5,51.9,108.3,131.4,108.3,0.637,False,False,131.6293,1578.9664,-1.076,46.8689,-1.2193
edd0cb68-87be-4cfe-9f2d-b0b64ea8d3e2_4865-28,1741,2,1,96.1,30.3,49.6,62.2,49.6,0.554,False,False,2397.9167,3847.9758,-0.2053,40.6274,0.1621
edd0cb68-87be-4cfe-9f2d-b0b64ea8d3e2_4865-28,1741,5,0,421.9,111.3,31.0,42.3,31.0,0.532,False,False,435.4418,1736.2388,-0.5999,29.9165,-0.3124
ee1eea29-aaad-41a4-b299-c72ed26c9da5_801-68,1743,1,0,610.5,228.0,25.0,41.0,25.0,0.402,False,False,92.4602,177.3296,-0.2806,28.3045,-0.9336
ee708878-5d10-4bf3-bd8a-6d72d5cceca6_570-90,1745,1,0,316.1,146.9,18.6,23.7,18.6,0.581,False,False,24.0682,506.2289,-1.3061,14.3111,-0.9143
ee708878-5d10-4bf3-bd8a-6d72d5cceca6_570-90,1745,5,0,346.9,173.5,42.8,50.6,42.8,0.897,True,False,280.0201,707.3853,-0.4015,34.8768,-0.6367
ee708878-5d10-4bf3-bd8a-6d72d5cceca6_570-90,1745,5,1,149.3,227.0,16.9,19.7,16.9,0.596,False,False,525.8875,2532.0727,-0.6819,31.6705,-0.28
ee708878-5d10-4bf3-bd8a-6d72d5cceca6_570-90,1745,5,2,76.0,218.1,10.3,12.6,10.3,0.475,False,False,1845.1733,1482.6106,0.095,38.7807,0.0888
eefcde42-5ea1-4a85-9f34-72c3ceca50f6_817-78,1747,1,0,80.5,357.1,70.5,84.0,70.5,0.671,False,False,374.085,973.1766,-0.4145,23.2295,-0.1588
eefcde42-5ea1-4a85-9f34-72c3ceca50f6_817-78,1747,1,1,17.5,340.5,119.3,130.4,119.3,0.457,False,False,680.0063,1198.2044,-0.2457,34.7724,-0.2497
eefcde42-5ea1-4a85-9f34-72c3ceca50f6_817-78,1747,1,2,3.0,135.6,32.1,45.0,32.1,0.404,False,True,1301.7259,1525.3793,-0.0688,38.496,-0.0563
eefcde42-5ea1-4a85-9f34-72c3ceca50f6_817-78,1747,3,0,405.3,28.6,55.2,76.4,55.2,0.595,False,False,1902.2719,2285.3479,-0.0796,39.7256,0.0811
ef641454-94d5-4fe4-bf21-710144143967_723-67,1748,1,0,234.7,157.0,126.9,191.5,126.9,0.637,True,False,85.7963,144.1965,-0.2235,47.957,-1.4234
ef641454-94d5-4fe4-bf21-710144143967_760-02,1749,4,0,328.6,24.0,111.7,131.3,111.7,0.516,False,False,17.3567,429.2682,-1.3699,35.1554,-1.8285
f0041c6c-06b2-4c3b-b8e6-934305b4226e_6185-52,1751,3,0,469.8,-0.6,59.5,60.9,59.5,0.624,False,True,2275.6783,5799.1084,-0.4061,29.7938,0.4086
f0041c6c-06b2-4c3b-b8e6-934305b4226e_6269-35,1752,1,0,24.0,2.5,161.9,160.4,160.4,0.487,False,True,1005.855,3505.5046,-0.5419,81.2744,-0.817
f0041c6c-06b2-4c3b-b8e6-934305b4226e_6269-35,1752,4,0,527.8,237.1,19.9,25.9,19.9,0.502,False,False,1564.2759,4049.73,-0.4129,26.9897,0.3316
f0041c6c-06b2-4c3b-b8e6-934305b4226e_6269-35,1752,4,1,602.4,246.4,18.9,24.8,18.9,0.436,False,False,1575.1102,4377.5948,-0.4437,14.022,0.9018
f0041c6c-06b2-4c3b-b8e6-934305b4226e_6269-35,1752,5,0,-1.4,1.2,59.6,55.5,55.5,0.693,True,True,590.3464,2368.8809,-0.6029,35.4542,-0.3278
f00ec54c-9ed4-4a23-9cd7-f8728cb9d6c7_1080-52,1753,2,0,264.1,-29.4,353.9,430.6,353.9,0.508,False,True,46.9936,5.1909,0.8894,38.4843,-1.4897
f0b8d19e-28c0-4d11-bb2d-5c6576eb7dcb_67-04,1756,3,0,263.1,120.6,78.8,92.3,78.8,0.482,False,False,1107.677,675.5938,0.2145,53.8984,-0.4185
f0b8d19e-28c0-4d11-bb2d-5c6576eb7dcb_67-04,1756,4,0,239.4,90.3,76.9,88.6,76.9,0.525,False,False,1323.2918,579.0778,0.3585,54.449,-0.3501
f0b8d19e-28c0-4d11-bb2d-5c6576eb7dcb_67-04,1756,4,1,439.2,2.4,128.4,121.0,121.0,0.513,False,True,192.269,365.7694,-0.2782,37.2729,-0.8569
f0b8d19e-28c0-4d11-bb2d-5c6576eb7dcb_67-04,1756,4,2,211.6,53.3,147.4,177.0,147.4,0.427,False,False,805.9017,381.9356,0.3237,52.8742,-0.5398
f1253f94-69c2-4f65-b8dc-e0f24c7677b4_1541-37,1757,2,0,227.8,208.0,251.4,237.5,237.5,0.458,False,False,1130.733,1548.3466,-0.1364,56.0383,-0.4434
f1253f94-69c2-4f65-b8dc-e0f24c7677b4_1541-37,1757,5,0,285.0,187.1,165.5,171.0,165.5,0.443,False,False,838.0787,1034.3455,-0.0913,51.5286,-0.5005
f17f0d96-4d93-4e4b-83c5-fddfbc581bb3_963-95,1758,4,0,403.7,233.5,50.6,81.4,50.6,0.709,False,False,308.1136,383.5025,-0.0948,28.8819,-0.4317
f17f0d96-4d93-4e4b-83c5-fddfbc581bb3_963-95,1758,4,1,597.8,198.9,25.9,32.7,25.9,0.694,True,False,421.621,1610.9284,-0.5814,18.1851,0.1052
f17f0d96-4d93-4e4b-83c5-fddfbc581bb3_963-95,1758,5,0,399.2,252.3,46.5,79.8,46.5,0.736,False,False,203.8779,381.3961,-0.271,28.0633,-0.5853
f17f0d96-4d93-4e4b-83c5-fddfbc581bb3_963-95,1758,5,1,596.4,231.7,28.7,35.6,28.7,0.684,True,False,679.0305,1948.9965,-0.4575,20.6363,0.2022
f1f8d17c-3d2a-4a2a-9482-0a8e385e77ae_365-24,1760,5,0,434.6,1.6,149.9,126.0,126.0,0.504,False,True,650.4512,417.5614,0.1921,41.9032,-0.4309
f2420e55-e559-40e1-9c96-863c6be763fd_1649-73,1764,1,0,282.4,155.1,61.4,79.5,61.4,0.927,True,False,200.0315,290.1957,-0.1609,16.2984,-0.1227
f2420e55-e559-40e1-9c96-863c6be763fd_1649-73,1764,2,0,275.7,146.6,65.1,88.4,65.1,0.925,True,False,113.2433,301.7589,-0.4233,15.9765,-0.3508
f2420e55-e559-40e1-9c96-863c6be763fd_1649-73,1764,3,0,271.5,148.5,66.9,87.1,66.9,0.923,True,False,177.6814,306.1235,-0.2352,16.9119,-0.2058
f2420e55-e559-40e1-9c96-863c6be763fd_1649-73,1764,4,0,269.9,162.8,64.2,83.5,64.2,0.923,True,False,139.5065,193.6928,-0.1417,17.2149,-0.3256
f2420e55-e559-40e1-9c96-863c6be763fd_1649-73,1764,4,1,219.3,-4.5,118.2,101.1,101.1,0.441,False,True,211.7382,160.3805,0.12,18.5728,-0.2112
f2420e55-e559-40e1-9c96-863c6be763fd_1649-73,1764,5,0,219.2,139.7,68.8,88.4,68.8,0.926,True,False,48.9274,79.4645,-0.2073,16.2359,-0.7243
f246429f-404e-4023-9b82-bfe6bf1e50cd_78-11,1765,3,0,138.0,175.3,54.7,72.1,54.7,0.914,True,False,651.347,198.0396,0.5155,44.1522,-0.4756
f246429f-404e-4023-9b82-bfe6bf1e50cd_78-11,1765,4,0,176.7,218.9,60.9,74.5,60.9,0.913,False,False,398.7771,210.7162,0.2761,39.0528,-0.5818
f246429f-404e-4023-9b82-bfe6bf1e50cd_78-11,1765,5,0,188.5,194.9,71.8,96.8,71.8,0.872,False,False,740.7726,824.6799,-0.0465,40.1451,-0.3373
f26eb8a6-2ac4-4aa4-a500-1e738d8c8b13_1596-52,1766,1,0,157.3,0.9,95.8,76.5,76.5,0.525,False,True,484.4499,2177.6244,-0.652,29.304,-0.2482
f26eb8a6-2ac4-4aa4-a500-1e738d8c8b13_1596-52,1766,1,1,148.2,71.3,127.0,215.8,127.0,0.486,False,False,466.8748,667.8007,-0.1552,48.6463,-0.7042
f26eb8a6-2ac4-4aa4-a500-1e738d8c8b13_1596-52,1766,2,0,498.5,104.5,71.2,85.4,71.2,0.495,False,False,244.9904,174.3386,0.147,20.9593,-0.2528
f26eb8a6-2ac4-4aa4-a500-1e738d8c8b13_1596-52,1766,2,1,16.4,451.1,15.7,18.3,15.7,0.481,False,False,604.8824,754.2351,-0.0957,29.4165,-0.1553
f26eb8a6-2ac4-4aa4-a500-1e738d8c8b13_1596-52,1766,2,2,277.0,179.3,34.0,47.9,34.0,0.458,False,False,77.2435,258.242,-0.5203,14.9347,-0.4569
f26eb8a6-2ac4-4aa4-a500-1e738d8c8b13_1596-52,1766,5,0,128.6,168.3,86.6,107.5,86.6,0.748,False,False,135.125,260.9596,-0.2843,27.5612,-0.7472
f26eb8a6-2ac4-4aa4-a500-1e738d8c8b13_1596-52,1766,5,1,349.4,326.5,49.7,66.0,49.7,0.721,False,False,328.3241,279.2271,0.0701,17.5546,0.0274
f26eb8a6-2ac4-4aa4-a500-1e738d8c8b13_1596-52,1766,5,2,110.1,132.1,62.7,71.1,62.7,0.503,False,False,363.4931,437.0015,-0.0798,45.0158,-0.7453
f330e671-6ad4-49d4-8d59-e2493119ac43_8211-68,1767,1,0,525.9,240.8,61.9,82.7,61.9,0.713,False,False,417.2215,418.3729,-0.0012,41.8645,-0.6225
f330e671-6ad4-49d4-8d59-e2493119ac43_8211-68,1767,1,1,484.3,53.9,33.2,41.0,33.2,0.641,True,False,46.0564,830.7745,-1.2474,21.4436,-0.9909
f330e671-6ad4-49d4-8d59-e2493119ac43_8211-68,1767,1,2,119.7,50.3,30.7,34.6,30.7,0.558,False,False,11.5794,1167.5869,-1.968,37.4918,-2.0485
f330e671-6ad4-49d4-8d59-e2493119ac43_8211-68,1767,1,3,2.6,78.8,55.3,107.7,55.3,0.442,False,True,10.6468,343.8122,-1.4714,29.8934,-1.8854
f330e671-6ad4-49d4-8d59-e2493119ac43_8211-68,1767,2,0,89.2,1.1,80.5,95.1,80.5,0.669,True,True,960.727,609.3591,0.1975,26.7981,0.1262
f330e671-6ad4-49d4-8d59-e2493119ac43_8211-68,1767,2,1,503.4,193.1,126.0,174.5,126.0,0.453,False,True,191.9671,714.0177,-0.5688,20.8303,-0.3529
f330e671-6ad4-49d4-8d59-e2493119ac43_8211-68,1767,3,0,556.4,2.7,35.5,36.9,35.5,0.452,False,True,16.6212,1255.1827,-1.853,24.8037,-1.5437
f330e671-6ad4-49d4-8d59-e2493119ac43_8211-68,1767,4,0,533.0,-0.5,95.3,94.8,94.8,0.574,False,True,921.1442,423.3789,0.337,30.9125,-0.0159
f330e671-6ad4-49d4-8d59-e2493119ac43_9479-43,1768,1,0,96.9,3.8,171.1,139.4,139.4,0.774,True,True,1287.7165,583.0499,0.3437,57.1639,-0.4042
f330e671-6ad4-49d4-8d59-e2493119ac43_9479-43,1768,1,1,187.8,59.6,238.3,312.1,238.3,0.656,True,True,624.6028,695.83,-0.0468,45.8567,-0.5267
f330e671-6ad4-49d4-8d59-e2493119ac43_9479-43,1768,3,0,215.4,22.7,222.1,229.0,222.1,0.535,False,False,1304.1662,439.5673,0.4717,51.6059,-0.3099
f330e671-6ad4-49d4-8d59-e2493119ac43_9479-43,1768,4,0,19.5,-1.3,155.1,127.2,127.2,0.84,True,True,964.2969,470.785,0.3109,50.0455,-0.4142
f330e671-6ad4-49d4-8d59-e2493119ac43_9479-43,1768,4,1,101.5,69.9,327.6,333.9,327.6,0.481,False,True,483.84,445.4671,0.0358,45.4711,-0.6301
f330e671-6ad4-49d4-8d59-e2493119ac43_9479-43,1768,4,2,557.3,-2.5,74.9,107.1,74.9,0.436,False,True,57.7451,335.0054,-0.7574,29.5474,-1.1726
f330e671-6ad4-49d4-8d59-e2493119ac43_9479-43,1768,5,0,554.4,6.9,61.8,70.9,61.8,0.544,False,False,12.8075,1085.8477,-1.8961,33.3967,-1.9077
f374039b-7f08-4dc3-af64-4e9ff61db531_2262-81,1769,5,0,520.9,204.5,124.5,207.0,124.5,0.402,False,True,522.4008,522.5868,-0.0002,20.1986,0.1071
f374039b-7f08-4dc3-af64-4e9ff61db531_425-13,1770,1,0,314.8,273.1,26.9,34.3,26.9,0.524,False,False,978.656,746.6508,0.1174,39.5506,-0.2035
f374039b-7f08-4dc3-af64-4e9ff61db531_425-13,1770,1,1,285.4,314.6,39.9,45.0,39.9,0.417,False,False,1615.5014,1012.0992,0.2029,52.9499,-0.2393
f374039b-7f08-4dc3-af64-4e9ff61db531_425-13,1770,2,0,345.1,30.5,83.5,104.0,83.5,0.425,False,False,480.1911,646.8557,-0.1292,27.8186,-0.2069
f374039b-7f08-4dc3-af64-4e9ff61db531_425-13,1770,3,0,193.1,6.0,120.8,137.5,120.8,0.448,False,False,315.5335,1018.9876,-0.5082,61.8099,-1.0818
f374039b-7f08-4dc3-af64-4e9ff61db531_425-13,1770,4,0,502.8,329.6,77.1,82.3,77.1,0.617,False,False,432.3469,419.6531,0.0129,46.0654,-0.6901
f3c557d2-1170-4979-9a70-96d9b51fa987_228-25,1771,1,0,129.3,158.0,67.1,78.1,67.1,0.638,False,False,43.1752,19.2186,0.3394,22.1612,-1.0469
f3c557d2-1170-4979-9a70-96d9b51fa987_228-25,1771,4,0,123.9,167.0,27.6,36.4,27.6,0.47,False,False,1035.1042,1103.4578,-0.0277,31.5507,0.0169
f3c557d2-1170-4979-9a70-96d9b51fa987_228-25,1771,4,1,262.6,149.7,24.3,26.5,24.3,0.434,False,False,21.8301,59.2521,-0.4215,14.5256,-0.9678
f3c557d2-1170-4979-9a70-96d9b51fa987_228-25,1771,5,0,433.4,271.4,22.6,28.7,22.6,0.55,False,False,203.4659,597.1912,-0.4662,15.7595,-0.0862
f488287d-ea74-4836-9ea4-e137ac6c8233_333-32,1773,1,0,254.0,-1.8,45.2,39.1,39.1,0.528,False,True,398.8177,3679.6583,-0.9641,13.4586,0.3415
f488287d-ea74-4836-9ea4-e137ac6c8233_333-32,1773,1,1,480.0,25.3,138.8,151.1,138.8,0.509,False,False,927.0179,1433.0021,-0.189,37.5353,-0.1816
f488287d-ea74-4836-9ea4-e137ac6c8233_333-32,1773,2,0,-3.7,35.5,74.6,103.7,74.6,0.708,False,True,968.7944,4100.6697,-0.6263,42.7279,-0.275
f488287d-ea74-4836-9ea4-e137ac6c8233_333-32,1773,4,0,499.2,328.3,40.1,49.1,40.1,0.762,False,False,2664.9177,2503.4293,0.0271,51.2706,0.0059
f488287d-ea74-4836-9ea4-e137ac6c8233_333-32,1773,5,0,184.0,0.6,108.7,103.4,103.4,0.811,False,True,5.0637,1154.3752,-2.28,22.4641,-1.9211
f543a47a-c081-481b-a415-cfe732ad74fe_1737-03,1775,2,0,438.4,435.6,36.0,44.1,36.0,0.575,False,True,1749.2117,4318.697,-0.3924,20.311,0.6266
f576f1bf-5433-488b-8833-8320f087e72b_48-29,1776,1,0,310.2,3.8,14.5,14.6,14.5,0.444,False,True,6342.7932,10205.4204,-0.2065,42.3965,0.5474
f576f1bf-5433-488b-8833-8320f087e72b_48-29,1776,1,1,517.7,120.5,13.6,16.9,13.6,0.419,False,False,18262.1294,8179.1511,0.3488,56.9487,0.7505
f576f1bf-5433-488b-8833-8320f087e72b_48-29,1776,2,0,292.4,104.8,45.7,69.1,45.7,0.565,False,False,2488.6162,4646.0572,-0.271,31.8112,0.3905
f576f1bf-5433-488b-8833-8320f087e72b_48-29,1776,3,0,291.3,172.3,51.7,74.6,51.7,0.706,False,False,2842.2244,3862.5592,-0.1332,35.1501,0.3616
f576f1bf-5433-488b-8833-8320f087e72b_48-29,1776,4,0,258.7,146.1,52.6,72.9,52.6,0.462,False,False,4012.3258,2784.2239,0.1586,39.0349,0.4203
f576f1bf-5433-488b-8833-8320f087e72b_48-29,1776,4,1,125.0,119.4,151.6,186.8,151.6,0.403,False,False,2186.1667,5451.2352,-0.3967,43.4766,0.0631
f5778003-9aea-4ca0-9398-69299ba0331c_124-11,1777,1,0,100.7,-8.8,204.7,218.1,204.7,0.533,False,True,149.611,496.2541,-0.5187,21.8858,-0.5034
f5778003-9aea-4ca0-9398-69299ba0331c_124-11,1777,1,1,498.6,-2.2,66.1,50.4,50.4,0.421,False,True,1413.6935,2066.2595,-0.1647,28.9607,0.2265
f5778003-9aea-4ca0-9398-69299ba0331c_124-11,1777,1,2,63.9,387.8,21.6,27.8,21.6,0.418,False,False,183.3098,733.8307,-0.6006,7.5214,0.5053
f5778003-9aea-4ca0-9398-69299ba0331c_124-11,1777,2,0,51.1,403.8,26.5,33.3,26.5,0.579,False,False,263.3931,518.9254,-0.2937,10.7669,0.3543
f5778003-9aea-4ca0-9398-69299ba0331c_124-11,1777,3,0,60.8,401.6,24.6,33.8,24.6,0.573,False,False,383.2545,503.3217,-0.1181,12.5939,0.3816
f5778003-9aea-4ca0-9398-69299ba0331c_124-11,1777,3,1,71.4,-11.8,196.2,215.3,196.2,0.473,False,True,48.7717,486.8644,-0.9913,22.0869,-0.9922
f58900c3-5747-447c-9fa2-04c608e7f40a_18-05,1778,1,0,286.2,0.8,111.0,107.6,107.6,0.896,False,True,42.9429,692.7605,-1.1983,34.7824,-1.4402
f58900c3-5747-447c-9fa2-04c608e7f40a_18-05,1778,1,1,442.9,165.1,150.4,177.5,150.4,0.511,False,False,727.0508,297.7209,0.3869,45.5854,-0.4557
f58900c3-5747-447c-9fa2-04c608e7f40a_18-05,1778,3,0,442.9,86.8,165.1,187.9,165.1,0.555,False,False,631.4488,209.7954,0.4772,50.3862,-0.6038
f58900c3-5747-447c-9fa2-04c608e7f40a_18-05,1778,4,0,471.3,71.2,139.3,166.5,139.3,0.757,False,False,675.0907,183.6386,0.5637,47.6195,-0.5258
f58900c3-5747-447c-9fa2-04c608e7f40a_18-05,1778,5,0,503.6,345.4,66.1,92.1,66.1,0.455,False,False,185.0369,323.7884,-0.242,28.8706,-0.6518
f58900c3-5747-447c-9fa2-04c608e7f40a_18-07,1779,1,0,286.2,0.8,111.0,107.6,107.6,0.896,False,True,42.9429,692.7605,-1.1983,34.7824,-1.4402
f58900c3-5747-447c-9fa2-04c608e7f40a_18-07,1779,1,1,442.9,165.1,150.4,177.5,150.4,0.511,False,False,727.0508,297.7209,0.3869,45.5854,-0.4557
f58900c3-5747-447c-9fa2-04c608e7f40a_18-07,1779,3,0,442.9,86.8,165.1,187.9,165.1,0.555,False,False,631.4488,209.7954,0.4772,50.3862,-0.6038
f58900c3-5747-447c-9fa2-04c608e7f40a_18-07,1779,4,0,471.3,71.2,139.3,166.5,139.3,0.757,False,False,675.0907,183.6386,0.5637,47.6195,-0.5258
f58900c3-5747-447c-9fa2-04c608e7f40a_18-07,1779,5,0,503.6,345.4,66.1,92.1,66.1,0.455,False,False,185.0369,323.7884,-0.242,28.8706,-0.6518
f5ac654b-8f39-427b-856f-4a9a2d4a3020_9-20,1780,2,0,19.5,53.8,83.3,105.9,83.3,0.872,True,False,566.1303,279.9714,0.305,30.3043,-0.2098
f5ac654b-8f39-427b-856f-4a9a2d4a3020_9-20,1780,3,0,-1.0,5.2,130.1,252.8,130.1,0.927,True,True,17.5308,69.5216,-0.5804,28.8681,-1.6535
f5accd2a-0799-4345-9e0d-eb8d87a677a4_1449-87,1781,2,0,71.7,109.7,31.9,38.5,31.9,0.738,False,False,5114.8553,3651.5058,0.1463,45.8704,0.3856
f5bdefb3-f57c-4270-bf31-7939ecd45c86_1324-59,1783,1,0,486.4,14.2,119.7,107.4,107.4,0.475,False,False,9151.4969,13235.3207,-0.1602,64.4826,0.3425
f5bdefb3-f57c-4270-bf31-7939ecd45c86_1324-59,1783,3,0,404.2,120.5,82.0,85.3,82.0,0.448,False,False,9580.7985,13461.5803,-0.1477,62.8191,0.3852
f5bdefb3-f57c-4270-bf31-7939ecd45c86_788-76,1786,1,0,79.2,38.8,53.2,70.3,53.2,0.843,True,False,635.019,3173.4574,-0.6982,23.1912,0.072
f5bdefb3-f57c-4270-bf31-7939ecd45c86_788-76,1786,2,0,74.5,44.3,51.7,70.8,51.7,0.817,True,False,715.4477,2711.3937,-0.5782,22.6979,0.1424
f5bdefb3-f57c-4270-bf31-7939ecd45c86_788-76,1786,3,0,32.2,33.1,47.5,67.8,47.5,0.841,True,False,447.6609,2125.2758,-0.6757,15.2932,0.2811
f5bdefb3-f57c-4270-bf31-7939ecd45c86_788-76,1786,4,0,35.5,34.9,43.9,63.4,43.9,0.815,True,False,252.3407,2088.2896,-0.9163,14.0523,0.106
f5bdefb3-f57c-4270-bf31-7939ecd45c86_788-76,1786,5,0,18.8,45.0,55.5,76.5,55.5,0.799,True,False,282.1864,1637.3926,-0.7623,15.6405,0.0618
f668b2c9-d376-411b-96e5-7d7379fae824_107-18,1788,2,0,487.1,248.8,61.9,82.3,61.9,0.515,False,False,31.8815,108.7326,-0.5234,15.123,-0.8442
f668b2c9-d376-411b-96e5-7d7379fae824_107-18,1788,3,0,563.3,86.9,36.1,43.7,36.1,0.505,False,False,981.177,453.3233,0.3348,33.7952,-0.0659
f668b2c9-d376-411b-96e5-7d7379fae824_107-18,1788,5,0,588.1,-0.7,41.8,64.0,41.8,0.63,False,True,68.8679,165.1288,-0.3762,17.2136,-0.6289
f668b2c9-d376-411b-96e5-7d7379fae824_151-21,1789,5,0,272.8,127.8,62.9,105.5,62.9,0.649,False,False,11.6992,101.5025,-0.907,40.675,-2.1151
f6da4761-4774-4e05-bb2a-beca6db68f51_4196-85,1791,1,0,54.9,3.5,50.8,61.2,50.8,0.887,True,True,469.4136,593.344,-0.1016,32.0462,-0.3395
f6da4761-4774-4e05-bb2a-beca6db68f51_4196-85,1791,1,1,380.0,67.6,36.9,45.4,36.9,0.722,False,False,704.8218,1086.9891,-0.1879,42.9347,-0.4172
f6da4761-4774-4e05-bb2a-beca6db68f51_4196-85,1791,4,0,343.5,157.1,14.1,16.5,14.1,0.488,False,False,145.5694,1975.8464,-1.1299,12.2641,-0.0141
f7148e30-2ded-4d14-a8bb-f50813da26df_84-22,1792,1,0,271.7,270.4,21.7,27.6,21.7,0.417,False,False,5.3334,42.1333,-0.8332,8.176,-1.0299
f77f437c-4e60-43ef-a5e1-ce3881409455_1543-97,1793,5,0,0.9,4.9,57.3,51.6,51.6,0.873,False,True,224.4368,159.51,0.1475,26.379,-0.4901
f8c9dee9-a82f-46e8-9cd5-9380e197ac25_28-43,1795,3,0,107.3,88.9,45.1,68.9,45.1,0.884,True,False,78.073,93.4137,-0.077,39.755,-1.301
f8c9dee9-a82f-46e8-9cd5-9380e197ac25_28-43,1795,4,0,2.7,163.0,28.9,68.4,28.9,0.793,True,True,167.4524,41.0124,0.6031,31.5105,-0.7709
f9c337af-fdf9-4737-b4c2-c5f68cd18d6a_553-83,1799,1,0,332.9,47.9,41.3,48.2,41.3,0.699,True,False,7.6072,1938.3382,-2.3528,37.6189,-2.2163
f9c337af-fdf9-4737-b4c2-c5f68cd18d6a_553-83,1799,1,1,375.6,78.3,41.3,57.3,41.3,0.501,False,False,321.0643,3611.8522,-1.0499,35.4607,-0.5919
f9c337af-fdf9-4737-b4c2-c5f68cd18d6a_553-83,1799,2,0,295.6,12.8,43.9,57.0,43.9,0.624,True,False,10.6771,2401.0249,-2.3132,40.5039,-2.1479
f9c337af-fdf9-4737-b4c2-c5f68cd18d6a_553-83,1799,2,1,341.8,47.1,45.3,59.5,45.3,0.622,True,False,964.5299,3291.1993,-0.5327,39.7605,-0.2144
f9c337af-fdf9-4737-b4c2-c5f68cd18d6a_553-83,1799,3,0,314.1,26.9,52.4,78.9,52.4,0.572,False,False,757.9572,3719.4668,-0.6904,29.0067,-0.0453
f9c337af-fdf9-4737-b4c2-c5f68cd18d6a_553-83,1799,3,1,287.1,5.4,46.2,49.5,46.2,0.475,False,False,11.0624,2380.5679,-2.2954,39.1859,-2.1051
f9c337af-fdf9-4737-b4c2-c5f68cd18d6a_553-83,1799,3,2,334.9,61.0,38.3,58.1,38.3,0.421,False,False,1813.1358,5171.3309,-0.455,50.5504,-0.149
f9c337af-fdf9-4737-b4c2-c5f68cd18d6a_553-83,1799,4,0,338.4,38.1,34.3,44.9,34.3,0.468,False,False,351.3243,4417.1675,-1.0983,37.1313,-0.5929
f9c337af-fdf9-4737-b4c2-c5f68cd18d6a_553-83,1799,5,0,331.2,7.0,35.0,50.5,35.0,0.606,False,False,184.5002,2704.4253,-1.1639,17.8639,-0.237
fa35a547-13b5-4355-873c-322c1860349a_166-55,1802,3,0,144.7,-6.3,159.7,255.9,159.7,0.498,False,True,160.296,76.5201,0.3182,20.2491,-0.4062
fa35a547-13b5-4355-873c-322c1860349a_166-55,1802,4,0,160.3,124.9,122.5,143.7,122.5,0.648,False,False,115.0228,125.3942,-0.0372,33.623,-0.9891
fa53388f-58ab-41a8-9f0d-55407cae3973_757-23,1803,5,0,182.5,109.6,64.4,81.5,64.4,0.905,True,False,100.3896,141.2914,-0.1472,33.9219,-1.0553
fab481c0-842c-4536-9126-9dc375464685_728-84,1804,5,0,206.1,2.8,70.7,96.5,70.7,0.906,True,True,27.0512,10.2076,0.3984,26.0231,-1.3834
facdbd7a-da79-48bd-9bb0-c866f675699b_1484-63,1805,1,0,345.6,192.0,23.7,33.8,23.7,0.552,False,False,3728.1773,3774.5051,-0.0054,49.8061,0.1769
facdbd7a-da79-48bd-9bb0-c866f675699b_1484-63,1805,2,0,472.2,204.6,23.1,30.9,23.1,0.723,True,False,77.0824,218.8585,-0.4496,28.7339,-1.0248
facdbd7a-da79-48bd-9bb0-c866f675699b_1484-63,1805,3,0,383.9,196.5,27.5,35.3,27.5,0.93,True,False,662.0321,287.5132,0.3614,34.2267,-0.2476
facdbd7a-da79-48bd-9bb0-c866f675699b_1484-63,1805,4,0,358.1,256.2,29.7,42.0,29.7,0.862,False,False,190.6019,585.887,-0.4862,40.7671,-0.9385
facdbd7a-da79-48bd-9bb0-c866f675699b_1484-63,1805,5,0,538.1,134.3,43.9,57.8,43.9,0.904,True,False,57.8095,39.4909,0.1621,34.9096,-1.3168
fb8a0650-986c-4c08-9d97-ac432cca424e_70-34,1806,4,0,278.1,263.4,23.5,26.3,23.5,0.836,True,False,271.3398,4040.8565,-1.1715,16.2048,0.0142
fb8a0650-986c-4c08-9d97-ac432cca424e_70-34,1806,5,0,252.2,207.2,49.9,56.0,49.9,0.912,True,False,219.4013,3297.604,-1.1751,25.1173,-0.4574
fb92d350-9bf9-4b16-8a1f-7858de276226_1246-08,1807,5,0,209.4,41.6,207.4,285.1,207.4,0.43,False,False,289.6255,350.8445,-0.083,43.3335,-0.8105
fb92d350-9bf9-4b16-8a1f-7858de276226_32-25,1812,2,0,288.9,26.2,146.2,159.4,146.2,0.754,False,False,108.3437,412.5514,-0.5777,28.6295,-0.8754
fb92d350-9bf9-4b16-8a1f-7858de276226_32-25,1812,3,0,521.8,173.9,32.3,47.2,32.3,0.673,False,False,8.8552,113.7231,-1.066,16.9819,-1.4678
fb92d350-9bf9-4b16-8a1f-7858de276226_688-12,1818,2,0,417.5,5.2,67.6,73.8,67.6,0.427,False,False,111.2272,835.296,-0.8723,12.6501,-0.1568
fb92d350-9bf9-4b16-8a1f-7858de276226_688-12,1818,5,0,157.0,-3.4,209.9,200.2,200.2,0.42,False,True,538.3375,428.7279,0.0987,47.7279,-0.6259
fb9fda68-f264-465d-9208-19876f5ef90f_63-03,1819,4,0,255.6,151.2,34.3,44.3,34.3,0.901,True,False,403.5628,472.5917,-0.0684,33.3115,-0.4386
fb9fda68-f264-465d-9208-19876f5ef90f_887-23,1820,1,0,80.1,88.2,76.5,78.3,76.5,0.861,True,False,49.8013,102.7849,-0.3103,38.3948,-1.463
fb9fda68-f264-465d-9208-19876f5ef90f_887-23,1820,1,1,458.7,-0.5,177.7,160.7,160.7,0.409,False,True,316.6018,111.4761,0.4508,52.9813,-0.9465
fb9fda68-f264-465d-9208-19876f5ef90f_887-23,1820,2,0,155.1,36.5,63.0,87.7,63.0,0.869,True,False,581.774,1118.1017,-0.2834,33.0317,-0.2728
fb9fda68-f264-465d-9208-19876f5ef90f_887-23,1820,3,0,129.3,35.4,66.8,91.2,66.8,0.922,True,False,652.4498,740.8083,-0.0551,42.6866,-0.4456
fb9fda68-f264-465d-9208-19876f5ef90f_887-23,1820,4,0,110.4,87.7,69.7,91.5,69.7,0.911,True,False,383.5444,96.6989,0.5951,38.5627,-0.5877
fb9fda68-f264-465d-9208-19876f5ef90f_887-23,1820,5,0,-1.4,115.6,56.2,101.7,56.2,0.912,True,True,154.3114,53.462,0.4551,37.7527,-0.963
fb9fda68-f264-465d-9208-19876f5ef90f_887-23,1820,5,1,335.4,47.1,44.1,47.3,44.1,0.478,False,False,1761.2138,45.3563,1.58,69.319,-0.4357
fbc425c4-def6-49a7-8b88-5d5d00b5524e_278-29,1821,2,0,565.7,323.2,24.1,32.5,24.1,0.769,False,False,496.418,1097.5634,-0.3441,15.8384,0.2956
fbc425c4-def6-49a7-8b88-5d5d00b5524e_278-29,1821,2,1,374.0,229.8,28.2,32.7,28.2,0.452,False,False,10572.337,11136.7792,-0.0226,65.5363,0.3911
fbc425c4-def6-49a7-8b88-5d5d00b5524e_278-29,1821,4,0,609.6,209.7,20.2,24.7,20.2,0.416,False,False,247.5622,5793.9562,-1.3676,14.1401,0.0924
fbc425c4-def6-49a7-8b88-5d5d00b5524e_278-29,1821,4,1,445.9,196.7,33.3,43.0,33.3,0.412,False,False,3416.7435,7775.333,-0.357,40.6672,0.315
fbc425c4-def6-49a7-8b88-5d5d00b5524e_278-29,1821,5,0,483.8,221.1,42.1,60.1,42.1,0.634,True,False,4.2196,2804.5542,-2.7304,13.5328,-1.5475
fc201765-9b2e-4bb3-8ca0-84bd1732fd40_335-09,1823,3,0,181.5,269.8,13.8,17.4,13.8,0.774,False,False,360.8623,1164.309,-0.5079,18.8466,0.0069
fc201765-9b2e-4bb3-8ca0-84bd1732fd40_335-09,1823,5,0,452.7,131.8,77.9,86.9,77.9,0.892,True,False,48.002,1140.3851,-1.3672,20.0,-0.9129
fcc14fe4-35e1-4854-b368-4541ae7bcf58_1063-13,1825,1,0,160.7,401.5,73.0,73.1,73.0,0.633,False,False,545.0022,2401.2853,-0.6434,33.3986,-0.3107
fcc14fe4-35e1-4854-b368-4541ae7bcf58_1063-13,1825,2,0,-7.0,34.1,103.5,173.8,103.5,0.534,False,True,1612.0855,3101.7568,-0.2841,34.3795,0.1347
fcc14fe4-35e1-4854-b368-4541ae7bcf58_1063-13,1825,4,0,38.3,-1.1,130.9,132.1,130.9,0.634,False,True,3728.7896,5387.8767,-0.1598,40.2185,0.3626
fcc14fe4-35e1-4854-b368-4541ae7bcf58_1063-13,1825,4,1,423.9,25.3,147.0,201.1,147.0,0.45,False,False,2278.8061,6693.6619,-0.4678,41.9997,0.1112
fd2ae8b4-b683-4c4b-935c-78b4dadbdbf8_3041-68,1828,5,0,123.4,3.4,106.8,106.1,106.1,0.738,False,True,746.7917,247.6799,0.4781,54.3667,-0.597
fd2ae8b4-b683-4c4b-935c-78b4dadbdbf8_3860-90,1829,2,0,240.9,83.6,120.1,173.5,120.1,0.472,False,False,791.097,835.7379,-0.0238,45.9707,-0.4264
fd2ae8b4-b683-4c4b-935c-78b4dadbdbf8_4288-89,1832,2,0,538.1,23.3,44.4,62.7,44.4,0.816,True,False,784.6701,2107.6376,-0.4288,33.7981,-0.1629
fd2ae8b4-b683-4c4b-935c-78b4dadbdbf8_966-80,1834,2,0,439.2,16.0,15.6,17.8,15.6,0.663,False,False,1118.7709,1405.3729,-0.099,28.9579,0.1251
fdbe0fbc-90a3-41b9-8898-a0c7ce3f966c_672-30,1835,1,0,321.0,152.2,154.3,197.2,154.3,0.925,False,False,194.243,2229.7082,-1.0579,48.308,-1.0776
fdbe0fbc-90a3-41b9-8898-a0c7ce3f966c_672-30,1835,2,0,347.0,165.8,130.2,180.5,130.2,0.918,False,False,211.8319,2074.114,-0.989,45.8829,-0.9955
fdbe0fbc-90a3-41b9-8898-a0c7ce3f966c_672-30,1835,3,0,473.9,17.1,47.8,55.8,47.8,0.404,False,False,2444.0102,6485.8585,-0.4238,62.4319,-0.2026
fdbe0fbc-90a3-41b9-8898-a0c7ce3f966c_696-68,1836,3,0,562.2,120.8,39.5,54.0,39.5,0.9,True,False,237.6315,1452.9226,-0.7848,27.9735,-0.5163
fdbe0fbc-90a3-41b9-8898-a0c7ce3f966c_696-68,1836,4,0,610.7,88.7,28.4,62.7,28.4,0.556,False,True,319.6577,662.5987,-0.3159,25.3584,-0.3029
fdc39d01-44cb-431a-96a1-558ebf4c15ae_933-99,1837,3,0,148.6,211.3,23.7,36.7,23.7,0.534,False,False,684.1348,375.7151,0.2598,33.2805,-0.209
fdfa65a5-9d90-4d27-8667-cd2c511614e3_70-13,1839,1,0,559.0,212.3,14.6,18.6,14.6,0.615,False,False,1762.8418,903.0154,0.2903,15.5283,0.8624
fdfa65a5-9d90-4d27-8667-cd2c511614e3_70-13,1839,4,0,2.0,256.2,35.9,61.9,35.9,0.754,False,True,542.3122,868.3278,-0.2041,45.3211,-0.5778
fe0b10e2-7fbb-4abc-ab5f-87ffaef34b3f_111-04,1840,5,0,295.0,79.3,10.7,13.5,10.7,0.681,False,False,1315.6984,3304.6565,-0.3998,29.5469,0.178
fe0b10e2-7fbb-4abc-ab5f-87ffaef34b3f_111-04,1840,5,1,245.2,50.6,9.2,11.5,9.2,0.419,False,False,1889.4722,5862.9493,-0.4916,16.8477,0.822
fe0b10e2-7fbb-4abc-ab5f-87ffaef34b3f_111-04,1840,5,2,619.2,330.4,18.2,30.3,18.2,0.413,False,True,1216.4383,659.1152,0.2658,31.2983,0.094
fe0d5ffc-686e-4846-bce0-1a18e513bf95_483-81,1842,4,0,594.2,5.0,26.4,27.2,26.4,0.868,True,False,565.4632,2244.6367,-0.5982,22.7142,0.0397
fe0d5ffc-686e-4846-bce0-1a18e513bf95_483-81,1842,5,0,262.2,387.5,13.0,16.2,13.0,0.573,False,False,368.5429,736.007,-0.2998,15.8295,0.167
fe0d5ffc-686e-4846-bce0-1a18e513bf95_483-81,1842,5,1,232.6,369.8,14.2,17.8,14.2,0.522,False,False,580.3361,919.2165,-0.1995,13.5274,0.4996
fe0d5ffc-686e-4846-bce0-1a18e513bf95_483-81,1842,5,2,311.7,362.1,13.4,16.6,13.4,0.4,False,False,859.0775,722.9171,0.0748,17.0586,0.4692
fe231042-6163-48cc-a1c4-1d1163b0a440_494-51,1843,4,0,595.2,43.4,27.0,34.4,27.0,0.465,False,False,7319.2868,4573.326,0.2042,52.3199,0.427
fe827643-62c3-4cb9-b009-7ed43731c9bd_273-13,1845,1,0,67.8,42.0,16.0,20.1,16.0,0.547,False,False,2605.9513,10157.8244,-0.5907,21.8278,0.7372
fe827643-62c3-4cb9-b009-7ed43731c9bd_273-13,1845,1,1,581.4,44.7,9.4,11.8,9.4,0.447,False,False,5246.5556,12524.8532,-0.3779,26.4794,0.8735
fe827643-62c3-4cb9-b009-7ed43731c9bd_273-13,1845,3,0,235.3,-0.3,43.0,37.4,37.4,0.716,False,True,85.4303,134.4027,-0.195,8.9169,0.0308
fe827643-62c3-4cb9-b009-7ed43731c9bd_273-13,1845,3,1,441.8,218.2,41.9,47.1,41.9,0.617,False,False,557.2006,682.6152,-0.088,37.9914,-0.4129
fe827643-62c3-4cb9-b009-7ed43731c9bd_273-13,1845,3,2,195.4,32.7,81.9,127.3,81.9,0.589,False,False,440.6576,336.2258,0.1172,37.0199,-0.4921
fe827643-62c3-4cb9-b009-7ed43731c9bd_273-13,1845,3,3,123.4,19.0,169.0,229.5,169.0,0.555,False,False,172.1998,413.3943,-0.3789,45.7012,-1.0815
fe827643-62c3-4cb9-b009-7ed43731c9bd_273-13,1845,4,0,411.7,3.8,9.9,10.7,9.9,0.556,False,True,4393.52,4938.5362,-0.0508,27.3866,0.7673
fe827643-62c3-4cb9-b009-7ed43731c9bd_273-13,1845,4,1,524.5,157.3,13.5,16.5,13.5,0.453,False,False,3985.7814,4427.0573,-0.0456,39.1236,0.4155
fe827643-62c3-4cb9-b009-7ed43731c9bd_273-13,1845,5,0,108.5,132.1,63.1,79.7,63.1,0.583,False,False,3.4715,310.6286,-1.8432,16.5023,-1.7862
fe827643-62c3-4cb9-b009-7ed43731c9bd_273-13,1845,5,1,28.9,185.0,50.6,68.2,50.6,0.499,False,False,206.6892,377.6307,-0.2608,23.6868,-0.4324
fec2a5e2-615f-46b3-a320-b8741c2b6365_562-48,1846,1,0,303.9,138.1,42.0,62.2,42.0,0.909,True,False,375.1152,378.9679,-0.0044,36.5188,-0.55
fec2a5e2-615f-46b3-a320-b8741c2b6365_562-48,1846,2,0,289.7,123.3,45.1,60.4,45.1,0.919,True,False,178.168,292.1834,-0.2139,29.3992,-0.6839
fec2a5e2-615f-46b3-a320-b8741c2b6365_562-48,1846,3,0,220.6,111.6,42.6,63.3,42.6,0.897,True,False,278.7335,695.526,-0.3962,33.9969,-0.6165
fec2a5e2-615f-46b3-a320-b8741c2b6365_562-48,1846,4,0,270.3,151.5,35.9,51.9,35.9,0.898,True,False,406.0448,255.6892,0.2002,42.031,-0.6377
fec2a5e2-615f-46b3-a320-b8741c2b6365_562-48,1846,5,0,313.9,143.7,34.3,54.6,34.3,0.916,True,False,618.5608,516.1733,0.0784,37.2187,-0.3498
fec31c20-1910-4ab1-afc5-6aa3057a45f5_381-77,1847,5,0,12.2,39.7,72.3,122.3,72.3,0.657,True,False,38.1779,1069.5095,-1.4365,26.4158,-1.2513
fec31c20-1910-4ab1-afc5-6aa3057a45f5_810-30,1848,3,0,539.2,172.3,94.5,110.3,94.5,0.91,False,False,18.5391,4.9071,0.5195,11.2698,-0.8163
fec31c20-1910-4ab1-afc5-6aa3057a45f5_810-30,1848,4,0,415.4,227.9,75.8,91.2,75.8,0.908,False,False,17.9609,55.8861,-0.4771,20.7831,-1.3586
fec31c20-1910-4ab1-afc5-6aa3057a45f5_810-30,1848,5,0,409.2,178.3,66.7,83.2,66.7,0.927,True,False,44.0292,172.1736,-0.585,15.6187,-0.7356
fec31c20-1910-4ab1-afc5-6aa3057a45f5_825-86,1849,3,0,602.0,110.4,38.0,91.1,38.0,0.669,True,True,37.5632,20.4555,0.2546,17.0122,-0.8768
fec31c20-1910-4ab1-afc5-6aa3057a45f5_825-86,1849,4,0,447.4,176.3,70.6,90.3,70.6,0.93,False,False,124.7588,45.3511,0.4335,21.1432,-0.5518
ff425cc6-7577-444b-b6f7-e250c22a1ed5_831-75,1851,1,0,302.9,122.6,17.3,20.4,17.3,0.604,False,False,841.3749,196.9204,0.629,23.914,0.1674
ff425cc6-7577-444b-b6f7-e250c22a1ed5_831-75,1851,1,1,497.1,245.5,15.3,19.0,15.3,0.557,False,False,363.7963,1442.9236,-0.5975,9.8772,0.5684
ff425cc6-7577-444b-b6f7-e250c22a1ed5_831-75,1851,1,2,230.8,130.8,17.1,20.4,17.1,0.452,False,False,220.4428,343.4089,-0.1918,13.9058,0.0566
ff425cc6-7577-444b-b6f7-e250c22a1ed5_831-75,1851,1,3,198.7,142.1,22.4,26.8,22.4,0.44,False,False,78.203,259.7242,-0.5174,15.8479,-0.5029
ff425cc6-7577-444b-b6f7-e250c22a1ed5_831-75,1851,5,0,496.4,281.6,35.6,44.8,35.6,0.902,True,False,34.0549,93.5159,-0.4308,15.7677,-0.8525
ffa4f27f-4e66-4b8c-ba6a-9a94f3491eb6_1093-00,1852,3,0,5.8,-3.7,121.4,123.5,121.4,0.423,False,True,14.6198,219.7403,-1.1502,18.6848,-1.3505
ffa4f27f-4e66-4b8c-ba6a-9a94f3491eb6_1093-00,1852,4,0,25.9,-1.5,127.2,182.3,127.2,0.504,False,True,15.2217,87.5985,-0.7373,25.9999,-1.6205
ffa4f27f-4e66-4b8c-ba6a-9a94f3491eb6_1093-00,1852,5,0,229.2,2.1,92.2,97.8,92.2,0.95,True,True,72.3927,328.5985,-0.6523,33.1028,-1.1745
fffbaeef-577f-45f0-baa9-f10cabf62dfb_278-37,1853,2,0,253.4,309.6,38.7,48.6,38.7,0.414,False,True,4755.8246,5588.741,-0.0701,53.4739,0.2209
fffbaeef-577f-45f0-baa9-f10cabf62dfb_278-37,1853,3,0,264.5,289.9,40.6,50.0,40.6,0.513,False,False,4202.3973,4766.0704,-0.0547,56.3307,0.122
fffbaeef-577f-45f0-baa9-f10cabf62dfb_278-37,1853,5,0,272.8,291.5,31.6,48.3,31.6,0.842,False,False,7842.5585,5870.8091,0.1257,55.379,0.4077
