id,gold_is_none_sentinel,gold_person_directed,n_options,n_person_directed_options,room_for_trait_cue,primary_norm
01111831-9107-43c4-bf0e-6b26e9b32a2b_1351-09,False,False,4,2,True,True
01ccf6b0-5e95-4b18-acd4-a8cc1fd31ddf_248-81,False,True,4,4,False,True
01ccf6b0-5e95-4b18-acd4-a8cc1fd31ddf_849-71,False,True,4,4,False,False
01d301c9-9dbf-4da2-9181-d66a6688f5e6_817-64,False,True,4,2,True,True
01db7c39-a512-4bac-b284-dff8c7360e80_385-35,False,True,4,2,True,True
01ef2c24-ab95-46c0-a76a-7ec2f66aa5df_978-48,False,True,4,4,False,True
01f9f9d6-2871-4913-99ea-8ffb7780fc8d_1491-41,False,False,4,3,True,True
0235dafb-ec68-4177-8aff-e36d6c63742d_15-76,False,True,4,4,False,True
02ca6897-bf08-4cfb-bbc7-7810dbf5cca2_2974-75,False,True,4,1,True,True
031314bd-fa48-42ef-8341-bc5ca17f6a4a_1127-31,False,True,4,1,True,True
033520cd-e7e4-4649-b551-83bb451a4802_382-12,False,True,4,4,False,True
03ca4970-374e-4901-9895-81f262c0da5c_817-27,False,True,4,2,True,True
03d6e9bf-389a-4828-bf82-0ef6decf7671_900-77,False,False,4,2,True,True
03f5b0be-94ac-4d22-9c30-7bf0456ccf0e_1279-00,False,False,4,1,True,False
03fb98b9-e732-4265-a2a3-9809183acaa7_1123-20,False,False,4,1,True,True
044a7a23-9305-4971-82ac-aa1a3dc154be_214-77,False,True,4,3,True,True
046855d7-41d7-4f41-a6a7-fce921ea8133_335-77,False,True,4,2,True,True
0475a0b9-9445-4083-8c6a-42f0171ff3e4_1943-55,False,False,4,1,True,True
048d34c9-bf3f-4dd9-9da2-5f7da60ac2c8_955-97,False,True,4,3,True,True
04b2f7a8-1d95-43c2-8b3b-8053b22dda52_810-37,False,False,4,0,False,True
053ae0a6-937d-4bdc-8001-d3dfe7899811_1085-52,False,True,4,2,True,False
0548b16c-cc3f-475d-82a4-9a73109d4327_1779-11,False,True,4,3,True,True
05d5d7cf-9fb9-4390-bcd3-dd626b948771_1543-50,False,True,4,4,False,True
0619c3d0-aebe-4414-b977-f2027271b267_279-15,False,True,4,4,False,True
0619c3d0-aebe-4414-b977-f2027271b267_566-56,False,True,4,3,True,False
0655e194-9ddc-41c4-9708-7e6c7a256fa0_300-01,False,False,4,0,False,False
0696265e-aba2-401b-9316-c380c30c901e_540-96,False,False,4,1,True,False
0696265e-aba2-401b-9316-c380c30c901e_878-07,False,True,4,4,False,True
069c1058-881d-49da-b45d-b9f7e08fe932_1164-27,False,False,4,1,True,True
069c1058-881d-49da-b45d-b9f7e08fe932_2408-86,False,False,4,0,False,False
069c1058-881d-49da-b45d-b9f7e08fe932_475-96,False,True,4,4,False,True
06cf946b-4713-4ca2-addf-55ce95a26d98_1071-13,False,True,4,4,False,False
06ee22fd-ecfc-4e34-9ed2-a330548abf71_519-15,False,False,4,0,False,True
070776bf-f15a-4b6e-a906-d1ef9e132592_598-54,False,False,4,1,True,True
072623e8-1889-4580-8175-ddc05a3dceb3_11-40,False,False,4,2,True,False
072623e8-1889-4580-8175-ddc05a3dceb3_89-78,False,False,4,3,True,False
07536df6-9813-42d9-93df-35835407d8ee_170-76,False,True,4,4,False,True
078634f1-0e81-455d-b771-3d35b65a2645_411-53,False,True,4,2,True,True
07ad0112-22da-4f0e-be4f-2debe7fec15c_608-22,False,False,4,0,False,False
083b7556-9dff-40e2-9fad-bef3f82dbf37_1003-31,False,False,4,1,True,False
083b7556-9dff-40e2-9fad-bef3f82dbf37_34-58,False,False,4,0,False,True
083b7556-9dff-40e2-9fad-bef3f82dbf37_51-98,False,False,4,0,False,True
083b7556-9dff-40e2-9fad-bef3f82dbf37_635-98,False,False,4,1,True,False
087e11d0-5984-4365-989d-7365294ddaec_1764-07,False,True,4,4,False,False
087e11d0-5984-4365-989d-7365294ddaec_3198-91,False,False,4,2,True,True
087e11d0-5984-4365-989d-7365294ddaec_5378-93,False,True,4,3,True,True
087e11d0-5984-4365-989d-7365294ddaec_7175-71,False,True,4,2,True,True
087e11d0-5984-4365-989d-7365294ddaec_7351-39,False,False,4,0,False,False
088add57-cf62-4ddd-9908-7eb738b0ec22_2767-48,False,True,4,4,False,True
08e65366-36a3-4146-bec6-043286cedf16_741-63,False,True,4,2,True,True
09690df3-0715-4875-8745-7e8830c761d0_2258-64,False,True,4,2,True,True
09690df3-0715-4875-8745-7e8830c761d0_341-62,False,False,4,1,True,True
09aa2849-b299-4e30-ab69-1213c6f96581_1101-28,False,True,4,4,False,True
09fe2f2d-7d90-4d7d-9dcd-baec4704f4cc_4409-86,False,True,4,1,True,True
0a02a1ed-a327-4753-b270-e95298984b96_534-33,False,True,4,4,False,True
0a4c05df-f522-4a33-862f-0d89824e7300_1283-75,False,False,4,1,True,True
0b38da1c-2b62-4c05-a68e-e8f2aafa47a8_1227-10,False,False,4,1,True,True
0b530687-26d8-4c9d-9771-c758ecd2ecbf_14330-76,False,False,4,1,True,True
0b530687-26d8-4c9d-9771-c758ecd2ecbf_14604-13,False,False,4,2,True,False
0b530687-26d8-4c9d-9771-c758ecd2ecbf_16957-98,False,False,4,1,True,True
0b530687-26d8-4c9d-9771-c758ecd2ecbf_3386-79,False,True,4,2,True,True
0ca15932-2ede-4802-8f8d-68555c68c0b8_525-50,False,False,4,0,False,True
0cd16e31-6045-45ea-b0d7-105116f9e6d1_1433-59,False,True,4,4,False,True
0cd16e31-6045-45ea-b0d7-105116f9e6d1_646-65,False,True,4,4,False,True
0d08f503-89df-4dd8-a238-4e1749d2fe22_5-63,False,False,4,2,True,True
0d572bb4-543a-4fa2-afce-876f854a559a_484-84,False,False,4,1,True,True
0d5f2917-e0bd-47cb-b887-1c14c69568f9_848-84,False,False,4,0,False,True
0d6a065b-3fcd-4537-8148-bc55d2ee3055_19-05,False,True,4,4,False,True
0dca9b08-f9c6-446f-8754-3c1312fa3274_101-78,False,True,4,1,True,True
0e12d060-f93d-418a-a377-7f2467be9fed_363-39,False,False,4,3,True,True
0ece1a2a-2da0-4b28-ac8c-bf9f04c0d17c_2285-27,False,False,4,0,False,True
0ece1a2a-2da0-4b28-ac8c-bf9f04c0d17c_335-84,False,False,4,0,False,True
0ece1a2a-2da0-4b28-ac8c-bf9f04c0d17c_713-12,False,True,4,2,True,False
0f038f2a-7b3d-40ec-a22a-9f764bfbde74_4-93,False,True,4,3,True,False
0f1024e6-ff80-46e2-aea8-3878f11bc1d7_201-92,False,True,4,4,False,False
0f3fa455-3622-4fb4-a3be-0c1a7fd697a7_1157-44,False,True,4,4,False,True
0f574f9b-00bc-479d-894b-9e7c999fe13a_302-98,False,False,4,2,True,True
0f574f9b-00bc-479d-894b-9e7c999fe13a_303-78,False,True,4,3,True,False
0f82d425-f8be-4e69-8c59-0a1a2e980b20_1108-13,False,True,4,2,True,False
0f82d425-f8be-4e69-8c59-0a1a2e980b20_295-56,False,False,4,2,True,False
0f82d425-f8be-4e69-8c59-0a1a2e980b20_518-50,False,True,4,2,True,True
0f82d425-f8be-4e69-8c59-0a1a2e980b20_554-09,False,True,4,4,False,True
10019839-9ded-439f-a573-5ccacd7d829d_650-42,False,False,4,2,True,False
102dc7b7-a8fb-419e-9a18-b679e7157d99_517-02,False,True,4,2,True,False
102dc7b7-a8fb-419e-9a18-b679e7157d99_754-92,False,False,4,2,True,True
1042ea39-9256-4593-a4c6-a0d0393da739_524-37,False,True,4,3,True,True
10a848ed-f258-4930-abdd-1fd60b788abc_125-95,False,False,4,3,True,True
10a848ed-f258-4930-abdd-1fd60b788abc_294-40,False,True,4,2,True,True
10a848ed-f258-4930-abdd-1fd60b788abc_345-05,False,True,4,3,True,True
10a848ed-f258-4930-abdd-1fd60b788abc_475-65,False,False,4,1,True,True
10a848ed-f258-4930-abdd-1fd60b788abc_489-09,False,False,4,1,True,True
10a848ed-f258-4930-abdd-1fd60b788abc_549-51,False,False,4,0,False,False
10a848ed-f258-4930-abdd-1fd60b788abc_75-21,False,False,4,0,False,True
10a848ed-f258-4930-abdd-1fd60b788abc_788-28,False,True,4,2,True,True
10c73f89-cc7d-4d43-b1df-b56703de1b24_711-97,False,True,4,3,True,True
110352df-c7a3-4fec-a707-42936d101c28_3-37,False,False,4,1,True,True
1106ee5c-8829-460f-8454-c4a8348f5400_10077-91,False,True,4,2,True,True
1106ee5c-8829-460f-8454-c4a8348f5400_1134-19,False,True,4,3,True,True
110f9870-6b6c-4a20-a3c8-8c2e29c53bb7_1386-55,False,False,4,0,False,False
110f9870-6b6c-4a20-a3c8-8c2e29c53bb7_1388-88,False,False,4,0,False,True
11586867-f4d9-4341-9532-4de21a47585d_394-60,False,False,4,0,False,False
11663dd8-aa9d-429d-80e2-2807b341350e_224-01,False,True,4,4,False,True
11e56f1e-baef-4fe8-ad0f-a7ec8788ea3a_836-51,False,True,4,2,True,True
11f247e0-179a-4b9d-8244-16fb918010a1_1002-90,False,False,4,0,False,True
11f247e0-179a-4b9d-8244-16fb918010a1_1085-16,False,False,4,1,True,False
11f247e0-179a-4b9d-8244-16fb918010a1_1106-33,False,False,4,1,True,True
11f247e0-179a-4b9d-8244-16fb918010a1_1376-89,False,False,4,0,False,False
11fb6f55-4bf0-4992-ad15-d30a51447ab3_745-24,False,True,4,2,True,True
1246d6ec-5620-4f71-8b4b-d823775f58c2_29-81,False,True,4,3,True,True
1270f0e2-1bc0-4225-bf6e-3dd68c594c8b_1984-62,False,True,4,1,True,True
1309c412-1d3b-449a-95d7-853616686f89_980-21,False,True,4,2,True,True
1330508f-8168-4408-a4df-79f69fb87c83_1053-45,False,True,4,3,True,True
13488a91-cef6-46f4-8007-9453d5d49925_44-43,False,True,4,2,True,True
134a4c63-583a-4e64-8cf9-002b6d26cdf1_375-78,False,False,4,2,True,True
134a4c63-583a-4e64-8cf9-002b6d26cdf1_464-01,False,False,4,0,False,True
134d9865-d9ee-47e5-a121-589a26c6b3ba_1573-53,False,True,4,3,True,True
134d9865-d9ee-47e5-a121-589a26c6b3ba_1586-50,False,True,4,4,False,True
13a15553-2fdb-4d04-a7b4-2efc33538525_875-77,False,True,4,2,True,True
13bbcf71-cc9d-40f9-b072-77841ea8b7a2_38-55,False,True,4,4,False,True
13d7173f-e8d1-4124-a66b-2ae648da9dbd_510-46,False,True,4,2,True,True
146a4b4b-96a5-4d8f-a5b1-78dbb6ee5edf_4571-18,False,True,4,1,True,False
146a4b4b-96a5-4d8f-a5b1-78dbb6ee5edf_9999-80,False,True,4,3,True,True
14a3d52a-e66c-4a4c-8f71-d86f7199993c_10-64,False,False,4,0,False,True
14c123f4-06ab-4b51-aa26-95b0e3adf6eb_61-25,False,True,4,3,True,True
14e96091-4011-4557-95b3-a195fb5c39d8_273-80,False,True,4,4,False,True
14e96091-4011-4557-95b3-a195fb5c39d8_919-08,False,True,4,4,False,True
15223229-8273-4f28-9bc0-1266e7c210d8_1078-65,False,True,4,3,True,True
153cd84b-0345-4590-90f6-f66c294db429_799-88,True,False,4,2,True,False
156823e7-0339-4f64-9c89-80044fc8b218_782-84,False,True,4,2,True,True
15c5a595-c577-4b4b-b26a-639517f140c9_1-82,False,False,4,2,True,True
15f1a422-327d-4dab-b14d-7003544c5817_1292-11,False,False,4,3,True,True
15f1a422-327d-4dab-b14d-7003544c5817_1304-02,False,False,4,3,True,True
1626db26-0c74-43d6-a5c2-c1a8fa7b1429_2450-13,False,True,4,2,True,True
1626db26-0c74-43d6-a5c2-c1a8fa7b1429_730-63,False,True,4,4,False,False
168f91fd-53c2-4eee-9d2d-e25e1ad73438_99-46,False,True,4,2,True,True
170fb6c9-8550-4e82-bb9a-4ad574c0f0fa_7137-29,False,True,4,4,False,True
17be1d0a-f213-4126-ab6e-08e5c8ee5b93_1056-33,False,True,4,3,True,True
17be1d0a-f213-4126-ab6e-08e5c8ee5b93_1922-28,False,True,4,3,True,True
17be1d0a-f213-4126-ab6e-08e5c8ee5b93_1968-69,True,False,4,3,True,False
17be1d0a-f213-4126-ab6e-08e5c8ee5b93_4479-70,False,True,4,3,True,True
17be1d0a-f213-4126-ab6e-08e5c8ee5b93_4986-86,False,False,4,2,True,False
17be1d0a-f213-4126-ab6e-08e5c8ee5b93_70-40,False,True,4,3,True,False
17cd1d99-044c-4b1b-97b4-f3de34f8e55b_251-62,False,False,4,1,True,True
17cd1d99-044c-4b1b-97b4-f3de34f8e55b_252-07,False,True,4,2,True,True
18189ea3-00fd-428a-bbae-7549ddd9a97e_803-15,False,True,4,1,True,True
182dffe9-d2bf-4a7d-b1d8-137470f0143d_1327-77,False,True,4,3,True,False
182dffe9-d2bf-4a7d-b1d8-137470f0143d_1639-14,False,False,4,1,True,True
182dffe9-d2bf-4a7d-b1d8-137470f0143d_1670-78,False,True,4,2,True,True
182dffe9-d2bf-4a7d-b1d8-137470f0143d_1681-54,False,False,4,0,False,True
18a3840b-7463-43c4-9aa9-b1d8e486fa84_2172-38,False,False,4,1,True,False
18ac02cb-20eb-4eed-b735-04aff3573422_38-16,False,True,4,4,False,False
19493340-9a5c-406c-9943-712a4a4a073c_634-74,False,False,4,0,False,True
19f2ea20-5041-4be2-bdc9-714473f16236_1915-00,False,True,4,2,True,True
19f2ea20-5041-4be2-bdc9-714473f16236_2706-11,False,True,4,2,True,True
19f2ea20-5041-4be2-bdc9-714473f16236_4520-57,False,True,4,2,True,True
19f2ea20-5041-4be2-bdc9-714473f16236_4524-38,False,True,4,4,False,True
19f2ea20-5041-4be2-bdc9-714473f16236_4525-17,False,True,4,4,False,True
19f2ea20-5041-4be2-bdc9-714473f16236_5269-91,False,True,4,4,False,False
1a2a8e0b-747e-43e3-9618-fc3f55f662b6_0-00,False,True,4,2,True,True
1a50cd38-dda2-41d0-8a6f-294f17373d97_2805-73,False,True,4,1,True,True
1a50cd38-dda2-41d0-8a6f-294f17373d97_2829-22,False,False,4,2,True,False
1a50cd38-dda2-41d0-8a6f-294f17373d97_3680-47,False,True,4,4,False,True
1a7b9b5d-499a-454e-aaee-3758718fb5f2_817-59,False,True,4,3,True,True
1a7e6155-3613-4f55-865c-00e196db0da0_3573-11,False,True,4,3,True,True
1a9a07d5-70ad-4e18-9740-66ea985a527b_945-60,False,False,4,3,True,True
1aa426b2-4d83-4b56-9d3c-4616adc464c8_300-08,False,False,4,1,True,True
1acd2d5c-b0d4-4ec5-a54c-6a9c84cb11f6_23-18,False,True,4,4,False,True
1acd2d5c-b0d4-4ec5-a54c-6a9c84cb11f6_273-21,False,False,4,0,False,False
1acd2d5c-b0d4-4ec5-a54c-6a9c84cb11f6_742-55,False,True,4,4,False,False
1acd2d5c-b0d4-4ec5-a54c-6a9c84cb11f6_773-39,False,True,4,3,True,False
1acd2d5c-b0d4-4ec5-a54c-6a9c84cb11f6_776-54,False,True,4,3,True,True
1b1acfa6-ee3b-483c-9c0a-245d70d7125f_3443-49,False,False,4,3,True,False
1b4b9493-2f3b-48e2-ba96-4feb9b9e98a1_408-70,False,True,4,3,True,True
1b6c9a8b-baec-44ac-ab24-f482d0c30117_216-86,False,False,4,1,True,True
1b6c9a8b-baec-44ac-ab24-f482d0c30117_42-25,False,False,4,1,True,False
1bfac46e-f957-4495-9583-dbd7fa683225_823-65,False,True,4,4,False,True
1bfe3bec-79fd-4b1b-8738-4d313f3f79b9_355-45,False,False,4,1,True,True
1bfe3bec-79fd-4b1b-8738-4d313f3f79b9_47-86,False,False,4,0,False,True
1bfe3bec-79fd-4b1b-8738-4d313f3f79b9_548-41,False,True,4,3,True,True
1c0ba820-4a30-47dd-852d-c30685c7051e_0-00,False,False,4,1,True,True
1c0ba820-4a30-47dd-852d-c30685c7051e_36-98,False,False,4,0,False,True
1c35e580-0eb1-485f-98d5-48f1f968e952_519-81,False,True,4,3,True,True
1c983176-b07a-4a69-ae51-de7829de6b6a_1090-54,False,True,4,2,True,True
1c983176-b07a-4a69-ae51-de7829de6b6a_1270-21,False,True,4,1,True,True
1c983176-b07a-4a69-ae51-de7829de6b6a_261-56,False,True,4,3,True,True
1ce16a97-f614-4660-b21c-4205b33c8bab_1988-77,False,False,4,0,False,False
1ceb6ff6-da6c-4bbe-b8f1-01a5b27026ce_294-88,False,True,4,4,False,True
1de5ae42-ca61-4a76-a514-8b70c40553fc_1576-85,False,True,4,3,True,False
1e90b2b5-5483-4ecc-b8e0-fb0bf63ccac3_3303-65,False,False,4,3,True,True
1e90b2b5-5483-4ecc-b8e0-fb0bf63ccac3_546-46,False,False,4,1,True,True
1e96ede3-aa85-4162-a32f-c565e5194cab_995-46,False,True,4,2,True,False
1e9da62e-72ae-48d2-8b6e-00a5283d213f_1077-48,False,False,4,1,True,True
1e9da62e-72ae-48d2-8b6e-00a5283d213f_571-85,False,True,4,3,True,True
1ea95f25-81f9-46b1-b7a1-c4ca58251c6f_1089-87,False,False,4,0,False,False
1ea95f25-81f9-46b1-b7a1-c4ca58251c6f_1359-12,False,False,4,1,True,False
1eee4aaf-a21c-4ae5-82cd-96fdccae6742_761-92,False,True,4,3,True,True
1eee4aaf-a21c-4ae5-82cd-96fdccae6742_876-68,False,True,4,2,True,True
1eee4aaf-a21c-4ae5-82cd-96fdccae6742_917-84,False,True,4,4,False,False
1f216b72-21a2-4463-b5ae-13bffd779b4d_1694-44,False,False,4,0,False,True
1f216b72-21a2-4463-b5ae-13bffd779b4d_40-21,False,True,4,3,True,True
1f4a4d13-f083-4464-8c03-5e09f55e3f63_1207-44,False,False,4,1,True,True
1f4a4d13-f083-4464-8c03-5e09f55e3f63_125-54,False,True,4,4,False,True
1f4a4d13-f083-4464-8c03-5e09f55e3f63_332-95,False,False,4,3,True,True
1f4a4d13-f083-4464-8c03-5e09f55e3f63_764-04,False,True,4,4,False,False
1f4a4d13-f083-4464-8c03-5e09f55e3f63_781-81,False,True,4,2,True,True
1f5ca4f1-6200-4a9a-86af-150824b51f67_717-00,False,True,4,2,True,True
1f5ca4f1-6200-4a9a-86af-150824b51f67_821-58,False,False,4,1,True,True
1f61d972-e61b-4846-af3a-d09db9f111f8_1079-93,False,True,4,3,True,True
1f61d972-e61b-4846-af3a-d09db9f111f8_17-26,False,False,4,0,False,True
1f6eb61d-74fa-411e-979c-2e66e71f2b7d_345-36,False,True,4,4,False,True
1f6eb61d-74fa-411e-979c-2e66e71f2b7d_501-62,False,True,4,4,False,True
1fe55d7f-85e4-4cb5-a536-7a2aa623630b_1246-18,False,True,4,1,True,True
201af2e0-72dd-466c-8280-8c3dc00a7981_1276-29,False,True,4,1,True,True
201af2e0-72dd-466c-8280-8c3dc00a7981_602-53,False,True,4,3,True,True
20525d50-586a-4792-bfdb-fd941ee64ea9_547-93,False,True,4,2,True,True
20525d50-586a-4792-bfdb-fd941ee64ea9_89-29,False,True,4,3,True,True
20c165c7-6d47-4264-8e62-9f1e643a4d03_2858-81,False,False,4,2,True,True
2131b8e4-79b5-48f7-b092-e4a13ed96749_1086-27,False,True,4,3,True,False
2131b8e4-79b5-48f7-b092-e4a13ed96749_2003-33,False,True,4,1,True,False
2137f7a2-dce3-4d95-859d-ad2a50b0cd09_1373-29,False,True,4,4,False,True
2142bbd6-da88-4976-8668-8f21c27ed456_775-93,False,True,4,4,False,True
21438820-16d7-4fcd-b0d0-5def201fc65e_1321-22,False,True,4,4,False,True
214b62df-2fb1-4b0e-af9d-42b0dd37defb_1128-08,False,True,4,4,False,False
214b62df-2fb1-4b0e-af9d-42b0dd37defb_1307-44,False,True,4,1,True,True
214b62df-2fb1-4b0e-af9d-42b0dd37defb_138-53,False,True,4,2,True,True
214b62df-2fb1-4b0e-af9d-42b0dd37defb_1599-71,False,True,4,1,True,False
214b62df-2fb1-4b0e-af9d-42b0dd37defb_1955-31,False,False,4,1,True,True
214b62df-2fb1-4b0e-af9d-42b0dd37defb_2020-07,False,True,4,1,True,False
214b62df-2fb1-4b0e-af9d-42b0dd37defb_2040-30,False,True,4,1,True,False
214b62df-2fb1-4b0e-af9d-42b0dd37defb_2076-23,False,True,4,1,True,False
214b62df-2fb1-4b0e-af9d-42b0dd37defb_2181-76,False,True,4,2,True,False
214b62df-2fb1-4b0e-af9d-42b0dd37defb_2189-63,False,True,4,3,True,True
214b62df-2fb1-4b0e-af9d-42b0dd37defb_800-76,False,True,4,2,True,False
225a1ffe-3e7e-4ff8-a47e-2e80989077fe_94-47,False,False,4,2,True,True
22653c79-369f-4a0d-a663-33a1da378fe0_245-16,False,True,4,2,True,True
22653c79-369f-4a0d-a663-33a1da378fe0_292-96,False,True,4,4,False,True
22f68c6a-b8dd-44e6-b1fe-d4e619e72f59_662-18,False,False,4,0,False,True
235b49d2-b59c-4079-81cc-ad9c01dbd2df_22-56,False,False,4,0,False,True
23ac2590-b25f-4718-8c9b-89d32eb992b2_641-98,False,True,4,2,True,True
23ac3708-df1d-4bb0-a4c7-b2a66855dccb_447-26,False,True,4,2,True,False
23ac3708-df1d-4bb0-a4c7-b2a66855dccb_950-08,False,True,4,2,True,True
23ad5ebf-6223-4938-8609-d5df7afcf599_267-76,False,True,4,2,True,True
243e800d-fc75-473d-b944-a95844e13a78_1602-75,False,False,4,0,False,False
24c447b6-094f-49a6-9c20-ed594ab0da65_0-04,False,True,4,3,True,False
24c447b6-094f-49a6-9c20-ed594ab0da65_947-73,False,True,4,3,True,False
24e24f1f-af43-4ee5-86be-2a4d5cf772c5_194-62,False,True,4,4,False,True
24e24f1f-af43-4ee5-86be-2a4d5cf772c5_40-56,False,False,4,0,False,True
254029e5-fed4-40a7-bef1-12b9faff3202_1017-93,False,False,4,1,True,False
258a7d18-4e66-4e3a-9fa0-f8daf7315a6d_1387-30,False,True,4,2,True,True
258a7d18-4e66-4e3a-9fa0-f8daf7315a6d_1892-58,False,False,4,0,False,True
25ade38d-3e6b-4aa1-851d-7fbf791201c0_887-41,False,False,4,1,True,False
25beabfc-48c0-4f81-b419-c47297aecf6f_203-09,False,True,4,3,True,True
25f88143-835a-4ac9-9272-eada5dbb8440_162-66,False,True,4,3,True,True
26192bcd-7240-4d7b-8306-fa4eed0264f2_4935-17,False,True,4,4,False,True
261edec2-f089-4a74-b25f-ddf32c92f90c_1105-51,False,True,4,2,True,True
261edec2-f089-4a74-b25f-ddf32c92f90c_801-93,False,True,4,3,True,True
262fd2ec-8eba-44d9-8082-4d0574f7a515_1038-82,False,True,4,4,False,True
262fd2ec-8eba-44d9-8082-4d0574f7a515_1440-24,False,False,4,1,True,True
262fd2ec-8eba-44d9-8082-4d0574f7a515_3000-11,False,True,4,4,False,True
262fd2ec-8eba-44d9-8082-4d0574f7a515_3060-97,False,True,4,2,True,True
2638b358-6b13-434c-bf03-a48bca96f287_636-40,False,False,4,0,False,True
2680068d-b3ae-42d8-971f-e842c2d4fbb4_1248-72,False,True,4,3,True,True
2680068d-b3ae-42d8-971f-e842c2d4fbb4_739-57,False,True,4,2,True,True
268a17eb-3f11-45d4-a671-9e0d8a637363_2969-91,False,False,4,0,False,True
27f9cd4e-8b61-477c-9b63-ca3d437a0dff_250-50,False,False,4,0,False,True
27f9cd4e-8b61-477c-9b63-ca3d437a0dff_855-42,False,False,4,0,False,False
283a15b5-59ae-4f04-9738-bf49c97496a8_102-60,False,False,4,2,True,False
2859218c-84ee-4e85-833f-74255b355032_1032-03,False,True,4,4,False,True
2859218c-84ee-4e85-833f-74255b355032_2390-60,False,False,4,0,False,False
2859218c-84ee-4e85-833f-74255b355032_39-61,False,False,4,0,False,True
2859218c-84ee-4e85-833f-74255b355032_596-50,False,True,4,3,True,True
2876b375-e848-412c-8a6f-0664cbab6a33_474-94,True,False,4,2,True,False
2876b375-e848-412c-8a6f-0664cbab6a33_574-54,False,False,4,1,True,True
287c98fa-f0a4-4944-b798-bcae618258d3_1087-69,False,False,4,2,True,True
2893d559-89cb-4125-a761-3ff8e68768a9_565-53,False,False,4,0,False,True
2893d559-89cb-4125-a761-3ff8e68768a9_638-82,False,True,4,3,True,False
2893d559-89cb-4125-a761-3ff8e68768a9_84-09,False,True,4,2,True,False
2893d559-89cb-4125-a761-3ff8e68768a9_88-42,False,False,4,2,True,True
28ff9118-e876-497c-9901-cb89a62509fc_432-66,False,True,4,4,False,True
2911fa95-30ca-4524-8876-85a90f1fd221_19-38,False,True,4,1,True,True
294c8827-a667-49a5-9e7e-9c910001ce54_101-30,False,True,4,4,False,True
29e45749-f8d5-42c7-af09-7fbb3d6697e9_876-21,False,True,4,4,False,True
2a2ff7db-5460-4296-a8a7-946ba628226d_1549-08,False,False,4,2,True,True
2a831288-6e91-4aba-9385-f22f666fab99_525-32,False,True,4,1,True,True
2a97736a-4fff-4753-84de-e6586a5603cc_185-44,False,True,4,2,True,True
2a97736a-4fff-4753-84de-e6586a5603cc_2707-05,False,True,4,1,True,True
2a97736a-4fff-4753-84de-e6586a5603cc_2711-38,False,True,4,4,False,False
2a97736a-4fff-4753-84de-e6586a5603cc_2712-24,False,False,4,0,False,True
2a97736a-4fff-4753-84de-e6586a5603cc_297-35,False,False,4,2,True,False
2ac65951-49b0-4629-981e-edc34b8cdb0f_1091-69,False,True,4,1,True,False
2ac65951-49b0-4629-981e-edc34b8cdb0f_1349-72,False,True,4,1,True,False
2ac8acbc-9ea4-4bed-bbc2-aa53cc5f098a_1105-87,False,False,4,1,True,True
2b012751-2e50-4acb-b645-c864930e92c8_1119-28,False,False,4,1,True,True
2b012751-2e50-4acb-b645-c864930e92c8_822-56,False,False,4,1,True,True
2b7ace86-149f-4354-b617-c8ebd08c5310_1416-39,False,True,4,2,True,True
2b7ace86-149f-4354-b617-c8ebd08c5310_381-65,False,True,4,3,True,True
2c5d38ed-012f-4732-9eb8-89beddb07641_447-87,False,True,4,1,True,False
2c77de23-cd87-4a41-a83c-4bdc0170f45c_80-46,False,True,4,4,False,True
2c9a2cb8-93fd-4932-bb76-60e80822b70b_782-07,False,False,4,3,True,True
2cc2710e-aae0-41eb-9a70-deb9217bb7ea_3646-90,False,False,4,1,True,True
2cc2710e-aae0-41eb-9a70-deb9217bb7ea_3838-38,False,True,4,3,True,True
2cd9a214-b950-49b6-aa04-0cfd0f85fe5f_528-48,False,False,4,2,True,True
2cddb76f-24d1-4863-bd91-9a5d1922a543_1368-59,False,True,4,4,False,True
2cddb76f-24d1-4863-bd91-9a5d1922a543_1681-29,False,False,4,0,False,True
2d01625b-b7c4-41aa-989b-2d0b392d8b54_113-94,False,True,4,3,True,True
2d01625b-b7c4-41aa-989b-2d0b392d8b54_1323-22,False,True,4,4,False,True
2d01625b-b7c4-41aa-989b-2d0b392d8b54_195-58,False,True,4,4,False,True
2d01625b-b7c4-41aa-989b-2d0b392d8b54_328-63,False,False,4,1,True,True
2d13c92e-f43f-40f2-b603-cb749e5fee70_2243-41,False,True,4,3,True,True
2d1baacd-d82b-4e0c-9d85-b420fb9bde91_345-02,False,False,4,0,False,True
2d1bf98e-a133-4f63-bc1d-91f718078a52_337-47,False,False,4,0,False,True
2d76e155-dcae-4fdb-be83-a37f09e699a8_46-48,False,False,4,3,True,False
2dbdd409-0be0-447c-8ae8-3f107fe9af80_1058-94,False,True,4,4,False,True
2dbdd409-0be0-447c-8ae8-3f107fe9af80_1439-37,False,False,4,2,True,True
2dbdd409-0be0-447c-8ae8-3f107fe9af80_1502-69,False,False,4,2,True,False
2dbdd409-0be0-447c-8ae8-3f107fe9af80_1626-43,False,True,4,4,False,False
2dbdd409-0be0-447c-8ae8-3f107fe9af80_163-46,False,True,4,4,False,True
2dbdd409-0be0-447c-8ae8-3f107fe9af80_164-34,False,False,4,1,True,True
2dbdd409-0be0-447c-8ae8-3f107fe9af80_1653-80,False,True,4,4,False,True
2dbdd409-0be0-447c-8ae8-3f107fe9af80_1697-32,False,True,4,2,True,True
2dbdd409-0be0-447c-8ae8-3f107fe9af80_1764-16,False,False,4,0,False,True
2dbdd409-0be0-447c-8ae8-3f107fe9af80_1872-88,False,False,4,1,True,False
2dbdd409-0be0-447c-8ae8-3f107fe9af80_19-50,False,True,4,3,True,True
2dbdd409-0be0-447c-8ae8-3f107fe9af80_989-72,False,True,4,2,True,False
2dfec7b6-c8b0-4cd0-baf6-4a963aed1d6a_1092-32,False,True,4,2,True,True
2dfec7b6-c8b0-4cd0-baf6-4a963aed1d6a_1906-66,False,True,4,3,True,True
2dff68c2-6310-4763-8d39-05a1dbe40fda_501-39,False,True,4,3,True,False
2e04b2bb-e5d3-4f66-a16e-f7756e14e749_392-62,False,False,4,1,True,True
2eb4e516-9d71-4b68-847e-e1b0cb339b0a_684-96,False,True,4,3,True,False
2ebcbb25-b099-44fa-8e8d-94d574413db9_5599-48,False,True,4,4,False,True
2ec3c123-0a04-46d7-97d5-8b85b5e6d06f_1372-45,False,True,4,3,True,False
2ec3c123-0a04-46d7-97d5-8b85b5e6d06f_249-67,False,True,4,4,False,False
2ec3c123-0a04-46d7-97d5-8b85b5e6d06f_271-92,False,True,4,4,False,True
2ec3c123-0a04-46d7-97d5-8b85b5e6d06f_432-01,False,True,4,2,True,True
2efc9b47-0a23-4247-89a6-db46dae6c998_328-94,False,True,4,4,False,True
2efc9b47-0a23-4247-89a6-db46dae6c998_416-58,False,True,4,3,True,True
3024e27a-237a-4b48-8ea9-b9b16181eaf1_310-08,False,True,4,1,True,True
3024e27a-237a-4b48-8ea9-b9b16181eaf1_49-89,False,True,4,2,True,True
307b1878-875f-4703-bfe9-32d11d20853f_32-44,False,False,4,0,False,True
307b1878-875f-4703-bfe9-32d11d20853f_63-96,False,False,4,0,False,True
307b1878-875f-4703-bfe9-32d11d20853f_94-03,False,False,4,0,False,True
3091004e-8606-417e-8bc2-7922f951845f_1921-59,False,True,4,3,True,True
3091004e-8606-417e-8bc2-7922f951845f_73-46,False,True,4,2,True,True
31254977-d873-4b22-ba1a-aca3fe028ba8_233-94,False,False,4,2,True,True
313cc9d1-c87f-44ec-9900-3ee8d75389be_148-43,False,False,4,1,True,True
3178c414-453e-44e9-b192-67dba2ccc982_1088-81,False,False,4,3,True,False
3178c414-453e-44e9-b192-67dba2ccc982_565-83,False,True,4,3,True,True
31818126-5e0f-4b01-b532-1514587bceec_1514-30,False,True,4,3,True,True
31bb1175-5459-4812-bb9e-f9300e2733f1_3549-55,False,False,4,0,False,True
31bb1175-5459-4812-bb9e-f9300e2733f1_3707-13,False,False,4,2,True,True
324ec8a1-3bd1-46b6-9abb-a824e53c0879_1801-82,False,True,4,4,False,True
32c34069-0111-4d89-9e55-1c68f18705ad_8758-17,False,False,4,0,False,False
330c1e0d-b71a-452e-8b68-fdb96fa8a6ca_1228-35,False,True,4,2,True,False
342cb558-ab3e-4b04-8169-a68bbf06a448_1575-74,False,True,4,2,True,True
343f8d57-6331-40f3-823c-2aee4d5cc10f_1162-80,False,False,4,1,True,True
343f8d57-6331-40f3-823c-2aee4d5cc10f_686-43,False,False,4,1,True,True
3455a3f3-1657-46bb-ae42-52d16ec5ffaa_4842-46,False,True,4,3,True,False
3455a3f3-1657-46bb-ae42-52d16ec5ffaa_6236-63,False,True,4,4,False,True
3455a3f3-1657-46bb-ae42-52d16ec5ffaa_959-38,False,False,4,2,True,True
34590a11-c136-4423-bdc4-c6a45221e546_565-25,False,False,4,2,True,True
348180aa-c90b-463a-8b3f-0743469a8b59_3591-71,False,False,4,0,False,True
348180aa-c90b-463a-8b3f-0743469a8b59_5526-16,False,True,4,3,True,True
348180aa-c90b-463a-8b3f-0743469a8b59_7126-75,False,True,4,3,True,True
348180aa-c90b-463a-8b3f-0743469a8b59_7135-61,False,True,4,2,True,True
348f0f69-cd49-4c00-af91-f1765155e858_1084-90,False,False,4,1,True,True
348f0f69-cd49-4c00-af91-f1765155e858_1127-21,False,False,4,0,False,True
356661f5-767b-495d-95c7-03dcc46f85c6_1826-46,False,True,4,3,True,True
356661f5-767b-495d-95c7-03dcc46f85c6_1858-56,False,False,4,0,False,False
356661f5-767b-495d-95c7-03dcc46f85c6_1860-68,False,False,4,2,True,False
356dd07e-8165-494c-9be8-b82d314bf88d_895-74,False,False,4,1,True,False
3588502f-e1c1-426c-81d6-6fac28e6c81a_531-41,False,False,4,0,False,True
358b4617-283d-48df-bfd8-523cbb525b5d_227-18,False,True,4,3,True,True
358e65ba-1ce0-46f6-a1b4-1c85569ef628_3143-38,False,True,4,2,True,False
35ab724d-5dba-4094-927b-e7bc5ad8cf41_56-56,False,False,4,0,False,True
35b1a8c7-80fd-402f-b240-768926b7bcee_285-73,False,False,4,2,True,True
35b1a8c7-80fd-402f-b240-768926b7bcee_562-55,False,False,4,3,True,True
35b37e37-6bb1-4131-be37-693e9b794a97_1345-02,False,True,4,4,False,True
35d92405-7ebf-4e54-8b9a-7cce8af30a79_63-09,False,True,4,4,False,True
35e004f4-ad64-4835-9358-38a58b431252_2629-86,True,False,4,3,True,False
3625b3d9-e323-4c05-a27a-aba79f01a5bd_18-58,False,True,4,4,False,True
3639ab8f-880a-45bd-b8a9-6ef6bdaad4ff_355-03,False,True,4,2,True,True
366b71ad-3f35-4704-b6ef-e793c7e73ac6_1040-50,False,True,4,2,True,True
366b71ad-3f35-4704-b6ef-e793c7e73ac6_1178-68,False,True,4,1,True,True
366b71ad-3f35-4704-b6ef-e793c7e73ac6_15-36,False,True,4,3,True,True
366b71ad-3f35-4704-b6ef-e793c7e73ac6_41-78,False,False,4,0,False,True
36baa5a9-16bf-4ad6-b011-4d7daae6b8f9_1264-03,False,True,4,4,False,True
36baa5a9-16bf-4ad6-b011-4d7daae6b8f9_423-57,False,False,4,0,False,False
36baa5a9-16bf-4ad6-b011-4d7daae6b8f9_641-91,False,True,4,4,False,True
375ca7e7-1e3c-4159-9f7f-4691ef11f322_68-87,False,True,4,4,False,True
375ca7e7-1e3c-4159-9f7f-4691ef11f322_70-62,False,True,4,4,False,True
3761fbb4-3e0e-4b15-a277-fec95edacf04_1783-59,False,True,4,3,True,True
3761fbb4-3e0e-4b15-a277-fec95edacf04_2287-87,False,True,4,3,True,True
3761fbb4-3e0e-4b15-a277-fec95edacf04_2288-64,False,False,4,1,True,True
3761fbb4-3e0e-4b15-a277-fec95edacf04_4702-37,False,True,4,1,True,True
378af037-7200-4d75-8f83-ddc74e1cd2dc_3193-87,False,False,4,0,False,False
378af037-7200-4d75-8f83-ddc74e1cd2dc_3511-24,False,True,4,2,True,True
381c4c64-a697-42ab-90ab-a515740bf484_1318-72,False,True,4,4,False,False
381c4c64-a697-42ab-90ab-a515740bf484_578-95,False,True,4,3,True,True
38737402-19bd-4689-9e74-3af391b15feb_1017-05,False,False,4,0,False,False
38737402-19bd-4689-9e74-3af391b15feb_1338-80,False,False,4,0,False,True
38737402-19bd-4689-9e74-3af391b15feb_1424-12,False,False,4,0,False,True
38737402-19bd-4689-9e74-3af391b15feb_650-15,False,False,4,0,False,True
38788778-0822-4c9c-b51e-5bce8a765a97_83-68,False,True,4,1,True,False
38788778-0822-4c9c-b51e-5bce8a765a97_91-28,False,False,4,1,True,True
38a66acf-33c8-4ed5-b814-7322087b2e21_2113-44,False,False,4,1,True,False
38a66acf-33c8-4ed5-b814-7322087b2e21_4267-76,False,True,4,4,False,True
38a66acf-33c8-4ed5-b814-7322087b2e21_835-53,False,False,4,1,True,True
38a7b760-56f9-4565-8b70-f8dad5768ace_296-28,False,True,4,3,True,True
38a8d256-8d63-4f28-8837-ebd80dcd10e7_227-55,False,False,4,0,False,False
38b56399-3b1c-421d-8a80-1e5f54fcd667_0-84,False,False,4,0,False,False
38b56399-3b1c-421d-8a80-1e5f54fcd667_806-77,False,False,4,0,False,False
38b6d0fe-e317-47a1-8fa3-87e7a4a21183_375-27,False,False,4,0,False,True
38b6d0fe-e317-47a1-8fa3-87e7a4a21183_80-19,False,False,4,0,False,True
39208fca-0c54-48e9-b4f3-b4803bb67661_3315-32,False,True,4,3,True,True
3925576b-6900-4112-8620-8739de771da9_2447-44,False,True,4,1,True,True
39a53568-d759-4f19-ac19-bc4ba29b5c17_726-07,False,False,4,1,True,True
39af7641-e376-4a99-977f-4d7f746e14ba_79-79,False,True,4,3,True,True
39d0559a-d1e8-4fca-b7f4-db87bbbbde7e_857-69,False,False,4,1,True,True
39d1462e-506c-482b-9c9e-a94cffd71563_2316-87,False,True,4,3,True,True
3a53bfdc-daf7-4bbc-bb9f-af449021d237_1629-28,False,True,4,3,True,True
3a718f0f-a85e-4461-b5bc-94c5a8d300a8_648-56,False,False,4,1,True,True
3a839ee1-2391-43bb-a253-c2c45d753bac_271-43,False,True,4,1,True,True
3a9a814d-222f-4712-97b4-a71d9f8b5a4a_277-20,False,False,4,0,False,False
3a9a814d-222f-4712-97b4-a71d9f8b5a4a_288-34,False,True,4,4,False,True
3ab744ba-9969-452c-a825-38affebd4139_13-22,False,True,4,1,True,True
3ab744ba-9969-452c-a825-38affebd4139_319-13,False,True,4,2,True,True
3ae05e5a-f724-41e8-9000-90b7dd31379b_288-48,False,True,4,4,False,False
3b021bad-6945-4be2-a7db-44af3db1eae8_2667-18,False,True,4,4,False,False
3b342c9c-eb30-4cc6-8ced-53c4fb7b3a8d_290-89,False,True,4,4,False,True
3b342c9c-eb30-4cc6-8ced-53c4fb7b3a8d_783-98,False,True,4,3,True,True
3b3ecf0c-ee8d-4518-bf1c-3301ba44c743_226-48,False,False,4,2,True,False
3be8d10c-8e88-4f29-af13-6eab7b509ed8_7-19,False,True,4,2,True,True
3c54ff87-27c0-4ab8-b934-4f0289221bff_279-60,False,True,4,4,False,True
3c5841d6-8d79-4aa7-b020-bbb6ef114b42_402-54,False,False,4,2,True,True
3c9b7fa8-5588-46a7-aafa-0a1404bfbbd7_1020-57,False,False,4,0,False,False
3c9ce1b1-9eaa-4e3d-9ebb-91f9d904178e_1420-03,False,False,4,1,True,True
3c9ce1b1-9eaa-4e3d-9ebb-91f9d904178e_2345-99,True,False,4,3,True,False
3c9ce1b1-9eaa-4e3d-9ebb-91f9d904178e_2453-52,False,True,4,3,True,False
3ce37765-7d70-4dd6-991c-a83286ba05b2_1423-56,False,False,4,0,False,True
3ce37765-7d70-4dd6-991c-a83286ba05b2_1423-60,False,False,4,2,True,True
3d93c92c-8c12-4972-9f29-c8bef5c321ba_1742-89,False,True,4,4,False,True
3d93c92c-8c12-4972-9f29-c8bef5c321ba_832-45,False,True,4,4,False,False
3d98a5d2-a34b-499e-98f2-9195f300394a_3004-17,False,False,4,1,True,True
3dbe950d-163c-40a4-9590-494748e1dd39_1644-63,False,True,4,3,True,False
3dbe950d-163c-40a4-9590-494748e1dd39_6666-20,False,False,4,1,True,False
3dd00666-a34d-4b45-bb4c-7a4c2342e475_1264-75,False,True,4,3,True,False
3dd08c84-ee0a-4fa6-a859-98fd969ec720_1276-65,False,True,4,3,True,False
3dd08c84-ee0a-4fa6-a859-98fd969ec720_518-21,False,True,4,2,True,True
3de48a49-665d-4c1b-9655-82532e108e6a_1393-69,False,False,4,0,False,False
3de48a49-665d-4c1b-9655-82532e108e6a_1395-29,False,False,4,0,False,False
3decc0f8-9806-40dd-83d5-26c495dd7830_2268-25,False,True,4,2,True,True
3decc0f8-9806-40dd-83d5-26c495dd7830_5147-61,False,True,4,3,True,True
3df50de7-7ef7-4938-9cdb-fb2d07751084_666-85,False,True,4,2,True,True
3e418323-3ff7-4d03-9b60-275f1e20f5dc_315-49,False,True,4,3,True,True
3e418323-3ff7-4d03-9b60-275f1e20f5dc_589-19,False,False,4,3,True,True
3ea1662a-6766-4bc9-8d42-9b48d4e8384c_132-89,False,False,4,1,True,True
3efc152d-ea0e-4372-b552-7d5e1cf07259_14658-02,False,True,4,3,True,True
3efc152d-ea0e-4372-b552-7d5e1cf07259_6116-76,False,False,4,0,False,True
3efc152d-ea0e-4372-b552-7d5e1cf07259_6416-63,False,False,4,2,True,True
3f292ce2-fb0d-477e-b6b5-18c6ef38366e_2018-00,False,True,4,4,False,True
3f292ce2-fb0d-477e-b6b5-18c6ef38366e_889-07,False,False,4,0,False,True
3f712a5b-c1cf-4f2a-b0ab-ca0e2e4f0e3c_1166-83,False,True,4,2,True,True
3f712a5b-c1cf-4f2a-b0ab-ca0e2e4f0e3c_119-87,False,False,4,1,True,True
3f7f5927-02e7-42ea-a31a-edea41bc17f9_565-60,False,False,4,0,False,True
3f8dbb4f-ad5e-4d54-bf95-3ddbe968a85d_27-63,False,False,4,2,True,True
3fb410d6-e5aa-49d3-b184-75ec9651550f_2226-52,False,False,4,1,True,True
3ffb9247-a141-4056-a644-dd3fbab708a4_364-69,False,True,4,3,True,True
3ffeedef-3088-4e70-a21d-3578f07546a2_2438-39,False,True,4,2,True,True
3ffeedef-3088-4e70-a21d-3578f07546a2_632-12,False,False,4,2,True,True
3fffb452-1c17-43fa-b473-c9e19ac21433_2774-23,False,False,4,0,False,True
4065f62a-faae-4926-aee8-1d5bf73661a3_2321-27,False,False,4,0,False,False
4065f62a-faae-4926-aee8-1d5bf73661a3_382-42,False,True,4,3,True,False
406f3614-0b99-4b3f-b3cb-a4590bad9e27_288-93,False,False,4,1,True,True
406f3614-0b99-4b3f-b3cb-a4590bad9e27_811-10,False,False,4,1,True,True
407df63f-c7a8-4c18-aa0f-b8e6ae16a938_620-12,False,False,4,0,False,True
408acdc8-c286-482b-91ba-3fcda24fedc3_1554-86,False,True,4,4,False,True
40b33c95-3689-4ec8-8765-7e926f623b75_1593-37,False,True,4,2,True,True
40b33c95-3689-4ec8-8765-7e926f623b75_530-94,False,False,4,2,True,False
40b33c95-3689-4ec8-8765-7e926f623b75_726-75,False,False,4,1,True,True
40f3258a-f7d8-4b05-8b6a-bd9f8d5b85fb_792-58,False,True,4,4,False,True
41c32675-1cc9-47f2-82e5-5ef1eacb720b_92-49,False,True,4,2,True,False
41ebc581-9f9a-44d5-9c73-8bf287c43856_3353-58,False,False,4,2,True,False
4209376c-04be-47f0-b905-835fedde4cd0_5602-77,False,False,4,1,True,True
421a0364-6ed6-4bd4-8db2-5de8e245c9bc_455-02,False,True,4,4,False,True
421a0364-6ed6-4bd4-8db2-5de8e245c9bc_549-95,False,True,4,4,False,True
42263a6a-e984-4dd9-82db-a43d6e879c8f_528-58,False,True,4,3,True,True
42263a6a-e984-4dd9-82db-a43d6e879c8f_828-54,False,False,4,3,True,False
426eb9d9-d4cf-4acc-9efb-979f61a5be91_785-24,False,True,4,1,True,False
428a80ce-ccc8-46e3-9cbb-419d224f148a_1420-33,False,True,4,3,True,True
428a80ce-ccc8-46e3-9cbb-419d224f148a_679-57,False,False,4,1,True,True
42c08776-8832-4d37-8844-3ce89e405c62_1474-11,False,True,4,3,True,True
42d72164-8f4a-49e4-8b95-b3ad423ba65b_1273-76,False,True,4,4,False,True
42d72164-8f4a-49e4-8b95-b3ad423ba65b_1368-26,False,True,4,3,True,False
42d72164-8f4a-49e4-8b95-b3ad423ba65b_138-24,False,True,4,4,False,True
42d72164-8f4a-49e4-8b95-b3ad423ba65b_149-58,False,True,4,3,True,True
42d72164-8f4a-49e4-8b95-b3ad423ba65b_1575-60,True,False,4,4,False,False
42d72164-8f4a-49e4-8b95-b3ad423ba65b_81-84,False,True,4,3,True,False
4335b0cc-e10c-45df-aad3-a1fa66b7a7a8_2029-73,False,True,4,3,True,True
434a5651-9901-4b32-b782-d9a2bb52e805_711-02,True,False,4,2,True,False
439cfa9c-ef6b-41ba-aa5d-2f40b195b374_1380-00,False,False,4,1,True,False
43d83207-9c41-46aa-90c9-e30a6194be11_354-50,False,True,4,4,False,True
43da1507-f497-4393-85a0-08196c04e16b_2646-34,False,False,4,1,True,False
44327c5e-9442-4334-b675-8019df3678af_2165-30,False,False,4,0,False,False
444a032d-faef-447e-a5dd-c3c8386672b6_215-22,False,False,4,2,True,True
4469a684-b4f9-4b50-a26f-2943f477a420_980-96,False,False,4,2,True,False
449763d0-a924-40a4-8830-01e7028f9428_3059-66,False,False,4,1,True,True
449763d0-a924-40a4-8830-01e7028f9428_3694-63,False,True,4,3,True,True
449e14cf-f05e-42ac-bb7e-0ba87617f95a_582-28,False,True,4,3,True,True
44a65997-a52f-4e79-b4bf-cc1d74e39bc2_143-93,False,True,4,3,True,False
44c5117d-fb5c-4fcf-b648-d7eb76d5f95a_1424-15,False,False,4,0,False,True
44c5117d-fb5c-4fcf-b648-d7eb76d5f95a_898-38,False,True,4,2,True,True
45c274b8-54e6-4187-9fd9-73c0b0ada28d_109-66,False,True,4,1,True,True
45c274b8-54e6-4187-9fd9-73c0b0ada28d_1281-25,False,True,4,3,True,True
45ed20a0-ba4b-41f2-9498-6084fc15d1e3_113-72,False,True,4,4,False,True
45f5f3df-072e-4869-b332-cfc3652092b2_997-48,False,False,4,2,True,True
4651e5c2-4371-4af2-8f05-cb8b0b1ec7fd_233-33,False,True,4,3,True,True
46c3b557-dbda-4868-a9c8-43741d5815e1_288-99,False,True,4,2,True,False
470499d1-e015-4d45-a858-ca3e9566085e_2490-62,False,False,4,2,True,False
470499d1-e015-4d45-a858-ca3e9566085e_2861-64,False,False,4,1,True,True
470499d1-e015-4d45-a858-ca3e9566085e_961-34,False,True,4,4,False,True
4756ab70-a3dc-4855-b015-70fd744ea8e8_82-91,False,True,4,1,True,True
4767de01-96e1-4cf4-80f4-1c9d3acd26ed_650-13,False,True,4,2,True,True
4840195a-580a-44c9-b1de-4bbb792473b5_487-41,False,True,4,1,True,True
48acd7ed-cafc-494b-9e47-8dddcdf0fa75_819-59,False,False,4,3,True,True
48bd6bfb-1322-41b5-9641-20a647976ea8_10-49,False,True,4,4,False,True
48bd6bfb-1322-41b5-9641-20a647976ea8_261-42,False,False,4,2,True,True
48d7d009-425f-4d1a-a6a9-a4742bd0d9fe_2349-91,False,True,4,4,False,True
48d7d009-425f-4d1a-a6a9-a4742bd0d9fe_2561-43,False,True,4,4,False,True
48d7d009-425f-4d1a-a6a9-a4742bd0d9fe_30-60,False,True,4,2,True,True
490b4f30-9bb5-4bf2-966b-13d509b5709b_1247-51,False,False,4,2,True,False
4930cced-9b84-464e-88ce-3990188efed6_1781-50,False,True,4,3,True,True
493dbd4d-bfc7-4086-b4ee-f3d081c34697_864-22,False,False,4,2,True,True
49925bc0-d1f2-4623-891f-147641b0e94f_1165-19,False,True,4,2,True,True
49b14463-2172-4b0e-ad13-fdf9383e9a77_284-00,False,True,4,3,True,False
49b14463-2172-4b0e-ad13-fdf9383e9a77_426-72,False,True,4,4,False,True
49f87e0a-cc34-447e-87ba-209e430aafb0_2852-27,False,True,4,4,False,True
49f87e0a-cc34-447e-87ba-209e430aafb0_4558-50,False,True,4,1,True,True
4ac57aee-4ac0-457e-b9de-9419056e4bbd_295-55,False,False,4,0,False,True
4b5de875-cc82-494e-b768-8ac0ae3bb279_1405-68,False,False,4,1,True,True
4b5de875-cc82-494e-b768-8ac0ae3bb279_668-27,False,False,4,0,False,True
4b5de875-cc82-494e-b768-8ac0ae3bb279_930-87,False,False,4,2,True,True
4b5de875-cc82-494e-b768-8ac0ae3bb279_997-77,False,True,4,3,True,True
4bd37cff-a43b-4843-b0ff-06ecfe00017e_258-98,False,True,4,2,True,True
4bd37cff-a43b-4843-b0ff-06ecfe00017e_270-00,False,False,4,2,True,False
4bea2a96-1f1f-4149-8447-766553bbba22_1364-79,False,True,4,4,False,True
4bea2a96-1f1f-4149-8447-766553bbba22_1922-01,False,False,4,0,False,False
4bf46557-3c5a-4a89-840d-158403590c9f_1472-48,False,False,4,1,True,True
4bf46557-3c5a-4a89-840d-158403590c9f_3598-37,False,True,4,3,True,True
4bf46557-3c5a-4a89-840d-158403590c9f_3687-37,False,True,4,4,False,True
4c53aaac-76f0-4874-ab1c-738286b9698e_727-03,False,True,4,3,True,True
4c53aaac-76f0-4874-ab1c-738286b9698e_902-84,False,False,4,0,False,True
4c642620-db0e-4096-9ece-2b2c6fdb47b0_3829-12,False,False,4,1,True,False
4c64e0d9-72f4-427f-995d-112ef1a2b7a1_210-26,False,True,4,2,True,True
4c6f009a-f0ca-4557-8723-4111761e0a9a_879-68,True,False,4,0,False,False
4c70179a-f411-4f81-b44d-cfe34b8f9180_356-35,False,True,4,1,True,True
4c70179a-f411-4f81-b44d-cfe34b8f9180_551-50,False,True,4,1,True,True
4c70179a-f411-4f81-b44d-cfe34b8f9180_800-64,False,True,4,2,True,False
4c9777fc-1997-4dc8-a2d2-ea59c50b32f4_573-78,False,False,4,1,True,True
4ca97ff8-bc2a-462b-b4c9-b1a878564bea_94-99,False,True,4,2,True,False
4cd086c9-e7d4-4cb9-bdfe-9e55830cf52e_3435-93,False,False,4,1,True,True
4d1b11b2-e53a-40a5-a3a5-2b2441c60e17_621-95,False,False,4,0,False,True
4d24d57d-96ba-4ea1-9542-ee0520d20d3e_1879-56,False,False,4,0,False,True
4d45174a-6a77-48cd-a8f2-9b93e2d47f07_0-01,False,False,4,0,False,False
4d45174a-6a77-48cd-a8f2-9b93e2d47f07_604-84,False,True,4,3,True,True
4d45174a-6a77-48cd-a8f2-9b93e2d47f07_653-18,False,True,4,3,True,True
4d63c029-fd1d-48f2-9f61-7246bb9ef6fc_2979-35,False,False,4,0,False,True
4d76c2c7-c6a2-46a6-bc94-0033c629f040_291-37,False,False,4,0,False,True
4d89d233-dbcf-4ea2-a90f-9a2c3b42d1d5_442-41,False,False,4,1,True,True
4dc1caff-6353-4a05-9382-92031b25f783_279-42,False,False,4,0,False,True
4de25e28-5a34-4fbe-bc83-200d513b4d9a_1123-59,False,True,4,3,True,True
4efdd63d-515c-401a-a5b0-e2c84cbee0e6_2722-42,False,True,4,2,True,True
4efdd63d-515c-401a-a5b0-e2c84cbee0e6_4175-60,False,False,4,0,False,True
4f549225-e82e-4294-9379-4891e47725c7_1121-97,False,False,4,0,False,True
4f549225-e82e-4294-9379-4891e47725c7_299-04,False,True,4,3,True,True
4f549225-e82e-4294-9379-4891e47725c7_982-80,False,False,4,1,True,True
4f80ac6f-b78f-441b-b80d-fa8dd10756c4_471-91,False,True,4,3,True,True
4fde0689-6bc3-49d4-8d54-bf4cfe0ad287_403-70,False,True,4,4,False,True
4ff2e551-1ccb-44ce-8b68-09666397f681_554-17,False,True,4,4,False,True
500be78a-0a13-44c5-8bc6-bafaa9b94354_17-35,False,False,4,0,False,False
501d1e55-968d-4c10-9d29-e0f4bee907a0_654-33,False,False,4,0,False,True
502debb3-c5f1-4dba-b2d4-b191d40da77a_5606-91,False,True,4,3,True,False
508cf068-6523-4368-a6b1-76ba538f1fc9_1359-08,False,False,4,2,True,True
50c1df1c-e016-472a-b0ac-d297b0c82e87_3264-37,False,False,4,2,True,True
50f31d76-6f29-4f80-b654-9437a0113bf5_2211-90,False,False,4,1,True,True
51364391-163c-484c-8de5-122abb5898de_1080-80,False,False,4,0,False,True
51364391-163c-484c-8de5-122abb5898de_1357-07,False,False,4,2,True,False
51364391-163c-484c-8de5-122abb5898de_1359-23,False,False,4,1,True,True
513f572f-6d1c-4a8a-8b57-9c1d0aa363f7_1015-09,False,False,4,0,False,True
513f572f-6d1c-4a8a-8b57-9c1d0aa363f7_843-40,False,False,4,0,False,True
513f572f-6d1c-4a8a-8b57-9c1d0aa363f7_969-20,False,False,4,0,False,True
516ba1f4-5cfd-4dd7-b4b6-a4c0605d1281_1838-55,False,False,4,2,True,True
5181422f-0b2c-4a39-af52-b2ca683e5451_1147-87,False,False,4,1,True,True
5185ad85-6751-481e-8b28-2d93d2e20770_961-05,False,False,4,2,True,True
5185ad85-6751-481e-8b28-2d93d2e20770_964-94,False,True,4,3,True,True
520374ca-09f9-4716-8176-dd289ea7baa9_540-00,False,False,4,0,False,True
520374ca-09f9-4716-8176-dd289ea7baa9_659-75,False,False,4,0,False,True
526675a3-acea-4d5b-b5c9-ccb1b89f6e58_421-44,False,False,4,0,False,True
52c312b2-b47d-498d-a368-20db6a8bc879_1510-20,False,False,4,0,False,True
5300d3f7-0674-4e08-bf1d-47b8c38a2842_39-70,False,False,4,1,True,True
5315437a-2530-47e5-a0e4-4ac656c7cfa4_570-57,False,True,4,4,False,True
5318b45a-f8be-4ab2-a807-564d734527fb_1369-45,False,False,4,0,False,False
53bab63b-b6fa-494c-9dc7-c3fe61f234de_999-56,False,False,4,1,True,True
53e92e25-fe03-4311-9a17-c4f6a29ccad1_1365-15,False,True,4,2,True,True
53e92e25-fe03-4311-9a17-c4f6a29ccad1_3512-58,False,False,4,3,True,True
53e92e25-fe03-4311-9a17-c4f6a29ccad1_983-79,False,False,4,1,True,True
54a421d2-763e-4751-a6b4-54e3d6c46cc1_1143-22,False,False,4,3,True,False
54a421d2-763e-4751-a6b4-54e3d6c46cc1_1361-15,False,True,4,2,True,True
54a421d2-763e-4751-a6b4-54e3d6c46cc1_1458-60,False,True,4,4,False,True
54a421d2-763e-4751-a6b4-54e3d6c46cc1_1553-16,False,True,4,3,True,True
54a421d2-763e-4751-a6b4-54e3d6c46cc1_242-12,False,True,4,2,True,True
54a421d2-763e-4751-a6b4-54e3d6c46cc1_676-59,False,True,4,4,False,True
54a421d2-763e-4751-a6b4-54e3d6c46cc1_692-41,False,True,4,1,True,True
54a421d2-763e-4751-a6b4-54e3d6c46cc1_715-92,False,True,4,2,True,True
54adfe07-dcc1-4c3f-90a2-ac93ea7ff6df_173-06,True,False,4,2,True,False
54adfe07-dcc1-4c3f-90a2-ac93ea7ff6df_76-91,False,False,4,0,False,True
555ff1a5-c30b-434c-a251-b5105cdc1fb9_1647-31,False,True,4,2,True,True
55ef5db5-af7c-4ccd-9c7d-a4d415e195b7_753-73,False,True,4,1,True,True
55ef5db5-af7c-4ccd-9c7d-a4d415e195b7_857-01,False,True,4,3,True,True
5605bd9a-d151-4d5b-b0f6-cfc28ae6937e_2980-56,False,False,4,1,True,True
5605bd9a-d151-4d5b-b0f6-cfc28ae6937e_3534-55,False,True,4,3,True,False
5605bd9a-d151-4d5b-b0f6-cfc28ae6937e_4053-60,False,True,4,3,True,True
5605bd9a-d151-4d5b-b0f6-cfc28ae6937e_457-07,False,True,4,4,False,True
5605bd9a-d151-4d5b-b0f6-cfc28ae6937e_709-52,False,True,4,1,True,True
5605bd9a-d151-4d5b-b0f6-cfc28ae6937e_999-27,False,False,4,0,False,True
564c0350-9fbf-4659-b310-a929fa3c82e4_555-36,False,False,4,3,True,True
56504e4e-a228-4b28-baa4-1ce2de03c2d4_1630-93,False,True,4,4,False,True
56c5fea0-73fb-4239-b740-1faf19e75e6f_1246-35,False,True,4,3,True,True
56da7a14-f3fe-4dd9-9acb-92917603f42c_469-73,False,True,4,1,True,True
56da7a14-f3fe-4dd9-9acb-92917603f42c_521-16,False,True,4,4,False,True
570fc280-231c-4a3e-99c2-12eefed1c122_925-58,False,False,4,0,False,True
57467033-41ad-48f8-bc45-26f0b92a1b48_681-96,False,True,4,1,True,True
57ac6d7c-d317-4f85-aab1-d95ecaaacd5b_290-69,False,False,4,0,False,False
57e88d87-257e-434d-953e-6025367e99fe_446-64,False,False,4,2,True,True
57e88d87-257e-434d-953e-6025367e99fe_448-77,False,True,4,4,False,True
5826d5ed-1456-443f-b333-202bb216a31d_1637-74,False,False,4,0,False,True
583dc873-0ccd-4d04-bb56-4d403ab28e85_218-71,False,False,4,1,True,True
584f625d-15b0-49e8-bfa6-718b9cf010e0_834-78,False,False,4,0,False,True
584fd34c-9bd5-44fd-8266-9d3161d8c790_3302-91,False,True,4,3,True,True
596760c3-b1d6-453c-916c-ecbc30ab1c5d_1349-91,False,True,4,3,True,True
596760c3-b1d6-453c-916c-ecbc30ab1c5d_1392-89,False,False,4,0,False,True
596760c3-b1d6-453c-916c-ecbc30ab1c5d_1448-53,False,False,4,0,False,False
59764b58-1523-48b3-88d2-9fc07880e597_1504-77,False,True,4,3,True,True
59857657-5cb1-4268-9c8f-ab6cb3c3ad3b_5306-98,False,True,4,3,True,False
59857657-5cb1-4268-9c8f-ab6cb3c3ad3b_5438-01,False,False,4,2,True,True
59857657-5cb1-4268-9c8f-ab6cb3c3ad3b_9450-00,False,True,4,1,True,False
59857657-5cb1-4268-9c8f-ab6cb3c3ad3b_979-26,False,True,4,3,True,False
59976b3b-2328-47f2-a7b3-6f982497ed65_622-81,False,True,4,4,False,True
5a009b9f-fed2-45a8-8006-b59b655334d1_50-58,False,True,4,2,True,True
5a9ca82c-bb33-4f05-9e08-efd614269566_1201-43,False,True,4,3,True,True
5aa01f1b-351d-428b-a1be-1f2edaff6a0c_693-84,False,False,4,0,False,False
5aa8f84b-aea8-4e40-b710-82b93875e1ae_422-21,False,True,4,4,False,True
5ab334f2-ecc8-4a05-96f8-4320225379b2_1773-43,False,True,4,2,True,True
5ab334f2-ecc8-4a05-96f8-4320225379b2_214-77,False,False,4,0,False,False
5ab334f2-ecc8-4a05-96f8-4320225379b2_70-12,False,True,4,2,True,True
5ab334f2-ecc8-4a05-96f8-4320225379b2_879-22,False,False,4,0,False,True
5ab334f2-ecc8-4a05-96f8-4320225379b2_905-78,False,True,4,3,True,True
5b0225e8-b81b-42fe-aa08-b0732b46c8bd_1082-56,False,True,4,4,False,True
5b0225e8-b81b-42fe-aa08-b0732b46c8bd_1130-00,False,False,4,3,True,True
5b0225e8-b81b-42fe-aa08-b0732b46c8bd_1130-47,False,False,4,1,True,True
5b0225e8-b81b-42fe-aa08-b0732b46c8bd_1131-66,False,True,4,3,True,False
5b0225e8-b81b-42fe-aa08-b0732b46c8bd_381-48,False,False,4,0,False,True
5b0c9075-f81d-488c-9862-c9c3b9ca27b5_843-40,True,False,4,4,False,False
5b329676-c4f5-49a7-9999-fa3884190b1e_91-50,False,True,4,4,False,True
5c172db2-eca2-4f9a-8963-b2111123fef2_81-63,False,True,4,4,False,True
5c3be03c-07a5-4427-a2fe-449f16e8017b_787-88,False,True,4,2,True,True
5c9b85ea-24a9-4bfd-8ac2-4ca6f9090231_3247-42,False,True,4,2,True,True
5c9b85ea-24a9-4bfd-8ac2-4ca6f9090231_3510-00,False,True,4,4,False,True
5c9b85ea-24a9-4bfd-8ac2-4ca6f9090231_4576-22,False,False,4,1,True,False
5cab806a-3794-4578-94f2-33c3093151d1_391-05,False,True,4,4,False,True
5cab806a-3794-4578-94f2-33c3093151d1_433-69,False,True,4,4,False,True
5cab806a-3794-4578-94f2-33c3093151d1_546-82,False,True,4,4,False,True
5cee04cd-4adb-4a12-a476-1ba1db44865c_1289-65,False,True,4,4,False,True
5cf98bc1-012f-482d-86ee-9337d8747dce_1374-50,False,True,4,1,True,True
5cf98bc1-012f-482d-86ee-9337d8747dce_2305-61,False,False,4,3,True,True
5cff48d5-d4e3-465f-8302-64cd493aba53_0-01,False,False,4,3,True,True
5cff48d5-d4e3-465f-8302-64cd493aba53_399-10,False,True,4,4,False,True
5d00d9ae-e932-42d5-8eee-ed24f83c8661_0-06,False,False,4,0,False,True
5d090853-467e-4f95-9f9e-ac0582023111_504-40,False,False,4,0,False,True
5d8dfcfe-93e4-465e-a548-44c1442ffa29_291-14,False,True,4,4,False,True
5dac9d4b-1ac8-468b-a51b-8b7e0dbe554b_1086-76,False,True,4,4,False,False
5dde766e-e93a-4d48-b3c7-96774f24d39d_560-47,False,False,4,2,True,True
5e193b30-3e79-4851-801b-dab99125cd44_2971-00,False,False,4,0,False,True
5e193b30-3e79-4851-801b-dab99125cd44_3348-61,False,False,4,1,True,True
5e7a6a04-70d3-4ce5-82ff-971ca6478328_1045-51,False,False,4,2,True,True
5e7dbc32-08e0-4266-9bd3-27c412d1af7c_182-45,False,False,4,0,False,True
5e97e33c-b3ca-48b2-9e7e-069fe39199fb_1921-41,False,False,4,3,True,False
5e97e33c-b3ca-48b2-9e7e-069fe39199fb_509-89,False,True,4,3,True,True
5ead8e7c-2600-44b1-afd6-b82cb5f7b9ce_119-97,False,True,4,1,True,True
5ead8e7c-2600-44b1-afd6-b82cb5f7b9ce_195-55,False,True,4,3,True,True
5ead8e7c-2600-44b1-afd6-b82cb5f7b9ce_3241-48,False,False,4,3,True,True
5ead8e7c-2600-44b1-afd6-b82cb5f7b9ce_567-35,False,True,4,3,True,False
5ead8e7c-2600-44b1-afd6-b82cb5f7b9ce_568-30,False,False,4,1,True,True
5ed59c41-af9e-4368-a0ce-30d536d34895_1493-26,False,True,4,4,False,False
5ed59c41-af9e-4368-a0ce-30d536d34895_1575-15,False,False,4,2,True,False
5ed59c41-af9e-4368-a0ce-30d536d34895_494-33,False,True,4,2,True,True
5f0ed597-4f1e-4075-81dc-64a3c0bb81f3_3-80,False,True,4,4,False,True
5f26c69f-6f1c-4041-a81f-3c4808e0a385_1353-30,False,False,4,0,False,True
5f26c69f-6f1c-4041-a81f-3c4808e0a385_151-47,False,True,4,2,True,True
5f26c69f-6f1c-4041-a81f-3c4808e0a385_156-09,False,False,4,2,True,True
5f2d9e8b-6e0b-4e36-9f5b-d26bbe0a7c7c_1129-51,False,True,4,3,True,True
600e392c-4be6-4b8b-bef8-e789ce3d8915_2298-42,False,True,4,1,True,True
600e392c-4be6-4b8b-bef8-e789ce3d8915_3230-09,False,True,4,1,True,True
600e392c-4be6-4b8b-bef8-e789ce3d8915_6486-35,False,True,4,4,False,True
600e392c-4be6-4b8b-bef8-e789ce3d8915_7199-73,False,False,4,1,True,True
60209262-ab8e-4214-a8dd-4764a9a4b26d_842-54,False,False,4,1,True,False
606a91df-fc77-444e-988d-e0178c83c586_342-58,False,True,4,4,False,True
6070d9d1-9962-49f3-8ac7-4e29ca07e104_164-20,False,False,4,2,True,True
6070d9d1-9962-49f3-8ac7-4e29ca07e104_284-21,False,True,4,2,True,True
608f2b9c-d004-42db-9f0c-e89b203dfb01_8-92,False,True,4,3,True,True
615c5cd1-1dab-4667-94ce-30bfe52e7cd4_821-72,False,True,4,3,True,True
615edb9e-bfc7-4080-afb3-d29e98ce2216_816-65,False,True,4,4,False,True
61da558c-b125-4e65-a8a6-28f0eae34c1a_156-26,False,False,4,0,False,True
620d3087-c6fb-4b08-bb6a-4dc4ede3b994_1607-58,False,False,4,1,True,True
620d3087-c6fb-4b08-bb6a-4dc4ede3b994_232-40,False,False,4,2,True,False
620d3087-c6fb-4b08-bb6a-4dc4ede3b994_2651-56,False,False,4,0,False,True
620d3087-c6fb-4b08-bb6a-4dc4ede3b994_432-70,False,False,4,0,False,True
62103d3d-d89d-4f54-a766-1beb22eb994b_179-41,False,True,4,4,False,True
62103d3d-d89d-4f54-a766-1beb22eb994b_617-19,False,True,4,1,True,False
622ab8aa-21f8-4ad0-99c3-7f4876850df7_193-96,False,True,4,3,True,True
6243586b-a8df-4c37-95f8-da7f4f5d57d6_513-82,False,False,4,3,True,True
6243586b-a8df-4c37-95f8-da7f4f5d57d6_868-79,True,False,4,2,True,False
624a6c0a-a4cb-4073-b501-48e4b6b679e4_1095-75,False,False,4,0,False,False
624a6c0a-a4cb-4073-b501-48e4b6b679e4_1105-28,False,False,4,1,True,False
624a6c0a-a4cb-4073-b501-48e4b6b679e4_1105-63,False,False,4,1,True,False
62abef54-29ef-43ec-ba1d-43496d986e89_2257-41,False,True,4,3,True,True
62baa1d3-a742-4d3d-a978-537a7988e13e_1461-40,False,False,4,0,False,True
62e3b74a-01ad-4824-aace-5cc12ebd2c47_228-93,False,False,4,0,False,True
6306375a-1533-4f3c-843b-0cd51b4bf449_1-23,False,True,4,4,False,True
6322a6f2-f271-4335-bf46-d428a5a58298_0-02,False,True,4,2,True,True
635cb327-1636-4fbc-a9ca-5a7adfc34b2e_0-40,False,False,4,3,True,True
6395f964-0122-4f16-b036-337c28488504_1626-75,False,False,4,2,True,True
63d56e4c-e454-48c2-a8f2-5bc2c34622ca_1218-51,False,True,4,2,True,True
63d56e4c-e454-48c2-a8f2-5bc2c34622ca_172-69,False,True,4,1,True,True
63d56e4c-e454-48c2-a8f2-5bc2c34622ca_903-77,False,True,4,4,False,True
63e9e643-25c5-435d-b6f0-0aab1af76e68_28-98,False,False,4,0,False,False
64049385-6855-4eed-8b3c-ce3e8d704008_1157-10,False,True,4,2,True,True
64747fa7-c7b9-46fc-ac9d-ea9a514d91df_73-27,False,False,4,1,True,True
64792a03-b8ea-4fdc-96d8-1e1199b73658_1352-24,False,False,4,1,True,True
64ec6de1-0e86-49de-889c-4a0fdcba6658_808-22,False,True,4,4,False,True
652f0590-aab5-4de1-b578-238adb54fa0e_3914-88,False,False,4,2,True,True
65d6d7a3-11f7-4472-82b9-527ca04fe25b_1274-77,False,False,4,1,True,True
65d6d7a3-11f7-4472-82b9-527ca04fe25b_633-02,False,True,4,1,True,True
65f4949e-e8fe-4b77-972e-35d368ca546a_1165-75,False,True,4,4,False,True
6639f53c-701d-4fe7-adcd-55d040ce8afe_0-03,False,False,4,2,True,True
668962c9-ecae-4b8f-bdc1-a6aeab093d88_1261-54,False,True,4,4,False,True
668962c9-ecae-4b8f-bdc1-a6aeab093d88_1333-29,False,True,4,1,True,True
668962c9-ecae-4b8f-bdc1-a6aeab093d88_811-44,False,False,4,1,True,True
66bf8281-f77c-4e37-b9a8-5f2aabf73ef9_943-34,False,True,4,3,True,True
67a8114b-7f37-443d-8beb-64886095f935_184-82,False,False,4,0,False,True
67a8114b-7f37-443d-8beb-64886095f935_636-28,False,False,4,0,False,True
67a8114b-7f37-443d-8beb-64886095f935_797-83,False,True,4,3,True,True
67b78a5b-ab72-4483-95c4-33e837013e93_2874-42,False,False,4,1,True,True
67bc312a-3b49-4847-aa79-63ad7d3e4217_303-11,False,True,4,4,False,True
67bc312a-3b49-4847-aa79-63ad7d3e4217_537-95,False,False,4,2,True,False
67bc312a-3b49-4847-aa79-63ad7d3e4217_554-07,False,False,4,3,True,True
68134357-62e5-4f0b-8300-2e661763aeb5_374-98,False,False,4,0,False,True
68134357-62e5-4f0b-8300-2e661763aeb5_389-26,False,False,4,0,False,False
68150eb1-47cd-4617-953a-0afdf67b2adb_2839-25,False,False,4,0,False,True
68a03b86-201f-4935-9847-f2753905f298_1057-96,False,False,4,1,True,True
69190e7c-457f-489d-9071-c2a9185e4853_144-34,False,False,4,2,True,True
69366f34-43c0-4d11-bec4-3c1c945cbfd4_4408-78,False,False,4,1,True,True
6956cb48-951c-4607-a42b-a66de2c186be_292-00,False,False,4,0,False,True
6956cb48-951c-4607-a42b-a66de2c186be_59-73,False,False,4,0,False,True
695cefe9-04c0-42fb-80fc-d308b314b788_1-28,False,False,4,0,False,False
695cefe9-04c0-42fb-80fc-d308b314b788_303-92,False,False,4,1,True,True
695cefe9-04c0-42fb-80fc-d308b314b788_330-48,False,True,4,4,False,True
695cefe9-04c0-42fb-80fc-d308b314b788_437-09,False,True,4,4,False,False
695cefe9-04c0-42fb-80fc-d308b314b788_443-90,False,True,4,4,False,True
695cefe9-04c0-42fb-80fc-d308b314b788_662-96,False,False,4,0,False,False
695cefe9-04c0-42fb-80fc-d308b314b788_68-11,False,True,4,4,False,True
695cefe9-04c0-42fb-80fc-d308b314b788_789-70,False,True,4,4,False,False
6989df0e-b8da-48a4-bc69-b01f6f8aef1a_378-59,False,False,4,0,False,False
699b47de-9fc5-4b98-ba35-ecf79886a8db_1850-50,False,False,4,2,True,True
699b47de-9fc5-4b98-ba35-ecf79886a8db_782-75,False,True,4,4,False,True
69ae6e65-a60b-46b0-b256-9d1aeaf34b0a_3951-27,False,False,4,3,True,True
69c7d261-18f8-4a1d-9f56-6b4e8eac4d23_601-00,False,True,4,1,True,False
69f1101f-cb9e-4ad1-8fe6-ed840e5bcf9b_1263-46,False,True,4,4,False,True
69f1101f-cb9e-4ad1-8fe6-ed840e5bcf9b_1350-51,False,True,4,3,True,True
6a793116-6fc3-4706-9bbb-8ba2088ec8db_746-34,False,True,4,2,True,True
6a847d75-e20f-409d-8b91-77ada97d8fb9_1499-90,False,True,4,3,True,True
6a847d75-e20f-409d-8b91-77ada97d8fb9_1545-09,False,False,4,1,True,True
6a847d75-e20f-409d-8b91-77ada97d8fb9_1582-87,False,False,4,1,True,False
6a847d75-e20f-409d-8b91-77ada97d8fb9_168-24,False,False,4,2,True,True
6a847d75-e20f-409d-8b91-77ada97d8fb9_1826-29,False,True,4,1,True,False
6aa13fb1-5440-424e-a021-06a2da215e63_165-83,False,False,4,2,True,True
6aa13fb1-5440-424e-a021-06a2da215e63_273-88,False,False,4,1,True,True
6ac035af-4851-4afb-af6c-c00edb7bdbe6_768-70,False,True,4,3,True,True
6ac035af-4851-4afb-af6c-c00edb7bdbe6_801-00,False,True,4,2,True,True
6af6234f-abfe-48ac-9dde-399f25d9cb43_931-51,False,True,4,3,True,True
6b6fde45-51e9-4c60-8305-27e45883ee7b_270-11,False,False,4,0,False,False
6b7e79ad-68c1-4637-a2d1-d7b8f92ac8a4_166-07,False,True,4,4,False,True
6b7fc6db-e979-43a0-b61f-7dced89d423d_168-56,False,False,4,0,False,False
6b7fc6db-e979-43a0-b61f-7dced89d423d_229-56,False,True,4,3,True,True
6b7fc6db-e979-43a0-b61f-7dced89d423d_347-96,False,False,4,3,True,True
6ba5f052-a1cd-46ba-83f2-1be480387020_599-71,False,False,4,0,False,False
6baa673a-0cc6-4da2-a481-877de0d2faa5_1148-60,False,True,4,2,True,True
6c0ca07f-6bb2-4db4-a0c3-5926726493fc_124-14,False,False,4,2,True,False
6c0ca07f-6bb2-4db4-a0c3-5926726493fc_1648-38,False,False,4,1,True,True
6c0ca07f-6bb2-4db4-a0c3-5926726493fc_272-36,False,False,4,3,True,True
6c1c5527-30a4-421f-bb78-906adffa7c46_357-45,False,False,4,1,True,True
6cd8942a-866f-46ef-af6d-5d895723f439_1831-82,False,True,4,4,False,True
6d14a0fe-6fd1-4c6b-aaec-a7c38dcd7294_661-60,False,False,4,2,True,False
6e0c294c-d634-4804-8d41-cd6e9d79f0b9_1656-45,False,True,4,1,True,True
6e0c294c-d634-4804-8d41-cd6e9d79f0b9_384-20,False,True,4,3,True,True
6e330145-3fe9-44f7-8f84-801717da9ea2_766-46,False,False,4,3,True,True
6e4baf27-2090-4a90-816b-a35a0aff0e56_1023-43,False,False,4,3,True,True
6e4baf27-2090-4a90-816b-a35a0aff0e56_1099-34,False,True,4,2,True,True
6e68d2f9-6d37-4317-a3eb-9541321d558e_2271-24,False,False,4,0,False,False
6e68d2f9-6d37-4317-a3eb-9541321d558e_977-72,False,False,4,1,True,False
6edb5c87-ae95-4185-807f-06d37124d2b7_659-31,False,False,4,0,False,False
6ef5aab3-db5f-4fdb-9c39-b37bd497e7d8_638-66,False,True,4,4,False,True
6ef7f9c0-30eb-4280-acc1-55f22f6e2924_2998-83,True,False,4,2,True,False
6f27deaa-7133-4bbb-b9ed-5310d6d05a50_336-16,False,False,4,2,True,True
6f27deaa-7133-4bbb-b9ed-5310d6d05a50_549-73,False,False,4,3,True,True
6f37694e-26b8-4dc6-9942-567e1e912cda_452-75,False,True,4,2,True,True
6f7f3410-1e20-4eb2-b7b0-088c1500054b_299-75,False,False,4,0,False,True
6f93978d-a3d0-467d-b401-e23b3c92f3bf_5298-67,False,False,4,0,False,True
6f93978d-a3d0-467d-b401-e23b3c92f3bf_5299-41,False,True,4,3,True,False
6fc30ceb-ace8-49f8-8244-71f14c6d773c_936-70,False,True,4,2,True,True
6fd026d8-b68c-46bc-93de-ccfa08809a9d_603-53,False,False,4,0,False,True
6fd90f8d-7a4d-425d-a812-3268db0b0342_1001-51,False,False,4,2,True,False
706de1df-babc-4e54-a310-1d9070140197_195-59,False,False,4,3,True,False
70c8bd4f-bfe1-4fb5-82ad-7d763cc28935_732-98,False,False,4,0,False,True
70c8bd4f-bfe1-4fb5-82ad-7d763cc28935_756-65,False,False,4,1,True,False
71024373-484f-4270-82a4-2251997f3a9f_44-61,False,False,4,0,False,True
71504f29-61c1-49e5-8617-d0e71144c077_652-01,False,False,4,0,False,True
7152d311-7801-487c-a6ed-a746e6abaa1f_286-31,False,False,4,1,True,False
71d5f5dc-fff6-4352-b37c-a8e1ed3b39bd_541-68,False,True,4,4,False,True
720da14e-0ef5-4968-87e9-270fce0a9a18_73-28,False,True,4,4,False,True
721455cc-1e09-44a3-a579-d9e90db85227_1577-57,False,True,4,4,False,True
7220ce3a-b740-44db-815d-222d914e2dfd_114-26,False,False,4,0,False,True
7245d60b-1245-49ad-b025-b59da57dd8e8_664-70,False,True,4,1,True,True
72c81e60-8604-4897-8cd5-71df5244acaa_1172-93,False,False,4,1,True,False
72c81e60-8604-4897-8cd5-71df5244acaa_246-30,False,False,4,2,True,True
72d6a00b-0554-41cd-a00d-0c1e64e400df_2501-79,False,True,4,2,True,True
73f94b03-b777-481d-b342-10c516f192a2_3-08,True,False,4,3,True,False
744c58f8-9a76-40d4-838f-8c7676fcb316_139-70,False,True,4,1,True,True
744c58f8-9a76-40d4-838f-8c7676fcb316_140-01,False,True,4,2,True,True
7474f654-b43a-463c-a1a1-f8c62cef1e64_1721-20,False,True,4,3,True,True
74d38b4a-6f22-43b3-b631-9234c05f27ab_270-80,False,True,4,1,True,True
750c5383-58f6-4063-8cc8-50691a68994d_562-01,False,False,4,3,True,True
750c5383-58f6-4063-8cc8-50691a68994d_870-14,False,True,4,4,False,False
75141dec-d6b3-4e2e-a144-5a126abf7dac_584-16,False,True,4,4,False,True
759c5c60-f1af-4476-94b2-e79a51fd44e3_668-31,False,False,4,3,True,False
75ee5afa-d891-4653-ac4c-d81db1a90af7_32-52,False,True,4,4,False,False
7627344d-503f-4a25-b418-10a6929d5a18_842-97,False,True,4,4,False,True
7665b96d-1a30-435b-9679-e7defed426e6_99-13,False,True,4,4,False,True
7696b38a-59d3-4b85-966f-3522f9792966_89-69,False,True,4,4,False,True
76f450c1-3542-4f8a-964c-66c857a23601_1422-15,False,True,4,3,True,True
76f450c1-3542-4f8a-964c-66c857a23601_671-42,False,True,4,4,False,True
77cdd8dd-402b-45d7-a16c-a16520c737e3_1834-33,False,False,4,1,True,True
77e28690-2ab1-414e-86ed-285ec1d15bd1_315-49,False,True,4,4,False,True
77e28690-2ab1-414e-86ed-285ec1d15bd1_705-46,False,True,4,3,True,True
7836e736-ef0a-40ed-9b77-b4c12a08b236_3090-06,False,False,4,1,True,False
786877d8-e353-4fae-b488-8d7443646882_1021-24,False,False,4,1,True,True
786877d8-e353-4fae-b488-8d7443646882_1042-29,False,True,4,2,True,True
786877d8-e353-4fae-b488-8d7443646882_224-14,False,True,4,3,True,True
786877d8-e353-4fae-b488-8d7443646882_883-95,False,True,4,4,False,True
786877d8-e353-4fae-b488-8d7443646882_952-74,False,True,4,3,True,False
792d0000-7dcd-4e6c-a486-7befe397233d_917-53,False,True,4,4,False,False
79c62f24-488e-4a69-8220-3b20cb4bf72b_4957-40,False,False,4,2,True,True
79c62f24-488e-4a69-8220-3b20cb4bf72b_611-49,False,False,4,1,True,True
79c62f24-488e-4a69-8220-3b20cb4bf72b_722-05,False,False,4,3,True,False
7a33ca42-9a39-4d59-ba82-c9667c250f48_2200-51,False,True,4,3,True,True
7a3479a4-b903-4d20-bdc4-98d93ceb3c36_1392-00,False,False,4,0,False,True
7a680a9a-dd7b-467a-a724-a597f1be9f06_2545-71,False,True,4,4,False,True
7a680a9a-dd7b-467a-a724-a597f1be9f06_2545-86,False,True,4,1,True,False
7a680a9a-dd7b-467a-a724-a597f1be9f06_2608-93,False,True,4,3,True,False
7a680a9a-dd7b-467a-a724-a597f1be9f06_3668-06,False,True,4,3,True,True
7ac6dc03-7c8d-4de8-99af-03268c780ea2_1031-44,False,True,4,4,False,True
7acd59a8-ed64-4a99-a469-3d5529a4098a_270-66,False,True,4,3,True,False
7b277350-9926-42ef-b5f7-3ee000f3350a_53-51,False,False,4,0,False,True
7b5fafdb-136a-4722-84a4-cffb213a224a_1092-90,False,False,4,0,False,False
7b5fafdb-136a-4722-84a4-cffb213a224a_1908-63,False,True,4,2,True,True
7b5fafdb-136a-4722-84a4-cffb213a224a_2353-21,False,False,4,2,True,False
7c0c0057-3bbc-40ef-a91e-4d6e1a637642_1139-91,False,False,4,0,False,True
7c1c5dca-5856-4997-8cda-9fa3bca10a3b_1061-91,False,False,4,1,True,True
7c1c5dca-5856-4997-8cda-9fa3bca10a3b_1969-00,False,True,4,3,True,True
7c1c5dca-5856-4997-8cda-9fa3bca10a3b_1973-06,False,False,4,2,True,True
7c1c5dca-5856-4997-8cda-9fa3bca10a3b_2494-15,False,True,4,4,False,True
7c1c5dca-5856-4997-8cda-9fa3bca10a3b_37-44,False,True,4,2,True,False
7c4f8ef4-c126-46b7-8fa9-1b2daf5b41de_2272-79,False,False,4,3,True,True
7c925095-c62a-4a7a-a2ca-118ca3f0176a_2-34,False,True,4,3,True,True
7c969dc3-aea2-49d4-bd0e-48191b4e5a51_3982-40,False,True,4,3,True,True
7c969dc3-aea2-49d4-bd0e-48191b4e5a51_6350-49,False,True,4,3,True,True
7cad84ff-4d08-4e18-8784-aaf4e9341264_333-06,False,False,4,1,True,True
7d444081-73d8-405d-9bcc-9620e5feefaf_729-22,False,False,4,2,True,True
7ddc2c83-3cb0-4bb1-8e91-3ef60f88864d_1433-25,False,False,4,0,False,True
7e80931a-2067-419d-8f9e-2aff41dd330c_2937-25,False,False,4,1,True,False
7f296d37-a819-408f-aa34-80b63a40f01e_28-00,False,False,4,0,False,True
7f5ed6e1-aca1-40d5-87c6-d156c5f02263_213-21,False,True,4,3,True,True
7f5ed6e1-aca1-40d5-87c6-d156c5f02263_213-34,False,True,4,2,True,True
7f5ed6e1-aca1-40d5-87c6-d156c5f02263_220-16,False,True,4,3,True,True
7f5ed6e1-aca1-40d5-87c6-d156c5f02263_222-42,False,False,4,2,True,True
7fc72743-4b55-48de-b988-4c690bda912f_1613-32,False,True,4,3,True,False
7ff0900d-1bca-4aa7-aedd-ab0fb0a12371_0-04,False,True,4,2,True,True
803d0524-47c8-45fe-a5d1-c6a71e2cd54b_786-81,False,True,4,1,True,True
80c74a5b-81e0-4bc1-bc09-2f146351fe70_545-79,False,True,4,4,False,True
817170ad-1f3b-44b1-9772-fe914fa17f30_1178-10,False,True,4,4,False,True
817170ad-1f3b-44b1-9772-fe914fa17f30_1211-20,False,False,4,2,True,False
81fb9f8f-be18-4833-a899-4fbcef82a634_2169-64,False,True,4,2,True,True
81fb9f8f-be18-4833-a899-4fbcef82a634_270-26,False,False,4,3,True,True
81fff27c-97c0-483a-ad42-47fa947977a9_456-39,False,False,4,2,True,True
820d4b9e-6fba-472f-aa45-25b27241d4af_366-20,False,False,4,1,True,True
824e7896-904a-4ff5-b7ee-e21df21918c2_2003-17,False,False,4,1,True,True
828ef13f-f52a-4a16-b206-4ec7e471f025_147-18,False,False,4,0,False,False
828ef13f-f52a-4a16-b206-4ec7e471f025_238-90,False,False,4,1,True,True
828ef13f-f52a-4a16-b206-4ec7e471f025_274-71,False,False,4,0,False,False
82e96128-1242-4e57-8a3e-9ea222df022c_2985-80,False,True,4,4,False,True
82e96128-1242-4e57-8a3e-9ea222df022c_2999-35,False,False,4,3,True,True
82e96128-1242-4e57-8a3e-9ea222df022c_3264-64,False,True,4,3,True,True
82e96128-1242-4e57-8a3e-9ea222df022c_3386-01,False,False,4,0,False,True
82e96128-1242-4e57-8a3e-9ea222df022c_3457-40,False,True,4,3,True,True
830bd10c-4eb5-477d-9166-7d41ca86880a_963-23,False,False,4,2,True,True
839c2689-76f1-4e8c-893d-93675663dd93_582-68,False,False,4,0,False,True
83f18213-f8f8-44fa-b9ce-104c6ddbcd57_1657-94,False,True,4,1,True,True
8447cf7c-d919-449a-be90-cdd05910fd9b_29-57,False,True,4,2,True,False
845cb298-d60b-4106-8213-d2aca821740a_14-13,False,False,4,2,True,True
8483fa90-f5dc-4d50-9561-244bfdf12ea3_659-48,False,False,4,0,False,False
84ec85f6-c167-413c-829d-9c6915519c57_249-09,False,True,4,4,False,True
84ec85f6-c167-413c-829d-9c6915519c57_3997-33,False,False,4,0,False,False
84ec85f6-c167-413c-829d-9c6915519c57_919-33,False,True,4,3,True,True
85020424-0ed9-4dcd-9a39-e5ab84ec6b6d_896-84,False,True,4,3,True,True
85782c5f-a240-44d9-951c-27f0bb3f7f4c_375-79,False,True,4,4,False,True
85b87948-4578-4912-95cb-addd19cfd31a_1580-85,False,True,4,3,True,True
85b87948-4578-4912-95cb-addd19cfd31a_1581-49,False,False,4,0,False,True
85b87948-4578-4912-95cb-addd19cfd31a_3435-98,False,True,4,3,True,True
860be163-394f-48bb-9068-37e1c383ff73_736-68,False,True,4,4,False,True
860be163-394f-48bb-9068-37e1c383ff73_764-03,False,True,4,4,False,True
862f0fa5-2c3e-4a6c-ab93-c059637eee8c_49-84,False,False,4,0,False,True
8645cc8f-2a69-4a50-bf90-9faec8d80386_717-84,False,True,4,2,True,True
864618d9-cc17-4e90-8c64-7a1e4ba23d17_294-04,False,True,4,1,True,True
865ff1fd-d17e-4642-b111-8f1a1da5a2d4_748-29,False,False,4,0,False,True
8672b38a-7682-4244-ad7a-a336c81c2d0e_1054-38,False,False,4,2,True,False
8672b38a-7682-4244-ad7a-a336c81c2d0e_1056-99,False,True,4,3,True,True
8677afac-95b4-4ec1-aec5-39c90fd8374c_271-68,False,True,4,4,False,False
86fb4797-274f-4807-848a-8b1ddc5c29e8_728-96,False,False,4,2,True,False
86fb4797-274f-4807-848a-8b1ddc5c29e8_730-35,False,False,4,0,False,True
86fb4797-274f-4807-848a-8b1ddc5c29e8_769-33,False,True,4,3,True,True
86fb4797-274f-4807-848a-8b1ddc5c29e8_808-67,False,True,4,3,True,True
8774b5c6-83aa-43b0-8a51-00f173949944_3529-30,False,True,4,4,False,True
8774b5c6-83aa-43b0-8a51-00f173949944_421-89,False,True,4,4,False,True
878666b9-5f3d-476a-960f-3a5d02da7619_15170-34,False,True,4,2,True,True
878666b9-5f3d-476a-960f-3a5d02da7619_16974-50,False,False,4,0,False,True
878666b9-5f3d-476a-960f-3a5d02da7619_18455-07,False,True,4,3,True,True
878666b9-5f3d-476a-960f-3a5d02da7619_19280-23,False,False,4,0,False,True
878666b9-5f3d-476a-960f-3a5d02da7619_19281-22,False,False,4,0,False,False
878666b9-5f3d-476a-960f-3a5d02da7619_22412-01,False,False,4,0,False,True
878666b9-5f3d-476a-960f-3a5d02da7619_6890-95,False,False,4,2,True,True
878666b9-5f3d-476a-960f-3a5d02da7619_7108-62,False,True,4,2,True,True
88193924-6780-4290-b8ba-85676e98387a_783-81,False,True,4,3,True,True
88193924-6780-4290-b8ba-85676e98387a_791-58,False,True,4,4,False,False
88faccde-dd5d-4af2-b769-8f0547c2c6a3_826-95,False,False,4,0,False,True
891169d0-2846-47ce-9f3e-13ac1e6ff85a_10-93,False,False,4,0,False,False
89d8c9c5-fa11-4674-b08f-007f81958555_1391-21,False,True,4,2,True,True
89d8c9c5-fa11-4674-b08f-007f81958555_1484-97,False,False,4,1,True,False
89d8c9c5-fa11-4674-b08f-007f81958555_1642-22,False,False,4,2,True,True
89d8c9c5-fa11-4674-b08f-007f81958555_1665-43,False,True,4,3,True,True
89d8c9c5-fa11-4674-b08f-007f81958555_179-03,False,True,4,4,False,True
89d8c9c5-fa11-4674-b08f-007f81958555_2-14,False,True,4,4,False,True
89d8c9c5-fa11-4674-b08f-007f81958555_227-24,False,True,4,2,True,False
89d8c9c5-fa11-4674-b08f-007f81958555_240-15,False,True,4,4,False,True
89d8c9c5-fa11-4674-b08f-007f81958555_252-29,False,True,4,3,True,False
8a0de6d0-5d28-43f5-91e6-48f41eeb3752_1038-76,False,True,4,3,True,True
8a0de6d0-5d28-43f5-91e6-48f41eeb3752_1074-03,False,True,4,1,True,True
8a431195-083a-4e07-a99d-28c2591beaef_13-09,False,True,4,4,False,True
8b1d4210-a174-4617-8311-df4b32785d28_1114-53,False,True,4,4,False,True
8b72b54f-f87c-4fdb-84dc-97e42ab111ac_824-00,False,False,4,1,True,False
8b82316c-c293-49a7-b401-a3cc026ab1d0_2095-46,False,True,4,3,True,True
8b82316c-c293-49a7-b401-a3cc026ab1d0_2988-29,False,False,4,0,False,True
8b82316c-c293-49a7-b401-a3cc026ab1d0_3206-95,False,True,4,2,True,True
8b82316c-c293-49a7-b401-a3cc026ab1d0_3445-90,False,True,4,4,False,True
8b82db7f-5c39-4850-8a70-97e2615d4faa_508-54,False,True,4,4,False,True
8b89d35d-5e19-4240-b45e-7a692cf962e3_392-22,False,False,4,1,True,False
8bb4369f-a6e0-45a3-9d2d-fd5d5c686ccc_246-04,False,False,4,0,False,False
8bb4369f-a6e0-45a3-9d2d-fd5d5c686ccc_276-24,False,False,4,0,False,False
8bb4369f-a6e0-45a3-9d2d-fd5d5c686ccc_315-76,False,False,4,1,True,False
8bb4369f-a6e0-45a3-9d2d-fd5d5c686ccc_70-57,False,False,4,2,True,False
8be6e0c4-a80d-41a3-a1c5-5911ae236990_317-18,False,False,4,1,True,True
8c075dc9-9c6a-43cf-8c6e-fb1af3624cf0_842-26,False,False,4,1,True,True
8c3c68c9-eeec-4f51-881f-3cc6340679ec_0-04,False,False,4,1,True,False
8c3c68c9-eeec-4f51-881f-3cc6340679ec_1138-68,False,True,4,3,True,True
8caa3009-10ad-407b-b837-ec1a26759089_1828-86,False,True,4,2,True,True
8cda2388-6f45-46d4-8ded-4ba2e23b309f_463-28,False,True,4,2,True,True
8d3b84a9-e747-47c1-8f09-726fdde7986c_1371-62,False,True,4,2,True,True
8d4895eb-b2d1-43b8-90f1-e80fcc37797b_2448-11,False,True,4,3,True,False
8d4895eb-b2d1-43b8-90f1-e80fcc37797b_9565-47,False,False,4,0,False,True
8d4adc89-dcec-42ca-aebc-0d05cafa8f26_21-35,False,False,4,0,False,True
8d50f526-624c-40bd-b696-7ad6ce5746ab_22-55,False,False,4,0,False,False
8d85aa58-438d-413c-b8b3-ae5417737c5c_1900-47,False,True,4,2,True,True
8d900b59-e95d-4c9b-9432-8f5096aac2db_503-05,False,False,4,0,False,False
8dd6490b-6291-4793-b05e-79250f87925f_101-76,False,False,4,0,False,True
8dd6490b-6291-4793-b05e-79250f87925f_1530-13,False,True,4,1,True,True
8dd6490b-6291-4793-b05e-79250f87925f_1553-75,False,True,4,2,True,True
8dd6490b-6291-4793-b05e-79250f87925f_396-12,False,True,4,4,False,True
8dd6490b-6291-4793-b05e-79250f87925f_402-15,False,True,4,4,False,True
8e2b02c8-9927-4039-8407-514c2709de95_1125-83,False,False,4,2,True,True
8e605fdf-a4f1-4393-975a-f332ab6b5f79_167-81,False,False,4,0,False,True
8e605fdf-a4f1-4393-975a-f332ab6b5f79_44-53,False,False,4,1,True,True
8e748fd1-e30e-4bf6-a04f-5f570ca075ac_351-84,False,True,4,1,True,True
8ea5ddc3-ae53-4cff-b457-ba425c6bec97_5750-66,False,False,4,2,True,True
8ed40810-09cf-4061-953c-9fff6e6d6aeb_103-16,False,False,4,2,True,False
8ed40810-09cf-4061-953c-9fff6e6d6aeb_122-51,False,False,4,3,True,True
8ed40810-09cf-4061-953c-9fff6e6d6aeb_589-93,False,True,4,2,True,True
8ee6764a-4ef2-4359-9cf1-03a5f4dbcc79_593-30,False,False,4,0,False,True
8f05300f-1200-4c18-937b-b8e23dc92505_261-93,False,False,4,0,False,True
8f0f8606-b696-4bb2-909d-703e4e076d80_641-77,False,False,4,0,False,False
8f0f8606-b696-4bb2-909d-703e4e076d80_725-88,False,False,4,0,False,False
8f4008a5-18c9-464b-9bce-1ffa824f238d_1620-01,False,True,4,1,True,True
8f4008a5-18c9-464b-9bce-1ffa824f238d_96-39,False,False,4,0,False,True
8f47201d-0398-4442-af65-0dde73284c7f_1370-37,False,False,4,1,True,True
8fafc02a-ef7a-46f4-ae97-b0c68c8bb207_14026-98,False,True,4,2,True,False
8fafc02a-ef7a-46f4-ae97-b0c68c8bb207_16014-05,False,False,4,1,True,False
8fafc02a-ef7a-46f4-ae97-b0c68c8bb207_7571-93,False,False,4,0,False,True
8ff25fe1-3a42-4449-bd91-b3ac2adf9143_380-26,False,False,4,2,True,False
90398a2b-de6b-4232-9bea-149c48cb1326_334-80,False,False,4,0,False,False
90398a2b-de6b-4232-9bea-149c48cb1326_984-97,False,False,4,1,True,True
906a5fbf-a335-4134-a23a-ece71a9683eb_1213-24,False,True,4,4,False,True
9148ceed-6983-4303-a560-2cbde805ee85_493-46,False,True,4,3,True,True
9148ceed-6983-4303-a560-2cbde805ee85_529-14,False,False,4,1,True,False
9155f5b9-6235-484f-990d-fbd3010a791e_1650-00,False,False,4,2,True,True
9155f5b9-6235-484f-990d-fbd3010a791e_2163-97,False,True,4,2,True,False
92153977-6016-4863-be78-c4af25a56a0f_1117-24,False,False,4,2,True,True
92153977-6016-4863-be78-c4af25a56a0f_394-80,True,False,4,3,True,False
929a6fbb-3fda-45af-95bf-144d851761f4_1114-91,False,False,4,0,False,True
932dfe2f-0cf1-4b76-b41a-4ca03f6945e5_1575-94,False,True,4,3,True,True
933a8f93-2881-458d-93ec-8c072f2a1474_2356-83,False,False,4,2,True,True
935bc36b-27aa-4c83-89fd-221feca0030e_1080-82,False,False,4,0,False,True
937e5809-09d0-4c6b-8d9e-9329e0cf6218_148-21,False,True,4,3,True,True
937e5809-09d0-4c6b-8d9e-9329e0cf6218_2515-56,False,True,4,4,False,True
93a5f8cb-d7eb-4e5a-9913-77ef1487ce61_2462-55,False,True,4,2,True,True
93a5f8cb-d7eb-4e5a-9913-77ef1487ce61_3858-22,False,True,4,1,True,False
93f78437-229d-4824-a8c1-68d9b17e754d_1063-13,False,True,4,4,False,True
93f78437-229d-4824-a8c1-68d9b17e754d_1063-21,False,False,4,1,True,True
944aacb0-f596-460d-b5a6-9ae05df1d430_3528-77,False,True,4,2,True,True
944aacb0-f596-460d-b5a6-9ae05df1d430_3858-37,False,False,4,0,False,False
94734a4a-4fb2-4d45-a47f-9d3d0ad70071_1049-90,False,True,4,2,True,True
948317e1-7426-4bfa-b25a-a476ee69797f_845-76,False,True,4,4,False,True
9490a06b-3fa1-47b6-b470-facb3d61ac57_1071-05,False,True,4,4,False,False
9490a06b-3fa1-47b6-b470-facb3d61ac57_153-78,False,True,4,4,False,True
9490a06b-3fa1-47b6-b470-facb3d61ac57_599-12,False,True,4,4,False,True
949b2e8a-83f9-4b89-b29b-9e8d81600dd8_2242-73,False,True,4,2,True,True
949b2e8a-83f9-4b89-b29b-9e8d81600dd8_2250-47,False,False,4,1,True,True
949b2e8a-83f9-4b89-b29b-9e8d81600dd8_2981-03,False,False,4,3,True,True
949b2e8a-83f9-4b89-b29b-9e8d81600dd8_3511-42,False,True,4,3,True,True
949c5a8f-7aa7-4566-a04c-531961cbcc16_1433-64,False,False,4,0,False,True
94d5eff8-0fac-4719-adf2-5c0208ab89f7_1110-52,False,False,4,0,False,False
94d5eff8-0fac-4719-adf2-5c0208ab89f7_3271-35,False,True,4,3,True,True
9520f703-8904-4123-bd7f-873b0b42074b_224-60,False,True,4,2,True,True
9520f703-8904-4123-bd7f-873b0b42074b_239-07,False,True,4,4,False,True
9520f703-8904-4123-bd7f-873b0b42074b_989-29,False,True,4,3,True,True
952d5295-06f4-4578-929b-4113e4ff9201_741-67,False,True,4,2,True,False
952d5295-06f4-4578-929b-4113e4ff9201_769-29,False,True,4,4,False,True
952d5295-06f4-4578-929b-4113e4ff9201_792-75,False,True,4,4,False,True
952d5295-06f4-4578-929b-4113e4ff9201_808-38,False,True,4,3,True,True
952f40df-b1d7-4562-afe4-2a4ff569e949_2108-64,False,False,4,0,False,True
9531cee8-0f60-4a68-8243-397ab7670a75_270-43,False,False,4,1,True,True
959bc769-a40e-4f4b-ba45-5adf32b8f26e_201-77,False,True,4,1,True,True
95abf338-cf33-43f4-a8d0-44d6ea691d0f_44-58,False,True,4,4,False,True
95c0a226-5cb1-4380-af73-db2fcdbdbb76_174-41,False,True,4,4,False,True
95f2caf6-c6f5-4471-9763-2957e248eb58_503-77,False,False,4,1,True,True
95f2caf6-c6f5-4471-9763-2957e248eb58_588-89,False,True,4,4,False,True
9632b0a9-cf21-4773-b95b-83aae9a23d0a_17-58,False,True,4,2,True,False
9632b0a9-cf21-4773-b95b-83aae9a23d0a_630-61,False,True,4,2,True,True
963b09ff-1da2-4168-bed2-fe1d2531dd98_1393-91,False,False,4,0,False,True
963c1ecc-d25e-4c0a-b447-9b26f3778efc_207-31,False,True,4,4,False,False
968d25eb-ab49-4a12-8b53-c5d98b091353_1212-82,False,True,4,4,False,False
969866a7-2393-4bca-851a-885ddd7f627d_2129-17,False,True,4,2,True,True
969866a7-2393-4bca-851a-885ddd7f627d_2446-72,False,False,4,0,False,False
969866a7-2393-4bca-851a-885ddd7f627d_2662-28,False,False,4,3,True,False
972f2966-c368-4344-a9ca-5bd8a277f177_1110-10,False,False,4,0,False,True
972f2966-c368-4344-a9ca-5bd8a277f177_602-22,False,False,4,1,True,True
97811639-7def-4034-8083-a82a59156234_468-38,False,False,4,2,True,False
97ab9564-34c2-4272-97ec-8c4f2f76e117_1373-58,False,True,4,1,True,True
97ba861b-605c-4942-8e15-95953a3032e1_583-02,False,False,4,2,True,True
97bd40e4-be39-403d-b9ae-f7eb006c51e2_914-45,False,False,4,1,True,True
97d62297-ee2c-482f-aec2-4f73448c3a03_538-31,False,False,4,2,True,False
97eaf9ae-9b92-493d-a555-4fcdb7c039a1_1485-95,False,False,4,3,True,True
98334b78-967f-4980-ba86-56d34b4aaf2e_1109-83,False,True,4,1,True,True
98439a73-2aa4-4071-bee3-00973a58a70d_291-10,False,False,4,1,True,True
9848e52e-e6f3-4190-9c42-f85cd9847e10_807-44,False,False,4,1,True,True
989f3c2c-edd2-4f30-9925-56771e2bf7cc_6090-07,False,True,4,1,True,True
989f3c2c-edd2-4f30-9925-56771e2bf7cc_6720-40,False,True,4,3,True,False
98fcbc28-9542-4f3c-9a03-73af08fb989d_1063-08,False,True,4,3,True,True
98fcbc28-9542-4f3c-9a03-73af08fb989d_1376-40,False,False,4,1,True,False
98ff21ab-6151-4429-a6ff-39d3c6fa173b_1442-50,False,False,4,0,False,True
992af5dc-64ff-4e24-b324-cc3df15be595_656-31,False,False,4,1,True,True
994616c8-63b0-47bd-a526-0680f4acff9e_109-35,False,False,4,2,True,True
998d4e6e-f579-4872-b706-767c5f392825_2418-72,False,False,4,1,True,True
998d4e6e-f579-4872-b706-767c5f392825_4715-59,False,False,4,0,False,True
998d4e6e-f579-4872-b706-767c5f392825_4762-05,False,True,4,1,True,True
998d4e6e-f579-4872-b706-767c5f392825_5068-97,False,False,4,0,False,True
998d4e6e-f579-4872-b706-767c5f392825_5282-59,False,False,4,0,False,True
998d4e6e-f579-4872-b706-767c5f392825_698-26,False,True,4,4,False,True
99a89af1-a535-477c-88a8-c0830ba33486_1246-37,False,False,4,1,True,False
99f41d39-cc65-4aad-b186-23b66e282f19_1295-59,False,False,4,0,False,False
99f41d39-cc65-4aad-b186-23b66e282f19_141-65,False,False,4,3,True,False
99f41d39-cc65-4aad-b186-23b66e282f19_68-52,False,False,4,1,True,False
9a33e9f1-a740-4810-a624-62b0c9935741_115-86,False,False,4,0,False,True
9a33e9f1-a740-4810-a624-62b0c9935741_1702-28,False,False,4,2,True,True
9a33e9f1-a740-4810-a624-62b0c9935741_1894-42,False,True,4,2,True,False
9a33e9f1-a740-4810-a624-62b0c9935741_2385-44,False,True,4,4,False,False
9a33e9f1-a740-4810-a624-62b0c9935741_2416-26,False,True,4,4,False,True
9a33e9f1-a740-4810-a624-62b0c9935741_636-64,False,True,4,2,True,True
9a33e9f1-a740-4810-a624-62b0c9935741_831-69,False,False,4,1,True,True
9a622b20-b234-4237-a3aa-c76b350e82dd_477-13,False,False,4,1,True,True
9a732221-3adb-4903-b61d-9b8097965fbf_2751-77,False,False,4,2,True,True
9a732221-3adb-4903-b61d-9b8097965fbf_3781-26,False,False,4,0,False,True
9b34e344-494d-4664-8180-a8ff2a692ab2_35-55,False,True,4,2,True,False
9b8a4b28-b831-417b-83dd-deb7890908c0_1561-56,False,True,4,3,True,True
9c07f3a2-5033-4f78-a377-a4cf5a7d7add_2010-42,False,False,4,0,False,True
9c07f3a2-5033-4f78-a377-a4cf5a7d7add_2093-33,False,False,4,0,False,True
9c15ab39-2b2b-4eb1-a93d-4dd3b9711fc6_321-25,False,False,4,2,True,True
9ced9631-9c8f-4a69-9984-e6b0763d11ba_278-77,False,False,4,3,True,False
9d0c46d6-ea9a-43e6-8b8a-4b2972eb6ef4_551-12,False,True,4,3,True,True
9d26362a-4411-4d8b-b114-03f4f89928d7_1156-78,False,True,4,4,False,True
9d26362a-4411-4d8b-b114-03f4f89928d7_1588-24,False,True,4,3,True,True
9d26362a-4411-4d8b-b114-03f4f89928d7_694-92,False,False,4,0,False,True
9d2ec4ad-945f-4614-b41f-24260de662f6_1664-30,False,False,4,1,True,True
9d965c16-0014-45e5-b37b-50a786971470_2004-75,False,True,4,3,True,False
9d965c16-0014-45e5-b37b-50a786971470_2476-67,False,True,4,3,True,True
9d965c16-0014-45e5-b37b-50a786971470_6156-96,False,True,4,3,True,True
9d965c16-0014-45e5-b37b-50a786971470_8107-86,False,True,4,2,True,True
9dd29951-5080-4392-8bcd-2446e6af90fe_1166-46,False,False,4,3,True,True
9df7c322-0e66-491d-bcf8-f10038b1eccf_229-80,False,True,4,4,False,True
9e0594bd-15a5-4ae7-afa0-9283683ae1f2_1106-88,False,False,4,3,True,True
9e08a7b1-eb04-4d11-bb0b-f4cd42f0a819_3434-14,False,False,4,3,True,True
9e579570-0541-49d6-bf0e-35483e949296_653-37,False,True,4,4,False,True
9e9c5b05-c7d4-450d-9850-e6ae83caa9a5_3282-52,False,True,4,3,True,True
9e9c5b05-c7d4-450d-9850-e6ae83caa9a5_3297-13,False,True,4,2,True,True
9f4e5f51-eac3-4070-9097-f6e18a7b90f9_1289-99,False,True,4,4,False,True
9f8d9232-a78e-4e14-9a0f-944a325efa19_133-97,False,False,4,0,False,True
9fb1ce25-8a99-45ed-a28c-1492192d4964_1100-54,False,True,4,4,False,True
9fb1ce25-8a99-45ed-a28c-1492192d4964_1946-35,False,False,4,1,True,False
9fb1ce25-8a99-45ed-a28c-1492192d4964_1957-11,False,False,4,1,True,True
9fc3678b-86e2-44ab-adbc-9aeda78ceb60_957-19,False,True,4,2,True,True
9fc3678b-86e2-44ab-adbc-9aeda78ceb60_992-74,False,True,4,1,True,True
a055e4e8-cc07-47c1-a438-06f45c4f724c_2257-57,False,False,4,3,True,True
a055e4e8-cc07-47c1-a438-06f45c4f724c_2341-22,False,False,4,3,True,True
a12f0a2e-e066-4b65-8603-6754bb73e196_30-04,False,False,4,1,True,True
a13a145f-920a-44ec-8aef-b489c097f4a7_171-91,False,True,4,1,True,True
a1b38e9d-7225-46ab-ab17-a61b261faa36_1920-36,False,False,4,0,False,False
a1e8d35f-2dad-495c-ac00-b056f710c706_1381-64,False,True,4,2,True,True
a23540b7-3588-48ad-b84a-1b5935db856a_235-41,False,True,4,1,True,False
a267b011-b1db-4e3c-aa49-438e2afdd6dc_116-72,False,False,4,1,True,False
a2c3a84e-ae75-4e72-8a52-64511ed67080_919-81,False,False,4,3,True,False
a2f25985-0589-42ca-af57-58930079dfb9_1082-02,False,True,4,4,False,True
a2f25985-0589-42ca-af57-58930079dfb9_1096-32,False,True,4,3,True,True
a2f25985-0589-42ca-af57-58930079dfb9_7290-57,False,True,4,2,True,True
a32e3749-3ec6-4865-b5f2-067d05c04190_1229-02,False,True,4,3,True,True
a32e3749-3ec6-4865-b5f2-067d05c04190_230-06,False,False,4,1,True,False
a3c41b4b-6dc7-4e69-b04b-ca30b4f1c185_1014-12,False,True,4,2,True,True
a3f1b2f3-0735-4c65-b66e-5c397f3126c7_276-64,False,False,4,0,False,False
a3f6b937-bb29-4cc4-9f4b-27080ddca7c7_437-97,False,False,4,2,True,True
a4048b30-d9a8-4653-a2d6-d07422e3449e_739-24,False,False,4,0,False,True
a40f2c59-c795-4893-9ec5-6a58632a2b49_635-34,True,False,4,3,True,False
a4375d98-e295-4e7d-a718-d8af066e3d57_1708-23,False,False,4,0,False,False
a437e059-78be-4894-a7ab-dc27fa16d3f8_178-53,False,False,4,3,True,True
a437e059-78be-4894-a7ab-dc27fa16d3f8_6770-46,False,True,4,1,True,True
a437e059-78be-4894-a7ab-dc27fa16d3f8_6791-07,False,True,4,4,False,True
a437e059-78be-4894-a7ab-dc27fa16d3f8_7188-07,False,True,4,4,False,True
a437e059-78be-4894-a7ab-dc27fa16d3f8_9861-81,False,False,4,0,False,False
a448297b-ae62-4712-bc4f-849b39176558_2443-39,False,True,4,2,True,True
a448297b-ae62-4712-bc4f-849b39176558_2588-08,False,True,4,3,True,True
a448297b-ae62-4712-bc4f-849b39176558_3322-55,False,False,4,1,True,False
a454e4d7-7ead-41ea-bfcf-db8300ad34d9_72-86,False,False,4,2,True,True
a48f66dc-d07c-4ca9-aa3b-b08ea5802194_1914-01,False,True,4,2,True,True
a49bdcc8-8f23-445d-bae0-8d9e5c4d9c63_1749-02,False,True,4,3,True,True
a4bbdddc-c222-4535-a616-57ccbc8f9b9e_1495-45,False,True,4,4,False,True
a4bbdddc-c222-4535-a616-57ccbc8f9b9e_4898-52,False,False,4,2,True,True
a4bbdddc-c222-4535-a616-57ccbc8f9b9e_5519-45,False,True,4,4,False,True
a4bbdddc-c222-4535-a616-57ccbc8f9b9e_7343-01,False,False,4,1,True,False
a4c1f23e-702e-49a1-9600-0538e4e2e7db_2889-59,False,False,4,2,True,True
a5bd4711-275b-4bbf-96fe-37553e5d3e93_1416-31,False,False,4,2,True,True
a5bd4711-275b-4bbf-96fe-37553e5d3e93_156-00,False,False,4,1,True,True
a5bd4711-275b-4bbf-96fe-37553e5d3e93_1659-18,False,False,4,1,True,True
a5bd4711-275b-4bbf-96fe-37553e5d3e93_1662-76,False,True,4,2,True,True
a5bd4711-275b-4bbf-96fe-37553e5d3e93_297-73,False,True,4,1,True,True
a5bd4711-275b-4bbf-96fe-37553e5d3e93_480-52,False,False,4,1,True,False
a5bd4711-275b-4bbf-96fe-37553e5d3e93_484-64,False,False,4,0,False,True
a5bd4711-275b-4bbf-96fe-37553e5d3e93_499-12,False,False,4,3,True,True
a5e74924-6083-4618-b830-f528c5199ed9_5985-35,False,True,4,2,True,True
a6264c7d-d42a-4708-8fc2-b35ad0c5fe42_55-09,False,True,4,2,True,True
a6264c7d-d42a-4708-8fc2-b35ad0c5fe42_990-06,False,True,4,4,False,True
a6ae81d6-f014-4902-bae6-b06373b31c55_153-41,False,False,4,0,False,False
a7062d19-5af7-42fe-ad8c-2d7442ddbe48_514-59,False,False,4,0,False,True
a717f100-51ec-4316-92b8-282aeecc805b_724-56,True,False,4,4,False,False
a71f72c5-5225-4b12-aba3-01fa46f53427_914-96,False,False,4,1,True,True
a743a90e-f46c-4e55-a94d-a7f11c771207_51-51,False,True,4,2,True,True
a7448853-2414-42b1-998c-0f56594e437a_155-55,False,False,4,0,False,True
a8197601-7474-4cb0-8d08-e8a8febcecfc_13-71,False,True,4,3,True,True
a8197601-7474-4cb0-8d08-e8a8febcecfc_222-15,False,True,4,3,True,True
a8197601-7474-4cb0-8d08-e8a8febcecfc_854-68,False,True,4,2,True,True
a8197601-7474-4cb0-8d08-e8a8febcecfc_997-91,False,False,4,3,True,False
a84e378e-c9d5-4ace-8e42-e07b95784746_180-55,False,False,4,0,False,True
a8983a14-da13-4e54-bc7a-b027b374c710_536-56,False,True,4,4,False,True
a95545b6-8b1e-4d77-a209-c1accf3b057b_17-67,False,False,4,2,True,False
a95545b6-8b1e-4d77-a209-c1accf3b057b_34-20,False,False,4,1,True,True
a99c5790-b590-4c29-98b3-004bbf106ce7_312-10,False,True,4,1,True,True
a99c5790-b590-4c29-98b3-004bbf106ce7_315-27,False,False,4,0,False,True
aa19d5c0-35b6-4ec2-9865-07f556c341de_34-98,False,True,4,2,True,False
aa19d5c0-35b6-4ec2-9865-07f556c341de_76-28,False,True,4,3,True,True
aa3237b2-4a62-4676-b81c-a9726003b420_1532-19,False,False,4,2,True,False
aabc5114-a6a1-459d-81ed-99370385a7e4_2460-69,False,True,4,2,True,True
aad332b0-a437-4bd9-9147-f580bb58c3f5_3472-99,False,True,4,4,False,True
aae90bb1-c8b8-433c-98b6-2bc5f20af6ea_569-99,True,False,4,3,True,False
ab6f68a2-e5ba-48ce-ac24-7fb3df0584f2_326-63,False,False,4,1,True,True
ab865129-78fa-47d4-8a50-ff8c5533246f_1028-44,False,True,4,1,True,True
ab865129-78fa-47d4-8a50-ff8c5533246f_318-49,False,False,4,0,False,True
abbc5555-7816-4288-8d4d-f42b0683fc44_774-93,False,True,4,4,False,True
abca0171-5e73-426e-9ba1-49a6339b2ef5_1825-89,False,True,4,3,True,True
abca0171-5e73-426e-9ba1-49a6339b2ef5_885-53,False,True,4,3,True,True
abca0171-5e73-426e-9ba1-49a6339b2ef5_979-03,False,False,4,0,False,True
ac582760-09b1-4a6e-be08-f19f9bf5dfcb_391-13,False,True,4,3,True,True
ac8704d3-ab1c-4412-a10e-befb387063b2_270-04,False,False,4,1,True,True
ac8dba37-ce09-4dc5-b478-8194e41353c3_2812-63,False,False,4,1,True,False
ac8dba37-ce09-4dc5-b478-8194e41353c3_5240-05,False,False,4,2,True,False
ac8dba37-ce09-4dc5-b478-8194e41353c3_748-30,False,True,4,2,True,True
ac8dba37-ce09-4dc5-b478-8194e41353c3_9451-92,False,True,4,3,True,True
aca9e131-8b44-4e59-8394-24a494c19801_183-42,False,True,4,3,True,True
acef7751-e40a-4fb7-91ea-3ba56ef46aed_103-55,False,True,4,1,True,True
ad851441-1f15-467e-83d8-48c764e220a8_875-32,False,True,4,4,False,True
ad851441-1f15-467e-83d8-48c764e220a8_975-45,False,False,4,1,True,True
ada73c3a-765f-46de-afb5-d152d058d7e2_17044-72,False,True,4,4,False,True
ada73c3a-765f-46de-afb5-d152d058d7e2_7766-82,False,True,4,3,True,True
adb9100b-45da-449a-94b1-ae29e107e4c5_72-02,False,False,4,0,False,True
ade9b865-951f-4a27-b6cb-ce12cb613de8_887-25,False,True,4,3,True,True
adf11624-aca0-4bad-a35f-51b9f330ee74_2900-34,False,True,4,2,True,True
adf65602-f5ee-456a-a098-db19a521ce38_500-23,False,False,4,0,False,True
ae56fbda-009b-485c-9dfa-72ce89e847bf_668-09,False,True,4,3,True,True
ae56fbda-009b-485c-9dfa-72ce89e847bf_742-92,False,False,4,1,True,True
ae59dda2-8aa0-40e1-bd48-af368ea8e149_1550-40,False,False,4,1,True,True
ae59dda2-8aa0-40e1-bd48-af368ea8e149_1585-64,False,False,4,2,True,True
ae59dda2-8aa0-40e1-bd48-af368ea8e149_1586-25,True,False,4,1,True,False
ae85c74a-0963-469b-93f9-cdfe3f898e5f_1781-47,False,True,4,2,True,True
af06acee-b948-4950-a653-53d76b03a010_809-86,False,False,4,2,True,True
af06acee-b948-4950-a653-53d76b03a010_920-06,False,True,4,2,True,True
af0cc15a-5452-42fb-92dd-a3f50136bf12_3147-74,False,False,4,0,False,True
af215e0f-56c7-4356-9aad-a3a5fb7bbc4f_1332-04,False,True,4,3,True,True
af215e0f-56c7-4356-9aad-a3a5fb7bbc4f_4328-60,False,True,4,4,False,True
af215e0f-56c7-4356-9aad-a3a5fb7bbc4f_4362-30,False,True,4,4,False,False
af215e0f-56c7-4356-9aad-a3a5fb7bbc4f_709-03,False,False,4,1,True,True
af400f98-3c57-46ad-acac-eaca6f940180_2315-10,False,True,4,3,True,True
af400f98-3c57-46ad-acac-eaca6f940180_3131-59,False,True,4,3,True,True
af400f98-3c57-46ad-acac-eaca6f940180_3432-31,False,True,4,4,False,False
af400f98-3c57-46ad-acac-eaca6f940180_508-42,False,True,4,2,True,True
af43394e-d24c-40c2-b03a-f3cdff888370_762-90,False,False,4,1,True,True
af72c57c-b242-48b2-8d00-aea29f4e37ac_1063-17,False,False,4,1,True,False
af862b37-12f1-4b55-a1ca-1c162c4f98a0_3380-57,False,False,4,3,True,False
af862b37-12f1-4b55-a1ca-1c162c4f98a0_431-14,False,True,4,3,True,True
af8dda66-0025-4ee4-9888-b568b28986e6_3283-52,False,True,4,2,True,True
afd5c197-7b14-4e21-ac56-d23b6a5543d0_1256-20,False,False,4,1,True,True
afd5c197-7b14-4e21-ac56-d23b6a5543d0_1411-24,False,False,4,1,True,False
b08cc451-bab8-4ab1-a0a2-102582d9f778_398-19,False,False,4,0,False,False
b0937ec3-7645-4f68-b9cd-549ff7c01819_2030-83,False,True,4,3,True,True
b0a30641-ad93-4d6a-92a9-f277c78f1aa5_112-83,False,False,4,1,True,True
b0a30641-ad93-4d6a-92a9-f277c78f1aa5_295-10,False,True,4,3,True,False
b0a30641-ad93-4d6a-92a9-f277c78f1aa5_473-69,False,True,4,3,True,True
b1543ea3-e86b-4545-9195-f1bf83e02b41_4163-19,False,True,4,1,True,False
b2508929-e3e4-4583-b1db-41dc3bb0fd21_542-36,False,True,4,3,True,True
b264c17e-145a-4dd0-90c4-397d0f5b8057_51-64,False,True,4,4,False,True
b2e6a3f7-aa49-42c5-990a-8ef89d2c9d33_987-28,False,True,4,4,False,True
b2ebded2-4c94-473d-b9e4-8dd3556a3152_31-51,False,False,4,1,True,True
b2f487cb-83b2-4e60-855d-1750938d0f1a_4050-16,False,True,4,4,False,False
b390f179-78cb-4522-9abc-467e0597d4b7_597-75,False,True,4,3,True,True
b3a0d595-d5b4-4e4b-9c52-337053871604_278-40,False,False,4,1,True,False
b4068f40-69e9-4217-81ba-84e59c25f125_887-13,False,True,4,2,True,True
b449ae20-0dd5-468e-ad86-daac0180046d_22-83,False,True,4,3,True,True
b4814b66-f564-48cb-a11f-3b0a1ee73704_24-49,False,False,4,0,False,False
b4814b66-f564-48cb-a11f-3b0a1ee73704_27-72,False,False,4,1,True,True
b4814b66-f564-48cb-a11f-3b0a1ee73704_42-69,False,False,4,1,True,False
b4b27c5b-2b73-4083-a41c-a6a960475c1a_1618-99,False,False,4,1,True,True
b513c72d-8b77-4bee-96b6-b5f57977a3eb_765-76,False,True,4,4,False,True
b57a2268-9cac-491d-b737-ad8dc28b15fb_1546-09,False,True,4,3,True,True
b57a2268-9cac-491d-b737-ad8dc28b15fb_2224-77,False,True,4,4,False,True
b5c3c1e3-7ee7-4b4a-b938-4d008d5aa49b_521-60,False,False,4,1,True,True
b5c3c1e3-7ee7-4b4a-b938-4d008d5aa49b_644-73,False,False,4,1,True,True
b5c3c1e3-7ee7-4b4a-b938-4d008d5aa49b_757-55,False,False,4,0,False,True
b5c5d054-4cc3-4e54-b283-6845ca022eb8_0-00,False,False,4,1,True,True
b5d691f6-1618-467e-9fc9-d2ebd8eaafe4_488-95,False,False,4,1,True,True
b5d691f6-1618-467e-9fc9-d2ebd8eaafe4_836-72,False,True,4,2,True,True
b61b0b56-a852-47e2-ab09-9380d8465162_180-44,False,False,4,2,True,True
b6474db0-090c-40df-8d65-0a52dd0578cc_984-29,False,False,4,1,True,True
b68e46bf-2cc5-4c6b-895a-1f8c6cad959a_2324-99,False,True,4,2,True,True
b68f87f0-29be-4516-a34a-dda69dd84a56_274-36,False,False,4,1,True,False
b68f87f0-29be-4516-a34a-dda69dd84a56_471-46,False,True,4,4,False,True
b68f87f0-29be-4516-a34a-dda69dd84a56_524-12,False,True,4,4,False,True
b68f87f0-29be-4516-a34a-dda69dd84a56_953-32,False,True,4,3,True,True
b6ae365a-dd70-42c4-90d6-e0351778d991_277-06,False,False,4,0,False,False
b6ae365a-dd70-42c4-90d6-e0351778d991_416-05,False,False,4,0,False,False
b6bee905-eddf-4b41-bfe6-d57c9059fe61_1119-76,False,True,4,3,True,True
b6bee905-eddf-4b41-bfe6-d57c9059fe61_1128-22,False,True,4,3,True,True
b6d64c01-1462-4ebf-9eb5-44585cdd8ac4_2907-39,False,True,4,4,False,True
b7022084-61ea-470f-b2cd-49be2ecaf3aa_18-42,False,True,4,3,True,True
b7022084-61ea-470f-b2cd-49be2ecaf3aa_688-07,False,True,4,4,False,True
b71166c2-c723-4f91-89b7-3a484e14079e_1586-58,False,True,4,2,True,True
b79c342b-db1e-407e-958a-e1585c6c3ddd_3-67,False,False,4,1,True,False
b7ae78cd-458a-4fbc-b9d8-212fe98a5095_270-04,False,False,4,0,False,True
b8ba4ac1-4134-44aa-99db-25efaa058e98_277-37,False,True,4,4,False,True
b8ead1f7-ae4c-4c7c-8b2a-35599fc310c7_1079-80,False,False,4,3,True,True
b925520a-853c-442e-8a39-6679cce1e9f4_1253-01,False,True,4,3,True,True
b959f479-0508-4f1b-96a5-1b17e86af8ce_1110-67,False,True,4,4,False,True
b99ceea4-7fa3-407c-9b9f-1347645d23f2_13-11,False,True,4,2,True,False
b9b65293-fec8-494e-81e7-c4496aafba6f_1524-26,False,False,4,3,True,True
b9b65293-fec8-494e-81e7-c4496aafba6f_2296-78,False,False,4,2,True,True
b9bc5b47-ae9a-4220-84c7-ada93722c4fe_909-02,False,True,4,2,True,True
b9de7a2c-d02e-4d66-9556-381f0b7ca51a_3648-36,False,True,4,2,True,True
b9de7a2c-d02e-4d66-9556-381f0b7ca51a_3795-42,False,True,4,2,True,True
b9de7a2c-d02e-4d66-9556-381f0b7ca51a_3961-43,False,True,4,1,True,True
b9fd76c5-1f9b-4d82-b9ee-2e0615561765_364-29,False,True,4,4,False,True
ba078478-13a5-4e7f-8ee4-61620f84cb7a_2830-69,False,False,4,2,True,True
ba078478-13a5-4e7f-8ee4-61620f84cb7a_3101-09,False,True,4,4,False,False
ba1de596-15f4-45f3-bab3-dbf7283490be_5-13,False,True,4,2,True,False
ba28e9d5-5a78-44c0-b985-2249dcc05956_17-90,False,True,4,2,True,True
ba28e9d5-5a78-44c0-b985-2249dcc05956_212-90,False,False,4,2,True,False
ba44d0ee-9aba-4d05-8d1b-1eac7346f479_1433-66,False,True,4,3,True,True
baaf6d24-7117-4b0b-acdf-a79765036d84_1340-93,False,False,4,2,True,True
baaffbad-76a7-458a-8a54-7b593ab073f6_329-73,False,True,4,1,True,True
baaffbad-76a7-458a-8a54-7b593ab073f6_979-89,False,False,4,1,True,True
bac30fe6-c597-4f1a-add1-d8d989205d98_1087-36,False,True,4,2,True,True
bae603bd-dc3d-46a4-90b7-9c1e2bcd3970_966-87,False,True,4,4,False,False
baf15309-e865-4e9e-9efd-09097f1d5a43_341-69,False,False,4,0,False,False
baf15309-e865-4e9e-9efd-09097f1d5a43_412-45,False,True,4,4,False,False
bb04b03d-ae0d-416a-8c4c-b2325edec070_287-86,False,True,4,4,False,True
bb2297d3-91b7-4ec4-b39b-cc64694929db_0-03,False,False,4,0,False,False
bb2297d3-91b7-4ec4-b39b-cc64694929db_412-95,False,False,4,0,False,False
bbd30b78-137a-4c75-a4e9-b51f62b3f04e_184-26,False,True,4,3,True,True
bc215572-bd4c-4457-bbc1-58cdd6398cc7_2751-16,False,True,4,1,True,True
bcfbfdd9-1f37-4edf-8ea0-114a92806d08_1826-13,False,True,4,4,False,True
bd31c2eb-4faa-467d-8c71-89a55b0a4be5_275-56,False,False,4,1,True,False
bd96484b-6f8c-492b-8969-cae99c868b4d_2411-56,False,True,4,4,False,True
bd96484b-6f8c-492b-8969-cae99c868b4d_2855-28,False,True,4,3,True,True
bdb29a9e-d6d4-4918-9870-464abeae48d2_837-68,False,False,4,0,False,True
bdd32b96-5baf-4d67-9975-34cdce64b0cc_240-16,False,False,4,0,False,True
bdeb0df9-2983-41bb-ba27-c431d9ef3163_1770-19,False,True,4,4,False,False
bdeb0df9-2983-41bb-ba27-c431d9ef3163_1772-82,False,True,4,2,True,False
be1da89b-976b-4e71-a42a-7621b522db46_179-53,False,False,4,1,True,True
be462bcf-13ad-446a-8dfb-248cb2e3417a_379-26,False,True,4,2,True,True
be462bcf-13ad-446a-8dfb-248cb2e3417a_825-06,False,True,4,4,False,True
be7ede7a-c212-45ff-8601-e15dd2f7e531_1651-77,False,False,4,2,True,True
be7ede7a-c212-45ff-8601-e15dd2f7e531_928-33,False,True,4,2,True,True
be82ebf1-5feb-4c1b-a71a-f668e3a17726_27-55,False,True,4,2,True,True
bebfd0fa-93bc-41a3-886d-e04a3675fc6d_293-94,False,False,4,1,True,True
bef6d752-a5f2-405f-bf3a-71e400bd8b06_1634-83,False,False,4,2,True,True
bf4a69c2-2c0b-4810-991b-3eb35e7dd2f3_1088-56,False,True,4,1,True,True
bf9354ab-541d-4c1c-aa3e-8a3bfd8fb51b_443-31,False,True,4,2,True,True
bff1d1da-957f-42ea-8c98-61eaca98b5f1_1049-58,False,False,4,2,True,True
c00a27da-98bb-4761-8093-45fd30a3f43f_1156-34,False,True,4,4,False,False
c00d3596-99db-4ea7-9a65-57ab4319d640_329-17,False,False,4,3,True,True
c00d3596-99db-4ea7-9a65-57ab4319d640_370-19,False,False,4,3,True,False
c05389ca-2d74-4889-a8dd-a0f89d28a4b7_2763-64,False,False,4,2,True,False
c06532d8-f1cd-477f-b9f3-e8e980d73b2e_1339-60,False,False,4,1,True,False
c0a19ccf-66ad-44b5-9b3d-2f20d49bc0a8_296-47,False,False,4,0,False,True
c0eea386-412b-4127-a2d3-352322a0038c_1313-16,False,True,4,3,True,True
c0eea386-412b-4127-a2d3-352322a0038c_719-09,False,False,4,1,True,True
c0eea386-412b-4127-a2d3-352322a0038c_830-51,False,True,4,3,True,True
c1626bce-83ba-49da-921c-7b60243c19ea_7-12,False,True,4,2,True,True
c1626bce-83ba-49da-921c-7b60243c19ea_8-38,False,True,4,1,True,True
c1dc6626-34c8-4367-a80a-42a44057f47b_737-27,False,True,4,3,True,True
c1f4d37c-bfd8-4722-b1c4-767f8426ccfd_867-73,False,False,4,1,True,False
c2071026-add0-4546-8374-b6d04ddd94b1_0-04,False,False,4,2,True,True
c20e2722-11e5-4181-960c-305cfcd7cfec_183-32,False,False,4,3,True,False
c23eaef5-7441-42b4-9456-9f5a4a1bd615_11-29,False,True,4,1,True,False
c25111f0-0c78-4bf8-a16d-57a6c25c2169_10881-80,False,True,4,1,True,True
c25111f0-0c78-4bf8-a16d-57a6c25c2169_3852-71,False,True,4,4,False,True
c2d28dd4-4416-4300-bbbe-23911487776a_1418-50,False,False,4,1,True,True
c2d28dd4-4416-4300-bbbe-23911487776a_1894-07,False,False,4,2,True,False
c2d28dd4-4416-4300-bbbe-23911487776a_2076-47,False,False,4,3,True,True
c2d28dd4-4416-4300-bbbe-23911487776a_3669-01,False,False,4,1,True,True
c2d28dd4-4416-4300-bbbe-23911487776a_426-99,False,True,4,4,False,True
c2d28dd4-4416-4300-bbbe-23911487776a_6637-37,False,False,4,2,True,False
c34effc7-6198-4c85-80c7-c8be85b77dd3_1105-03,False,False,4,1,True,False
c34effc7-6198-4c85-80c7-c8be85b77dd3_1620-55,False,True,4,3,True,True
c34effc7-6198-4c85-80c7-c8be85b77dd3_2128-22,False,True,4,4,False,True
c34effc7-6198-4c85-80c7-c8be85b77dd3_2648-25,False,False,4,0,False,True
c34effc7-6198-4c85-80c7-c8be85b77dd3_2681-98,False,False,4,3,True,True
c34effc7-6198-4c85-80c7-c8be85b77dd3_2970-00,False,True,4,1,True,True
c34effc7-6198-4c85-80c7-c8be85b77dd3_2993-26,False,True,4,1,True,True
c34effc7-6198-4c85-80c7-c8be85b77dd3_4366-00,False,True,4,2,True,False
c34effc7-6198-4c85-80c7-c8be85b77dd3_5191-41,False,True,4,3,True,False
c34effc7-6198-4c85-80c7-c8be85b77dd3_5200-39,False,False,4,2,True,True
c34effc7-6198-4c85-80c7-c8be85b77dd3_5220-71,False,True,4,4,False,True
c34effc7-6198-4c85-80c7-c8be85b77dd3_5294-07,False,True,4,3,True,False
c34effc7-6198-4c85-80c7-c8be85b77dd3_5341-13,False,True,4,4,False,True
c34effc7-6198-4c85-80c7-c8be85b77dd3_694-72,False,False,4,0,False,True
c3acdda3-cd92-48c3-9052-45b57cb27e5a_1390-16,False,True,4,3,True,True
c3acdda3-cd92-48c3-9052-45b57cb27e5a_1467-01,False,True,4,3,True,True
c4333895-ed19-42fe-9323-271a41bdfe4c_8-13,False,False,4,2,True,True
c463128d-18cc-44ad-abf6-03ee87534919_120-41,False,False,4,2,True,True
c495da06-2baf-4f62-958d-5ef2e6da08c4_28-94,False,True,4,4,False,True
c5270067-6c25-45f2-b63a-1a55b85020ad_568-80,False,True,4,3,True,True
c5270067-6c25-45f2-b63a-1a55b85020ad_569-44,False,True,4,2,True,True
c586c267-9ac3-45d5-a9aa-6deab0b9608d_246-72,False,True,4,4,False,True
c58e1887-0314-4cb3-a09d-5ba529d8eda0_6-27,False,True,4,4,False,True
c5938442-90c1-413c-be06-186222d8274f_0-03,False,False,4,0,False,True
c615d305-14fe-41cd-9099-caf420beb604_1090-50,False,False,4,2,True,True
c615d305-14fe-41cd-9099-caf420beb604_955-84,False,False,4,2,True,True
c6534c1f-765e-42e7-86f4-da210d5211c3_764-77,False,False,4,0,False,True
c67cb1da-90ac-4da8-af17-4f8b77da9b9d_291-33,False,True,4,2,True,True
c6b1f7dc-3301-46e6-867a-312a5f8e7a0f_13-11,False,True,4,2,True,True
c6b5d782-d267-410e-8566-f7fe5d4a78a9_2700-04,False,True,4,4,False,True
c6b5d782-d267-410e-8566-f7fe5d4a78a9_98-99,False,True,4,3,True,True
c79e05d5-eaf6-4323-a707-744020743037_763-82,False,False,4,2,True,True
c7da3efd-4a18-458e-90fd-f757ed966a63_380-64,False,False,4,0,False,False
c7da3efd-4a18-458e-90fd-f757ed966a63_8-87,False,False,4,1,True,False
c7e8af35-608f-4d18-b752-2f3140f5fcc4_772-15,False,True,4,3,True,True
c7f71299-a622-4a9a-b225-019335d6f2d2_607-47,False,False,4,1,True,True
c7f71299-a622-4a9a-b225-019335d6f2d2_658-88,False,False,4,3,True,True
c824d4e5-298a-462b-a408-28a85a7364af_126-28,False,True,4,3,True,True
c824d4e5-298a-462b-a408-28a85a7364af_683-96,False,True,4,4,False,True
c85251fa-eb44-4903-b27f-9cdee26e0ed5_1618-20,False,True,4,4,False,False
c85251fa-eb44-4903-b27f-9cdee26e0ed5_1632-58,False,True,4,4,False,True
c864505c-9d49-4da4-bf7e-254b4c348c03_191-07,False,False,4,1,True,True
c864505c-9d49-4da4-bf7e-254b4c348c03_242-94,False,False,4,2,True,True
c864505c-9d49-4da4-bf7e-254b4c348c03_540-20,False,False,4,1,True,True
c8b61175-cfa4-44f9-a88b-76609ffa4ca3_3008-85,False,False,4,2,True,True
c8d51f6b-7329-4367-9b24-941fa79794d2_2516-44,False,True,4,3,True,True
c92cfd96-21ca-4b52-a56a-6345fbf57de0_233-46,False,True,4,3,True,False
c92cfd96-21ca-4b52-a56a-6345fbf57de0_2877-33,False,True,4,2,True,False
c93e077c-9f51-449c-b130-8be107c8a7d5_152-99,False,True,4,1,True,True
c93e077c-9f51-449c-b130-8be107c8a7d5_199-82,False,False,4,0,False,True
c9595c28-a46b-4571-9796-3802af307bf2_188-17,True,False,4,1,True,False
c97a7ee8-1fd4-4092-8c47-ef93dea1c8aa_539-98,False,True,4,3,True,False
ca03dcd8-9e87-4da5-9f9d-eac37ed6e9fd_320-42,False,False,4,0,False,True
ca1773b8-ec8e-4f61-8e8f-7e4211830793_1043-00,False,False,4,1,True,False
ca1773b8-ec8e-4f61-8e8f-7e4211830793_835-99,False,False,4,2,True,True
ca22ace6-2d0e-4e0b-98d4-60544e5af4d5_1194-22,False,False,4,3,True,True
ca22ace6-2d0e-4e0b-98d4-60544e5af4d5_139-96,False,False,4,2,True,True
ca22ace6-2d0e-4e0b-98d4-60544e5af4d5_4682-68,False,True,4,4,False,True
ca800ee3-fea2-4825-ba1d-8eaace908135_5734-95,False,True,4,4,False,True
ca800ee3-fea2-4825-ba1d-8eaace908135_6490-17,False,True,4,2,True,False
caa17bb0-2b04-49b0-8ccc-38b2803a3b1f_26-31,False,True,4,1,True,True
cab3c095-8054-4794-81c5-ef9dce1d1373_376-97,False,False,4,1,True,True
cb0013d1-84a7-42c7-962a-3b00043365e5_1957-07,False,True,4,4,False,True
cb1f1ddf-f4f6-4b0e-ab73-0285729ba790_40-06,False,False,4,0,False,True
cb87d2ca-dc4f-4e1c-a13f-a8fe7dc952e9_11-49,False,False,4,0,False,True
cb87d2ca-dc4f-4e1c-a13f-a8fe7dc952e9_115-52,False,False,4,0,False,True
cb87d2ca-dc4f-4e1c-a13f-a8fe7dc952e9_23-76,False,False,4,0,False,True
cb87d2ca-dc4f-4e1c-a13f-a8fe7dc952e9_98-75,False,False,4,0,False,True
cb8df5e7-af5c-4211-b779-0568f94c7ded_1890-31,False,False,4,3,True,True
cb8df5e7-af5c-4211-b779-0568f94c7ded_3375-73,False,True,4,4,False,True
cb8df5e7-af5c-4211-b779-0568f94c7ded_3449-61,False,True,4,2,True,True
cb987dd4-f0ec-46ed-8bf0-3fee8c84fc90_2701-67,False,True,4,1,True,True
cb9de2c6-ff1a-48e8-b170-047e9471b588_1100-53,False,True,4,3,True,True
cb9de2c6-ff1a-48e8-b170-047e9471b588_836-21,False,True,4,3,True,False
cb9de2c6-ff1a-48e8-b170-047e9471b588_884-63,False,False,4,3,True,True
cb9de2c6-ff1a-48e8-b170-047e9471b588_931-60,False,True,4,2,True,True
cbc5c4fe-ed66-4525-a3d8-d691064db66b_262-02,False,False,4,1,True,False
cbc5c4fe-ed66-4525-a3d8-d691064db66b_527-23,False,False,4,1,True,False
cbc5c4fe-ed66-4525-a3d8-d691064db66b_545-69,False,False,4,1,True,True
cbc5c4fe-ed66-4525-a3d8-d691064db66b_729-17,False,False,4,0,False,False
cbfeb6c8-ec1f-4884-bcbf-14d7764c4a36_0-01,False,True,4,2,True,True
cc82c3dc-caf7-4d64-9c84-b4701e205344_230-08,False,True,4,1,True,True
cc83fb01-1904-4917-8d11-2fe2c66a990c_5792-18,False,True,4,3,True,True
cce59bcd-0ebc-463e-bbb1-094186a6ed8d_1562-00,False,True,4,3,True,True
cce59bcd-0ebc-463e-bbb1-094186a6ed8d_36-05,False,True,4,3,True,True
cd0c7d35-19cf-4ce2-9b40-0209547acde5_1364-91,False,True,4,4,False,True
cd0c7d35-19cf-4ce2-9b40-0209547acde5_1365-10,False,True,4,3,True,True
cd0c7d35-19cf-4ce2-9b40-0209547acde5_1447-25,False,True,4,3,True,True
cd0c7d35-19cf-4ce2-9b40-0209547acde5_284-45,False,True,4,3,True,True
cd1d3c56-69ca-4602-944e-bb9fabb9710b_1637-32,False,False,4,3,True,False
cd1d3c56-69ca-4602-944e-bb9fabb9710b_1865-43,False,True,4,3,True,True
cdaee0ff-a9ab-4935-91a2-45042d55b39c_353-27,False,True,4,3,True,True
cdfd99eb-88c6-4bc7-8f66-e0318216feab_820-48,False,False,4,0,False,True
ce121331-6a77-44c0-9c0d-8d6b21f73b24_67-61,False,False,4,0,False,False
ce19b572-7341-426a-8c2f-fe067344c98d_1914-35,False,False,4,0,False,True
ce19b572-7341-426a-8c2f-fe067344c98d_1972-11,False,False,4,1,True,True
cea9a5cc-6682-474f-bae4-483ca722ec43_359-69,False,False,4,3,True,True
cebb6331-2a18-454a-862b-3aa502267017_1587-77,False,True,4,3,True,True
cf3956a7-8cc6-4a99-8770-71a15c7e69c7_4456-62,False,False,4,1,True,True
cf3956a7-8cc6-4a99-8770-71a15c7e69c7_4824-79,False,True,4,4,False,True
cf3956a7-8cc6-4a99-8770-71a15c7e69c7_5040-48,False,False,4,2,True,False
cfa58f86-6a63-46fc-8510-6a8d517f933b_689-38,False,True,4,3,True,False
cfa595aa-c467-48fe-a86b-2e9b1a63ccab_1218-24,False,False,4,3,True,True
cfc42371-cd58-48df-8bc5-f2fb29a6091e_1191-27,False,False,4,0,False,False
cfc42371-cd58-48df-8bc5-f2fb29a6091e_1271-05,False,False,4,0,False,True
cfc42371-cd58-48df-8bc5-f2fb29a6091e_1273-98,False,False,4,0,False,True
d013010f-fca0-4fc0-9545-500318a8e91f_511-08,False,True,4,3,True,True
d0396c77-6ecc-4d9f-bda1-af051699d0cf_1049-41,False,False,4,3,True,True
d0396c77-6ecc-4d9f-bda1-af051699d0cf_3645-32,False,True,4,3,True,True
d0396c77-6ecc-4d9f-bda1-af051699d0cf_4546-97,False,True,4,2,True,True
d08cd963-d98b-4c9b-ba9f-cf7763e4b94e_1184-89,False,False,4,3,True,True
d0925317-dc23-4cb4-a375-a7baddc06b27_901-57,False,True,4,4,False,True
d0a861f7-3e5c-4836-9b43-29a0b3288165_1279-67,False,True,4,4,False,True
d0a861f7-3e5c-4836-9b43-29a0b3288165_550-69,False,True,4,3,True,True
d0a861f7-3e5c-4836-9b43-29a0b3288165_829-52,False,False,4,1,True,False
d0aedb4e-82cc-406a-a395-3573049a49ee_4319-84,False,False,4,2,True,False
d0aedb4e-82cc-406a-a395-3573049a49ee_596-85,False,False,4,0,False,True
d0c0065b-79d2-4e6f-9c0f-e212dd17a0ca_31-42,False,False,4,1,True,True
d10798c3-6b79-4c0d-aafd-8daad36c51db_44-79,False,False,4,1,True,True
d1952343-6eaf-4317-ae19-6b48b292ad24_877-17,False,True,4,3,True,True
d1a27322-8acd-4297-9029-db45af8d7cc2_127-67,False,False,4,0,False,False
d1a27322-8acd-4297-9029-db45af8d7cc2_164-10,False,False,4,0,False,True
d1a27322-8acd-4297-9029-db45af8d7cc2_34-04,False,False,4,2,True,True
d1c2a107-ba9a-4615-83e1-f609864b8541_35-35,False,True,4,4,False,False
d1c7b7ec-506e-4c02-b008-8b5aaaf442d7_1891-93,False,True,4,4,False,True
d1c7b7ec-506e-4c02-b008-8b5aaaf442d7_847-39,False,True,4,4,False,False
d27c5c7e-db9c-48f4-bea5-9970078d352e_1216-84,False,False,4,1,True,True
d27c5c7e-db9c-48f4-bea5-9970078d352e_1570-49,False,False,4,2,True,False
d27c5c7e-db9c-48f4-bea5-9970078d352e_1635-43,False,False,4,1,True,True
d27c5c7e-db9c-48f4-bea5-9970078d352e_87-62,False,True,4,3,True,True
d27c5c7e-db9c-48f4-bea5-9970078d352e_90-20,False,True,4,2,True,True
d2985e7b-6dc8-4c7e-9aef-40d633895aa0_1413-23,False,False,4,1,True,True
d2985e7b-6dc8-4c7e-9aef-40d633895aa0_448-20,False,False,4,1,True,True
d29b209e-cbc7-40a7-a0d6-acf803b86c78_4-53,False,False,4,1,True,False
d3279f4f-eea5-448f-a930-aafac6b668ac_1962-11,False,False,4,0,False,True
d36cf2fd-8916-4b69-b7a2-e9743675fb38_3568-39,False,True,4,3,True,True
d36cf2fd-8916-4b69-b7a2-e9743675fb38_3851-77,False,False,4,1,True,False
d3980f7e-2ef1-4b2b-b73a-2a7db7465660_117-14,False,False,4,1,True,True
d3980f7e-2ef1-4b2b-b73a-2a7db7465660_452-63,False,True,4,3,True,True
d3a0899e-2093-454c-9f65-30087883193a_399-22,False,False,4,0,False,True
d3dafc0b-c623-4c4b-9a4a-ee56538e257c_519-43,False,False,4,1,True,True
d3de44fb-a6e8-4815-b28f-798de4bfd7eb_1337-08,False,False,4,0,False,True
d3f76c88-5996-4da0-8b8f-6c1b8f85a4d8_18062-30,False,False,4,0,False,True
d3f76c88-5996-4da0-8b8f-6c1b8f85a4d8_5099-68,False,True,4,3,True,True
d3f76c88-5996-4da0-8b8f-6c1b8f85a4d8_9209-81,False,False,4,0,False,True
d40be91b-85bb-4c47-ac18-52c4d044e3fc_13523-54,False,True,4,4,False,True
d40be91b-85bb-4c47-ac18-52c4d044e3fc_2988-20,False,False,4,2,True,True
d40be91b-85bb-4c47-ac18-52c4d044e3fc_5905-56,False,True,4,4,False,True
d521d31b-83aa-48ef-9ccf-eee9773c50dc_3808-98,False,True,4,3,True,True
d551e6e5-50b5-4eab-88df-f213e6509ea0_1428-48,False,True,4,3,True,True
d55c3204-8dfe-44c4-8822-d748e6fe6d8a_600-02,False,True,4,2,True,True
d55c3204-8dfe-44c4-8822-d748e6fe6d8a_759-81,False,True,4,3,True,True
d6491872-31a0-4015-b9e1-ae992406f849_51-07,False,True,4,4,False,True
d64fb34a-08fd-416c-ac6f-86a0813869a8_275-80,False,True,4,2,True,True
d64fb34a-08fd-416c-ac6f-86a0813869a8_290-32,False,True,4,3,True,True
d64fb34a-08fd-416c-ac6f-86a0813869a8_437-60,False,True,4,2,True,True
d64fb34a-08fd-416c-ac6f-86a0813869a8_466-80,False,True,4,2,True,True
d64fb34a-08fd-416c-ac6f-86a0813869a8_494-32,False,True,4,3,True,True
d64fb34a-08fd-416c-ac6f-86a0813869a8_512-82,False,True,4,2,True,True
d64fb34a-08fd-416c-ac6f-86a0813869a8_810-92,False,False,4,1,True,True
d66f42bb-822b-444a-bce0-ddd15b29bd1b_149-48,False,False,4,2,True,True
d66f42bb-822b-444a-bce0-ddd15b29bd1b_7-30,False,False,4,1,True,True
d6e0bff0-9501-4750-b97f-95f134f6618b_781-93,False,False,4,3,True,True
d6f9d174-2d42-49e7-83e4-daa9e8b0aa25_1070-43,False,False,4,1,True,False
d6f9d174-2d42-49e7-83e4-daa9e8b0aa25_1389-10,False,True,4,3,True,True
d6f9d174-2d42-49e7-83e4-daa9e8b0aa25_211-63,False,True,4,3,True,True
d6f9d174-2d42-49e7-83e4-daa9e8b0aa25_270-04,False,True,4,2,True,True
d6f9d174-2d42-49e7-83e4-daa9e8b0aa25_432-24,False,False,4,1,True,False
d6f9d174-2d42-49e7-83e4-daa9e8b0aa25_64-13,False,False,4,1,True,True
d6f9d174-2d42-49e7-83e4-daa9e8b0aa25_831-84,False,False,4,1,True,True
d70be6cb-867f-4657-9a87-5d44ab30527a_887-35,False,False,4,0,False,True
d730a47a-013d-4cd3-b478-370f2fb0d918_1149-88,False,True,4,4,False,False
d7480d27-f607-4a5a-8c31-9d299f70a4b8_1934-95,False,False,4,2,True,True
d7480d27-f607-4a5a-8c31-9d299f70a4b8_3616-43,False,False,4,0,False,True
d7480d27-f607-4a5a-8c31-9d299f70a4b8_406-05,False,False,4,0,False,False
d74c95ba-e072-44f8-bb2f-2631379af06d_1057-19,False,False,4,0,False,True
d752fc52-9592-4cb5-910b-d09bb39261fd_420-77,False,False,4,1,True,True
d7d516f6-4ba0-4ea7-a18f-f943abc50ff8_869-60,False,False,4,0,False,True
d813a821-8cc1-4700-a7a4-d4e6edfed26e_449-05,False,False,4,0,False,True
d813a821-8cc1-4700-a7a4-d4e6edfed26e_57-94,False,False,4,2,True,True
d8915c4c-6534-4b0a-b46a-02a03d8031da_0-20,False,False,4,2,True,True
d8936caf-0142-4ceb-bacc-70313a19f169_142-89,False,False,4,0,False,True
d8936caf-0142-4ceb-bacc-70313a19f169_660-34,False,True,4,4,False,True
d8936caf-0142-4ceb-bacc-70313a19f169_694-31,True,False,4,1,True,False
d8936caf-0142-4ceb-bacc-70313a19f169_805-14,False,False,4,1,True,True
d8936caf-0142-4ceb-bacc-70313a19f169_888-66,False,True,4,2,True,False
d8c7bf34-0440-48b3-bf22-263d7c926074_109-23,False,True,4,4,False,True
d9bc2b47-181e-4fea-b153-15272b1646e1_589-30,False,False,4,1,True,True
daf5384b-ea5c-4cce-bb8a-540a360075bf_1127-92,False,False,4,0,False,False
daf5384b-ea5c-4cce-bb8a-540a360075bf_676-16,False,True,4,2,True,False
db00f224-0dba-4c50-975a-178e0e1033fe_290-41,False,False,4,0,False,False
db35b386-4c65-4c5e-a488-51b2aa5eb1fb_1982-83,False,True,4,3,True,True
db35b386-4c65-4c5e-a488-51b2aa5eb1fb_481-32,False,True,4,3,True,True
db35b386-4c65-4c5e-a488-51b2aa5eb1fb_554-63,False,False,4,0,False,True
db35b386-4c65-4c5e-a488-51b2aa5eb1fb_589-73,False,False,4,0,False,True
dbcca18b-4b62-4ba1-b799-a6a65231d084_2471-26,False,False,4,1,True,True
dbcca18b-4b62-4ba1-b799-a6a65231d084_3794-64,False,False,4,1,True,True
dbcca18b-4b62-4ba1-b799-a6a65231d084_3795-07,False,False,4,1,True,True
dc16fb2a-7caf-41f4-b2a3-d2ff8cd38255_65-68,False,False,4,1,True,True
dc4d0940-b35c-4700-af77-5f13bb530ad8_1063-54,False,True,4,4,False,True
dca2e9e2-acde-49b7-8b0e-5a150e536769_3059-39,False,True,4,3,True,False
dced4894-d13a-4222-941b-5e4ecf1e3299_1046-91,False,True,4,4,False,True
dced4894-d13a-4222-941b-5e4ecf1e3299_1473-25,False,False,4,0,False,True
dced4894-d13a-4222-941b-5e4ecf1e3299_629-13,False,True,4,1,True,True
dced4894-d13a-4222-941b-5e4ecf1e3299_663-36,False,True,4,4,False,True
dd0aa717-59d8-4d8a-9f11-21be827fb184_1260-03,False,False,4,0,False,True
dd0aa717-59d8-4d8a-9f11-21be827fb184_406-80,False,True,4,2,True,True
dd0aa717-59d8-4d8a-9f11-21be827fb184_600-81,False,True,4,4,False,True
dd508a2a-1ea7-43d2-805a-8080eeae9985_1035-99,False,True,4,2,True,True
dd508a2a-1ea7-43d2-805a-8080eeae9985_1133-08,False,True,4,3,True,True
dd508a2a-1ea7-43d2-805a-8080eeae9985_27-58,False,False,4,0,False,False
dd508a2a-1ea7-43d2-805a-8080eeae9985_36-14,False,False,4,0,False,False
dd508a2a-1ea7-43d2-805a-8080eeae9985_856-81,False,False,4,2,True,False
dd508a2a-1ea7-43d2-805a-8080eeae9985_886-44,False,True,4,2,True,True
dd5214e7-85bb-41b4-93e0-5ef34b8af687_1307-52,False,False,4,0,False,False
dd82f801-fc96-4ced-b066-ad559da3faab_124-35,False,True,4,4,False,True
dd82f801-fc96-4ced-b066-ad559da3faab_1750-27,False,True,4,2,True,False
dd82f801-fc96-4ced-b066-ad559da3faab_1757-91,False,True,4,3,True,True
dd82f801-fc96-4ced-b066-ad559da3faab_1788-27,False,True,4,2,True,True
dd82f801-fc96-4ced-b066-ad559da3faab_284-37,False,True,4,4,False,True
dd82f801-fc96-4ced-b066-ad559da3faab_601-49,False,False,4,0,False,False
dd82f801-fc96-4ced-b066-ad559da3faab_621-91,False,False,4,0,False,False
dd82f801-fc96-4ced-b066-ad559da3faab_818-04,False,True,4,3,True,True
dd82f801-fc96-4ced-b066-ad559da3faab_836-46,False,False,4,3,True,False
dd82f801-fc96-4ced-b066-ad559da3faab_905-66,False,True,4,2,True,True
de37a11d-1dcd-4f5b-9054-155093b3a073_1154-49,False,True,4,1,True,True
de37a11d-1dcd-4f5b-9054-155093b3a073_1242-75,False,True,4,4,False,True
de37a11d-1dcd-4f5b-9054-155093b3a073_6370-24,False,False,4,3,True,True
de37a11d-1dcd-4f5b-9054-155093b3a073_7411-22,False,True,4,1,True,False
de37a11d-1dcd-4f5b-9054-155093b3a073_8700-46,False,True,4,2,True,True
dedaa2ad-306d-47b3-a4c4-90b6b2c37e78_8149-03,False,False,4,3,True,True
df0b81a6-826c-4e9b-8921-392304716c0e_525-16,False,False,4,1,True,False
df0b81a6-826c-4e9b-8921-392304716c0e_554-75,False,True,4,2,True,True
df1a31a9-6508-4d9d-b1c7-cffc7bcc5d29_41-87,False,False,4,2,True,True
df630387-82c6-4c90-95e8-6ba558c907a2_202-79,False,False,4,2,True,True
dfd0bc0c-28fc-4302-9a75-77df6c53ab31_658-80,False,True,4,2,True,True
dfe44f90-17f9-43eb-adf4-da35f15002ed_1647-36,False,False,4,2,True,False
dfe44f90-17f9-43eb-adf4-da35f15002ed_825-32,False,True,4,3,True,True
e00d8164-9996-48ed-8645-bb88ab30cc09_113-51,False,True,4,4,False,True
e0d46807-4c3b-44a0-ac59-cb970c8d5a5a_6-18,False,True,4,1,True,True
e14bb000-250b-4f3d-aec6-e72d4f29d123_1299-73,False,True,4,2,True,True
e14bb000-250b-4f3d-aec6-e72d4f29d123_367-23,False,True,4,3,True,True
e14bb000-250b-4f3d-aec6-e72d4f29d123_968-06,False,True,4,3,True,True
e14bb000-250b-4f3d-aec6-e72d4f29d123_97-24,False,True,4,3,True,True
e14bb000-250b-4f3d-aec6-e72d4f29d123_977-37,False,True,4,2,True,True
e18a43a4-1e7b-4478-bc7f-16cb55a8ac16_875-97,False,False,4,0,False,True
e1b0b312-ce2d-41a0-be5a-70c807fcc5ef_2287-10,False,False,4,0,False,True
e1b0b312-ce2d-41a0-be5a-70c807fcc5ef_2428-09,False,True,4,2,True,True
e21a6f09-3df0-4bfb-a23b-47a1866aadf1_511-16,False,True,4,3,True,True
e21a6f09-3df0-4bfb-a23b-47a1866aadf1_526-23,False,True,4,3,True,True
e21a6f09-3df0-4bfb-a23b-47a1866aadf1_540-06,False,False,4,1,True,False
e2a1583d-7460-4d02-ac29-6968f16812c3_338-61,False,True,4,2,True,True
e2dd39cb-63e2-4ebb-b99a-ad7ff579b048_78-33,False,True,4,3,True,True
e2e46fb1-9014-426b-9bd4-ea0b995feb31_1007-32,False,True,4,4,False,True
e3283ef1-1659-4d5c-a09d-fd0f4df98aba_73-31,False,True,4,2,True,True
e339898f-5e79-4723-89d7-44ba33b163de_500-86,False,True,4,3,True,True
e3f37c38-bf24-481f-b1c6-8d472fab4290_1679-92,False,True,4,4,False,True
e3f37c38-bf24-481f-b1c6-8d472fab4290_3800-16,False,False,4,0,False,True
e3f37c38-bf24-481f-b1c6-8d472fab4290_5304-28,False,True,4,1,True,True
e402df54-0a64-424e-a7e6-3e68b18a761c_1045-12,False,False,4,0,False,True
e402df54-0a64-424e-a7e6-3e68b18a761c_1064-59,False,False,4,0,False,True
e402df54-0a64-424e-a7e6-3e68b18a761c_242-70,False,False,4,0,False,False
e402df54-0a64-424e-a7e6-3e68b18a761c_62-43,False,False,4,0,False,False
e54d654b-86ca-4219-bbf4-68575fffa098_2992-60,False,False,4,2,True,False
e55e4faf-dec5-40ee-b375-f0b049b9b280_285-98,False,False,4,1,True,False
e55e4faf-dec5-40ee-b375-f0b049b9b280_342-72,False,False,4,0,False,True
e579ef82-c68f-44dc-8b0f-7fe62e20974c_2509-16,False,True,4,4,False,True
e58207f1-84ec-424b-a997-ff64a57eb13b_1893-21,False,False,4,1,True,True
e58207f1-84ec-424b-a997-ff64a57eb13b_3524-37,False,False,4,3,True,False
e5d2cc2c-0a36-4bad-bf50-bc9347e99eca_1120-59,False,False,4,2,True,True
e5fea731-7b32-4857-a86b-587eda0ff334_979-09,True,False,4,1,True,False
e623faab-101a-41a6-83ac-8e22b4371aba_1053-43,False,True,4,4,False,True
e623faab-101a-41a6-83ac-8e22b4371aba_1141-39,False,True,4,4,False,True
e623faab-101a-41a6-83ac-8e22b4371aba_357-75,False,True,4,3,True,True
e65cdb37-b00c-44b1-909f-068022d804cb_868-94,False,True,4,3,True,True
e6958f57-5769-46f6-be27-b879059ff2a4_927-40,False,True,4,3,True,True
e6b7692d-5e35-4524-8d2a-385475b95806_1667-07,False,True,4,4,False,False
e6b7692d-5e35-4524-8d2a-385475b95806_3085-37,False,True,4,4,False,True
e6d852dd-2510-482f-ad25-3d731388ea44_0-00,False,False,4,0,False,True
e6d852dd-2510-482f-ad25-3d731388ea44_105-51,False,True,4,4,False,True
e6d852dd-2510-482f-ad25-3d731388ea44_141-52,False,True,4,4,False,True
e6e3919c-7c2e-491e-bde8-053715f0d851_1353-28,False,False,4,0,False,False
e6e3919c-7c2e-491e-bde8-053715f0d851_466-43,False,True,4,4,False,True
e6e3919c-7c2e-491e-bde8-053715f0d851_472-28,False,True,4,4,False,True
e6f1accd-e18d-43ec-b854-e7633b15cbf7_1189-37,False,False,4,0,False,True
e6f1accd-e18d-43ec-b854-e7633b15cbf7_1189-42,False,False,4,2,True,True
e6fdec5a-21e1-43e8-b662-9376538394d5_3510-00,False,True,4,3,True,True
e70f4b34-432f-47dc-834f-5bc6bd67dc62_166-47,False,True,4,1,True,True
e70f4b34-432f-47dc-834f-5bc6bd67dc62_676-86,False,False,4,0,False,True
e70f4b34-432f-47dc-834f-5bc6bd67dc62_78-75,False,False,4,0,False,True
e7752106-8e0c-47b5-a639-e701e659718c_740-06,False,True,4,4,False,True
e7eead9a-5f4e-47af-8f54-2dd3fd453a2d_49-96,False,False,4,0,False,False
e7eead9a-5f4e-47af-8f54-2dd3fd453a2d_55-37,False,False,4,0,False,False
e87752b1-35a5-4cd7-9b95-a4b28129f9f3_932-40,False,False,4,3,True,True
e8ed2917-9442-4237-b15e-cd0b6c839d38_167-12,False,False,4,0,False,True
e9343bd2-cd48-4abe-902a-3d3f6a0b51d8_1795-21,False,True,4,4,False,True
e9343bd2-cd48-4abe-902a-3d3f6a0b51d8_1810-91,False,False,4,3,True,True
e9350702-f77c-4112-9f57-3ed08bc4b98a_0-04,False,True,4,1,True,True
e93fdf27-c14c-4794-b4b7-20685b40156f_1304-45,False,True,4,2,True,True
e93fdf27-c14c-4794-b4b7-20685b40156f_1313-69,False,True,4,4,False,True
e95dbd21-3017-48f5-8f36-46531f053ab1_339-47,False,True,4,3,True,True
e95dbd21-3017-48f5-8f36-46531f053ab1_424-29,False,True,4,2,True,True
e95dbd21-3017-48f5-8f36-46531f053ab1_547-92,False,True,4,3,True,True
e95dbd21-3017-48f5-8f36-46531f053ab1_835-77,False,False,4,3,True,False
e9957d35-9c4d-44cc-b3b6-267dfa13841a_896-74,False,True,4,3,True,True
e99a32fa-19c9-41e6-be66-37869bd26583_542-40,False,True,4,3,True,False
e9e0f26d-3005-436a-a70f-7d99977808c8_1359-76,False,True,4,3,True,True
e9e0f26d-3005-436a-a70f-7d99977808c8_1362-45,False,False,4,0,False,True
e9e0f26d-3005-436a-a70f-7d99977808c8_1554-09,False,False,4,3,True,False
e9e0f26d-3005-436a-a70f-7d99977808c8_1690-81,False,True,4,3,True,True
e9ea573a-3972-48ea-b946-6cb069497bab_1785-52,False,False,4,2,True,True
ea1818bb-a882-4de4-9e31-993f4cb98aa1_1361-82,False,True,4,2,True,True
ea1818bb-a882-4de4-9e31-993f4cb98aa1_1362-76,False,True,4,1,True,True
ea1818bb-a882-4de4-9e31-993f4cb98aa1_622-65,False,True,4,3,True,True
ea417823-8ca0-417c-8901-114fa4f2d47f_254-62,False,False,4,0,False,False
ea417823-8ca0-417c-8901-114fa4f2d47f_258-70,False,False,4,0,False,False
ea5bb387-a22a-4b49-8aa5-35cbf0d3563d_205-22,False,False,4,0,False,True
ea5bb387-a22a-4b49-8aa5-35cbf0d3563d_32-89,False,True,4,1,True,True
eaa560d5-6432-4030-a03a-b6ba512e621d_61-64,False,False,4,3,True,True
eabf19d3-4e52-4aee-8f14-5118626a078f_778-52,False,True,4,4,False,True
eb20bebd-41e5-4a02-aa7e-73d3da5bc97e_1106-81,False,True,4,3,True,False
eb20bebd-41e5-4a02-aa7e-73d3da5bc97e_1223-78,False,True,4,3,True,True
eb20bebd-41e5-4a02-aa7e-73d3da5bc97e_1253-80,False,False,4,0,False,True
eb20bebd-41e5-4a02-aa7e-73d3da5bc97e_1624-37,False,True,4,3,True,False
eb20bebd-41e5-4a02-aa7e-73d3da5bc97e_275-45,False,False,4,2,True,True
eb20bebd-41e5-4a02-aa7e-73d3da5bc97e_389-33,False,False,4,3,True,True
eb20bebd-41e5-4a02-aa7e-73d3da5bc97e_68-58,False,True,4,4,False,True
eb20bebd-41e5-4a02-aa7e-73d3da5bc97e_70-42,False,True,4,2,True,True
eb2c9739-dba0-479c-81b7-9dda51c4ac20_1388-02,False,False,4,1,True,True
eb2c9739-dba0-479c-81b7-9dda51c4ac20_1465-40,False,False,4,3,True,True
eb2c9739-dba0-479c-81b7-9dda51c4ac20_148-23,False,True,4,4,False,True
eb2c9739-dba0-479c-81b7-9dda51c4ac20_1679-45,False,False,4,3,True,False
eb2c9739-dba0-479c-81b7-9dda51c4ac20_249-20,False,True,4,2,True,True
eb2c9739-dba0-479c-81b7-9dda51c4ac20_275-35,False,True,4,2,True,True
eb575f9b-6a52-45fb-98d8-5e9dbdd8dd63_703-22,False,True,4,4,False,True
eb5cb2b0-59e6-45da-af1b-ba86c7ab0b54_1263-17,False,False,4,1,True,False
eb5cb2b0-59e6-45da-af1b-ba86c7ab0b54_705-79,False,True,4,3,True,True
eb5cb2b0-59e6-45da-af1b-ba86c7ab0b54_824-48,False,False,4,0,False,False
eb5cb2b0-59e6-45da-af1b-ba86c7ab0b54_922-64,False,True,4,3,True,True
eb81442c-a322-49ea-b243-a39d2e288b9b_414-51,False,True,4,1,True,True
eb81442c-a322-49ea-b243-a39d2e288b9b_838-90,False,False,4,0,False,True
ec02ed27-b697-44b0-ae18-a9275205bfee_9-72,False,False,4,0,False,False
ec3556de-be79-4ad4-aa0f-eaca48abb5d5_547-69,False,False,4,1,True,True
ec75d692-c261-4df5-9939-b0edfaa309a5_1168-60,False,True,4,2,True,True
ec85a806-d47f-4555-8c4c-20f59927e580_1424-09,False,False,4,0,False,True
ec85a806-d47f-4555-8c4c-20f59927e580_1435-56,False,True,4,4,False,True
ec85a806-d47f-4555-8c4c-20f59927e580_3835-48,False,True,4,2,True,True
ec85a806-d47f-4555-8c4c-20f59927e580_909-71,False,False,4,0,False,False
ec86fee5-ee10-46c5-b835-07c8a8d9651e_362-34,False,False,4,1,True,True
ecdc4071-1903-4024-a357-d0082720168e_107-60,False,False,4,1,True,True
ecdc4071-1903-4024-a357-d0082720168e_115-49,False,False,4,1,True,True
ecdc4071-1903-4024-a357-d0082720168e_125-53,False,True,4,1,True,True
ecdc4071-1903-4024-a357-d0082720168e_295-94,False,False,4,3,True,True
ecdc4071-1903-4024-a357-d0082720168e_3-20,False,True,4,3,True,True
ecdc4071-1903-4024-a357-d0082720168e_44-12,False,True,4,1,True,True
ecdc4071-1903-4024-a357-d0082720168e_454-42,False,False,4,1,True,True
ed027cb2-5b92-4de2-ab58-69d42325ef15_1281-72,False,True,4,3,True,True
ed027cb2-5b92-4de2-ab58-69d42325ef15_266-43,False,True,4,4,False,True
ed027cb2-5b92-4de2-ab58-69d42325ef15_890-73,False,False,4,1,True,False
ed027cb2-5b92-4de2-ab58-69d42325ef15_965-69,False,False,4,1,True,True
ed31f134-b3f0-4f50-b8ae-d956b2f9ccfd_2025-02,False,False,4,2,True,True
ed792c47-5cb3-427c-a0e9-5dac33456e6a_1026-89,False,True,4,4,False,True
ed792c47-5cb3-427c-a0e9-5dac33456e6a_3277-79,False,False,4,2,True,False
ed792c47-5cb3-427c-a0e9-5dac33456e6a_3373-63,False,True,4,2,True,True
ed792c47-5cb3-427c-a0e9-5dac33456e6a_38-58,False,True,4,3,True,True
ed792c47-5cb3-427c-a0e9-5dac33456e6a_662-64,False,False,4,1,True,True
ed792c47-5cb3-427c-a0e9-5dac33456e6a_968-42,False,False,4,1,True,True
edaf03e3-3021-4140-8434-dc9e744ae492_178-18,False,False,4,0,False,True
edd0cb68-87be-4cfe-9f2d-b0b64ea8d3e2_2291-45,False,True,4,2,True,True
edd0cb68-87be-4cfe-9f2d-b0b64ea8d3e2_4865-28,False,True,4,1,True,True
ede3176b-2e12-4d2d-b9e2-40a2c4e93916_78-06,False,True,4,2,True,True
ee1eea29-aaad-41a4-b299-c72ed26c9da5_801-68,False,True,4,1,True,False
ee3c00d5-9759-43b3-9116-3375227aadfd_15-30,False,False,4,1,True,False
ee708878-5d10-4bf3-bd8a-6d72d5cceca6_570-90,False,True,4,4,False,True
eea4b231-055e-4c4e-8f95-8dd043601da6_1144-34,False,False,4,2,True,True
eefcde42-5ea1-4a85-9f34-72c3ceca50f6_817-78,False,True,4,2,True,True
ef641454-94d5-4fe4-bf21-710144143967_723-67,False,True,4,4,False,False
ef641454-94d5-4fe4-bf21-710144143967_760-02,False,True,4,2,True,True
f0041c6c-06b2-4c3b-b8e6-934305b4226e_3757-69,False,True,4,3,True,True
f0041c6c-06b2-4c3b-b8e6-934305b4226e_6185-52,False,True,4,2,True,True
f0041c6c-06b2-4c3b-b8e6-934305b4226e_6269-35,False,True,4,4,False,True
f00ec54c-9ed4-4a23-9cd7-f8728cb9d6c7_1080-52,False,False,4,2,True,True
f00ec54c-9ed4-4a23-9cd7-f8728cb9d6c7_1322-65,False,True,4,2,True,True
f0b8d19e-28c0-4d11-bb2d-5c6576eb7dcb_138-10,False,True,4,4,False,False
f0b8d19e-28c0-4d11-bb2d-5c6576eb7dcb_67-04,False,True,4,4,False,True
f1253f94-69c2-4f65-b8dc-e0f24c7677b4_1541-37,False,True,4,1,True,True
f17f0d96-4d93-4e4b-83c5-fddfbc581bb3_963-95,False,False,4,1,True,False
f1b5ae1e-742c-4802-9e61-ff8aae83e12e_459-05,False,False,4,1,True,True
f1f8d17c-3d2a-4a2a-9482-0a8e385e77ae_365-24,False,False,4,0,False,False
f2017e02-2e5b-419c-8216-5a256a925c68_269-97,False,False,4,0,False,False
f22115b5-b9be-4e30-8576-7c1fcecec480_12-52,False,False,4,0,False,True
f22115b5-b9be-4e30-8576-7c1fcecec480_21-27,False,False,4,2,True,True
f2420e55-e559-40e1-9c96-863c6be763fd_1649-73,False,True,4,4,False,True
f246429f-404e-4023-9b82-bfe6bf1e50cd_78-11,False,False,4,1,True,False
f26eb8a6-2ac4-4aa4-a500-1e738d8c8b13_1596-52,False,True,4,1,True,True
f330e671-6ad4-49d4-8d59-e2493119ac43_8211-68,False,True,4,3,True,True
f330e671-6ad4-49d4-8d59-e2493119ac43_9479-43,False,True,4,4,False,True
f374039b-7f08-4dc3-af64-4e9ff61db531_2262-81,False,False,4,0,False,True
f374039b-7f08-4dc3-af64-4e9ff61db531_425-13,False,True,4,4,False,True
f3c557d2-1170-4979-9a70-96d9b51fa987_228-25,False,False,4,0,False,True
f3c557d2-1170-4979-9a70-96d9b51fa987_265-90,False,False,4,1,True,True
f488287d-ea74-4836-9ea4-e137ac6c8233_333-32,False,False,4,0,False,False
f51552ce-3d91-448c-8770-9800a6b5aa50_1666-29,False,True,4,3,True,True
f543a47a-c081-481b-a415-cfe732ad74fe_1737-03,False,False,4,0,False,False
f576f1bf-5433-488b-8833-8320f087e72b_48-29,False,False,4,0,False,True
f5778003-9aea-4ca0-9398-69299ba0331c_124-11,False,False,4,1,True,True
f58900c3-5747-447c-9fa2-04c608e7f40a_18-05,False,False,4,2,True,False
f58900c3-5747-447c-9fa2-04c608e7f40a_18-07,False,True,4,2,True,True
f5ac654b-8f39-427b-856f-4a9a2d4a3020_9-20,False,True,4,1,True,True
f5accd2a-0799-4345-9e0d-eb8d87a677a4_1449-87,False,True,4,2,True,True
f5bdefb3-f57c-4270-bf31-7939ecd45c86_1289-58,False,True,4,2,True,True
f5bdefb3-f57c-4270-bf31-7939ecd45c86_1324-59,False,True,4,4,False,True
f5bdefb3-f57c-4270-bf31-7939ecd45c86_1815-24,False,False,4,1,True,True
f5bdefb3-f57c-4270-bf31-7939ecd45c86_2347-29,False,True,4,2,True,True
f5bdefb3-f57c-4270-bf31-7939ecd45c86_788-76,False,False,4,2,True,True
f62011c7-dd9b-4dd7-abbb-d4cb891c388e_1080-00,False,False,4,0,False,True
f668b2c9-d376-411b-96e5-7d7379fae824_107-18,False,True,4,2,True,True
f668b2c9-d376-411b-96e5-7d7379fae824_151-21,False,True,4,3,True,True
f6da4761-4774-4e05-bb2a-beca6db68f51_2233-75,False,True,4,3,True,True
f6da4761-4774-4e05-bb2a-beca6db68f51_4196-85,False,False,4,0,False,False
f7148e30-2ded-4d14-a8bb-f50813da26df_84-22,False,False,4,0,False,False
f77f437c-4e60-43ef-a5e1-ce3881409455_1543-97,False,True,4,2,True,True
f7d99eca-11d5-4d45-8d60-695c3cb2f07c_431-32,False,True,4,3,True,True
f8c9dee9-a82f-46e8-9cd5-9380e197ac25_28-43,False,True,4,4,False,True
f965d286-b521-402f-9a0e-c73b49e9806e_1758-84,False,True,4,1,True,True
f965d286-b521-402f-9a0e-c73b49e9806e_32-71,False,True,4,1,True,True
f9a49dfd-e6f1-4827-9903-73a562ab32cd_444-64,False,False,4,0,False,True
f9c337af-fdf9-4737-b4c2-c5f68cd18d6a_553-83,False,True,4,2,True,True
fa35a547-13b5-4355-873c-322c1860349a_1250-17,False,False,4,0,False,True
fa35a547-13b5-4355-873c-322c1860349a_128-66,False,False,4,1,True,False
fa35a547-13b5-4355-873c-322c1860349a_166-55,False,True,4,2,True,True
fa53388f-58ab-41a8-9f0d-55407cae3973_757-23,False,True,4,3,True,True
fab481c0-842c-4536-9126-9dc375464685_728-84,False,False,4,3,True,True
facdbd7a-da79-48bd-9bb0-c866f675699b_1484-63,False,True,4,2,True,True
fb8a0650-986c-4c08-9d97-ac432cca424e_70-34,False,True,4,4,False,True
fb92d350-9bf9-4b16-8a1f-7858de276226_1246-08,False,True,4,1,True,False
fb92d350-9bf9-4b16-8a1f-7858de276226_2190-65,False,True,4,1,True,False
fb92d350-9bf9-4b16-8a1f-7858de276226_2422-37,False,True,4,2,True,True
fb92d350-9bf9-4b16-8a1f-7858de276226_2423-62,False,True,4,1,True,False
fb92d350-9bf9-4b16-8a1f-7858de276226_2438-10,False,False,4,0,False,True
fb92d350-9bf9-4b16-8a1f-7858de276226_32-25,False,True,4,1,True,True
fb92d350-9bf9-4b16-8a1f-7858de276226_540-00,False,False,4,1,True,True
fb92d350-9bf9-4b16-8a1f-7858de276226_561-78,False,True,4,3,True,True
fb92d350-9bf9-4b16-8a1f-7858de276226_599-33,False,True,4,2,True,True
fb92d350-9bf9-4b16-8a1f-7858de276226_603-23,False,True,4,4,False,True
fb92d350-9bf9-4b16-8a1f-7858de276226_625-71,False,False,4,0,False,False
fb92d350-9bf9-4b16-8a1f-7858de276226_688-12,False,True,4,3,True,True
fb9fda68-f264-465d-9208-19876f5ef90f_63-03,False,True,4,1,True,True
fb9fda68-f264-465d-9208-19876f5ef90f_887-23,False,True,4,3,True,True
fbc425c4-def6-49a7-8b88-5d5d00b5524e_278-29,False,True,4,4,False,False
fc0450d5-00cd-4d55-9a8e-68628c38ddd2_87-11,False,True,4,2,True,True
fc201765-9b2e-4bb3-8ca0-84bd1732fd40_335-09,False,True,4,2,True,True
fcb62109-9f54-42d7-9ecd-7a60817868dc_663-41,False,False,4,3,True,False
fcc14fe4-35e1-4854-b368-4541ae7bcf58_1063-13,False,True,4,4,False,True
fd2ae8b4-b683-4c4b-935c-78b4dadbdbf8_2447-28,False,True,4,4,False,False
fd2ae8b4-b683-4c4b-935c-78b4dadbdbf8_2975-44,False,True,4,4,False,True
fd2ae8b4-b683-4c4b-935c-78b4dadbdbf8_3041-68,False,False,4,2,True,True
fd2ae8b4-b683-4c4b-935c-78b4dadbdbf8_3860-90,False,True,4,2,True,False
fd2ae8b4-b683-4c4b-935c-78b4dadbdbf8_4020-41,False,True,4,4,False,False
fd2ae8b4-b683-4c4b-935c-78b4dadbdbf8_4100-48,False,True,4,3,True,False
fd2ae8b4-b683-4c4b-935c-78b4dadbdbf8_4288-89,False,False,4,0,False,False
fd2ae8b4-b683-4c4b-935c-78b4dadbdbf8_565-30,False,True,4,2,True,False
fd2ae8b4-b683-4c4b-935c-78b4dadbdbf8_966-80,False,True,4,1,True,False
fdbe0fbc-90a3-41b9-8898-a0c7ce3f966c_672-30,False,True,4,3,True,True
fdbe0fbc-90a3-41b9-8898-a0c7ce3f966c_696-68,False,False,4,1,True,True
fdc39d01-44cb-431a-96a1-558ebf4c15ae_933-99,False,False,4,0,False,True
fdfa65a5-9d90-4d27-8667-cd2c511614e3_513-55,False,True,4,4,False,True
fdfa65a5-9d90-4d27-8667-cd2c511614e3_70-13,False,True,4,4,False,True
fe0b10e2-7fbb-4abc-ab5f-87ffaef34b3f_111-04,False,False,4,0,False,True
fe0d5ffc-686e-4846-bce0-1a18e513bf95_2543-03,False,False,4,1,True,True
fe0d5ffc-686e-4846-bce0-1a18e513bf95_483-81,False,False,4,1,True,True
fe231042-6163-48cc-a1c4-1d1163b0a440_494-51,False,False,4,0,False,True
fe827643-62c3-4cb9-b009-7ed43731c9bd_0-00,False,False,4,0,False,False
fe827643-62c3-4cb9-b009-7ed43731c9bd_273-13,False,False,4,2,True,False
fec2a5e2-615f-46b3-a320-b8741c2b6365_562-48,False,True,4,2,True,True
fec31c20-1910-4ab1-afc5-6aa3057a45f5_381-77,False,True,4,4,False,True
fec31c20-1910-4ab1-afc5-6aa3057a45f5_810-30,False,True,4,3,True,True
fec31c20-1910-4ab1-afc5-6aa3057a45f5_825-86,False,True,4,3,True,True
ff15140a-4747-4c45-b95f-ff2bd36ef178_1065-69,False,False,4,1,True,True
ff425cc6-7577-444b-b6f7-e250c22a1ed5_831-75,False,True,4,2,True,True
ffa4f27f-4e66-4b8c-ba6a-9a94f3491eb6_1093-00,False,True,4,3,True,True
fffbaeef-577f-45f0-baa9-f10cabf62dfb_278-37,False,True,4,3,True,True
